# Blender 4.4.1
# www.blender.org
mtllib locomotive_tu6a.mtl
o details
v -1.144618 0.408575 4.482330
v -1.144618 1.070654 4.482330
v -1.144618 1.070654 4.536531
v 1.145557 0.408575 4.482329
v 1.145557 1.070654 4.482329
v 1.145557 1.070654 4.536530
v -0.381696 1.070652 4.536530
v 0.381696 1.070652 4.536530
v -0.381696 0.408575 4.482330
v 0.381696 0.408575 4.482330
v 0.381696 1.070654 4.482330
v -0.381696 1.070654 4.482330
v -1.144618 0.612979 4.482330
v -1.144618 0.408575 4.536531
v 1.145557 0.408575 4.536530
v 1.145557 0.612979 4.482329
v 0.381696 0.612979 4.482330
v -0.381696 0.612979 4.482330
v -0.381696 0.408575 4.536530
v 0.381696 0.408575 4.536530
v -1.143764 0.670115 4.485578
v -1.143764 0.418426 4.485578
v -1.143764 0.670115 3.932290
v -1.143764 0.418426 3.932290
v 1.144703 0.670115 4.485577
v 1.144703 0.418426 4.485577
v 1.144702 0.670115 3.932289
v 1.144702 0.418426 3.932289
v -0.638774 0.682766 4.485577
v -0.638774 1.063816 4.485577
v -0.638774 0.682766 3.932290
v -0.638774 1.063816 3.932290
v 0.639713 0.682766 4.485577
v 0.639713 1.063816 4.485577
v 0.639713 0.682766 3.932289
v 0.639713 1.063816 3.932289
v -0.909256 0.625259 4.485578
v -0.909256 0.868070 4.485578
v -0.909256 0.625259 3.932290
v -0.909256 0.868070 3.932290
v 0.910195 0.625259 4.485576
v 0.910195 0.868070 4.485576
v 0.910195 0.625259 3.932289
v 0.910195 0.868070 3.932289
v -1.144618 0.612979 4.536531
v 1.145557 0.612979 4.536530
v -0.381696 0.612979 4.536530
v 0.381696 0.612979 4.536530
v 0.501237 2.088702 4.494937
v 0.513651 2.088702 4.489666
v 0.526064 2.088702 4.494937
v 0.531206 2.088702 4.507662
v 0.526064 2.088702 4.520387
v 0.513651 2.088702 4.525658
v 0.501237 2.088702 4.520387
v 0.496095 2.088702 4.507662
v 0.501237 1.070652 4.494937
v 0.513651 1.070652 4.489666
v 0.526064 1.070652 4.494937
v 0.531206 1.070652 4.507662
v 0.526064 1.070652 4.520387
v 0.513651 1.070652 4.525658
v 0.501237 1.070652 4.520387
v 0.496095 1.070652 4.507662
v -0.501237 1.070652 4.494937
v -0.513651 1.070652 4.489666
v -0.526064 1.070652 4.494937
v -0.531206 1.070652 4.507663
v -0.526064 1.070652 4.520388
v -0.513651 1.070652 4.525659
v -0.501237 1.070652 4.520388
v -0.496095 1.070652 4.507663
v -0.501237 2.088702 4.494937
v -0.513651 2.088702 4.489666
v -0.526064 2.088702 4.494937
v -0.531206 2.088702 4.507663
v -0.526064 2.088702 4.520388
v -0.513651 2.088702 4.525659
v -0.501237 2.088702 4.520388
v -0.496095 2.088702 4.507663
v -0.513651 1.573716 4.492078
v -0.513651 1.591712 4.492078
v -0.513651 1.600710 4.507663
v -0.513651 1.591712 4.523248
v -0.513651 1.573716 4.523248
v -0.513651 1.564718 4.507663
v 0.513651 1.573716 4.492077
v 0.513651 1.591712 4.492077
v 0.513651 1.600710 4.507662
v 0.513651 1.591712 4.523247
v 0.513651 1.573716 4.523247
v 0.513651 1.564718 4.507662
v -1.096106 1.070652 4.486667
v -1.116589 1.070652 4.477970
v -1.137071 1.070652 4.486667
v -1.145555 1.070652 4.507663
v -1.137071 1.070652 4.528660
v -1.116589 1.070652 4.537357
v -1.096106 1.070652 4.528660
v -1.087622 1.070652 4.507663
v -1.097368 1.495240 4.486667
v -1.116589 1.502496 4.477970
v -1.135809 1.509752 4.486667
v -1.143770 1.512758 4.507663
v -1.135809 1.509752 4.528660
v -1.116589 1.502496 4.537357
v -1.097368 1.495240 4.528660
v -1.089407 1.492235 4.507663
v -0.620717 2.069639 4.486667
v -0.629302 2.088702 4.477970
v -0.637888 2.107764 4.486667
v -0.641444 2.115660 4.507663
v -0.637888 2.107764 4.528659
v -0.629302 2.088702 4.537356
v -0.620717 2.069639 4.528659
v -0.617160 2.061743 4.507663
v 0.621633 2.069639 4.486665
v 0.630219 2.088702 4.477968
v 0.638804 2.107764 4.486665
v 0.642361 2.115660 4.507662
v 0.638804 2.107764 4.528658
v 0.630219 2.088702 4.537355
v 0.621633 2.069639 4.528658
v 0.618077 2.061743 4.507662
v 1.098284 1.495240 4.486665
v 1.117505 1.502496 4.477968
v 1.136725 1.509752 4.486665
v 1.144687 1.512758 4.507662
v 1.136725 1.509752 4.528658
v 1.117505 1.502496 4.537355
v 1.098285 1.495240 4.528658
v 1.090323 1.492235 4.507662
v 1.097023 1.070652 4.486665
v 1.117505 1.070652 4.477968
v 1.137987 1.070652 4.486665
v 1.146471 1.070652 4.507662
v 1.137987 1.070652 4.528658
v 1.117505 1.070652 4.537355
v 1.097023 1.070652 4.528658
v 1.088539 1.070652 4.507662
v -1.144618 0.408575 3.896260
v -1.144618 1.070654 3.896260
v -1.144618 1.070654 3.932713
v 1.145557 0.408575 3.896260
v 1.145557 1.070654 3.896260
v 1.145557 1.070654 3.932713
v -0.381696 1.070652 3.932713
v 0.381696 1.070652 3.932713
v -0.381696 0.408575 3.896260
v 0.381696 0.408575 3.896260
v 0.381696 1.070654 3.896260
v -0.381696 1.070654 3.896260
v -1.144618 0.612979 3.896261
v -1.144618 0.408575 3.932713
v 1.145557 0.408575 3.932713
v 1.145557 0.612979 3.896260
v 0.381696 0.612979 3.896260
v -0.381696 0.612979 3.896260
v -0.381696 0.408575 3.932713
v 0.381696 0.408575 3.932713
v -1.144618 0.612979 3.932713
v 1.145557 0.612979 3.932713
v -0.381696 0.612979 3.932713
v 0.381696 0.612979 3.932713
v -0.521885 0.115054 -3.873162
v -0.823366 0.441585 -3.873162
v -0.521885 0.115054 -3.899323
v -0.823366 0.441585 -3.899323
v 0.521885 0.115054 -3.873162
v 0.823367 0.441585 -3.873161
v 0.521885 0.115054 -3.899323
v 0.823367 0.441585 -3.899323
v 1.162401 0.408575 -3.294426
v 1.162401 1.043900 -3.294426
v 1.162401 1.043900 -3.314060
v -1.163348 0.408575 -3.294426
v -1.163348 1.070654 -3.294426
v -1.163348 1.070654 -3.314059
v 0.387628 1.043898 -3.314059
v -0.387621 1.070652 -3.314059
v 0.387628 0.408575 -3.294425
v -0.387621 0.408575 -3.294426
v -0.387621 1.070654 -3.294425
v 0.387628 1.043900 -3.294425
v 1.162401 0.612979 -3.294426
v 1.162401 0.408575 -3.314060
v -1.163348 0.408575 -3.314059
v -1.163348 0.612979 -3.294426
v -0.387621 0.612979 -3.294426
v 0.387628 0.612979 -3.294425
v 0.387628 0.408575 -3.314059
v -0.387621 0.408575 -3.314059
v 1.143764 0.670115 -3.862389
v 1.143764 0.418426 -3.862389
v 1.143764 0.670115 -3.309102
v 1.143764 0.418426 -3.309102
v -1.144703 0.670115 -3.862389
v -1.144703 0.418426 -3.862389
v -1.144702 0.670115 -3.309101
v -1.144702 0.418426 -3.309101
v 0.638774 0.682766 -3.862389
v 0.638774 1.063816 -3.862389
v 0.638774 0.682766 -3.309101
v 0.638774 1.063816 -3.309101
v -0.639713 0.682766 -3.862389
v -0.639713 1.063816 -3.862389
v -0.639713 0.682766 -3.309101
v -0.639713 1.063816 -3.309101
v 0.909256 0.625259 -3.862389
v 0.909256 0.868070 -3.862389
v 0.909256 0.625259 -3.309102
v 0.909256 0.868070 -3.309102
v -0.910195 0.625259 -3.862389
v -0.910195 0.868070 -3.862389
v -0.910195 0.625259 -3.309101
v -0.910195 0.868070 -3.309101
v 1.162401 0.612979 -3.314060
v -1.163348 0.612979 -3.314059
v 0.387628 0.612979 -3.314059
v -0.387621 0.612979 -3.314059
v -0.501237 2.088701 -3.871749
v -0.513651 2.088701 -3.866478
v -0.526064 2.088701 -3.871749
v -0.531206 2.088701 -3.884474
v -0.526064 2.088701 -3.897199
v -0.513651 2.088701 -3.902470
v -0.501237 2.088701 -3.897199
v -0.496095 2.088701 -3.884474
v -0.501237 1.070652 -3.871749
v -0.513651 1.070652 -3.866478
v -0.526064 1.070652 -3.871749
v -0.531206 1.070652 -3.884474
v -0.526064 1.070652 -3.897199
v -0.513651 1.070652 -3.902470
v -0.501237 1.070652 -3.897199
v -0.496095 1.070652 -3.884474
v 0.501237 1.070652 -3.871749
v 0.513651 1.070652 -3.866478
v 0.526064 1.070652 -3.871749
v 0.531206 1.070652 -3.884474
v 0.526064 1.070652 -3.897199
v 0.513651 1.070652 -3.902470
v 0.501237 1.070652 -3.897199
v 0.496095 1.070652 -3.884474
v 0.501237 2.088701 -3.871749
v 0.513651 2.088701 -3.866478
v 0.526064 2.088701 -3.871749
v 0.531206 2.088701 -3.884474
v 0.526064 2.088701 -3.897199
v 0.513651 2.088701 -3.902470
v 0.501237 2.088701 -3.897199
v 0.496095 2.088701 -3.884474
v 0.513651 1.573716 -3.868889
v 0.513651 1.591712 -3.868889
v 0.513651 1.600710 -3.884474
v 0.513651 1.591712 -3.900059
v 0.513651 1.573716 -3.900059
v 0.513651 1.564718 -3.884474
v -0.513651 1.573716 -3.868889
v -0.513651 1.591712 -3.868889
v -0.513651 1.600710 -3.884474
v -0.513651 1.591712 -3.900059
v -0.513651 1.573716 -3.900059
v -0.513651 1.564718 -3.884474
v 1.096106 1.070652 -3.863478
v 1.116589 1.070652 -3.854780
v 1.137071 1.070652 -3.863478
v 1.145555 1.070652 -3.884474
v 1.137071 1.070652 -3.905471
v 1.116589 1.070652 -3.914167
v 1.096106 1.070652 -3.905471
v 1.087622 1.070652 -3.884474
v 1.097368 1.495240 -3.863478
v 1.116589 1.502496 -3.854780
v 1.135809 1.509752 -3.863478
v 1.143770 1.512758 -3.884474
v 1.135809 1.509752 -3.905471
v 1.116589 1.502496 -3.914167
v 1.097368 1.495240 -3.905471
v 1.089407 1.492234 -3.884474
v 0.620717 2.069639 -3.863478
v 0.629302 2.088701 -3.854780
v 0.637888 2.107764 -3.863478
v 0.641444 2.115660 -3.884474
v 0.637888 2.107764 -3.905471
v 0.629302 2.088701 -3.914167
v 0.620717 2.069639 -3.905471
v 0.617160 2.061743 -3.884474
v -0.621633 2.069639 -3.863478
v -0.630219 2.088701 -3.854780
v -0.638804 2.107764 -3.863478
v -0.642361 2.115660 -3.884474
v -0.638804 2.107764 -3.905471
v -0.630219 2.088701 -3.914167
v -0.621633 2.069639 -3.905471
v -0.618077 2.061743 -3.884474
v -1.098284 1.495240 -3.863478
v -1.117505 1.502496 -3.854780
v -1.136725 1.509752 -3.863478
v -1.144686 1.512758 -3.884474
v -1.136725 1.509752 -3.905471
v -1.117505 1.502496 -3.914167
v -1.098284 1.495240 -3.905471
v -1.090323 1.492234 -3.884474
v -1.097022 1.070652 -3.863478
v -1.117505 1.070652 -3.854780
v -1.137987 1.070652 -3.863478
v -1.146471 1.070652 -3.884474
v -1.137987 1.070652 -3.905471
v -1.117505 1.070652 -3.914167
v -1.097022 1.070652 -3.905471
v -1.088539 1.070652 -3.884474
v -1.144618 0.408575 -3.907545
v -1.144618 1.070654 -3.907545
v -1.144618 1.070654 -3.853344
v 1.145557 0.408575 -3.907545
v 1.145557 1.070654 -3.907545
v 1.145557 1.070654 -3.853344
v -0.381696 1.070652 -3.853344
v 0.381696 1.070652 -3.853344
v -0.381696 0.408575 -3.907545
v 0.381696 0.408575 -3.907545
v 0.381696 1.070654 -3.907545
v -0.381696 1.070654 -3.907545
v -1.144618 0.612979 -3.907545
v -1.144618 0.408575 -3.853344
v 1.145557 0.408575 -3.853344
v 1.145557 0.612979 -3.907545
v 0.381696 0.612979 -3.907545
v -0.381696 0.612979 -3.907545
v -0.381696 0.408575 -3.853344
v 0.381696 0.408575 -3.853344
v -1.144618 0.612979 -3.853344
v 1.145557 0.612979 -3.853344
v -0.381696 0.612979 -3.853344
v 0.381696 0.612979 -3.853344
v 0.236080 2.669053 1.874337
v 0.205048 2.717580 1.874337
v 0.236080 2.669053 -0.007738
v 0.205048 2.717580 -0.007738
v -0.000470 2.669053 -0.007738
v -0.000470 2.808813 -0.007738
v -0.000470 2.669053 1.874337
v -0.000470 2.808813 1.874337
v 0.050909 2.804324 -0.007738
v 0.102289 2.793918 -0.007738
v 0.153669 2.767851 -0.007738
v 0.050909 2.669053 1.874337
v 0.102289 2.669053 1.874337
v 0.153669 2.669053 1.874337
v 0.153669 2.669053 -0.007738
v 0.102289 2.669053 -0.007738
v 0.050909 2.669053 -0.007738
v 0.153669 2.767851 1.874337
v 0.102289 2.793918 1.874337
v 0.050909 2.804323 1.874337
v -0.237021 2.669053 1.874337
v -0.205989 2.717580 1.874337
v -0.237021 2.669053 -0.007738
v -0.205989 2.717580 -0.007738
v -0.051850 2.804324 -0.007738
v -0.103230 2.793918 -0.007738
v -0.154610 2.767851 -0.007738
v -0.051850 2.669053 1.874337
v -0.103230 2.669053 1.874337
v -0.154610 2.669053 1.874337
v -0.154610 2.669053 -0.007738
v -0.103230 2.669053 -0.007738
v -0.051850 2.669053 -0.007738
v -0.154610 2.767851 1.874337
v -0.103230 2.793918 1.874337
v -0.051850 2.804323 1.874337
v 0.086283 2.748354 1.868418
v -0.000470 2.748354 1.514106
v -0.000470 3.373792 1.601615
v -0.000470 2.748354 1.868418
v -0.000470 3.373792 1.868418
v 0.086283 3.324780 1.868418
v 0.037270 3.373792 1.868418
v 0.071928 3.359437 1.868418
v 0.037270 2.748354 1.514106
v 0.086283 2.748354 1.563596
v 0.071928 2.748354 1.528601
v 0.086283 3.324779 1.644248
v 0.037270 3.373792 1.601615
v 0.071928 3.359437 1.614102
v -0.087224 2.748354 1.868418
v -0.087224 3.324779 1.868418
v -0.038211 3.373792 1.868418
v -0.072869 3.359437 1.868418
v -0.038211 2.748354 1.514106
v -0.087224 2.748354 1.563596
v -0.072869 2.748354 1.528601
v -0.087224 3.324779 1.644248
v -0.038211 3.373792 1.601615
v -0.072869 3.359437 1.614102
v -0.000470 3.258731 1.648424
v -0.000470 3.432236 1.648424
v 0.027215 3.258731 1.653306
v 0.027215 3.432236 1.653306
v 0.051561 3.258731 1.667362
v 0.051561 3.432236 1.667362
v 0.069632 3.258731 1.688898
v 0.069632 3.432236 1.688898
v 0.079247 3.258731 1.715315
v 0.079247 3.432236 1.715315
v 0.079247 3.258731 1.743428
v 0.079247 3.432236 1.743428
v 0.069632 3.258731 1.769845
v 0.069632 3.432236 1.769845
v 0.051561 3.258731 1.791380
v 0.051561 3.432236 1.791380
v 0.027215 3.258731 1.805437
v 0.027215 3.432236 1.805437
v -0.000470 3.258731 1.810318
v -0.000470 3.432236 1.810318
v -0.028156 3.258731 1.805437
v -0.028156 3.432236 1.805437
v -0.052502 3.258731 1.791380
v -0.052502 3.432236 1.791380
v -0.070573 3.258731 1.769845
v -0.070573 3.432236 1.769845
v -0.080188 3.258731 1.743428
v -0.080188 3.432236 1.743428
v -0.080188 3.258731 1.715315
v -0.080188 3.432236 1.715315
v -0.070573 3.258731 1.688898
v -0.070573 3.432236 1.688898
v -0.052502 3.258731 1.667362
v -0.052502 3.432236 1.667362
v -0.028156 3.258731 1.653306
v -0.028156 3.432236 1.653306
v -0.682229 3.437105 2.520202
v -0.682229 3.437105 2.479393
v -0.712160 3.441408 2.520202
v -0.712160 3.441408 2.479393
v -0.739666 3.453970 2.520202
v -0.739666 3.453970 2.479393
v -0.762519 3.473773 2.520202
v -0.762519 3.473773 2.479393
v -0.778868 3.499211 2.520202
v -0.778868 3.499211 2.479393
v -0.787387 3.528225 2.520202
v -0.787387 3.528225 2.479393
v -0.787387 3.558464 2.520202
v -0.787387 3.558464 2.479393
v -0.778868 3.587478 2.520202
v -0.778868 3.587478 2.479393
v -0.762519 3.612917 2.520202
v -0.762519 3.612917 2.479393
v -0.739666 3.632719 2.520202
v -0.739666 3.632719 2.479393
v -0.712160 3.645281 2.520202
v -0.712160 3.645281 2.479393
v -0.682229 3.649585 2.520202
v -0.682229 3.649585 2.479393
v -0.652297 3.645281 2.520202
v -0.652297 3.645281 2.479393
v -0.624791 3.632719 2.520202
v -0.624791 3.632719 2.479393
v -0.601938 3.612917 2.520202
v -0.601938 3.612917 2.479393
v -0.585589 3.587478 2.520202
v -0.585589 3.587478 2.479393
v -0.577070 3.558464 2.520202
v -0.577070 3.558464 2.479393
v -0.577070 3.528225 2.520202
v -0.577070 3.528225 2.479393
v -0.585589 3.499211 2.520202
v -0.585589 3.499211 2.479393
v -0.601938 3.473773 2.520202
v -0.601938 3.473773 2.479393
v -0.624791 3.453970 2.520202
v -0.624791 3.453970 2.479393
v -0.652297 3.441408 2.520202
v -0.652297 3.441408 2.479393
v -0.696398 3.495087 2.420521
v -0.682229 3.493050 2.420521
v -0.709420 3.501034 2.420521
v -0.720239 3.510409 2.420521
v -0.727978 3.522451 2.420521
v -0.732012 3.536187 2.420521
v -0.732012 3.550503 2.420521
v -0.727978 3.564238 2.420521
v -0.720239 3.576281 2.420521
v -0.709420 3.585656 2.420521
v -0.696398 3.591603 2.420521
v -0.682229 3.593640 2.420521
v -0.668059 3.591603 2.420521
v -0.655037 3.585656 2.420521
v -0.644218 3.576281 2.420521
v -0.636479 3.564238 2.420521
v -0.632445 3.550503 2.420521
v -0.632445 3.536187 2.420521
v -0.636479 3.522451 2.420521
v -0.644218 3.510409 2.420521
v -0.655037 3.501034 2.420521
v -0.668059 3.495087 2.420521
v -0.696398 3.495087 2.205437
v -0.682229 3.493050 2.205437
v -0.709420 3.501034 2.205437
v -0.720239 3.510409 2.205437
v -0.727979 3.522451 2.205437
v -0.732012 3.536187 2.205437
v -0.732012 3.550503 2.205437
v -0.727979 3.564238 2.205437
v -0.720239 3.576281 2.205437
v -0.709420 3.585656 2.205437
v -0.696398 3.591603 2.205437
v -0.682229 3.593640 2.205437
v -0.668059 3.591603 2.205437
v -0.655037 3.585656 2.205437
v -0.644218 3.576281 2.205437
v -0.636479 3.564238 2.205437
v -0.632445 3.550503 2.205437
v -0.632445 3.536187 2.205437
v -0.636479 3.522451 2.205437
v -0.644218 3.510409 2.205437
v -0.655037 3.501034 2.205437
v -0.668059 3.495087 2.205437
v -0.682229 3.453709 2.500629
v -0.707482 3.457340 2.500629
v -0.730689 3.467938 2.500629
v -0.749971 3.484646 2.500629
v -0.763764 3.506109 2.500629
v -0.770952 3.530588 2.500629
v -0.770952 3.556101 2.500629
v -0.763764 3.580581 2.500629
v -0.749971 3.602044 2.500629
v -0.730689 3.618751 2.500629
v -0.707482 3.629350 2.500629
v -0.682229 3.632981 2.500629
v -0.656975 3.629350 2.500629
v -0.633768 3.618751 2.500629
v -0.614486 3.602044 2.500629
v -0.600693 3.580581 2.500629
v -0.593505 3.556101 2.500629
v -0.593505 3.530588 2.500629
v -0.600693 3.506109 2.500629
v -0.614486 3.484646 2.500629
v -0.633768 3.467938 2.500629
v -0.656975 3.457340 2.500629
v -0.682229 3.492465 2.474829
v -0.696563 3.494526 2.474829
v -0.709736 3.500542 2.474829
v -0.720681 3.510026 2.474829
v -0.728510 3.522209 2.474829
v -0.732590 3.536104 2.474829
v -0.732590 3.550586 2.474829
v -0.728510 3.564481 2.474829
v -0.720681 3.576664 2.474829
v -0.709736 3.586148 2.474829
v -0.696563 3.592164 2.474829
v -0.682229 3.594224 2.474829
v -0.667894 3.592164 2.474829
v -0.654721 3.586148 2.474829
v -0.643776 3.576664 2.474829
v -0.635947 3.564481 2.474829
v -0.631867 3.550586 2.474829
v -0.631867 3.536104 2.474829
v -0.635947 3.522209 2.474829
v -0.643776 3.510026 2.474829
v -0.654721 3.500542 2.474829
v -0.667894 3.494526 2.474829
v -0.700033 3.508016 2.387612
v -0.700033 3.356335 2.387612
v -0.700033 3.508016 2.352003
v -0.700033 3.356335 2.352003
v -0.664424 3.508016 2.387612
v -0.664424 3.356335 2.387612
v -0.664424 3.508016 2.352003
v -0.664424 3.356335 2.352003
v -0.682229 3.437105 1.890672
v -0.682229 3.437105 1.931482
v -0.712160 3.441408 1.890672
v -0.712160 3.441408 1.931482
v -0.739666 3.453970 1.890672
v -0.739666 3.453970 1.931482
v -0.762519 3.473773 1.890672
v -0.762519 3.473773 1.931482
v -0.778868 3.499211 1.890672
v -0.778868 3.499211 1.931482
v -0.787387 3.528225 1.890672
v -0.787387 3.528225 1.931482
v -0.787387 3.558464 1.890672
v -0.787387 3.558464 1.931482
v -0.778868 3.587478 1.890672
v -0.778868 3.587478 1.931482
v -0.762519 3.612917 1.890672
v -0.762519 3.612917 1.931482
v -0.739666 3.632720 1.890672
v -0.739666 3.632719 1.931482
v -0.712160 3.645281 1.890672
v -0.712160 3.645281 1.931482
v -0.682229 3.649585 1.890672
v -0.682229 3.649585 1.931481
v -0.652297 3.645281 1.890672
v -0.652297 3.645281 1.931481
v -0.624791 3.632720 1.890672
v -0.624791 3.632719 1.931481
v -0.601938 3.612917 1.890672
v -0.601938 3.612917 1.931481
v -0.585589 3.587478 1.890672
v -0.585589 3.587478 1.931481
v -0.577070 3.558464 1.890672
v -0.577070 3.558464 1.931481
v -0.577070 3.528225 1.890672
v -0.577070 3.528225 1.931481
v -0.585589 3.499211 1.890672
v -0.585589 3.499211 1.931481
v -0.601938 3.473773 1.890672
v -0.601938 3.473773 1.931481
v -0.624791 3.453970 1.890672
v -0.624791 3.453970 1.931481
v -0.652297 3.441408 1.890672
v -0.652297 3.441408 1.931481
v -0.696398 3.495087 1.990354
v -0.682229 3.493050 1.990354
v -0.709420 3.501034 1.990354
v -0.720239 3.510409 1.990354
v -0.727979 3.522451 1.990354
v -0.732012 3.536187 1.990354
v -0.732012 3.550503 1.990354
v -0.727979 3.564238 1.990354
v -0.720239 3.576281 1.990354
v -0.709420 3.585656 1.990354
v -0.696398 3.591603 1.990354
v -0.682229 3.593640 1.990354
v -0.668059 3.591603 1.990353
v -0.655037 3.585656 1.990353
v -0.644218 3.576281 1.990353
v -0.636479 3.564238 1.990353
v -0.632445 3.550503 1.990353
v -0.632445 3.536187 1.990353
v -0.636479 3.522451 1.990353
v -0.644218 3.510409 1.990353
v -0.655037 3.501034 1.990353
v -0.668059 3.495087 1.990354
v -0.682229 3.453709 1.910245
v -0.707482 3.457340 1.910245
v -0.730689 3.467938 1.910245
v -0.749971 3.484646 1.910245
v -0.763764 3.506109 1.910245
v -0.770952 3.530588 1.910245
v -0.770952 3.556101 1.910245
v -0.763764 3.580581 1.910245
v -0.749971 3.602044 1.910245
v -0.730689 3.618751 1.910245
v -0.707482 3.629350 1.910245
v -0.682229 3.632981 1.910245
v -0.656975 3.629350 1.910245
v -0.633768 3.618751 1.910245
v -0.614486 3.602044 1.910245
v -0.600693 3.580581 1.910245
v -0.593505 3.556101 1.910245
v -0.593505 3.530588 1.910245
v -0.600693 3.506109 1.910245
v -0.614486 3.484646 1.910245
v -0.633768 3.467938 1.910245
v -0.656975 3.457340 1.910245
v -0.682229 3.492465 1.936045
v -0.696563 3.494526 1.936045
v -0.709736 3.500542 1.936045
v -0.720681 3.510026 1.936045
v -0.728510 3.522209 1.936045
v -0.732590 3.536104 1.936045
v -0.732590 3.550586 1.936045
v -0.728510 3.564481 1.936045
v -0.720681 3.576664 1.936045
v -0.709736 3.586148 1.936045
v -0.696563 3.592164 1.936045
v -0.682229 3.594225 1.936045
v -0.667894 3.592164 1.936045
v -0.654721 3.586148 1.936045
v -0.643776 3.576664 1.936045
v -0.635947 3.564481 1.936045
v -0.631867 3.550586 1.936045
v -0.631867 3.536104 1.936045
v -0.635947 3.522209 1.936045
v -0.643776 3.510026 1.936045
v -0.654721 3.500542 1.936045
v -0.667894 3.494526 1.936045
v -0.700033 3.508016 2.023263
v -0.700033 3.356335 2.023263
v -0.700033 3.508016 2.058871
v -0.700033 3.356335 2.058871
v -0.664424 3.508016 2.023263
v -0.664424 3.356335 2.023263
v -0.664424 3.508016 2.058871
v -0.664424 3.356335 2.058871
v -0.000458 2.069639 -3.863478
v -0.000458 2.061743 -3.884474
v -0.000458 2.088701 -3.854780
v -0.000458 2.107764 -3.863478
v -0.000458 2.115660 -3.884474
v -0.000458 2.107764 -3.905471
v -0.000458 2.088701 -3.914167
v -0.000458 2.069639 -3.905471
v 0.000000 0.889342 -4.252660
v 0.000000 0.889342 -4.224382
v 0.069043 0.875728 -4.252660
v 0.069043 0.875728 -4.224382
v 0.127575 0.836956 -4.252660
v 0.127575 0.836956 -4.224382
v 0.166685 0.778931 -4.252660
v 0.166685 0.778931 -4.224382
v 0.180418 0.710485 -4.252660
v 0.180418 0.710485 -4.224382
v 0.166685 0.642039 -4.252660
v 0.166685 0.642039 -4.224382
v 0.127575 0.584014 -4.252660
v 0.127575 0.584014 -4.224382
v 0.069043 0.545242 -4.252660
v 0.069043 0.545242 -4.224382
v 0.000000 0.531627 -4.252660
v 0.000000 0.531627 -4.224382
v -0.069043 0.545242 -4.252660
v -0.069043 0.545242 -4.224382
v -0.127575 0.584014 -4.252660
v -0.127575 0.584014 -4.224382
v -0.166685 0.642039 -4.252660
v -0.166685 0.642039 -4.224382
v -0.180418 0.710485 -4.252660
v -0.180418 0.710485 -4.224382
v -0.166685 0.778931 -4.252660
v -0.166685 0.778931 -4.224382
v -0.127575 0.836956 -4.252660
v -0.127575 0.836956 -4.224382
v -0.069043 0.875728 -4.252660
v -0.069043 0.875728 -4.224382
v 0.000000 0.768213 -4.273421
v 0.022284 0.763819 -4.273421
v 0.041176 0.751305 -4.273421
v 0.053799 0.732577 -4.273421
v 0.058232 0.710485 -4.273421
v 0.053799 0.688393 -4.273421
v 0.041176 0.669665 -4.273421
v 0.022284 0.657151 -4.273421
v 0.000000 0.652757 -4.273421
v -0.022284 0.657151 -4.273421
v -0.041176 0.669665 -4.273421
v -0.053799 0.688393 -4.273421
v -0.058232 0.710485 -4.273421
v -0.053799 0.732577 -4.273421
v -0.041176 0.751305 -4.273421
v -0.022284 0.763819 -4.273421
v 0.008398 0.730584 -4.224381
v 0.000000 0.732240 -4.224381
v 0.015518 0.725868 -4.224381
v 0.020275 0.718810 -4.224381
v 0.021945 0.710485 -4.224381
v 0.020275 0.702160 -4.224381
v 0.015518 0.695102 -4.224381
v 0.008398 0.690386 -4.224381
v 0.000000 0.688730 -4.224381
v -0.008398 0.690386 -4.224381
v -0.015517 0.695102 -4.224381
v -0.020275 0.702160 -4.224381
v -0.021945 0.710485 -4.224381
v -0.020275 0.718810 -4.224381
v -0.015517 0.725868 -4.224381
v -0.008398 0.730584 -4.224381
v 0.013702 0.743278 -4.224381
v 0.000000 0.745980 -4.224381
v 0.025318 0.735584 -4.224381
v 0.033079 0.724068 -4.224381
v 0.035805 0.710485 -4.224381
v 0.033079 0.696902 -4.224381
v 0.025318 0.685386 -4.224381
v 0.013702 0.677692 -4.224381
v 0.000000 0.674990 -4.224381
v -0.013702 0.677692 -4.224381
v -0.025318 0.685386 -4.224381
v -0.033079 0.696902 -4.224381
v -0.035805 0.710485 -4.224381
v -0.033079 0.724068 -4.224381
v -0.025318 0.735584 -4.224381
v -0.013702 0.743278 -4.224381
v 0.013702 0.743278 -3.813313
v 0.000000 0.745980 -3.813313
v 0.025318 0.735584 -3.813313
v 0.033079 0.724068 -3.813313
v 0.035805 0.710485 -3.813313
v 0.033079 0.696902 -3.813313
v 0.025318 0.685386 -3.813313
v 0.013702 0.677692 -3.813313
v 0.000000 0.674990 -3.813313
v -0.013702 0.677692 -3.813313
v -0.025318 0.685386 -3.813313
v -0.033079 0.696902 -3.813313
v -0.035805 0.710485 -3.813313
v -0.033079 0.724068 -3.813313
v -0.025318 0.735584 -3.813313
v -0.013702 0.743278 -3.813313
v 0.000000 0.889342 4.993320
v 0.000000 0.889342 4.965043
v -0.069043 0.875728 4.993320
v -0.069043 0.875728 4.965043
v -0.127575 0.836956 4.993320
v -0.127575 0.836956 4.965043
v -0.166685 0.778931 4.993320
v -0.166685 0.778931 4.965043
v -0.180418 0.710485 4.993320
v -0.180418 0.710485 4.965043
v -0.166685 0.642039 4.993320
v -0.166685 0.642039 4.965043
v -0.127575 0.584014 4.993320
v -0.127575 0.584014 4.965043
v -0.069043 0.545242 4.993320
v -0.069043 0.545242 4.965043
v 0.000000 0.531627 4.993320
v 0.000000 0.531627 4.965043
v 0.069043 0.545242 4.993320
v 0.069043 0.545242 4.965043
v 0.127575 0.584014 4.993320
v 0.127575 0.584014 4.965043
v 0.166685 0.642039 4.993320
v 0.166685 0.642039 4.965043
v 0.180419 0.710485 4.993320
v 0.180419 0.710485 4.965043
v 0.166685 0.778931 4.993320
v 0.166685 0.778931 4.965043
v 0.127575 0.836956 4.993320
v 0.127575 0.836956 4.965043
v 0.069043 0.875728 4.993320
v 0.069043 0.875728 4.965043
v 0.000000 0.768213 5.014082
v -0.022284 0.763819 5.014082
v -0.041176 0.751305 5.014082
v -0.053799 0.732577 5.014082
v -0.058232 0.710485 5.014082
v -0.053799 0.688393 5.014082
v -0.041176 0.669665 5.014082
v -0.022284 0.657151 5.014082
v 0.000000 0.652757 5.014082
v 0.022285 0.657151 5.014082
v 0.041176 0.669665 5.014082
v 0.053800 0.688393 5.014082
v 0.058232 0.710485 5.014082
v 0.053800 0.732577 5.014082
v 0.041176 0.751305 5.014082
v 0.022285 0.763819 5.014082
v -0.008398 0.730584 4.965042
v 0.000000 0.732240 4.965042
v -0.015517 0.725868 4.965042
v -0.020274 0.718810 4.965042
v -0.021945 0.710485 4.965042
v -0.020274 0.702160 4.965042
v -0.015517 0.695102 4.965042
v -0.008398 0.690386 4.965042
v 0.000000 0.688730 4.965042
v 0.008398 0.690386 4.965042
v 0.015518 0.695102 4.965042
v 0.020275 0.702160 4.965042
v 0.021945 0.710485 4.965042
v 0.020275 0.718810 4.965042
v 0.015518 0.725868 4.965042
v 0.008398 0.730584 4.965042
v -0.013702 0.743278 4.967468
v 0.000000 0.745980 4.967468
v -0.025318 0.735584 4.967468
v -0.033079 0.724068 4.967468
v -0.035805 0.710485 4.967468
v -0.033079 0.696902 4.967468
v -0.025318 0.685386 4.967468
v -0.013702 0.677692 4.967468
v 0.000000 0.674990 4.967468
v 0.013702 0.677692 4.967468
v 0.025318 0.685386 4.967468
v 0.033079 0.696902 4.967468
v 0.035805 0.710485 4.967468
v 0.033079 0.724068 4.967468
v 0.025318 0.735584 4.967468
v 0.013702 0.743278 4.967468
v -0.013702 0.743278 4.516077
v 0.000000 0.745980 4.516077
v -0.025318 0.735584 4.516077
v -0.033079 0.724068 4.516077
v -0.035805 0.710485 4.516077
v -0.033079 0.696902 4.516077
v -0.025318 0.685386 4.516077
v -0.013702 0.677692 4.516077
v 0.000000 0.674990 4.516077
v 0.013702 0.677692 4.516077
v 0.025318 0.685386 4.516077
v 0.033079 0.696902 4.516077
v 0.035805 0.710485 4.516077
v 0.033079 0.724068 4.516077
v 0.025318 0.735584 4.516077
v 0.013702 0.743278 4.516077
v 0.715857 0.356917 0.479735
v 0.715857 0.980284 0.479735
v 0.715856 0.356917 0.188409
v 0.715856 0.980284 0.188409
v -0.716797 0.356917 0.479735
v -0.716797 0.980284 0.479735
v -0.716797 0.356917 0.188409
v -0.716797 0.980284 0.188409
v -0.000470 0.585535 1.515573
v -0.000470 0.585535 1.440916
v 0.033693 0.580124 1.515573
v 0.033693 0.580124 1.440916
v 0.064513 0.564420 1.515573
v 0.064513 0.564420 1.440916
v 0.088971 0.539962 1.515573
v 0.088971 0.539962 1.440916
v 0.104674 0.509142 1.515573
v 0.104674 0.509142 1.440916
v 0.110085 0.474979 1.515573
v 0.110085 0.474979 1.440916
v 0.104674 0.440815 1.515573
v 0.104674 0.440815 1.440916
v 0.088971 0.409996 1.515573
v 0.088971 0.409996 1.440916
v 0.064513 0.385537 1.515573
v 0.064513 0.385537 1.440916
v 0.033693 0.369834 1.515573
v 0.033693 0.369834 1.440916
v -0.000470 0.364423 1.515573
v -0.000470 0.364423 1.440916
v -0.034634 0.369834 1.515573
v -0.034634 0.369834 1.440916
v -0.065454 0.385537 1.515573
v -0.065454 0.385537 1.440916
v -0.089912 0.409996 1.515573
v -0.089912 0.409996 1.440916
v -0.105615 0.440815 1.515573
v -0.105615 0.440815 1.440916
v -0.111026 0.474979 1.515573
v -0.111026 0.474979 1.440916
v -0.105615 0.509142 1.515573
v -0.105615 0.509142 1.440916
v -0.089912 0.539962 1.515573
v -0.089912 0.539962 1.440916
v -0.065454 0.564420 1.515573
v -0.065454 0.564420 1.440916
v -0.034634 0.580124 1.515573
v -0.034634 0.580124 1.440916
v -0.000470 0.423168 2.010699
v -0.000470 0.423168 0.334072
v -0.016481 0.425704 2.010699
v -0.016481 0.425704 0.334072
v -0.030924 0.433063 2.010699
v -0.030924 0.433063 0.334072
v -0.042386 0.444525 2.010699
v -0.042386 0.444525 0.334072
v -0.049745 0.458968 2.010699
v -0.049745 0.458969 0.334072
v -0.052281 0.474979 2.010699
v -0.052281 0.474979 0.334072
v -0.049745 0.490989 2.010699
v -0.049745 0.490989 0.334072
v -0.042386 0.505432 2.010699
v -0.042386 0.505432 0.334072
v -0.030924 0.516894 2.010699
v -0.030924 0.516894 0.334072
v -0.016481 0.524253 2.010699
v -0.016481 0.524253 0.334072
v -0.000470 0.526789 2.010699
v -0.000470 0.526789 0.334072
v 0.015540 0.524253 2.010699
v 0.015540 0.524253 0.334072
v 0.029983 0.516894 2.010699
v 0.029983 0.516894 0.334072
v 0.041445 0.505432 2.010699
v 0.041445 0.505432 0.334072
v 0.048804 0.490989 2.010699
v 0.048804 0.490989 0.334072
v 0.051340 0.474979 2.010699
v 0.051340 0.474979 0.334072
v 0.048804 0.458968 2.010699
v 0.048804 0.458969 0.334072
v 0.041445 0.444525 2.010699
v 0.041445 0.444525 0.334072
v 0.029983 0.433063 2.010699
v 0.029983 0.433063 0.334072
v 0.015540 0.425704 2.010699
v 0.015540 0.425704 0.334072
v -0.000470 0.585535 -0.846665
v -0.000470 0.585535 -0.772008
v 0.033693 0.580124 -0.846665
v 0.033693 0.580124 -0.772008
v 0.064513 0.564420 -0.846665
v 0.064513 0.564420 -0.772008
v 0.088971 0.539962 -0.846665
v 0.088971 0.539962 -0.772008
v 0.104674 0.509142 -0.846665
v 0.104674 0.509142 -0.772008
v 0.110085 0.474979 -0.846665
v 0.110085 0.474979 -0.772008
v 0.104674 0.440815 -0.846665
v 0.104674 0.440815 -0.772008
v 0.088971 0.409995 -0.846665
v 0.088971 0.409995 -0.772008
v 0.064513 0.385537 -0.846665
v 0.064513 0.385537 -0.772008
v 0.033693 0.369834 -0.846665
v 0.033693 0.369834 -0.772008
v -0.000470 0.364423 -0.846665
v -0.000470 0.364423 -0.772008
v -0.034634 0.369834 -0.846665
v -0.034634 0.369834 -0.772008
v -0.065454 0.385537 -0.846665
v -0.065454 0.385537 -0.772008
v -0.089912 0.409995 -0.846665
v -0.089912 0.409995 -0.772008
v -0.105615 0.440815 -0.846665
v -0.105615 0.440815 -0.772008
v -0.111026 0.474979 -0.846665
v -0.111026 0.474979 -0.772008
v -0.105615 0.509142 -0.846665
v -0.105615 0.509142 -0.772008
v -0.089912 0.539962 -0.846665
v -0.089912 0.539962 -0.772008
v -0.065454 0.564420 -0.846665
v -0.065454 0.564420 -0.772008
v -0.034634 0.580124 -0.846665
v -0.034634 0.580124 -0.772008
v -0.000470 0.423168 -1.341792
v -0.000470 0.423168 0.334835
v -0.016481 0.425704 -1.341792
v -0.016481 0.425704 0.334835
v -0.030924 0.433063 -1.341792
v -0.030924 0.433063 0.334835
v -0.042386 0.444525 -1.341792
v -0.042386 0.444525 0.334835
v -0.049745 0.458968 -1.341792
v -0.049745 0.458969 0.334835
v -0.052281 0.474979 -1.341792
v -0.052281 0.474979 0.334835
v -0.049745 0.490989 -1.341792
v -0.049745 0.490989 0.334835
v -0.042386 0.505432 -1.341792
v -0.042386 0.505432 0.334835
v -0.030924 0.516894 -1.341792
v -0.030924 0.516894 0.334835
v -0.016481 0.524253 -1.341792
v -0.016481 0.524253 0.334835
v -0.000470 0.526789 -1.341792
v -0.000470 0.526789 0.334835
v 0.015540 0.524253 -1.341792
v 0.015540 0.524253 0.334835
v 0.029983 0.516894 -1.341792
v 0.029983 0.516894 0.334835
v 0.041445 0.505432 -1.341792
v 0.041445 0.505432 0.334835
v 0.048804 0.490989 -1.341792
v 0.048804 0.490989 0.334835
v 0.051340 0.474979 -1.341792
v 0.051340 0.474979 0.334835
v 0.048804 0.458968 -1.341792
v 0.048804 0.458969 0.334835
v 0.041445 0.444525 -1.341792
v 0.041445 0.444525 0.334835
v 0.029983 0.433063 -1.341792
v 0.029983 0.433063 0.334835
v 0.015540 0.425704 -1.341792
v 0.015540 0.425704 0.334835
v 1.198986 0.898234 3.979265
v 1.198986 1.057469 3.979265
v 1.198986 0.898234 -3.323856
v 1.198986 1.057469 -3.323856
v -1.199925 0.898234 3.979266
v -1.199925 1.057469 3.979266
v -1.199925 0.898234 -3.323855
v -1.199925 1.057469 -3.323855
vn -0.0000 -0.0000 1.0000
vn -0.0000 -0.0000 -1.0000
vn -0.0000 1.0000 -0.0000
vn -1.0000 -0.0000 -0.0000
vn 1.0000 -0.0000 -0.0000
vn -0.0000 -1.0000 -0.0000
vn -0.7133 -0.0000 -0.7009
vn 0.7133 -0.0000 -0.7009
vn 0.7133 -0.0000 0.7009
vn -0.7133 -0.0000 0.7009
vn -0.0000 -0.5000 -0.8660
vn -0.0000 0.5000 -0.8660
vn -0.0000 0.5000 0.8660
vn -0.0000 -0.5000 0.8660
vn 0.7139 0.0027 -0.7002
vn 0.9417 -0.3365 -0.0000
vn 1.0000 0.0042 -0.0000
vn 0.0004 0.0006 -1.0000
vn 0.6267 -0.2249 -0.7461
vn -0.7139 0.0015 -0.7003
vn -0.0805 0.0282 -0.9964
vn -1.0000 0.0029 -0.0000
vn -0.7040 0.2559 -0.6625
vn -0.7040 0.2559 0.6625
vn -0.7139 0.0015 0.7003
vn -0.0805 0.0282 0.9964
vn 0.0004 0.0006 1.0000
vn 0.6267 -0.2249 0.7461
vn 0.7139 0.0027 0.7002
vn 0.4268 -0.9043 -0.0000
vn 0.2758 -0.5853 -0.7625
vn -0.0468 0.0953 -0.9944
vn -0.9394 0.3429 -0.0000
vn -0.3202 0.6821 -0.6574
vn -0.3202 0.6821 0.6574
vn -0.0468 0.0953 0.9944
vn 0.2758 -0.5853 0.7625
vn -0.2758 -0.5853 -0.7625
vn 0.0468 0.0953 -0.9944
vn 0.3202 0.6821 -0.6574
vn 0.4230 0.9061 -0.0000
vn -0.4230 0.9061 -0.0000
vn 0.3202 0.6821 0.6574
vn 0.0468 0.0953 0.9944
vn -0.2758 -0.5853 0.7625
vn -0.4268 -0.9043 -0.0000
vn -0.6267 -0.2249 -0.7461
vn 0.0805 0.0282 -0.9964
vn 0.7040 0.2559 -0.6625
vn 0.9394 0.3429 -0.0000
vn 0.7040 0.2559 0.6625
vn 0.0805 0.0282 0.9964
vn -0.6267 -0.2249 0.7461
vn -0.7139 0.0027 -0.7003
vn -0.9417 -0.3364 -0.0000
vn -0.0004 0.0006 -1.0000
vn 0.7139 0.0015 -0.7003
vn 1.0000 0.0029 -0.0000
vn 0.7139 0.0015 0.7003
vn -0.0004 0.0006 1.0000
vn -0.7139 0.0027 0.7002
vn -0.7347 -0.6784 -0.0000
vn 0.7347 -0.6784 -0.0000
vn -0.0000 1.0000 -0.0001
vn 0.0345 0.9994 -0.0001
vn -1.0000 0.0042 -0.0000
vn -0.2758 -0.5853 0.7624
vn -0.0000 -0.7308 0.6825
vn 0.2758 -0.5853 0.7624
vn -0.0000 0.7308 0.6825
vn -0.0000 0.7308 -0.6826
vn -0.0000 -0.7308 -0.6825
vn 0.9417 -0.3364 -0.0000
vn 0.7759 0.6308 -0.0000
vn 0.7307 -0.4001 0.5532
vn 0.8771 -0.4803 -0.0000
vn -0.0000 -0.7071 0.7071
vn 0.1430 0.9897 -0.0000
vn -0.0000 0.7257 0.6880
vn 0.1029 0.7120 0.6946
vn 0.5671 0.4611 0.6824
vn 0.4302 0.6000 0.6745
vn 0.2414 0.6942 0.6781
vn 0.5827 0.8127 -0.0000
vn 0.3285 0.9445 -0.0000
vn -0.8771 -0.4802 -0.0000
vn -0.5671 0.4611 0.6824
vn -0.7759 0.6308 -0.0000
vn -0.1430 0.9897 -0.0000
vn -0.1029 0.7120 0.6946
vn -0.7307 -0.4001 0.5532
vn -0.4302 0.6000 0.6745
vn -0.2414 0.6942 0.6781
vn -0.5827 0.8127 -0.0000
vn -0.3285 0.9445 -0.0000
vn 0.9752 0.0307 -0.2194
vn 0.9773 0.0293 -0.2097
vn -0.0000 0.1386 -0.9904
vn 0.1917 0.1360 -0.9720
vn 0.6895 0.1004 -0.7173
vn 0.5956 0.1113 -0.7955
vn 0.1728 0.1365 -0.9755
vn 0.1951 0.9808 -0.0000
vn 0.5956 0.8033 -0.0000
vn 0.1728 0.9850 -0.0000
vn 0.7071 0.7071 -0.0000
vn 0.9239 0.3827 -0.0000
vn -0.9752 0.0307 -0.2194
vn -0.9773 0.0293 -0.2097
vn -0.1917 0.1360 -0.9720
vn -0.6895 0.1004 -0.7173
vn -0.5956 0.1113 -0.7955
vn -0.5956 0.8033 -0.0000
vn -0.1951 0.9808 -0.0000
vn -0.1728 0.9850 -0.0000
vn -0.9239 0.3827 -0.0000
vn -0.7071 0.7071 -0.0000
vn 0.3420 -0.0000 -0.9397
vn 0.6428 -0.0000 -0.7660
vn 0.8660 -0.0000 -0.5000
vn 0.9848 -0.0000 -0.1736
vn 0.9848 -0.0000 0.1736
vn 0.8660 -0.0000 0.5000
vn 0.6428 -0.0000 0.7660
vn 0.3420 -0.0000 0.9397
vn -0.3420 -0.0000 0.9397
vn -0.6428 -0.0000 0.7660
vn -0.8660 -0.0000 0.5000
vn -0.9848 -0.0000 0.1736
vn -0.9848 -0.0000 0.1737
vn -0.9848 -0.0000 -0.1736
vn -0.8660 -0.0000 -0.5000
vn -0.6428 -0.0000 -0.7660
vn -0.3420 -0.0000 -0.9397
vn -0.2817 -0.9595 -0.0000
vn -0.0000 -0.9330 -0.3598
vn -0.5406 -0.8413 -0.0000
vn -0.2629 -0.8952 -0.3598
vn -0.7557 -0.6549 -0.0000
vn -0.5044 -0.7849 -0.3598
vn -0.9096 -0.4154 -0.0000
vn -0.7051 -0.6110 -0.3598
vn -0.9898 -0.1423 -0.0000
vn -0.8487 -0.3876 -0.3598
vn -0.9898 0.1423 -0.0000
vn -0.9235 -0.1328 -0.3598
vn -0.9096 0.4154 -0.0000
vn -0.9235 0.1328 -0.3598
vn -0.7558 0.6549 -0.0000
vn -0.8487 0.3876 -0.3598
vn -0.5406 0.8412 -0.0000
vn -0.7051 0.6110 -0.3598
vn -0.2817 0.9595 -0.0000
vn -0.5044 0.7849 -0.3598
vn -0.2629 0.8952 -0.3598
vn 0.2817 0.9595 -0.0000
vn -0.0000 0.9330 -0.3598
vn 0.5406 0.8413 -0.0000
vn 0.2629 0.8952 -0.3598
vn 0.7557 0.6549 -0.0000
vn 0.5044 0.7849 -0.3598
vn 0.9096 0.4154 -0.0000
vn 0.7051 0.6110 -0.3598
vn 0.9898 0.1423 -0.0000
vn 0.8487 0.3876 -0.3598
vn 0.9898 -0.1423 -0.0000
vn 0.9235 0.1328 -0.3598
vn 0.9096 -0.4154 -0.0000
vn 0.9235 -0.1328 -0.3598
vn 0.7558 -0.6549 -0.0000
vn 0.8487 -0.3876 -0.3598
vn 0.5407 -0.8412 -0.0000
vn 0.7051 -0.6110 -0.3598
vn -0.9144 0.1315 -0.3830
vn 0.2817 -0.9595 -0.0000
vn 0.5044 -0.7849 -0.3598
vn 0.2629 -0.8952 -0.3598
vn 0.6111 0.2791 0.7407
vn 0.7548 0.1085 0.6469
vn 0.6937 0.3168 0.6469
vn -0.4994 -0.7771 -0.3830
vn -0.6981 -0.6049 -0.3830
vn -0.0000 0.9238 -0.3830
vn 0.9144 0.1315 -0.3830
vn 0.2603 -0.8863 -0.3830
vn -0.8403 -0.3837 -0.3830
vn -0.6981 0.6049 -0.3830
vn 0.6981 0.6049 -0.3830
vn 0.6981 -0.6049 -0.3830
vn 0.9144 -0.1315 -0.3830
vn -0.0000 -0.9238 -0.3830
vn -0.9144 -0.1315 -0.3830
vn -0.4994 0.7771 -0.3830
vn 0.4994 -0.7771 -0.3830
vn -0.2602 -0.8863 -0.3830
vn 0.4994 0.7771 -0.3830
vn 0.8403 -0.3837 -0.3830
vn -0.2602 0.8863 -0.3830
vn 0.7558 -0.6548 -0.0000
vn 0.2603 0.8863 -0.3830
vn 0.5406 -0.8413 -0.0000
vn 0.7558 0.6549 -0.0000
vn -0.8403 0.3837 -0.3830
vn 0.8403 0.3837 -0.3830
vn -0.2818 -0.9595 -0.0000
vn -0.5406 0.8413 -0.0000
vn -0.5077 -0.4399 0.7407
vn -0.2849 -0.1301 0.9497
vn -0.6111 -0.2791 0.7407
vn 0.3632 -0.5652 0.7407
vn 0.2148 -0.7317 0.6469
vn 0.4123 -0.6415 0.6469
vn -0.5763 -0.4994 0.6469
vn -0.6937 -0.3168 0.6469
vn -0.5077 0.4399 0.7407
vn -0.4123 0.6415 0.6469
vn -0.5763 0.4994 0.6469
vn 0.3632 0.5652 0.7407
vn 0.5763 0.4994 0.6469
vn 0.4123 0.6415 0.6469
vn 0.6111 -0.2791 0.7407
vn 0.5763 -0.4994 0.6469
vn 0.6937 -0.3168 0.6469
vn -0.0000 0.6718 0.7407
vn 0.2148 0.7317 0.6469
vn -0.0000 0.7626 0.6469
vn -0.2148 -0.7317 0.6469
vn -0.3632 -0.5652 0.7407
vn -0.4123 -0.6415 0.6469
vn -0.6650 0.0956 0.7407
vn -0.6937 0.3168 0.6469
vn -0.7548 0.1085 0.6469
vn 0.6650 -0.0956 0.7407
vn 0.7548 -0.1085 0.6469
vn 0.1893 -0.6446 0.7407
vn -0.0000 -0.7626 0.6469
vn -0.6650 -0.0956 0.7407
vn -0.7548 -0.1085 0.6469
vn -0.3632 0.5652 0.7407
vn -0.2148 0.7317 0.6469
vn 0.5077 -0.4399 0.7407
vn -0.6111 0.2791 0.7407
vn 0.1893 0.6446 0.7407
vn -0.0000 -0.6718 0.7407
vn -0.2367 0.2051 0.9497
vn -0.0000 -0.3132 0.9497
vn 0.2367 0.2051 0.9497
vn 0.2367 -0.2051 0.9497
vn -0.0000 0.3132 0.9497
vn -0.3100 -0.0446 0.9497
vn 0.1693 0.2635 0.9497
vn -0.3100 0.0446 0.9497
vn 0.1693 -0.2635 0.9497
vn 0.5077 0.4399 0.7407
vn 0.0882 -0.3005 0.9497
vn -0.2849 0.1301 0.9497
vn -0.0882 -0.3005 0.9497
vn -0.1893 -0.6446 0.7407
vn 0.3100 0.0446 0.9497
vn 0.6650 0.0956 0.7407
vn -0.1693 0.2635 0.9497
vn -0.1893 0.6446 0.7407
vn -0.1693 -0.2635 0.9497
vn 0.3100 -0.0446 0.9497
vn -0.2629 -0.8952 0.3598
vn -0.5044 -0.7849 0.3598
vn -0.8487 -0.3876 0.3598
vn -0.9235 -0.1328 0.3598
vn -0.9235 0.1328 0.3598
vn -0.8487 0.3876 0.3598
vn -0.5044 0.7849 0.3598
vn -0.2629 0.8952 0.3598
vn -0.0000 0.9330 0.3598
vn 0.2629 0.8952 0.3598
vn 0.5044 0.7849 0.3598
vn 0.7051 0.6110 0.3598
vn 0.8487 0.3876 0.3598
vn 0.9235 0.1328 0.3598
vn 0.9235 -0.1328 0.3598
vn 0.8487 -0.3876 0.3598
vn 0.7557 -0.6549 -0.0000
vn 0.5044 -0.7849 0.3598
vn -0.9144 0.1315 0.3830
vn 0.2629 -0.8952 0.3598
vn 0.6937 0.3168 -0.6469
vn 0.6650 0.0956 -0.7407
vn 0.6111 0.2791 -0.7407
vn -0.4994 -0.7771 0.3830
vn -0.6981 -0.6049 0.3830
vn -0.0000 0.9238 0.3830
vn 0.9144 0.1315 0.3830
vn 0.4994 -0.7771 0.3830
vn 0.2603 -0.8863 0.3830
vn -0.7051 -0.6110 0.3598
vn -0.8403 -0.3837 0.3830
vn -0.6981 0.6049 0.3830
vn -0.4994 0.7771 0.3830
vn 0.6981 0.6049 0.3830
vn 0.7051 -0.6110 0.3598
vn 0.8403 -0.3837 0.3830
vn 0.6981 -0.6049 0.3830
vn -0.8403 0.3837 0.3830
vn 0.2603 0.8863 0.3830
vn 0.9144 -0.1315 0.3830
vn -0.0000 -0.9330 0.3598
vn -0.0000 -0.9238 0.3830
vn -0.9144 -0.1315 0.3830
vn -0.2602 0.8863 0.3830
vn 0.8403 0.3837 0.3830
vn -0.7051 0.6110 0.3598
vn -0.2602 -0.8863 0.3830
vn 0.4994 0.7771 0.3830
vn -0.5077 -0.4399 -0.7407
vn -0.2849 -0.1301 -0.9497
vn -0.2367 -0.2051 -0.9497
vn 0.4123 -0.6415 -0.6469
vn 0.1893 -0.6446 -0.7407
vn 0.3632 -0.5652 -0.7407
vn -0.5763 -0.4994 -0.6469
vn -0.6111 -0.2791 -0.7407
vn -0.5763 0.4994 -0.6469
vn -0.3632 0.5652 -0.7407
vn -0.5077 0.4399 -0.7407
vn 0.4123 0.6415 -0.6469
vn 0.5077 0.4399 -0.7407
vn 0.3632 0.5652 -0.7407
vn 0.5763 -0.4994 -0.6469
vn 0.6111 -0.2791 -0.7407
vn 0.6937 -0.3168 -0.6469
vn 0.2148 0.7317 -0.6469
vn -0.0000 0.6718 -0.7407
vn -0.0000 0.7626 -0.6469
vn -0.2148 -0.7317 -0.6469
vn -0.3632 -0.5652 -0.7407
vn -0.1893 -0.6446 -0.7407
vn -0.7548 0.1085 -0.6469
vn -0.6111 0.2791 -0.7407
vn -0.6650 0.0956 -0.7407
vn 0.7548 0.1085 -0.6469
vn 0.6650 -0.0956 -0.7407
vn 0.2148 -0.7317 -0.6469
vn -0.0000 -0.6718 -0.7407
vn -0.6937 -0.3168 -0.6469
vn -0.6650 -0.0956 -0.7407
vn -0.4123 0.6415 -0.6469
vn -0.1893 0.6446 -0.7407
vn 0.5763 0.4994 -0.6469
vn 0.5077 -0.4399 -0.7407
vn -0.4123 -0.6415 -0.6469
vn -0.6937 0.3168 -0.6469
vn 0.1893 0.6446 -0.7407
vn 0.7548 -0.1085 -0.6469
vn -0.0000 -0.7626 -0.6469
vn -0.7548 -0.1085 -0.6469
vn -0.2148 0.7317 -0.6469
vn 0.2367 0.2051 -0.9497
vn -0.0000 -0.3132 -0.9497
vn -0.2367 0.2051 -0.9497
vn 0.2849 -0.1301 -0.9497
vn 0.0882 0.3005 -0.9497
vn -0.0000 0.3132 -0.9497
vn -0.3100 -0.0446 -0.9497
vn 0.2367 -0.2051 -0.9497
vn 0.1693 0.2635 -0.9497
vn -0.3100 0.0446 -0.9497
vn 0.0882 -0.3005 -0.9497
vn 0.1693 -0.2635 -0.9497
vn -0.2849 0.1301 -0.9497
vn -0.0883 -0.3005 -0.9497
vn 0.3100 0.0446 -0.9497
vn 0.2849 0.1301 -0.9497
vn -0.1693 0.2635 -0.9497
vn -0.1693 -0.2635 -0.9497
vn 0.3100 -0.0446 -0.9497
vn -0.0882 0.3005 -0.9497
vn 0.3801 0.9250 -0.0000
vn 0.7043 0.7099 -0.0000
vn 0.9228 0.3853 -0.0000
vn 0.9228 -0.3853 -0.0000
vn 0.7043 -0.7099 -0.0000
vn 0.3801 -0.9250 -0.0000
vn -0.3801 -0.9250 -0.0000
vn -0.7043 -0.7099 -0.0000
vn -0.9228 -0.3853 -0.0000
vn -0.9228 0.3853 -0.0000
vn -0.7043 0.7099 -0.0000
vn -0.3801 0.9250 -0.0000
vn 0.1548 -0.0645 -0.9858
vn 0.0946 -0.0000 -0.9955
vn 0.1675 -0.0000 -0.9859
vn 0.0361 -0.0880 -0.9955
vn -0.0873 -0.0365 -0.9955
vn -0.0361 0.0880 -0.9955
vn -0.0642 -0.1560 -0.9857
vn -0.0667 -0.0675 -0.9955
vn -0.0361 -0.0880 -0.9955
vn -0.0642 0.1560 -0.9857
vn -0.0667 0.0675 -0.9955
vn -0.1186 0.1193 -0.9857
vn 0.1186 0.1193 -0.9857
vn 0.0873 0.0365 -0.9955
vn 0.0667 0.0674 -0.9955
vn -0.0000 -0.1689 -0.9856
vn 0.0642 -0.1560 -0.9857
vn -0.0000 0.1689 -0.9856
vn 0.0361 0.0880 -0.9955
vn -0.0000 0.0952 -0.9955
vn -0.1548 0.0645 -0.9858
vn -0.0946 -0.0000 -0.9955
vn -0.1675 -0.0000 -0.9859
vn 0.1186 -0.1193 -0.9857
vn 0.0873 -0.0365 -0.9955
vn -0.1186 -0.1193 -0.9857
vn 0.1548 0.0645 -0.9858
vn -0.0000 -0.0952 -0.9955
vn -0.0873 0.0365 -0.9955
vn 0.0642 0.1560 -0.9857
vn 0.0667 -0.0674 -0.9955
vn -0.1548 -0.0645 -0.9858
vn -0.0000 0.0001 1.0000
vn -0.6888 0.2876 0.6655
vn -0.5255 -0.5298 0.6657
vn 0.5255 -0.5298 0.6657
vn 0.5255 0.5298 0.6657
vn -0.5255 0.5298 0.6657
vn 0.2835 -0.6900 0.6660
vn -0.2836 0.6899 0.6660
vn -0.0000 -0.7459 0.6660
vn 0.2835 0.6900 0.6660
vn -0.0000 0.7459 0.6660
vn -0.2836 -0.6899 0.6660
vn 0.6888 0.2876 0.6655
vn -0.6888 -0.2876 0.6655
vn 0.7465 -0.0000 0.6654
vn -0.7465 -0.0000 0.6654
vn 0.6888 -0.2876 0.6655
vn -0.1548 -0.0645 0.9858
vn -0.0946 -0.0000 0.9955
vn -0.1675 -0.0000 0.9859
vn -0.0361 -0.0880 0.9955
vn 0.0873 -0.0365 0.9955
vn 0.0361 0.0880 0.9955
vn 0.0642 -0.1560 0.9857
vn 0.0667 -0.0675 0.9955
vn 0.0361 -0.0880 0.9955
vn 0.0642 0.1560 0.9857
vn 0.0667 0.0675 0.9955
vn 0.1186 0.1193 0.9857
vn -0.1186 0.1193 0.9857
vn -0.0873 0.0366 0.9955
vn -0.0667 0.0675 0.9955
vn -0.0000 -0.1689 0.9856
vn -0.0642 -0.1560 0.9857
vn -0.0000 0.1689 0.9856
vn -0.0361 0.0880 0.9955
vn -0.0000 0.0952 0.9955
vn 0.1548 0.0645 0.9858
vn 0.0946 -0.0000 0.9955
vn 0.1675 -0.0000 0.9859
vn -0.1186 -0.1193 0.9857
vn -0.0873 -0.0366 0.9955
vn 0.1186 -0.1193 0.9857
vn -0.1548 0.0645 0.9858
vn -0.0000 -0.0952 0.9955
vn 0.0873 0.0365 0.9955
vn -0.0642 0.1560 0.9857
vn -0.0667 -0.0675 0.9955
vn 0.1548 -0.0645 0.9858
vn -0.1218 -0.1231 0.9849
vn -0.0661 -0.1606 0.9848
vn -0.0659 -0.1607 0.9848
vn -0.0000 0.0001 -1.0000
vn -0.3109 0.1301 0.9415
vn 0.6888 0.2876 -0.6655
vn 0.0659 0.1607 0.9848
vn -0.0000 0.1739 0.9848
vn -0.0000 0.1738 0.9848
vn 0.0659 -0.1607 0.9848
vn -0.0000 -0.1739 0.9848
vn 0.0661 -0.1606 0.9848
vn -0.0000 -0.1738 0.9848
vn -0.0659 0.1607 0.9848
vn -0.0661 0.1606 0.9848
vn 0.1218 -0.1231 0.9849
vn 0.1221 -0.1228 0.9849
vn -0.2360 0.2385 0.9420
vn -0.1221 0.1228 0.9849
vn 0.1593 -0.0667 0.9850
vn 0.1594 -0.0664 0.9850
vn -0.1594 0.0664 0.9850
vn 0.1724 -0.0000 0.9850
vn -0.1724 -0.0000 0.9850
vn 0.1594 0.0664 0.9850
vn 0.1593 0.0667 0.9850
vn -0.1594 -0.0664 0.9850
vn -0.1593 -0.0667 0.9850
vn 0.1221 0.1228 0.9849
vn 0.1218 0.1231 0.9849
vn -0.1221 -0.1228 0.9849
vn 0.0661 0.1606 0.9848
vn 0.5255 -0.5298 -0.6657
vn -0.5255 -0.5298 -0.6657
vn -0.5255 0.5298 -0.6657
vn 0.5255 0.5298 -0.6657
vn -0.2835 -0.6901 -0.6659
vn 0.2835 0.6900 -0.6660
vn -0.0000 -0.7459 -0.6660
vn -0.2835 0.6900 -0.6659
vn -0.0000 0.7459 -0.6660
vn 0.2835 -0.6900 -0.6660
vn -0.6888 0.2876 -0.6655
vn 0.6888 -0.2876 -0.6655
vn -0.7465 -0.0000 -0.6654
vn 0.7465 -0.0000 -0.6654
vn -0.6888 -0.2876 -0.6655
vn 0.3090 0.9511 -0.0000
vn 0.5878 0.8090 -0.0000
vn 0.8090 0.5878 -0.0000
vn 0.9511 0.3090 -0.0000
vn 0.9511 -0.3090 -0.0000
vn 0.8090 -0.5878 -0.0000
vn 0.5878 -0.8090 -0.0000
vn 0.3090 -0.9511 -0.0000
vn -0.3090 -0.9511 -0.0000
vn -0.5878 -0.8090 -0.0000
vn -0.8090 -0.5878 -0.0000
vn -0.9511 -0.3090 -0.0000
vn -0.9511 0.3090 -0.0000
vn -0.8090 0.5878 -0.0000
vn -0.5878 0.8090 -0.0000
vn -0.3090 0.9511 -0.0000
vn -0.1728 0.1365 -0.9755
vn 0.0001 1.0000 -0.0000
vn -0.0001 1.0000 -0.0000
vn -0.0000 -0.0001 1.0000
vn -0.2367 -0.2051 0.9497
vn 0.0882 0.3005 0.9497
vn -0.0882 0.3005 0.9497
vn 0.2849 -0.1301 0.9497
vn 0.2849 0.1301 0.9497
vn -0.0000 -0.0001 -1.0000
vt 0.574007 0.457596
vt 0.448266 0.532934
vt 0.448266 0.457596
vt 0.197018 0.438973
vt 0.322603 0.363635
vt 0.322603 0.438973
vt 0.448421 0.519745
vt 0.574007 0.538328
vt 0.448421 0.538328
vt 0.197018 0.519745
vt 0.322758 0.538328
vt 0.197018 0.538328
vt 0.322758 0.519745
vt 0.448266 0.438973
vt 0.574007 0.363635
vt 0.574007 0.438973
vt 0.448266 0.363635
vt 0.197018 0.457596
vt 0.322603 0.532934
vt 0.197018 0.532935
vt 0.322603 0.457596
vt 0.322603 0.472621
vt 0.448266 0.472621
vt 0.574007 0.472621
vt 0.197018 0.472621
vt 0.024375 0.371682
vt 0.214075 0.330251
vt 0.214075 0.371682
vt 0.581044 0.416287
vt 0.391345 0.457718
vt 0.391345 0.416287
vt 0.784018 0.442706
vt 0.407310 0.484136
vt 0.407310 0.442705
vt 0.401083 0.462621
vt 0.024375 0.272922
vt 0.401083 0.272922
vt 0.024375 0.252522
vt 0.401083 0.442221
vt 0.024375 0.442221
vt 0.597010 0.385867
vt 0.407310 0.323142
vt 0.597010 0.323142
vt 0.314140 0.295261
vt 0.503839 0.357987
vt 0.314140 0.357987
vt 0.024375 0.428521
vt 0.234829 0.491246
vt 0.024375 0.491246
vt 0.524593 0.218338
vt 0.314140 0.408038
vt 0.314140 0.218338
vt 0.581044 0.367883
vt 0.391345 0.407852
vt 0.391345 0.367883
vt 0.314140 0.286827
vt 0.503839 0.246857
vt 0.503839 0.286827
vt 0.407310 0.394301
vt 0.706813 0.434271
vt 0.407310 0.434271
vt 0.706813 0.294623
vt 0.407311 0.484322
vt 0.407310 0.294623
vt 0.446214 0.306124
vt 0.571799 0.324707
vt 0.446214 0.324707
vt 0.320551 0.324707
vt 0.194810 0.324707
vt 0.320551 0.306124
vt 0.784018 0.492571
vt 0.407310 0.534002
vt 0.407310 0.492571
vt 0.024375 0.380117
vt 0.323878 0.420086
vt 0.024375 0.420086
vt 0.448266 0.423949
vt 0.322603 0.423949
vt 0.197018 0.423949
vt 0.574007 0.423949
vt 0.064411 0.482663
vt 0.139749 0.501246
vt 0.064411 0.501246
vt 0.030763 0.482663
vt 0.030763 0.501246
vt 0.064411 0.474228
vt 0.139749 0.455645
vt 0.139749 0.474228
vt 0.064411 0.455645
vt 0.030763 0.474228
vt 0.030763 0.455645
vt 0.565211 0.423981
vt 0.076228 0.429254
vt 0.076228 0.423981
vt 0.076228 0.392716
vt 0.565211 0.387443
vt 0.565211 0.392716
vt 0.076228 0.405447
vt 0.565211 0.405447
vt 0.076228 0.418177
vt 0.565211 0.418177
vt 0.076228 0.423450
vt 0.565211 0.423450
vt 0.565211 0.454715
vt 0.076228 0.459988
vt 0.076228 0.454715
vt 0.565211 0.441985
vt 0.076228 0.441985
vt 0.520311 0.459234
vt 0.032539 0.471933
vt 0.032539 0.459234
vt 0.520311 0.453974
vt 0.032539 0.453974
vt 0.032539 0.495682
vt 0.520311 0.490422
vt 0.520311 0.495682
vt 0.032539 0.508381
vt 0.520311 0.508381
vt 0.032539 0.521079
vt 0.520311 0.521079
vt 0.032539 0.526339
vt 0.520311 0.526339
vt 0.520311 0.484632
vt 0.032539 0.489892
vt 0.032539 0.484632
vt 0.520311 0.471933
vt 0.565211 0.429254
vt 0.345172 0.540208
vt 0.038689 0.530524
vt 0.345172 0.530524
vt 0.345172 0.495161
vt 0.038689 0.500530
vt 0.038689 0.495161
vt 0.038689 0.510684
vt 0.345172 0.501000
vt 0.345172 0.510684
vt 0.038689 0.520369
vt 0.345172 0.520369
vt 0.038689 0.494690
vt 0.345172 0.489321
vt 0.345172 0.494690
vt 0.345172 0.520839
vt 0.306569 0.384790
vt 0.445389 0.370390
vt 0.306569 0.370390
vt 0.593554 0.308422
vt 0.589362 0.401037
vt 0.589086 0.308422
vt 0.598022 0.308422
vt 0.593554 0.402620
vt 0.451157 0.384790
vt 0.306569 0.384790
vt 0.451157 0.355990
vt 0.306569 0.355990
vt 0.610131 0.380332
vt 0.614632 0.285433
vt 0.610131 0.285433
vt 0.605907 0.378738
vt 0.605630 0.285433
vt 0.306569 0.355990
vt 0.446379 0.384790
vt 0.632918 0.370390
vt 0.485389 0.526331
vt 0.597747 0.404203
vt 0.487262 0.530489
vt 0.452147 0.370390
vt 0.648072 0.384790
vt 0.648072 0.355990
vt 0.503048 0.509152
vt 0.614354 0.381927
vt 0.501162 0.504963
vt 0.446379 0.355990
vt 0.292997 0.384791
vt 0.700910 0.370390
vt 0.702081 0.384790
vt 0.212522 0.530489
vt 0.210650 0.534647
vt 0.489135 0.534647
vt 0.286172 0.370390
vt 0.707736 0.384790
vt 0.708907 0.370390
vt 0.287343 0.355990
vt 0.707736 0.355990
vt 0.226266 0.509152
vt 0.504935 0.513341
vt 0.228152 0.504963
vt 0.294168 0.370390
vt 0.702081 0.355990
vt 0.446379 0.384791
vt 0.632918 0.370390
vt 0.635518 0.384791
vt 0.106230 0.402620
vt 0.214395 0.526331
vt 0.102038 0.404203
vt 0.452147 0.370390
vt 0.648072 0.384791
vt 0.650672 0.370390
vt 0.648072 0.355990
vt 0.114959 0.381927
vt 0.224379 0.513341
vt 0.119183 0.380332
vt 0.446379 0.355990
vt 0.635518 0.355990
vt 0.306569 0.384791
vt 0.445389 0.370390
vt 0.106230 0.308422
vt 0.110423 0.401037
vt 0.101763 0.308422
vt 0.306569 0.370390
vt 0.451157 0.384791
vt 0.451157 0.355990
vt 0.114682 0.285433
vt 0.123407 0.378738
vt 0.119183 0.285433
vt 0.306569 0.355990
vt 0.530540 0.330176
vt 0.404800 0.405514
vt 0.404800 0.330176
vt 0.276929 0.440041
vt 0.151344 0.364702
vt 0.276929 0.364702
vt 0.402747 0.275191
vt 0.528333 0.287689
vt 0.402747 0.287689
vt 0.151344 0.275191
vt 0.277084 0.287689
vt 0.151344 0.287689
vt 0.402592 0.440041
vt 0.528333 0.364702
vt 0.528333 0.440041
vt 0.402593 0.364702
vt 0.153551 0.330176
vt 0.279137 0.405514
vt 0.153551 0.405514
vt 0.279137 0.330176
vt 0.276929 0.473688
vt 0.402592 0.473688
vt 0.528333 0.473688
vt 0.151344 0.440041
vt 0.402747 0.254259
vt 0.528333 0.266757
vt 0.402747 0.266757
vt 0.277084 0.254259
vt 0.277084 0.266757
vt 0.151344 0.266757
vt 0.404800 0.296529
vt 0.279137 0.296529
vt 0.153551 0.296529
vt 0.530540 0.296529
vt 0.169307 0.308543
vt 0.244645 0.321041
vt 0.169307 0.321041
vt 0.135660 0.308543
vt 0.135660 0.321041
vt 0.210998 0.329476
vt 0.135660 0.341974
vt 0.135660 0.329476
vt 0.210998 0.341974
vt 0.244645 0.329476
vt 0.244645 0.341974
vt 0.853381 0.581363
vt 0.850936 0.566769
vt 0.853381 0.566775
vt 0.481967 0.341743
vt 0.467314 0.402114
vt 0.467314 0.355272
vt 0.832397 0.574941
vt 0.829952 0.560358
vt 0.832397 0.560352
vt 0.414456 0.423881
vt 0.429110 0.364273
vt 0.429110 0.410518
vt 0.451259 0.425493
vt 0.456092 0.518072
vt 0.451259 0.518072
vt 0.354679 0.555196
vt 0.360035 0.717053
vt 0.354679 0.717053
vt 0.378684 0.477464
vt 0.409820 0.530241
vt 0.378684 0.530241
vt 0.393532 0.524968
vt 0.362735 0.470312
vt 0.393532 0.470300
vt 0.353257 0.637079
vt 0.349238 0.713231
vt 0.349238 0.637079
vt 0.353257 0.484633
vt 0.349238 0.560879
vt 0.349238 0.484633
vt 0.393532 0.415599
vt 0.360822 0.360877
vt 0.393532 0.360864
vt 0.360822 0.415612
vt 0.378684 0.635699
vt 0.408000 0.582986
vt 0.408000 0.635699
vt 0.378684 0.582986
vt 0.408141 0.470295
vt 0.408141 0.415593
vt 0.408141 0.360859
vt 0.408141 0.524962
vt 0.539364 0.382537
vt 0.372078 0.419073
vt 0.372078 0.382537
vt 0.030008 0.360009
vt 0.197294 0.323473
vt 0.197294 0.360009
vt 0.362206 0.280101
vt 0.030008 0.316637
vt 0.030008 0.280101
vt 0.362206 0.486398
vt 0.030008 0.319112
vt 0.362206 0.319112
vt 0.362206 0.527958
vt 0.030008 0.360672
vt 0.362206 0.360672
vt 0.030008 0.363759
vt 0.197294 0.419073
vt 0.030008 0.419073
vt 0.368329 0.419073
vt 0.201043 0.363759
vt 0.368329 0.363759
vt 0.365956 0.461819
vt 0.551543 0.517133
vt 0.365956 0.517133
vt 0.365956 0.360672
vt 0.551543 0.527958
vt 0.365956 0.527958
vt 0.201043 0.324762
vt 0.368329 0.360009
vt 0.201043 0.360009
vt 0.539364 0.360009
vt 0.372078 0.324762
vt 0.539364 0.324762
vt 0.030008 0.422822
vt 0.294123 0.458069
vt 0.030008 0.458069
vt 0.630071 0.319112
vt 0.365956 0.486398
vt 0.365956 0.319112
vt 0.472252 0.358934
vt 0.469852 0.404409
vt 0.469852 0.358934
vt 0.472252 0.313431
vt 0.469852 0.313431
vt 0.472252 0.267900
vt 0.469852 0.267900
vt 0.362206 0.320387
vt 0.030008 0.356922
vt 0.030008 0.320387
vt 0.297872 0.422822
vt 0.561987 0.458069
vt 0.297872 0.458069
vt 0.364778 0.530241
vt 0.364778 0.582986
vt 0.364778 0.635699
vt 0.364778 0.477464
vt 0.447796 0.374270
vt 0.445491 0.398564
vt 0.445491 0.374270
vt 0.447797 0.362746
vt 0.445491 0.362746
vt 0.477333 0.371067
vt 0.480960 0.411660
vt 0.477333 0.411660
vt 0.480960 0.371067
vt 0.477333 0.352937
vt 0.480960 0.352937
vt 0.441771 0.505114
vt 0.086472 0.508946
vt 0.086472 0.505114
vt 0.086472 0.482397
vt 0.441771 0.478566
vt 0.441771 0.482397
vt 0.086472 0.491647
vt 0.441771 0.491647
vt 0.086472 0.500897
vt 0.441771 0.500897
vt 0.086472 0.504729
vt 0.441771 0.504729
vt 0.441771 0.527446
vt 0.086472 0.531277
vt 0.086472 0.527446
vt 0.441771 0.518196
vt 0.086472 0.518196
vt 0.320113 0.501667
vt 0.035875 0.509067
vt 0.035875 0.501667
vt 0.320113 0.498602
vt 0.035875 0.498602
vt 0.035875 0.522906
vt 0.320113 0.519841
vt 0.320113 0.522906
vt 0.035875 0.530306
vt 0.320113 0.530306
vt 0.035875 0.537706
vt 0.320113 0.537706
vt 0.035875 0.540771
vt 0.320113 0.540771
vt 0.320113 0.516467
vt 0.035875 0.519532
vt 0.035875 0.516467
vt 0.320113 0.509067
vt 0.441771 0.508946
vt 0.346373 0.515444
vt 0.063775 0.524374
vt 0.063775 0.515444
vt 0.346373 0.491767
vt 0.063775 0.496718
vt 0.063775 0.491767
vt 0.063775 0.506081
vt 0.346373 0.497152
vt 0.346373 0.506081
vt 0.063775 0.515011
vt 0.346373 0.515011
vt 0.063775 0.491333
vt 0.346373 0.486383
vt 0.346373 0.491333
vt 0.346373 0.524374
vt 0.063775 0.533303
vt 0.643130 0.419154
vt 0.535823 0.447308
vt 0.639076 0.410884
vt 0.645515 0.425926
vt 0.539119 0.455732
vt 0.097135 0.397027
vt 0.204330 0.363283
vt 0.099742 0.403716
vt 0.092820 0.388890
vt 0.203542 0.356161
vt 0.261712 0.415321
vt 0.372433 0.448050
vt 0.368118 0.456186
vt 0.260923 0.422443
vt 0.365511 0.462876
vt 0.482119 0.400451
vt 0.375723 0.370645
vt 0.378108 0.363873
vt 0.485415 0.392027
vt 0.382162 0.355603
vt 0.392983 0.318297
vt 0.197968 0.306813
vt 0.392256 0.306813
vt 0.539673 0.462876
vt 0.378505 0.410884
vt 0.369849 0.403716
vt 0.406784 0.333072
vt 0.201699 0.321587
vt 0.406052 0.321587
vt 0.201699 0.344556
vt 0.406052 0.344556
vt 0.095405 0.462876
vt 0.642733 0.355603
vt 0.481565 0.407595
vt 0.392983 0.295328
vt 0.465822 0.437216
vt 0.567778 0.448700
vt 0.464226 0.448700
vt 0.092820 0.379389
vt 0.181320 0.294064
vt 0.095443 0.385116
vt 0.472713 0.310608
vt 0.381031 0.395133
vt 0.470213 0.304823
vt 0.465820 0.474959
vt 0.571512 0.486444
vt 0.464227 0.486443
vt 0.571512 0.463474
vt 0.464226 0.463474
vt 0.184502 0.504226
vt 0.092820 0.419700
vt 0.095321 0.413915
vt 0.372438 0.395391
vt 0.460937 0.480717
vt 0.458315 0.486443
vt 0.465822 0.460185
vt 0.367781 0.311996
vt 0.179156 0.302583
vt 0.370294 0.305257
vt 0.179884 0.287079
vt 0.188329 0.379456
vt 0.382317 0.402149
vt 0.184358 0.387795
vt 0.379978 0.410626
vt 0.183217 0.511241
vt 0.381176 0.496887
vt 0.185555 0.519718
vt 0.377204 0.488549
vt 0.183463 0.406584
vt 0.373873 0.388406
vt 0.374601 0.403910
vt 0.185976 0.413323
vt 0.456727 0.377082
vt 0.363982 0.320413
vt 0.460937 0.371267
vt 0.097487 0.310545
vt 0.190988 0.372773
vt 0.092820 0.318486
vt 0.472714 0.427578
vt 0.374546 0.481866
vt 0.468047 0.419638
vt 0.092820 0.472594
vt 0.189775 0.421740
vt 0.097031 0.478409
vt 0.404912 0.366803
vt 0.290047 0.435626
vt 0.290047 0.366803
vt 0.175252 0.505659
vt 0.060528 0.436837
vt 0.175252 0.436837
vt 0.175252 0.334855
vt 0.060528 0.317879
vt 0.175252 0.317879
vt 0.404912 0.334855
vt 0.290047 0.317879
vt 0.404912 0.317879
vt 0.290047 0.334855
vt 0.290047 0.505659
vt 0.404912 0.436837
vt 0.404912 0.505659
vt 0.290047 0.436837
vt 0.060528 0.366803
vt 0.175252 0.435626
vt 0.060528 0.435626
vt 0.175252 0.366803
vt 0.175252 0.536397
vt 0.290047 0.536397
vt 0.404912 0.536397
vt 0.060528 0.505659
vt 0.290188 0.299692
vt 0.404912 0.316668
vt 0.290188 0.316668
vt 0.175393 0.316668
vt 0.060528 0.316668
vt 0.175393 0.299692
vt 0.290047 0.336066
vt 0.175252 0.336066
vt 0.060528 0.336066
vt 0.404912 0.336066
vt 0.091265 0.281505
vt 0.160088 0.298481
vt 0.091265 0.298481
vt 0.060528 0.281505
vt 0.060528 0.298481
vt 0.230121 0.281505
vt 0.161299 0.298481
vt 0.161299 0.281505
vt 0.230122 0.298481
vt 0.260859 0.281505
vt 0.260859 0.298481
vt 0.491254 0.600610
vt 0.494779 0.597280
vt 0.496908 0.600609
vt 0.139369 0.670751
vt 0.491127 0.675118
vt 0.139376 0.675118
vt 0.212931 0.628014
vt 0.801970 0.640398
vt 0.212931 0.640398
vt 0.139464 0.663356
vt 0.728503 0.655635
vt 0.728503 0.663356
vt 0.462164 0.712915
vt 0.455079 0.694041
vt 0.462156 0.694041
vt 0.483391 0.700812
vt 0.476311 0.694041
vt 0.487663 0.694041
vt 0.476317 0.707826
vt 0.469234 0.694041
vt 0.469241 0.711463
vt 0.139464 0.678800
vt 0.728503 0.686524
vt 0.139464 0.686524
vt 0.139464 0.671077
vt 0.728503 0.678800
vt 0.728503 0.671077
vt 0.212931 0.655839
vt 0.801970 0.663559
vt 0.212931 0.663559
vt 0.212931 0.648118
vt 0.801970 0.655838
vt 0.801970 0.648118
vt 0.480679 0.600610
vt 0.484204 0.591330
vt 0.484204 0.600610
vt 0.487729 0.592043
vt 0.487729 0.600610
vt 0.491254 0.593832
vt 0.470104 0.600609
vt 0.466579 0.597280
vt 0.470104 0.593832
vt 0.139376 0.653205
vt 0.491120 0.657573
vt 0.139369 0.657573
vt 0.801970 0.686720
vt 0.212931 0.699104
vt 0.212931 0.686720
vt 0.139464 0.647915
vt 0.139464 0.655635
vt 0.448009 0.712915
vt 0.448001 0.694041
vt 0.433846 0.694041
vt 0.426772 0.700812
vt 0.422494 0.694041
vt 0.440924 0.694041
vt 0.433852 0.707826
vt 0.440931 0.711463
vt 0.728503 0.624761
vt 0.139464 0.632477
vt 0.139464 0.624761
vt 0.728503 0.640196
vt 0.139464 0.640196
vt 0.212931 0.671280
vt 0.801970 0.671279
vt 0.212931 0.679000
vt 0.801970 0.679000
vt 0.477154 0.591330
vt 0.480679 0.591022
vt 0.477154 0.600609
vt 0.473629 0.592043
vt 0.473629 0.600609
vt 0.531317 0.651201
vt 0.542039 0.646103
vt 0.608075 0.655126
vt 0.463805 0.705820
vt 0.456969 0.699069
vt 0.544236 0.693870
vt 0.422259 0.602700
vt 0.470553 0.662323
vt 0.404882 0.662323
vt 0.427674 0.599876
vt 0.333392 0.605547
vt 0.333392 0.599876
vt 0.397339 0.662316
vt 0.415760 0.599108
vt 0.425561 0.610755
vt 0.427674 0.605547
vt 0.628333 0.632157
vt 0.548739 0.637366
vt 0.544831 0.632157
vt 0.470550 0.599108
vt 0.628333 0.626486
vt 0.542039 0.664150
vt 0.531317 0.659052
vt 0.456974 0.688672
vt 0.463815 0.681920
vt 0.436479 0.620550
vt 0.371334 0.700975
vt 0.347895 0.620550
vt 0.333392 0.594205
vt 0.337720 0.620560
vt 0.425561 0.588997
vt 0.333443 0.588997
vt 0.548739 0.615609
vt 0.628333 0.620815
vt 0.544831 0.620815
vt 0.436475 0.705820
vt 0.362568 0.705821
vt 0.544831 0.626486
vt 0.586466 0.699073
vt 0.468863 0.710432
vt 0.468863 0.699073
vt 0.258056 0.577635
vt 0.284010 0.710957
vt 0.258056 0.710957
vt 0.284010 0.577635
vt 0.320638 0.710957
vt 0.363522 0.577635
vt 0.363522 0.710957
vt 0.407491 0.577635
vt 0.407491 0.710957
vt 0.447241 0.577635
vt 0.447241 0.710957
vt 0.587729 0.710432
vt 0.705333 0.682895
vt 0.705333 0.710432
vt 0.587729 0.682895
vt 0.705333 0.657971
vt 0.587729 0.657971
vt 0.705333 0.638665
vt 0.608318 0.710957
vt 0.589702 0.577635
vt 0.608318 0.577635
vt 0.589702 0.710957
vt 0.560541 0.577635
vt 0.560541 0.710957
vt 0.524352 0.577635
vt 0.524352 0.710957
vt 0.485501 0.577635
vt 0.485501 0.710957
vt 0.448673 0.577635
vt 0.586466 0.600478
vt 0.468863 0.627306
vt 0.468863 0.600478
vt 0.586466 0.627306
vt 0.468863 0.654843
vt 0.428161 0.589042
vt 0.489719 0.695664
vt 0.409360 0.695664
vt 0.586466 0.654843
vt 0.468863 0.679767
vt 0.586466 0.679767
vt 0.327577 0.878929
vt 0.314357 0.874416
vt 0.327577 0.874416
vt 0.327577 0.882885
vt 0.314357 0.878929
vt 0.327577 0.885965
vt 0.314357 0.882885
vt 0.327577 0.919679
vt 0.314357 0.915722
vt 0.327577 0.915722
vt 0.327577 0.924192
vt 0.314357 0.919679
vt 0.327577 0.928895
vt 0.314357 0.924192
vt 0.327577 0.933408
vt 0.314357 0.928895
vt 0.327577 0.937365
vt 0.314357 0.933408
vt 0.327577 0.890022
vt 0.314357 0.886942
vt 0.327577 0.886942
vt 0.327577 0.893979
vt 0.314357 0.890022
vt 0.327577 0.898492
vt 0.314357 0.893979
vt 0.327577 0.903195
vt 0.314357 0.898492
vt 0.327577 0.907708
vt 0.314357 0.903195
vt 0.327577 0.911665
vt 0.314357 0.907708
vt 0.327577 0.842580
vt 0.314357 0.838623
vt 0.327577 0.838623
vt 0.327577 0.847093
vt 0.314357 0.842580
vt 0.327577 0.851796
vt 0.314357 0.847093
vt 0.327577 0.856309
vt 0.314357 0.851796
vt 0.327577 0.860266
vt 0.314357 0.856309
vt 0.327577 0.865199
vt 0.314357 0.861242
vt 0.327577 0.861242
vt 0.295284 0.927657
vt 0.327577 0.869712
vt 0.314357 0.865199
vt 0.314357 0.869712
vt 0.211731 0.813611
vt 0.208291 0.807271
vt 0.212804 0.807271
vt 0.225603 0.921421
vt 0.295284 0.919962
vt 0.295284 0.921421
vt 0.295284 0.899730
vt 0.295284 0.848331
vt 0.295284 0.870951
vt 0.295284 0.923294
vt 0.295284 0.894263
vt 0.295284 0.905967
vt 0.314357 0.911665
vt 0.295284 0.854567
vt 0.314357 0.860266
vt 0.295284 0.877187
vt 0.295284 0.850558
vt 0.295284 0.873177
vt 0.295284 0.925430
vt 0.295284 0.895721
vt 0.295284 0.844321
vt 0.295284 0.868814
vt 0.314357 0.885965
vt 0.295284 0.931666
vt 0.314357 0.937365
vt 0.295284 0.875314
vt 0.295284 0.904094
vt 0.295284 0.852694
vt 0.243057 0.820139
vt 0.256003 0.814227
vt 0.243057 0.808314
vt 0.225604 0.852694
vt 0.225604 0.899730
vt 0.295284 0.897594
vt 0.225603 0.923294
vt 0.225604 0.854567
vt 0.295284 0.901957
vt 0.225603 0.925430
vt 0.225603 0.868814
vt 0.295284 0.866941
vt 0.225604 0.904094
vt 0.225603 0.927657
vt 0.225603 0.870951
vt 0.225604 0.905967
vt 0.225603 0.929793
vt 0.295284 0.929793
vt 0.225603 0.873177
vt 0.225604 0.846195
vt 0.295284 0.846195
vt 0.225603 0.931666
vt 0.225603 0.875314
vt 0.225604 0.848331
vt 0.225603 0.933125
vt 0.295284 0.933125
vt 0.225603 0.877187
vt 0.225604 0.850558
vt 0.225604 0.897594
vt 0.246930 0.829288
vt 0.241087 0.837646
vt 0.243591 0.829288
vt 0.162862 0.809941
vt 0.159422 0.803600
vt 0.163935 0.803600
vt 0.248621 0.822947
vt 0.244664 0.822947
vt 0.223829 0.829288
vt 0.222921 0.822947
vt 0.226001 0.822947
vt 0.206308 0.829288
vt 0.201278 0.822947
vt 0.205235 0.822947
vt 0.200148 0.813611
vt 0.195118 0.807271
vt 0.199075 0.807271
vt 0.214084 0.829288
vt 0.209748 0.822947
vt 0.214452 0.822947
vt 0.150206 0.803600
vt 0.147940 0.809941
vt 0.146249 0.803600
vt 0.235815 0.829288
vt 0.230935 0.822947
vt 0.235448 0.822947
vt 0.203955 0.813611
vt 0.203588 0.807271
vt 0.159055 0.809941
vt 0.154719 0.803600
vt 0.239784 0.829288
vt 0.240151 0.822947
vt 0.221230 0.829288
vt 0.218965 0.822947
vt 0.216761 0.807271
vt 0.166201 0.809941
vt 0.167892 0.803600
vt 0.251701 0.822947
vt 0.232008 0.829288
vt 0.226978 0.822947
vt 0.210116 0.829288
vt 0.155087 0.809941
vt 0.130176 0.823832
vt 0.143272 0.829813
vt 0.130176 0.835794
vt 0.200757 0.821970
vt 0.196810 0.813611
vt 0.213226 0.837646
vt 0.238926 0.837646
vt 0.162253 0.818299
vt 0.208812 0.837646
vt 0.236673 0.837646
vt 0.160358 0.818299
vt 0.202970 0.829288
vt 0.158197 0.818299
vt 0.211122 0.821970
vt 0.215070 0.813611
vt 0.234512 0.837646
vt 0.228669 0.829288
vt 0.153783 0.818299
vt 0.151279 0.809941
vt 0.207066 0.821970
vt 0.207924 0.813611
vt 0.123630 0.822275
vt 0.126228 0.819276
vt 0.217282 0.837646
vt 0.217892 0.829288
vt 0.142016 0.825534
vt 0.144489 0.819276
vt 0.147087 0.822275
vt 0.204813 0.821970
vt 0.034739 0.903114
vt 0.068643 0.833775
vt 0.068643 0.903114
vt 0.069488 0.973297
vt 0.085766 0.903958
vt 0.085766 0.973297
vt 0.103392 0.833775
vt 0.069488 0.903114
vt 0.069488 0.833775
vt 0.086610 0.973297
vt 0.102888 0.903958
vt 0.102888 0.973297
vt 0.155264 0.867680
vt 0.138986 0.833775
vt 0.155264 0.833775
vt 0.155264 0.902429
vt 0.138986 0.868524
vt 0.155264 0.868524
vt 0.123630 0.874416
vt 0.136850 0.878929
vt 0.123630 0.878929
vt 0.123630 0.882885
vt 0.136850 0.912642
vt 0.123630 0.915722
vt 0.123630 0.912642
vt 0.136850 0.919679
vt 0.123630 0.919679
vt 0.123630 0.924192
vt 0.136850 0.924192
vt 0.123630 0.928895
vt 0.136850 0.928895
vt 0.123630 0.933408
vt 0.136850 0.933408
vt 0.123630 0.937365
vt 0.136850 0.940445
vt 0.123630 0.940445
vt 0.123630 0.890022
vt 0.136850 0.893979
vt 0.123630 0.893979
vt 0.136850 0.898492
vt 0.123630 0.898492
vt 0.123630 0.903195
vt 0.136850 0.903195
vt 0.123630 0.907708
vt 0.136850 0.907708
vt 0.123630 0.911665
vt 0.136851 0.838623
vt 0.123630 0.842580
vt 0.123630 0.838623
vt 0.136851 0.842580
vt 0.123630 0.847093
vt 0.136851 0.847093
vt 0.123630 0.851796
vt 0.136851 0.851796
vt 0.123630 0.856309
vt 0.136851 0.856309
vt 0.123630 0.860266
vt 0.123630 0.861242
vt 0.136850 0.865199
vt 0.123630 0.865199
vt 0.155923 0.927657
vt 0.123630 0.869712
vt 0.136850 0.869712
vt 0.141316 0.818299
vt 0.136435 0.811958
vt 0.140243 0.811958
vt 0.155923 0.919962
vt 0.155923 0.921421
vt 0.155923 0.899730
vt 0.155923 0.848331
vt 0.155923 0.868814
vt 0.155923 0.870951
vt 0.136850 0.915722
vt 0.155923 0.923294
vt 0.136850 0.890022
vt 0.155923 0.894263
vt 0.155923 0.895721
vt 0.155923 0.905967
vt 0.136850 0.911665
vt 0.136851 0.860266
vt 0.155923 0.852694
vt 0.155923 0.854567
vt 0.155923 0.877187
vt 0.136850 0.882885
vt 0.155923 0.929793
vt 0.155923 0.901957
vt 0.155923 0.850558
vt 0.136850 0.874416
vt 0.155923 0.873177
vt 0.155923 0.925430
vt 0.155923 0.897594
vt 0.155923 0.844321
vt 0.155923 0.846195
vt 0.155923 0.866941
vt 0.155923 0.931666
vt 0.136850 0.937365
vt 0.155923 0.875314
vt 0.155923 0.904093
vt 0.225604 0.901957
vt 0.155923 0.933125
vt 0.195530 0.831305
vt 0.189688 0.822947
vt 0.191583 0.822947
vt 0.190185 0.821970
vt 0.185304 0.815629
vt 0.189112 0.815629
vt 0.197222 0.837646
vt 0.192192 0.831305
vt 0.175579 0.837646
vt 0.174671 0.831305
vt 0.177270 0.831305
vt 0.221695 0.821970
vt 0.219429 0.815629
vt 0.222768 0.815629
vt 0.123630 0.818299
vt 0.128659 0.811958
vt 0.127586 0.818299
vt 0.226208 0.821970
vt 0.230543 0.815629
vt 0.230911 0.821970
vt 0.176455 0.821970
vt 0.174190 0.815629
vt 0.177528 0.815629
vt 0.184049 0.837646
vt 0.180609 0.831305
vt 0.184416 0.831305
vt 0.136803 0.818299
vt 0.132467 0.811958
vt 0.185672 0.821970
vt 0.181336 0.815629
vt 0.193265 0.837646
vt 0.188384 0.831305
vt 0.239381 0.821970
vt 0.234351 0.815629
vt 0.237689 0.815629
vt 0.145272 0.818299
vt 0.143581 0.811958
vt 0.194142 0.821970
vt 0.192450 0.815629
vt 0.198129 0.831305
vt 0.200302 0.837646
vt 0.179536 0.837646
vt 0.226575 0.815629
vt 0.132099 0.818299
vt 0.180968 0.821970
vt 0.188752 0.837646
vt 0.235424 0.821970
vt 0.154610 0.821128
vt 0.167707 0.827109
vt 0.154610 0.833090
vt 0.125321 0.811958
vt 0.131163 0.803600
vt 0.227433 0.807271
vt 0.229686 0.807271
vt 0.187526 0.822947
vt 0.188503 0.807270
vt 0.225272 0.807271
vt 0.185274 0.822947
vt 0.184446 0.807270
vt 0.186608 0.807270
vt 0.182194 0.807270
vt 0.139634 0.803600
vt 0.181218 0.822947
vt 0.183113 0.822947
vt 0.180033 0.807270
vt 0.135577 0.803600
vt 0.137739 0.803600
vt 0.150663 0.837646
vt 0.153135 0.831388
vt 0.233742 0.807271
vt 0.168923 0.837646
vt 0.166451 0.831388
vt 0.171522 0.834647
vt 0.133325 0.803600
vt 0.231847 0.807271
vt 0.104237 0.833775
vt 0.138141 0.903114
vt 0.104237 0.903114
vt 0.103733 0.903958
vt 0.120011 0.973297
vt 0.103733 0.973297
vt 0.068643 0.973297
vt 0.034738 0.903959
vt 0.068643 0.903959
vt 0.120856 0.903958
vt 0.137134 0.973297
vt 0.120856 0.973297
vt 0.138986 0.937178
vt 0.155264 0.903274
vt 0.155264 0.937178
vt 0.138986 0.971927
vt 0.155264 0.938023
vt 0.155264 0.971927
vt 0.092820 0.295328
vt 0.196969 0.295328
vt 0.591754 0.406533
vt 0.464226 0.400696
vt 0.591117 0.400696
vt 0.464227 0.418949
vt 0.593507 0.424793
vt 0.464855 0.424793
vt 0.092820 0.333072
vt 0.200703 0.333071
vt 0.464227 0.433926
vt 0.593508 0.428082
vt 0.592879 0.433926
vt 0.591754 0.409822
vt 0.464227 0.415659
vt 0.464863 0.409822
vt 0.092820 0.318297
vt 0.196969 0.318297
vt 0.655295 0.952162
vt 0.686983 0.975049
vt 0.655295 0.975049
vt 0.686983 0.952162
vt 0.733049 0.975049
vt 0.733049 0.952162
vt 0.786479 0.975049
vt 0.786479 0.952162
vt 0.839140 0.975049
vt 0.839140 0.952162
vt 0.883014 0.975049
vt 0.655295 0.901136
vt 0.704398 0.924023
vt 0.655295 0.924023
vt 0.704398 0.901136
vt 0.753788 0.924023
vt 0.753788 0.901136
vt 0.795946 0.924023
vt 0.655295 0.926649
vt 0.686983 0.949536
vt 0.655295 0.949536
vt 0.686983 0.926649
vt 0.733049 0.949536
vt 0.733049 0.926649
vt 0.786479 0.949536
vt 0.786479 0.926649
vt 0.839140 0.949536
vt 0.839140 0.926649
vt 0.883014 0.949536
vt 0.655295 0.875623
vt 0.704398 0.898509
vt 0.655295 0.898509
vt 0.938919 0.917353
vt 0.878839 0.867651
vt 0.951515 0.879395
vt 0.704398 0.875623
vt 0.753788 0.898509
vt 0.753788 0.875623
vt 0.795946 0.898509
vt 0.618683 0.839402
vt 0.674718 0.870341
vt 0.618683 0.879395
vt 0.686296 0.837306
vt 0.724063 0.849459
vt 0.716551 0.894744
vt 0.717881 0.766814
vt 0.716551 0.839729
vt 0.706735 0.834004
vt 0.748292 0.955003
vt 0.724063 0.886218
vt 0.771567 0.928588
vt 0.654555 0.947497
vt 0.678784 0.882592
vt 0.686296 0.892321
vt 0.684965 0.764178
vt 0.654555 0.777047
vt 0.717881 0.967873
vt 0.696111 0.898047
vt 0.706735 0.898898
vt 0.784163 0.892648
vt 0.728129 0.861710
vt 0.784163 0.852655
vt 0.631280 0.803462
vt 0.674718 0.857432
vt 0.748292 0.784554
vt 0.631280 0.917353
vt 0.696111 0.833153
vt 0.728129 0.874618
vt 0.684965 0.965237
vt 0.678784 0.845832
vt 0.771567 0.814697
vt 0.697561 0.841957
vt 0.711282 0.845373
vt 0.700588 0.847147
vt 0.885233 0.764178
vt 0.866773 0.853958
vt 0.852317 0.766814
vt 0.798632 0.928588
vt 0.858711 0.869263
vt 0.860243 0.873635
vt 0.885233 0.965237
vt 0.874476 0.875935
vt 0.915644 0.947496
vt 0.915644 0.777047
vt 0.877307 0.858415
vt 0.874476 0.855202
vt 0.798632 0.814697
vt 0.858711 0.864399
vt 0.786035 0.852655
vt 0.951515 0.839402
vt 0.878839 0.862787
vt 0.863074 0.856115
vt 0.821907 0.784554
vt 0.821907 0.955003
vt 0.863074 0.876848
vt 0.877307 0.872268
vt 0.870777 0.853637
vt 0.852317 0.967873
vt 0.870777 0.878093
vt 0.786035 0.892648
vt 0.938919 0.803462
vt 0.860243 0.859782
vt 0.866773 0.878413
vt 0.541849 0.941544
vt 0.927878 0.951646
vt 0.541849 0.951646
vt 0.666723 0.852765
vt 0.655295 0.845373
vt 0.666273 0.847147
vt 0.698842 0.857955
vt 0.712016 0.854539
vt 0.708433 0.863007
vt 0.701038 0.852765
vt 0.668470 0.841957
vt 0.658879 0.836905
vt 0.694333 0.861928
vt 0.701077 0.869489
vt 0.672978 0.837985
vt 0.666234 0.830424
vt 0.688200 0.864078
vt 0.691069 0.872996
vt 0.679112 0.835835
vt 0.676242 0.826917
vt 0.681374 0.864078
vt 0.679933 0.872996
vt 0.685938 0.835835
vt 0.687379 0.826917
vt 0.669363 0.869489
vt 0.674895 0.861928
vt 0.697949 0.830424
vt 0.692416 0.837985
vt 0.660969 0.863007
vt 0.669751 0.857955
vt 0.706342 0.836905
vt 0.656029 0.854539
vt 0.666234 0.820782
vt 0.660969 0.788199
vt 0.701077 0.781718
vt 0.541849 0.808295
vt 0.927878 0.819601
vt 0.541849 0.819601
vt 0.541849 0.772861
vt 0.927878 0.784167
vt 0.541849 0.784167
vt 0.927878 0.830974
vt 0.541849 0.830974
vt 0.541849 0.795540
vt 0.927878 0.795540
vt 0.927878 0.840681
vt 0.541849 0.840681
vt 0.541849 0.843729
vt 0.927878 0.851025
vt 0.541849 0.851025
vt 0.927878 0.805247
vt 0.541849 0.805247
vt 0.541849 0.899211
vt 0.927878 0.906508
vt 0.541849 0.906508
vt 0.927878 0.861632
vt 0.541849 0.861632
vt 0.927878 0.917115
vt 0.541849 0.917115
vt 0.927878 0.873935
vt 0.541849 0.873935
vt 0.927878 0.929418
vt 0.541849 0.929418
vt 0.927878 0.886061
vt 0.541849 0.886061
vt 0.927878 0.941544
vt 0.927878 0.896164
vt 0.541849 0.896164
vt 0.795946 0.901136
vt 0.444181 0.993409
vt 0.551577 0.763607
vt 0.444181 0.763607
vt 0.552688 0.764634
vt 0.455358 0.988322
vt 0.552688 0.988322
vt 0.661948 0.993409
vt 0.554551 0.763607
vt 0.554551 0.993409
vt 0.651278 0.764634
vt 0.553948 0.988322
vt 0.651278 0.988322
vt 0.652538 0.764634
vt 0.698024 0.988322
vt 0.698024 0.764634
vt 0.744771 0.764634
vt 0.699284 0.988322
vt 0.744771 0.988322
vt 0.259266 0.406112
vt 0.271580 0.529255
vt 0.271580 0.406112
vt 0.246951 0.406112
vt 0.259266 0.529255
vt 0.234637 0.406112
vt 0.246951 0.529255
vt 0.222323 0.529255
vt 0.234637 0.529255
vt 0.222323 0.406112
vt 0.210009 0.529255
vt 0.197694 0.406112
vt 0.210009 0.406112
vt 0.185380 0.406112
vt 0.197694 0.529255
vt 0.173066 0.406112
vt 0.185380 0.529255
vt 0.160752 0.406112
vt 0.173066 0.529255
vt 0.148437 0.406112
vt 0.160752 0.529255
vt 0.136123 0.406112
vt 0.148437 0.529255
vt 0.123809 0.406112
vt 0.136123 0.529255
vt 0.111495 0.406112
vt 0.123809 0.529255
vt 0.099180 0.406112
vt 0.111495 0.529255
vt 0.086866 0.406112
vt 0.099180 0.529255
vt 0.074552 0.406112
vt 0.086866 0.529255
vt 0.062238 0.406112
vt 0.074552 0.529255
vt 0.049923 0.406112
vt 0.062238 0.529255
vt 0.121609 0.296721
vt 0.030651 0.362807
vt 0.086866 0.403649
vt 0.037609 0.406112
vt 0.049923 0.529255
vt 0.025295 0.406112
vt 0.037609 0.529255
vt 0.162189 0.309798
vt 0.269117 0.344541
vt 0.228274 0.400756
vt 0.433130 0.935500
vt 0.982137 0.934845
vt 0.433130 0.934845
vt 0.433130 0.954315
vt 0.982137 0.953189
vt 0.433130 0.953189
vt 0.433130 0.956069
vt 0.982137 0.954315
vt 0.433130 0.958279
vt 0.982137 0.956069
vt 0.433130 0.960729
vt 0.982137 0.958279
vt 0.433130 0.963179
vt 0.982137 0.960729
vt 0.433130 0.965389
vt 0.982137 0.963179
vt 0.433130 0.967143
vt 0.982137 0.965389
vt 0.433130 0.968270
vt 0.982137 0.967143
vt 0.433130 0.936713
vt 0.982137 0.936059
vt 0.433130 0.936059
vt 0.433130 0.937810
vt 0.982137 0.936713
vt 0.433130 0.939242
vt 0.982137 0.937810
vt 0.433130 0.941555
vt 0.982137 0.939801
vt 0.433130 0.939801
vt 0.433130 0.943766
vt 0.982137 0.941555
vt 0.433130 0.946216
vt 0.982137 0.943766
vt 0.433130 0.948666
vt 0.982137 0.946216
vt 0.433130 0.950876
vt 0.982137 0.948666
vt 0.433130 0.952630
vt 0.982137 0.950876
vt 0.434781 0.925852
vt 0.443259 0.931757
vt 0.448950 0.928861
vt 0.433130 0.933748
vt 0.982137 0.932316
vt 0.433130 0.932316
vt 0.982137 0.933748
vt 0.452961 0.925211
vt 0.457181 0.931757
vt 0.464868 0.929897
vt 0.306935 0.509882
vt 0.294211 0.382634
vt 0.306935 0.382634
vt 0.294211 0.509882
vt 0.281486 0.382634
vt 0.281486 0.509882
vt 0.268761 0.382634
vt 0.268761 0.509882
vt 0.256036 0.382634
vt 0.256036 0.509882
vt 0.243311 0.382634
vt 0.243311 0.509882
vt 0.230587 0.382634
vt 0.230587 0.509882
vt 0.217862 0.382634
vt 0.217862 0.509882
vt 0.205137 0.382634
vt 0.205137 0.509882
vt 0.192412 0.382634
vt 0.192412 0.509882
vt 0.179687 0.382634
vt 0.179687 0.509882
vt 0.166963 0.382634
vt 0.166963 0.509882
vt 0.154238 0.382634
vt 0.154238 0.509882
vt 0.141513 0.382634
vt 0.141513 0.509882
vt 0.128788 0.382634
vt 0.128788 0.509882
vt 0.116063 0.382634
vt 0.103339 0.509882
vt 0.103339 0.382634
vt 0.090614 0.509882
vt 0.090614 0.382634
vt 0.077889 0.382634
vt 0.057974 0.300135
vt 0.174153 0.300135
vt 0.151965 0.368424
vt 0.077889 0.509882
vt 0.065164 0.382634
vt 0.065164 0.509882
vt 0.052439 0.382634
vt 0.292725 0.283108
vt 0.182232 0.319010
vt 0.224437 0.377099
vt 0.458570 0.941518
vt 0.961208 0.942117
vt 0.961208 0.941518
vt 0.961208 0.968693
vt 0.458571 0.967662
vt 0.458571 0.968693
vt 0.961208 0.966056
vt 0.458571 0.966056
vt 0.458571 0.964032
vt 0.961208 0.964032
vt 0.458571 0.961789
vt 0.961208 0.961789
vt 0.458571 0.959546
vt 0.961208 0.959546
vt 0.458571 0.957523
vt 0.961208 0.957523
vt 0.458571 0.955917
vt 0.961208 0.955917
vt 0.458571 0.954886
vt 0.458571 0.935776
vt 0.961208 0.936375
vt 0.961208 0.935776
vt 0.458571 0.936375
vt 0.961208 0.937380
vt 0.458570 0.937380
vt 0.961208 0.938691
vt 0.458571 0.942629
vt 0.961208 0.944235
vt 0.961208 0.942629
vt 0.458571 0.944235
vt 0.961208 0.946258
vt 0.458571 0.946258
vt 0.961208 0.948502
vt 0.458571 0.948502
vt 0.961208 0.950745
vt 0.458571 0.950745
vt 0.961208 0.952768
vt 0.458571 0.952768
vt 0.961208 0.954374
vt 0.463781 0.928962
vt 0.463368 0.934956
vt 0.471543 0.934369
vt 0.458571 0.939202
vt 0.961208 0.940513
vt 0.961208 0.939202
vt 0.458570 0.940514
vt 0.476726 0.929271
vt 0.480590 0.935264
vt 0.487627 0.933562
vt 0.042918 0.038834
vt 0.964624 0.048226
vt 0.964624 0.038834
vt 0.042918 0.017207
vt 0.104483 0.026599
vt 0.104483 0.017207
vt 0.042918 0.028021
vt 0.964624 0.037413
vt 0.964624 0.028021
vt 0.105904 0.017207
vt 0.167470 0.026599
vt 0.167470 0.017207
vt 0.731386 0.291901
vt 0.025186 0.523872
vt 0.025186 0.291902
vt 0.743704 0.289324
vt 0.029511 0.523920
vt 0.029511 0.289324
vt 0.574007 0.532935
vt 0.197018 0.363635
vt 0.574007 0.519745
vt 0.024375 0.330251
vt 0.581044 0.457718
vt 0.784018 0.484136
vt 0.024375 0.462621
vt 0.401083 0.252522
vt 0.407310 0.385867
vt 0.503839 0.295261
vt 0.234829 0.428521
vt 0.524593 0.408038
vt 0.581044 0.407852
vt 0.314140 0.246857
vt 0.706813 0.394301
vt 0.706813 0.484322
vt 0.571799 0.306124
vt 0.194810 0.306124
vt 0.784018 0.534002
vt 0.323878 0.380117
vt 0.139749 0.482663
vt 0.076228 0.387443
vt 0.565211 0.459988
vt 0.032539 0.490422
vt 0.520311 0.489892
vt 0.038689 0.540208
vt 0.345172 0.500530
vt 0.038689 0.501000
vt 0.038689 0.489321
vt 0.038689 0.520839
vt 0.635518 0.384790
vt 0.650672 0.370390
vt 0.635518 0.355990
vt 0.287343 0.384791
vt 0.292997 0.355990
vt 0.110698 0.308422
vt 0.123684 0.285433
vt 0.530540 0.405514
vt 0.528333 0.275191
vt 0.277084 0.275191
vt 0.151344 0.473688
vt 0.528333 0.254259
vt 0.151344 0.254259
vt 0.244645 0.308543
vt 0.850936 0.581357
vt 0.481967 0.415643
vt 0.829952 0.574947
vt 0.414456 0.350922
vt 0.456092 0.425493
vt 0.360035 0.555196
vt 0.409820 0.477464
vt 0.362735 0.524980
vt 0.353257 0.713231
vt 0.353257 0.560879
vt 0.539364 0.419073
vt 0.030008 0.323473
vt 0.362206 0.316637
vt 0.030008 0.486398
vt 0.030008 0.527958
vt 0.197294 0.363759
vt 0.201043 0.419073
vt 0.551543 0.461819
vt 0.551543 0.360672
vt 0.368329 0.324762
vt 0.372078 0.360009
vt 0.294123 0.422822
vt 0.630071 0.486398
vt 0.472252 0.404409
vt 0.362206 0.356922
vt 0.561987 0.422822
vt 0.447797 0.398564
vt 0.086472 0.478566
vt 0.441771 0.531277
vt 0.035875 0.519841
vt 0.320113 0.519532
vt 0.346373 0.496718
vt 0.063775 0.497152
vt 0.063775 0.486383
vt 0.346373 0.533303
vt 0.199980 0.347845
vt 0.265274 0.407005
vt 0.375723 0.416941
vt 0.372433 0.397569
vt 0.092820 0.456729
vt 0.645515 0.361660
vt 0.569971 0.437216
vt 0.573703 0.474959
vt 0.569971 0.460185
vt 0.452225 0.385116
vt 0.101822 0.304823
vt 0.463712 0.413915
vt 0.101532 0.486443
vt 0.404912 0.435626
vt 0.060528 0.334855
vt 0.060528 0.536397
vt 0.404912 0.299692
vt 0.060528 0.299692
vt 0.160088 0.281505
vt 0.491120 0.670751
vt 0.801970 0.628014
vt 0.455086 0.713541
vt 0.464450 0.600610
vt 0.491127 0.653205
vt 0.801970 0.699104
vt 0.728503 0.647915
vt 0.728503 0.632477
vt 0.531317 0.655126
vt 0.534457 0.647596
vt 0.608075 0.646103
vt 0.544232 0.705820
vt 0.458970 0.703843
vt 0.456971 0.693870
vt 0.470554 0.602700
vt 0.333443 0.610755
vt 0.628333 0.637366
vt 0.608075 0.664150
vt 0.534457 0.662657
vt 0.544241 0.681920
vt 0.458978 0.683897
vt 0.436480 0.700975
vt 0.427674 0.594205
vt 0.628333 0.615609
vt 0.586466 0.710432
vt 0.320638 0.577635
vt 0.587729 0.638665
vt 0.448673 0.710957
vt 0.387981 0.658635
vt 0.387981 0.636926
vt 0.395406 0.616526
vt 0.409360 0.599897
vt 0.449540 0.585272
vt 0.470919 0.589042
vt 0.489719 0.599897
vt 0.503673 0.616526
vt 0.511098 0.636926
vt 0.511098 0.658634
vt 0.503673 0.679034
vt 0.470919 0.706518
vt 0.449540 0.710288
vt 0.428161 0.706518
vt 0.395406 0.679034
vt 0.225603 0.919962
vt 0.295284 0.878645
vt 0.240674 0.812023
vt 0.240357 0.814227
vt 0.240674 0.816431
vt 0.241599 0.818456
vt 0.244931 0.821343
vt 0.247067 0.821970
vt 0.249294 0.821970
vt 0.251430 0.821343
vt 0.253303 0.820139
vt 0.254762 0.818456
vt 0.255687 0.816431
vt 0.255687 0.812023
vt 0.254762 0.809997
vt 0.253303 0.808314
vt 0.251430 0.807111
vt 0.249294 0.806483
vt 0.247067 0.806483
vt 0.244931 0.807111
vt 0.241599 0.809997
vt 0.225603 0.866941
vt 0.225604 0.844321
vt 0.225604 0.895721
vt 0.242982 0.837646
vt 0.249529 0.829288
vt 0.127765 0.832042
vt 0.127445 0.829813
vt 0.127765 0.827583
vt 0.128701 0.825534
vt 0.132071 0.822614
vt 0.134232 0.821979
vt 0.136485 0.821979
vt 0.138646 0.822614
vt 0.140541 0.823832
vt 0.142952 0.827583
vt 0.142952 0.832042
vt 0.142016 0.834091
vt 0.140541 0.835794
vt 0.138646 0.837012
vt 0.136485 0.837646
vt 0.134232 0.837646
vt 0.132071 0.837012
vt 0.128701 0.834091
vt 0.202652 0.821970
vt 0.210974 0.837646
vt 0.206917 0.837646
vt 0.155944 0.818299
vt 0.209227 0.821970
vt 0.232617 0.837646
vt 0.151888 0.818299
vt 0.215387 0.837646
vt 0.034739 0.833775
vt 0.069488 0.903958
vt 0.103392 0.903114
vt 0.086610 0.903958
vt 0.138986 0.867680
vt 0.138986 0.902429
vt 0.136850 0.861242
vt 0.136850 0.886942
vt 0.172499 0.837646
vt 0.217738 0.821970
vt 0.172499 0.821970
vt 0.152200 0.829339
vt 0.151879 0.827109
vt 0.152200 0.824880
vt 0.153135 0.822831
vt 0.156505 0.819911
vt 0.158667 0.819276
vt 0.160919 0.819276
vt 0.163081 0.819911
vt 0.164976 0.821128
vt 0.166451 0.822831
vt 0.167386 0.824880
vt 0.167386 0.829339
vt 0.164976 0.833090
vt 0.163081 0.834308
vt 0.160919 0.834943
vt 0.158667 0.834943
vt 0.156505 0.834308
vt 0.129269 0.803600
vt 0.223377 0.807271
vt 0.148064 0.834647
vt 0.178138 0.807270
vt 0.138141 0.833775
vt 0.120011 0.903958
vt 0.034738 0.973297
vt 0.137134 0.903958
vt 0.138986 0.903274
vt 0.138986 0.938023
vt 0.094416 0.306813
vt 0.466593 0.406533
vt 0.591149 0.418949
vt 0.094414 0.344556
vt 0.094414 0.321587
vt 0.466586 0.428082
vt 0.589388 0.415659
vt 0.883014 0.952162
vt 0.883014 0.926649
vt 0.795946 0.875623
vt 0.708433 0.788199
vt 0.712016 0.796667
vt 0.711282 0.805833
vt 0.706342 0.814301
vt 0.697949 0.820782
vt 0.687379 0.824290
vt 0.676242 0.824290
vt 0.658879 0.814301
vt 0.655295 0.805833
vt 0.656029 0.796667
vt 0.669363 0.781718
vt 0.679933 0.778210
vt 0.691069 0.778210
vt 0.927878 0.808295
vt 0.927878 0.772861
vt 0.927878 0.843729
vt 0.927878 0.899211
vt 0.551577 0.993409
vt 0.455358 0.764634
vt 0.661948 0.763607
vt 0.553948 0.764634
vt 0.652538 0.988322
vt 0.699284 0.764634
vt 0.105132 0.400756
vt 0.121609 0.392361
vt 0.134686 0.379284
vt 0.143082 0.362807
vt 0.145975 0.344541
vt 0.143082 0.326276
vt 0.134686 0.309798
vt 0.105132 0.288326
vt 0.086866 0.285433
vt 0.068601 0.288326
vt 0.052123 0.296721
vt 0.039046 0.309798
vt 0.030651 0.326276
vt 0.027758 0.344541
vt 0.039046 0.379284
vt 0.052123 0.392361
vt 0.068601 0.400756
vt 0.025295 0.529255
vt 0.210009 0.403649
vt 0.191743 0.400756
vt 0.175266 0.392361
vt 0.162189 0.379284
vt 0.153793 0.362807
vt 0.150900 0.344541
vt 0.153793 0.326276
vt 0.175266 0.296721
vt 0.191743 0.288326
vt 0.210009 0.285433
vt 0.228274 0.288326
vt 0.244752 0.296721
vt 0.257828 0.309798
vt 0.266224 0.326276
vt 0.266224 0.362807
vt 0.257828 0.379284
vt 0.244752 0.392361
vt 0.982137 0.935500
vt 0.982137 0.968270
vt 0.982137 0.939242
vt 0.982137 0.952630
vt 0.448636 0.927770
vt 0.447579 0.926733
vt 0.445881 0.925852
vt 0.443710 0.925211
vt 0.441277 0.924874
vt 0.438822 0.924874
vt 0.436583 0.925211
vt 0.433591 0.926734
vt 0.433130 0.927770
vt 0.433444 0.928861
vt 0.434502 0.929897
vt 0.436199 0.930779
vt 0.438370 0.931420
vt 0.440803 0.931757
vt 0.445497 0.931420
vt 0.447300 0.930779
vt 0.448489 0.929897
vt 0.465328 0.928861
vt 0.465014 0.927770
vt 0.463957 0.926733
vt 0.462260 0.925852
vt 0.460088 0.925211
vt 0.457656 0.924874
vt 0.455200 0.924874
vt 0.451159 0.925852
vt 0.449969 0.926733
vt 0.449509 0.927770
vt 0.449823 0.928861
vt 0.450880 0.929897
vt 0.452577 0.930779
vt 0.454749 0.931420
vt 0.459637 0.931757
vt 0.461876 0.931420
vt 0.463678 0.930779
vt 0.116063 0.509882
vt 0.134938 0.377099
vt 0.116063 0.380089
vt 0.097189 0.377099
vt 0.080162 0.368424
vt 0.066649 0.354911
vt 0.057974 0.337884
vt 0.054984 0.319010
vt 0.066649 0.283108
vt 0.080162 0.269596
vt 0.097189 0.260920
vt 0.116063 0.257931
vt 0.134938 0.260920
vt 0.151965 0.269596
vt 0.165477 0.283108
vt 0.177142 0.319010
vt 0.174153 0.337884
vt 0.165477 0.354911
vt 0.052439 0.509882
vt 0.243311 0.380089
vt 0.262186 0.377099
vt 0.279213 0.368424
vt 0.292725 0.354911
vt 0.301401 0.337884
vt 0.304390 0.319010
vt 0.301401 0.300135
vt 0.279213 0.269596
vt 0.262186 0.260920
vt 0.243311 0.257931
vt 0.224437 0.260920
vt 0.207410 0.269596
vt 0.193897 0.283108
vt 0.185222 0.300135
vt 0.185222 0.337884
vt 0.193897 0.354911
vt 0.207410 0.368424
vt 0.458571 0.942117
vt 0.961208 0.967662
vt 0.961208 0.954886
vt 0.458571 0.938691
vt 0.458571 0.954374
vt 0.472632 0.933562
vt 0.473054 0.932612
vt 0.472767 0.931614
vt 0.471798 0.930665
vt 0.470244 0.929857
vt 0.468257 0.929271
vt 0.466029 0.928962
vt 0.461731 0.929271
vt 0.460081 0.929857
vt 0.458992 0.930665
vt 0.458571 0.931614
vt 0.458858 0.932612
vt 0.459826 0.933562
vt 0.461380 0.934369
vt 0.465595 0.935264
vt 0.467843 0.935264
vt 0.469893 0.934956
vt 0.488049 0.932612
vt 0.487762 0.931614
vt 0.486793 0.930665
vt 0.485239 0.929857
vt 0.483252 0.929271
vt 0.481024 0.928962
vt 0.478776 0.928962
vt 0.475076 0.929857
vt 0.473987 0.930665
vt 0.473566 0.931614
vt 0.473853 0.932612
vt 0.474821 0.933562
vt 0.476375 0.934369
vt 0.478363 0.934956
vt 0.482839 0.935264
vt 0.484888 0.934956
vt 0.486538 0.934369
vt 0.042918 0.048226
vt 0.042918 0.026599
vt 0.042918 0.037413
vt 0.105904 0.026599
vt 0.731386 0.523872
vt 0.743704 0.523920
s 0
usemtl mat_bottom
f 46/1/1 8/2/1 48/3/1
f 13/4/2 12/5/2 18/6/2
f 12/7/3 3/8/3 7/9/3
f 5/10/3 8/11/3 6/12/3
f 11/13/3 7/9/3 8/11/3
f 17/14/2 5/15/2 16/16/2
f 18/6/2 11/17/2 17/14/2
f 45/18/1 7/19/1 3/20/1
f 48/3/1 7/19/1 47/21/1
f 9/22/2 17/14/2 10/23/2
f 10/23/2 16/16/2 4/24/2
f 1/25/2 18/6/2 9/22/2
f 23/26/4 22/27/4 21/28/4
f 25/29/5 28/30/5 27/31/5
f 21/32/1 26/33/1 25/34/1
f 21/35/3 27/36/3 23/37/3
f 26/38/6 24/39/6 28/40/6
f 30/41/4 31/42/4 29/43/4
f 36/44/5 33/45/5 35/46/5
f 34/47/1 29/48/1 33/49/1
f 32/50/3 34/51/3 36/52/3
f 37/53/4 40/54/4 39/55/4
f 43/56/5 42/57/5 41/58/5
f 42/59/1 37/60/1 41/61/1
f 40/62/3 42/63/3 44/64/3
f 19/65/6 1/66/6 9/67/6
f 10/68/6 19/65/6 9/67/6
f 4/69/6 20/70/6 10/68/6
f 27/71/2 24/72/2 23/73/2
f 40/74/2 43/75/2 39/76/2
f 20/77/1 47/21/1 19/78/1
f 14/79/1 47/21/1 45/18/1
f 15/80/1 48/3/1 20/77/1
f 45/81/4 2/82/4 13/83/4
f 14/84/4 13/83/4 1/85/4
f 46/86/5 5/87/5 6/88/5
f 16/89/5 15/90/5 4/91/5
s 1
f 58/92/2 49/93/7 50/94/2
f 59/95/8 50/96/2 51/97/8
f 60/98/5 51/97/8 52/99/5
f 61/100/9 52/99/5 53/101/9
f 62/102/1 53/101/9 54/103/1
f 63/104/10 54/105/1 55/106/10
f 64/107/4 55/106/10 56/108/4
f 73/109/8 72/110/5 65/111/8
f 74/112/2 65/111/8 66/113/2
f 75/114/7 66/115/2 67/116/7
f 76/117/4 67/116/7 68/118/4
f 77/119/10 68/118/4 69/120/10
f 78/121/1 69/120/10 70/122/1
f 79/123/9 70/124/1 71/125/9
f 80/126/5 71/125/9 72/110/5
f 57/127/7 56/108/4 49/93/7
f 81/128/11 92/129/6 86/130/6
f 88/131/12 81/132/11 82/133/12
f 89/134/3 82/135/12 83/136/3
f 90/137/13 83/136/3 84/138/13
f 91/139/14 84/140/13 85/141/14
f 92/129/6 85/142/14 86/130/6
f 93/143/15 108/144/16 100/145/17
f 94/146/18 101/147/19 93/148/15
f 95/149/20 102/150/21 94/146/18
f 96/145/22 103/151/23 95/152/20
f 105/153/24 96/145/22 97/154/25
f 106/155/26 97/156/25 98/157/27
f 107/158/28 98/157/27 99/159/29
f 108/144/16 99/160/29 100/145/17
f 101/161/19 116/162/30 108/144/16
f 102/150/21 109/163/31 101/147/19
f 103/164/23 110/165/32 102/150/21
f 104/166/33 111/167/34 103/151/23
f 113/168/35 104/166/33 105/153/24
f 114/169/36 105/170/24 106/155/26
f 115/171/37 106/155/26 107/158/28
f 116/162/30 107/172/28 108/144/16
f 117/173/38 116/174/30 109/175/31
f 118/176/39 109/163/31 110/165/32
f 119/177/40 110/165/32 111/178/34
f 120/179/41 111/180/34 112/181/42
f 121/182/43 112/181/42 113/183/35
f 122/184/44 113/185/35 114/169/36
f 123/186/45 114/169/36 115/171/37
f 124/187/46 115/188/37 116/174/30
f 125/189/47 124/190/46 117/191/38
f 126/192/48 117/193/38 118/176/39
f 127/194/49 118/176/39 119/177/40
f 128/195/50 119/196/40 120/197/41
f 121/198/43 128/195/50 120/197/41
f 122/184/44 129/199/51 121/200/43
f 123/186/45 130/201/52 122/184/44
f 124/190/46 131/202/53 123/203/45
f 133/204/54 132/205/55 125/189/47
f 134/206/56 125/207/47 126/192/48
f 135/208/57 126/192/48 127/194/49
f 136/209/58 127/210/49 128/195/50
f 129/211/51 136/209/58 128/195/50
f 130/201/52 137/212/59 129/199/51
f 131/213/53 138/214/60 130/201/52
f 132/205/55 139/215/61 131/202/53
s 0
f 162/216/1 148/217/1 164/218/1
f 158/219/2 142/220/2 152/221/2
f 152/222/3 143/223/3 147/224/3
f 145/225/3 148/226/3 146/227/3
f 148/226/3 152/222/3 147/224/3
f 157/228/2 145/229/2 156/230/2
f 158/219/2 151/231/2 157/228/2
f 161/232/1 147/233/1 143/234/1
f 164/218/1 147/233/1 163/235/1
f 149/236/2 157/228/2 150/237/2
f 150/237/2 156/230/2 144/238/2
f 149/236/2 153/239/2 158/219/2
f 159/240/6 141/241/6 149/242/6
f 160/243/6 149/242/6 150/244/6
f 144/245/6 160/243/6 150/244/6
f 160/246/1 163/235/1 159/247/1
f 154/248/1 163/235/1 161/232/1
f 155/249/1 164/218/1 160/246/1
f 161/250/4 142/251/4 153/252/4
f 154/253/4 153/252/4 141/254/4
f 162/255/5 145/256/5 146/257/5
f 156/258/5 155/259/5 144/260/5
f 166/261/62 167/262/62 165/263/62
f 168/264/2 171/265/2 167/266/2
f 172/267/63 169/268/63 171/269/63
f 170/270/1 165/271/1 169/272/1
f 171/273/6 165/274/6 167/275/6
f 168/276/3 170/277/3 172/278/3
f 218/279/2 180/280/2 220/281/2
f 185/282/1 184/283/1 190/284/1
f 184/285/64 175/286/64 179/287/64
f 177/288/3 180/289/3 178/290/3
f 180/289/65 184/285/65 179/287/65
f 189/291/1 177/292/1 188/293/1
f 189/291/1 184/283/1 183/294/1
f 217/295/2 179/296/2 175/297/2
f 220/281/2 179/296/2 219/298/2
f 181/299/1 189/291/1 182/300/1
f 182/300/1 188/293/1 176/301/1
f 173/302/1 190/284/1 181/299/1
f 195/303/5 194/304/5 193/305/5
f 197/306/4 200/307/4 199/308/4
f 193/309/2 198/310/2 197/311/2
f 193/312/3 199/313/3 195/314/3
f 198/315/6 196/316/6 200/317/6
f 202/318/5 203/319/5 201/320/5
f 208/321/4 205/322/4 207/323/4
f 206/324/2 201/325/2 205/326/2
f 208/327/3 202/328/3 206/329/3
f 210/330/5 211/331/5 209/332/5
f 216/333/4 213/334/4 215/335/4
f 214/336/2 209/337/2 213/338/2
f 212/339/3 214/340/3 216/341/3
f 191/342/6 173/343/6 181/344/6
f 192/345/6 181/344/6 182/346/6
f 187/347/6 182/346/6 176/348/6
f 199/349/1 196/350/1 195/351/1
f 212/352/1 215/353/1 211/354/1
f 192/355/2 219/298/2 191/356/2
f 186/357/2 219/298/2 217/295/2
f 187/358/2 220/281/2 192/355/2
f 217/359/5 174/360/5 185/361/5
f 186/362/5 185/361/5 173/363/5
f 218/364/4 177/365/4 178/366/4
f 188/367/4 187/368/4 176/369/4
s 1
f 230/370/1 221/371/9 222/372/1
f 231/373/10 222/374/1 223/375/10
f 232/376/4 223/375/10 224/377/4
f 233/378/7 224/377/4 225/379/7
f 234/380/2 225/379/7 226/381/2
f 235/382/8 226/383/2 227/384/8
f 236/385/5 227/384/8 228/386/5
f 245/387/10 244/388/4 237/389/10
f 246/390/1 237/389/10 238/391/1
f 247/392/9 238/393/1 239/394/9
f 248/395/5 239/394/9 240/396/5
f 249/397/8 240/396/5 241/398/8
f 250/399/2 241/398/8 242/400/2
f 251/401/7 242/402/2 243/403/7
f 252/404/4 243/403/7 244/388/4
f 229/405/9 228/386/5 221/371/9
f 259/406/14 258/407/6 253/408/14
f 260/409/13 253/410/14 254/411/13
f 261/412/3 254/413/13 255/414/3
f 262/415/12 255/414/3 256/416/12
f 263/417/11 256/418/12 257/419/11
f 264/420/6 257/421/11 258/407/6
f 265/422/61 280/423/55 272/424/66
f 266/425/60 273/426/53 265/422/61
f 267/427/59 274/428/52 266/429/60
f 268/430/58 275/431/51 267/427/59
f 277/432/49 268/433/58 269/434/57
f 278/435/48 269/434/57 270/436/56
f 279/437/47 270/438/56 271/439/54
f 280/440/55 271/439/54 272/441/66
f 273/442/53 288/443/46 280/444/55
f 274/445/52 281/446/67 273/426/53
f 275/431/51 282/447/44 274/428/52
f 276/448/50 283/449/43 275/450/51
f 285/451/40 276/448/50 277/452/49
f 286/453/39 277/432/49 278/435/48
f 287/454/38 278/455/48 279/437/47
f 288/443/46 279/456/47 280/444/55
f 691/457/68 296/458/30 692/459/6
f 693/460/1 289/461/69 691/462/68
f 694/463/70 290/464/36 693/465/1
f 695/466/3 291/467/35 694/468/70
f 293/469/34 695/466/3 696/470/71
f 294/471/32 696/472/71 697/473/2
f 295/474/31 697/475/2 698/476/72
f 296/458/30 698/477/72 692/459/6
f 297/478/28 296/479/30 289/461/69
f 298/480/26 289/461/69 290/481/36
f 299/482/24 290/464/36 291/483/35
f 300/484/33 291/483/35 292/485/42
f 293/486/34 300/487/33 292/488/42
f 294/471/32 301/489/23 293/486/34
f 295/474/31 302/490/21 294/491/32
f 296/492/30 303/493/19 295/474/31
f 305/494/29 304/495/73 297/478/28
f 306/496/27 297/478/28 298/480/26
f 307/497/25 298/498/26 299/482/24
f 308/499/22 299/482/24 300/484/33
f 301/489/23 308/500/22 300/487/33
f 302/501/21 309/502/20 301/489/23
f 303/493/19 310/503/18 302/490/21
f 304/504/73 311/505/15 303/493/19
s 0
f 334/506/1 320/507/1 336/508/1
f 330/509/2 314/510/2 324/511/2
f 324/512/3 315/513/3 319/514/3
f 317/515/3 320/516/3 318/517/3
f 323/518/3 319/514/3 320/516/3
f 329/519/2 317/520/2 328/521/2
f 330/509/2 323/522/2 329/519/2
f 333/523/1 319/524/1 315/525/1
f 336/508/1 319/524/1 335/526/1
f 321/527/2 329/519/2 322/528/2
f 322/528/2 328/521/2 316/529/2
f 321/527/2 325/530/2 330/509/2
f 331/531/6 313/532/6 321/533/6
f 322/534/6 331/531/6 321/533/6
f 316/535/6 332/536/6 322/534/6
f 332/537/1 335/526/1 331/538/1
f 326/539/1 335/526/1 333/523/1
f 327/540/1 336/508/1 332/537/1
f 333/541/4 314/542/4 325/543/4
f 326/544/4 325/543/4 313/545/4
f 334/546/5 317/547/5 318/548/5
f 328/549/5 327/550/5 316/551/5
f 351/552/2 340/553/2 339/554/2
s 1
f 340/555/74 337/556/75 339/557/76
f 339/558/76 350/559/77 351/560/6
f 345/561/78 344/562/79 356/563/80
f 356/564/80 343/565/77 348/566/77
f 338/567/81 350/568/77 337/569/75
f 354/570/82 349/571/77 350/568/77
f 355/572/83 348/566/77 349/571/77
f 347/573/84 338/574/81 340/575/74
f 346/576/85 354/577/82 347/573/84
f 345/561/78 355/578/83 346/576/85
f 353/579/6 343/580/77 341/581/6
f 352/582/6 348/583/77 353/579/6
f 352/582/6 350/559/77 349/584/77
s 0
f 341/585/2 345/586/2 353/587/2
f 353/587/2 346/588/2 352/589/2
f 352/589/2 347/590/2 351/552/2
f 367/591/2 360/592/2 363/593/2
s 1
f 359/594/86 358/595/87 360/596/88
f 366/597/77 359/598/86 367/599/6
f 361/600/89 344/562/79 342/601/3
f 343/565/77 372/602/90 364/603/77
f 366/604/77 358/605/87 357/606/91
f 365/607/77 370/608/92 366/604/77
f 364/603/77 371/609/93 365/607/77
f 358/610/87 363/611/94 360/612/88
f 363/611/94 371/613/93 362/614/95
f 371/613/93 361/600/89 362/614/95
f 343/580/77 369/615/6 341/581/6
f 364/616/77 368/617/6 369/615/6
f 365/618/77 367/599/6 368/617/6
s 0
f 341/585/2 361/619/2 342/620/2
f 369/621/2 362/622/2 361/619/2
f 368/623/2 363/593/2 362/622/2
f 381/624/6 382/625/6 376/626/6
f 378/627/1 379/628/1 376/629/1
s 1
f 384/630/96 373/631/5 382/632/97
f 375/633/98 381/634/99 374/635/98
f 384/630/96 383/636/100 386/637/101
f 386/638/101 381/634/99 385/639/102
f 379/640/103 386/641/104 385/642/105
f 380/643/106 384/630/107 386/637/104
f 385/642/105 377/644/3 379/640/103
s 0
f 376/626/6 392/645/6 391/646/6
f 376/629/1 389/647/1 388/648/1
s 1
f 387/649/4 394/650/108 392/651/109
f 391/652/110 375/633/98 374/635/98
f 394/650/108 393/653/111 392/651/109
f 396/654/112 391/652/110 393/655/111
f 396/656/113 389/657/114 395/658/115
f 394/650/116 390/659/117 396/660/113
f 389/657/114 375/661/3 395/658/115
f 398/662/2 399/663/118 397/664/2
f 400/665/118 401/666/119 399/667/118
f 402/668/119 403/669/120 401/666/119
f 403/669/120 406/670/121 405/671/121
f 405/671/121 408/672/122 407/673/122
f 407/673/122 410/674/123 409/675/123
f 410/676/123 411/677/124 409/678/123
f 412/679/124 413/680/125 411/677/124
f 414/681/125 415/682/1 413/680/125
f 416/683/1 417/684/126 415/685/1
f 418/686/126 419/687/127 417/684/126
f 420/688/127 421/689/128 419/687/127
f 422/690/128 423/691/129 421/689/128
f 424/692/130 425/693/131 423/691/129
f 426/694/131 427/695/132 425/696/131
f 428/697/132 429/698/133 427/695/132
f 430/699/3 414/700/3 406/701/3
f 430/702/133 431/703/134 429/698/133
f 432/704/134 397/664/2 431/703/134
f 435/705/135 434/706/136 433/707/6
f 437/708/137 436/709/138 435/705/135
f 439/710/139 438/711/140 437/708/137
f 441/712/141 440/713/142 439/714/139
f 443/715/143 442/716/144 441/712/141
f 445/717/145 444/718/146 443/715/143
f 447/719/147 446/720/148 445/717/145
f 449/721/149 448/722/150 447/719/147
f 451/723/151 450/724/152 449/725/149
f 453/726/153 452/727/154 451/723/151
f 455/728/3 454/729/155 453/726/153
f 457/730/156 456/731/157 455/728/3
f 459/732/158 458/733/159 457/730/156
f 461/734/160 460/735/161 459/732/158
f 463/736/162 462/737/163 461/738/160
f 465/739/164 464/740/165 463/736/162
f 467/741/166 466/742/167 465/739/164
f 469/743/168 468/744/169 467/741/166
f 471/745/170 470/746/171 469/743/168
f 473/747/172 472/748/173 471/749/170
f 483/750/174 444/718/146 446/720/148
f 475/751/175 474/752/176 473/747/172
f 475/751/175 434/706/136 476/753/177
f 525/754/178 443/755/179 441/756/180
f 502/757/139 479/758/181 480/759/182
f 488/760/183 454/729/155 456/731/157
f 493/761/184 464/740/165 466/742/167
f 498/762/185 474/752/176 476/753/177
f 481/763/186 440/713/142 442/716/144
f 452/727/154 485/764/187 450/724/152
f 491/765/188 460/735/161 462/766/163
f 496/767/189 470/746/171 472/768/173
f 479/769/181 436/709/138 438/711/140
f 448/722/150 483/750/174 446/720/148
f 458/733/159 488/760/183 456/731/157
f 494/770/190 466/742/167 468/744/169
f 478/771/191 476/753/177 434/706/136
f 482/772/192 442/716/144 444/718/146
f 454/729/155 486/773/193 452/727/154
f 464/740/165 491/774/188 462/737/163
f 497/775/194 472/748/173 474/752/176
f 440/776/142 479/769/181 438/711/140
f 485/777/187 448/722/150 450/778/152
f 477/779/195 434/706/136 436/709/138
f 490/780/196 458/733/159 460/735/161
f 495/781/197 468/744/169 470/746/171
f 519/782/1 511/783/1 503/784/1
f 517/785/168 494/770/190 495/781/197
f 510/786/3 487/787/198 488/760/183
f 503/788/141 480/759/182 481/763/186
f 518/789/199 495/781/197 496/767/189
f 489/790/200 510/786/3 488/760/183
f 504/791/143 481/763/186 482/772/192
f 519/792/201 496/793/189 497/775/194
f 512/794/158 489/790/200 490/780/196
f 505/795/145 482/772/192 483/750/174
f 520/796/175 497/775/194 498/762/185
f 513/797/202 490/780/196 491/765/188
f 506/798/147 483/750/174 484/799/203
f 500/800/6 498/762/185 478/771/191
f 514/801/162 491/774/188 492/802/204
f 507/803/149 484/799/203 485/777/187
f 499/804/205 478/771/191 477/779/195
f 515/805/164 492/802/204 493/761/184
f 508/806/206 485/777/187 486/807/193
f 501/808/137 477/779/195 479/769/181
f 516/809/166 493/761/184 494/770/190
f 509/810/153 486/773/193 487/787/198
f 535/811/207 558/812/208 536/813/209
f 530/814/210 453/815/211 451/816/212
f 461/817/213 536/813/209 463/818/214
f 540/819/215 473/820/216 471/821/217
f 523/822/218 439/823/219 437/824/220
f 528/825/221 449/826/222 447/827/223
f 521/828/224 435/829/225 433/830/226
f 457/831/227 534/832/228 459/833/229
f 538/834/230 469/835/231 467/836/232
f 443/755/179 527/837/233 445/838/234
f 531/839/235 455/840/236 453/815/211
f 463/818/214 537/841/237 465/842/238
f 541/843/239 475/844/240 473/820/216
f 439/845/219 525/754/178 441/756/180
f 529/846/241 451/816/212 449/847/222
f 459/848/229 535/811/207 461/817/213
f 539/849/242 471/850/217 469/835/231
f 522/851/243 437/824/220 435/829/225
f 445/838/234 528/825/221 447/827/223
f 532/852/244 457/831/227 455/840/236
f 537/841/237 467/836/232 465/842/238
f 475/844/240 521/828/224 433/830/226
f 562/853/245 554/854/246 546/855/247
f 528/825/221 551/856/248 529/857/241
f 543/858/249 522/851/243 521/828/224
f 536/813/209 559/859/250 537/841/237
f 551/860/248 530/814/210 529/846/241
f 522/851/243 545/861/251 523/822/218
f 537/841/237 560/862/252 538/834/230
f 552/863/253 531/839/235 530/814/210
f 545/861/251 524/864/254 523/822/218
f 560/862/252 539/849/242 538/834/230
f 553/865/255 532/852/244 531/839/235
f 546/866/247 525/754/178 524/867/254
f 561/868/256 540/869/215 539/849/242
f 532/852/244 555/870/257 533/871/258
f 525/754/178 548/872/259 526/873/260
f 562/853/245 541/874/239 540/875/215
f 555/870/257 534/832/228 533/871/258
f 548/872/259 527/837/233 526/873/260
f 563/876/261 542/877/262 541/843/239
f 556/878/263 535/879/207 534/880/228
f 549/881/264 528/825/221 527/837/233
f 542/877/262 543/858/249 521/828/224
s 0
f 567/882/4 566/883/4 565/884/4
f 571/885/2 568/886/2 567/887/2
f 569/888/5 572/889/5 571/890/5
f 565/891/1 570/892/1 569/893/1
f 565/894/3 571/895/3 567/896/3
f 570/897/6 568/898/6 572/899/6
s 1
f 573/900/6 576/901/265 575/902/135
f 576/901/265 577/903/137 575/902/135
f 578/904/266 579/905/139 577/906/137
f 579/905/139 582/907/267 581/908/141
f 582/907/267 583/909/143 581/908/141
f 584/910/268 585/911/145 583/909/143
f 586/912/269 587/913/147 585/911/145
f 588/914/270 589/915/149 587/913/147
f 589/915/149 592/916/271 591/917/206
f 591/918/206 594/919/272 593/920/153
f 593/920/153 596/921/273 595/922/3
f 596/921/273 597/923/156 595/922/3
f 598/924/274 599/925/158 597/923/156
f 600/926/275 601/927/160 599/925/158
f 602/928/276 603/929/162 601/930/160
f 604/931/277 605/932/164 603/929/162
f 606/933/278 607/934/166 605/932/164
f 608/935/279 609/936/168 607/934/166
f 610/937/280 611/938/281 609/936/168
f 611/939/281 614/940/282 613/941/172
f 584/910/268 623/942/283 586/912/269
f 614/940/282 615/943/175 613/941/172
f 616/944/284 573/900/6 615/943/175
f 581/945/285 644/946/286 643/947/287
f 619/948/288 502/757/139 620/949/289
f 594/919/272 628/950/290 596/921/273
f 604/931/277 633/951/291 606/933/278
f 616/944/284 637/952/292 638/953/293
f 580/954/294 621/955/295 582/907/267
f 592/956/271 625/957/296 626/958/297
f 600/926/275 631/959/298 602/960/276
f 612/961/299 635/962/300 636/963/301
f 576/901/265 619/964/288 578/965/266
f 586/912/269 624/966/302 588/914/270
f 596/921/273 629/967/303 598/924/274
f 606/933/278 634/968/304 608/935/279
f 574/969/305 638/953/293 618/970/306
f 584/910/268 621/955/295 622/971/307
f 592/956/271 627/972/308 594/919/272
f 604/931/277 631/973/298 632/974/309
f 614/940/282 636/975/301 637/952/292
f 578/904/266 620/949/289 580/954/294
f 588/914/270 625/976/296 590/977/310
f 576/901/265 618/970/306 617/978/311
f 600/926/275 629/967/303 630/979/312
f 608/935/279 635/962/300 610/937/280
f 634/968/304 517/785/168 635/962/300
f 627/972/308 510/786/3 628/950/290
f 620/949/289 503/788/141 621/955/295
f 635/962/300 518/789/199 636/963/301
f 628/950/290 511/980/156 629/967/303
f 621/955/295 504/791/143 622/971/307
f 636/975/301 519/792/172 637/952/292
f 629/967/303 512/794/158 630/979/312
f 622/971/307 505/795/145 623/942/283
f 638/953/293 519/792/172 520/796/175
f 630/979/312 513/797/202 631/959/298
f 623/942/283 506/798/147 624/966/302
f 638/953/293 500/800/6 618/970/306
f 631/973/298 514/801/162 632/974/309
f 624/966/302 507/803/149 625/976/296
f 618/970/306 499/804/205 617/978/311
f 632/974/309 515/805/164 633/951/291
f 625/976/296 508/806/206 626/981/297
f 617/978/311 501/808/137 619/964/288
f 633/951/291 516/809/166 634/968/304
f 626/958/297 509/810/153 627/972/308
f 653/982/313 676/983/314 675/984/315
f 591/985/316 649/986/317 648/987/318
f 601/988/319 654/989/320 653/982/313
f 611/990/321 659/991/322 658/992/323
f 577/993/324 642/994/325 641/995/326
f 589/996/327 646/997/328 587/998/329
f 575/999/330 639/1000/331 573/1001/332
f 597/1002/333 652/1003/334 651/1004/335
f 607/1005/336 657/1006/337 656/1007/338
f 583/1008/339 645/1009/340 644/946/286
f 593/1010/341 650/1011/342 649/986/317
f 603/1012/343 655/1013/344 654/989/320
f 613/1014/345 660/1015/346 659/1016/322
f 579/1017/347 643/947/287 642/1018/325
f 589/1019/327 648/987/318 647/1020/348
f 601/988/319 652/1021/334 599/1022/349
f 609/1023/350 658/992/323 657/1006/337
f 575/999/330 641/995/326 640/1024/351
f 587/998/329 645/1009/340 585/1025/352
f 595/1026/353 651/1004/335 650/1011/342
f 607/1005/336 655/1013/344 605/1027/354
f 615/1028/355 639/1000/331 660/1015/346
f 664/1029/356 672/1030/357 680/1031/358
f 647/1032/348 668/1033/359 646/997/328
f 639/1000/331 662/1034/360 661/1035/361
f 654/989/320 677/1036/362 676/983/314
f 648/987/318 669/1037/363 647/1020/348
f 640/1024/351 663/1038/364 662/1034/360
f 655/1013/344 678/1039/365 677/1036/362
f 648/987/318 671/1040/366 670/1041/367
f 642/994/325 663/1038/364 641/995/326
f 657/1006/337 678/1039/365 656/1007/338
f 649/986/317 672/1042/357 671/1040/366
f 643/947/287 664/1043/356 642/1018/325
f 657/1006/337 680/1044/358 679/1045/368
f 650/1011/342 673/1046/369 672/1042/357
f 643/947/287 666/1047/370 665/1048/371
f 658/1049/323 681/1050/372 680/1031/358
f 652/1003/334 673/1046/369 651/1004/335
f 645/1009/340 666/1047/370 644/946/286
f 660/1015/346 681/1051/372 659/1016/322
f 653/1052/313 674/1053/373 652/1054/334
f 646/997/328 667/1055/374 645/1009/340
f 660/1015/346 661/1035/361 682/1056/375
s 0
f 684/1057/4 685/1058/4 683/1059/4
f 686/1060/1 689/1061/1 685/1062/1
f 690/1063/5 687/1064/5 689/1065/5
f 688/1066/2 683/1067/2 687/1068/2
f 689/1069/3 683/1070/3 685/1071/3
f 686/1072/6 688/1073/6 690/1074/6
s 1
f 288/443/46 698/1075/72 287/1076/38
f 287/1077/38 697/1078/2 286/1079/39
f 286/1080/39 696/1081/71 285/1082/40
f 285/451/40 695/1083/3 284/1084/41
f 695/1083/3 283/449/43 284/1084/41
f 694/1085/70 282/1086/44 283/1087/43
f 693/1088/1 281/1089/67 282/1090/44
f 691/1091/68 288/443/46 281/1092/67
f 700/1093/3 701/1094/376 699/1095/3
f 702/1096/376 703/1097/377 701/1094/376
f 704/1098/377 705/1099/378 703/1097/377
f 706/1100/378 707/1101/5 705/1099/378
f 708/1102/5 709/1103/379 707/1101/5
f 710/1104/379 711/1105/380 709/1106/379
f 712/1107/380 713/1108/381 711/1105/380
f 714/1109/381 715/1110/6 713/1108/381
f 716/1111/6 717/1112/382 715/1113/6
f 718/1114/382 719/1115/383 717/1112/382
f 720/1116/383 721/1117/384 719/1115/383
f 722/1118/384 723/1119/4 721/1117/384
f 724/1120/4 725/1121/385 723/1119/4
f 726/1122/385 727/1123/386 725/1124/385
s 0
f 706/1125/1 751/1126/1 708/1127/1
s 1
f 728/1128/386 729/1129/387 727/1123/386
f 730/1130/387 699/1131/3 729/1129/387
f 709/1132/388 735/1133/389 707/1134/390
f 738/1135/391 742/1136/392 746/1137/393
f 717/1138/394 741/1139/395 740/1140/396
f 729/1141/397 745/1142/398 727/1143/399
f 703/1144/400 734/1145/401 733/1146/402
f 715/1147/403 738/1135/391 713/1148/404
f 699/1149/405 732/1150/406 731/1151/407
f 725/1152/408 743/1153/409 723/1154/410
f 711/1155/411 736/1156/412 709/1132/388
f 719/1157/413 742/1136/392 741/1139/395
f 699/1149/405 746/1137/393 729/1141/397
f 705/1158/414 735/1133/389 734/1145/401
f 715/1147/403 740/1140/396 739/1159/415
f 727/1143/399 744/1160/416 725/1152/408
f 701/1161/417 733/1146/402 732/1150/406
f 713/1148/404 737/1162/418 711/1155/411
f 721/1163/419 743/1153/409 742/1136/392
f 761/1164/2 778/1165/2 762/1166/2
s 0
f 716/1167/1 756/1168/1 718/1169/1
f 728/1170/1 760/1171/1 761/1172/1
f 702/1173/1 749/1174/1 704/1175/1
f 714/1176/1 753/1177/1 754/1178/1
f 722/1179/1 759/1180/1 724/1181/1
f 710/1182/1 751/1126/1 752/1183/1
f 718/1169/1 757/1184/1 720/1185/1
f 730/1186/1 761/1172/1 762/1187/1
f 704/1175/1 750/1188/1 706/1125/1
f 716/1167/1 754/1178/1 755/1189/1
f 700/1190/1 747/1191/1 702/1173/1
f 726/1192/420 759/1180/420 760/1171/420
f 712/1193/1 752/1183/1 753/1177/1
s 1
f 720/1185/1 758/1194/2 722/1179/1
s 0
f 700/1190/1 762/1187/1 748/1195/1
s 1
f 775/1196/4 792/1197/421 776/1198/385
f 754/1199/2 771/1200/2 755/1201/2
f 747/1202/2 764/1203/2 763/1204/2
f 762/1166/2 764/1203/2 748/1205/2
f 756/1206/2 771/1200/2 772/1207/2
f 749/1208/2 763/1204/2 765/1209/2
f 757/1210/2 772/1207/2 773/1211/2
f 750/1212/2 765/1209/2 766/1213/2
f 758/1214/2 773/1211/2 774/1215/2
f 751/1216/2 766/1213/2 767/1217/2
f 759/1218/2 774/1215/2 775/1219/2
f 751/1216/2 768/1220/2 752/1221/2
f 759/1218/2 776/1222/2 760/1223/2
f 752/1221/2 769/1224/2 753/1225/2
f 760/1223/2 777/1226/2 761/1164/2
f 753/1225/2 770/1227/2 754/1199/2
f 789/1228/422 785/1229/423 781/1230/424
f 768/1231/379 785/1232/423 769/1233/380
f 776/1234/385 793/1235/425 777/1236/386
f 769/1233/380 786/1237/426 770/1238/381
f 778/1239/387 793/1235/425 794/1240/427
f 770/1238/381 787/1241/428 771/1242/6
f 764/1243/3 779/1244/429 763/1245/376
f 778/1239/387 780/1246/430 764/1247/3
f 771/1248/6 788/1249/431 772/1250/382
f 763/1245/376 781/1251/424 765/1252/377
f 772/1250/382 789/1253/422 773/1254/383
f 765/1252/377 782/1255/432 766/1256/378
f 773/1254/383 790/1257/433 774/1258/384
f 766/1256/378 783/1259/434 767/1260/5
f 774/1258/384 791/1261/435 775/1196/4
f 767/1260/5 784/1262/436 768/1263/379
f 796/1093/3 797/1094/387 795/1095/3
f 798/1096/387 799/1097/386 797/1094/387
f 800/1098/386 801/1099/385 799/1097/386
f 802/1100/385 803/1101/4 801/1099/385
f 804/1102/4 805/1103/384 803/1101/4
f 805/1106/384 808/1107/383 807/1105/383
f 808/1107/383 809/1108/382 807/1105/383
f 809/1108/382 812/1264/6 811/1110/6
f 811/1113/6 814/1114/381 813/1112/381
f 814/1114/381 815/1115/380 813/1112/381
f 816/1116/380 817/1117/379 815/1115/380
f 818/1118/379 819/1119/5 817/1117/379
f 820/1120/5 821/1121/378 819/1119/5
f 822/1122/378 823/1123/377 821/1124/378
s 0
f 802/1125/2 847/1126/2 804/1127/2
s 1
f 824/1128/377 825/1129/376 823/1123/377
f 826/1130/376 795/1131/3 825/1129/376
f 805/1132/437 831/1133/438 803/1134/439
f 834/1135/440 838/1136/441 842/1137/442
f 813/1138/443 837/1139/444 836/1140/445
f 825/1141/446 841/1142/447 823/1143/448
f 799/1144/449 830/1145/450 829/1146/451
f 811/1147/452 834/1135/440 809/1148/453
f 795/1149/454 828/1150/455 827/1151/456
f 821/1152/457 839/1153/458 819/1154/459
f 807/1155/460 832/1156/461 805/1132/437
f 815/1157/462 838/1136/441 837/1139/444
f 795/1149/454 842/1137/442 825/1141/446
f 801/1158/463 831/1133/438 830/1145/450
f 811/1147/452 836/1140/445 835/1159/464
f 823/1143/448 840/1160/465 821/1152/457
f 797/1161/466 829/1146/451 828/1150/455
f 809/1148/453 833/1162/467 807/1155/460
f 817/1163/468 839/1153/458 838/1136/441
f 857/1164/469 874/1165/470 858/1166/471
s 0
f 812/1167/2 852/1168/2 814/1169/2
f 824/1170/2 856/1171/2 857/1172/2
f 798/1173/2 845/1174/2 800/1175/2
f 810/1176/2 849/1177/2 850/1178/2
f 818/1179/2 855/1180/2 820/1181/2
f 806/1182/2 847/1126/2 848/1183/2
f 814/1169/2 853/1184/2 816/1185/2
f 826/1186/2 857/1172/2 858/1187/2
f 800/1175/2 846/1188/2 802/1125/2
f 812/1167/2 850/1178/2 851/1189/2
f 796/1190/2 843/1191/2 798/1173/2
f 822/1192/2 855/1180/2 856/1171/2
f 808/1193/472 848/1183/472 849/1177/472
s 1
f 816/1185/2 854/1194/473 818/1179/2
s 0
f 796/1190/2 858/1187/2 844/1195/2
s 1
f 871/1196/5 888/1197/474 872/1198/378
f 850/1199/475 867/1200/476 851/1201/477
f 843/1202/478 860/1203/479 859/1204/480
f 858/1166/471 860/1203/479 844/1205/481
f 852/1206/482 867/1200/476 868/1207/483
f 845/1208/484 859/1204/480 861/1209/485
f 853/1210/486 868/1207/483 869/1211/487
f 846/1212/488 861/1209/485 862/1213/489
f 854/1214/473 869/1211/487 870/1215/490
f 847/1216/491 862/1213/489 863/1217/491
f 855/1218/492 870/1215/490 871/1219/492
f 847/1216/491 864/1220/493 848/1221/494
f 855/1218/492 872/1222/495 856/1223/496
f 848/1221/494 865/1224/497 849/1225/498
f 856/1223/496 873/1226/499 857/1164/469
f 849/1225/498 866/1227/500 850/1199/475
f 885/1228/501 881/1229/502 877/1230/503
f 864/1231/384 881/1232/502 865/1233/383
f 872/1234/378 889/1235/504 873/1236/377
f 865/1233/383 882/1237/505 866/1238/382
f 873/1236/377 890/1240/506 874/1239/376
f 866/1238/382 883/1241/507 867/1242/6
f 860/1243/3 875/1244/508 859/1245/387
f 874/1239/376 876/1246/509 860/1247/3
f 867/1248/6 884/1249/510 868/1250/381
f 859/1245/387 877/1251/503 861/1252/386
f 868/1250/381 885/1253/501 869/1254/380
f 861/1252/386 878/1255/511 862/1256/385
f 869/1254/380 886/1257/512 870/1258/379
f 862/1256/385 879/1259/513 863/1260/4
f 870/1258/379 887/1261/514 871/1196/5
f 863/1260/4 880/1262/515 864/1263/384
s 0
f 891/1265/5 894/1266/5 892/1267/5
f 897/1268/2 894/1269/2 893/1270/2
f 895/1271/4 898/1272/4 897/1273/4
f 891/1274/1 896/1275/1 895/1276/1
f 891/1277/6 897/1278/6 893/1279/6
f 898/1280/3 892/1281/3 894/1282/3
s 1
f 901/1283/516 900/1284/3 899/1285/3
f 903/1286/517 902/1287/516 901/1283/516
f 905/1288/518 904/1289/517 903/1286/517
f 905/1288/518 908/1290/519 906/1291/518
f 907/1292/519 910/1293/5 908/1290/519
f 911/1294/520 910/1293/5 909/1295/5
f 913/1296/521 912/1297/520 911/1294/520
f 915/1298/522 914/1299/521 913/1296/521
f 917/1300/523 916/1301/522 915/1298/522
f 919/1302/6 918/1303/523 917/1300/523
f 921/1304/524 920/1305/6 919/1302/6
f 923/1306/525 922/1307/524 921/1304/524
f 925/1308/526 924/1309/525 923/1306/525
f 927/1310/527 926/1311/526 925/1308/526
f 929/1312/4 928/1313/527 927/1310/527
f 931/1314/528 930/1315/4 929/1312/4
f 933/1316/529 932/1317/528 931/1314/528
f 935/1318/530 934/1319/529 933/1316/529
f 916/1320/2 932/1321/2 900/1322/2
f 937/1323/531 936/1324/530 935/1318/530
f 899/1325/3 938/1326/531 937/1323/531
f 925/1327/1 909/1328/1 901/1329/1
f 941/1330/524 940/1331/6 939/1332/6
f 943/1333/525 942/1334/524 941/1335/524
f 945/1336/526 944/1337/525 943/1333/525
f 947/1338/527 946/1339/526 945/1336/526
f 949/1340/4 948/1341/527 947/1338/527
f 951/1342/528 950/1343/4 949/1340/4
f 953/1344/529 952/1345/528 951/1342/528
f 955/1346/530 954/1347/529 953/1344/529
f 957/1348/531 956/1349/530 955/1346/530
f 959/1350/3 958/1351/531 957/1352/531
f 961/1353/516 960/1354/3 959/1350/3
f 963/1355/517 962/1356/516 961/1353/516
f 965/1357/518 964/1358/517 963/1359/517
f 967/1360/519 966/1361/518 965/1357/518
f 969/1362/5 968/1363/519 967/1360/519
f 971/1364/520 970/1365/5 969/1362/5
f 973/1366/521 972/1367/520 971/1364/520
f 975/1368/522 974/1369/521 973/1366/521
f 956/1370/2 972/1371/2 940/1372/2
f 977/1373/523 976/1374/522 975/1375/522
f 939/1332/6 978/1376/523 977/1373/523
f 965/1377/1 949/1378/1 941/1379/1
f 980/1380/3 981/1381/516 979/1382/3
f 982/1383/516 983/1384/517 981/1381/516
f 984/1385/517 985/1386/518 983/1384/517
f 986/1387/518 987/1388/519 985/1386/518
f 988/1389/519 989/1390/5 987/1388/519
f 990/1391/5 991/1392/520 989/1390/5
f 992/1393/520 993/1394/521 991/1392/520
f 994/1395/521 995/1396/522 993/1394/521
f 996/1397/522 997/1398/523 995/1396/522
f 998/1399/523 999/1400/6 997/1398/523
f 1000/1401/6 1001/1402/524 999/1400/6
f 1002/1403/524 1003/1404/525 1001/1402/524
f 1004/1405/525 1005/1406/526 1003/1404/525
f 1006/1407/526 1007/1408/527 1005/1406/526
f 1008/1409/527 1009/1410/4 1007/1408/527
f 1009/1410/4 1012/1411/528 1011/1412/528
f 1011/1412/528 1014/1413/529 1013/1414/529
f 1014/1413/529 1015/1415/530 1013/1414/529
f 1008/1416/1 992/1417/1 984/1418/1
f 1016/1419/530 1017/1420/531 1015/1415/530
f 1018/1421/531 979/1422/3 1017/1420/531
f 993/1423/2 1009/1424/2 1017/1425/2
f 1020/1426/6 1021/1427/524 1019/1428/6
f 1022/1429/524 1023/1430/525 1021/1431/524
f 1023/1430/525 1026/1432/526 1025/1433/526
f 1026/1432/526 1027/1434/527 1025/1433/526
f 1028/1435/527 1029/1436/4 1027/1434/527
f 1030/1437/4 1031/1438/528 1029/1436/4
f 1032/1439/528 1033/1440/529 1031/1438/528
f 1034/1441/529 1035/1442/530 1033/1440/529
f 1036/1443/530 1037/1444/531 1035/1442/530
f 1038/1445/531 1039/1446/3 1037/1447/531
f 1040/1448/3 1041/1449/516 1039/1446/3
f 1042/1450/516 1043/1451/517 1041/1449/516
f 1044/1452/517 1045/1453/518 1043/1454/517
f 1046/1455/518 1047/1456/519 1045/1453/518
f 1048/1457/519 1049/1458/5 1047/1456/519
f 1050/1459/5 1051/1460/520 1049/1458/5
f 1052/1461/520 1053/1462/521 1051/1460/520
f 1054/1463/521 1055/1464/522 1053/1462/521
f 1048/1465/1 1032/1466/1 1024/1467/1
f 1056/1468/522 1057/1469/523 1055/1470/522
f 1058/1471/523 1019/1428/6 1057/1469/523
f 1033/1472/2 1049/1473/2 1057/1474/2
s 0
f 1061/1475/5 1060/1476/5 1059/1477/5
f 1065/1478/2 1062/1479/2 1061/1480/2
f 1063/1481/4 1066/1482/4 1065/1483/4
f 1059/1484/1 1064/1485/1 1063/1486/1
f 1064/1487/3 1062/1488/3 1066/1489/3
f 1059/1490/6 1065/1491/6 1061/1492/6
f 46/1/1 6/1493/1 8/2/1
f 13/4/2 2/1494/2 12/5/2
f 12/7/3 2/1495/3 3/8/3
f 5/10/3 11/13/3 8/11/3
f 11/13/3 12/7/3 7/9/3
f 17/14/2 11/17/2 5/15/2
f 18/6/2 12/5/2 11/17/2
f 45/18/1 47/21/1 7/19/1
f 48/3/1 8/2/1 7/19/1
f 9/22/2 18/6/2 17/14/2
f 10/23/2 17/14/2 16/16/2
f 1/25/2 13/4/2 18/6/2
f 23/26/4 24/1496/4 22/27/4
f 25/29/5 26/1497/5 28/30/5
f 21/32/1 22/1498/1 26/33/1
f 21/35/3 25/1499/3 27/36/3
f 26/38/6 22/1500/6 24/39/6
f 30/41/4 32/1501/4 31/42/4
f 36/44/5 34/1502/5 33/45/5
f 34/47/1 30/1503/1 29/48/1
f 32/50/3 30/1504/3 34/51/3
f 37/53/4 38/1505/4 40/54/4
f 43/56/5 44/1506/5 42/57/5
f 42/59/1 38/1507/1 37/60/1
f 40/62/3 38/1508/3 42/63/3
f 19/65/6 14/1509/6 1/66/6
f 10/68/6 20/70/6 19/65/6
f 4/69/6 15/1510/6 20/70/6
f 27/71/2 28/1511/2 24/72/2
f 40/74/2 44/1512/2 43/75/2
f 20/77/1 48/3/1 47/21/1
f 14/79/1 19/78/1 47/21/1
f 15/80/1 46/1/1 48/3/1
f 45/81/4 3/1513/4 2/82/4
f 14/84/4 45/81/4 13/83/4
f 46/86/5 16/89/5 5/87/5
f 16/89/5 46/86/5 15/90/5
s 1
f 58/92/2 57/127/7 49/93/7
f 59/95/8 58/1514/2 50/96/2
f 60/98/5 59/95/8 51/97/8
f 61/100/9 60/98/5 52/99/5
f 62/102/1 61/100/9 53/101/9
f 63/104/10 62/1515/1 54/105/1
f 64/107/4 63/104/10 55/106/10
f 73/109/8 80/126/5 72/110/5
f 74/112/2 73/109/8 65/111/8
f 75/114/7 74/1516/2 66/115/2
f 76/117/4 75/114/7 67/116/7
f 77/119/10 76/117/4 68/118/4
f 78/121/1 77/119/10 69/120/10
f 79/123/9 78/1517/1 70/124/1
f 80/126/5 79/123/9 71/125/9
f 57/127/7 64/107/4 56/108/4
f 81/128/11 87/1518/11 92/129/6
f 88/131/12 87/1519/11 81/132/11
f 89/134/3 88/1520/12 82/135/12
f 90/137/13 89/134/3 83/136/3
f 91/139/14 90/1521/13 84/140/13
f 92/129/6 91/1522/14 85/142/14
f 93/143/15 101/161/19 108/144/16
f 94/146/18 102/150/21 101/147/19
f 95/149/20 103/164/23 102/150/21
f 96/145/22 104/166/33 103/151/23
f 105/153/24 104/166/33 96/145/22
f 106/155/26 105/170/24 97/156/25
f 107/158/28 106/155/26 98/157/27
f 108/144/16 107/172/28 99/160/29
f 101/161/19 109/1523/31 116/162/30
f 102/150/21 110/165/32 109/163/31
f 103/164/23 111/178/34 110/165/32
f 104/166/33 112/1524/42 111/167/34
f 113/168/35 112/1524/42 104/166/33
f 114/169/36 113/185/35 105/170/24
f 115/171/37 114/169/36 106/155/26
f 116/162/30 115/1525/37 107/172/28
f 117/173/38 124/187/46 116/174/30
f 118/176/39 117/193/38 109/163/31
f 119/177/40 118/176/39 110/165/32
f 120/179/41 119/1526/40 111/180/34
f 121/182/43 120/179/41 112/181/42
f 122/184/44 121/200/43 113/185/35
f 123/186/45 122/184/44 114/169/36
f 124/187/46 123/1527/45 115/188/37
f 125/189/47 132/205/55 124/190/46
f 126/192/48 125/207/47 117/193/38
f 127/194/49 126/192/48 118/176/39
f 128/195/50 127/210/49 119/196/40
f 121/198/43 129/211/51 128/195/50
f 122/184/44 130/201/52 129/199/51
f 123/186/45 131/213/53 130/201/52
f 124/190/46 132/205/55 131/202/53
f 133/204/54 140/209/66 132/205/55
f 134/206/56 133/1528/54 125/207/47
f 135/208/57 134/206/56 126/192/48
f 136/209/58 135/204/57 127/210/49
f 129/211/51 137/215/59 136/209/58
f 130/201/52 138/214/60 137/212/59
f 131/213/53 139/1529/61 138/214/60
f 132/205/55 140/209/66 139/215/61
s 0
f 162/216/1 146/1530/1 148/217/1
f 158/219/2 153/239/2 142/220/2
f 152/222/3 142/1531/3 143/223/3
f 145/225/3 151/1532/3 148/226/3
f 148/226/3 151/1532/3 152/222/3
f 157/228/2 151/231/2 145/229/2
f 158/219/2 152/221/2 151/231/2
f 161/232/1 163/235/1 147/233/1
f 164/218/1 148/217/1 147/233/1
f 149/236/2 158/219/2 157/228/2
f 150/237/2 157/228/2 156/230/2
f 149/236/2 141/1533/2 153/239/2
f 159/240/6 154/1534/6 141/241/6
f 160/243/6 159/240/6 149/242/6
f 144/245/6 155/1535/6 160/243/6
f 160/246/1 164/218/1 163/235/1
f 154/248/1 159/247/1 163/235/1
f 155/249/1 162/216/1 164/218/1
f 161/250/4 143/1536/4 142/251/4
f 154/253/4 161/250/4 153/252/4
f 162/255/5 156/258/5 145/256/5
f 156/258/5 162/255/5 155/259/5
f 166/261/62 168/1537/62 167/262/62
f 168/264/2 172/1538/2 171/265/2
f 172/267/63 170/1539/63 169/268/63
f 170/270/1 166/1540/1 165/271/1
f 171/273/6 169/1541/6 165/274/6
f 168/276/3 166/1542/3 170/277/3
f 218/279/2 178/1543/2 180/280/2
f 185/282/1 174/1544/1 184/283/1
f 184/285/3 174/1545/3 175/286/3
f 177/288/64 183/1546/64 180/289/64
f 180/289/65 183/1546/65 184/285/65
f 189/291/1 183/294/1 177/292/1
f 189/291/1 190/284/1 184/283/1
f 217/295/2 219/298/2 179/296/2
f 220/281/2 180/280/2 179/296/2
f 181/299/1 190/284/1 189/291/1
f 182/300/1 189/291/1 188/293/1
f 173/302/1 185/282/1 190/284/1
f 195/303/5 196/1547/5 194/304/5
f 197/306/4 198/1548/4 200/307/4
f 193/309/2 194/1549/2 198/310/2
f 193/312/3 197/1550/3 199/313/3
f 198/315/6 194/1551/6 196/316/6
f 202/318/5 204/1552/5 203/319/5
f 208/321/4 206/1553/4 205/322/4
f 206/324/2 202/1554/2 201/325/2
f 208/327/3 204/1555/3 202/328/3
f 210/330/5 212/1556/5 211/331/5
f 216/333/4 214/1557/4 213/334/4
f 214/336/2 210/1558/2 209/337/2
f 212/339/3 210/1559/3 214/340/3
f 191/342/6 186/1560/6 173/343/6
f 192/345/6 191/342/6 181/344/6
f 187/347/6 192/345/6 182/346/6
f 199/349/1 200/1561/1 196/350/1
f 212/352/1 216/1562/1 215/353/1
f 192/355/2 220/281/2 219/298/2
f 186/357/2 191/356/2 219/298/2
f 187/358/2 218/279/2 220/281/2
f 217/359/5 175/1563/5 174/360/5
f 186/362/5 217/359/5 185/361/5
f 218/364/4 188/367/4 177/365/4
f 188/367/4 218/364/4 187/368/4
s 1
f 230/370/1 229/405/9 221/371/9
f 231/373/10 230/1564/1 222/374/1
f 232/376/4 231/373/10 223/375/10
f 233/378/7 232/376/4 224/377/4
f 234/380/2 233/378/7 225/379/7
f 235/382/8 234/1565/2 226/383/2
f 236/385/5 235/382/8 227/384/8
f 245/387/10 252/404/4 244/388/4
f 246/390/1 245/387/10 237/389/10
f 247/392/9 246/1566/1 238/393/1
f 248/395/5 247/392/9 239/394/9
f 249/397/8 248/395/5 240/396/5
f 250/399/2 249/397/8 241/398/8
f 251/401/7 250/1567/2 242/402/2
f 252/404/4 251/401/7 243/403/7
f 229/405/9 236/385/5 228/386/5
f 259/406/14 264/420/6 258/407/6
f 260/409/13 259/1568/14 253/410/14
f 261/412/3 260/1569/13 254/413/13
f 262/415/12 261/412/3 255/414/3
f 263/417/11 262/1570/12 256/418/12
f 264/420/6 263/1571/11 257/421/11
f 265/422/61 273/426/53 280/423/55
f 266/425/60 274/445/52 273/426/53
f 267/427/59 275/431/51 274/428/52
f 268/430/58 276/1572/50 275/431/51
f 277/432/49 276/1573/50 268/433/58
f 278/435/48 277/432/49 269/434/57
f 279/437/47 278/455/48 270/438/56
f 280/440/55 279/437/47 271/439/54
f 273/442/53 281/1092/67 288/443/46
f 274/445/52 282/1574/44 281/446/67
f 275/431/51 283/1575/43 282/447/44
f 276/448/50 284/1084/41 283/449/43
f 285/451/40 284/1084/41 276/448/50
f 286/453/39 285/1576/40 277/432/49
f 287/454/38 286/1577/39 278/455/48
f 288/443/46 287/1076/38 279/456/47
f 691/457/68 289/1578/69 296/458/30
f 693/460/1 290/481/36 289/461/69
f 694/463/70 291/483/35 290/464/36
f 695/466/3 292/1579/42 291/467/35
f 293/469/34 292/1579/42 695/466/3
f 294/471/32 293/486/34 696/472/71
f 295/474/31 294/491/32 697/475/2
f 296/458/30 295/1580/31 698/477/72
f 297/478/28 304/495/73 296/479/30
f 298/480/26 297/478/28 289/461/69
f 299/482/24 298/498/26 290/464/36
f 300/484/33 299/482/24 291/483/35
f 293/486/34 301/489/23 300/487/33
f 294/471/32 302/501/21 301/489/23
f 295/474/31 303/493/19 302/490/21
f 296/492/30 304/504/73 303/493/19
f 305/494/29 312/1581/17 304/495/73
f 306/496/27 305/494/29 297/478/28
f 307/497/25 306/1582/27 298/498/26
f 308/499/22 307/497/25 299/482/24
f 301/489/23 309/502/20 308/500/22
f 302/501/21 310/1583/18 309/502/20
f 303/493/19 311/505/15 310/503/18
f 304/504/73 312/1584/17 311/505/15
s 0
f 334/506/1 318/1585/1 320/507/1
f 330/509/2 325/530/2 314/510/2
f 324/512/3 314/1586/3 315/513/3
f 317/515/3 323/518/3 320/516/3
f 323/518/3 324/512/3 319/514/3
f 329/519/2 323/522/2 317/520/2
f 330/509/2 324/511/2 323/522/2
f 333/523/1 335/526/1 319/524/1
f 336/508/1 320/507/1 319/524/1
f 321/527/2 330/509/2 329/519/2
f 322/528/2 329/519/2 328/521/2
f 321/527/2 313/1587/2 325/530/2
f 331/531/6 326/1588/6 313/532/6
f 322/534/6 332/536/6 331/531/6
f 316/535/6 327/1589/6 332/536/6
f 332/537/1 336/508/1 335/526/1
f 326/539/1 331/538/1 335/526/1
f 327/540/1 334/506/1 336/508/1
f 333/541/4 315/1590/4 314/542/4
f 326/544/4 333/541/4 325/543/4
f 334/546/5 328/549/5 317/547/5
f 328/549/5 334/546/5 327/550/5
f 351/552/2 347/590/2 340/553/2
s 1
f 340/555/74 338/1591/81 337/556/75
f 339/558/76 337/1592/75 350/559/77
f 345/561/78 342/601/3 344/562/79
f 356/564/80 344/1593/79 343/565/77
f 338/567/81 354/570/82 350/568/77
f 354/570/82 355/572/83 349/571/77
f 355/572/83 356/564/80 348/566/77
f 347/573/84 354/577/82 338/574/81
f 346/576/85 355/578/83 354/577/82
f 345/561/78 356/563/80 355/578/83
f 353/579/6 348/583/77 343/580/77
f 352/582/6 349/584/77 348/583/77
f 352/582/6 351/560/6 350/559/77
s 0
f 341/585/2 342/620/2 345/586/2
f 353/587/2 345/586/2 346/588/2
f 352/589/2 346/588/2 347/590/2
f 367/591/2 359/1594/2 360/592/2
s 1
f 359/594/86 357/1595/91 358/595/87
f 366/597/77 357/1596/91 359/598/86
f 361/600/89 372/1597/90 344/562/79
f 343/565/77 344/1593/79 372/602/90
f 366/604/77 370/608/92 358/605/87
f 365/607/77 371/609/93 370/608/92
f 364/603/77 372/602/90 371/609/93
f 358/610/87 370/1598/92 363/611/94
f 363/611/94 370/1598/92 371/613/93
f 371/613/93 372/1597/90 361/600/89
f 343/580/77 364/616/77 369/615/6
f 364/616/77 365/618/77 368/617/6
f 365/618/77 366/597/77 367/599/6
s 0
f 341/585/2 369/621/2 361/619/2
f 369/621/2 368/623/2 362/622/2
f 368/623/2 367/591/2 363/593/2
f 376/626/6 374/1599/6 381/624/6
f 381/624/6 383/1600/6 382/625/6
f 382/625/6 373/1601/6 376/626/6
f 376/629/1 373/1602/1 378/627/1
f 378/627/1 380/1603/1 379/628/1
f 379/628/1 377/1604/1 376/629/1
s 1
f 384/630/96 378/1605/5 373/631/5
f 375/633/98 385/639/102 381/634/99
f 384/630/96 382/632/97 383/636/100
f 386/638/101 383/1606/100 381/634/99
f 379/640/103 380/1607/106 386/641/104
f 380/643/106 378/1605/107 384/630/107
f 385/642/105 375/661/3 377/644/3
s 0
f 391/646/6 374/1599/6 376/626/6
f 376/626/6 387/1608/6 392/645/6
f 392/645/6 393/1609/6 391/646/6
f 388/648/1 387/1610/1 376/629/1
f 376/629/1 377/1604/1 389/647/1
f 389/647/1 390/1611/1 388/648/1
s 1
f 387/649/4 388/1612/4 394/650/108
f 391/652/110 395/1613/532 375/633/98
f 394/650/108 396/660/112 393/653/111
f 396/654/112 395/1613/532 391/652/110
f 396/656/113 390/1614/117 389/657/114
f 394/650/116 388/1612/116 390/659/117
f 389/657/114 377/644/3 375/661/3
f 398/662/2 400/1615/118 399/663/118
f 400/665/118 402/668/119 401/666/119
f 402/668/119 404/1616/120 403/669/120
f 403/669/120 404/1616/120 406/670/121
f 405/671/121 406/670/121 408/672/122
f 407/673/122 408/672/122 410/674/123
f 410/676/123 412/679/124 411/677/124
f 412/679/124 414/681/125 413/680/125
f 414/681/125 416/1617/1 415/682/1
f 416/683/1 418/686/126 417/684/126
f 418/686/126 420/688/127 419/687/127
f 420/688/127 422/690/128 421/689/128
f 422/690/128 424/692/130 423/691/129
f 424/692/130 426/1618/131 425/693/131
f 426/694/131 428/697/132 427/695/132
f 428/697/132 430/702/133 429/698/133
f 402/1619/3 400/1620/3 398/1621/3
f 398/1621/3 432/1622/3 430/699/3
f 430/699/3 428/1623/533 426/1624/3
f 426/1624/3 424/1625/3 422/1626/3
f 422/1626/3 420/1627/3 418/1628/3
f 418/1628/3 416/1629/3 414/700/3
f 414/700/3 412/1630/3 410/1631/3
f 410/1631/3 408/1632/3 406/701/3
f 406/701/3 404/1633/534 402/1619/3
f 402/1619/3 398/1621/3 430/699/3
f 430/699/3 426/1624/3 422/1626/3
f 422/1626/3 418/1628/3 414/700/3
f 414/700/3 410/1631/3 406/701/3
f 406/701/3 402/1619/3 430/699/3
f 430/699/3 422/1626/3 414/700/3
f 430/702/133 432/704/134 431/703/134
f 432/704/134 398/662/2 397/664/2
f 435/705/135 436/709/138 434/706/136
f 437/708/137 438/711/140 436/709/138
f 439/710/139 440/776/142 438/711/140
f 441/712/141 442/716/144 440/713/142
f 443/715/143 444/718/146 442/716/144
f 445/717/145 446/720/148 444/718/146
f 447/719/147 448/722/150 446/720/148
f 449/721/149 450/778/152 448/722/150
f 451/723/151 452/727/154 450/724/152
f 453/726/153 454/729/155 452/727/154
f 455/728/3 456/731/157 454/729/155
f 457/730/156 458/733/159 456/731/157
f 459/732/158 460/735/161 458/733/159
f 461/734/160 462/766/163 460/735/161
f 463/736/162 464/740/165 462/737/163
f 465/739/164 466/742/167 464/740/165
f 467/741/166 468/744/169 466/742/167
f 469/743/168 470/746/171 468/744/169
f 471/745/170 472/768/173 470/746/171
f 473/747/172 474/752/176 472/748/173
f 483/750/174 482/772/192 444/718/146
f 475/751/175 476/753/177 474/752/176
f 475/751/175 433/707/6 434/706/136
f 525/754/178 526/873/260 443/755/179
f 502/757/139 501/1634/137 479/758/181
f 488/760/183 487/787/198 454/729/155
f 493/761/184 492/802/204 464/740/165
f 498/762/185 497/775/194 474/752/176
f 481/763/186 480/759/182 440/713/142
f 452/727/154 486/773/193 485/764/187
f 491/765/188 490/780/196 460/735/161
f 496/767/189 495/781/197 470/746/171
f 479/769/181 477/779/195 436/709/138
f 448/722/150 484/799/203 483/750/174
f 458/733/159 489/790/200 488/760/183
f 494/770/190 493/761/184 466/742/167
f 478/771/191 498/762/185 476/753/177
f 482/772/192 481/763/186 442/716/144
f 454/729/155 487/787/198 486/773/193
f 464/740/165 492/802/204 491/774/188
f 497/775/194 496/793/189 472/748/173
f 440/776/142 480/1635/182 479/769/181
f 485/777/187 484/799/203 448/722/150
f 477/779/195 478/771/191 434/706/136
f 490/780/196 489/790/200 458/733/159
f 495/781/197 494/770/190 468/744/169
f 501/1636/1 499/1637/535 500/1638/1
f 500/1638/1 520/1639/1 519/782/1
f 519/782/1 518/1640/1 517/1641/1
f 517/1641/1 516/1642/1 515/1643/1
f 515/1643/1 514/1644/1 513/1645/1
f 513/1645/1 512/1646/1 511/783/1
f 511/783/1 510/1647/1 509/1648/1
f 509/1648/1 508/1649/1 507/1650/1
f 507/1650/1 506/1651/1 505/1652/1
f 505/1652/1 504/1653/1 503/784/1
f 503/784/1 502/1654/1 501/1636/1
f 501/1636/1 500/1638/1 519/782/1
f 519/782/1 517/1641/1 515/1643/1
f 515/1643/1 513/1645/1 511/783/1
f 511/783/1 509/1648/1 507/1650/1
f 507/1650/1 505/1652/1 503/784/1
f 503/784/1 501/1636/1 519/782/1
f 519/782/1 515/1643/1 511/783/1
f 511/783/1 507/1650/1 503/784/1
f 517/785/168 516/809/166 494/770/190
f 510/786/3 509/810/153 487/787/198
f 503/788/141 502/757/139 480/759/182
f 518/789/199 517/785/168 495/781/197
f 489/790/200 511/980/156 510/786/3
f 504/791/143 503/788/141 481/763/186
f 519/792/201 518/1655/199 496/793/189
f 512/794/158 511/980/156 489/790/200
f 505/795/145 504/791/143 482/772/192
f 520/796/175 519/792/201 497/775/194
f 513/797/202 512/794/158 490/780/196
f 506/798/147 505/795/145 483/750/174
f 500/800/6 520/796/175 498/762/185
f 514/801/162 513/1656/202 491/774/188
f 507/803/149 506/798/147 484/799/203
f 499/804/205 500/800/6 478/771/191
f 515/805/164 514/801/162 492/802/204
f 508/806/206 507/803/149 485/777/187
f 501/808/137 499/804/205 477/779/195
f 516/809/166 515/805/164 493/761/184
f 509/810/153 508/1657/206 486/773/193
f 535/811/207 557/1658/536 558/812/208
f 530/814/210 531/839/235 453/815/211
f 461/817/213 535/811/207 536/813/209
f 540/819/215 541/843/239 473/820/216
f 523/822/218 524/864/254 439/823/219
f 528/825/221 529/857/241 449/826/222
f 521/828/224 522/851/243 435/829/225
f 457/831/227 533/871/258 534/832/228
f 538/834/230 539/849/242 469/835/231
f 443/755/179 526/873/260 527/837/233
f 531/839/235 532/852/244 455/840/236
f 463/818/214 536/813/209 537/841/237
f 541/843/239 542/877/262 475/844/240
f 439/845/219 524/867/254 525/754/178
f 529/846/241 530/814/210 451/816/212
f 459/848/229 534/1659/228 535/811/207
f 539/849/242 540/869/215 471/850/217
f 522/851/243 523/822/218 437/824/220
f 445/838/234 527/837/233 528/825/221
f 532/852/244 533/871/258 457/831/227
f 537/841/237 538/834/230 467/836/232
f 475/844/240 542/877/262 521/828/224
f 544/1660/537 543/1661/249 564/1662/538
f 564/1662/538 563/1663/261 562/853/245
f 562/853/245 561/1664/256 560/1665/252
f 560/1665/252 559/1666/250 558/1667/208
f 558/1667/208 557/1668/536 556/878/263
f 556/878/263 555/1669/257 554/854/246
f 554/854/246 553/1670/255 552/1671/253
f 552/1671/253 551/1672/248 550/1673/539
f 550/1673/539 549/1674/264 548/1675/259
f 548/1675/259 547/1676/540 546/855/247
f 546/855/247 545/1677/251 544/1660/537
f 544/1660/537 564/1662/538 562/853/245
f 562/853/245 560/1665/252 558/1667/208
f 558/1667/208 556/878/263 554/854/246
f 554/854/246 552/1671/253 550/1673/539
f 550/1673/539 548/1675/259 546/855/247
f 546/855/247 544/1660/537 562/853/245
f 562/853/245 558/1667/208 554/854/246
f 554/854/246 550/1673/539 546/855/247
f 528/825/221 550/1678/539 551/856/248
f 543/858/249 544/1679/537 522/851/243
f 536/813/209 558/812/208 559/859/250
f 551/860/248 552/863/253 530/814/210
f 522/851/243 544/1679/537 545/861/251
f 537/841/237 559/859/250 560/862/252
f 552/863/253 553/865/255 531/839/235
f 545/861/251 546/1680/247 524/864/254
f 560/862/252 561/868/256 539/849/242
f 553/865/255 554/1681/246 532/852/244
f 546/866/247 547/1682/540 525/754/178
f 561/868/256 562/1683/245 540/869/215
f 532/852/244 554/1681/246 555/870/257
f 525/754/178 547/1682/540 548/872/259
f 562/853/245 563/1663/261 541/874/239
f 555/870/257 556/1684/263 534/832/228
f 548/872/259 549/881/264 527/837/233
f 563/876/261 564/1685/538 542/877/262
f 556/878/263 557/1668/536 535/879/207
f 549/881/264 550/1678/539 528/825/221
f 542/877/262 564/1685/538 543/858/249
s 0
f 567/882/4 568/1686/4 566/883/4
f 571/885/2 572/1687/2 568/886/2
f 569/888/5 570/1688/5 572/889/5
f 565/891/1 566/1689/1 570/892/1
f 565/894/3 569/1690/3 571/895/3
f 570/897/6 566/1691/6 568/898/6
s 1
f 573/900/6 574/969/305 576/901/265
f 576/901/265 578/965/266 577/903/137
f 578/904/266 580/954/294 579/905/139
f 579/905/139 580/954/294 582/907/267
f 582/907/267 584/910/268 583/909/143
f 584/910/268 586/912/269 585/911/145
f 586/912/269 588/914/270 587/913/147
f 588/914/270 590/977/310 589/915/149
f 589/915/149 590/977/310 592/916/271
f 591/918/206 592/956/271 594/919/272
f 593/920/153 594/919/272 596/921/273
f 596/921/273 598/924/274 597/923/156
f 598/924/274 600/926/275 599/925/158
f 600/926/275 602/960/276 601/927/160
f 602/928/276 604/931/277 603/929/162
f 604/931/277 606/933/278 605/932/164
f 606/933/278 608/935/279 607/934/166
f 608/935/279 610/937/280 609/936/168
f 610/937/280 612/961/299 611/938/281
f 611/939/281 612/1692/299 614/940/282
f 584/910/268 622/971/307 623/942/283
f 614/940/282 616/944/284 615/943/175
f 616/944/284 574/969/305 573/900/6
f 581/945/285 583/1008/339 644/946/286
f 619/948/288 501/1634/137 502/757/139
f 594/919/272 627/972/308 628/950/290
f 604/931/277 632/974/309 633/951/291
f 616/944/284 614/940/282 637/952/292
f 580/954/294 620/949/289 621/955/295
f 592/956/271 590/1693/310 625/957/296
f 600/926/275 630/979/312 631/959/298
f 612/961/299 610/937/280 635/962/300
f 576/901/265 617/978/311 619/964/288
f 586/912/269 623/942/283 624/966/302
f 596/921/273 628/950/290 629/967/303
f 606/933/278 633/951/291 634/968/304
f 574/969/305 616/944/284 638/953/293
f 584/910/268 582/907/267 621/955/295
f 592/956/271 626/958/297 627/972/308
f 604/931/277 602/928/276 631/973/298
f 614/940/282 612/1692/299 636/975/301
f 578/904/266 619/948/288 620/949/289
f 588/914/270 624/966/302 625/976/296
f 576/901/265 574/969/305 618/970/306
f 600/926/275 598/924/274 629/967/303
f 608/935/279 634/968/304 635/962/300
f 634/968/304 516/809/166 517/785/168
f 627/972/308 509/810/153 510/786/3
f 620/949/289 502/757/139 503/788/141
f 635/962/300 517/785/168 518/789/199
f 628/950/290 510/786/3 511/980/156
f 621/955/295 503/788/141 504/791/143
f 636/975/301 518/1655/199 519/792/172
f 629/967/303 511/980/156 512/794/158
f 622/971/307 504/791/143 505/795/145
f 638/953/293 637/952/292 519/792/172
f 630/979/312 512/794/158 513/797/202
f 623/942/283 505/795/145 506/798/147
f 638/953/293 520/796/175 500/800/6
f 631/973/298 513/1656/202 514/801/162
f 624/966/302 506/798/147 507/803/149
f 618/970/306 500/800/6 499/804/205
f 632/974/309 514/801/162 515/805/164
f 625/976/296 507/803/149 508/806/206
f 617/978/311 499/804/205 501/808/137
f 633/951/291 515/805/164 516/809/166
f 626/958/297 508/1657/206 509/810/153
f 653/982/313 654/989/320 676/983/314
f 591/985/316 593/1010/341 649/986/317
f 601/988/319 603/1012/343 654/989/320
f 611/990/321 613/1694/345 659/991/322
f 577/993/324 579/1695/347 642/994/325
f 589/996/327 647/1032/348 646/997/328
f 575/999/330 640/1024/351 639/1000/331
f 597/1002/333 599/1696/349 652/1003/334
f 607/1005/336 609/1023/350 657/1006/337
f 583/1008/339 585/1025/352 645/1009/340
f 593/1010/341 595/1026/353 650/1011/342
f 603/1012/343 605/1027/354 655/1013/344
f 613/1014/345 615/1028/355 660/1015/346
f 579/1017/347 581/945/285 643/947/287
f 589/1019/327 591/985/316 648/987/318
f 601/988/319 653/982/313 652/1021/334
f 609/1023/350 611/990/321 658/992/323
f 575/999/330 577/993/324 641/995/326
f 587/998/329 646/997/328 645/1009/340
f 595/1026/353 597/1002/333 651/1004/335
f 607/1005/336 656/1007/338 655/1013/344
f 615/1028/355 573/1001/332 639/1000/331
f 682/1697/375 661/1698/361 662/1699/360
f 662/1699/360 663/1700/364 664/1029/356
f 664/1029/356 665/1701/371 666/1702/370
f 666/1702/370 667/1703/374 668/1704/359
f 668/1704/359 669/1705/363 670/1706/367
f 670/1706/367 671/1707/366 672/1030/357
f 672/1030/357 673/1708/369 674/1053/373
f 674/1053/373 675/1709/315 676/1710/314
f 676/1710/314 677/1711/362 678/1712/365
f 678/1712/365 679/1713/368 680/1031/358
f 680/1031/358 681/1050/372 682/1697/375
f 682/1697/375 662/1699/360 664/1029/356
f 664/1029/356 666/1702/370 668/1704/359
f 668/1704/359 670/1706/367 672/1030/357
f 672/1030/357 674/1053/373 676/1710/314
f 676/1710/314 678/1712/365 680/1031/358
f 680/1031/358 682/1697/375 664/1029/356
f 664/1029/356 668/1704/359 672/1030/357
f 672/1030/357 676/1710/314 680/1031/358
f 647/1032/348 669/1714/363 668/1033/359
f 639/1000/331 640/1024/351 662/1034/360
f 654/989/320 655/1013/344 677/1036/362
f 648/987/318 670/1041/367 669/1037/363
f 640/1024/351 641/995/326 663/1038/364
f 655/1013/344 656/1007/338 678/1039/365
f 648/987/318 649/986/317 671/1040/366
f 642/994/325 664/1715/356 663/1038/364
f 657/1006/337 679/1045/368 678/1039/365
f 649/986/317 650/1011/342 672/1042/357
f 643/947/287 665/1048/371 664/1043/356
f 657/1006/337 658/992/323 680/1044/358
f 650/1011/342 651/1004/335 673/1046/369
f 643/947/287 644/946/286 666/1047/370
f 658/1049/323 659/1716/322 681/1050/372
f 652/1003/334 674/1717/373 673/1046/369
f 645/1009/340 667/1055/374 666/1047/370
f 660/1015/346 682/1056/375 681/1051/372
f 653/1052/313 675/1709/315 674/1053/373
f 646/997/328 668/1033/359 667/1055/374
f 660/1015/346 639/1000/331 661/1035/361
s 0
f 684/1057/4 686/1718/4 685/1058/4
f 686/1060/1 690/1719/1 689/1061/1
f 690/1063/5 688/1720/5 687/1064/5
f 688/1066/2 684/1721/2 683/1067/2
f 689/1069/3 687/1722/3 683/1070/3
f 686/1072/6 684/1723/6 688/1073/6
s 1
f 288/443/46 692/1724/6 698/1075/72
f 287/1077/38 698/1725/72 697/1078/2
f 286/1080/39 697/1726/2 696/1081/71
f 285/451/40 696/1727/71 695/1083/3
f 695/1083/3 694/1728/70 283/449/43
f 694/1085/70 693/1729/1 282/1086/44
f 693/1088/1 691/1730/68 281/1089/67
f 691/1091/68 692/1724/6 288/443/46
f 700/1093/3 702/1096/376 701/1094/376
f 702/1096/376 704/1098/377 703/1097/377
f 704/1098/377 706/1100/378 705/1099/378
f 706/1100/378 708/1102/5 707/1101/5
f 708/1102/5 710/1731/379 709/1103/379
f 710/1104/379 712/1107/380 711/1105/380
f 712/1107/380 714/1109/381 713/1108/381
f 714/1109/381 716/1264/6 715/1110/6
f 716/1111/6 718/1114/382 717/1112/382
f 718/1114/382 720/1116/383 719/1115/383
f 720/1116/383 722/1118/384 721/1117/384
f 722/1118/384 724/1120/4 723/1119/4
f 724/1120/4 726/1732/385 725/1121/385
f 726/1122/385 728/1128/386 727/1123/386
s 0
f 706/1125/1 750/1188/1 751/1126/1
s 1
f 728/1128/386 730/1130/387 729/1129/387
f 730/1130/387 700/1733/3 699/1131/3
f 709/1132/388 736/1156/412 735/1133/389
f 746/1137/393 731/1151/407 732/1150/406
f 732/1150/406 733/1146/402 734/1145/401
f 734/1145/401 735/1133/389 736/1156/412
f 736/1156/412 737/1162/418 738/1135/391
f 738/1135/391 739/1159/415 740/1140/396
f 740/1140/396 741/1139/395 742/1136/392
f 742/1136/392 743/1153/409 744/1160/416
f 744/1160/416 745/1142/398 746/1137/393
f 746/1137/393 732/1150/406 734/1145/401
f 734/1145/401 736/1156/412 738/1135/391
f 738/1135/391 740/1140/396 742/1136/392
f 742/1136/392 744/1160/416 746/1137/393
f 746/1137/393 734/1145/401 738/1135/391
f 717/1138/394 719/1157/413 741/1139/395
f 729/1141/397 746/1137/393 745/1142/398
f 703/1144/400 705/1158/414 734/1145/401
f 715/1147/403 739/1159/415 738/1135/391
f 699/1149/405 701/1161/417 732/1150/406
f 725/1152/408 744/1160/416 743/1153/409
f 711/1155/411 737/1162/418 736/1156/412
f 719/1157/413 721/1163/419 742/1136/392
f 699/1149/405 731/1151/407 746/1137/393
f 705/1158/414 707/1134/390 735/1133/389
f 715/1147/403 717/1138/394 740/1140/396
f 727/1143/399 745/1142/398 744/1160/416
f 701/1161/417 703/1144/400 733/1146/402
f 713/1148/404 738/1135/391 737/1162/418
f 721/1163/419 723/1154/410 743/1153/409
f 761/1164/2 777/1226/2 778/1165/2
s 0
f 716/1167/1 755/1189/1 756/1168/1
f 728/1170/1 726/1192/1 760/1171/1
f 702/1173/1 747/1191/1 749/1174/1
f 714/1176/1 712/1193/1 753/1177/1
f 722/1179/535 758/1194/535 759/1180/535
f 710/1182/1 708/1127/1 751/1126/1
f 718/1169/1 756/1168/1 757/1184/1
f 730/1186/1 728/1170/1 761/1172/1
f 704/1175/1 749/1174/1 750/1188/1
f 716/1167/1 714/1176/1 754/1178/1
f 700/1190/1 748/1195/1 747/1191/1
f 726/1192/1 724/1181/1 759/1180/1
f 712/1193/1 710/1182/1 752/1183/1
s 1
f 720/1185/1 757/1184/2 758/1194/2
s 0
f 700/1190/1 730/1186/1 762/1187/1
s 1
f 775/1196/4 791/1261/435 792/1197/421
f 754/1199/2 770/1227/2 771/1200/2
f 747/1202/2 748/1205/2 764/1203/2
f 762/1166/2 778/1165/2 764/1203/2
f 756/1206/2 755/1201/2 771/1200/2
f 749/1208/2 747/1202/2 763/1204/2
f 757/1210/2 756/1206/2 772/1207/2
f 750/1212/2 749/1208/2 765/1209/2
f 758/1214/2 757/1210/2 773/1211/2
f 751/1216/2 750/1212/2 766/1213/2
f 759/1218/2 758/1214/2 774/1215/2
f 751/1216/2 767/1217/2 768/1220/2
f 759/1218/2 775/1219/2 776/1222/2
f 752/1221/2 768/1220/2 769/1224/2
f 760/1223/2 776/1222/2 777/1226/2
f 753/1225/2 769/1224/2 770/1227/2
f 781/1230/424 779/1734/429 780/1735/430
f 780/1735/430 794/1736/427 793/1737/425
f 793/1737/425 792/1738/421 791/1739/435
f 791/1739/435 790/1740/433 789/1228/422
f 789/1228/422 788/1741/431 787/1742/428
f 787/1742/428 786/1743/426 785/1229/423
f 785/1229/423 784/1744/436 783/1745/434
f 783/1745/434 782/1746/432 781/1230/424
f 781/1230/424 780/1735/430 793/1737/425
f 793/1737/425 791/1739/435 789/1228/422
f 789/1228/422 787/1742/428 785/1229/423
f 785/1229/423 783/1745/434 781/1230/424
f 781/1230/424 793/1737/425 789/1228/422
f 768/1231/379 784/1747/436 785/1232/423
f 776/1234/385 792/1748/421 793/1235/425
f 769/1233/380 785/1232/423 786/1237/426
f 778/1239/387 777/1236/386 793/1235/425
f 770/1238/381 786/1237/426 787/1241/428
f 764/1243/3 780/1749/430 779/1244/429
f 778/1239/387 794/1240/427 780/1246/430
f 771/1248/6 787/1750/428 788/1249/431
f 763/1245/376 779/1244/429 781/1251/424
f 772/1250/382 788/1249/431 789/1253/422
f 765/1252/377 781/1251/424 782/1255/432
f 773/1254/383 789/1253/422 790/1257/433
f 766/1256/378 782/1255/432 783/1259/434
f 774/1258/384 790/1257/433 791/1261/435
f 767/1260/5 783/1259/434 784/1262/436
f 796/1093/3 798/1096/387 797/1094/387
f 798/1096/387 800/1098/386 799/1097/386
f 800/1098/386 802/1100/385 801/1099/385
f 802/1100/385 804/1102/4 803/1101/4
f 804/1102/4 806/1731/384 805/1103/384
f 805/1106/384 806/1104/384 808/1107/383
f 808/1107/383 810/1109/382 809/1108/382
f 809/1108/382 810/1109/382 812/1264/6
f 811/1113/6 812/1111/6 814/1114/381
f 814/1114/381 816/1116/380 815/1115/380
f 816/1116/380 818/1118/379 817/1117/379
f 818/1118/379 820/1120/5 819/1119/5
f 820/1120/5 822/1732/378 821/1121/378
f 822/1122/378 824/1128/377 823/1123/377
s 0
f 802/1125/2 846/1188/2 847/1126/2
s 1
f 824/1128/377 826/1130/376 825/1129/376
f 826/1130/376 796/1733/3 795/1131/3
f 805/1132/437 832/1156/461 831/1133/438
f 842/1137/442 827/1151/456 828/1150/455
f 828/1150/455 829/1146/451 830/1145/450
f 830/1145/450 831/1133/438 832/1156/461
f 832/1156/461 833/1162/467 834/1135/440
f 834/1135/440 835/1159/464 836/1140/445
f 836/1140/445 837/1139/444 838/1136/441
f 838/1136/441 839/1153/458 840/1160/465
f 840/1160/465 841/1142/447 842/1137/442
f 842/1137/442 828/1150/455 830/1145/450
f 830/1145/450 832/1156/461 834/1135/440
f 834/1135/440 836/1140/445 838/1136/441
f 838/1136/441 840/1160/465 842/1137/442
f 842/1137/442 830/1145/450 834/1135/440
f 813/1138/443 815/1157/462 837/1139/444
f 825/1141/446 842/1137/442 841/1142/447
f 799/1144/449 801/1158/463 830/1145/450
f 811/1147/452 835/1159/464 834/1135/440
f 795/1149/454 797/1161/466 828/1150/455
f 821/1152/457 840/1160/465 839/1153/458
f 807/1155/460 833/1162/467 832/1156/461
f 815/1157/462 817/1163/468 838/1136/441
f 795/1149/454 827/1151/456 842/1137/442
f 801/1158/463 803/1134/439 831/1133/438
f 811/1147/452 813/1138/443 836/1140/445
f 823/1143/448 841/1142/447 840/1160/465
f 797/1161/466 799/1144/449 829/1146/451
f 809/1148/453 834/1135/440 833/1162/467
f 817/1163/468 819/1154/459 839/1153/458
f 857/1164/469 873/1226/499 874/1165/470
s 0
f 812/1167/2 851/1189/2 852/1168/2
f 824/1170/2 822/1192/2 856/1171/2
f 798/1173/2 843/1191/2 845/1174/2
f 810/1176/2 808/1193/2 849/1177/2
f 818/1179/2 854/1194/2 855/1180/2
f 806/1182/2 804/1127/2 847/1126/2
f 814/1169/2 852/1168/2 853/1184/2
f 826/1186/2 824/1170/2 857/1172/2
f 800/1175/541 845/1174/541 846/1188/541
f 812/1167/2 810/1176/2 850/1178/2
f 796/1190/2 844/1195/2 843/1191/2
f 822/1192/2 820/1181/2 855/1180/2
f 808/1193/2 806/1182/2 848/1183/2
s 1
f 816/1185/2 853/1184/486 854/1194/473
s 0
f 796/1190/2 826/1186/2 858/1187/2
s 1
f 871/1196/5 887/1261/514 888/1197/474
f 850/1199/475 866/1227/500 867/1200/476
f 843/1202/478 844/1205/481 860/1203/479
f 858/1166/471 874/1165/470 860/1203/479
f 852/1206/482 851/1201/477 867/1200/476
f 845/1208/484 843/1202/478 859/1204/480
f 853/1210/486 852/1206/482 868/1207/483
f 846/1212/488 845/1208/484 861/1209/485
f 854/1214/473 853/1210/486 869/1211/487
f 847/1216/491 846/1212/488 862/1213/489
f 855/1218/492 854/1214/473 870/1215/490
f 847/1216/491 863/1217/491 864/1220/493
f 855/1218/492 871/1219/492 872/1222/495
f 848/1221/494 864/1220/493 865/1224/497
f 856/1223/496 872/1222/495 873/1226/499
f 849/1225/498 865/1224/497 866/1227/500
f 877/1230/503 875/1734/508 876/1735/509
f 876/1735/509 890/1736/506 889/1737/504
f 889/1737/504 888/1738/474 887/1739/514
f 887/1739/514 886/1740/512 885/1228/501
f 885/1228/501 884/1741/510 883/1742/507
f 883/1742/507 882/1743/505 881/1229/502
f 881/1229/502 880/1744/515 879/1745/513
f 879/1745/513 878/1746/511 877/1230/503
f 877/1230/503 876/1735/509 889/1737/504
f 889/1737/504 887/1739/514 885/1228/501
f 885/1228/501 883/1742/507 881/1229/502
f 881/1229/502 879/1745/513 877/1230/503
f 877/1230/503 889/1737/504 885/1228/501
f 864/1231/384 880/1747/515 881/1232/502
f 872/1234/378 888/1748/474 889/1235/504
f 865/1233/383 881/1232/502 882/1237/505
f 873/1236/377 889/1235/504 890/1240/506
f 866/1238/382 882/1237/505 883/1241/507
f 860/1243/3 876/1749/509 875/1244/508
f 874/1239/376 890/1240/506 876/1246/509
f 867/1248/6 883/1750/507 884/1249/510
f 859/1245/387 875/1244/508 877/1251/503
f 868/1250/381 884/1249/510 885/1253/501
f 861/1252/386 877/1251/503 878/1255/511
f 869/1254/380 885/1253/501 886/1257/512
f 862/1256/385 878/1255/511 879/1259/513
f 870/1258/379 886/1257/512 887/1261/514
f 863/1260/4 879/1259/513 880/1262/515
s 0
f 891/1265/5 893/1751/5 894/1266/5
f 897/1268/2 898/1752/2 894/1269/2
f 895/1271/4 896/1753/4 898/1272/4
f 891/1274/1 892/1754/1 896/1275/1
f 891/1277/6 895/1755/6 897/1278/6
f 898/1280/3 896/1756/3 892/1281/3
s 1
f 901/1283/516 902/1287/516 900/1284/3
f 903/1286/517 904/1289/517 902/1287/516
f 905/1288/518 906/1291/518 904/1289/517
f 905/1288/518 907/1292/519 908/1290/519
f 907/1292/519 909/1295/5 910/1293/5
f 911/1294/520 912/1297/520 910/1293/5
f 913/1296/521 914/1299/521 912/1297/520
f 915/1298/522 916/1301/522 914/1299/521
f 917/1300/523 918/1303/523 916/1301/522
f 919/1302/6 920/1305/6 918/1303/523
f 921/1304/524 922/1307/524 920/1305/6
f 923/1306/525 924/1309/525 922/1307/524
f 925/1308/526 926/1311/526 924/1309/525
f 927/1310/527 928/1313/527 926/1311/526
f 929/1312/4 930/1315/4 928/1313/527
f 931/1314/528 932/1317/528 930/1315/4
f 933/1316/529 934/1319/529 932/1317/528
f 935/1318/530 936/1324/530 934/1319/529
f 900/1322/2 902/1757/2 904/1758/2
f 904/1758/2 906/1759/2 908/1760/2
f 908/1760/2 910/1761/2 912/1762/2
f 912/1762/2 914/1763/2 916/1320/2
f 916/1320/2 918/1764/2 920/1765/2
f 920/1765/2 922/1766/2 924/1767/2
f 924/1767/2 926/1768/2 928/1769/2
f 928/1769/2 930/1770/2 932/1321/2
f 932/1321/2 934/1771/2 936/1772/2
f 936/1772/2 938/1773/2 900/1322/2
f 900/1322/2 904/1758/2 908/1760/2
f 908/1760/2 912/1762/2 916/1320/2
f 916/1320/2 920/1765/2 924/1767/2
f 924/1767/2 928/1769/2 932/1321/2
f 932/1321/2 936/1772/2 900/1322/2
f 900/1322/2 908/1760/2 916/1320/2
f 916/1320/2 924/1767/2 932/1321/2
f 937/1323/531 938/1326/531 936/1324/530
f 899/1325/3 900/1774/3 938/1326/531
f 901/1329/1 899/1775/1 937/1776/1
f 937/1776/1 935/1777/1 933/1778/1
f 933/1778/1 931/1779/1 929/1780/1
f 929/1780/1 927/1781/1 925/1327/1
f 925/1327/1 923/1782/1 921/1783/1
f 921/1783/1 919/1784/1 917/1785/1
f 917/1785/1 915/1786/1 913/1787/1
f 913/1787/1 911/1788/1 909/1328/1
f 909/1328/1 907/1789/1 905/1790/1
f 905/1790/1 903/1791/1 901/1329/1
f 901/1329/1 937/1776/1 933/1778/1
f 933/1778/1 929/1780/1 925/1327/1
f 925/1327/1 921/1783/1 917/1785/1
f 917/1785/1 913/1787/1 909/1328/1
f 909/1328/1 905/1790/1 901/1329/1
f 901/1329/1 933/1778/1 925/1327/1
f 925/1327/1 917/1785/1 909/1328/1
f 941/1330/524 942/1792/524 940/1331/6
f 943/1333/525 944/1337/525 942/1334/524
f 945/1336/526 946/1339/526 944/1337/525
f 947/1338/527 948/1341/527 946/1339/526
f 949/1340/4 950/1343/4 948/1341/527
f 951/1342/528 952/1345/528 950/1343/4
f 953/1344/529 954/1347/529 952/1345/528
f 955/1346/530 956/1349/530 954/1347/529
f 957/1348/531 958/1793/531 956/1349/530
f 959/1350/3 960/1354/3 958/1351/531
f 961/1353/516 962/1356/516 960/1354/3
f 963/1355/517 964/1794/517 962/1356/516
f 965/1357/518 966/1361/518 964/1358/517
f 967/1360/519 968/1363/519 966/1361/518
f 969/1362/5 970/1365/5 968/1363/519
f 971/1364/520 972/1367/520 970/1365/5
f 973/1366/521 974/1369/521 972/1367/520
f 975/1368/522 976/1795/522 974/1369/521
f 940/1372/2 942/1796/2 944/1797/2
f 944/1797/2 946/1798/2 948/1799/2
f 948/1799/2 950/1800/2 952/1801/2
f 952/1801/2 954/1802/2 956/1370/2
f 956/1370/2 958/1803/2 960/1804/2
f 960/1804/2 962/1805/2 964/1806/2
f 964/1806/2 966/1807/2 968/1808/2
f 968/1808/2 970/1809/2 972/1371/2
f 972/1371/2 974/1810/2 976/1811/2
f 976/1811/2 978/1812/2 940/1372/2
f 940/1372/2 944/1797/2 948/1799/2
f 948/1799/2 952/1801/2 956/1370/2
f 956/1370/2 960/1804/2 964/1806/2
f 964/1806/2 968/1808/2 972/1371/2
f 972/1371/2 976/1811/2 940/1372/2
f 940/1372/2 948/1799/2 956/1370/2
f 956/1370/2 964/1806/2 972/1371/2
f 977/1373/523 978/1376/523 976/1374/522
f 939/1332/6 940/1331/6 978/1376/523
f 941/1379/1 939/1813/1 977/1814/1
f 977/1814/1 975/1815/1 973/1816/1
f 973/1816/1 971/1817/1 969/1818/1
f 969/1818/1 967/1819/1 965/1377/1
f 965/1377/1 963/1820/1 961/1821/1
f 961/1821/1 959/1822/1 957/1823/1
f 957/1823/1 955/1824/1 953/1825/1
f 953/1825/1 951/1826/1 949/1378/1
f 949/1378/1 947/1827/1 945/1828/1
f 945/1828/1 943/1829/1 941/1379/1
f 941/1379/1 977/1814/1 973/1816/1
f 973/1816/1 969/1818/1 965/1377/1
f 965/1377/1 961/1821/1 957/1823/1
f 957/1823/1 953/1825/1 949/1378/1
f 949/1378/1 945/1828/1 941/1379/1
f 941/1379/1 973/1816/1 965/1377/1
f 965/1377/1 957/1823/1 949/1378/1
f 980/1380/3 982/1383/516 981/1381/516
f 982/1383/516 984/1385/517 983/1384/517
f 984/1385/517 986/1387/518 985/1386/518
f 986/1387/518 988/1389/519 987/1388/519
f 988/1389/519 990/1391/5 989/1390/5
f 990/1391/5 992/1393/520 991/1392/520
f 992/1393/520 994/1395/521 993/1394/521
f 994/1395/521 996/1397/522 995/1396/522
f 996/1397/522 998/1399/523 997/1398/523
f 998/1399/523 1000/1401/6 999/1400/6
f 1000/1401/6 1002/1403/524 1001/1402/524
f 1002/1403/524 1004/1405/525 1003/1404/525
f 1004/1405/525 1006/1407/526 1005/1406/526
f 1006/1407/526 1008/1409/527 1007/1408/527
f 1008/1409/527 1010/1830/4 1009/1410/4
f 1009/1410/4 1010/1830/4 1012/1411/528
f 1011/1412/528 1012/1411/528 1014/1413/529
f 1014/1413/529 1016/1419/530 1015/1415/530
f 984/1418/1 982/1831/1 980/1832/1
f 980/1832/1 1018/1833/1 1016/1834/1
f 1016/1834/1 1014/1835/1 1012/1836/1
f 1012/1836/1 1010/1837/1 1008/1416/1
f 1008/1416/1 1006/1838/1 1004/1839/1
f 1004/1839/1 1002/1840/1 1000/1841/1
f 1000/1841/1 998/1842/1 996/1843/1
f 996/1843/1 994/1844/1 992/1417/1
f 992/1417/1 990/1845/1 988/1846/1
f 988/1846/1 986/1847/1 984/1418/1
f 984/1418/1 980/1832/1 1016/1834/1
f 1016/1834/1 1012/1836/1 1008/1416/1
f 1008/1416/1 1004/1839/1 1000/1841/1
f 1000/1841/1 996/1843/1 992/1417/1
f 992/1417/1 988/1846/1 984/1418/1
f 984/1418/1 1016/1834/1 1008/1416/1
f 1008/1416/1 1000/1841/1 992/1417/1
f 1016/1419/530 1018/1421/531 1017/1420/531
f 1018/1421/531 980/1848/3 979/1422/3
f 1017/1425/2 979/1849/2 981/1850/2
f 981/1850/2 983/1851/2 985/1852/2
f 985/1852/2 987/1853/2 989/1854/2
f 989/1854/2 991/1855/2 993/1423/2
f 993/1423/2 995/1856/2 997/1857/2
f 997/1857/2 999/1858/2 1001/1859/2
f 1001/1859/2 1003/1860/2 1005/1861/2
f 1005/1861/2 1007/1862/2 1009/1424/2
f 1009/1424/2 1011/1863/2 1013/1864/2
f 1013/1864/2 1015/1865/2 1017/1425/2
f 1017/1425/2 981/1850/2 985/1852/2
f 985/1852/2 989/1854/2 993/1423/2
f 993/1423/2 997/1857/2 1001/1859/2
f 1001/1859/2 1005/1861/2 1009/1424/2
f 1009/1424/2 1013/1864/2 1017/1425/2
f 1017/1425/2 985/1852/2 993/1423/2
f 993/1423/2 1001/1859/2 1009/1424/2
f 1020/1426/6 1022/1866/524 1021/1427/524
f 1022/1429/524 1024/1867/525 1023/1430/525
f 1023/1430/525 1024/1867/525 1026/1432/526
f 1026/1432/526 1028/1435/527 1027/1434/527
f 1028/1435/527 1030/1437/4 1029/1436/4
f 1030/1437/4 1032/1439/528 1031/1438/528
f 1032/1439/528 1034/1441/529 1033/1440/529
f 1034/1441/529 1036/1443/530 1035/1442/530
f 1036/1443/530 1038/1868/531 1037/1444/531
f 1038/1445/531 1040/1448/3 1039/1446/3
f 1040/1448/3 1042/1450/516 1041/1449/516
f 1042/1450/516 1044/1869/517 1043/1451/517
f 1044/1452/517 1046/1455/518 1045/1453/518
f 1046/1455/518 1048/1457/519 1047/1456/519
f 1048/1457/519 1050/1459/5 1049/1458/5
f 1050/1459/5 1052/1461/520 1051/1460/520
f 1052/1461/520 1054/1463/521 1053/1462/521
f 1054/1463/521 1056/1870/522 1055/1464/522
f 1024/1467/1 1022/1871/1 1020/1872/1
f 1020/1872/1 1058/1873/1 1056/1874/1
f 1056/1874/1 1054/1875/1 1052/1876/1
f 1052/1876/1 1050/1877/1 1048/1465/1
f 1048/1465/1 1046/1878/1 1044/1879/1
f 1044/1879/1 1042/1880/1 1040/1881/1
f 1040/1881/1 1038/1882/1 1036/1883/1
f 1036/1883/1 1034/1884/1 1032/1466/1
f 1032/1466/1 1030/1885/1 1028/1886/1
f 1028/1886/1 1026/1887/1 1024/1467/1
f 1024/1467/1 1020/1872/1 1056/1874/1
f 1056/1874/1 1052/1876/1 1048/1465/1
f 1048/1465/1 1044/1879/1 1040/1881/1
f 1040/1881/1 1036/1883/1 1032/1466/1
f 1032/1466/1 1028/1886/1 1024/1467/1
f 1024/1467/1 1056/1874/1 1048/1465/1
f 1048/1465/1 1040/1881/1 1032/1466/1
f 1056/1468/522 1058/1471/523 1057/1469/523
f 1058/1471/523 1020/1426/6 1019/1428/6
f 1057/1474/2 1019/1888/541 1021/1889/2
f 1021/1889/2 1023/1890/2 1025/1891/2
f 1025/1891/2 1027/1892/2 1029/1893/2
f 1029/1893/2 1031/1894/2 1033/1472/2
f 1033/1472/2 1035/1895/2 1037/1896/2
f 1037/1896/2 1039/1897/472 1041/1898/2
f 1041/1898/2 1043/1899/2 1045/1900/2
f 1045/1900/2 1047/1901/2 1049/1473/2
f 1049/1473/2 1051/1902/2 1053/1903/2
f 1053/1903/2 1055/1904/2 1057/1474/2
f 1057/1474/2 1021/1889/2 1025/1891/2
f 1025/1891/2 1029/1893/2 1033/1472/2
f 1033/1472/2 1037/1896/2 1041/1898/2
f 1041/1898/2 1045/1900/2 1049/1473/2
f 1049/1473/2 1053/1903/2 1057/1474/2
f 1057/1474/2 1025/1891/2 1033/1472/2
f 1033/1472/2 1041/1898/2 1049/1473/2
s 0
f 1061/1475/5 1062/1905/5 1060/1476/5
f 1065/1478/2 1066/1906/2 1062/1479/2
f 1063/1481/4 1064/1907/4 1066/1482/4
f 1059/1484/1 1060/1908/1 1064/1485/1
f 1064/1487/3 1060/1909/3 1062/1488/3
f 1059/1490/6 1063/1910/6 1065/1491/6
o body
v 0.773101 1.043492 3.334355
v 0.349641 1.308830 -3.280507
v 0.000000 2.547731 3.948398
v 0.773101 2.495397 3.334355
v 0.349641 1.979183 -3.280507
v 0.000000 3.037413 3.948398
v 0.000000 1.043492 -3.334356
v 0.000000 1.043492 3.334355
v 0.000000 2.495398 3.334355
v 0.000000 2.706308 3.334356
v 0.000000 1.308830 -3.334356
v 0.226771 2.592655 3.948398
v 0.000000 1.979183 -3.334356
v 0.181848 2.547731 3.948398
v 0.349641 1.308830 -3.334356
v 0.213614 2.560889 3.948398
v 0.349641 1.979183 -3.334356
v 0.181848 3.037413 3.948398
v 0.000000 1.308830 -3.280507
v 0.226771 2.992489 3.948398
v 0.000000 1.979183 -3.280507
v 0.213614 3.024255 3.948398
v 0.000000 2.495397 -3.334355
v 0.773101 1.043492 -3.257279
v 0.696025 1.189863 -3.334355
v 0.696025 1.043492 -3.334355
v 0.750526 1.171144 -3.311780
v 0.773101 2.495397 -3.257279
v 0.696025 2.495397 -3.334355
v 0.750526 2.495397 -3.311780
v 0.696200 2.659286 3.334355
v 0.773101 2.577016 3.334355
v 0.750577 2.633039 3.334355
v 0.696025 2.582046 -3.334355
v 0.773101 2.577016 -3.257279
v 0.696200 2.659286 -3.257279
v 0.750490 2.578455 -3.311780
v 0.740562 2.623677 -3.301779
v 0.750614 2.633072 -3.257279
v 0.696113 2.636629 -3.311780
v 0.000000 2.629056 -3.334355
v 0.000000 2.706308 -3.257278
v 0.000000 2.683682 -3.311780
v 0.824792 2.239110 -2.815814
v 0.824792 2.195701 -2.815814
v 0.735860 2.239110 -2.815814
v 0.735860 2.195701 -2.815814
v 0.824792 2.239110 -2.925002
v 0.824792 2.195701 -2.925002
v 0.824792 1.868920 -2.815814
v 0.824792 1.825511 -2.815814
v 0.735860 1.868920 -2.815814
v 0.735860 1.825511 -2.815814
v 0.824792 1.868920 -2.925002
v 0.824792 1.825511 -2.925002
v 0.824792 1.498730 -2.815814
v 0.824792 1.455321 -2.815814
v 0.735860 1.498730 -2.815814
v 0.735860 1.455321 -2.815814
v 0.824792 1.498730 -2.925002
v 0.824792 1.455321 -2.925002
v 0.824793 2.239110 -3.034190
v 0.824793 2.195701 -3.034190
v 0.735861 2.239110 -3.034190
v 0.735861 2.195701 -3.034190
v 0.824793 1.868920 -3.034190
v 0.824793 1.825511 -3.034190
v 0.735861 1.868920 -3.034190
v 0.735861 1.825511 -3.034190
v 0.824793 1.498730 -3.034190
v 0.824793 1.455321 -3.034190
v 0.735861 1.498730 -3.034190
v 0.735861 1.455321 -3.034190
v 0.824792 2.239110 -2.785237
v 0.824792 2.226693 -2.772405
v 0.824792 2.208119 -2.772405
v 0.824792 2.195701 -2.785237
v 0.735860 2.239110 -2.785221
v 0.735860 2.226693 -2.772405
v 0.735860 2.208119 -2.772405
v 0.735860 2.195701 -2.785221
v 0.858659 2.239110 -2.815814
v 0.872717 2.226693 -2.815814
v 0.872717 2.208119 -2.815814
v 0.858659 2.195701 -2.815814
v 0.858722 2.239110 -2.925002
v 0.872717 2.226693 -2.925002
v 0.872717 2.208119 -2.925002
v 0.858722 2.195701 -2.925002
v 0.824792 1.868920 -2.785237
v 0.824792 1.856503 -2.772405
v 0.824792 1.837929 -2.772405
v 0.824792 1.825511 -2.785237
v 0.735860 1.868920 -2.785221
v 0.735860 1.856503 -2.772405
v 0.735860 1.837929 -2.772405
v 0.735860 1.825511 -2.785221
v 0.858659 1.868920 -2.815814
v 0.872717 1.856503 -2.815814
v 0.872717 1.837929 -2.815814
v 0.858659 1.825511 -2.815814
v 0.858722 1.868920 -2.925002
v 0.872717 1.856503 -2.925002
v 0.872717 1.837929 -2.925002
v 0.858722 1.825511 -2.925002
v 0.824792 1.498730 -2.785237
v 0.824792 1.486313 -2.772405
v 0.824792 1.467739 -2.772405
v 0.824792 1.455321 -2.785237
v 0.735860 1.498730 -2.785221
v 0.735860 1.486313 -2.772405
v 0.735860 1.467739 -2.772405
v 0.735860 1.455321 -2.785221
v 0.858659 1.498730 -2.815814
v 0.872717 1.486313 -2.815814
v 0.872717 1.467739 -2.815814
v 0.858659 1.455321 -2.815814
v 0.858722 1.498730 -2.925002
v 0.872717 1.486313 -2.925002
v 0.872717 1.467739 -2.925002
v 0.858722 1.455321 -2.925002
v 0.824793 2.226693 -3.077599
v 0.824793 2.239110 -3.064768
v 0.824793 2.195701 -3.064768
v 0.824793 2.208119 -3.077599
v 0.735861 2.226693 -3.077599
v 0.735861 2.239110 -3.064784
v 0.735861 2.195701 -3.064784
v 0.735861 2.208119 -3.077599
v 0.872717 2.226693 -3.034190
v 0.858659 2.239110 -3.034190
v 0.858659 2.195701 -3.034190
v 0.872717 2.208119 -3.034190
v 0.824793 1.856503 -3.077599
v 0.824793 1.868920 -3.064768
v 0.824793 1.825511 -3.064768
v 0.824793 1.837929 -3.077599
v 0.735861 1.856503 -3.077599
v 0.735861 1.868920 -3.064784
v 0.735861 1.825511 -3.064784
v 0.735861 1.837929 -3.077599
v 0.872717 1.856503 -3.034190
v 0.858659 1.868920 -3.034190
v 0.858659 1.825511 -3.034190
v 0.872717 1.837929 -3.034190
v 0.824793 1.486313 -3.077599
v 0.824793 1.498730 -3.064768
v 0.824793 1.455321 -3.064768
v 0.824793 1.467739 -3.077599
v 0.735861 1.486313 -3.077599
v 0.735861 1.498730 -3.064784
v 0.735861 1.455321 -3.064784
v 0.735861 1.467739 -3.077599
v 0.872717 1.486313 -3.034190
v 0.858659 1.498730 -3.034190
v 0.858659 1.455321 -3.034190
v 0.872717 1.467739 -3.034190
v 0.139287 2.707898 1.899341
v 0.833456 3.204359 3.986499
v 1.005699 2.660159 1.899341
v 0.908480 3.142964 3.986499
v 0.881374 3.186377 3.986499
v 0.728192 2.679168 1.899341
v 1.014937 2.615443 3.986499
v 0.712595 3.205416 1.899341
v 0.214885 3.205416 1.899341
v 0.964693 2.554048 3.986499
v 0.139287 3.129818 1.899341
v 1.005353 2.572030 3.986499
v 0.177086 3.195288 1.899341
v 0.149415 3.167617 1.899341
v 0.397619 3.141726 3.986499
v 0.410472 1.033155 4.010242
v 0.460253 3.204360 3.986499
v 0.410472 3.277842 4.010242
v 0.932665 3.130712 1.899341
v 0.415964 3.186015 3.986499
v 0.845472 3.205416 1.899341
v 0.410472 1.033155 1.856912
v 0.916739 3.168064 1.899341
v 0.410472 2.487915 1.856912
v 0.884824 3.195407 1.899341
v 0.460253 2.554048 3.986499
v 0.410472 2.487915 4.010242
v 0.397619 2.616681 3.986499
v 0.415964 2.572393 3.986499
v 0.923989 2.551327 1.899341
v 1.003632 2.622651 1.899341
v 0.962288 2.559360 1.899341
v 0.991440 2.585467 1.899341
v 0.410472 3.277842 1.856912
v 0.773845 2.651707 1.899341
v 0.000000 1.033155 1.856912
v 0.843913 2.555739 1.899341
v 0.000000 3.277842 4.010242
v 0.000000 3.277842 1.856912
v 0.798203 2.614664 1.899341
v 0.815519 2.572955 1.899341
v 0.000000 2.487915 1.856912
v 0.000000 1.033154 4.010242
v 1.145962 2.633641 1.974765
v 1.166646 2.531148 2.079324
v 1.173896 2.515506 1.955356
v 1.160588 2.561168 2.005390
v 1.166646 2.531148 3.787829
v 1.145962 2.633641 3.892389
v 1.173896 2.515506 3.911797
v 1.160588 2.561168 3.861764
v 1.024684 3.234609 2.079324
v 1.045367 3.132116 1.974765
v 1.017434 3.250250 1.955356
v 1.030742 3.204589 2.005390
v 1.045367 3.132116 3.892389
v 1.024684 3.234609 3.787829
v 1.017434 3.250250 3.911797
v 1.030742 3.204589 3.861764
v 1.120360 2.527631 2.077024
v 1.099676 2.630124 1.972465
v 1.114302 2.557651 2.003090
v 1.099676 2.630124 3.890089
v 1.120360 2.527631 3.785530
v 1.114302 2.557651 3.859464
v 0.999081 3.128599 1.972465
v 0.978397 3.231091 2.077024
v 0.984455 3.201072 2.003090
v 0.978397 3.231091 3.785530
v 0.999081 3.128599 3.890089
v 0.984455 3.201072 3.859464
v 0.000000 1.338382 4.010242
v 0.285484 2.487915 4.010242
v 0.169779 1.338382 4.010242
v 0.227631 1.353740 4.010242
v 0.269983 1.395699 4.010242
v 0.285484 1.453015 4.010242
v 0.169779 3.101694 4.010242
v 0.227631 3.086336 4.010242
v 0.285484 2.987061 4.010242
v 0.269983 3.044377 4.010242
v 0.000000 3.101694 4.010242
v 0.000000 1.338382 3.976139
v 0.169779 1.338382 3.976139
v 0.285484 2.487915 3.976139
v 0.285484 1.453015 3.976139
v 0.269983 1.395699 3.976139
v 0.227631 1.353740 3.976139
v 0.000000 2.487915 3.976139
v 0.169779 3.101694 3.976139
v 0.000000 3.101694 3.976139
v 0.227631 3.086336 3.976139
v 0.269983 3.044377 3.976139
v 0.285484 2.987061 3.976139
v 0.833456 3.204359 4.010242
v 0.908480 3.142964 4.010242
v 0.881374 3.186377 4.010242
v 0.410472 2.585652 4.010242
v 0.460253 2.554048 4.010242
v 0.415964 2.572393 4.010242
v 0.415964 3.186015 4.010242
v 0.410472 3.172755 4.010242
v 1.014937 2.615443 4.010242
v 1.005353 2.572030 4.010242
v 0.964693 2.554048 4.010242
v 0.460253 3.204360 4.010242
v 0.397619 2.616681 4.010242
v 0.397619 3.141726 4.010242
v 0.139287 3.129818 1.856912
v 0.214885 3.205416 1.856912
v 0.177086 3.195288 1.856912
v 0.149415 3.167617 1.856912
v 0.139287 2.707898 1.856912
v 0.410472 2.694669 1.856912
v 0.410472 3.205416 1.856912
v 0.798203 2.614664 1.856912
v 0.815519 2.572955 1.856912
v 0.728192 2.679168 1.856912
v 0.773845 2.651707 1.856912
v 0.843913 2.555739 1.856912
v 0.962288 2.559360 1.856912
v 1.005699 2.660159 1.856912
v 0.991440 2.585467 1.856912
v 1.003632 2.622651 1.856912
v 0.923989 2.551327 1.856912
v 0.712595 3.205416 1.856912
v 0.916739 3.168064 1.856912
v 0.932665 3.130712 1.856912
v 0.845472 3.205416 1.856912
v 0.884824 3.195407 1.856912
v 1.106487 1.033155 1.856912
v 1.175371 1.033155 1.922592
v 0.946595 3.277842 1.856912
v 1.015959 3.277842 1.922592
v 1.175371 1.033155 3.944562
v 1.106487 1.033155 4.010242
v 0.946595 3.277842 4.010242
v 1.015959 3.277842 3.944562
v 1.106359 2.487915 1.856912
v 1.175371 2.487915 1.922592
v 1.175371 2.487915 3.944562
v 1.106359 2.487915 4.010242
v 0.928405 3.307302 1.856912
v 0.959655 3.370502 1.922592
v 0.959655 3.370502 3.944562
v 0.928405 3.307302 4.010242
v 0.410472 3.416832 3.944562
v 0.410472 3.351000 4.010242
v 0.000000 3.370306 4.010242
v 0.000000 3.436136 3.944562
v 0.000000 3.436137 1.922592
v 0.000000 3.370307 1.856912
v 0.410472 3.351000 1.856912
v 0.410472 3.416832 1.922592
v 1.154904 1.787110 3.191095
v 1.154904 1.822596 3.226581
v 1.154904 1.797503 3.216187
v 1.154904 1.937038 3.226581
v 1.154904 1.972524 3.191095
v 1.154904 1.962130 3.216187
v 1.154904 1.822596 2.630785
v 1.154904 1.787110 2.666271
v 1.154904 1.797503 2.641179
v 1.154904 1.972524 2.666271
v 1.154904 1.937038 2.630785
v 1.154904 1.962130 2.641179
v 1.191512 1.822596 3.226581
v 1.191512 1.787110 3.191095
v 1.191512 1.797503 3.216187
v 1.191512 1.972524 3.191095
v 1.191512 1.937038 3.226581
v 1.191512 1.962130 3.216187
v 1.191512 1.787110 2.666271
v 1.191512 1.822596 2.630785
v 1.191512 1.797503 2.641179
v 1.191512 1.937038 2.630785
v 1.191512 1.972524 2.666271
v 1.191512 1.962130 2.641179
v 0.000000 3.037413 3.976139
v 0.000000 2.547731 3.976139
v 0.226771 2.592655 3.976139
v 0.181848 2.547731 3.976139
v 0.213614 2.560889 3.976139
v 0.226771 2.992489 3.976139
v 0.181848 3.037413 3.976139
v 0.197731 3.030834 3.976139
v 0.213614 3.024255 3.976139
v 0.849650 1.813156 1.740964
v 0.849650 1.780427 1.740964
v 0.849650 1.813156 1.773694
v 0.849650 1.780427 1.773694
v 0.782597 1.813156 1.740964
v 0.782597 1.780427 1.740964
v 0.782597 1.813156 1.773694
v 0.782597 1.780427 1.773694
v 0.885784 1.813156 1.740964
v 0.885784 1.780427 1.740964
v 0.849650 1.813156 1.631545
v 0.849650 1.780427 1.631545
v 0.885784 1.813156 1.631545
v 0.885784 1.780427 1.631545
v 0.724209 1.233817 1.795137
v 0.724209 2.426795 1.795137
v 0.724209 1.233817 1.146562
v 0.724209 2.426795 1.146562
v 0.798962 1.233817 1.795137
v 0.798962 2.426795 1.795137
v 0.798962 1.233817 1.146562
v 0.798962 2.426795 1.146562
v 0.849650 1.813156 0.976943
v 0.849650 1.780427 0.976943
v 0.849650 1.813156 1.009672
v 0.849650 1.780427 1.009672
v 0.782597 1.813156 0.976943
v 0.782597 1.780427 0.976943
v 0.782597 1.813156 1.009672
v 0.782597 1.780427 1.009672
v 0.885784 1.813156 0.976943
v 0.885784 1.780427 0.976943
v 0.849650 1.813156 0.867523
v 0.849650 1.780427 0.867523
v 0.885784 1.813156 0.867523
v 0.885784 1.780427 0.867523
v 0.724209 1.233817 1.031115
v 0.724209 2.426795 1.031115
v 0.724209 1.233817 0.382540
v 0.724209 2.426795 0.382540
v 0.798962 1.233817 1.031115
v 0.798962 2.426795 1.031115
v 0.798962 1.233817 0.382540
v 0.798962 2.426795 0.382540
v 0.849650 1.813156 0.212921
v 0.849650 1.780427 0.212921
v 0.849650 1.813156 0.245650
v 0.849650 1.780427 0.245650
v 0.782597 1.813156 0.212921
v 0.782597 1.780427 0.212921
v 0.782597 1.813156 0.245650
v 0.782597 1.780427 0.245650
v 0.885784 1.813156 0.212921
v 0.885784 1.780427 0.212921
v 0.849650 1.813156 0.103501
v 0.849650 1.780427 0.103501
v 0.885784 1.813156 0.103501
v 0.885784 1.780427 0.103501
v 0.724209 1.233817 0.267093
v 0.724209 2.426795 0.267093
v 0.724209 1.233817 -0.381482
v 0.724209 2.426795 -0.381482
v 0.798962 1.233817 0.267093
v 0.798962 2.426795 0.267093
v 0.798962 1.233817 -0.381482
v 0.798962 2.426795 -0.381482
v 0.849650 1.813156 -0.551101
v 0.849650 1.780427 -0.551101
v 0.849650 1.813156 -0.518372
v 0.849650 1.780427 -0.518372
v 0.782597 1.813156 -0.551101
v 0.782597 1.780427 -0.551101
v 0.782597 1.813156 -0.518372
v 0.782597 1.780427 -0.518372
v 0.885784 1.813156 -0.551101
v 0.885784 1.780427 -0.551101
v 0.849650 1.813156 -0.660521
v 0.849650 1.780427 -0.660521
v 0.885784 1.813156 -0.660521
v 0.885784 1.780427 -0.660521
v 0.724209 1.233817 -0.496929
v 0.724209 2.426795 -0.496929
v 0.724209 1.233817 -1.145504
v 0.724209 2.426795 -1.145504
v 0.798962 1.233817 -0.496929
v 0.798962 2.426795 -0.496929
v 0.798962 1.233817 -1.145504
v 0.798962 2.426795 -1.145504
v 0.849650 1.813156 -1.315123
v 0.849650 1.780427 -1.315123
v 0.849650 1.813156 -1.282394
v 0.849650 1.780427 -1.282394
v 0.782597 1.813156 -1.315123
v 0.782597 1.780427 -1.315123
v 0.782597 1.813156 -1.282394
v 0.782597 1.780427 -1.282394
v 0.885784 1.813156 -1.315123
v 0.885784 1.780427 -1.315123
v 0.849650 1.813156 -1.424542
v 0.849650 1.780427 -1.424542
v 0.885784 1.813156 -1.424542
v 0.885784 1.780427 -1.424542
v 0.724209 1.233817 -1.260950
v 0.724209 2.426795 -1.260950
v 0.724209 1.233817 -1.909526
v 0.724209 2.426795 -1.909526
v 0.798962 1.233817 -1.260950
v 0.798962 2.426795 -1.260950
v 0.798962 1.233817 -1.909526
v 0.798962 2.426795 -1.909526
v 0.849650 1.813156 -2.079145
v 0.849650 1.780427 -2.079145
v 0.849650 1.813156 -2.046416
v 0.849650 1.780427 -2.046416
v 0.782597 1.813156 -2.079145
v 0.782597 1.780427 -2.079145
v 0.782597 1.813156 -2.046416
v 0.782597 1.780427 -2.046416
v 0.885784 1.813156 -2.079145
v 0.885784 1.780427 -2.079145
v 0.849650 1.813156 -2.188564
v 0.849650 1.780427 -2.188564
v 0.885784 1.813156 -2.188564
v 0.885784 1.780427 -2.188564
v 0.724209 1.233817 -2.024972
v 0.724209 2.426795 -2.024972
v 0.724209 1.233817 -2.673548
v 0.724209 2.426795 -2.673548
v 0.798962 1.233817 -2.024972
v 0.798962 2.426795 -2.024972
v 0.798962 1.233817 -2.673548
v 0.798962 2.426795 -2.673548
v -0.849652 1.813156 1.740964
v -0.849652 1.780427 1.740964
v -0.849652 1.813156 1.773694
v -0.849652 1.780427 1.773694
v -0.782599 1.813156 1.740964
v -0.782599 1.780427 1.740964
v -0.782599 1.813156 1.773694
v -0.782599 1.780427 1.773694
v -0.885786 1.813156 1.740964
v -0.885786 1.780427 1.740964
v -0.849652 1.813156 1.631545
v -0.849652 1.780427 1.631545
v -0.885786 1.813156 1.631545
v -0.885786 1.780427 1.631545
v -0.724211 1.233817 1.795137
v -0.724211 2.426795 1.795137
v -0.724211 1.233817 1.146562
v -0.724211 2.426795 1.146562
v -0.798964 1.233817 1.795137
v -0.798964 2.426795 1.795137
v -0.798964 1.233817 1.146562
v -0.798964 2.426795 1.146562
v -0.849652 1.813156 0.976942
v -0.849652 1.780427 0.976942
v -0.849652 1.813156 1.009672
v -0.849652 1.780427 1.009672
v -0.782599 1.813156 0.976942
v -0.782599 1.780427 0.976942
v -0.782599 1.813156 1.009672
v -0.782599 1.780427 1.009672
v -0.885786 1.813156 0.976942
v -0.885786 1.780427 0.976942
v -0.849652 1.813156 0.867523
v -0.849652 1.780427 0.867523
v -0.885786 1.813156 0.867523
v -0.885786 1.780427 0.867523
v -0.724211 1.233817 1.031115
v -0.724211 2.426795 1.031115
v -0.724211 1.233817 0.382540
v -0.724211 2.426795 0.382540
v -0.798964 1.233817 1.031115
v -0.798964 2.426795 1.031115
v -0.798964 1.233817 0.382540
v -0.798964 2.426795 0.382540
v -0.849652 1.813156 0.212921
v -0.849652 1.780427 0.212921
v -0.849652 1.813156 0.245650
v -0.849652 1.780427 0.245650
v -0.782599 1.813156 0.212921
v -0.782599 1.780427 0.212921
v -0.782599 1.813156 0.245650
v -0.782599 1.780427 0.245650
v -0.885786 1.813156 0.212921
v -0.885786 1.780427 0.212921
v -0.849652 1.813156 0.103501
v -0.849652 1.780427 0.103501
v -0.885786 1.813156 0.103501
v -0.885786 1.780427 0.103501
v -0.724211 1.233817 0.267093
v -0.724211 2.426795 0.267093
v -0.724211 1.233817 -0.381482
v -0.724211 2.426795 -0.381482
v -0.798964 1.233817 0.267093
v -0.798964 2.426795 0.267093
v -0.798964 1.233817 -0.381482
v -0.798964 2.426795 -0.381482
v -0.849652 1.813156 -0.551101
v -0.849652 1.780427 -0.551101
v -0.849652 1.813156 -0.518372
v -0.849652 1.780427 -0.518372
v -0.782599 1.813156 -0.551101
v -0.782599 1.780427 -0.551101
v -0.782599 1.813156 -0.518372
v -0.782599 1.780427 -0.518372
v -0.885786 1.813156 -0.551101
v -0.885786 1.780427 -0.551101
v -0.849652 1.813156 -0.660521
v -0.849652 1.780427 -0.660521
v -0.885786 1.813156 -0.660521
v -0.885786 1.780427 -0.660521
v -0.724211 1.233817 -0.496929
v -0.724211 2.426795 -0.496929
v -0.724211 1.233817 -1.145504
v -0.724211 2.426795 -1.145504
v -0.798964 1.233817 -0.496929
v -0.798964 2.426795 -0.496929
v -0.798964 1.233817 -1.145504
v -0.798964 2.426795 -1.145504
v -0.849652 1.813156 -1.315123
v -0.849652 1.780427 -1.315123
v -0.849652 1.813156 -1.282394
v -0.849652 1.780427 -1.282394
v -0.782599 1.813156 -1.315123
v -0.782599 1.780427 -1.315123
v -0.782599 1.813156 -1.282394
v -0.782599 1.780427 -1.282394
v -0.885786 1.813156 -1.315123
v -0.885786 1.780427 -1.315123
v -0.849652 1.813156 -1.424542
v -0.849652 1.780427 -1.424542
v -0.885786 1.813156 -1.424542
v -0.885786 1.780427 -1.424542
v -0.724211 1.233817 -1.260950
v -0.724211 2.426795 -1.260950
v -0.724211 1.233817 -1.909526
v -0.724211 2.426795 -1.909526
v -0.798964 1.233817 -1.260950
v -0.798964 2.426795 -1.260950
v -0.798964 1.233817 -1.909526
v -0.798964 2.426795 -1.909526
v -0.849652 1.813156 -2.079145
v -0.849652 1.780427 -2.079145
v -0.849652 1.813156 -2.046416
v -0.849652 1.780427 -2.046416
v -0.782599 1.813156 -2.079145
v -0.782599 1.780427 -2.079145
v -0.782599 1.813156 -2.046416
v -0.782599 1.780427 -2.046416
v -0.885786 1.813156 -2.079145
v -0.885786 1.780427 -2.079145
v -0.849652 1.813156 -2.188564
v -0.849652 1.780427 -2.188564
v -0.885786 1.813156 -2.188564
v -0.885786 1.780427 -2.188564
v -0.724211 1.233817 -2.024972
v -0.724211 2.426795 -2.024972
v -0.724211 1.233817 -2.673548
v -0.724211 2.426795 -2.673548
v -0.798964 1.233817 -2.024972
v -0.798964 2.426795 -2.024972
v -0.798964 1.233817 -2.673548
v -0.798964 2.426795 -2.673548
v 0.000000 2.821609 -3.419146
v 0.000000 2.821609 -3.274633
v 0.096738 2.786400 -3.419146
v 0.096738 2.786400 -3.274634
v 0.148212 2.697245 -3.419146
v 0.148212 2.697245 -3.274634
v 0.130335 2.595862 -3.419146
v 0.130335 2.595862 -3.274634
v 0.051473 2.529690 -3.419146
v 0.051473 2.529690 -3.274634
v 0.051377 2.732340 -3.148205
v 0.000000 2.751040 -3.148204
v 0.078714 2.684991 -3.148205
v 0.069220 2.631147 -3.148205
v 0.027337 2.596004 -3.148205
v 0.000000 2.785965 -3.419146
v 0.073827 2.759095 -3.419146
v 0.113109 2.691056 -3.419146
v 0.099467 2.613685 -3.419146
v 0.039282 2.563184 -3.419146
v 0.000000 2.785965 -3.391577
v 0.073827 2.759095 -3.391577
v 0.113109 2.691056 -3.391577
v 0.099467 2.613685 -3.391577
v 0.039282 2.563184 -3.391577
v 0.000000 2.529690 -3.419146
v 0.000000 2.529690 -3.274633
v 0.000000 2.596004 -3.148204
v 0.000000 2.563184 -3.419146
v 0.000000 2.563184 -3.391577
v 0.756832 0.799869 -3.827705
v 0.756832 0.799869 -3.991418
v 0.718544 0.805934 -3.827705
v 0.718544 0.805934 -3.991418
v 0.684003 0.823533 -3.827705
v 0.684003 0.823533 -3.991418
v 0.656592 0.850944 -3.827705
v 0.656592 0.850944 -3.991418
v 0.638993 0.885485 -3.827705
v 0.638993 0.885485 -3.991418
v 0.632928 0.923773 -3.827705
v 0.632928 0.923773 -3.991418
v 0.638993 0.962061 -3.827705
v 0.638993 0.962061 -3.991418
v 0.656592 0.996602 -3.827705
v 0.656592 0.996602 -3.991418
v 0.684003 1.024013 -3.827705
v 0.684003 1.024013 -3.991418
v 0.718544 1.041613 -3.827705
v 0.718544 1.041613 -3.991418
v 0.756832 1.047677 -3.827705
v 0.756832 1.047677 -3.991418
v 0.795120 1.041613 -3.827705
v 0.795120 1.041613 -3.991418
v 0.829661 1.024013 -3.827705
v 0.829661 1.024013 -3.991418
v 0.857072 0.996602 -3.827705
v 0.857072 0.996602 -3.991418
v 0.874671 0.962061 -3.827705
v 0.874671 0.962061 -3.991418
v 0.880736 0.923773 -3.827705
v 0.880736 0.923773 -3.991418
v 0.874671 0.885485 -3.827705
v 0.874671 0.885485 -3.991418
v 0.857072 0.850944 -3.827705
v 0.857072 0.850944 -3.991418
v 0.829661 0.823533 -3.827705
v 0.829661 0.823533 -3.991418
v 0.795120 0.805934 -3.827705
v 0.795120 0.805934 -3.991418
v 0.730747 0.843492 -3.991418
v 0.756832 0.839361 -3.991418
v 0.707216 0.855482 -3.991418
v 0.688541 0.874157 -3.991418
v 0.676551 0.897688 -3.991418
v 0.672420 0.923773 -3.991418
v 0.676551 0.949858 -3.991418
v 0.688541 0.973389 -3.991418
v 0.707216 0.992064 -3.991418
v 0.730747 1.004054 -3.991418
v 0.756832 1.008185 -3.991418
v 0.782917 1.004054 -3.991418
v 0.806448 0.992064 -3.991418
v 0.825123 0.973389 -3.991418
v 0.837113 0.949858 -3.991418
v 0.841244 0.923773 -3.991418
v 0.837113 0.897688 -3.991418
v 0.825123 0.874157 -3.991418
v 0.806448 0.855482 -3.991418
v 0.782917 0.843492 -3.991418
v 0.733237 0.851156 -3.972502
v 0.756832 0.847419 -3.972502
v 0.711952 0.862001 -3.972502
v 0.695060 0.878893 -3.972502
v 0.684215 0.900178 -3.972502
v 0.680478 0.923773 -3.972502
v 0.684215 0.947368 -3.972502
v 0.695060 0.968653 -3.972502
v 0.711952 0.985545 -3.972502
v 0.733237 0.996390 -3.972502
v 0.756832 1.000127 -3.972502
v 0.780427 0.996390 -3.972502
v 0.801712 0.985545 -3.972502
v 0.818604 0.968653 -3.972502
v 0.829449 0.947368 -3.972502
v 0.833186 0.923773 -3.972502
v 0.829449 0.900178 -3.972502
v 0.818604 0.878893 -3.972502
v 0.801712 0.862001 -3.972502
v 0.780427 0.851156 -3.972502
v 0.756832 0.862268 -3.792848
v 0.737826 0.865278 -3.792848
v 0.720680 0.874014 -3.792848
v 0.707073 0.887621 -3.792848
v 0.698337 0.904767 -3.792848
v 0.695327 0.923773 -3.792848
v 0.698337 0.942779 -3.792848
v 0.707073 0.959925 -3.792848
v 0.720680 0.973532 -3.792848
v 0.737826 0.982268 -3.792848
v 0.756832 0.985278 -3.792848
v 0.775838 0.982268 -3.792848
v 0.792984 0.973532 -3.792848
v 0.806591 0.959925 -3.792848
v 0.815327 0.942779 -3.792848
v 0.818337 0.923773 -3.792848
v 0.815327 0.904767 -3.792848
v 0.806591 0.887621 -3.792848
v 0.792984 0.874014 -3.792848
v 0.775838 0.865278 -3.792848
v -0.095799 2.786399 -3.419145
v -0.095799 2.786399 -3.274633
v -0.147272 2.697245 -3.419145
v -0.147272 2.697245 -3.274633
v -0.129395 2.595862 -3.419145
v -0.129395 2.595862 -3.274633
v -0.050534 2.529690 -3.419145
v -0.050534 2.529690 -3.274633
v -0.050437 2.732339 -3.148204
v -0.077774 2.684991 -3.148204
v -0.068280 2.631147 -3.148204
v -0.026397 2.596004 -3.148204
v -0.072887 2.759095 -3.419145
v -0.112170 2.691056 -3.419145
v -0.098527 2.613684 -3.419145
v -0.038343 2.563184 -3.419145
v -0.072887 2.759095 -3.391576
v -0.112170 2.691056 -3.391576
v -0.098527 2.613684 -3.391576
v -0.038343 2.563184 -3.391576
v -0.755892 0.799869 -3.827704
v -0.755892 0.799869 -3.991417
v -0.717604 0.805934 -3.827704
v -0.717604 0.805934 -3.991417
v -0.683064 0.823533 -3.827704
v -0.683064 0.823533 -3.991417
v -0.655652 0.850944 -3.827704
v -0.655652 0.850944 -3.991417
v -0.638053 0.885485 -3.827704
v -0.638053 0.885485 -3.991417
v -0.631989 0.923773 -3.827704
v -0.631989 0.923773 -3.991417
v -0.638053 0.962061 -3.827704
v -0.638053 0.962061 -3.991417
v -0.655652 0.996602 -3.827704
v -0.655652 0.996602 -3.991417
v -0.683064 1.024013 -3.827704
v -0.683064 1.024013 -3.991417
v -0.717604 1.041613 -3.827704
v -0.717604 1.041613 -3.991417
v -0.755892 1.047677 -3.827704
v -0.755892 1.047677 -3.991417
v -0.794181 1.041613 -3.827704
v -0.794181 1.041613 -3.991417
v -0.828721 1.024013 -3.827704
v -0.828721 1.024013 -3.991417
v -0.856133 0.996602 -3.827704
v -0.856133 0.996602 -3.991417
v -0.873732 0.962061 -3.827704
v -0.873732 0.962061 -3.991417
v -0.879796 0.923773 -3.827704
v -0.879796 0.923773 -3.991417
v -0.873732 0.885485 -3.827704
v -0.873732 0.885485 -3.991417
v -0.856133 0.850944 -3.827704
v -0.856133 0.850944 -3.991417
v -0.828721 0.823533 -3.827704
v -0.828721 0.823533 -3.991417
v -0.794181 0.805934 -3.827704
v -0.794181 0.805934 -3.991417
v -0.729808 0.843492 -3.991417
v -0.755892 0.839361 -3.991417
v -0.706276 0.855482 -3.991417
v -0.687602 0.874157 -3.991417
v -0.675612 0.897688 -3.991417
v -0.671480 0.923773 -3.991417
v -0.675612 0.949858 -3.991417
v -0.687602 0.973389 -3.991417
v -0.706276 0.992064 -3.991417
v -0.729808 1.004054 -3.991417
v -0.755892 1.008185 -3.991417
v -0.781977 1.004054 -3.991417
v -0.805509 0.992064 -3.991417
v -0.824183 0.973389 -3.991417
v -0.836173 0.949858 -3.991417
v -0.840304 0.923773 -3.991417
v -0.836173 0.897688 -3.991417
v -0.824183 0.874157 -3.991417
v -0.805509 0.855482 -3.991417
v -0.781977 0.843492 -3.991417
v -0.732298 0.851156 -3.972502
v -0.755892 0.847419 -3.972502
v -0.711013 0.862001 -3.972502
v -0.694121 0.878893 -3.972502
v -0.683275 0.900178 -3.972502
v -0.679538 0.923773 -3.972502
v -0.683275 0.947368 -3.972502
v -0.694121 0.968653 -3.972502
v -0.711013 0.985545 -3.972502
v -0.732298 0.996390 -3.972502
v -0.755892 1.000127 -3.972502
v -0.779487 0.996390 -3.972502
v -0.800772 0.985545 -3.972502
v -0.817664 0.968653 -3.972502
v -0.828510 0.947368 -3.972502
v -0.832247 0.923773 -3.972502
v -0.828510 0.900178 -3.972502
v -0.817664 0.878893 -3.972502
v -0.800772 0.862001 -3.972502
v -0.779487 0.851156 -3.972502
v -0.755892 0.862268 -3.792848
v -0.736886 0.865278 -3.792848
v -0.719741 0.874014 -3.792848
v -0.706134 0.887621 -3.792848
v -0.697398 0.904767 -3.792848
v -0.694387 0.923773 -3.792848
v -0.697398 0.942779 -3.792848
v -0.706134 0.959925 -3.792848
v -0.719741 0.973532 -3.792848
v -0.736886 0.982268 -3.792848
v -0.755892 0.985278 -3.792848
v -0.774899 0.982268 -3.792848
v -0.792044 0.973532 -3.792848
v -0.805651 0.959925 -3.792848
v -0.814387 0.942779 -3.792848
v -0.817397 0.923773 -3.792848
v -0.814387 0.904767 -3.792848
v -0.805651 0.887621 -3.792848
v -0.792044 0.874014 -3.792848
v -0.774899 0.865278 -3.792848
v 0.756832 0.799869 4.406092
v 0.756832 0.799869 4.569804
v 0.795120 0.805933 4.406092
v 0.795121 0.805933 4.569804
v 0.829661 0.823533 4.406092
v 0.829661 0.823533 4.569804
v 0.857072 0.850944 4.406092
v 0.857072 0.850944 4.569804
v 0.874672 0.885485 4.406092
v 0.874672 0.885485 4.569804
v 0.880736 0.923773 4.406092
v 0.880736 0.923773 4.569804
v 0.874672 0.962061 4.406092
v 0.874672 0.962061 4.569804
v 0.857072 0.996602 4.406092
v 0.857072 0.996602 4.569804
v 0.829661 1.024013 4.406092
v 0.829661 1.024013 4.569804
v 0.795120 1.041612 4.406092
v 0.795121 1.041612 4.569804
v 0.756832 1.047677 4.406092
v 0.756832 1.047677 4.569804
v 0.718544 1.041612 4.406092
v 0.718544 1.041612 4.569804
v 0.684003 1.024013 4.406092
v 0.684003 1.024013 4.569804
v 0.656592 0.996602 4.406092
v 0.656592 0.996602 4.569804
v 0.638993 0.962061 4.406092
v 0.638993 0.962061 4.569804
v 0.632928 0.923773 4.406092
v 0.632928 0.923773 4.569804
v 0.638993 0.885485 4.406092
v 0.638993 0.885485 4.569804
v 0.656592 0.850944 4.406092
v 0.656592 0.850944 4.569804
v 0.684003 0.823533 4.406092
v 0.684003 0.823533 4.569804
v 0.718544 0.805933 4.406092
v 0.718544 0.805933 4.569804
v 0.782917 0.843492 4.569804
v 0.756832 0.839361 4.569804
v 0.806448 0.855482 4.569804
v 0.825123 0.874157 4.569804
v 0.837113 0.897688 4.569804
v 0.841244 0.923773 4.569804
v 0.837113 0.949858 4.569804
v 0.825123 0.973389 4.569804
v 0.806448 0.992064 4.569804
v 0.782917 1.004054 4.569804
v 0.756832 1.008185 4.569804
v 0.730747 1.004054 4.569804
v 0.707216 0.992064 4.569804
v 0.688541 0.973389 4.569804
v 0.676551 0.949858 4.569804
v 0.672420 0.923773 4.569804
v 0.676551 0.897688 4.569804
v 0.688541 0.874157 4.569804
v 0.707216 0.855482 4.569804
v 0.730747 0.843492 4.569804
v 0.780427 0.851156 4.550889
v 0.756832 0.847419 4.550889
v 0.801712 0.862001 4.550889
v 0.818604 0.878893 4.550889
v 0.829449 0.900178 4.550889
v 0.833186 0.923773 4.550889
v 0.829449 0.947368 4.550889
v 0.818604 0.968653 4.550889
v 0.801712 0.985545 4.550889
v 0.780427 0.996390 4.550889
v 0.756832 1.000127 4.550889
v 0.733237 0.996390 4.550889
v 0.711952 0.985545 4.550889
v 0.695060 0.968653 4.550889
v 0.684215 0.947368 4.550889
v 0.680478 0.923773 4.550889
v 0.684215 0.900178 4.550889
v 0.695060 0.878893 4.550889
v 0.711952 0.862001 4.550889
v 0.733237 0.851156 4.550889
v 0.756832 0.862268 4.371234
v 0.775838 0.865278 4.371234
v 0.792984 0.874014 4.371234
v 0.806591 0.887621 4.371234
v 0.815327 0.904767 4.371234
v 0.818337 0.923773 4.371234
v 0.815327 0.942779 4.371234
v 0.806591 0.959925 4.371234
v 0.792984 0.973532 4.371234
v 0.775838 0.982268 4.371234
v 0.756832 0.985278 4.371234
v 0.737826 0.982268 4.371234
v 0.720680 0.973532 4.371234
v 0.707073 0.959925 4.371234
v 0.698337 0.942779 4.371234
v 0.695327 0.923773 4.371234
v 0.698337 0.904767 4.371234
v 0.707073 0.887621 4.371234
v 0.720680 0.874014 4.371234
v 0.737826 0.865278 4.371234
v -0.755893 0.799869 4.406093
v -0.755893 0.799869 4.569805
v -0.794181 0.805933 4.406093
v -0.794181 0.805933 4.569805
v -0.828721 0.823533 4.406093
v -0.828721 0.823533 4.569805
v -0.856133 0.850944 4.406093
v -0.856133 0.850944 4.569805
v -0.873732 0.885485 4.406093
v -0.873732 0.885485 4.569805
v -0.879796 0.923773 4.406093
v -0.879796 0.923773 4.569805
v -0.873732 0.962061 4.406093
v -0.873732 0.962061 4.569805
v -0.856133 0.996602 4.406093
v -0.856133 0.996602 4.569805
v -0.828721 1.024013 4.406093
v -0.828721 1.024013 4.569805
v -0.794181 1.041612 4.406093
v -0.794181 1.041612 4.569805
v -0.755893 1.047677 4.406093
v -0.755893 1.047677 4.569805
v -0.717604 1.041612 4.406093
v -0.717604 1.041612 4.569805
v -0.683064 1.024013 4.406093
v -0.683064 1.024013 4.569805
v -0.655652 0.996602 4.406093
v -0.655652 0.996602 4.569805
v -0.638053 0.962061 4.406093
v -0.638053 0.962061 4.569805
v -0.631989 0.923773 4.406093
v -0.631989 0.923773 4.569805
v -0.638053 0.885485 4.406093
v -0.638053 0.885485 4.569805
v -0.655652 0.850944 4.406093
v -0.655652 0.850944 4.569805
v -0.683064 0.823533 4.406093
v -0.683064 0.823533 4.569805
v -0.717604 0.805933 4.406093
v -0.717604 0.805933 4.569805
v -0.781977 0.843492 4.569805
v -0.755893 0.839361 4.569805
v -0.805509 0.855482 4.569805
v -0.824183 0.874157 4.569805
v -0.836173 0.897688 4.569805
v -0.840305 0.923773 4.569805
v -0.836173 0.949858 4.569805
v -0.824183 0.973389 4.569805
v -0.805509 0.992064 4.569805
v -0.781977 1.004054 4.569805
v -0.755893 1.008185 4.569805
v -0.729808 1.004054 4.569805
v -0.706276 0.992064 4.569805
v -0.687602 0.973389 4.569805
v -0.675612 0.949858 4.569805
v -0.671480 0.923773 4.569805
v -0.675612 0.897688 4.569805
v -0.687602 0.874157 4.569805
v -0.706276 0.855482 4.569805
v -0.729808 0.843492 4.569805
v -0.779487 0.851156 4.550889
v -0.755893 0.847419 4.550889
v -0.800772 0.862001 4.550889
v -0.817664 0.878893 4.550889
v -0.828510 0.900178 4.550889
v -0.832247 0.923773 4.550889
v -0.828510 0.947368 4.550889
v -0.817664 0.968653 4.550889
v -0.800772 0.985545 4.550889
v -0.779487 0.996390 4.550889
v -0.755893 1.000127 4.550889
v -0.732298 0.996390 4.550889
v -0.711013 0.985545 4.550889
v -0.694121 0.968653 4.550889
v -0.683275 0.947368 4.550890
v -0.679538 0.923773 4.550890
v -0.683275 0.900178 4.550890
v -0.694121 0.878893 4.550889
v -0.711013 0.862001 4.550889
v -0.732298 0.851156 4.550889
v -0.755893 0.862268 4.371235
v -0.774898 0.865278 4.371235
v -0.792044 0.874014 4.371235
v -0.805651 0.887621 4.371235
v -0.814387 0.904767 4.371235
v -0.817397 0.923773 4.371235
v -0.814387 0.942779 4.371235
v -0.805651 0.959925 4.371235
v -0.792044 0.973532 4.371235
v -0.774898 0.982268 4.371235
v -0.755893 0.985278 4.371235
v -0.736886 0.982268 4.371235
v -0.719741 0.973532 4.371235
v -0.706134 0.959925 4.371235
v -0.697398 0.942779 4.371235
v -0.694387 0.923773 4.371235
v -0.697398 0.904767 4.371235
v -0.706134 0.887621 4.371235
v -0.719741 0.874014 4.371235
v -0.736886 0.865278 4.371235
v -0.773101 1.043492 3.334355
v -0.349641 1.308830 -3.280507
v -0.773101 2.495397 3.334355
v -0.349641 1.979183 -3.280507
v -0.226771 2.592655 3.948398
v -0.181848 2.547731 3.948398
v -0.349641 1.308830 -3.334356
v -0.213614 2.560889 3.948398
v -0.349641 1.979183 -3.334356
v -0.181848 3.037413 3.948398
v -0.226771 2.992489 3.948398
v -0.213614 3.024255 3.948398
v -0.773101 1.043492 -3.257279
v -0.696025 1.189863 -3.334355
v -0.696025 1.043492 -3.334355
v -0.750526 1.171144 -3.311780
v -0.773101 2.495397 -3.257279
v -0.696025 2.495397 -3.334355
v -0.750526 2.495397 -3.311780
v -0.696200 2.659286 3.334355
v -0.773101 2.577016 3.334355
v -0.750577 2.633039 3.334355
v -0.696025 2.582046 -3.334355
v -0.773101 2.577016 -3.257279
v -0.696200 2.659286 -3.257279
v -0.750490 2.578455 -3.311780
v -0.740562 2.623677 -3.301779
v -0.750614 2.633072 -3.257279
v -0.696113 2.636629 -3.311780
v -0.824792 2.239110 -2.815814
v -0.824792 2.195701 -2.815814
v -0.735860 2.239110 -2.815814
v -0.735860 2.195701 -2.815814
v -0.824792 2.239110 -2.925002
v -0.824792 2.195701 -2.925002
v -0.824792 1.868920 -2.815814
v -0.824792 1.825511 -2.815814
v -0.735860 1.868920 -2.815814
v -0.735860 1.825511 -2.815814
v -0.824792 1.868920 -2.925002
v -0.824792 1.825511 -2.925002
v -0.824792 1.498730 -2.815814
v -0.824792 1.455321 -2.815814
v -0.735860 1.498730 -2.815814
v -0.735860 1.455321 -2.815814
v -0.824792 1.498730 -2.925002
v -0.824792 1.455321 -2.925002
v -0.824793 2.239110 -3.034190
v -0.824793 2.195701 -3.034190
v -0.735861 2.239110 -3.034190
v -0.735861 2.195701 -3.034190
v -0.824793 1.868920 -3.034190
v -0.824793 1.825511 -3.034190
v -0.735861 1.868920 -3.034190
v -0.735861 1.825511 -3.034190
v -0.824793 1.498730 -3.034190
v -0.824793 1.455321 -3.034190
v -0.735861 1.498730 -3.034190
v -0.735861 1.455321 -3.034190
v -0.824792 2.239110 -2.785237
v -0.824792 2.226693 -2.772405
v -0.824792 2.208119 -2.772405
v -0.824792 2.195701 -2.785237
v -0.735860 2.239110 -2.785221
v -0.735860 2.226693 -2.772405
v -0.735860 2.208119 -2.772405
v -0.735860 2.195701 -2.785221
v -0.858659 2.239110 -2.815814
v -0.872717 2.226693 -2.815814
v -0.872717 2.208119 -2.815814
v -0.858659 2.195701 -2.815814
v -0.858722 2.239110 -2.925002
v -0.872717 2.226693 -2.925002
v -0.872717 2.208119 -2.925002
v -0.858722 2.195701 -2.925002
v -0.824792 1.868920 -2.785237
v -0.824792 1.856503 -2.772405
v -0.824792 1.837929 -2.772405
v -0.824792 1.825511 -2.785237
v -0.735860 1.868920 -2.785221
v -0.735860 1.856503 -2.772405
v -0.735860 1.837929 -2.772405
v -0.735860 1.825511 -2.785221
v -0.858659 1.868920 -2.815814
v -0.872717 1.856503 -2.815814
v -0.872717 1.837929 -2.815814
v -0.858659 1.825511 -2.815814
v -0.858722 1.868920 -2.925002
v -0.872717 1.856503 -2.925002
v -0.872717 1.837929 -2.925002
v -0.858722 1.825511 -2.925002
v -0.824792 1.498730 -2.785237
v -0.824792 1.486313 -2.772405
v -0.824792 1.467739 -2.772405
v -0.824792 1.455321 -2.785237
v -0.735860 1.498730 -2.785221
v -0.735860 1.486313 -2.772405
v -0.735860 1.467739 -2.772405
v -0.735860 1.455321 -2.785221
v -0.858659 1.498730 -2.815814
v -0.872717 1.486313 -2.815814
v -0.872717 1.467739 -2.815814
v -0.858659 1.455321 -2.815814
v -0.858722 1.498730 -2.925002
v -0.872717 1.486313 -2.925002
v -0.872717 1.467739 -2.925002
v -0.858722 1.455321 -2.925002
v -0.824793 2.226693 -3.077599
v -0.824793 2.239110 -3.064768
v -0.824793 2.195701 -3.064768
v -0.824793 2.208119 -3.077599
v -0.735861 2.226693 -3.077599
v -0.735861 2.239110 -3.064784
v -0.735861 2.195701 -3.064784
v -0.735861 2.208119 -3.077599
v -0.872717 2.226693 -3.034190
v -0.858659 2.239110 -3.034190
v -0.858659 2.195701 -3.034190
v -0.872717 2.208119 -3.034190
v -0.824793 1.856503 -3.077599
v -0.824793 1.868920 -3.064768
v -0.824793 1.825511 -3.064768
v -0.824793 1.837929 -3.077599
v -0.735861 1.856503 -3.077599
v -0.735861 1.868920 -3.064784
v -0.735861 1.825511 -3.064784
v -0.735861 1.837929 -3.077599
v -0.872717 1.856503 -3.034190
v -0.858659 1.868920 -3.034190
v -0.858659 1.825511 -3.034190
v -0.872717 1.837929 -3.034190
v -0.824793 1.486313 -3.077599
v -0.824793 1.498730 -3.064768
v -0.824793 1.455321 -3.064768
v -0.824793 1.467739 -3.077599
v -0.735861 1.486313 -3.077599
v -0.735861 1.498730 -3.064784
v -0.735861 1.455321 -3.064784
v -0.735861 1.467739 -3.077599
v -0.872717 1.486313 -3.034190
v -0.858659 1.498730 -3.034190
v -0.858659 1.455321 -3.034190
v -0.872717 1.467739 -3.034190
v -0.139287 2.707898 1.899341
v -0.833456 3.204359 3.986499
v -1.005699 2.660159 1.899341
v -0.908480 3.142964 3.986499
v -0.881374 3.186377 3.986499
v -0.728192 2.679168 1.899341
v -1.014937 2.615443 3.986499
v -0.712595 3.205416 1.899341
v -0.214885 3.205416 1.899341
v -0.964693 2.554048 3.986499
v -0.139287 3.129818 1.899341
v -1.005353 2.572030 3.986499
v -0.177086 3.195288 1.899341
v -0.149415 3.167617 1.899341
v -0.397619 3.141726 3.986499
v -0.410472 1.033155 4.010242
v -0.460253 3.204360 3.986499
v -0.410472 3.277842 4.010242
v -0.932665 3.130712 1.899341
v -0.415964 3.186015 3.986499
v -0.845472 3.205416 1.899341
v -0.410472 1.033155 1.856912
v -0.916739 3.168064 1.899341
v -0.410472 2.487915 1.856912
v -0.884824 3.195407 1.899341
v -0.460253 2.554048 3.986499
v -0.410472 2.487915 4.010242
v -0.397619 2.616681 3.986499
v -0.415964 2.572393 3.986499
v -0.923989 2.551327 1.899341
v -1.003632 2.622651 1.899341
v -0.962288 2.559360 1.899341
v -0.991440 2.585467 1.899341
v -0.410472 3.277842 1.856912
v -0.773845 2.651707 1.899341
v -0.843913 2.555739 1.899341
v -0.798203 2.614664 1.899341
v -0.815519 2.572955 1.899341
v -1.145962 2.633641 1.974765
v -1.166646 2.531148 2.079324
v -1.173896 2.515506 1.955356
v -1.160588 2.561168 2.005390
v -1.166646 2.531148 3.787829
v -1.145962 2.633641 3.892389
v -1.173896 2.515506 3.911797
v -1.160588 2.561168 3.861764
v -1.024684 3.234609 2.079324
v -1.045367 3.132116 1.974765
v -1.017434 3.250250 1.955356
v -1.030742 3.204589 2.005390
v -1.045367 3.132116 3.892389
v -1.024684 3.234609 3.787829
v -1.017434 3.250250 3.911797
v -1.030742 3.204589 3.861764
v -1.120360 2.527631 2.077024
v -1.099676 2.630124 1.972465
v -1.114302 2.557651 2.003090
v -1.099676 2.630124 3.890089
v -1.120360 2.527631 3.785530
v -1.114302 2.557651 3.859464
v -0.999081 3.128599 1.972465
v -0.978397 3.231091 2.077024
v -0.984455 3.201072 2.003090
v -0.978397 3.231091 3.785530
v -0.999081 3.128599 3.890089
v -0.984455 3.201072 3.859464
v -0.285484 2.487915 4.010242
v -0.169779 1.338382 4.010242
v -0.227631 1.353740 4.010242
v -0.269983 1.395699 4.010242
v -0.285484 1.453015 4.010242
v -0.169779 3.101694 4.010242
v -0.227631 3.086336 4.010242
v -0.285484 2.987061 4.010242
v -0.269983 3.044377 4.010242
v -0.169779 1.338382 3.976139
v -0.285484 2.487915 3.976139
v -0.285484 1.453015 3.976139
v -0.269983 1.395699 3.976139
v -0.227631 1.353740 3.976139
v -0.169779 3.101694 3.976139
v -0.227631 3.086336 3.976139
v -0.269983 3.044377 3.976139
v -0.285484 2.987061 3.976139
v -0.833456 3.204359 4.010242
v -0.908480 3.142964 4.010242
v -0.881374 3.186377 4.010242
v -0.410472 2.585652 4.010242
v -0.460253 2.554048 4.010242
v -0.415964 2.572393 4.010242
v -0.415964 3.186015 4.010242
v -0.410472 3.172755 4.010242
v -1.014937 2.615443 4.010242
v -1.005353 2.572030 4.010242
v -0.964693 2.554048 4.010242
v -0.460253 3.204360 4.010242
v -0.397619 2.616681 4.010242
v -0.397619 3.141726 4.010242
v -0.139287 3.129818 1.856912
v -0.214885 3.205416 1.856912
v -0.177086 3.195288 1.856912
v -0.149415 3.167617 1.856912
v -0.139287 2.707898 1.856912
v -0.410472 2.694669 1.856912
v -0.410472 3.205416 1.856912
v -0.798203 2.614664 1.856912
v -0.815519 2.572955 1.856912
v -0.728192 2.679168 1.856912
v -0.773845 2.651707 1.856912
v -0.843913 2.555739 1.856912
v -0.962288 2.559360 1.856912
v -1.005699 2.660159 1.856912
v -0.991440 2.585467 1.856912
v -1.003632 2.622651 1.856912
v -0.923989 2.551327 1.856912
v -0.712595 3.205416 1.856912
v -0.916739 3.168064 1.856912
v -0.932665 3.130712 1.856912
v -0.845472 3.205416 1.856912
v -0.884824 3.195407 1.856912
v -1.106487 1.033155 1.856912
v -1.175371 1.033155 1.922592
v -0.946595 3.277842 1.856912
v -1.015959 3.277842 1.922592
v -1.175371 1.033155 3.944562
v -1.106487 1.033155 4.010242
v -0.946595 3.277842 4.010242
v -1.015959 3.277842 3.944562
v -1.106359 2.487915 1.856912
v -1.175371 2.487915 1.922592
v -1.175371 2.487915 3.944562
v -1.106359 2.487915 4.010242
v -0.928405 3.307302 1.856912
v -0.959655 3.370502 1.922592
v -0.959655 3.370502 3.944562
v -0.928405 3.307302 4.010242
v -0.410472 3.416832 3.944562
v -0.410472 3.351000 4.010242
v -0.410472 3.351000 1.856912
v -0.410472 3.416832 1.922592
v -1.154904 1.787110 3.191095
v -1.154904 1.822596 3.226581
v -1.154904 1.797503 3.216187
v -1.154904 1.937038 3.226581
v -1.154904 1.972524 3.191095
v -1.154904 1.962130 3.216187
v -1.154904 1.822596 2.630785
v -1.154904 1.787110 2.666271
v -1.154904 1.797503 2.641179
v -1.154904 1.972524 2.666271
v -1.154904 1.937038 2.630785
v -1.154904 1.962130 2.641179
v -1.191512 1.822596 3.226581
v -1.191512 1.787110 3.191095
v -1.191512 1.797503 3.216187
v -1.191512 1.972524 3.191095
v -1.191512 1.937038 3.226581
v -1.191512 1.962130 3.216187
v -1.191512 1.787110 2.666271
v -1.191512 1.822596 2.630785
v -1.191512 1.797503 2.641179
v -1.191512 1.937038 2.630785
v -1.191512 1.972524 2.666271
v -1.191512 1.962130 2.641179
v -0.226771 2.592655 3.976139
v -0.181848 2.547731 3.976139
v -0.213614 2.560889 3.976139
v -0.226771 2.992489 3.976139
v -0.181848 3.037413 3.976139
v -0.197731 3.030834 3.976139
v -0.213614 3.024255 3.976139
v -0.849650 1.813156 1.740964
v -0.849650 1.780427 1.740964
v -0.849650 1.813156 1.773694
v -0.849650 1.780427 1.773694
v -0.782597 1.813156 1.740964
v -0.782597 1.780427 1.740964
v -0.782597 1.813156 1.773694
v -0.782597 1.780427 1.773694
v -0.885784 1.813156 1.740964
v -0.885784 1.780427 1.740964
v -0.849650 1.813156 1.631545
v -0.849650 1.780427 1.631545
v -0.885784 1.813156 1.631545
v -0.885784 1.780427 1.631545
v -0.724209 1.233817 1.795137
v -0.724209 2.426795 1.795137
v -0.724209 1.233817 1.146562
v -0.724209 2.426795 1.146562
v -0.798962 1.233817 1.795137
v -0.798962 2.426795 1.795137
v -0.798962 1.233817 1.146562
v -0.798962 2.426795 1.146562
v -0.849650 1.813156 0.976943
v -0.849650 1.780427 0.976943
v -0.849650 1.813156 1.009672
v -0.849650 1.780427 1.009672
v -0.782597 1.813156 0.976943
v -0.782597 1.780427 0.976943
v -0.782597 1.813156 1.009672
v -0.782597 1.780427 1.009672
v -0.885784 1.813156 0.976943
v -0.885784 1.780427 0.976943
v -0.849650 1.813156 0.867523
v -0.849650 1.780427 0.867523
v -0.885784 1.813156 0.867523
v -0.885784 1.780427 0.867523
v -0.724209 1.233817 1.031115
v -0.724209 2.426795 1.031115
v -0.724209 1.233817 0.382540
v -0.724209 2.426795 0.382540
v -0.798962 1.233817 1.031115
v -0.798962 2.426795 1.031115
v -0.798962 1.233817 0.382540
v -0.798962 2.426795 0.382540
v -0.849650 1.813156 0.212921
v -0.849650 1.780427 0.212921
v -0.849650 1.813156 0.245650
v -0.849650 1.780427 0.245650
v -0.782597 1.813156 0.212921
v -0.782597 1.780427 0.212921
v -0.782597 1.813156 0.245650
v -0.782597 1.780427 0.245650
v -0.885784 1.813156 0.212921
v -0.885784 1.780427 0.212921
v -0.849650 1.813156 0.103501
v -0.849650 1.780427 0.103501
v -0.885784 1.813156 0.103501
v -0.885784 1.780427 0.103501
v -0.724209 1.233817 0.267093
v -0.724209 2.426795 0.267093
v -0.724209 1.233817 -0.381482
v -0.724209 2.426795 -0.381482
v -0.798962 1.233817 0.267093
v -0.798962 2.426795 0.267093
v -0.798962 1.233817 -0.381482
v -0.798962 2.426795 -0.381482
v -0.849650 1.813156 -0.551101
v -0.849650 1.780427 -0.551101
v -0.849650 1.813156 -0.518372
v -0.849650 1.780427 -0.518372
v -0.782597 1.813156 -0.551101
v -0.782597 1.780427 -0.551101
v -0.782597 1.813156 -0.518372
v -0.782597 1.780427 -0.518372
v -0.885784 1.813156 -0.551101
v -0.885784 1.780427 -0.551101
v -0.849650 1.813156 -0.660521
v -0.849650 1.780427 -0.660521
v -0.885784 1.813156 -0.660521
v -0.885784 1.780427 -0.660521
v -0.724209 1.233817 -0.496929
v -0.724209 2.426795 -0.496929
v -0.724209 1.233817 -1.145504
v -0.724209 2.426795 -1.145504
v -0.798962 1.233817 -0.496929
v -0.798962 2.426795 -0.496929
v -0.798962 1.233817 -1.145504
v -0.798962 2.426795 -1.145504
v -0.849650 1.813156 -1.315123
v -0.849650 1.780427 -1.315123
v -0.849650 1.813156 -1.282394
v -0.849650 1.780427 -1.282394
v -0.782597 1.813156 -1.315123
v -0.782597 1.780427 -1.315123
v -0.782597 1.813156 -1.282394
v -0.782597 1.780427 -1.282394
v -0.885784 1.813156 -1.315123
v -0.885784 1.780427 -1.315123
v -0.849650 1.813156 -1.424542
v -0.849650 1.780427 -1.424542
v -0.885784 1.813156 -1.424542
v -0.885784 1.780427 -1.424542
v -0.724209 1.233817 -1.260950
v -0.724209 2.426795 -1.260950
v -0.724209 1.233817 -1.909526
v -0.724209 2.426795 -1.909526
v -0.798962 1.233817 -1.260950
v -0.798962 2.426795 -1.260950
v -0.798962 1.233817 -1.909526
v -0.798962 2.426795 -1.909526
v -0.849650 1.813156 -2.079145
v -0.849650 1.780427 -2.079145
v -0.849650 1.813156 -2.046416
v -0.849650 1.780427 -2.046416
v -0.782597 1.813156 -2.079145
v -0.782597 1.780427 -2.079145
v -0.782597 1.813156 -2.046416
v -0.782597 1.780427 -2.046416
v -0.885784 1.813156 -2.079145
v -0.885784 1.780427 -2.079145
v -0.849650 1.813156 -2.188564
v -0.849650 1.780427 -2.188564
v -0.885784 1.813156 -2.188564
v -0.885784 1.780427 -2.188564
v -0.724209 1.233817 -2.024972
v -0.724209 2.426795 -2.024972
v -0.724209 1.233817 -2.673548
v -0.724209 2.426795 -2.673548
v -0.798962 1.233817 -2.024972
v -0.798962 2.426795 -2.024972
v -0.798962 1.233817 -2.673548
v -0.798962 2.426795 -2.673548
v 0.849652 1.813156 1.740964
v 0.849652 1.780427 1.740964
v 0.849652 1.813156 1.773694
v 0.849652 1.780427 1.773694
v 0.782599 1.813156 1.740964
v 0.782599 1.780427 1.740964
v 0.782599 1.813156 1.773694
v 0.782599 1.780427 1.773694
v 0.885786 1.813156 1.740964
v 0.885786 1.780427 1.740964
v 0.849652 1.813156 1.631545
v 0.849652 1.780427 1.631545
v 0.885786 1.813156 1.631545
v 0.885786 1.780427 1.631545
v 0.724211 1.233817 1.795137
v 0.724211 2.426795 1.795137
v 0.724211 1.233817 1.146562
v 0.724211 2.426795 1.146562
v 0.798964 1.233817 1.795137
v 0.798964 2.426795 1.795137
v 0.798964 1.233817 1.146562
v 0.798964 2.426795 1.146562
v 0.849652 1.813156 0.976942
v 0.849652 1.780427 0.976942
v 0.849652 1.813156 1.009672
v 0.849652 1.780427 1.009672
v 0.782599 1.813156 0.976942
v 0.782599 1.780427 0.976942
v 0.782599 1.813156 1.009672
v 0.782599 1.780427 1.009672
v 0.885786 1.813156 0.976942
v 0.885786 1.780427 0.976942
v 0.849652 1.813156 0.867523
v 0.849652 1.780427 0.867523
v 0.885786 1.813156 0.867523
v 0.885786 1.780427 0.867523
v 0.724211 1.233817 1.031115
v 0.724211 2.426795 1.031115
v 0.724211 1.233817 0.382540
v 0.724211 2.426795 0.382540
v 0.798964 1.233817 1.031115
v 0.798964 2.426795 1.031115
v 0.798964 1.233817 0.382540
v 0.798964 2.426795 0.382540
v 0.849652 1.813156 0.212921
v 0.849652 1.780427 0.212921
v 0.849652 1.813156 0.245650
v 0.849652 1.780427 0.245650
v 0.782599 1.813156 0.212921
v 0.782599 1.780427 0.212921
v 0.782599 1.813156 0.245650
v 0.782599 1.780427 0.245650
v 0.885786 1.813156 0.212921
v 0.885786 1.780427 0.212921
v 0.849652 1.813156 0.103501
v 0.849652 1.780427 0.103501
v 0.885786 1.813156 0.103501
v 0.885786 1.780427 0.103501
v 0.724211 1.233817 0.267093
v 0.724211 2.426795 0.267093
v 0.724211 1.233817 -0.381482
v 0.724211 2.426795 -0.381482
v 0.798964 1.233817 0.267093
v 0.798964 2.426795 0.267093
v 0.798964 1.233817 -0.381482
v 0.798964 2.426795 -0.381482
v 0.849652 1.813156 -0.551101
v 0.849652 1.780427 -0.551101
v 0.849652 1.813156 -0.518372
v 0.849652 1.780427 -0.518372
v 0.782599 1.813156 -0.551101
v 0.782599 1.780427 -0.551101
v 0.782599 1.813156 -0.518372
v 0.782599 1.780427 -0.518372
v 0.885786 1.813156 -0.551101
v 0.885786 1.780427 -0.551101
v 0.849652 1.813156 -0.660521
v 0.849652 1.780427 -0.660521
v 0.885786 1.813156 -0.660521
v 0.885786 1.780427 -0.660521
v 0.724211 1.233817 -0.496929
v 0.724211 2.426795 -0.496929
v 0.724211 1.233817 -1.145504
v 0.724211 2.426795 -1.145504
v 0.798964 1.233817 -0.496929
v 0.798964 2.426795 -0.496929
v 0.798964 1.233817 -1.145504
v 0.798964 2.426795 -1.145504
v 0.849652 1.813156 -1.315123
v 0.849652 1.780427 -1.315123
v 0.849652 1.813156 -1.282394
v 0.849652 1.780427 -1.282394
v 0.782599 1.813156 -1.315123
v 0.782599 1.780427 -1.315123
v 0.782599 1.813156 -1.282394
v 0.782599 1.780427 -1.282394
v 0.885786 1.813156 -1.315123
v 0.885786 1.780427 -1.315123
v 0.849652 1.813156 -1.424542
v 0.849652 1.780427 -1.424542
v 0.885786 1.813156 -1.424542
v 0.885786 1.780427 -1.424542
v 0.724211 1.233817 -1.260950
v 0.724211 2.426795 -1.260950
v 0.724211 1.233817 -1.909526
v 0.724211 2.426795 -1.909526
v 0.798964 1.233817 -1.260950
v 0.798964 2.426795 -1.260950
v 0.798964 1.233817 -1.909526
v 0.798964 2.426795 -1.909526
v 0.849652 1.813156 -2.079145
v 0.849652 1.780427 -2.079145
v 0.849652 1.813156 -2.046416
v 0.849652 1.780427 -2.046416
v 0.782599 1.813156 -2.079145
v 0.782599 1.780427 -2.079145
v 0.782599 1.813156 -2.046416
v 0.782599 1.780427 -2.046416
v 0.885786 1.813156 -2.079145
v 0.885786 1.780427 -2.079145
v 0.849652 1.813156 -2.188564
v 0.849652 1.780427 -2.188564
v 0.885786 1.813156 -2.188564
v 0.885786 1.780427 -2.188564
v 0.724211 1.233817 -2.024972
v 0.724211 2.426795 -2.024972
v 0.724211 1.233817 -2.673548
v 0.724211 2.426795 -2.673548
v 0.798964 1.233817 -2.024972
v 0.798964 2.426795 -2.024972
v 0.798964 1.233817 -2.673548
v 0.798964 2.426795 -2.673548
v -0.096738 2.786400 -3.419146
v -0.096738 2.786400 -3.274634
v -0.148212 2.697245 -3.419146
v -0.148212 2.697245 -3.274634
v -0.130335 2.595862 -3.419146
v -0.130335 2.595862 -3.274634
v -0.051473 2.529690 -3.419146
v -0.051473 2.529690 -3.274634
v -0.051377 2.732340 -3.148205
v -0.078714 2.684991 -3.148205
v -0.069220 2.631147 -3.148205
v -0.027337 2.596004 -3.148205
v -0.073827 2.759095 -3.419146
v -0.113109 2.691056 -3.419146
v -0.099467 2.613685 -3.419146
v -0.039282 2.563184 -3.419146
v -0.073827 2.759095 -3.391577
v -0.113109 2.691056 -3.391577
v -0.099467 2.613685 -3.391577
v -0.039282 2.563184 -3.391577
v -0.756832 0.799869 -3.827705
v -0.756832 0.799869 -3.991418
v -0.718544 0.805934 -3.827705
v -0.718544 0.805934 -3.991418
v -0.684003 0.823533 -3.827705
v -0.684003 0.823533 -3.991418
v -0.656592 0.850944 -3.827705
v -0.656592 0.850944 -3.991418
v -0.638993 0.885485 -3.827705
v -0.638993 0.885485 -3.991418
v -0.632928 0.923773 -3.827705
v -0.632928 0.923773 -3.991418
v -0.638993 0.962061 -3.827705
v -0.638993 0.962061 -3.991418
v -0.656592 0.996602 -3.827705
v -0.656592 0.996602 -3.991418
v -0.684003 1.024013 -3.827705
v -0.684003 1.024013 -3.991418
v -0.718544 1.041613 -3.827705
v -0.718544 1.041613 -3.991418
v -0.756832 1.047677 -3.827705
v -0.756832 1.047677 -3.991418
v -0.795120 1.041613 -3.827705
v -0.795120 1.041613 -3.991418
v -0.829661 1.024013 -3.827705
v -0.829661 1.024013 -3.991418
v -0.857072 0.996602 -3.827705
v -0.857072 0.996602 -3.991418
v -0.874671 0.962061 -3.827705
v -0.874671 0.962061 -3.991418
v -0.880736 0.923773 -3.827705
v -0.880736 0.923773 -3.991418
v -0.874671 0.885485 -3.827705
v -0.874671 0.885485 -3.991418
v -0.857072 0.850944 -3.827705
v -0.857072 0.850944 -3.991418
v -0.829661 0.823533 -3.827705
v -0.829661 0.823533 -3.991418
v -0.795120 0.805934 -3.827705
v -0.795120 0.805934 -3.991418
v -0.730747 0.843492 -3.991418
v -0.756832 0.839361 -3.991418
v -0.707216 0.855482 -3.991418
v -0.688541 0.874157 -3.991418
v -0.676551 0.897688 -3.991418
v -0.672420 0.923773 -3.991418
v -0.676551 0.949858 -3.991418
v -0.688541 0.973389 -3.991418
v -0.707216 0.992064 -3.991418
v -0.730747 1.004054 -3.991418
v -0.756832 1.008185 -3.991418
v -0.782917 1.004054 -3.991418
v -0.806448 0.992064 -3.991418
v -0.825123 0.973389 -3.991418
v -0.837113 0.949858 -3.991418
v -0.841244 0.923773 -3.991418
v -0.837113 0.897688 -3.991418
v -0.825123 0.874157 -3.991418
v -0.806448 0.855482 -3.991418
v -0.782917 0.843492 -3.991418
v -0.733237 0.851156 -3.972502
v -0.756832 0.847419 -3.972502
v -0.711952 0.862001 -3.972502
v -0.695060 0.878893 -3.972502
v -0.684215 0.900178 -3.972502
v -0.680478 0.923773 -3.972502
v -0.684215 0.947368 -3.972502
v -0.695060 0.968653 -3.972502
v -0.711952 0.985545 -3.972502
v -0.733237 0.996390 -3.972502
v -0.756832 1.000127 -3.972502
v -0.780427 0.996390 -3.972502
v -0.801712 0.985545 -3.972502
v -0.818604 0.968653 -3.972502
v -0.829449 0.947368 -3.972502
v -0.833186 0.923773 -3.972502
v -0.829449 0.900178 -3.972502
v -0.818604 0.878893 -3.972502
v -0.801712 0.862001 -3.972502
v -0.780427 0.851156 -3.972502
v -0.756832 0.862268 -3.792848
v -0.737826 0.865278 -3.792848
v -0.720680 0.874014 -3.792848
v -0.707073 0.887621 -3.792848
v -0.698337 0.904767 -3.792848
v -0.695327 0.923773 -3.792848
v -0.698337 0.942779 -3.792848
v -0.707073 0.959925 -3.792848
v -0.720680 0.973532 -3.792848
v -0.737826 0.982268 -3.792848
v -0.756832 0.985278 -3.792848
v -0.775838 0.982268 -3.792848
v -0.792984 0.973532 -3.792848
v -0.806591 0.959925 -3.792848
v -0.815327 0.942779 -3.792848
v -0.818337 0.923773 -3.792848
v -0.815327 0.904767 -3.792848
v -0.806591 0.887621 -3.792848
v -0.792984 0.874014 -3.792848
v -0.775838 0.865278 -3.792848
v 0.095799 2.786399 -3.419145
v 0.095799 2.786399 -3.274633
v 0.147272 2.697245 -3.419145
v 0.147272 2.697245 -3.274633
v 0.129395 2.595862 -3.419145
v 0.129395 2.595862 -3.274633
v 0.050534 2.529690 -3.419145
v 0.050534 2.529690 -3.274633
v 0.050437 2.732339 -3.148204
v 0.077774 2.684991 -3.148204
v 0.068280 2.631147 -3.148204
v 0.026397 2.596004 -3.148204
v 0.072887 2.759095 -3.419145
v 0.112170 2.691056 -3.419145
v 0.098527 2.613684 -3.419145
v 0.038343 2.563184 -3.419145
v 0.072887 2.759095 -3.391576
v 0.112170 2.691056 -3.391576
v 0.098527 2.613684 -3.391576
v 0.038343 2.563184 -3.391576
v 0.755892 0.799869 -3.827704
v 0.755892 0.799869 -3.991417
v 0.717604 0.805934 -3.827704
v 0.717604 0.805934 -3.991417
v 0.683064 0.823533 -3.827704
v 0.683064 0.823533 -3.991417
v 0.655652 0.850944 -3.827704
v 0.655652 0.850944 -3.991417
v 0.638053 0.885485 -3.827704
v 0.638053 0.885485 -3.991417
v 0.631989 0.923773 -3.827704
v 0.631989 0.923773 -3.991417
v 0.638053 0.962061 -3.827704
v 0.638053 0.962061 -3.991417
v 0.655652 0.996602 -3.827704
v 0.655652 0.996602 -3.991417
v 0.683064 1.024013 -3.827704
v 0.683064 1.024013 -3.991417
v 0.717604 1.041613 -3.827704
v 0.717604 1.041613 -3.991417
v 0.755892 1.047677 -3.827704
v 0.755892 1.047677 -3.991417
v 0.794181 1.041613 -3.827704
v 0.794181 1.041613 -3.991417
v 0.828721 1.024013 -3.827704
v 0.828721 1.024013 -3.991417
v 0.856133 0.996602 -3.827704
v 0.856133 0.996602 -3.991417
v 0.873732 0.962061 -3.827704
v 0.873732 0.962061 -3.991417
v 0.879796 0.923773 -3.827704
v 0.879796 0.923773 -3.991417
v 0.873732 0.885485 -3.827704
v 0.873732 0.885485 -3.991417
v 0.856133 0.850944 -3.827704
v 0.856133 0.850944 -3.991417
v 0.828721 0.823533 -3.827704
v 0.828721 0.823533 -3.991417
v 0.794181 0.805934 -3.827704
v 0.794181 0.805934 -3.991417
v 0.729808 0.843492 -3.991417
v 0.755892 0.839361 -3.991417
v 0.706276 0.855482 -3.991417
v 0.687602 0.874157 -3.991417
v 0.675612 0.897688 -3.991417
v 0.671480 0.923773 -3.991417
v 0.675612 0.949858 -3.991417
v 0.687602 0.973389 -3.991417
v 0.706276 0.992064 -3.991417
v 0.729808 1.004054 -3.991417
v 0.755892 1.008185 -3.991417
v 0.781977 1.004054 -3.991417
v 0.805509 0.992064 -3.991417
v 0.824183 0.973389 -3.991417
v 0.836173 0.949858 -3.991417
v 0.840304 0.923773 -3.991417
v 0.836173 0.897688 -3.991417
v 0.824183 0.874157 -3.991417
v 0.805509 0.855482 -3.991417
v 0.781977 0.843492 -3.991417
v 0.732298 0.851156 -3.972502
v 0.755892 0.847419 -3.972502
v 0.711013 0.862001 -3.972502
v 0.694121 0.878893 -3.972502
v 0.683275 0.900178 -3.972502
v 0.679538 0.923773 -3.972502
v 0.683275 0.947368 -3.972502
v 0.694121 0.968653 -3.972502
v 0.711013 0.985545 -3.972502
v 0.732298 0.996390 -3.972502
v 0.755892 1.000127 -3.972502
v 0.779487 0.996390 -3.972502
v 0.800772 0.985545 -3.972502
v 0.817664 0.968653 -3.972502
v 0.828510 0.947368 -3.972502
v 0.832247 0.923773 -3.972502
v 0.828510 0.900178 -3.972502
v 0.817664 0.878893 -3.972502
v 0.800772 0.862001 -3.972502
v 0.779487 0.851156 -3.972502
v 0.755892 0.862268 -3.792848
v 0.736886 0.865278 -3.792848
v 0.719741 0.874014 -3.792848
v 0.706134 0.887621 -3.792848
v 0.697398 0.904767 -3.792848
v 0.694387 0.923773 -3.792848
v 0.697398 0.942779 -3.792848
v 0.706134 0.959925 -3.792848
v 0.719741 0.973532 -3.792848
v 0.736886 0.982268 -3.792848
v 0.755892 0.985278 -3.792848
v 0.774899 0.982268 -3.792848
v 0.792044 0.973532 -3.792848
v 0.805651 0.959925 -3.792848
v 0.814387 0.942779 -3.792848
v 0.817397 0.923773 -3.792848
v 0.814387 0.904767 -3.792848
v 0.805651 0.887621 -3.792848
v 0.792044 0.874014 -3.792848
v 0.774899 0.865278 -3.792848
v -0.756832 0.799869 4.406092
v -0.756832 0.799869 4.569804
v -0.795120 0.805933 4.406092
v -0.795121 0.805933 4.569804
v -0.829661 0.823533 4.406092
v -0.829661 0.823533 4.569804
v -0.857072 0.850944 4.406092
v -0.857072 0.850944 4.569804
v -0.874672 0.885485 4.406092
v -0.874672 0.885485 4.569804
v -0.880736 0.923773 4.406092
v -0.880736 0.923773 4.569804
v -0.874672 0.962061 4.406092
v -0.874672 0.962061 4.569804
v -0.857072 0.996602 4.406092
v -0.857072 0.996602 4.569804
v -0.829661 1.024013 4.406092
v -0.829661 1.024013 4.569804
v -0.795120 1.041612 4.406092
v -0.795121 1.041612 4.569804
v -0.756832 1.047677 4.406092
v -0.756832 1.047677 4.569804
v -0.718544 1.041612 4.406092
v -0.718544 1.041612 4.569804
v -0.684003 1.024013 4.406092
v -0.684003 1.024013 4.569804
v -0.656592 0.996602 4.406092
v -0.656592 0.996602 4.569804
v -0.638993 0.962061 4.406092
v -0.638993 0.962061 4.569804
v -0.632928 0.923773 4.406092
v -0.632928 0.923773 4.569804
v -0.638993 0.885485 4.406092
v -0.638993 0.885485 4.569804
v -0.656592 0.850944 4.406092
v -0.656592 0.850944 4.569804
v -0.684003 0.823533 4.406092
v -0.684003 0.823533 4.569804
v -0.718544 0.805933 4.406092
v -0.718544 0.805933 4.569804
v -0.782917 0.843492 4.569804
v -0.756832 0.839361 4.569804
v -0.806448 0.855482 4.569804
v -0.825123 0.874157 4.569804
v -0.837113 0.897688 4.569804
v -0.841244 0.923773 4.569804
v -0.837113 0.949858 4.569804
v -0.825123 0.973389 4.569804
v -0.806448 0.992064 4.569804
v -0.782917 1.004054 4.569804
v -0.756832 1.008185 4.569804
v -0.730747 1.004054 4.569804
v -0.707216 0.992064 4.569804
v -0.688541 0.973389 4.569804
v -0.676551 0.949858 4.569804
v -0.672420 0.923773 4.569804
v -0.676551 0.897688 4.569804
v -0.688541 0.874157 4.569804
v -0.707216 0.855482 4.569804
v -0.730747 0.843492 4.569804
v -0.780427 0.851156 4.550889
v -0.756832 0.847419 4.550889
v -0.801712 0.862001 4.550889
v -0.818604 0.878893 4.550889
v -0.829449 0.900178 4.550889
v -0.833186 0.923773 4.550889
v -0.829449 0.947368 4.550889
v -0.818604 0.968653 4.550889
v -0.801712 0.985545 4.550889
v -0.780427 0.996390 4.550889
v -0.756832 1.000127 4.550889
v -0.733237 0.996390 4.550889
v -0.711952 0.985545 4.550889
v -0.695060 0.968653 4.550889
v -0.684215 0.947368 4.550889
v -0.680478 0.923773 4.550889
v -0.684215 0.900178 4.550889
v -0.695060 0.878893 4.550889
v -0.711952 0.862001 4.550889
v -0.733237 0.851156 4.550889
v -0.756832 0.862268 4.371234
v -0.775838 0.865278 4.371234
v -0.792984 0.874014 4.371234
v -0.806591 0.887621 4.371234
v -0.815327 0.904767 4.371234
v -0.818337 0.923773 4.371234
v -0.815327 0.942779 4.371234
v -0.806591 0.959925 4.371234
v -0.792984 0.973532 4.371234
v -0.775838 0.982268 4.371234
v -0.756832 0.985278 4.371234
v -0.737826 0.982268 4.371234
v -0.720680 0.973532 4.371234
v -0.707073 0.959925 4.371234
v -0.698337 0.942779 4.371234
v -0.695327 0.923773 4.371234
v -0.698337 0.904767 4.371234
v -0.707073 0.887621 4.371234
v -0.720680 0.874014 4.371234
v -0.737826 0.865278 4.371234
v 0.755893 0.799869 4.406093
v 0.755893 0.799869 4.569805
v 0.794181 0.805933 4.406093
v 0.794181 0.805933 4.569805
v 0.828721 0.823533 4.406093
v 0.828721 0.823533 4.569805
v 0.856133 0.850944 4.406093
v 0.856133 0.850944 4.569805
v 0.873732 0.885485 4.406093
v 0.873732 0.885485 4.569805
v 0.879796 0.923773 4.406093
v 0.879796 0.923773 4.569805
v 0.873732 0.962061 4.406093
v 0.873732 0.962061 4.569805
v 0.856133 0.996602 4.406093
v 0.856133 0.996602 4.569805
v 0.828721 1.024013 4.406093
v 0.828721 1.024013 4.569805
v 0.794181 1.041612 4.406093
v 0.794181 1.041612 4.569805
v 0.755893 1.047677 4.406093
v 0.755893 1.047677 4.569805
v 0.717604 1.041612 4.406093
v 0.717604 1.041612 4.569805
v 0.683064 1.024013 4.406093
v 0.683064 1.024013 4.569805
v 0.655652 0.996602 4.406093
v 0.655652 0.996602 4.569805
v 0.638053 0.962061 4.406093
v 0.638053 0.962061 4.569805
v 0.631989 0.923773 4.406093
v 0.631989 0.923773 4.569805
v 0.638053 0.885485 4.406093
v 0.638053 0.885485 4.569805
v 0.655652 0.850944 4.406093
v 0.655652 0.850944 4.569805
v 0.683064 0.823533 4.406093
v 0.683064 0.823533 4.569805
v 0.717604 0.805933 4.406093
v 0.717604 0.805933 4.569805
v 0.781977 0.843492 4.569805
v 0.755893 0.839361 4.569805
v 0.805509 0.855482 4.569805
v 0.824183 0.874157 4.569805
v 0.836173 0.897688 4.569805
v 0.840305 0.923773 4.569805
v 0.836173 0.949858 4.569805
v 0.824183 0.973389 4.569805
v 0.805509 0.992064 4.569805
v 0.781977 1.004054 4.569805
v 0.755893 1.008185 4.569805
v 0.729808 1.004054 4.569805
v 0.706276 0.992064 4.569805
v 0.687602 0.973389 4.569805
v 0.675612 0.949858 4.569805
v 0.671480 0.923773 4.569805
v 0.675612 0.897688 4.569805
v 0.687602 0.874157 4.569805
v 0.706276 0.855482 4.569805
v 0.729808 0.843492 4.569805
v 0.779487 0.851156 4.550889
v 0.755893 0.847419 4.550889
v 0.800772 0.862001 4.550889
v 0.817664 0.878893 4.550889
v 0.828510 0.900178 4.550889
v 0.832247 0.923773 4.550889
v 0.828510 0.947368 4.550889
v 0.817664 0.968653 4.550889
v 0.800772 0.985545 4.550889
v 0.779487 0.996390 4.550889
v 0.755893 1.000127 4.550889
v 0.732298 0.996390 4.550889
v 0.711013 0.985545 4.550889
v 0.694121 0.968653 4.550889
v 0.683275 0.947368 4.550890
v 0.679538 0.923773 4.550890
v 0.683275 0.900178 4.550890
v 0.694121 0.878893 4.550889
v 0.711013 0.862001 4.550889
v 0.732298 0.851156 4.550889
v 0.755893 0.862268 4.371235
v 0.774898 0.865278 4.371235
v 0.792044 0.874014 4.371235
v 0.805651 0.887621 4.371235
v 0.814387 0.904767 4.371235
v 0.817397 0.923773 4.371235
v 0.814387 0.942779 4.371235
v 0.805651 0.959925 4.371235
v 0.792044 0.973532 4.371235
v 0.774898 0.982268 4.371235
v 0.755893 0.985278 4.371235
v 0.736886 0.982268 4.371235
v 0.719741 0.973532 4.371235
v 0.706134 0.959925 4.371235
v 0.697398 0.942779 4.371235
v 0.694387 0.923773 4.371235
v 0.697398 0.904767 4.371235
v 0.706134 0.887621 4.371235
v 0.719741 0.874014 4.371235
v 0.736886 0.865278 4.371235
vn -0.0000 -0.0000 -1.0000
vn -0.0000 -0.0000 1.0000
vn 0.1898 0.1774 -0.9657
vn 0.2596 -0.0000 -0.9657
vn -0.0000 0.9810 -0.1939
vn 0.2557 0.9668 -0.0000
vn 0.2382 0.9546 -0.1786
vn -1.0000 -0.0000 -0.0000
vn -0.0000 1.0000 -0.0000
vn 1.0000 -0.0000 -0.0000
vn 0.9685 0.1734 -0.1786
vn 0.9657 -0.0000 -0.2596
vn -0.0000 -1.0000 -0.0000
vn 0.7715 -0.1295 -0.6229
vn 0.6229 -0.1295 -0.7715
vn 0.7069 -0.0239 -0.7069
vn 0.3827 -0.0000 -0.9239
vn 0.5993 0.5601 -0.5720
vn 0.7032 0.1438 -0.6963
vn 0.7229 0.6757 -0.1445
vn 0.1907 0.6920 -0.6963
vn 0.7071 0.0001 -0.7071
vn 0.9818 0.1900 -0.0000
vn 0.7305 0.6829 -0.0000
vn -0.0000 0.7146 -0.6996
vn -0.0000 0.2027 -0.9792
vn 0.2027 0.8821 0.4253
vn -0.5774 0.5773 -0.5774
vn -0.6316 0.7186 0.2910
vn 0.9121 -0.4101 -0.0000
vn 0.8601 0.3635 0.3580
vn 0.8601 -0.3635 0.3580
vn -0.3015 0.9045 -0.3015
vn -0.5774 -0.5773 -0.5773
vn 0.3204 0.3509 0.8799
vn -0.6290 -0.3032 0.7159
vn 0.8601 0.3635 -0.3580
vn 0.8601 -0.3635 -0.3580
vn 0.2027 -0.8821 0.4253
vn -0.6316 -0.7186 0.2910
vn -0.6290 0.3032 0.7159
vn 0.3205 -0.3509 0.8799
vn 0.4046 -0.8837 -0.2352
vn -0.7071 -0.7071 -0.0000
vn -0.3015 -0.9045 0.3015
vn -0.7071 0.7071 -0.0000
vn -0.3015 -0.9045 -0.3015
vn 0.4046 -0.8837 0.2352
vn 0.4046 0.8837 0.2352
vn 0.3205 0.3509 0.8799
vn 0.2027 -0.8821 -0.4253
vn 0.2027 0.8821 -0.4253
vn -0.3015 0.9045 0.3015
vn 0.4046 0.8837 -0.2352
vn -0.5774 -0.5773 0.5773
vn -0.5774 0.5773 0.5774
vn 0.3204 0.3509 -0.8799
vn -0.6316 -0.7186 -0.2911
vn -0.6290 0.3032 -0.7159
vn 0.3550 0.9349 -0.0000
vn 0.3205 -0.3509 -0.8799
vn 0.3205 0.3509 -0.8799
vn 0.3550 -0.9349 -0.0000
vn 0.9121 0.4101 -0.0000
vn -0.6316 0.7186 -0.2911
vn -0.6290 -0.3032 -0.7159
vn -0.0342 -0.1915 0.9809
vn -0.0618 0.1703 0.9834
vn -0.0639 0.2023 0.9772
vn 0.9789 0.2035 0.0167
vn 0.0604 0.9225 0.3811
vn 0.0435 0.9244 -0.3789
vn 0.0435 0.9244 0.3789
vn -0.9653 0.2611 -0.0000
vn -0.8643 0.5030 -0.0000
vn 0.7903 0.3659 -0.4915
vn 0.4865 0.7954 0.3615
vn 0.7903 0.3659 0.4915
vn 0.9787 0.2052 -0.0021
vn 0.9802 0.1978 -0.0000
vn 0.0618 -0.1703 -0.9834
vn 0.0342 0.1915 -0.9809
vn 0.0639 -0.2023 -0.9772
vn 0.0650 -0.9796 0.1904
vn 0.0836 -0.9791 -0.1853
vn 0.0646 -0.9784 0.1963
vn 0.0604 0.9225 -0.3811
vn 0.9736 0.2208 0.0575
vn 0.9666 0.2550 0.0243
vn 0.9666 0.2550 -0.0243
vn 0.9736 0.2208 -0.0575
vn 0.0879 -0.6806 -0.7273
vn 0.0890 -0.7230 -0.6851
vn 0.0842 -0.9756 -0.2029
vn -0.0319 -0.2185 0.9753
vn 0.0181 -0.7029 0.7111
vn 0.0203 -0.7204 0.6932
vn -0.0879 0.6806 0.7273
vn -0.0890 0.7230 0.6851
vn -0.0842 0.9756 0.2028
vn -0.0836 0.9791 0.1853
vn 0.0319 0.2185 -0.9753
vn -0.0181 0.7029 -0.7111
vn -0.0203 0.7204 -0.6932
vn -0.0650 0.9796 -0.1904
vn -0.0646 0.9784 -0.1963
vn -0.2566 -0.9665 -0.0000
vn -0.4970 -0.8678 -0.0000
vn -0.4970 0.8678 -0.0000
vn -0.8643 -0.5030 -0.0000
vn -0.2566 0.9665 -0.0000
vn -0.9653 -0.2611 -0.0000
vn -1.0000 0.0091 -0.0000
vn -0.9292 -0.3697 -0.0000
vn 0.9808 -0.1951 -0.0000
vn 0.9808 0.1951 -0.0000
vn -0.2067 0.9784 -0.0000
vn 0.1951 0.9808 -0.0000
vn -0.7739 0.6333 -0.0000
vn 0.9239 0.3827 -0.0000
vn 0.7071 0.7071 -0.0000
vn -0.1785 -0.9839 -0.0000
vn -0.6333 -0.7739 -0.0000
vn 0.9239 -0.3827 -0.0000
vn 0.7071 -0.7071 -0.0000
vn 0.1951 -0.9808 -0.0000
vn 0.1305 -0.9914 -0.0000
vn 0.2956 0.9553 -0.0000
vn -0.0758 0.9971 -0.0000
vn 0.9914 -0.1305 -0.0000
vn 0.7241 0.6897 -0.0000
vn -0.9615 -0.2749 -0.0000
vn -0.9988 -0.0494 -0.0000
vn 0.2909 0.9568 -0.0000
vn 0.2909 0.9568 0.0001
vn -0.1242 -0.9923 -0.0000
vn 0.6928 0.7211 -0.0000
vn -0.9828 0.1849 -0.0000
vn 0.5000 -0.8660 -0.0000
vn 0.8660 -0.5000 -0.0000
vn -0.4606 -0.8876 -0.0000
vn -0.4607 -0.8876 -0.0000
vn -0.8064 -0.5913 -0.0000
vn -0.4516 0.8922 -0.0000
vn -0.8372 0.5469 -0.0000
vn 0.7586 0.6516 -0.0000
vn 0.8835 0.4685 -0.0000
vn 0.6928 0.7212 -0.0000
vn 0.3767 0.5727 0.7281
vn 0.6587 0.2867 0.6957
vn 0.0467 0.7055 0.7072
vn 0.6900 -0.0000 -0.7238
vn 0.6879 0.0658 -0.7228
vn 0.6901 -0.0000 -0.7237
vn 0.6879 0.0658 0.7228
vn 0.6900 -0.0000 0.7238
vn 0.6901 -0.0000 0.7237
vn 0.0332 0.7059 0.7075
vn 0.6875 0.0721 0.7226
vn 0.6875 0.0721 -0.7226
vn 0.6587 0.2867 -0.6956
vn 0.3767 0.5727 -0.7281
vn 0.4865 0.7954 -0.3615
vn 0.0332 0.7059 -0.7075
vn -0.0000 -0.3827 -0.9239
vn -0.0000 -0.9239 -0.3827
vn -0.0000 0.9239 -0.3827
vn -0.0000 0.3827 -0.9239
vn -0.0000 -0.9239 0.3827
vn -0.0000 -0.3827 0.9239
vn -0.0000 0.3827 0.9239
vn -0.0000 0.9239 0.3827
vn -0.3827 0.9239 -0.0000
vn -0.9239 0.3827 -0.0000
vn -0.3827 -0.9239 -0.0000
vn -0.9239 -0.3827 -0.0000
vn -0.5774 0.5773 0.5773
vn 0.2781 -0.6344 0.7213
vn 0.2781 0.6344 0.7213
vn -0.5774 0.5773 -0.5773
vn -0.5773 -0.5773 -0.5774
vn 0.7127 -0.6262 0.3161
vn 0.7127 0.6262 0.3161
vn 0.5773 0.5773 -0.5774
vn -0.5773 0.5774 -0.5774
vn 0.5773 -0.5774 -0.5774
vn -0.2781 -0.6344 0.7213
vn 0.5774 0.5773 0.5773
vn -0.2781 0.6344 0.7213
vn 0.5774 -0.5773 0.5773
vn 0.5774 0.5773 -0.5773
vn 0.5774 -0.5773 -0.5773
vn 0.3015 0.9045 -0.3015
vn -0.7127 -0.6262 0.3161
vn 0.5773 -0.5773 -0.5774
vn 0.3015 -0.9045 -0.3015
vn -0.7127 0.6262 0.3161
vn -0.5773 0.5773 -0.5774
vn 0.5773 0.5774 -0.5774
vn -0.5773 -0.5774 -0.5774
vn 0.3420 0.9397 -0.0000
vn 0.6241 0.7438 0.2394
vn 0.6428 0.7660 -0.0000
vn 0.9848 0.1737 -0.0000
vn 0.9562 0.1686 0.2394
vn 0.8408 -0.4855 0.2394
vn 0.3420 -0.9397 -0.0000
vn -0.0000 -0.9710 0.2392
vn 0.1985 -0.5455 0.8143
vn -0.0000 -0.5174 0.8557
vn 0.3321 -0.9124 0.2394
vn 0.5027 -0.2902 0.8143
vn 0.3332 0.9154 0.2257
vn 0.3731 0.4447 0.8143
vn 0.5717 0.1008 0.8143
vn -0.9848 -0.1736 -0.0000
vn -0.6428 -0.7660 -0.0000
vn -0.8660 0.5000 -0.0000
vn -0.9848 -0.1737 -0.0000
vn -0.3420 0.9397 -0.0000
vn -0.3420 -0.9397 -0.0000
vn 0.2067 0.5679 0.7967
vn -0.2702 -0.8316 0.4853
vn -0.0000 -0.8744 0.4853
vn -0.5139 -0.7074 0.4853
vn -0.3090 -0.9511 -0.0000
vn -0.7074 -0.5139 0.4853
vn -0.5878 -0.8090 -0.0000
vn -0.8316 -0.2702 0.4853
vn -0.8090 -0.5878 -0.0000
vn -0.8744 -0.0000 0.4853
vn -0.9511 -0.3090 -0.0000
vn -0.8316 0.2702 0.4853
vn -0.7074 0.5139 0.4853
vn -0.9511 0.3090 -0.0000
vn -0.5139 0.7074 0.4853
vn -0.8090 0.5878 -0.0000
vn -0.2702 0.8316 0.4853
vn -0.5878 0.8090 -0.0000
vn -0.0000 0.8744 0.4853
vn -0.3090 0.9511 -0.0000
vn 0.2702 0.8316 0.4853
vn 0.5139 0.7074 0.4853
vn 0.3090 0.9511 -0.0000
vn 0.7074 0.5139 0.4853
vn 0.5878 0.8090 -0.0000
vn 0.8316 0.2702 0.4853
vn 0.8090 0.5878 -0.0000
vn 0.8744 -0.0000 0.4853
vn 0.9511 0.3090 -0.0000
vn 0.8316 -0.2702 0.4853
vn 0.7074 -0.5139 0.4853
vn 0.9511 -0.3090 -0.0000
vn 0.5139 -0.7074 0.4853
vn 0.8090 -0.5878 -0.0000
vn 0.2702 -0.8316 0.4853
vn 0.5878 -0.8090 -0.0000
vn 0.3090 -0.9511 -0.0000
vn -0.2753 -0.0000 0.9614
vn 0.8750 -0.2843 -0.3919
vn 0.9200 -0.0000 -0.3919
vn -0.8750 -0.2843 -0.3919
vn -0.7443 -0.5408 -0.3919
vn 0.7443 -0.5408 -0.3919
vn -0.9200 -0.0000 -0.3919
vn 0.5408 -0.7443 -0.3919
vn 0.2843 0.8750 -0.3919
vn -0.0000 0.9200 -0.3919
vn -0.8750 0.2843 -0.3919
vn 0.2843 -0.8750 -0.3919
vn 0.5408 0.7443 -0.3919
vn -0.7443 0.5408 -0.3919
vn -0.0000 -0.9200 -0.3919
vn 0.7443 0.5408 -0.3919
vn -0.5408 0.7443 -0.3919
vn -0.2843 -0.8750 -0.3919
vn 0.8750 0.2843 -0.3919
vn -0.2843 0.8750 -0.3919
vn -0.5408 -0.7443 -0.3919
vn 0.2227 0.1618 0.9614
vn -0.0851 -0.2618 0.9614
vn 0.0851 0.2618 0.9614
vn 0.2753 -0.0000 0.9614
vn -0.2227 -0.1618 0.9614
vn -0.0851 0.2618 0.9614
vn 0.1618 -0.2227 0.9614
vn -0.2227 0.1618 0.9614
vn 0.1618 0.2227 0.9614
vn 0.2227 -0.1618 0.9614
vn -0.2618 -0.0851 0.9614
vn 0.2618 0.0851 0.9614
vn 0.0851 -0.2618 0.9614
vn -0.1618 -0.2227 0.9614
vn -0.1618 0.2227 0.9614
vn -0.6440 0.7650 -0.0000
vn -0.3361 0.9145 0.2254
vn -0.3450 0.9386 -0.0000
vn -0.9848 0.1737 -0.0000
vn -0.6253 0.7428 0.2393
vn -0.8660 -0.5000 -0.0000
vn -0.9562 0.1686 0.2394
vn -0.8408 -0.4855 0.2394
vn -0.1985 -0.5455 0.8143
vn -0.3321 -0.9124 0.2394
vn -0.2099 0.5682 0.7957
vn -0.5027 -0.2902 0.8143
vn -0.3743 0.4430 0.8147
vn 0.6444 -0.7647 -0.0000
vn 0.9848 -0.1736 -0.0000
vn 0.9848 -0.1737 -0.0000
vn 0.8660 0.5000 -0.0000
vn 0.3459 -0.9383 -0.0000
vn -0.5717 0.1008 0.8143
vn -0.0000 0.2753 0.9614
vn -0.2618 0.0850 0.9614
vn -0.1618 -0.2226 0.9614
vn 0.2618 0.0850 0.9614
vn 0.2618 -0.0850 0.9614
vn -0.0000 -0.2753 0.9614
vn 0.2702 -0.8316 -0.4853
vn -0.0000 -0.8744 -0.4853
vn 0.5139 -0.7074 -0.4853
vn 0.7074 -0.5139 -0.4853
vn 0.8316 -0.2702 -0.4853
vn 0.8744 -0.0000 -0.4853
vn 0.8316 0.2702 -0.4853
vn 0.7074 0.5139 -0.4853
vn 0.5139 0.7074 -0.4853
vn 0.2702 0.8316 -0.4853
vn -0.0000 0.8744 -0.4853
vn -0.2702 0.8316 -0.4853
vn -0.5139 0.7074 -0.4853
vn -0.7074 0.5139 -0.4853
vn -0.8744 -0.0000 -0.4853
vn -0.8316 0.2702 -0.4853
vn -0.8316 -0.2702 -0.4853
vn -0.7074 -0.5139 -0.4853
vn -0.5139 -0.7074 -0.4853
vn -0.2702 -0.8316 -0.4853
vn 0.2618 0.0850 -0.9614
vn -0.8750 -0.2843 0.3919
vn -0.9200 -0.0000 0.3919
vn 0.8750 -0.2843 0.3919
vn 0.7443 -0.5408 0.3919
vn -0.7443 -0.5408 0.3919
vn 0.9200 -0.0000 0.3919
vn -0.5408 -0.7443 0.3919
vn -0.2843 0.8750 0.3919
vn -0.0000 0.9200 0.3919
vn 0.8750 0.2843 0.3919
vn -0.2843 -0.8750 0.3919
vn -0.5408 0.7443 0.3919
vn 0.7443 0.5408 0.3919
vn -0.0000 -0.9200 0.3919
vn -0.7443 0.5408 0.3919
vn 0.5408 0.7443 0.3919
vn 0.2843 -0.8750 0.3919
vn -0.8750 0.2843 0.3919
vn 0.2843 0.8750 0.3919
vn 0.5408 -0.7443 0.3919
vn -0.2227 0.1618 -0.9614
vn 0.2753 -0.0000 -0.9614
vn 0.0851 -0.2618 -0.9614
vn -0.0851 0.2618 -0.9614
vn -0.2753 -0.0000 -0.9614
vn 0.2227 -0.1618 -0.9614
vn 0.0851 0.2618 -0.9614
vn -0.1618 -0.2226 -0.9614
vn 0.1618 -0.2227 -0.9614
vn 0.2227 0.1618 -0.9614
vn -0.1618 0.2226 -0.9614
vn -0.2227 -0.1618 -0.9614
vn 0.2618 -0.0850 -0.9614
vn -0.0000 0.2753 -0.9614
vn -0.0000 -0.2753 -0.9614
vn -0.1618 0.2227 -0.9614
vn 0.2618 0.0851 -0.9614
vn -0.1618 -0.2227 -0.9614
vn -0.0851 -0.2618 -0.9614
vn -0.2618 0.0851 -0.9614
vn 0.2618 -0.0851 -0.9614
vn -0.2618 -0.0850 -0.9614
vn 0.1618 0.2227 -0.9614
vn -0.1898 0.1774 -0.9657
vn -0.2596 -0.0000 -0.9657
vn -0.2557 0.9668 -0.0000
vn -0.9685 0.1734 -0.1786
vn -0.9657 -0.0000 -0.2596
vn -0.7715 -0.1295 -0.6229
vn -0.7069 -0.0239 -0.7069
vn -0.6229 -0.1295 -0.7715
vn -0.3827 -0.0000 -0.9239
vn -0.5993 0.5601 -0.5720
vn -0.1907 0.6920 -0.6963
vn -0.7032 0.1438 -0.6963
vn -0.2382 0.9547 -0.1786
vn -0.7229 0.6757 -0.1445
vn -0.7071 0.0001 -0.7071
vn -0.7305 0.6829 -0.0000
vn -0.9818 0.1900 -0.0000
vn -0.2027 0.8821 0.4253
vn 0.5774 0.5773 -0.5774
vn -0.8601 0.3635 0.3580
vn -0.9121 -0.4101 -0.0000
vn -0.8601 -0.3635 0.3580
vn -0.3204 0.3509 0.8799
vn 0.6316 0.7186 0.2910
vn 0.6290 -0.3032 0.7159
vn -0.8601 0.3635 -0.3580
vn -0.8601 -0.3635 -0.3580
vn -0.2027 -0.8821 0.4253
vn 0.6316 -0.7186 0.2910
vn -0.3205 -0.3509 0.8799
vn 0.6290 0.3032 0.7159
vn -0.4046 -0.8837 -0.2352
vn 0.3015 -0.9045 0.3015
vn -0.4046 -0.8837 0.2352
vn -0.4046 0.8837 0.2352
vn -0.3550 0.9349 -0.0000
vn -0.3205 0.3509 0.8799
vn -0.2027 -0.8821 -0.4253
vn -0.2027 0.8821 -0.4253
vn -0.4046 0.8837 -0.2352
vn 0.3015 0.9045 0.3015
vn 0.5774 0.5773 0.5774
vn -0.3204 0.3509 -0.8799
vn 0.6290 0.3032 -0.7159
vn 0.6316 -0.7186 -0.2911
vn 0.6316 0.7186 -0.2911
vn -0.3205 -0.3509 -0.8799
vn -0.3205 0.3509 -0.8799
vn -0.3550 -0.9349 -0.0000
vn -0.9121 0.4101 -0.0000
vn 0.0618 0.1703 0.9834
vn 0.0342 -0.1915 0.9809
vn 0.0639 0.2023 0.9772
vn -0.9789 0.2035 0.0167
vn -0.0435 0.9244 0.3789
vn -0.0604 0.9225 -0.3811
vn -0.0604 0.9225 0.3811
vn 0.8643 0.5030 -0.0000
vn 0.9653 0.2611 -0.0000
vn -0.4865 0.7954 0.3615
vn -0.7903 0.3659 -0.4915
vn -0.7903 0.3659 0.4915
vn -0.9787 0.2052 -0.0021
vn -0.9802 0.1978 -0.0000
vn -0.0618 -0.1703 -0.9834
vn -0.0342 0.1915 -0.9809
vn -0.0319 0.2185 -0.9753
vn -0.0650 -0.9796 0.1904
vn -0.0836 -0.9791 -0.1853
vn -0.0842 -0.9756 -0.2029
vn -0.9736 0.2208 0.0575
vn -0.9666 0.2550 0.0243
vn -0.9666 0.2550 -0.0243
vn -0.9736 0.2208 -0.0575
vn -0.0879 -0.6806 -0.7273
vn -0.0639 -0.2023 -0.9772
vn -0.0890 -0.7230 -0.6851
vn 0.0319 -0.2185 0.9753
vn -0.0181 -0.7029 0.7111
vn -0.0203 -0.7204 0.6932
vn 0.0879 0.6806 0.7273
vn 0.0890 0.7230 0.6851
vn 0.0842 0.9756 0.2028
vn 0.0181 0.7029 -0.7111
vn 0.0650 0.9796 -0.1904
vn 0.0203 0.7204 -0.6932
vn 0.0836 0.9791 0.1853
vn 0.0646 0.9784 -0.1963
vn 0.4970 -0.8678 -0.0000
vn 0.2566 -0.9665 -0.0000
vn 0.4970 0.8678 -0.0000
vn 0.8643 -0.5030 -0.0000
vn 0.2566 0.9665 -0.0000
vn 0.9653 -0.2611 -0.0000
vn 0.9292 -0.3697 -0.0000
vn 1.0000 0.0091 -0.0000
vn -0.9808 0.1951 -0.0000
vn -0.9808 -0.1951 -0.0000
vn -0.1951 0.9808 -0.0000
vn 0.2067 0.9784 -0.0000
vn 0.7739 0.6333 -0.0000
vn 0.6333 -0.7739 -0.0000
vn 0.1785 -0.9839 -0.0000
vn -0.1951 -0.9808 -0.0000
vn -0.1305 -0.9914 -0.0000
vn 0.0758 0.9971 -0.0000
vn -0.2956 0.9553 -0.0000
vn -0.7241 0.6897 -0.0000
vn -0.9914 -0.1305 -0.0000
vn 0.9988 -0.0494 -0.0000
vn 0.9615 -0.2749 -0.0000
vn -0.2909 0.9568 0.0001
vn 0.1242 -0.9923 -0.0000
vn -0.6928 0.7211 -0.0000
vn -0.2909 0.9568 -0.0000
vn 0.9828 0.1849 -0.0000
vn -0.5000 -0.8660 -0.0000
vn 0.4606 -0.8876 -0.0000
vn 0.4607 -0.8876 -0.0000
vn 0.8064 -0.5913 -0.0000
vn 0.4516 0.8922 -0.0000
vn 0.8372 0.5469 -0.0000
vn -0.7586 0.6516 -0.0000
vn -0.8835 0.4685 -0.0000
vn -0.6928 0.7212 -0.0000
vn -0.3767 0.5727 0.7281
vn -0.0467 0.7055 0.7072
vn -0.6900 -0.0000 -0.7238
vn -0.6879 0.0658 -0.7228
vn -0.6875 0.0721 -0.7226
vn -0.6900 -0.0000 0.7238
vn -0.6879 0.0658 0.7228
vn -0.6901 -0.0000 0.7237
vn -0.0332 0.7059 0.7075
vn -0.6875 0.0721 0.7226
vn -0.6587 0.2867 0.6957
vn -0.3767 0.5727 -0.7281
vn -0.0467 0.7055 -0.7072
vn -0.0332 0.7059 -0.7075
vn -0.0435 0.9244 -0.3789
vn -0.6587 0.2867 -0.6956
vn 0.3827 0.9239 -0.0000
vn 0.3827 -0.9239 -0.0000
vn -0.6241 0.7438 0.2394
vn -0.3332 0.9154 0.2257
vn -0.6428 0.7660 -0.0000
vn -0.3731 0.4447 0.8143
vn 0.6428 -0.7660 -0.0000
vn -0.2067 0.5679 0.7967
vn 0.2618 -0.0851 0.9614
vn -0.2618 0.0851 0.9614
vn 0.3361 0.9145 0.2254
vn 0.6440 0.7650 -0.0000
vn 0.3450 0.9386 -0.0000
vn 0.6253 0.7428 0.2393
vn 0.2099 0.5682 0.7957
vn 0.3743 0.4430 0.8147
vn -0.6444 -0.7647 -0.0000
vn -0.3459 -0.9383 -0.0000
vn 0.1618 0.2226 0.9614
vn -0.2618 0.0850 -0.9614
vn 0.1618 -0.2226 -0.9614
vn 0.1618 0.2226 -0.9614
vn 0.9730 0.1964 -0.1216
vn 0.9523 0.2532 0.1703
vn 0.9599 0.1937 0.2025
vn 0.9980 -0.0188 0.0607
vn 0.9073 0.4205 -0.0000
vn 0.9986 0.0534 -0.0000
vn 0.9599 0.1937 0.2024
vn 0.9730 0.1964 -0.1215
vn 0.0467 0.7055 -0.7072
vn -0.0000 0.0001 -1.0000
vn -0.0000 -0.0001 -1.0000
vn -0.2618 -0.0851 -0.9614
vn -0.0000 -0.0002 1.0000
vn -0.0000 0.0002 1.0000
vn 0.6290 -0.3032 -0.7159
vn -0.9730 0.1964 -0.1216
vn -0.9599 0.1937 0.2024
vn -0.9523 0.2532 0.1703
vn -0.4865 0.7954 -0.3615
vn -0.9980 -0.0188 0.0607
vn -0.9986 0.0534 -0.0000
vn -0.9073 0.4205 -0.0000
vn -0.9730 0.1964 -0.1215
vn -0.0646 -0.9784 0.1963
vn -0.6901 -0.0000 -0.7237
vn -0.2618 -0.0850 0.9614
vt 0.901682 0.832420
vt 0.948484 0.725613
vt 0.901682 0.655845
vt 0.451050 0.878540
vt 0.555636 0.683606
vt 0.451050 0.683676
vt 0.995727 0.655742
vt 0.901682 0.644125
vt 0.995727 0.852114
vt 0.995727 0.816227
vt 0.442503 0.892256
vt 0.348231 0.004724
vt 0.348232 0.892707
vt 0.543006 0.977297
vt 0.550291 0.887087
vt 0.543006 0.887087
vt 0.810623 0.249431
vt 0.754211 0.141275
vt 0.810623 0.141275
vt 0.011528 0.911657
vt 0.004273 0.958963
vt 0.011528 0.958953
vt 0.004273 0.895652
vt 0.200380 0.004301
vt 0.004278 0.004799
vt 0.211399 0.895127
vt 0.200375 0.895155
vt 0.552589 0.665135
vt 0.451050 0.655369
vt 0.428317 0.908877
vt 0.421032 0.956174
vt 0.428317 0.956174
vt 0.890749 0.852000
vt 0.901682 0.852217
vt 0.894166 0.834893
vt 0.895445 0.638405
vt 0.894171 0.644552
vt 0.217952 0.901322
vt 0.219143 0.895244
vt 0.342157 0.899135
vt 0.348196 0.900330
vt 0.021688 0.903111
vt 0.894166 0.655786
vt 0.200549 0.902657
vt 0.340817 0.893022
vt 0.211404 0.004273
vt 0.219143 0.004390
vt 0.442456 0.899879
vt 0.901518 0.636676
vt 0.995727 0.637665
vt 0.995575 0.630210
vt 0.577354 0.902431
vt 0.589384 0.906568
vt 0.589384 0.902446
vt 0.126080 0.926420
vt 0.128589 0.911657
vt 0.126080 0.911664
vt 0.779743 0.316148
vt 0.785614 0.304138
vt 0.779743 0.304131
vt 0.179765 0.918130
vt 0.181721 0.911737
vt 0.179229 0.911657
vt 0.271779 0.914990
vt 0.267608 0.916724
vt 0.273450 0.920863
vt 0.128589 0.941171
vt 0.126080 0.941177
vt 0.804102 0.933595
vt 0.792072 0.937732
vt 0.804102 0.937734
vt 0.179388 0.930155
vt 0.182256 0.918209
vt 0.787490 0.904053
vt 0.792072 0.918824
vt 0.792072 0.904053
vt 0.033235 0.926429
vt 0.039076 0.911657
vt 0.033235 0.911657
vt 0.787490 0.933595
vt 0.792072 0.933595
vt 0.572773 0.906544
vt 0.577354 0.921260
vt 0.577354 0.906551
vt 0.347325 0.908877
vt 0.359355 0.913013
vt 0.359355 0.908891
vt 0.103969 0.926420
vt 0.106478 0.911657
vt 0.103969 0.911664
vt 0.750907 0.316148
vt 0.756779 0.304138
vt 0.750907 0.304131
vt 0.166466 0.918130
vt 0.168422 0.911737
vt 0.165931 0.911657
vt 0.898990 0.304131
vt 0.894820 0.305865
vt 0.900661 0.310004
vt 0.106478 0.941171
vt 0.103969 0.941177
vt 0.831183 0.933595
vt 0.819153 0.937732
vt 0.831183 0.937734
vt 0.166089 0.930155
vt 0.168957 0.918209
vt 0.814572 0.904053
vt 0.819153 0.918824
vt 0.819153 0.904053
vt 0.067853 0.926429
vt 0.062011 0.941200
vt 0.067853 0.941200
vt 0.814572 0.933595
vt 0.819153 0.933595
vt 0.342744 0.912989
vt 0.347325 0.927705
vt 0.347325 0.912996
vt 0.374410 0.908877
vt 0.386440 0.913013
vt 0.386440 0.908891
vt 0.115025 0.926421
vt 0.117534 0.911657
vt 0.115025 0.911664
vt 0.765325 0.316147
vt 0.771196 0.304138
vt 0.765325 0.304131
vt 0.193063 0.918130
vt 0.195020 0.911737
vt 0.192528 0.911657
vt 0.243002 0.914990
vt 0.238831 0.916724
vt 0.244673 0.920863
vt 0.117534 0.941171
vt 0.115025 0.941177
vt 0.858264 0.933595
vt 0.846234 0.937732
vt 0.858264 0.937734
vt 0.192687 0.930155
vt 0.195555 0.918209
vt 0.841653 0.904053
vt 0.846234 0.918824
vt 0.846234 0.904053
vt 0.053465 0.941200
vt 0.047623 0.926429
vt 0.047623 0.941200
vt 0.841653 0.933595
vt 0.846234 0.933595
vt 0.369829 0.912989
vt 0.374410 0.927705
vt 0.374410 0.912996
vt 0.792072 0.899916
vt 0.347325 0.946533
vt 0.347325 0.942414
vt 0.342744 0.942408
vt 0.814360 0.316166
vt 0.808534 0.304131
vt 0.808534 0.316162
vt 0.227773 0.915005
vt 0.230202 0.921758
vt 0.230285 0.914990
vt 0.287838 0.919129
vt 0.281996 0.914990
vt 0.283667 0.920863
vt 0.804102 0.904053
vt 0.804102 0.899914
vt 0.577354 0.940088
vt 0.589384 0.935986
vt 0.577354 0.935969
vt 0.039076 0.941200
vt 0.033235 0.941200
vt 0.882081 0.310609
vt 0.880402 0.304131
vt 0.886273 0.308722
vt 0.572773 0.935962
vt 0.572765 0.921253
vt 0.227690 0.921773
vt 0.230285 0.933774
vt 0.819153 0.899916
vt 0.374410 0.946533
vt 0.374410 0.942414
vt 0.369829 0.942408
vt 0.799987 0.316166
vt 0.794161 0.304131
vt 0.794161 0.316162
vt 0.216631 0.911672
vt 0.219061 0.918426
vt 0.219143 0.911657
vt 0.915049 0.308270
vt 0.909208 0.304131
vt 0.910879 0.310004
vt 0.831183 0.904053
vt 0.831183 0.899914
vt 0.359355 0.942431
vt 0.062011 0.911657
vt 0.067853 0.911657
vt 0.867663 0.310609
vt 0.865984 0.304131
vt 0.871855 0.308722
vt 0.342735 0.927698
vt 0.216549 0.918440
vt 0.219143 0.930441
vt 0.846234 0.899916
vt 0.828733 0.316166
vt 0.822907 0.304131
vt 0.822907 0.316162
vt 0.205490 0.911672
vt 0.207920 0.918426
vt 0.208002 0.911657
vt 0.259061 0.919129
vt 0.253220 0.914990
vt 0.254891 0.920863
vt 0.858264 0.904053
vt 0.858264 0.899914
vt 0.386440 0.942431
vt 0.047623 0.911657
vt 0.053465 0.926429
vt 0.053465 0.911657
vt 0.857437 0.308722
vt 0.851566 0.304131
vt 0.853245 0.310609
vt 0.369820 0.927698
vt 0.205408 0.918440
vt 0.208002 0.930441
vt 0.177504 0.930104
vt 0.177881 0.918079
vt 0.792050 0.939468
vt 0.177504 0.913505
vt 0.785567 0.933595
vt 0.787482 0.918824
vt 0.785567 0.918824
vt 0.570846 0.906696
vt 0.570846 0.921405
vt 0.164205 0.930104
vt 0.164582 0.918079
vt 0.819131 0.939468
vt 0.164205 0.913505
vt 0.812649 0.933595
vt 0.814563 0.918824
vt 0.812648 0.918824
vt 0.340817 0.913141
vt 0.340817 0.927850
vt 0.190803 0.930104
vt 0.191179 0.918079
vt 0.846212 0.939468
vt 0.190803 0.913505
vt 0.839730 0.933595
vt 0.841644 0.918824
vt 0.839730 0.918824
vt 0.367901 0.913141
vt 0.367901 0.927850
vt 0.589384 0.940107
vt 0.577328 0.941971
vt 0.589358 0.941988
vt 0.792050 0.898180
vt 0.804080 0.898180
vt 0.570846 0.936114
vt 0.785567 0.904053
vt 0.359355 0.946552
vt 0.347299 0.948416
vt 0.359329 0.948433
vt 0.819131 0.898180
vt 0.831161 0.898180
vt 0.340817 0.942559
vt 0.812648 0.904053
vt 0.386440 0.946552
vt 0.374384 0.948416
vt 0.386414 0.948433
vt 0.846212 0.898180
vt 0.858243 0.898180
vt 0.367901 0.942559
vt 0.839730 0.904052
vt 0.397106 0.381055
vt 0.406637 0.484957
vt 0.397106 0.486137
vt 0.733475 0.126037
vt 0.726417 0.106019
vt 0.729043 0.021258
vt 0.459935 0.126037
vt 0.733475 0.321805
vt 0.459935 0.321805
vt 0.673496 0.342724
vt 0.743563 0.338723
vt 0.746024 0.342675
vt 0.459932 0.449859
vt 0.481519 0.342997
vt 0.472285 0.432597
vt 0.617966 0.448780
vt 0.673496 0.643990
vt 0.617966 0.644027
vt 0.859777 0.612777
vt 0.915270 0.339236
vt 0.915270 0.612777
vt 0.767637 0.448679
vt 0.767654 0.643926
vt 0.553958 0.342918
vt 0.483977 0.339010
vt 0.553958 0.333023
vt 0.137136 0.915026
vt 0.142082 0.930499
vt 0.137136 0.930504
vt 0.751759 0.263864
vt 0.852766 0.269001
vt 0.754895 0.293146
vt 0.609402 0.905826
vt 0.604449 0.976826
vt 0.604449 0.905826
vt 0.925334 0.508780
vt 0.928723 0.429655
vt 0.948973 0.505329
vt 0.150699 0.914852
vt 0.155651 0.930208
vt 0.150699 0.930211
vt 0.617966 0.342761
vt 0.638180 0.357541
vt 0.636809 0.362615
vt 0.553958 0.646515
vt 0.572940 0.597460
vt 0.578663 0.603128
vt 0.151459 0.289249
vt 0.169093 0.259611
vt 0.151459 0.259611
vt 0.555695 0.361326
vt 0.570846 0.382228
vt 0.555695 0.432339
vt 0.979642 0.018126
vt 0.984326 0.085550
vt 0.979717 0.085544
vt 0.459935 0.017524
vt 0.733475 0.004273
vt 0.733475 0.017524
vt 0.609420 0.342857
vt 0.609420 0.330351
vt 0.918450 0.295326
vt 0.930939 0.004273
vt 0.939830 0.286395
vt 0.753740 0.430605
vt 0.754019 0.425570
vt 0.673496 0.332905
vt 0.712272 0.023463
vt 0.464368 0.021258
vt 0.882202 0.644355
vt 0.799647 0.889633
vt 0.789691 0.634353
vt 0.466993 0.037543
vt 0.464368 0.122304
vt 0.406637 0.518279
vt 0.397106 0.622182
vt 0.397106 0.517099
vt 0.384844 0.380350
vt 0.375252 0.732924
vt 0.375252 0.379875
vt 0.785567 0.612777
vt 0.859777 0.339237
vt 0.481138 0.120098
vt 0.729043 0.122304
vt 0.459915 0.646618
vt 0.466993 0.106019
vt 0.471136 0.115974
vt 0.712272 0.120098
vt 0.722274 0.115974
vt 0.481138 0.023463
vt 0.471136 0.027587
vt 0.726417 0.037543
vt 0.722274 0.027587
vt 0.406322 0.502997
vt 0.376030 0.748205
vt 0.384844 0.733399
vt 0.385622 0.748681
vt 0.406637 0.379875
vt 0.396791 0.365780
vt 0.406322 0.364601
vt 0.376030 0.364601
vt 0.406322 0.500239
vt 0.396791 0.501418
vt 0.386799 0.365076
vt 0.395614 0.379882
vt 0.386021 0.380357
vt 0.406637 0.623361
vt 0.396791 0.637456
vt 0.386799 0.748681
vt 0.395614 0.732931
vt 0.396392 0.748205
vt 0.386021 0.733406
vt 0.570846 0.878398
vt 0.609419 0.738384
vt 0.586479 0.893885
vt 0.570846 0.738426
vt 0.572940 0.663161
vt 0.578779 0.724251
vt 0.609419 0.655369
vt 0.609419 0.664063
vt 0.076400 0.934623
vt 0.081136 0.942503
vt 0.076542 0.942481
vt 0.186575 0.299968
vt 0.164675 0.317603
vt 0.164675 0.299968
vt 0.979976 0.004273
vt 0.984335 0.010272
vt 0.979726 0.010266
vt 0.134760 0.317603
vt 0.134760 0.299968
vt 0.984250 0.018133
vt 0.151459 0.824384
vt 0.169093 0.289249
vt 0.076542 0.911657
vt 0.080994 0.934645
vt 0.046969 0.317603
vt 0.046969 0.299968
vt 0.380043 0.866069
vt 0.367221 0.575507
vt 0.380043 0.575507
vt 0.380546 0.573732
vt 0.393368 0.857266
vt 0.380546 0.857266
vt 0.406693 0.571847
vt 0.393871 0.844246
vt 0.393871 0.571847
vt 0.457838 0.975117
vt 0.469096 0.889581
vt 0.534459 0.895549
vt 0.367221 0.888203
vt 0.367221 0.866069
vt 0.406693 0.549816
vt 0.393871 0.549816
vt 0.393368 0.874022
vt 0.380546 0.881183
vt 0.406693 0.844246
vt 0.393871 0.868085
vt 0.407196 0.575584
vt 0.420018 0.549816
vt 0.420018 0.575584
vt 0.380043 0.549816
vt 0.367221 0.549816
vt 0.393368 0.556976
vt 0.393368 0.549816
vt 0.407196 0.801132
vt 0.420018 0.777109
vt 0.420018 0.801132
vt 0.407196 0.777109
vt 0.957523 0.505726
vt 0.963236 0.438394
vt 0.963237 0.464851
vt 0.089683 0.931665
vt 0.095422 0.920840
vt 0.095423 0.931665
vt 0.900767 0.870644
vt 0.961389 0.898305
vt 0.890749 0.882440
vt 0.412485 0.913823
vt 0.406745 0.970601
vt 0.406745 0.913823
vt 0.957596 0.547150
vt 0.963254 0.611250
vt 0.957520 0.611268
vt 0.872551 0.983922
vt 0.866811 0.904308
vt 0.872551 0.904308
vt 0.957524 0.523701
vt 0.963239 0.505718
vt 0.963240 0.523692
vt 0.977944 0.882650
vt 0.965070 0.892129
vt 0.968949 0.861043
vt 0.872551 0.898180
vt 0.963295 0.616300
vt 0.957561 0.616318
vt 0.957645 0.433310
vt 0.957520 0.438402
vt 0.957989 0.429624
vt 0.963361 0.433302
vt 0.406745 0.908877
vt 0.412485 0.908877
vt 0.963365 0.529036
vt 0.957649 0.529044
vt 0.963704 0.533409
vt 0.957989 0.533418
vt 0.957663 0.541983
vt 0.963330 0.547132
vt 0.089683 0.920840
vt 0.095423 0.915646
vt 0.089683 0.915646
vt 0.095423 0.911657
vt 0.963397 0.621228
vt 0.957663 0.621246
vt 0.089683 0.935476
vt 0.095423 0.935476
vt 0.843019 0.315307
vt 0.837279 0.309454
vt 0.843019 0.309454
vt 0.837279 0.304131
vt 0.843019 0.304131
vt 0.890761 0.900416
vt 0.957587 0.977974
vt 0.895886 0.976604
vt 0.742361 0.012344
vt 0.742361 0.016561
vt 0.859891 0.621663
vt 0.789904 0.621663
vt 0.777021 0.449788
vt 0.777021 0.645036
vt 0.451050 0.450064
vt 0.451050 0.646823
vt 0.915383 0.621662
vt 0.742361 0.125079
vt 0.755455 0.343785
vt 0.789904 0.330352
vt 0.785567 0.339237
vt 0.915383 0.330351
vt 0.451050 0.012344
vt 0.451050 0.016561
vt 0.150706 0.933756
vt 0.979663 0.318960
vt 0.984593 0.315716
vt 0.984615 0.318967
vt 0.609419 0.902432
vt 0.155659 0.911657
vt 0.150706 0.911661
vt 0.979641 0.245008
vt 0.984615 0.241506
vt 0.984593 0.245015
vt 0.137206 0.933929
vt 0.142152 0.933923
vt 0.142152 0.911657
vt 0.142082 0.915020
vt 0.604467 0.980221
vt 0.609401 0.976826
vt 0.609419 0.980221
vt 0.979641 0.315709
vt 0.395374 0.708581
vt 0.380989 0.616093
vt 0.395374 0.616093
vt 0.380712 0.839905
vt 0.366327 0.632565
vt 0.380712 0.632565
vt 0.625000 0.450475
vt 0.375000 0.250000
vt 0.381718 0.485495
vt 0.395374 0.726345
vt 0.380989 0.743832
vt 0.380989 0.726345
vt 0.366327 0.856377
vt 0.366327 0.839905
vt 0.380989 0.717325
vt 0.380989 0.726068
vt 0.380712 0.616093
vt 0.366327 0.616093
vt 0.395374 0.743832
vt 0.380989 0.836320
vt 0.346000 0.208197
vt 0.363751 0.219887
vt 0.363751 0.208197
vt 0.397125 0.246488
vt 0.408815 0.258179
vt 0.408815 0.246488
vt 0.397125 0.270571
vt 0.421075 0.282262
vt 0.421075 0.270571
vt 0.385083 0.270353
vt 0.396774 0.294303
vt 0.396774 0.270353
vt 0.385083 0.220238
vt 0.396774 0.244189
vt 0.396774 0.220238
vt 0.346000 0.244189
vt 0.385083 0.257095
vt 0.385083 0.244189
vt 0.385083 0.257446
vt 0.397125 0.258530
vt 0.410031 0.270220
vt 0.410031 0.258530
vt 0.397125 0.282613
vt 0.436208 0.294303
vt 0.436208 0.282613
vt 0.346000 0.257446
vt 0.407403 0.219887
vt 0.381165 0.208197
vt 0.381165 0.219887
vt 0.497784 0.289891
vt 0.722236 0.167865
vt 0.722236 0.289891
vt 0.497784 0.273091
vt 0.722236 0.259026
vt 0.722236 0.273091
vt 0.897971 0.575403
vt 0.796408 0.388589
vt 0.897971 0.388589
vt 0.497784 0.288409
vt 0.722236 0.274344
vt 0.722236 0.288409
vt 0.722236 0.303726
vt 0.600210 0.289662
vt 0.722236 0.289662
vt 0.598957 0.303726
vt 0.476931 0.289662
vt 0.598957 0.289662
vt 0.430087 0.734086
vt 0.412826 0.811760
vt 0.412826 0.734086
vt 0.395565 0.734086
vt 0.395565 0.811760
vt 0.378304 0.734086
vt 0.378304 0.811760
vt 0.361043 0.734086
vt 0.352413 0.811760
vt 0.361043 0.811760
vt 0.430087 0.811760
vt 0.352413 0.734086
vt 0.804697 0.125731
vt 0.851874 0.086145
vt 0.821082 0.032811
vt 0.330975 0.101708
vt 0.358028 0.095388
vt 0.330556 0.095388
vt 0.331773 0.107084
vt 0.358447 0.101708
vt 0.332871 0.110990
vt 0.359245 0.107084
vt 0.389140 0.101708
vt 0.360870 0.107084
vt 0.388343 0.107084
vt 0.389560 0.095388
vt 0.361668 0.101708
vt 0.389560 0.088743
vt 0.362087 0.095388
vt 0.389140 0.082423
vt 0.362087 0.088743
vt 0.388343 0.077047
vt 0.361668 0.082423
vt 0.380156 0.108031
vt 0.385532 0.136301
vt 0.385532 0.108829
vt 0.373836 0.107612
vt 0.380156 0.135504
vt 0.367191 0.107612
vt 0.373836 0.135084
vt 0.360871 0.108031
vt 0.367191 0.135084
vt 0.288491 0.082423
vt 0.316761 0.077047
vt 0.289289 0.077047
vt 0.288072 0.088743
vt 0.315963 0.082423
vt 0.288072 0.095388
vt 0.315544 0.088743
vt 0.288491 0.101708
vt 0.315544 0.095388
vt 0.289289 0.107085
vt 0.315963 0.101708
vt 0.330975 0.082423
vt 0.359245 0.077047
vt 0.331773 0.077047
vt 0.330028 0.058864
vt 0.321943 0.062111
vt 0.327974 0.065184
vt 0.330556 0.088743
vt 0.358447 0.082423
vt 0.358028 0.088743
vt 0.349884 0.065955
vt 0.341891 0.074466
vt 0.348211 0.076519
vt 0.318271 0.104906
vt 0.321862 0.108702
vt 0.321715 0.104390
vt 0.319282 0.045310
vt 0.327974 0.045899
vt 0.324069 0.040523
vt 0.294031 0.040523
vt 0.302481 0.042649
vt 0.299407 0.036617
vt 0.323342 0.053278
vt 0.330028 0.052219
vt 0.294031 0.070560
vt 0.296157 0.062111
vt 0.290125 0.065184
vt 0.319282 0.065773
vt 0.318692 0.074466
vt 0.324069 0.070560
vt 0.306786 0.041250
vt 0.312372 0.034563
vt 0.305727 0.034563
vt 0.288072 0.058864
vt 0.294758 0.053278
vt 0.288072 0.052219
vt 0.312373 0.076519
vt 0.306786 0.069833
vt 0.305727 0.076519
vt 0.318692 0.036617
vt 0.296157 0.048972
vt 0.290125 0.045899
vt 0.299407 0.074466
vt 0.298818 0.065773
vt 0.294758 0.057805
vt 0.311314 0.069833
vt 0.315619 0.042649
vt 0.302481 0.068434
vt 0.790100 0.035963
vt 0.803767 0.122250
vt 0.851875 0.097738
vt 0.320879 0.083925
vt 0.317860 0.079731
vt 0.317435 0.083409
vt 0.317887 0.101579
vt 0.321291 0.100712
vt 0.320747 0.087826
vt 0.317289 0.087722
vt 0.322881 0.114212
vt 0.325763 0.118502
vt 0.326306 0.114839
vt 0.326592 0.085015
vt 0.323139 0.089327
vt 0.326592 0.089543
vt 0.320879 0.091919
vt 0.317435 0.092247
vt 0.323139 0.110318
vt 0.326592 0.110534
vt 0.326307 0.080710
vt 0.323139 0.085232
vt 0.321263 0.095803
vt 0.317860 0.096541
vt 0.326592 0.106007
vt 0.325763 0.077047
vt 0.322881 0.081337
vt 0.321862 0.099099
vt 0.318521 0.100184
vt 0.326306 0.101701
vt 0.323139 0.106223
vt 0.321715 0.113227
vt 0.317887 0.116784
vt 0.321291 0.117521
vt 0.326307 0.093848
vt 0.322389 0.096534
vt 0.325763 0.097511
vt 0.322389 0.099015
vt 0.325763 0.098038
vt 0.318271 0.112900
vt 0.321263 0.080598
vt 0.318521 0.077047
vt 0.346747 0.046147
vt 0.360928 0.060328
vt 0.330556 0.052219
vt 0.342140 0.050755
vt 0.332609 0.045899
vt 0.353183 0.045128
vt 0.361176 0.036617
vt 0.354856 0.034563
vt 0.356320 0.064935
vt 0.354856 0.076519
vt 0.361176 0.074466
vt 0.332609 0.065184
vt 0.341120 0.057191
vt 0.330556 0.058864
vt 0.348211 0.034563
vt 0.341891 0.036617
vt 0.360928 0.050755
vt 0.372512 0.052219
vt 0.370458 0.045899
vt 0.366552 0.070560
vt 0.370458 0.065184
vt 0.344079 0.062997
vt 0.336515 0.070560
vt 0.344079 0.048086
vt 0.336515 0.040523
vt 0.358989 0.048086
vt 0.366552 0.040523
vt 0.353183 0.065955
vt 0.349884 0.045128
vt 0.361947 0.053892
vt 0.372512 0.058864
vt 0.358989 0.062997
vt 0.342140 0.060328
vt 0.323342 0.057805
vt 0.318404 0.108807
vt 0.298818 0.045310
vt 0.315619 0.068434
vt 0.321943 0.048972
vt 0.311313 0.041250
vt 0.778475 0.109363
vt 0.818137 0.031522
vt 0.856316 0.069701
vt 0.322389 0.078024
vt 0.322881 0.102328
vt 0.322881 0.093221
vt 0.341120 0.053892
vt 0.346747 0.064935
vt 0.356320 0.046147
vt 0.361947 0.057191
vt 0.338889 0.090116
vt 0.332658 0.064354
vt 0.332658 0.090116
vt 0.344816 0.089723
vt 0.338889 0.064354
vt 0.349858 0.088975
vt 0.344816 0.063960
vt 0.294405 0.061295
vt 0.289363 0.034784
vt 0.289363 0.060547
vt 0.300332 0.061688
vt 0.294405 0.035532
vt 0.306563 0.061688
vt 0.300332 0.035925
vt 0.312490 0.061295
vt 0.306563 0.035925
vt 0.317532 0.060547
vt 0.312490 0.035532
vt 0.293026 0.088975
vt 0.289363 0.062183
vt 0.289363 0.087946
vt 0.298068 0.089723
vt 0.293026 0.063212
vt 0.303995 0.090116
vt 0.298068 0.063960
vt 0.310226 0.090116
vt 0.303995 0.064354
vt 0.316153 0.089723
vt 0.310226 0.064354
vt 0.321195 0.063212
vt 0.316153 0.063960
vt 0.318420 0.043603
vt 0.344930 0.038561
vt 0.319168 0.038561
vt 0.318027 0.049530
vt 0.344182 0.043603
vt 0.318027 0.055761
vt 0.343789 0.049530
vt 0.318420 0.061688
vt 0.343789 0.055761
vt 0.302876 0.098193
vt 0.305920 0.090611
vt 0.299994 0.092537
vt 0.326731 0.089723
vt 0.321689 0.063212
vt 0.321689 0.088975
vt 0.326731 0.063960
vt 0.366623 0.101241
vt 0.358642 0.108737
vt 0.368549 0.107168
vt 0.376719 0.097194
vt 0.372479 0.100164
vt 0.376516 0.100432
vt 0.295634 0.108161
vt 0.291289 0.101241
vt 0.289363 0.107168
vt 0.305920 0.129957
vt 0.302876 0.122374
vt 0.299994 0.128031
vt 0.299441 0.100689
vt 0.294952 0.096200
vt 0.322439 0.112407
vt 0.326783 0.119326
vt 0.328709 0.113400
vt 0.312152 0.090611
vt 0.315197 0.098193
vt 0.318079 0.092537
vt 0.299441 0.119879
vt 0.291289 0.119326
vt 0.294952 0.124368
vt 0.318631 0.119879
vt 0.318079 0.128031
vt 0.323120 0.124368
vt 0.323120 0.096200
vt 0.321127 0.104124
vt 0.326783 0.101241
vt 0.295634 0.112407
vt 0.289363 0.113400
vt 0.311159 0.123686
vt 0.312152 0.129957
vt 0.328709 0.107168
vt 0.311159 0.096882
vt 0.321127 0.116444
vt 0.296946 0.116444
vt 0.322439 0.108161
vt 0.790830 0.117332
vt 0.847692 0.060470
vt 0.803410 0.037907
vt 0.386633 0.104654
vt 0.390741 0.102083
vt 0.387325 0.101463
vt 0.380762 0.100432
vt 0.383298 0.101064
vt 0.384799 0.100164
vt 0.380559 0.097194
vt 0.376719 0.092758
vt 0.372479 0.095728
vt 0.376516 0.095996
vt 0.379152 0.104170
vt 0.379054 0.100927
vt 0.387318 0.096491
vt 0.388234 0.099655
vt 0.380762 0.095996
vt 0.375010 0.101064
vt 0.380781 0.087970
vt 0.384116 0.091560
vt 0.384808 0.088368
vt 0.384211 0.092516
vt 0.384800 0.095728
vt 0.372374 0.104654
vt 0.371561 0.101463
vt 0.376538 0.087833
vt 0.380474 0.091200
vt 0.387318 0.092055
vt 0.388234 0.095219
vt 0.369044 0.102083
vt 0.372493 0.087970
vt 0.376635 0.091076
vt 0.369960 0.096491
vt 0.369044 0.099655
vt 0.369960 0.092055
vt 0.369044 0.095219
vt 0.369044 0.088368
vt 0.372977 0.091200
vt 0.344388 0.119093
vt 0.357686 0.105795
vt 0.347330 0.100519
vt 0.357919 0.128031
vt 0.350423 0.120049
vt 0.351992 0.129957
vt 0.340067 0.114773
vt 0.329204 0.113400
vt 0.331129 0.119326
vt 0.353365 0.101474
vt 0.362960 0.096200
vt 0.357919 0.092537
vt 0.366623 0.119326
vt 0.355868 0.117275
vt 0.362960 0.124368
vt 0.334792 0.124368
vt 0.339834 0.128031
vt 0.340067 0.105795
vt 0.334792 0.096200
vt 0.331129 0.101241
vt 0.345761 0.090611
vt 0.350423 0.100519
vt 0.351992 0.090611
vt 0.358642 0.111831
vt 0.368549 0.113400
vt 0.347330 0.120049
vt 0.345761 0.129957
vt 0.339111 0.108737
vt 0.329204 0.107168
vt 0.355868 0.103293
vt 0.353365 0.119093
vt 0.344388 0.101474
vt 0.339834 0.092537
vt 0.321195 0.088975
vt 0.306913 0.123686
vt 0.315197 0.122374
vt 0.318631 0.100689
vt 0.306913 0.096882
vt 0.296946 0.104124
vt 0.851779 0.086277
vt 0.772355 0.098856
vt 0.780129 0.049769
vt 0.382990 0.104294
vt 0.384211 0.096952
vt 0.373067 0.092516
vt 0.380559 0.092758
vt 0.375494 0.104294
vt 0.370097 0.105216
vt 0.373067 0.096952
vt 0.369857 0.091560
vt 0.341885 0.103293
vt 0.357686 0.114773
vt 0.341885 0.117275
vt 0.339111 0.111831
vt 0.555636 0.878470
vt 0.442503 0.004273
vt 0.995727 0.725561
vt 0.211767 0.902629
vt 0.340821 0.005040
vt 0.486669 0.361234
vt 0.673496 0.448742
vt 0.849703 0.291040
vt 0.846567 0.261759
vt 0.748696 0.285903
vt 0.947569 0.431012
vt 0.923930 0.434463
vt 0.944180 0.510137
vt 0.641923 0.353825
vt 0.578663 0.368792
vt 0.752090 0.435596
vt 0.785567 0.875488
vt 0.878079 0.885490
vt 0.868123 0.630210
vt 0.385622 0.365076
vt 0.396392 0.364601
vt 0.578663 0.891816
vt 0.609419 0.893860
vt 0.578779 0.670173
vt 0.525997 0.887087
vt 0.451050 0.966821
vt 0.531981 0.972555
vt 0.393368 0.881183
vt 0.380546 0.549816
vt 0.393368 0.573732
vt 0.892089 0.877116
vt 0.963915 0.860764
vt 0.866811 0.983922
vt 0.970040 0.888834
vt 0.978529 0.871818
vt 0.892169 0.972860
vt 0.900960 0.977974
vt 0.859891 0.330351
vt 0.602065 0.500000
vt 0.395374 0.726068
vt 0.380989 0.708581
vt 0.344182 0.061688
vt 0.948484 0.816279
vt 0.550291 0.977297
vt 0.754211 0.249431
vt 0.004273 0.911668
vt 0.555636 0.672651
vt 0.545233 0.661617
vt 0.421032 0.908877
vt 0.128589 0.926414
vt 0.785614 0.316154
vt 0.273450 0.916724
vt 0.269279 0.914990
vt 0.267608 0.920863
vt 0.181879 0.930234
vt 0.039076 0.926429
vt 0.106478 0.926414
vt 0.756779 0.316154
vt 0.900661 0.305865
vt 0.896491 0.304131
vt 0.894820 0.310004
vt 0.168581 0.930234
vt 0.062011 0.926429
vt 0.117534 0.926414
vt 0.771196 0.316154
vt 0.244673 0.916724
vt 0.240502 0.914990
vt 0.238831 0.920863
vt 0.195178 0.930234
vt 0.814360 0.304135
vt 0.286167 0.920863
vt 0.287838 0.914990
vt 0.281996 0.919129
vt 0.884593 0.310611
vt 0.880402 0.308716
vt 0.886273 0.304138
vt 0.227773 0.933789
vt 0.799987 0.304135
vt 0.913378 0.310004
vt 0.915049 0.304131
vt 0.909208 0.308270
vt 0.870176 0.310611
vt 0.865984 0.308716
vt 0.871855 0.304138
vt 0.216631 0.930456
vt 0.828733 0.304135
vt 0.257390 0.920863
vt 0.259061 0.914990
vt 0.253220 0.919129
vt 0.855758 0.310611
vt 0.857437 0.304138
vt 0.851566 0.308716
vt 0.205490 0.930456
vt 0.804080 0.939468
vt 0.831161 0.939468
vt 0.858243 0.939468
vt 0.553216 0.438332
vt 0.553958 0.436538
vt 0.553958 0.449757
vt 0.553958 0.357131
vt 0.553216 0.355338
vt 0.547232 0.352864
vt 0.547232 0.440819
vt 0.479073 0.440894
vt 0.496806 0.352919
vt 0.473580 0.438468
vt 0.490331 0.355358
vt 0.751759 0.291040
vt 0.748696 0.269001
vt 0.754895 0.261759
vt 0.849703 0.263864
vt 0.852766 0.285903
vt 0.846567 0.293146
vt 0.947569 0.508724
vt 0.928723 0.510176
vt 0.923930 0.505393
vt 0.925334 0.431069
vt 0.944180 0.429616
vt 0.948973 0.434400
vt 0.155651 0.914849
vt 0.636809 0.419242
vt 0.673496 0.420993
vt 0.673496 0.352444
vt 0.647036 0.352462
vt 0.586480 0.605197
vt 0.609420 0.605172
vt 0.609420 0.646455
vt 0.570846 0.449738
vt 0.570846 0.589710
vt 0.609420 0.366682
vt 0.586480 0.366707
vt 0.572940 0.374474
vt 0.459935 0.004273
vt 0.930939 0.295294
vt 0.918450 0.004305
vt 0.939830 0.013127
vt 0.716478 0.423045
vt 0.722654 0.426726
vt 0.725949 0.431696
vt 0.728292 0.437292
vt 0.714368 0.352417
vt 0.732133 0.439600
vt 0.732344 0.352405
vt 0.737667 0.353744
vt 0.742966 0.440185
vt 0.741985 0.357411
vt 0.744139 0.362423
vt 0.748147 0.439103
vt 0.617966 0.330351
vt 0.799647 0.630210
vt 0.878079 0.634353
vt 0.882202 0.875488
vt 0.868123 0.889633
vt 0.789691 0.885490
vt 0.785567 0.644355
vt 0.396791 0.501818
vt 0.406322 0.638636
vt 0.572940 0.886147
vt 0.584849 0.730320
vt 0.609419 0.730294
vt 0.570846 0.670916
vt 0.578663 0.657480
vt 0.582703 0.664982
vt 0.580557 0.665874
vt 0.580557 0.728545
vt 0.584849 0.664090
vt 0.586479 0.655394
vt 0.186575 0.317603
vt 0.984585 0.004280
vt 0.169093 0.824384
vt 0.081136 0.911679
vt 0.534459 0.966562
vt 0.525997 0.975043
vt 0.452345 0.972691
vt 0.465434 0.895457
vt 0.475571 0.887142
vt 0.531981 0.889562
vt 0.380043 0.888203
vt 0.406693 0.868085
vt 0.407196 0.549816
vt 0.895756 0.872798
vt 0.412485 0.970601
vt 0.872551 0.947260
vt 0.973941 0.862693
vt 0.977447 0.866636
vt 0.975636 0.886492
vt 0.866811 0.898180
vt 0.963704 0.429616
vt 0.963397 0.541964
vt 0.089683 0.911657
vt 0.837279 0.315307
vt 0.890807 0.967747
vt 0.155659 0.933752
vt 0.604467 0.902432
vt 0.979663 0.241499
vt 0.137206 0.911663
vt 0.397935 0.500000
vt 0.618283 0.485494
vt 0.625000 0.250000
vt 0.375000 0.450475
vt 0.380712 0.856377
vt 0.395374 0.836320
vt 0.346000 0.219887
vt 0.397125 0.258179
vt 0.397125 0.282262
vt 0.385083 0.294303
vt 0.346000 0.257095
vt 0.397125 0.270220
vt 0.397125 0.294303
vt 0.346000 0.270353
vt 0.407403 0.208197
vt 0.497784 0.167865
vt 0.497784 0.259026
vt 0.796408 0.575403
vt 0.497784 0.274344
vt 0.600210 0.303726
vt 0.476931 0.303726
vt 0.804697 0.032811
vt 0.835490 0.114523
vt 0.846184 0.053874
vt 0.360343 0.110990
vt 0.360871 0.077047
vt 0.360871 0.135504
vt 0.316761 0.107085
vt 0.856316 0.084071
vt 0.851875 0.056034
vt 0.843429 0.044409
vt 0.831803 0.035963
vt 0.803767 0.031522
vt 0.778475 0.044409
vt 0.770028 0.056035
vt 0.765588 0.069701
vt 0.765588 0.084071
vt 0.770029 0.097738
vt 0.790101 0.117810
vt 0.818137 0.122250
vt 0.831804 0.117810
vt 0.843429 0.109363
vt 0.322389 0.117525
vt 0.321862 0.078170
vt 0.349858 0.063212
vt 0.317532 0.034784
vt 0.790830 0.041995
vt 0.772355 0.060470
vt 0.768267 0.073050
vt 0.768267 0.086277
vt 0.780129 0.109557
vt 0.803410 0.121419
vt 0.816637 0.121419
vt 0.829216 0.117332
vt 0.839917 0.109557
vt 0.847692 0.098856
vt 0.851779 0.073050
vt 0.839917 0.049769
vt 0.829216 0.041995
vt 0.816637 0.037907
vt 0.389723 0.105216
s 0
usemtl mat_body
f 1091/1911/542 1083/1912/542 1095/1913/542
f 1074/1914/543 1070/1915/543 1075/1916/543
s 1
f 1089/1917/542 1100/1918/544 1095/1913/545
s 0
f 1091/1911/542 1073/1919/542 1077/1920/542
s 1
f 1108/1921/546 1097/1922/547 1102/1923/548
s 0
f 1083/1912/542 1089/1917/542 1095/1913/542
f 1081/1924/549 1071/1925/549 1083/1926/549
f 1087/1927/542 1068/1928/542 1085/1929/542
f 1077/1930/550 1068/1931/550 1081/1932/550
f 1090/1933/551 1070/1934/551 1067/1935/551
s 1
f 1101/1936/552 1070/1934/551 1094/1937/553
s 0
f 1099/1938/543 1076/1939/543 1070/1915/543
f 1083/1940/554 1087/1941/554 1079/1942/554
s 1
f 1090/1943/555 1092/1944/556 1093/1945/557
f 1093/1945/557 1092/1944/556 1091/1911/558
f 1100/1918/544 1104/1946/559 1103/1947/560
f 1101/1936/552 1104/1948/559 1105/1949/561
f 1102/1923/548 1104/1950/559 1106/1951/562
f 1093/1952/557 1094/1937/553 1090/1933/555
f 1091/1911/558 1096/1953/563 1093/1945/557
f 1096/1954/563 1101/1936/552 1094/1937/553
f 1095/1913/545 1103/1947/560 1096/1953/563
f 1097/1922/547 1105/1955/561 1102/1923/548
f 1098/1956/564 1105/1949/561 1099/1957/565
f 1102/1923/548 1109/1958/566 1108/1921/546
f 1106/1959/562 1107/1960/567 1109/1961/566
f 1140/1962/568 1112/1963/569 1144/1964/570
f 1154/1965/571 1149/1966/572 1150/1967/573
f 1110/1968/574 1113/1969/575 1112/1970/569
f 1141/1971/576 1150/1972/573 1149/1973/572
f 1146/1974/577 1144/1975/570 1113/1976/575
f 1196/1977/578 1154/1965/571 1199/1978/579
f 1113/1979/575 1143/1980/580 1147/1981/581
f 1145/1982/582 1142/1983/583 1141/1971/576
f 1198/1984/584 1115/1985/585 1129/1986/586
f 1114/1987/587 1111/1988/588 1110/1989/574
f 1115/1985/585 1151/1990/589 1111/1991/588
f 1148/1992/590 1114/1993/587 1110/1994/574
f 1111/1991/588 1151/1990/589 1143/1980/580
f 1156/1995/568 1118/1996/569 1160/1997/570
f 1170/1998/571 1165/1999/572 1166/2000/573
f 1116/2001/574 1119/2002/575 1118/2003/569
f 1157/2004/576 1166/2005/573 1165/2006/572
f 1162/2007/577 1160/2008/570 1119/2009/575
f 1208/2010/578 1170/1998/571 1211/2011/579
f 1119/2012/575 1159/2013/580 1163/2014/581
f 1161/2015/582 1158/2016/583 1157/2004/576
f 1210/2017/584 1121/2018/585 1133/2019/586
f 1120/2020/587 1117/2021/588 1116/2022/574
f 1121/2018/585 1167/2023/589 1117/2024/588
f 1164/2025/590 1120/2026/587 1116/2027/574
f 1117/2024/588 1167/2023/589 1159/2013/580
f 1172/2028/568 1124/2029/569 1176/2030/570
f 1186/2031/571 1181/2032/572 1182/2033/573
f 1122/2034/574 1125/2035/575 1124/2036/569
f 1173/2037/591 1182/2038/573 1181/2039/572
f 1178/2040/577 1176/2041/570 1125/2042/575
f 1220/2043/578 1186/2031/571 1223/2044/579
f 1125/2045/575 1175/2046/580 1179/2047/581
f 1177/2048/582 1174/2049/583 1173/2037/591
f 1222/2050/584 1127/2051/585 1137/2052/586
f 1122/2053/574 1127/2054/585 1123/2055/588
f 1127/2051/585 1183/2056/589 1123/2057/588
f 1180/2058/590 1126/2059/587 1122/2060/574
f 1123/2057/588 1183/2056/589 1175/2046/580
f 1129/1986/586 1190/2061/592 1198/1984/584
f 1201/2062/593 1132/2063/594 1209/2064/595
f 1131/2065/596 1128/2066/594 1130/2067/597
f 1199/2068/579 1188/2069/598 1196/2070/578
f 1194/2071/599 1130/2072/597 1192/2073/600
f 1156/1995/568 1164/2025/590 1116/2027/574
f 1190/2061/592 1131/2074/596 1194/2075/599
f 1189/2076/593 1130/2077/597 1128/2078/594
f 1129/2079/586 1114/1987/587 1128/2080/594
f 1153/2081/543 1114/2082/543 1155/2083/543
f 1197/2084/595 1114/1993/587 1152/2085/601
f 1191/2086/602 1192/2087/600 1188/2069/598
f 1133/2019/586 1202/2088/592 1210/2017/584
f 1213/2089/593 1136/2090/594 1221/2091/595
f 1135/2092/596 1132/2093/594 1134/2094/597
f 1211/2095/579 1200/2096/598 1208/2097/578
f 1206/2098/599 1134/2099/597 1204/2100/600
f 1172/2028/568 1180/2058/590 1122/2060/574
f 1202/2088/592 1135/2101/596 1206/2102/599
f 1201/2062/593 1134/2103/597 1132/2063/594
f 1133/2104/586 1120/2020/587 1132/2105/594
f 1169/2106/543 1120/2107/543 1171/2108/543
f 1209/2064/595 1120/2026/587 1168/2109/601
f 1203/2110/602 1204/2111/600 1200/2096/598
f 1137/2052/586 1214/2112/592 1222/2050/584
f 1139/2113/596 1136/2114/594 1138/2115/597
f 1223/2116/579 1212/2117/603 1220/2118/578
f 1218/2119/599 1138/2120/597 1216/2121/600
f 1189/2076/593 1128/2078/594 1197/2084/595
f 1214/2112/592 1139/2122/596 1218/2123/599
f 1213/2089/593 1138/2124/597 1136/2090/594
f 1137/2125/586 1126/2126/587 1136/2127/594
f 1187/2128/542 1126/2129/542 1185/2130/542
f 1221/2091/595 1126/2059/587 1184/2131/601
f 1215/2132/602 1216/2133/600 1212/2117/603
f 1144/2134/570 1141/1971/576 1140/2135/568
f 1142/2136/583 1147/1981/581 1143/1980/580
f 1141/1971/576 1148/2137/590 1140/2135/568
f 1151/1990/589 1142/2136/583 1143/1980/580
f 1150/2138/573 1155/2139/604 1154/2140/571
f 1152/2085/601 1149/2141/572 1153/2142/605
f 1160/2143/570 1157/2004/576 1156/2144/568
f 1158/2145/583 1163/2014/581 1159/2013/580
f 1157/2004/576 1164/2146/590 1156/2144/568
f 1167/2023/589 1158/2145/583 1159/2013/580
f 1166/2147/573 1171/2148/604 1170/2149/571
f 1168/2109/601 1165/2150/572 1169/2151/605
f 1176/2152/570 1173/2037/591 1172/2153/568
f 1174/2154/583 1179/2047/581 1175/2046/580
f 1173/2037/591 1180/2155/590 1172/2153/568
f 1183/2056/589 1174/2154/583 1175/2046/580
f 1182/2156/573 1187/2157/604 1186/2158/571
f 1184/2131/601 1181/2159/572 1185/2160/605
f 1193/2161/606 1188/2162/598 1192/2163/600
f 1191/2164/602 1194/2075/599 1195/2165/607
f 1188/2162/598 1197/2084/595 1196/2166/578
f 1198/1984/584 1191/2164/602 1199/2167/579
f 1199/2167/579 1155/2139/604 1198/1984/584
f 1152/2085/601 1196/2166/578 1197/2084/595
f 1205/2168/606 1200/2169/598 1204/2170/600
f 1203/2171/602 1206/2102/599 1207/2172/607
f 1200/2169/598 1209/2064/595 1208/2173/578
f 1210/2017/584 1203/2171/602 1211/2174/579
f 1211/2174/579 1171/2148/604 1210/2017/584
f 1168/2109/601 1208/2173/578 1209/2064/595
f 1217/2175/606 1212/2176/603 1216/2177/600
f 1215/2178/602 1218/2123/599 1219/2179/607
f 1212/2176/603 1221/2091/595 1220/2180/578
f 1222/2050/584 1215/2178/602 1223/2181/579
f 1223/2181/579 1187/2157/604 1222/2050/584
f 1184/2131/601 1220/2180/578 1221/2091/595
f 1140/1962/568 1148/1992/590 1110/1994/574
f 1276/2182/608 1284/2183/609 1267/2184/610
s 0
f 1364/2185/611 1272/2186/611 1281/2187/611
f 1363/2188/551 1358/2189/551 1355/2190/551
f 1257/2191/542 1366/2192/542 1356/2193/542
f 1365/2194/543 1360/2195/543 1326/2196/543
f 1265/2197/542 1245/2198/542 1259/2199/542
s 1
f 1370/2200/612 1374/2201/613 1373/2202/614
s 0
f 1245/2198/542 1362/2203/542 1354/2204/542
f 1241/2205/543 1369/2206/543 1371/2207/543
f 1394/2208/543 1379/2209/543 1390/2210/543
f 1392/2211/551 1397/2212/551 1393/2213/551
f 1387/2214/550 1393/2215/550 1400/2216/550
f 1386/2217/549 1379/2218/549 1387/2219/549
f 1388/2220/542 1397/2221/542 1384/2222/542
f 1262/2223/542 1335/2224/542 1332/2225/542
f 1239/2226/543 1299/2227/543 1298/2228/543
s 1
f 1300/2229/615 1310/2230/616 1299/2231/616
s 0
f 1331/2232/543 1303/2233/543 1330/2234/543
f 1303/2235/549 1308/2236/549 1296/2237/549
s 1
f 1357/2238/617 1368/2239/618 1361/2240/619
s 0
f 1261/2241/543 1371/2207/543 1372/2242/543
f 1262/2243/549 1372/2244/549 1374/2245/549
f 1347/2246/542 1345/2247/542 1362/2203/542
f 1262/2223/542 1376/2248/542 1257/2191/542
f 1280/2249/620 1277/2250/620 1361/2240/620
f 1276/2254/611 1269/2255/611 1357/2238/611
s 1
f 1279/2256/622 1286/2257/623 1293/2258/624
f 1275/2259/625 1292/2260/626 1290/2261/627
f 1368/2262/618 1377/2263/628 1370/2200/612
s 0
f 1363/2188/620 1268/2264/620 1273/2265/620
f 1365/2194/543 1239/2226/543 1359/2266/543
f 1267/2267/629 1270/2268/629 1269/2255/629
f 1270/2268/630 1268/2264/630 1269/2255/630
f 1271/2269/631 1274/2270/631 1273/2265/631
f 1274/2270/632 1272/2186/632 1273/2265/632
f 1275/2271/631 1278/2272/631 1277/2250/631
f 1278/2272/632 1276/2254/632 1277/2250/632
f 1279/2273/629 1282/2274/629 1281/2187/629
f 1282/2274/630 1280/2249/630 1281/2187/630
s 1
f 1293/2258/624 1282/2275/633 1279/2256/622
f 1294/2276/634 1280/2277/635 1282/2278/633
f 1289/2279/636 1278/2280/637 1291/2281/638
f 1291/2282/638 1275/2259/625 1290/2261/627
f 1267/2184/610 1285/2283/639 1270/2284/640
f 1270/2285/640 1283/2286/641 1268/2287/642
f 1272/2288/643 1288/2289/644 1286/2257/623
f 1274/2290/645 1287/2291/646 1288/2292/644
f 1268/2287/642 1287/2291/646 1271/2293/647
s 0
f 1309/2294/543 1312/2295/543 1307/2296/543
f 1308/2297/543 1316/2298/543 1404/2299/543
f 1314/2300/550 1312/2295/550 1402/2301/550
s 1
f 1301/2302/648 1315/2303/649 1302/2304/649
f 1299/2305/616 1311/2306/650 1298/2307/650
f 1302/2308/649 1316/2309/651 1304/2310/651
f 1298/2307/650 1307/2311/652 1297/2312/652
f 1304/2310/651 1317/2313/653 1303/2235/653
s 0
f 1296/2314/549 1309/2315/549 1300/2229/549
f 1305/2316/554 1313/2317/554 1301/2302/554
f 1297/2312/550 1306/2318/550 1295/2319/550
s 1
f 1230/2320/654 1319/2321/655 1227/2322/655
f 1238/2323/656 1330/2324/657 1251/2325/657
f 1233/2326/658 1322/2327/659 1328/2328/658
f 1230/2320/654 1327/2332/660 1326/2333/654
f 1235/2334/660 1328/2328/658 1327/2335/660
f 1321/2336/661 1252/2337/662 1330/2324/657
f 1249/2338/659 1323/2339/662 1322/2327/659
f 1225/2340/663 1320/2341/664 1318/2342/663
f 1228/2343/664 1319/2321/655 1320/2344/664
f 1325/2345/665 1238/2323/656 1324/2346/666
f 1243/2347/666 1329/2348/667 1324/2349/666
f 1225/2340/663 1329/2348/667 1240/2350/667
f 1231/2351/554 1333/2352/668 1338/2353/554
f 1260/2354/669 1348/2355/670 1343/2356/669
f 1234/2360/671 1336/2361/672 1332/2362/671
f 1242/2363/673 1345/2364/674 1226/2365/674
f 1336/2366/672 1229/2367/675 1341/2368/676
f 1244/2369/677 1349/2370/554 1352/2371/677
f 1229/2367/675 1342/2375/678 1341/2368/676
f 1226/2365/674 1347/2376/679 1254/2377/679
f 1236/2378/680 1333/2352/668 1232/2379/668
f 1237/2380/681 1334/2381/680 1236/2378/680
f 1234/2360/671 1335/2382/681 1237/2383/681
f 1244/2369/677 1353/2384/682 1248/2385/683
f 1248/2385/683 1350/2386/684 1246/2387/684
f 1246/2388/684 1351/2389/673 1242/2363/673
f 1253/2390/670 1344/2391/685 1348/2355/670
f 1255/2392/685 1346/2393/686 1344/2391/685
f 1254/2377/679 1346/2394/686 1256/2395/686
f 1264/2396/687 1343/2356/669 1340/2397/687
f 1264/2398/687 1339/2399/688 1263/2400/688
f 1263/2400/688 1342/2401/678 1258/2402/689
f 1361/2240/619 1369/2406/690 1360/2407/691
f 1368/2262/618 1371/2408/692 1369/2409/690
f 1354/2204/693 1363/2410/694 1355/2411/695
f 1364/2412/696 1359/2266/697 1358/2413/698
f 1370/2200/612 1372/2414/699 1371/2408/692
f 1365/2415/700 1361/2240/619 1360/2407/691
f 1357/2416/617 1362/2203/701 1356/2193/702
f 1366/2417/703 1377/2263/628 1367/2418/704
f 1377/2263/628 1375/2419/705 1374/2201/613
f 1366/2420/703 1357/2238/617 1356/2421/702
s 0
f 1397/2221/706 1386/2422/706 1384/2222/706
f 1398/2423/707 1385/2424/707 1386/2425/707
f 1400/2216/708 1389/2426/708 1387/2214/708
f 1401/2427/709 1388/2220/709 1389/2428/709
f 1391/2429/710 1380/2430/710 1378/2431/710
f 1392/2432/711 1379/2209/711 1380/2433/711
f 1394/2208/712 1383/2434/712 1381/2435/712
f 1395/2436/713 1382/2437/713 1383/2438/713
f 1396/2439/554 1378/2431/554 1385/2424/554
f 1084/2440/554 1402/2441/554 1072/2442/554
f 1078/2443/549 1407/2444/549 1086/2445/549
f 1082/2449/714 1405/2450/714 1406/2451/714
f 1078/2443/715 1406/2452/715 1404/2453/715
f 1409/2454/716 1084/2440/716 1410/2455/716
f 1088/2456/717 1407/2444/717 1410/2457/717
f 1080/2458/550 1403/2459/550 1405/2450/550
s 1
f 1371/2408/692 1368/2262/618 1370/2200/612
f 1417/2460/718 1414/2461/719 1413/2462/720
f 1415/2463/721 1418/2464/596 1417/2465/718
f 1411/2466/574 1416/2467/575 1415/2468/721
f 1411/2469/574 1417/2470/718 1413/2471/720
f 1416/2472/575 1414/2473/719 1418/2474/596
f 1422/2475/722 1420/2476/723 1412/2477/588
f 1412/2477/588 1420/2476/723 1414/2473/719
f 1413/2471/720 1419/2478/724 1411/2469/574
f 1423/2479/725 1422/2480/722 1421/2481/726
f 1421/2482/726 1412/2483/588 1411/2484/574
f 1423/2485/725 1411/2469/574 1419/2478/724
f 1424/2486/727 1419/2487/724 1420/2488/723
f 1413/2462/720 1420/2488/723 1419/2487/724
s 0
f 1426/2489/549 1427/2490/549 1425/2491/549
f 1428/2492/542 1431/2493/542 1427/2494/542
f 1432/2495/551 1429/2496/551 1431/2497/551
f 1430/2498/543 1425/2499/543 1429/2500/543
f 1431/2501/554 1425/2502/554 1427/2503/554
f 1428/2504/550 1430/2505/550 1432/2506/550
s 1
f 1439/2460/718 1436/2461/719 1435/2462/720
f 1437/2463/721 1440/2464/596 1439/2465/718
f 1433/2466/574 1438/2467/575 1437/2468/721
f 1433/2469/574 1439/2470/718 1435/2471/720
f 1438/2472/575 1436/2473/719 1440/2474/596
f 1444/2475/722 1442/2476/723 1434/2477/588
f 1434/2477/588 1442/2476/723 1436/2473/719
f 1435/2471/720 1441/2478/724 1433/2469/574
f 1445/2479/725 1444/2480/722 1443/2481/726
f 1443/2482/726 1434/2483/588 1433/2484/574
f 1445/2485/725 1433/2469/574 1441/2478/724
f 1446/2486/727 1441/2487/724 1442/2488/723
f 1435/2462/720 1442/2488/723 1441/2487/724
s 0
f 1448/2489/549 1449/2490/549 1447/2491/549
f 1450/2492/542 1453/2493/542 1449/2494/542
f 1454/2495/551 1451/2496/551 1453/2497/551
f 1452/2498/543 1447/2499/543 1451/2500/543
f 1453/2501/554 1447/2502/554 1449/2503/554
f 1450/2504/550 1452/2505/550 1454/2506/550
s 1
f 1461/2460/718 1458/2461/719 1457/2462/720
f 1459/2463/721 1462/2464/596 1461/2465/718
f 1455/2466/574 1460/2467/575 1459/2468/721
f 1455/2469/574 1461/2470/718 1457/2471/720
f 1460/2472/575 1458/2473/719 1462/2474/596
f 1466/2475/722 1464/2476/723 1456/2477/588
f 1456/2477/588 1464/2476/723 1458/2473/719
f 1457/2471/720 1463/2478/724 1455/2469/574
f 1467/2479/725 1466/2480/722 1465/2481/726
f 1465/2482/726 1456/2483/588 1455/2484/574
f 1467/2485/725 1455/2469/574 1463/2478/724
f 1468/2486/727 1463/2487/724 1464/2488/723
f 1457/2462/720 1464/2488/723 1463/2487/724
s 0
f 1470/2489/549 1471/2490/549 1469/2491/549
f 1472/2492/542 1475/2493/542 1471/2494/542
f 1476/2495/551 1473/2496/551 1475/2497/551
f 1474/2498/543 1469/2499/543 1473/2500/543
f 1475/2501/554 1469/2502/554 1471/2503/554
f 1472/2504/550 1474/2505/550 1476/2506/550
s 1
f 1483/2460/718 1480/2461/719 1479/2462/720
f 1481/2463/721 1484/2464/596 1483/2465/718
f 1477/2466/574 1482/2467/575 1481/2468/721
f 1477/2469/574 1483/2470/718 1479/2471/720
f 1482/2472/575 1480/2473/719 1484/2474/596
f 1488/2475/722 1486/2476/723 1478/2477/588
f 1478/2477/588 1486/2476/723 1480/2473/719
f 1479/2471/720 1485/2478/724 1477/2469/574
f 1489/2479/725 1488/2480/722 1487/2481/726
f 1487/2482/726 1478/2483/588 1477/2484/574
f 1489/2485/725 1477/2469/574 1485/2478/724
f 1490/2486/727 1485/2487/724 1486/2488/723
f 1479/2462/720 1486/2488/723 1485/2487/724
s 0
f 1492/2489/549 1493/2490/549 1491/2491/549
f 1494/2492/542 1497/2493/542 1493/2494/542
f 1498/2495/551 1495/2496/551 1497/2497/551
f 1496/2498/543 1491/2499/543 1495/2500/543
f 1497/2501/554 1491/2502/554 1493/2503/554
f 1494/2504/550 1496/2505/550 1498/2506/550
s 1
f 1505/2460/718 1502/2461/719 1501/2462/720
f 1503/2463/721 1506/2464/596 1505/2465/718
f 1499/2466/574 1504/2467/575 1503/2468/721
f 1499/2469/574 1505/2470/718 1501/2471/720
f 1504/2472/575 1502/2473/719 1506/2474/596
f 1510/2475/722 1508/2476/723 1500/2477/588
f 1500/2477/588 1508/2476/723 1502/2473/719
f 1501/2471/720 1507/2478/724 1499/2469/574
f 1511/2479/725 1510/2480/722 1509/2481/726
f 1509/2482/726 1500/2483/588 1499/2484/574
f 1511/2485/725 1499/2469/574 1507/2478/724
f 1512/2486/727 1507/2487/724 1508/2488/723
f 1501/2462/720 1508/2488/723 1507/2487/724
s 0
f 1514/2489/549 1515/2490/549 1513/2491/549
f 1516/2492/542 1519/2493/542 1515/2494/542
f 1520/2495/551 1517/2496/551 1519/2497/551
f 1518/2498/543 1513/2499/543 1517/2500/543
f 1519/2501/554 1513/2502/554 1515/2503/554
f 1516/2504/550 1518/2505/550 1520/2506/550
s 1
f 1527/2460/718 1524/2461/719 1523/2462/720
f 1525/2463/721 1528/2464/596 1527/2465/718
f 1521/2466/574 1526/2467/575 1525/2468/721
f 1521/2469/574 1527/2470/718 1523/2471/720
f 1526/2472/575 1524/2473/719 1528/2474/596
f 1532/2475/722 1530/2476/723 1522/2477/588
f 1522/2477/588 1530/2476/723 1524/2473/719
f 1523/2471/720 1529/2478/724 1521/2469/574
f 1533/2479/725 1532/2480/722 1531/2481/726
f 1531/2482/726 1522/2483/588 1521/2484/574
f 1533/2485/725 1521/2469/574 1529/2478/724
f 1534/2486/727 1529/2487/724 1530/2488/723
f 1523/2462/720 1530/2488/723 1529/2487/724
s 0
f 1536/2489/549 1537/2490/549 1535/2491/549
f 1538/2492/542 1541/2493/542 1537/2494/542
f 1542/2495/551 1539/2496/551 1541/2497/551
f 1540/2498/543 1535/2499/543 1539/2500/543
f 1541/2501/554 1535/2502/554 1537/2503/554
f 1538/2504/550 1540/2505/550 1542/2506/550
s 1
f 1546/2461/728 1549/2460/729 1545/2462/730
f 1550/2464/731 1547/2463/732 1549/2465/729
f 1548/2467/733 1543/2466/734 1547/2468/732
f 1549/2470/729 1543/2469/734 1545/2471/730
f 1546/2473/728 1548/2472/733 1550/2474/731
f 1552/2476/735 1554/2475/736 1544/2477/737
f 1544/2477/737 1546/2473/728 1552/2476/735
f 1545/2471/730 1543/2469/734 1551/2478/738
f 1554/2480/736 1555/2479/739 1553/2481/740
f 1544/2483/737 1553/2482/740 1543/2484/734
f 1543/2469/734 1555/2485/739 1551/2478/738
f 1551/2487/738 1556/2486/741 1552/2488/735
f 1552/2488/735 1545/2462/730 1551/2487/738
s 0
f 1559/2490/551 1558/2489/551 1557/2491/551
f 1563/2493/542 1560/2492/542 1559/2494/542
f 1561/2496/549 1564/2495/549 1563/2497/549
f 1557/2499/543 1562/2498/543 1561/2500/543
f 1557/2502/554 1563/2501/554 1559/2503/554
f 1562/2505/550 1560/2504/550 1564/2506/550
s 1
f 1568/2461/728 1571/2460/729 1567/2462/730
f 1572/2464/731 1569/2463/732 1571/2465/729
f 1570/2467/733 1565/2466/734 1569/2468/732
f 1571/2470/729 1565/2469/734 1567/2471/730
f 1568/2473/728 1570/2472/733 1572/2474/731
f 1574/2476/735 1576/2475/736 1566/2477/737
f 1566/2477/737 1568/2473/728 1574/2476/735
f 1567/2471/730 1565/2469/734 1573/2478/738
f 1576/2480/736 1577/2479/739 1575/2481/740
f 1566/2483/737 1575/2482/740 1565/2484/734
f 1565/2469/734 1577/2485/739 1573/2478/738
f 1573/2487/738 1578/2486/741 1574/2488/735
f 1574/2488/735 1567/2462/730 1573/2487/738
s 0
f 1581/2490/551 1580/2489/551 1579/2491/551
f 1585/2493/542 1582/2492/542 1581/2494/542
f 1583/2496/549 1586/2495/549 1585/2497/549
f 1579/2499/543 1584/2498/543 1583/2500/543
f 1579/2502/554 1585/2501/554 1581/2503/554
f 1584/2505/550 1582/2504/550 1586/2506/550
s 1
f 1590/2461/728 1593/2460/729 1589/2462/730
f 1594/2464/731 1591/2463/732 1593/2465/729
f 1592/2467/733 1587/2466/734 1591/2468/732
f 1593/2470/729 1587/2469/734 1589/2471/730
f 1590/2473/728 1592/2472/733 1594/2474/731
f 1596/2476/735 1598/2475/736 1588/2477/737
f 1588/2477/737 1590/2473/728 1596/2476/735
f 1589/2471/730 1587/2469/734 1595/2478/738
f 1598/2480/736 1599/2479/739 1597/2481/740
f 1588/2483/737 1597/2482/740 1587/2484/734
f 1587/2469/734 1599/2485/739 1595/2478/738
f 1595/2487/738 1600/2486/741 1596/2488/735
f 1596/2488/735 1589/2462/730 1595/2487/738
s 0
f 1603/2490/551 1602/2489/551 1601/2491/551
f 1607/2493/542 1604/2492/542 1603/2494/542
f 1605/2496/549 1608/2495/549 1607/2497/549
f 1601/2499/543 1606/2498/543 1605/2500/543
f 1601/2502/554 1607/2501/554 1603/2503/554
f 1606/2505/550 1604/2504/550 1608/2506/550
s 1
f 1612/2461/728 1615/2460/729 1611/2462/730
f 1616/2464/731 1613/2463/732 1615/2465/729
f 1614/2467/733 1609/2466/734 1613/2468/732
f 1615/2470/729 1609/2469/734 1611/2471/730
f 1612/2473/728 1614/2472/733 1616/2474/731
f 1618/2476/735 1620/2475/736 1610/2477/737
f 1610/2477/737 1612/2473/728 1618/2476/735
f 1611/2471/730 1609/2469/734 1617/2478/738
f 1620/2480/736 1621/2479/739 1619/2481/740
f 1610/2483/737 1619/2482/740 1609/2484/734
f 1609/2469/734 1621/2485/739 1617/2478/738
f 1617/2487/738 1622/2486/741 1618/2488/735
f 1618/2488/735 1611/2462/730 1617/2487/738
s 0
f 1625/2490/551 1624/2489/551 1623/2491/551
f 1629/2493/542 1626/2492/542 1625/2494/542
f 1627/2496/549 1630/2495/549 1629/2497/549
f 1623/2499/543 1628/2498/543 1627/2500/543
f 1623/2502/554 1629/2501/554 1625/2503/554
f 1628/2505/550 1626/2504/550 1630/2506/550
s 1
f 1634/2461/728 1637/2460/729 1633/2462/730
f 1638/2464/731 1635/2463/732 1637/2465/729
f 1636/2467/733 1631/2466/734 1635/2468/732
f 1637/2470/729 1631/2469/734 1633/2471/730
f 1634/2473/728 1636/2472/733 1638/2474/731
f 1640/2476/735 1642/2475/736 1632/2477/737
f 1632/2477/737 1634/2473/728 1640/2476/735
f 1633/2471/730 1631/2469/734 1639/2478/738
f 1642/2480/736 1643/2479/739 1641/2481/740
f 1632/2483/737 1641/2482/740 1631/2484/734
f 1631/2469/734 1643/2485/739 1639/2478/738
f 1639/2487/738 1644/2486/741 1640/2488/735
f 1640/2488/735 1633/2462/730 1639/2487/738
s 0
f 1647/2490/551 1646/2489/551 1645/2491/551
f 1651/2493/542 1648/2492/542 1647/2494/542
f 1649/2496/549 1652/2495/549 1651/2497/549
f 1645/2499/543 1650/2498/543 1649/2500/543
f 1645/2502/554 1651/2501/554 1647/2503/554
f 1650/2505/550 1648/2504/550 1652/2506/550
s 1
f 1656/2461/728 1659/2460/729 1655/2462/730
f 1660/2464/731 1657/2463/732 1659/2465/729
f 1658/2467/733 1653/2466/734 1657/2468/732
f 1659/2470/729 1653/2469/734 1655/2471/730
f 1656/2473/728 1658/2472/733 1660/2474/731
f 1662/2476/735 1664/2475/736 1654/2477/737
f 1654/2477/737 1656/2473/728 1662/2476/735
f 1655/2471/730 1653/2469/734 1661/2478/738
f 1664/2480/736 1665/2479/739 1663/2481/740
f 1654/2483/737 1663/2482/740 1653/2484/734
f 1653/2469/734 1665/2485/739 1661/2478/738
f 1661/2487/738 1666/2486/741 1662/2488/735
f 1662/2488/735 1655/2462/730 1661/2487/738
s 0
f 1669/2490/551 1668/2489/551 1667/2491/551
f 1673/2493/542 1670/2492/542 1669/2494/542
f 1671/2496/549 1674/2495/549 1673/2497/549
f 1667/2499/543 1672/2498/543 1671/2500/543
f 1667/2502/554 1673/2501/554 1669/2503/554
f 1672/2505/550 1670/2504/550 1674/2506/550
s 1
f 1675/2507/742 1678/2508/743 1677/2509/744
f 1678/2508/743 1679/2510/745 1677/2509/744
f 1680/2511/746 1681/2512/681 1679/2510/745
f 1682/2513/747 1683/2514/748 1681/2512/681
f 1701/2515/749 1689/2516/750 1702/2515/751
f 1684/2516/752 1688/2513/753 1689/2516/750
f 1676/2517/754 1685/2508/755 1678/2508/743
f 1680/2511/746 1688/2513/753 1682/2513/747
f 1678/2508/743 1687/2511/756 1680/2511/746
f 1681/2512/542 1694/2514/542 1693/2512/542
f 1675/2507/542 1691/2509/542 1690/2507/542
f 1679/2510/542 1693/2512/542 1692/2510/542
f 1677/2509/542 1692/2510/542 1691/2509/542
f 1692/2510/757 1696/2509/758 1691/2509/758
f 1693/2512/759 1697/2510/760 1692/2510/757
f 1694/2514/761 1698/2512/759 1693/2512/759
f 1690/2507/762 1696/2509/758 1695/2507/762
f 1700/2518/542 1694/2514/542 1683/2514/542
f 1703/2518/550 1699/2514/761 1694/2514/761
f 1684/2516/752 1700/2518/554 1683/2514/748
s 0
f 1695/2519/542 1697/2520/542 1699/2521/542
s 1
f 1686/2517/763 1689/2516/750 1687/2511/756
f 1707/2522/764 1706/2523/554 1705/2524/765
f 1709/2525/766 1708/2526/767 1707/2522/764
f 1711/2527/768 1710/2528/769 1709/2525/766
f 1713/2529/770 1712/2530/771 1711/2531/768
f 1715/2532/772 1714/2533/773 1713/2529/770
f 1717/2534/774 1716/2535/549 1715/2532/772
f 1719/2536/775 1718/2537/776 1717/2534/774
f 1721/2538/777 1720/2539/778 1719/2536/775
f 1723/2540/779 1722/2541/780 1721/2542/777
f 1725/2543/781 1724/2544/782 1723/2540/779
f 1727/2545/783 1726/2546/550 1725/2543/781
f 1729/2547/784 1728/2548/785 1727/2545/783
f 1731/2549/786 1730/2550/787 1729/2551/784
f 1733/2552/788 1732/2553/789 1731/2549/786
f 1735/2554/790 1734/2555/791 1733/2552/788
f 1737/2556/792 1736/2557/551 1735/2554/790
f 1739/2558/793 1738/2559/794 1737/2556/792
f 1741/2560/795 1740/2561/796 1739/2562/793
f 1706/2563/542 1764/2564/542 1744/2565/542
f 1743/2566/797 1742/2567/798 1741/2560/795
f 1705/2524/765 1744/2568/799 1743/2566/797
f 1790/2569/800 1717/2570/774 1715/2571/772
f 1771/2572/801 1750/2573/802 1751/2574/801
f 1748/2575/542 1710/2576/542 1712/2577/542
f 1722/2578/542 1752/2579/542 1720/2580/542
f 1745/2581/542 1706/2563/542 1708/2582/542
f 1732/2583/542 1757/2584/542 1730/2585/542
f 1763/2586/542 1740/2587/542 1742/2588/542
f 1751/2589/542 1716/2590/542 1718/2591/542
f 1728/2592/542 1755/2593/542 1726/2594/542
f 1738/2595/542 1760/2596/542 1736/2597/542
f 1714/2598/542 1748/2575/542 1712/2577/542
f 1754/2599/542 1722/2578/542 1724/2600/542
f 1734/2601/542 1758/2602/542 1732/2583/542
f 1764/2564/542 1742/2588/542 1744/2565/542
f 1710/2576/542 1745/2581/542 1708/2582/542
f 1752/2579/542 1718/2591/542 1720/2580/542
f 1730/2585/542 1756/2603/542 1728/2592/542
f 1740/2587/542 1761/2604/542 1738/2595/542
f 1716/2590/542 1749/2605/542 1714/2598/542
f 1755/2593/542 1724/2600/542 1726/2594/542
f 1736/2597/542 1759/2606/542 1734/2601/542
f 1773/2607/542 1781/2608/542 1766/2609/542
f 1779/2610/803 1758/2611/804 1759/2612/803
f 1772/2613/805 1751/2574/801 1752/2614/805
f 1780/2615/806 1759/2612/803 1760/2616/806
f 1773/2617/807 1752/2618/805 1753/2619/807
f 1745/2620/808 1766/2621/809 1746/2622/809
f 1781/2623/810 1760/2616/806 1761/2624/810
f 1774/2625/811 1753/2619/807 1754/2626/811
f 1747/2627/812 1765/2628/808 1745/2620/808
f 1782/2629/813 1761/2624/810 1762/2630/813
f 1755/2631/814 1774/2625/811 1754/2626/811
f 1748/2632/815 1767/2633/812 1747/2627/812
f 1783/2634/816 1762/2630/813 1763/2635/816
f 1756/2636/817 1775/2637/814 1755/2631/814
f 1749/2638/818 1768/2639/815 1748/2640/815
f 1764/2641/819 1783/2642/816 1763/2643/816
f 1777/2644/820 1756/2636/817 1757/2645/820
f 1750/2573/802 1769/2646/818 1749/2638/818
f 1766/2621/809 1764/2641/819 1746/2622/809
f 1778/2647/804 1757/2648/820 1758/2611/804
f 1798/2649/821 1790/2569/800 1786/2650/822
f 1725/2651/781 1796/2652/823 1727/2653/783
f 1800/2654/824 1737/2655/792 1735/2656/790
f 1788/2657/825 1713/2658/770 1711/2659/768
f 1721/2660/777 1794/2661/826 1723/2662/779
f 1798/2649/821 1733/2663/788 1731/2664/786
f 1803/2665/827 1743/2666/797 1741/2667/795
f 1786/2650/822 1709/2668/766 1707/2669/764
f 1717/2570/774 1792/2670/828 1719/2671/775
f 1727/2653/783 1797/2672/829 1729/2673/784
f 1737/2655/792 1802/2674/830 1739/2675/793
f 1789/2676/831 1715/2571/772 1713/2658/770
f 1794/2661/826 1725/2651/781 1723/2662/779
f 1799/2677/832 1735/2656/790 1733/2663/788
f 1804/2678/833 1705/2679/765 1743/2666/797
f 1787/2680/834 1711/2659/768 1709/2668/766
f 1719/2671/775 1793/2681/835 1721/2660/777
f 1797/2672/829 1731/2664/786 1729/2673/784
f 1705/2679/765 1786/2650/822 1707/2669/764
f 1802/2674/830 1741/2667/795 1739/2675/793
f 1805/2509/836 1676/2517/837 1675/2507/838
f 1807/2510/839 1806/2508/840 1805/2509/836
f 1809/2512/841 1808/2511/842 1807/2510/839
f 1811/2514/762 1810/2513/843 1809/2512/841
f 1701/2515/749 1816/2516/844 1812/2516/845
f 1816/2516/844 1810/2513/843 1812/2516/845
f 1806/2508/840 1686/2517/846 1676/2517/837
f 1815/2513/847 1808/2511/842 1810/2513/843
f 1808/2511/842 1813/2508/848 1806/2508/840
f 1809/2512/542 1820/2514/542 1811/2514/542
f 1690/2507/542 1805/2509/542 1675/2507/542
f 1818/2510/542 1809/2512/542 1807/2510/542
f 1805/2509/542 1818/2510/542 1807/2510/542
f 1821/2509/849 1818/2510/850 1817/2509/849
f 1822/2510/851 1819/2512/852 1818/2510/850
f 1823/2512/852 1820/2514/742 1819/2512/852
f 1695/2507/853 1817/2509/849 1690/2507/853
f 1820/2514/542 1700/2518/542 1811/2514/542
f 1820/2514/742 1704/2518/550 1703/2518/550
f 1811/2514/762 1701/2515/749 1812/2516/845
s 0
f 1824/2521/542 1822/2520/542 1695/2519/542
s 1
f 1814/2511/854 1816/2516/844 1686/2517/846
f 1826/2523/554 1827/2522/797 1825/2524/765
f 1828/2526/799 1829/2525/795 1827/2522/797
f 1830/2528/798 1831/2527/793 1829/2525/795
f 1832/2530/796 1833/2529/792 1831/2531/793
f 1834/2533/794 1835/2532/790 1833/2529/792
f 1836/2535/551 1837/2534/788 1835/2532/790
f 1838/2537/791 1839/2536/786 1837/2534/788
f 1840/2539/789 1841/2538/784 1839/2536/786
f 1842/2541/787 1843/2540/783 1841/2542/784
f 1844/2544/785 1845/2543/781 1843/2540/783
f 1846/2546/550 1847/2545/779 1845/2543/781
f 1848/2548/782 1849/2547/777 1847/2545/779
f 1850/2550/780 1851/2549/775 1849/2551/777
f 1852/2553/778 1853/2552/774 1851/2549/775
f 1854/2555/776 1855/2554/772 1853/2552/774
f 1856/2557/549 1857/2556/770 1855/2554/772
f 1858/2559/773 1859/2558/768 1857/2556/770
f 1860/2561/771 1861/2560/766 1859/2562/768
f 1826/2563/542 1884/2564/542 1866/2682/542
f 1862/2567/769 1863/2566/764 1861/2560/766
f 1864/2568/767 1825/2524/765 1863/2566/764
f 1837/2570/788 1910/2569/824 1835/2571/790
f 1871/2574/803 1890/2683/806 1891/2572/803
f 1830/2576/542 1868/2575/542 1832/2577/542
f 1840/2580/542 1873/2684/542 1842/2578/542
f 1826/2563/542 1865/2581/542 1828/2582/542
f 1850/2585/542 1878/2602/542 1852/2583/542
f 1862/2588/542 1882/2685/542 1883/2586/542
f 1836/2590/542 1871/2589/542 1838/2591/542
f 1848/2592/542 1875/2593/542 1876/2603/542
f 1856/2597/542 1881/2604/542 1858/2595/542
f 1832/2577/542 1869/2605/542 1834/2598/542
f 1842/2578/542 1874/2599/542 1844/2600/542
f 1854/2601/542 1878/2602/542 1879/2606/542
f 1862/2588/542 1884/2564/542 1864/2565/542
f 1830/2576/542 1865/2581/542 1867/2686/542
f 1838/2591/542 1872/2579/542 1840/2580/542
f 1850/2585/542 1876/2603/542 1877/2584/542
f 1858/2595/542 1882/2685/542 1860/2587/542
f 1834/2598/542 1870/2687/542 1836/2590/542
f 1844/2600/542 1875/2593/542 1846/2594/542
f 1856/2597/542 1879/2606/542 1880/2596/542
f 1899/2688/542 1891/2689/542 1887/2690/542
f 1878/2611/805 1899/2610/801 1879/2612/801
f 1872/2614/804 1891/2572/803 1892/2613/804
f 1880/2616/802 1899/2610/801 1900/2615/802
f 1872/2618/804 1893/2617/820 1873/2619/820
f 1865/2620/819 1886/2621/809 1885/2628/819
f 1880/2616/802 1901/2623/818 1881/2624/818
f 1874/2626/817 1893/2617/820 1894/2625/817
f 1865/2620/819 1887/2633/816 1867/2627/816
f 1881/2624/818 1902/2629/815 1882/2630/815
f 1874/2626/817 1895/2637/814 1875/2631/814
f 1867/2627/816 1888/2691/813 1868/2632/813
f 1882/2630/815 1903/2634/812 1883/2635/812
f 1876/2636/811 1895/2637/814 1896/2692/811
f 1868/2640/813 1889/2646/810 1869/2638/810
f 1883/2643/812 1904/2693/808 1884/2641/808
f 1876/2636/811 1897/2644/807 1877/2645/807
f 1870/2573/806 1889/2646/810 1890/2683/806
f 1866/2622/809 1904/2693/808 1886/2621/809
f 1877/2648/807 1898/2647/805 1878/2611/805
f 1912/2670/821 1920/2654/800 1924/2678/822
f 1847/2653/779 1915/2694/855 1845/2651/781
f 1857/2655/770 1920/2654/800 1855/2656/772
f 1833/2658/792 1908/2657/830 1831/2659/793
f 1843/2662/783 1913/2681/829 1841/2660/784
f 1851/2664/775 1919/2677/856 1918/2649/828
f 1861/2667/766 1924/2678/822 1923/2665/857
f 1827/2669/797 1907/2680/827 1906/2650/833
f 1837/2570/788 1912/2670/821 1911/2695/858
f 1847/2653/779 1917/2672/835 1916/2652/826
f 1857/2655/770 1922/2674/825 1921/2696/831
f 1833/2658/792 1910/2569/824 1909/2676/859
f 1843/2662/783 1915/2694/855 1914/2661/823
f 1855/2656/772 1919/2677/856 1853/2663/774
f 1825/2679/765 1924/2678/822 1863/2666/764
f 1829/2668/795 1908/2657/830 1907/2680/827
f 1839/2671/786 1913/2681/829 1912/2670/821
f 1851/2664/775 1917/2672/835 1849/2673/777
f 1827/2669/797 1905/2697/860 1825/2679/765
f 1859/2675/768 1923/2665/857 1922/2674/825
f 1927/2698/861 1926/2699/554 1925/2700/862
f 1929/2701/863 1928/2702/799 1927/2698/861
f 1931/2703/864 1930/2704/798 1929/2701/863
f 1933/2705/865 1932/2706/796 1931/2707/864
f 1935/2708/866 1934/2709/794 1933/2705/865
f 1937/2710/867 1936/2711/551 1935/2708/866
f 1939/2712/868 1938/2713/791 1937/2710/867
f 1941/2714/869 1940/2715/789 1939/2712/868
f 1943/2716/870 1942/2717/787 1941/2718/869
f 1945/2719/871 1944/2720/785 1943/2716/870
f 1947/2721/872 1946/2722/550 1945/2719/871
f 1949/2723/873 1948/2724/782 1947/2721/872
f 1951/2725/874 1950/2726/780 1949/2723/873
f 1951/2725/874 1954/2727/776 1952/2728/778
f 1955/2729/875 1954/2730/776 1953/2731/876
f 1957/2732/877 1956/2733/549 1955/2729/875
f 1959/2734/878 1958/2735/773 1957/2732/877
f 1961/2736/879 1960/2737/771 1959/2734/878
f 1966/2738/543 1964/2739/543 1926/2740/543
f 1963/2741/880 1962/2742/769 1961/2743/879
f 1925/2700/862 1964/2744/767 1963/2741/880
f 1935/2745/866 2011/2746/881 1937/2747/867
f 1991/2748/882 1970/2749/883 1971/2750/882
f 1968/2751/543 1930/2752/543 1932/2753/543
f 1942/2754/543 1972/2755/543 1940/2756/543
f 1965/2757/543 1926/2740/543 1928/2758/543
f 1978/2759/543 1950/2760/543 1952/2761/543
f 1962/2762/543 1982/2763/543 1960/2764/543
f 1971/2765/543 1936/2766/543 1938/2767/543
f 1976/2768/543 1946/2769/543 1948/2770/543
f 1958/2771/543 1980/2772/543 1956/2773/543
f 1969/2774/543 1932/2753/543 1934/2775/543
f 1974/2776/543 1942/2754/543 1944/2777/543
f 1954/2778/543 1978/2759/543 1952/2761/543
f 1964/2739/543 1983/2779/543 1962/2762/543
f 1930/2752/543 1965/2757/543 1928/2758/543
f 1972/2755/543 1938/2767/543 1940/2756/543
f 1977/2780/543 1948/2770/543 1950/2760/543
f 1982/2763/543 1958/2771/543 1960/2764/543
f 1970/2781/543 1934/2775/543 1936/2766/543
f 1946/2769/543 1974/2776/543 1944/2777/543
f 1956/2773/543 1979/2782/543 1954/2778/543
f 1993/2783/543 2001/2784/543 1986/2785/543
f 1999/2786/884 1978/2787/885 1979/2788/884
f 1972/2789/886 1991/2748/882 1971/2750/882
f 1980/2790/887 1999/2786/884 1979/2788/884
f 1973/2791/888 1992/2792/886 1972/2789/886
f 1985/2793/889 1966/2794/890 1965/2795/889
f 2001/2796/891 1980/2790/887 1981/2797/891
f 1994/2798/892 1973/2791/888 1974/2799/892
f 1967/2800/893 1985/2793/889 1965/2795/889
f 1982/2801/894 2001/2796/891 1981/2797/891
f 1975/2802/895 1994/2803/892 1974/2804/892
f 1988/2805/896 1967/2800/893 1968/2806/896
f 2003/2807/897 1982/2801/894 1983/2808/897
f 1976/2809/898 1995/2810/895 1975/2802/895
f 1989/2811/899 1968/2806/896 1969/2812/899
f 1984/2813/900 2003/2807/897 1983/2808/897
f 1977/2814/901 1996/2815/898 1976/2809/898
f 1970/2749/883 1989/2816/899 1969/2817/899
f 1966/2794/890 2004/2818/900 1984/2819/900
f 1978/2820/885 1997/2821/901 1977/2814/901
f 2018/2822/902 2010/2823/903 2006/2824/904
f 1945/2825/871 2016/2826/905 1947/2827/872
f 2020/2828/906 1957/2829/877 1955/2830/875
f 2008/2831/907 1933/2832/865 1931/2833/864
f 1941/2834/869 2014/2835/908 1943/2836/870
f 2018/2822/902 1953/2837/876 1951/2838/874
f 2023/2839/909 1963/2840/880 1961/2841/879
f 1927/2842/861 2007/2843/910 1929/2844/863
f 1937/2747/867 2012/2845/911 1939/2846/868
f 1947/2827/872 2017/2847/912 1949/2848/873
f 1957/2829/877 2022/2849/913 1959/2850/878
f 2009/2851/914 1935/2745/866 1933/2832/865
f 1943/2836/870 2015/2852/915 1945/2825/871
f 1953/2837/876 2020/2828/906 1955/2830/875
f 1963/2840/880 2005/2853/916 1925/2854/862
f 1929/2844/863 2008/2831/907 1931/2833/864
f 2012/2845/911 1941/2834/869 1939/2846/868
f 1949/2848/873 2018/2822/902 1951/2838/874
f 1925/2854/862 2006/2824/904 1927/2842/861
f 2022/2849/913 1961/2841/879 1959/2850/878
f 2025/2700/862 2028/2702/767 2027/2698/880
f 2028/2702/767 2029/2701/879 2027/2698/880
f 2030/2704/769 2031/2703/878 2029/2701/879
f 2032/2706/771 2033/2705/877 2031/2707/878
f 2034/2709/773 2035/2708/875 2033/2705/877
f 2036/2711/549 2037/2710/876 2035/2708/875
f 2038/2713/776 2039/2712/874 2037/2710/876
f 2040/2715/778 2041/2714/873 2039/2712/874
f 2042/2717/780 2043/2716/872 2041/2718/873
f 2044/2720/782 2045/2719/871 2043/2716/872
f 2046/2722/550 2047/2721/870 2045/2719/871
f 2048/2724/785 2049/2723/869 2047/2721/870
f 2050/2726/787 2051/2725/868 2049/2723/869
f 2052/2728/789 2053/2855/867 2051/2725/868
f 2054/2730/791 2055/2729/866 2053/2731/867
f 2056/2733/551 2057/2732/865 2055/2729/866
f 2058/2735/794 2059/2734/864 2057/2732/865
f 2060/2737/796 2061/2736/863 2059/2734/864
f 2064/2739/543 2066/2738/543 2026/2740/543
f 2062/2742/798 2063/2741/861 2061/2743/863
f 2064/2744/799 2025/2700/862 2063/2741/861
f 2037/2747/876 2110/2823/906 2035/2745/875
f 2070/2749/887 2091/2748/884 2071/2750/884
f 2030/2752/543 2068/2751/543 2032/2753/543
f 2040/2756/543 2073/2856/543 2042/2754/543
f 2028/2758/543 2066/2738/543 2065/2757/543
f 2050/2760/543 2078/2759/543 2052/2761/543
f 2062/2762/543 2082/2763/543 2083/2779/543
f 2036/2766/543 2071/2765/543 2038/2767/543
f 2048/2770/543 2075/2857/543 2076/2768/543
f 2058/2771/543 2080/2772/543 2081/2858/543
f 2032/2753/543 2069/2774/543 2034/2775/543
f 2044/2777/543 2073/2856/543 2074/2776/543
f 2054/2778/543 2078/2759/543 2079/2782/543
f 2062/2762/543 2084/2859/543 2064/2739/543
f 2030/2752/543 2065/2757/543 2067/2860/543
f 2040/2756/543 2071/2765/543 2072/2755/543
f 2050/2760/543 2076/2768/543 2077/2780/543
f 2058/2771/543 2082/2763/543 2060/2764/543
f 2036/2766/543 2069/2774/543 2070/2781/543
f 2044/2777/543 2075/2857/543 2046/2769/543
f 2054/2778/543 2080/2772/543 2056/2773/543
f 2099/2861/543 2091/2862/543 2087/2863/543
f 2078/2787/886 2099/2786/882 2079/2788/882
f 2071/2750/884 2092/2792/885 2072/2789/885
f 2080/2790/883 2099/2786/882 2100/2864/883
f 2073/2791/901 2092/2792/885 2093/2865/901
f 2065/2795/900 2086/2866/890 2085/2793/900
f 2080/2790/883 2101/2796/899 2081/2797/899
f 2074/2799/898 2093/2865/901 2094/2798/898
f 2065/2795/900 2087/2867/897 2067/2800/897
f 2082/2801/896 2101/2796/899 2102/2868/896
f 2074/2804/898 2095/2810/895 2075/2802/895
f 2067/2800/897 2088/2805/894 2068/2806/894
f 2082/2801/896 2103/2807/893 2083/2808/893
f 2075/2802/895 2096/2815/892 2076/2809/892
f 2069/2812/891 2088/2805/894 2089/2811/891
f 2083/2808/893 2104/2869/889 2084/2813/889
f 2077/2814/888 2096/2815/892 2097/2821/888
f 2070/2749/887 2089/2816/891 2090/2870/887
f 2066/2794/890 2104/2818/889 2086/2866/890
f 2078/2820/886 2097/2821/888 2098/2871/886
f 2112/2845/902 2120/2828/903 2124/2872/904
f 2045/2825/871 2116/2826/908 2115/2852/915
f 2057/2829/865 2120/2828/903 2055/2830/866
f 2033/2832/877 2108/2831/913 2031/2833/878
f 2043/2836/872 2113/2873/917 2041/2834/873
f 2051/2838/868 2119/2874/918 2118/2822/911
f 2061/2841/863 2124/2872/904 2123/2839/910
f 2027/2842/880 2107/2843/919 2106/2824/920
f 2037/2747/876 2112/2845/902 2111/2746/921
f 2049/2848/869 2116/2826/908 2047/2827/870
f 2057/2829/865 2122/2849/907 2121/2875/922
f 2033/2832/877 2110/2823/906 2109/2851/923
f 2043/2836/872 2115/2852/915 2114/2835/905
f 2053/2837/867 2120/2828/903 2119/2874/918
f 2025/2854/862 2124/2872/904 2063/2840/861
f 2029/2844/879 2108/2831/913 2107/2843/919
f 2041/2834/873 2112/2845/902 2039/2846/874
f 2049/2848/869 2118/2822/911 2117/2847/924
f 2027/2842/880 2105/2853/916 2025/2854/862
f 2061/2841/863 2122/2849/907 2059/2850/864
s 0
f 2133/1912/542 2138/1911/542 2142/1913/542
f 1074/1914/543 2127/1915/543 2125/2876/543
s 1
f 2147/1918/925 1089/1917/542 2142/1913/926
s 0
f 1077/1920/542 2139/1944/542 2138/1911/542
s 1
f 1108/1921/546 2144/1922/927 1076/2877/550
s 0
f 2133/1912/542 1089/1917/542 1079/2878/542
f 2128/1925/551 2131/1924/551 2133/1926/551
f 2126/1928/542 1087/1927/542 1085/1929/542
f 2126/1931/550 1077/1930/550 2131/1932/550
f 2127/1934/549 2137/1933/549 2125/1935/549
s 1
f 2127/1934/549 2148/1936/928 2141/1937/929
s 0
f 2127/1915/543 1076/1939/543 2146/1938/543
f 1087/1941/554 2133/1940/554 1079/1942/554
s 1
f 2137/1943/930 2140/1945/931 2139/1944/932
f 2140/1945/931 2138/1911/933 2139/1944/932
f 2147/1918/925 2151/1946/934 2153/1959/935
f 2148/1936/928 2151/1948/934 2150/2879/936
f 2149/1923/937 2151/1950/934 2152/1955/938
f 2141/1937/929 2140/1952/931 2137/1933/930
f 2143/1953/939 2138/1911/933 2140/1945/931
f 2148/1936/928 2143/1954/939 2141/1937/929
f 2150/1947/936 2142/1913/926 2143/1953/939
f 2149/1923/937 2146/2880/940 2144/1922/927
f 2152/1949/938 2145/1956/941 2146/1957/940
f 2149/1923/937 1109/1958/566 2153/1951/935
f 2153/1959/935 1107/1960/567 2147/1918/925
f 2184/1962/942 2156/1963/943 2154/1994/734
f 2193/1966/944 2198/1965/945 2194/1967/946
f 2157/1969/733 2154/1968/734 2156/1970/943
f 2194/1972/946 2185/1971/947 2193/1973/944
f 2157/1976/733 2188/1975/948 2190/1974/949
f 2198/1965/945 2240/1977/950 2243/1978/951
f 2187/1980/952 2157/1979/733 2191/1981/953
f 2186/1983/954 2189/1982/955 2185/1971/947
f 2159/1985/666 2242/1984/956 2173/1986/957
f 2155/1988/737 2158/1987/662 2154/1989/734
f 2195/1990/958 2159/1985/666 2155/1991/737
f 2192/1992/959 2158/1993/662 2196/2085/960
f 2155/1991/737 2187/1980/952 2195/1990/958
f 2200/1995/942 2162/1996/943 2160/2027/734
f 2209/1999/944 2214/1998/945 2210/2000/946
f 2163/2002/733 2160/2001/734 2162/2003/943
f 2210/2005/946 2201/2004/947 2209/2006/944
f 2163/2009/733 2204/2008/948 2206/2007/949
f 2214/1998/945 2252/2010/950 2255/2011/951
f 2203/2013/952 2163/2012/733 2207/2014/953
f 2202/2016/954 2205/2015/955 2201/2004/947
f 2165/2018/666 2254/2017/956 2177/2019/957
f 2161/2021/737 2164/2020/662 2160/2022/734
f 2211/2023/958 2165/2018/666 2161/2024/737
f 2208/2025/959 2164/2026/662 2212/2109/960
f 2161/2024/737 2203/2013/952 2211/2023/958
f 2216/2028/942 2168/2029/943 2166/2060/734
f 2225/2032/944 2230/2031/945 2226/2033/946
f 2169/2035/733 2166/2034/734 2168/2036/943
f 2226/2038/946 2217/2037/961 2225/2039/944
f 2169/2042/733 2220/2041/948 2222/2040/949
f 2230/2031/945 2264/2043/950 2267/2044/951
f 2219/2046/952 2169/2045/733 2223/2047/953
f 2218/2049/954 2221/2048/955 2217/2037/961
f 2171/2051/666 2266/2050/956 2181/2052/957
f 2166/2053/734 2171/2054/666 2170/2126/662
f 2227/2056/958 2171/2051/666 2167/2057/737
f 2224/2058/959 2170/2059/662 2228/2131/960
f 2167/2057/737 2219/2046/952 2227/2056/958
f 2173/1986/957 2242/1984/956 2234/2061/962
f 2245/2062/963 2253/2064/964 2176/2063/965
f 2172/2066/965 2175/2065/731 2174/2067/966
f 2232/2069/967 2243/2068/951 2240/2070/950
f 2236/2073/968 2174/2072/966 2238/2071/969
f 2200/1995/942 2160/2027/734 2208/2025/959
f 2175/2074/731 2234/2061/962 2238/2075/969
f 2233/2076/963 2174/2077/966 2237/2161/970
f 2158/1987/662 2173/2079/957 2172/2080/965
f 2197/2081/542 2158/2082/542 2199/2083/542
f 2241/2084/964 2158/1993/662 2172/2078/965
f 2236/2087/968 2235/2086/971 2232/2069/967
f 2177/2019/957 2254/2017/956 2246/2088/962
f 2257/2089/963 2265/2091/964 2180/2090/965
f 2176/2093/965 2179/2092/731 2178/2094/966
f 2244/2096/967 2255/2095/951 2252/2097/950
f 2248/2100/968 2178/2099/966 2250/2098/969
f 2216/2028/942 2166/2060/734 2224/2058/959
f 2179/2101/731 2246/2088/962 2250/2102/969
f 2245/2062/963 2178/2103/966 2249/2168/970
f 2164/2020/662 2177/2104/957 2176/2105/965
f 2215/2108/543 2164/2107/543 2213/2106/543
f 2253/2064/964 2164/2026/662 2176/2063/965
f 2248/2111/968 2247/2110/971 2244/2096/967
f 2181/2052/957 2266/2050/956 2258/2112/962
f 2180/2114/965 2183/2113/731 2182/2115/966
f 2256/2117/972 2267/2116/951 2264/2118/950
f 2260/2121/968 2182/2120/966 2262/2119/969
f 2233/2076/963 2241/2084/964 2172/2078/965
f 2183/2122/731 2258/2112/962 2262/2123/969
f 2257/2089/963 2182/2124/966 2261/2175/970
f 2170/2126/662 2181/2125/957 2180/2127/965
f 2229/2130/542 2170/2129/542 2231/2128/542
f 2265/2091/964 2170/2059/662 2180/2090/965
f 2260/2133/968 2259/2132/971 2256/2117/972
f 2188/2134/948 2185/1971/947 2189/1982/955
f 2191/1981/953 2186/2136/954 2187/1980/952
f 2192/2137/959 2185/1971/947 2184/2135/942
f 2195/1990/958 2186/2136/954 2194/2138/946
f 2194/2138/946 2199/2139/973 2195/1990/958
f 2193/2141/944 2196/2085/960 2197/2142/974
f 2204/2143/948 2201/2004/947 2205/2015/955
f 2207/2014/953 2202/2145/954 2203/2013/952
f 2208/2146/959 2201/2004/947 2200/2144/942
f 2211/2023/958 2202/2145/954 2210/2147/946
f 2210/2147/946 2215/2148/973 2211/2023/958
f 2209/2150/944 2212/2109/960 2213/2151/974
f 2220/2152/948 2217/2037/961 2221/2048/955
f 2223/2047/953 2218/2154/954 2219/2046/952
f 2224/2155/959 2217/2037/961 2216/2153/942
f 2227/2056/958 2218/2154/954 2226/2156/946
f 2226/2156/946 2231/2157/973 2227/2056/958
f 2225/2159/944 2228/2131/960 2229/2160/974
f 2232/2162/967 2237/2161/970 2236/2163/968
f 2235/2164/971 2238/2075/969 2234/2061/962
f 2232/2162/967 2241/2084/964 2233/2076/963
f 2235/2164/971 2242/1984/956 2243/2167/951
f 2199/2139/973 2243/2167/951 2242/1984/956
f 2196/2085/960 2240/2166/950 2197/2142/974
f 2244/2169/967 2249/2168/970 2248/2170/968
f 2247/2171/971 2250/2102/969 2246/2088/962
f 2244/2169/967 2253/2064/964 2245/2062/963
f 2247/2171/971 2254/2017/956 2255/2174/951
f 2215/2148/973 2255/2174/951 2254/2017/956
f 2212/2109/960 2252/2173/950 2213/2151/974
f 2256/2176/972 2261/2175/970 2260/2177/968
f 2259/2178/971 2262/2123/969 2258/2112/962
f 2256/2176/972 2265/2091/964 2257/2089/963
f 2259/2178/971 2266/2050/956 2267/2181/951
f 2231/2157/973 2267/2181/951 2266/2050/956
f 2228/2131/960 2264/2180/950 2229/2160/974
f 2184/1962/942 2154/1994/734 2192/1992/959
f 2323/2183/975 2315/2182/976 2306/2184/977
s 0
f 2320/2187/978 2311/2186/978 2398/2185/978
f 2392/2189/549 2397/2188/549 2389/2190/549
f 2400/2192/542 2301/2191/542 2390/2193/542
f 2353/2881/543 2394/2195/543 2399/2194/543
f 2289/2198/542 1265/2197/542 1259/2199/542
s 1
f 1373/2202/979 2407/2263/980 2404/2200/981
s 0
f 2289/2198/542 2396/2203/542 2291/2882/542
f 2285/2205/543 2403/2206/543 2394/2195/543
f 2409/2209/543 2424/2208/543 2420/2210/543
f 2431/2883/549 2426/2884/549 2424/2885/549
f 2423/2215/550 2417/2214/550 2430/2216/550
f 2413/2886/551 2408/2887/551 2418/2888/551
f 2427/2221/542 2418/2220/542 2414/2222/542
f 2369/2224/542 2368/2889/542 1262/2223/542
f 2336/2228/543 2337/2227/543 2283/2226/543
s 1
f 2346/2230/982 2338/2229/983 2337/2231/982
s 0
f 2365/2232/543 2340/2890/543 1261/2241/543
f 2344/2236/551 2341/2235/551 2334/2237/551
s 1
f 2402/2239/984 2391/2238/985 2395/2240/986
s 0
f 1261/2241/543 2405/2207/543 2285/2205/543
f 2396/2203/542 2381/2246/542 2380/2891/542
f 2406/2248/542 1262/2223/542 2301/2191/542
f 2395/2240/987 2316/2250/987 2319/2249/987
f 2391/2238/978 2308/2255/978 2315/2254/978
s 1
f 2318/2256/989 2325/2257/990 2311/2288/991
f 2314/2259/992 2331/2260/993 2319/2277/994
f 2407/2263/980 2402/2262/984 2404/2200/981
s 0
f 2312/2265/987 2307/2264/987 2397/2188/987
f 2283/2226/543 2399/2194/543 2393/2266/543
f 2306/2267/995 2308/2255/995 2309/2268/995
f 2309/2268/996 2308/2255/996 2307/2264/996
f 2310/2269/997 2312/2265/997 2313/2270/997
f 2313/2270/998 2312/2265/998 2311/2186/998
f 2314/2271/997 2316/2250/997 2317/2272/997
f 2317/2272/998 2316/2250/998 2315/2254/998
f 2318/2273/995 2320/2187/995 2321/2274/995
f 2321/2274/996 2320/2187/996 2319/2249/996
s 1
f 2321/2275/999 2332/2258/1000 2318/2256/989
f 2319/2277/994 2333/2276/1001 2321/2278/999
f 2328/2279/1002 2317/2280/1003 2315/2182/976
f 2330/2282/1004 2314/2259/992 2317/2895/1003
f 2306/2184/977 2324/2283/1005 2323/2183/975
f 2309/2285/1006 2322/2286/1007 2324/2896/1005
f 2327/2289/1008 2311/2288/991 2325/2257/990
f 2326/2291/1009 2313/2290/1010 2327/2292/1008
f 2326/2291/1009 2307/2287/1011 2310/2293/1012
s 0
f 2347/2897/543 1306/2898/543 2344/2297/543
f 2435/2899/543 2350/2298/543 2344/2297/543
s 1
f 2349/2303/1013 2339/2302/1014 2340/2304/1013
f 2347/2306/1015 2337/2305/982 2336/2307/1015
f 2350/2309/1016 2340/2308/1013 2342/2310/1016
f 2343/2311/1017 2336/2307/1015 2335/2312/1017
f 2351/2313/1018 2342/2310/1016 2341/2235/1018
s 0
f 2345/2315/551 2334/2314/551 2338/2229/551
f 2348/2317/554 1305/2316/554 2339/2302/554
f 1306/2318/550 2335/2312/550 1295/2319/550
s 1
f 2353/2321/1019 2274/2320/1020 2271/2322/1019
f 2364/2324/1021 2282/2323/1022 2295/2325/1021
f 2356/2327/1023 2277/2326/1024 2362/2328/1024
f 2361/2332/1025 2274/2320/1020 2360/2333/1020
f 2362/2328/1024 2279/2334/1025 2361/2335/1025
f 2355/2336/715 2295/2325/1021 2357/2903/587
f 2357/2339/587 2293/2338/1023 2356/2327/1023
f 2354/2341/1026 2269/2340/1027 2352/2342/1027
f 2353/2321/1019 2272/2343/1026 2354/2344/1026
f 2359/2345/717 2287/2904/585 2365/2905/1022
f 2363/2348/1028 2287/2347/585 2358/2349/585
f 2363/2348/1028 2269/2340/1027 2284/2350/1028
f 2372/2353/554 2276/2379/1029 2275/2351/554
f 2382/2355/1030 2303/2354/1031 2377/2356/1031
f 2370/2361/1032 2278/2360/1033 2366/2362/1033
f 2379/2364/1034 2286/2363/1035 2270/2365/1034
f 2375/2368/1036 2268/2908/1032 2370/2366/1032
f 2288/2369/1037 2383/2370/554 2275/2351/554
f 2376/2375/1038 2273/2367/1039 2375/2368/1036
f 2381/2376/1040 2270/2365/1034 2298/2377/1040
f 2367/2352/1029 2280/2378/1041 2276/2379/1029
f 2368/2381/1041 2281/2380/841 2280/2378/1041
f 2369/2382/841 2278/2360/1033 2281/2383/841
f 2387/2384/1042 2288/2369/1037 2292/2385/1043
f 2384/2386/1044 2292/2385/1043 2290/2387/1044
f 2385/2389/1035 2290/2388/1044 2286/2363/1035
f 2378/2391/1045 2297/2390/1030 2382/2355/1030
f 2380/2393/1046 2299/2392/1045 2378/2391/1045
f 2380/2394/1046 2298/2377/1040 2300/2395/1046
f 2377/2356/1031 2305/2396/1047 2374/2397/1047
f 2373/2399/1048 2305/2398/1047 2304/2400/1048
f 2376/2401/1038 2304/2400/1048 2302/2402/1049
f 2395/2240/986 2403/2406/1050 2402/2239/984
f 2402/2262/984 2403/2409/1050 2405/2408/1051
f 2388/2204/1052 2397/2410/1053 2396/2203/1054
f 2393/2266/1055 2398/2412/1056 2392/2413/1057
f 2404/2200/981 1372/2414/1058 1373/2202/979
f 2395/2240/986 2399/2415/1059 2394/2407/1060
f 2391/2416/985 2396/2203/1054 2397/2410/1053
f 2400/2417/1061 2407/2263/980 2406/2913/1062
f 1375/2419/1063 2407/2263/980 1374/2201/1064
f 2391/2238/985 2400/2420/1061 2390/2421/1065
s 0
f 2416/2422/706 2427/2221/706 2414/2222/706
f 2415/2424/707 2428/2423/707 2416/2425/707
f 2419/2426/708 2430/2216/708 2417/2214/708
f 2418/2220/709 2431/2427/709 2419/2428/709
f 2410/2430/710 2421/2429/710 2408/2431/710
f 2409/2209/711 2422/2432/711 2410/2433/711
f 2413/2434/712 2424/2208/712 2411/2435/712
f 2412/2437/713 2425/2436/713 2413/2438/713
f 2408/2431/554 2426/2439/554 2415/2424/554
f 1402/2441/554 2134/2440/554 1072/2442/554
f 2435/2444/551 2129/2443/551 2135/2445/551
f 2433/2450/1066 2132/2449/1066 2434/2451/1066
f 2434/2452/661 2129/2443/661 2432/2453/661
f 2437/2454/1067 2136/2915/1067 2436/2916/1067
f 2435/2444/665 2136/2456/665 2438/2457/665
f 1403/2459/550 2130/2458/550 2433/2450/550
s 1
f 2405/2408/1051 2404/2200/981 2402/2262/984
f 2442/2461/728 2445/2460/729 2441/2462/730
f 2446/2464/731 2443/2463/732 2445/2465/729
f 2444/2467/733 2439/2466/734 2443/2468/732
f 2445/2470/729 2439/2469/734 2441/2471/730
f 2442/2473/728 2444/2472/733 2446/2474/731
f 2448/2476/735 2450/2475/736 2440/2477/737
f 2440/2477/737 2442/2473/728 2448/2476/735
f 2441/2471/730 2439/2469/734 2447/2478/738
f 2450/2480/736 2451/2479/739 2449/2481/740
f 2440/2483/737 2449/2482/740 2439/2484/734
f 2439/2469/734 2451/2485/739 2447/2478/738
f 2447/2487/738 2452/2486/741 2448/2488/735
f 2448/2488/735 2441/2462/730 2447/2487/738
s 0
f 2455/2490/551 2454/2489/551 2453/2491/551
f 2459/2493/542 2456/2492/542 2455/2494/542
f 2457/2496/549 2460/2495/549 2459/2497/549
f 2453/2499/543 2458/2498/543 2457/2500/543
f 2453/2502/554 2459/2501/554 2455/2503/554
f 2458/2505/550 2456/2504/550 2460/2506/550
s 1
f 2464/2461/728 2467/2460/729 2463/2462/730
f 2468/2464/731 2465/2463/732 2467/2465/729
f 2466/2467/733 2461/2466/734 2465/2468/732
f 2467/2470/729 2461/2469/734 2463/2471/730
f 2464/2473/728 2466/2472/733 2468/2474/731
f 2470/2476/735 2472/2475/736 2462/2477/737
f 2462/2477/737 2464/2473/728 2470/2476/735
f 2463/2471/730 2461/2469/734 2469/2478/738
f 2472/2480/736 2473/2479/739 2471/2481/740
f 2462/2483/737 2471/2482/740 2461/2484/734
f 2461/2469/734 2473/2485/739 2469/2478/738
f 2469/2487/738 2474/2486/741 2470/2488/735
f 2470/2488/735 2463/2462/730 2469/2487/738
s 0
f 2477/2490/551 2476/2489/551 2475/2491/551
f 2481/2493/542 2478/2492/542 2477/2494/542
f 2479/2496/549 2482/2495/549 2481/2497/549
f 2475/2499/543 2480/2498/543 2479/2500/543
f 2475/2502/554 2481/2501/554 2477/2503/554
f 2480/2505/550 2478/2504/550 2482/2506/550
s 1
f 2486/2461/728 2489/2460/729 2485/2462/730
f 2490/2464/731 2487/2463/732 2489/2465/729
f 2488/2467/733 2483/2466/734 2487/2468/732
f 2489/2470/729 2483/2469/734 2485/2471/730
f 2486/2473/728 2488/2472/733 2490/2474/731
f 2492/2476/735 2494/2475/736 2484/2477/737
f 2484/2477/737 2486/2473/728 2492/2476/735
f 2485/2471/730 2483/2469/734 2491/2478/738
f 2494/2480/736 2495/2479/739 2493/2481/740
f 2484/2483/737 2493/2482/740 2483/2484/734
f 2483/2469/734 2495/2485/739 2491/2478/738
f 2491/2487/738 2496/2486/741 2492/2488/735
f 2492/2488/735 2485/2462/730 2491/2487/738
s 0
f 2499/2490/551 2498/2489/551 2497/2491/551
f 2503/2493/542 2500/2492/542 2499/2494/542
f 2501/2496/549 2504/2495/549 2503/2497/549
f 2497/2499/543 2502/2498/543 2501/2500/543
f 2497/2502/554 2503/2501/554 2499/2503/554
f 2502/2505/550 2500/2504/550 2504/2506/550
s 1
f 2508/2461/728 2511/2460/729 2507/2462/730
f 2512/2464/731 2509/2463/732 2511/2465/729
f 2510/2467/733 2505/2466/734 2509/2468/732
f 2511/2470/729 2505/2469/734 2507/2471/730
f 2508/2473/728 2510/2472/733 2512/2474/731
f 2514/2476/735 2516/2475/736 2506/2477/737
f 2506/2477/737 2508/2473/728 2514/2476/735
f 2507/2471/730 2505/2469/734 2513/2478/738
f 2516/2480/736 2517/2479/739 2515/2481/740
f 2506/2483/737 2515/2482/740 2505/2484/734
f 2505/2469/734 2517/2485/739 2513/2478/738
f 2513/2487/738 2518/2486/741 2514/2488/735
f 2514/2488/735 2507/2462/730 2513/2487/738
s 0
f 2521/2490/551 2520/2489/551 2519/2491/551
f 2525/2493/542 2522/2492/542 2521/2494/542
f 2523/2496/549 2526/2495/549 2525/2497/549
f 2519/2499/543 2524/2498/543 2523/2500/543
f 2519/2502/554 2525/2501/554 2521/2503/554
f 2524/2505/550 2522/2504/550 2526/2506/550
s 1
f 2530/2461/728 2533/2460/729 2529/2462/730
f 2534/2464/731 2531/2463/732 2533/2465/729
f 2532/2467/733 2527/2466/734 2531/2468/732
f 2533/2470/729 2527/2469/734 2529/2471/730
f 2530/2473/728 2532/2472/733 2534/2474/731
f 2536/2476/735 2538/2475/736 2528/2477/737
f 2528/2477/737 2530/2473/728 2536/2476/735
f 2529/2471/730 2527/2469/734 2535/2478/738
f 2538/2480/736 2539/2479/739 2537/2481/740
f 2528/2483/737 2537/2482/740 2527/2484/734
f 2527/2469/734 2539/2485/739 2535/2478/738
f 2535/2487/738 2540/2486/741 2536/2488/735
f 2536/2488/735 2529/2462/730 2535/2487/738
s 0
f 2543/2490/551 2542/2489/551 2541/2491/551
f 2547/2493/542 2544/2492/542 2543/2494/542
f 2545/2496/549 2548/2495/549 2547/2497/549
f 2541/2499/543 2546/2498/543 2545/2500/543
f 2541/2502/554 2547/2501/554 2543/2503/554
f 2546/2505/550 2544/2504/550 2548/2506/550
s 1
f 2552/2461/728 2555/2460/729 2551/2462/730
f 2556/2464/731 2553/2463/732 2555/2465/729
f 2554/2467/733 2549/2466/734 2553/2468/732
f 2555/2470/729 2549/2469/734 2551/2471/730
f 2552/2473/728 2554/2472/733 2556/2474/731
f 2558/2476/735 2560/2475/736 2550/2477/737
f 2550/2477/737 2552/2473/728 2558/2476/735
f 2551/2471/730 2549/2469/734 2557/2478/738
f 2560/2480/736 2561/2479/739 2559/2481/740
f 2550/2483/737 2559/2482/740 2549/2484/734
f 2549/2469/734 2561/2485/739 2557/2478/738
f 2557/2487/738 2562/2486/741 2558/2488/735
f 2558/2488/735 2551/2462/730 2557/2487/738
s 0
f 2565/2490/551 2564/2489/551 2563/2491/551
f 2569/2493/542 2566/2492/542 2565/2494/542
f 2567/2496/549 2570/2495/549 2569/2497/549
f 2563/2499/543 2568/2498/543 2567/2500/543
f 2563/2502/554 2569/2501/554 2565/2503/554
f 2568/2505/550 2566/2504/550 2570/2506/550
s 1
f 2577/2460/718 2574/2461/719 2573/2462/720
f 2575/2463/721 2578/2464/596 2577/2465/718
f 2571/2466/574 2576/2467/575 2575/2468/721
f 2571/2469/574 2577/2470/718 2573/2471/720
f 2576/2472/575 2574/2473/719 2578/2474/596
f 2582/2475/722 2580/2476/723 2572/2477/588
f 2572/2477/588 2580/2476/723 2574/2473/719
f 2573/2471/720 2579/2478/724 2571/2469/574
f 2583/2479/725 2582/2480/722 2581/2481/726
f 2581/2482/726 2572/2483/588 2571/2484/574
f 2583/2485/725 2571/2469/574 2579/2478/724
f 2584/2486/727 2579/2487/724 2580/2488/723
f 2573/2462/720 2580/2488/723 2579/2487/724
s 0
f 2586/2489/549 2587/2490/549 2585/2491/549
f 2588/2492/542 2591/2493/542 2587/2494/542
f 2592/2495/551 2589/2496/551 2591/2497/551
f 2590/2498/543 2585/2499/543 2589/2500/543
f 2591/2501/554 2585/2502/554 2587/2503/554
f 2588/2504/550 2590/2505/550 2592/2506/550
s 1
f 2599/2460/718 2596/2461/719 2595/2462/720
f 2597/2463/721 2600/2464/596 2599/2465/718
f 2593/2466/574 2598/2467/575 2597/2468/721
f 2593/2469/574 2599/2470/718 2595/2471/720
f 2598/2472/575 2596/2473/719 2600/2474/596
f 2604/2475/722 2602/2476/723 2594/2477/588
f 2594/2477/588 2602/2476/723 2596/2473/719
f 2595/2471/720 2601/2478/724 2593/2469/574
f 2605/2479/725 2604/2480/722 2603/2481/726
f 2603/2482/726 2594/2483/588 2593/2484/574
f 2605/2485/725 2593/2469/574 2601/2478/724
f 2606/2486/727 2601/2487/724 2602/2488/723
f 2595/2462/720 2602/2488/723 2601/2487/724
s 0
f 2608/2489/549 2609/2490/549 2607/2491/549
f 2610/2492/542 2613/2493/542 2609/2494/542
f 2614/2495/551 2611/2496/551 2613/2497/551
f 2612/2498/543 2607/2499/543 2611/2500/543
f 2613/2501/554 2607/2502/554 2609/2503/554
f 2610/2504/550 2612/2505/550 2614/2506/550
s 1
f 2621/2460/718 2618/2461/719 2617/2462/720
f 2619/2463/721 2622/2464/596 2621/2465/718
f 2615/2466/574 2620/2467/575 2619/2468/721
f 2615/2469/574 2621/2470/718 2617/2471/720
f 2620/2472/575 2618/2473/719 2622/2474/596
f 2626/2475/722 2624/2476/723 2616/2477/588
f 2616/2477/588 2624/2476/723 2618/2473/719
f 2617/2471/720 2623/2478/724 2615/2469/574
f 2627/2479/725 2626/2480/722 2625/2481/726
f 2625/2482/726 2616/2483/588 2615/2484/574
f 2627/2485/725 2615/2469/574 2623/2478/724
f 2628/2486/727 2623/2487/724 2624/2488/723
f 2617/2462/720 2624/2488/723 2623/2487/724
s 0
f 2630/2489/549 2631/2490/549 2629/2491/549
f 2632/2492/542 2635/2493/542 2631/2494/542
f 2636/2495/551 2633/2496/551 2635/2497/551
f 2634/2498/543 2629/2499/543 2633/2500/543
f 2635/2501/554 2629/2502/554 2631/2503/554
f 2632/2504/550 2634/2505/550 2636/2506/550
s 1
f 2643/2460/718 2640/2461/719 2639/2462/720
f 2641/2463/721 2644/2464/596 2643/2465/718
f 2637/2466/574 2642/2467/575 2641/2468/721
f 2637/2469/574 2643/2470/718 2639/2471/720
f 2642/2472/575 2640/2473/719 2644/2474/596
f 2648/2475/722 2646/2476/723 2638/2477/588
f 2638/2477/588 2646/2476/723 2640/2473/719
f 2639/2471/720 2645/2478/724 2637/2469/574
f 2649/2479/725 2648/2480/722 2647/2481/726
f 2647/2482/726 2638/2483/588 2637/2484/574
f 2649/2485/725 2637/2469/574 2645/2478/724
f 2650/2486/727 2645/2487/724 2646/2488/723
f 2639/2462/720 2646/2488/723 2645/2487/724
s 0
f 2652/2489/549 2653/2490/549 2651/2491/549
f 2654/2492/542 2657/2493/542 2653/2494/542
f 2658/2495/551 2655/2496/551 2657/2497/551
f 2656/2498/543 2651/2499/543 2655/2500/543
f 2657/2501/554 2651/2502/554 2653/2503/554
f 2654/2504/550 2656/2505/550 2658/2506/550
s 1
f 2665/2460/718 2662/2461/719 2661/2462/720
f 2663/2463/721 2666/2464/596 2665/2465/718
f 2659/2466/574 2664/2467/575 2663/2468/721
f 2659/2469/574 2665/2470/718 2661/2471/720
f 2664/2472/575 2662/2473/719 2666/2474/596
f 2670/2475/722 2668/2476/723 2660/2477/588
f 2660/2477/588 2668/2476/723 2662/2473/719
f 2661/2471/720 2667/2478/724 2659/2469/574
f 2671/2479/725 2670/2480/722 2669/2481/726
f 2669/2482/726 2660/2483/588 2659/2484/574
f 2671/2485/725 2659/2469/574 2667/2478/724
f 2672/2486/727 2667/2487/724 2668/2488/723
f 2661/2462/720 2668/2488/723 2667/2487/724
s 0
f 2674/2489/549 2675/2490/549 2673/2491/549
f 2676/2492/542 2679/2493/542 2675/2494/542
f 2680/2495/551 2677/2496/551 2679/2497/551
f 2678/2498/543 2673/2499/543 2677/2500/543
f 2679/2501/554 2673/2502/554 2675/2503/554
f 2676/2504/550 2678/2505/550 2680/2506/550
s 1
f 2687/2460/718 2684/2461/719 2683/2462/720
f 2685/2463/721 2688/2464/596 2687/2465/718
f 2681/2466/574 2686/2467/575 2685/2468/721
f 2681/2469/574 2687/2470/718 2683/2471/720
f 2686/2472/575 2684/2473/719 2688/2474/596
f 2692/2475/722 2690/2476/723 2682/2477/588
f 2682/2477/588 2690/2476/723 2684/2473/719
f 2683/2471/720 2689/2478/724 2681/2469/574
f 2693/2479/725 2692/2480/722 2691/2481/726
f 2691/2482/726 2682/2483/588 2681/2484/574
f 2693/2485/725 2681/2469/574 2689/2478/724
f 2694/2486/727 2689/2487/724 2690/2488/723
f 2683/2462/720 2690/2488/723 2689/2487/724
s 0
f 2696/2489/549 2697/2490/549 2695/2491/549
f 2698/2492/542 2701/2493/542 2697/2494/542
f 2702/2495/551 2699/2496/551 2701/2497/551
f 2700/2498/543 2695/2499/543 2699/2500/543
f 2701/2501/554 2695/2502/554 2697/2503/554
f 2698/2504/550 2700/2505/550 2702/2506/550
s 1
f 1675/2507/761 2704/2508/1068 1676/2517/1069
f 2705/2510/839 2704/2508/1068 2703/2509/1070
f 2707/2512/841 2706/2511/842 2705/2510/839
f 2709/2514/762 2708/2513/843 2707/2512/841
f 1701/2515/749 2714/2516/844 2710/2516/845
f 2714/2516/844 2708/2513/843 2710/2516/845
f 2711/2508/1071 1676/2517/1069 2704/2508/1068
f 2713/2513/847 2706/2511/842 2708/2513/843
f 2712/2511/854 2704/2508/1068 2706/2511/842
f 2707/2512/542 2718/2514/542 2709/2514/542
f 1675/2507/542 2715/2509/542 2703/2509/542
f 2705/2510/542 2717/2512/542 2707/2512/542
f 2703/2509/542 2716/2510/542 2705/2510/542
f 2719/2509/1072 2716/2510/850 2715/2509/1072
f 2720/2510/851 2717/2512/852 2716/2510/850
f 2721/2512/852 2718/2514/742 2717/2512/852
f 1690/2507/748 2719/2509/1072 2715/2509/1072
f 2718/2514/542 1700/2518/542 2709/2514/542
f 2722/2514/742 1703/2518/550 2718/2514/742
f 1700/2518/554 2710/2516/845 2709/2514/762
s 0
f 2722/2521/542 2720/2520/542 1695/2519/542
s 1
f 2712/2511/854 2714/2516/844 1686/2517/1073
f 2724/2523/554 2725/2522/797 2723/2524/765
f 2726/2526/799 2727/2525/795 2725/2522/797
f 2728/2528/798 2729/2527/793 2727/2525/795
f 2730/2530/796 2731/2529/792 2729/2531/793
f 2732/2533/794 2733/2532/790 2731/2529/792
f 2734/2535/551 2735/2534/788 2733/2532/790
f 2736/2537/791 2737/2536/786 2735/2534/788
f 2738/2539/789 2739/2538/784 2737/2536/786
f 2740/2541/787 2741/2540/783 2739/2542/784
f 2742/2544/785 2743/2543/781 2741/2540/783
f 2744/2546/550 2745/2545/779 2743/2543/781
f 2746/2548/782 2747/2547/777 2745/2545/779
f 2748/2550/780 2749/2549/775 2747/2551/777
f 2750/2553/778 2751/2552/774 2749/2549/775
f 2752/2555/776 2753/2554/772 2751/2552/774
f 2754/2557/549 2755/2556/770 2753/2554/772
f 2756/2559/773 2757/2558/768 2755/2556/770
f 2758/2561/771 2759/2560/766 2757/2562/768
f 2724/2563/542 2782/2564/542 2764/2682/542
f 2760/2567/769 2761/2566/764 2759/2560/766
f 2762/2568/767 2723/2524/765 2761/2566/764
f 2735/2570/788 2808/2569/824 2733/2571/790
f 2768/2573/806 2789/2572/803 2769/2574/803
f 2728/2576/542 2766/2575/542 2730/2577/542
f 2740/2578/542 2770/2579/542 2771/2684/542
f 2724/2563/542 2763/2581/542 2726/2582/542
f 2750/2583/542 2775/2584/542 2776/2602/542
f 2758/2587/542 2781/2586/542 2760/2588/542
f 2734/2590/542 2769/2589/542 2736/2591/542
f 2746/2592/542 2773/2593/542 2774/2603/542
f 2756/2595/542 2778/2596/542 2779/2604/542
f 2732/2598/542 2766/2575/542 2767/2605/542
f 2740/2578/542 2772/2599/542 2742/2600/542
f 2752/2601/542 2776/2602/542 2777/2606/542
f 2760/2588/542 2782/2564/542 2762/2565/542
f 2728/2576/542 2763/2581/542 2765/2686/542
f 2736/2591/542 2770/2579/542 2738/2580/542
f 2748/2585/542 2774/2603/542 2775/2584/542
f 2758/2587/542 2779/2604/542 2780/2685/542
f 2734/2590/542 2767/2605/542 2768/2687/542
f 2742/2600/542 2773/2593/542 2744/2594/542
f 2754/2597/542 2777/2606/542 2778/2596/542
f 2797/2688/542 2789/2689/542 2785/2690/542
f 2777/2612/801 2796/2647/805 2797/2610/801
f 2769/2574/803 2790/2613/804 2770/2614/804
f 2777/2612/801 2798/2615/802 2778/2616/802
f 2770/2618/804 2791/2617/820 2771/2619/820
f 2763/2620/819 2784/2621/809 2783/2628/819
f 2778/2616/802 2799/2623/818 2779/2624/818
f 2771/2619/820 2792/2625/817 2772/2626/817
f 2765/2627/816 2783/2628/819 2785/2633/816
f 2779/2624/818 2800/2629/815 2780/2630/815
f 2773/2631/814 2792/2625/817 2793/2637/814
f 2766/2632/813 2785/2633/816 2786/2691/813
f 2781/2635/812 2800/2629/815 2801/2634/812
f 2774/2636/811 2793/2637/814 2794/2692/811
f 2767/2638/810 2786/2639/813 2787/2646/810
f 2782/2641/808 2801/2642/812 2802/2693/808
f 2774/2636/811 2795/2644/807 2775/2645/807
f 2767/2638/810 2788/2683/806 2768/2573/806
f 2782/2641/808 2784/2621/809 2764/2622/809
f 2775/2648/807 2796/2647/805 2776/2611/805
f 2810/2670/821 2818/2654/800 2822/2678/822
f 2743/2651/781 2814/2652/826 2813/2694/855
f 2755/2655/770 2818/2654/800 2753/2656/772
f 2731/2658/792 2806/2657/830 2729/2659/793
f 2739/2660/784 2812/2661/823 2811/2681/829
f 2751/2663/774 2816/2649/828 2749/2664/775
f 2761/2666/764 2821/2665/834 2759/2667/766
f 2727/2668/795 2804/2650/833 2725/2669/797
f 2737/2671/786 2809/2695/832 2735/2570/788
f 2747/2673/777 2814/2652/826 2745/2653/779
f 2755/2655/770 2820/2674/825 2819/2696/831
f 2733/2571/790 2807/2676/1074 2731/2658/792
f 2743/2651/781 2812/2661/823 2741/2662/783
f 2753/2656/772 2817/2677/1075 2751/2663/774
f 2723/2679/765 2822/2678/822 2761/2666/764
f 2729/2659/793 2805/2680/827 2727/2668/795
f 2737/2671/786 2811/2681/829 2810/2670/821
f 2749/2664/775 2815/2672/835 2747/2673/777
f 2723/2679/765 2804/2650/833 2803/2697/860
f 2759/2667/766 2820/2674/825 2757/2675/768
f 1676/2517/1076 2823/2509/1077 1675/2507/1078
f 2824/2508/1079 2825/2510/745 2823/2509/1077
f 2826/2511/746 2827/2512/681 2825/2510/745
f 2828/2513/747 2829/2514/748 2827/2512/681
f 1701/2515/749 2834/2516/750 1702/2515/751
f 2828/2513/747 2834/2516/750 2830/2516/752
f 2824/2508/1079 1686/2517/1080 2831/2508/1081
f 2826/2511/746 2833/2513/753 2828/2513/747
f 2826/2511/746 2831/2508/1081 2832/2511/756
f 2827/2512/542 2838/2514/542 2837/2512/542
f 2823/2509/542 1690/2507/542 1675/2507/542
f 2827/2512/542 2836/2510/542 2825/2510/542
f 2823/2509/542 2836/2510/542 2835/2509/542
f 2836/2510/757 2839/2509/1082 2835/2509/1082
f 2837/2512/759 2840/2510/760 2836/2510/757
f 2838/2514/761 2841/2512/759 2837/2512/759
f 2835/2509/1082 1695/2507/1083 1690/2507/1083
f 1700/2518/542 2838/2514/542 2829/2514/542
f 2838/2514/761 1704/2518/550 2842/2514/761
f 2829/2514/748 1701/2515/749 1700/2518/554
s 0
f 1695/2519/542 2840/2520/542 2842/2521/542
s 1
f 1686/2517/1080 2834/2516/750 2832/2511/756
f 2845/2522/764 2844/2523/554 2843/2524/765
f 2847/2525/766 2846/2526/767 2845/2522/764
f 2849/2527/768 2848/2528/769 2847/2525/766
f 2851/2529/770 2850/2530/771 2849/2531/768
f 2853/2532/772 2852/2533/773 2851/2529/770
f 2855/2534/774 2854/2535/549 2853/2532/772
f 2857/2536/775 2856/2537/776 2855/2534/774
f 2859/2538/777 2858/2539/778 2857/2536/775
f 2861/2540/779 2860/2541/780 2859/2542/777
f 2863/2543/781 2862/2544/782 2861/2540/779
f 2865/2545/783 2864/2546/550 2863/2543/781
f 2867/2547/784 2866/2548/785 2865/2545/783
f 2869/2549/786 2868/2550/787 2867/2551/784
f 2871/2552/788 2870/2553/789 2869/2549/786
f 2873/2554/790 2872/2555/791 2871/2552/788
f 2875/2556/792 2874/2557/551 2873/2554/790
f 2877/2558/793 2876/2559/794 2875/2556/792
f 2879/2560/795 2878/2561/796 2877/2562/793
f 2844/2563/542 2902/2564/542 2882/2565/542
f 2881/2566/797 2880/2567/798 2879/2560/795
f 2843/2524/765 2882/2568/799 2881/2566/797
f 2928/2569/800 2855/2570/774 2853/2571/772
f 2889/2574/801 2908/2683/802 2888/2573/802
f 2886/2575/542 2848/2576/542 2850/2577/542
f 2891/2684/542 2858/2580/542 2860/2578/542
f 2883/2581/542 2844/2563/542 2846/2582/542
f 2896/2602/542 2868/2585/542 2870/2583/542
f 2880/2588/542 2900/2685/542 2878/2587/542
f 2889/2589/542 2854/2590/542 2856/2591/542
f 2866/2592/542 2893/2593/542 2864/2594/542
f 2876/2595/542 2898/2596/542 2874/2597/542
f 2887/2605/542 2850/2577/542 2852/2598/542
f 2892/2599/542 2860/2578/542 2862/2600/542
f 2872/2601/542 2896/2602/542 2870/2583/542
f 2902/2564/542 2880/2588/542 2882/2565/542
f 2848/2576/542 2883/2581/542 2846/2582/542
f 2890/2579/542 2856/2591/542 2858/2580/542
f 2868/2585/542 2894/2603/542 2866/2592/542
f 2900/2685/542 2876/2595/542 2878/2587/542
f 2888/2687/542 2852/2598/542 2854/2590/542
f 2893/2593/542 2862/2600/542 2864/2594/542
f 2874/2597/542 2897/2606/542 2872/2601/542
f 2911/2607/542 2919/2608/542 2904/2609/542
f 2917/2610/803 2896/2611/804 2897/2612/803
f 2910/2613/805 2889/2574/801 2890/2614/805
f 2898/2616/806 2917/2610/803 2897/2612/803
f 2911/2617/807 2890/2618/805 2891/2619/807
f 2883/2620/808 2904/2621/809 2884/2622/809
f 2919/2623/810 2898/2616/806 2899/2624/810
f 2892/2626/811 2911/2617/807 2891/2619/807
f 2905/2633/812 2883/2620/808 2885/2627/812
f 2920/2629/813 2899/2624/810 2900/2630/813
f 2913/2637/814 2892/2626/811 2893/2631/814
f 2886/2632/815 2905/2633/812 2885/2627/812
f 2921/2634/816 2900/2630/813 2901/2635/816
f 2894/2636/817 2913/2637/814 2893/2631/814
f 2887/2638/818 2906/2639/815 2886/2640/815
f 2922/2693/819 2901/2643/816 2902/2641/819
f 2915/2644/820 2894/2636/817 2895/2645/820
f 2908/2683/802 2887/2638/818 2888/2573/802
f 2904/2621/809 2902/2641/819 2884/2622/809
f 2916/2647/804 2895/2648/820 2896/2611/804
f 2936/2649/821 2928/2569/800 2924/2650/822
f 2933/2694/855 2865/2653/783 2863/2651/781
f 2938/2654/824 2875/2655/792 2873/2656/790
f 2926/2657/825 2851/2658/770 2849/2659/768
f 2859/2660/777 2932/2661/826 2861/2662/779
f 2869/2664/786 2937/2677/832 2871/2663/788
f 2941/2665/827 2881/2666/797 2879/2667/795
f 2845/2669/764 2925/2680/834 2847/2668/766
f 2929/2695/856 2857/2671/775 2855/2570/774
f 2934/2652/823 2867/2673/784 2865/2653/783
f 2939/2696/859 2877/2675/793 2875/2655/792
f 2851/2658/770 2928/2569/800 2853/2571/772
f 2932/2661/826 2863/2651/781 2861/2662/779
f 2937/2677/832 2873/2656/790 2871/2663/788
f 2942/2678/833 2843/2679/765 2881/2666/797
f 2925/2680/834 2849/2659/768 2847/2668/766
f 2857/2671/775 2931/2681/835 2859/2660/777
f 2935/2672/1084 2869/2664/786 2867/2673/784
f 2843/2679/765 2924/2650/822 2845/2669/764
f 2877/2675/793 2941/2665/827 2879/2667/795
f 2944/2699/554 2945/2698/880 2943/2700/862
f 2946/2702/767 2947/2701/879 2945/2698/880
f 2948/2704/769 2949/2703/878 2947/2701/879
f 2950/2706/771 2951/2705/877 2949/2707/878
f 2952/2709/773 2953/2708/875 2951/2705/877
f 2954/2711/549 2955/2710/876 2953/2708/875
f 2956/2713/776 2957/2712/874 2955/2710/876
f 2958/2715/778 2959/2714/873 2957/2712/874
f 2960/2717/780 2961/2716/872 2959/2718/873
f 2962/2720/782 2963/2719/871 2961/2716/872
f 2964/2722/550 2965/2721/870 2963/2719/871
f 2966/2724/785 2967/2723/869 2965/2721/870
f 2968/2726/787 2969/2725/868 2967/2723/869
f 2969/2725/868 2972/2727/791 2971/2855/867
f 2972/2730/791 2973/2729/866 2971/2731/867
f 2974/2733/551 2975/2732/865 2973/2729/866
f 2976/2735/794 2977/2734/864 2975/2732/865
f 2977/2734/864 2980/2917/798 2979/2736/863
f 2982/2739/543 2984/2738/543 2944/2740/543
f 2980/2742/798 2981/2741/861 2979/2743/863
f 2982/2744/799 2943/2700/862 2981/2741/861
f 2953/2745/875 3029/2746/1085 3028/2823/906
f 2988/2749/887 3009/2748/884 2989/2750/884
f 2948/2752/543 2986/2751/543 2950/2753/543
f 2960/2754/543 2990/2755/543 2991/2856/543
f 2944/2740/543 2983/2757/543 2946/2758/543
f 2968/2760/543 2996/2759/543 2970/2761/543
f 2980/2762/543 3000/2763/543 3001/2779/543
f 2954/2766/543 2989/2765/543 2956/2767/543
f 2964/2769/543 2994/2768/543 2966/2770/543
f 2976/2771/543 2998/2772/543 2999/2858/543
f 2950/2753/543 2987/2774/543 2952/2775/543
f 2960/2754/543 2992/2776/543 2962/2777/543
f 2972/2778/543 2996/2759/543 2997/2782/543
f 2982/2739/543 3001/2779/543 3002/2859/543
f 2948/2752/543 2983/2757/543 2985/2860/543
f 2956/2767/543 2990/2755/543 2958/2756/543
f 2966/2770/543 2995/2780/543 2968/2760/543
f 2978/2764/543 2999/2858/543 3000/2763/543
f 2952/2775/543 2988/2781/543 2954/2766/543
f 2964/2769/543 2992/2776/543 2993/2857/543
f 2974/2773/543 2997/2782/543 2998/2772/543
f 3017/2861/543 3009/2862/543 3005/2863/543
f 2996/2787/886 3017/2786/882 2997/2788/882
f 2990/2789/885 3009/2748/884 3010/2792/885
f 2998/2790/883 3017/2786/882 3018/2864/883
f 2991/2791/901 3010/2792/885 3011/2865/901
f 2984/2794/890 3003/2793/900 2983/2795/900
f 2998/2790/883 3019/2796/899 2999/2797/899
f 2991/2791/901 3012/2798/898 2992/2799/898
f 2983/2795/900 3005/2867/897 2985/2800/897
f 2999/2797/899 3020/2868/896 3000/2801/896
f 2993/2802/895 3012/2803/898 3013/2810/895
f 2985/2800/897 3006/2805/894 2986/2806/894
f 3000/2801/896 3021/2807/893 3001/2808/893
f 2994/2809/892 3013/2810/895 3014/2815/892
f 2986/2806/894 3007/2811/891 2987/2812/891
f 3001/2808/893 3022/2869/889 3002/2813/889
f 2995/2814/888 3014/2815/892 3015/2821/888
f 2988/2749/887 3007/2816/891 3008/2870/887
f 2984/2794/890 3022/2818/889 3004/2866/890
f 2995/2814/888 3016/2871/886 2996/2820/886
f 3030/2845/902 3038/2828/903 3042/2872/904
f 2963/2825/871 3034/2826/908 3033/2852/915
f 2975/2829/865 3038/2828/903 2973/2830/866
f 2951/2832/877 3026/2831/913 2949/2833/878
f 2959/2834/873 3032/2835/905 3031/2873/917
f 2969/2838/868 3037/2874/918 3036/2822/911
f 2979/2841/863 3042/2872/904 3041/2839/1086
f 2945/2842/880 3025/2843/919 3024/2824/920
f 2955/2747/876 3030/2845/902 3029/2746/1085
f 2965/2827/870 3035/2847/1087 3034/2826/908
f 2977/2850/864 3039/2875/922 2975/2829/865
f 2953/2745/875 3027/2851/923 2951/2832/877
f 2961/2836/872 3033/2852/915 3032/2835/905
f 2971/2837/867 3038/2828/903 3037/2874/918
f 2981/2840/861 3023/2853/916 3042/2872/904
f 2949/2833/878 3025/2843/919 2947/2844/879
f 2957/2846/874 3031/2873/917 3030/2845/902
f 2967/2848/869 3036/2822/911 3035/2847/1087
f 2943/2854/862 3024/2824/920 3023/2853/916
f 2979/2841/863 3040/2849/907 2977/2850/864
f 3043/2700/862 3046/2702/799 3044/2699/554
f 3047/2701/863 3046/2702/799 3045/2698/861
f 3049/2703/864 3048/2704/798 3047/2701/863
f 3051/2705/865 3050/2706/796 3049/2707/864
f 3053/2708/866 3052/2709/794 3051/2705/865
f 3055/2710/867 3054/2711/551 3053/2708/866
f 3057/2712/868 3056/2713/791 3055/2710/867
f 3059/2714/869 3058/2715/789 3057/2712/868
f 3061/2716/870 3060/2717/787 3059/2718/869
f 3063/2719/871 3062/2720/785 3061/2716/870
f 3065/2721/872 3064/2722/550 3063/2719/871
f 3067/2723/873 3066/2724/782 3065/2721/872
f 3069/2725/874 3068/2726/780 3067/2723/873
f 3071/2855/876 3070/2728/778 3069/2725/874
f 3073/2729/875 3072/2730/776 3071/2731/876
f 3075/2732/877 3074/2733/549 3073/2729/875
f 3077/2734/878 3076/2735/773 3075/2732/877
f 3079/2736/879 3078/2737/771 3077/2734/878
f 3084/2738/543 3082/2739/543 3044/2740/543
f 3081/2741/880 3080/2742/769 3079/2743/879
f 3043/2700/862 3082/2744/767 3081/2741/880
f 3128/2823/903 3055/2747/867 3053/2745/866
f 3109/2748/882 3088/2749/883 3089/2750/882
f 3086/2751/543 3048/2752/543 3050/2753/543
f 3091/2856/543 3058/2756/543 3060/2754/543
f 3046/2758/543 3084/2738/543 3044/2740/543
f 3096/2759/543 3068/2760/543 3070/2761/543
f 3080/2762/543 3100/2763/543 3078/2764/543
f 3089/2765/543 3054/2766/543 3056/2767/543
f 3066/2770/543 3093/2857/543 3064/2769/543
f 3076/2771/543 3098/2772/543 3074/2773/543
f 3087/2774/543 3050/2753/543 3052/2775/543
f 3062/2777/543 3091/2856/543 3060/2754/543
f 3072/2778/543 3096/2759/543 3070/2761/543
f 3102/2859/543 3080/2762/543 3082/2739/543
f 3048/2752/543 3083/2757/543 3046/2758/543
f 3058/2756/543 3089/2765/543 3056/2767/543
f 3068/2760/543 3094/2768/543 3066/2770/543
f 3100/2763/543 3076/2771/543 3078/2764/543
f 3054/2766/543 3087/2774/543 3052/2775/543
f 3093/2857/543 3062/2777/543 3064/2769/543
f 3098/2772/543 3072/2778/543 3074/2773/543
f 3111/2783/543 3119/2784/543 3104/2785/543
f 3117/2786/884 3096/2787/885 3097/2788/884
f 3110/2792/886 3089/2750/882 3090/2789/886
f 3098/2790/887 3117/2786/884 3097/2788/884
f 3091/2791/888 3110/2792/886 3090/2789/886
f 3103/2793/889 3084/2794/890 3083/2795/889
f 3119/2796/891 3098/2790/887 3099/2797/891
f 3092/2799/892 3111/2865/888 3091/2791/888
f 3085/2800/893 3103/2793/889 3083/2795/889
f 3100/2801/894 3119/2796/891 3099/2797/891
f 3113/2810/895 3092/2804/892 3093/2802/895
f 3106/2805/896 3085/2800/893 3086/2806/896
f 3121/2807/897 3100/2801/894 3101/2808/897
f 3114/2815/898 3093/2802/895 3094/2809/898
f 3087/2812/899 3106/2805/896 3086/2806/896
f 3102/2813/900 3121/2807/897 3101/2808/897
f 3115/2821/901 3094/2809/898 3095/2814/901
f 3088/2749/883 3107/2816/899 3087/2817/899
f 3104/2866/890 3102/2819/900 3084/2794/890
f 3096/2820/885 3115/2821/901 3095/2814/901
f 3136/2822/902 3128/2823/903 3124/2824/904
f 3063/2825/871 3134/2826/905 3065/2827/872
f 3138/2828/906 3075/2829/877 3073/2830/875
f 3126/2831/907 3051/2832/865 3049/2833/864
f 3131/2873/924 3061/2836/870 3059/2834/869
f 3136/2822/902 3071/2837/876 3069/2838/874
f 3141/2839/919 3081/2840/880 3079/2841/879
f 3045/2842/861 3125/2843/910 3047/2844/863
f 3055/2747/867 3130/2845/911 3057/2846/868
f 3134/2826/905 3067/2848/873 3065/2827/872
f 3075/2829/877 3140/2849/913 3077/2850/878
f 3051/2832/865 3128/2823/903 3053/2745/866
f 3061/2836/870 3133/2852/915 3063/2825/871
f 3071/2837/876 3138/2828/906 3073/2830/875
f 3142/2872/920 3043/2854/862 3081/2840/880
f 3125/2843/910 3049/2833/864 3047/2844/863
f 3057/2846/868 3131/2873/924 3059/2834/869
f 3067/2848/873 3136/2822/902 3069/2838/874
f 3123/2853/916 3045/2842/861 3043/2854/862
f 3077/2850/878 3141/2839/919 3079/2841/879
s 0
f 1091/1911/542 1081/2918/542 1083/1912/542
f 1074/1914/543 1067/2876/543 1070/1915/543
s 1
f 1089/1917/542 1107/1960/567 1100/1918/544
s 0
f 1077/1920/542 1081/2918/542 1091/1911/542
f 1091/1911/542 1092/1944/542 1073/1919/542
s 1
f 1108/1921/546 1076/2877/550 1097/1922/547
s 0
f 1083/1912/542 1079/2878/542 1089/1917/542
f 1081/1924/549 1068/2919/549 1071/1925/549
f 1087/1927/542 1071/2920/542 1068/1928/542
f 1077/1930/550 1085/2921/550 1068/1931/550
f 1090/1933/551 1094/1937/551 1070/1934/551
s 1
f 1101/1936/552 1098/1956/564 1070/1934/551
s 0
f 1070/1915/543 1098/2922/543 1099/1938/543
f 1099/1938/543 1097/2923/543 1076/1939/543
f 1076/1939/543 1075/1916/543 1070/1915/543
f 1083/1940/554 1071/2924/554 1087/1941/554
s 1
f 1100/1918/544 1106/1959/562 1104/1946/559
f 1101/1936/552 1103/2879/560 1104/1948/559
f 1102/1923/548 1105/1955/561 1104/1950/559
f 1093/1952/557 1096/1954/563 1094/1937/553
f 1091/1911/558 1095/1913/545 1096/1953/563
f 1096/1954/563 1103/2879/560 1101/1936/552
f 1095/1913/545 1100/1918/544 1103/1947/560
f 1097/1922/547 1099/2880/565 1105/1955/561
f 1098/1956/564 1101/1936/552 1105/1949/561
f 1102/1923/548 1106/1951/562 1109/1958/566
f 1106/1959/562 1100/1918/544 1107/1960/567
f 1140/1962/568 1110/1994/574 1112/1963/569
f 1154/1965/571 1153/2925/605 1149/1966/572
f 1110/1968/574 1111/2926/588 1113/1969/575
f 1141/1971/576 1142/1983/583 1150/1972/573
f 1113/1976/575 1147/2927/581 1146/1974/577
f 1146/1974/577 1145/2928/582 1144/1975/570
f 1144/1975/570 1112/2929/569 1113/1976/575
f 1196/1977/578 1153/2925/605 1154/1965/571
f 1113/1979/575 1111/1991/588 1143/1980/580
f 1145/1982/582 1146/2930/577 1142/1983/583
f 1198/1984/584 1155/2139/604 1115/1985/585
f 1114/1987/587 1115/2931/585 1111/1988/588
f 1115/1985/585 1155/2139/604 1151/1990/589
f 1148/1992/590 1152/2085/601 1114/1993/587
f 1156/1995/568 1116/2027/574 1118/1996/569
f 1170/1998/571 1169/2932/605 1165/1999/572
f 1116/2001/574 1117/2933/588 1119/2002/575
f 1157/2004/576 1158/2016/583 1166/2005/573
f 1119/2009/575 1163/2934/581 1162/2007/577
f 1162/2007/577 1161/2935/582 1160/2008/570
f 1160/2008/570 1118/2936/569 1119/2009/575
f 1208/2010/578 1169/2932/605 1170/1998/571
f 1119/2012/575 1117/2024/588 1159/2013/580
f 1161/2015/582 1162/2937/577 1158/2016/583
f 1210/2017/584 1171/2148/604 1121/2018/585
f 1120/2020/587 1121/2938/585 1117/2021/588
f 1121/2018/585 1171/2148/604 1167/2023/589
f 1164/2025/590 1168/2109/601 1120/2026/587
f 1172/2028/568 1122/2060/574 1124/2029/569
f 1186/2031/571 1185/2939/605 1181/2032/572
f 1122/2034/574 1123/2940/588 1125/2035/575
f 1173/2037/591 1174/2049/583 1182/2038/573
f 1125/2042/575 1179/2941/581 1178/2040/577
f 1178/2040/577 1177/2942/582 1176/2041/570
f 1176/2041/570 1124/2943/569 1125/2042/575
f 1220/2043/578 1185/2939/605 1186/2031/571
f 1125/2045/575 1123/2057/588 1175/2046/580
f 1177/2048/582 1178/2944/577 1174/2049/583
f 1222/2050/584 1187/2157/604 1127/2051/585
f 1122/2053/574 1126/2126/587 1127/2054/585
f 1127/2051/585 1187/2157/604 1183/2056/589
f 1180/2058/590 1184/2131/601 1126/2059/587
f 1131/2065/596 1129/2945/586 1128/2066/594
f 1199/2068/579 1191/2086/602 1188/2069/598
f 1192/2073/600 1195/2946/607 1194/2071/599
f 1194/2071/599 1131/2947/596 1130/2072/597
f 1130/2072/597 1193/2948/606 1192/2073/600
f 1190/2061/592 1129/1986/586 1131/2074/596
f 1189/2076/593 1193/2161/606 1130/2077/597
f 1129/2079/586 1115/2931/585 1114/1987/587
f 1155/2083/543 1154/2949/543 1153/2081/543
f 1153/2081/543 1152/2950/543 1114/2082/543
f 1114/2082/543 1115/2951/543 1155/2083/543
f 1197/2084/595 1128/2078/594 1114/1993/587
f 1191/2086/602 1195/2952/607 1192/2087/600
f 1135/2092/596 1133/2953/586 1132/2093/594
f 1211/2095/579 1203/2110/602 1200/2096/598
f 1204/2100/600 1207/2954/607 1206/2098/599
f 1206/2098/599 1135/2955/596 1134/2099/597
f 1134/2099/597 1205/2956/606 1204/2100/600
f 1202/2088/592 1133/2019/586 1135/2101/596
f 1201/2062/593 1205/2168/606 1134/2103/597
f 1133/2104/586 1121/2938/585 1120/2020/587
f 1171/2108/543 1170/2957/543 1169/2106/543
f 1169/2106/543 1168/2958/543 1120/2107/543
f 1120/2107/543 1121/2959/543 1171/2108/543
f 1209/2064/595 1132/2063/594 1120/2026/587
f 1203/2110/602 1207/2960/607 1204/2111/600
f 1139/2113/596 1137/2961/586 1136/2114/594
f 1223/2116/579 1215/2132/602 1212/2117/603
f 1216/2121/600 1219/2962/607 1218/2119/599
f 1218/2119/599 1139/2963/596 1138/2120/597
f 1138/2120/597 1217/2964/606 1216/2121/600
f 1214/2112/592 1137/2052/586 1139/2122/596
f 1213/2089/593 1217/2175/606 1138/2124/597
f 1137/2125/586 1127/2054/585 1126/2126/587
f 1185/2130/542 1186/2965/542 1187/2128/542
f 1187/2128/542 1127/2966/542 1126/2129/542
f 1126/2129/542 1184/2967/542 1185/2130/542
f 1221/2091/595 1136/2090/594 1126/2059/587
f 1215/2132/602 1219/2968/607 1216/2133/600
f 1144/2134/570 1145/1982/582 1141/1971/576
f 1142/2136/583 1146/2969/577 1147/1981/581
f 1141/1971/576 1149/1973/572 1148/2137/590
f 1151/1990/589 1150/2138/573 1142/2136/583
f 1150/2138/573 1151/1990/589 1155/2139/604
f 1152/2085/601 1148/1992/590 1149/2141/572
f 1160/2143/570 1161/2015/582 1157/2004/576
f 1158/2145/583 1162/2970/577 1163/2014/581
f 1157/2004/576 1165/2006/572 1164/2146/590
f 1167/2023/589 1166/2147/573 1158/2145/583
f 1166/2147/573 1167/2023/589 1171/2148/604
f 1168/2109/601 1164/2025/590 1165/2150/572
f 1176/2152/570 1177/2048/582 1173/2037/591
f 1174/2154/583 1178/2971/577 1179/2047/581
f 1173/2037/591 1181/2039/572 1180/2155/590
f 1183/2056/589 1182/2156/573 1174/2154/583
f 1182/2156/573 1183/2056/589 1187/2157/604
f 1184/2131/601 1180/2058/590 1181/2159/572
f 1193/2161/606 1189/2076/593 1188/2162/598
f 1191/2164/602 1190/2061/592 1194/2075/599
f 1188/2162/598 1189/2076/593 1197/2084/595
f 1198/1984/584 1190/2061/592 1191/2164/602
f 1199/2167/579 1154/2140/571 1155/2139/604
f 1152/2085/601 1153/2142/605 1196/2166/578
f 1205/2168/606 1201/2062/593 1200/2169/598
f 1203/2171/602 1202/2088/592 1206/2102/599
f 1200/2169/598 1201/2062/593 1209/2064/595
f 1210/2017/584 1202/2088/592 1203/2171/602
f 1211/2174/579 1170/2149/571 1171/2148/604
f 1168/2109/601 1169/2151/605 1208/2173/578
f 1217/2175/606 1213/2089/593 1212/2176/603
f 1215/2178/602 1214/2112/592 1218/2123/599
f 1212/2176/603 1213/2089/593 1221/2091/595
f 1222/2050/584 1214/2112/592 1215/2178/602
f 1223/2181/579 1186/2158/571 1187/2157/604
f 1184/2131/601 1185/2160/605 1220/2180/578
f 1276/2182/608 1289/2279/636 1284/2183/609
s 0
f 1281/2187/1088 1361/2240/1088 1364/2185/1088
f 1364/2185/1089 1273/2265/1089 1272/2186/1089
f 1272/2186/1090 1279/2273/1090 1281/2187/1090
f 1363/2188/551 1364/2185/551 1358/2189/551
f 1257/2191/542 1376/2248/542 1366/2192/542
f 1323/2972/543 1321/2973/543 1250/2974/543
f 1241/2205/543 1325/2975/543 1324/2976/543
f 1241/2205/543 1324/2976/543 1329/2977/543
f 1322/2978/543 1323/2972/543 1250/2974/543
f 1328/2979/543 1322/2978/543 1250/2974/543
f 1360/2195/543 1241/2205/543 1329/2977/543
f 1360/2195/543 1329/2977/543 1318/2980/543
f 1328/2979/543 1250/2974/543 1365/2194/543
f 1327/2981/543 1328/2979/543 1365/2194/543
f 1360/2195/543 1318/2980/543 1320/2982/543
f 1360/2195/543 1320/2982/543 1319/2881/543
f 1326/2196/543 1327/2981/543 1365/2194/543
f 1360/2195/543 1319/2881/543 1326/2196/543
f 1265/2197/542 1247/2882/542 1245/2198/542
s 1
f 1370/2200/612 1377/2263/628 1374/2201/613
s 0
f 1245/2198/542 1247/2882/542 1362/2203/542
f 1241/2205/543 1360/2195/543 1369/2206/543
f 1394/2208/543 1381/2435/543 1379/2209/543
f 1393/2213/551 1395/2983/551 1394/2885/551
f 1394/2885/551 1390/2984/551 1392/2211/551
f 1392/2211/551 1391/2985/551 1396/2884/551
f 1396/2884/551 1398/2986/551 1397/2212/551
f 1397/2212/551 1399/2987/551 1401/2883/551
f 1401/2883/551 1400/2988/551 1393/2213/551
f 1393/2213/551 1394/2885/551 1392/2211/551
f 1392/2211/551 1396/2884/551 1397/2212/551
f 1397/2212/551 1401/2883/551 1393/2213/551
f 1387/2214/550 1382/2437/550 1393/2215/550
f 1387/2219/549 1389/2989/549 1388/2888/549
f 1388/2888/549 1384/2990/549 1386/2217/549
f 1386/2217/549 1385/2991/549 1378/2887/549
f 1378/2887/549 1380/2992/549 1379/2218/549
f 1379/2218/549 1381/2993/549 1383/2886/549
f 1383/2886/549 1382/2994/549 1387/2219/549
f 1387/2219/549 1388/2888/549 1386/2217/549
f 1386/2217/549 1378/2887/549 1379/2218/549
f 1379/2218/549 1383/2886/549 1387/2219/549
f 1388/2220/542 1399/2995/542 1397/2221/542
f 1336/2996/542 1337/2997/542 1247/2882/542
f 1262/2223/542 1257/2191/542 1338/2998/542
f 1262/2223/542 1338/2998/542 1333/2999/542
f 1336/2996/542 1247/2882/542 1265/2197/542
f 1332/2225/542 1336/2996/542 1265/2197/542
f 1262/2223/542 1333/2999/542 1334/2889/542
f 1262/2223/542 1334/2889/542 1335/2224/542
f 1332/2225/542 1265/2197/542 1262/2223/542
f 1297/3000/543 1295/3001/543 1266/3002/543
f 1239/2226/543 1250/2974/543 1296/3003/543
f 1239/2226/543 1296/3003/543 1300/3004/543
f 1297/3000/543 1266/3002/543 1239/2226/543
f 1298/2228/543 1297/3000/543 1239/2226/543
f 1239/2226/543 1300/3004/543 1299/2227/543
s 1
f 1300/2229/615 1309/2315/615 1310/2230/616
s 0
f 1331/2232/543 1325/2975/543 1241/2205/543
f 1241/2205/543 1261/2241/543 1305/3005/543
f 1241/2205/543 1305/3005/543 1301/3006/543
f 1331/2232/543 1241/2205/543 1301/3006/543
f 1331/2232/543 1301/3006/543 1302/2890/543
f 1250/2974/543 1321/2973/543 1330/2234/543
f 1331/2232/543 1302/2890/543 1304/3007/543
f 1303/2233/543 1296/3003/543 1250/2974/543
f 1331/2232/543 1304/3007/543 1303/2233/543
f 1303/2233/543 1250/2974/543 1330/2234/543
f 1303/2235/549 1317/2313/549 1308/2236/549
s 1
f 1357/2238/617 1367/3008/704 1368/2239/618
s 0
f 1261/2241/543 1241/2205/543 1371/2207/543
f 1374/2245/549 1375/3009/549 1262/2243/549
f 1262/2243/549 1261/3010/549 1372/2244/549
f 1372/2244/549 1373/3011/549 1374/2245/549
f 1337/2997/542 1341/3012/542 1342/3013/542
f 1342/3013/542 1339/3014/542 1340/3015/542
f 1337/2997/542 1342/3013/542 1340/3015/542
f 1338/2998/542 1257/2191/542 1356/2193/542
f 1349/3016/542 1338/2998/542 1356/2193/542
f 1247/2882/542 1337/2997/542 1340/3015/542
f 1247/2882/542 1340/3015/542 1343/3017/542
f 1352/3018/542 1349/3016/542 1356/2193/542
f 1353/3019/542 1352/3018/542 1356/2193/542
f 1362/2203/542 1247/2882/542 1343/3017/542
f 1362/2203/542 1343/3017/542 1348/3020/542
f 1350/3021/542 1353/3019/542 1356/2193/542
f 1351/3022/542 1350/3021/542 1356/2193/542
f 1362/2203/542 1348/3020/542 1344/3023/542
f 1362/2203/542 1344/3023/542 1346/2891/542
f 1351/3022/542 1356/2193/542 1362/2203/542
f 1345/2247/542 1351/3022/542 1362/2203/542
f 1362/2203/542 1346/2891/542 1347/2246/542
f 1262/2223/542 1375/3024/542 1376/2248/542
f 1361/2240/1091 1281/2187/1091 1280/2249/1091
f 1280/2249/1092 1275/2271/1092 1277/2250/1092
f 1277/2250/1093 1357/2238/1093 1361/2240/1093
f 1357/2238/1089 1277/2250/1089 1276/2254/1089
f 1276/2254/1094 1267/2267/1094 1269/2255/1094
f 1269/2255/1095 1363/2188/1095 1357/2238/1095
s 1
f 1279/2256/622 1272/2288/643 1286/2257/623
f 1275/2259/625 1280/2277/635 1292/2260/626
f 1368/2262/618 1367/2418/704 1377/2263/628
s 0
f 1273/2265/1093 1364/2185/1093 1363/2188/1093
f 1363/2188/1091 1269/2255/1091 1268/2264/1091
f 1268/2264/1092 1271/2269/1092 1273/2265/1092
f 1365/2194/543 1250/2974/543 1239/2226/543
s 1
f 1293/2258/624 1294/3031/634 1282/2275/633
f 1294/2276/634 1292/2260/626 1280/2277/635
f 1289/2279/636 1276/2182/608 1278/2280/637
f 1291/2282/638 1278/2895/637 1275/2259/625
f 1267/2184/610 1284/2183/609 1285/2283/639
f 1270/2285/640 1285/2896/639 1283/2286/641
f 1272/2288/643 1274/3032/645 1288/2289/644
f 1274/2290/645 1271/2293/647 1287/2291/646
f 1268/2287/642 1283/2286/641 1287/2291/646
s 0
f 1311/2897/543 1310/3033/543 1309/2294/543
f 1309/2294/543 1308/2297/543 1312/2295/543
f 1312/2295/543 1306/2898/543 1307/2296/543
f 1307/2296/543 1311/2897/543 1309/2294/543
f 1405/3034/543 1403/3035/543 1312/2295/543
f 1308/2297/543 1317/3036/543 1316/2298/543
f 1316/2298/543 1315/3037/543 1409/3038/543
f 1316/2298/543 1409/3038/543 1410/3039/543
f 1405/3034/543 1312/2295/543 1308/2297/543
f 1406/3040/543 1405/3034/543 1308/2297/543
f 1316/2298/543 1410/3039/543 1407/2899/543
f 1404/2299/543 1406/3040/543 1308/2297/543
f 1316/2298/543 1407/2899/543 1404/2299/543
f 1408/3041/543 1409/3038/543 1315/3037/543
f 1315/3037/543 1313/3042/543 1314/2300/543
f 1408/3041/543 1315/3037/543 1314/2300/543
f 1402/2301/543 1408/3041/543 1314/2300/543
f 1312/2295/550 1403/3035/550 1402/2301/550
s 1
f 1301/2302/648 1313/2317/648 1315/2303/649
f 1299/2305/616 1310/3043/616 1311/2306/650
f 1302/2308/649 1315/3044/649 1316/2309/651
f 1298/2307/650 1311/2306/650 1307/2311/652
f 1304/2310/651 1316/2309/651 1317/2313/653
s 0
f 1296/2314/549 1308/3045/549 1309/2315/549
f 1305/2316/554 1314/3046/554 1313/2317/554
f 1297/2312/550 1307/2311/550 1306/2318/550
s 1
f 1230/2320/654 1326/2333/654 1319/2321/655
f 1238/2323/656 1331/2905/656 1330/2324/657
f 1233/2326/658 1249/2338/659 1322/2327/659
f 1230/2320/654 1235/3053/660 1327/2332/660
f 1235/2334/660 1233/2326/658 1328/2328/658
f 1321/2336/661 1323/2903/662 1252/2337/662
f 1252/2337/662 1251/2325/657 1330/2324/657
f 1249/2338/659 1252/3054/662 1323/2339/662
f 1225/2340/663 1228/3055/664 1320/2341/664
f 1228/2343/664 1227/2322/655 1319/2321/655
f 1325/2345/665 1331/2905/656 1238/2323/656
f 1238/2323/656 1243/2904/666 1324/2346/666
f 1243/2347/666 1240/2350/667 1329/2348/667
f 1225/2340/663 1318/2342/663 1329/2348/667
f 1338/2353/554 1349/2370/554 1231/2351/554
f 1231/2351/554 1232/2379/668 1333/2352/668
f 1260/2354/669 1253/2390/670 1348/2355/670
f 1234/2360/671 1224/3057/672 1336/2361/672
f 1242/2363/673 1351/2389/673 1345/2364/674
f 1341/2368/676 1337/3058/543 1336/2366/672
f 1336/2366/672 1224/2908/672 1229/2367/675
f 1244/2369/677 1231/2351/554 1349/2370/554
f 1229/2367/675 1258/3062/689 1342/2375/678
f 1226/2365/674 1345/2364/674 1347/2376/679
f 1236/2378/680 1334/2381/680 1333/2352/668
f 1237/2380/681 1335/3063/681 1334/2381/680
f 1234/2360/671 1332/2362/671 1335/2382/681
f 1244/2369/677 1352/2371/677 1353/2384/682
f 1248/2385/683 1353/2384/682 1350/2386/684
f 1246/2388/684 1350/3064/684 1351/2389/673
f 1253/2390/670 1255/2392/685 1344/2391/685
f 1255/2392/685 1256/3065/686 1346/2393/686
f 1254/2377/679 1347/2376/679 1346/2394/686
f 1264/2396/687 1260/2354/669 1343/2356/669
f 1264/2398/687 1340/3066/687 1339/2399/688
f 1263/2400/688 1339/2399/688 1342/2401/678
f 1361/2240/619 1368/2239/618 1369/2406/690
f 1354/2204/693 1362/2203/701 1363/2410/694
f 1364/2412/696 1365/2194/700 1359/2266/697
f 1370/2200/612 1373/2202/614 1372/2414/699
f 1365/2415/700 1364/2185/696 1361/2240/619
f 1357/2416/617 1363/2410/694 1362/2203/701
f 1366/2417/703 1376/2913/1096 1377/2263/628
f 1377/2263/628 1376/2913/1096 1375/2419/705
f 1366/2420/703 1367/3008/704 1357/2238/617
s 0
f 1397/2221/706 1398/3068/706 1386/2422/706
f 1398/2423/707 1396/2439/707 1385/2424/707
f 1400/2216/708 1401/3069/708 1389/2426/708
f 1401/2427/709 1399/2995/709 1388/2220/709
f 1391/2429/710 1392/3070/710 1380/2430/710
f 1392/2432/711 1390/2210/711 1379/2209/711
f 1394/2208/712 1395/3071/712 1383/2434/712
f 1395/2436/713 1393/2215/713 1382/2437/713
f 1396/2439/554 1391/2429/554 1378/2431/554
f 1084/2440/554 1408/2916/554 1402/2441/554
f 1078/2443/549 1404/2453/549 1407/2444/549
f 1082/2449/714 1080/2458/714 1405/2450/714
f 1078/2443/715 1082/3076/715 1406/2452/715
f 1409/2454/716 1408/2916/716 1084/2440/716
f 1084/2440/716 1088/2915/716 1410/2455/716
f 1088/2456/717 1086/2445/717 1407/2444/717
f 1080/2458/550 1069/3077/550 1403/2459/550
s 1
f 1417/2460/718 1418/3078/596 1414/2461/719
f 1415/2463/721 1416/3079/575 1418/2464/596
f 1411/2466/574 1412/3080/588 1416/2467/575
f 1411/2469/574 1415/3081/721 1417/2470/718
f 1416/2472/575 1412/2477/588 1414/2473/719
f 1422/2475/722 1424/3082/727 1420/2476/723
f 1423/2479/725 1424/3083/727 1422/2480/722
f 1421/2482/726 1422/3084/722 1412/2483/588
f 1423/2485/725 1421/3085/726 1411/2469/574
f 1424/2486/727 1423/3086/725 1419/2487/724
f 1413/2462/720 1414/2461/719 1420/2488/723
s 0
f 1426/2489/549 1428/3087/549 1427/2490/549
f 1428/2492/542 1432/3088/542 1431/2493/542
f 1432/2495/551 1430/3089/551 1429/2496/551
f 1430/2498/543 1426/3090/543 1425/2499/543
f 1431/2501/554 1429/3091/554 1425/2502/554
f 1428/2504/550 1426/3092/550 1430/2505/550
s 1
f 1439/2460/718 1440/3078/596 1436/2461/719
f 1437/2463/721 1438/3079/575 1440/2464/596
f 1433/2466/574 1434/3080/588 1438/2467/575
f 1433/2469/574 1437/3081/721 1439/2470/718
f 1438/2472/575 1434/2477/588 1436/2473/719
f 1444/2475/722 1446/3082/727 1442/2476/723
f 1445/2479/725 1446/3083/727 1444/2480/722
f 1443/2482/726 1444/3084/722 1434/2483/588
f 1445/2485/725 1443/3085/726 1433/2469/574
f 1446/2486/727 1445/3086/725 1441/2487/724
f 1435/2462/720 1436/2461/719 1442/2488/723
s 0
f 1448/2489/549 1450/3087/549 1449/2490/549
f 1450/2492/542 1454/3088/542 1453/2493/542
f 1454/2495/551 1452/3089/551 1451/2496/551
f 1452/2498/543 1448/3090/543 1447/2499/543
f 1453/2501/554 1451/3091/554 1447/2502/554
f 1450/2504/550 1448/3092/550 1452/2505/550
s 1
f 1461/2460/718 1462/3078/596 1458/2461/719
f 1459/2463/721 1460/3079/575 1462/2464/596
f 1455/2466/574 1456/3080/588 1460/2467/575
f 1455/2469/574 1459/3081/721 1461/2470/718
f 1460/2472/575 1456/2477/588 1458/2473/719
f 1466/2475/722 1468/3082/727 1464/2476/723
f 1467/2479/725 1468/3083/727 1466/2480/722
f 1465/2482/726 1466/3084/722 1456/2483/588
f 1467/2485/725 1465/3085/726 1455/2469/574
f 1468/2486/727 1467/3086/725 1463/2487/724
f 1457/2462/720 1458/2461/719 1464/2488/723
s 0
f 1470/2489/549 1472/3087/549 1471/2490/549
f 1472/2492/542 1476/3088/542 1475/2493/542
f 1476/2495/551 1474/3089/551 1473/2496/551
f 1474/2498/543 1470/3090/543 1469/2499/543
f 1475/2501/554 1473/3091/554 1469/2502/554
f 1472/2504/550 1470/3092/550 1474/2505/550
s 1
f 1483/2460/718 1484/3078/596 1480/2461/719
f 1481/2463/721 1482/3079/575 1484/2464/596
f 1477/2466/574 1478/3080/588 1482/2467/575
f 1477/2469/574 1481/3081/721 1483/2470/718
f 1482/2472/575 1478/2477/588 1480/2473/719
f 1488/2475/722 1490/3082/727 1486/2476/723
f 1489/2479/725 1490/3083/727 1488/2480/722
f 1487/2482/726 1488/3084/722 1478/2483/588
f 1489/2485/725 1487/3085/726 1477/2469/574
f 1490/2486/727 1489/3086/725 1485/2487/724
f 1479/2462/720 1480/2461/719 1486/2488/723
s 0
f 1492/2489/549 1494/3087/549 1493/2490/549
f 1494/2492/542 1498/3088/542 1497/2493/542
f 1498/2495/551 1496/3089/551 1495/2496/551
f 1496/2498/543 1492/3090/543 1491/2499/543
f 1497/2501/554 1495/3091/554 1491/2502/554
f 1494/2504/550 1492/3092/550 1496/2505/550
s 1
f 1505/2460/718 1506/3078/596 1502/2461/719
f 1503/2463/721 1504/3079/575 1506/2464/596
f 1499/2466/574 1500/3080/588 1504/2467/575
f 1499/2469/574 1503/3081/721 1505/2470/718
f 1504/2472/575 1500/2477/588 1502/2473/719
f 1510/2475/722 1512/3082/727 1508/2476/723
f 1511/2479/725 1512/3083/727 1510/2480/722
f 1509/2482/726 1510/3084/722 1500/2483/588
f 1511/2485/725 1509/3085/726 1499/2469/574
f 1512/2486/727 1511/3086/725 1507/2487/724
f 1501/2462/720 1502/2461/719 1508/2488/723
s 0
f 1514/2489/549 1516/3087/549 1515/2490/549
f 1516/2492/542 1520/3088/542 1519/2493/542
f 1520/2495/551 1518/3089/551 1517/2496/551
f 1518/2498/543 1514/3090/543 1513/2499/543
f 1519/2501/554 1517/3091/554 1513/2502/554
f 1516/2504/550 1514/3092/550 1518/2505/550
s 1
f 1527/2460/718 1528/3078/596 1524/2461/719
f 1525/2463/721 1526/3079/575 1528/2464/596
f 1521/2466/574 1522/3080/588 1526/2467/575
f 1521/2469/574 1525/3081/721 1527/2470/718
f 1526/2472/575 1522/2477/588 1524/2473/719
f 1532/2475/722 1534/3082/727 1530/2476/723
f 1533/2479/725 1534/3083/727 1532/2480/722
f 1531/2482/726 1532/3084/722 1522/2483/588
f 1533/2485/725 1531/3085/726 1521/2469/574
f 1534/2486/727 1533/3086/725 1529/2487/724
f 1523/2462/720 1524/2461/719 1530/2488/723
s 0
f 1536/2489/549 1538/3087/549 1537/2490/549
f 1538/2492/542 1542/3088/542 1541/2493/542
f 1542/2495/551 1540/3089/551 1539/2496/551
f 1540/2498/543 1536/3090/543 1535/2499/543
f 1541/2501/554 1539/3091/554 1535/2502/554
f 1538/2504/550 1536/3092/550 1540/2505/550
s 1
f 1546/2461/728 1550/3078/731 1549/2460/729
f 1550/2464/731 1548/3079/733 1547/2463/732
f 1548/2467/733 1544/3080/737 1543/2466/734
f 1549/2470/729 1547/3081/732 1543/2469/734
f 1546/2473/728 1544/2477/737 1548/2472/733
f 1552/2476/735 1556/3082/741 1554/2475/736
f 1554/2480/736 1556/3083/741 1555/2479/739
f 1544/2483/737 1554/3084/736 1553/2482/740
f 1543/2469/734 1553/3085/740 1555/2485/739
f 1551/2487/738 1555/3086/739 1556/2486/741
f 1552/2488/735 1546/2461/728 1545/2462/730
s 0
f 1559/2490/551 1560/3087/551 1558/2489/551
f 1563/2493/542 1564/3088/542 1560/2492/542
f 1561/2496/549 1562/3089/549 1564/2495/549
f 1557/2499/543 1558/3090/543 1562/2498/543
f 1557/2502/554 1561/3091/554 1563/2501/554
f 1562/2505/550 1558/3092/550 1560/2504/550
s 1
f 1568/2461/728 1572/3078/731 1571/2460/729
f 1572/2464/731 1570/3079/733 1569/2463/732
f 1570/2467/733 1566/3080/737 1565/2466/734
f 1571/2470/729 1569/3081/732 1565/2469/734
f 1568/2473/728 1566/2477/737 1570/2472/733
f 1574/2476/735 1578/3082/741 1576/2475/736
f 1576/2480/736 1578/3083/741 1577/2479/739
f 1566/2483/737 1576/3084/736 1575/2482/740
f 1565/2469/734 1575/3085/740 1577/2485/739
f 1573/2487/738 1577/3086/739 1578/2486/741
f 1574/2488/735 1568/2461/728 1567/2462/730
s 0
f 1581/2490/551 1582/3087/551 1580/2489/551
f 1585/2493/542 1586/3088/542 1582/2492/542
f 1583/2496/549 1584/3089/549 1586/2495/549
f 1579/2499/543 1580/3090/543 1584/2498/543
f 1579/2502/554 1583/3091/554 1585/2501/554
f 1584/2505/550 1580/3092/550 1582/2504/550
s 1
f 1590/2461/728 1594/3078/731 1593/2460/729
f 1594/2464/731 1592/3079/733 1591/2463/732
f 1592/2467/733 1588/3080/737 1587/2466/734
f 1593/2470/729 1591/3081/732 1587/2469/734
f 1590/2473/728 1588/2477/737 1592/2472/733
f 1596/2476/735 1600/3082/741 1598/2475/736
f 1598/2480/736 1600/3083/741 1599/2479/739
f 1588/2483/737 1598/3084/736 1597/2482/740
f 1587/2469/734 1597/3085/740 1599/2485/739
f 1595/2487/738 1599/3086/739 1600/2486/741
f 1596/2488/735 1590/2461/728 1589/2462/730
s 0
f 1603/2490/551 1604/3087/551 1602/2489/551
f 1607/2493/542 1608/3088/542 1604/2492/542
f 1605/2496/549 1606/3089/549 1608/2495/549
f 1601/2499/543 1602/3090/543 1606/2498/543
f 1601/2502/554 1605/3091/554 1607/2501/554
f 1606/2505/550 1602/3092/550 1604/2504/550
s 1
f 1612/2461/728 1616/3078/731 1615/2460/729
f 1616/2464/731 1614/3079/733 1613/2463/732
f 1614/2467/733 1610/3080/737 1609/2466/734
f 1615/2470/729 1613/3081/732 1609/2469/734
f 1612/2473/728 1610/2477/737 1614/2472/733
f 1618/2476/735 1622/3082/741 1620/2475/736
f 1620/2480/736 1622/3083/741 1621/2479/739
f 1610/2483/737 1620/3084/736 1619/2482/740
f 1609/2469/734 1619/3085/740 1621/2485/739
f 1617/2487/738 1621/3086/739 1622/2486/741
f 1618/2488/735 1612/2461/728 1611/2462/730
s 0
f 1625/2490/551 1626/3087/551 1624/2489/551
f 1629/2493/542 1630/3088/542 1626/2492/542
f 1627/2496/549 1628/3089/549 1630/2495/549
f 1623/2499/543 1624/3090/543 1628/2498/543
f 1623/2502/554 1627/3091/554 1629/2501/554
f 1628/2505/550 1624/3092/550 1626/2504/550
s 1
f 1634/2461/728 1638/3078/731 1637/2460/729
f 1638/2464/731 1636/3079/733 1635/2463/732
f 1636/2467/733 1632/3080/737 1631/2466/734
f 1637/2470/729 1635/3081/732 1631/2469/734
f 1634/2473/728 1632/2477/737 1636/2472/733
f 1640/2476/735 1644/3082/741 1642/2475/736
f 1642/2480/736 1644/3083/741 1643/2479/739
f 1632/2483/737 1642/3084/736 1641/2482/740
f 1631/2469/734 1641/3085/740 1643/2485/739
f 1639/2487/738 1643/3086/739 1644/2486/741
f 1640/2488/735 1634/2461/728 1633/2462/730
s 0
f 1647/2490/551 1648/3087/551 1646/2489/551
f 1651/2493/542 1652/3088/542 1648/2492/542
f 1649/2496/549 1650/3089/549 1652/2495/549
f 1645/2499/543 1646/3090/543 1650/2498/543
f 1645/2502/554 1649/3091/554 1651/2501/554
f 1650/2505/550 1646/3092/550 1648/2504/550
s 1
f 1656/2461/728 1660/3078/731 1659/2460/729
f 1660/2464/731 1658/3079/733 1657/2463/732
f 1658/2467/733 1654/3080/737 1653/2466/734
f 1659/2470/729 1657/3081/732 1653/2469/734
f 1656/2473/728 1654/2477/737 1658/2472/733
f 1662/2476/735 1666/3082/741 1664/2475/736
f 1664/2480/736 1666/3083/741 1665/2479/739
f 1654/2483/737 1664/3084/736 1663/2482/740
f 1653/2469/734 1663/3085/740 1665/2485/739
f 1661/2487/738 1665/3086/739 1666/2486/741
f 1662/2488/735 1656/2461/728 1655/2462/730
s 0
f 1669/2490/551 1670/3087/551 1668/2489/551
f 1673/2493/542 1674/3088/542 1670/2492/542
f 1671/2496/549 1672/3089/549 1674/2495/549
f 1667/2499/543 1668/3090/543 1672/2498/543
f 1667/2502/554 1671/3091/554 1673/2501/554
f 1672/2505/550 1668/3092/550 1670/2504/550
s 1
f 1675/2507/742 1676/2517/754 1678/2508/743
f 1678/2508/743 1680/2511/746 1679/2510/745
f 1680/2511/746 1682/2513/747 1681/2512/681
f 1682/2513/747 1684/2516/752 1683/2514/748
f 1701/2515/749 1684/2516/752 1689/2516/750
f 1684/2516/752 1682/2513/747 1688/2513/753
f 1676/2517/754 1686/2517/763 1685/2508/755
f 1680/2511/746 1687/2511/756 1688/2513/753
f 1678/2508/743 1685/2508/755 1687/2511/756
f 1681/2512/542 1683/2514/542 1694/2514/542
f 1675/2507/542 1677/2509/542 1691/2509/542
f 1679/2510/542 1681/2512/542 1693/2512/542
f 1677/2509/542 1679/2510/542 1692/2510/542
f 1692/2510/757 1697/2510/760 1696/2509/758
f 1693/2512/759 1698/2512/759 1697/2510/760
f 1694/2514/761 1699/2514/761 1698/2512/759
f 1690/2507/762 1691/2509/758 1696/2509/758
f 1700/2518/542 1703/2518/542 1694/2514/542
f 1703/2518/550 1704/2518/550 1699/2514/761
f 1684/2516/752 1701/2515/749 1700/2518/554
s 0
f 1699/2521/542 1704/3093/542 1695/2519/542
f 1695/2519/542 1696/3094/542 1697/2520/542
f 1697/2520/542 1698/3095/542 1699/2521/542
s 1
f 1687/2511/756 1685/2508/755 1686/2517/763
f 1686/2517/763 1702/2515/751 1689/2516/750
f 1689/2516/750 1688/2513/753 1687/2511/756
f 1707/2522/764 1708/2526/767 1706/2523/554
f 1709/2525/766 1710/2528/769 1708/2526/767
f 1711/2527/768 1712/3096/771 1710/2528/769
f 1713/2529/770 1714/2533/773 1712/2530/771
f 1715/2532/772 1716/2535/549 1714/2533/773
f 1717/2534/774 1718/2537/776 1716/2535/549
f 1719/2536/775 1720/2539/778 1718/2537/776
f 1721/2538/777 1722/3097/780 1720/2539/778
f 1723/2540/779 1724/2544/782 1722/2541/780
f 1725/2543/781 1726/2546/550 1724/2544/782
f 1727/2545/783 1728/2548/785 1726/2546/550
f 1729/2547/784 1730/3098/787 1728/2548/785
f 1731/2549/786 1732/2553/789 1730/2550/787
f 1733/2552/788 1734/2555/791 1732/2553/789
f 1735/2554/790 1736/2557/551 1734/2555/791
f 1737/2556/792 1738/2559/794 1736/2557/551
f 1739/2558/793 1740/3099/796 1738/2559/794
f 1741/2560/795 1742/2567/798 1740/2561/796
f 1706/2563/542 1746/2682/542 1764/2564/542
f 1743/2566/797 1744/2568/799 1742/2567/798
f 1705/2524/765 1706/2523/554 1744/2568/799
f 1790/2569/800 1791/2695/1075 1717/2570/774
f 1771/2572/801 1770/2683/802 1750/2573/802
f 1748/2575/542 1747/2686/542 1710/2576/542
f 1722/2578/542 1753/2684/542 1752/2579/542
f 1745/2581/542 1746/2682/542 1706/2563/542
f 1732/2583/542 1758/2602/542 1757/2584/542
f 1763/2586/542 1762/2685/542 1740/2587/542
f 1751/2589/542 1750/2687/542 1716/2590/542
f 1728/2592/542 1756/2603/542 1755/2593/542
f 1738/2595/542 1761/2604/542 1760/2596/542
f 1714/2598/542 1749/2605/542 1748/2575/542
f 1754/2599/542 1753/2684/542 1722/2578/542
f 1734/2601/542 1759/2606/542 1758/2602/542
f 1764/2564/542 1763/2586/542 1742/2588/542
f 1710/2576/542 1747/2686/542 1745/2581/542
f 1752/2579/542 1751/2589/542 1718/2591/542
f 1730/2585/542 1757/2584/542 1756/2603/542
f 1740/2587/542 1762/2685/542 1761/2604/542
f 1716/2590/542 1750/2687/542 1749/2605/542
f 1755/2593/542 1754/2599/542 1724/2600/542
f 1736/2597/542 1760/2596/542 1759/2606/542
f 1766/2609/542 1765/3100/542 1767/2690/542
f 1767/2690/542 1768/3101/542 1769/3102/542
f 1769/3102/542 1770/3103/542 1771/2689/542
f 1771/2689/542 1772/3104/542 1773/2607/542
f 1773/2607/542 1774/3105/542 1775/3106/542
f 1775/3106/542 1776/3107/542 1777/3108/542
f 1777/3108/542 1778/3109/542 1779/2688/542
f 1779/2688/542 1780/3110/542 1781/2608/542
f 1781/2608/542 1782/3111/542 1783/3112/542
f 1783/3112/542 1784/3113/542 1766/2609/542
f 1766/2609/542 1767/2690/542 1769/3102/542
f 1769/3102/542 1771/2689/542 1773/2607/542
f 1773/2607/542 1775/3106/542 1777/3108/542
f 1777/3108/542 1779/2688/542 1781/2608/542
f 1781/2608/542 1783/3112/542 1766/2609/542
f 1766/2609/542 1769/3102/542 1773/2607/542
f 1773/2607/542 1777/3108/542 1781/2608/542
f 1779/2610/803 1778/2647/804 1758/2611/804
f 1772/2613/805 1771/2572/801 1751/2574/801
f 1780/2615/806 1779/2610/803 1759/2612/803
f 1773/2617/807 1772/3114/805 1752/2618/805
f 1745/2620/808 1765/2628/808 1766/2621/809
f 1781/2623/810 1780/2615/806 1760/2616/806
f 1774/2625/811 1773/2617/807 1753/2619/807
f 1747/2627/812 1767/2633/812 1765/2628/808
f 1782/2629/813 1781/2623/810 1761/2624/810
f 1755/2631/814 1775/2637/814 1774/2625/811
f 1748/2632/815 1768/2691/815 1767/2633/812
f 1783/2634/816 1782/2629/813 1762/2630/813
f 1756/2636/817 1776/2692/817 1775/2637/814
f 1749/2638/818 1769/2646/818 1768/2639/815
f 1764/2641/819 1784/2693/819 1783/2642/816
f 1777/2644/820 1776/2692/817 1756/2636/817
f 1750/2573/802 1770/2683/802 1769/2646/818
f 1766/2621/809 1784/2693/819 1764/2641/819
f 1778/2647/804 1777/3115/820 1757/2648/820
f 1786/2650/822 1785/2697/860 1804/2678/833
f 1804/2678/833 1803/2665/827 1802/2674/830
f 1802/2674/830 1801/2696/1074 1800/2654/824
f 1800/2654/824 1799/2677/832 1798/2649/821
f 1798/2649/821 1797/2672/829 1796/2652/823
f 1796/2652/823 1795/2694/855 1794/2661/826
f 1794/2661/826 1793/2681/835 1792/2670/828
f 1792/2670/828 1791/2695/1075 1790/2569/800
f 1790/2569/800 1789/2676/831 1788/2657/825
f 1788/2657/825 1787/2680/834 1786/2650/822
f 1786/2650/822 1804/2678/833 1802/2674/830
f 1802/2674/830 1800/2654/824 1798/2649/821
f 1798/2649/821 1796/2652/823 1794/2661/826
f 1794/2661/826 1792/2670/828 1790/2569/800
f 1790/2569/800 1788/2657/825 1786/2650/822
f 1786/2650/822 1802/2674/830 1798/2649/821
f 1798/2649/821 1794/2661/826 1790/2569/800
f 1725/2651/781 1795/2694/855 1796/2652/823
f 1800/2654/824 1801/2696/1074 1737/2655/792
f 1788/2657/825 1789/2676/831 1713/2658/770
f 1721/2660/777 1793/2681/835 1794/2661/826
f 1798/2649/821 1799/2677/832 1733/2663/788
f 1803/2665/827 1804/2678/833 1743/2666/797
f 1786/2650/822 1787/2680/834 1709/2668/766
f 1717/2570/774 1791/2695/1075 1792/2670/828
f 1727/2653/783 1796/2652/823 1797/2672/829
f 1737/2655/792 1801/2696/1074 1802/2674/830
f 1789/2676/831 1790/2569/800 1715/2571/772
f 1794/2661/826 1795/2694/855 1725/2651/781
f 1799/2677/832 1800/2654/824 1735/2656/790
f 1804/2678/833 1785/2697/860 1705/2679/765
f 1787/2680/834 1788/2657/825 1711/2659/768
f 1719/2671/775 1792/2670/828 1793/2681/835
f 1797/2672/829 1798/2649/821 1731/2664/786
f 1705/2679/765 1785/2697/860 1786/2650/822
f 1802/2674/830 1803/2665/827 1741/2667/795
f 1805/2509/836 1806/2508/840 1676/2517/837
f 1807/2510/839 1808/2511/842 1806/2508/840
f 1809/2512/841 1810/2513/843 1808/2511/842
f 1811/2514/762 1812/2516/845 1810/2513/843
f 1701/2515/749 1702/2515/751 1816/2516/844
f 1816/2516/844 1815/2513/847 1810/2513/843
f 1806/2508/840 1813/2508/848 1686/2517/846
f 1815/2513/847 1814/2511/854 1808/2511/842
f 1808/2511/842 1814/2511/854 1813/2508/848
f 1809/2512/542 1819/2512/542 1820/2514/542
f 1690/2507/542 1817/2509/542 1805/2509/542
f 1818/2510/542 1819/2512/542 1809/2512/542
f 1805/2509/542 1817/2509/542 1818/2510/542
f 1821/2509/849 1822/2510/851 1818/2510/850
f 1822/2510/851 1823/2512/852 1819/2512/852
f 1823/2512/852 1824/2514/742 1820/2514/742
f 1695/2507/853 1821/2509/849 1817/2509/849
f 1820/2514/542 1703/2518/542 1700/2518/542
f 1820/2514/742 1824/2514/742 1704/2518/550
f 1811/2514/762 1700/2518/554 1701/2515/749
s 0
f 1695/2519/542 1704/3093/542 1824/2521/542
f 1824/2521/542 1823/3095/542 1822/2520/542
f 1822/2520/542 1821/3094/542 1695/2519/542
s 1
f 1686/2517/846 1813/2508/848 1814/2511/854
f 1814/2511/854 1815/2513/847 1816/2516/844
f 1816/2516/844 1702/2515/751 1686/2517/846
f 1826/2523/554 1828/2526/799 1827/2522/797
f 1828/2526/799 1830/2528/798 1829/2525/795
f 1830/2528/798 1832/3096/796 1831/2527/793
f 1832/2530/796 1834/2533/794 1833/2529/792
f 1834/2533/794 1836/2535/551 1835/2532/790
f 1836/2535/551 1838/2537/791 1837/2534/788
f 1838/2537/791 1840/2539/789 1839/2536/786
f 1840/2539/789 1842/3097/787 1841/2538/784
f 1842/2541/787 1844/2544/785 1843/2540/783
f 1844/2544/785 1846/2546/550 1845/2543/781
f 1846/2546/550 1848/2548/782 1847/2545/779
f 1848/2548/782 1850/3098/780 1849/2547/777
f 1850/2550/780 1852/2553/778 1851/2549/775
f 1852/2553/778 1854/2555/776 1853/2552/774
f 1854/2555/776 1856/2557/549 1855/2554/772
f 1856/2557/549 1858/2559/773 1857/2556/770
f 1858/2559/773 1860/3099/771 1859/2558/768
f 1860/2561/771 1862/2567/769 1861/2560/766
f 1826/2563/542 1864/2565/542 1884/2564/542
f 1862/2567/769 1864/2568/767 1863/2566/764
f 1864/2568/767 1826/2523/554 1825/2524/765
f 1837/2570/788 1911/2695/858 1910/2569/824
f 1871/2574/803 1870/2573/806 1890/2683/806
f 1830/2576/542 1867/2686/542 1868/2575/542
f 1840/2580/542 1872/2579/542 1873/2684/542
f 1826/2563/542 1866/2682/542 1865/2581/542
f 1850/2585/542 1877/2584/542 1878/2602/542
f 1862/2588/542 1860/2587/542 1882/2685/542
f 1836/2590/542 1870/2687/542 1871/2589/542
f 1848/2592/542 1846/2594/542 1875/2593/542
f 1856/2597/542 1880/2596/542 1881/2604/542
f 1832/2577/542 1868/2575/542 1869/2605/542
f 1842/2578/542 1873/2684/542 1874/2599/542
f 1854/2601/542 1852/2583/542 1878/2602/542
f 1862/2588/542 1883/2586/542 1884/2564/542
f 1830/2576/542 1828/2582/542 1865/2581/542
f 1838/2591/542 1871/2589/542 1872/2579/542
f 1850/2585/542 1848/2592/542 1876/2603/542
f 1858/2595/542 1881/2604/542 1882/2685/542
f 1834/2598/542 1869/2605/542 1870/2687/542
f 1844/2600/542 1874/2599/542 1875/2593/542
f 1856/2597/542 1854/2601/542 1879/2606/542
f 1887/2690/542 1885/3100/542 1886/2609/542
f 1886/2609/542 1904/3113/542 1903/3112/542
f 1903/3112/542 1902/3111/542 1901/2608/542
f 1901/2608/542 1900/3110/542 1899/2688/542
f 1899/2688/542 1898/3109/1097 1897/3108/542
f 1897/3108/542 1896/3107/542 1895/3106/542
f 1895/3106/542 1894/3105/542 1893/2607/542
f 1893/2607/542 1892/3104/542 1891/2689/542
f 1891/2689/542 1890/3103/542 1889/3102/542
f 1889/3102/542 1888/3101/1098 1887/2690/542
f 1887/2690/542 1886/2609/542 1903/3112/542
f 1903/3112/542 1901/2608/542 1899/2688/542
f 1899/2688/542 1897/3108/542 1895/3106/542
f 1895/3106/542 1893/2607/542 1891/2689/542
f 1891/2689/542 1889/3102/542 1887/2690/542
f 1887/2690/542 1903/3112/542 1899/2688/542
f 1899/2688/542 1895/3106/542 1891/2689/542
f 1878/2611/805 1898/2647/805 1899/2610/801
f 1872/2614/804 1871/2574/803 1891/2572/803
f 1880/2616/802 1879/2612/801 1899/2610/801
f 1872/2618/804 1892/3114/804 1893/2617/820
f 1865/2620/819 1866/2622/809 1886/2621/809
f 1880/2616/802 1900/2615/802 1901/2623/818
f 1874/2626/817 1873/2619/820 1893/2617/820
f 1865/2620/819 1885/2628/819 1887/2633/816
f 1881/2624/818 1901/2623/818 1902/2629/815
f 1874/2626/817 1894/2625/817 1895/2637/814
f 1867/2627/816 1887/2633/816 1888/2691/813
f 1882/2630/815 1902/2629/815 1903/2634/812
f 1876/2636/811 1875/2631/814 1895/2637/814
f 1868/2640/813 1888/2639/813 1889/2646/810
f 1883/2643/812 1903/2642/812 1904/2693/808
f 1876/2636/811 1896/2692/811 1897/2644/807
f 1870/2573/806 1869/2638/810 1889/2646/810
f 1866/2622/809 1884/2641/808 1904/2693/808
f 1877/2648/807 1897/3115/807 1898/2647/805
f 1924/2678/822 1905/2697/860 1906/2650/833
f 1906/2650/833 1907/2680/827 1908/2657/830
f 1908/2657/830 1909/2676/859 1910/2569/824
f 1910/2569/824 1911/2695/858 1912/2670/821
f 1912/2670/821 1913/2681/829 1914/2661/823
f 1914/2661/823 1915/2694/855 1916/2652/826
f 1916/2652/826 1917/2672/835 1918/2649/828
f 1918/2649/828 1919/2677/856 1920/2654/800
f 1920/2654/800 1921/2696/831 1922/2674/825
f 1922/2674/825 1923/2665/857 1924/2678/822
f 1924/2678/822 1906/2650/833 1908/2657/830
f 1908/2657/830 1910/2569/824 1912/2670/821
f 1912/2670/821 1914/2661/823 1916/2652/826
f 1916/2652/826 1918/2649/828 1920/2654/800
f 1920/2654/800 1922/2674/825 1924/2678/822
f 1924/2678/822 1908/2657/830 1912/2670/821
f 1912/2670/821 1916/2652/826 1920/2654/800
f 1847/2653/779 1916/2652/826 1915/2694/855
f 1857/2655/770 1921/2696/831 1920/2654/800
f 1833/2658/792 1909/2676/859 1908/2657/830
f 1843/2662/783 1914/2661/823 1913/2681/829
f 1851/2664/775 1853/2663/774 1919/2677/856
f 1861/2667/766 1863/2666/764 1924/2678/822
f 1827/2669/797 1829/2668/795 1907/2680/827
f 1837/2570/788 1839/2671/786 1912/2670/821
f 1847/2653/779 1849/2673/777 1917/2672/835
f 1857/2655/770 1859/2675/768 1922/2674/825
f 1833/2658/792 1835/2571/790 1910/2569/824
f 1843/2662/783 1845/2651/781 1915/2694/855
f 1855/2656/772 1920/2654/800 1919/2677/856
f 1825/2679/765 1905/2697/860 1924/2678/822
f 1829/2668/795 1831/2659/793 1908/2657/830
f 1839/2671/786 1841/2660/784 1913/2681/829
f 1851/2664/775 1918/2649/828 1917/2672/835
f 1827/2669/797 1906/2650/833 1905/2697/860
f 1859/2675/768 1861/2667/766 1923/2665/857
f 1927/2698/861 1928/2702/799 1926/2699/554
f 1929/2701/863 1930/2704/798 1928/2702/799
f 1931/2703/864 1932/3116/796 1930/2704/798
f 1933/2705/865 1934/2709/794 1932/2706/796
f 1935/2708/866 1936/2711/551 1934/2709/794
f 1937/2710/867 1938/2713/791 1936/2711/551
f 1939/2712/868 1940/2715/789 1938/2713/791
f 1941/2714/869 1942/3117/787 1940/2715/789
f 1943/2716/870 1944/2720/785 1942/2717/787
f 1945/2719/871 1946/2722/550 1944/2720/785
f 1947/2721/872 1948/2724/782 1946/2722/550
f 1949/2723/873 1950/2726/780 1948/2724/782
f 1951/2725/874 1952/2728/778 1950/2726/780
f 1951/2725/874 1953/2855/876 1954/2727/776
f 1955/2729/875 1956/2733/549 1954/2730/776
f 1957/2732/877 1958/2735/773 1956/2733/549
f 1959/2734/878 1960/2737/771 1958/2735/773
f 1961/2736/879 1962/2917/769 1960/2737/771
f 1966/2738/543 1984/2859/543 1964/2739/543
f 1963/2741/880 1964/2744/767 1962/2742/769
f 1925/2700/862 1926/2699/554 1964/2744/767
f 1935/2745/866 2010/2823/903 2011/2746/881
f 1991/2748/882 1990/2870/883 1970/2749/883
f 1968/2751/543 1967/2860/543 1930/2752/543
f 1942/2754/543 1973/2856/543 1972/2755/543
f 1965/2757/543 1966/2738/543 1926/2740/543
f 1978/2759/543 1977/2780/543 1950/2760/543
f 1962/2762/543 1983/2779/543 1982/2763/543
f 1971/2765/543 1970/2781/543 1936/2766/543
f 1976/2768/543 1975/2857/543 1946/2769/543
f 1958/2771/543 1981/2858/543 1980/2772/543
f 1969/2774/543 1968/2751/543 1932/2753/543
f 1974/2776/543 1973/2856/543 1942/2754/543
f 1954/2778/543 1979/2782/543 1978/2759/543
f 1964/2739/543 1984/2859/543 1983/2779/543
f 1930/2752/543 1967/2860/543 1965/2757/543
f 1972/2755/543 1971/2765/543 1938/2767/543
f 1977/2780/543 1976/2768/543 1948/2770/543
f 1982/2763/543 1981/2858/543 1958/2771/543
f 1970/2781/543 1969/2774/543 1934/2775/543
f 1946/2769/543 1975/2857/543 1974/2776/543
f 1956/2773/543 1980/2772/543 1979/2782/543
f 1986/2785/543 1985/3118/543 1987/2863/543
f 1987/2863/543 1988/3119/543 1989/3120/543
f 1989/3120/543 1990/3121/543 1991/2862/543
f 1991/2862/543 1992/3122/543 1993/2783/543
f 1993/2783/543 1994/3123/543 1995/3124/543
f 1995/3124/543 1996/3125/543 1997/3126/543
f 1997/3126/543 1998/3127/543 1999/2861/543
f 1999/2861/543 2000/3128/543 2001/2784/543
f 2001/2784/543 2002/3129/543 2003/3130/543
f 2003/3130/543 2004/3131/543 1986/2785/543
f 1986/2785/543 1987/2863/543 1989/3120/543
f 1989/3120/543 1991/2862/543 1993/2783/543
f 1993/2783/543 1995/3124/543 1997/3126/543
f 1997/3126/543 1999/2861/543 2001/2784/543
f 2001/2784/543 2003/3130/543 1986/2785/543
f 1986/2785/543 1989/3120/543 1993/2783/543
f 1993/2783/543 1997/3126/543 2001/2784/543
f 1999/2786/884 1998/3132/885 1978/2787/885
f 1972/2789/886 1992/2792/886 1991/2748/882
f 1980/2790/887 2000/2864/887 1999/2786/884
f 1973/2791/888 1993/2865/888 1992/2792/886
f 1985/2793/889 1986/2866/890 1966/2794/890
f 2001/2796/891 2000/2864/887 1980/2790/887
f 1994/2798/892 1993/2865/888 1973/2791/888
f 1967/2800/893 1987/2867/893 1985/2793/889
f 1982/2801/894 2002/2868/894 2001/2796/891
f 1975/2802/895 1995/2810/895 1994/2803/892
f 1988/2805/896 1987/2867/893 1967/2800/893
f 2003/2807/897 2002/2868/894 1982/2801/894
f 1976/2809/898 1996/2815/898 1995/2810/895
f 1989/2811/899 1988/2805/896 1968/2806/896
f 1984/2813/900 2004/2869/900 2003/2807/897
f 1977/2814/901 1997/2821/901 1996/2815/898
f 1970/2749/883 1990/2870/883 1989/2816/899
f 1966/2794/890 1986/2866/890 2004/2818/900
f 1978/2820/885 1998/2871/885 1997/2821/901
f 2006/2824/904 2005/2853/916 2024/2872/920
f 2024/2872/920 2023/2839/909 2022/2849/913
f 2022/2849/913 2021/2875/1099 2020/2828/906
f 2020/2828/906 2019/2874/921 2018/2822/902
f 2018/2822/902 2017/2847/912 2016/2826/905
f 2016/2826/905 2015/2852/915 2014/2835/908
f 2014/2835/908 2013/2873/924 2012/2845/911
f 2012/2845/911 2011/2746/881 2010/2823/903
f 2010/2823/903 2009/2851/914 2008/2831/907
f 2008/2831/907 2007/2843/910 2006/2824/904
f 2006/2824/904 2024/2872/920 2022/2849/913
f 2022/2849/913 2020/2828/906 2018/2822/902
f 2018/2822/902 2016/2826/905 2014/2835/908
f 2014/2835/908 2012/2845/911 2010/2823/903
f 2010/2823/903 2008/2831/907 2006/2824/904
f 2006/2824/904 2022/2849/913 2018/2822/902
f 2018/2822/902 2014/2835/908 2010/2823/903
f 1945/2825/871 2015/2852/915 2016/2826/905
f 2020/2828/906 2021/2875/1099 1957/2829/877
f 2008/2831/907 2009/2851/914 1933/2832/865
f 1941/2834/869 2013/2873/924 2014/2835/908
f 2018/2822/902 2019/2874/921 1953/2837/876
f 2023/2839/909 2024/2872/920 1963/2840/880
f 1927/2842/861 2006/2824/904 2007/2843/910
f 1937/2747/867 2011/2746/881 2012/2845/911
f 1947/2827/872 2016/2826/905 2017/2847/912
f 1957/2829/877 2021/2875/1099 2022/2849/913
f 2009/2851/914 2010/2823/903 1935/2745/866
f 1943/2836/870 2014/2835/908 2015/2852/915
f 1953/2837/876 2019/2874/921 2020/2828/906
f 1963/2840/880 2024/2872/920 2005/2853/916
f 1929/2844/863 2007/2843/910 2008/2831/907
f 2012/2845/911 2013/2873/924 1941/2834/869
f 1949/2848/873 2017/2847/912 2018/2822/902
f 1925/2854/862 2005/2853/916 2006/2824/904
f 2022/2849/913 2023/2839/909 1961/2841/879
f 2025/2700/862 2026/2699/554 2028/2702/767
f 2028/2702/767 2030/2704/769 2029/2701/879
f 2030/2704/769 2032/3116/771 2031/2703/878
f 2032/2706/771 2034/2709/773 2033/2705/877
f 2034/2709/773 2036/2711/549 2035/2708/875
f 2036/2711/549 2038/2713/776 2037/2710/876
f 2038/2713/776 2040/2715/778 2039/2712/874
f 2040/2715/778 2042/3117/780 2041/2714/873
f 2042/2717/780 2044/2720/782 2043/2716/872
f 2044/2720/782 2046/2722/550 2045/2719/871
f 2046/2722/550 2048/2724/785 2047/2721/870
f 2048/2724/785 2050/2726/787 2049/2723/869
f 2050/2726/787 2052/2728/789 2051/2725/868
f 2052/2728/789 2054/2727/791 2053/2855/867
f 2054/2730/791 2056/2733/551 2055/2729/866
f 2056/2733/551 2058/2735/794 2057/2732/865
f 2058/2735/794 2060/2737/796 2059/2734/864
f 2060/2737/796 2062/2917/798 2061/2736/863
f 2064/2739/543 2084/2859/543 2066/2738/543
f 2062/2742/798 2064/2744/799 2063/2741/861
f 2064/2744/799 2026/2699/554 2025/2700/862
f 2037/2747/876 2111/2746/921 2110/2823/906
f 2070/2749/887 2090/2870/887 2091/2748/884
f 2030/2752/543 2067/2860/543 2068/2751/543
f 2040/2756/543 2072/2755/543 2073/2856/543
f 2028/2758/543 2026/2740/543 2066/2738/543
f 2050/2760/543 2077/2780/543 2078/2759/543
f 2062/2762/543 2060/2764/543 2082/2763/543
f 2036/2766/543 2070/2781/543 2071/2765/543
f 2048/2770/543 2046/2769/543 2075/2857/543
f 2058/2771/543 2056/2773/543 2080/2772/543
f 2032/2753/543 2068/2751/543 2069/2774/543
f 2044/2777/543 2042/2754/543 2073/2856/543
f 2054/2778/543 2052/2761/543 2078/2759/543
f 2062/2762/543 2083/2779/543 2084/2859/543
f 2030/2752/543 2028/2758/543 2065/2757/543
f 2040/2756/543 2038/2767/543 2071/2765/543
f 2050/2760/543 2048/2770/543 2076/2768/543
f 2058/2771/543 2081/2858/543 2082/2763/543
f 2036/2766/543 2034/2775/543 2069/2774/543
f 2044/2777/543 2074/2776/543 2075/2857/543
f 2054/2778/543 2079/2782/543 2080/2772/543
f 2087/2863/543 2085/3118/543 2086/2785/543
f 2086/2785/543 2104/3131/543 2103/3130/543
f 2103/3130/543 2102/3129/1100 2101/2784/543
f 2101/2784/543 2100/3128/543 2099/2861/543
f 2099/2861/543 2098/3127/1101 2097/3126/543
f 2097/3126/543 2096/3125/543 2095/3124/543
f 2095/3124/543 2094/3123/543 2093/2783/543
f 2093/2783/543 2092/3122/543 2091/2862/543
f 2091/2862/543 2090/3121/543 2089/3120/543
f 2089/3120/543 2088/3119/543 2087/2863/543
f 2087/2863/543 2086/2785/543 2103/3130/543
f 2103/3130/543 2101/2784/543 2099/2861/543
f 2099/2861/543 2097/3126/543 2095/3124/543
f 2095/3124/543 2093/2783/543 2091/2862/543
f 2091/2862/543 2089/3120/543 2087/2863/543
f 2087/2863/543 2103/3130/543 2099/2861/543
f 2099/2861/543 2095/3124/543 2091/2862/543
f 2078/2787/886 2098/3132/886 2099/2786/882
f 2071/2750/884 2091/2748/884 2092/2792/885
f 2080/2790/883 2079/2788/882 2099/2786/882
f 2073/2791/901 2072/2789/885 2092/2792/885
f 2065/2795/900 2066/2794/890 2086/2866/890
f 2080/2790/883 2100/2864/883 2101/2796/899
f 2074/2799/898 2073/2791/901 2093/2865/901
f 2065/2795/900 2085/2793/900 2087/2867/897
f 2082/2801/896 2081/2797/899 2101/2796/899
f 2074/2804/898 2094/2803/898 2095/2810/895
f 2067/2800/897 2087/2867/897 2088/2805/894
f 2082/2801/896 2102/2868/896 2103/2807/893
f 2075/2802/895 2095/2810/895 2096/2815/892
f 2069/2812/891 2068/2806/894 2088/2805/894
f 2083/2808/893 2103/2807/893 2104/2869/889
f 2077/2814/888 2076/2809/892 2096/2815/892
f 2070/2749/887 2069/2817/891 2089/2816/891
f 2066/2794/890 2084/2819/889 2104/2818/889
f 2078/2820/886 2077/2814/888 2097/2821/888
f 2124/2872/904 2105/2853/916 2106/2824/920
f 2106/2824/920 2107/2843/919 2108/2831/913
f 2108/2831/913 2109/2851/923 2110/2823/906
f 2110/2823/906 2111/2746/921 2112/2845/902
f 2112/2845/902 2113/2873/917 2114/2835/905
f 2114/2835/905 2115/2852/915 2116/2826/908
f 2116/2826/908 2117/2847/924 2118/2822/911
f 2118/2822/911 2119/2874/918 2120/2828/903
f 2120/2828/903 2121/2875/922 2122/2849/907
f 2122/2849/907 2123/2839/910 2124/2872/904
f 2124/2872/904 2106/2824/920 2108/2831/913
f 2108/2831/913 2110/2823/906 2112/2845/902
f 2112/2845/902 2114/2835/905 2116/2826/908
f 2116/2826/908 2118/2822/911 2120/2828/903
f 2120/2828/903 2122/2849/907 2124/2872/904
f 2124/2872/904 2108/2831/913 2112/2845/902
f 2112/2845/902 2116/2826/908 2120/2828/903
f 2045/2825/871 2047/2827/870 2116/2826/908
f 2057/2829/865 2121/2875/922 2120/2828/903
f 2033/2832/877 2109/2851/923 2108/2831/913
f 2043/2836/872 2114/2835/905 2113/2873/917
f 2051/2838/868 2053/2837/867 2119/2874/918
f 2061/2841/863 2063/2840/861 2124/2872/904
f 2027/2842/880 2029/2844/879 2107/2843/919
f 2037/2747/876 2039/2846/874 2112/2845/902
f 2049/2848/869 2117/2847/924 2116/2826/908
f 2057/2829/865 2059/2850/864 2122/2849/907
f 2033/2832/877 2035/2745/875 2110/2823/906
f 2043/2836/872 2045/2825/871 2115/2852/915
f 2053/2837/867 2055/2830/866 2120/2828/903
f 2025/2854/862 2105/2853/916 2124/2872/904
f 2029/2844/879 2031/2833/878 2108/2831/913
f 2041/2834/873 2113/2873/917 2112/2845/902
f 2049/2848/869 2051/2838/868 2118/2822/911
f 2027/2842/880 2106/2824/920 2105/2853/916
f 2061/2841/863 2123/2839/910 2122/2849/907
s 0
f 2133/1912/542 2131/2918/542 2138/1911/542
f 1074/1914/543 1075/1916/543 2127/1915/543
s 1
f 2147/1918/925 1107/1960/567 1089/1917/542
s 0
f 2138/1911/542 2131/2918/542 1077/1920/542
f 1077/1920/542 1073/1919/542 2139/1944/542
s 1
f 1108/1921/546 2149/1923/937 2144/1922/927
s 0
f 2133/1912/542 2142/1913/542 1089/1917/542
f 2128/1925/551 2126/2919/551 2131/1924/551
f 2126/1928/542 2128/2920/542 1087/1927/542
f 2126/1931/550 1085/2921/550 1077/1930/550
f 2127/1934/549 2141/1937/549 2137/1933/549
s 1
f 2127/1934/549 2145/1956/941 2148/1936/928
s 0
f 2146/1938/543 2145/2922/543 2127/1915/543
f 2127/1915/543 1075/1916/543 1076/1939/543
f 1076/1939/543 2144/2923/543 2146/1938/543
f 1087/1941/554 2128/2924/554 2133/1940/554
s 1
f 2147/1918/925 2150/1947/936 2151/1946/934
f 2148/1936/928 2152/1949/938 2151/1948/934
f 2149/1923/937 2153/1951/935 2151/1950/934
f 2141/1937/929 2143/1954/939 2140/1952/931
f 2143/1953/939 2142/1913/926 2138/1911/933
f 2148/1936/928 2150/2879/936 2143/1954/939
f 2150/1947/936 2147/1918/925 2142/1913/926
f 2149/1923/937 2152/1955/938 2146/2880/940
f 2152/1949/938 2148/1936/928 2145/1956/941
f 2149/1923/937 1108/1921/546 1109/1958/566
f 2153/1959/935 1109/1961/566 1107/1960/567
f 2184/1962/942 2188/1964/948 2156/1963/943
f 2193/1966/944 2197/2925/974 2198/1965/945
f 2157/1969/733 2155/2926/737 2154/1968/734
f 2194/1972/946 2186/1983/954 2185/1971/947
f 2190/1974/949 2191/2927/953 2157/1976/733
f 2157/1976/733 2156/2929/943 2188/1975/948
f 2188/1975/948 2189/2928/955 2190/1974/949
f 2198/1965/945 2197/2925/974 2240/1977/950
f 2187/1980/952 2155/1991/737 2157/1979/733
f 2186/1983/954 2190/2930/949 2189/1982/955
f 2159/1985/666 2199/2139/973 2242/1984/956
f 2155/1988/737 2159/2931/666 2158/1987/662
f 2195/1990/958 2199/2139/973 2159/1985/666
f 2192/1992/959 2154/1994/734 2158/1993/662
f 2200/1995/942 2204/1997/948 2162/1996/943
f 2209/1999/944 2213/2932/974 2214/1998/945
f 2163/2002/733 2161/2933/737 2160/2001/734
f 2210/2005/946 2202/2016/954 2201/2004/947
f 2206/2007/949 2207/2934/953 2163/2009/733
f 2163/2009/733 2162/2936/943 2204/2008/948
f 2204/2008/948 2205/2935/955 2206/2007/949
f 2214/1998/945 2213/2932/974 2252/2010/950
f 2203/2013/952 2161/2024/737 2163/2012/733
f 2202/2016/954 2206/2937/949 2205/2015/955
f 2165/2018/666 2215/2148/973 2254/2017/956
f 2161/2021/737 2165/2938/666 2164/2020/662
f 2211/2023/958 2215/2148/973 2165/2018/666
f 2208/2025/959 2160/2027/734 2164/2026/662
f 2216/2028/942 2220/2030/948 2168/2029/943
f 2225/2032/944 2229/2939/974 2230/2031/945
f 2169/2035/733 2167/2940/737 2166/2034/734
f 2226/2038/946 2218/2049/954 2217/2037/961
f 2222/2040/949 2223/2941/953 2169/2042/733
f 2169/2042/733 2168/2943/943 2220/2041/948
f 2220/2041/948 2221/2942/955 2222/2040/949
f 2230/2031/945 2229/2939/974 2264/2043/950
f 2219/2046/952 2167/2057/737 2169/2045/733
f 2218/2049/954 2222/2944/949 2221/2048/955
f 2171/2051/666 2231/2157/973 2266/2050/956
f 2166/2053/734 2167/2055/737 2171/2054/666
f 2227/2056/958 2231/2157/973 2171/2051/666
f 2224/2058/959 2166/2060/734 2170/2059/662
f 2172/2066/965 2173/2945/957 2175/2065/731
f 2232/2069/967 2235/2086/971 2243/2068/951
f 2238/2071/969 2239/2946/1102 2236/2073/968
f 2236/2073/968 2237/2948/970 2174/2072/966
f 2174/2072/966 2175/2947/731 2238/2071/969
f 2175/2074/731 2173/1986/957 2234/2061/962
f 2233/2076/963 2172/2078/965 2174/2077/966
f 2158/1987/662 2159/2931/666 2173/2079/957
f 2199/2083/542 2198/2949/542 2197/2081/542
f 2197/2081/542 2196/2950/542 2158/2082/542
f 2158/2082/542 2159/2951/542 2199/2083/542
f 2241/2084/964 2196/2085/960 2158/1993/662
f 2236/2087/968 2239/2952/1102 2235/2086/971
f 2176/2093/965 2177/2953/957 2179/2092/731
f 2244/2096/967 2247/2110/971 2255/2095/951
f 2250/2098/969 2251/2954/1102 2248/2100/968
f 2248/2100/968 2249/2956/970 2178/2099/966
f 2178/2099/966 2179/2955/731 2250/2098/969
f 2179/2101/731 2177/2019/957 2246/2088/962
f 2245/2062/963 2176/2063/965 2178/2103/966
f 2164/2020/662 2165/2938/666 2177/2104/957
f 2213/2106/543 2214/2957/543 2215/2108/543
f 2215/2108/543 2165/2959/543 2164/2107/543
f 2164/2107/543 2212/2958/543 2213/2106/543
f 2253/2064/964 2212/2109/960 2164/2026/662
f 2248/2111/968 2251/2960/1102 2247/2110/971
f 2180/2114/965 2181/2961/957 2183/2113/731
f 2256/2117/972 2259/2132/971 2267/2116/951
f 2262/2119/969 2263/2962/1102 2260/2121/968
f 2260/2121/968 2261/2964/970 2182/2120/966
f 2182/2120/966 2183/2963/731 2262/2119/969
f 2183/2122/731 2181/2052/957 2258/2112/962
f 2257/2089/963 2180/2090/965 2182/2124/966
f 2170/2126/662 2171/2054/666 2181/2125/957
f 2231/2128/542 2230/2965/542 2229/2130/542
f 2229/2130/542 2228/2967/542 2170/2129/542
f 2170/2129/542 2171/2966/542 2231/2128/542
f 2265/2091/964 2228/2131/960 2170/2059/662
f 2260/2133/968 2263/2968/1102 2259/2132/971
f 2188/2134/948 2184/2135/942 2185/1971/947
f 2191/1981/953 2190/2969/949 2186/2136/954
f 2192/2137/959 2193/1973/944 2185/1971/947
f 2195/1990/958 2187/1980/952 2186/2136/954
f 2194/2138/946 2198/2140/945 2199/2139/973
f 2193/2141/944 2192/1992/959 2196/2085/960
f 2204/2143/948 2200/2144/942 2201/2004/947
f 2207/2014/953 2206/2970/949 2202/2145/954
f 2208/2146/959 2209/2006/944 2201/2004/947
f 2211/2023/958 2203/2013/952 2202/2145/954
f 2210/2147/946 2214/2149/945 2215/2148/973
f 2209/2150/944 2208/2025/959 2212/2109/960
f 2220/2152/948 2216/2153/942 2217/2037/961
f 2223/2047/953 2222/2971/949 2218/2154/954
f 2224/2155/959 2225/2039/944 2217/2037/961
f 2227/2056/958 2219/2046/952 2218/2154/954
f 2226/2156/946 2230/2158/945 2231/2157/973
f 2225/2159/944 2224/2058/959 2228/2131/960
f 2232/2162/967 2233/2076/963 2237/2161/970
f 2235/2164/971 2239/2165/1102 2238/2075/969
f 2232/2162/967 2240/2166/950 2241/2084/964
f 2235/2164/971 2234/2061/962 2242/1984/956
f 2199/2139/973 2198/2140/945 2243/2167/951
f 2196/2085/960 2241/2084/964 2240/2166/950
f 2244/2169/967 2245/2062/963 2249/2168/970
f 2247/2171/971 2251/2172/1102 2250/2102/969
f 2244/2169/967 2252/2173/950 2253/2064/964
f 2247/2171/971 2246/2088/962 2254/2017/956
f 2215/2148/973 2214/2149/945 2255/2174/951
f 2212/2109/960 2253/2064/964 2252/2173/950
f 2256/2176/972 2257/2089/963 2261/2175/970
f 2259/2178/971 2263/2179/1102 2262/2123/969
f 2256/2176/972 2264/2180/950 2265/2091/964
f 2259/2178/971 2258/2112/962 2266/2050/956
f 2231/2157/973 2230/2158/945 2267/2181/951
f 2228/2131/960 2265/2091/964 2264/2180/950
f 2323/2183/975 2328/2279/1002 2315/2182/976
s 0
f 2398/2185/1103 2395/2240/1103 2320/2187/1103
f 2320/2187/1104 2318/2273/1104 2311/2186/1104
f 2311/2186/1105 2312/2265/1105 2398/2185/1105
f 2392/2189/549 2398/2185/549 2397/2188/549
f 2400/2192/542 2406/2248/542 2301/2191/542
f 2358/2976/543 2359/2975/543 2285/2205/543
f 2294/2974/543 2355/2973/543 2357/2972/543
f 2294/2974/543 2357/2972/543 2356/2978/543
f 2363/2977/543 2358/2976/543 2285/2205/543
f 2352/2980/543 2363/2977/543 2285/2205/543
f 2399/2194/543 2294/2974/543 2356/2978/543
f 2399/2194/543 2356/2978/543 2362/2979/543
f 2352/2980/543 2285/2205/543 2394/2195/543
f 2354/2982/543 2352/2980/543 2394/2195/543
f 2399/2194/543 2362/2979/543 2361/2981/543
f 2399/2194/543 2361/2981/543 2360/2196/543
f 2353/2881/543 2354/2982/543 2394/2195/543
f 2399/2194/543 2360/2196/543 2353/2881/543
f 2289/2198/542 2291/2882/542 1265/2197/542
s 1
f 1373/2202/979 1374/2201/1064 2407/2263/980
s 0
f 2289/2198/542 2388/2204/542 2396/2203/542
f 2285/2205/543 2405/2207/543 2403/2206/543
f 2409/2209/543 2411/2435/543 2424/2208/543
f 2424/2885/549 2425/2983/549 2423/2213/549
f 2423/2213/549 2430/2988/549 2431/2883/549
f 2431/2883/549 2429/2987/549 2427/2212/549
f 2427/2212/549 2428/2986/549 2426/2884/549
f 2426/2884/549 2421/2985/549 2422/2211/549
f 2422/2211/549 2420/2984/549 2424/2885/549
f 2424/2885/549 2423/2213/549 2431/2883/549
f 2431/2883/549 2427/2212/549 2426/2884/549
f 2426/2884/549 2422/2211/549 2424/2885/549
f 2423/2215/550 2412/2437/550 2417/2214/550
f 2418/2888/551 2419/2989/551 2417/2219/551
f 2417/2219/551 2412/2994/551 2413/2886/551
f 2413/2886/551 2411/2993/551 2409/2218/551
f 2409/2218/551 2410/2992/551 2408/2887/551
f 2408/2887/551 2415/2991/551 2416/2217/551
f 2416/2217/551 2414/2990/551 2418/2888/551
f 2418/2888/551 2417/2219/551 2413/2886/551
f 2413/2886/551 2409/2218/551 2408/2887/551
f 2408/2887/551 2416/2217/551 2418/2888/551
f 2427/2221/542 2429/2995/542 2418/2220/542
f 2291/2882/542 2371/2997/542 2370/2996/542
f 1265/2197/542 2291/2882/542 2370/2996/542
f 2372/2998/542 2301/2191/542 1262/2223/542
f 2367/2999/542 2372/2998/542 1262/2223/542
f 1262/2223/542 1265/2197/542 2370/2996/542
f 1262/2223/542 2370/2996/542 2366/2225/542
f 2368/2889/542 2367/2999/542 1262/2223/542
f 1262/2223/542 2366/2225/542 2369/2224/542
f 2338/3004/543 2334/3003/543 2294/2974/543
f 2283/2226/543 1266/3002/543 1295/3001/543
f 2283/2226/543 1295/3001/543 2335/3000/543
f 2338/3004/543 2294/2974/543 2283/2226/543
f 2337/2227/543 2338/3004/543 2283/2226/543
f 2283/2226/543 2335/3000/543 2336/2228/543
s 1
f 2346/2230/982 2345/2315/983 2338/2229/983
s 0
f 2364/2234/543 2355/2973/543 2294/2974/543
f 2294/2974/543 2334/3003/543 2341/2233/543
f 2364/2234/543 2294/2974/543 2341/2233/543
f 2285/2205/543 2359/2975/543 2365/2232/543
f 2365/2232/543 2364/2234/543 2341/2233/543
f 2365/2232/543 2341/2233/543 2342/3007/543
f 1261/2241/543 2285/2205/543 2365/2232/543
f 2339/3006/543 1305/3005/543 1261/2241/543
f 2365/2232/543 2342/3007/543 2340/2890/543
f 2340/2890/543 2339/3006/543 1261/2241/543
f 2344/2236/551 2351/2313/551 2341/2235/551
s 1
f 2402/2239/984 2401/3008/1106 2391/2238/985
s 0
f 1261/2241/543 1372/2242/543 2405/2207/543
f 2376/3013/542 2375/3012/542 2371/2997/542
f 2390/2193/542 2301/2191/542 2372/2998/542
f 2390/2193/542 2372/2998/542 2383/3016/542
f 2376/3013/542 2371/2997/542 2291/2882/542
f 2374/3015/542 2373/3014/542 2376/3013/542
f 2374/3015/542 2376/3013/542 2291/2882/542
f 2390/2193/542 2383/3016/542 2386/3018/542
f 2390/2193/542 2386/3018/542 2387/3019/542
f 2377/3017/542 2374/3015/542 2291/2882/542
f 2382/3020/542 2377/3017/542 2291/2882/542
f 2390/2193/542 2387/3019/542 2384/3021/542
f 2390/2193/542 2384/3021/542 2385/3022/542
f 2382/3020/542 2291/2882/542 2396/2203/542
f 2378/3023/542 2382/3020/542 2396/2203/542
f 2396/2203/542 2390/2193/542 2385/3022/542
f 2396/2203/542 2385/3022/542 2379/2247/542
f 2380/2891/542 2378/3023/542 2396/2203/542
f 2396/2203/542 2379/2247/542 2381/2246/542
f 2406/2248/542 1375/3024/542 1262/2223/542
f 2319/2249/1107 2320/2187/1107 2395/2240/1107
f 2395/2240/1108 2391/2238/1108 2316/2250/1108
f 2316/2250/1109 2314/2271/1109 2319/2249/1109
f 2315/2254/1105 2316/2250/1105 2391/2238/1105
f 2391/2238/1110 2397/2188/1110 2308/2255/1110
f 2308/2255/1104 2306/2267/1104 2315/2254/1104
s 1
f 2318/2256/989 2332/2258/1000 2325/2257/990
f 2314/2259/992 2329/2261/1111 2331/2260/993
f 2407/2263/980 2401/2418/1106 2402/2262/984
s 0
f 2397/2188/1108 2398/2185/1108 2312/2265/1108
f 2312/2265/1109 2310/2269/1109 2307/2264/1109
f 2307/2264/1107 2308/2255/1107 2397/2188/1107
f 2283/2226/543 2294/2974/543 2399/2194/543
s 1
f 2321/2275/999 2333/3031/1001 2332/2258/1000
f 2319/2277/994 2331/2260/993 2333/2276/1001
f 2328/2279/1002 2330/2281/1004 2317/2280/1003
f 2330/2282/1004 2329/2261/1111 2314/2259/992
f 2306/2184/977 2309/2284/1006 2324/2283/1005
f 2309/2285/1006 2307/2287/1011 2322/2286/1007
f 2327/2289/1008 2313/3032/1010 2311/2288/991
f 2326/2291/1009 2310/2293/1012 2313/2290/1010
f 2326/2291/1009 2322/2286/1007 2307/2287/1011
s 0
f 2345/2294/543 2346/3033/543 2347/2897/543
f 2347/2897/543 2343/2296/543 1306/2898/543
f 1306/2898/543 1312/2295/543 2344/2297/543
f 2344/2297/543 2345/2294/543 2347/2897/543
f 1312/2295/543 1403/3035/543 2433/3034/543
f 2344/2297/543 1312/2295/543 2433/3034/543
f 2350/2298/543 2351/3036/543 2344/2297/543
f 2437/3038/543 2349/3037/543 2350/2298/543
f 2438/3039/543 2437/3038/543 2350/2298/543
f 2344/2297/543 2433/3034/543 2434/3040/543
f 2344/2297/543 2434/3040/543 2432/2299/543
f 2435/2899/543 2438/3039/543 2350/2298/543
f 2344/2297/543 2432/2299/543 2435/2899/543
f 1314/2300/543 2348/3042/543 2349/3037/543
f 2349/3037/543 2437/3038/543 2436/3041/543
f 2349/3037/543 2436/3041/543 1402/2301/543
f 1314/2300/543 2349/3037/543 1402/2301/543
s 1
f 2349/2303/1013 2348/2317/1014 2339/2302/1014
f 2347/2306/1015 2346/3043/982 2337/2305/982
f 2350/2309/1016 2349/3044/1013 2340/2308/1013
f 2343/2311/1017 2347/2306/1015 2336/2307/1015
f 2351/2313/1018 2350/2309/1016 2342/2310/1016
s 0
f 2345/2315/551 2344/3045/551 2334/2314/551
f 2348/2317/554 1314/3046/554 1305/2316/554
f 1306/2318/550 2343/2311/550 2335/2312/550
s 1
f 2353/2321/1019 2360/2333/1020 2274/2320/1020
f 2364/2324/1021 2365/2905/1022 2282/2323/1022
f 2356/2327/1023 2293/2338/1023 2277/2326/1024
f 2361/2332/1025 2279/3053/1025 2274/2320/1020
f 2362/2328/1024 2277/2326/1024 2279/2334/1025
f 2355/2336/715 2364/2324/1021 2295/2325/1021
f 2295/2325/1021 2296/2337/587 2357/2903/587
f 2357/2339/587 2296/3054/587 2293/2338/1023
f 2354/2341/1026 2272/3055/1026 2269/2340/1027
f 2353/2321/1019 2271/2322/1019 2272/2343/1026
f 2359/2345/717 2358/2346/585 2287/2904/585
f 2287/2904/585 2282/2323/1022 2365/2905/1022
f 2363/2348/1028 2284/2350/1028 2287/2347/585
f 2363/2348/1028 2352/2342/1027 2269/2340/1027
f 2275/2351/554 2383/2370/554 2372/2353/554
f 2372/2353/554 2367/2352/1029 2276/2379/1029
f 2382/2355/1030 2297/2390/1030 2303/2354/1031
f 2370/2361/1032 2268/3057/1032 2278/2360/1033
f 2379/2364/1034 2385/2389/1035 2286/2363/1035
f 2370/2366/1032 2371/3058/543 2375/2368/1036
f 2375/2368/1036 2273/2367/1039 2268/2908/1032
f 2288/2369/1037 2386/2371/1037 2383/2370/554
f 2376/2375/1038 2302/3062/1049 2273/2367/1039
f 2381/2376/1040 2379/2364/1034 2270/2365/1034
f 2367/2352/1029 2368/2381/1041 2280/2378/1041
f 2368/2381/1041 2369/3063/841 2281/2380/841
f 2369/2382/841 2366/2362/1033 2278/2360/1033
f 2387/2384/1042 2386/2371/1037 2288/2369/1037
f 2384/2386/1044 2387/2384/1042 2292/2385/1043
f 2385/2389/1035 2384/3064/1044 2290/2388/1044
f 2378/2391/1045 2299/2392/1045 2297/2390/1030
f 2380/2393/1046 2300/3065/1046 2299/2392/1045
f 2380/2394/1046 2381/2376/1040 2298/2377/1040
f 2377/2356/1031 2303/2354/1031 2305/2396/1047
f 2373/2399/1048 2374/3066/1047 2305/2398/1047
f 2376/2401/1038 2373/2399/1048 2304/2400/1048
f 2395/2240/986 2394/2407/1060 2403/2406/1050
f 2388/2204/1052 2389/2411/1112 2397/2410/1053
f 2393/2266/1055 2399/2194/1059 2398/2412/1056
f 2404/2200/981 2405/2408/1051 1372/2414/1058
f 2395/2240/986 2398/2185/1056 2399/2415/1059
f 2391/2416/985 2390/2193/1065 2396/2203/1054
f 2400/2417/1061 2401/2418/1106 2407/2263/980
f 1375/2419/1063 2406/2913/1062 2407/2263/980
f 2391/2238/985 2401/3008/1106 2400/2420/1061
s 0
f 2416/2422/706 2428/3068/706 2427/2221/706
f 2415/2424/707 2426/2439/707 2428/2423/707
f 2419/2426/708 2431/3069/708 2430/2216/708
f 2418/2220/709 2429/2995/709 2431/2427/709
f 2410/2430/710 2422/3070/710 2421/2429/710
f 2409/2209/711 2420/2210/711 2422/2432/711
f 2413/2434/712 2425/3071/712 2424/2208/712
f 2412/2437/713 2423/2215/713 2425/2436/713
f 2408/2431/554 2421/2429/554 2426/2439/554
f 1402/2441/554 2436/2916/554 2134/2440/554
f 2435/2444/551 2432/2453/551 2129/2443/551
f 2433/2450/1066 2130/2458/1066 2132/2449/1066
f 2434/2452/661 2132/3076/661 2129/2443/661
f 2437/2454/1067 2438/2455/1067 2136/2915/1067
f 2136/2915/1067 2134/2440/1067 2436/2916/1067
f 2435/2444/665 2135/2445/665 2136/2456/665
f 1403/2459/550 1069/3077/550 2130/2458/550
s 1
f 2442/2461/728 2446/3078/731 2445/2460/729
f 2446/2464/731 2444/3079/733 2443/2463/732
f 2444/2467/733 2440/3080/737 2439/2466/734
f 2445/2470/729 2443/3081/732 2439/2469/734
f 2442/2473/728 2440/2477/737 2444/2472/733
f 2448/2476/735 2452/3082/741 2450/2475/736
f 2450/2480/736 2452/3083/741 2451/2479/739
f 2440/2483/737 2450/3084/736 2449/2482/740
f 2439/2469/734 2449/3085/740 2451/2485/739
f 2447/2487/738 2451/3086/739 2452/2486/741
f 2448/2488/735 2442/2461/728 2441/2462/730
s 0
f 2455/2490/551 2456/3087/551 2454/2489/551
f 2459/2493/542 2460/3088/542 2456/2492/542
f 2457/2496/549 2458/3089/549 2460/2495/549
f 2453/2499/543 2454/3090/543 2458/2498/543
f 2453/2502/554 2457/3091/554 2459/2501/554
f 2458/2505/550 2454/3092/550 2456/2504/550
s 1
f 2464/2461/728 2468/3078/731 2467/2460/729
f 2468/2464/731 2466/3079/733 2465/2463/732
f 2466/2467/733 2462/3080/737 2461/2466/734
f 2467/2470/729 2465/3081/732 2461/2469/734
f 2464/2473/728 2462/2477/737 2466/2472/733
f 2470/2476/735 2474/3082/741 2472/2475/736
f 2472/2480/736 2474/3083/741 2473/2479/739
f 2462/2483/737 2472/3084/736 2471/2482/740
f 2461/2469/734 2471/3085/740 2473/2485/739
f 2469/2487/738 2473/3086/739 2474/2486/741
f 2470/2488/735 2464/2461/728 2463/2462/730
s 0
f 2477/2490/551 2478/3087/551 2476/2489/551
f 2481/2493/542 2482/3088/542 2478/2492/542
f 2479/2496/549 2480/3089/549 2482/2495/549
f 2475/2499/543 2476/3090/543 2480/2498/543
f 2475/2502/554 2479/3091/554 2481/2501/554
f 2480/2505/550 2476/3092/550 2478/2504/550
s 1
f 2486/2461/728 2490/3078/731 2489/2460/729
f 2490/2464/731 2488/3079/733 2487/2463/732
f 2488/2467/733 2484/3080/737 2483/2466/734
f 2489/2470/729 2487/3081/732 2483/2469/734
f 2486/2473/728 2484/2477/737 2488/2472/733
f 2492/2476/735 2496/3082/741 2494/2475/736
f 2494/2480/736 2496/3083/741 2495/2479/739
f 2484/2483/737 2494/3084/736 2493/2482/740
f 2483/2469/734 2493/3085/740 2495/2485/739
f 2491/2487/738 2495/3086/739 2496/2486/741
f 2492/2488/735 2486/2461/728 2485/2462/730
s 0
f 2499/2490/551 2500/3087/551 2498/2489/551
f 2503/2493/542 2504/3088/542 2500/2492/542
f 2501/2496/549 2502/3089/549 2504/2495/549
f 2497/2499/543 2498/3090/543 2502/2498/543
f 2497/2502/554 2501/3091/554 2503/2501/554
f 2502/2505/550 2498/3092/550 2500/2504/550
s 1
f 2508/2461/728 2512/3078/731 2511/2460/729
f 2512/2464/731 2510/3079/733 2509/2463/732
f 2510/2467/733 2506/3080/737 2505/2466/734
f 2511/2470/729 2509/3081/732 2505/2469/734
f 2508/2473/728 2506/2477/737 2510/2472/733
f 2514/2476/735 2518/3082/741 2516/2475/736
f 2516/2480/736 2518/3083/741 2517/2479/739
f 2506/2483/737 2516/3084/736 2515/2482/740
f 2505/2469/734 2515/3085/740 2517/2485/739
f 2513/2487/738 2517/3086/739 2518/2486/741
f 2514/2488/735 2508/2461/728 2507/2462/730
s 0
f 2521/2490/551 2522/3087/551 2520/2489/551
f 2525/2493/542 2526/3088/542 2522/2492/542
f 2523/2496/549 2524/3089/549 2526/2495/549
f 2519/2499/543 2520/3090/543 2524/2498/543
f 2519/2502/554 2523/3091/554 2525/2501/554
f 2524/2505/550 2520/3092/550 2522/2504/550
s 1
f 2530/2461/728 2534/3078/731 2533/2460/729
f 2534/2464/731 2532/3079/733 2531/2463/732
f 2532/2467/733 2528/3080/737 2527/2466/734
f 2533/2470/729 2531/3081/732 2527/2469/734
f 2530/2473/728 2528/2477/737 2532/2472/733
f 2536/2476/735 2540/3082/741 2538/2475/736
f 2538/2480/736 2540/3083/741 2539/2479/739
f 2528/2483/737 2538/3084/736 2537/2482/740
f 2527/2469/734 2537/3085/740 2539/2485/739
f 2535/2487/738 2539/3086/739 2540/2486/741
f 2536/2488/735 2530/2461/728 2529/2462/730
s 0
f 2543/2490/551 2544/3087/551 2542/2489/551
f 2547/2493/542 2548/3088/542 2544/2492/542
f 2545/2496/549 2546/3089/549 2548/2495/549
f 2541/2499/543 2542/3090/543 2546/2498/543
f 2541/2502/554 2545/3091/554 2547/2501/554
f 2546/2505/550 2542/3092/550 2544/2504/550
s 1
f 2552/2461/728 2556/3078/731 2555/2460/729
f 2556/2464/731 2554/3079/733 2553/2463/732
f 2554/2467/733 2550/3080/737 2549/2466/734
f 2555/2470/729 2553/3081/732 2549/2469/734
f 2552/2473/728 2550/2477/737 2554/2472/733
f 2558/2476/735 2562/3082/741 2560/2475/736
f 2560/2480/736 2562/3083/741 2561/2479/739
f 2550/2483/737 2560/3084/736 2559/2482/740
f 2549/2469/734 2559/3085/740 2561/2485/739
f 2557/2487/738 2561/3086/739 2562/2486/741
f 2558/2488/735 2552/2461/728 2551/2462/730
s 0
f 2565/2490/551 2566/3087/551 2564/2489/551
f 2569/2493/542 2570/3088/542 2566/2492/542
f 2567/2496/549 2568/3089/549 2570/2495/549
f 2563/2499/543 2564/3090/543 2568/2498/543
f 2563/2502/554 2567/3091/554 2569/2501/554
f 2568/2505/550 2564/3092/550 2566/2504/550
s 1
f 2577/2460/718 2578/3078/596 2574/2461/719
f 2575/2463/721 2576/3079/575 2578/2464/596
f 2571/2466/574 2572/3080/588 2576/2467/575
f 2571/2469/574 2575/3081/721 2577/2470/718
f 2576/2472/575 2572/2477/588 2574/2473/719
f 2582/2475/722 2584/3082/727 2580/2476/723
f 2583/2479/725 2584/3083/727 2582/2480/722
f 2581/2482/726 2582/3084/722 2572/2483/588
f 2583/2485/725 2581/3085/726 2571/2469/574
f 2584/2486/727 2583/3086/725 2579/2487/724
f 2573/2462/720 2574/2461/719 2580/2488/723
s 0
f 2586/2489/549 2588/3087/549 2587/2490/549
f 2588/2492/542 2592/3088/542 2591/2493/542
f 2592/2495/551 2590/3089/551 2589/2496/551
f 2590/2498/543 2586/3090/543 2585/2499/543
f 2591/2501/554 2589/3091/554 2585/2502/554
f 2588/2504/550 2586/3092/550 2590/2505/550
s 1
f 2599/2460/718 2600/3078/596 2596/2461/719
f 2597/2463/721 2598/3079/575 2600/2464/596
f 2593/2466/574 2594/3080/588 2598/2467/575
f 2593/2469/574 2597/3081/721 2599/2470/718
f 2598/2472/575 2594/2477/588 2596/2473/719
f 2604/2475/722 2606/3082/727 2602/2476/723
f 2605/2479/725 2606/3083/727 2604/2480/722
f 2603/2482/726 2604/3084/722 2594/2483/588
f 2605/2485/725 2603/3085/726 2593/2469/574
f 2606/2486/727 2605/3086/725 2601/2487/724
f 2595/2462/720 2596/2461/719 2602/2488/723
s 0
f 2608/2489/549 2610/3087/549 2609/2490/549
f 2610/2492/542 2614/3088/542 2613/2493/542
f 2614/2495/551 2612/3089/551 2611/2496/551
f 2612/2498/543 2608/3090/543 2607/2499/543
f 2613/2501/554 2611/3091/554 2607/2502/554
f 2610/2504/550 2608/3092/550 2612/2505/550
s 1
f 2621/2460/718 2622/3078/596 2618/2461/719
f 2619/2463/721 2620/3079/575 2622/2464/596
f 2615/2466/574 2616/3080/588 2620/2467/575
f 2615/2469/574 2619/3081/721 2621/2470/718
f 2620/2472/575 2616/2477/588 2618/2473/719
f 2626/2475/722 2628/3082/727 2624/2476/723
f 2627/2479/725 2628/3083/727 2626/2480/722
f 2625/2482/726 2626/3084/722 2616/2483/588
f 2627/2485/725 2625/3085/726 2615/2469/574
f 2628/2486/727 2627/3086/725 2623/2487/724
f 2617/2462/720 2618/2461/719 2624/2488/723
s 0
f 2630/2489/549 2632/3087/549 2631/2490/549
f 2632/2492/542 2636/3088/542 2635/2493/542
f 2636/2495/551 2634/3089/551 2633/2496/551
f 2634/2498/543 2630/3090/543 2629/2499/543
f 2635/2501/554 2633/3091/554 2629/2502/554
f 2632/2504/550 2630/3092/550 2634/2505/550
s 1
f 2643/2460/718 2644/3078/596 2640/2461/719
f 2641/2463/721 2642/3079/575 2644/2464/596
f 2637/2466/574 2638/3080/588 2642/2467/575
f 2637/2469/574 2641/3081/721 2643/2470/718
f 2642/2472/575 2638/2477/588 2640/2473/719
f 2648/2475/722 2650/3082/727 2646/2476/723
f 2649/2479/725 2650/3083/727 2648/2480/722
f 2647/2482/726 2648/3084/722 2638/2483/588
f 2649/2485/725 2647/3085/726 2637/2469/574
f 2650/2486/727 2649/3086/725 2645/2487/724
f 2639/2462/720 2640/2461/719 2646/2488/723
s 0
f 2652/2489/549 2654/3087/549 2653/2490/549
f 2654/2492/542 2658/3088/542 2657/2493/542
f 2658/2495/551 2656/3089/551 2655/2496/551
f 2656/2498/543 2652/3090/543 2651/2499/543
f 2657/2501/554 2655/3091/554 2651/2502/554
f 2654/2504/550 2652/3092/550 2656/2505/550
s 1
f 2665/2460/718 2666/3078/596 2662/2461/719
f 2663/2463/721 2664/3079/575 2666/2464/596
f 2659/2466/574 2660/3080/588 2664/2467/575
f 2659/2469/574 2663/3081/721 2665/2470/718
f 2664/2472/575 2660/2477/588 2662/2473/719
f 2670/2475/722 2672/3082/727 2668/2476/723
f 2671/2479/725 2672/3083/727 2670/2480/722
f 2669/2482/726 2670/3084/722 2660/2483/588
f 2671/2485/725 2669/3085/726 2659/2469/574
f 2672/2486/727 2671/3086/725 2667/2487/724
f 2661/2462/720 2662/2461/719 2668/2488/723
s 0
f 2674/2489/549 2676/3087/549 2675/2490/549
f 2676/2492/542 2680/3088/542 2679/2493/542
f 2680/2495/551 2678/3089/551 2677/2496/551
f 2678/2498/543 2674/3090/543 2673/2499/543
f 2679/2501/554 2677/3091/554 2673/2502/554
f 2676/2504/550 2674/3092/550 2678/2505/550
s 1
f 2687/2460/718 2688/3078/596 2684/2461/719
f 2685/2463/721 2686/3079/575 2688/2464/596
f 2681/2466/574 2682/3080/588 2686/2467/575
f 2681/2469/574 2685/3081/721 2687/2470/718
f 2686/2472/575 2682/2477/588 2684/2473/719
f 2692/2475/722 2694/3082/727 2690/2476/723
f 2693/2479/725 2694/3083/727 2692/2480/722
f 2691/2482/726 2692/3084/722 2682/2483/588
f 2693/2485/725 2691/3085/726 2681/2469/574
f 2694/2486/727 2693/3086/725 2689/2487/724
f 2683/2462/720 2684/2461/719 2690/2488/723
s 0
f 2696/2489/549 2698/3087/549 2697/2490/549
f 2698/2492/542 2702/3088/542 2701/2493/542
f 2702/2495/551 2700/3089/551 2699/2496/551
f 2700/2498/543 2696/3090/543 2695/2499/543
f 2701/2501/554 2699/3091/554 2695/2502/554
f 2698/2504/550 2696/3092/550 2700/2505/550
s 1
f 1675/2507/761 2703/2509/1070 2704/2508/1068
f 2705/2510/839 2706/2511/842 2704/2508/1068
f 2707/2512/841 2708/2513/843 2706/2511/842
f 2709/2514/762 2710/2516/845 2708/2513/843
f 1701/2515/749 1702/2515/751 2714/2516/844
f 2714/2516/844 2713/2513/847 2708/2513/843
f 2711/2508/1071 1686/2517/1073 1676/2517/1069
f 2713/2513/847 2712/2511/854 2706/2511/842
f 2712/2511/854 2711/2508/1071 2704/2508/1068
f 2707/2512/542 2717/2512/542 2718/2514/542
f 1675/2507/542 1690/2507/542 2715/2509/542
f 2705/2510/542 2716/2510/542 2717/2512/542
f 2703/2509/542 2715/2509/542 2716/2510/542
f 2719/2509/1072 2720/2510/851 2716/2510/850
f 2720/2510/851 2721/2512/852 2717/2512/852
f 2721/2512/852 2722/2514/742 2718/2514/742
f 1690/2507/748 1695/2507/748 2719/2509/1072
f 2718/2514/542 1703/2518/542 1700/2518/542
f 2722/2514/742 1704/2518/550 1703/2518/550
f 1700/2518/554 1701/2515/749 2710/2516/845
s 0
f 1695/2519/542 1704/3093/542 2722/2521/542
f 2722/2521/542 2721/3095/542 2720/2520/542
f 2720/2520/542 2719/3094/542 1695/2519/542
s 1
f 1686/2517/1073 2711/2508/1071 2712/2511/854
f 2712/2511/854 2713/2513/847 2714/2516/844
f 2714/2516/844 1702/2515/751 1686/2517/1073
f 2724/2523/554 2726/2526/799 2725/2522/797
f 2726/2526/799 2728/2528/798 2727/2525/795
f 2728/2528/798 2730/3096/796 2729/2527/793
f 2730/2530/796 2732/2533/794 2731/2529/792
f 2732/2533/794 2734/2535/551 2733/2532/790
f 2734/2535/551 2736/2537/791 2735/2534/788
f 2736/2537/791 2738/2539/789 2737/2536/786
f 2738/2539/789 2740/3097/787 2739/2538/784
f 2740/2541/787 2742/2544/785 2741/2540/783
f 2742/2544/785 2744/2546/550 2743/2543/781
f 2744/2546/550 2746/2548/782 2745/2545/779
f 2746/2548/782 2748/3098/780 2747/2547/777
f 2748/2550/780 2750/2553/778 2749/2549/775
f 2750/2553/778 2752/2555/776 2751/2552/774
f 2752/2555/776 2754/2557/549 2753/2554/772
f 2754/2557/549 2756/2559/773 2755/2556/770
f 2756/2559/773 2758/3099/771 2757/2558/768
f 2758/2561/771 2760/2567/769 2759/2560/766
f 2724/2563/542 2762/2565/542 2782/2564/542
f 2760/2567/769 2762/2568/767 2761/2566/764
f 2762/2568/767 2724/2523/554 2723/2524/765
f 2735/2570/788 2809/2695/832 2808/2569/824
f 2768/2573/806 2788/2683/806 2789/2572/803
f 2728/2576/542 2765/2686/542 2766/2575/542
f 2740/2578/542 2738/2580/542 2770/2579/542
f 2724/2563/542 2764/2682/542 2763/2581/542
f 2750/2583/542 2748/2585/542 2775/2584/542
f 2758/2587/542 2780/2685/542 2781/2586/542
f 2734/2590/542 2768/2687/542 2769/2589/542
f 2746/2592/542 2744/2594/542 2773/2593/542
f 2756/2595/542 2754/2597/542 2778/2596/542
f 2732/2598/542 2730/2577/542 2766/2575/542
f 2740/2578/542 2771/2684/542 2772/2599/542
f 2752/2601/542 2750/2583/542 2776/2602/542
f 2760/2588/542 2781/2586/542 2782/2564/542
f 2728/2576/542 2726/2582/542 2763/2581/542
f 2736/2591/542 2769/2589/542 2770/2579/542
f 2748/2585/542 2746/2592/542 2774/2603/542
f 2758/2587/542 2756/2595/542 2779/2604/542
f 2734/2590/542 2732/2598/542 2767/2605/542
f 2742/2600/542 2772/2599/542 2773/2593/542
f 2754/2597/542 2752/2601/542 2777/2606/542
f 2785/2690/542 2783/3100/542 2784/2609/542
f 2784/2609/542 2802/3113/542 2801/3112/542
f 2801/3112/542 2800/3111/542 2799/2608/542
f 2799/2608/542 2798/3110/542 2797/2688/542
f 2797/2688/542 2796/3109/542 2795/3108/542
f 2795/3108/542 2794/3107/542 2793/3106/542
f 2793/3106/542 2792/3105/542 2791/2607/542
f 2791/2607/542 2790/3104/542 2789/2689/542
f 2789/2689/542 2788/3103/542 2787/3102/542
f 2787/3102/542 2786/3101/542 2785/2690/542
f 2785/2690/542 2784/2609/542 2801/3112/542
f 2801/3112/542 2799/2608/542 2797/2688/542
f 2797/2688/542 2795/3108/542 2793/3106/542
f 2793/3106/542 2791/2607/542 2789/2689/542
f 2789/2689/542 2787/3102/542 2785/2690/542
f 2785/2690/542 2801/3112/542 2797/2688/542
f 2797/2688/542 2793/3106/542 2789/2689/542
f 2777/2612/801 2776/2611/805 2796/2647/805
f 2769/2574/803 2789/2572/803 2790/2613/804
f 2777/2612/801 2797/2610/801 2798/2615/802
f 2770/2618/804 2790/3114/804 2791/2617/820
f 2763/2620/819 2764/2622/809 2784/2621/809
f 2778/2616/802 2798/2615/802 2799/2623/818
f 2771/2619/820 2791/2617/820 2792/2625/817
f 2765/2627/816 2763/2620/819 2783/2628/819
f 2779/2624/818 2799/2623/818 2800/2629/815
f 2773/2631/814 2772/2626/817 2792/2625/817
f 2766/2632/813 2765/2627/816 2785/2633/816
f 2781/2635/812 2780/2630/815 2800/2629/815
f 2774/2636/811 2773/2631/814 2793/2637/814
f 2767/2638/810 2766/2640/813 2786/2639/813
f 2782/2641/808 2781/2643/812 2801/2642/812
f 2774/2636/811 2794/2692/811 2795/2644/807
f 2767/2638/810 2787/2646/810 2788/2683/806
f 2782/2641/808 2802/2693/808 2784/2621/809
f 2775/2648/807 2795/3115/807 2796/2647/805
f 2822/2678/822 2803/2697/860 2804/2650/833
f 2804/2650/833 2805/2680/827 2806/2657/830
f 2806/2657/830 2807/2676/1074 2808/2569/824
f 2808/2569/824 2809/2695/832 2810/2670/821
f 2810/2670/821 2811/2681/829 2812/2661/823
f 2812/2661/823 2813/2694/855 2814/2652/826
f 2814/2652/826 2815/2672/835 2816/2649/828
f 2816/2649/828 2817/2677/1075 2818/2654/800
f 2818/2654/800 2819/2696/831 2820/2674/825
f 2820/2674/825 2821/2665/834 2822/2678/822
f 2822/2678/822 2804/2650/833 2806/2657/830
f 2806/2657/830 2808/2569/824 2810/2670/821
f 2810/2670/821 2812/2661/823 2814/2652/826
f 2814/2652/826 2816/2649/828 2818/2654/800
f 2818/2654/800 2820/2674/825 2822/2678/822
f 2822/2678/822 2806/2657/830 2810/2670/821
f 2810/2670/821 2814/2652/826 2818/2654/800
f 2743/2651/781 2745/2653/779 2814/2652/826
f 2755/2655/770 2819/2696/831 2818/2654/800
f 2731/2658/792 2807/2676/1074 2806/2657/830
f 2739/2660/784 2741/2662/783 2812/2661/823
f 2751/2663/774 2817/2677/1075 2816/2649/828
f 2761/2666/764 2822/2678/822 2821/2665/834
f 2727/2668/795 2805/2680/827 2804/2650/833
f 2737/2671/786 2810/2670/821 2809/2695/832
f 2747/2673/777 2815/2672/835 2814/2652/826
f 2755/2655/770 2757/2675/768 2820/2674/825
f 2733/2571/790 2808/2569/824 2807/2676/1074
f 2743/2651/781 2813/2694/855 2812/2661/823
f 2753/2656/772 2818/2654/800 2817/2677/1075
f 2723/2679/765 2803/2697/860 2822/2678/822
f 2729/2659/793 2806/2657/830 2805/2680/827
f 2737/2671/786 2739/2660/784 2811/2681/829
f 2749/2664/775 2816/2649/828 2815/2672/835
f 2723/2679/765 2725/2669/797 2804/2650/833
f 2759/2667/766 2821/2665/834 2820/2674/825
f 1676/2517/1076 2824/2508/1079 2823/2509/1077
f 2824/2508/1079 2826/2511/746 2825/2510/745
f 2826/2511/746 2828/2513/747 2827/2512/681
f 2828/2513/747 2830/2516/752 2829/2514/748
f 1701/2515/749 2830/2516/752 2834/2516/750
f 2828/2513/747 2833/2513/753 2834/2516/750
f 2824/2508/1079 1676/2517/1076 1686/2517/1080
f 2826/2511/746 2832/2511/756 2833/2513/753
f 2826/2511/746 2824/2508/1079 2831/2508/1081
f 2827/2512/542 2829/2514/542 2838/2514/542
f 2823/2509/542 2835/2509/542 1690/2507/542
f 2827/2512/542 2837/2512/542 2836/2510/542
f 2823/2509/542 2825/2510/542 2836/2510/542
f 2836/2510/757 2840/2510/760 2839/2509/1082
f 2837/2512/759 2841/2512/759 2840/2510/760
f 2838/2514/761 2842/2514/761 2841/2512/759
f 2835/2509/1082 2839/2509/1082 1695/2507/1083
f 1700/2518/542 1703/2518/542 2838/2514/542
f 2838/2514/761 1703/2518/550 1704/2518/550
f 2829/2514/748 2830/2516/752 1701/2515/749
s 0
f 2842/2521/542 1704/3093/542 1695/2519/542
f 1695/2519/542 2839/3094/542 2840/2520/542
f 2840/2520/542 2841/3095/542 2842/2521/542
s 1
f 2832/2511/756 2831/2508/1081 1686/2517/1080
f 1686/2517/1080 1702/2515/751 2834/2516/750
f 2834/2516/750 2833/2513/753 2832/2511/756
f 2845/2522/764 2846/2526/767 2844/2523/554
f 2847/2525/766 2848/2528/769 2846/2526/767
f 2849/2527/768 2850/3096/771 2848/2528/769
f 2851/2529/770 2852/2533/773 2850/2530/771
f 2853/2532/772 2854/2535/549 2852/2533/773
f 2855/2534/774 2856/2537/776 2854/2535/549
f 2857/2536/775 2858/2539/778 2856/2537/776
f 2859/2538/777 2860/3097/780 2858/2539/778
f 2861/2540/779 2862/2544/782 2860/2541/780
f 2863/2543/781 2864/2546/550 2862/2544/782
f 2865/2545/783 2866/2548/785 2864/2546/550
f 2867/2547/784 2868/3098/787 2866/2548/785
f 2869/2549/786 2870/2553/789 2868/2550/787
f 2871/2552/788 2872/2555/791 2870/2553/789
f 2873/2554/790 2874/2557/551 2872/2555/791
f 2875/2556/792 2876/2559/794 2874/2557/551
f 2877/2558/793 2878/3099/796 2876/2559/794
f 2879/2560/795 2880/2567/798 2878/2561/796
f 2844/2563/542 2884/2682/542 2902/2564/542
f 2881/2566/797 2882/2568/799 2880/2567/798
f 2843/2524/765 2844/2523/554 2882/2568/799
f 2928/2569/800 2929/2695/856 2855/2570/774
f 2889/2574/801 2909/2572/801 2908/2683/802
f 2886/2575/542 2885/2686/542 2848/2576/542
f 2891/2684/542 2890/2579/542 2858/2580/542
f 2883/2581/542 2884/2682/542 2844/2563/542
f 2896/2602/542 2895/2584/542 2868/2585/542
f 2880/2588/542 2901/2586/542 2900/2685/542
f 2889/2589/542 2888/2687/542 2854/2590/542
f 2866/2592/542 2894/2603/542 2893/2593/542
f 2876/2595/542 2899/2604/542 2898/2596/542
f 2887/2605/542 2886/2575/542 2850/2577/542
f 2892/2599/542 2891/2684/542 2860/2578/542
f 2872/2601/542 2897/2606/542 2896/2602/542
f 2902/2564/542 2901/2586/542 2880/2588/542
f 2848/2576/542 2885/2686/542 2883/2581/542
f 2890/2579/542 2889/2589/542 2856/2591/542
f 2868/2585/542 2895/2584/542 2894/2603/542
f 2900/2685/542 2899/2604/542 2876/2595/542
f 2888/2687/542 2887/2605/542 2852/2598/542
f 2893/2593/542 2892/2599/542 2862/2600/542
f 2874/2597/542 2898/2596/542 2897/2606/542
f 2904/2609/542 2903/3100/542 2905/2690/542
f 2905/2690/542 2906/3101/542 2907/3102/542
f 2907/3102/542 2908/3103/542 2909/2689/542
f 2909/2689/542 2910/3104/1097 2911/2607/542
f 2911/2607/542 2912/3105/542 2913/3106/542
f 2913/3106/542 2914/3107/542 2915/3108/542
f 2915/3108/542 2916/3109/542 2917/2688/542
f 2917/2688/542 2918/3110/542 2919/2608/542
f 2919/2608/542 2920/3111/1098 2921/3112/542
f 2921/3112/542 2922/3113/542 2904/2609/542
f 2904/2609/542 2905/2690/542 2907/3102/542
f 2907/3102/542 2909/2689/542 2911/2607/542
f 2911/2607/542 2913/3106/542 2915/3108/542
f 2915/3108/542 2917/2688/542 2919/2608/542
f 2919/2608/542 2921/3112/542 2904/2609/542
f 2904/2609/542 2907/3102/542 2911/2607/542
f 2911/2607/542 2915/3108/542 2919/2608/542
f 2917/2610/803 2916/2647/804 2896/2611/804
f 2910/2613/805 2909/2572/801 2889/2574/801
f 2898/2616/806 2918/2615/806 2917/2610/803
f 2911/2617/807 2910/3114/805 2890/2618/805
f 2883/2620/808 2903/2628/808 2904/2621/809
f 2919/2623/810 2918/2615/806 2898/2616/806
f 2892/2626/811 2912/2625/811 2911/2617/807
f 2905/2633/812 2903/2628/808 2883/2620/808
f 2920/2629/813 2919/2623/810 2899/2624/810
f 2913/2637/814 2912/2625/811 2892/2626/811
f 2886/2632/815 2906/2691/815 2905/2633/812
f 2921/2634/816 2920/2629/813 2900/2630/813
f 2894/2636/817 2914/2692/817 2913/2637/814
f 2887/2638/818 2907/2646/818 2906/2639/815
f 2922/2693/819 2921/2642/816 2901/2643/816
f 2915/2644/820 2914/2692/817 2894/2636/817
f 2908/2683/802 2907/2646/818 2887/2638/818
f 2904/2621/809 2922/2693/819 2902/2641/819
f 2916/2647/804 2915/3115/820 2895/2648/820
f 2924/2650/822 2923/2697/860 2942/2678/833
f 2942/2678/833 2941/2665/827 2940/2674/830
f 2940/2674/830 2939/2696/859 2938/2654/824
f 2938/2654/824 2937/2677/832 2936/2649/821
f 2936/2649/821 2935/2672/1084 2934/2652/823
f 2934/2652/823 2933/2694/855 2932/2661/826
f 2932/2661/826 2931/2681/835 2930/2670/828
f 2930/2670/828 2929/2695/856 2928/2569/800
f 2928/2569/800 2927/2676/1113 2926/2657/825
f 2926/2657/825 2925/2680/834 2924/2650/822
f 2924/2650/822 2942/2678/833 2940/2674/830
f 2940/2674/830 2938/2654/824 2936/2649/821
f 2936/2649/821 2934/2652/823 2932/2661/826
f 2932/2661/826 2930/2670/828 2928/2569/800
f 2928/2569/800 2926/2657/825 2924/2650/822
f 2924/2650/822 2940/2674/830 2936/2649/821
f 2936/2649/821 2932/2661/826 2928/2569/800
f 2933/2694/855 2934/2652/823 2865/2653/783
f 2938/2654/824 2939/2696/859 2875/2655/792
f 2926/2657/825 2927/2676/1113 2851/2658/770
f 2859/2660/777 2931/2681/835 2932/2661/826
f 2869/2664/786 2936/2649/821 2937/2677/832
f 2941/2665/827 2942/2678/833 2881/2666/797
f 2845/2669/764 2924/2650/822 2925/2680/834
f 2929/2695/856 2930/2670/828 2857/2671/775
f 2934/2652/823 2935/2672/1084 2867/2673/784
f 2939/2696/859 2940/2674/830 2877/2675/793
f 2851/2658/770 2927/2676/1113 2928/2569/800
f 2932/2661/826 2933/2694/855 2863/2651/781
f 2937/2677/832 2938/2654/824 2873/2656/790
f 2942/2678/833 2923/2697/860 2843/2679/765
f 2925/2680/834 2926/2657/825 2849/2659/768
f 2857/2671/775 2930/2670/828 2931/2681/835
f 2935/2672/1084 2936/2649/821 2869/2664/786
f 2843/2679/765 2923/2697/860 2924/2650/822
f 2877/2675/793 2940/2674/830 2941/2665/827
f 2944/2699/554 2946/2702/767 2945/2698/880
f 2946/2702/767 2948/2704/769 2947/2701/879
f 2948/2704/769 2950/3116/771 2949/2703/878
f 2950/2706/771 2952/2709/773 2951/2705/877
f 2952/2709/773 2954/2711/549 2953/2708/875
f 2954/2711/549 2956/2713/776 2955/2710/876
f 2956/2713/776 2958/2715/778 2957/2712/874
f 2958/2715/778 2960/3117/780 2959/2714/873
f 2960/2717/780 2962/2720/782 2961/2716/872
f 2962/2720/782 2964/2722/550 2963/2719/871
f 2964/2722/550 2966/2724/785 2965/2721/870
f 2966/2724/785 2968/2726/787 2967/2723/869
f 2968/2726/787 2970/2728/789 2969/2725/868
f 2969/2725/868 2970/2728/789 2972/2727/791
f 2972/2730/791 2974/2733/551 2973/2729/866
f 2974/2733/551 2976/2735/794 2975/2732/865
f 2976/2735/794 2978/2737/796 2977/2734/864
f 2977/2734/864 2978/2737/796 2980/2917/798
f 2982/2739/543 3002/2859/543 2984/2738/543
f 2980/2742/798 2982/2744/799 2981/2741/861
f 2982/2744/799 2944/2699/554 2943/2700/862
f 2953/2745/875 2955/2747/876 3029/2746/1085
f 2988/2749/887 3008/2870/887 3009/2748/884
f 2948/2752/543 2985/2860/543 2986/2751/543
f 2960/2754/543 2958/2756/543 2990/2755/543
f 2944/2740/543 2984/2738/543 2983/2757/543
f 2968/2760/543 2995/2780/543 2996/2759/543
f 2980/2762/543 2978/2764/543 3000/2763/543
f 2954/2766/543 2988/2781/543 2989/2765/543
f 2964/2769/543 2993/2857/543 2994/2768/543
f 2976/2771/543 2974/2773/543 2998/2772/543
f 2950/2753/543 2986/2751/543 2987/2774/543
f 2960/2754/543 2991/2856/543 2992/2776/543
f 2972/2778/543 2970/2761/543 2996/2759/543
f 2982/2739/543 2980/2762/543 3001/2779/543
f 2948/2752/543 2946/2758/543 2983/2757/543
f 2956/2767/543 2989/2765/543 2990/2755/543
f 2966/2770/543 2994/2768/543 2995/2780/543
f 2978/2764/543 2976/2771/543 2999/2858/543
f 2952/2775/543 2987/2774/543 2988/2781/543
f 2964/2769/543 2962/2777/543 2992/2776/543
f 2974/2773/543 2972/2778/543 2997/2782/543
f 3005/2863/543 3003/3118/543 3004/2785/543
f 3004/2785/543 3022/3131/543 3021/3130/543
f 3021/3130/543 3020/3129/543 3019/2784/543
f 3019/2784/543 3018/3128/543 3017/2861/543
f 3017/2861/543 3016/3127/543 3015/3126/543
f 3015/3126/543 3014/3125/543 3013/3124/543
f 3013/3124/543 3012/3123/543 3011/2783/543
f 3011/2783/543 3010/3122/543 3009/2862/543
f 3009/2862/543 3008/3121/543 3007/3120/543
f 3007/3120/543 3006/3119/543 3005/2863/543
f 3005/2863/543 3004/2785/543 3021/3130/543
f 3021/3130/543 3019/2784/543 3017/2861/543
f 3017/2861/543 3015/3126/543 3013/3124/543
f 3013/3124/543 3011/2783/543 3009/2862/543
f 3009/2862/543 3007/3120/543 3005/2863/543
f 3005/2863/543 3021/3130/543 3017/2861/543
f 3017/2861/543 3013/3124/543 3009/2862/543
f 2996/2787/886 3016/3132/886 3017/2786/882
f 2990/2789/885 2989/2750/884 3009/2748/884
f 2998/2790/883 2997/2788/882 3017/2786/882
f 2991/2791/901 2990/2789/885 3010/2792/885
f 2984/2794/890 3004/2866/890 3003/2793/900
f 2998/2790/883 3018/2864/883 3019/2796/899
f 2991/2791/901 3011/2865/901 3012/2798/898
f 2983/2795/900 3003/2793/900 3005/2867/897
f 2999/2797/899 3019/2796/899 3020/2868/896
f 2993/2802/895 2992/2804/898 3012/2803/898
f 2985/2800/897 3005/2867/897 3006/2805/894
f 3000/2801/896 3020/2868/896 3021/2807/893
f 2994/2809/892 2993/2802/895 3013/2810/895
f 2986/2806/894 3006/2805/894 3007/2811/891
f 3001/2808/893 3021/2807/893 3022/2869/889
f 2995/2814/888 2994/2809/892 3014/2815/892
f 2988/2749/887 2987/2817/891 3007/2816/891
f 2984/2794/890 3002/2819/889 3022/2818/889
f 2995/2814/888 3015/2821/888 3016/2871/886
f 3042/2872/904 3023/2853/916 3024/2824/920
f 3024/2824/920 3025/2843/919 3026/2831/913
f 3026/2831/913 3027/2851/923 3028/2823/906
f 3028/2823/906 3029/2746/1085 3030/2845/902
f 3030/2845/902 3031/2873/917 3032/2835/905
f 3032/2835/905 3033/2852/915 3034/2826/908
f 3034/2826/908 3035/2847/1087 3036/2822/911
f 3036/2822/911 3037/2874/918 3038/2828/903
f 3038/2828/903 3039/2875/922 3040/2849/907
f 3040/2849/907 3041/2839/1086 3042/2872/904
f 3042/2872/904 3024/2824/920 3026/2831/913
f 3026/2831/913 3028/2823/906 3030/2845/902
f 3030/2845/902 3032/2835/905 3034/2826/908
f 3034/2826/908 3036/2822/911 3038/2828/903
f 3038/2828/903 3040/2849/907 3042/2872/904
f 3042/2872/904 3026/2831/913 3030/2845/902
f 3030/2845/902 3034/2826/908 3038/2828/903
f 2963/2825/871 2965/2827/870 3034/2826/908
f 2975/2829/865 3039/2875/922 3038/2828/903
f 2951/2832/877 3027/2851/923 3026/2831/913
f 2959/2834/873 2961/2836/872 3032/2835/905
f 2969/2838/868 2971/2837/867 3037/2874/918
f 2979/2841/863 2981/2840/861 3042/2872/904
f 2945/2842/880 2947/2844/879 3025/2843/919
f 2955/2747/876 2957/2846/874 3030/2845/902
f 2965/2827/870 2967/2848/869 3035/2847/1087
f 2977/2850/864 3040/2849/907 3039/2875/922
f 2953/2745/875 3028/2823/906 3027/2851/923
f 2961/2836/872 2963/2825/871 3033/2852/915
f 2971/2837/867 2973/2830/866 3038/2828/903
f 2981/2840/861 2943/2854/862 3023/2853/916
f 2949/2833/878 3026/2831/913 3025/2843/919
f 2957/2846/874 2959/2834/873 3031/2873/917
f 2967/2848/869 2969/2838/868 3036/2822/911
f 2943/2854/862 2945/2842/880 3024/2824/920
f 2979/2841/863 3041/2839/1086 3040/2849/907
f 3043/2700/862 3045/2698/861 3046/2702/799
f 3047/2701/863 3048/2704/798 3046/2702/799
f 3049/2703/864 3050/3116/796 3048/2704/798
f 3051/2705/865 3052/2709/794 3050/2706/796
f 3053/2708/866 3054/2711/551 3052/2709/794
f 3055/2710/867 3056/2713/791 3054/2711/551
f 3057/2712/868 3058/2715/789 3056/2713/791
f 3059/2714/869 3060/3117/787 3058/2715/789
f 3061/2716/870 3062/2720/785 3060/2717/787
f 3063/2719/871 3064/2722/550 3062/2720/785
f 3065/2721/872 3066/2724/782 3064/2722/550
f 3067/2723/873 3068/2726/780 3066/2724/782
f 3069/2725/874 3070/2728/778 3068/2726/780
f 3071/2855/876 3072/2727/776 3070/2728/778
f 3073/2729/875 3074/2733/549 3072/2730/776
f 3075/2732/877 3076/2735/773 3074/2733/549
f 3077/2734/878 3078/2737/771 3076/2735/773
f 3079/2736/879 3080/2917/769 3078/2737/771
f 3084/2738/543 3102/2859/543 3082/2739/543
f 3081/2741/880 3082/2744/767 3080/2742/769
f 3043/2700/862 3044/2699/554 3082/2744/767
f 3128/2823/903 3129/2746/881 3055/2747/867
f 3109/2748/882 3108/2870/883 3088/2749/883
f 3086/2751/543 3085/2860/543 3048/2752/543
f 3091/2856/543 3090/2755/543 3058/2756/543
f 3046/2758/543 3083/2757/543 3084/2738/543
f 3096/2759/543 3095/2780/543 3068/2760/543
f 3080/2762/543 3101/2779/543 3100/2763/543
f 3089/2765/543 3088/2781/543 3054/2766/543
f 3066/2770/543 3094/2768/543 3093/2857/543
f 3076/2771/543 3099/2858/543 3098/2772/543
f 3087/2774/543 3086/2751/543 3050/2753/543
f 3062/2777/543 3092/2776/543 3091/2856/543
f 3072/2778/543 3097/2782/543 3096/2759/543
f 3102/2859/543 3101/2779/543 3080/2762/543
f 3048/2752/543 3085/2860/543 3083/2757/543
f 3058/2756/543 3090/2755/543 3089/2765/543
f 3068/2760/543 3095/2780/543 3094/2768/543
f 3100/2763/543 3099/2858/543 3076/2771/543
f 3054/2766/543 3088/2781/543 3087/2774/543
f 3093/2857/543 3092/2776/543 3062/2777/543
f 3098/2772/543 3097/2782/543 3072/2778/543
f 3104/2785/543 3103/3118/543 3105/2863/543
f 3105/2863/543 3106/3119/543 3107/3120/543
f 3107/3120/543 3108/3121/543 3109/2862/543
f 3109/2862/543 3110/3122/543 3111/2783/543
f 3111/2783/543 3112/3123/543 3113/3124/543
f 3113/3124/543 3114/3125/543 3115/3126/543
f 3115/3126/543 3116/3127/1101 3117/2861/543
f 3117/2861/543 3118/3128/543 3119/2784/543
f 3119/2784/543 3120/3129/1100 3121/3130/543
f 3121/3130/543 3122/3131/543 3104/2785/543
f 3104/2785/543 3105/2863/543 3107/3120/543
f 3107/3120/543 3109/2862/543 3111/2783/543
f 3111/2783/543 3113/3124/543 3115/3126/543
f 3115/3126/543 3117/2861/543 3119/2784/543
f 3119/2784/543 3121/3130/543 3104/2785/543
f 3104/2785/543 3107/3120/543 3111/2783/543
f 3111/2783/543 3115/3126/543 3119/2784/543
f 3117/2786/884 3116/3132/885 3096/2787/885
f 3110/2792/886 3109/2748/882 3089/2750/882
f 3098/2790/887 3118/2864/887 3117/2786/884
f 3091/2791/888 3111/2865/888 3110/2792/886
f 3103/2793/889 3104/2866/890 3084/2794/890
f 3119/2796/891 3118/2864/887 3098/2790/887
f 3092/2799/892 3112/2798/892 3111/2865/888
f 3085/2800/893 3105/2867/893 3103/2793/889
f 3100/2801/894 3120/2868/894 3119/2796/891
f 3113/2810/895 3112/2803/892 3092/2804/892
f 3106/2805/896 3105/2867/893 3085/2800/893
f 3121/2807/897 3120/2868/894 3100/2801/894
f 3114/2815/898 3113/2810/895 3093/2802/895
f 3087/2812/899 3107/2811/899 3106/2805/896
f 3102/2813/900 3122/2869/900 3121/2807/897
f 3115/2821/901 3114/2815/898 3094/2809/898
f 3088/2749/883 3108/2870/883 3107/2816/899
f 3104/2866/890 3122/2818/900 3102/2819/900
f 3096/2820/885 3116/2871/885 3115/2821/901
f 3124/2824/904 3123/2853/916 3142/2872/920
f 3142/2872/920 3141/2839/919 3140/2849/913
f 3140/2849/913 3139/2875/1099 3138/2828/906
f 3138/2828/906 3137/2874/921 3136/2822/902
f 3136/2822/902 3135/2847/917 3134/2826/905
f 3134/2826/905 3133/2852/915 3132/2835/908
f 3132/2835/908 3131/2873/924 3130/2845/911
f 3130/2845/911 3129/2746/881 3128/2823/903
f 3128/2823/903 3127/2851/922 3126/2831/907
f 3126/2831/907 3125/2843/910 3124/2824/904
f 3124/2824/904 3142/2872/920 3140/2849/913
f 3140/2849/913 3138/2828/906 3136/2822/902
f 3136/2822/902 3134/2826/905 3132/2835/908
f 3132/2835/908 3130/2845/911 3128/2823/903
f 3128/2823/903 3126/2831/907 3124/2824/904
f 3124/2824/904 3140/2849/913 3136/2822/902
f 3136/2822/902 3132/2835/908 3128/2823/903
f 3063/2825/871 3133/2852/915 3134/2826/905
f 3138/2828/906 3139/2875/1099 3075/2829/877
f 3126/2831/907 3127/2851/922 3051/2832/865
f 3131/2873/924 3132/2835/908 3061/2836/870
f 3136/2822/902 3137/2874/921 3071/2837/876
f 3141/2839/919 3142/2872/920 3081/2840/880
f 3045/2842/861 3124/2824/904 3125/2843/910
f 3055/2747/867 3129/2746/881 3130/2845/911
f 3134/2826/905 3135/2847/917 3067/2848/873
f 3075/2829/877 3139/2875/1099 3140/2849/913
f 3051/2832/865 3127/2851/922 3128/2823/903
f 3061/2836/870 3132/2835/908 3133/2852/915
f 3071/2837/876 3137/2874/921 3138/2828/906
f 3142/2872/920 3123/2853/916 3043/2854/862
f 3125/2843/910 3126/2831/907 3049/2833/864
f 3057/2846/868 3130/2845/911 3131/2873/924
f 3067/2848/873 3135/2847/917 3136/2822/902
f 3123/2853/916 3124/2824/904 3045/2842/861
f 3077/2850/878 3140/2849/913 3141/2839/919
s 0
usemtl mat_windows
f 1287/2251/621 1289/2252/621 1294/2253/621
f 1233/2329/543 1228/2330/543 1238/2331/543
f 1242/2357/542 1229/2358/542 1244/2359/542
f 1260/2372/542 1258/2373/542 1254/2374/542
f 1231/2403/542 1224/2404/542 1237/2405/542
f 1084/2446/543 1069/2447/543 1082/2448/543
f 2329/2892/988 2324/2893/988 2325/2894/988
f 2284/2900/543 2274/2901/543 2296/2902/543
f 2292/2906/542 2275/2403/542 2270/2907/542
f 2298/2374/542 2304/2909/542 2297/2910/542
f 2280/2911/542 2278/2912/542 2273/2358/542
f 1069/2447/543 2134/2446/543 2135/2914/543
f 1294/2253/621 1293/3025/621 1286/2894/621
f 1286/2894/621 1288/3026/621 1287/2251/621
f 1287/2251/621 1283/3027/621 1285/2893/621
f 1285/2893/621 1284/3028/621 1289/2252/621
f 1289/2252/621 1291/3029/621 1290/2892/621
f 1290/2892/621 1292/3030/621 1294/2253/621
f 1294/2253/621 1286/2894/621 1287/2251/621
f 1287/2251/621 1285/2893/621 1289/2252/621
f 1289/2252/621 1290/2892/621 1294/2253/621
f 1238/2331/543 1251/3047/543 1252/2902/543
f 1252/2902/543 1249/3048/543 1233/2329/543
f 1233/2329/543 1235/3049/543 1230/2901/543
f 1230/2901/543 1227/3050/543 1228/2330/543
f 1228/2330/543 1225/3051/543 1240/2900/543
f 1240/2900/543 1243/3052/543 1238/2331/543
f 1238/2331/543 1252/2902/543 1233/2329/543
f 1233/2329/543 1230/2901/543 1228/2330/543
f 1228/2330/543 1240/2900/543 1238/2331/543
f 1248/2906/542 1246/3056/542 1242/2357/542
f 1242/2357/542 1226/2907/542 1229/2358/542
f 1229/2358/542 1231/2403/542 1244/2359/542
f 1244/2359/542 1248/2906/542 1242/2357/542
f 1254/2374/542 1256/3059/542 1255/3060/542
f 1255/3060/542 1253/2910/542 1260/2372/542
f 1260/2372/542 1264/3061/542 1263/2909/542
f 1258/2373/542 1229/2358/542 1226/2907/542
f 1260/2372/542 1263/2909/542 1258/2373/542
f 1254/2374/542 1255/3060/542 1260/2372/542
f 1258/2373/542 1226/2907/542 1254/2374/542
f 1236/2911/542 1232/3067/542 1231/2403/542
f 1231/2403/542 1229/2358/542 1224/2404/542
f 1224/2404/542 1234/2912/542 1237/2405/542
f 1237/2405/542 1236/2911/542 1231/2403/542
f 1082/2448/543 1078/3072/543 1086/2914/543
f 1086/2914/543 1088/3073/543 1084/2446/543
f 1084/2446/543 1072/3074/543 1069/2447/543
f 1069/2447/543 1080/3075/543 1082/2448/543
f 1082/2448/543 1086/2914/543 1084/2446/543
f 2325/2894/988 2332/3025/988 2333/2253/988
f 2333/2253/988 2331/3030/988 2329/2892/988
f 2329/2892/988 2330/3029/988 2328/2252/988
f 2328/2252/988 2323/3028/988 2324/2893/988
f 2324/2893/988 2322/3027/988 2326/2251/988
f 2326/2251/988 2327/3026/988 2325/2894/988
f 2325/2894/988 2333/2253/988 2329/2892/988
f 2329/2892/988 2328/2252/988 2324/2893/988
f 2324/2893/988 2326/2251/988 2325/2894/988
f 2296/2902/543 2295/3047/543 2282/2331/543
f 2282/2331/543 2287/3052/543 2284/2900/543
f 2284/2900/543 2269/3051/543 2272/2330/543
f 2272/2330/543 2271/3050/543 2274/2901/543
f 2274/2901/543 2279/3049/543 2277/2329/543
f 2277/2329/543 2293/3048/543 2296/2902/543
f 2296/2902/543 2282/2331/543 2284/2900/543
f 2284/2900/543 2272/2330/543 2274/2901/543
f 2274/2901/543 2277/2329/543 2296/2902/543
f 2286/2357/542 2290/3056/542 2292/2906/542
f 2292/2906/542 2288/2359/542 2275/2403/542
f 2275/2403/542 2273/2358/542 2270/2907/542
f 2270/2907/542 2286/2357/542 2292/2906/542
f 2299/3060/542 2300/3059/542 2298/2374/542
f 2298/2374/542 2270/2907/542 2273/2358/542
f 2298/2374/542 2273/2358/542 2302/2373/542
f 2297/2910/542 2299/3060/542 2298/2374/542
f 2305/3061/542 2303/2372/542 2297/2910/542
f 2298/2374/542 2302/2373/542 2304/2909/542
f 2304/2909/542 2305/3061/542 2297/2910/542
f 2275/2403/542 2276/3067/542 2280/2911/542
f 2280/2911/542 2281/2405/542 2278/2912/542
f 2278/2912/542 2268/2404/542 2273/2358/542
f 2273/2358/542 2275/2403/542 2280/2911/542
f 2135/2914/543 2129/3072/543 2132/2448/543
f 2132/2448/543 2130/3075/543 1069/2447/543
f 1069/2447/543 1072/3074/543 2134/2446/543
f 2134/2446/543 2136/3073/543 2135/2914/543
f 2135/2914/543 2132/2448/543 1069/2447/543
o bogey_b
v -0.000001 0.314844 1.977561
v 0.766104 0.314844 1.977561
v -0.000001 0.300152 1.980151
v 0.766104 0.300152 1.980151
v -0.000001 0.287233 1.987610
v 0.766104 0.287233 1.987610
v -0.000001 0.277643 1.999038
v 0.766104 0.277644 1.999038
v -0.000001 0.272541 2.013057
v 0.766104 0.272541 2.013057
v -0.000001 0.272541 2.027975
v 0.766104 0.272541 2.027975
v -0.000001 0.277643 2.041993
v 0.766104 0.277644 2.041993
v -0.000001 0.287233 2.053421
v 0.766104 0.287233 2.053421
v -0.000001 0.300152 2.060880
v 0.766104 0.300152 2.060880
v -0.000001 0.314844 2.063471
v 0.766104 0.314844 2.063471
v -0.000001 0.329535 2.060880
v 0.766104 0.329535 2.060880
v -0.000001 0.342455 2.053421
v 0.766104 0.342455 2.053421
v -0.000001 0.352044 2.041993
v 0.766104 0.352044 2.041993
v -0.000001 0.357146 2.027975
v 0.766104 0.357146 2.027975
v -0.000001 0.357146 2.013057
v 0.766104 0.357146 2.013057
v -0.000001 0.352044 1.999038
v 0.766104 0.352044 1.999038
v -0.000001 0.342455 1.987610
v 0.766104 0.342455 1.987610
v -0.000001 0.329535 1.980151
v 0.766104 0.329535 1.980151
v 0.593194 0.314844 2.318681
v 0.502723 0.314844 2.347289
v 0.593194 0.392015 2.308521
v 0.502723 0.399419 2.336154
v 0.593194 0.463926 2.278734
v 0.502723 0.478231 2.303509
v 0.593194 0.525679 2.231350
v 0.502723 0.545907 2.251579
v 0.593194 0.573063 2.169598
v 0.502723 0.597838 2.183902
v 0.593194 0.602849 2.097686
v 0.502723 0.630483 2.105091
v 0.593194 0.613009 2.020515
v 0.502723 0.641617 2.020515
v 0.593194 0.602849 1.943344
v 0.502723 0.630483 1.935940
v 0.593194 0.573063 1.871433
v 0.502723 0.597838 1.857129
v 0.593194 0.525679 1.809681
v 0.502723 0.545907 1.789452
v 0.593194 0.463926 1.762297
v 0.502723 0.478231 1.737521
v 0.593194 0.392015 1.732510
v 0.502723 0.399419 1.704876
v 0.593194 0.314844 1.722350
v 0.502723 0.314844 1.693742
v 0.593194 0.237673 1.732510
v 0.502723 0.230269 1.704876
v 0.593194 0.165761 1.762297
v 0.502723 0.151457 1.737521
v 0.593194 0.104009 1.809681
v 0.502723 0.083780 1.789452
v 0.593194 0.056625 1.871433
v 0.502723 0.031850 1.857129
v 0.593194 0.026838 1.943344
v 0.502723 -0.000795 1.935940
v 0.593194 0.016678 2.020515
v 0.502723 -0.011930 2.020515
v 0.593194 0.026838 2.097686
v 0.502723 -0.000795 2.105091
v 0.593194 0.056625 2.169598
v 0.502723 0.031850 2.183902
v 0.593194 0.104009 2.231350
v 0.502723 0.083780 2.251579
v 0.593194 0.165761 2.278734
v 0.502723 0.151457 2.303509
v 0.593194 0.237673 2.308521
v 0.502723 0.230269 2.336154
v 0.502723 0.404880 2.356535
v 0.502723 0.314844 2.368388
v 0.502723 0.488780 2.321782
v 0.502723 0.560827 2.266499
v 0.502723 0.616111 2.194452
v 0.502723 0.650863 2.110552
v 0.502723 0.662717 2.020515
v 0.502723 0.650863 1.930479
v 0.502723 0.616111 1.846579
v 0.502723 0.560827 1.774532
v 0.502723 0.488780 1.719249
v 0.502723 0.404880 1.684496
v 0.502723 0.314844 1.672642
v 0.502723 0.224808 1.684496
v 0.502723 0.140907 1.719249
v 0.502723 0.068860 1.774532
v 0.502723 0.013577 1.846579
v 0.502723 -0.021176 1.930479
v 0.502723 -0.033029 2.020515
v 0.502723 -0.021176 2.110552
v 0.502723 0.013577 2.194452
v 0.502723 0.068860 2.266499
v 0.502723 0.140907 2.321782
v 0.502723 0.224808 2.356535
v 0.464868 0.404880 2.356535
v 0.464868 0.314844 2.368388
v 0.464868 0.488780 2.321782
v 0.464868 0.560827 2.266499
v 0.464868 0.616111 2.194452
v 0.464868 0.650863 2.110552
v 0.464868 0.662717 2.020515
v 0.464868 0.650863 1.930479
v 0.464868 0.616111 1.846579
v 0.464868 0.560827 1.774532
v 0.464868 0.488780 1.719249
v 0.464868 0.404880 1.684496
v 0.464868 0.314844 1.672642
v 0.464868 0.224808 1.684496
v 0.464868 0.140907 1.719249
v 0.464868 0.068860 1.774532
v 0.464868 0.013577 1.846579
v 0.464868 -0.021176 1.930479
v 0.464868 -0.033029 2.020515
v 0.464868 -0.021176 2.110552
v 0.464868 0.013577 2.194452
v 0.464868 0.068860 2.266499
v 0.464868 0.140907 2.321782
v 0.464868 0.224808 2.356535
v 0.593194 0.314844 2.271814
v 0.593194 0.379885 2.263252
v 0.593194 0.440493 2.238147
v 0.593194 0.492539 2.198211
v 0.593194 0.532475 2.146165
v 0.593194 0.557580 2.085556
v 0.593194 0.566143 2.020515
v 0.593194 0.557580 1.955474
v 0.593194 0.532475 1.894866
v 0.593194 0.492539 1.842820
v 0.593194 0.440493 1.802884
v 0.593194 0.379885 1.777779
v 0.593194 0.314844 1.769216
v 0.593194 0.249803 1.777779
v 0.593194 0.189194 1.802884
v 0.593194 0.137148 1.842820
v 0.593194 0.097212 1.894866
v 0.593194 0.072107 1.955474
v 0.593194 0.063545 2.020515
v 0.593194 0.072107 2.085556
v 0.593194 0.097212 2.146165
v 0.593194 0.137148 2.198211
v 0.593194 0.189194 2.238147
v 0.593194 0.249803 2.263252
v 0.580850 0.314844 2.271814
v 0.580850 0.379885 2.263252
v 0.580850 0.440493 2.238147
v 0.580850 0.492539 2.198211
v 0.580850 0.532475 2.146165
v 0.580850 0.557580 2.085556
v 0.580850 0.566143 2.020515
v 0.580850 0.557580 1.955474
v 0.580850 0.532475 1.894866
v 0.580850 0.492539 1.842820
v 0.580850 0.440493 1.802884
v 0.580850 0.379885 1.777779
v 0.580850 0.314844 1.769216
v 0.580850 0.249803 1.777779
v 0.580850 0.189194 1.802884
v 0.580850 0.137148 1.842820
v 0.580850 0.097212 1.894866
v 0.580850 0.072107 1.955474
v 0.580850 0.063545 2.020515
v 0.580850 0.072107 2.085556
v 0.580850 0.097212 2.146165
v 0.580850 0.137148 2.198211
v 0.580850 0.189194 2.238147
v 0.580850 0.249803 2.263252
v -0.766106 0.314844 1.977561
v -0.766106 0.300152 1.980151
v -0.766106 0.287233 1.987610
v -0.766106 0.277644 1.999038
v -0.766106 0.272541 2.013057
v -0.766106 0.272541 2.027975
v -0.766106 0.277644 2.041993
v -0.766106 0.287233 2.053421
v -0.766106 0.300152 2.060880
v -0.766106 0.314844 2.063471
v -0.766106 0.329535 2.060880
v -0.766106 0.342455 2.053421
v -0.766106 0.352044 2.041993
v -0.766106 0.357146 2.027975
v -0.766106 0.357146 2.013057
v -0.766106 0.352044 1.999038
v -0.766106 0.342455 1.987610
v -0.766106 0.329535 1.980151
v -0.593197 0.314844 2.318681
v -0.502725 0.314844 2.347289
v -0.593197 0.392015 2.308521
v -0.502725 0.399419 2.336154
v -0.593197 0.463926 2.278734
v -0.502725 0.478231 2.303509
v -0.593197 0.525679 2.231350
v -0.502725 0.545907 2.251579
v -0.593197 0.573063 2.169598
v -0.502725 0.597838 2.183902
v -0.593197 0.602849 2.097686
v -0.502725 0.630483 2.105091
v -0.593197 0.613009 2.020515
v -0.502725 0.641617 2.020515
v -0.593197 0.602849 1.943344
v -0.502725 0.630483 1.935940
v -0.593197 0.573063 1.871433
v -0.502725 0.597838 1.857129
v -0.593197 0.525679 1.809681
v -0.502725 0.545907 1.789452
v -0.593197 0.463926 1.762297
v -0.502725 0.478231 1.737521
v -0.593197 0.392015 1.732510
v -0.502725 0.399419 1.704876
v -0.593197 0.314844 1.722350
v -0.502725 0.314844 1.693742
v -0.593197 0.237673 1.732510
v -0.502725 0.230269 1.704876
v -0.593197 0.165761 1.762297
v -0.502725 0.151457 1.737521
v -0.593197 0.104009 1.809681
v -0.502725 0.083780 1.789452
v -0.593197 0.056625 1.871433
v -0.502725 0.031850 1.857129
v -0.593197 0.026838 1.943344
v -0.502725 -0.000795 1.935940
v -0.593197 0.016678 2.020515
v -0.502725 -0.011930 2.020515
v -0.593197 0.026838 2.097686
v -0.502725 -0.000795 2.105091
v -0.593197 0.056625 2.169598
v -0.502725 0.031850 2.183902
v -0.593197 0.104009 2.231350
v -0.502725 0.083780 2.251579
v -0.593197 0.165761 2.278734
v -0.502725 0.151457 2.303509
v -0.593197 0.237673 2.308521
v -0.502725 0.230269 2.336154
v -0.502725 0.404880 2.356535
v -0.502725 0.314844 2.368388
v -0.502725 0.488780 2.321782
v -0.502725 0.560827 2.266499
v -0.502725 0.616111 2.194452
v -0.502725 0.650863 2.110552
v -0.502725 0.662717 2.020515
v -0.502725 0.650863 1.930479
v -0.502725 0.616111 1.846579
v -0.502725 0.560827 1.774532
v -0.502725 0.488780 1.719249
v -0.502725 0.404880 1.684496
v -0.502725 0.314844 1.672642
v -0.502725 0.224808 1.684496
v -0.502725 0.140907 1.719249
v -0.502725 0.068860 1.774532
v -0.502725 0.013577 1.846579
v -0.502725 -0.021176 1.930479
v -0.502725 -0.033029 2.020515
v -0.502725 -0.021176 2.110552
v -0.502725 0.013577 2.194452
v -0.502725 0.068860 2.266499
v -0.502725 0.140907 2.321782
v -0.502725 0.224808 2.356535
v -0.464870 0.404880 2.356535
v -0.464870 0.314844 2.368388
v -0.464870 0.488780 2.321782
v -0.464870 0.560827 2.266499
v -0.464870 0.616111 2.194452
v -0.464870 0.650863 2.110552
v -0.464870 0.662717 2.020515
v -0.464870 0.650863 1.930479
v -0.464870 0.616111 1.846579
v -0.464870 0.560827 1.774532
v -0.464870 0.488780 1.719249
v -0.464870 0.404880 1.684496
v -0.464870 0.314844 1.672642
v -0.464870 0.224808 1.684496
v -0.464870 0.140907 1.719249
v -0.464870 0.068860 1.774532
v -0.464870 0.013577 1.846579
v -0.464870 -0.021176 1.930479
v -0.464870 -0.033029 2.020515
v -0.464870 -0.021176 2.110552
v -0.464870 0.013577 2.194452
v -0.464870 0.068860 2.266499
v -0.464870 0.140907 2.321782
v -0.464870 0.224808 2.356535
v -0.593197 0.314844 2.271814
v -0.593197 0.379885 2.263252
v -0.593197 0.440493 2.238147
v -0.593197 0.492539 2.198211
v -0.593197 0.532475 2.146165
v -0.593197 0.557580 2.085556
v -0.593197 0.566143 2.020515
v -0.593197 0.557580 1.955474
v -0.593197 0.532475 1.894866
v -0.593197 0.492539 1.842820
v -0.593197 0.440493 1.802884
v -0.593197 0.379885 1.777779
v -0.593197 0.314844 1.769216
v -0.593197 0.249803 1.777779
v -0.593197 0.189194 1.802884
v -0.593197 0.137148 1.842820
v -0.593197 0.097212 1.894866
v -0.593197 0.072107 1.955474
v -0.593197 0.063545 2.020515
v -0.593197 0.072107 2.085556
v -0.593197 0.097212 2.146165
v -0.593197 0.137148 2.198211
v -0.593197 0.189194 2.238147
v -0.593197 0.249803 2.263252
v -0.580852 0.314844 2.271814
v -0.580852 0.379885 2.263252
v -0.580852 0.440493 2.238147
v -0.580852 0.492539 2.198211
v -0.580852 0.532475 2.146165
v -0.580852 0.557580 2.085556
v -0.580852 0.566143 2.020515
v -0.580852 0.557580 1.955474
v -0.580852 0.532475 1.894866
v -0.580852 0.492539 1.842820
v -0.580852 0.440493 1.802884
v -0.580852 0.379885 1.777779
v -0.580852 0.314844 1.769216
v -0.580852 0.249803 1.777779
v -0.580852 0.189194 1.802884
v -0.580852 0.137148 1.842820
v -0.580852 0.097212 1.894866
v -0.580852 0.072107 1.955474
v -0.580852 0.063545 2.020515
v -0.580852 0.072107 2.085556
v -0.580852 0.097212 2.146165
v -0.580852 0.137148 2.198211
v -0.580852 0.189194 2.238147
v -0.580852 0.249803 2.263252
v -0.000001 0.314844 3.503640
v 0.766104 0.314844 3.503640
v -0.000001 0.300152 3.501049
v 0.766104 0.300152 3.501049
v -0.000001 0.287233 3.493590
v 0.766104 0.287233 3.493590
v -0.000001 0.277644 3.482162
v 0.766104 0.277644 3.482162
v -0.000001 0.272541 3.468143
v 0.766104 0.272541 3.468143
v -0.000001 0.272541 3.453225
v 0.766104 0.272541 3.453225
v -0.000001 0.277644 3.439207
v 0.766104 0.277644 3.439207
v -0.000001 0.287233 3.427779
v 0.766104 0.287233 3.427779
v -0.000001 0.300152 3.420320
v 0.766104 0.300152 3.420320
v -0.000001 0.314844 3.417729
v 0.766104 0.314844 3.417729
v -0.000001 0.329535 3.420320
v 0.766104 0.329535 3.420320
v -0.000001 0.342455 3.427779
v 0.766104 0.342455 3.427779
v -0.000001 0.352044 3.439207
v 0.766104 0.352044 3.439207
v -0.000001 0.357146 3.453225
v 0.766104 0.357146 3.453225
v -0.000001 0.357146 3.468143
v 0.766104 0.357146 3.468143
v -0.000001 0.352044 3.482162
v 0.766104 0.352044 3.482162
v -0.000001 0.342455 3.493590
v 0.766104 0.342455 3.493590
v -0.000001 0.329535 3.501049
v 0.766104 0.329535 3.501049
v 0.593194 0.314844 3.162519
v 0.502723 0.314844 3.133911
v 0.593194 0.392015 3.172679
v 0.502723 0.399419 3.145046
v 0.593194 0.463926 3.202466
v 0.502723 0.478231 3.177691
v 0.593194 0.525679 3.249850
v 0.502723 0.545907 3.229621
v 0.593194 0.573063 3.311602
v 0.502723 0.597838 3.297298
v 0.593194 0.602849 3.383514
v 0.502723 0.630483 3.376110
v 0.593194 0.613009 3.460685
v 0.502723 0.641617 3.460685
v 0.593194 0.602849 3.537856
v 0.502723 0.630483 3.545260
v 0.593194 0.573063 3.609767
v 0.502723 0.597838 3.624072
v 0.593194 0.525679 3.671520
v 0.502723 0.545907 3.691748
v 0.593194 0.463926 3.718904
v 0.502723 0.478231 3.743679
v 0.593194 0.392015 3.748690
v 0.502723 0.399419 3.776324
v 0.593194 0.314844 3.758850
v 0.502723 0.314844 3.787458
v 0.593194 0.237673 3.748690
v 0.502723 0.230269 3.776324
v 0.593194 0.165761 3.718904
v 0.502723 0.151457 3.743679
v 0.593194 0.104009 3.671520
v 0.502723 0.083780 3.691748
v 0.593194 0.056625 3.609767
v 0.502723 0.031850 3.624072
v 0.593194 0.026838 3.537856
v 0.502723 -0.000795 3.545260
v 0.593194 0.016678 3.460685
v 0.502723 -0.011930 3.460685
v 0.593194 0.026838 3.383514
v 0.502723 -0.000795 3.376110
v 0.593194 0.056625 3.311602
v 0.502723 0.031850 3.297298
v 0.593194 0.104009 3.249850
v 0.502723 0.083780 3.229621
v 0.593194 0.165761 3.202466
v 0.502723 0.151457 3.177691
v 0.593194 0.237673 3.172679
v 0.502723 0.230269 3.145046
v 0.502723 0.404880 3.124665
v 0.502723 0.314844 3.112812
v 0.502723 0.488780 3.159418
v 0.502723 0.560827 3.214701
v 0.502723 0.616111 3.286748
v 0.502723 0.650863 3.370649
v 0.502723 0.662717 3.460685
v 0.502723 0.650863 3.550721
v 0.502723 0.616111 3.634621
v 0.502723 0.560827 3.706668
v 0.502723 0.488780 3.761951
v 0.502723 0.404880 3.796704
v 0.502723 0.314844 3.808558
v 0.502723 0.224808 3.796704
v 0.502723 0.140907 3.761951
v 0.502723 0.068860 3.706668
v 0.502723 0.013577 3.634621
v 0.502723 -0.021176 3.550721
v 0.502723 -0.033029 3.460685
v 0.502723 -0.021176 3.370649
v 0.502723 0.013577 3.286748
v 0.502723 0.068860 3.214701
v 0.502723 0.140907 3.159418
v 0.502723 0.224808 3.124665
v 0.464868 0.404880 3.124665
v 0.464868 0.314844 3.112812
v 0.464868 0.488780 3.159418
v 0.464868 0.560827 3.214701
v 0.464868 0.616111 3.286748
v 0.464868 0.650863 3.370649
v 0.464868 0.662717 3.460685
v 0.464868 0.650863 3.550721
v 0.464868 0.616111 3.634621
v 0.464868 0.560827 3.706668
v 0.464868 0.488780 3.761951
v 0.464868 0.404880 3.796704
v 0.464868 0.314844 3.808558
v 0.464868 0.224808 3.796704
v 0.464868 0.140907 3.761951
v 0.464868 0.068860 3.706668
v 0.464868 0.013577 3.634621
v 0.464868 -0.021176 3.550721
v 0.464868 -0.033029 3.460685
v 0.464868 -0.021176 3.370649
v 0.464868 0.013577 3.286748
v 0.464868 0.068860 3.214701
v 0.464868 0.140907 3.159418
v 0.464868 0.224808 3.124665
v 0.593194 0.314844 3.209386
v 0.593194 0.379885 3.217948
v 0.593194 0.440493 3.243053
v 0.593194 0.492539 3.282990
v 0.593194 0.532475 3.335035
v 0.593194 0.557580 3.395644
v 0.593194 0.566143 3.460685
v 0.593194 0.557580 3.525726
v 0.593194 0.532475 3.586334
v 0.593194 0.492539 3.638380
v 0.593194 0.440493 3.678316
v 0.593194 0.379885 3.703421
v 0.593194 0.314844 3.711984
v 0.593194 0.249803 3.703421
v 0.593194 0.189194 3.678316
v 0.593194 0.137148 3.638380
v 0.593194 0.097212 3.586334
v 0.593194 0.072107 3.525726
v 0.593194 0.063545 3.460685
v 0.593194 0.072107 3.395644
v 0.593194 0.097212 3.335035
v 0.593194 0.137148 3.282990
v 0.593194 0.189194 3.243053
v 0.593194 0.249803 3.217948
v 0.580849 0.314844 3.209386
v 0.580849 0.379885 3.217948
v 0.580849 0.440493 3.243053
v 0.580849 0.492539 3.282990
v 0.580849 0.532475 3.335035
v 0.580849 0.557580 3.395644
v 0.580849 0.566143 3.460685
v 0.580849 0.557580 3.525726
v 0.580849 0.532475 3.586334
v 0.580849 0.492539 3.638380
v 0.580849 0.440493 3.678316
v 0.580849 0.379885 3.703421
v 0.580849 0.314844 3.711984
v 0.580849 0.249803 3.703421
v 0.580849 0.189194 3.678316
v 0.580849 0.137148 3.638380
v 0.580849 0.097212 3.586334
v 0.580849 0.072107 3.525726
v 0.580849 0.063545 3.460685
v 0.580849 0.072107 3.395644
v 0.580849 0.097212 3.335035
v 0.580849 0.137148 3.282990
v 0.580849 0.189194 3.243053
v 0.580849 0.249803 3.217948
v -0.766106 0.314844 3.503640
v -0.766106 0.300152 3.501049
v -0.766106 0.287233 3.493590
v -0.766106 0.277644 3.482162
v -0.766106 0.272541 3.468143
v -0.766106 0.272541 3.453225
v -0.766106 0.277644 3.439207
v -0.766106 0.287233 3.427779
v -0.766106 0.300152 3.420320
v -0.766106 0.314844 3.417729
v -0.766106 0.329535 3.420320
v -0.766106 0.342455 3.427779
v -0.766106 0.352044 3.439207
v -0.766106 0.357146 3.453225
v -0.766106 0.357146 3.468143
v -0.766106 0.352044 3.482162
v -0.766106 0.342455 3.493590
v -0.766106 0.329535 3.501049
v -0.593197 0.314844 3.162519
v -0.502725 0.314844 3.133911
v -0.593197 0.392015 3.172679
v -0.502725 0.399419 3.145046
v -0.593196 0.463926 3.202466
v -0.502725 0.478230 3.177691
v -0.593196 0.525679 3.249850
v -0.502725 0.545907 3.229621
v -0.593196 0.573063 3.311602
v -0.502725 0.597838 3.297298
v -0.593196 0.602849 3.383514
v -0.502725 0.630483 3.376110
v -0.593196 0.613009 3.460685
v -0.502725 0.641617 3.460685
v -0.593196 0.602849 3.537856
v -0.502725 0.630483 3.545260
v -0.593196 0.573063 3.609767
v -0.502725 0.597838 3.624072
v -0.593196 0.525679 3.671520
v -0.502725 0.545907 3.691748
v -0.593196 0.463926 3.718904
v -0.502725 0.478230 3.743679
v -0.593197 0.392015 3.748690
v -0.502725 0.399419 3.776324
v -0.593197 0.314844 3.758850
v -0.502725 0.314844 3.787458
v -0.593197 0.237673 3.748690
v -0.502725 0.230269 3.776324
v -0.593197 0.165761 3.718904
v -0.502725 0.151457 3.743679
v -0.593197 0.104009 3.671520
v -0.502725 0.083780 3.691748
v -0.593197 0.056625 3.609767
v -0.502725 0.031850 3.624072
v -0.593197 0.026838 3.537856
v -0.502725 -0.000795 3.545260
v -0.593197 0.016678 3.460685
v -0.502725 -0.011930 3.460685
v -0.593197 0.026838 3.383514
v -0.502725 -0.000795 3.376110
v -0.593197 0.056625 3.311602
v -0.502725 0.031850 3.297298
v -0.593197 0.104009 3.249850
v -0.502725 0.083780 3.229621
v -0.593197 0.165761 3.202466
v -0.502725 0.151457 3.177691
v -0.593197 0.237673 3.172679
v -0.502725 0.230269 3.145046
v -0.502725 0.404880 3.124665
v -0.502725 0.314844 3.112812
v -0.502725 0.488780 3.159418
v -0.502725 0.560827 3.214701
v -0.502725 0.616111 3.286748
v -0.502725 0.650863 3.370649
v -0.502725 0.662717 3.460685
v -0.502725 0.650863 3.550721
v -0.502725 0.616111 3.634621
v -0.502725 0.560827 3.706668
v -0.502725 0.488780 3.761951
v -0.502725 0.404880 3.796704
v -0.502725 0.314844 3.808558
v -0.502725 0.224808 3.796704
v -0.502725 0.140907 3.761951
v -0.502725 0.068860 3.706668
v -0.502725 0.013577 3.634621
v -0.502725 -0.021176 3.550721
v -0.502725 -0.033029 3.460685
v -0.502725 -0.021176 3.370649
v -0.502725 0.013577 3.286748
v -0.502725 0.068860 3.214701
v -0.502725 0.140907 3.159418
v -0.502725 0.224808 3.124665
v -0.464870 0.404880 3.124665
v -0.464870 0.314844 3.112812
v -0.464870 0.488780 3.159418
v -0.464870 0.560827 3.214701
v -0.464870 0.616111 3.286748
v -0.464870 0.650863 3.370649
v -0.464870 0.662717 3.460685
v -0.464870 0.650863 3.550721
v -0.464870 0.616111 3.634621
v -0.464870 0.560827 3.706668
v -0.464870 0.488780 3.761951
v -0.464870 0.404880 3.796704
v -0.464870 0.314844 3.808558
v -0.464870 0.224808 3.796704
v -0.464870 0.140907 3.761951
v -0.464870 0.068860 3.706668
v -0.464870 0.013577 3.634621
v -0.464870 -0.021176 3.550721
v -0.464870 -0.033029 3.460685
v -0.464870 -0.021176 3.370649
v -0.464870 0.013577 3.286748
v -0.464870 0.068860 3.214701
v -0.464870 0.140907 3.159418
v -0.464870 0.224808 3.124665
v -0.593197 0.314844 3.209386
v -0.593197 0.379885 3.217948
v -0.593197 0.440493 3.243053
v -0.593196 0.492539 3.282990
v -0.593196 0.532475 3.335035
v -0.593196 0.557580 3.395644
v -0.593196 0.566143 3.460685
v -0.593196 0.557580 3.525726
v -0.593196 0.532475 3.586334
v -0.593196 0.492539 3.638380
v -0.593197 0.440493 3.678316
v -0.593197 0.379885 3.703421
v -0.593197 0.314844 3.711984
v -0.593197 0.249803 3.703421
v -0.593197 0.189194 3.678316
v -0.593197 0.137148 3.638380
v -0.593197 0.097212 3.586334
v -0.593197 0.072107 3.525726
v -0.593197 0.063545 3.460685
v -0.593197 0.072107 3.395644
v -0.593197 0.097212 3.335035
v -0.593197 0.137148 3.282990
v -0.593197 0.189194 3.243053
v -0.593197 0.249803 3.217948
v -0.580852 0.314844 3.209386
v -0.580852 0.379885 3.217948
v -0.580852 0.440493 3.243053
v -0.580852 0.492539 3.282990
v -0.580852 0.532475 3.335035
v -0.580852 0.557580 3.395644
v -0.580852 0.566143 3.460685
v -0.580852 0.557580 3.525726
v -0.580852 0.532475 3.586334
v -0.580852 0.492539 3.638380
v -0.580852 0.440493 3.678316
v -0.580852 0.379885 3.703421
v -0.580852 0.314844 3.711984
v -0.580852 0.249803 3.703421
v -0.580852 0.189194 3.678316
v -0.580852 0.137148 3.638380
v -0.580852 0.097212 3.586334
v -0.580852 0.072107 3.525726
v -0.580852 0.063545 3.460685
v -0.580852 0.072107 3.395644
v -0.580852 0.097212 3.335035
v -0.580852 0.137148 3.282990
v -0.580852 0.189194 3.243053
v -0.580852 0.249803 3.217948
v 0.691774 0.272702 1.885062
v 0.717689 0.521140 1.885062
v 0.683691 0.521140 1.881259
v 0.666288 0.272702 1.868616
v 0.666288 0.521140 1.868616
v 0.652165 0.272702 1.837457
v 0.652596 0.521140 1.841551
v 0.665856 0.272702 1.798998
v 0.659932 0.521140 1.808137
v 0.674325 0.521140 1.792151
v 0.704547 0.272769 1.780785
v 0.706789 0.521140 1.781363
v 0.735137 0.272702 1.792151
v 0.735137 0.521140 1.792151
v 0.749530 0.272702 1.808136
v 0.749530 0.521140 1.808136
v 0.756867 0.272702 1.841551
v 0.757297 0.521140 1.837457
v 0.743174 0.272702 1.868616
v 0.743174 0.521140 1.868616
v 0.725772 0.272702 1.881259
v 0.740919 0.551814 1.821469
v 0.740919 0.624858 1.821469
v 0.740919 0.551814 2.216990
v 0.740919 0.624858 2.216990
v 0.768910 0.551814 1.821469
v 0.768910 0.624858 1.821469
v 0.768910 0.551814 2.216990
v 0.768910 0.624858 2.216990
v 0.740919 0.551814 1.636495
v 0.740919 0.551814 2.401964
v 0.768910 0.551814 1.636495
v 0.768910 0.551814 2.401964
v 0.768910 0.344224 1.821469
v 0.768910 0.344224 1.794620
v 0.768910 0.344224 2.243840
v 0.768910 0.448019 2.292669
v 0.768910 0.344224 2.216990
v 0.768910 0.448019 1.745790
v 0.716788 0.492852 1.923995
v 0.716789 0.492852 2.114465
v 0.716788 0.285262 1.923995
v 0.716789 0.285262 2.114465
v 0.676157 0.275676 2.246684
v 0.692084 0.518166 2.253775
v 0.656711 0.275676 2.219540
v 0.659232 0.518166 2.227886
v 0.655247 0.275676 2.189971
v 0.656488 0.518166 2.186149
v 0.681998 0.275676 2.157817
v 0.685669 0.518166 2.156183
v 0.723794 0.275676 2.156183
v 0.727464 0.518166 2.157817
v 0.752974 0.275676 2.186149
v 0.754216 0.518166 2.189970
v 0.750231 0.275676 2.227886
v 0.752751 0.518166 2.219540
v 0.717378 0.275676 2.253775
v 0.733306 0.518166 2.246684
v 0.750946 0.273741 1.932727
v 0.750948 0.453210 1.932871
v 0.750946 0.273741 2.108305
v 0.750946 0.449319 2.108305
v 0.575369 0.273741 1.932727
v 0.575369 0.449319 1.932727
v 0.575369 0.273741 2.108305
v 0.575367 0.452778 2.108164
v 0.750946 0.219743 2.049779
v 0.750946 0.219743 1.991253
v 0.575369 0.219743 1.991253
v 0.575369 0.219743 2.049779
v 0.747023 0.552469 1.602072
v 0.747023 0.710040 1.602072
v 0.653058 0.552469 1.687233
v 0.653058 0.710040 1.687233
v 0.797737 0.748887 2.497853
v 0.797737 0.650151 2.497839
v -0.014257 0.748887 2.497853
v -0.014257 0.650151 2.497839
v -0.000001 0.552469 1.602072
v -0.000001 0.710040 1.602072
v -0.000001 0.552469 1.687233
v -0.000001 0.710040 1.687233
v 0.747023 0.710040 2.740600
v 0.747023 0.552469 2.740600
v 0.797737 0.748887 2.743795
v 0.797737 0.650151 2.743781
v -0.014257 0.650151 2.743782
v -0.014257 0.748887 2.743795
v 0.653058 0.552469 2.740600
v 0.653058 0.710040 2.740600
v 0.091274 0.650151 2.497839
v 0.091275 0.748887 2.497853
v 0.091275 0.650151 2.743782
v 0.091275 0.748887 2.743795
v 0.091275 0.749009 1.621035
v -0.014257 0.749009 1.621035
v -0.014257 0.650274 1.621021
v 0.091275 0.650274 1.621021
v 0.276481 0.186860 2.355169
v 0.391301 0.718334 2.425742
v 0.276481 0.186860 1.774577
v 0.391301 0.718334 1.704004
v -0.000001 0.186860 1.774577
v -0.000001 0.718334 1.704004
v -0.000001 0.186860 2.355170
v -0.000001 0.718334 2.425742
v -0.000001 0.394997 2.740600
v -0.000001 0.394997 2.332856
v -0.000001 0.510197 2.740600
v -0.000001 0.510197 2.332856
v 0.022041 0.505812 2.740600
v 0.022041 0.505812 2.332856
v 0.040728 0.493326 2.740600
v 0.040728 0.493326 2.332856
v 0.053214 0.474639 2.740600
v 0.053214 0.474639 2.332856
v 0.057599 0.452597 2.740600
v 0.057599 0.452597 2.332856
v 0.053214 0.430554 2.740600
v 0.053214 0.430554 2.332856
v 0.040728 0.411867 2.740600
v 0.040728 0.411867 2.332856
v 0.022041 0.399381 2.740600
v 0.022041 0.399381 2.332856
v 0.091275 0.881649 2.497853
v -0.014257 0.881649 2.497853
v -0.014257 0.881649 2.743795
v 0.091275 0.881649 2.743795
v 0.091274 0.650192 2.205566
v 0.091275 0.650233 1.913294
v -0.014257 0.650233 1.913294
v -0.014257 0.650192 2.205566
v -0.014257 0.748928 2.205580
v -0.014257 0.748968 1.913308
v 0.091275 0.748968 1.913308
v 0.091275 0.748928 2.205580
v -0.014257 0.868636 2.205606
v -0.014257 0.868677 1.913334
v 0.091275 0.868676 1.913334
v 0.091275 0.868636 2.205606
v 0.734505 0.748968 1.913308
v 0.734505 0.748927 2.205580
v 0.734505 0.868676 1.913334
v 0.734505 0.868635 2.205606
v 0.091274 0.339491 2.497839
v 0.797736 0.339491 2.497839
v 0.797737 0.339491 2.743781
v 0.091275 0.339491 2.743782
v -0.691776 0.272702 1.885062
v -0.717691 0.521140 1.885062
v -0.683693 0.521140 1.881259
v -0.666290 0.272702 1.868616
v -0.666290 0.521140 1.868616
v -0.652167 0.272702 1.837457
v -0.652598 0.521140 1.841551
v -0.665858 0.272702 1.798998
v -0.659934 0.521140 1.808137
v -0.674327 0.521140 1.792151
v -0.704549 0.272769 1.780785
v -0.706791 0.521140 1.781363
v -0.735139 0.272702 1.792151
v -0.735139 0.521140 1.792151
v -0.749533 0.272702 1.808137
v -0.749533 0.521140 1.808137
v -0.756869 0.272702 1.841551
v -0.757299 0.521140 1.837457
v -0.743176 0.272702 1.868616
v -0.743176 0.521140 1.868616
v -0.725774 0.272702 1.881259
v -0.740921 0.551814 1.821469
v -0.740921 0.624858 1.821469
v -0.740921 0.551814 2.216990
v -0.740921 0.624858 2.216990
v -0.768912 0.551814 1.821469
v -0.768912 0.624858 1.821469
v -0.768912 0.551814 2.216990
v -0.768912 0.624858 2.216990
v -0.740921 0.551814 1.636495
v -0.740921 0.551814 2.401964
v -0.768912 0.551814 1.636495
v -0.768912 0.551814 2.401964
v -0.768912 0.344224 1.821469
v -0.768912 0.344224 1.794620
v -0.768912 0.344224 2.243840
v -0.768912 0.448019 2.292670
v -0.768912 0.344224 2.216990
v -0.768912 0.448019 1.745790
v -0.716791 0.492852 1.923995
v -0.716791 0.492852 2.114465
v -0.716791 0.285262 1.923995
v -0.716791 0.285262 2.114465
v -0.676159 0.275676 2.246684
v -0.692086 0.518166 2.253775
v -0.656713 0.275676 2.219540
v -0.659234 0.518166 2.227886
v -0.655249 0.275676 2.189971
v -0.656490 0.518166 2.186150
v -0.682001 0.275676 2.157817
v -0.685671 0.518166 2.156183
v -0.723796 0.275676 2.156183
v -0.727466 0.518166 2.157817
v -0.752977 0.275676 2.186150
v -0.754218 0.518166 2.189971
v -0.750233 0.275676 2.227886
v -0.752754 0.518166 2.219540
v -0.717381 0.275676 2.253775
v -0.733308 0.518166 2.246684
v -0.750948 0.273741 1.932727
v -0.750950 0.453210 1.932871
v -0.750948 0.273741 2.108305
v -0.750948 0.449319 2.108305
v -0.575371 0.273741 1.932727
v -0.575371 0.449319 1.932727
v -0.575371 0.273741 2.108305
v -0.575369 0.452778 2.108164
v -0.750948 0.219743 2.049779
v -0.750948 0.219743 1.991253
v -0.575371 0.219743 1.991253
v -0.575371 0.219743 2.049779
v -0.747025 0.552469 1.602072
v -0.747025 0.710040 1.602072
v -0.653060 0.552469 1.687233
v -0.653060 0.710040 1.687233
v -0.797739 0.748887 2.497853
v -0.797739 0.650151 2.497839
v 0.014255 0.748887 2.497853
v 0.014255 0.650151 2.497839
v -0.747025 0.710040 2.740600
v -0.747025 0.552469 2.740600
v -0.797739 0.748887 2.743795
v -0.797739 0.650151 2.743782
v 0.014255 0.650151 2.743782
v 0.014255 0.748887 2.743795
v -0.653060 0.552469 2.740600
v -0.653060 0.710040 2.740600
v -0.091277 0.650151 2.497839
v -0.091277 0.748887 2.497853
v -0.091277 0.650151 2.743782
v -0.091277 0.748887 2.743795
v -0.091277 0.749009 1.621036
v 0.014254 0.749009 1.621035
v 0.014255 0.650274 1.621022
v -0.091277 0.650274 1.621022
v -0.276483 0.186860 2.355170
v -0.391303 0.718334 2.425742
v -0.276483 0.186860 1.774577
v -0.391303 0.718334 1.704004
v -0.022044 0.505812 2.740600
v -0.022044 0.505812 2.332856
v -0.040730 0.493326 2.740600
v -0.040730 0.493326 2.332856
v -0.053216 0.474639 2.740600
v -0.053216 0.474639 2.332856
v -0.057601 0.452597 2.740600
v -0.057601 0.452597 2.332856
v -0.053216 0.430554 2.740600
v -0.053216 0.430554 2.332856
v -0.040730 0.411867 2.740600
v -0.040730 0.411867 2.332856
v -0.022044 0.399381 2.740600
v -0.022044 0.399381 2.332856
v -0.091277 0.881649 2.497853
v 0.014255 0.881649 2.497853
v 0.014255 0.881649 2.743795
v -0.091277 0.881649 2.743795
v -0.091277 0.650192 2.205566
v -0.091277 0.650233 1.913294
v 0.014255 0.650233 1.913294
v 0.014255 0.650192 2.205566
v 0.014255 0.748928 2.205580
v 0.014255 0.748968 1.913308
v -0.091277 0.748968 1.913308
v -0.091277 0.748928 2.205580
v 0.014254 0.868636 2.205606
v 0.014254 0.868676 1.913334
v -0.091277 0.868676 1.913334
v -0.091277 0.868636 2.205606
v -0.734507 0.748968 1.913308
v -0.734507 0.748927 2.205580
v -0.734507 0.868676 1.913334
v -0.734507 0.868635 2.205606
v -0.091277 0.339491 2.497839
v -0.797739 0.339491 2.497839
v -0.797739 0.339491 2.743782
v -0.091277 0.339491 2.743782
v 0.691774 0.272702 3.596138
v 0.717689 0.521140 3.596138
v 0.683691 0.521140 3.599941
v 0.666288 0.272702 3.612585
v 0.666288 0.521140 3.612585
v 0.652165 0.272702 3.643743
v 0.652596 0.521140 3.639649
v 0.665856 0.272702 3.682202
v 0.659932 0.521140 3.673064
v 0.674325 0.521140 3.689049
v 0.704547 0.272769 3.700415
v 0.706789 0.521140 3.699837
v 0.735137 0.272702 3.689049
v 0.735137 0.521140 3.689049
v 0.749530 0.272702 3.673064
v 0.749530 0.521140 3.673064
v 0.756867 0.272702 3.639649
v 0.757297 0.521140 3.643743
v 0.743174 0.272702 3.612585
v 0.743174 0.521140 3.612585
v 0.725772 0.272702 3.599941
v 0.740919 0.551814 3.659731
v 0.740919 0.624858 3.659731
v 0.740919 0.551814 3.264210
v 0.740919 0.624858 3.264210
v 0.768910 0.551814 3.659731
v 0.768910 0.624858 3.659731
v 0.768910 0.551814 3.264210
v 0.768910 0.624858 3.264210
v 0.740919 0.551814 3.844705
v 0.740919 0.551814 3.079236
v 0.768910 0.551814 3.844705
v 0.768910 0.551814 3.079236
v 0.768910 0.344224 3.659731
v 0.768910 0.344224 3.686580
v 0.768910 0.344224 3.237360
v 0.768910 0.448019 3.188530
v 0.768910 0.344224 3.264210
v 0.768910 0.448019 3.735410
v 0.716789 0.492852 3.557205
v 0.716789 0.492852 3.366735
v 0.716788 0.285262 3.557205
v 0.716789 0.285262 3.366735
v 0.676157 0.275676 3.234516
v 0.692084 0.518166 3.227425
v 0.656711 0.275676 3.261661
v 0.659232 0.518166 3.253314
v 0.655247 0.275676 3.291229
v 0.656488 0.518166 3.295051
v 0.681998 0.275676 3.323383
v 0.685669 0.518166 3.325017
v 0.723794 0.275676 3.325017
v 0.727464 0.518166 3.323383
v 0.752974 0.275676 3.295051
v 0.754216 0.518166 3.291229
v 0.750231 0.275676 3.253314
v 0.752751 0.518166 3.261660
v 0.717378 0.275676 3.227425
v 0.733306 0.518166 3.234516
v 0.750946 0.273741 3.548473
v 0.750948 0.453210 3.548329
v 0.750946 0.273741 3.372895
v 0.750946 0.449319 3.372895
v 0.575369 0.273741 3.548473
v 0.575369 0.449319 3.548473
v 0.575369 0.273741 3.372895
v 0.575367 0.452778 3.373036
v 0.750946 0.219743 3.431421
v 0.750946 0.219743 3.489947
v 0.575369 0.219743 3.489947
v 0.575369 0.219743 3.431421
v 0.747023 0.552469 3.879128
v 0.747023 0.710040 3.879128
v 0.653058 0.552469 3.793967
v 0.653058 0.710040 3.793967
v 0.797737 0.748887 2.983347
v 0.797737 0.650151 2.983361
v -0.014257 0.748887 2.983347
v -0.014257 0.650151 2.983361
v -0.000001 0.552469 3.879128
v -0.000001 0.710040 3.879128
v -0.000001 0.552469 3.793967
v -0.000001 0.710040 3.793967
v 0.797737 0.748887 2.737405
v 0.797737 0.650151 2.737419
v -0.014257 0.650151 2.737419
v -0.014257 0.748887 2.737405
v 0.091275 0.650151 2.983361
v 0.091275 0.748887 2.983347
v 0.091275 0.650151 2.737419
v 0.091275 0.748887 2.737405
v 0.091275 0.749009 3.860165
v -0.014257 0.749009 3.860165
v -0.014257 0.650274 3.860178
v 0.091275 0.650274 3.860178
v 0.276481 0.186860 3.126030
v 0.391301 0.718334 3.055458
v 0.276481 0.186860 3.706623
v 0.391301 0.718334 3.777196
v -0.000001 0.186860 3.706623
v -0.000001 0.718334 3.777195
v -0.000001 0.186860 3.126030
v -0.000001 0.718334 3.055458
v -0.000001 0.394997 3.148344
v -0.000001 0.510197 3.148344
v 0.022041 0.505812 3.148344
v 0.040728 0.493326 3.148344
v 0.053214 0.474639 3.148344
v 0.057599 0.452597 3.148344
v 0.053214 0.430554 3.148344
v 0.040728 0.411867 3.148344
v 0.022041 0.399381 3.148344
v 0.091275 0.881649 2.983347
v -0.014257 0.881649 2.983347
v -0.014257 0.881649 2.737405
v 0.091275 0.881649 2.737405
v 0.091275 0.650192 3.275634
v 0.091275 0.650233 3.567906
v -0.014257 0.650233 3.567906
v -0.014257 0.650192 3.275634
v -0.014257 0.748928 3.275620
v -0.014257 0.748968 3.567893
v 0.091275 0.748968 3.567892
v 0.091275 0.748928 3.275620
v -0.014257 0.868636 3.275594
v -0.014257 0.868676 3.567866
v 0.091275 0.868676 3.567866
v 0.091275 0.868636 3.275594
v 0.734505 0.748968 3.567892
v 0.734505 0.748927 3.275620
v 0.734505 0.868676 3.567866
v 0.734505 0.868635 3.275594
v 0.091275 0.339491 2.983361
v 0.797737 0.339491 2.983361
v 0.797737 0.339491 2.737419
v 0.091275 0.339491 2.737419
v -0.691776 0.272702 3.596138
v -0.717690 0.521140 3.596138
v -0.683692 0.521140 3.599941
v -0.666290 0.272702 3.612584
v -0.666290 0.521140 3.612584
v -0.652167 0.272702 3.643743
v -0.652597 0.521140 3.639649
v -0.665858 0.272702 3.682202
v -0.659934 0.521140 3.673063
v -0.674327 0.521140 3.689049
v -0.704549 0.272769 3.700415
v -0.706791 0.521140 3.699837
v -0.735139 0.272702 3.689049
v -0.735139 0.521140 3.689049
v -0.749532 0.272702 3.673063
v -0.749532 0.521140 3.673063
v -0.756868 0.272702 3.639649
v -0.757299 0.521140 3.643743
v -0.743176 0.272702 3.612584
v -0.743176 0.521140 3.612584
v -0.725773 0.272702 3.599941
v -0.740921 0.551814 3.659731
v -0.740921 0.624858 3.659731
v -0.740921 0.551814 3.264210
v -0.740921 0.624858 3.264210
v -0.768912 0.551814 3.659731
v -0.768912 0.624858 3.659731
v -0.768912 0.551814 3.264210
v -0.768912 0.624858 3.264210
v -0.740921 0.551814 3.844705
v -0.740921 0.551814 3.079236
v -0.768912 0.551814 3.844705
v -0.768912 0.551814 3.079236
v -0.768912 0.344224 3.659731
v -0.768912 0.344224 3.686580
v -0.768912 0.344224 3.237360
v -0.768912 0.448019 3.188530
v -0.768912 0.344224 3.264210
v -0.768912 0.448019 3.735410
v -0.716790 0.492852 3.557205
v -0.716791 0.492852 3.366735
v -0.716790 0.285262 3.557205
v -0.716791 0.285262 3.366735
v -0.676159 0.275676 3.234516
v -0.692086 0.518166 3.227425
v -0.656713 0.275677 3.261660
v -0.659234 0.518166 3.253314
v -0.655249 0.275677 3.291229
v -0.656490 0.518166 3.295051
v -0.682000 0.275676 3.323383
v -0.685671 0.518166 3.325017
v -0.723795 0.275677 3.325017
v -0.727466 0.518166 3.323383
v -0.752976 0.275677 3.295050
v -0.754218 0.518166 3.291229
v -0.750233 0.275677 3.253314
v -0.752753 0.518166 3.261660
v -0.717381 0.275677 3.227425
v -0.733308 0.518166 3.234516
v -0.750948 0.273741 3.548473
v -0.750950 0.453210 3.548329
v -0.750948 0.273741 3.372895
v -0.750948 0.449319 3.372895
v -0.575371 0.273741 3.548472
v -0.575371 0.449319 3.548472
v -0.575371 0.273741 3.372895
v -0.575369 0.452778 3.373036
v -0.750948 0.219743 3.431421
v -0.750948 0.219743 3.489947
v -0.575371 0.219743 3.489947
v -0.575371 0.219743 3.431421
v -0.747025 0.552469 3.879128
v -0.747025 0.710040 3.879128
v -0.653060 0.552469 3.793967
v -0.653060 0.710040 3.793967
v -0.797738 0.748887 2.983347
v -0.797738 0.650151 2.983361
v 0.014255 0.748887 2.983347
v 0.014255 0.650151 2.983361
v -0.797739 0.748887 2.737405
v -0.797739 0.650151 2.737419
v 0.014255 0.650151 2.737418
v 0.014255 0.748887 2.737405
v -0.091277 0.650151 2.983361
v -0.091277 0.748887 2.983347
v -0.091277 0.650151 2.737418
v -0.091277 0.748887 2.737405
v -0.091277 0.749009 3.860165
v 0.014255 0.749009 3.860165
v 0.014255 0.650274 3.860178
v -0.091277 0.650274 3.860178
v -0.276483 0.186860 3.126030
v -0.391303 0.718334 3.055458
v -0.276483 0.186860 3.706623
v -0.391303 0.718334 3.777195
v -0.022043 0.505812 3.148344
v -0.040730 0.493326 3.148344
v -0.053216 0.474639 3.148344
v -0.057601 0.452597 3.148344
v -0.053216 0.430554 3.148344
v -0.040730 0.411867 3.148344
v -0.022043 0.399381 3.148344
v -0.091277 0.881649 2.983347
v 0.014255 0.881649 2.983347
v 0.014255 0.881649 2.737405
v -0.091277 0.881649 2.737405
v -0.091277 0.650192 3.275633
v -0.091277 0.650233 3.567906
v 0.014255 0.650233 3.567906
v 0.014255 0.650192 3.275634
v 0.014255 0.748928 3.275620
v 0.014255 0.748968 3.567892
v -0.091277 0.748968 3.567892
v -0.091277 0.748927 3.275620
v 0.014255 0.868636 3.275594
v 0.014255 0.868676 3.567866
v -0.091277 0.868676 3.567866
v -0.091277 0.868636 3.275594
v -0.734507 0.748968 3.567892
v -0.734507 0.748927 3.275620
v -0.734507 0.868676 3.567866
v -0.734507 0.868635 3.275594
v -0.091277 0.339491 2.983361
v -0.797738 0.339491 2.983361
v -0.797739 0.339491 2.737419
v -0.091277 0.339491 2.737418
v -0.000001 0.291290 2.633010
v -0.000001 0.959561 2.633010
v 0.041172 0.291290 2.641200
v 0.041172 0.959561 2.641200
v 0.076077 0.291290 2.664522
v 0.076077 0.959561 2.664522
v 0.099399 0.291290 2.699427
v 0.099399 0.959561 2.699427
v 0.107589 0.291290 2.740600
v 0.107589 0.959561 2.740600
v 0.099399 0.291290 2.781773
v 0.099399 0.959561 2.781773
v 0.076077 0.291290 2.816678
v 0.076077 0.959561 2.816678
v 0.041172 0.291290 2.840000
v 0.041172 0.959561 2.840000
v -0.000001 0.291290 2.848190
v -0.000001 0.959561 2.848190
v -0.041174 0.291290 2.840000
v -0.041174 0.959561 2.840000
v -0.076079 0.291290 2.816678
v -0.076079 0.959561 2.816678
v -0.099401 0.291290 2.781773
v -0.099401 0.959561 2.781773
v -0.107591 0.291290 2.740600
v -0.107591 0.959561 2.740600
v -0.099401 0.291290 2.699427
v -0.099401 0.959561 2.699427
v -0.076079 0.291290 2.664522
v -0.076079 0.959561 2.664522
v -0.041174 0.291290 2.641200
v -0.041174 0.959561 2.641200
vn -0.0000 -0.0000 -1.0000
vn -0.0000 -0.3420 -0.9397
vn -0.0000 -0.6428 -0.7661
vn -0.0000 -0.6428 -0.7660
vn -0.0000 -0.8660 -0.5000
vn -0.0000 -0.9848 -0.1736
vn -0.0000 -0.9848 0.1736
vn -0.0000 -0.9848 0.1737
vn -0.0000 -0.8660 0.5000
vn -0.0000 -0.6428 0.7660
vn -0.0000 -0.3420 0.9397
vn -0.0000 -0.0000 1.0000
vn -0.0000 0.3420 0.9397
vn -0.0000 0.6428 0.7660
vn -0.0000 0.8660 0.5000
vn -0.0000 0.9848 0.1737
vn -0.0000 0.9848 0.1736
vn -0.0000 0.9848 -0.1736
vn -0.0000 0.8660 -0.5000
vn -0.0000 0.6428 -0.7660
vn 1.0000 -0.0000 -0.0000
vn -0.0000 0.6428 -0.7661
vn -0.0000 0.3420 -0.9397
vn -0.3015 -0.0000 -0.9535
vn -0.3015 -0.2468 -0.9210
vn -0.3015 -0.4767 -0.8257
vn -0.3015 -0.6742 -0.6742
vn -0.3015 -0.8257 -0.4767
vn -0.3015 -0.9210 -0.2468
vn -0.3015 -0.9535 -0.0000
vn -0.3015 -0.9210 0.2468
vn -0.3015 -0.8257 0.4767
vn -0.3015 -0.6742 0.6742
vn -0.3015 -0.4767 0.8257
vn -0.3015 -0.2468 0.9210
vn -0.3015 -0.0000 0.9535
vn -0.3015 0.2468 0.9210
vn -0.3015 0.4767 0.8257
vn -0.3015 0.6742 0.6742
vn -0.3015 0.8257 0.4767
vn -0.3015 0.9210 0.2468
vn -0.3015 0.9535 -0.0000
vn -0.3015 0.9210 -0.2468
vn -0.3015 0.8257 -0.4767
vn -0.3015 0.6742 -0.6742
vn -0.3015 0.4767 -0.8257
vn -1.0000 -0.0000 -0.0000
vn -0.3015 0.2468 -0.9210
vn -0.0000 0.9659 -0.2588
vn -0.0000 0.2588 0.9659
vn -0.0000 -0.9659 -0.2588
vn -0.0000 -1.0000 -0.0000
vn -0.0000 0.7071 -0.7071
vn -0.0000 0.5000 0.8660
vn -0.0000 -0.9659 0.2588
vn -0.0000 0.5000 -0.8660
vn -0.0000 0.7071 0.7071
vn -0.0000 0.2588 -0.9659
vn -0.0000 -0.2588 -0.9659
vn -0.0000 -0.7071 0.7071
vn -0.0000 -0.5000 -0.8660
vn -0.0000 0.9659 0.2588
vn -0.0000 -0.5000 0.8660
vn -0.0000 -0.7071 -0.7071
vn -0.0000 1.0000 -0.0000
vn -0.0000 -0.2588 0.9659
vn -0.6789 0.7093 -0.1900
vn -0.6789 -0.5192 -0.5192
vn -0.6789 -0.1900 0.7093
vn -0.6789 -0.3671 0.6359
vn -0.6789 -0.0000 0.7342
vn -0.6789 0.6359 -0.3671
vn -0.6789 0.1900 0.7092
vn -0.6789 -0.6359 -0.3671
vn -0.6789 0.5192 -0.5192
vn -0.6789 0.3671 0.6359
vn -0.6789 -0.7342 -0.0000
vn -0.6789 -0.7092 -0.1900
vn -0.6789 0.3671 -0.6359
vn -0.6789 0.5192 0.5192
vn -0.6789 -0.7092 0.1900
vn -0.6789 0.1900 -0.7092
vn -0.6789 0.6359 0.3671
vn -0.6789 -0.0000 -0.7342
vn -0.6789 0.7092 0.1900
vn -0.6789 -0.6359 0.3671
vn -0.6789 -0.1900 -0.7092
vn -0.6789 0.7342 -0.0000
vn -0.6789 -0.5192 0.5192
vn -0.6789 -0.3671 -0.6359
vn 0.3015 -0.0000 -0.9535
vn 0.3015 -0.2468 -0.9210
vn 0.3015 -0.4767 -0.8257
vn 0.3015 -0.6742 -0.6742
vn 0.3015 -0.8257 -0.4767
vn 0.3015 -0.9210 -0.2468
vn 0.3015 -0.9535 -0.0000
vn 0.3015 -0.9210 0.2468
vn 0.3015 -0.8257 0.4767
vn 0.3015 -0.6742 0.6742
vn 0.3015 -0.4767 0.8257
vn 0.3015 -0.2468 0.9210
vn 0.3015 -0.0000 0.9535
vn 0.3015 0.2468 0.9210
vn 0.3015 0.4767 0.8257
vn 0.3015 0.6742 0.6742
vn 0.3015 0.8257 0.4767
vn 0.3015 0.9210 0.2468
vn 0.3015 0.9535 -0.0000
vn 0.3015 0.9210 -0.2468
vn 0.3015 0.8257 -0.4767
vn 0.3015 0.6742 -0.6742
vn 0.3015 0.4767 -0.8257
vn 0.3015 0.2468 -0.9210
vn 0.6789 0.7092 -0.1900
vn 0.6789 -0.7093 -0.1900
vn 0.6789 0.5192 -0.5192
vn 0.6789 0.1900 0.7093
vn 0.6789 -0.3671 0.6359
vn 0.6789 -0.0000 0.7342
vn 0.6789 -0.5192 -0.5192
vn 0.6789 0.6359 -0.3671
vn 0.6789 -0.1900 0.7092
vn 0.6789 -0.6359 -0.3671
vn 0.6789 0.3671 -0.6359
vn 0.6789 0.3671 0.6359
vn 0.6789 -0.7342 -0.0000
vn 0.6789 0.5192 0.5192
vn 0.6789 0.1900 -0.7092
vn 0.6789 0.6359 0.3671
vn 0.6789 -0.7092 0.1900
vn 0.6789 -0.0000 -0.7342
vn 0.6789 0.7092 0.1900
vn 0.6789 -0.6359 0.3671
vn 0.6789 -0.1900 -0.7092
vn 0.6789 0.7342 -0.0000
vn 0.6789 -0.5192 0.5192
vn -0.0000 0.9848 -0.1737
vn -0.6789 -0.7093 0.1900
vn -0.6789 0.1900 -0.7093
vn -0.6789 -0.1900 0.7092
vn -0.0000 0.6428 0.7661
vn 0.6789 -0.1900 -0.7093
vn 0.6789 -0.3671 -0.6359
vn 0.6789 0.1900 0.7092
vn 0.6789 -0.7092 -0.1900
vn -0.1695 -0.0177 0.9854
vn -0.8129 -0.0116 0.5823
vn 0.6189 -0.0177 0.7853
vn 0.5422 0.0048 0.8402
vn 0.1112 -0.0116 0.9937
vn -0.6188 0.0177 0.7853
vn 0.8129 0.0116 0.5823
vn 0.1695 0.0177 0.9854
vn 0.0197 0.9996 0.0222
vn -0.5878 -0.0000 0.8090
vn -0.8923 -0.0000 0.4514
vn -0.9421 0.0072 -0.3354
vn -0.3154 0.0051 -0.9490
vn -0.7431 0.0069 -0.6691
vn 0.3557 -0.0000 -0.9346
vn 0.7431 -0.0000 -0.6691
vn -0.1112 0.0116 0.9937
vn 0.9667 -0.0000 -0.2561
vn 0.9108 0.0052 0.4128
vn -0.0000 -0.9301 -0.3673
vn -0.0000 -0.9301 0.3673
vn -0.8914 -0.0000 -0.4532
vn -0.8914 -0.0000 0.4532
vn -0.9978 0.0081 0.0656
vn -0.7687 -0.0061 -0.6396
vn -0.0391 -0.0061 -0.9992
vn 0.7164 -0.0061 -0.6976
vn 0.9988 -0.0059 0.0495
vn -0.0008 0.0008 1.0000
vn 0.0008 0.0008 -1.0000
vn -0.0000 -0.7350 -0.6781
vn -0.0000 -0.7350 0.6781
vn -0.0221 0.9996 -0.0197
vn -0.4259 -0.0104 -0.9047
vn -0.9766 -0.0154 -0.2144
vn -0.0000 1.0000 0.0001
vn -0.0000 -0.0001 1.0000
vn -0.0000 -1.0000 -0.0001
vn -0.0000 -0.1316 -0.9913
vn 0.9774 -0.2112 -0.0000
vn -0.0000 -0.1316 0.9913
vn -0.0000 -0.7462 0.6657
vn -0.3827 -0.9239 -0.0000
vn -0.2856 -0.6894 0.6657
vn -0.7071 -0.7071 -0.0000
vn -0.5276 -0.5276 0.6657
vn -0.9239 -0.3827 -0.0000
vn -0.6894 -0.2856 0.6657
vn -0.7462 -0.0000 0.6657
vn -0.9239 0.3827 -0.0000
vn -0.6894 0.2856 0.6657
vn -0.7071 0.7071 -0.0000
vn -0.5277 0.5277 0.6657
vn -0.3827 0.9239 -0.0000
vn -0.2856 0.6894 0.6657
vn -0.0000 0.7462 0.6657
vn -0.0000 0.0002 -1.0000
vn -0.0000 -0.0002 1.0000
vn 0.1695 -0.0177 0.9854
vn 0.8129 -0.0116 0.5823
vn -0.6188 -0.0177 0.7853
vn -0.5422 0.0048 0.8402
vn -0.1112 -0.0116 0.9937
vn 0.6188 0.0177 0.7853
vn -0.8129 0.0116 0.5823
vn -0.1695 0.0177 0.9854
vn -0.0197 0.9996 0.0222
vn 0.5878 -0.0000 0.8090
vn 0.9108 -0.0052 0.4128
vn 0.9421 0.0072 -0.3354
vn 0.3154 0.0051 -0.9490
vn 0.7431 0.0069 -0.6691
vn -0.3557 -0.0000 -0.9346
vn -0.7431 -0.0000 -0.6691
vn 0.1112 0.0116 0.9937
vn -0.9767 -0.0052 -0.2144
vn 0.8914 -0.0000 -0.4532
vn 0.8914 -0.0000 0.4532
vn 0.9988 0.0059 0.0495
vn 0.7164 0.0061 -0.6976
vn -0.0391 0.0061 -0.9992
vn -0.7687 0.0061 -0.6396
vn -0.9978 -0.0081 0.0656
vn 0.0008 0.0008 1.0000
vn -0.0008 0.0008 -1.0000
vn 0.0221 0.9996 -0.0197
vn 0.4259 -0.0104 -0.9047
vn 0.9766 -0.0154 -0.2144
vn -0.9774 -0.2112 -0.0000
vn 0.3827 -0.9239 -0.0000
vn 0.7071 -0.7071 -0.0000
vn 0.2856 -0.6894 0.6657
vn 0.6894 -0.2856 0.6657
vn 0.5276 -0.5276 0.6657
vn 0.9239 -0.3827 -0.0000
vn 0.9239 0.3827 -0.0000
vn 0.7462 -0.0000 0.6657
vn 0.7071 0.7071 -0.0000
vn 0.6894 0.2856 0.6657
vn 0.3827 0.9239 -0.0000
vn 0.5276 0.5276 0.6657
vn 0.2856 0.6894 0.6657
vn -0.1695 -0.0177 -0.9854
vn -0.8129 -0.0116 -0.5823
vn 0.6188 -0.0177 -0.7853
vn 0.5422 0.0048 -0.8402
vn 0.1112 -0.0116 -0.9937
vn -0.6188 0.0177 -0.7853
vn 0.8129 0.0116 -0.5823
vn 0.1695 0.0177 -0.9854
vn 0.0197 0.9996 -0.0222
vn -0.5878 -0.0000 -0.8090
vn -0.9108 -0.0052 -0.4128
vn -0.9421 0.0072 0.3354
vn -0.3154 0.0051 0.9490
vn -0.7431 0.0069 0.6691
vn 0.3557 -0.0000 0.9346
vn 0.7431 -0.0000 0.6691
vn -0.1112 0.0116 -0.9937
vn 0.9767 -0.0052 0.2144
vn 0.8923 -0.0000 -0.4514
vn -0.9988 0.0059 -0.0495
vn -0.7164 0.0061 0.6976
vn 0.0391 0.0061 0.9992
vn 0.7687 0.0061 0.6396
vn 0.9978 -0.0081 -0.0656
vn -0.0221 0.9996 0.0197
vn -0.4259 -0.0104 0.9047
vn -0.9766 -0.0154 0.2144
vn -0.0000 1.0000 -0.0001
vn -0.0000 -0.0001 -1.0000
vn -0.0000 -1.0000 0.0001
vn -0.0000 -0.7462 -0.6657
vn -0.2856 -0.6894 -0.6657
vn -0.6894 -0.2856 -0.6657
vn -0.5276 -0.5276 -0.6657
vn -0.7462 -0.0000 -0.6657
vn -0.6894 0.2856 -0.6657
vn -0.5276 0.5276 -0.6657
vn -0.2856 0.6894 -0.6657
vn -0.0000 0.0002 1.0000
vn -0.0000 -0.0002 -1.0000
vn 0.1695 -0.0177 -0.9854
vn 0.8129 -0.0116 -0.5823
vn -0.6189 -0.0177 -0.7853
vn -0.5422 0.0048 -0.8402
vn -0.1112 -0.0116 -0.9937
vn 0.6188 0.0177 -0.7853
vn -0.8129 0.0116 -0.5823
vn -0.1695 0.0177 -0.9854
vn -0.0197 0.9996 -0.0222
vn 0.5878 -0.0000 -0.8090
vn 0.9421 0.0072 0.3354
vn 0.3154 0.0051 0.9490
vn 0.7431 0.0069 0.6691
vn -0.3557 -0.0000 0.9346
vn -0.7431 -0.0000 0.6691
vn 0.1112 0.0116 -0.9937
vn -0.9667 -0.0000 0.2560
vn -0.9108 0.0052 -0.4128
vn 0.9978 0.0081 -0.0656
vn 0.7687 -0.0061 0.6396
vn 0.0391 -0.0061 0.9992
vn -0.7164 -0.0061 0.6976
vn -0.9988 -0.0059 -0.0495
vn 0.0221 0.9996 0.0197
vn 0.4259 -0.0104 0.9047
vn 0.9766 -0.0154 0.2144
vn 0.2856 -0.6894 -0.6657
vn 0.5276 -0.5276 -0.6657
vn 0.6894 -0.2855 -0.6657
vn 0.7462 -0.0000 -0.6657
vn 0.6894 0.2856 -0.6657
vn 0.5277 0.5277 -0.6657
vn 0.2856 0.6894 -0.6657
vn -0.0000 0.7462 -0.6657
vn -0.0000 0.6657 -0.7462
vn 0.3827 -0.0000 -0.9239
vn 0.2856 0.6657 -0.6894
vn 0.7071 -0.0000 -0.7071
vn 0.5277 0.6657 -0.5277
vn 0.9239 -0.0000 -0.3827
vn 0.6894 0.6657 -0.2856
vn 0.7462 0.6657 -0.0000
vn 0.9239 -0.0000 0.3827
vn 0.6894 0.6657 0.2856
vn 0.7071 -0.0000 0.7071
vn 0.5277 0.6657 0.5277
vn 0.3827 -0.0000 0.9239
vn 0.2856 0.6657 0.6894
vn -0.0000 0.6657 0.7462
vn -0.3827 -0.0000 0.9239
vn -0.2856 0.6657 0.6894
vn -0.7071 -0.0000 0.7071
vn -0.5277 0.6657 0.5277
vn -0.9239 -0.0000 0.3827
vn -0.6894 0.6657 0.2856
vn -0.7462 0.6657 -0.0000
vn -0.9239 -0.0000 -0.3827
vn -0.6894 0.6657 -0.2856
vn -0.7071 -0.0000 -0.7071
vn -0.5277 0.6657 -0.5277
vn -0.3827 -0.0000 -0.9239
vn -0.2856 0.6657 -0.6894
vn -0.6789 -0.7343 -0.0000
vn -0.5422 -0.0048 0.8402
vn -0.9108 -0.0052 0.4128
vn 0.3483 -0.0010 -0.9374
vn 0.9767 -0.0052 -0.2144
vn 0.8923 -0.0000 0.4514
vn -0.0005 -1.0000 -0.0047
vn -0.9988 0.0059 0.0495
vn -0.7164 0.0061 -0.6976
vn 0.0391 0.0061 -0.9992
vn 0.7687 0.0061 -0.6396
vn 0.9978 -0.0081 0.0656
vn -0.0000 0.0001 -1.0000
vn 0.5422 -0.0048 0.8402
vn -0.3483 -0.0010 -0.9374
vn -0.9667 -0.0000 -0.2561
vn -0.9108 0.0052 0.4128
vn 0.0005 -1.0000 -0.0047
vn 0.9978 0.0081 0.0656
vn 0.7687 -0.0061 -0.6396
vn 0.0391 -0.0061 -0.9992
vn -0.7164 -0.0061 -0.6976
vn -0.9988 -0.0059 0.0495
vn -0.5422 -0.0048 -0.8402
vn -0.8923 -0.0000 -0.4514
vn 0.3483 -0.0010 0.9374
vn 0.9667 -0.0000 0.2561
vn 0.9108 0.0052 -0.4128
vn -0.0005 -1.0000 0.0047
vn -0.9978 0.0081 -0.0656
vn -0.7687 -0.0061 0.6396
vn -0.0391 -0.0061 0.9992
vn 0.7164 -0.0061 0.6976
vn 0.9988 -0.0059 -0.0495
vn 0.5422 -0.0048 -0.8402
vn 0.9108 -0.0052 -0.4128
vn -0.3483 -0.0010 0.9374
vn -0.9767 -0.0052 0.2144
vn 0.0005 -1.0000 0.0047
vn 0.9988 0.0059 -0.0495
vn 0.7164 0.0061 0.6976
vn -0.0391 0.0061 0.9992
vn -0.7687 0.0061 0.6396
vn -0.9978 -0.0081 -0.0656
vt 0.946069 0.970105
vt 0.929709 0.822864
vt 0.946069 0.822864
vt 0.929709 0.970105
vt 0.913349 0.822864
vt 0.913349 0.970105
vt 0.896989 0.822864
vt 0.896989 0.970105
vt 0.880628 0.822864
vt 0.880628 0.970105
vt 0.864268 0.822864
vt 0.864268 0.970105
vt 0.847908 0.822864
vt 0.847908 0.970105
vt 0.831548 0.822864
vt 0.831548 0.970105
vt 0.815188 0.822864
vt 0.815188 0.970105
vt 0.798828 0.822864
vt 0.798828 0.970105
vt 0.782468 0.822864
vt 0.782468 0.970105
vt 0.766108 0.822864
vt 0.766108 0.970105
vt 0.749748 0.822864
vt 0.749748 0.970105
vt 0.733388 0.822864
vt 0.733388 0.970105
vt 0.717028 0.822864
vt 0.717028 0.970105
vt 0.700667 0.822864
vt 0.700667 0.970105
vt 0.684307 0.822864
vt 0.859040 0.956360
vt 0.913416 0.862177
vt 0.948907 0.923650
vt 0.684307 0.970105
vt 0.667947 0.822864
vt 0.667947 0.970105
vt 0.651587 0.822864
vt 0.398017 0.403614
vt 0.432981 0.364810
vt 0.431017 0.403935
vt 0.462887 0.404875
vt 0.467908 0.365841
vt 0.491454 0.406371
vt 0.391631 0.360509
vt 0.427596 0.398256
vt 0.399015 0.399474
vt 0.457890 0.358484
vt 0.459473 0.397625
vt 0.494058 0.358484
vt 0.492475 0.397625
vt 0.524352 0.398256
vt 0.528993 0.359175
vt 0.552932 0.399474
vt 0.559207 0.406973
vt 0.592165 0.444049
vt 0.568829 0.445772
vt 0.616104 0.403750
vt 0.620745 0.442831
vt 0.651040 0.403059
vt 0.652623 0.442201
vt 0.685625 0.442201
vt 0.356714 0.403751
vt 0.352072 0.442831
vt 0.380652 0.444049
vt 0.413611 0.406973
vt 0.403988 0.445772
vt 0.568452 0.399474
vt 0.584798 0.358944
vt 0.591803 0.397978
vt 0.616133 0.357914
vt 0.620394 0.397038
vt 0.651073 0.357562
vt 0.652276 0.396717
vt 0.685276 0.397038
vt 0.356737 0.358944
vt 0.351716 0.397978
vt 0.388046 0.360583
vt 0.380283 0.399474
vt 0.304948 0.367480
vt 0.337545 0.404875
vt 0.314193 0.406371
vt 0.963364 0.829553
vt 0.955861 0.804442
vt 0.969009 0.827215
vt 0.361874 0.364811
vt 0.366135 0.403935
vt 0.967312 0.805467
vt 0.937352 0.799065
vt 0.947580 0.785735
vt 0.441214 0.356707
vt 0.478405 0.341436
vt 0.478405 0.357443
vt 0.951014 0.923365
vt 0.937266 0.945679
vt 0.933547 0.940832
vt 0.839734 0.953183
vt 0.814623 0.945679
vt 0.818343 0.940832
vt 0.788525 0.829553
vt 0.776075 0.852615
vt 0.782881 0.827215
vt 0.912155 0.778344
vt 0.937266 0.785847
vt 0.933547 0.790694
vt 0.969757 0.878114
vt 0.969009 0.904312
vt 0.963364 0.901973
vt 0.863594 0.959576
vt 0.889093 0.965633
vt 0.862797 0.965633
vt 0.788525 0.901973
vt 0.776075 0.878911
vt 0.782132 0.878114
vt 0.839734 0.778344
vt 0.814623 0.785847
vt 0.837397 0.772699
vt 0.863594 0.771951
vt 0.889093 0.765893
vt 0.888296 0.771951
vt 0.975815 0.852615
vt 0.969757 0.853413
vt 0.912155 0.953182
vt 0.914493 0.958827
vt 0.796029 0.927085
vt 0.800876 0.923365
vt 0.796029 0.804442
vt 0.800876 0.808161
vt 0.951014 0.808161
vt 0.955861 0.927085
vt 0.837397 0.958827
vt 0.782132 0.853413
vt 0.914493 0.772699
vt 0.975815 0.878911
vt 0.862797 0.765893
vt 0.888296 0.959576
vt 0.782881 0.904312
vt 0.818343 0.790694
vt 0.358566 0.390716
vt 0.629991 0.513225
vt 0.570896 0.370560
vt 0.330043 0.349810
vt 0.367234 0.334539
vt 0.367234 0.350546
vt 0.629743 0.328061
vt 0.668247 0.312055
vt 0.668247 0.328061
vt 0.511750 0.358864
vt 0.511750 0.342857
vt 0.400580 0.335960
vt 0.400580 0.351967
vt 0.340008 0.312790
vt 0.340008 0.328797
vt 0.538976 0.344867
vt 0.538976 0.360873
vt 0.427806 0.337970
vt 0.427806 0.353976
vt 0.373353 0.314211
vt 0.373353 0.330218
vt 0.304948 0.337115
vt 0.338293 0.319687
vt 0.338293 0.335694
vt 0.375484 0.334958
vt 0.413988 0.318952
vt 0.413988 0.334958
vt 0.304948 0.360873
vt 0.332174 0.342857
vt 0.332174 0.358864
vt 0.559207 0.353976
vt 0.586433 0.335960
vt 0.586433 0.351967
vt 0.375484 0.318952
vt 0.451179 0.319688
vt 0.451179 0.335694
vt 0.365519 0.341436
vt 0.365519 0.357443
vt 0.619778 0.334539
vt 0.619778 0.350546
vt 0.484524 0.337115
vt 0.484524 0.321109
vt 0.402710 0.340701
vt 0.402710 0.356707
vt 0.656969 0.333804
vt 0.656969 0.349810
vt 0.559207 0.330218
vt 0.592552 0.312790
vt 0.592552 0.328797
vt 0.441214 0.340701
vt 0.330043 0.333804
vt 0.629743 0.312055
vt 0.420695 0.329686
vt 0.447562 0.324998
vt 0.447562 0.330218
vt 0.923414 0.969298
vt 0.937352 0.942016
vt 0.947580 0.955345
vt 0.797702 0.935614
vt 0.827662 0.942016
vt 0.817434 0.955345
vt 0.783750 0.829634
vt 0.811032 0.815695
vt 0.799272 0.836063
vt 0.896460 0.764560
vt 0.916984 0.787306
vt 0.894267 0.781219
vt 0.967312 0.935614
vt 0.965742 0.905017
vt 0.981265 0.911447
vt 0.841600 0.969298
vt 0.870748 0.959862
vt 0.868555 0.976520
vt 0.988487 0.884493
vt 0.971829 0.858781
vt 0.988487 0.856588
vt 0.776527 0.884493
vt 0.793185 0.858781
vt 0.793185 0.882300
vt 0.841600 0.771783
vt 0.870748 0.781219
vt 0.848030 0.787306
vt 0.981265 0.829634
vt 0.953982 0.815695
vt 0.896460 0.976520
vt 0.916984 0.953775
vt 0.783750 0.911447
vt 0.811032 0.925385
vt 0.797702 0.805467
vt 0.827662 0.799065
vt 0.923414 0.771783
vt 0.953982 0.925385
vt 0.848030 0.953775
vt 0.776527 0.856588
vt 0.868555 0.764560
vt 0.965742 0.836063
vt 0.971829 0.882300
vt 0.894267 0.959862
vt 0.799272 0.905017
vt 0.817434 0.785735
vt 0.468564 0.512764
vt 0.403184 0.354922
vt 0.572568 0.377222
vt 0.655324 0.456823
vt 0.660648 0.481695
vt 0.655816 0.481695
vt 0.655816 0.406201
vt 0.660156 0.431073
vt 0.655324 0.431073
vt 0.681639 0.387993
vt 0.675856 0.365693
vt 0.680689 0.365693
vt 0.396607 0.328660
vt 0.420695 0.324467
vt 0.660156 0.456823
vt 0.656766 0.383901
vt 0.660648 0.406201
vt 0.682131 0.412865
vt 0.676807 0.387993
vt 0.376939 0.327208
vt 0.396607 0.323440
vt 0.658110 0.365693
vt 0.661598 0.383901
vt 0.677299 0.438615
vt 0.677299 0.412865
vt 0.666754 0.463488
vt 0.672537 0.485787
vt 0.667704 0.485787
vt 0.526331 0.328660
vt 0.545999 0.321988
vt 0.545999 0.327208
vt 0.682131 0.438615
vt 0.676807 0.463488
vt 0.666262 0.438615
vt 0.671586 0.463488
vt 0.502243 0.329686
vt 0.526331 0.323440
vt 0.680689 0.485787
vt 0.681639 0.463488
vt 0.666262 0.412865
vt 0.671094 0.438615
vt 0.475376 0.330218
vt 0.502243 0.324467
vt 0.656766 0.503995
vt 0.662942 0.522203
vt 0.658110 0.522203
vt 0.666754 0.387993
vt 0.671094 0.412865
vt 0.475376 0.324998
vt 0.661598 0.503995
vt 0.667704 0.365693
vt 0.671586 0.387993
vt 0.846714 0.886455
vt 0.396814 0.364459
vt 0.422954 0.359175
vt 0.584781 0.405085
vt 0.321778 0.403059
vt 0.388036 0.405085
vt 0.559207 0.360583
vt 0.321810 0.357914
vt 0.330540 0.365841
vt 0.587354 0.495565
vt 0.364590 0.436470
vt 0.607510 0.342465
vt 0.304948 0.321109
vt 0.443691 0.323840
vt 0.421391 0.493225
vt 0.579233 0.427844
vt 0.376939 0.321988
vt 0.672537 0.365693
vt 0.499216 0.367480
vt 0.304948 0.344867
vt 0.559207 0.337970
vt 0.559207 0.314211
vt 0.558396 0.284367
vt 0.558396 0.290625
vt 0.534201 0.302007
vt 0.510007 0.284367
vt 0.510007 0.327484
vt 0.492980 0.284367
vt 0.510007 0.192171
vt 0.492980 0.192171
vt 0.510007 0.149053
vt 0.363781 0.466571
vt 0.363781 0.509684
vt 0.346756 0.466568
vt 0.363781 0.374386
vt 0.346756 0.374382
vt 0.363781 0.331273
vt 0.534201 0.174530
vt 0.558396 0.192171
vt 0.676376 0.307553
vt 0.684014 0.363695
vt 0.674427 0.364348
vt 0.554537 0.336368
vt 0.556864 0.392877
vt 0.550547 0.392921
vt 0.666792 0.308237
vt 0.666792 0.364938
vt 0.502712 0.338611
vt 0.530007 0.392910
vt 0.516364 0.392921
vt 0.370689 0.331273
vt 0.397981 0.385663
vt 0.384340 0.385676
vt 0.547053 0.534573
vt 0.542997 0.476692
vt 0.548937 0.476656
vt 0.554978 0.534565
vt 0.558396 0.185912
vt 0.684020 0.307077
vt 0.416010 0.451509
vt 0.422405 0.451525
vt 0.418332 0.508022
vt 0.444876 0.476945
vt 0.444876 0.436031
vt 0.485770 0.436052
vt 0.560919 0.534601
vt 0.556862 0.476665
vt 0.560919 0.476692
vt 0.265068 0.499242
vt 0.272313 0.482969
vt 0.285713 0.487324
vt 0.574129 0.476656
vt 0.567827 0.534568
vt 0.567827 0.476657
vt 0.584054 0.534568
vt 0.575083 0.534567
vt 0.380740 0.452684
vt 0.388513 0.451509
vt 0.384193 0.481878
vt 0.581921 0.476657
vt 0.585655 0.476657
vt 0.390989 0.484996
vt 0.394806 0.454441
vt 0.596237 0.534587
vt 0.592563 0.476725
vt 0.596237 0.476681
vt 0.603044 0.476656
vt 0.610356 0.476698
vt 0.603999 0.534563
vt 0.226848 0.505336
vt 0.209607 0.491002
vt 0.231438 0.488011
vt 0.666792 0.300170
vt 0.673317 0.254599
vt 0.673317 0.300170
vt 0.386642 0.502182
vt 0.373193 0.497986
vt 0.673317 0.149053
vt 0.666792 0.176517
vt 0.666792 0.149053
vt 0.201050 0.423313
vt 0.194526 0.515509
vt 0.194526 0.423313
vt 0.673317 0.176517
vt 0.666792 0.254599
vt 0.523749 0.216096
vt 0.523749 0.260494
vt 0.572138 0.260494
vt 0.564264 0.336302
vt 0.571264 0.392781
vt 0.563756 0.392831
vt 0.622254 0.454736
vt 0.633440 0.484013
vt 0.623752 0.485089
vt 0.401714 0.451681
vt 0.408595 0.508079
vt 0.401714 0.508213
vt 0.409113 0.451551
vt 0.411611 0.373063
vt 0.411579 0.332139
vt 0.495804 0.380343
vt 0.454877 0.339417
vt 0.495804 0.338611
vt 0.640679 0.497649
vt 0.623752 0.502685
vt 0.618026 0.491900
vt 0.543639 0.380312
vt 0.543607 0.339385
vt 0.411616 0.414800
vt 0.370689 0.393038
vt 0.411617 0.392584
vt 0.370689 0.414800
vt 0.411616 0.433047
vt 0.370689 0.433047
vt 0.454877 0.393058
vt 0.495804 0.393058
vt 0.485770 0.476988
vt 0.411616 0.444601
vt 0.370689 0.444601
vt 0.502712 0.380345
vt 0.370689 0.373104
vt 0.196441 0.416405
vt 0.159714 0.151038
vt 0.196441 0.151045
vt 0.129548 0.326164
vt 0.072222 0.349179
vt 0.072219 0.326164
vt 0.258160 0.311385
vt 0.209607 0.476062
vt 0.209607 0.311385
vt 0.374797 0.484336
vt 0.661663 0.334327
vt 0.686261 0.391656
vt 0.661663 0.391657
vt 0.661663 0.198070
vt 0.686261 0.129941
vt 0.686261 0.198070
vt 0.209607 0.168584
vt 0.383738 0.149053
vt 0.383738 0.168584
vt 0.028583 0.478392
vt 0.065311 0.326164
vt 0.065311 0.478392
vt 0.654755 0.129941
vt 0.618026 0.375479
vt 0.618026 0.129941
vt 0.050485 0.168905
vt 0.202699 0.149054
vt 0.202699 0.168905
vt 0.028583 0.414444
vt 0.050485 0.414444
vt 0.383738 0.393347
vt 0.361835 0.185396
vt 0.390646 0.149054
vt 0.413660 0.313730
vt 0.390646 0.313730
vt 0.303573 0.476062
vt 0.265068 0.311385
vt 0.303573 0.311385
vt 0.141018 0.485830
vt 0.110074 0.428502
vt 0.141018 0.428508
vt 0.609679 0.361975
vt 0.632694 0.386575
vt 0.609679 0.386575
vt 0.492678 0.493736
vt 0.517278 0.436031
vt 0.517278 0.493736
vt 0.659884 0.217182
vt 0.636869 0.149053
vt 0.659884 0.149053
vt 0.606948 0.285295
vt 0.629961 0.353421
vt 0.606948 0.353416
vt 0.346756 0.129941
vt 0.411204 0.209747
vt 0.346756 0.209747
vt 0.152806 0.302425
vt 0.028583 0.151038
vt 0.152806 0.167105
vt 0.411204 0.324365
vt 0.346756 0.324365
vt 0.536081 0.129941
vt 0.444876 0.298178
vt 0.444876 0.129941
vt 0.471641 0.429123
vt 0.536089 0.305086
vt 0.536089 0.429123
vt 0.136459 0.326164
vt 0.141598 0.407202
vt 0.136459 0.406658
vt 0.141598 0.326707
vt 0.145953 0.408749
vt 0.418981 0.331282
vt 0.423337 0.426319
vt 0.418981 0.426326
vt 0.423337 0.331275
vt 0.428475 0.426317
vt 0.428475 0.331273
vt 0.433613 0.426319
vt 0.433613 0.331275
vt 0.437968 0.426326
vt 0.661663 0.398564
vt 0.666057 0.493609
vt 0.661663 0.493608
vt 0.666057 0.398565
vt 0.671208 0.493609
vt 0.149886 0.413797
vt 0.145953 0.418846
vt 0.653028 0.388827
vt 0.639602 0.375401
vt 0.643534 0.365908
vt 0.618026 0.382387
vt 0.642625 0.430940
vt 0.618026 0.430940
vt 0.103166 0.485831
vt 0.072219 0.428502
vt 0.103166 0.428502
vt 0.618026 0.447395
vt 0.642625 0.447395
vt 0.578172 0.392921
vt 0.602772 0.361975
vt 0.602772 0.392921
vt 0.629961 0.149058
vt 0.606948 0.217174
vt 0.606948 0.149053
vt 0.629961 0.285300
vt 0.659884 0.353440
vt 0.636869 0.285311
vt 0.659884 0.285311
vt 0.209607 0.154540
vt 0.267311 0.129941
vt 0.267312 0.154540
vt 0.282144 0.154540
vt 0.686261 0.266198
vt 0.686261 0.334327
vt 0.661663 0.266198
vt 0.282144 0.129941
vt 0.339848 0.154540
vt 0.338384 0.311385
vt 0.310481 0.335985
vt 0.310481 0.311385
vt 0.267312 0.304477
vt 0.579046 0.285288
vt 0.579046 0.217167
vt 0.187618 0.491441
vt 0.159714 0.423315
vt 0.187618 0.423312
vt 0.282144 0.304477
vt 0.338384 0.335985
vt 0.310481 0.485922
vt 0.611118 0.279865
vt 0.542989 0.129941
vt 0.611118 0.129941
vt 0.600326 0.305086
vt 0.542997 0.469748
vt 0.542997 0.305086
vt 0.447969 0.320638
vt 0.390646 0.393058
vt 0.390646 0.320649
vt 0.413660 0.149053
vt 0.486072 0.313730
vt 0.129552 0.349179
vt 0.072222 0.421594
vt 0.282010 0.504748
vt 0.610356 0.534604
vt 0.233248 0.492687
vt 0.213730 0.485259
vt 0.222009 0.506647
vt 0.572138 0.216096
vt 0.571264 0.336255
vt 0.631992 0.454303
vt 0.661663 0.129941
vt 0.209607 0.149053
vt 0.028583 0.326164
vt 0.028583 0.149054
vt 0.361835 0.393347
vt 0.636869 0.217182
vt 0.028583 0.319256
vt 0.444876 0.305086
vt 0.141598 0.420393
vt 0.148864 0.411065
vt 0.647890 0.362997
vt 0.640624 0.380539
vt 0.647890 0.387805
vt 0.629961 0.217179
vt 0.636869 0.353439
vt 0.209607 0.129941
vt 0.542989 0.279865
vt 0.265068 0.476062
vt 0.338384 0.485922
vt 0.599042 0.538401
vt 0.581754 0.400101
vt 0.599042 0.400101
vt 0.581754 0.538401
vt 0.564467 0.400101
vt 0.564467 0.538401
vt 0.547179 0.400101
vt 0.547179 0.538401
vt 0.529892 0.400101
vt 0.529892 0.538401
vt 0.512605 0.400101
vt 0.512605 0.538401
vt 0.495317 0.400101
vt 0.495317 0.538401
vt 0.478030 0.400101
vt 0.478030 0.538401
vt 0.460742 0.400101
vt 0.460742 0.538401
vt 0.443455 0.400101
vt 0.443455 0.538401
vt 0.426167 0.400101
vt 0.426167 0.538401
vt 0.408880 0.400101
vt 0.408880 0.538401
vt 0.391592 0.400101
vt 0.391592 0.538401
vt 0.374305 0.400101
vt 0.374305 0.538401
vt 0.357017 0.400101
vt 0.344652 0.284011
vt 0.438533 0.284011
vt 0.438533 0.377892
vt 0.357017 0.538401
vt 0.339730 0.400101
vt 0.339730 0.538401
vt 0.322443 0.400101
vt 0.555296 0.269621
vt 0.468561 0.305548
vt 0.504488 0.392282
vt 0.930023 0.956360
vt 0.913416 0.965948
vt 0.894531 0.969277
vt 0.875647 0.965948
vt 0.846714 0.941670
vt 0.840155 0.923650
vt 0.840155 0.904474
vt 0.859040 0.871765
vt 0.875647 0.862177
vt 0.894531 0.858847
vt 0.930023 0.871765
vt 0.942349 0.886455
vt 0.948907 0.904474
vt 0.942349 0.941670
vt 0.651587 0.970105
vt 0.560316 0.360509
vt 0.587354 0.354102
vt 0.629990 0.336442
vt 0.653265 0.336442
vt 0.675745 0.342465
vt 0.330472 0.354102
vt 0.346929 0.370560
vt 0.364590 0.413197
vt 0.358566 0.458951
vt 0.346929 0.479107
vt 0.330472 0.495565
vt 0.675745 0.507202
vt 0.653265 0.513225
vt 0.607510 0.507202
vt 0.570896 0.479107
vt 0.559259 0.458951
vt 0.553236 0.436470
vt 0.553236 0.413197
vt 0.559259 0.390716
vt 0.579233 0.402095
vt 0.572568 0.452717
vt 0.559694 0.475017
vt 0.541486 0.493225
vt 0.519186 0.506099
vt 0.494314 0.512764
vt 0.443691 0.506099
vt 0.403184 0.475017
vt 0.390309 0.452717
vt 0.383644 0.427844
vt 0.383644 0.402095
vt 0.390309 0.377222
vt 0.421391 0.336715
vt 0.468564 0.317175
vt 0.494314 0.317175
vt 0.519186 0.323840
vt 0.541486 0.336714
vt 0.559694 0.354922
vt 0.662942 0.365693
vt 0.675856 0.485787
vt 0.542997 0.534601
vt 0.287740 0.496861
vt 0.272313 0.505766
vt 0.265068 0.489492
vt 0.280088 0.483326
vt 0.592563 0.534631
vt 0.232075 0.500575
vt 0.214288 0.504657
vt 0.210100 0.498961
vt 0.218191 0.482969
vt 0.225261 0.482969
vt 0.370689 0.491474
vt 0.393927 0.488544
vt 0.394806 0.495301
vt 0.390977 0.500208
vt 0.378686 0.501944
vt 0.201050 0.515509
vt 0.454877 0.380343
vt 0.640679 0.489385
vt 0.633440 0.503337
vt 0.618818 0.497693
vt 0.159714 0.416397
vt 0.258160 0.476062
vt 0.654755 0.375479
vt 0.209607 0.185396
vt 0.110074 0.485824
vt 0.632694 0.361975
vt 0.492678 0.436031
vt 0.437968 0.129941
vt 0.536081 0.298178
vt 0.145954 0.328255
vt 0.437968 0.331282
vt 0.671208 0.398565
vt 0.136459 0.420937
vt 0.148864 0.416529
vt 0.653028 0.361975
vt 0.643534 0.384895
vt 0.640624 0.370264
vt 0.642625 0.382387
vt 0.072219 0.485831
vt 0.578172 0.361975
vt 0.339848 0.129941
vt 0.159714 0.491443
vt 0.339848 0.304477
vt 0.600326 0.469749
vt 0.447969 0.393047
vt 0.486072 0.149054
vt 0.129552 0.421594
vt 0.416996 0.392282
vt 0.391592 0.397335
vt 0.366188 0.392282
vt 0.344652 0.377892
vt 0.330262 0.356356
vt 0.325209 0.330952
vt 0.330262 0.305548
vt 0.366188 0.269621
vt 0.391592 0.264568
vt 0.416996 0.269621
vt 0.452923 0.305548
vt 0.457976 0.330952
vt 0.452923 0.356356
vt 0.322443 0.538401
vt 0.529892 0.397335
vt 0.555296 0.392282
vt 0.576833 0.377892
vt 0.591223 0.356356
vt 0.596276 0.330952
vt 0.591223 0.305548
vt 0.576833 0.284011
vt 0.529892 0.264568
vt 0.504488 0.269621
vt 0.482951 0.284011
vt 0.463508 0.330952
vt 0.468561 0.356356
vt 0.482951 0.377892
s 1
usemtl mat_bottom
f 3144/3133/1114 3145/3134/1115 3143/3135/1114
f 3146/3136/1115 3147/3137/1116 3145/3134/1115
f 3148/3138/1117 3149/3139/1118 3147/3137/1116
f 3150/3140/1118 3151/3141/1119 3149/3139/1118
f 3152/3142/1119 3153/3143/1120 3151/3141/1119
f 3154/3144/1121 3155/3145/1122 3153/3143/1120
f 3156/3146/1122 3157/3147/1123 3155/3145/1122
f 3158/3148/1123 3159/3149/1124 3157/3147/1123
f 3160/3150/1124 3161/3151/1125 3159/3149/1124
f 3162/3152/1125 3163/3153/1126 3161/3151/1125
f 3164/3154/1126 3165/3155/1127 3163/3153/1126
f 3166/3156/1127 3167/3157/1128 3165/3155/1127
f 3168/3158/1128 3169/3159/1129 3167/3157/1128
f 3170/3160/1130 3171/3161/1131 3169/3159/1129
f 3172/3162/1131 3173/3163/1132 3171/3161/1131
f 3174/3164/1132 3175/3165/1133 3173/3163/1132
f 3176/3166/1134 3160/3167/1134 3152/3168/1134
f 3176/3169/1135 3177/3170/1136 3175/3165/1133
f 3178/3171/1136 3143/3172/1114 3177/3170/1136
f 3179/3173/1137 3182/3174/1138 3181/3175/1138
f 3182/3174/1138 3183/3176/1139 3181/3175/1138
f 3184/3177/1139 3185/3178/1140 3183/3176/1139
f 3186/3179/1140 3187/3180/1141 3185/3181/1140
f 3187/3180/1141 3190/3182/1142 3189/3183/1142
f 3189/3183/1142 3192/3184/1143 3191/3185/1143
f 3192/3184/1143 3193/3186/1144 3191/3185/1143
f 3194/3187/1144 3195/3188/1145 3193/3186/1144
f 3196/3189/1145 3197/3190/1146 3195/3191/1145
f 3197/3190/1146 3200/3192/1147 3199/3193/1147
f 3199/3193/1147 3202/3194/1148 3201/3195/1148
f 3202/3194/1148 3203/3196/1149 3201/3195/1148
f 3203/3196/1149 3206/3197/1150 3205/3198/1150
f 3206/3197/1150 3207/3199/1151 3205/3198/1150
f 3207/3199/1151 3210/3200/1152 3209/3201/1152
f 3209/3202/1152 3212/3203/1153 3211/3204/1153
f 3211/3204/1153 3214/3205/1154 3213/3206/1154
f 3213/3206/1154 3216/3207/1155 3215/3208/1155
f 3216/3207/1155 3217/3209/1156 3215/3208/1155
f 3217/3209/1156 3220/3210/1157 3219/3211/1157
f 3219/3211/1157 3222/3212/1158 3221/3213/1158
f 3222/3214/1158 3223/3215/1159 3221/3216/1158
f 3192/3217/1160 3232/3218/1160 3233/3219/1160
f 3223/3215/1159 3226/3220/1161 3225/3221/1161
f 3226/3220/1161 3179/3173/1137 3225/3221/1161
f 3223/3222/1160 3296/3223/1160 3221/3224/1160
f 3246/3225/1162 3271/3226/1132 3247/3227/1132
f 3200/3228/1160 3238/3229/1160 3202/3230/1160
f 3210/3231/1160 3243/3232/1160 3212/3233/1160
f 3222/3234/1160 3247/3235/1160 3248/3236/1160
f 3186/3237/1160 3231/3238/1160 3188/3239/1160
f 3196/3240/1160 3236/3241/1160 3198/3242/1160
f 3208/3243/1160 3240/3244/1160 3241/3245/1160
f 3216/3246/1160 3246/3247/1160 3218/3248/1160
f 3180/3249/1160 3250/3250/1160 3228/3251/1160
f 3182/3252/1160 3229/3253/1160 3184/3254/1160
f 3192/3217/1160 3234/3255/1160 3194/3256/1160
f 3204/3257/1160 3238/3229/1160 3239/3258/1160
f 3212/3233/1160 3244/3259/1160 3214/3260/1160
f 3222/3234/1160 3249/3261/1160 3224/3262/1160
f 3188/3239/1160 3232/3218/1160 3190/3263/1160
f 3198/3242/1160 3237/3264/1160 3200/3228/1160
f 3210/3231/1160 3241/3245/1160 3242/3265/1160
f 3218/3248/1160 3247/3235/1160 3220/3266/1160
f 3184/3254/1160 3230/3267/1160 3186/3237/1160
f 3196/3240/1160 3234/3255/1160 3235/3268/1160
f 3180/3249/1160 3227/3269/1160 3182/3252/1160
f 3204/3257/1160 3240/3244/1160 3206/3270/1160
f 3214/3260/1160 3245/3271/1160 3216/3246/1160
f 3226/3272/1160 3249/3261/1160 3250/3250/1160
f 3269/3273/1134 3261/3274/1134 3253/3275/1134
f 3239/3276/1125 3264/3277/1163 3240/3278/1163
f 3232/3279/1164 3257/3280/1165 3233/3281/1165
f 3248/3282/1166 3271/3226/1132 3272/3283/1166
f 3240/3278/1163 3265/3284/1167 3241/3285/1167
f 3233/3281/1165 3258/3286/1168 3234/3287/1168
f 3248/3282/1166 3273/3288/1169 3249/3289/1169
f 3241/3285/1167 3266/3290/1170 3242/3291/1170
f 3234/3287/1168 3259/3292/1122 3235/3293/1122
f 3249/3294/1169 3274/3295/1171 3250/3296/1171
f 3228/3297/1114 3251/3298/1172 3227/3299/1172
f 3242/3300/1170 3267/3301/1128 3243/3302/1128
f 3235/3303/1122 3260/3304/1173 3236/3305/1173
f 3250/3296/1171 3252/3306/1114 3228/3297/1114
f 3227/3299/1172 3253/3307/1174 3229/3308/1174
f 3243/3302/1128 3268/3309/1175 3244/3310/1175
f 3236/3305/1173 3261/3311/1176 3237/3312/1176
f 3230/3313/1177 3253/3307/1174 3254/3314/1177
f 3244/3310/1175 3269/3315/1178 3245/3316/1178
f 3237/3312/1176 3262/3317/1179 3238/3318/1179
f 3230/3319/1177 3255/3320/1118 3231/3321/1118
f 3245/3316/1178 3270/3322/1162 3246/3225/1162
f 3238/3318/1179 3263/3323/1125 3239/3276/1125
f 3231/3321/1118 3256/3324/1164 3232/3279/1164
f 3283/3325/1132 3306/3326/1180 3282/3327/1162
f 3189/3328/1160 3279/3329/1160 3187/3330/1160
f 3199/3331/1160 3284/3332/1160 3197/3333/1160
f 3207/3334/1160 3290/3335/1160 3289/3336/1160
f 3217/3337/1160 3295/3338/1160 3294/3339/1160
f 3185/3340/1160 3277/3341/1160 3183/3342/1160
f 3195/3343/1160 3282/3344/1160 3193/3345/1160
f 3181/3346/1160 3275/3347/1160 3179/3348/1160
f 3203/3349/1160 3288/3350/1160 3287/3351/1160
f 3213/3352/1160 3293/3353/1160 3292/3354/1160
f 3225/3355/1160 3297/3356/1160 3223/3222/1160
f 3191/3357/1160 3280/3358/1160 3189/3328/1160
f 3201/3359/1160 3285/3360/1160 3199/3331/1160
f 3209/3361/1160 3291/3362/1160 3290/3335/1160
f 3219/3363/1160 3296/3223/1160 3295/3338/1160
f 3187/3330/1160 3278/3364/1160 3185/3340/1160
f 3197/3333/1160 3283/3365/1160 3195/3343/1160
f 3205/3366/1160 3289/3336/1160 3288/3350/1160
f 3215/3367/1160 3294/3339/1160 3293/3353/1160
f 3225/3355/1160 3275/3347/1160 3298/3368/1160
f 3183/3342/1160 3276/3369/1160 3181/3346/1160
f 3193/3345/1160 3281/3370/1160 3191/3357/1160
f 3203/3349/1160 3286/3371/1160 3201/3359/1160
f 3211/3372/1160 3292/3354/1160 3291/3362/1160
f 3306/3373/1180 3314/3374/1181 3322/3375/1182
f 3298/3376/1179 3321/3377/1183 3297/3378/1176
f 3276/3379/1163 3299/3380/1184 3275/3381/1125
f 3291/3382/1118 3314/3383/1181 3290/3384/1177
f 3284/3385/1166 3307/3386/1185 3283/3325/1132
f 3275/3381/1125 3322/3387/1182 3298/3376/1179
f 3277/3388/1167 3300/3389/1186 3276/3379/1163
f 3292/3390/1164 3315/3391/1187 3291/3382/1118
f 3285/3392/1169 3308/3393/1188 3284/3385/1166
f 3278/3394/1170 3301/3395/1189 3277/3388/1167
f 3292/3390/1164 3317/3396/1190 3316/3397/1191
f 3286/3398/1171 3309/3399/1192 3285/3400/1169
f 3279/3401/1128 3302/3402/1193 3278/3403/1170
f 3293/3404/1165 3318/3405/1194 3317/3396/1190
f 3287/3406/1114 3310/3407/1195 3286/3398/1171
f 3280/3408/1175 3303/3409/1196 3279/3401/1128
f 3295/3410/1122 3318/3405/1194 3294/3411/1168
f 3288/3412/1172 3311/3413/1197 3287/3406/1114
f 3281/3414/1178 3304/3415/1198 3280/3408/1175
f 3296/3416/1173 3319/3417/1199 3295/3418/1122
f 3289/3419/1174 3312/3420/1200 3288/3412/1172
f 3282/3327/1162 3305/3421/1201 3281/3414/1178
f 3297/3378/1176 3320/3422/1202 3296/3416/1173
f 3290/3423/1177 3313/3424/1203 3289/3419/1174
f 3145/3134/1115 3323/3133/1114 3143/3135/1114
f 3147/3137/1116 3324/3136/1115 3145/3134/1115
f 3149/3139/1118 3325/3138/1117 3147/3137/1116
f 3151/3141/1119 3326/3140/1118 3149/3139/1118
f 3153/3143/1120 3327/3142/1119 3151/3141/1119
f 3155/3145/1122 3328/3144/1121 3153/3143/1120
f 3157/3147/1123 3329/3146/1122 3155/3145/1122
f 3159/3149/1124 3330/3148/1123 3157/3147/1123
f 3161/3151/1125 3331/3150/1124 3159/3149/1124
f 3163/3153/1126 3332/3152/1125 3161/3151/1125
f 3165/3155/1127 3333/3154/1126 3163/3153/1126
f 3167/3157/1128 3334/3156/1127 3165/3155/1127
f 3169/3159/1129 3335/3158/1128 3167/3157/1128
f 3171/3161/1131 3336/3160/1130 3169/3159/1129
f 3173/3163/1132 3337/3162/1131 3171/3161/1131
f 3175/3165/1133 3338/3164/1132 3173/3163/1132
f 3327/3168/1160 3335/3425/1160 3339/3166/1160
f 3177/3170/1136 3339/3169/1135 3175/3165/1133
f 3143/3172/1114 3340/3171/1136 3177/3170/1136
f 3341/3173/1204 3344/3174/1205 3342/3426/1204
f 3345/3176/1206 3344/3174/1205 3343/3175/1205
f 3347/3178/1207 3346/3177/1206 3345/3176/1206
f 3349/3180/1208 3348/3179/1207 3347/3181/1207
f 3351/3183/1209 3350/3427/1208 3349/3180/1208
f 3351/3183/1209 3354/3184/1210 3352/3182/1209
f 3355/3186/1211 3354/3184/1210 3353/3185/1210
f 3357/3188/1212 3356/3187/1211 3355/3186/1211
f 3357/3191/1212 3360/3428/1213 3358/3189/1212
f 3361/3193/1214 3360/3428/1213 3359/3190/1213
f 3361/3193/1214 3364/3194/1215 3362/3192/1214
f 3365/3196/1216 3364/3194/1215 3363/3195/1215
f 3367/3198/1217 3366/3429/1216 3365/3196/1216
f 3367/3198/1217 3370/3430/1218 3368/3197/1217
f 3369/3199/1218 3372/3200/1219 3370/3430/1218
f 3371/3202/1219 3374/3203/1220 3372/3431/1219
f 3375/3206/1221 3374/3203/1220 3373/3204/1220
f 3377/3208/1222 3376/3205/1221 3375/3206/1221
f 3379/3209/1223 3378/3207/1222 3377/3208/1222
f 3381/3211/1224 3380/3432/1223 3379/3209/1223
f 3381/3211/1224 3384/3212/1225 3382/3210/1224
f 3385/3215/1226 3384/3214/1225 3383/3216/1225
f 3354/3217/1134 3394/3218/1134 3352/3263/1134
f 3385/3215/1226 3388/3220/1227 3386/3433/1226
f 3341/3173/1204 3388/3220/1227 3387/3221/1227
f 3383/3224/1134 3459/3356/1134 3385/3222/1134
f 3433/3226/1132 3408/3225/1162 3409/3227/1132
f 3400/3229/1134 3362/3228/1134 3364/3230/1134
f 3405/3232/1134 3372/3231/1134 3374/3233/1134
f 3384/3234/1134 3409/3235/1134 3382/3266/1134
f 3393/3238/1134 3348/3237/1134 3350/3239/1134
f 3398/3241/1134 3358/3240/1134 3360/3242/1134
f 3370/3243/1134 3402/3244/1134 3368/3270/1134
f 3380/3248/1134 3407/3271/1134 3378/3246/1134
f 3342/3249/1134 3412/3250/1134 3388/3272/1134
f 3391/3253/1134 3344/3252/1134 3346/3254/1134
f 3396/3255/1134 3354/3217/1134 3356/3256/1134
f 3401/3258/1134 3364/3230/1134 3366/3257/1134
f 3406/3259/1134 3374/3233/1134 3376/3260/1134
f 3411/3261/1134 3384/3234/1134 3386/3262/1134
f 3352/3263/1134 3393/3238/1134 3350/3239/1134
f 3399/3264/1134 3360/3242/1134 3362/3228/1134
f 3372/3231/1134 3403/3245/1134 3370/3243/1134
f 3409/3235/1134 3380/3248/1134 3382/3266/1134
f 3392/3267/1134 3346/3254/1134 3348/3237/1134
f 3358/3240/1134 3396/3255/1134 3356/3256/1134
f 3389/3269/1134 3342/3249/1134 3344/3252/1134
f 3368/3270/1134 3401/3258/1134 3366/3257/1134
f 3407/3271/1134 3376/3260/1134 3378/3246/1134
f 3412/3250/1134 3386/3262/1134 3388/3272/1134
f 3421/3434/1160 3429/3435/1160 3414/3436/1160
f 3426/3277/1163 3401/3276/1125 3402/3278/1163
f 3419/3280/1165 3394/3279/1164 3395/3281/1165
f 3410/3282/1166 3433/3226/1132 3409/3227/1132
f 3427/3284/1167 3402/3278/1163 3403/3285/1167
f 3420/3286/1168 3395/3281/1165 3396/3287/1168
f 3411/3289/1169 3434/3283/1166 3410/3282/1166
f 3404/3291/1170 3427/3284/1167 3403/3285/1167
f 3421/3292/1122 3396/3287/1168 3397/3293/1122
f 3412/3296/1171 3435/3437/1169 3411/3294/1169
f 3413/3298/1172 3390/3297/1114 3389/3299/1172
f 3429/3301/1128 3404/3300/1170 3405/3302/1128
f 3422/3304/1173 3397/3303/1122 3398/3305/1173
f 3414/3306/1114 3412/3296/1171 3390/3297/1114
f 3391/3308/1174 3413/3298/1172 3389/3299/1172
f 3430/3309/1175 3405/3302/1128 3406/3310/1175
f 3399/3312/1176 3422/3304/1173 3398/3305/1173
f 3416/3314/1177 3391/3308/1174 3392/3313/1177
f 3431/3315/1178 3406/3310/1175 3407/3316/1178
f 3424/3317/1179 3399/3312/1176 3400/3318/1179
f 3417/3320/1118 3392/3319/1177 3393/3321/1118
f 3432/3322/1162 3407/3316/1178 3408/3225/1162
f 3425/3323/1125 3400/3318/1179 3401/3276/1125
f 3418/3324/1164 3393/3321/1118 3394/3279/1164
f 3468/3326/1228 3445/3325/1132 3444/3327/1162
f 3441/3329/1134 3351/3328/1134 3349/3330/1134
f 3446/3332/1134 3361/3331/1134 3359/3333/1134
f 3369/3334/1134 3452/3335/1134 3371/3361/1134
f 3379/3337/1134 3457/3338/1134 3381/3363/1134
f 3439/3341/1134 3347/3340/1134 3345/3342/1134
f 3444/3344/1134 3357/3343/1134 3355/3345/1134
f 3437/3347/1134 3343/3346/1134 3341/3348/1134
f 3449/3351/1134 3367/3366/1134 3365/3349/1134
f 3375/3352/1134 3455/3353/1134 3377/3367/1134
f 3459/3356/1134 3387/3355/1134 3385/3222/1134
f 3442/3358/1134 3353/3357/1134 3351/3328/1134
f 3447/3360/1134 3363/3359/1134 3361/3331/1134
f 3371/3361/1134 3453/3362/1134 3373/3372/1134
f 3381/3363/1134 3458/3223/1134 3383/3224/1134
f 3440/3364/1134 3349/3330/1134 3347/3340/1134
f 3445/3365/1134 3359/3333/1134 3357/3343/1134
f 3367/3366/1134 3451/3336/1134 3369/3334/1134
f 3377/3367/1134 3456/3339/1134 3379/3337/1134
f 3460/3368/1134 3341/3348/1134 3387/3355/1134
f 3438/3369/1134 3345/3342/1134 3343/3346/1134
f 3443/3370/1134 3355/3345/1134 3353/3357/1134
f 3363/3359/1134 3449/3351/1134 3365/3349/1134
f 3373/3372/1134 3454/3354/1134 3375/3352/1134
f 3478/3438/1229 3470/3439/1230 3462/3440/1231
f 3483/3377/1232 3460/3376/1179 3459/3378/1176
f 3461/3380/1233 3438/3379/1163 3437/3381/1125
f 3476/3383/1234 3453/3382/1118 3452/3384/1177
f 3469/3386/1235 3446/3385/1166 3445/3325/1132
f 3484/3387/1236 3437/3381/1125 3460/3376/1179
f 3462/3389/1231 3439/3388/1167 3438/3379/1163
f 3477/3391/1237 3454/3390/1164 3453/3382/1118
f 3446/3385/1166 3471/3441/1238 3447/3392/1169
f 3463/3395/1239 3440/3394/1170 3439/3388/1167
f 3454/3390/1164 3479/3396/1240 3455/3404/1165
f 3471/3399/1238 3448/3398/1171 3447/3400/1169
f 3464/3402/1241 3441/3401/1128 3440/3403/1170
f 3479/3396/1240 3456/3411/1168 3455/3404/1165
f 3472/3407/1242 3449/3406/1114 3448/3398/1171
f 3465/3409/1243 3442/3408/1175 3441/3401/1128
f 3480/3405/1244 3457/3410/1122 3456/3411/1168
f 3473/3413/1245 3450/3412/1172 3449/3406/1114
f 3466/3415/1246 3443/3414/1178 3442/3408/1175
f 3481/3417/1247 3458/3416/1173 3457/3418/1122
f 3474/3420/1248 3451/3419/1174 3450/3412/1172
f 3467/3421/1249 3444/3327/1162 3443/3414/1178
f 3482/3422/1250 3459/3378/1176 3458/3416/1173
f 3451/3419/1174 3476/3442/1234 3452/3423/1177
f 3487/3134/1124 3486/3133/1125 3485/3135/1125
f 3489/3137/1123 3488/3136/1124 3487/3134/1124
f 3491/3139/1122 3490/3138/1123 3489/3137/1123
f 3493/3141/1120 3492/3140/1122 3491/3139/1122
f 3495/3143/1119 3494/3142/1120 3493/3141/1120
f 3497/3145/1118 3496/3144/1119 3495/3143/1119
f 3499/3147/1117 3498/3146/1118 3497/3145/1118
f 3501/3149/1115 3500/3148/1117 3499/3147/1117
f 3503/3151/1114 3502/3150/1115 3501/3149/1115
f 3505/3153/1136 3504/3152/1114 3503/3151/1114
f 3507/3155/1133 3506/3154/1136 3505/3153/1136
f 3509/3157/1132 3508/3156/1133 3507/3155/1133
f 3511/3159/1131 3510/3158/1132 3509/3157/1132
f 3513/3161/1130 3512/3160/1251 3511/3159/1131
f 3513/3161/1130 3516/3164/1128 3514/3162/1130
f 3517/3165/1127 3516/3164/1128 3515/3163/1128
f 3494/3168/1134 3510/3425/1134 3518/3166/1134
f 3519/3170/1126 3518/3169/1127 3517/3165/1127
f 3485/3172/1125 3520/3171/1126 3519/3170/1126
f 3523/3175/1148 3522/3426/1149 3521/3173/1149
f 3525/3176/1147 3524/3174/1148 3523/3175/1148
f 3525/3176/1147 3528/3443/1146 3526/3177/1147
f 3527/3181/1146 3530/3427/1145 3528/3179/1146
f 3531/3183/1144 3530/3427/1145 3529/3180/1145
f 3531/3183/1144 3534/3184/1143 3532/3182/1144
f 3533/3185/1143 3536/3187/1142 3534/3184/1143
f 3537/3188/1141 3536/3187/1142 3535/3186/1142
f 3537/3191/1141 3540/3428/1140 3538/3189/1141
f 3539/3190/1140 3542/3192/1139 3540/3428/1140
f 3543/3195/1138 3542/3192/1139 3541/3193/1139
f 3543/3195/1138 3546/3429/1137 3544/3194/1138
f 3545/3196/1137 3548/3197/1161 3546/3429/1137
f 3547/3198/1161 3550/3430/1159 3548/3197/1161
f 3549/3199/1159 3552/3200/1158 3550/3430/1159
f 3553/3204/1157 3552/3431/1158 3551/3202/1158
f 3555/3206/1156 3554/3203/1157 3553/3204/1157
f 3557/3208/1155 3556/3205/1156 3555/3206/1156
f 3557/3208/1155 3560/3432/1154 3558/3207/1155
f 3561/3211/1153 3560/3432/1154 3559/3209/1154
f 3561/3211/1153 3564/3212/1152 3562/3210/1153
f 3563/3216/1152 3566/3433/1151 3564/3214/1152
f 3534/3217/1160 3574/3218/1160 3532/3263/1160
f 3567/3221/1150 3566/3433/1151 3565/3215/1151
f 3567/3221/1150 3522/3426/1149 3568/3220/1150
f 3563/3224/1160 3639/3356/1160 3565/3222/1160
f 3613/3226/1128 3588/3225/1175 3589/3227/1128
f 3580/3229/1160 3542/3228/1160 3544/3230/1160
f 3554/3233/1160 3584/3265/1160 3552/3231/1160
f 3590/3236/1160 3562/3266/1160 3564/3234/1160
f 3530/3239/1160 3572/3267/1160 3528/3237/1160
f 3578/3241/1160 3538/3240/1160 3540/3242/1160
f 3550/3243/1160 3582/3244/1160 3548/3270/1160
f 3560/3248/1160 3587/3271/1160 3558/3246/1160
f 3570/3251/1160 3568/3272/1160 3522/3249/1160
f 3526/3254/1160 3569/3269/1160 3524/3252/1160
f 3576/3255/1160 3534/3217/1160 3536/3256/1160
f 3581/3258/1160 3544/3230/1160 3546/3257/1160
f 3556/3260/1160 3585/3232/1160 3554/3233/1160
f 3591/3261/1160 3564/3234/1160 3566/3262/1160
f 3532/3263/1160 3573/3238/1160 3530/3239/1160
f 3579/3264/1160 3540/3242/1160 3542/3228/1160
f 3552/3231/1160 3583/3245/1160 3550/3243/1160
f 3589/3235/1160 3560/3248/1160 3562/3266/1160
f 3572/3267/1160 3526/3254/1160 3528/3237/1160
f 3577/3268/1160 3536/3256/1160 3538/3240/1160
f 3524/3252/1160 3570/3251/1160 3522/3249/1160
f 3582/3244/1160 3546/3257/1160 3548/3270/1160
f 3587/3271/1160 3556/3260/1160 3558/3246/1160
f 3592/3250/1160 3566/3262/1160 3568/3272/1160
f 3601/3434/1134 3609/3435/1134 3594/3436/1134
f 3606/3277/1171 3581/3276/1114 3582/3278/1171
f 3599/3280/1165 3574/3279/1168 3575/3281/1165
f 3614/3283/1170 3589/3227/1128 3590/3282/1170
f 3607/3284/1169 3582/3278/1171 3583/3285/1169
f 3600/3286/1164 3575/3281/1165 3576/3287/1164
f 3615/3288/1167 3590/3282/1170 3591/3289/1167
f 3608/3290/1166 3583/3285/1169 3584/3291/1166
f 3601/3292/1118 3576/3287/1164 3577/3293/1118
f 3616/3295/1163 3591/3294/1167 3592/3296/1163
f 3593/3298/1179 3570/3297/1125 3569/3299/1179
f 3609/3301/1132 3584/3300/1166 3585/3302/1132
f 3602/3304/1177 3577/3303/1118 3578/3305/1177
f 3594/3306/1125 3592/3296/1163 3570/3297/1125
f 3595/3307/1176 3569/3299/1179 3571/3308/1176
f 3610/3309/1162 3585/3302/1132 3586/3310/1162
f 3603/3311/1174 3578/3305/1177 3579/3312/1174
f 3572/3313/1173 3595/3307/1176 3571/3308/1176
f 3611/3315/1178 3586/3310/1162 3587/3316/1178
f 3604/3317/1172 3579/3312/1174 3580/3318/1172
f 3597/3320/1122 3572/3319/1173 3573/3321/1122
f 3612/3322/1175 3587/3316/1178 3588/3225/1175
f 3605/3323/1114 3580/3318/1172 3581/3276/1114
f 3598/3324/1168 3573/3321/1122 3574/3279/1168
f 3648/3326/1198 3625/3325/1128 3624/3327/1175
f 3529/3330/1160 3622/3358/1160 3531/3328/1160
f 3626/3332/1160 3541/3331/1160 3539/3333/1160
f 3549/3334/1160 3632/3335/1160 3551/3361/1160
f 3636/3339/1160 3561/3363/1160 3559/3337/1160
f 3619/3341/1160 3527/3340/1160 3525/3342/1160
f 3624/3344/1160 3537/3343/1160 3535/3345/1160
f 3521/3348/1160 3618/3369/1160 3523/3346/1160
f 3545/3349/1160 3630/3350/1160 3547/3366/1160
f 3555/3352/1160 3635/3353/1160 3557/3367/1160
f 3565/3222/1160 3640/3368/1160 3567/3355/1160
f 3531/3328/1160 3623/3370/1160 3533/3357/1160
f 3541/3331/1160 3628/3371/1160 3543/3359/1160
f 3551/3361/1160 3633/3362/1160 3553/3372/1160
f 3561/3363/1160 3638/3223/1160 3563/3224/1160
f 3620/3364/1160 3529/3330/1160 3527/3340/1160
f 3625/3365/1160 3539/3333/1160 3537/3343/1160
f 3630/3350/1160 3549/3334/1160 3547/3366/1160
f 3635/3353/1160 3559/3337/1160 3557/3367/1160
f 3640/3368/1160 3521/3348/1160 3567/3355/1160
f 3618/3369/1160 3525/3342/1160 3523/3346/1160
f 3623/3370/1160 3535/3345/1160 3533/3357/1160
f 3628/3371/1160 3545/3349/1160 3543/3359/1160
f 3553/3372/1160 3634/3354/1160 3555/3352/1160
f 3658/3438/1252 3650/3439/1193 3642/3440/1253
f 3663/3377/1203 3640/3376/1172 3639/3378/1174
f 3641/3380/1197 3618/3379/1171 3617/3381/1114
f 3656/3383/1202 3633/3382/1122 3632/3384/1173
f 3649/3386/1196 3626/3385/1170 3625/3325/1128
f 3664/3387/1200 3617/3381/1114 3640/3376/1172
f 3642/3389/1253 3619/3388/1169 3618/3379/1171
f 3657/3391/1199 3634/3390/1168 3633/3382/1122
f 3650/3393/1193 3627/3392/1167 3626/3385/1170
f 3643/3395/1192 3620/3394/1166 3619/3388/1169
f 3658/3397/1252 3635/3404/1165 3634/3390/1168
f 3651/3399/1189 3628/3398/1163 3627/3400/1167
f 3644/3402/1188 3621/3401/1132 3620/3403/1166
f 3635/3404/1165 3660/3405/1191 3636/3411/1164
f 3652/3407/1186 3629/3406/1125 3628/3398/1163
f 3645/3409/1185 3622/3408/1162 3621/3401/1132
f 3660/3405/1191 3637/3410/1118 3636/3411/1164
f 3653/3413/1184 3630/3412/1179 3629/3406/1125
f 3622/3408/1162 3647/3421/1201 3623/3414/1178
f 3661/3417/1187 3638/3416/1177 3637/3418/1118
f 3654/3420/1254 3631/3419/1176 3630/3412/1179
f 3647/3421/1201 3624/3327/1175 3623/3414/1178
f 3662/3422/1181 3639/3378/1174 3638/3416/1177
f 3655/3424/1183 3632/3423/1173 3631/3419/1176
f 3665/3133/1125 3487/3134/1124 3485/3135/1125
f 3666/3136/1124 3489/3137/1123 3487/3134/1124
f 3667/3138/1123 3491/3139/1122 3489/3137/1123
f 3668/3140/1122 3493/3141/1120 3491/3139/1122
f 3669/3142/1121 3495/3143/1119 3493/3141/1120
f 3670/3144/1119 3497/3145/1118 3495/3143/1119
f 3671/3146/1118 3499/3147/1117 3497/3145/1118
f 3672/3148/1116 3501/3149/1115 3499/3147/1117
f 3673/3150/1115 3503/3151/1114 3501/3149/1115
f 3674/3152/1114 3505/3153/1136 3503/3151/1114
f 3675/3154/1136 3507/3155/1133 3505/3153/1136
f 3676/3156/1133 3509/3157/1132 3507/3155/1133
f 3677/3158/1132 3511/3159/1131 3509/3157/1132
f 3678/3160/1131 3513/3161/1130 3511/3159/1131
f 3679/3162/1130 3515/3163/1128 3513/3161/1130
f 3680/3164/1128 3517/3165/1127 3515/3163/1128
f 3681/3166/1160 3673/3167/1160 3669/3168/1160
f 3681/3169/1255 3519/3170/1126 3517/3165/1127
f 3682/3171/1126 3485/3172/1125 3519/3170/1126
f 3684/3426/1216 3685/3175/1215 3683/3173/1216
f 3686/3174/1215 3687/3176/1214 3685/3175/1215
f 3687/3176/1214 3690/3443/1213 3689/3178/1213
f 3689/3181/1213 3692/3427/1212 3691/3180/1212
f 3691/3180/1212 3694/3182/1211 3693/3183/1211
f 3693/3183/1211 3696/3184/1210 3695/3185/1210
f 3695/3185/1210 3698/3187/1209 3697/3186/1209
f 3698/3187/1209 3699/3188/1208 3697/3186/1209
f 3700/3189/1208 3701/3190/1207 3699/3191/1208
f 3702/3428/1207 3703/3193/1206 3701/3190/1207
f 3704/3192/1206 3705/3195/1205 3703/3193/1206
f 3705/3195/1205 3708/3429/1204 3707/3196/1204
f 3708/3429/1204 3709/3198/1227 3707/3196/1204
f 3709/3198/1227 3712/3430/1226 3711/3199/1226
f 3712/3430/1226 3713/3201/1225 3711/3199/1226
f 3714/3431/1225 3715/3204/1224 3713/3202/1225
f 3715/3204/1224 3718/3205/1223 3717/3206/1223
f 3717/3206/1223 3720/3207/1222 3719/3208/1222
f 3720/3207/1222 3721/3209/1221 3719/3208/1222
f 3721/3209/1221 3724/3210/1220 3723/3211/1220
f 3724/3210/1220 3725/3213/1219 3723/3211/1220
f 3726/3214/1219 3727/3215/1218 3725/3216/1219
f 3694/3263/1134 3737/3219/1134 3696/3217/1134
f 3728/3433/1218 3729/3221/1217 3727/3215/1218
f 3730/3220/1217 3683/3173/1216 3729/3221/1217
f 3725/3224/1134 3801/3356/1134 3800/3223/1134
f 3750/3225/1175 3775/3226/1128 3751/3227/1128
f 3704/3228/1134 3742/3229/1134 3706/3230/1134
f 3716/3233/1134 3746/3265/1134 3747/3232/1134
f 3724/3266/1134 3752/3236/1134 3726/3234/1134
f 3692/3239/1134 3734/3267/1134 3735/3238/1134
f 3700/3240/1134 3740/3241/1134 3702/3242/1134
f 3712/3243/1134 3744/3244/1134 3745/3245/1134
f 3722/3248/1134 3749/3271/1134 3750/3247/1134
f 3730/3272/1134 3732/3251/1134 3684/3249/1134
f 3688/3254/1134 3731/3269/1134 3733/3253/1134
f 3698/3256/1134 3737/3219/1134 3738/3255/1134
f 3706/3230/1134 3743/3258/1134 3708/3257/1134
f 3718/3260/1134 3747/3232/1134 3748/3259/1134
f 3726/3234/1134 3753/3261/1134 3728/3262/1134
f 3694/3263/1134 3735/3238/1134 3736/3218/1134
f 3702/3242/1134 3741/3264/1134 3704/3228/1134
f 3714/3231/1134 3745/3245/1134 3746/3265/1134
f 3722/3248/1134 3751/3235/1134 3724/3266/1134
f 3688/3254/1134 3734/3267/1134 3690/3237/1134
f 3698/3256/1134 3739/3268/1134 3700/3240/1134
f 3686/3252/1134 3732/3251/1134 3731/3269/1134
f 3710/3270/1134 3743/3258/1134 3744/3244/1134
f 3718/3260/1134 3749/3271/1134 3720/3246/1134
f 3728/3262/1134 3754/3250/1134 3730/3272/1134
f 3773/3273/1160 3765/3274/1160 3757/3275/1160
f 3743/3276/1114 3768/3277/1171 3744/3278/1171
f 3736/3279/1168 3761/3280/1165 3737/3281/1165
f 3751/3227/1128 3776/3283/1170 3752/3282/1170
f 3744/3278/1171 3769/3284/1169 3745/3285/1169
f 3737/3281/1165 3762/3286/1164 3738/3287/1164
f 3752/3282/1170 3777/3288/1167 3753/3289/1167
f 3746/3291/1166 3769/3284/1169 3770/3290/1166
f 3738/3287/1164 3763/3292/1118 3739/3293/1118
f 3754/3296/1163 3777/3437/1167 3778/3295/1163
f 3732/3297/1125 3755/3298/1179 3731/3299/1179
f 3747/3302/1132 3770/3444/1166 3771/3301/1132
f 3740/3305/1177 3763/3445/1118 3764/3304/1177
f 3754/3296/1163 3756/3306/1125 3732/3297/1125
f 3733/3308/1176 3755/3298/1179 3757/3307/1176
f 3747/3302/1132 3772/3309/1162 3748/3310/1162
f 3741/3312/1174 3764/3304/1177 3765/3311/1174
f 3734/3313/1173 3757/3307/1176 3758/3314/1173
f 3748/3310/1162 3773/3315/1178 3749/3316/1178
f 3741/3312/1174 3766/3317/1172 3742/3318/1172
f 3735/3321/1122 3758/3446/1173 3759/3320/1122
f 3749/3316/1178 3774/3322/1175 3750/3225/1175
f 3742/3318/1172 3767/3323/1114 3743/3276/1114
f 3735/3321/1122 3760/3324/1168 3736/3279/1168
f 3787/3325/1128 3810/3326/1246 3786/3327/1175
f 3693/3328/1134 3783/3329/1134 3691/3330/1134
f 3703/3331/1134 3788/3332/1134 3701/3333/1134
f 3711/3334/1134 3794/3335/1134 3793/3336/1134
f 3723/3363/1134 3798/3339/1134 3721/3337/1134
f 3689/3340/1134 3781/3341/1134 3687/3342/1134
f 3699/3343/1134 3786/3344/1134 3697/3345/1134
f 3683/3348/1134 3780/3369/1134 3779/3347/1134
f 3707/3349/1134 3792/3350/1134 3791/3351/1134
f 3717/3352/1134 3797/3353/1134 3796/3354/1134
f 3727/3222/1134 3802/3368/1134 3801/3356/1134
f 3693/3328/1134 3785/3370/1134 3784/3358/1134
f 3703/3331/1134 3790/3371/1134 3789/3360/1134
f 3713/3361/1134 3795/3362/1134 3794/3335/1134
f 3723/3363/1134 3800/3223/1134 3799/3338/1134
f 3691/3330/1134 3782/3364/1134 3689/3340/1134
f 3701/3333/1134 3787/3365/1134 3699/3343/1134
f 3711/3334/1134 3792/3350/1134 3709/3366/1134
f 3721/3337/1134 3797/3353/1134 3719/3367/1134
f 3683/3348/1134 3802/3368/1134 3729/3355/1134
f 3687/3342/1134 3780/3369/1134 3685/3346/1134
f 3697/3345/1134 3785/3370/1134 3695/3357/1134
f 3705/3359/1134 3791/3351/1134 3790/3371/1134
f 3715/3372/1134 3796/3354/1134 3795/3362/1134
f 3810/3373/1246 3818/3374/1250 3826/3375/1256
f 3802/3376/1172 3825/3377/1257 3801/3378/1174
f 3780/3379/1171 3803/3380/1245 3779/3381/1114
f 3795/3382/1122 3818/3383/1250 3794/3384/1173
f 3788/3385/1170 3811/3386/1243 3787/3325/1128
f 3779/3381/1114 3826/3387/1256 3802/3376/1172
f 3781/3388/1169 3804/3389/1242 3780/3379/1171
f 3796/3390/1168 3819/3391/1247 3795/3382/1122
f 3788/3385/1170 3813/3441/1239 3812/3393/1241
f 3782/3394/1166 3805/3395/1238 3781/3388/1169
f 3797/3404/1165 3820/3397/1244 3796/3390/1168
f 3790/3398/1163 3813/3399/1239 3789/3400/1167
f 3783/3401/1132 3806/3402/1230 3782/3403/1166
f 3798/3411/1164 3821/3396/1240 3797/3404/1165
f 3791/3406/1125 3814/3407/1258 3790/3398/1163
f 3784/3408/1162 3807/3409/1235 3783/3401/1132
f 3799/3410/1118 3822/3405/1259 3798/3411/1164
f 3792/3412/1179 3815/3413/1233 3791/3406/1125
f 3785/3414/1178 3808/3415/1228 3784/3408/1162
f 3800/3416/1177 3823/3417/1237 3799/3418/1118
f 3793/3419/1176 3816/3420/1236 3792/3412/1179
f 3785/3414/1178 3810/3326/1246 3809/3421/1249
f 3801/3378/1174 3824/3422/1234 3800/3416/1177
f 3793/3419/1176 3818/3442/1250 3817/3424/1232
s 0
f 3864/3447/1160 3862/3448/1160 3863/3449/1160
f 3854/3450/1160 3859/3451/1160 3855/3452/1160
f 3852/3453/1160 3853/3454/1160 3858/3455/1160
f 3848/3456/1134 3856/3457/1134 3849/3458/1134
f 3850/3459/1134 3851/3460/1134 3857/3461/1134
f 3854/3450/1160 3863/3449/1160 3859/3451/1160
f 3852/3453/1160 3865/3462/1160 3860/3463/1160
f 3871/3464/1260 3870/3465/1260 3884/3466/1260
f 3873/3467/1261 3872/3468/1261 3870/3469/1261
f 3885/3470/1262 3884/3466/1262 3882/3471/1262
f 3893/3472/1160 3896/3473/1160 3897/3474/1160
f 3887/3475/1134 3894/3476/1134 3895/3477/1134
f 3847/3478/1263 3846/3479/1263 3828/3480/1263
f 3847/3478/1264 3828/3480/1264 3827/3481/1264
f 3860/3463/1160 3865/3462/1160 3861/3482/1160
f 3854/3450/1160 3864/3447/1160 3863/3449/1160
f 3852/3453/1160 3858/3455/1160 3865/3462/1160
f 3871/3464/1265 3873/3483/1265 3870/3465/1265
f 3883/3484/1266 3885/3485/1266 3882/3486/1266
f 3885/3470/1267 3871/3464/1267 3884/3466/1267
f 3893/3487/1268 3889/3488/1268 3887/3489/1268
f 3850/3459/1134 3849/3458/1134 3851/3460/1134
f 3830/3490/1269 3829/3491/1269 3831/3492/1269
f 3873/3493/1178 3885/3494/1178 3881/3495/1178
f 3833/3496/1270 3830/3497/1270 3831/3498/1270
f 3834/3499/1271 3832/3500/1271 3833/3496/1271
f 3836/3501/1272 3838/3502/1272 3837/3503/1272
f 3834/3499/1273 3835/3504/1273 3836/3505/1273
f 3839/3506/1274 3838/3502/1274 3840/3507/1274
f 3841/3508/1275 3840/3509/1275 3842/3510/1275
f 3827/3481/1276 3828/3480/1276 3829/3491/1276
f 3844/3511/1277 3841/3508/1277 3842/3510/1277
f 3846/3512/1278 3843/3513/1278 3844/3511/1278
f 3831/3514/1178 3844/3515/1178 3836/3516/1178
f 3857/3517/1279 3855/3518/1279 3859/3519/1279
f 3839/3506/1165 3847/3520/1165 3830/3521/1165
f 3852/3453/1160 3855/3452/1160 3853/3454/1160
f 3858/3522/1280 3849/3523/1280 3856/3524/1280
f 3848/3525/1178 3854/3526/1178 3852/3527/1178
f 3853/3528/1165 3851/3529/1165 3849/3523/1165
f 3860/3463/1281 3866/3530/1281 3852/3453/1281
f 3864/3447/1282 3867/3531/1282 3869/3532/1282
f 3875/3533/1283 3872/3468/1283 3873/3467/1283
f 3875/3533/1284 3876/3534/1284 3874/3535/1284
f 3877/3536/1285 3878/3537/1285 3876/3538/1285
f 3879/3539/1286 3880/3540/1286 3878/3541/1286
f 3883/3484/1287 3880/3540/1287 3881/3542/1287
f 3888/3543/1134 3887/3475/1134 3889/3544/1134
f 3892/3545/1288 3889/3546/1288 3893/3547/1288
f 3882/3548/1165 3870/3549/1165 3874/3550/1165
f 3890/3551/1160 3893/3472/1160 3891/3552/1160
f 3886/3553/1289 3891/3554/1289 3887/3555/1289
f 3890/3556/1290 3895/3557/1290 3896/3558/1290
f 3894/3559/1291 3892/3545/1291 3897/3560/1291
f 3891/3561/1292 3893/3487/1292 3887/3489/1292
f 3896/3558/1165 3894/3562/1165 3897/3563/1165
f 3893/3472/1160 3897/3474/1160 3892/3564/1160
f 3887/3475/1134 3895/3477/1134 3886/3565/1134
f 3898/3566/1134 3910/3567/1134 3911/3568/1134
f 3902/3569/1160 3913/3570/1160 3912/3571/1160
f 3919/3572/1165 3912/3573/1165 3921/3574/1165
f 3834/3575/1293 3836/3501/1293 3837/3503/1293
f 3835/3504/1294 3834/3499/1294 3833/3496/1294
f 3918/3576/1178 3914/3577/1178 3920/3578/1178
f 3957/3579/1295 3924/3580/1295 3958/3581/1295
f 3906/3582/1114 3899/3583/1114 3898/3584/1114
f 3901/3585/1125 3908/3586/1125 3900/3587/1125
f 3900/3588/1160 3917/3589/1160 3901/3590/1160
f 3901/3591/1178 3907/3592/1178 3909/3593/1178
f 3910/3594/1178 3901/3591/1178 3917/3595/1178
f 3911/3596/1165 3900/3597/1165 3898/3584/1165
f 3900/3597/1165 3906/3582/1165 3898/3584/1165
f 3919/3598/1296 3903/3599/1296 3902/3600/1296
f 3913/3601/1114 3975/3602/1114 3920/3603/1114
f 3904/3604/1134 3954/3605/1134 3915/3606/1134
f 3923/3607/1296 3925/3608/1296 3922/3609/1296
f 3961/3610/1297 3922/3611/1297 3962/3612/1297
f 3957/3613/1160 3922/3614/1160 3925/3615/1160
f 3961/3616/1134 3924/3617/1134 3923/3618/1134
f 3931/3619/1298 3928/3620/1298 3930/3621/1298
f 3928/3622/1299 3927/3623/1299 3926/3624/1299
f 3930/3621/1165 3926/3625/1165 3932/3626/1165
f 3931/3627/1178 3927/3628/1178 3929/3629/1178
f 3926/3630/1300 3933/3631/1300 3932/3632/1300
s 1
f 3937/3633/1301 3938/3634/1302 3936/3635/1165
f 3939/3636/1303 3940/3637/1304 3938/3634/1302
f 3941/3638/1305 3942/3639/1306 3940/3640/1304
f 3943/3641/1307 3944/3642/1160 3942/3639/1306
f 3945/3643/1308 3946/3644/1309 3944/3642/1160
f 3947/3645/1310 3948/3646/1311 3946/3644/1309
f 3949/3647/1312 3950/3648/1313 3948/3649/1311
f 3951/3650/1314 3934/3651/1178 3950/3648/1313
f 3936/3635/1114 3944/3652/1114 3948/3653/1114
f 3935/3654/1315 3945/3655/1308 3941/3656/1305
s 0
f 3953/3657/1165 3955/3658/1165 3954/3659/1165
f 3921/3660/1160 3952/3661/1160 3919/3662/1160
f 3915/3663/1114 3955/3658/1114 3921/3664/1114
f 3919/3665/1125 3953/3666/1125 3904/3667/1125
f 3905/3668/1134 3960/3669/1134 3904/3670/1134
f 3960/3669/1134 3958/3671/1134 3961/3616/1134
f 3918/3672/1160 3963/3673/1160 3956/3674/1160
f 3963/3673/1160 3957/3613/1160 3956/3674/1160
f 3919/3675/1297 3960/3676/1297 3963/3677/1297
f 3960/3676/1316 3967/3678/1316 3963/3677/1316
f 3918/3576/1295 3959/3679/1295 3905/3680/1295
f 3956/3681/1295 3958/3581/1295 3959/3679/1295
f 3964/3682/1297 3966/3683/1297 3967/3678/1297
f 3961/3684/1317 3966/3685/1317 3965/3686/1317
f 3967/3678/1316 3969/3687/1316 3963/3677/1316
f 3960/3669/1134 3965/3688/1134 3964/3689/1134
f 3969/3690/1160 3970/3691/1160 3968/3692/1160
f 3966/3683/1297 3971/3693/1297 3967/3678/1297
f 3962/3694/1317 3970/3695/1317 3966/3685/1317
f 3962/3696/1295 3969/3697/1295 3968/3698/1295
f 3973/3699/1178 3975/3700/1178 3974/3701/1178
f 3920/3702/1134 3972/3703/1134 3918/3704/1134
f 3918/3705/1125 3973/3706/1125 3903/3599/1125
f 3903/3707/1160 3974/3708/1160 3913/3570/1160
f 4013/3447/1134 4012/3449/1134 4011/3448/1134
f 4003/3450/1134 4004/3452/1134 4008/3451/1134
f 4001/3453/1134 4007/3455/1134 4002/3454/1134
f 3997/3456/1160 3998/3458/1160 4005/3457/1160
f 3999/3459/1160 4006/3461/1160 4000/3460/1160
f 4003/3450/1134 4008/3451/1134 4012/3449/1134
f 4001/3453/1134 4009/3463/1134 4014/3462/1134
f 4020/3464/1318 4033/3466/1318 4019/3465/1318
f 4022/3467/1319 4019/3469/1319 4021/3468/1319
f 4034/3470/1320 4031/3471/1320 4033/3466/1320
f 4042/3472/1134 4046/3474/1134 4045/3473/1134
f 4036/3475/1160 4044/3477/1160 4043/3476/1160
f 3995/3479/1321 3996/3478/1321 3977/3480/1321
f 3996/3478/1322 3976/3481/1322 3977/3480/1322
f 4009/3463/1134 4010/3482/1134 4014/3462/1134
f 4003/3450/1134 4012/3449/1134 4013/3447/1134
f 4001/3453/1134 4014/3462/1134 4007/3455/1134
f 4020/3464/1323 4019/3465/1323 4022/3483/1323
f 4032/3484/1324 4031/3486/1324 4034/3485/1324
f 4034/3470/1325 4033/3466/1325 4020/3464/1325
f 4042/3487/1326 4036/3489/1326 4038/3488/1326
f 3998/3458/1160 3999/3459/1160 4000/3460/1160
f 3978/3491/1327 3979/3490/1327 3980/3492/1327
f 4034/3494/1178 4022/3493/1178 4026/3709/1178
f 3982/3496/1328 3979/3497/1328 3981/3500/1328
f 3983/3499/1329 3982/3496/1329 3981/3500/1329
f 3985/3501/1330 3986/3503/1330 3987/3502/1330
f 3983/3499/1331 3985/3505/1331 3984/3504/1331
f 3987/3502/1332 3988/3506/1332 3989/3507/1332
f 3989/3509/1333 3990/3508/1333 3991/3510/1333
f 3976/3481/1334 3978/3491/1334 3977/3480/1334
f 3993/3511/1335 3990/3508/1335 3992/3513/1335
f 3995/3512/1270 3992/3513/1270 3994/3710/1270
f 3984/3711/1178 3991/3712/1178 3978/3713/1178
f 4004/3518/1279 4006/3517/1279 4008/3519/1279
f 3996/3520/1165 3988/3506/1165 3983/3575/1165
f 4004/3452/1134 4001/3453/1134 4002/3454/1134
f 3998/3523/1280 4007/3522/1280 4005/3524/1280
f 4003/3526/1178 3997/3525/1178 4001/3527/1178
f 4000/3529/1165 4002/3528/1165 3998/3523/1165
f 4009/3463/1336 4015/3530/1336 4017/3714/1336
f 4013/3447/1337 4016/3531/1337 4003/3450/1337
f 4024/3533/1338 4021/3468/1338 4023/3535/1338
f 4024/3533/1339 4025/3534/1339 4026/3715/1339
f 4026/3536/1340 4027/3537/1340 4028/3716/1340
f 4028/3539/1341 4029/3540/1341 4030/3542/1341
f 4032/3484/1342 4029/3540/1342 4031/3486/1342
f 4036/3475/1160 4037/3543/1160 4038/3544/1160
f 4038/3546/1343 4041/3545/1343 4042/3547/1343
f 4019/3549/1165 4031/3548/1165 4027/3537/1165
f 4042/3472/1134 4039/3551/1134 4040/3552/1134
f 4040/3554/1344 4035/3553/1344 4036/3555/1344
f 4045/3558/1290 4035/3553/1290 4039/3556/1290
f 4041/3545/1291 4043/3559/1291 4046/3560/1291
f 4040/3561/1345 4036/3489/1345 4042/3487/1345
f 4045/3558/1165 4043/3562/1165 4044/3557/1165
f 4042/3472/1134 4041/3564/1134 4046/3474/1134
f 4036/3475/1160 4035/3565/1160 4044/3477/1160
f 4055/3567/1160 4047/3566/1160 4056/3568/1160
f 4058/3570/1134 4051/3569/1134 4057/3571/1134
f 4057/3573/1165 4064/3572/1165 4066/3574/1165
f 3983/3575/1346 3986/3503/1346 3985/3501/1346
f 3984/3504/1347 3982/3496/1347 3983/3499/1347
f 4059/3577/1178 4063/3576/1178 4065/3578/1178
f 4095/3581/1295 4070/3717/1295 4094/3579/1295
f 4047/3584/1114 3907/3718/1114 3906/3582/1114
f 4049/3587/1125 3909/3719/1125 4050/3585/1125
f 4062/3589/1134 4049/3588/1134 4050/3590/1134
f 4050/3591/1178 3907/3592/1178 4048/3720/1178
f 4050/3591/1178 4055/3594/1178 4062/3595/1178
f 4056/3596/1165 4049/3597/1165 4061/3721/1165
f 3906/3582/1165 4049/3597/1165 4047/3584/1165
f 4052/3599/1296 4064/3598/1296 4051/3600/1296
f 4112/3602/1114 4058/3601/1114 4065/3603/1114
f 4091/3605/1160 4053/3604/1160 4060/3606/1160
f 4070/3608/1296 4068/3607/1296 4067/3609/1296
f 4067/3611/1297 4098/3610/1297 4099/3612/1297
f 4070/3615/1134 4099/3722/1134 4094/3613/1134
f 4098/3616/1160 4069/3617/1160 4095/3671/1160
f 4073/3620/1298 3931/3619/1298 3930/3621/1298
f 4071/3624/1348 4074/3723/1348 4073/3622/1348
f 3930/3621/1165 4071/3625/1165 4073/3620/1165
f 4072/3628/1178 3931/3627/1178 4074/3629/1178
f 4071/3630/1300 3933/3631/1300 4072/3724/1300
s 1
f 4075/3634/1349 3937/3633/1301 3936/3635/1165
f 4077/3637/1350 4076/3636/1351 4075/3634/1349
f 4077/3640/1350 4080/3641/1352 4078/3638/1353
f 4081/3642/1134 4080/3641/1352 4079/3639/1354
f 4083/3644/1355 4082/3643/1356 4081/3642/1134
f 4085/3646/1357 4084/3645/1358 4083/3644/1355
f 4087/3648/1359 4086/3647/1360 4085/3649/1357
f 3934/3651/1178 4088/3650/1361 4087/3648/1359
f 4087/3725/1114 4079/3726/1114 4075/3634/1114
f 4076/3727/1351 4084/3728/1358 4088/3729/1361
s 0
f 4092/3658/1165 4090/3657/1165 4091/3659/1165
f 4089/3661/1134 4066/3660/1134 4064/3662/1134
f 4092/3658/1114 4060/3663/1114 4066/3664/1114
f 4090/3666/1125 4064/3665/1125 4053/3667/1125
f 4097/3669/1160 4054/3668/1160 4053/3670/1160
f 4097/3669/1160 4095/3671/1160 4096/3730/1160
f 4063/3672/1134 4100/3673/1134 4064/3731/1134
f 4093/3674/1134 4099/3722/1134 4100/3673/1134
f 4100/3677/1297 4053/3732/1297 4064/3675/1297
f 4100/3677/1316 4101/3682/1316 4097/3676/1316
f 4054/3680/1295 4093/3681/1295 4063/3576/1295
f 4096/3679/1295 4094/3579/1295 4093/3681/1295
f 4103/3683/1297 4101/3682/1297 4104/3678/1297
f 4102/3686/1317 4099/3694/1317 4098/3684/1317
f 4106/3687/1316 4104/3678/1316 4100/3677/1316
f 4097/3669/1160 4102/3688/1160 4098/3616/1160
f 4107/3691/1134 4106/3690/1134 4105/3692/1134
f 4108/3693/1297 4103/3683/1297 4104/3678/1297
f 4107/3695/1317 4099/3694/1317 4103/3685/1317
f 4105/3698/1295 4100/3733/1295 4099/3696/1295
f 4112/3700/1178 4110/3699/1178 4111/3701/1178
f 4109/3703/1160 4065/3702/1160 4063/3704/1160
f 4110/3706/1125 4063/3705/1125 4052/3599/1125
f 4111/3708/1134 4052/3707/1134 4058/3570/1134
f 4150/3447/1160 4149/3449/1160 4148/3448/1160
f 4140/3450/1160 4141/3452/1160 4145/3451/1160
f 4138/3453/1160 4144/3455/1160 4139/3454/1160
f 4134/3456/1134 4135/3458/1134 4142/3457/1134
f 4136/3459/1134 4143/3461/1134 4137/3460/1134
f 4140/3450/1160 4145/3451/1160 4149/3449/1160
f 4138/3453/1160 4146/3463/1160 4151/3462/1160
f 4157/3464/1362 4170/3466/1362 4156/3465/1362
f 4159/3467/1363 4156/3469/1363 4158/3468/1363
f 4171/3470/1364 4168/3471/1364 4170/3466/1364
f 4179/3472/1160 4183/3474/1160 4182/3473/1160
f 4173/3475/1134 4181/3477/1134 4180/3476/1134
f 4132/3479/1365 4133/3478/1365 4114/3480/1365
f 4133/3478/1366 4113/3481/1366 4114/3480/1366
f 4146/3463/1160 4147/3482/1160 4151/3462/1160
f 4140/3450/1160 4149/3449/1160 4150/3447/1160
f 4138/3453/1160 4151/3462/1160 4144/3455/1160
f 4157/3464/1367 4156/3465/1367 4159/3483/1367
f 4169/3484/1368 4168/3486/1368 4171/3485/1368
f 4171/3470/1369 4170/3466/1369 4157/3464/1369
f 4179/3487/1370 4173/3489/1370 4175/3488/1370
f 4135/3458/1134 4136/3459/1134 4137/3460/1134
f 4115/3491/1371 4116/3490/1371 4117/3492/1371
f 4171/3494/1178 4159/3493/1178 4163/3709/1178
f 4119/3496/1372 4116/3497/1372 4118/3500/1372
f 4120/3499/1373 4119/3496/1373 4118/3500/1373
f 4122/3501/1374 4123/3503/1374 4124/3502/1374
f 4120/3499/1375 4122/3505/1375 4121/3504/1375
f 4124/3502/1376 4125/3506/1376 4126/3507/1376
f 4126/3509/1377 4127/3508/1377 4128/3510/1377
f 4113/3481/1378 4115/3491/1378 4114/3480/1378
f 4130/3511/1379 4127/3508/1379 4129/3513/1379
f 4132/3512/1380 4129/3513/1380 4131/3710/1380
f 4121/3711/1178 4128/3712/1178 4115/3713/1178
f 4141/3518/1280 4143/3517/1280 4145/3519/1280
f 4133/3520/1165 4125/3506/1165 4120/3575/1165
f 4141/3452/1160 4138/3453/1160 4139/3454/1160
f 4135/3523/1279 4144/3522/1279 4142/3524/1279
f 4140/3526/1178 4134/3525/1178 4138/3527/1178
f 4137/3529/1165 4139/3528/1165 4135/3523/1165
f 4146/3463/1282 4152/3530/1282 4154/3714/1282
f 4150/3447/1281 4153/3531/1281 4140/3450/1281
f 4161/3533/1381 4158/3468/1381 4160/3535/1381
f 4161/3533/1382 4162/3534/1382 4163/3715/1382
f 4163/3536/1383 4164/3537/1383 4165/3716/1383
f 4165/3539/1384 4166/3540/1384 4167/3542/1384
f 4169/3484/1385 4166/3540/1385 4168/3486/1385
f 4173/3475/1134 4174/3543/1134 4175/3544/1134
f 4175/3546/1344 4178/3545/1344 4179/3547/1344
f 4156/3549/1165 4168/3548/1165 4164/3537/1165
f 4179/3472/1160 4176/3551/1160 4177/3552/1160
f 4177/3554/1343 4172/3553/1343 4173/3555/1343
f 4182/3558/1291 4172/3553/1291 4176/3556/1291
f 4178/3545/1290 4180/3559/1290 4183/3560/1290
f 4177/3561/1386 4173/3489/1386 4179/3487/1386
f 4183/3563/1165 4181/3557/1165 4182/3558/1165
f 4179/3472/1160 4178/3564/1160 4183/3474/1160
f 4173/3475/1134 4172/3565/1134 4181/3477/1134
f 3910/3567/1134 4184/3566/1134 3911/3568/1134
f 4197/3570/1160 4188/3569/1160 4196/3571/1160
f 4196/3573/1165 4201/3572/1165 4203/3574/1165
f 4120/3575/1387 4123/3503/1387 4122/3501/1387
f 4121/3504/1388 4119/3496/1388 4120/3499/1388
f 4198/3577/1178 4200/3576/1178 4202/3578/1178
f 4206/3580/1389 4230/3579/1389 4231/3581/1389
f 4185/3583/1125 4192/3582/1125 4184/3584/1125
f 4186/3587/1114 4195/3719/1114 4187/3585/1114
f 3917/3589/1160 4186/3588/1160 4187/3590/1160
f 4187/3591/1178 4193/3592/1178 4185/3720/1178
f 4187/3591/1178 3910/3594/1178 3917/3595/1178
f 3911/3596/1165 4186/3597/1165 3916/3721/1165
f 4192/3582/1165 4186/3597/1165 4184/3584/1165
f 4189/3599/1390 4201/3598/1390 4188/3600/1390
f 4202/3603/1125 4247/3734/1125 4197/3601/1125
f 4227/3605/1134 4190/3604/1134 4199/3606/1134
f 4207/3608/1390 4205/3607/1390 4204/3609/1390
f 4204/3611/1391 4234/3610/1391 4235/3612/1391
f 4230/3613/1160 4204/3614/1160 4235/3722/1160
f 4234/3616/1134 4206/3617/1134 4231/3671/1134
f 4210/3620/1300 4213/3619/1300 4212/3621/1300
f 4210/3622/1299 4209/3623/1299 4211/3723/1299
f 4212/3621/1165 4208/3625/1165 4210/3620/1165
f 4209/3628/1178 4213/3627/1178 4211/3629/1178
f 4208/3630/1298 4215/3631/1298 4209/3724/1298
s 1
f 3938/3634/1302 4217/3633/1392 3936/3635/1165
f 3940/3637/1304 4218/3636/1393 3938/3634/1302
f 3940/3640/1304 4220/3641/1394 4219/3638/1395
f 3944/3642/1160 4220/3641/1394 3942/3639/1306
f 3946/3644/1309 4221/3643/1396 3944/3642/1160
f 3948/3646/1311 4222/3645/1397 3946/3644/1309
f 3950/3648/1313 4223/3647/1398 3948/3649/1311
f 3934/3651/1178 4224/3650/1399 3950/3648/1313
f 4218/3727/1393 4222/3728/1397 4224/3729/1399
s 0
f 4228/3658/1165 4226/3657/1165 4227/3659/1165
f 4225/3661/1160 4203/3660/1160 4201/3662/1160
f 4228/3658/1125 4199/3663/1125 4203/3664/1125
f 4226/3666/1114 4201/3665/1114 4190/3667/1114
f 4233/3669/1134 4191/3668/1134 4190/3670/1134
f 4233/3669/1134 4231/3671/1134 4232/3730/1134
f 4229/3674/1160 4201/3731/1160 4200/3672/1160
f 4229/3674/1160 4235/3722/1160 4236/3673/1160
f 4236/3677/1391 4190/3732/1391 4201/3675/1391
f 4240/3678/1400 4233/3676/1400 4236/3677/1400
f 4191/3680/1389 4229/3681/1389 4200/3576/1389
f 4232/3679/1389 4230/3579/1389 4229/3681/1389
f 4239/3683/1391 4237/3682/1391 4240/3678/1391
f 4234/3684/1401 4239/3685/1401 4235/3694/1401
f 4236/3677/1400 4244/3693/1400 4240/3678/1400
f 4233/3669/1134 4238/3688/1134 4234/3616/1134
f 4243/3691/1160 4242/3690/1160 4241/3692/1160
f 4244/3693/1391 4239/3683/1391 4240/3678/1391
f 4243/3695/1401 4235/3694/1401 4239/3685/1401
f 4235/3696/1389 4242/3697/1389 4236/3733/1389
f 4248/3700/1178 4246/3699/1178 4247/3701/1178
f 4245/3703/1134 4202/3702/1134 4200/3704/1134
f 4246/3706/1114 4200/3705/1114 4189/3599/1114
f 4247/3708/1160 4189/3707/1160 4197/3570/1160
f 4286/3447/1134 4284/3448/1134 4285/3449/1134
f 4276/3450/1134 4281/3451/1134 4277/3452/1134
f 4274/3453/1134 4275/3454/1134 4280/3455/1134
f 4270/3456/1160 4278/3457/1160 4271/3458/1160
f 4272/3459/1160 4273/3460/1160 4279/3461/1160
f 4276/3450/1134 4285/3449/1134 4281/3451/1134
f 4274/3453/1134 4287/3462/1134 4282/3463/1134
f 4293/3464/1402 4292/3465/1402 4306/3466/1402
f 4295/3467/1403 4294/3468/1403 4292/3469/1403
f 4307/3470/1404 4306/3466/1404 4304/3471/1404
f 4315/3472/1134 4318/3473/1134 4319/3474/1134
f 4309/3475/1160 4316/3476/1160 4317/3477/1160
f 4269/3478/1405 4268/3479/1405 4250/3480/1405
f 4269/3478/1406 4250/3480/1406 4249/3481/1406
f 4282/3463/1134 4287/3462/1134 4283/3482/1134
f 4276/3450/1134 4286/3447/1134 4285/3449/1134
f 4274/3453/1134 4280/3455/1134 4287/3462/1134
f 4293/3464/1407 4295/3483/1407 4292/3465/1407
f 4305/3484/1408 4307/3485/1408 4304/3486/1408
f 4307/3470/1409 4293/3464/1409 4306/3466/1409
f 4315/3487/1410 4311/3488/1410 4309/3489/1410
f 4272/3459/1160 4271/3458/1160 4273/3460/1160
f 4252/3490/1411 4251/3491/1411 4253/3492/1411
f 4295/3493/1178 4307/3494/1178 4303/3495/1178
f 4255/3496/1380 4252/3497/1380 4253/3498/1380
f 4256/3499/1412 4254/3500/1412 4255/3496/1412
f 4258/3501/1413 4260/3502/1413 4259/3503/1413
f 4256/3499/1414 4257/3504/1414 4258/3505/1414
f 4261/3506/1415 4260/3502/1415 4262/3507/1415
f 4263/3508/1416 4262/3509/1416 4264/3510/1416
f 4249/3481/1417 4250/3480/1417 4251/3491/1417
f 4266/3511/1418 4263/3508/1418 4264/3510/1418
f 4268/3512/1419 4265/3513/1419 4266/3511/1419
f 4253/3514/1178 4266/3515/1178 4258/3516/1178
f 4279/3517/1280 4277/3518/1280 4281/3519/1280
f 4261/3506/1165 4269/3520/1165 4252/3521/1165
f 4274/3453/1134 4277/3452/1134 4275/3454/1134
f 4278/3524/1279 4275/3528/1279 4271/3523/1279
f 4270/3525/1178 4276/3526/1178 4274/3527/1178
f 4275/3528/1165 4273/3529/1165 4271/3523/1165
f 4282/3463/1337 4288/3530/1337 4274/3453/1337
f 4286/3447/1336 4289/3531/1336 4291/3532/1336
f 4297/3533/1420 4294/3468/1420 4295/3467/1420
f 4297/3533/1421 4298/3534/1421 4296/3535/1421
f 4299/3536/1422 4300/3537/1422 4298/3538/1422
f 4301/3539/1423 4302/3540/1423 4300/3541/1423
f 4305/3484/1424 4302/3540/1424 4303/3542/1424
f 4310/3543/1160 4309/3475/1160 4311/3544/1160
f 4314/3545/1289 4311/3546/1289 4315/3547/1289
f 4304/3548/1165 4292/3549/1165 4296/3550/1165
f 4312/3551/1134 4315/3472/1134 4313/3552/1134
f 4308/3553/1288 4313/3554/1288 4309/3555/1288
f 4308/3553/1291 4318/3558/1291 4312/3556/1291
f 4316/3559/1290 4314/3545/1290 4319/3560/1290
f 4313/3561/1425 4315/3487/1425 4309/3489/1425
f 4318/3558/1165 4316/3562/1165 4319/3563/1165
f 4315/3472/1134 4319/3474/1134 4314/3564/1134
f 4309/3475/1160 4317/3477/1160 4308/3565/1160
f 4320/3566/1160 4055/3567/1160 4056/3568/1160
f 4324/3569/1134 4329/3570/1134 4328/3571/1134
f 4333/3572/1165 4328/3573/1165 4335/3574/1165
f 4256/3575/1426 4258/3501/1426 4259/3503/1426
f 4257/3504/1427 4256/3499/1427 4255/3496/1427
f 4332/3576/1178 4330/3577/1178 4334/3578/1178
f 4356/3579/1389 4338/3580/1389 4357/3581/1389
f 4192/3582/1125 4321/3583/1125 4320/3584/1125
f 4195/3719/1114 4322/3587/1114 4323/3585/1114
f 4322/3588/1134 4062/3589/1134 4323/3590/1134
f 4323/3591/1178 4193/3592/1178 4195/3593/1178
f 4055/3594/1178 4323/3591/1178 4062/3595/1178
f 4056/3596/1165 4322/3597/1165 4320/3584/1165
f 4322/3597/1165 4192/3582/1165 4320/3584/1165
f 4333/3598/1390 4325/3599/1390 4324/3600/1390
f 4329/3601/1125 4374/3602/1125 4334/3603/1125
f 4326/3604/1160 4353/3605/1160 4331/3606/1160
f 4337/3607/1390 4339/3608/1390 4336/3609/1390
f 4360/3610/1391 4336/3611/1391 4361/3612/1391
f 4356/3613/1134 4336/3614/1134 4339/3615/1134
f 4360/3616/1160 4338/3617/1160 4337/3618/1160
f 4213/3619/1300 4342/3620/1300 4212/3621/1300
f 4342/3622/1348 4341/3623/1348 4340/3624/1348
f 4342/3620/1165 4214/3626/1165 4212/3621/1165
f 4213/3627/1178 4341/3628/1178 4343/3629/1178
f 4340/3630/1298 4215/3631/1298 4214/3632/1298
s 1
f 3936/3635/1165 4344/3636/1428 4075/3634/1349
f 4344/3636/1428 4077/3637/1350 4075/3634/1349
f 4345/3638/1429 4079/3639/1354 4077/3640/1350
f 4346/3641/1430 4081/3642/1134 4079/3639/1354
f 4347/3643/1431 4083/3644/1355 4081/3642/1134
f 4348/3645/1432 4085/3646/1357 4083/3644/1355
f 4349/3647/1433 4087/3648/1359 4085/3649/1357
f 4350/3650/1434 3934/3651/1178 4087/3648/1359
f 4216/3654/1435 4347/3655/1431 4345/3656/1429
s 0
f 4352/3657/1165 4354/3658/1165 4353/3659/1165
f 4335/3660/1134 4351/3661/1134 4333/3662/1134
f 4335/3664/1125 4353/3659/1125 4354/3658/1125
f 4333/3665/1114 4352/3666/1114 4326/3667/1114
f 4326/3670/1160 4358/3730/1160 4359/3669/1160
f 4359/3669/1160 4357/3671/1160 4360/3616/1160
f 4333/3731/1134 4355/3674/1134 4332/3672/1134
f 4355/3674/1134 4361/3722/1134 4356/3613/1134
f 4326/3732/1391 4362/3677/1391 4333/3675/1391
f 4359/3676/1400 4366/3678/1400 4362/3677/1400
f 4327/3680/1389 4355/3681/1389 4358/3679/1389
f 4358/3679/1389 4356/3579/1389 4357/3581/1389
f 4363/3682/1391 4365/3683/1391 4366/3678/1391
f 4361/3694/1401 4364/3686/1401 4360/3684/1401
f 4362/3677/1400 4370/3693/1400 4368/3687/1400
f 4359/3669/1160 4364/3688/1160 4363/3689/1160
f 4368/3690/1134 4369/3691/1134 4367/3692/1134
f 4365/3683/1391 4370/3693/1391 4366/3678/1391
f 4365/3685/1401 4367/3735/1401 4369/3695/1401
f 4362/3733/1389 4367/3698/1389 4361/3696/1389
f 4372/3699/1178 4374/3700/1178 4373/3701/1178
f 4334/3702/1160 4371/3703/1160 4332/3704/1160
f 4332/3705/1114 4372/3706/1114 4325/3599/1114
f 4325/3707/1134 4373/3708/1134 4329/3570/1134
s 1
f 4376/3736/1436 4377/3737/1437 4375/3738/1114
f 4378/3739/1438 4379/3740/1439 4377/3737/1437
f 4380/3741/1440 4381/3742/1441 4379/3740/1439
f 4382/3743/1442 4383/3744/1134 4381/3742/1441
f 4384/3745/1443 4385/3746/1444 4383/3744/1134
f 4386/3747/1445 4387/3748/1446 4385/3746/1444
f 4388/3749/1447 4389/3750/1448 4387/3748/1446
f 4390/3751/1449 4391/3752/1125 4389/3750/1448
f 4392/3753/1450 4393/3754/1451 4391/3752/1125
f 4394/3755/1452 4395/3756/1453 4393/3754/1451
f 4396/3757/1454 4397/3758/1455 4395/3756/1453
f 4398/3759/1456 4399/3760/1160 4397/3758/1455
f 4400/3761/1457 4401/3762/1458 4399/3760/1160
f 4402/3763/1459 4403/3764/1460 4401/3762/1458
f 4396/3765/1454 4388/3766/1447 4380/3767/1440
f 4404/3768/1461 4405/3769/1462 4403/3764/1460
f 4406/3770/1463 4375/3771/1114 4405/3769/1462
f 4389/3772/1165 4397/3773/1165 4405/3774/1165
f 3144/3133/1114 3146/3136/1115 3145/3134/1115
f 3146/3136/1115 3148/3138/1117 3147/3137/1116
f 3148/3138/1117 3150/3140/1118 3149/3139/1118
f 3150/3140/1118 3152/3142/1119 3151/3141/1119
f 3152/3142/1119 3154/3144/1121 3153/3143/1120
f 3154/3144/1121 3156/3146/1122 3155/3145/1122
f 3156/3146/1122 3158/3148/1123 3157/3147/1123
f 3158/3148/1123 3160/3150/1124 3159/3149/1124
f 3160/3150/1124 3162/3152/1125 3161/3151/1125
f 3162/3152/1125 3164/3154/1126 3163/3153/1126
f 3164/3154/1126 3166/3156/1127 3165/3155/1127
f 3166/3156/1127 3168/3158/1128 3167/3157/1128
f 3168/3158/1128 3170/3160/1130 3169/3159/1129
f 3170/3160/1130 3172/3162/1131 3171/3161/1131
f 3172/3162/1131 3174/3164/1132 3173/3163/1132
f 3174/3164/1132 3176/3169/1135 3175/3165/1133
f 3148/3775/1134 3146/3776/1134 3144/3777/1134
f 3144/3777/1134 3178/3778/1134 3176/3166/1134
f 3176/3166/1134 3174/3779/1134 3172/3780/1134
f 3172/3780/1134 3170/3781/1134 3168/3425/1134
f 3168/3425/1134 3166/3782/1134 3164/3783/1134
f 3164/3783/1134 3162/3784/1134 3160/3167/1134
f 3160/3167/1134 3158/3785/1134 3156/3786/1134
f 3156/3786/1134 3154/3787/1134 3152/3168/1134
f 3152/3168/1134 3150/3788/1134 3148/3775/1134
f 3148/3775/1134 3144/3777/1134 3176/3166/1134
f 3176/3166/1134 3172/3780/1134 3168/3425/1134
f 3168/3425/1134 3164/3783/1134 3160/3167/1134
f 3160/3167/1134 3156/3786/1134 3152/3168/1134
f 3152/3168/1134 3148/3775/1134 3176/3166/1134
f 3176/3166/1134 3168/3425/1134 3160/3167/1134
f 3176/3169/1135 3178/3171/1136 3177/3170/1136
f 3178/3171/1136 3144/3789/1114 3143/3172/1114
f 3179/3173/1137 3180/3426/1137 3182/3174/1138
f 3182/3174/1138 3184/3177/1139 3183/3176/1139
f 3184/3177/1139 3186/3443/1140 3185/3178/1140
f 3186/3179/1140 3188/3427/1141 3187/3180/1141
f 3187/3180/1141 3188/3427/1141 3190/3182/1142
f 3189/3183/1142 3190/3182/1142 3192/3184/1143
f 3192/3184/1143 3194/3187/1144 3193/3186/1144
f 3194/3187/1144 3196/3790/1145 3195/3188/1145
f 3196/3189/1145 3198/3428/1146 3197/3190/1146
f 3197/3190/1146 3198/3428/1146 3200/3192/1147
f 3199/3193/1147 3200/3192/1147 3202/3194/1148
f 3202/3194/1148 3204/3429/1149 3203/3196/1149
f 3203/3196/1149 3204/3429/1149 3206/3197/1150
f 3206/3197/1150 3208/3430/1151 3207/3199/1151
f 3207/3199/1151 3208/3430/1151 3210/3200/1152
f 3209/3202/1152 3210/3431/1152 3212/3203/1153
f 3211/3204/1153 3212/3203/1153 3214/3205/1154
f 3213/3206/1154 3214/3205/1154 3216/3207/1155
f 3216/3207/1155 3218/3432/1156 3217/3209/1156
f 3217/3209/1156 3218/3432/1156 3220/3210/1157
f 3219/3211/1157 3220/3210/1157 3222/3212/1158
f 3222/3214/1158 3224/3433/1159 3223/3215/1159
f 3192/3217/1160 3190/3263/1160 3232/3218/1160
f 3223/3215/1159 3224/3433/1159 3226/3220/1161
f 3226/3220/1161 3180/3426/1137 3179/3173/1137
f 3223/3222/1160 3297/3356/1160 3296/3223/1160
f 3246/3225/1162 3270/3322/1162 3271/3226/1132
f 3200/3228/1160 3237/3264/1160 3238/3229/1160
f 3210/3231/1160 3242/3265/1160 3243/3232/1160
f 3222/3234/1160 3220/3266/1160 3247/3235/1160
f 3186/3237/1160 3230/3267/1160 3231/3238/1160
f 3196/3240/1160 3235/3268/1160 3236/3241/1160
f 3208/3243/1160 3206/3270/1160 3240/3244/1160
f 3216/3246/1160 3245/3271/1160 3246/3247/1160
f 3180/3249/1160 3226/3272/1160 3250/3250/1160
f 3182/3252/1160 3227/3269/1160 3229/3253/1160
f 3192/3217/1160 3233/3219/1160 3234/3255/1160
f 3204/3257/1160 3202/3230/1160 3238/3229/1160
f 3212/3233/1160 3243/3232/1160 3244/3259/1160
f 3222/3234/1160 3248/3236/1160 3249/3261/1160
f 3188/3239/1160 3231/3238/1160 3232/3218/1160
f 3198/3242/1160 3236/3241/1160 3237/3264/1160
f 3210/3231/1160 3208/3243/1160 3241/3245/1160
f 3218/3248/1160 3246/3247/1160 3247/3235/1160
f 3184/3254/1160 3229/3253/1160 3230/3267/1160
f 3196/3240/1160 3194/3256/1160 3234/3255/1160
f 3180/3249/1160 3228/3251/1160 3227/3269/1160
f 3204/3257/1160 3239/3258/1160 3240/3244/1160
f 3214/3260/1160 3244/3259/1160 3245/3271/1160
f 3226/3272/1160 3224/3262/1160 3249/3261/1160
f 3253/3275/1134 3251/3791/1134 3252/3436/1134
f 3252/3436/1134 3274/3792/1134 3273/3793/1134
f 3273/3793/1134 3272/3794/1134 3271/3795/1134
f 3271/3795/1134 3270/3796/1134 3269/3273/1134
f 3269/3273/1134 3268/3797/1134 3267/3435/1134
f 3267/3435/1134 3266/3798/1134 3265/3799/1134
f 3265/3799/1134 3264/3800/1134 3263/3801/1134
f 3263/3801/1134 3262/3802/1134 3261/3274/1134
f 3261/3274/1134 3260/3803/1134 3259/3434/1134
f 3259/3434/1134 3258/3804/1134 3257/3805/1134
f 3257/3805/1134 3256/3806/1134 3255/3807/1134
f 3255/3807/1134 3254/3808/1134 3253/3275/1134
f 3253/3275/1134 3252/3436/1134 3273/3793/1134
f 3273/3793/1134 3271/3795/1134 3269/3273/1134
f 3269/3273/1134 3267/3435/1134 3265/3799/1134
f 3265/3799/1134 3263/3801/1134 3261/3274/1134
f 3261/3274/1134 3259/3434/1134 3257/3805/1134
f 3257/3805/1134 3255/3807/1134 3253/3275/1134
f 3253/3275/1134 3273/3793/1134 3269/3273/1134
f 3269/3273/1134 3265/3799/1134 3261/3274/1134
f 3261/3274/1134 3257/3805/1134 3253/3275/1134
f 3239/3276/1125 3263/3323/1125 3264/3277/1163
f 3232/3279/1164 3256/3324/1164 3257/3280/1165
f 3248/3282/1166 3247/3227/1132 3271/3226/1132
f 3240/3278/1163 3264/3277/1163 3265/3284/1167
f 3233/3281/1165 3257/3280/1165 3258/3286/1168
f 3248/3282/1166 3272/3283/1166 3273/3288/1169
f 3241/3285/1167 3265/3284/1167 3266/3290/1170
f 3234/3287/1168 3258/3286/1168 3259/3292/1122
f 3249/3294/1169 3273/3437/1169 3274/3295/1171
f 3228/3297/1114 3252/3306/1114 3251/3298/1172
f 3242/3300/1170 3266/3444/1170 3267/3301/1128
f 3235/3303/1122 3259/3445/1122 3260/3304/1173
f 3250/3296/1171 3274/3295/1171 3252/3306/1114
f 3227/3299/1172 3251/3298/1172 3253/3307/1174
f 3243/3302/1128 3267/3301/1128 3268/3309/1175
f 3236/3305/1173 3260/3304/1173 3261/3311/1176
f 3230/3313/1177 3229/3308/1174 3253/3307/1174
f 3244/3310/1175 3268/3309/1175 3269/3315/1178
f 3237/3312/1176 3261/3311/1176 3262/3317/1179
f 3230/3319/1177 3254/3446/1177 3255/3320/1118
f 3245/3316/1178 3269/3315/1178 3270/3322/1162
f 3238/3318/1179 3262/3317/1179 3263/3323/1125
f 3231/3321/1118 3255/3320/1118 3256/3324/1164
f 3283/3325/1132 3307/3386/1185 3306/3326/1180
f 3189/3328/1160 3280/3358/1160 3279/3329/1160
f 3199/3331/1160 3285/3360/1160 3284/3332/1160
f 3207/3334/1160 3209/3361/1160 3290/3335/1160
f 3217/3337/1160 3219/3363/1160 3295/3338/1160
f 3185/3340/1160 3278/3364/1160 3277/3341/1160
f 3195/3343/1160 3283/3365/1160 3282/3344/1160
f 3181/3346/1160 3276/3369/1160 3275/3347/1160
f 3203/3349/1160 3205/3366/1160 3288/3350/1160
f 3213/3352/1160 3215/3367/1160 3293/3353/1160
f 3225/3355/1160 3298/3368/1160 3297/3356/1160
f 3191/3357/1160 3281/3370/1160 3280/3358/1160
f 3201/3359/1160 3286/3371/1160 3285/3360/1160
f 3209/3361/1160 3211/3372/1160 3291/3362/1160
f 3219/3363/1160 3221/3224/1160 3296/3223/1160
f 3187/3330/1160 3279/3329/1160 3278/3364/1160
f 3197/3333/1160 3284/3332/1160 3283/3365/1160
f 3205/3366/1160 3207/3334/1160 3289/3336/1160
f 3215/3367/1160 3217/3337/1160 3294/3339/1160
f 3225/3355/1160 3179/3348/1160 3275/3347/1160
f 3183/3342/1160 3277/3341/1160 3276/3369/1160
f 3193/3345/1160 3282/3344/1160 3281/3370/1160
f 3203/3349/1160 3287/3351/1160 3286/3371/1160
f 3211/3372/1160 3213/3352/1160 3292/3354/1160
f 3322/3375/1182 3299/3809/1184 3300/3440/1186
f 3300/3440/1186 3301/3810/1189 3302/3811/1193
f 3302/3811/1193 3303/3812/1196 3304/3813/1198
f 3304/3813/1198 3305/3814/1201 3306/3373/1180
f 3306/3373/1180 3307/3815/1185 3308/3439/1188
f 3308/3439/1188 3309/3816/1192 3310/3817/1195
f 3310/3817/1195 3311/3818/1197 3312/3819/1200
f 3312/3819/1200 3313/3820/1203 3314/3374/1181
f 3314/3374/1181 3315/3821/1187 3316/3438/1191
f 3316/3438/1191 3317/3822/1190 3318/3823/1194
f 3318/3823/1194 3319/3824/1199 3320/3825/1202
f 3320/3825/1202 3321/3826/1183 3322/3375/1182
f 3322/3375/1182 3300/3440/1186 3302/3811/1193
f 3302/3811/1193 3304/3813/1198 3306/3373/1180
f 3306/3373/1180 3308/3439/1188 3310/3817/1195
f 3310/3817/1195 3312/3819/1200 3314/3374/1181
f 3314/3374/1181 3316/3438/1191 3318/3823/1194
f 3318/3823/1194 3320/3825/1202 3322/3375/1182
f 3322/3375/1182 3302/3811/1193 3306/3373/1180
f 3306/3373/1180 3310/3817/1195 3314/3374/1181
f 3314/3374/1181 3318/3823/1194 3322/3375/1182
f 3298/3376/1179 3322/3387/1182 3321/3377/1183
f 3276/3379/1163 3300/3389/1186 3299/3380/1184
f 3291/3382/1118 3315/3391/1187 3314/3383/1181
f 3284/3385/1166 3308/3393/1188 3307/3386/1185
f 3275/3381/1125 3299/3380/1184 3322/3387/1182
f 3277/3388/1167 3301/3395/1189 3300/3389/1186
f 3292/3390/1164 3316/3397/1191 3315/3391/1187
f 3285/3392/1169 3309/3441/1192 3308/3393/1188
f 3278/3394/1170 3302/3827/1193 3301/3395/1189
f 3292/3390/1164 3293/3404/1165 3317/3396/1190
f 3286/3398/1171 3310/3407/1195 3309/3399/1192
f 3279/3401/1128 3303/3409/1196 3302/3402/1193
f 3293/3404/1165 3294/3411/1168 3318/3405/1194
f 3287/3406/1114 3311/3413/1197 3310/3407/1195
f 3280/3408/1175 3304/3415/1198 3303/3409/1196
f 3295/3410/1122 3319/3828/1199 3318/3405/1194
f 3288/3412/1172 3312/3420/1200 3311/3413/1197
f 3281/3414/1178 3305/3421/1201 3304/3415/1198
f 3296/3416/1173 3320/3422/1202 3319/3417/1199
f 3289/3419/1174 3313/3424/1203 3312/3420/1200
f 3282/3327/1162 3306/3326/1180 3305/3421/1201
f 3297/3378/1176 3321/3377/1183 3320/3422/1202
f 3290/3423/1177 3314/3442/1181 3313/3424/1203
f 3145/3134/1115 3324/3136/1115 3323/3133/1114
f 3147/3137/1116 3325/3138/1117 3324/3136/1115
f 3149/3139/1118 3326/3140/1118 3325/3138/1117
f 3151/3141/1119 3327/3142/1119 3326/3140/1118
f 3153/3143/1120 3328/3144/1121 3327/3142/1119
f 3155/3145/1122 3329/3146/1122 3328/3144/1121
f 3157/3147/1123 3330/3148/1123 3329/3146/1122
f 3159/3149/1124 3331/3150/1124 3330/3148/1123
f 3161/3151/1125 3332/3152/1125 3331/3150/1124
f 3163/3153/1126 3333/3154/1126 3332/3152/1125
f 3165/3155/1127 3334/3156/1127 3333/3154/1126
f 3167/3157/1128 3335/3158/1128 3334/3156/1127
f 3169/3159/1129 3336/3160/1130 3335/3158/1128
f 3171/3161/1131 3337/3162/1131 3336/3160/1130
f 3173/3163/1132 3338/3164/1132 3337/3162/1131
f 3175/3165/1133 3339/3169/1135 3338/3164/1132
f 3323/3777/1160 3324/3776/1160 3325/3775/1160
f 3325/3775/1160 3326/3788/1160 3327/3168/1160
f 3327/3168/1160 3328/3787/1160 3329/3786/1160
f 3329/3786/1160 3330/3785/1160 3331/3167/1160
f 3331/3167/1160 3332/3784/1160 3333/3783/1160
f 3333/3783/1160 3334/3782/1160 3335/3425/1160
f 3335/3425/1160 3336/3781/1160 3337/3780/1160
f 3337/3780/1160 3338/3779/1160 3339/3166/1160
f 3339/3166/1160 3340/3778/1160 3323/3777/1160
f 3323/3777/1160 3325/3775/1160 3327/3168/1160
f 3327/3168/1160 3329/3786/1160 3331/3167/1160
f 3331/3167/1160 3333/3783/1160 3335/3425/1160
f 3335/3425/1160 3337/3780/1160 3339/3166/1160
f 3339/3166/1160 3323/3777/1160 3327/3168/1160
f 3327/3168/1160 3331/3167/1160 3335/3425/1160
f 3177/3170/1136 3340/3171/1136 3339/3169/1135
f 3143/3172/1114 3323/3789/1114 3340/3171/1136
f 3341/3173/1204 3343/3175/1205 3344/3174/1205
f 3345/3176/1206 3346/3177/1206 3344/3174/1205
f 3347/3178/1207 3348/3443/1207 3346/3177/1206
f 3349/3180/1208 3350/3427/1208 3348/3179/1207
f 3351/3183/1209 3352/3182/1209 3350/3427/1208
f 3351/3183/1209 3353/3185/1210 3354/3184/1210
f 3355/3186/1211 3356/3187/1211 3354/3184/1210
f 3357/3188/1212 3358/3790/1212 3356/3187/1211
f 3357/3191/1212 3359/3190/1213 3360/3428/1213
f 3361/3193/1214 3362/3192/1214 3360/3428/1213
f 3361/3193/1214 3363/3195/1215 3364/3194/1215
f 3365/3196/1216 3366/3429/1216 3364/3194/1215
f 3367/3198/1217 3368/3197/1217 3366/3429/1216
f 3367/3198/1217 3369/3199/1218 3370/3430/1218
f 3369/3199/1218 3371/3201/1219 3372/3200/1219
f 3371/3202/1219 3373/3204/1220 3374/3203/1220
f 3375/3206/1221 3376/3205/1221 3374/3203/1220
f 3377/3208/1222 3378/3207/1222 3376/3205/1221
f 3379/3209/1223 3380/3432/1223 3378/3207/1222
f 3381/3211/1224 3382/3210/1224 3380/3432/1223
f 3381/3211/1224 3383/3213/1225 3384/3212/1225
f 3385/3215/1226 3386/3433/1226 3384/3214/1225
f 3354/3217/1134 3395/3219/1134 3394/3218/1134
f 3385/3215/1226 3387/3221/1227 3388/3220/1227
f 3341/3173/1204 3342/3426/1204 3388/3220/1227
f 3383/3224/1134 3458/3223/1134 3459/3356/1134
f 3433/3226/1132 3432/3322/1162 3408/3225/1162
f 3400/3229/1134 3399/3264/1134 3362/3228/1134
f 3405/3232/1134 3404/3265/1134 3372/3231/1134
f 3384/3234/1134 3410/3236/1134 3409/3235/1134
f 3393/3238/1134 3392/3267/1134 3348/3237/1134
f 3398/3241/1134 3397/3268/1134 3358/3240/1134
f 3370/3243/1134 3403/3245/1134 3402/3244/1134
f 3380/3248/1134 3408/3247/1134 3407/3271/1134
f 3342/3249/1134 3390/3251/1134 3412/3250/1134
f 3391/3253/1134 3389/3269/1134 3344/3252/1134
f 3396/3255/1134 3395/3219/1134 3354/3217/1134
f 3401/3258/1134 3400/3229/1134 3364/3230/1134
f 3406/3259/1134 3405/3232/1134 3374/3233/1134
f 3411/3261/1134 3410/3236/1134 3384/3234/1134
f 3352/3263/1134 3394/3218/1134 3393/3238/1134
f 3399/3264/1134 3398/3241/1134 3360/3242/1134
f 3372/3231/1134 3404/3265/1134 3403/3245/1134
f 3409/3235/1134 3408/3247/1134 3380/3248/1134
f 3392/3267/1134 3391/3253/1134 3346/3254/1134
f 3358/3240/1134 3397/3268/1134 3396/3255/1134
f 3389/3269/1134 3390/3251/1134 3342/3249/1134
f 3368/3270/1134 3402/3244/1134 3401/3258/1134
f 3407/3271/1134 3406/3259/1134 3376/3260/1134
f 3412/3250/1134 3411/3261/1134 3386/3262/1134
f 3414/3436/1160 3413/3791/1160 3415/3275/1160
f 3415/3275/1160 3416/3808/1160 3417/3807/1160
f 3417/3807/1160 3418/3806/1160 3419/3805/1160
f 3419/3805/1160 3420/3804/1160 3421/3434/1160
f 3421/3434/1160 3422/3803/1160 3423/3274/1160
f 3423/3274/1160 3424/3802/1160 3425/3801/1160
f 3425/3801/1160 3426/3800/1160 3427/3799/1160
f 3427/3799/1160 3428/3798/1160 3429/3435/1160
f 3429/3435/1160 3430/3797/1160 3431/3273/1160
f 3431/3273/1160 3432/3796/1160 3433/3795/1160
f 3433/3795/1160 3434/3794/1160 3435/3793/1160
f 3435/3793/1160 3436/3792/1160 3414/3436/1160
f 3414/3436/1160 3415/3275/1160 3417/3807/1160
f 3417/3807/1160 3419/3805/1160 3421/3434/1160
f 3421/3434/1160 3423/3274/1160 3425/3801/1160
f 3425/3801/1160 3427/3799/1160 3429/3435/1160
f 3429/3435/1160 3431/3273/1160 3433/3795/1160
f 3433/3795/1160 3435/3793/1160 3414/3436/1160
f 3414/3436/1160 3417/3807/1160 3421/3434/1160
f 3421/3434/1160 3425/3801/1160 3429/3435/1160
f 3429/3435/1160 3433/3795/1160 3414/3436/1160
f 3426/3277/1163 3425/3323/1125 3401/3276/1125
f 3419/3280/1165 3418/3324/1164 3394/3279/1164
f 3410/3282/1166 3434/3283/1166 3433/3226/1132
f 3427/3284/1167 3426/3277/1163 3402/3278/1163
f 3420/3286/1168 3419/3280/1165 3395/3281/1165
f 3411/3289/1169 3435/3288/1169 3434/3283/1166
f 3404/3291/1170 3428/3290/1170 3427/3284/1167
f 3421/3292/1122 3420/3286/1168 3396/3287/1168
f 3412/3296/1171 3436/3295/1171 3435/3437/1169
f 3413/3298/1172 3414/3306/1114 3390/3297/1114
f 3429/3301/1128 3428/3444/1170 3404/3300/1170
f 3422/3304/1173 3421/3445/1122 3397/3303/1122
f 3414/3306/1114 3436/3295/1171 3412/3296/1171
f 3391/3308/1174 3415/3307/1174 3413/3298/1172
f 3430/3309/1175 3429/3301/1128 3405/3302/1128
f 3399/3312/1176 3423/3311/1176 3422/3304/1173
f 3416/3314/1177 3415/3307/1174 3391/3308/1174
f 3431/3315/1178 3430/3309/1175 3406/3310/1175
f 3424/3317/1179 3423/3311/1176 3399/3312/1176
f 3417/3320/1118 3416/3446/1177 3392/3319/1177
f 3432/3322/1162 3431/3315/1178 3407/3316/1178
f 3425/3323/1125 3424/3317/1179 3400/3318/1179
f 3418/3324/1164 3417/3320/1118 3393/3321/1118
f 3468/3326/1228 3469/3386/1235 3445/3325/1132
f 3441/3329/1134 3442/3358/1134 3351/3328/1134
f 3446/3332/1134 3447/3360/1134 3361/3331/1134
f 3369/3334/1134 3451/3336/1134 3452/3335/1134
f 3379/3337/1134 3456/3339/1134 3457/3338/1134
f 3439/3341/1134 3440/3364/1134 3347/3340/1134
f 3444/3344/1134 3445/3365/1134 3357/3343/1134
f 3437/3347/1134 3438/3369/1134 3343/3346/1134
f 3449/3351/1134 3450/3350/1134 3367/3366/1134
f 3375/3352/1134 3454/3354/1134 3455/3353/1134
f 3459/3356/1134 3460/3368/1134 3387/3355/1134
f 3442/3358/1134 3443/3370/1134 3353/3357/1134
f 3447/3360/1134 3448/3371/1134 3363/3359/1134
f 3371/3361/1134 3452/3335/1134 3453/3362/1134
f 3381/3363/1134 3457/3338/1134 3458/3223/1134
f 3440/3364/1134 3441/3329/1134 3349/3330/1134
f 3445/3365/1134 3446/3332/1134 3359/3333/1134
f 3367/3366/1134 3450/3350/1134 3451/3336/1134
f 3377/3367/1134 3455/3353/1134 3456/3339/1134
f 3460/3368/1134 3437/3347/1134 3341/3348/1134
f 3438/3369/1134 3439/3341/1134 3345/3342/1134
f 3443/3370/1134 3444/3344/1134 3355/3345/1134
f 3363/3359/1134 3448/3371/1134 3449/3351/1134
f 3373/3372/1134 3453/3362/1134 3454/3354/1134
f 3462/3440/1231 3461/3809/1233 3484/3375/1236
f 3484/3375/1236 3483/3826/1232 3482/3825/1250
f 3482/3825/1250 3481/3824/1247 3480/3823/1244
f 3480/3823/1244 3479/3822/1240 3478/3438/1229
f 3478/3438/1229 3477/3821/1237 3476/3374/1234
f 3476/3374/1234 3475/3820/1257 3474/3819/1248
f 3474/3819/1248 3473/3818/1245 3472/3817/1242
f 3472/3817/1242 3471/3816/1238 3470/3439/1230
f 3470/3439/1230 3469/3815/1235 3468/3373/1228
f 3468/3373/1228 3467/3814/1249 3466/3813/1246
f 3466/3813/1246 3465/3812/1243 3464/3811/1241
f 3464/3811/1241 3463/3810/1239 3462/3440/1231
f 3462/3440/1231 3484/3375/1236 3482/3825/1250
f 3482/3825/1250 3480/3823/1244 3478/3438/1229
f 3478/3438/1229 3476/3374/1234 3474/3819/1248
f 3474/3819/1248 3472/3817/1242 3470/3439/1230
f 3470/3439/1230 3468/3373/1228 3466/3813/1246
f 3466/3813/1246 3464/3811/1241 3462/3440/1231
f 3462/3440/1231 3482/3825/1250 3478/3438/1229
f 3478/3438/1229 3474/3819/1248 3470/3439/1230
f 3470/3439/1230 3466/3813/1246 3462/3440/1231
f 3483/3377/1232 3484/3387/1236 3460/3376/1179
f 3461/3380/1233 3462/3389/1231 3438/3379/1163
f 3476/3383/1234 3477/3391/1237 3453/3382/1118
f 3469/3386/1235 3470/3393/1230 3446/3385/1166
f 3484/3387/1236 3461/3380/1233 3437/3381/1125
f 3462/3389/1231 3463/3395/1239 3439/3388/1167
f 3477/3391/1237 3478/3397/1229 3454/3390/1164
f 3446/3385/1166 3470/3393/1230 3471/3441/1238
f 3463/3395/1239 3464/3827/1241 3440/3394/1170
f 3454/3390/1164 3478/3397/1229 3479/3396/1240
f 3471/3399/1238 3472/3407/1242 3448/3398/1171
f 3464/3402/1241 3465/3409/1243 3441/3401/1128
f 3479/3396/1240 3480/3405/1244 3456/3411/1168
f 3472/3407/1242 3473/3413/1245 3449/3406/1114
f 3465/3409/1243 3466/3415/1246 3442/3408/1175
f 3480/3405/1244 3481/3828/1247 3457/3410/1122
f 3473/3413/1245 3474/3420/1248 3450/3412/1172
f 3466/3415/1246 3467/3421/1249 3443/3414/1178
f 3481/3417/1247 3482/3422/1250 3458/3416/1173
f 3474/3420/1248 3475/3424/1257 3451/3419/1174
f 3467/3421/1249 3468/3326/1228 3444/3327/1162
f 3482/3422/1250 3483/3377/1232 3459/3378/1176
f 3451/3419/1174 3475/3424/1257 3476/3442/1234
f 3487/3134/1124 3488/3136/1124 3486/3133/1125
f 3489/3137/1123 3490/3138/1123 3488/3136/1124
f 3491/3139/1122 3492/3140/1122 3490/3138/1123
f 3493/3141/1120 3494/3142/1120 3492/3140/1122
f 3495/3143/1119 3496/3144/1119 3494/3142/1120
f 3497/3145/1118 3498/3146/1118 3496/3144/1119
f 3499/3147/1117 3500/3148/1117 3498/3146/1118
f 3501/3149/1115 3502/3150/1115 3500/3148/1117
f 3503/3151/1114 3504/3152/1114 3502/3150/1115
f 3505/3153/1136 3506/3154/1136 3504/3152/1114
f 3507/3155/1133 3508/3156/1133 3506/3154/1136
f 3509/3157/1132 3510/3158/1132 3508/3156/1133
f 3511/3159/1131 3512/3160/1251 3510/3158/1132
f 3513/3161/1130 3514/3162/1130 3512/3160/1251
f 3513/3161/1130 3515/3163/1128 3516/3164/1128
f 3517/3165/1127 3518/3169/1127 3516/3164/1128
f 3486/3777/1134 3488/3776/1134 3490/3775/1134
f 3490/3775/1134 3492/3788/1134 3494/3168/1134
f 3494/3168/1134 3496/3787/1134 3498/3786/1134
f 3498/3786/1134 3500/3785/1134 3502/3167/1134
f 3502/3167/1134 3504/3784/1134 3506/3783/1134
f 3506/3783/1134 3508/3782/1134 3510/3425/1134
f 3510/3425/1134 3512/3781/1134 3514/3780/1134
f 3514/3780/1134 3516/3779/1134 3518/3166/1134
f 3518/3166/1134 3520/3778/1134 3486/3777/1134
f 3486/3777/1134 3490/3775/1134 3494/3168/1134
f 3494/3168/1134 3498/3786/1134 3502/3167/1134
f 3502/3167/1134 3506/3783/1134 3510/3425/1134
f 3510/3425/1134 3514/3780/1134 3518/3166/1134
f 3518/3166/1134 3486/3777/1134 3494/3168/1134
f 3494/3168/1134 3502/3167/1134 3510/3425/1134
f 3519/3170/1126 3520/3171/1126 3518/3169/1127
f 3485/3172/1125 3486/3789/1125 3520/3171/1126
f 3523/3175/1148 3524/3174/1148 3522/3426/1149
f 3525/3176/1147 3526/3177/1147 3524/3174/1148
f 3525/3176/1147 3527/3178/1146 3528/3443/1146
f 3527/3181/1146 3529/3180/1145 3530/3427/1145
f 3531/3183/1144 3532/3182/1144 3530/3427/1145
f 3531/3183/1144 3533/3185/1143 3534/3184/1143
f 3533/3185/1143 3535/3186/1142 3536/3187/1142
f 3537/3188/1141 3538/3790/1141 3536/3187/1142
f 3537/3191/1141 3539/3190/1140 3540/3428/1140
f 3539/3190/1140 3541/3193/1139 3542/3192/1139
f 3543/3195/1138 3544/3194/1138 3542/3192/1139
f 3543/3195/1138 3545/3196/1137 3546/3429/1137
f 3545/3196/1137 3547/3198/1161 3548/3197/1161
f 3547/3198/1161 3549/3199/1159 3550/3430/1159
f 3549/3199/1159 3551/3201/1158 3552/3200/1158
f 3553/3204/1157 3554/3203/1157 3552/3431/1158
f 3555/3206/1156 3556/3205/1156 3554/3203/1157
f 3557/3208/1155 3558/3207/1155 3556/3205/1156
f 3557/3208/1155 3559/3209/1154 3560/3432/1154
f 3561/3211/1153 3562/3210/1153 3560/3432/1154
f 3561/3211/1153 3563/3213/1152 3564/3212/1152
f 3563/3216/1152 3565/3215/1151 3566/3433/1151
f 3534/3217/1160 3575/3219/1160 3574/3218/1160
f 3567/3221/1150 3568/3220/1150 3566/3433/1151
f 3567/3221/1150 3521/3173/1149 3522/3426/1149
f 3563/3224/1160 3638/3223/1160 3639/3356/1160
f 3613/3226/1128 3612/3322/1175 3588/3225/1175
f 3580/3229/1160 3579/3264/1160 3542/3228/1160
f 3554/3233/1160 3585/3232/1160 3584/3265/1160
f 3590/3236/1160 3589/3235/1160 3562/3266/1160
f 3530/3239/1160 3573/3238/1160 3572/3267/1160
f 3578/3241/1160 3577/3268/1160 3538/3240/1160
f 3550/3243/1160 3583/3245/1160 3582/3244/1160
f 3560/3248/1160 3588/3247/1160 3587/3271/1160
f 3570/3251/1160 3592/3250/1160 3568/3272/1160
f 3526/3254/1160 3571/3253/1160 3569/3269/1160
f 3576/3255/1160 3575/3219/1160 3534/3217/1160
f 3581/3258/1160 3580/3229/1160 3544/3230/1160
f 3556/3260/1160 3586/3259/1160 3585/3232/1160
f 3591/3261/1160 3590/3236/1160 3564/3234/1160
f 3532/3263/1160 3574/3218/1160 3573/3238/1160
f 3579/3264/1160 3578/3241/1160 3540/3242/1160
f 3552/3231/1160 3584/3265/1160 3583/3245/1160
f 3589/3235/1160 3588/3247/1160 3560/3248/1160
f 3572/3267/1160 3571/3253/1160 3526/3254/1160
f 3577/3268/1160 3576/3255/1160 3536/3256/1160
f 3524/3252/1160 3569/3269/1160 3570/3251/1160
f 3582/3244/1160 3581/3258/1160 3546/3257/1160
f 3587/3271/1160 3586/3259/1160 3556/3260/1160
f 3592/3250/1160 3591/3261/1160 3566/3262/1160
f 3594/3436/1134 3593/3791/1134 3595/3275/1134
f 3595/3275/1134 3596/3808/1134 3597/3807/1134
f 3597/3807/1134 3598/3806/1134 3599/3805/1134
f 3599/3805/1134 3600/3804/1134 3601/3434/1134
f 3601/3434/1134 3602/3803/1134 3603/3274/1134
f 3603/3274/1134 3604/3802/1134 3605/3801/1134
f 3605/3801/1134 3606/3800/1134 3607/3799/1134
f 3607/3799/1134 3608/3798/1134 3609/3435/1134
f 3609/3435/1134 3610/3797/1134 3611/3273/1134
f 3611/3273/1134 3612/3796/1134 3613/3795/1134
f 3613/3795/1134 3614/3794/1134 3615/3793/1134
f 3615/3793/1134 3616/3792/1134 3594/3436/1134
f 3594/3436/1134 3595/3275/1134 3597/3807/1134
f 3597/3807/1134 3599/3805/1134 3601/3434/1134
f 3601/3434/1134 3603/3274/1134 3605/3801/1134
f 3605/3801/1134 3607/3799/1134 3609/3435/1134
f 3609/3435/1134 3611/3273/1134 3613/3795/1134
f 3613/3795/1134 3615/3793/1134 3594/3436/1134
f 3594/3436/1134 3597/3807/1134 3601/3434/1134
f 3601/3434/1134 3605/3801/1134 3609/3435/1134
f 3609/3435/1134 3613/3795/1134 3594/3436/1134
f 3606/3277/1171 3605/3323/1114 3581/3276/1114
f 3599/3280/1165 3598/3324/1168 3574/3279/1168
f 3614/3283/1170 3613/3226/1128 3589/3227/1128
f 3607/3284/1169 3606/3277/1171 3582/3278/1171
f 3600/3286/1164 3599/3280/1165 3575/3281/1165
f 3615/3288/1167 3614/3283/1170 3590/3282/1170
f 3608/3290/1166 3607/3284/1169 3583/3285/1169
f 3601/3292/1118 3600/3286/1164 3576/3287/1164
f 3616/3295/1163 3615/3437/1167 3591/3294/1167
f 3593/3298/1179 3594/3306/1125 3570/3297/1125
f 3609/3301/1132 3608/3444/1166 3584/3300/1166
f 3602/3304/1177 3601/3445/1118 3577/3303/1118
f 3594/3306/1125 3616/3295/1163 3592/3296/1163
f 3595/3307/1176 3593/3298/1179 3569/3299/1179
f 3610/3309/1162 3609/3301/1132 3585/3302/1132
f 3603/3311/1174 3602/3304/1177 3578/3305/1177
f 3572/3313/1173 3596/3314/1173 3595/3307/1176
f 3611/3315/1178 3610/3309/1162 3586/3310/1162
f 3604/3317/1172 3603/3311/1174 3579/3312/1174
f 3597/3320/1122 3596/3446/1173 3572/3319/1173
f 3612/3322/1175 3611/3315/1178 3587/3316/1178
f 3605/3323/1114 3604/3317/1172 3580/3318/1172
f 3598/3324/1168 3597/3320/1122 3573/3321/1122
f 3648/3326/1198 3649/3386/1196 3625/3325/1128
f 3529/3330/1160 3621/3329/1160 3622/3358/1160
f 3626/3332/1160 3627/3360/1160 3541/3331/1160
f 3549/3334/1160 3631/3336/1160 3632/3335/1160
f 3636/3339/1160 3637/3338/1160 3561/3363/1160
f 3619/3341/1160 3620/3364/1160 3527/3340/1160
f 3624/3344/1160 3625/3365/1160 3537/3343/1160
f 3521/3348/1160 3617/3347/1160 3618/3369/1160
f 3545/3349/1160 3629/3351/1160 3630/3350/1160
f 3555/3352/1160 3634/3354/1160 3635/3353/1160
f 3565/3222/1160 3639/3356/1160 3640/3368/1160
f 3531/3328/1160 3622/3358/1160 3623/3370/1160
f 3541/3331/1160 3627/3360/1160 3628/3371/1160
f 3551/3361/1160 3632/3335/1160 3633/3362/1160
f 3561/3363/1160 3637/3338/1160 3638/3223/1160
f 3620/3364/1160 3621/3329/1160 3529/3330/1160
f 3625/3365/1160 3626/3332/1160 3539/3333/1160
f 3630/3350/1160 3631/3336/1160 3549/3334/1160
f 3635/3353/1160 3636/3339/1160 3559/3337/1160
f 3640/3368/1160 3617/3347/1160 3521/3348/1160
f 3618/3369/1160 3619/3341/1160 3525/3342/1160
f 3623/3370/1160 3624/3344/1160 3535/3345/1160
f 3628/3371/1160 3629/3351/1160 3545/3349/1160
f 3553/3372/1160 3633/3362/1160 3634/3354/1160
f 3642/3440/1253 3641/3809/1197 3664/3375/1200
f 3664/3375/1200 3663/3826/1203 3662/3825/1181
f 3662/3825/1181 3661/3824/1187 3660/3823/1191
f 3660/3823/1191 3659/3822/1464 3658/3438/1252
f 3658/3438/1252 3657/3821/1199 3656/3374/1202
f 3656/3374/1202 3655/3820/1183 3654/3819/1254
f 3654/3819/1254 3653/3818/1184 3652/3817/1186
f 3652/3817/1186 3651/3816/1189 3650/3439/1193
f 3650/3439/1193 3649/3815/1196 3648/3373/1198
f 3648/3373/1198 3647/3814/1201 3646/3813/1180
f 3646/3813/1180 3645/3812/1185 3644/3811/1188
f 3644/3811/1188 3643/3810/1192 3642/3440/1253
f 3642/3440/1253 3664/3375/1200 3662/3825/1181
f 3662/3825/1181 3660/3823/1191 3658/3438/1252
f 3658/3438/1252 3656/3374/1202 3654/3819/1254
f 3654/3819/1254 3652/3817/1186 3650/3439/1193
f 3650/3439/1193 3648/3373/1198 3646/3813/1180
f 3646/3813/1180 3644/3811/1188 3642/3440/1253
f 3642/3440/1253 3662/3825/1181 3658/3438/1252
f 3658/3438/1252 3654/3819/1254 3650/3439/1193
f 3650/3439/1193 3646/3813/1180 3642/3440/1253
f 3663/3377/1203 3664/3387/1200 3640/3376/1172
f 3641/3380/1197 3642/3389/1253 3618/3379/1171
f 3656/3383/1202 3657/3391/1199 3633/3382/1122
f 3649/3386/1196 3650/3393/1193 3626/3385/1170
f 3664/3387/1200 3641/3380/1197 3617/3381/1114
f 3642/3389/1253 3643/3395/1192 3619/3388/1169
f 3657/3391/1199 3658/3397/1252 3634/3390/1168
f 3650/3393/1193 3651/3441/1189 3627/3392/1167
f 3643/3395/1192 3644/3827/1188 3620/3394/1166
f 3658/3397/1252 3659/3396/1464 3635/3404/1165
f 3651/3399/1189 3652/3407/1186 3628/3398/1163
f 3644/3402/1188 3645/3409/1185 3621/3401/1132
f 3635/3404/1165 3659/3396/1464 3660/3405/1191
f 3652/3407/1186 3653/3413/1184 3629/3406/1125
f 3645/3409/1185 3646/3415/1180 3622/3408/1162
f 3660/3405/1191 3661/3828/1187 3637/3410/1118
f 3653/3413/1184 3654/3420/1254 3630/3412/1179
f 3622/3408/1162 3646/3415/1180 3647/3421/1201
f 3661/3417/1187 3662/3422/1181 3638/3416/1177
f 3654/3420/1254 3655/3424/1183 3631/3419/1176
f 3647/3421/1201 3648/3326/1198 3624/3327/1175
f 3662/3422/1181 3663/3377/1203 3639/3378/1174
f 3655/3424/1183 3656/3442/1202 3632/3423/1173
f 3665/3133/1125 3666/3136/1124 3487/3134/1124
f 3666/3136/1124 3667/3138/1123 3489/3137/1123
f 3667/3138/1123 3668/3140/1122 3491/3139/1122
f 3668/3140/1122 3669/3142/1121 3493/3141/1120
f 3669/3142/1121 3670/3144/1119 3495/3143/1119
f 3670/3144/1119 3671/3146/1118 3497/3145/1118
f 3671/3146/1118 3672/3148/1116 3499/3147/1117
f 3672/3148/1116 3673/3150/1115 3501/3149/1115
f 3673/3150/1115 3674/3152/1114 3503/3151/1114
f 3674/3152/1114 3675/3154/1136 3505/3153/1136
f 3675/3154/1136 3676/3156/1133 3507/3155/1133
f 3676/3156/1133 3677/3158/1132 3509/3157/1132
f 3677/3158/1132 3678/3160/1131 3511/3159/1131
f 3678/3160/1131 3679/3162/1130 3513/3161/1130
f 3679/3162/1130 3680/3164/1128 3515/3163/1128
f 3680/3164/1128 3681/3169/1255 3517/3165/1127
f 3667/3775/1160 3666/3776/1160 3665/3777/1160
f 3665/3777/1160 3682/3778/1160 3681/3166/1160
f 3681/3166/1160 3680/3779/1160 3679/3780/1160
f 3679/3780/1160 3678/3781/1160 3677/3425/1160
f 3677/3425/1160 3676/3782/1160 3675/3783/1160
f 3675/3783/1160 3674/3784/1160 3673/3167/1160
f 3673/3167/1160 3672/3785/1160 3671/3786/1160
f 3671/3786/1160 3670/3787/1160 3669/3168/1160
f 3669/3168/1160 3668/3788/1160 3667/3775/1160
f 3667/3775/1160 3665/3777/1160 3681/3166/1160
f 3681/3166/1160 3679/3780/1160 3677/3425/1160
f 3677/3425/1160 3675/3783/1160 3673/3167/1160
f 3673/3167/1160 3671/3786/1160 3669/3168/1160
f 3669/3168/1160 3667/3775/1160 3681/3166/1160
f 3681/3166/1160 3677/3425/1160 3673/3167/1160
f 3681/3169/1255 3682/3171/1126 3519/3170/1126
f 3682/3171/1126 3665/3789/1125 3485/3172/1125
f 3684/3426/1216 3686/3174/1215 3685/3175/1215
f 3686/3174/1215 3688/3177/1214 3687/3176/1214
f 3687/3176/1214 3688/3177/1214 3690/3443/1213
f 3689/3181/1213 3690/3179/1213 3692/3427/1212
f 3691/3180/1212 3692/3427/1212 3694/3182/1211
f 3693/3183/1211 3694/3182/1211 3696/3184/1210
f 3695/3185/1210 3696/3184/1210 3698/3187/1209
f 3698/3187/1209 3700/3790/1208 3699/3188/1208
f 3700/3189/1208 3702/3428/1207 3701/3190/1207
f 3702/3428/1207 3704/3192/1206 3703/3193/1206
f 3704/3192/1206 3706/3194/1205 3705/3195/1205
f 3705/3195/1205 3706/3194/1205 3708/3429/1204
f 3708/3429/1204 3710/3197/1227 3709/3198/1227
f 3709/3198/1227 3710/3197/1227 3712/3430/1226
f 3712/3430/1226 3714/3200/1225 3713/3201/1225
f 3714/3431/1225 3716/3203/1224 3715/3204/1224
f 3715/3204/1224 3716/3203/1224 3718/3205/1223
f 3717/3206/1223 3718/3205/1223 3720/3207/1222
f 3720/3207/1222 3722/3432/1221 3721/3209/1221
f 3721/3209/1221 3722/3432/1221 3724/3210/1220
f 3724/3210/1220 3726/3212/1219 3725/3213/1219
f 3726/3214/1219 3728/3433/1218 3727/3215/1218
f 3694/3263/1134 3736/3218/1134 3737/3219/1134
f 3728/3433/1218 3730/3220/1217 3729/3221/1217
f 3730/3220/1217 3684/3426/1216 3683/3173/1216
f 3725/3224/1134 3727/3222/1134 3801/3356/1134
f 3750/3225/1175 3774/3322/1175 3775/3226/1128
f 3704/3228/1134 3741/3264/1134 3742/3229/1134
f 3716/3233/1134 3714/3231/1134 3746/3265/1134
f 3724/3266/1134 3751/3235/1134 3752/3236/1134
f 3692/3239/1134 3690/3237/1134 3734/3267/1134
f 3700/3240/1134 3739/3268/1134 3740/3241/1134
f 3712/3243/1134 3710/3270/1134 3744/3244/1134
f 3722/3248/1134 3720/3246/1134 3749/3271/1134
f 3730/3272/1134 3754/3250/1134 3732/3251/1134
f 3688/3254/1134 3686/3252/1134 3731/3269/1134
f 3698/3256/1134 3696/3217/1134 3737/3219/1134
f 3706/3230/1134 3742/3229/1134 3743/3258/1134
f 3718/3260/1134 3716/3233/1134 3747/3232/1134
f 3726/3234/1134 3752/3236/1134 3753/3261/1134
f 3694/3263/1134 3692/3239/1134 3735/3238/1134
f 3702/3242/1134 3740/3241/1134 3741/3264/1134
f 3714/3231/1134 3712/3243/1134 3745/3245/1134
f 3722/3248/1134 3750/3247/1134 3751/3235/1134
f 3688/3254/1134 3733/3253/1134 3734/3267/1134
f 3698/3256/1134 3738/3255/1134 3739/3268/1134
f 3686/3252/1134 3684/3249/1134 3732/3251/1134
f 3710/3270/1134 3708/3257/1134 3743/3258/1134
f 3718/3260/1134 3748/3259/1134 3749/3271/1134
f 3728/3262/1134 3753/3261/1134 3754/3250/1134
f 3757/3275/1160 3755/3791/1160 3756/3436/1160
f 3756/3436/1160 3778/3792/1160 3777/3793/1160
f 3777/3793/1160 3776/3794/1160 3775/3795/1160
f 3775/3795/1160 3774/3796/1160 3773/3273/1160
f 3773/3273/1160 3772/3797/1160 3771/3435/1160
f 3771/3435/1160 3770/3798/1160 3769/3799/1160
f 3769/3799/1160 3768/3800/1160 3767/3801/1160
f 3767/3801/1160 3766/3802/1160 3765/3274/1160
f 3765/3274/1160 3764/3803/1160 3763/3434/1160
f 3763/3434/1160 3762/3804/1160 3761/3805/1160
f 3761/3805/1160 3760/3806/1160 3759/3807/1160
f 3759/3807/1160 3758/3808/1160 3757/3275/1160
f 3757/3275/1160 3756/3436/1160 3777/3793/1160
f 3777/3793/1160 3775/3795/1160 3773/3273/1160
f 3773/3273/1160 3771/3435/1160 3769/3799/1160
f 3769/3799/1160 3767/3801/1160 3765/3274/1160
f 3765/3274/1160 3763/3434/1160 3761/3805/1160
f 3761/3805/1160 3759/3807/1160 3757/3275/1160
f 3757/3275/1160 3777/3793/1160 3773/3273/1160
f 3773/3273/1160 3769/3799/1160 3765/3274/1160
f 3765/3274/1160 3761/3805/1160 3757/3275/1160
f 3743/3276/1114 3767/3323/1114 3768/3277/1171
f 3736/3279/1168 3760/3324/1168 3761/3280/1165
f 3751/3227/1128 3775/3226/1128 3776/3283/1170
f 3744/3278/1171 3768/3277/1171 3769/3284/1169
f 3737/3281/1165 3761/3280/1165 3762/3286/1164
f 3752/3282/1170 3776/3283/1170 3777/3288/1167
f 3746/3291/1166 3745/3285/1169 3769/3284/1169
f 3738/3287/1164 3762/3286/1164 3763/3292/1118
f 3754/3296/1163 3753/3294/1167 3777/3437/1167
f 3732/3297/1125 3756/3306/1125 3755/3298/1179
f 3747/3302/1132 3746/3300/1166 3770/3444/1166
f 3740/3305/1177 3739/3303/1118 3763/3445/1118
f 3754/3296/1163 3778/3295/1163 3756/3306/1125
f 3733/3308/1176 3731/3299/1179 3755/3298/1179
f 3747/3302/1132 3771/3301/1132 3772/3309/1162
f 3741/3312/1174 3740/3305/1177 3764/3304/1177
f 3734/3313/1173 3733/3308/1176 3757/3307/1176
f 3748/3310/1162 3772/3309/1162 3773/3315/1178
f 3741/3312/1174 3765/3311/1174 3766/3317/1172
f 3735/3321/1122 3734/3319/1173 3758/3446/1173
f 3749/3316/1178 3773/3315/1178 3774/3322/1175
f 3742/3318/1172 3766/3317/1172 3767/3323/1114
f 3735/3321/1122 3759/3320/1122 3760/3324/1168
f 3787/3325/1128 3811/3386/1243 3810/3326/1246
f 3693/3328/1134 3784/3358/1134 3783/3329/1134
f 3703/3331/1134 3789/3360/1134 3788/3332/1134
f 3711/3334/1134 3713/3361/1134 3794/3335/1134
f 3723/3363/1134 3799/3338/1134 3798/3339/1134
f 3689/3340/1134 3782/3364/1134 3781/3341/1134
f 3699/3343/1134 3787/3365/1134 3786/3344/1134
f 3683/3348/1134 3685/3346/1134 3780/3369/1134
f 3707/3349/1134 3709/3366/1134 3792/3350/1134
f 3717/3352/1134 3719/3367/1134 3797/3353/1134
f 3727/3222/1134 3729/3355/1134 3802/3368/1134
f 3693/3328/1134 3695/3357/1134 3785/3370/1134
f 3703/3331/1134 3705/3359/1134 3790/3371/1134
f 3713/3361/1134 3715/3372/1134 3795/3362/1134
f 3723/3363/1134 3725/3224/1134 3800/3223/1134
f 3691/3330/1134 3783/3329/1134 3782/3364/1134
f 3701/3333/1134 3788/3332/1134 3787/3365/1134
f 3711/3334/1134 3793/3336/1134 3792/3350/1134
f 3721/3337/1134 3798/3339/1134 3797/3353/1134
f 3683/3348/1134 3779/3347/1134 3802/3368/1134
f 3687/3342/1134 3781/3341/1134 3780/3369/1134
f 3697/3345/1134 3786/3344/1134 3785/3370/1134
f 3705/3359/1134 3707/3349/1134 3791/3351/1134
f 3715/3372/1134 3717/3352/1134 3796/3354/1134
f 3826/3375/1256 3803/3809/1245 3804/3440/1242
f 3804/3440/1242 3805/3810/1238 3806/3811/1230
f 3806/3811/1230 3807/3812/1235 3808/3813/1228
f 3808/3813/1228 3809/3814/1249 3810/3373/1246
f 3810/3373/1246 3811/3815/1243 3812/3439/1241
f 3812/3439/1241 3813/3816/1239 3814/3817/1258
f 3814/3817/1258 3815/3818/1233 3816/3819/1236
f 3816/3819/1236 3817/3820/1232 3818/3374/1250
f 3818/3374/1250 3819/3821/1247 3820/3438/1244
f 3820/3438/1244 3821/3822/1240 3822/3823/1259
f 3822/3823/1259 3823/3824/1237 3824/3825/1234
f 3824/3825/1234 3825/3826/1257 3826/3375/1256
f 3826/3375/1256 3804/3440/1242 3806/3811/1230
f 3806/3811/1230 3808/3813/1228 3810/3373/1246
f 3810/3373/1246 3812/3439/1241 3814/3817/1258
f 3814/3817/1258 3816/3819/1236 3818/3374/1250
f 3818/3374/1250 3820/3438/1244 3822/3823/1259
f 3822/3823/1259 3824/3825/1234 3826/3375/1256
f 3826/3375/1256 3806/3811/1230 3810/3373/1246
f 3810/3373/1246 3814/3817/1258 3818/3374/1250
f 3818/3374/1250 3822/3823/1259 3826/3375/1256
f 3802/3376/1172 3826/3387/1256 3825/3377/1257
f 3780/3379/1171 3804/3389/1242 3803/3380/1245
f 3795/3382/1122 3819/3391/1247 3818/3383/1250
f 3788/3385/1170 3812/3393/1241 3811/3386/1243
f 3779/3381/1114 3803/3380/1245 3826/3387/1256
f 3781/3388/1169 3805/3395/1238 3804/3389/1242
f 3796/3390/1168 3820/3397/1244 3819/3391/1247
f 3788/3385/1170 3789/3392/1167 3813/3441/1239
f 3782/3394/1166 3806/3827/1230 3805/3395/1238
f 3797/3404/1165 3821/3396/1240 3820/3397/1244
f 3790/3398/1163 3814/3407/1258 3813/3399/1239
f 3783/3401/1132 3807/3409/1235 3806/3402/1230
f 3798/3411/1164 3822/3405/1259 3821/3396/1240
f 3791/3406/1125 3815/3413/1233 3814/3407/1258
f 3784/3408/1162 3808/3415/1228 3807/3409/1235
f 3799/3410/1118 3823/3828/1237 3822/3405/1259
f 3792/3412/1179 3816/3420/1236 3815/3413/1233
f 3785/3414/1178 3809/3421/1249 3808/3415/1228
f 3800/3416/1177 3824/3422/1234 3823/3417/1237
f 3793/3419/1176 3817/3424/1232 3816/3420/1236
f 3785/3414/1178 3786/3327/1175 3810/3326/1246
f 3801/3378/1174 3825/3377/1257 3824/3422/1234
f 3793/3419/1176 3794/3423/1173 3818/3442/1250
s 0
f 3847/3478/1327 3845/3829/1327 3846/3479/1327
f 3850/3459/1134 3848/3456/1134 3849/3458/1134
f 3830/3490/1465 3827/3481/1465 3829/3491/1465
f 3881/3495/1178 3879/3830/1178 3877/3709/1178
f 3877/3709/1178 3875/3831/1178 3873/3493/1178
f 3873/3493/1178 3871/3832/1178 3885/3494/1178
f 3885/3494/1178 3883/3833/1178 3881/3495/1178
f 3881/3495/1178 3877/3709/1178 3873/3493/1178
f 3833/3496/1466 3832/3500/1466 3830/3497/1466
f 3839/3506/1467 3837/3503/1467 3838/3502/1467
f 3841/3508/1275 3839/3834/1275 3840/3509/1275
f 3844/3511/1468 3843/3513/1468 3841/3508/1468
f 3846/3512/1469 3845/3710/1469 3843/3513/1469
f 3835/3711/1178 3833/3835/1178 3831/3514/1178
f 3831/3514/1178 3829/3713/1178 3828/3836/1178
f 3828/3836/1178 3846/3837/1178 3844/3515/1178
f 3844/3515/1178 3842/3712/1178 3840/3838/1178
f 3840/3838/1178 3838/3839/1178 3836/3516/1178
f 3836/3516/1178 3835/3711/1178 3831/3514/1178
f 3831/3514/1178 3828/3836/1178 3844/3515/1178
f 3844/3515/1178 3840/3838/1178 3836/3516/1178
f 3857/3517/1279 3851/3529/1279 3855/3518/1279
f 3830/3521/1165 3832/3840/1165 3834/3575/1165
f 3834/3575/1470 3837/3503/1470 3839/3506/1470
f 3839/3506/1165 3841/3841/1165 3843/3842/1165
f 3843/3842/1165 3845/3843/1165 3847/3520/1165
f 3847/3520/1165 3827/3844/1165 3830/3521/1165
f 3830/3521/1165 3834/3575/1165 3839/3506/1165
f 3839/3506/1165 3843/3842/1165 3847/3520/1165
f 3852/3453/1160 3854/3450/1160 3855/3452/1160
f 3858/3522/1280 3853/3528/1280 3849/3523/1280
f 3848/3525/1178 3850/3845/1178 3854/3526/1178
f 3853/3528/1165 3855/3518/1165 3851/3529/1165
f 3860/3463/1281 3868/3714/1281 3866/3530/1281
f 3864/3447/1282 3854/3450/1282 3867/3531/1282
f 3875/3533/1471 3874/3535/1471 3872/3468/1471
f 3875/3533/1472 3877/3715/1472 3876/3534/1472
f 3877/3536/1473 3879/3716/1473 3878/3537/1473
f 3879/3539/1474 3881/3542/1474 3880/3540/1474
f 3883/3484/1475 3882/3486/1475 3880/3540/1475
f 3888/3543/1134 3894/3476/1134 3887/3475/1134
f 3892/3545/1125 3888/3846/1125 3889/3546/1125
f 3874/3550/1165 3876/3538/1165 3878/3537/1165
f 3878/3537/1165 3880/3847/1165 3882/3548/1165
f 3882/3548/1165 3884/3848/1165 3870/3549/1165
f 3870/3549/1165 3872/3849/1165 3874/3550/1165
f 3874/3550/1165 3878/3537/1165 3882/3548/1165
f 3890/3551/1160 3896/3473/1160 3893/3472/1160
f 3886/3553/1114 3890/3556/1114 3891/3554/1114
f 3890/3556/1290 3886/3553/1290 3895/3557/1290
f 3894/3559/1291 3888/3846/1291 3892/3545/1291
f 3896/3558/1165 3895/3557/1165 3894/3562/1165
f 3898/3566/1134 3899/3850/1134 3910/3567/1134
f 3902/3569/1160 3903/3707/1160 3913/3570/1160
f 3919/3572/1165 3902/3851/1165 3912/3573/1165
f 3918/3576/1178 3905/3680/1178 3914/3577/1178
f 3957/3579/1295 3925/3717/1295 3924/3580/1295
f 3906/3582/1114 3907/3718/1114 3899/3583/1114
f 3901/3585/1125 3909/3719/1125 3908/3586/1125
f 3900/3588/1160 3916/3852/1160 3917/3589/1160
f 3901/3591/1178 3899/3720/1178 3907/3592/1178
f 3910/3594/1178 3899/3720/1178 3901/3591/1178
f 3911/3596/1165 3916/3721/1165 3900/3597/1165
f 3900/3597/1165 3908/3853/1165 3906/3582/1165
f 3919/3598/1296 3918/3705/1296 3903/3599/1296
f 3913/3601/1114 3974/3734/1114 3975/3602/1114
f 3904/3604/1134 3953/3854/1134 3954/3605/1134
f 3923/3607/1296 3924/3855/1296 3925/3608/1296
f 3961/3610/1297 3923/3856/1297 3922/3611/1297
f 3957/3613/1160 3962/3722/1160 3922/3614/1160
f 3961/3616/1134 3958/3671/1134 3924/3617/1134
f 3931/3619/1298 3929/3857/1298 3928/3620/1298
f 3928/3622/1299 3929/3723/1299 3927/3623/1299
f 3930/3621/1165 3928/3620/1165 3926/3625/1165
f 3931/3627/1178 3933/3858/1178 3927/3628/1178
f 3926/3630/1300 3927/3724/1300 3933/3631/1300
s 1
f 3937/3633/1301 3939/3636/1303 3938/3634/1302
f 3939/3636/1303 3941/3859/1305 3940/3637/1304
f 3941/3638/1305 3943/3641/1307 3942/3639/1306
f 3943/3641/1307 3945/3643/1308 3944/3642/1160
f 3945/3643/1308 3947/3645/1310 3946/3644/1309
f 3947/3645/1310 3949/3860/1312 3948/3646/1311
f 3949/3647/1312 3951/3650/1314 3950/3648/1313
f 3951/3650/1314 3935/3861/1315 3934/3651/1178
f 3950/3725/1114 3934/3862/1114 3936/3635/1114
f 3936/3635/1114 3938/3634/1476 3940/3637/1114
f 3940/3637/1114 3942/3726/1114 3944/3652/1114
f 3944/3652/1114 3946/3863/1114 3948/3653/1114
f 3948/3653/1114 3950/3725/1114 3936/3635/1114
f 3936/3635/1114 3940/3637/1114 3944/3652/1114
f 3939/3727/1303 3937/3864/1301 3935/3654/1315
f 3935/3654/1315 3951/3729/1314 3949/3865/1312
f 3949/3865/1312 3947/3728/1310 3945/3655/1308
f 3945/3655/1308 3943/3866/1307 3941/3656/1305
f 3941/3656/1305 3939/3727/1303 3935/3654/1315
f 3935/3654/1315 3949/3865/1312 3945/3655/1308
s 0
f 3953/3657/1165 3952/3867/1165 3955/3658/1165
f 3921/3660/1160 3955/3868/1160 3952/3661/1160
f 3915/3663/1114 3954/3659/1114 3955/3658/1114
f 3919/3665/1125 3952/3869/1125 3953/3666/1125
f 3905/3668/1134 3959/3730/1134 3960/3669/1134
f 3960/3669/1134 3959/3730/1134 3958/3671/1134
f 3918/3672/1160 3919/3731/1160 3963/3673/1160
f 3963/3673/1160 3962/3722/1160 3957/3613/1160
f 3919/3675/1297 3904/3732/1297 3960/3676/1297
f 3960/3676/1316 3964/3682/1316 3967/3678/1316
f 3918/3576/1295 3956/3681/1295 3959/3679/1295
f 3956/3681/1295 3957/3579/1295 3958/3581/1295
f 3964/3682/1297 3965/3870/1297 3966/3683/1297
f 3961/3684/1317 3962/3694/1317 3966/3685/1317
f 3967/3678/1316 3971/3693/1316 3969/3687/1316
f 3960/3669/1134 3961/3616/1134 3965/3688/1134
f 3969/3690/1160 3971/3871/1160 3970/3691/1160
f 3966/3683/1297 3970/3872/1297 3971/3693/1297
f 3962/3694/1317 3968/3735/1317 3970/3695/1317
f 3962/3696/1295 3963/3733/1295 3969/3697/1295
f 3973/3699/1178 3972/3873/1178 3975/3700/1178
f 3920/3702/1134 3975/3874/1134 3972/3703/1134
f 3918/3705/1125 3972/3875/1125 3973/3706/1125
f 3903/3707/1160 3973/3876/1160 3974/3708/1160
f 3995/3479/1269 3994/3829/1269 3996/3478/1269
f 3998/3458/1160 3997/3456/1160 3999/3459/1160
f 3978/3491/1477 3976/3481/1477 3979/3490/1477
f 4026/3709/1178 4028/3830/1178 4030/3495/1178
f 4030/3495/1178 4032/3833/1178 4034/3494/1178
f 4034/3494/1178 4020/3832/1178 4022/3493/1178
f 4022/3493/1178 4024/3831/1178 4026/3709/1178
f 4026/3709/1178 4030/3495/1178 4034/3494/1178
f 3982/3496/1469 3980/3498/1469 3979/3497/1469
f 3987/3502/1478 3986/3503/1478 3988/3506/1478
f 3989/3509/1333 3988/3834/1333 3990/3508/1333
f 3993/3511/1479 3991/3510/1479 3990/3508/1479
f 3995/3512/1480 3993/3511/1480 3992/3513/1480
f 3980/3514/1178 3982/3835/1178 3984/3711/1178
f 3984/3711/1178 3985/3516/1178 3987/3839/1178
f 3987/3839/1178 3989/3838/1178 3991/3712/1178
f 3991/3712/1178 3993/3515/1178 3995/3837/1178
f 3995/3837/1178 3977/3836/1178 3978/3713/1178
f 3978/3713/1178 3980/3514/1178 3984/3711/1178
f 3984/3711/1178 3987/3839/1178 3991/3712/1178
f 3991/3712/1178 3995/3837/1178 3978/3713/1178
f 4004/3518/1279 4000/3529/1279 4006/3517/1279
f 3983/3575/1165 3981/3840/1165 3979/3521/1165
f 3979/3521/1165 3976/3844/1165 3996/3520/1165
f 3996/3520/1165 3994/3843/1165 3992/3842/1165
f 3992/3842/1165 3990/3841/1165 3988/3506/1165
f 3988/3506/1481 3986/3503/1481 3983/3575/1481
f 3983/3575/1165 3979/3521/1165 3996/3520/1165
f 3996/3520/1165 3992/3842/1165 3988/3506/1165
f 4004/3452/1134 4003/3450/1134 4001/3453/1134
f 3998/3523/1280 4002/3528/1280 4007/3522/1280
f 4003/3526/1178 3999/3845/1178 3997/3525/1178
f 4000/3529/1165 4004/3518/1165 4002/3528/1165
f 4009/3463/1336 4001/3453/1336 4015/3530/1336
f 4013/3447/1337 4018/3532/1337 4016/3531/1337
f 4024/3533/1482 4022/3467/1482 4021/3468/1482
f 4024/3533/1483 4023/3535/1483 4025/3534/1483
f 4026/3536/1484 4025/3538/1484 4027/3537/1484
f 4028/3539/1485 4027/3541/1485 4029/3540/1485
f 4032/3484/1486 4030/3542/1486 4029/3540/1486
f 4036/3475/1160 4043/3476/1160 4037/3543/1160
f 4038/3546/1125 4037/3846/1125 4041/3545/1125
f 4027/3537/1165 4025/3538/1165 4023/3550/1165
f 4023/3550/1165 4021/3849/1165 4019/3549/1165
f 4019/3549/1165 4033/3848/1165 4031/3548/1165
f 4031/3548/1165 4029/3847/1165 4027/3537/1165
f 4027/3537/1165 4023/3550/1165 4019/3549/1165
f 4042/3472/1134 4045/3473/1134 4039/3551/1134
f 4040/3554/1114 4039/3556/1114 4035/3553/1114
f 4045/3558/1290 4044/3557/1290 4035/3553/1290
f 4041/3545/1291 4037/3846/1291 4043/3559/1291
f 4045/3558/1165 4046/3563/1165 4043/3562/1165
f 4055/3567/1160 4048/3850/1160 4047/3566/1160
f 4058/3570/1134 4052/3707/1134 4051/3569/1134
f 4057/3573/1165 4051/3851/1165 4064/3572/1165
f 4059/3577/1178 4054/3680/1178 4063/3576/1178
f 4095/3581/1295 4069/3580/1295 4070/3717/1295
f 4047/3584/1114 4048/3583/1114 3907/3718/1114
f 4049/3587/1125 3908/3586/1125 3909/3719/1125
f 4062/3589/1134 4061/3852/1134 4049/3588/1134
f 4050/3591/1178 3909/3593/1178 3907/3592/1178
f 4050/3591/1178 4048/3720/1178 4055/3594/1178
f 4056/3596/1165 4047/3584/1165 4049/3597/1165
f 3906/3582/1165 3908/3853/1165 4049/3597/1165
f 4052/3599/1296 4063/3705/1296 4064/3598/1296
f 4112/3602/1114 4111/3734/1114 4058/3601/1114
f 4091/3605/1160 4090/3854/1160 4053/3604/1160
f 4070/3608/1296 4069/3855/1296 4068/3607/1296
f 4067/3611/1297 4068/3856/1297 4098/3610/1297
f 4070/3615/1134 4067/3614/1134 4099/3722/1134
f 4098/3616/1160 4068/3618/1160 4069/3617/1160
f 4073/3620/1298 4074/3857/1298 3931/3619/1298
f 4071/3624/1348 4072/3623/1348 4074/3723/1348
f 3930/3621/1165 3932/3626/1165 4071/3625/1165
f 4072/3628/1178 3933/3858/1178 3931/3627/1178
f 4071/3630/1300 3932/3632/1300 3933/3631/1300
s 1
f 4075/3634/1349 4076/3636/1351 3937/3633/1301
f 4077/3637/1350 4078/3859/1353 4076/3636/1351
f 4077/3640/1350 4079/3639/1354 4080/3641/1352
f 4081/3642/1134 4082/3643/1356 4080/3641/1352
f 4083/3644/1355 4084/3645/1358 4082/3643/1356
f 4085/3646/1357 4086/3860/1360 4084/3645/1358
f 4087/3648/1359 4088/3650/1361 4086/3647/1360
f 3934/3651/1178 3935/3861/1315 4088/3650/1361
f 3936/3635/1114 3934/3862/1114 4087/3725/1114
f 4087/3725/1114 4085/3653/1114 4083/3863/1114
f 4083/3863/1114 4081/3652/1114 4079/3726/1114
f 4079/3726/1114 4077/3637/1114 4075/3634/1114
f 4075/3634/1114 3936/3635/1114 4087/3725/1114
f 4087/3725/1114 4083/3863/1114 4079/3726/1114
f 3935/3654/1315 3937/3864/1301 4076/3727/1351
f 4076/3727/1351 4078/3656/1353 4080/3866/1352
f 4080/3866/1352 4082/3655/1356 4084/3728/1358
f 4084/3728/1358 4086/3865/1360 4088/3729/1361
f 4088/3729/1361 3935/3654/1315 4076/3727/1351
f 4076/3727/1351 4080/3866/1352 4084/3728/1358
s 0
f 4092/3658/1165 4089/3867/1165 4090/3657/1165
f 4089/3661/1134 4092/3868/1134 4066/3660/1134
f 4092/3658/1114 4091/3659/1114 4060/3663/1114
f 4090/3666/1125 4089/3869/1125 4064/3665/1125
f 4097/3669/1160 4096/3730/1160 4054/3668/1160
f 4097/3669/1160 4098/3616/1160 4095/3671/1160
f 4063/3672/1134 4093/3674/1134 4100/3673/1134
f 4093/3674/1134 4094/3613/1134 4099/3722/1134
f 4100/3677/1297 4097/3676/1297 4053/3732/1297
f 4100/3677/1316 4104/3678/1316 4101/3682/1316
f 4054/3680/1295 4096/3679/1295 4093/3681/1295
f 4096/3679/1295 4095/3581/1295 4094/3579/1295
f 4103/3683/1297 4102/3870/1297 4101/3682/1297
f 4102/3686/1317 4103/3685/1317 4099/3694/1317
f 4106/3687/1316 4108/3693/1316 4104/3678/1316
f 4097/3669/1160 4101/3689/1160 4102/3688/1160
f 4107/3691/1134 4108/3871/1134 4106/3690/1134
f 4108/3693/1297 4107/3872/1297 4103/3683/1297
f 4107/3695/1317 4105/3735/1317 4099/3694/1317
f 4105/3698/1295 4106/3697/1295 4100/3733/1295
f 4112/3700/1178 4109/3873/1178 4110/3699/1178
f 4109/3703/1160 4112/3874/1160 4065/3702/1160
f 4110/3706/1125 4109/3875/1125 4063/3705/1125
f 4111/3708/1134 4110/3876/1134 4052/3707/1134
f 4132/3479/1411 4131/3829/1411 4133/3478/1411
f 4135/3458/1134 4134/3456/1134 4136/3459/1134
f 4115/3491/1487 4113/3481/1487 4116/3490/1487
f 4163/3709/1178 4165/3830/1178 4167/3495/1178
f 4167/3495/1178 4169/3833/1178 4171/3494/1178
f 4171/3494/1178 4157/3832/1178 4159/3493/1178
f 4159/3493/1178 4161/3831/1178 4163/3709/1178
f 4163/3709/1178 4167/3495/1178 4171/3494/1178
f 4119/3496/1488 4117/3498/1488 4116/3497/1488
f 4124/3502/1489 4123/3503/1489 4125/3506/1489
f 4126/3509/1377 4125/3834/1377 4127/3508/1377
f 4130/3511/1490 4128/3510/1490 4127/3508/1490
f 4132/3512/1491 4130/3511/1491 4129/3513/1491
f 4117/3514/1178 4119/3835/1178 4121/3711/1178
f 4121/3711/1178 4122/3516/1178 4124/3839/1178
f 4124/3839/1178 4126/3838/1178 4128/3712/1178
f 4128/3712/1178 4130/3515/1178 4132/3837/1178
f 4132/3837/1178 4114/3836/1178 4115/3713/1178
f 4115/3713/1178 4117/3514/1178 4121/3711/1178
f 4121/3711/1178 4124/3839/1178 4128/3712/1178
f 4128/3712/1178 4132/3837/1178 4115/3713/1178
f 4141/3518/1280 4137/3529/1280 4143/3517/1280
f 4120/3575/1165 4118/3840/1165 4116/3521/1165
f 4116/3521/1165 4113/3844/1165 4133/3520/1165
f 4133/3520/1165 4131/3843/1165 4129/3842/1165
f 4129/3842/1165 4127/3841/1165 4125/3506/1165
f 4125/3506/1492 4123/3503/1492 4120/3575/1492
f 4120/3575/1165 4116/3521/1165 4133/3520/1165
f 4133/3520/1165 4129/3842/1165 4125/3506/1165
f 4141/3452/1160 4140/3450/1160 4138/3453/1160
f 4135/3523/1279 4139/3528/1279 4144/3522/1279
f 4140/3526/1178 4136/3845/1178 4134/3525/1178
f 4137/3529/1165 4141/3518/1165 4139/3528/1165
f 4146/3463/1282 4138/3453/1282 4152/3530/1282
f 4150/3447/1281 4155/3532/1281 4153/3531/1281
f 4161/3533/1493 4159/3467/1493 4158/3468/1493
f 4161/3533/1494 4160/3535/1494 4162/3534/1494
f 4163/3536/1495 4162/3538/1495 4164/3537/1495
f 4165/3539/1496 4164/3541/1496 4166/3540/1496
f 4169/3484/1497 4167/3542/1497 4166/3540/1497
f 4173/3475/1134 4180/3476/1134 4174/3543/1134
f 4175/3546/1114 4174/3846/1114 4178/3545/1114
f 4164/3537/1165 4162/3538/1165 4160/3550/1165
f 4160/3550/1165 4158/3849/1165 4156/3549/1165
f 4156/3549/1165 4170/3848/1165 4168/3548/1165
f 4168/3548/1165 4166/3847/1165 4164/3537/1165
f 4164/3537/1165 4160/3550/1165 4156/3549/1165
f 4179/3472/1160 4182/3473/1160 4176/3551/1160
f 4177/3554/1125 4176/3556/1125 4172/3553/1125
f 4182/3558/1291 4181/3557/1291 4172/3553/1291
f 4178/3545/1290 4174/3846/1290 4180/3559/1290
f 4183/3563/1165 4180/3562/1165 4181/3557/1165
f 3910/3567/1134 4185/3850/1134 4184/3566/1134
f 4197/3570/1160 4189/3707/1160 4188/3569/1160
f 4196/3573/1165 4188/3851/1165 4201/3572/1165
f 4198/3577/1178 4191/3680/1178 4200/3576/1178
f 4206/3580/1389 4207/3717/1389 4230/3579/1389
f 4185/3583/1125 4193/3718/1125 4192/3582/1125
f 4186/3587/1114 4194/3586/1114 4195/3719/1114
f 3917/3589/1160 3916/3852/1160 4186/3588/1160
f 4187/3591/1178 4195/3593/1178 4193/3592/1178
f 4187/3591/1178 4185/3720/1178 3910/3594/1178
f 3911/3596/1165 4184/3584/1165 4186/3597/1165
f 4192/3582/1165 4194/3853/1165 4186/3597/1165
f 4189/3599/1390 4200/3705/1390 4201/3598/1390
f 4202/3603/1125 4248/3602/1125 4247/3734/1125
f 4227/3605/1134 4226/3854/1134 4190/3604/1134
f 4207/3608/1390 4206/3855/1390 4205/3607/1390
f 4204/3611/1391 4205/3856/1391 4234/3610/1391
f 4230/3613/1160 4207/3615/1160 4204/3614/1160
f 4234/3616/1134 4205/3618/1134 4206/3617/1134
f 4210/3620/1300 4211/3857/1300 4213/3619/1300
f 4210/3622/1299 4208/3624/1299 4209/3623/1299
f 4212/3621/1165 4214/3626/1165 4208/3625/1165
f 4209/3628/1178 4215/3858/1178 4213/3627/1178
f 4208/3630/1298 4214/3632/1298 4215/3631/1298
s 1
f 3938/3634/1302 4218/3636/1393 4217/3633/1392
f 3940/3637/1304 4219/3859/1395 4218/3636/1393
f 3940/3640/1304 3942/3639/1306 4220/3641/1394
f 3944/3642/1160 4221/3643/1396 4220/3641/1394
f 3946/3644/1309 4222/3645/1397 4221/3643/1396
f 3948/3646/1311 4223/3860/1398 4222/3645/1397
f 3950/3648/1313 4224/3650/1399 4223/3647/1398
f 3934/3651/1178 4216/3861/1435 4224/3650/1399
f 4216/3654/1435 4217/3864/1392 4218/3727/1393
f 4218/3727/1393 4219/3656/1395 4220/3866/1394
f 4220/3866/1394 4221/3655/1396 4222/3728/1397
f 4222/3728/1397 4223/3865/1398 4224/3729/1399
f 4224/3729/1399 4216/3654/1435 4218/3727/1393
f 4218/3727/1393 4220/3866/1394 4222/3728/1397
s 0
f 4228/3658/1165 4225/3867/1165 4226/3657/1165
f 4225/3661/1160 4228/3868/1160 4203/3660/1160
f 4228/3658/1125 4227/3659/1125 4199/3663/1125
f 4226/3666/1114 4225/3869/1114 4201/3665/1114
f 4233/3669/1134 4232/3730/1134 4191/3668/1134
f 4233/3669/1134 4234/3616/1134 4231/3671/1134
f 4229/3674/1160 4236/3673/1160 4201/3731/1160
f 4229/3674/1160 4230/3613/1160 4235/3722/1160
f 4236/3677/1391 4233/3676/1391 4190/3732/1391
f 4240/3678/1400 4237/3682/1400 4233/3676/1400
f 4191/3680/1389 4232/3679/1389 4229/3681/1389
f 4232/3679/1389 4231/3581/1389 4230/3579/1389
f 4239/3683/1391 4238/3870/1391 4237/3682/1391
f 4234/3684/1401 4238/3686/1401 4239/3685/1401
f 4236/3677/1400 4242/3687/1400 4244/3693/1400
f 4233/3669/1134 4237/3689/1134 4238/3688/1134
f 4243/3691/1160 4244/3871/1160 4242/3690/1160
f 4244/3693/1391 4243/3872/1391 4239/3683/1391
f 4243/3695/1401 4241/3735/1401 4235/3694/1401
f 4235/3696/1389 4241/3698/1389 4242/3697/1389
f 4248/3700/1178 4245/3873/1178 4246/3699/1178
f 4245/3703/1134 4248/3874/1134 4202/3702/1134
f 4246/3706/1114 4245/3875/1114 4200/3705/1114
f 4247/3708/1160 4246/3876/1160 4189/3707/1160
f 4269/3478/1371 4267/3829/1371 4268/3479/1371
f 4272/3459/1160 4270/3456/1160 4271/3458/1160
f 4252/3490/1498 4249/3481/1498 4251/3491/1498
f 4303/3495/1178 4301/3830/1178 4299/3709/1178
f 4299/3709/1178 4297/3831/1178 4295/3493/1178
f 4295/3493/1178 4293/3832/1178 4307/3494/1178
f 4307/3494/1178 4305/3833/1178 4303/3495/1178
f 4303/3495/1178 4299/3709/1178 4295/3493/1178
f 4255/3496/1499 4254/3500/1499 4252/3497/1499
f 4261/3506/1500 4259/3503/1500 4260/3502/1500
f 4263/3508/1416 4261/3834/1416 4262/3509/1416
f 4266/3511/1501 4265/3513/1501 4263/3508/1501
f 4268/3512/1488 4267/3710/1488 4265/3513/1488
f 4257/3711/1178 4255/3835/1178 4253/3514/1178
f 4253/3514/1178 4251/3713/1178 4250/3836/1178
f 4250/3836/1178 4268/3837/1178 4266/3515/1178
f 4266/3515/1178 4264/3712/1178 4262/3838/1178
f 4262/3838/1178 4260/3839/1178 4258/3516/1178
f 4258/3516/1178 4257/3711/1178 4253/3514/1178
f 4253/3514/1178 4250/3836/1178 4266/3515/1178
f 4266/3515/1178 4262/3838/1178 4258/3516/1178
f 4279/3517/1280 4273/3529/1280 4277/3518/1280
f 4252/3521/1165 4254/3840/1165 4256/3575/1165
f 4256/3575/1502 4259/3503/1502 4261/3506/1502
f 4261/3506/1165 4263/3841/1165 4265/3842/1165
f 4265/3842/1165 4267/3843/1165 4269/3520/1165
f 4269/3520/1165 4249/3844/1165 4252/3521/1165
f 4252/3521/1165 4256/3575/1165 4261/3506/1165
f 4261/3506/1165 4265/3842/1165 4269/3520/1165
f 4274/3453/1134 4276/3450/1134 4277/3452/1134
f 4278/3524/1279 4280/3522/1279 4275/3528/1279
f 4270/3525/1178 4272/3845/1178 4276/3526/1178
f 4275/3528/1165 4277/3518/1165 4273/3529/1165
f 4282/3463/1337 4290/3714/1337 4288/3530/1337
f 4286/3447/1336 4276/3450/1336 4289/3531/1336
f 4297/3533/1503 4296/3535/1503 4294/3468/1503
f 4297/3533/1504 4299/3715/1504 4298/3534/1504
f 4299/3536/1505 4301/3716/1505 4300/3537/1505
f 4301/3539/1506 4303/3542/1506 4302/3540/1506
f 4305/3484/1507 4304/3486/1507 4302/3540/1507
f 4310/3543/1160 4316/3476/1160 4309/3475/1160
f 4314/3545/1114 4310/3846/1114 4311/3546/1114
f 4296/3550/1165 4298/3538/1165 4300/3537/1165
f 4300/3537/1165 4302/3847/1165 4304/3548/1165
f 4304/3548/1165 4306/3848/1165 4292/3549/1165
f 4292/3549/1165 4294/3849/1165 4296/3550/1165
f 4296/3550/1165 4300/3537/1165 4304/3548/1165
f 4312/3551/1134 4318/3473/1134 4315/3472/1134
f 4308/3553/1125 4312/3556/1125 4313/3554/1125
f 4308/3553/1291 4317/3557/1291 4318/3558/1291
f 4316/3559/1290 4310/3846/1290 4314/3545/1290
f 4318/3558/1165 4317/3557/1165 4316/3562/1165
f 4320/3566/1160 4321/3850/1160 4055/3567/1160
f 4324/3569/1134 4325/3707/1134 4329/3570/1134
f 4333/3572/1165 4324/3851/1165 4328/3573/1165
f 4332/3576/1178 4327/3680/1178 4330/3577/1178
f 4356/3579/1389 4339/3717/1389 4338/3580/1389
f 4192/3582/1125 4193/3718/1125 4321/3583/1125
f 4195/3719/1114 4194/3586/1114 4322/3587/1114
f 4322/3588/1134 4061/3852/1134 4062/3589/1134
f 4323/3591/1178 4321/3720/1178 4193/3592/1178
f 4055/3594/1178 4321/3720/1178 4323/3591/1178
f 4056/3596/1165 4061/3721/1165 4322/3597/1165
f 4322/3597/1165 4194/3853/1165 4192/3582/1165
f 4333/3598/1390 4332/3705/1390 4325/3599/1390
f 4329/3601/1125 4373/3734/1125 4374/3602/1125
f 4326/3604/1160 4352/3854/1160 4353/3605/1160
f 4337/3607/1390 4338/3855/1390 4339/3608/1390
f 4360/3610/1391 4337/3856/1391 4336/3611/1391
f 4356/3613/1134 4361/3722/1134 4336/3614/1134
f 4360/3616/1160 4357/3671/1160 4338/3617/1160
f 4213/3619/1300 4343/3857/1300 4342/3620/1300
f 4342/3622/1348 4343/3723/1348 4341/3623/1348
f 4342/3620/1165 4340/3625/1165 4214/3626/1165
f 4213/3627/1178 4215/3858/1178 4341/3628/1178
f 4340/3630/1298 4341/3724/1298 4215/3631/1298
s 1
f 3936/3635/1165 4217/3633/1392 4344/3636/1428
f 4344/3636/1428 4345/3859/1429 4077/3637/1350
f 4345/3638/1429 4346/3641/1430 4079/3639/1354
f 4346/3641/1430 4347/3643/1431 4081/3642/1134
f 4347/3643/1431 4348/3645/1432 4083/3644/1355
f 4348/3645/1432 4349/3860/1433 4085/3646/1357
f 4349/3647/1433 4350/3650/1434 4087/3648/1359
f 4350/3650/1434 4216/3861/1435 3934/3651/1178
f 4344/3727/1428 4217/3864/1392 4216/3654/1435
f 4216/3654/1435 4350/3729/1434 4349/3865/1433
f 4349/3865/1433 4348/3728/1432 4347/3655/1431
f 4347/3655/1431 4346/3866/1430 4345/3656/1429
f 4345/3656/1429 4344/3727/1428 4216/3654/1435
f 4216/3654/1435 4349/3865/1433 4347/3655/1431
s 0
f 4352/3657/1165 4351/3867/1165 4354/3658/1165
f 4335/3660/1134 4354/3868/1134 4351/3661/1134
f 4335/3664/1125 4331/3663/1125 4353/3659/1125
f 4333/3665/1114 4351/3869/1114 4352/3666/1114
f 4326/3670/1160 4327/3668/1160 4358/3730/1160
f 4359/3669/1160 4358/3730/1160 4357/3671/1160
f 4333/3731/1134 4362/3673/1134 4355/3674/1134
f 4355/3674/1134 4362/3673/1134 4361/3722/1134
f 4326/3732/1391 4359/3676/1391 4362/3677/1391
f 4359/3676/1400 4363/3682/1400 4366/3678/1400
f 4327/3680/1389 4332/3576/1389 4355/3681/1389
f 4358/3679/1389 4355/3681/1389 4356/3579/1389
f 4363/3682/1391 4364/3870/1391 4365/3683/1391
f 4361/3694/1401 4365/3685/1401 4364/3686/1401
f 4362/3677/1400 4366/3678/1400 4370/3693/1400
f 4359/3669/1160 4360/3616/1160 4364/3688/1160
f 4368/3690/1134 4370/3871/1134 4369/3691/1134
f 4365/3683/1391 4369/3872/1391 4370/3693/1391
f 4365/3685/1401 4361/3694/1401 4367/3735/1401
f 4362/3733/1389 4368/3697/1389 4367/3698/1389
f 4372/3699/1178 4371/3873/1178 4374/3700/1178
f 4334/3702/1160 4374/3874/1160 4371/3703/1160
f 4332/3705/1114 4371/3875/1114 4372/3706/1114
f 4325/3707/1134 4372/3876/1134 4373/3708/1134
s 1
f 4376/3736/1436 4378/3739/1438 4377/3737/1437
f 4378/3739/1438 4380/3741/1440 4379/3740/1439
f 4380/3741/1440 4382/3743/1442 4381/3742/1441
f 4382/3743/1442 4384/3745/1443 4383/3744/1134
f 4384/3745/1443 4386/3747/1445 4385/3746/1444
f 4386/3747/1445 4388/3749/1447 4387/3748/1446
f 4388/3749/1447 4390/3751/1449 4389/3750/1448
f 4390/3751/1449 4392/3753/1450 4391/3752/1125
f 4392/3753/1450 4394/3755/1452 4393/3754/1451
f 4394/3755/1452 4396/3757/1454 4395/3756/1453
f 4396/3757/1454 4398/3759/1456 4397/3758/1455
f 4398/3759/1456 4400/3761/1457 4399/3760/1160
f 4400/3761/1457 4402/3763/1459 4401/3762/1458
f 4402/3763/1459 4404/3768/1461 4403/3764/1460
f 4380/3767/1440 4378/3877/1438 4376/3878/1436
f 4376/3878/1436 4406/3879/1463 4404/3880/1461
f 4404/3880/1461 4402/3881/1459 4400/3882/1457
f 4400/3882/1457 4398/3883/1456 4396/3765/1454
f 4396/3765/1454 4394/3884/1452 4392/3885/1450
f 4392/3885/1450 4390/3886/1449 4388/3766/1447
f 4388/3766/1447 4386/3887/1445 4384/3888/1443
f 4384/3888/1443 4382/3889/1442 4380/3767/1440
f 4380/3767/1440 4376/3878/1436 4404/3880/1461
f 4404/3880/1461 4400/3882/1457 4396/3765/1454
f 4396/3765/1454 4392/3885/1450 4388/3766/1447
f 4388/3766/1447 4384/3888/1443 4380/3767/1440
f 4380/3767/1440 4404/3880/1461 4396/3765/1454
f 4404/3768/1461 4406/3770/1463 4405/3769/1462
f 4406/3770/1463 4376/3890/1436 4375/3771/1114
f 4405/3774/1165 4375/3891/1165 4377/3892/1165
f 4377/3892/1165 4379/3893/1165 4381/3894/1165
f 4381/3894/1165 4383/3895/1165 4385/3896/1165
f 4385/3896/1165 4387/3897/1165 4389/3772/1165
f 4389/3772/1165 4391/3898/1165 4393/3899/1165
f 4393/3899/1165 4395/3900/1165 4397/3773/1165
f 4397/3773/1165 4399/3901/1165 4401/3902/1165
f 4401/3902/1165 4403/3903/1165 4405/3774/1165
f 4405/3774/1165 4377/3892/1165 4381/3894/1165
f 4381/3894/1165 4385/3896/1165 4389/3772/1165
f 4389/3772/1165 4393/3899/1165 4397/3773/1165
f 4397/3773/1165 4401/3902/1165 4405/3774/1165
f 4405/3774/1165 4381/3894/1165 4389/3772/1165
o bogey_f
v -0.000001 0.314844 -2.751745
v 0.766104 0.314844 -2.751745
v -0.000001 0.300152 -2.749155
v 0.766104 0.300152 -2.749155
v -0.000001 0.287233 -2.741695
v 0.766104 0.287233 -2.741695
v -0.000001 0.277643 -2.730267
v 0.766104 0.277644 -2.730267
v -0.000001 0.272541 -2.716249
v 0.766104 0.272541 -2.716249
v -0.000001 0.272541 -2.701331
v 0.766104 0.272541 -2.701331
v -0.000001 0.277643 -2.687312
v 0.766104 0.277644 -2.687312
v -0.000001 0.287233 -2.675884
v 0.766104 0.287233 -2.675884
v -0.000001 0.300152 -2.668425
v 0.766104 0.300152 -2.668425
v -0.000001 0.314844 -2.665835
v 0.766104 0.314844 -2.665835
v -0.000001 0.329535 -2.668425
v 0.766104 0.329535 -2.668425
v -0.000001 0.342455 -2.675884
v 0.766104 0.342455 -2.675884
v -0.000001 0.352044 -2.687312
v 0.766104 0.352044 -2.687312
v -0.000001 0.357146 -2.701331
v 0.766104 0.357146 -2.701331
v -0.000001 0.357146 -2.716249
v 0.766104 0.357146 -2.716249
v -0.000001 0.352044 -2.730267
v 0.766104 0.352044 -2.730267
v -0.000001 0.342455 -2.741695
v 0.766104 0.342455 -2.741695
v -0.000001 0.329535 -2.749155
v 0.766104 0.329535 -2.749155
v 0.593194 0.314844 -2.410625
v 0.502723 0.314844 -2.382017
v 0.593194 0.392015 -2.420784
v 0.502723 0.399419 -2.393151
v 0.593194 0.463926 -2.450571
v 0.502723 0.478231 -2.425796
v 0.593194 0.525679 -2.497955
v 0.502723 0.545907 -2.477726
v 0.593194 0.573063 -2.559707
v 0.502723 0.597838 -2.545403
v 0.593194 0.602849 -2.631619
v 0.502723 0.630483 -2.624215
v 0.593194 0.613009 -2.708790
v 0.502723 0.641617 -2.708790
v 0.593194 0.602849 -2.785961
v 0.502723 0.630483 -2.793365
v 0.593194 0.573063 -2.857873
v 0.502723 0.597838 -2.872177
v 0.593194 0.525679 -2.919625
v 0.502723 0.545907 -2.939854
v 0.593194 0.463926 -2.967009
v 0.502723 0.478231 -2.991784
v 0.593194 0.392015 -2.996796
v 0.502723 0.399419 -3.024429
v 0.593194 0.314844 -3.006956
v 0.502723 0.314844 -3.035564
v 0.593194 0.237673 -2.996796
v 0.502723 0.230269 -3.024429
v 0.593194 0.165761 -2.967009
v 0.502723 0.151457 -2.991784
v 0.593194 0.104009 -2.919625
v 0.502723 0.083780 -2.939854
v 0.593194 0.056625 -2.857873
v 0.502723 0.031850 -2.872177
v 0.593194 0.026838 -2.785961
v 0.502723 -0.000795 -2.793365
v 0.593194 0.016678 -2.708790
v 0.502723 -0.011930 -2.708790
v 0.593194 0.026838 -2.631619
v 0.502723 -0.000795 -2.624215
v 0.593194 0.056625 -2.559707
v 0.502723 0.031850 -2.545403
v 0.593194 0.104009 -2.497955
v 0.502723 0.083780 -2.477726
v 0.593194 0.165761 -2.450571
v 0.502723 0.151457 -2.425796
v 0.593194 0.237673 -2.420784
v 0.502723 0.230269 -2.393151
v 0.502723 0.404880 -2.372771
v 0.502723 0.314844 -2.360917
v 0.502723 0.488780 -2.407523
v 0.502723 0.560827 -2.462807
v 0.502723 0.616111 -2.534854
v 0.502723 0.650863 -2.618754
v 0.502723 0.662717 -2.708790
v 0.502723 0.650863 -2.798826
v 0.502723 0.616111 -2.882727
v 0.502723 0.560827 -2.954773
v 0.502723 0.488780 -3.010057
v 0.502723 0.404880 -3.044810
v 0.502723 0.314844 -3.056663
v 0.502723 0.224808 -3.044810
v 0.502723 0.140907 -3.010057
v 0.502723 0.068860 -2.954773
v 0.502723 0.013577 -2.882727
v 0.502723 -0.021176 -2.798826
v 0.502723 -0.033029 -2.708790
v 0.502723 -0.021176 -2.618754
v 0.502723 0.013577 -2.534854
v 0.502723 0.068860 -2.462807
v 0.502723 0.140907 -2.407523
v 0.502723 0.224808 -2.372771
v 0.464868 0.404880 -2.372771
v 0.464868 0.314844 -2.360917
v 0.464868 0.488780 -2.407523
v 0.464868 0.560827 -2.462807
v 0.464868 0.616111 -2.534854
v 0.464868 0.650863 -2.618754
v 0.464868 0.662717 -2.708790
v 0.464868 0.650863 -2.798826
v 0.464868 0.616111 -2.882727
v 0.464868 0.560827 -2.954773
v 0.464868 0.488780 -3.010057
v 0.464868 0.404880 -3.044810
v 0.464868 0.314844 -3.056663
v 0.464868 0.224808 -3.044810
v 0.464868 0.140907 -3.010057
v 0.464868 0.068860 -2.954773
v 0.464868 0.013577 -2.882727
v 0.464868 -0.021176 -2.798826
v 0.464868 -0.033029 -2.708790
v 0.464868 -0.021176 -2.618754
v 0.464868 0.013577 -2.534854
v 0.464868 0.068860 -2.462807
v 0.464868 0.140907 -2.407523
v 0.464868 0.224808 -2.372771
v 0.593194 0.314844 -2.457491
v 0.593194 0.379885 -2.466054
v 0.593194 0.440493 -2.491159
v 0.593194 0.492539 -2.531095
v 0.593194 0.532475 -2.583141
v 0.593194 0.557580 -2.643749
v 0.593194 0.566143 -2.708790
v 0.593194 0.557580 -2.773831
v 0.593194 0.532475 -2.834440
v 0.593194 0.492539 -2.886486
v 0.593194 0.440493 -2.926422
v 0.593194 0.379885 -2.951527
v 0.593194 0.314844 -2.960089
v 0.593194 0.249803 -2.951527
v 0.593194 0.189194 -2.926422
v 0.593194 0.137148 -2.886486
v 0.593194 0.097212 -2.834440
v 0.593194 0.072107 -2.773831
v 0.593194 0.063545 -2.708790
v 0.593194 0.072107 -2.643749
v 0.593194 0.097212 -2.583141
v 0.593194 0.137148 -2.531095
v 0.593194 0.189194 -2.491159
v 0.593194 0.249803 -2.466054
v 0.580850 0.314844 -2.457491
v 0.580850 0.379885 -2.466054
v 0.580850 0.440493 -2.491159
v 0.580850 0.492539 -2.531095
v 0.580850 0.532475 -2.583141
v 0.580850 0.557580 -2.643749
v 0.580850 0.566143 -2.708790
v 0.580850 0.557580 -2.773831
v 0.580850 0.532475 -2.834440
v 0.580850 0.492539 -2.886486
v 0.580850 0.440493 -2.926422
v 0.580850 0.379885 -2.951527
v 0.580850 0.314844 -2.960089
v 0.580850 0.249803 -2.951527
v 0.580850 0.189194 -2.926422
v 0.580850 0.137148 -2.886486
v 0.580850 0.097212 -2.834440
v 0.580850 0.072107 -2.773831
v 0.580850 0.063545 -2.708790
v 0.580850 0.072107 -2.643749
v 0.580850 0.097212 -2.583141
v 0.580850 0.137148 -2.531095
v 0.580850 0.189194 -2.491159
v 0.580850 0.249803 -2.466054
v -0.766106 0.314844 -2.751745
v -0.766106 0.300152 -2.749155
v -0.766106 0.287233 -2.741695
v -0.766106 0.277644 -2.730267
v -0.766106 0.272541 -2.716249
v -0.766106 0.272541 -2.701331
v -0.766106 0.277644 -2.687312
v -0.766106 0.287233 -2.675884
v -0.766106 0.300152 -2.668425
v -0.766106 0.314844 -2.665835
v -0.766106 0.329535 -2.668425
v -0.766106 0.342455 -2.675884
v -0.766106 0.352044 -2.687312
v -0.766106 0.357146 -2.701331
v -0.766106 0.357146 -2.716249
v -0.766106 0.352044 -2.730267
v -0.766106 0.342455 -2.741695
v -0.766106 0.329535 -2.749155
v -0.593197 0.314844 -2.410625
v -0.502725 0.314844 -2.382017
v -0.593197 0.392015 -2.420784
v -0.502725 0.399419 -2.393151
v -0.593197 0.463926 -2.450571
v -0.502725 0.478231 -2.425796
v -0.593197 0.525679 -2.497955
v -0.502725 0.545907 -2.477726
v -0.593197 0.573063 -2.559707
v -0.502725 0.597838 -2.545403
v -0.593197 0.602849 -2.631619
v -0.502725 0.630483 -2.624215
v -0.593197 0.613009 -2.708790
v -0.502725 0.641617 -2.708790
v -0.593197 0.602849 -2.785961
v -0.502725 0.630483 -2.793365
v -0.593197 0.573063 -2.857873
v -0.502725 0.597838 -2.872177
v -0.593197 0.525679 -2.919625
v -0.502725 0.545907 -2.939854
v -0.593197 0.463926 -2.967009
v -0.502725 0.478231 -2.991784
v -0.593197 0.392015 -2.996796
v -0.502725 0.399419 -3.024429
v -0.593197 0.314844 -3.006956
v -0.502725 0.314844 -3.035564
v -0.593197 0.237673 -2.996796
v -0.502725 0.230269 -3.024429
v -0.593197 0.165761 -2.967009
v -0.502725 0.151457 -2.991784
v -0.593197 0.104009 -2.919625
v -0.502725 0.083780 -2.939854
v -0.593197 0.056625 -2.857873
v -0.502725 0.031850 -2.872177
v -0.593197 0.026838 -2.785961
v -0.502725 -0.000795 -2.793365
v -0.593197 0.016678 -2.708790
v -0.502725 -0.011930 -2.708790
v -0.593197 0.026838 -2.631619
v -0.502725 -0.000795 -2.624215
v -0.593197 0.056625 -2.559707
v -0.502725 0.031850 -2.545403
v -0.593197 0.104009 -2.497955
v -0.502725 0.083780 -2.477726
v -0.593197 0.165761 -2.450571
v -0.502725 0.151457 -2.425796
v -0.593197 0.237673 -2.420784
v -0.502725 0.230269 -2.393151
v -0.502725 0.404880 -2.372771
v -0.502725 0.314844 -2.360917
v -0.502725 0.488780 -2.407523
v -0.502725 0.560827 -2.462807
v -0.502725 0.616111 -2.534854
v -0.502725 0.650863 -2.618754
v -0.502725 0.662717 -2.708790
v -0.502725 0.650863 -2.798826
v -0.502725 0.616111 -2.882727
v -0.502725 0.560827 -2.954773
v -0.502725 0.488780 -3.010057
v -0.502725 0.404880 -3.044810
v -0.502725 0.314844 -3.056663
v -0.502725 0.224808 -3.044810
v -0.502725 0.140907 -3.010057
v -0.502725 0.068860 -2.954773
v -0.502725 0.013577 -2.882727
v -0.502725 -0.021176 -2.798826
v -0.502725 -0.033029 -2.708790
v -0.502725 -0.021176 -2.618754
v -0.502725 0.013577 -2.534854
v -0.502725 0.068860 -2.462807
v -0.502725 0.140907 -2.407523
v -0.502725 0.224808 -2.372771
v -0.464870 0.404880 -2.372771
v -0.464870 0.314844 -2.360917
v -0.464870 0.488780 -2.407523
v -0.464870 0.560827 -2.462807
v -0.464870 0.616111 -2.534854
v -0.464870 0.650863 -2.618754
v -0.464870 0.662717 -2.708790
v -0.464870 0.650863 -2.798826
v -0.464870 0.616111 -2.882727
v -0.464870 0.560827 -2.954773
v -0.464870 0.488780 -3.010057
v -0.464870 0.404880 -3.044810
v -0.464870 0.314844 -3.056663
v -0.464870 0.224808 -3.044810
v -0.464870 0.140907 -3.010057
v -0.464870 0.068860 -2.954773
v -0.464870 0.013577 -2.882727
v -0.464870 -0.021176 -2.798826
v -0.464870 -0.033029 -2.708790
v -0.464870 -0.021176 -2.618754
v -0.464870 0.013577 -2.534854
v -0.464870 0.068860 -2.462807
v -0.464870 0.140907 -2.407523
v -0.464870 0.224808 -2.372771
v -0.593197 0.314844 -2.457491
v -0.593197 0.379885 -2.466054
v -0.593197 0.440493 -2.491159
v -0.593197 0.492539 -2.531095
v -0.593197 0.532475 -2.583141
v -0.593197 0.557580 -2.643749
v -0.593197 0.566143 -2.708790
v -0.593197 0.557580 -2.773831
v -0.593197 0.532475 -2.834440
v -0.593197 0.492539 -2.886486
v -0.593197 0.440493 -2.926422
v -0.593197 0.379885 -2.951527
v -0.593197 0.314844 -2.960089
v -0.593197 0.249803 -2.951527
v -0.593197 0.189194 -2.926422
v -0.593197 0.137148 -2.886486
v -0.593197 0.097212 -2.834440
v -0.593197 0.072107 -2.773831
v -0.593197 0.063545 -2.708790
v -0.593197 0.072107 -2.643749
v -0.593197 0.097212 -2.583141
v -0.593197 0.137148 -2.531095
v -0.593197 0.189194 -2.491159
v -0.593197 0.249803 -2.466054
v -0.580852 0.314844 -2.457491
v -0.580852 0.379885 -2.466054
v -0.580852 0.440493 -2.491159
v -0.580852 0.492539 -2.531095
v -0.580852 0.532475 -2.583141
v -0.580852 0.557580 -2.643749
v -0.580852 0.566143 -2.708790
v -0.580852 0.557580 -2.773831
v -0.580852 0.532475 -2.834440
v -0.580852 0.492539 -2.886486
v -0.580852 0.440493 -2.926422
v -0.580852 0.379885 -2.951527
v -0.580852 0.314844 -2.960089
v -0.580852 0.249803 -2.951527
v -0.580852 0.189194 -2.926422
v -0.580852 0.137148 -2.886486
v -0.580852 0.097212 -2.834440
v -0.580852 0.072107 -2.773831
v -0.580852 0.063545 -2.708790
v -0.580852 0.072107 -2.643749
v -0.580852 0.097212 -2.583141
v -0.580852 0.137148 -2.531095
v -0.580852 0.189194 -2.491159
v -0.580852 0.249803 -2.466054
v -0.000001 0.314844 -1.225667
v 0.766104 0.314844 -1.225667
v -0.000001 0.300152 -1.228258
v 0.766104 0.300152 -1.228258
v -0.000001 0.287233 -1.235717
v 0.766104 0.287233 -1.235717
v -0.000001 0.277644 -1.247145
v 0.766104 0.277644 -1.247145
v -0.000001 0.272541 -1.261163
v 0.766104 0.272541 -1.261163
v -0.000001 0.272541 -1.276081
v 0.766104 0.272541 -1.276081
v -0.000001 0.277644 -1.290100
v 0.766104 0.277644 -1.290100
v -0.000001 0.287233 -1.301528
v 0.766104 0.287233 -1.301528
v -0.000001 0.300152 -1.308987
v 0.766104 0.300152 -1.308987
v -0.000001 0.314844 -1.311577
v 0.766104 0.314844 -1.311577
v -0.000001 0.329535 -1.308987
v 0.766104 0.329535 -1.308987
v -0.000001 0.342455 -1.301528
v 0.766104 0.342455 -1.301528
v -0.000001 0.352044 -1.290100
v 0.766104 0.352044 -1.290100
v -0.000001 0.357146 -1.276081
v 0.766104 0.357146 -1.276081
v -0.000001 0.357146 -1.261163
v 0.766104 0.357146 -1.261163
v -0.000001 0.352044 -1.247145
v 0.766104 0.352044 -1.247145
v -0.000001 0.342455 -1.235717
v 0.766104 0.342455 -1.235717
v -0.000001 0.329535 -1.228258
v 0.766104 0.329535 -1.228258
v 0.593194 0.314844 -1.566787
v 0.502723 0.314844 -1.595395
v 0.593194 0.392015 -1.556628
v 0.502723 0.399419 -1.584261
v 0.593194 0.463926 -1.526841
v 0.502723 0.478231 -1.551616
v 0.593194 0.525679 -1.479457
v 0.502723 0.545907 -1.499686
v 0.593194 0.573063 -1.417704
v 0.502723 0.597838 -1.432009
v 0.593194 0.602849 -1.345793
v 0.502723 0.630483 -1.353197
v 0.593194 0.613009 -1.268622
v 0.502723 0.641617 -1.268622
v 0.593194 0.602849 -1.191451
v 0.502723 0.630483 -1.184047
v 0.593194 0.573063 -1.119539
v 0.502723 0.597838 -1.105235
v 0.593194 0.525679 -1.057787
v 0.502723 0.545907 -1.037558
v 0.593194 0.463926 -1.010403
v 0.502723 0.478231 -0.985628
v 0.593194 0.392015 -0.980616
v 0.502723 0.399419 -0.952983
v 0.593194 0.314844 -0.970456
v 0.502723 0.314844 -0.941848
v 0.593194 0.237673 -0.980616
v 0.502723 0.230269 -0.952983
v 0.593194 0.165761 -1.010403
v 0.502723 0.151457 -0.985628
v 0.593194 0.104009 -1.057787
v 0.502723 0.083780 -1.037558
v 0.593194 0.056625 -1.119539
v 0.502723 0.031850 -1.105235
v 0.593194 0.026838 -1.191451
v 0.502723 -0.000795 -1.184047
v 0.593194 0.016678 -1.268622
v 0.502723 -0.011930 -1.268622
v 0.593194 0.026838 -1.345793
v 0.502723 -0.000795 -1.353197
v 0.593194 0.056625 -1.417704
v 0.502723 0.031850 -1.432009
v 0.593194 0.104009 -1.479457
v 0.502723 0.083780 -1.499686
v 0.593194 0.165761 -1.526841
v 0.502723 0.151457 -1.551616
v 0.593194 0.237673 -1.556628
v 0.502723 0.230269 -1.584261
v 0.502723 0.404880 -1.604641
v 0.502723 0.314844 -1.616495
v 0.502723 0.488780 -1.569889
v 0.502723 0.560827 -1.514605
v 0.502723 0.616111 -1.442558
v 0.502723 0.650863 -1.358658
v 0.502723 0.662717 -1.268622
v 0.502723 0.650863 -1.178586
v 0.502723 0.616111 -1.094685
v 0.502723 0.560827 -1.022639
v 0.502723 0.488780 -0.967355
v 0.502723 0.404880 -0.932602
v 0.502723 0.314844 -0.920749
v 0.502723 0.224808 -0.932602
v 0.502723 0.140907 -0.967355
v 0.502723 0.068860 -1.022639
v 0.502723 0.013577 -1.094685
v 0.502723 -0.021176 -1.178586
v 0.502723 -0.033029 -1.268622
v 0.502723 -0.021176 -1.358658
v 0.502723 0.013577 -1.442558
v 0.502723 0.068860 -1.514605
v 0.502723 0.140907 -1.569889
v 0.502723 0.224808 -1.604641
v 0.464868 0.404880 -1.604641
v 0.464868 0.314844 -1.616495
v 0.464868 0.488780 -1.569889
v 0.464868 0.560827 -1.514605
v 0.464868 0.616111 -1.442558
v 0.464868 0.650863 -1.358658
v 0.464868 0.662717 -1.268622
v 0.464868 0.650863 -1.178586
v 0.464868 0.616111 -1.094685
v 0.464868 0.560827 -1.022639
v 0.464868 0.488780 -0.967355
v 0.464868 0.404880 -0.932602
v 0.464868 0.314844 -0.920749
v 0.464868 0.224808 -0.932602
v 0.464868 0.140907 -0.967355
v 0.464868 0.068860 -1.022639
v 0.464868 0.013577 -1.094685
v 0.464868 -0.021176 -1.178586
v 0.464868 -0.033029 -1.268622
v 0.464868 -0.021176 -1.358658
v 0.464868 0.013577 -1.442558
v 0.464868 0.068860 -1.514605
v 0.464868 0.140907 -1.569889
v 0.464868 0.224808 -1.604641
v 0.593194 0.314844 -1.519921
v 0.593194 0.379885 -1.511358
v 0.593194 0.440493 -1.486253
v 0.593194 0.492539 -1.446317
v 0.593194 0.532475 -1.394271
v 0.593194 0.557580 -1.333663
v 0.593194 0.566143 -1.268622
v 0.593194 0.557580 -1.203581
v 0.593194 0.532475 -1.142972
v 0.593194 0.492539 -1.090926
v 0.593194 0.440493 -1.050990
v 0.593194 0.379885 -1.025885
v 0.593194 0.314844 -1.017323
v 0.593194 0.249803 -1.025885
v 0.593194 0.189194 -1.050990
v 0.593194 0.137148 -1.090926
v 0.593194 0.097212 -1.142972
v 0.593194 0.072107 -1.203581
v 0.593194 0.063545 -1.268622
v 0.593194 0.072107 -1.333663
v 0.593194 0.097212 -1.394271
v 0.593194 0.137148 -1.446317
v 0.593194 0.189194 -1.486253
v 0.593194 0.249803 -1.511358
v 0.580849 0.314844 -1.519921
v 0.580849 0.379885 -1.511358
v 0.580849 0.440493 -1.486253
v 0.580849 0.492539 -1.446317
v 0.580849 0.532475 -1.394271
v 0.580849 0.557580 -1.333663
v 0.580849 0.566143 -1.268622
v 0.580849 0.557580 -1.203581
v 0.580849 0.532475 -1.142972
v 0.580849 0.492539 -1.090926
v 0.580849 0.440493 -1.050990
v 0.580849 0.379885 -1.025885
v 0.580849 0.314844 -1.017323
v 0.580849 0.249803 -1.025885
v 0.580849 0.189194 -1.050990
v 0.580849 0.137148 -1.090926
v 0.580849 0.097212 -1.142972
v 0.580849 0.072107 -1.203581
v 0.580849 0.063545 -1.268622
v 0.580849 0.072107 -1.333663
v 0.580849 0.097212 -1.394271
v 0.580849 0.137148 -1.446317
v 0.580849 0.189194 -1.486253
v 0.580849 0.249803 -1.511358
v -0.766106 0.314844 -1.225667
v -0.766106 0.300152 -1.228258
v -0.766106 0.287233 -1.235717
v -0.766106 0.277644 -1.247145
v -0.766106 0.272541 -1.261163
v -0.766106 0.272541 -1.276081
v -0.766106 0.277644 -1.290100
v -0.766106 0.287233 -1.301528
v -0.766106 0.300152 -1.308987
v -0.766106 0.314844 -1.311577
v -0.766106 0.329535 -1.308987
v -0.766106 0.342455 -1.301528
v -0.766106 0.352044 -1.290100
v -0.766106 0.357146 -1.276081
v -0.766106 0.357146 -1.261163
v -0.766106 0.352044 -1.247145
v -0.766106 0.342455 -1.235717
v -0.766106 0.329535 -1.228258
v -0.593197 0.314844 -1.566787
v -0.502725 0.314844 -1.595395
v -0.593197 0.392015 -1.556628
v -0.502725 0.399419 -1.584261
v -0.593196 0.463926 -1.526841
v -0.502725 0.478230 -1.551616
v -0.593196 0.525679 -1.479457
v -0.502725 0.545907 -1.499686
v -0.593196 0.573063 -1.417704
v -0.502725 0.597838 -1.432009
v -0.593196 0.602849 -1.345793
v -0.502725 0.630483 -1.353197
v -0.593196 0.613009 -1.268622
v -0.502725 0.641617 -1.268622
v -0.593196 0.602849 -1.191451
v -0.502725 0.630483 -1.184047
v -0.593196 0.573063 -1.119539
v -0.502725 0.597838 -1.105235
v -0.593196 0.525679 -1.057787
v -0.502725 0.545907 -1.037558
v -0.593196 0.463926 -1.010403
v -0.502725 0.478230 -0.985628
v -0.593197 0.392015 -0.980616
v -0.502725 0.399419 -0.952983
v -0.593197 0.314844 -0.970456
v -0.502725 0.314844 -0.941849
v -0.593197 0.237673 -0.980616
v -0.502725 0.230269 -0.952983
v -0.593197 0.165761 -1.010403
v -0.502725 0.151457 -0.985628
v -0.593197 0.104009 -1.057787
v -0.502725 0.083780 -1.037558
v -0.593197 0.056625 -1.119539
v -0.502725 0.031850 -1.105235
v -0.593197 0.026838 -1.191451
v -0.502725 -0.000795 -1.184047
v -0.593197 0.016678 -1.268622
v -0.502725 -0.011930 -1.268622
v -0.593197 0.026838 -1.345793
v -0.502725 -0.000795 -1.353197
v -0.593197 0.056625 -1.417704
v -0.502725 0.031850 -1.432009
v -0.593197 0.104009 -1.479457
v -0.502725 0.083780 -1.499686
v -0.593197 0.165761 -1.526841
v -0.502725 0.151457 -1.551616
v -0.593197 0.237673 -1.556628
v -0.502725 0.230269 -1.584261
v -0.502725 0.404880 -1.604641
v -0.502725 0.314844 -1.616495
v -0.502725 0.488780 -1.569889
v -0.502725 0.560827 -1.514605
v -0.502725 0.616111 -1.442558
v -0.502725 0.650863 -1.358658
v -0.502725 0.662717 -1.268622
v -0.502725 0.650863 -1.178586
v -0.502725 0.616111 -1.094685
v -0.502725 0.560827 -1.022639
v -0.502725 0.488780 -0.967355
v -0.502725 0.404880 -0.932602
v -0.502725 0.314844 -0.920749
v -0.502725 0.224808 -0.932602
v -0.502725 0.140907 -0.967355
v -0.502725 0.068860 -1.022639
v -0.502725 0.013577 -1.094685
v -0.502725 -0.021176 -1.178586
v -0.502725 -0.033029 -1.268622
v -0.502725 -0.021176 -1.358658
v -0.502725 0.013577 -1.442558
v -0.502725 0.068860 -1.514605
v -0.502725 0.140907 -1.569889
v -0.502725 0.224808 -1.604641
v -0.464870 0.404880 -1.604641
v -0.464870 0.314844 -1.616495
v -0.464870 0.488780 -1.569889
v -0.464870 0.560827 -1.514605
v -0.464870 0.616111 -1.442558
v -0.464870 0.650863 -1.358658
v -0.464870 0.662717 -1.268622
v -0.464870 0.650863 -1.178586
v -0.464870 0.616111 -1.094685
v -0.464870 0.560827 -1.022639
v -0.464870 0.488780 -0.967355
v -0.464870 0.404880 -0.932602
v -0.464870 0.314844 -0.920749
v -0.464870 0.224808 -0.932602
v -0.464870 0.140907 -0.967355
v -0.464870 0.068860 -1.022639
v -0.464870 0.013577 -1.094685
v -0.464870 -0.021176 -1.178586
v -0.464870 -0.033029 -1.268622
v -0.464870 -0.021176 -1.358658
v -0.464870 0.013577 -1.442558
v -0.464870 0.068860 -1.514605
v -0.464870 0.140907 -1.569889
v -0.464870 0.224808 -1.604641
v -0.593197 0.314844 -1.519921
v -0.593197 0.379885 -1.511358
v -0.593197 0.440493 -1.486253
v -0.593196 0.492539 -1.446317
v -0.593196 0.532475 -1.394271
v -0.593196 0.557580 -1.333663
v -0.593196 0.566143 -1.268622
v -0.593196 0.557580 -1.203581
v -0.593196 0.532475 -1.142972
v -0.593196 0.492539 -1.090926
v -0.593197 0.440493 -1.050990
v -0.593197 0.379885 -1.025885
v -0.593197 0.314844 -1.017323
v -0.593197 0.249803 -1.025885
v -0.593197 0.189194 -1.050990
v -0.593197 0.137148 -1.090926
v -0.593197 0.097212 -1.142972
v -0.593197 0.072107 -1.203581
v -0.593197 0.063545 -1.268622
v -0.593197 0.072107 -1.333663
v -0.593197 0.097212 -1.394271
v -0.593197 0.137148 -1.446317
v -0.593197 0.189194 -1.486253
v -0.593197 0.249803 -1.511358
v -0.580852 0.314844 -1.519921
v -0.580852 0.379885 -1.511358
v -0.580852 0.440493 -1.486253
v -0.580852 0.492539 -1.446317
v -0.580852 0.532475 -1.394271
v -0.580852 0.557580 -1.333663
v -0.580852 0.566143 -1.268622
v -0.580852 0.557580 -1.203581
v -0.580852 0.532475 -1.142972
v -0.580852 0.492539 -1.090926
v -0.580852 0.440493 -1.050990
v -0.580852 0.379885 -1.025885
v -0.580852 0.314844 -1.017323
v -0.580852 0.249803 -1.025885
v -0.580852 0.189194 -1.050990
v -0.580852 0.137148 -1.090926
v -0.580852 0.097212 -1.142972
v -0.580852 0.072107 -1.203581
v -0.580852 0.063545 -1.268622
v -0.580852 0.072107 -1.333663
v -0.580852 0.097212 -1.394271
v -0.580852 0.137148 -1.446317
v -0.580852 0.189194 -1.486253
v -0.580852 0.249803 -1.511358
v 0.691774 0.272702 -2.844243
v 0.717689 0.521140 -2.844243
v 0.683691 0.521140 -2.848046
v 0.666288 0.272702 -2.860690
v 0.666288 0.521140 -2.860690
v 0.652165 0.272702 -2.891849
v 0.652596 0.521140 -2.887755
v 0.665856 0.272702 -2.930307
v 0.659932 0.521140 -2.921169
v 0.674325 0.521140 -2.937154
v 0.704547 0.272769 -2.948520
v 0.706789 0.521140 -2.947943
v 0.735137 0.272702 -2.937155
v 0.735137 0.521140 -2.937155
v 0.749530 0.272702 -2.921169
v 0.749530 0.521140 -2.921169
v 0.756867 0.272702 -2.887755
v 0.757297 0.521140 -2.891849
v 0.743174 0.272702 -2.860690
v 0.743174 0.521140 -2.860690
v 0.725772 0.272702 -2.848046
v 0.740919 0.551814 -2.907836
v 0.740919 0.624858 -2.907836
v 0.740919 0.551814 -2.512315
v 0.740919 0.624858 -2.512315
v 0.768910 0.551814 -2.907836
v 0.768910 0.624858 -2.907836
v 0.768910 0.551814 -2.512315
v 0.768910 0.624858 -2.512315
v 0.740919 0.551814 -3.092810
v 0.740919 0.551814 -2.327341
v 0.768910 0.551814 -3.092810
v 0.768910 0.551814 -2.327341
v 0.768910 0.344224 -2.907836
v 0.768910 0.344224 -2.934686
v 0.768910 0.344224 -2.485466
v 0.768910 0.448019 -2.436636
v 0.768910 0.344224 -2.512315
v 0.768910 0.448019 -2.983516
v 0.716788 0.492852 -2.805311
v 0.716789 0.492852 -2.614841
v 0.716788 0.285262 -2.805311
v 0.716789 0.285262 -2.614841
v 0.676157 0.275676 -2.482622
v 0.692084 0.518166 -2.475530
v 0.656711 0.275676 -2.509766
v 0.659232 0.518166 -2.501419
v 0.655247 0.275676 -2.539335
v 0.656488 0.518166 -2.543156
v 0.681998 0.275676 -2.571488
v 0.685669 0.518166 -2.573123
v 0.723794 0.275676 -2.573123
v 0.727464 0.518166 -2.571488
v 0.752974 0.275676 -2.543156
v 0.754216 0.518166 -2.539335
v 0.750231 0.275676 -2.501419
v 0.752751 0.518166 -2.509766
v 0.717378 0.275676 -2.475530
v 0.733306 0.518166 -2.482622
v 0.750946 0.273741 -2.796578
v 0.750948 0.453210 -2.796434
v 0.750946 0.273741 -2.621001
v 0.750946 0.449319 -2.621001
v 0.575369 0.273741 -2.796578
v 0.575369 0.449319 -2.796578
v 0.575369 0.273741 -2.621001
v 0.575367 0.452778 -2.621142
v 0.750946 0.219743 -2.679527
v 0.750946 0.219743 -2.738053
v 0.575369 0.219743 -2.738053
v 0.575369 0.219743 -2.679527
v 0.747023 0.552469 -3.127234
v 0.747023 0.710040 -3.127234
v 0.653058 0.552469 -3.042073
v 0.653058 0.710040 -3.042073
v 0.797737 0.748887 -2.231453
v 0.797737 0.650151 -2.231467
v -0.014257 0.748887 -2.231453
v -0.014257 0.650151 -2.231467
v -0.000001 0.552469 -3.127234
v -0.000001 0.710040 -3.127234
v -0.000001 0.552469 -3.042072
v -0.000001 0.710040 -3.042072
v 0.747023 0.710040 -1.988706
v 0.747023 0.552469 -1.988706
v 0.797737 0.748887 -1.985510
v 0.797737 0.650151 -1.985524
v -0.014257 0.650151 -1.985524
v -0.014257 0.748887 -1.985510
v 0.653058 0.552469 -1.988706
v 0.653058 0.710040 -1.988706
v 0.091274 0.650151 -2.231467
v 0.091275 0.748887 -2.231453
v 0.091275 0.650151 -1.985524
v 0.091275 0.748887 -1.985510
v 0.091275 0.749009 -3.108270
v -0.014257 0.749009 -3.108270
v -0.014257 0.650274 -3.108284
v 0.091275 0.650274 -3.108284
v 0.276481 0.186860 -2.374136
v 0.391301 0.718334 -2.303563
v 0.276481 0.186860 -2.954728
v 0.391301 0.718334 -3.025301
v -0.000001 0.186860 -2.954728
v -0.000001 0.718334 -3.025301
v -0.000001 0.186860 -2.374136
v -0.000001 0.718334 -2.303563
v -0.000001 0.394997 -1.988706
v -0.000001 0.394997 -2.396450
v -0.000001 0.510197 -1.988706
v -0.000001 0.510197 -2.396450
v 0.022041 0.505812 -1.988706
v 0.022041 0.505812 -2.396450
v 0.040728 0.493326 -1.988706
v 0.040728 0.493326 -2.396450
v 0.053214 0.474639 -1.988706
v 0.053214 0.474639 -2.396450
v 0.057599 0.452597 -1.988706
v 0.057599 0.452597 -2.396450
v 0.053214 0.430554 -1.988706
v 0.053214 0.430554 -2.396450
v 0.040728 0.411867 -1.988706
v 0.040728 0.411867 -2.396450
v 0.022041 0.399381 -1.988706
v 0.022041 0.399381 -2.396450
v 0.091275 0.881649 -2.231453
v -0.014257 0.881649 -2.231453
v -0.014257 0.881649 -1.985510
v 0.091275 0.881649 -1.985510
v 0.091274 0.650192 -2.523739
v 0.091275 0.650233 -2.816011
v -0.014257 0.650233 -2.816012
v -0.014257 0.650192 -2.523739
v -0.014257 0.748928 -2.523725
v -0.014257 0.748968 -2.815998
v 0.091275 0.748968 -2.815998
v 0.091275 0.748928 -2.523725
v -0.014257 0.868636 -2.523699
v -0.014257 0.868677 -2.815972
v 0.091275 0.868676 -2.815972
v 0.091275 0.868636 -2.523699
v 0.734505 0.748968 -2.815998
v 0.734505 0.748927 -2.523725
v 0.734505 0.868676 -2.815972
v 0.734505 0.868635 -2.523699
v 0.091274 0.339491 -2.231467
v 0.797736 0.339491 -2.231467
v 0.797737 0.339491 -1.985524
v 0.091275 0.339491 -1.985524
v -0.691776 0.272702 -2.844243
v -0.717691 0.521140 -2.844243
v -0.683693 0.521140 -2.848046
v -0.666290 0.272702 -2.860690
v -0.666290 0.521140 -2.860690
v -0.652167 0.272702 -2.891849
v -0.652598 0.521140 -2.887755
v -0.665858 0.272702 -2.930307
v -0.659934 0.521140 -2.921169
v -0.674327 0.521140 -2.937154
v -0.704549 0.272769 -2.948520
v -0.706791 0.521140 -2.947943
v -0.735139 0.272702 -2.937154
v -0.735139 0.521140 -2.937154
v -0.749533 0.272702 -2.921169
v -0.749533 0.521140 -2.921169
v -0.756869 0.272702 -2.887755
v -0.757299 0.521140 -2.891849
v -0.743176 0.272702 -2.860690
v -0.743176 0.521140 -2.860690
v -0.725774 0.272702 -2.848046
v -0.740921 0.551814 -2.907836
v -0.740921 0.624858 -2.907836
v -0.740921 0.551814 -2.512315
v -0.740921 0.624858 -2.512315
v -0.768912 0.551814 -2.907836
v -0.768912 0.624858 -2.907836
v -0.768912 0.551814 -2.512315
v -0.768912 0.624858 -2.512315
v -0.740921 0.551814 -3.092810
v -0.740921 0.551814 -2.327341
v -0.768912 0.551814 -3.092810
v -0.768912 0.551814 -2.327341
v -0.768912 0.344224 -2.907836
v -0.768912 0.344224 -2.934686
v -0.768912 0.344224 -2.485466
v -0.768912 0.448019 -2.436636
v -0.768912 0.344224 -2.512315
v -0.768912 0.448019 -2.983515
v -0.716791 0.492852 -2.805311
v -0.716791 0.492852 -2.614841
v -0.716791 0.285262 -2.805311
v -0.716791 0.285262 -2.614841
v -0.676159 0.275676 -2.482622
v -0.692086 0.518166 -2.475530
v -0.656713 0.275676 -2.509766
v -0.659234 0.518166 -2.501419
v -0.655249 0.275676 -2.539335
v -0.656490 0.518166 -2.543156
v -0.682001 0.275676 -2.571488
v -0.685671 0.518166 -2.573123
v -0.723796 0.275676 -2.573123
v -0.727466 0.518166 -2.571488
v -0.752977 0.275676 -2.543156
v -0.754218 0.518166 -2.539335
v -0.750233 0.275676 -2.501419
v -0.752754 0.518166 -2.509766
v -0.717381 0.275676 -2.475530
v -0.733308 0.518166 -2.482622
v -0.750948 0.273741 -2.796578
v -0.750950 0.453210 -2.796434
v -0.750948 0.273741 -2.621001
v -0.750948 0.449319 -2.621001
v -0.575371 0.273741 -2.796578
v -0.575371 0.449319 -2.796578
v -0.575371 0.273741 -2.621001
v -0.575369 0.452778 -2.621142
v -0.750948 0.219743 -2.679527
v -0.750948 0.219743 -2.738053
v -0.575371 0.219743 -2.738052
v -0.575371 0.219743 -2.679527
v -0.747025 0.552469 -3.127234
v -0.747025 0.710040 -3.127234
v -0.653060 0.552469 -3.042072
v -0.653060 0.710040 -3.042072
v -0.797739 0.748887 -2.231453
v -0.797739 0.650151 -2.231467
v 0.014255 0.748887 -2.231453
v 0.014255 0.650151 -2.231467
v -0.747025 0.710040 -1.988706
v -0.747025 0.552469 -1.988706
v -0.797739 0.748887 -1.985510
v -0.797739 0.650151 -1.985524
v 0.014255 0.650151 -1.985524
v 0.014255 0.748887 -1.985510
v -0.653060 0.552469 -1.988706
v -0.653060 0.710040 -1.988706
v -0.091277 0.650151 -2.231467
v -0.091277 0.748887 -2.231453
v -0.091277 0.650151 -1.985524
v -0.091277 0.748887 -1.985510
v -0.091277 0.749009 -3.108270
v 0.014254 0.749009 -3.108270
v 0.014255 0.650274 -3.108284
v -0.091277 0.650274 -3.108284
v -0.276483 0.186860 -2.374136
v -0.391303 0.718334 -2.303563
v -0.276483 0.186860 -2.954728
v -0.391303 0.718334 -3.025301
v -0.022044 0.505812 -1.988706
v -0.022044 0.505812 -2.396450
v -0.040730 0.493326 -1.988706
v -0.040730 0.493326 -2.396450
v -0.053216 0.474639 -1.988706
v -0.053216 0.474639 -2.396450
v -0.057601 0.452597 -1.988706
v -0.057601 0.452597 -2.396450
v -0.053216 0.430554 -1.988706
v -0.053216 0.430554 -2.396450
v -0.040730 0.411867 -1.988706
v -0.040730 0.411867 -2.396450
v -0.022044 0.399381 -1.988706
v -0.022044 0.399381 -2.396450
v -0.091277 0.881649 -2.231453
v 0.014255 0.881649 -2.231453
v 0.014255 0.881649 -1.985510
v -0.091277 0.881649 -1.985510
v -0.091277 0.650192 -2.523739
v -0.091277 0.650233 -2.816011
v 0.014255 0.650233 -2.816012
v 0.014255 0.650192 -2.523739
v 0.014255 0.748928 -2.523725
v 0.014255 0.748968 -2.815998
v -0.091277 0.748968 -2.815998
v -0.091277 0.748928 -2.523725
v 0.014254 0.868636 -2.523699
v 0.014254 0.868676 -2.815972
v -0.091277 0.868676 -2.815972
v -0.091277 0.868636 -2.523699
v -0.734507 0.748968 -2.815998
v -0.734507 0.748927 -2.523725
v -0.734507 0.868676 -2.815971
v -0.734507 0.868635 -2.523699
v -0.091277 0.339491 -2.231467
v -0.797739 0.339491 -2.231467
v -0.797739 0.339491 -1.985524
v -0.091277 0.339491 -1.985524
v 0.691774 0.272702 -1.133168
v 0.717689 0.521140 -1.133168
v 0.683691 0.521140 -1.129365
v 0.666288 0.272702 -1.116722
v 0.666288 0.521140 -1.116722
v 0.652165 0.272702 -1.085563
v 0.652596 0.521140 -1.089657
v 0.665856 0.272702 -1.047104
v 0.659932 0.521140 -1.056243
v 0.674325 0.521140 -1.040257
v 0.704547 0.272769 -1.028891
v 0.706789 0.521140 -1.029469
v 0.735137 0.272702 -1.040257
v 0.735137 0.521140 -1.040257
v 0.749530 0.272702 -1.056243
v 0.749530 0.521140 -1.056243
v 0.756867 0.272702 -1.089657
v 0.757297 0.521140 -1.085563
v 0.743174 0.272702 -1.116722
v 0.743174 0.521140 -1.116722
v 0.725772 0.272702 -1.129365
v 0.740919 0.551814 -1.069575
v 0.740919 0.624858 -1.069575
v 0.740919 0.551814 -1.465096
v 0.740919 0.624858 -1.465096
v 0.768910 0.551814 -1.069575
v 0.768910 0.624858 -1.069575
v 0.768910 0.551814 -1.465096
v 0.768910 0.624858 -1.465096
v 0.740919 0.551814 -0.884601
v 0.740919 0.551814 -1.650071
v 0.768910 0.551814 -0.884601
v 0.768910 0.551814 -1.650071
v 0.768910 0.344224 -1.069575
v 0.768910 0.344224 -1.042726
v 0.768910 0.344224 -1.491946
v 0.768910 0.448019 -1.540776
v 0.768910 0.344224 -1.465096
v 0.768910 0.448019 -0.993896
v 0.716789 0.492852 -1.172101
v 0.716789 0.492852 -1.362571
v 0.716788 0.285262 -1.172101
v 0.716789 0.285262 -1.362571
v 0.676157 0.275676 -1.494790
v 0.692084 0.518166 -1.501881
v 0.656711 0.275676 -1.467646
v 0.659232 0.518166 -1.475993
v 0.655247 0.275676 -1.438077
v 0.656488 0.518166 -1.434256
v 0.681998 0.275676 -1.405923
v 0.685669 0.518166 -1.404289
v 0.723794 0.275676 -1.404289
v 0.727464 0.518166 -1.405923
v 0.752974 0.275676 -1.434256
v 0.754216 0.518166 -1.438077
v 0.750231 0.275676 -1.475993
v 0.752751 0.518166 -1.467646
v 0.717378 0.275676 -1.501881
v 0.733306 0.518166 -1.494790
v 0.750946 0.273741 -1.180833
v 0.750948 0.453210 -1.180977
v 0.750946 0.273741 -1.356411
v 0.750946 0.449319 -1.356411
v 0.575369 0.273741 -1.180833
v 0.575369 0.449319 -1.180833
v 0.575369 0.273741 -1.356411
v 0.575367 0.452778 -1.356270
v 0.750946 0.219743 -1.297885
v 0.750946 0.219743 -1.239359
v 0.575369 0.219743 -1.239359
v 0.575369 0.219743 -1.297885
v 0.747023 0.552469 -0.850178
v 0.747023 0.710040 -0.850178
v 0.653058 0.552469 -0.935339
v 0.653058 0.710040 -0.935339
v 0.797737 0.748887 -1.745959
v 0.797737 0.650151 -1.745945
v -0.014257 0.748887 -1.745959
v -0.014257 0.650151 -1.745945
v -0.000001 0.552469 -0.850178
v -0.000001 0.710040 -0.850178
v -0.000001 0.552469 -0.935339
v -0.000001 0.710040 -0.935339
v 0.797737 0.748887 -1.991901
v 0.797737 0.650151 -1.991888
v -0.014257 0.650151 -1.991888
v -0.014257 0.748887 -1.991902
v 0.091275 0.650151 -1.745945
v 0.091275 0.748887 -1.745959
v 0.091275 0.650151 -1.991888
v 0.091275 0.748887 -1.991901
v 0.091275 0.749009 -0.869141
v -0.014257 0.749009 -0.869141
v -0.014257 0.650274 -0.869128
v 0.091275 0.650274 -0.869128
v 0.276481 0.186860 -1.603276
v 0.391301 0.718334 -1.673848
v 0.276481 0.186860 -1.022683
v 0.391301 0.718334 -0.952111
v -0.000001 0.186860 -1.022683
v -0.000001 0.718334 -0.952111
v -0.000001 0.186860 -1.603276
v -0.000001 0.718334 -1.673849
v -0.000001 0.394997 -1.580962
v -0.000001 0.510197 -1.580962
v 0.022041 0.505812 -1.580962
v 0.040728 0.493326 -1.580962
v 0.053214 0.474639 -1.580962
v 0.057599 0.452597 -1.580962
v 0.053214 0.430554 -1.580962
v 0.040728 0.411867 -1.580962
v 0.022041 0.399381 -1.580962
v 0.091275 0.881649 -1.745959
v -0.014257 0.881649 -1.745959
v -0.014257 0.881649 -1.991902
v 0.091275 0.881649 -1.991901
v 0.091275 0.650192 -1.453673
v 0.091275 0.650233 -1.161400
v -0.014257 0.650233 -1.161400
v -0.014257 0.650192 -1.453673
v -0.014257 0.748928 -1.453686
v -0.014257 0.748968 -1.161414
v 0.091275 0.748968 -1.161414
v 0.091275 0.748928 -1.453686
v -0.014257 0.868636 -1.453712
v -0.014257 0.868676 -1.161440
v 0.091275 0.868676 -1.161440
v 0.091275 0.868636 -1.453713
v 0.734505 0.748968 -1.161414
v 0.734505 0.748927 -1.453687
v 0.734505 0.868676 -1.161440
v 0.734505 0.868635 -1.453713
v 0.091275 0.339491 -1.745945
v 0.797737 0.339491 -1.745945
v 0.797737 0.339491 -1.991888
v 0.091275 0.339491 -1.991888
v -0.691776 0.272702 -1.133168
v -0.717690 0.521140 -1.133169
v -0.683692 0.521140 -1.129365
v -0.666290 0.272702 -1.116722
v -0.666290 0.521140 -1.116722
v -0.652167 0.272702 -1.085563
v -0.652597 0.521140 -1.089657
v -0.665858 0.272702 -1.047104
v -0.659934 0.521140 -1.056243
v -0.674327 0.521140 -1.040257
v -0.704549 0.272769 -1.028891
v -0.706791 0.521140 -1.029469
v -0.735139 0.272702 -1.040258
v -0.735139 0.521140 -1.040258
v -0.749532 0.272702 -1.056243
v -0.749532 0.521140 -1.056243
v -0.756868 0.272702 -1.089657
v -0.757299 0.521140 -1.085563
v -0.743176 0.272702 -1.116722
v -0.743176 0.521140 -1.116722
v -0.725773 0.272702 -1.129366
v -0.740921 0.551814 -1.069575
v -0.740921 0.624858 -1.069575
v -0.740921 0.551814 -1.465097
v -0.740921 0.624858 -1.465097
v -0.768912 0.551814 -1.069575
v -0.768912 0.624858 -1.069575
v -0.768912 0.551814 -1.465097
v -0.768912 0.624858 -1.465097
v -0.740921 0.551814 -0.884602
v -0.740921 0.551814 -1.650071
v -0.768912 0.551814 -0.884602
v -0.768912 0.551814 -1.650071
v -0.768912 0.344224 -1.069575
v -0.768912 0.344224 -1.042726
v -0.768912 0.344224 -1.491946
v -0.768912 0.448019 -1.540776
v -0.768912 0.344224 -1.465097
v -0.768912 0.448019 -0.993897
v -0.716790 0.492852 -1.172101
v -0.716791 0.492852 -1.362571
v -0.716790 0.285262 -1.172101
v -0.716791 0.285262 -1.362571
v -0.676159 0.275676 -1.494790
v -0.692086 0.518166 -1.501881
v -0.656713 0.275677 -1.467646
v -0.659234 0.518166 -1.475993
v -0.655249 0.275677 -1.438077
v -0.656490 0.518166 -1.434256
v -0.682000 0.275676 -1.405923
v -0.685671 0.518166 -1.404289
v -0.723795 0.275677 -1.404289
v -0.727466 0.518166 -1.405923
v -0.752976 0.275677 -1.434256
v -0.754218 0.518166 -1.438077
v -0.750233 0.275677 -1.475993
v -0.752753 0.518166 -1.467646
v -0.717381 0.275677 -1.501881
v -0.733308 0.518166 -1.494790
v -0.750948 0.273741 -1.180833
v -0.750950 0.453210 -1.180977
v -0.750948 0.273741 -1.356411
v -0.750948 0.449319 -1.356411
v -0.575371 0.273741 -1.180833
v -0.575371 0.449319 -1.180833
v -0.575371 0.273741 -1.356411
v -0.575369 0.452778 -1.356270
v -0.750948 0.219743 -1.297885
v -0.750948 0.219743 -1.239359
v -0.575371 0.219743 -1.239359
v -0.575371 0.219743 -1.297885
v -0.747025 0.552469 -0.850178
v -0.747025 0.710040 -0.850178
v -0.653060 0.552469 -0.935340
v -0.653060 0.710040 -0.935340
v -0.797738 0.748887 -1.745959
v -0.797738 0.650151 -1.745945
v 0.014255 0.748887 -1.745959
v 0.014255 0.650151 -1.745945
v -0.797739 0.748887 -1.991901
v -0.797739 0.650151 -1.991888
v 0.014255 0.650151 -1.991888
v 0.014255 0.748887 -1.991902
v -0.091277 0.650151 -1.745945
v -0.091277 0.748887 -1.745959
v -0.091277 0.650151 -1.991888
v -0.091277 0.748887 -1.991902
v -0.091277 0.749009 -0.869142
v 0.014255 0.749009 -0.869141
v 0.014255 0.650274 -0.869128
v -0.091277 0.650274 -0.869128
v -0.276483 0.186860 -1.603276
v -0.391303 0.718334 -1.673849
v -0.276483 0.186860 -1.022684
v -0.391303 0.718334 -0.952111
v -0.022043 0.505812 -1.580962
v -0.040730 0.493326 -1.580962
v -0.053216 0.474639 -1.580962
v -0.057601 0.452597 -1.580962
v -0.053216 0.430554 -1.580962
v -0.040730 0.411867 -1.580962
v -0.022043 0.399381 -1.580962
v -0.091277 0.881649 -1.745959
v 0.014255 0.881649 -1.745959
v 0.014255 0.881649 -1.991902
v -0.091277 0.881649 -1.991902
v -0.091277 0.650192 -1.453673
v -0.091277 0.650233 -1.161400
v 0.014255 0.650233 -1.161400
v 0.014255 0.650192 -1.453673
v 0.014255 0.748928 -1.453686
v 0.014255 0.748968 -1.161414
v -0.091277 0.748968 -1.161414
v -0.091277 0.748927 -1.453687
v 0.014255 0.868636 -1.453712
v 0.014255 0.868676 -1.161440
v -0.091277 0.868676 -1.161440
v -0.091277 0.868636 -1.453713
v -0.734507 0.748968 -1.161414
v -0.734507 0.748927 -1.453687
v -0.734507 0.868676 -1.161440
v -0.734507 0.868635 -1.453713
v -0.091277 0.339491 -1.745945
v -0.797738 0.339491 -1.745945
v -0.797739 0.339491 -1.991888
v -0.091277 0.339491 -1.991888
v -0.000001 0.291290 -2.096296
v -0.000001 0.959561 -2.096296
v 0.041172 0.291290 -2.088106
v 0.041172 0.959561 -2.088106
v 0.076077 0.291290 -2.064783
v 0.076077 0.959561 -2.064783
v 0.099399 0.291290 -2.029879
v 0.099399 0.959561 -2.029879
v 0.107589 0.291290 -1.988706
v 0.107589 0.959561 -1.988706
v 0.099399 0.291290 -1.947533
v 0.099399 0.959561 -1.947533
v 0.076077 0.291290 -1.912628
v 0.076077 0.959561 -1.912628
v 0.041172 0.291290 -1.889305
v 0.041172 0.959561 -1.889305
v -0.000001 0.291290 -1.881115
v -0.000001 0.959561 -1.881115
v -0.041174 0.291290 -1.889305
v -0.041174 0.959561 -1.889305
v -0.076079 0.291290 -1.912628
v -0.076079 0.959561 -1.912628
v -0.099401 0.291290 -1.947533
v -0.099401 0.959561 -1.947533
v -0.107591 0.291290 -1.988706
v -0.107591 0.959561 -1.988706
v -0.099401 0.291290 -2.029879
v -0.099401 0.959561 -2.029879
v -0.076079 0.291290 -2.064783
v -0.076079 0.959561 -2.064783
v -0.041174 0.291290 -2.088106
v -0.041174 0.959561 -2.088106
vn -0.0000 -0.0000 -1.0000
vn -0.0000 -0.3420 -0.9397
vn -0.0000 -0.6428 -0.7661
vn -0.0000 -0.6428 -0.7660
vn -0.0000 -0.8660 -0.5000
vn -0.0000 -0.9848 -0.1736
vn -0.0000 -0.9848 -0.1737
vn -0.0000 -0.9848 0.1737
vn -0.0000 -0.8660 0.5000
vn -0.0000 -0.6428 0.7660
vn -0.0000 -0.6428 0.7661
vn -0.0000 -0.3420 0.9397
vn -0.0000 -0.0000 1.0000
vn -0.0000 0.3420 0.9397
vn -0.0000 0.6428 0.7661
vn -0.0000 0.6428 0.7660
vn -0.0000 0.8660 0.5000
vn -0.0000 0.9848 0.1736
vn -0.0000 0.9848 0.1737
vn -0.0000 0.9848 -0.1737
vn -0.0000 0.9848 -0.1736
vn -0.0000 0.8660 -0.5000
vn -0.0000 0.6428 -0.7660
vn 1.0000 -0.0000 -0.0000
vn -0.0000 0.6428 -0.7661
vn -0.0000 0.3420 -0.9397
vn -0.3015 -0.0000 -0.9535
vn -0.3015 -0.2468 -0.9210
vn -0.3015 -0.4767 -0.8257
vn -0.3015 -0.6742 -0.6742
vn -0.3015 -0.8257 -0.4767
vn -0.3015 -0.9210 -0.2468
vn -0.3015 -0.9535 -0.0000
vn -0.3015 -0.9210 0.2468
vn -0.3015 -0.8257 0.4767
vn -0.3015 -0.6742 0.6742
vn -0.3015 -0.4767 0.8257
vn -0.3015 -0.2468 0.9210
vn -0.3015 -0.0000 0.9535
vn -0.3015 0.2468 0.9210
vn -0.3015 0.4767 0.8257
vn -0.3015 0.6742 0.6742
vn -0.3015 0.8257 0.4767
vn -0.3015 0.9210 0.2468
vn -0.3015 0.9535 -0.0000
vn -0.3015 0.9210 -0.2468
vn -0.3015 0.8257 -0.4767
vn -0.3015 0.6742 -0.6742
vn -0.3015 0.4767 -0.8257
vn -1.0000 -0.0000 -0.0000
vn -0.3015 0.2468 -0.9210
vn -0.0000 0.9659 -0.2588
vn -0.0000 0.2588 0.9659
vn -0.0000 -0.9659 -0.2588
vn -0.0000 -1.0000 -0.0000
vn -0.0000 0.7071 -0.7071
vn -0.0000 0.5000 0.8660
vn -0.0000 -0.9659 0.2588
vn -0.0000 0.5000 -0.8660
vn -0.0000 0.7071 0.7071
vn -0.0000 0.2588 -0.9659
vn -0.0000 -0.2588 -0.9659
vn -0.0000 -0.7071 0.7071
vn -0.0000 -0.5000 -0.8660
vn -0.0000 0.9659 0.2588
vn -0.0000 -0.5000 0.8660
vn -0.0000 -0.7071 -0.7071
vn -0.0000 1.0000 -0.0000
vn -0.0000 -0.2588 0.9659
vn -0.6789 0.7093 -0.1900
vn -0.6789 -0.5192 -0.5192
vn -0.6789 -0.1900 0.7093
vn -0.6789 -0.3671 0.6359
vn -0.6789 -0.0000 0.7342
vn -0.6789 0.6359 -0.3671
vn -0.6789 0.1900 0.7092
vn -0.6789 -0.6359 -0.3671
vn -0.6789 0.5192 -0.5192
vn -0.6789 0.3671 0.6359
vn -0.6789 -0.7342 -0.0000
vn -0.6789 -0.7092 -0.1900
vn -0.6789 0.3671 -0.6359
vn -0.6789 0.5192 0.5192
vn -0.6789 -0.7092 0.1900
vn -0.6789 0.1900 -0.7092
vn -0.6789 0.6359 0.3671
vn -0.6789 -0.0000 -0.7342
vn -0.6789 0.7092 0.1900
vn -0.6789 -0.6359 0.3671
vn -0.6789 -0.1900 -0.7092
vn -0.6789 0.7342 -0.0000
vn -0.6789 -0.5192 0.5192
vn -0.6789 -0.3671 -0.6359
vn -0.0000 -0.9848 0.1736
vn 0.3015 -0.0000 -0.9535
vn 0.3015 -0.2468 -0.9210
vn 0.3015 -0.4767 -0.8257
vn 0.3015 -0.6742 -0.6742
vn 0.3015 -0.8257 -0.4767
vn 0.3015 -0.9210 -0.2468
vn 0.3015 -0.9535 -0.0000
vn 0.3015 -0.9210 0.2468
vn 0.3015 -0.8257 0.4767
vn 0.3015 -0.6742 0.6742
vn 0.3015 -0.4767 0.8257
vn 0.3015 -0.2468 0.9210
vn 0.3015 -0.0000 0.9535
vn 0.3015 0.2468 0.9210
vn 0.3015 0.4767 0.8257
vn 0.3015 0.6742 0.6742
vn 0.3015 0.8257 0.4767
vn 0.3015 0.9210 0.2468
vn 0.3015 0.9535 -0.0000
vn 0.3015 0.9210 -0.2468
vn 0.3015 0.8257 -0.4767
vn 0.3015 0.6742 -0.6742
vn 0.3015 0.4767 -0.8257
vn 0.3015 0.2468 -0.9210
vn 0.6789 0.7092 -0.1900
vn 0.6789 -0.7093 -0.1900
vn 0.6789 0.5192 -0.5192
vn 0.6789 0.1900 0.7093
vn 0.6789 -0.3671 0.6359
vn 0.6789 -0.0000 0.7342
vn 0.6789 -0.5192 -0.5192
vn 0.6789 0.6359 -0.3671
vn 0.6789 -0.1900 0.7092
vn 0.6789 -0.6359 -0.3671
vn 0.6789 0.3671 -0.6359
vn 0.6789 0.3671 0.6359
vn 0.6789 -0.7342 -0.0000
vn 0.6789 0.5192 0.5192
vn 0.6789 0.1900 -0.7092
vn 0.6789 0.6359 0.3671
vn 0.6789 -0.7092 0.1900
vn 0.6789 -0.0000 -0.7342
vn 0.6789 0.7092 0.1900
vn 0.6789 -0.6359 0.3671
vn 0.6789 -0.1900 -0.7092
vn 0.6789 0.7342 -0.0000
vn 0.6789 -0.5192 0.5192
vn -0.6789 -0.7093 0.1900
vn -0.6789 0.1900 -0.7093
vn -0.6789 0.7092 -0.1900
vn -0.6789 -0.1900 0.7092
vn 0.6789 0.7093 0.1900
vn 0.6789 -0.1900 -0.7093
vn 0.6789 -0.3671 -0.6359
vn 0.6789 0.1900 0.7092
vn 0.6789 -0.7092 -0.1900
vn -0.1695 -0.0177 0.9854
vn -0.8129 -0.0116 0.5823
vn 0.6189 -0.0177 0.7853
vn 0.5422 0.0048 0.8402
vn 0.1112 -0.0116 0.9937
vn -0.6188 0.0177 0.7853
vn 0.8129 0.0116 0.5823
vn 0.1695 0.0177 0.9854
vn 0.0197 0.9996 0.0222
vn -0.5878 -0.0000 0.8090
vn -0.8923 -0.0000 0.4514
vn -0.9421 0.0072 -0.3354
vn -0.3154 0.0051 -0.9490
vn -0.7431 0.0069 -0.6691
vn 0.3557 -0.0000 -0.9346
vn 0.7431 -0.0000 -0.6691
vn -0.1112 0.0116 0.9937
vn 0.9667 -0.0000 -0.2561
vn 0.9108 0.0052 0.4128
vn -0.0000 -0.9301 -0.3673
vn -0.0000 -0.9301 0.3673
vn -0.8914 -0.0000 -0.4532
vn -0.8914 -0.0000 0.4532
vn -0.9978 0.0081 0.0656
vn -0.7687 -0.0061 -0.6396
vn -0.0391 -0.0061 -0.9992
vn 0.7164 -0.0061 -0.6976
vn 0.9988 -0.0059 0.0495
vn -0.0008 0.0008 1.0000
vn 0.0008 0.0008 -1.0000
vn -0.0000 -0.7350 -0.6781
vn -0.0000 -0.7350 0.6781
vn -0.0221 0.9996 -0.0197
vn -0.4259 -0.0104 -0.9047
vn -0.9766 -0.0154 -0.2144
vn -0.0000 1.0000 0.0001
vn -0.0000 -0.0001 1.0000
vn -0.0000 -1.0000 -0.0001
vn -0.0000 -0.1316 -0.9913
vn 0.9774 -0.2112 -0.0000
vn -0.0000 -0.1316 0.9913
vn -0.0000 -0.7462 0.6657
vn -0.3827 -0.9239 -0.0000
vn -0.2856 -0.6894 0.6657
vn -0.7071 -0.7071 -0.0000
vn -0.6894 -0.2856 0.6657
vn -0.9239 -0.3827 -0.0000
vn -0.7462 -0.0000 0.6657
vn -0.9239 0.3827 -0.0000
vn -0.6894 0.2855 0.6657
vn -0.7071 0.7071 -0.0000
vn -0.5277 0.5277 0.6657
vn -0.3827 0.9239 -0.0000
vn -0.2856 0.6894 0.6657
vn -0.0000 0.7462 0.6657
vn -0.5276 -0.5276 0.6657
vn -0.0000 0.0002 -1.0000
vn -0.0000 -0.0002 1.0000
vn 0.1695 -0.0177 0.9854
vn 0.8129 -0.0116 0.5823
vn -0.6188 -0.0177 0.7853
vn -0.5422 0.0048 0.8402
vn -0.1112 -0.0116 0.9937
vn 0.6188 0.0177 0.7853
vn -0.8129 0.0116 0.5823
vn -0.1695 0.0177 0.9854
vn -0.0197 0.9996 0.0222
vn 0.5878 -0.0000 0.8090
vn 0.9108 -0.0052 0.4128
vn 0.9421 0.0072 -0.3354
vn 0.3154 0.0051 -0.9490
vn 0.7431 0.0069 -0.6691
vn -0.3557 -0.0000 -0.9346
vn -0.7431 -0.0000 -0.6691
vn 0.1112 0.0116 0.9937
vn -0.9767 -0.0052 -0.2144
vn 0.8914 -0.0000 -0.4532
vn 0.8914 -0.0000 0.4532
vn 0.9988 0.0059 0.0495
vn 0.7164 0.0061 -0.6976
vn -0.0391 0.0061 -0.9992
vn -0.7687 0.0061 -0.6396
vn -0.9978 -0.0081 0.0656
vn 0.0008 0.0008 1.0000
vn -0.0008 0.0008 -1.0000
vn 0.0221 0.9996 -0.0197
vn 0.4259 -0.0104 -0.9047
vn 0.9766 -0.0154 -0.2144
vn -0.9774 -0.2112 -0.0000
vn 0.3827 -0.9239 -0.0000
vn 0.7071 -0.7071 -0.0000
vn 0.2856 -0.6894 0.6657
vn 0.6894 -0.2856 0.6657
vn 0.5276 -0.5276 0.6657
vn 0.9239 -0.3827 -0.0000
vn 0.9239 0.3827 -0.0000
vn 0.7462 -0.0000 0.6657
vn 0.7071 0.7071 -0.0000
vn 0.6894 0.2856 0.6657
vn 0.3827 0.9239 -0.0000
vn 0.5276 0.5276 0.6657
vn 0.2856 0.6894 0.6657
vn -0.1695 -0.0177 -0.9854
vn -0.8129 -0.0116 -0.5823
vn 0.6188 -0.0177 -0.7853
vn 0.5422 0.0048 -0.8402
vn 0.1112 -0.0116 -0.9937
vn -0.6188 0.0177 -0.7853
vn 0.8129 0.0116 -0.5823
vn 0.1695 0.0177 -0.9854
vn 0.0197 0.9996 -0.0222
vn -0.5878 -0.0000 -0.8090
vn -0.9108 -0.0052 -0.4128
vn -0.9421 0.0072 0.3354
vn -0.3154 0.0051 0.9490
vn -0.7431 0.0069 0.6691
vn 0.3557 -0.0000 0.9346
vn 0.7431 -0.0000 0.6691
vn -0.1112 0.0116 -0.9937
vn 0.9767 -0.0052 0.2144
vn 0.8923 -0.0000 -0.4514
vn -0.9988 0.0059 -0.0495
vn -0.7164 0.0061 0.6976
vn 0.0391 0.0061 0.9992
vn 0.7687 0.0061 0.6396
vn 0.9978 -0.0081 -0.0656
vn -0.0221 0.9996 0.0197
vn -0.4259 -0.0104 0.9047
vn -0.9766 -0.0154 0.2144
vn -0.0000 1.0000 -0.0001
vn -0.0000 -0.0001 -1.0000
vn -0.0000 -1.0000 0.0001
vn -0.0000 -0.7462 -0.6657
vn -0.2856 -0.6894 -0.6657
vn -0.6894 -0.2856 -0.6657
vn -0.5276 -0.5276 -0.6657
vn -0.7462 -0.0000 -0.6657
vn -0.6894 0.2856 -0.6657
vn -0.5276 0.5277 -0.6657
vn -0.2856 0.6894 -0.6657
vn -0.0000 0.0002 1.0000
vn -0.0000 -0.0002 -1.0000
vn 0.1695 -0.0177 -0.9854
vn 0.8129 -0.0116 -0.5823
vn -0.6189 -0.0177 -0.7853
vn -0.5422 0.0048 -0.8402
vn -0.1112 -0.0116 -0.9937
vn 0.6189 0.0177 -0.7853
vn -0.8129 0.0116 -0.5823
vn -0.1695 0.0177 -0.9854
vn -0.0197 0.9996 -0.0222
vn 0.5878 -0.0000 -0.8090
vn 0.9421 0.0072 0.3354
vn 0.3154 0.0051 0.9490
vn 0.7431 0.0069 0.6691
vn -0.3557 -0.0000 0.9346
vn -0.7431 -0.0000 0.6691
vn 0.1112 0.0116 -0.9937
vn -0.9667 -0.0000 0.2560
vn -0.9108 0.0052 -0.4128
vn 0.9978 0.0081 -0.0656
vn 0.7687 -0.0061 0.6396
vn 0.0391 -0.0061 0.9992
vn -0.7164 -0.0061 0.6976
vn -0.9988 -0.0059 -0.0495
vn 0.0221 0.9996 0.0197
vn 0.4259 -0.0104 0.9047
vn 0.9766 -0.0154 0.2144
vn 0.5276 -0.5276 -0.6657
vn 0.6894 -0.2856 -0.6657
vn 0.7462 -0.0000 -0.6657
vn 0.6894 0.2856 -0.6657
vn 0.5277 0.5277 -0.6657
vn 0.2856 0.6894 -0.6657
vn -0.0000 0.7462 -0.6657
vn -0.0000 0.6657 -0.7462
vn 0.3827 -0.0000 -0.9239
vn 0.2856 0.6657 -0.6894
vn 0.7071 -0.0000 -0.7071
vn 0.5277 0.6657 -0.5277
vn 0.9239 -0.0000 -0.3827
vn 0.6894 0.6657 -0.2856
vn 0.7462 0.6657 -0.0000
vn 0.9239 -0.0000 0.3827
vn 0.6894 0.6657 0.2856
vn 0.7071 -0.0000 0.7071
vn 0.5277 0.6657 0.5277
vn 0.3827 -0.0000 0.9239
vn 0.2856 0.6657 0.6894
vn -0.0000 0.6657 0.7462
vn -0.3827 -0.0000 0.9239
vn -0.2856 0.6657 0.6894
vn -0.7071 -0.0000 0.7071
vn -0.5277 0.6657 0.5277
vn -0.9239 -0.0000 0.3827
vn -0.6894 0.6657 0.2856
vn -0.7462 0.6657 -0.0000
vn -0.9239 -0.0000 -0.3827
vn -0.6894 0.6657 -0.2856
vn -0.7071 -0.0000 -0.7071
vn -0.5277 0.6657 -0.5277
vn -0.3827 -0.0000 -0.9239
vn -0.2856 0.6657 -0.6894
vn -0.5422 -0.0048 0.8402
vn -0.9108 -0.0052 0.4128
vn 0.3483 -0.0010 -0.9374
vn 0.9767 -0.0052 -0.2144
vn 0.8923 -0.0000 0.4514
vn -0.0005 -1.0000 -0.0047
vn -0.9988 0.0059 0.0495
vn -0.7164 0.0061 -0.6976
vn 0.0391 0.0061 -0.9992
vn 0.7687 0.0061 -0.6396
vn 0.9978 -0.0081 0.0656
vn 0.5422 -0.0048 0.8402
vn -0.3483 -0.0010 -0.9374
vn -0.9667 -0.0000 -0.2561
vn -0.9108 0.0052 0.4128
vn 0.0005 -1.0000 -0.0047
vn 0.9978 0.0081 0.0656
vn 0.7687 -0.0061 -0.6396
vn 0.0391 -0.0061 -0.9992
vn -0.7164 -0.0061 -0.6976
vn -0.9988 -0.0059 0.0495
vn -0.5422 -0.0048 -0.8402
vn -0.8923 -0.0000 -0.4514
vn 0.3483 -0.0010 0.9374
vn 0.9667 -0.0000 0.2561
vn 0.9108 0.0052 -0.4128
vn -0.0005 -1.0000 0.0047
vn -0.9978 0.0081 -0.0656
vn -0.7687 -0.0061 0.6396
vn -0.0391 -0.0061 0.9992
vn 0.7164 -0.0061 0.6976
vn 0.9988 -0.0059 -0.0495
vn 0.5422 -0.0048 -0.8402
vn 0.9108 -0.0052 -0.4128
vn -0.3483 -0.0010 0.9374
vn -0.9767 -0.0052 0.2144
vn 0.0005 -1.0000 0.0047
vn 0.9988 0.0059 -0.0495
vn 0.7164 0.0061 0.6976
vn -0.0391 0.0061 0.9992
vn -0.7687 0.0061 0.6396
vn -0.9978 -0.0081 -0.0656
vn 0.2856 -0.6894 -0.6657
vt 0.946069 0.970105
vt 0.929709 0.822864
vt 0.946069 0.822864
vt 0.929709 0.970105
vt 0.913349 0.822864
vt 0.913349 0.970105
vt 0.896989 0.822864
vt 0.896989 0.970105
vt 0.880628 0.822864
vt 0.880628 0.970105
vt 0.864268 0.822864
vt 0.864268 0.970105
vt 0.847908 0.822864
vt 0.847908 0.970105
vt 0.831548 0.822864
vt 0.831548 0.970105
vt 0.815188 0.822864
vt 0.815188 0.970105
vt 0.798828 0.822864
vt 0.798828 0.970105
vt 0.782468 0.822864
vt 0.782468 0.970105
vt 0.766108 0.822864
vt 0.766108 0.970105
vt 0.749748 0.822864
vt 0.749748 0.970105
vt 0.733388 0.822864
vt 0.733388 0.970105
vt 0.717028 0.822864
vt 0.717028 0.970105
vt 0.700667 0.822864
vt 0.700667 0.970105
vt 0.684307 0.822864
vt 0.816929 0.922813
vt 0.886029 0.803128
vt 0.931131 0.881247
vt 0.684307 0.970105
vt 0.667947 0.822864
vt 0.667947 0.970105
vt 0.651587 0.822864
vt 0.143017 0.403614
vt 0.177981 0.364810
vt 0.176017 0.403935
vt 0.207887 0.404875
vt 0.212908 0.365841
vt 0.236454 0.406371
vt 0.502061 0.360509
vt 0.538025 0.398256
vt 0.509445 0.399474
vt 0.533384 0.359175
vt 0.569903 0.397625
vt 0.568319 0.358484
vt 0.602904 0.397625
vt 0.604487 0.358484
vt 0.634781 0.398256
vt 0.639423 0.359175
vt 0.663362 0.399474
vt 0.313829 0.445772
vt 0.329781 0.405085
vt 0.337165 0.444049
vt 0.361104 0.403750
vt 0.365745 0.442831
vt 0.397623 0.442201
vt 0.396040 0.403059
vt 0.430625 0.442201
vt 0.432208 0.403059
vt 0.462502 0.442831
vt 0.498466 0.405085
vt 0.491082 0.444049
vt 0.514418 0.445772
vt 0.304207 0.360583
vt 0.336803 0.397978
vt 0.313452 0.399474
vt 0.361133 0.357914
vt 0.365394 0.397038
vt 0.397276 0.396717
vt 0.396073 0.357562
vt 0.430276 0.397038
vt 0.467167 0.358944
vt 0.462146 0.397978
vt 0.498475 0.360583
vt 0.490713 0.399474
vt 0.059193 0.406371
vt 0.075540 0.365841
vt 0.082545 0.404875
vt 0.963364 0.829553
vt 0.955861 0.804442
vt 0.969009 0.827215
vt 0.106874 0.364811
vt 0.111135 0.403935
vt 0.141814 0.364459
vt 0.952428 0.803633
vt 0.925076 0.797789
vt 0.934414 0.785620
vt 0.186214 0.356707
vt 0.223405 0.341436
vt 0.223405 0.357443
vt 0.933547 0.940832
vt 0.955861 0.927085
vt 0.937266 0.945679
vt 0.818343 0.940832
vt 0.837397 0.958827
vt 0.814623 0.945679
vt 0.788525 0.829553
vt 0.776075 0.852615
vt 0.782881 0.827215
vt 0.912155 0.778344
vt 0.937266 0.785847
vt 0.933547 0.790694
vt 0.969757 0.878114
vt 0.969009 0.904312
vt 0.963364 0.901973
vt 0.888296 0.959576
vt 0.862797 0.965633
vt 0.863594 0.959576
vt 0.788525 0.901973
vt 0.776075 0.878911
vt 0.782132 0.878114
vt 0.839734 0.778344
vt 0.814623 0.785847
vt 0.837397 0.772699
vt 0.863594 0.771951
vt 0.889093 0.765893
vt 0.888296 0.771951
vt 0.975815 0.852615
vt 0.969757 0.853413
vt 0.914493 0.958827
vt 0.912155 0.953182
vt 0.800876 0.923365
vt 0.796029 0.927085
vt 0.800876 0.808161
vt 0.796029 0.804442
vt 0.951014 0.808161
vt 0.951014 0.923365
vt 0.839734 0.953183
vt 0.782132 0.853413
vt 0.914493 0.772699
vt 0.975815 0.878911
vt 0.862797 0.765893
vt 0.889093 0.965633
vt 0.782881 0.904312
vt 0.818343 0.790694
vt 0.468996 0.390716
vt 0.374991 0.513225
vt 0.315896 0.370560
vt 0.440473 0.349810
vt 0.477664 0.334539
vt 0.477664 0.350546
vt 0.374743 0.328061
vt 0.413247 0.312055
vt 0.413247 0.328061
vt 0.256750 0.342857
vt 0.256750 0.358864
vt 0.511009 0.335960
vt 0.511009 0.351967
vt 0.450438 0.312790
vt 0.450438 0.328797
vt 0.283976 0.360873
vt 0.283976 0.344867
vt 0.538235 0.337970
vt 0.538235 0.353976
vt 0.483783 0.314211
vt 0.483783 0.330218
vt 0.049948 0.337115
vt 0.083293 0.319687
vt 0.083293 0.335694
vt 0.120484 0.334958
vt 0.158988 0.318952
vt 0.158988 0.334958
vt 0.049948 0.360873
vt 0.077174 0.342857
vt 0.077174 0.358864
vt 0.304207 0.353976
vt 0.331433 0.335960
vt 0.331433 0.351967
vt 0.120484 0.318952
vt 0.196179 0.319688
vt 0.196179 0.335694
vt 0.110519 0.341436
vt 0.110519 0.357443
vt 0.364778 0.334539
vt 0.364778 0.350546
vt 0.229524 0.337115
vt 0.229524 0.321109
vt 0.147710 0.340701
vt 0.147710 0.356707
vt 0.401969 0.333804
vt 0.401969 0.349810
vt 0.304207 0.330218
vt 0.337552 0.312790
vt 0.337552 0.328797
vt 0.186214 0.340701
vt 0.440473 0.333804
vt 0.374743 0.312055
vt 0.531125 0.329686
vt 0.557992 0.324998
vt 0.557992 0.330218
vt 0.912352 0.953199
vt 0.925076 0.928292
vt 0.934414 0.940461
vt 0.815600 0.940461
vt 0.809756 0.913110
vt 0.824938 0.928292
vt 0.797587 0.803633
vt 0.799020 0.831565
vt 0.784849 0.825696
vt 0.887745 0.766289
vt 0.906482 0.787053
vt 0.885743 0.781496
vt 0.952428 0.922447
vt 0.950994 0.894515
vt 0.965165 0.900385
vt 0.837662 0.953199
vt 0.864272 0.944584
vt 0.862269 0.959792
vt 0.971759 0.875778
vt 0.956551 0.852305
vt 0.971759 0.850303
vt 0.778255 0.875778
vt 0.793463 0.852305
vt 0.793463 0.873776
vt 0.837662 0.772882
vt 0.864272 0.781496
vt 0.843532 0.787053
vt 0.965165 0.825696
vt 0.940259 0.812971
vt 0.887745 0.959792
vt 0.906482 0.939027
vt 0.797587 0.922447
vt 0.799020 0.894515
vt 0.815600 0.785620
vt 0.809756 0.812971
vt 0.912352 0.772882
vt 0.940259 0.913109
vt 0.843532 0.939027
vt 0.778255 0.850303
vt 0.862269 0.766289
vt 0.950994 0.831565
vt 0.956551 0.873776
vt 0.885743 0.944584
vt 0.784849 0.900385
vt 0.824938 0.797789
vt 0.578993 0.512764
vt 0.513613 0.354922
vt 0.682998 0.377222
vt 0.400324 0.456823
vt 0.405648 0.481695
vt 0.400816 0.481695
vt 0.400816 0.406201
vt 0.405156 0.431073
vt 0.400324 0.431073
vt 0.426639 0.387993
vt 0.420856 0.365693
vt 0.425689 0.365693
vt 0.507037 0.328660
vt 0.531125 0.324467
vt 0.405156 0.456823
vt 0.401766 0.383901
vt 0.405648 0.406201
vt 0.427131 0.412865
vt 0.421807 0.387993
vt 0.487369 0.327208
vt 0.507037 0.323440
vt 0.403110 0.365693
vt 0.406598 0.383901
vt 0.422299 0.438615
vt 0.422299 0.412865
vt 0.411754 0.463488
vt 0.417537 0.485787
vt 0.412704 0.485787
vt 0.636761 0.328660
vt 0.656428 0.321988
vt 0.656428 0.327208
vt 0.427131 0.438615
vt 0.421807 0.463488
vt 0.411262 0.438615
vt 0.416586 0.463488
vt 0.612673 0.329686
vt 0.636761 0.323440
vt 0.425689 0.485787
vt 0.426639 0.463488
vt 0.411262 0.412865
vt 0.416094 0.438615
vt 0.585806 0.330218
vt 0.612673 0.324467
vt 0.401766 0.503995
vt 0.407942 0.522203
vt 0.403110 0.522203
vt 0.411754 0.387993
vt 0.416094 0.412865
vt 0.585806 0.324998
vt 0.406598 0.503995
vt 0.412704 0.365693
vt 0.416586 0.387993
vt 0.948907 0.923650
vt 0.846714 0.886455
vt 0.859040 0.956360
vt 0.651587 0.970105
vt 0.130517 0.403614
vt 0.165481 0.364810
vt 0.129314 0.364459
vt 0.195387 0.404875
vt 0.163517 0.403935
vt 0.223954 0.406371
vt 0.200408 0.365841
vt 0.525525 0.398256
vt 0.489561 0.360509
vt 0.496945 0.399474
vt 0.555819 0.358484
vt 0.520884 0.359175
vt 0.590404 0.397625
vt 0.557403 0.397625
vt 0.622281 0.398256
vt 0.591987 0.358484
vt 0.658246 0.360509
vt 0.626923 0.359175
vt 0.301329 0.445772
vt 0.317281 0.405085
vt 0.291707 0.406973
vt 0.353245 0.442831
vt 0.324665 0.444049
vt 0.385123 0.442201
vt 0.348604 0.403750
vt 0.418125 0.442201
vt 0.383540 0.403059
vt 0.454643 0.403751
vt 0.419708 0.403059
vt 0.478582 0.444049
vt 0.450002 0.442831
vt 0.511541 0.406973
vt 0.485966 0.405085
vt 0.324303 0.397978
vt 0.291707 0.360583
vt 0.300952 0.399474
vt 0.352894 0.397038
vt 0.317298 0.358944
vt 0.383573 0.357562
vt 0.348633 0.357914
vt 0.384776 0.396717
vt 0.419740 0.357914
vt 0.417776 0.397038
vt 0.454667 0.358944
vt 0.449646 0.397978
vt 0.485975 0.360583
vt 0.046693 0.406371
vt 0.063040 0.365841
vt 0.037448 0.367480
vt 0.070045 0.404875
vt 0.094374 0.364811
vt 0.098635 0.403935
vt 0.210905 0.341436
vt 0.173714 0.356707
vt 0.210905 0.357443
vt 0.319854 0.495565
vt 0.462519 0.436470
vt 0.340010 0.342465
vt 0.465164 0.334539
vt 0.427973 0.349810
vt 0.465164 0.350546
vt 0.400747 0.312055
vt 0.362243 0.328061
vt 0.400747 0.328061
vt 0.244250 0.358864
vt 0.498509 0.335960
vt 0.498509 0.351967
vt 0.437938 0.312790
vt 0.437938 0.328797
vt 0.271476 0.360873
vt 0.244250 0.342857
vt 0.525735 0.353976
vt 0.471283 0.314211
vt 0.471283 0.330218
vt 0.070793 0.335694
vt 0.037448 0.321109
vt 0.037448 0.337115
vt 0.146488 0.318952
vt 0.107984 0.334958
vt 0.146488 0.334958
vt 0.064674 0.358864
vt 0.037448 0.344867
vt 0.037448 0.360873
vt 0.318933 0.335960
vt 0.291707 0.353976
vt 0.318933 0.351967
vt 0.107984 0.318952
vt 0.183679 0.335694
vt 0.098019 0.341436
vt 0.098019 0.357443
vt 0.352278 0.334539
vt 0.352278 0.350546
vt 0.217024 0.321109
vt 0.217024 0.337115
vt 0.135210 0.340701
vt 0.135210 0.356707
vt 0.389469 0.333804
vt 0.389469 0.349810
vt 0.325052 0.312790
vt 0.291707 0.330218
vt 0.325052 0.328797
vt 0.173714 0.340701
vt 0.427973 0.333804
vt 0.362243 0.312055
vt 0.545492 0.324998
vt 0.518625 0.329686
vt 0.545492 0.330218
vt 0.541621 0.323840
vt 0.519321 0.493225
vt 0.677163 0.427844
vt 0.393148 0.481695
vt 0.387824 0.456823
vt 0.388316 0.481695
vt 0.392656 0.431073
vt 0.388316 0.406201
vt 0.387824 0.431073
vt 0.408356 0.365693
vt 0.414139 0.387993
vt 0.413189 0.365693
vt 0.518625 0.324467
vt 0.494537 0.328660
vt 0.392656 0.456823
vt 0.393148 0.406201
vt 0.389266 0.383901
vt 0.409307 0.387993
vt 0.414631 0.412865
vt 0.474869 0.321988
vt 0.474869 0.327208
vt 0.394098 0.383901
vt 0.390610 0.365693
vt 0.409799 0.438615
vt 0.414631 0.438615
vt 0.405037 0.485787
vt 0.399254 0.463488
vt 0.400204 0.485787
vt 0.643928 0.321988
vt 0.624261 0.328660
vt 0.643928 0.327208
vt 0.414139 0.463488
vt 0.404086 0.463488
vt 0.398762 0.438615
vt 0.624261 0.323440
vt 0.600173 0.329686
vt 0.409307 0.463488
vt 0.413189 0.485787
vt 0.403594 0.438615
vt 0.398762 0.412865
vt 0.600173 0.324467
vt 0.573306 0.330218
vt 0.395442 0.522203
vt 0.389266 0.503995
vt 0.390610 0.522203
vt 0.403594 0.412865
vt 0.399254 0.387993
vt 0.573306 0.324998
vt 0.394098 0.503995
vt 0.405037 0.365693
vt 0.400204 0.365693
vt 0.156017 0.403935
vt 0.121814 0.364459
vt 0.123017 0.403614
vt 0.187887 0.404875
vt 0.157981 0.364810
vt 0.224216 0.367480
vt 0.192908 0.365841
vt 0.489445 0.399474
vt 0.513384 0.359175
vt 0.482061 0.360509
vt 0.518025 0.398256
vt 0.548319 0.358484
vt 0.582904 0.397625
vt 0.549903 0.397625
vt 0.619423 0.359175
vt 0.584487 0.358484
vt 0.643362 0.399474
vt 0.614781 0.398256
vt 0.317165 0.444049
vt 0.284207 0.406973
vt 0.293829 0.445772
vt 0.341104 0.403750
vt 0.309781 0.405085
vt 0.345746 0.442831
vt 0.376040 0.403059
vt 0.410625 0.442201
vt 0.377623 0.442201
vt 0.447143 0.403751
vt 0.412208 0.403059
vt 0.471082 0.444049
vt 0.442502 0.442831
vt 0.494418 0.445772
vt 0.478466 0.405085
vt 0.316803 0.397978
vt 0.284207 0.360583
vt 0.293452 0.399474
vt 0.341133 0.357914
vt 0.309798 0.358944
vt 0.345394 0.397038
vt 0.376073 0.357562
vt 0.410276 0.397038
vt 0.377276 0.396717
vt 0.442146 0.397978
vt 0.412240 0.357914
vt 0.470713 0.399474
vt 0.447167 0.358944
vt 0.062545 0.404875
vt 0.029948 0.367480
vt 0.039193 0.406371
vt 0.091136 0.403935
vt 0.055540 0.365841
vt 0.086874 0.364811
vt 0.203405 0.341436
vt 0.166214 0.356707
vt 0.203405 0.357443
vt 0.312354 0.495565
vt 0.455019 0.436470
vt 0.332510 0.342465
vt 0.457664 0.334539
vt 0.420473 0.349810
vt 0.457664 0.350546
vt 0.393247 0.312055
vt 0.354743 0.328061
vt 0.393247 0.328061
vt 0.236750 0.358864
vt 0.491009 0.351967
vt 0.430438 0.312790
vt 0.430438 0.328797
vt 0.263976 0.344867
vt 0.263976 0.360873
vt 0.518235 0.353976
vt 0.491009 0.335960
vt 0.463783 0.314211
vt 0.463783 0.330218
vt 0.063293 0.319687
vt 0.029948 0.337115
vt 0.063293 0.335694
vt 0.138988 0.318952
vt 0.100484 0.334958
vt 0.138988 0.334958
vt 0.057174 0.358864
vt 0.029948 0.344867
vt 0.029948 0.360873
vt 0.311433 0.335960
vt 0.284207 0.353976
vt 0.311433 0.351967
vt 0.100484 0.318952
vt 0.176179 0.319688
vt 0.176179 0.335694
vt 0.090519 0.341436
vt 0.090519 0.357443
vt 0.344778 0.334539
vt 0.344778 0.350546
vt 0.209524 0.337115
vt 0.127710 0.340701
vt 0.127710 0.356707
vt 0.381969 0.333804
vt 0.381969 0.349810
vt 0.317552 0.312790
vt 0.284207 0.330218
vt 0.317552 0.328797
vt 0.166214 0.340701
vt 0.420473 0.333804
vt 0.354743 0.312055
vt 0.537992 0.324998
vt 0.511125 0.329686
vt 0.537992 0.330218
vt 0.534121 0.323840
vt 0.511821 0.493225
vt 0.669663 0.427844
vt 0.385648 0.481695
vt 0.380324 0.456823
vt 0.380816 0.481695
vt 0.385156 0.431073
vt 0.380816 0.406201
vt 0.380324 0.431073
vt 0.400856 0.365693
vt 0.406639 0.387993
vt 0.405689 0.365693
vt 0.511125 0.324467
vt 0.487037 0.328660
vt 0.385156 0.456823
vt 0.385648 0.406201
vt 0.381766 0.383901
vt 0.401807 0.387993
vt 0.407131 0.412865
vt 0.487037 0.323440
vt 0.467369 0.327208
vt 0.386598 0.383901
vt 0.383110 0.365693
vt 0.402299 0.412865
vt 0.407131 0.438615
vt 0.397537 0.485787
vt 0.391754 0.463488
vt 0.392704 0.485787
vt 0.636428 0.321988
vt 0.616761 0.328660
vt 0.636428 0.327208
vt 0.402299 0.438615
vt 0.406639 0.463488
vt 0.396586 0.463488
vt 0.391262 0.438615
vt 0.616761 0.323440
vt 0.592673 0.329686
vt 0.401807 0.463488
vt 0.405689 0.485787
vt 0.396094 0.438615
vt 0.391262 0.412865
vt 0.592673 0.324467
vt 0.565806 0.330218
vt 0.387942 0.522203
vt 0.381766 0.503995
vt 0.383110 0.522203
vt 0.396094 0.412865
vt 0.391754 0.387993
vt 0.386598 0.503995
vt 0.396586 0.387993
vt 0.392704 0.365693
vt 0.913416 0.862177
vt 0.136814 0.364459
vt 0.171017 0.403935
vt 0.138017 0.403614
vt 0.172981 0.364810
vt 0.202887 0.404875
vt 0.207908 0.365841
vt 0.231454 0.406371
vt 0.497061 0.360509
vt 0.533025 0.398256
vt 0.504445 0.399474
vt 0.528384 0.359175
vt 0.564903 0.397625
vt 0.563319 0.358484
vt 0.597904 0.397625
vt 0.599487 0.358484
vt 0.629781 0.398256
vt 0.634423 0.359175
vt 0.658362 0.399474
vt 0.299207 0.406973
vt 0.332165 0.444049
vt 0.308829 0.445772
vt 0.356104 0.403750
vt 0.360745 0.442831
vt 0.391040 0.403059
vt 0.392623 0.442201
vt 0.427208 0.403059
vt 0.425625 0.442201
vt 0.457502 0.442831
vt 0.493466 0.405085
vt 0.486082 0.444049
vt 0.509418 0.445772
vt 0.308452 0.399474
vt 0.324798 0.358944
vt 0.331803 0.397978
vt 0.356133 0.357914
vt 0.360394 0.397038
vt 0.392276 0.396717
vt 0.391073 0.357562
vt 0.425276 0.397038
vt 0.462167 0.358944
vt 0.457146 0.397978
vt 0.485713 0.399474
vt 0.044948 0.367480
vt 0.077545 0.404875
vt 0.054193 0.406371
vt 0.070540 0.365841
vt 0.106135 0.403935
vt 0.101874 0.364811
vt 0.181214 0.356707
vt 0.218405 0.341436
vt 0.218405 0.357443
vt 0.463996 0.390716
vt 0.369991 0.513225
vt 0.310896 0.370560
vt 0.435473 0.349810
vt 0.472664 0.334539
vt 0.472664 0.350546
vt 0.369743 0.328061
vt 0.408247 0.312055
vt 0.408247 0.328061
vt 0.251750 0.342857
vt 0.251750 0.358864
vt 0.506009 0.335960
vt 0.506009 0.351967
vt 0.445438 0.312790
vt 0.445438 0.328797
vt 0.278976 0.344867
vt 0.278976 0.360873
vt 0.533235 0.353976
vt 0.533235 0.337970
vt 0.478783 0.314211
vt 0.478783 0.330218
vt 0.078293 0.335694
vt 0.044948 0.321109
vt 0.078293 0.319687
vt 0.115484 0.334958
vt 0.153988 0.318952
vt 0.153988 0.334958
vt 0.044948 0.360873
vt 0.072174 0.342857
vt 0.072174 0.358864
vt 0.299207 0.353976
vt 0.326433 0.335960
vt 0.326433 0.351967
vt 0.115484 0.318952
vt 0.191179 0.319688
vt 0.191179 0.335694
vt 0.105519 0.341436
vt 0.105519 0.357443
vt 0.359778 0.350546
vt 0.359778 0.334539
vt 0.224524 0.321109
vt 0.224524 0.337115
vt 0.142710 0.340701
vt 0.142710 0.356707
vt 0.396969 0.333804
vt 0.396969 0.349810
vt 0.299207 0.330218
vt 0.332552 0.312790
vt 0.332552 0.328797
vt 0.181214 0.340701
vt 0.435473 0.333804
vt 0.369743 0.312055
vt 0.526125 0.329686
vt 0.552992 0.324998
vt 0.552992 0.330218
vt 0.573993 0.512764
vt 0.508613 0.354922
vt 0.677998 0.377222
vt 0.395324 0.456823
vt 0.400648 0.481695
vt 0.395816 0.481695
vt 0.395816 0.406201
vt 0.400156 0.431073
vt 0.395324 0.431073
vt 0.421639 0.387993
vt 0.415856 0.365693
vt 0.420689 0.365693
vt 0.502037 0.328660
vt 0.526125 0.324467
vt 0.400156 0.456823
vt 0.396766 0.383901
vt 0.400648 0.406201
vt 0.422131 0.412865
vt 0.416807 0.387993
vt 0.482369 0.321988
vt 0.502037 0.323440
vt 0.398110 0.365693
vt 0.401598 0.383901
vt 0.417299 0.438615
vt 0.417299 0.412865
vt 0.406754 0.463488
vt 0.412537 0.485787
vt 0.407704 0.485787
vt 0.631761 0.328660
vt 0.651428 0.321988
vt 0.651428 0.327208
vt 0.421639 0.463488
vt 0.422131 0.438615
vt 0.406262 0.438615
vt 0.411586 0.463488
vt 0.607673 0.329686
vt 0.631761 0.323440
vt 0.420689 0.485787
vt 0.416807 0.463488
vt 0.406262 0.412865
vt 0.411094 0.438615
vt 0.580806 0.330218
vt 0.607673 0.324467
vt 0.396766 0.503995
vt 0.402942 0.522203
vt 0.398110 0.522203
vt 0.406754 0.387993
vt 0.411094 0.412865
vt 0.580806 0.324998
vt 0.401598 0.503995
vt 0.412537 0.365693
vt 0.411586 0.387993
vt 0.558396 0.284367
vt 0.558396 0.290625
vt 0.534201 0.302007
vt 0.510007 0.284367
vt 0.510007 0.327484
vt 0.492980 0.284367
vt 0.510007 0.192171
vt 0.492980 0.192171
vt 0.510007 0.149053
vt 0.363781 0.466571
vt 0.363781 0.509684
vt 0.346756 0.466568
vt 0.363781 0.374386
vt 0.346756 0.374382
vt 0.363781 0.331273
vt 0.534201 0.174530
vt 0.558396 0.192171
vt 0.676376 0.307553
vt 0.684014 0.363695
vt 0.674427 0.364348
vt 0.554537 0.336368
vt 0.556864 0.392877
vt 0.550547 0.392921
vt 0.666792 0.308237
vt 0.666792 0.364938
vt 0.502712 0.338611
vt 0.530007 0.392910
vt 0.516364 0.392921
vt 0.370689 0.331273
vt 0.397981 0.385663
vt 0.384340 0.385676
vt 0.547053 0.534573
vt 0.542997 0.476692
vt 0.548937 0.476656
vt 0.554978 0.534565
vt 0.558396 0.185912
vt 0.684020 0.307077
vt 0.416010 0.451509
vt 0.422405 0.451525
vt 0.418332 0.508022
vt 0.444876 0.476945
vt 0.444876 0.436031
vt 0.485770 0.436052
vt 0.560919 0.534601
vt 0.556862 0.476665
vt 0.560919 0.476692
vt 0.265068 0.499242
vt 0.272313 0.482969
vt 0.285713 0.487324
vt 0.574129 0.476656
vt 0.567827 0.534568
vt 0.567827 0.476657
vt 0.584054 0.534568
vt 0.575083 0.534567
vt 0.380740 0.452684
vt 0.388513 0.451509
vt 0.384193 0.481878
vt 0.581921 0.476657
vt 0.585655 0.476657
vt 0.390989 0.484996
vt 0.394806 0.454441
vt 0.596237 0.534587
vt 0.592563 0.476725
vt 0.596237 0.476681
vt 0.603044 0.476656
vt 0.610356 0.476698
vt 0.603999 0.534563
vt 0.226848 0.505336
vt 0.209607 0.491002
vt 0.231438 0.488011
vt 0.666792 0.300170
vt 0.673317 0.254599
vt 0.673317 0.300170
vt 0.386642 0.502182
vt 0.373193 0.497986
vt 0.673317 0.149053
vt 0.666792 0.176517
vt 0.666792 0.149053
vt 0.201050 0.423313
vt 0.194526 0.515509
vt 0.194526 0.423313
vt 0.673317 0.176517
vt 0.666792 0.254599
vt 0.523749 0.216096
vt 0.523749 0.260494
vt 0.572138 0.260494
vt 0.564264 0.336302
vt 0.571264 0.392781
vt 0.563756 0.392831
vt 0.622254 0.454736
vt 0.633440 0.484013
vt 0.623752 0.485089
vt 0.401714 0.451681
vt 0.408595 0.508079
vt 0.401714 0.508213
vt 0.409113 0.451551
vt 0.411611 0.373063
vt 0.411579 0.332139
vt 0.495804 0.380343
vt 0.454877 0.339417
vt 0.495804 0.338611
vt 0.640679 0.497649
vt 0.623752 0.502685
vt 0.618026 0.491900
vt 0.543639 0.380312
vt 0.543607 0.339385
vt 0.411616 0.414800
vt 0.370689 0.393038
vt 0.411617 0.392584
vt 0.370689 0.433047
vt 0.370689 0.414800
vt 0.454877 0.393058
vt 0.495804 0.393058
vt 0.485770 0.476988
vt 0.411616 0.433047
vt 0.370689 0.444601
vt 0.502712 0.380345
vt 0.370689 0.373104
vt 0.196441 0.416405
vt 0.159714 0.151038
vt 0.196441 0.151045
vt 0.129548 0.326164
vt 0.072222 0.349179
vt 0.072219 0.326164
vt 0.258160 0.311385
vt 0.209607 0.476062
vt 0.209607 0.311385
vt 0.374797 0.484336
vt 0.661663 0.334327
vt 0.686261 0.391656
vt 0.661663 0.391657
vt 0.686261 0.198070
vt 0.661663 0.129941
vt 0.686261 0.129941
vt 0.209607 0.168584
vt 0.383738 0.149053
vt 0.383738 0.168584
vt 0.028583 0.478392
vt 0.065311 0.326164
vt 0.065311 0.478392
vt 0.654755 0.129941
vt 0.618026 0.375479
vt 0.618026 0.129941
vt 0.050485 0.168905
vt 0.202699 0.149054
vt 0.202699 0.168905
vt 0.028583 0.414444
vt 0.050485 0.414444
vt 0.383738 0.393347
vt 0.361835 0.185396
vt 0.390646 0.149054
vt 0.413660 0.313730
vt 0.390646 0.313730
vt 0.303573 0.476062
vt 0.265068 0.311385
vt 0.303573 0.311385
vt 0.141018 0.485830
vt 0.110074 0.428502
vt 0.141018 0.428508
vt 0.609679 0.361975
vt 0.632694 0.386575
vt 0.609679 0.386575
vt 0.517278 0.493736
vt 0.492678 0.436031
vt 0.517278 0.436031
vt 0.636869 0.217182
vt 0.659884 0.149053
vt 0.659884 0.217182
vt 0.606948 0.285295
vt 0.629961 0.353421
vt 0.606948 0.353416
vt 0.346756 0.129941
vt 0.411204 0.209747
vt 0.346756 0.209747
vt 0.028583 0.319256
vt 0.152806 0.167105
vt 0.152806 0.302425
vt 0.411204 0.324365
vt 0.346756 0.324365
vt 0.536081 0.129941
vt 0.444876 0.298178
vt 0.444876 0.129941
vt 0.471641 0.429123
vt 0.536089 0.305086
vt 0.536089 0.429123
vt 0.136459 0.326164
vt 0.141598 0.407202
vt 0.136459 0.406658
vt 0.141598 0.326707
vt 0.145953 0.408749
vt 0.418981 0.426326
vt 0.423337 0.331275
vt 0.423337 0.426319
vt 0.428475 0.426317
vt 0.428475 0.331273
vt 0.433613 0.426319
vt 0.433613 0.331275
vt 0.437968 0.426326
vt 0.661663 0.398564
vt 0.666057 0.493609
vt 0.661663 0.493608
vt 0.666057 0.398565
vt 0.671208 0.493609
vt 0.149886 0.413797
vt 0.145953 0.418846
vt 0.653028 0.388827
vt 0.639602 0.375401
vt 0.643534 0.365908
vt 0.618026 0.382387
vt 0.642625 0.430940
vt 0.618026 0.430940
vt 0.103166 0.485831
vt 0.072219 0.428502
vt 0.103166 0.428502
vt 0.618026 0.447395
vt 0.642625 0.447395
vt 0.578172 0.392921
vt 0.602772 0.361975
vt 0.602772 0.392921
vt 0.629961 0.149058
vt 0.606948 0.217174
vt 0.606948 0.149053
vt 0.629961 0.217179
vt 0.659884 0.353440
vt 0.636869 0.285311
vt 0.659884 0.285311
vt 0.209607 0.154540
vt 0.267311 0.129941
vt 0.267312 0.154540
vt 0.282144 0.154540
vt 0.686261 0.266198
vt 0.686261 0.334327
vt 0.661663 0.198070
vt 0.282144 0.129941
vt 0.339848 0.154540
vt 0.338384 0.311385
vt 0.310481 0.335985
vt 0.310481 0.311385
vt 0.267312 0.304477
vt 0.579046 0.285288
vt 0.579046 0.217167
vt 0.187618 0.491441
vt 0.159714 0.423315
vt 0.187618 0.423312
vt 0.282144 0.304477
vt 0.338384 0.335985
vt 0.310481 0.485922
vt 0.611118 0.279865
vt 0.542989 0.129941
vt 0.611118 0.129941
vt 0.600326 0.305086
vt 0.542997 0.469748
vt 0.542997 0.305086
vt 0.447969 0.320638
vt 0.390646 0.393058
vt 0.390646 0.320649
vt 0.413660 0.149053
vt 0.486072 0.313730
vt 0.129552 0.349179
vt 0.072222 0.421594
vt 0.282010 0.504748
vt 0.610356 0.534604
vt 0.233248 0.492687
vt 0.213730 0.485259
vt 0.222009 0.506647
vt 0.572138 0.216096
vt 0.571264 0.336255
vt 0.631992 0.454303
vt 0.411616 0.444601
vt 0.028583 0.326164
vt 0.028583 0.149054
vt 0.361835 0.393347
vt 0.492678 0.493736
vt 0.629961 0.285300
vt 0.444876 0.305086
vt 0.418981 0.331282
vt 0.141598 0.420393
vt 0.148864 0.411065
vt 0.647890 0.362997
vt 0.640624 0.380539
vt 0.647890 0.387805
vt 0.636869 0.353439
vt 0.209607 0.129941
vt 0.661663 0.266198
vt 0.542989 0.279865
vt 0.265068 0.476062
vt 0.258160 0.476062
vt 0.145954 0.328255
vt 0.338384 0.485922
vt 0.304940 0.537047
vt 0.287330 0.396169
vt 0.304940 0.396169
vt 0.287330 0.537047
vt 0.269720 0.396169
vt 0.269720 0.537047
vt 0.252111 0.396169
vt 0.252111 0.537047
vt 0.234501 0.396169
vt 0.234501 0.537047
vt 0.216891 0.396169
vt 0.216891 0.537047
vt 0.199282 0.396169
vt 0.199282 0.537047
vt 0.181672 0.396169
vt 0.181672 0.537047
vt 0.164063 0.396169
vt 0.164063 0.537047
vt 0.146453 0.396169
vt 0.146453 0.537047
vt 0.128843 0.396169
vt 0.128843 0.537047
vt 0.111234 0.396169
vt 0.111234 0.537047
vt 0.093624 0.396169
vt 0.093624 0.537047
vt 0.076014 0.396169
vt 0.076014 0.537047
vt 0.058405 0.396169
vt 0.045809 0.277915
vt 0.141439 0.277915
vt 0.141439 0.373546
vt 0.058405 0.537047
vt 0.040795 0.396169
vt 0.040795 0.537047
vt 0.023185 0.396169
vt 0.260379 0.263257
vt 0.172027 0.299853
vt 0.208624 0.388204
vt 0.907133 0.922813
vt 0.886029 0.934997
vt 0.862031 0.939228
vt 0.838033 0.934997
vt 0.801266 0.904145
vt 0.792931 0.881247
vt 0.792931 0.856878
vt 0.801266 0.833979
vt 0.816929 0.815312
vt 0.838033 0.803128
vt 0.862031 0.798896
vt 0.907133 0.815312
vt 0.922797 0.833979
vt 0.931131 0.856878
vt 0.922797 0.904145
vt 0.244216 0.367480
vt 0.670746 0.360509
vt 0.304207 0.406973
vt 0.467143 0.403751
vt 0.524041 0.406973
vt 0.329798 0.358944
vt 0.432240 0.357914
vt 0.049948 0.367480
vt 0.332354 0.354102
vt 0.352510 0.342465
vt 0.374990 0.336442
vt 0.398265 0.336442
vt 0.420745 0.342465
vt 0.440901 0.354102
vt 0.457359 0.370560
vt 0.475019 0.413197
vt 0.475019 0.436470
vt 0.468996 0.458951
vt 0.457359 0.479107
vt 0.440901 0.495565
vt 0.420745 0.507202
vt 0.398265 0.513225
vt 0.352510 0.507202
vt 0.332354 0.495565
vt 0.315896 0.479107
vt 0.304259 0.458951
vt 0.298236 0.436470
vt 0.298236 0.413197
vt 0.304259 0.390716
vt 0.049948 0.321109
vt 0.049948 0.344867
vt 0.304207 0.337970
vt 0.304207 0.314211
vt 0.689663 0.402095
vt 0.689663 0.427844
vt 0.682998 0.452717
vt 0.670123 0.475017
vt 0.651915 0.493225
vt 0.629616 0.506099
vt 0.604743 0.512764
vt 0.554121 0.506099
vt 0.531821 0.493225
vt 0.513613 0.475017
vt 0.500738 0.452717
vt 0.494074 0.427844
vt 0.494074 0.402095
vt 0.500738 0.377222
vt 0.531821 0.336715
vt 0.554121 0.323840
vt 0.578993 0.317175
vt 0.604743 0.317175
vt 0.629615 0.323840
vt 0.651915 0.336714
vt 0.670123 0.354922
vt 0.487369 0.321988
vt 0.407942 0.365693
vt 0.420856 0.485787
vt 0.417537 0.365693
vt 0.894531 0.969277
vt 0.913416 0.965948
vt 0.930023 0.956360
vt 0.942349 0.941670
vt 0.948907 0.904474
vt 0.942349 0.886455
vt 0.930023 0.871765
vt 0.894531 0.858847
vt 0.875647 0.862177
vt 0.859040 0.871765
vt 0.840155 0.904474
vt 0.840155 0.923650
vt 0.846714 0.941670
vt 0.875647 0.965948
vt 0.231716 0.367480
vt 0.650862 0.399474
vt 0.501918 0.445772
vt 0.478213 0.399474
vt 0.319854 0.354102
vt 0.303396 0.370560
vt 0.291759 0.390716
vt 0.285736 0.413197
vt 0.285736 0.436470
vt 0.291759 0.458951
vt 0.303396 0.479107
vt 0.340010 0.507202
vt 0.362491 0.513225
vt 0.385765 0.513225
vt 0.408246 0.507202
vt 0.428401 0.495565
vt 0.444859 0.479107
vt 0.456496 0.458951
vt 0.462519 0.413197
vt 0.456496 0.390716
vt 0.444859 0.370560
vt 0.428401 0.354102
vt 0.408246 0.342465
vt 0.385765 0.336442
vt 0.362490 0.336442
vt 0.271476 0.344867
vt 0.525735 0.337970
vt 0.070793 0.319687
vt 0.064674 0.342857
vt 0.291707 0.337970
vt 0.183679 0.319688
vt 0.291707 0.314211
vt 0.677163 0.402095
vt 0.670498 0.377222
vt 0.657623 0.354922
vt 0.639416 0.336714
vt 0.617115 0.323840
vt 0.592243 0.317175
vt 0.566493 0.317175
vt 0.519321 0.336715
vt 0.501113 0.354922
vt 0.488238 0.377222
vt 0.481574 0.402095
vt 0.481574 0.427844
vt 0.488238 0.452717
vt 0.501113 0.475017
vt 0.541621 0.506099
vt 0.566493 0.512764
vt 0.592243 0.512764
vt 0.617116 0.506099
vt 0.639416 0.493225
vt 0.657623 0.475017
vt 0.670498 0.452717
vt 0.494537 0.323440
vt 0.409799 0.412865
vt 0.395442 0.365693
vt 0.408356 0.485787
vt 0.404086 0.387993
vt 0.216454 0.406371
vt 0.650746 0.360509
vt 0.504041 0.406973
vt 0.478475 0.360583
vt 0.312354 0.354102
vt 0.295896 0.370560
vt 0.284259 0.390716
vt 0.278236 0.413197
vt 0.278236 0.436470
vt 0.284259 0.458951
vt 0.295896 0.479107
vt 0.332510 0.507202
vt 0.354991 0.513225
vt 0.378265 0.513225
vt 0.400746 0.507202
vt 0.420901 0.495565
vt 0.437359 0.479107
vt 0.448996 0.458951
vt 0.455019 0.413197
vt 0.448996 0.390716
vt 0.437359 0.370560
vt 0.420901 0.354102
vt 0.400746 0.342465
vt 0.378265 0.336442
vt 0.354990 0.336442
vt 0.236750 0.342857
vt 0.518235 0.337970
vt 0.029948 0.321109
vt 0.057174 0.342857
vt 0.284207 0.337970
vt 0.209524 0.321109
vt 0.284207 0.314211
vt 0.669663 0.402095
vt 0.662998 0.377222
vt 0.650123 0.354922
vt 0.631916 0.336714
vt 0.609616 0.323840
vt 0.584743 0.317175
vt 0.558993 0.317175
vt 0.511821 0.336715
vt 0.493613 0.354922
vt 0.480738 0.377222
vt 0.474074 0.402095
vt 0.474074 0.427844
vt 0.480738 0.452717
vt 0.493613 0.475017
vt 0.534121 0.506099
vt 0.558993 0.512764
vt 0.584743 0.512764
vt 0.609616 0.506099
vt 0.631916 0.493225
vt 0.650123 0.475017
vt 0.662998 0.452717
vt 0.467369 0.321988
vt 0.387942 0.365693
vt 0.400856 0.485787
vt 0.565806 0.324998
vt 0.397537 0.365693
vt 0.239216 0.367480
vt 0.665746 0.360509
vt 0.324781 0.405085
vt 0.462143 0.403751
vt 0.519041 0.406973
vt 0.299207 0.360583
vt 0.427240 0.357914
vt 0.493475 0.360583
vt 0.327354 0.354102
vt 0.347510 0.342465
vt 0.369990 0.336442
vt 0.393265 0.336442
vt 0.415745 0.342465
vt 0.435901 0.354102
vt 0.452359 0.370560
vt 0.470019 0.413197
vt 0.470019 0.436470
vt 0.463996 0.458951
vt 0.452359 0.479107
vt 0.435901 0.495565
vt 0.415745 0.507202
vt 0.393265 0.513225
vt 0.347510 0.507202
vt 0.327354 0.495565
vt 0.310896 0.479107
vt 0.299259 0.458951
vt 0.293236 0.436470
vt 0.293236 0.413197
vt 0.299259 0.390716
vt 0.044948 0.337115
vt 0.044948 0.344867
vt 0.299207 0.337970
vt 0.299207 0.314211
vt 0.684663 0.402095
vt 0.684663 0.427844
vt 0.677998 0.452717
vt 0.665123 0.475017
vt 0.646915 0.493225
vt 0.624616 0.506099
vt 0.599743 0.512764
vt 0.549121 0.506099
vt 0.526821 0.493225
vt 0.508613 0.475017
vt 0.495738 0.452717
vt 0.489074 0.427844
vt 0.489074 0.402095
vt 0.495738 0.377222
vt 0.526821 0.336715
vt 0.549121 0.323840
vt 0.573993 0.317175
vt 0.599743 0.317175
vt 0.624615 0.323840
vt 0.646915 0.336714
vt 0.665123 0.354922
vt 0.482369 0.327208
vt 0.402942 0.365693
vt 0.415856 0.485787
vt 0.407704 0.365693
vt 0.542997 0.534601
vt 0.287740 0.496861
vt 0.272313 0.505766
vt 0.265068 0.489492
vt 0.280088 0.483326
vt 0.592563 0.534631
vt 0.232075 0.500575
vt 0.214288 0.504657
vt 0.210100 0.498961
vt 0.218191 0.482969
vt 0.225261 0.482969
vt 0.370689 0.491474
vt 0.393927 0.488544
vt 0.394806 0.495301
vt 0.390977 0.500208
vt 0.378686 0.501944
vt 0.201050 0.515509
vt 0.454877 0.380343
vt 0.640679 0.489385
vt 0.633440 0.503337
vt 0.618818 0.497693
vt 0.159714 0.416397
vt 0.209607 0.149053
vt 0.654755 0.375479
vt 0.209607 0.185396
vt 0.110074 0.485824
vt 0.632694 0.361975
vt 0.636869 0.149053
vt 0.437968 0.129941
vt 0.028583 0.151038
vt 0.536081 0.298178
vt 0.437968 0.331282
vt 0.671208 0.398565
vt 0.136459 0.420937
vt 0.148864 0.416529
vt 0.653028 0.361975
vt 0.643534 0.384895
vt 0.640624 0.370264
vt 0.642625 0.382387
vt 0.072219 0.485831
vt 0.578172 0.361975
vt 0.339848 0.129941
vt 0.159714 0.491443
vt 0.339848 0.304477
vt 0.600326 0.469749
vt 0.447969 0.393047
vt 0.486072 0.149054
vt 0.129552 0.421594
vt 0.119501 0.388204
vt 0.093624 0.393352
vt 0.067746 0.388204
vt 0.045809 0.373546
vt 0.031150 0.351608
vt 0.026003 0.325731
vt 0.031150 0.299853
vt 0.067746 0.263257
vt 0.093624 0.258110
vt 0.119501 0.263257
vt 0.156098 0.299853
vt 0.161245 0.325731
vt 0.156098 0.351608
vt 0.023185 0.537047
vt 0.234501 0.393352
vt 0.260379 0.388204
vt 0.282316 0.373546
vt 0.296975 0.351608
vt 0.302122 0.325731
vt 0.296975 0.299853
vt 0.282316 0.277915
vt 0.234501 0.258110
vt 0.208624 0.263257
vt 0.186686 0.277915
vt 0.166880 0.325731
vt 0.172027 0.351608
vt 0.186686 0.373546
s 1
usemtl mat_bottom
f 4408/3904/1508 4409/3905/1509 4407/3906/1508
f 4410/3907/1509 4411/3908/1510 4409/3905/1509
f 4412/3909/1511 4413/3910/1512 4411/3908/1510
f 4414/3911/1512 4415/3912/1513 4413/3910/1512
f 4416/3913/1514 4417/3914/1515 4415/3912/1513
f 4418/3915/1515 4419/3916/1516 4417/3914/1515
f 4420/3917/1516 4421/3918/1517 4419/3916/1516
f 4422/3919/1518 4423/3920/1519 4421/3918/1517
f 4424/3921/1519 4425/3922/1520 4423/3920/1519
f 4426/3923/1520 4427/3924/1521 4425/3922/1520
f 4428/3925/1521 4429/3926/1522 4427/3924/1521
f 4430/3927/1523 4431/3928/1524 4429/3926/1522
f 4432/3929/1524 4433/3930/1525 4431/3928/1524
f 4434/3931/1526 4435/3932/1527 4433/3930/1525
f 4436/3933/1528 4437/3934/1529 4435/3932/1527
f 4438/3935/1529 4439/3936/1530 4437/3934/1529
f 4440/3937/1531 4424/3938/1531 4416/3939/1531
f 4440/3940/1532 4441/3941/1533 4439/3936/1530
f 4442/3942/1533 4407/3943/1508 4441/3941/1533
f 4443/3944/1534 4446/3945/1535 4445/3946/1535
f 4446/3945/1535 4447/3947/1536 4445/3946/1535
f 4448/3948/1536 4449/3949/1537 4447/3947/1536
f 4450/3950/1537 4451/3951/1538 4449/3952/1537
f 4452/3953/1538 4453/3954/1539 4451/3951/1538
f 4454/3955/1539 4455/3956/1540 4453/3954/1539
f 4456/3957/1540 4457/3958/1541 4455/3956/1540
f 4458/3959/1541 4459/3960/1542 4457/3958/1541
f 4459/3961/1542 4462/3962/1543 4461/3963/1543
f 4461/3963/1543 4464/3964/1544 4463/3965/1544
f 4464/3964/1544 4465/3966/1545 4463/3965/1544
f 4466/3967/1545 4467/3968/1546 4465/3966/1545
f 4468/3969/1546 4469/3970/1547 4467/3968/1546
f 4469/3970/1547 4472/3971/1548 4471/3972/1548
f 4472/3971/1548 4473/3973/1549 4471/3972/1548
f 4474/3974/1549 4475/3975/1550 4473/3976/1549
f 4475/3975/1550 4478/3977/1551 4477/3978/1551
f 4478/3977/1551 4479/3979/1552 4477/3978/1551
f 4480/3980/1552 4481/3981/1553 4479/3979/1552
f 4481/3981/1553 4484/3982/1554 4483/3983/1554
f 4483/3983/1554 4486/3984/1555 4485/3985/1555
f 4485/3986/1555 4488/3987/1556 4487/3988/1556
f 4456/3989/1557 4496/3990/1557 4497/3991/1557
f 4487/3988/1556 4490/3992/1558 4489/3993/1558
f 4489/3993/1558 4444/3994/1534 4443/3944/1534
f 4487/3995/1557 4560/3996/1557 4485/3997/1557
f 4510/3998/1559 4535/3999/1529 4511/4000/1529
f 4466/4001/1557 4501/4002/1557 4502/4003/1557
f 4476/4004/1557 4506/4005/1557 4507/4006/1557
f 4486/4007/1557 4511/4008/1557 4512/4009/1557
f 4450/4010/1557 4495/4011/1557 4452/4012/1557
f 4460/4013/1557 4500/4014/1557 4462/4015/1557
f 4470/4016/1557 4505/4017/1557 4472/4018/1557
f 4480/4019/1557 4510/4020/1557 4482/4021/1557
f 4444/4022/1557 4514/4023/1557 4492/4024/1557
f 4446/4025/1557 4493/4026/1557 4448/4027/1557
f 4456/3989/1557 4498/4028/1557 4458/4029/1557
f 4466/4001/1557 4503/4030/1557 4468/4031/1557
f 4478/4032/1557 4507/4006/1557 4508/4033/1557
f 4488/4034/1557 4512/4009/1557 4513/4035/1557
f 4452/4012/1557 4496/3990/1557 4454/4036/1557
f 4462/4015/1557 4501/4002/1557 4464/4037/1557
f 4474/4038/1557 4505/4017/1557 4506/4005/1557
f 4482/4021/1557 4511/4008/1557 4484/4039/1557
f 4448/4027/1557 4494/4040/1557 4450/4010/1557
f 4458/4029/1557 4499/4041/1557 4460/4013/1557
f 4444/4022/1557 4491/4042/1557 4446/4025/1557
f 4468/4031/1557 4504/4043/1557 4470/4016/1557
f 4480/4019/1557 4508/4033/1557 4509/4044/1557
f 4490/4045/1557 4513/4035/1557 4514/4023/1557
f 4533/4046/1531 4525/4047/1531 4517/4048/1531
f 4503/4049/1520 4528/4050/1560 4504/4051/1560
f 4496/4052/1561 4521/4053/1562 4497/4054/1562
f 4511/4000/1529 4536/4055/1563 4512/4056/1563
f 4504/4051/1560 4529/4057/1564 4505/4058/1564
f 4497/4054/1562 4522/4059/1565 4498/4060/1565
f 4513/4061/1566 4536/4055/1563 4537/4062/1566
f 4505/4058/1564 4530/4063/1567 4506/4064/1567
f 4498/4060/1565 4523/4065/1516 4499/4066/1516
f 4513/4067/1566 4538/4068/1568 4514/4069/1568
f 4492/4070/1508 4515/4071/1569 4491/4072/1569
f 4506/4073/1567 4531/4074/1524 4507/4075/1524
f 4499/4076/1516 4524/4077/1570 4500/4078/1570
f 4514/4069/1568 4516/4079/1508 4492/4070/1508
f 4491/4072/1569 4517/4080/1571 4493/4081/1571
f 4507/4075/1524 4532/4082/1572 4508/4083/1572
f 4500/4078/1570 4525/4084/1573 4501/4085/1573
f 4494/4086/1574 4517/4080/1571 4518/4087/1574
f 4508/4083/1572 4533/4088/1575 4509/4089/1575
f 4501/4085/1573 4526/4090/1576 4502/4091/1576
f 4494/4092/1574 4519/4093/1512 4495/4094/1512
f 4509/4089/1575 4534/4095/1559 4510/3998/1559
f 4502/4091/1576 4527/4096/1520 4503/4049/1520
f 4495/4094/1512 4520/4097/1561 4496/4052/1561
f 4547/4098/1529 4570/4099/1577 4546/4100/1559
f 4453/4101/1557 4543/4102/1557 4451/4103/1557
f 4461/4104/1557 4549/4105/1557 4548/4106/1557
f 4473/4107/1557 4553/4108/1557 4471/4109/1557
f 4481/4110/1557 4559/4111/1557 4558/4112/1557
f 4449/4113/1557 4541/4114/1557 4447/4115/1557
f 4459/4116/1557 4546/4117/1557 4457/4118/1557
f 4445/4119/1557 4539/4120/1557 4443/4121/1557
f 4467/4122/1557 4552/4123/1557 4551/4124/1557
f 4477/4125/1557 4557/4126/1557 4556/4127/1557
f 4489/4128/1557 4561/4129/1557 4487/3995/1557
f 4455/4130/1557 4544/4131/1557 4453/4101/1557
f 4463/4132/1557 4550/4133/1557 4549/4105/1557
f 4475/4134/1557 4554/4135/1557 4473/4107/1557
f 4483/4136/1557 4560/3996/1557 4559/4111/1557
f 4451/4103/1557 4542/4137/1557 4449/4113/1557
f 4459/4116/1557 4548/4106/1557 4547/4138/1557
f 4471/4109/1557 4552/4123/1557 4469/4139/1557
f 4479/4140/1557 4558/4112/1557 4557/4126/1557
f 4489/4128/1557 4539/4120/1557 4562/4141/1557
f 4447/4115/1557 4540/4142/1557 4445/4119/1557
f 4457/4118/1557 4545/4143/1557 4455/4130/1557
f 4467/4122/1557 4550/4133/1557 4465/4144/1557
f 4475/4134/1557 4556/4127/1557 4555/4145/1557
f 4570/4146/1577 4578/4147/1578 4586/4148/1579
f 4562/4149/1576 4585/4150/1580 4561/4151/1573
f 4540/4152/1560 4563/4153/1581 4539/4154/1520
f 4555/4155/1512 4578/4156/1578 4554/4157/1574
f 4548/4158/1563 4571/4159/1582 4547/4098/1529
f 4539/4154/1520 4586/4160/1579 4562/4149/1576
f 4541/4161/1564 4564/4162/1583 4540/4152/1560
f 4556/4163/1561 4579/4164/1584 4555/4155/1512
f 4549/4165/1566 4572/4166/1585 4548/4158/1563
f 4542/4167/1567 4565/4168/1586 4541/4161/1564
f 4556/4163/1561 4581/4169/1587 4580/4170/1588
f 4550/4171/1568 4573/4172/1589 4549/4173/1566
f 4543/4174/1524 4566/4175/1590 4542/4176/1567
f 4557/4177/1562 4582/4178/1591 4581/4169/1587
f 4551/4179/1508 4574/4180/1592 4550/4171/1568
f 4544/4181/1572 4567/4182/1593 4543/4174/1524
f 4559/4183/1516 4582/4178/1591 4558/4184/1565
f 4552/4185/1569 4575/4186/1594 4551/4179/1508
f 4545/4187/1575 4568/4188/1595 4544/4181/1572
f 4560/4189/1570 4583/4190/1596 4559/4191/1516
f 4553/4192/1571 4576/4193/1597 4552/4185/1569
f 4546/4100/1559 4569/4194/1598 4545/4187/1575
f 4561/4151/1573 4584/4195/1599 4560/4189/1570
f 4554/4196/1574 4577/4197/1600 4553/4192/1571
f 4409/3905/1509 4587/3904/1508 4407/3906/1508
f 4411/3908/1510 4588/3907/1509 4409/3905/1509
f 4413/3910/1512 4589/3909/1511 4411/3908/1510
f 4415/3912/1513 4590/3911/1512 4413/3910/1512
f 4417/3914/1515 4591/3913/1514 4415/3912/1513
f 4419/3916/1516 4592/3915/1601 4417/3914/1515
f 4421/3918/1517 4593/3917/1516 4419/3916/1516
f 4423/3920/1519 4594/3919/1518 4421/3918/1517
f 4425/3922/1520 4595/3921/1519 4423/3920/1519
f 4427/3924/1521 4596/3923/1520 4425/3922/1520
f 4429/3926/1522 4597/3925/1521 4427/3924/1521
f 4431/3928/1524 4598/3927/1523 4429/3926/1522
f 4433/3930/1525 4599/3929/1524 4431/3928/1524
f 4435/3932/1527 4600/3931/1526 4433/3930/1525
f 4437/3934/1529 4601/3933/1527 4435/3932/1527
f 4439/3936/1530 4602/3935/1529 4437/3934/1529
f 4591/4198/1557 4599/4199/1557 4603/4200/1557
f 4441/3941/1533 4603/3940/1532 4439/3936/1530
f 4441/3941/1533 4587/4201/1508 4604/3942/1533
f 4605/4202/1602 4608/4203/1603 4606/4204/1602
f 4609/4205/1604 4608/4203/1603 4607/4206/1603
f 4611/4207/1605 4610/4208/1604 4609/4205/1604
f 4613/4209/1606 4612/4210/1605 4611/4211/1605
f 4613/4209/1606 4616/4212/1607 4614/4213/1606
f 4617/4214/1608 4616/4212/1607 4615/4215/1607
f 4619/4216/1609 4618/4217/1608 4617/4214/1608
f 4619/4216/1609 4622/4218/1610 4620/4219/1609
f 4621/4220/1610 4624/4221/1611 4622/4222/1610
f 4625/4223/1612 4624/4221/1611 4623/4224/1611
f 4627/4225/1613 4626/4226/1612 4625/4223/1612
f 4629/4227/1614 4628/4228/1613 4627/4225/1613
f 4629/4227/1614 4632/4229/1615 4630/4230/1614
f 4633/4231/1616 4632/4229/1615 4631/4232/1615
f 4633/4231/1616 4636/4233/1617 4634/4234/1616
f 4637/4235/1618 4636/4236/1617 4635/4237/1617
f 4639/4238/1619 4638/4239/1618 4637/4235/1618
f 4639/4238/1619 4642/4240/1620 4640/4241/1619
f 4641/4242/1620 4644/4243/1621 4642/4240/1620
f 4643/4244/1621 4646/4245/1622 4644/4243/1621
f 4645/4246/1622 4648/4247/1623 4646/4245/1622
f 4647/4248/1623 4650/4249/1624 4648/4250/1623
f 4618/3989/1531 4658/3990/1531 4616/4036/1531
f 4649/4251/1624 4652/4252/1625 4650/4249/1624
f 4605/4202/1602 4652/4252/1625 4651/4253/1625
f 4647/3997/1531 4723/4129/1531 4649/3995/1531
f 4697/4254/1529 4672/4255/1559 4673/4256/1529
f 4628/4001/1531 4663/4002/1531 4626/4037/1531
f 4638/4004/1531 4668/4005/1531 4636/4038/1531
f 4648/4007/1531 4673/4008/1531 4646/4039/1531
f 4657/4011/1531 4612/4010/1531 4614/4012/1531
f 4662/4014/1531 4622/4013/1531 4624/4015/1531
f 4634/4018/1531 4666/4043/1531 4632/4016/1531
f 4644/4021/1531 4671/4044/1531 4642/4019/1531
f 4606/4022/1531 4676/4023/1531 4652/4045/1531
f 4655/4026/1531 4608/4025/1531 4610/4027/1531
f 4660/4028/1531 4618/3989/1531 4620/4029/1531
f 4665/4030/1531 4628/4001/1531 4630/4031/1531
f 4670/4033/1531 4638/4004/1531 4640/4032/1531
f 4675/4035/1531 4648/4007/1531 4650/4034/1531
f 4616/4036/1531 4657/4011/1531 4614/4012/1531
f 4663/4002/1531 4624/4015/1531 4626/4037/1531
f 4636/4038/1531 4667/4017/1531 4634/4018/1531
f 4673/4008/1531 4644/4021/1531 4646/4039/1531
f 4656/4040/1531 4610/4027/1531 4612/4010/1531
f 4622/4013/1531 4660/4028/1531 4620/4029/1531
f 4653/4042/1531 4606/4022/1531 4608/4025/1531
f 4666/4043/1531 4630/4031/1531 4632/4016/1531
f 4671/4044/1531 4640/4032/1531 4642/4019/1531
f 4676/4023/1531 4650/4034/1531 4652/4045/1531
f 4685/4257/1557 4693/4258/1557 4678/4259/1557
f 4690/4260/1560 4665/4261/1520 4666/4262/1560
f 4683/4263/1562 4658/4264/1561 4659/4265/1562
f 4674/4266/1563 4697/4254/1529 4673/4256/1529
f 4691/4267/1564 4666/4262/1560 4667/4268/1564
f 4684/4269/1565 4659/4265/1562 4660/4270/1565
f 4675/4271/1566 4698/4272/1563 4674/4266/1563
f 4668/4273/1567 4691/4267/1564 4667/4268/1564
f 4685/4274/1516 4660/4270/1565 4661/4275/1516
f 4676/4276/1568 4699/4277/1566 4675/4278/1566
f 4677/4279/1569 4654/4280/1508 4653/4281/1569
f 4669/4282/1524 4692/4283/1567 4668/4284/1567
f 4686/4285/1570 4661/4286/1516 4662/4287/1570
f 4678/4288/1508 4676/4276/1568 4654/4280/1508
f 4655/4289/1571 4677/4279/1569 4653/4281/1569
f 4694/4290/1572 4669/4282/1524 4670/4291/1572
f 4687/4292/1573 4662/4287/1570 4663/4293/1573
f 4680/4294/1574 4655/4289/1571 4656/4295/1574
f 4695/4296/1575 4670/4291/1572 4671/4297/1575
f 4688/4298/1576 4663/4293/1573 4664/4299/1576
f 4681/4300/1512 4656/4301/1574 4657/4302/1512
f 4696/4303/1559 4671/4297/1575 4672/4255/1559
f 4689/4304/1520 4664/4299/1576 4665/4261/1520
f 4682/4305/1561 4657/4302/1512 4658/4264/1561
f 4732/4306/1626 4709/4307/1529 4708/4308/1559
f 4705/4102/1531 4615/4101/1531 4613/4103/1531
f 4623/4104/1531 4711/4105/1531 4625/4132/1531
f 4715/4108/1531 4635/4107/1531 4633/4109/1531
f 4643/4110/1531 4721/4111/1531 4645/4136/1531
f 4703/4114/1531 4611/4113/1531 4609/4115/1531
f 4708/4117/1531 4621/4116/1531 4619/4118/1531
f 4701/4120/1531 4607/4119/1531 4605/4121/1531
f 4629/4122/1531 4714/4123/1531 4631/4139/1531
f 4639/4125/1531 4719/4126/1531 4641/4140/1531
f 4723/4129/1531 4651/4128/1531 4649/3995/1531
f 4706/4131/1531 4617/4130/1531 4615/4101/1531
f 4625/4132/1531 4712/4133/1531 4627/4144/1531
f 4635/4107/1531 4717/4145/1531 4637/4134/1531
f 4645/4136/1531 4722/3996/1531 4647/3997/1531
f 4704/4137/1531 4613/4103/1531 4611/4113/1531
f 4621/4116/1531 4710/4106/1531 4623/4104/1531
f 4714/4123/1531 4633/4109/1531 4631/4139/1531
f 4641/4140/1531 4720/4112/1531 4643/4110/1531
f 4724/4141/1531 4605/4121/1531 4651/4128/1531
f 4702/4142/1531 4609/4115/1531 4607/4119/1531
f 4707/4143/1531 4619/4118/1531 4617/4130/1531
f 4712/4133/1531 4629/4122/1531 4627/4144/1531
f 4637/4134/1531 4718/4127/1531 4639/4125/1531
f 4742/4309/1627 4734/4310/1628 4726/4311/1629
f 4747/4312/1630 4724/4313/1576 4723/4314/1573
f 4725/4315/1631 4702/4316/1560 4701/4317/1520
f 4740/4318/1632 4717/4319/1512 4716/4320/1574
f 4733/4321/1633 4710/4322/1563 4709/4307/1529
f 4748/4323/1634 4701/4317/1520 4724/4313/1576
f 4726/4324/1629 4703/4325/1564 4702/4316/1560
f 4741/4326/1635 4718/4327/1561 4717/4319/1512
f 4710/4322/1563 4735/4328/1636 4711/4329/1566
f 4727/4330/1637 4704/4331/1567 4703/4325/1564
f 4718/4327/1561 4743/4332/1638 4719/4333/1562
f 4735/4334/1636 4712/4335/1568 4711/4336/1566
f 4728/4337/1639 4705/4338/1524 4704/4339/1567
f 4743/4332/1638 4720/4340/1565 4719/4333/1562
f 4736/4341/1640 4713/4342/1508 4712/4335/1568
f 4729/4343/1641 4706/4344/1572 4705/4338/1524
f 4744/4345/1642 4721/4346/1516 4720/4340/1565
f 4737/4347/1643 4714/4348/1569 4713/4342/1508
f 4730/4349/1644 4707/4350/1575 4706/4344/1572
f 4745/4351/1645 4722/4352/1570 4721/4353/1516
f 4738/4354/1646 4715/4355/1571 4714/4348/1569
f 4731/4356/1647 4708/4308/1559 4707/4350/1575
f 4746/4357/1648 4723/4314/1573 4722/4352/1570
f 4715/4355/1571 4740/4358/1632 4716/4359/1574
f 4751/3905/1519 4750/3904/1520 4749/3906/1520
f 4753/3908/1517 4752/3907/1519 4751/3905/1519
f 4755/3910/1516 4754/3909/1517 4753/3908/1517
f 4757/3912/1601 4756/3911/1516 4755/3910/1516
f 4759/3914/1513 4758/3913/1601 4757/3912/1601
f 4761/3916/1512 4760/3915/1513 4759/3914/1513
f 4763/3918/1511 4762/3917/1512 4761/3916/1512
f 4765/3920/1509 4764/3919/1511 4763/3918/1511
f 4767/3922/1508 4766/3921/1509 4765/3920/1509
f 4769/3924/1533 4768/3923/1508 4767/3922/1508
f 4769/3924/1533 4772/3927/1530 4770/3925/1533
f 4773/3928/1529 4772/3927/1530 4771/3926/1530
f 4775/3930/1528 4774/3929/1529 4773/3928/1529
f 4777/3932/1525 4776/3931/1528 4775/3930/1528
f 4779/3934/1524 4778/3933/1525 4777/3932/1525
f 4781/3936/1523 4780/3935/1524 4779/3934/1524
f 4758/4198/1531 4774/4199/1531 4782/4200/1531
f 4783/3941/1521 4782/3940/1523 4781/3936/1523
f 4749/3943/1520 4784/3942/1521 4783/3941/1521
f 4787/4360/1545 4786/4361/1546 4785/4362/1546
f 4789/4363/1544 4788/4364/1545 4787/4360/1545
f 4789/4363/1544 4792/4365/1543 4790/4366/1544
f 4791/4367/1543 4794/4368/1542 4792/4369/1543
f 4793/4370/1542 4796/4371/1541 4794/4368/1542
f 4797/4372/1540 4796/4371/1541 4795/4373/1541
f 4797/4372/1540 4800/4374/1539 4798/4375/1540
f 4801/4376/1538 4800/4374/1539 4799/4377/1539
f 4803/4378/1537 4802/4379/1538 4801/4380/1538
f 4803/4378/1537 4806/4381/1536 4804/4382/1537
f 4805/4383/1536 4808/4384/1535 4806/4381/1536
f 4809/4385/1534 4808/4384/1535 4807/4386/1535
f 4809/4385/1534 4812/4387/1558 4810/4388/1534
f 4813/4389/1556 4812/4387/1558 4811/4390/1558
f 4815/4391/1555 4814/4392/1556 4813/4389/1556
f 4817/4393/1554 4816/4394/1555 4815/4395/1555
f 4817/4393/1554 4820/4396/1553 4818/4397/1554
f 4819/4398/1553 4822/4399/1552 4820/4396/1553
f 4823/4400/1551 4822/4399/1552 4821/4401/1552
f 4825/4402/1550 4824/4403/1551 4823/4400/1551
f 4827/4404/1549 4826/4405/1550 4825/4402/1550
f 4829/4406/1548 4828/4407/1549 4827/4408/1549
f 4798/3989/1557 4838/3990/1557 4796/4036/1557
f 4831/4409/1547 4830/4410/1548 4829/4406/1548
f 4785/4362/1546 4832/4411/1547 4831/4409/1547
f 4827/3997/1557 4903/4129/1557 4829/3995/1557
f 4877/4412/1524 4852/4413/1572 4853/4414/1524
f 4844/4003/1557 4806/4037/1557 4808/4001/1557
f 4818/4004/1557 4848/4005/1557 4816/4038/1557
f 4854/4009/1557 4826/4039/1557 4828/4007/1557
f 4794/4012/1557 4836/4040/1557 4792/4010/1557
f 4842/4014/1557 4802/4013/1557 4804/4015/1557
f 4814/4018/1557 4846/4043/1557 4812/4016/1557
f 4852/4020/1557 4822/4019/1557 4824/4021/1557
f 4834/4024/1557 4832/4045/1557 4786/4022/1557
f 4835/4026/1557 4788/4025/1557 4790/4027/1557
f 4840/4028/1557 4798/3989/1557 4800/4029/1557
f 4810/4031/1557 4844/4003/1557 4808/4001/1557
f 4850/4033/1557 4818/4004/1557 4820/4032/1557
f 4855/4035/1557 4828/4007/1557 4830/4034/1557
f 4796/4036/1557 4837/4011/1557 4794/4012/1557
f 4806/4037/1557 4842/4014/1557 4804/4015/1557
f 4848/4005/1557 4814/4018/1557 4816/4038/1557
f 4853/4008/1557 4824/4021/1557 4826/4039/1557
f 4836/4040/1557 4790/4027/1557 4792/4010/1557
f 4802/4013/1557 4840/4028/1557 4800/4029/1557
f 4788/4025/1557 4834/4024/1557 4786/4022/1557
f 4846/4043/1557 4810/4031/1557 4812/4016/1557
f 4851/4044/1557 4820/4032/1557 4822/4019/1557
f 4832/4045/1557 4855/4035/1557 4830/4034/1557
f 4865/4415/1531 4873/4416/1531 4858/4417/1531
f 4870/4418/1568 4845/4419/1508 4846/4420/1568
f 4863/4421/1562 4838/4422/1565 4839/4423/1562
f 4854/4424/1567 4877/4412/1524 4853/4414/1524
f 4847/4425/1566 4870/4418/1568 4846/4420/1568
f 4864/4426/1561 4839/4423/1562 4840/4427/1561
f 4879/4428/1564 4854/4424/1567 4855/4429/1564
f 4848/4430/1563 4871/4431/1566 4847/4425/1566
f 4865/4432/1512 4840/4427/1561 4841/4433/1512
f 4880/4434/1560 4855/4435/1564 4856/4436/1560
f 4857/4437/1576 4834/4438/1520 4833/4439/1576
f 4849/4440/1529 4872/4441/1563 4848/4442/1563
f 4866/4443/1574 4841/4444/1512 4842/4445/1574
f 4858/4446/1520 4856/4436/1560 4834/4438/1520
f 4859/4447/1573 4833/4439/1576 4835/4448/1573
f 4874/4449/1559 4849/4440/1529 4850/4450/1559
f 4867/4451/1571 4842/4445/1574 4843/4452/1571
f 4836/4453/1570 4859/4447/1573 4835/4448/1573
f 4875/4454/1575 4850/4450/1559 4851/4455/1575
f 4868/4456/1569 4843/4452/1571 4844/4457/1569
f 4861/4458/1516 4836/4459/1570 4837/4460/1516
f 4876/4461/1572 4851/4455/1575 4852/4413/1572
f 4869/4462/1508 4844/4457/1569 4845/4419/1508
f 4862/4463/1565 4837/4460/1516 4838/4422/1565
f 4912/4464/1595 4889/4465/1524 4888/4466/1572
f 4885/4102/1557 4795/4101/1557 4793/4103/1557
f 4890/4106/1557 4805/4132/1557 4803/4104/1557
f 4813/4109/1557 4896/4135/1557 4815/4107/1557
f 4823/4110/1557 4901/4111/1557 4825/4136/1557
f 4883/4114/1557 4791/4113/1557 4789/4115/1557
f 4888/4117/1557 4801/4116/1557 4799/4118/1557
f 4881/4120/1557 4787/4119/1557 4785/4121/1557
f 4809/4122/1557 4894/4123/1557 4811/4139/1557
f 4819/4125/1557 4899/4126/1557 4821/4140/1557
f 4829/3995/1557 4904/4141/1557 4831/4128/1557
f 4886/4131/1557 4797/4130/1557 4795/4101/1557
f 4891/4105/1557 4807/4144/1557 4805/4132/1557
f 4815/4107/1557 4897/4145/1557 4817/4134/1557
f 4901/4111/1557 4827/3997/1557 4825/4136/1557
f 4884/4137/1557 4793/4103/1557 4791/4113/1557
f 4889/4138/1557 4803/4104/1557 4801/4116/1557
f 4811/4139/1557 4895/4108/1557 4813/4109/1557
f 4821/4140/1557 4900/4112/1557 4823/4110/1557
f 4904/4141/1557 4785/4121/1557 4831/4128/1557
f 4882/4142/1557 4789/4115/1557 4787/4119/1557
f 4887/4143/1557 4799/4118/1557 4797/4130/1557
f 4892/4133/1557 4809/4122/1557 4807/4144/1557
f 4817/4134/1557 4898/4127/1557 4819/4125/1557
f 4922/4467/1649 4914/4468/1590 4906/4469/1650
f 4927/4470/1600 4904/4471/1569 4903/4472/1571
f 4905/4473/1594 4882/4474/1568 4881/4475/1508
f 4920/4476/1599 4897/4477/1516 4896/4478/1570
f 4913/4479/1593 4890/4480/1567 4889/4465/1524
f 4928/4481/1597 4881/4475/1508 4904/4471/1569
f 4906/4482/1650 4883/4483/1566 4882/4474/1568
f 4921/4484/1596 4898/4485/1565 4897/4477/1516
f 4914/4486/1590 4891/4487/1564 4890/4480/1567
f 4907/4488/1589 4884/4489/1563 4883/4483/1566
f 4922/4490/1649 4899/4491/1562 4898/4485/1565
f 4915/4492/1586 4892/4493/1560 4891/4494/1564
f 4908/4495/1585 4885/4496/1529 4884/4497/1563
f 4923/4498/1587 4900/4499/1561 4899/4491/1562
f 4916/4500/1583 4893/4501/1520 4892/4493/1560
f 4909/4502/1582 4886/4503/1559 4885/4496/1529
f 4924/4504/1588 4901/4505/1512 4900/4499/1561
f 4917/4506/1581 4894/4507/1576 4893/4501/1520
f 4910/4508/1651 4887/4509/1575 4886/4503/1559
f 4925/4510/1584 4902/4511/1574 4901/4512/1512
f 4918/4513/1652 4895/4514/1573 4894/4507/1576
f 4887/4509/1575 4912/4464/1595 4888/4466/1572
f 4926/4515/1578 4903/4472/1571 4902/4511/1574
f 4919/4516/1580 4896/4517/1570 4895/4514/1573
f 4929/3904/1520 4751/3905/1519 4749/3906/1520
f 4930/3907/1519 4753/3908/1517 4751/3905/1519
f 4931/3909/1517 4755/3910/1516 4753/3908/1517
f 4932/3911/1516 4757/3912/1601 4755/3910/1516
f 4933/3913/1601 4759/3914/1513 4757/3912/1601
f 4934/3915/1513 4761/3916/1512 4759/3914/1513
f 4935/3917/1512 4763/3918/1511 4761/3916/1512
f 4936/3919/1511 4765/3920/1509 4763/3918/1511
f 4937/3921/1509 4767/3922/1508 4765/3920/1509
f 4938/3923/1508 4769/3924/1533 4767/3922/1508
f 4939/3925/1533 4771/3926/1530 4769/3924/1533
f 4940/3927/1530 4773/3928/1529 4771/3926/1530
f 4941/3929/1529 4775/3930/1528 4773/3928/1529
f 4942/3931/1528 4777/3932/1525 4775/3930/1528
f 4943/3933/1525 4779/3934/1524 4777/3932/1525
f 4944/3935/1524 4781/3936/1523 4779/3934/1524
f 4945/4200/1557 4937/4518/1557 4933/4198/1557
f 4945/3940/1523 4783/3941/1521 4781/3936/1523
f 4946/3942/1521 4749/3943/1520 4783/3941/1521
f 4948/4519/1614 4949/4520/1613 4947/4521/1614
f 4950/4522/1613 4951/4523/1612 4949/4520/1613
f 4952/4524/1612 4953/4525/1611 4951/4523/1612
f 4954/4526/1611 4955/4527/1610 4953/4528/1611
f 4956/4529/1610 4957/4530/1609 4955/4527/1610
f 4958/4531/1609 4959/4532/1608 4957/4530/1609
f 4960/4533/1608 4961/4534/1607 4959/4532/1608
f 4962/4535/1607 4963/4536/1606 4961/4534/1607
f 4964/4537/1606 4965/4538/1605 4963/4539/1606
f 4965/4538/1605 4968/4540/1604 4967/4541/1604
f 4967/4541/1604 4970/4542/1603 4969/4543/1603
f 4969/4543/1603 4972/4544/1602 4971/4545/1602
f 4972/4544/1602 4973/4546/1625 4971/4545/1602
f 4973/4546/1625 4976/4547/1624 4975/4548/1624
f 4976/4547/1624 4977/4549/1623 4975/4548/1624
f 4977/4550/1623 4980/4551/1622 4979/4552/1622
f 4979/4552/1622 4982/4553/1621 4981/4554/1621
f 4982/4553/1621 4983/4555/1620 4981/4554/1621
f 4984/4556/1620 4985/4557/1619 4983/4555/1620
f 4985/4557/1619 4988/4558/1618 4987/4559/1618
f 4988/4558/1618 4989/4560/1617 4987/4559/1618
f 4990/4561/1617 4991/4562/1616 4989/4563/1617
f 4960/3989/1531 5000/3990/1531 5001/3991/1531
f 4992/4564/1616 4993/4565/1615 4991/4562/1616
f 4994/4566/1615 4947/4521/1614 4993/4565/1615
f 4989/3997/1531 5065/4129/1531 5064/3996/1531
f 5014/4567/1572 5039/4568/1524 5015/4569/1524
f 4968/4037/1531 5006/4003/1531 4970/4001/1531
f 4978/4038/1531 5011/4006/1531 4980/4004/1531
f 4988/4039/1531 5016/4009/1531 4990/4007/1531
f 4956/4012/1531 4998/4040/1531 4999/4011/1531
f 4964/4013/1531 5004/4014/1531 4966/4015/1531
f 4976/4018/1531 5008/4043/1531 5009/4017/1531
f 4984/4019/1531 5014/4020/1531 4986/4021/1531
f 4994/4045/1531 4996/4024/1531 4948/4022/1531
f 4950/4025/1531 4997/4026/1531 4952/4027/1531
f 4962/4029/1531 5001/3991/1531 5002/4028/1531
f 4970/4001/1531 5007/4030/1531 4972/4031/1531
f 4980/4004/1531 5012/4033/1531 4982/4032/1531
f 4990/4007/1531 5017/4035/1531 4992/4034/1531
f 4958/4036/1531 4999/4011/1531 5000/3990/1531
f 4966/4015/1531 5005/4002/1531 4968/4037/1531
f 4976/4018/1531 5010/4005/1531 4978/4038/1531
f 4986/4021/1531 5015/4008/1531 4988/4039/1531
f 4952/4027/1531 4998/4040/1531 4954/4010/1531
f 4962/4029/1531 5003/4041/1531 4964/4013/1531
f 4950/4025/1531 4996/4024/1531 4995/4042/1531
f 4974/4016/1531 5007/4030/1531 5008/4043/1531
f 4982/4032/1531 5013/4044/1531 4984/4019/1531
f 4994/4045/1531 5017/4035/1531 5018/4023/1531
f 5037/4570/1557 5029/4571/1557 5021/4572/1557
f 5007/4573/1508 5032/4574/1568 5008/4575/1568
f 5000/4576/1565 5025/4577/1562 5001/4578/1562
f 5015/4569/1524 5040/4579/1567 5016/4580/1567
f 5008/4575/1568 5033/4581/1566 5009/4582/1566
f 5001/4578/1562 5026/4583/1561 5002/4584/1561
f 5016/4580/1567 5041/4585/1564 5017/4586/1564
f 5010/4587/1563 5033/4581/1566 5034/4588/1563
f 5002/4584/1561 5027/4589/1512 5003/4590/1512
f 5018/4591/1560 5041/4592/1564 5042/4593/1560
f 4996/4594/1520 5019/4595/1576 4995/4596/1576
f 5010/4597/1563 5035/4598/1529 5011/4599/1529
f 5003/4600/1512 5028/4601/1574 5004/4602/1574
f 5018/4591/1560 5020/4603/1520 4996/4594/1520
f 4995/4596/1576 5021/4604/1573 4997/4605/1573
f 5011/4599/1529 5036/4606/1559 5012/4607/1559
f 5005/4608/1571 5028/4601/1574 5029/4609/1571
f 4997/4605/1573 5022/4610/1570 4998/4611/1570
f 5012/4607/1559 5037/4612/1575 5013/4613/1575
f 5005/4608/1571 5030/4614/1569 5006/4615/1569
f 4998/4616/1570 5023/4617/1516 4999/4618/1516
f 5013/4613/1575 5038/4619/1572 5014/4567/1572
f 5006/4615/1569 5031/4620/1508 5007/4573/1508
f 4999/4618/1516 5024/4621/1565 5000/4576/1565
f 5051/4622/1524 5074/4623/1653 5050/4624/1572
f 4957/4101/1531 5047/4102/1531 4955/4103/1531
f 4967/4132/1531 5052/4106/1531 4965/4104/1531
f 4975/4109/1531 5058/4135/1531 5057/4108/1531
f 4985/4110/1531 5063/4111/1531 5062/4112/1531
f 4953/4113/1531 5045/4114/1531 4951/4115/1531
f 4963/4116/1531 5050/4117/1531 4961/4118/1531
f 4949/4119/1531 5043/4120/1531 4947/4121/1531
f 4971/4122/1531 5056/4123/1531 5055/4124/1531
f 4981/4125/1531 5061/4126/1531 5060/4127/1531
f 4991/3995/1531 5066/4141/1531 5065/4129/1531
f 4959/4130/1531 5048/4131/1531 4957/4101/1531
f 4969/4144/1531 5053/4105/1531 4967/4132/1531
f 4977/4107/1531 5059/4145/1531 5058/4135/1531
f 4989/3997/1531 5063/4111/1531 4987/4136/1531
f 4955/4103/1531 5046/4137/1531 4953/4113/1531
f 4965/4104/1531 5051/4138/1531 4963/4116/1531
f 4973/4139/1531 5057/4108/1531 5056/4123/1531
f 4983/4140/1531 5062/4112/1531 5061/4126/1531
f 4947/4121/1531 5066/4141/1531 4993/4128/1531
f 4951/4115/1531 5044/4142/1531 4949/4119/1531
f 4961/4118/1531 5049/4143/1531 4959/4130/1531
f 4969/4144/1531 5055/4124/1531 5054/4133/1531
f 4979/4134/1531 5060/4127/1531 5059/4145/1531
f 5074/4625/1653 5082/4626/1648 5090/4627/1654
f 5066/4628/1569 5089/4629/1655 5065/4630/1571
f 5044/4631/1568 5067/4632/1643 5043/4633/1508
f 5059/4634/1516 5082/4635/1648 5058/4636/1570
f 5052/4637/1567 5075/4638/1641 5051/4622/1524
f 5043/4633/1508 5090/4639/1654 5066/4628/1569
f 5045/4640/1566 5068/4641/1640 5044/4631/1568
f 5060/4642/1565 5083/4643/1645 5059/4634/1516
f 5052/4637/1567 5077/4644/1637 5076/4645/1639
f 5046/4646/1563 5069/4647/1636 5045/4640/1566
f 5060/4642/1565 5085/4648/1638 5084/4649/1642
f 5054/4650/1560 5077/4651/1637 5053/4652/1564
f 5047/4653/1529 5070/4654/1628 5046/4655/1563
f 5062/4656/1561 5085/4648/1638 5061/4657/1562
f 5055/4658/1520 5078/4659/1656 5054/4650/1560
f 5048/4660/1559 5071/4661/1633 5047/4653/1529
f 5063/4662/1512 5086/4663/1657 5062/4656/1561
f 5056/4664/1576 5079/4665/1631 5055/4658/1520
f 5049/4666/1575 5072/4667/1626 5048/4660/1559
f 5064/4668/1574 5087/4669/1635 5063/4670/1512
f 5057/4671/1573 5080/4672/1634 5056/4664/1576
f 5050/4624/1572 5073/4673/1647 5049/4666/1575
f 5065/4630/1571 5088/4674/1632 5064/4668/1574
f 5057/4671/1573 5082/4675/1648 5081/4676/1630
s 0
f 5128/4677/1557 5126/4678/1557 5127/4679/1557
f 5118/4680/1557 5123/4681/1557 5119/4682/1557
f 5116/4683/1557 5117/4684/1557 5122/4685/1557
f 5112/4686/1531 5120/4687/1531 5113/4688/1531
f 5114/4689/1531 5115/4690/1531 5121/4691/1531
f 5118/4680/1557 5127/4679/1557 5123/4681/1557
f 5116/4683/1557 5129/4692/1557 5124/4693/1557
f 5135/4694/1658 5134/4695/1658 5148/4696/1658
f 5137/4697/1659 5136/4698/1659 5134/4699/1659
f 5149/4700/1660 5148/4696/1660 5146/4701/1660
f 5157/4702/1557 5160/4703/1557 5161/4704/1557
f 5151/4705/1531 5158/4706/1531 5159/4707/1531
f 5111/4708/1661 5110/4709/1661 5092/4710/1661
f 5111/4708/1662 5092/4710/1662 5091/4711/1662
f 5124/4693/1557 5129/4692/1557 5125/4712/1557
f 5118/4680/1557 5128/4677/1557 5127/4679/1557
f 5116/4683/1557 5122/4685/1557 5129/4692/1557
f 5135/4694/1663 5137/4713/1663 5134/4695/1663
f 5147/4714/1664 5149/4715/1664 5146/4716/1664
f 5149/4700/1665 5135/4694/1665 5148/4696/1665
f 5157/4717/1666 5153/4718/1666 5151/4719/1666
f 5114/4689/1531 5113/4688/1531 5115/4690/1531
f 5094/4720/1667 5093/4721/1667 5095/4722/1667
f 5137/4723/1575 5149/4724/1575 5145/4725/1575
f 5097/4726/1668 5094/4727/1668 5095/4728/1668
f 5098/4729/1669 5096/4730/1669 5097/4726/1669
f 5100/4731/1670 5102/4732/1670 5101/4733/1670
f 5098/4729/1671 5099/4734/1671 5100/4735/1671
f 5103/4736/1672 5102/4732/1672 5104/4737/1672
f 5105/4738/1673 5104/4739/1673 5106/4740/1673
f 5091/4711/1674 5092/4710/1674 5093/4721/1674
f 5108/4741/1675 5105/4738/1675 5106/4740/1675
f 5110/4742/1676 5107/4743/1676 5108/4741/1676
f 5095/4744/1575 5108/4745/1575 5100/4746/1575
f 5121/4747/1677 5119/4748/1677 5123/4749/1677
f 5103/4736/1562 5111/4750/1562 5094/4751/1562
f 5116/4683/1557 5119/4682/1557 5117/4684/1557
f 5122/4752/1678 5113/4753/1678 5120/4754/1678
f 5112/4755/1575 5118/4756/1575 5116/4757/1575
f 5117/4758/1562 5115/4759/1562 5113/4753/1562
f 5124/4693/1679 5130/4760/1679 5116/4683/1679
f 5128/4677/1680 5131/4761/1680 5133/4762/1680
f 5139/4763/1681 5136/4698/1681 5137/4697/1681
f 5139/4763/1682 5140/4764/1682 5138/4765/1682
f 5141/4766/1683 5142/4767/1683 5140/4768/1683
f 5143/4769/1684 5144/4770/1684 5142/4771/1684
f 5147/4714/1685 5144/4770/1685 5145/4772/1685
f 5152/4773/1531 5151/4705/1531 5153/4774/1531
f 5156/4775/1686 5153/4776/1686 5157/4777/1686
f 5146/4778/1562 5134/4779/1562 5138/4780/1562
f 5154/4781/1557 5157/4702/1557 5155/4782/1557
f 5150/4783/1687 5155/4784/1687 5151/4785/1687
f 5150/4783/1688 5160/4786/1688 5154/4787/1688
f 5158/4788/1689 5156/4775/1689 5161/4789/1689
f 5155/4790/1690 5157/4717/1690 5151/4719/1690
f 5159/4791/1562 5161/4792/1562 5160/4786/1562
f 5157/4702/1557 5161/4704/1557 5156/4793/1557
f 5151/4705/1531 5159/4707/1531 5150/4794/1531
f 5162/4795/1531 5174/4796/1531 5175/4797/1531
f 5166/4798/1557 5177/4799/1557 5176/4800/1557
f 5183/4801/1562 5176/4802/1562 5185/4803/1562
f 5098/4804/1691 5100/4731/1691 5101/4733/1691
f 5099/4734/1692 5098/4729/1692 5097/4726/1692
f 5182/4805/1575 5178/4806/1575 5184/4807/1575
f 5222/4808/1693 5189/4809/1693 5188/4810/1693
f 5170/4811/1508 5163/4812/1508 5162/4813/1508
f 5165/4814/1520 5172/4815/1520 5164/4816/1520
f 5164/4817/1557 5181/4818/1557 5165/4819/1557
f 5165/4820/1575 5171/4821/1575 5173/4822/1575
f 5174/4823/1575 5165/4820/1575 5181/4824/1575
f 5175/4825/1562 5164/4826/1562 5162/4813/1562
f 5164/4826/1562 5170/4811/1562 5162/4813/1562
f 5183/4827/1694 5167/4828/1694 5166/4829/1694
f 5177/4830/1508 5239/4831/1508 5184/4832/1508
f 5168/4833/1531 5218/4834/1531 5179/4835/1531
f 5187/4836/1694 5189/4837/1694 5186/4838/1694
f 5226/4839/1695 5187/4840/1695 5186/4841/1695
f 5226/4842/1557 5189/4843/1557 5221/4844/1557
f 5225/4845/1531 5188/4846/1531 5187/4847/1531
f 5195/4848/1696 5192/4849/1696 5194/4850/1696
f 5193/4851/1697 5190/4852/1697 5192/4853/1697
f 5194/4850/1562 5190/4854/1562 5196/4855/1562
f 5195/4856/1575 5191/4857/1575 5193/4858/1575
f 5190/4859/1698 5197/4860/1698 5196/4861/1698
s 1
f 5201/4862/1699 5202/4863/1700 5200/4864/1562
f 5203/4865/1701 5204/4866/1702 5202/4863/1700
f 5204/4867/1702 5207/4868/1703 5206/4869/1704
f 5207/4868/1703 5208/4870/1557 5206/4869/1704
f 5209/4871/1705 5210/4872/1706 5208/4870/1557
f 5211/4873/1707 5212/4874/1708 5210/4872/1706
f 5213/4875/1709 5214/4876/1710 5212/4877/1708
f 5215/4878/1711 5198/4879/1575 5214/4876/1710
f 5200/4864/1508 5208/4880/1508 5212/4881/1508
f 5199/4882/1712 5209/4883/1705 5205/4884/1713
s 0
f 5217/4885/1562 5219/4886/1562 5218/4887/1562
f 5185/4888/1557 5216/4889/1557 5183/4890/1557
f 5179/4891/1508 5219/4886/1508 5185/4892/1508
f 5183/4893/1520 5217/4894/1520 5168/4895/1520
f 5169/4896/1531 5224/4897/1531 5168/4898/1531
f 5223/4899/1531 5225/4845/1531 5224/4897/1531
f 5182/4900/1557 5227/4901/1557 5220/4902/1557
f 5227/4901/1557 5221/4844/1557 5220/4902/1557
f 5183/4903/1695 5224/4904/1695 5227/4905/1695
f 5224/4904/1714 5231/4906/1714 5227/4905/1714
f 5182/4805/1693 5223/4907/1693 5169/4908/1693
f 5223/4907/1693 5221/4909/1693 5222/4808/1693
f 5228/4910/1695 5230/4911/1695 5231/4906/1695
f 5225/4912/1715 5230/4913/1715 5229/4914/1715
f 5231/4906/1714 5233/4915/1714 5227/4905/1714
f 5224/4897/1531 5229/4916/1531 5228/4917/1531
f 5233/4918/1557 5234/4919/1557 5232/4920/1557
f 5230/4911/1695 5235/4921/1695 5231/4906/1695
f 5226/4922/1715 5234/4923/1715 5230/4913/1715
f 5226/4924/1693 5233/4925/1693 5232/4926/1693
f 5237/4927/1575 5239/4928/1575 5238/4929/1575
f 5184/4930/1531 5236/4931/1531 5182/4932/1531
f 5182/4933/1520 5237/4934/1520 5167/4828/1520
f 5167/4935/1557 5238/4936/1557 5177/4799/1557
f 5277/4677/1531 5276/4679/1531 5275/4678/1531
f 5267/4680/1531 5268/4682/1531 5272/4681/1531
f 5265/4683/1531 5271/4685/1531 5266/4684/1531
f 5261/4686/1557 5262/4688/1557 5269/4687/1557
f 5263/4689/1557 5270/4691/1557 5264/4690/1557
f 5267/4680/1531 5272/4681/1531 5276/4679/1531
f 5265/4683/1531 5273/4693/1531 5278/4692/1531
f 5284/4694/1716 5297/4696/1716 5283/4695/1716
f 5286/4697/1717 5283/4699/1717 5285/4698/1717
f 5298/4700/1718 5295/4701/1718 5297/4696/1718
f 5306/4702/1531 5310/4704/1531 5309/4703/1531
f 5300/4705/1557 5308/4707/1557 5307/4706/1557
f 5259/4709/1719 5260/4708/1719 5241/4710/1719
f 5260/4708/1720 5240/4711/1720 5241/4710/1720
f 5273/4693/1531 5274/4712/1531 5278/4692/1531
f 5267/4680/1531 5276/4679/1531 5277/4677/1531
f 5265/4683/1531 5278/4692/1531 5271/4685/1531
f 5284/4694/1721 5283/4695/1721 5286/4713/1721
f 5296/4714/1722 5295/4716/1722 5298/4715/1722
f 5298/4700/1723 5297/4696/1723 5284/4694/1723
f 5306/4717/1724 5300/4719/1724 5302/4718/1724
f 5262/4688/1557 5263/4689/1557 5264/4690/1557
f 5242/4721/1725 5243/4720/1725 5244/4722/1725
f 5298/4724/1575 5286/4723/1575 5290/4937/1575
f 5246/4726/1726 5243/4727/1726 5245/4730/1726
f 5247/4729/1727 5246/4726/1727 5245/4730/1727
f 5249/4731/1728 5250/4733/1728 5251/4732/1728
f 5247/4729/1729 5249/4735/1729 5248/4734/1729
f 5251/4732/1730 5252/4736/1730 5253/4737/1730
f 5253/4739/1731 5254/4738/1731 5255/4740/1731
f 5240/4711/1732 5242/4721/1732 5241/4710/1732
f 5257/4741/1733 5254/4738/1733 5256/4743/1733
f 5259/4742/1668 5256/4743/1668 5258/4938/1668
f 5248/4939/1575 5255/4940/1575 5242/4941/1575
f 5268/4748/1677 5270/4747/1677 5272/4749/1677
f 5260/4750/1562 5252/4736/1562 5247/4804/1562
f 5268/4682/1531 5265/4683/1531 5266/4684/1531
f 5262/4753/1678 5271/4752/1678 5269/4754/1678
f 5267/4756/1575 5261/4755/1575 5265/4757/1575
f 5264/4759/1562 5266/4758/1562 5262/4753/1562
f 5273/4693/1734 5279/4760/1734 5281/4942/1734
f 5277/4677/1735 5280/4761/1735 5267/4680/1735
f 5288/4763/1736 5285/4698/1736 5287/4765/1736
f 5288/4763/1737 5289/4764/1737 5290/4943/1737
f 5290/4766/1738 5291/4767/1738 5292/4944/1738
f 5292/4769/1739 5293/4770/1739 5294/4772/1739
f 5296/4714/1740 5293/4770/1740 5295/4716/1740
f 5300/4705/1557 5301/4773/1557 5302/4774/1557
f 5302/4776/1741 5305/4775/1741 5306/4777/1741
f 5283/4779/1562 5295/4778/1562 5291/4767/1562
f 5306/4702/1531 5303/4781/1531 5304/4782/1531
f 5304/4784/1742 5299/4783/1742 5300/4785/1742
f 5309/4786/1688 5299/4783/1688 5303/4787/1688
f 5305/4775/1689 5307/4788/1689 5310/4789/1689
f 5304/4790/1743 5300/4719/1743 5306/4717/1743
f 5309/4786/1562 5307/4945/1562 5308/4791/1562
f 5306/4702/1531 5305/4793/1531 5310/4704/1531
f 5300/4705/1557 5299/4794/1557 5308/4707/1557
f 5319/4796/1557 5311/4795/1557 5320/4797/1557
f 5322/4799/1531 5315/4798/1531 5321/4800/1531
f 5321/4802/1562 5328/4801/1562 5330/4803/1562
f 5247/4804/1744 5250/4733/1744 5249/4731/1744
f 5248/4734/1745 5246/4726/1745 5247/4729/1745
f 5323/4806/1575 5327/4805/1575 5329/4807/1575
f 5359/4808/1693 5334/4809/1693 5358/4909/1693
f 5312/4812/1508 5170/4811/1508 5311/4813/1508
f 5313/4816/1520 5173/4946/1520 5314/4814/1520
f 5326/4818/1531 5313/4817/1531 5314/4819/1531
f 5314/4820/1575 5171/4821/1575 5312/4947/1575
f 5314/4820/1575 5319/4823/1575 5326/4824/1575
f 5320/4825/1562 5313/4826/1562 5325/4948/1562
f 5170/4811/1562 5313/4826/1562 5311/4813/1562
f 5316/4828/1694 5328/4827/1694 5315/4829/1694
f 5376/4831/1508 5322/4830/1508 5329/4832/1508
f 5355/4834/1557 5317/4833/1557 5324/4835/1557
f 5334/4837/1694 5332/4836/1694 5331/4838/1694
f 5331/4841/1695 5362/4949/1695 5363/4839/1695
f 5334/4843/1531 5363/4842/1531 5358/4844/1531
f 5332/4847/1557 5359/4950/1557 5362/4845/1557
f 5337/4849/1696 5195/4848/1696 5194/4850/1696
f 5335/4852/1746 5338/4851/1746 5337/4853/1746
f 5194/4850/1562 5335/4854/1562 5337/4849/1562
f 5336/4857/1575 5195/4856/1575 5338/4858/1575
f 5335/4859/1698 5197/4860/1698 5336/4951/1698
s 1
f 5339/4863/1747 5201/4862/1699 5200/4864/1562
f 5341/4866/1748 5340/4865/1749 5339/4863/1747
f 5341/4867/1748 5344/4868/1750 5342/4952/1751
f 5345/4870/1531 5344/4868/1750 5343/4869/1752
f 5347/4872/1753 5346/4871/1754 5345/4870/1531
f 5349/4874/1755 5348/4873/1756 5347/4872/1753
f 5351/4876/1757 5350/4875/1758 5349/4877/1755
f 5198/4879/1575 5352/4878/1759 5351/4876/1757
f 5351/4953/1508 5343/4954/1508 5339/4863/1508
f 5340/4955/1749 5348/4956/1756 5352/4957/1759
s 0
f 5356/4886/1562 5354/4885/1562 5355/4887/1562
f 5353/4889/1531 5330/4888/1531 5328/4890/1531
f 5356/4886/1508 5324/4891/1508 5330/4892/1508
f 5354/4894/1520 5328/4893/1520 5317/4895/1520
f 5361/4897/1557 5318/4896/1557 5317/4898/1557
f 5362/4845/1557 5360/4899/1557 5361/4897/1557
f 5357/4902/1531 5328/4958/1531 5327/4900/1531
f 5358/4844/1531 5364/4901/1531 5357/4902/1531
f 5364/4905/1695 5317/4959/1695 5328/4903/1695
f 5364/4905/1714 5365/4910/1714 5361/4904/1714
f 5318/4908/1693 5357/4960/1693 5327/4805/1693
f 5360/4907/1693 5358/4909/1693 5357/4960/1693
f 5367/4911/1695 5365/4910/1695 5368/4906/1695
f 5366/4914/1715 5363/4922/1715 5362/4912/1715
f 5370/4915/1714 5368/4906/1714 5364/4905/1714
f 5361/4897/1557 5366/4916/1557 5362/4845/1557
f 5371/4919/1531 5370/4918/1531 5369/4920/1531
f 5372/4921/1695 5367/4911/1695 5368/4906/1695
f 5371/4923/1715 5363/4922/1715 5367/4913/1715
f 5369/4926/1693 5364/4961/1693 5363/4924/1693
f 5376/4928/1575 5374/4927/1575 5375/4929/1575
f 5373/4931/1557 5329/4930/1557 5327/4932/1557
f 5374/4934/1520 5327/4933/1520 5316/4828/1520
f 5375/4936/1531 5316/4935/1531 5322/4799/1531
f 5414/4677/1557 5413/4679/1557 5412/4678/1557
f 5404/4680/1557 5405/4682/1557 5409/4681/1557
f 5402/4683/1557 5408/4685/1557 5403/4684/1557
f 5398/4686/1531 5399/4688/1531 5406/4687/1531
f 5400/4689/1531 5407/4691/1531 5401/4690/1531
f 5404/4680/1557 5409/4681/1557 5413/4679/1557
f 5402/4683/1557 5410/4693/1557 5415/4692/1557
f 5421/4694/1760 5434/4696/1760 5420/4695/1760
f 5423/4697/1761 5420/4699/1761 5422/4698/1761
f 5435/4700/1762 5432/4701/1762 5434/4696/1762
f 5443/4702/1557 5447/4704/1557 5446/4703/1557
f 5437/4705/1531 5445/4707/1531 5444/4706/1531
f 5396/4709/1763 5397/4708/1763 5378/4710/1763
f 5397/4708/1764 5377/4711/1764 5378/4710/1764
f 5410/4693/1557 5411/4712/1557 5415/4692/1557
f 5404/4680/1557 5413/4679/1557 5414/4677/1557
f 5402/4683/1557 5415/4692/1557 5408/4685/1557
f 5421/4694/1765 5420/4695/1765 5423/4713/1765
f 5433/4714/1766 5432/4716/1766 5435/4715/1766
f 5435/4700/1767 5434/4696/1767 5421/4694/1767
f 5443/4717/1768 5437/4719/1768 5439/4718/1768
f 5399/4688/1531 5400/4689/1531 5401/4690/1531
f 5379/4721/1769 5380/4720/1769 5381/4722/1769
f 5435/4724/1575 5423/4723/1575 5427/4937/1575
f 5383/4726/1770 5380/4727/1770 5382/4730/1770
f 5384/4729/1771 5383/4726/1771 5382/4730/1771
f 5386/4731/1772 5387/4733/1772 5388/4732/1772
f 5384/4729/1773 5386/4735/1773 5385/4734/1773
f 5388/4732/1774 5389/4736/1774 5390/4737/1774
f 5390/4739/1775 5391/4738/1775 5392/4740/1775
f 5377/4711/1776 5379/4721/1776 5378/4710/1776
f 5394/4741/1777 5391/4738/1777 5393/4743/1777
f 5396/4742/1778 5393/4743/1778 5395/4938/1778
f 5385/4939/1575 5392/4940/1575 5379/4941/1575
f 5405/4748/1678 5407/4747/1678 5409/4749/1678
f 5397/4750/1562 5389/4736/1562 5384/4804/1562
f 5405/4682/1557 5402/4683/1557 5403/4684/1557
f 5399/4753/1677 5408/4752/1677 5406/4754/1677
f 5404/4756/1575 5398/4755/1575 5402/4757/1575
f 5401/4759/1562 5403/4758/1562 5399/4753/1562
f 5410/4693/1680 5416/4760/1680 5418/4942/1680
f 5414/4677/1679 5417/4761/1679 5404/4680/1679
f 5425/4763/1779 5422/4698/1779 5424/4765/1779
f 5425/4763/1780 5426/4764/1780 5427/4943/1780
f 5427/4766/1781 5428/4767/1781 5429/4944/1781
f 5429/4769/1782 5430/4770/1782 5431/4772/1782
f 5433/4714/1783 5430/4770/1783 5432/4716/1783
f 5437/4705/1531 5438/4773/1531 5439/4774/1531
f 5439/4776/1742 5442/4775/1742 5443/4777/1742
f 5420/4779/1562 5432/4778/1562 5428/4767/1562
f 5443/4702/1557 5440/4781/1557 5441/4782/1557
f 5441/4784/1741 5436/4783/1741 5437/4785/1741
f 5446/4786/1689 5436/4783/1689 5440/4787/1689
f 5442/4775/1688 5444/4788/1688 5447/4789/1688
f 5441/4790/1784 5437/4719/1784 5443/4717/1784
f 5447/4792/1562 5445/4791/1562 5446/4786/1562
f 5443/4702/1557 5442/4793/1557 5447/4704/1557
f 5437/4705/1531 5436/4794/1531 5445/4707/1531
f 5174/4796/1531 5448/4795/1531 5175/4797/1531
f 5461/4799/1557 5452/4798/1557 5460/4800/1557
f 5460/4802/1562 5465/4801/1562 5467/4803/1562
f 5384/4804/1785 5387/4733/1785 5386/4731/1785
f 5385/4734/1786 5383/4726/1786 5384/4729/1786
f 5466/4807/1575 5455/4908/1575 5464/4805/1575
f 5495/4808/1787 5471/4809/1787 5494/4909/1787
f 5449/4812/1520 5456/4811/1520 5448/4813/1520
f 5450/4816/1508 5459/4946/1508 5451/4814/1508
f 5181/4818/1557 5450/4817/1557 5451/4819/1557
f 5451/4820/1575 5457/4821/1575 5449/4947/1575
f 5451/4820/1575 5174/4823/1575 5181/4824/1575
f 5175/4825/1562 5450/4826/1562 5180/4948/1562
f 5456/4811/1562 5450/4826/1562 5448/4813/1562
f 5453/4828/1788 5465/4827/1788 5452/4829/1788
f 5466/4832/1520 5511/4962/1520 5461/4830/1520
f 5491/4834/1531 5454/4833/1531 5463/4835/1531
f 5471/4837/1788 5469/4836/1788 5468/4838/1788
f 5468/4841/1789 5498/4949/1789 5499/4839/1789
f 5471/4843/1557 5499/4842/1557 5494/4844/1557
f 5498/4845/1531 5470/4846/1531 5495/4950/1531
f 5474/4849/1698 5477/4848/1698 5476/4850/1698
f 5472/4852/1697 5475/4851/1697 5474/4853/1697
f 5476/4850/1562 5472/4854/1562 5474/4849/1562
f 5473/4857/1575 5477/4856/1575 5475/4858/1575
f 5472/4859/1696 5479/4860/1696 5473/4951/1696
s 1
f 5202/4863/1700 5481/4862/1790 5200/4864/1562
f 5204/4866/1702 5482/4865/1791 5202/4863/1700
f 5204/4867/1702 5484/4868/1792 5483/4952/1793
f 5208/4870/1557 5484/4868/1792 5206/4869/1704
f 5210/4872/1706 5485/4871/1794 5208/4870/1557
f 5212/4874/1708 5486/4873/1795 5210/4872/1706
f 5214/4876/1710 5487/4875/1796 5212/4877/1708
f 5198/4879/1575 5488/4878/1797 5214/4876/1710
f 5482/4955/1791 5486/4956/1795 5488/4957/1797
s 0
f 5492/4886/1562 5490/4885/1562 5491/4887/1562
f 5489/4889/1557 5467/4888/1557 5465/4890/1557
f 5492/4886/1520 5463/4891/1520 5467/4892/1520
f 5490/4894/1508 5465/4893/1508 5454/4895/1508
f 5497/4897/1531 5455/4896/1531 5454/4898/1531
f 5497/4897/1531 5495/4950/1531 5496/4899/1531
f 5493/4902/1557 5465/4958/1557 5464/4900/1557
f 5493/4902/1557 5499/4842/1557 5500/4901/1557
f 5500/4905/1789 5454/4959/1789 5465/4903/1789
f 5504/4906/1798 5497/4904/1798 5500/4905/1798
f 5455/4908/1787 5493/4960/1787 5464/4805/1787
f 5496/4907/1787 5494/4909/1787 5493/4960/1787
f 5503/4911/1789 5501/4910/1789 5504/4906/1789
f 5498/4912/1799 5503/4913/1799 5499/4922/1799
f 5500/4905/1798 5508/4921/1798 5504/4906/1798
f 5497/4897/1531 5502/4916/1531 5498/4845/1531
f 5507/4919/1557 5506/4918/1557 5505/4920/1557
f 5508/4921/1789 5503/4911/1789 5504/4906/1789
f 5507/4923/1799 5499/4922/1799 5503/4913/1799
f 5499/4924/1787 5506/4925/1787 5500/4961/1787
f 5512/4928/1575 5510/4927/1575 5511/4929/1575
f 5509/4931/1531 5466/4930/1531 5464/4932/1531
f 5510/4934/1508 5464/4933/1508 5453/4828/1508
f 5511/4936/1557 5453/4935/1557 5461/4799/1557
f 5550/4677/1531 5548/4678/1531 5549/4679/1531
f 5540/4680/1531 5545/4681/1531 5541/4682/1531
f 5538/4683/1531 5539/4684/1531 5544/4685/1531
f 5534/4686/1557 5542/4687/1557 5535/4688/1557
f 5536/4689/1557 5537/4690/1557 5543/4691/1557
f 5540/4680/1531 5549/4679/1531 5545/4681/1531
f 5538/4683/1531 5551/4692/1531 5546/4693/1531
f 5557/4694/1800 5556/4695/1800 5570/4696/1800
f 5559/4697/1801 5558/4698/1801 5556/4699/1801
f 5571/4700/1802 5570/4696/1802 5568/4701/1802
f 5579/4702/1531 5582/4703/1531 5583/4704/1531
f 5573/4705/1557 5580/4706/1557 5581/4707/1557
f 5533/4708/1803 5532/4709/1803 5514/4710/1803
f 5533/4708/1804 5514/4710/1804 5513/4711/1804
f 5546/4693/1531 5551/4692/1531 5547/4712/1531
f 5540/4680/1531 5550/4677/1531 5549/4679/1531
f 5538/4683/1531 5544/4685/1531 5551/4692/1531
f 5557/4694/1805 5559/4713/1805 5556/4695/1805
f 5569/4714/1806 5571/4715/1806 5568/4716/1806
f 5571/4700/1807 5557/4694/1807 5570/4696/1807
f 5579/4717/1808 5575/4718/1808 5573/4719/1808
f 5536/4689/1557 5535/4688/1557 5537/4690/1557
f 5516/4720/1809 5515/4721/1809 5517/4722/1809
f 5559/4723/1575 5571/4724/1575 5567/4725/1575
f 5519/4726/1778 5516/4727/1778 5517/4728/1778
f 5520/4729/1810 5518/4730/1810 5519/4726/1810
f 5522/4731/1811 5524/4732/1811 5523/4733/1811
f 5520/4729/1812 5521/4734/1812 5522/4735/1812
f 5525/4736/1813 5524/4732/1813 5526/4737/1813
f 5527/4738/1814 5526/4739/1814 5528/4740/1814
f 5513/4711/1815 5514/4710/1815 5515/4721/1815
f 5530/4741/1816 5527/4738/1816 5528/4740/1816
f 5532/4742/1817 5529/4743/1817 5530/4741/1817
f 5517/4744/1575 5530/4745/1575 5522/4746/1575
f 5543/4747/1678 5541/4748/1678 5545/4749/1678
f 5525/4736/1562 5533/4750/1562 5516/4751/1562
f 5538/4683/1531 5541/4682/1531 5539/4684/1531
f 5542/4754/1677 5539/4758/1677 5535/4753/1677
f 5534/4755/1575 5540/4756/1575 5538/4757/1575
f 5539/4758/1562 5537/4759/1562 5535/4753/1562
f 5546/4693/1735 5552/4760/1735 5538/4683/1735
f 5550/4677/1734 5553/4761/1734 5555/4762/1734
f 5561/4763/1818 5558/4698/1818 5559/4697/1818
f 5561/4763/1819 5562/4764/1819 5560/4765/1819
f 5563/4766/1820 5564/4767/1820 5562/4768/1820
f 5565/4769/1821 5566/4770/1821 5564/4771/1821
f 5569/4714/1822 5566/4770/1822 5567/4772/1822
f 5574/4773/1557 5573/4705/1557 5575/4774/1557
f 5578/4775/1687 5575/4776/1687 5579/4777/1687
f 5568/4778/1562 5556/4779/1562 5560/4780/1562
f 5576/4781/1531 5579/4702/1531 5577/4782/1531
f 5572/4783/1686 5577/4784/1686 5573/4785/1686
f 5572/4783/1689 5582/4786/1689 5576/4787/1689
f 5580/4788/1688 5578/4775/1688 5583/4789/1688
f 5577/4790/1823 5579/4717/1823 5573/4719/1823
f 5582/4786/1562 5580/4945/1562 5583/4792/1562
f 5579/4702/1531 5583/4704/1531 5578/4793/1531
f 5573/4705/1557 5581/4707/1557 5572/4794/1557
f 5584/4795/1557 5319/4796/1557 5320/4797/1557
f 5588/4798/1531 5593/4799/1531 5592/4800/1531
f 5599/4803/1562 5588/4963/1562 5592/4802/1562
f 5520/4804/1824 5522/4731/1824 5523/4733/1824
f 5521/4734/1825 5520/4729/1825 5519/4726/1825
f 5596/4805/1575 5594/4806/1575 5598/4807/1575
f 5621/4808/1787 5603/4809/1787 5602/4810/1787
f 5456/4811/1520 5585/4812/1520 5584/4813/1520
f 5459/4946/1508 5586/4816/1508 5587/4814/1508
f 5586/4817/1531 5326/4818/1531 5587/4819/1531
f 5587/4820/1575 5457/4821/1575 5459/4822/1575
f 5319/4823/1575 5587/4820/1575 5326/4824/1575
f 5320/4825/1562 5586/4826/1562 5584/4813/1562
f 5586/4826/1562 5456/4811/1562 5584/4813/1562
f 5597/4827/1788 5589/4828/1788 5588/4829/1788
f 5593/4830/1520 5638/4831/1520 5598/4832/1520
f 5590/4833/1557 5617/4834/1557 5595/4835/1557
f 5601/4836/1788 5603/4837/1788 5600/4838/1788
f 5624/4949/1789 5600/4841/1789 5625/4839/1789
f 5625/4842/1531 5603/4843/1531 5620/4844/1531
f 5624/4845/1557 5602/4846/1557 5601/4847/1557
f 5477/4848/1698 5606/4849/1698 5476/4850/1698
f 5607/4851/1746 5604/4852/1746 5606/4853/1746
f 5476/4850/1562 5604/4854/1562 5478/4855/1562
f 5477/4856/1575 5605/4857/1575 5607/4858/1575
f 5604/4859/1696 5479/4860/1696 5478/4861/1696
s 1
f 5481/4862/1790 5339/4863/1747 5200/4864/1562
f 5339/4863/1747 5609/4964/1826 5341/4866/1748
f 5341/4867/1748 5610/4868/1827 5343/4869/1752
f 5610/4868/1827 5345/4870/1531 5343/4869/1752
f 5611/4871/1828 5347/4872/1753 5345/4870/1531
f 5612/4873/1829 5349/4874/1755 5347/4872/1753
f 5613/4875/1830 5351/4876/1757 5349/4877/1755
f 5614/4878/1831 5198/4879/1575 5351/4876/1757
f 5480/4882/1832 5611/4883/1828 5609/4884/1826
s 0
f 5616/4885/1562 5618/4886/1562 5617/4887/1562
f 5599/4888/1531 5615/4889/1531 5597/4890/1531
f 5599/4892/1520 5617/4887/1520 5618/4886/1520
f 5597/4893/1508 5616/4894/1508 5590/4895/1508
f 5591/4896/1557 5623/4897/1557 5590/4898/1557
f 5622/4899/1557 5624/4845/1557 5623/4897/1557
f 5597/4958/1531 5619/4902/1531 5596/4900/1531
f 5626/4901/1531 5620/4844/1531 5619/4902/1531
f 5590/4959/1789 5626/4905/1789 5597/4903/1789
f 5623/4904/1798 5630/4906/1798 5626/4905/1798
f 5591/4908/1787 5619/4960/1787 5622/4907/1787
f 5622/4907/1787 5620/4909/1787 5621/4808/1787
f 5627/4910/1789 5629/4911/1789 5630/4906/1789
f 5625/4922/1799 5628/4914/1799 5624/4912/1799
f 5626/4905/1798 5634/4921/1798 5632/4915/1798
f 5623/4897/1557 5628/4916/1557 5627/4917/1557
f 5632/4918/1531 5633/4919/1531 5631/4920/1531
f 5629/4911/1789 5634/4921/1789 5630/4906/1789
f 5629/4913/1799 5631/4965/1799 5633/4923/1799
f 5626/4961/1787 5631/4926/1787 5625/4924/1787
f 5636/4927/1575 5638/4928/1575 5637/4929/1575
f 5598/4930/1557 5635/4931/1557 5596/4932/1557
f 5596/4933/1508 5636/4934/1508 5589/4828/1508
f 5589/4935/1531 5637/4936/1531 5593/4799/1531
s 1
f 5640/4966/1833 5641/4967/1834 5639/4968/1508
f 5642/4969/1835 5643/4970/1836 5641/4967/1834
f 5644/4971/1837 5645/4972/1838 5643/4970/1836
f 5646/4973/1839 5647/4974/1531 5645/4972/1838
f 5648/4975/1840 5649/4976/1841 5647/4974/1531
f 5650/4977/1842 5651/4978/1843 5649/4976/1841
f 5652/4979/1844 5653/4980/1845 5651/4978/1843
f 5654/4981/1846 5655/4982/1520 5653/4980/1845
f 5656/4983/1847 5657/4984/1848 5655/4982/1520
f 5658/4985/1849 5659/4986/1850 5657/4984/1848
f 5660/4987/1851 5661/4988/1852 5659/4986/1850
f 5662/4989/1853 5663/4990/1557 5661/4988/1852
f 5664/4991/1854 5665/4992/1855 5663/4990/1557
f 5666/4993/1856 5667/4994/1857 5665/4992/1855
f 5660/4995/1851 5652/4996/1844 5644/4997/1837
f 5668/4998/1858 5669/4999/1859 5667/4994/1857
f 5670/5000/1860 5639/5001/1508 5669/4999/1859
f 5653/5002/1562 5661/5003/1562 5669/5004/1562
f 4408/3904/1508 4410/3907/1509 4409/3905/1509
f 4410/3907/1509 4412/3909/1511 4411/3908/1510
f 4412/3909/1511 4414/3911/1512 4413/3910/1512
f 4414/3911/1512 4416/3913/1514 4415/3912/1513
f 4416/3913/1514 4418/3915/1515 4417/3914/1515
f 4418/3915/1515 4420/3917/1516 4419/3916/1516
f 4420/3917/1516 4422/3919/1518 4421/3918/1517
f 4422/3919/1518 4424/3921/1519 4423/3920/1519
f 4424/3921/1519 4426/3923/1520 4425/3922/1520
f 4426/3923/1520 4428/3925/1521 4427/3924/1521
f 4428/3925/1521 4430/3927/1523 4429/3926/1522
f 4430/3927/1523 4432/3929/1524 4431/3928/1524
f 4432/3929/1524 4434/3931/1526 4433/3930/1525
f 4434/3931/1526 4436/3933/1528 4435/3932/1527
f 4436/3933/1528 4438/3935/1529 4437/3934/1529
f 4438/3935/1529 4440/3940/1532 4439/3936/1530
f 4412/5005/1531 4410/5006/1531 4408/5007/1531
f 4408/5007/1531 4442/5008/1531 4440/3937/1531
f 4440/3937/1531 4438/5009/1531 4436/5010/1531
f 4436/5010/1531 4434/5011/1531 4432/5012/1531
f 4432/5012/1531 4430/5013/1531 4428/5014/1531
f 4428/5014/1531 4426/5015/1531 4424/3938/1531
f 4424/3938/1531 4422/5016/1531 4420/5017/1531
f 4420/5017/1531 4418/5018/1531 4416/3939/1531
f 4416/3939/1531 4414/5019/1531 4412/5005/1531
f 4412/5005/1531 4408/5007/1531 4440/3937/1531
f 4440/3937/1531 4436/5010/1531 4432/5012/1531
f 4432/5012/1531 4428/5014/1531 4424/3938/1531
f 4424/3938/1531 4420/5017/1531 4416/3939/1531
f 4416/3939/1531 4412/5005/1531 4440/3937/1531
f 4440/3937/1531 4432/5012/1531 4424/3938/1531
f 4440/3940/1532 4442/3942/1533 4441/3941/1533
f 4442/3942/1533 4408/4201/1508 4407/3943/1508
f 4443/3944/1534 4444/3994/1534 4446/3945/1535
f 4446/3945/1535 4448/3948/1536 4447/3947/1536
f 4448/3948/1536 4450/5020/1537 4449/3949/1537
f 4450/3950/1537 4452/3953/1538 4451/3951/1538
f 4452/3953/1538 4454/3955/1539 4453/3954/1539
f 4454/3955/1539 4456/3957/1540 4455/3956/1540
f 4456/3957/1540 4458/3959/1541 4457/3958/1541
f 4458/3959/1541 4460/5021/1542 4459/3960/1542
f 4459/3961/1542 4460/5022/1542 4462/3962/1543
f 4461/3963/1543 4462/3962/1543 4464/3964/1544
f 4464/3964/1544 4466/3967/1545 4465/3966/1545
f 4466/3967/1545 4468/3969/1546 4467/3968/1546
f 4468/3969/1546 4470/5023/1547 4469/3970/1547
f 4469/3970/1547 4470/5023/1547 4472/3971/1548
f 4472/3971/1548 4474/5024/1549 4473/3973/1549
f 4474/3974/1549 4476/5025/1550 4475/3975/1550
f 4475/3975/1550 4476/5025/1550 4478/3977/1551
f 4478/3977/1551 4480/3980/1552 4479/3979/1552
f 4480/3980/1552 4482/5026/1553 4481/3981/1553
f 4481/3981/1553 4482/5026/1553 4484/3982/1554
f 4483/3983/1554 4484/3982/1554 4486/3984/1555
f 4485/3986/1555 4486/5027/1555 4488/3987/1556
f 4456/3989/1557 4454/4036/1557 4496/3990/1557
f 4487/3988/1556 4488/3987/1556 4490/3992/1558
f 4489/3993/1558 4490/3992/1558 4444/3994/1534
f 4487/3995/1557 4561/4129/1557 4560/3996/1557
f 4510/3998/1559 4534/4095/1559 4535/3999/1529
f 4466/4001/1557 4464/4037/1557 4501/4002/1557
f 4476/4004/1557 4474/4038/1557 4506/4005/1557
f 4486/4007/1557 4484/4039/1557 4511/4008/1557
f 4450/4010/1557 4494/4040/1557 4495/4011/1557
f 4460/4013/1557 4499/4041/1557 4500/4014/1557
f 4470/4016/1557 4504/4043/1557 4505/4017/1557
f 4480/4019/1557 4509/4044/1557 4510/4020/1557
f 4444/4022/1557 4490/4045/1557 4514/4023/1557
f 4446/4025/1557 4491/4042/1557 4493/4026/1557
f 4456/3989/1557 4497/3991/1557 4498/4028/1557
f 4466/4001/1557 4502/4003/1557 4503/4030/1557
f 4478/4032/1557 4476/4004/1557 4507/4006/1557
f 4488/4034/1557 4486/4007/1557 4512/4009/1557
f 4452/4012/1557 4495/4011/1557 4496/3990/1557
f 4462/4015/1557 4500/4014/1557 4501/4002/1557
f 4474/4038/1557 4472/4018/1557 4505/4017/1557
f 4482/4021/1557 4510/4020/1557 4511/4008/1557
f 4448/4027/1557 4493/4026/1557 4494/4040/1557
f 4458/4029/1557 4498/4028/1557 4499/4041/1557
f 4444/4022/1557 4492/4024/1557 4491/4042/1557
f 4468/4031/1557 4503/4030/1557 4504/4043/1557
f 4480/4019/1557 4478/4032/1557 4508/4033/1557
f 4490/4045/1557 4488/4034/1557 4513/4035/1557
f 4517/4048/1531 4515/5028/1531 4516/5029/1531
f 4516/5029/1531 4538/5030/1531 4537/5031/1531
f 4537/5031/1531 4536/5032/1531 4535/5033/1531
f 4535/5033/1531 4534/5034/1531 4533/4046/1531
f 4533/4046/1531 4532/5035/1531 4531/5036/1531
f 4531/5036/1531 4530/5037/1531 4529/5038/1531
f 4529/5038/1531 4528/5039/1531 4527/5040/1531
f 4527/5040/1531 4526/5041/1531 4525/4047/1531
f 4525/4047/1531 4524/5042/1531 4523/5043/1531
f 4523/5043/1531 4522/5044/1531 4521/5045/1531
f 4521/5045/1531 4520/5046/1531 4519/5047/1531
f 4519/5047/1531 4518/5048/1531 4517/4048/1531
f 4517/4048/1531 4516/5029/1531 4537/5031/1531
f 4537/5031/1531 4535/5033/1531 4533/4046/1531
f 4533/4046/1531 4531/5036/1531 4529/5038/1531
f 4529/5038/1531 4527/5040/1531 4525/4047/1531
f 4525/4047/1531 4523/5043/1531 4521/5045/1531
f 4521/5045/1531 4519/5047/1531 4517/4048/1531
f 4517/4048/1531 4537/5031/1531 4533/4046/1531
f 4533/4046/1531 4529/5038/1531 4525/4047/1531
f 4525/4047/1531 4521/5045/1531 4517/4048/1531
f 4503/4049/1520 4527/4096/1520 4528/4050/1560
f 4496/4052/1561 4520/4097/1561 4521/4053/1562
f 4511/4000/1529 4535/3999/1529 4536/4055/1563
f 4504/4051/1560 4528/4050/1560 4529/4057/1564
f 4497/4054/1562 4521/4053/1562 4522/4059/1565
f 4513/4061/1566 4512/4056/1563 4536/4055/1563
f 4505/4058/1564 4529/4057/1564 4530/4063/1567
f 4498/4060/1565 4522/4059/1565 4523/4065/1516
f 4513/4067/1566 4537/5049/1566 4538/4068/1568
f 4492/4070/1508 4516/4079/1508 4515/4071/1569
f 4506/4073/1567 4530/5050/1567 4531/4074/1524
f 4499/4076/1516 4523/5051/1516 4524/4077/1570
f 4514/4069/1568 4538/4068/1568 4516/4079/1508
f 4491/4072/1569 4515/4071/1569 4517/4080/1571
f 4507/4075/1524 4531/4074/1524 4532/4082/1572
f 4500/4078/1570 4524/4077/1570 4525/4084/1573
f 4494/4086/1574 4493/4081/1571 4517/4080/1571
f 4508/4083/1572 4532/4082/1572 4533/4088/1575
f 4501/4085/1573 4525/4084/1573 4526/4090/1576
f 4494/4092/1574 4518/5052/1574 4519/4093/1512
f 4509/4089/1575 4533/4088/1575 4534/4095/1559
f 4502/4091/1576 4526/4090/1576 4527/4096/1520
f 4495/4094/1512 4519/4093/1512 4520/4097/1561
f 4547/4098/1529 4571/4159/1582 4570/4099/1577
f 4453/4101/1557 4544/4131/1557 4543/4102/1557
f 4461/4104/1557 4463/4132/1557 4549/4105/1557
f 4473/4107/1557 4554/4135/1557 4553/4108/1557
f 4481/4110/1557 4483/4136/1557 4559/4111/1557
f 4449/4113/1557 4542/4137/1557 4541/4114/1557
f 4459/4116/1557 4547/4138/1557 4546/4117/1557
f 4445/4119/1557 4540/4142/1557 4539/4120/1557
f 4467/4122/1557 4469/4139/1557 4552/4123/1557
f 4477/4125/1557 4479/4140/1557 4557/4126/1557
f 4489/4128/1557 4562/4141/1557 4561/4129/1557
f 4455/4130/1557 4545/4143/1557 4544/4131/1557
f 4463/4132/1557 4465/4144/1557 4550/4133/1557
f 4475/4134/1557 4555/4145/1557 4554/4135/1557
f 4483/4136/1557 4485/3997/1557 4560/3996/1557
f 4451/4103/1557 4543/4102/1557 4542/4137/1557
f 4459/4116/1557 4461/4104/1557 4548/4106/1557
f 4471/4109/1557 4553/4108/1557 4552/4123/1557
f 4479/4140/1557 4481/4110/1557 4558/4112/1557
f 4489/4128/1557 4443/4121/1557 4539/4120/1557
f 4447/4115/1557 4541/4114/1557 4540/4142/1557
f 4457/4118/1557 4546/4117/1557 4545/4143/1557
f 4467/4122/1557 4551/4124/1557 4550/4133/1557
f 4475/4134/1557 4477/4125/1557 4556/4127/1557
f 4586/4148/1579 4563/5053/1581 4564/5054/1583
f 4564/5054/1583 4565/5055/1586 4566/5056/1590
f 4566/5056/1590 4567/5057/1593 4568/5058/1595
f 4568/5058/1595 4569/5059/1598 4570/4146/1577
f 4570/4146/1577 4571/5060/1582 4572/5061/1585
f 4572/5061/1585 4573/5062/1589 4574/5063/1592
f 4574/5063/1592 4575/5064/1594 4576/5065/1597
f 4576/5065/1597 4577/5066/1600 4578/4147/1578
f 4578/4147/1578 4579/5067/1584 4580/5068/1588
f 4580/5068/1588 4581/5069/1587 4582/5070/1591
f 4582/5070/1591 4583/5071/1596 4584/5072/1599
f 4584/5072/1599 4585/5073/1580 4586/4148/1579
f 4586/4148/1579 4564/5054/1583 4566/5056/1590
f 4566/5056/1590 4568/5058/1595 4570/4146/1577
f 4570/4146/1577 4572/5061/1585 4574/5063/1592
f 4574/5063/1592 4576/5065/1597 4578/4147/1578
f 4578/4147/1578 4580/5068/1588 4582/5070/1591
f 4582/5070/1591 4584/5072/1599 4586/4148/1579
f 4586/4148/1579 4566/5056/1590 4570/4146/1577
f 4570/4146/1577 4574/5063/1592 4578/4147/1578
f 4578/4147/1578 4582/5070/1591 4586/4148/1579
f 4562/4149/1576 4586/4160/1579 4585/4150/1580
f 4540/4152/1560 4564/4162/1583 4563/4153/1581
f 4555/4155/1512 4579/4164/1584 4578/4156/1578
f 4548/4158/1563 4572/4166/1585 4571/4159/1582
f 4539/4154/1520 4563/4153/1581 4586/4160/1579
f 4541/4161/1564 4565/4168/1586 4564/4162/1583
f 4556/4163/1561 4580/4170/1588 4579/4164/1584
f 4549/4165/1566 4573/5074/1589 4572/4166/1585
f 4542/4167/1567 4566/5075/1590 4565/4168/1586
f 4556/4163/1561 4557/4177/1562 4581/4169/1587
f 4550/4171/1568 4574/4180/1592 4573/4172/1589
f 4543/4174/1524 4567/4182/1593 4566/4175/1590
f 4557/4177/1562 4558/4184/1565 4582/4178/1591
f 4551/4179/1508 4575/4186/1594 4574/4180/1592
f 4544/4181/1572 4568/4188/1595 4567/4182/1593
f 4559/4183/1516 4583/5076/1596 4582/4178/1591
f 4552/4185/1569 4576/4193/1597 4575/4186/1594
f 4545/4187/1575 4569/4194/1598 4568/4188/1595
f 4560/4189/1570 4584/4195/1599 4583/4190/1596
f 4553/4192/1571 4577/4197/1600 4576/4193/1597
f 4546/4100/1559 4570/4099/1577 4569/4194/1598
f 4561/4151/1573 4585/4150/1580 4584/4195/1599
f 4554/4196/1574 4578/5077/1578 4577/4197/1600
f 4409/3905/1509 4588/3907/1509 4587/3904/1508
f 4411/3908/1510 4589/3909/1511 4588/3907/1509
f 4413/3910/1512 4590/3911/1512 4589/3909/1511
f 4415/3912/1513 4591/3913/1514 4590/3911/1512
f 4417/3914/1515 4592/3915/1601 4591/3913/1514
f 4419/3916/1516 4593/3917/1516 4592/3915/1601
f 4421/3918/1517 4594/3919/1518 4593/3917/1516
f 4423/3920/1519 4595/3921/1519 4594/3919/1518
f 4425/3922/1520 4596/3923/1520 4595/3921/1519
f 4427/3924/1521 4597/3925/1521 4596/3923/1520
f 4429/3926/1522 4598/3927/1523 4597/3925/1521
f 4431/3928/1524 4599/3929/1524 4598/3927/1523
f 4433/3930/1525 4600/3931/1526 4599/3929/1524
f 4435/3932/1527 4601/3933/1527 4600/3931/1526
f 4437/3934/1529 4602/3935/1529 4601/3933/1527
f 4439/3936/1530 4603/3940/1532 4602/3935/1529
f 4587/5078/1557 4588/5079/1557 4589/5080/1557
f 4589/5080/1557 4590/5081/1557 4591/4198/1557
f 4591/4198/1557 4592/5082/1557 4593/5083/1557
f 4593/5083/1557 4594/5084/1557 4595/4518/1557
f 4595/4518/1557 4596/5085/1557 4597/5086/1557
f 4597/5086/1557 4598/5087/1557 4599/4199/1557
f 4599/4199/1557 4600/5088/1557 4601/5089/1557
f 4601/5089/1557 4602/5090/1557 4603/4200/1557
f 4603/4200/1557 4604/5091/1557 4587/5078/1557
f 4587/5078/1557 4589/5080/1557 4591/4198/1557
f 4591/4198/1557 4593/5083/1557 4595/4518/1557
f 4595/4518/1557 4597/5086/1557 4599/4199/1557
f 4599/4199/1557 4601/5089/1557 4603/4200/1557
f 4603/4200/1557 4587/5078/1557 4591/4198/1557
f 4591/4198/1557 4595/4518/1557 4599/4199/1557
f 4441/3941/1533 4604/3942/1533 4603/3940/1532
f 4441/3941/1533 4407/3943/1508 4587/4201/1508
f 4605/4202/1602 4607/4206/1603 4608/4203/1603
f 4609/4205/1604 4610/4208/1604 4608/4203/1603
f 4611/4207/1605 4612/5092/1605 4610/4208/1604
f 4613/4209/1606 4614/4213/1606 4612/4210/1605
f 4613/4209/1606 4615/4215/1607 4616/4212/1607
f 4617/4214/1608 4618/4217/1608 4616/4212/1607
f 4619/4216/1609 4620/4219/1609 4618/4217/1608
f 4619/4216/1609 4621/5093/1610 4622/4218/1610
f 4621/4220/1610 4623/4224/1611 4624/4221/1611
f 4625/4223/1612 4626/4226/1612 4624/4221/1611
f 4627/4225/1613 4628/4228/1613 4626/4226/1612
f 4629/4227/1614 4630/4230/1614 4628/4228/1613
f 4629/4227/1614 4631/4232/1615 4632/4229/1615
f 4633/4231/1616 4634/4234/1616 4632/4229/1615
f 4633/4231/1616 4635/5094/1617 4636/4233/1617
f 4637/4235/1618 4638/4239/1618 4636/4236/1617
f 4639/4238/1619 4640/4241/1619 4638/4239/1618
f 4639/4238/1619 4641/4242/1620 4642/4240/1620
f 4641/4242/1620 4643/4244/1621 4644/4243/1621
f 4643/4244/1621 4645/4246/1622 4646/4245/1622
f 4645/4246/1622 4647/5095/1623 4648/4247/1623
f 4647/4248/1623 4649/4251/1624 4650/4249/1624
f 4618/3989/1531 4659/3991/1531 4658/3990/1531
f 4649/4251/1624 4651/4253/1625 4652/4252/1625
f 4605/4202/1602 4606/4204/1602 4652/4252/1625
f 4647/3997/1531 4722/3996/1531 4723/4129/1531
f 4697/4254/1529 4696/4303/1559 4672/4255/1559
f 4628/4001/1531 4664/4003/1531 4663/4002/1531
f 4638/4004/1531 4669/4006/1531 4668/4005/1531
f 4648/4007/1531 4674/4009/1531 4673/4008/1531
f 4657/4011/1531 4656/4040/1531 4612/4010/1531
f 4662/4014/1531 4661/4041/1531 4622/4013/1531
f 4634/4018/1531 4667/4017/1531 4666/4043/1531
f 4644/4021/1531 4672/4020/1531 4671/4044/1531
f 4606/4022/1531 4654/4024/1531 4676/4023/1531
f 4655/4026/1531 4653/4042/1531 4608/4025/1531
f 4660/4028/1531 4659/3991/1531 4618/3989/1531
f 4665/4030/1531 4664/4003/1531 4628/4001/1531
f 4670/4033/1531 4669/4006/1531 4638/4004/1531
f 4675/4035/1531 4674/4009/1531 4648/4007/1531
f 4616/4036/1531 4658/3990/1531 4657/4011/1531
f 4663/4002/1531 4662/4014/1531 4624/4015/1531
f 4636/4038/1531 4668/4005/1531 4667/4017/1531
f 4673/4008/1531 4672/4020/1531 4644/4021/1531
f 4656/4040/1531 4655/4026/1531 4610/4027/1531
f 4622/4013/1531 4661/4041/1531 4660/4028/1531
f 4653/4042/1531 4654/4024/1531 4606/4022/1531
f 4666/4043/1531 4665/4030/1531 4630/4031/1531
f 4671/4044/1531 4670/4033/1531 4640/4032/1531
f 4676/4023/1531 4675/4035/1531 4650/4034/1531
f 4678/4259/1557 4677/5096/1557 4679/5097/1557
f 4679/5097/1557 4680/5098/1557 4681/5099/1557
f 4681/5099/1557 4682/5100/1557 4683/5101/1557
f 4683/5101/1557 4684/5102/1557 4685/4257/1557
f 4685/4257/1557 4686/5103/1557 4687/5104/1557
f 4687/5104/1557 4688/5105/1557 4689/5106/1557
f 4689/5106/1557 4690/5107/1557 4691/5108/1557
f 4691/5108/1557 4692/5109/1557 4693/4258/1557
f 4693/4258/1557 4694/5110/1557 4695/5111/1557
f 4695/5111/1557 4696/5112/1557 4697/5113/1557
f 4697/5113/1557 4698/5114/1557 4699/5115/1557
f 4699/5115/1557 4700/5116/1557 4678/4259/1557
f 4678/4259/1557 4679/5097/1557 4681/5099/1557
f 4681/5099/1557 4683/5101/1557 4685/4257/1557
f 4685/4257/1557 4687/5104/1557 4689/5106/1557
f 4689/5106/1557 4691/5108/1557 4693/4258/1557
f 4693/4258/1557 4695/5111/1557 4697/5113/1557
f 4697/5113/1557 4699/5115/1557 4678/4259/1557
f 4678/4259/1557 4681/5099/1557 4685/4257/1557
f 4685/4257/1557 4689/5106/1557 4693/4258/1557
f 4693/4258/1557 4697/5113/1557 4678/4259/1557
f 4690/4260/1560 4689/4304/1520 4665/4261/1520
f 4683/4263/1562 4682/4305/1561 4658/4264/1561
f 4674/4266/1563 4698/4272/1563 4697/4254/1529
f 4691/4267/1564 4690/4260/1560 4666/4262/1560
f 4684/4269/1565 4683/4263/1562 4659/4265/1562
f 4675/4271/1566 4699/5117/1566 4698/4272/1563
f 4668/4273/1567 4692/5118/1567 4691/4267/1564
f 4685/4274/1516 4684/4269/1565 4660/4270/1565
f 4676/4276/1568 4700/5119/1568 4699/4277/1566
f 4677/4279/1569 4678/4288/1508 4654/4280/1508
f 4669/4282/1524 4693/5120/1524 4692/4283/1567
f 4686/4285/1570 4685/5121/1516 4661/4286/1516
f 4678/4288/1508 4700/5119/1568 4676/4276/1568
f 4655/4289/1571 4679/5122/1571 4677/4279/1569
f 4694/4290/1572 4693/5120/1524 4669/4282/1524
f 4687/4292/1573 4686/4285/1570 4662/4287/1570
f 4680/4294/1574 4679/5122/1571 4655/4289/1571
f 4695/4296/1575 4694/4290/1572 4670/4291/1572
f 4688/4298/1576 4687/4292/1573 4663/4293/1573
f 4681/4300/1512 4680/5123/1574 4656/4301/1574
f 4696/4303/1559 4695/4296/1575 4671/4297/1575
f 4689/4304/1520 4688/4298/1576 4664/4299/1576
f 4682/4305/1561 4681/4300/1512 4657/4302/1512
f 4732/4306/1626 4733/4321/1633 4709/4307/1529
f 4705/4102/1531 4706/4131/1531 4615/4101/1531
f 4623/4104/1531 4710/4106/1531 4711/4105/1531
f 4715/4108/1531 4716/4135/1531 4635/4107/1531
f 4643/4110/1531 4720/4112/1531 4721/4111/1531
f 4703/4114/1531 4704/4137/1531 4611/4113/1531
f 4708/4117/1531 4709/4138/1531 4621/4116/1531
f 4701/4120/1531 4702/4142/1531 4607/4119/1531
f 4629/4122/1531 4713/4124/1531 4714/4123/1531
f 4639/4125/1531 4718/4127/1531 4719/4126/1531
f 4723/4129/1531 4724/4141/1531 4651/4128/1531
f 4706/4131/1531 4707/4143/1531 4617/4130/1531
f 4625/4132/1531 4711/4105/1531 4712/4133/1531
f 4635/4107/1531 4716/4135/1531 4717/4145/1531
f 4645/4136/1531 4721/4111/1531 4722/3996/1531
f 4704/4137/1531 4705/4102/1531 4613/4103/1531
f 4621/4116/1531 4709/4138/1531 4710/4106/1531
f 4714/4123/1531 4715/4108/1531 4633/4109/1531
f 4641/4140/1531 4719/4126/1531 4720/4112/1531
f 4724/4141/1531 4701/4120/1531 4605/4121/1531
f 4702/4142/1531 4703/4114/1531 4609/4115/1531
f 4707/4143/1531 4708/4117/1531 4619/4118/1531
f 4712/4133/1531 4713/4124/1531 4629/4122/1531
f 4637/4134/1531 4717/4145/1531 4718/4127/1531
f 4726/4311/1629 4725/5124/1631 4748/5125/1634
f 4748/5125/1634 4747/5126/1630 4746/5127/1648
f 4746/5127/1648 4745/5128/1645 4744/5129/1642
f 4744/5129/1642 4743/5130/1638 4742/4309/1627
f 4742/4309/1627 4741/5131/1635 4740/5132/1632
f 4740/5132/1632 4739/5133/1655 4738/5134/1646
f 4738/5134/1646 4737/5135/1643 4736/5136/1640
f 4736/5136/1640 4735/5137/1636 4734/4310/1628
f 4734/4310/1628 4733/5138/1633 4732/5139/1626
f 4732/5139/1626 4731/5140/1647 4730/5141/1644
f 4730/5141/1644 4729/5142/1641 4728/5143/1639
f 4728/5143/1639 4727/5144/1637 4726/4311/1629
f 4726/4311/1629 4748/5125/1634 4746/5127/1648
f 4746/5127/1648 4744/5129/1642 4742/4309/1627
f 4742/4309/1627 4740/5132/1632 4738/5134/1646
f 4738/5134/1646 4736/5136/1640 4734/4310/1628
f 4734/4310/1628 4732/5139/1626 4730/5141/1644
f 4730/5141/1644 4728/5143/1639 4726/4311/1629
f 4726/4311/1629 4746/5127/1648 4742/4309/1627
f 4742/4309/1627 4738/5134/1646 4734/4310/1628
f 4734/4310/1628 4730/5141/1644 4726/4311/1629
f 4747/4312/1630 4748/4323/1634 4724/4313/1576
f 4725/4315/1631 4726/4324/1629 4702/4316/1560
f 4740/4318/1632 4741/4326/1635 4717/4319/1512
f 4733/4321/1633 4734/5145/1628 4710/4322/1563
f 4748/4323/1634 4725/4315/1631 4701/4317/1520
f 4726/4324/1629 4727/4330/1637 4703/4325/1564
f 4741/4326/1635 4742/5146/1627 4718/4327/1561
f 4710/4322/1563 4734/5145/1628 4735/4328/1636
f 4727/4330/1637 4728/5147/1639 4704/4331/1567
f 4718/4327/1561 4742/5146/1627 4743/4332/1638
f 4735/4334/1636 4736/4341/1640 4712/4335/1568
f 4728/4337/1639 4729/4343/1641 4705/4338/1524
f 4743/4332/1638 4744/4345/1642 4720/4340/1565
f 4736/4341/1640 4737/4347/1643 4713/4342/1508
f 4729/4343/1641 4730/4349/1644 4706/4344/1572
f 4744/4345/1642 4745/5148/1645 4721/4346/1516
f 4737/4347/1643 4738/4354/1646 4714/4348/1569
f 4730/4349/1644 4731/4356/1647 4707/4350/1575
f 4745/4351/1645 4746/4357/1648 4722/4352/1570
f 4738/4354/1646 4739/5149/1655 4715/4355/1571
f 4731/4356/1647 4732/4306/1626 4708/4308/1559
f 4746/4357/1648 4747/4312/1630 4723/4314/1573
f 4715/4355/1571 4739/5149/1655 4740/4358/1632
f 4751/3905/1519 4752/3907/1519 4750/3904/1520
f 4753/3908/1517 4754/3909/1517 4752/3907/1519
f 4755/3910/1516 4756/3911/1516 4754/3909/1517
f 4757/3912/1601 4758/3913/1601 4756/3911/1516
f 4759/3914/1513 4760/3915/1513 4758/3913/1601
f 4761/3916/1512 4762/3917/1512 4760/3915/1513
f 4763/3918/1511 4764/3919/1511 4762/3917/1512
f 4765/3920/1509 4766/3921/1509 4764/3919/1511
f 4767/3922/1508 4768/3923/1508 4766/3921/1509
f 4769/3924/1533 4770/3925/1533 4768/3923/1508
f 4769/3924/1533 4771/3926/1530 4772/3927/1530
f 4773/3928/1529 4774/3929/1529 4772/3927/1530
f 4775/3930/1528 4776/3931/1528 4774/3929/1529
f 4777/3932/1525 4778/3933/1525 4776/3931/1528
f 4779/3934/1524 4780/3935/1524 4778/3933/1525
f 4781/3936/1523 4782/3940/1523 4780/3935/1524
f 4750/5078/1531 4752/5079/1531 4754/5080/1531
f 4754/5080/1531 4756/5081/1531 4758/4198/1531
f 4758/4198/1531 4760/5082/1531 4762/5083/1531
f 4762/5083/1531 4764/5084/1531 4766/4518/1531
f 4766/4518/1531 4768/5085/1531 4770/5086/1531
f 4770/5086/1531 4772/5087/1531 4774/4199/1531
f 4774/4199/1531 4776/5088/1531 4778/5089/1531
f 4778/5089/1531 4780/5090/1531 4782/4200/1531
f 4782/4200/1531 4784/5091/1531 4750/5078/1531
f 4750/5078/1531 4754/5080/1531 4758/4198/1531
f 4758/4198/1531 4762/5083/1531 4766/4518/1531
f 4766/4518/1531 4770/5086/1531 4774/4199/1531
f 4774/4199/1531 4778/5089/1531 4782/4200/1531
f 4782/4200/1531 4750/5078/1531 4758/4198/1531
f 4758/4198/1531 4766/4518/1531 4774/4199/1531
f 4783/3941/1521 4784/3942/1521 4782/3940/1523
f 4749/3943/1520 4750/4201/1520 4784/3942/1521
f 4787/4360/1545 4788/4364/1545 4786/4361/1546
f 4789/4363/1544 4790/4366/1544 4788/4364/1545
f 4789/4363/1544 4791/5150/1543 4792/4365/1543
f 4791/4367/1543 4793/4370/1542 4794/4368/1542
f 4793/4370/1542 4795/4373/1541 4796/4371/1541
f 4797/4372/1540 4798/4375/1540 4796/4371/1541
f 4797/4372/1540 4799/4377/1539 4800/4374/1539
f 4801/4376/1538 4802/5151/1538 4800/4374/1539
f 4803/4378/1537 4804/4382/1537 4802/4379/1538
f 4803/4378/1537 4805/4383/1536 4806/4381/1536
f 4805/4383/1536 4807/4386/1535 4808/4384/1535
f 4809/4385/1534 4810/4388/1534 4808/4384/1535
f 4809/4385/1534 4811/4390/1558 4812/4387/1558
f 4813/4389/1556 4814/4392/1556 4812/4387/1558
f 4815/4391/1555 4816/5152/1555 4814/4392/1556
f 4817/4393/1554 4818/4397/1554 4816/4394/1555
f 4817/4393/1554 4819/4398/1553 4820/4396/1553
f 4819/4398/1553 4821/4401/1552 4822/4399/1552
f 4823/4400/1551 4824/4403/1551 4822/4399/1552
f 4825/4402/1550 4826/4405/1550 4824/4403/1551
f 4827/4404/1549 4828/5153/1549 4826/4405/1550
f 4829/4406/1548 4830/4410/1548 4828/4407/1549
f 4798/3989/1557 4839/3991/1557 4838/3990/1557
f 4831/4409/1547 4832/4411/1547 4830/4410/1548
f 4785/4362/1546 4786/4361/1546 4832/4411/1547
f 4827/3997/1557 4902/3996/1557 4903/4129/1557
f 4877/4412/1524 4876/4461/1572 4852/4413/1572
f 4844/4003/1557 4843/4002/1557 4806/4037/1557
f 4818/4004/1557 4849/4006/1557 4848/4005/1557
f 4854/4009/1557 4853/4008/1557 4826/4039/1557
f 4794/4012/1557 4837/4011/1557 4836/4040/1557
f 4842/4014/1557 4841/4041/1557 4802/4013/1557
f 4814/4018/1557 4847/4017/1557 4846/4043/1557
f 4852/4020/1557 4851/4044/1557 4822/4019/1557
f 4834/4024/1557 4856/4023/1557 4832/4045/1557
f 4835/4026/1557 4833/4042/1557 4788/4025/1557
f 4840/4028/1557 4839/3991/1557 4798/3989/1557
f 4810/4031/1557 4845/4030/1557 4844/4003/1557
f 4850/4033/1557 4849/4006/1557 4818/4004/1557
f 4855/4035/1557 4854/4009/1557 4828/4007/1557
f 4796/4036/1557 4838/3990/1557 4837/4011/1557
f 4806/4037/1557 4843/4002/1557 4842/4014/1557
f 4848/4005/1557 4847/4017/1557 4814/4018/1557
f 4853/4008/1557 4852/4020/1557 4824/4021/1557
f 4836/4040/1557 4835/4026/1557 4790/4027/1557
f 4802/4013/1557 4841/4041/1557 4840/4028/1557
f 4788/4025/1557 4833/4042/1557 4834/4024/1557
f 4846/4043/1557 4845/4030/1557 4810/4031/1557
f 4851/4044/1557 4850/4033/1557 4820/4032/1557
f 4832/4045/1557 4856/4023/1557 4855/4035/1557
f 4858/4417/1531 4857/5154/1531 4859/5155/1531
f 4859/5155/1531 4860/5156/1531 4861/5157/1531
f 4861/5157/1531 4862/5158/1531 4863/5159/1531
f 4863/5159/1531 4864/5160/1531 4865/4415/1531
f 4865/4415/1531 4866/5161/1531 4867/5162/1531
f 4867/5162/1531 4868/5163/1531 4869/5164/1531
f 4869/5164/1531 4870/5165/1531 4871/5166/1531
f 4871/5166/1531 4872/5167/1531 4873/4416/1531
f 4873/4416/1531 4874/5168/1531 4875/5169/1531
f 4875/5169/1531 4876/5170/1531 4877/5171/1531
f 4877/5171/1531 4878/5172/1531 4879/5173/1531
f 4879/5173/1531 4880/5174/1531 4858/4417/1531
f 4858/4417/1531 4859/5155/1531 4861/5157/1531
f 4861/5157/1531 4863/5159/1531 4865/4415/1531
f 4865/4415/1531 4867/5162/1531 4869/5164/1531
f 4869/5164/1531 4871/5166/1531 4873/4416/1531
f 4873/4416/1531 4875/5169/1531 4877/5171/1531
f 4877/5171/1531 4879/5173/1531 4858/4417/1531
f 4858/4417/1531 4861/5157/1531 4865/4415/1531
f 4865/4415/1531 4869/5164/1531 4873/4416/1531
f 4873/4416/1531 4877/5171/1531 4858/4417/1531
f 4870/4418/1568 4869/4462/1508 4845/4419/1508
f 4863/4421/1562 4862/4463/1565 4838/4422/1565
f 4854/4424/1567 4878/5175/1567 4877/4412/1524
f 4847/4425/1566 4871/4431/1566 4870/4418/1568
f 4864/4426/1561 4863/4421/1562 4839/4423/1562
f 4879/4428/1564 4878/5175/1567 4854/4424/1567
f 4848/4430/1563 4872/5176/1563 4871/4431/1566
f 4865/4432/1512 4864/4426/1561 4840/4427/1561
f 4880/4434/1560 4879/5177/1564 4855/4435/1564
f 4857/4437/1576 4858/4446/1520 4834/4438/1520
f 4849/4440/1529 4873/5178/1529 4872/4441/1563
f 4866/4443/1574 4865/5179/1512 4841/4444/1512
f 4858/4446/1520 4880/4434/1560 4856/4436/1560
f 4859/4447/1573 4857/4437/1576 4833/4439/1576
f 4874/4449/1559 4873/5178/1529 4849/4440/1529
f 4867/4451/1571 4866/4443/1574 4842/4445/1574
f 4836/4453/1570 4860/5180/1570 4859/4447/1573
f 4875/4454/1575 4874/4449/1559 4850/4450/1559
f 4868/4456/1569 4867/4451/1571 4843/4452/1571
f 4861/4458/1516 4860/5181/1570 4836/4459/1570
f 4876/4461/1572 4875/4454/1575 4851/4455/1575
f 4869/4462/1508 4868/4456/1569 4844/4457/1569
f 4862/4463/1565 4861/4458/1516 4837/4460/1516
f 4912/4464/1595 4913/4479/1593 4889/4465/1524
f 4885/4102/1557 4886/4131/1557 4795/4101/1557
f 4890/4106/1557 4891/4105/1557 4805/4132/1557
f 4813/4109/1557 4895/4108/1557 4896/4135/1557
f 4823/4110/1557 4900/4112/1557 4901/4111/1557
f 4883/4114/1557 4884/4137/1557 4791/4113/1557
f 4888/4117/1557 4889/4138/1557 4801/4116/1557
f 4881/4120/1557 4882/4142/1557 4787/4119/1557
f 4809/4122/1557 4893/4124/1557 4894/4123/1557
f 4819/4125/1557 4898/4127/1557 4899/4126/1557
f 4829/3995/1557 4903/4129/1557 4904/4141/1557
f 4886/4131/1557 4887/4143/1557 4797/4130/1557
f 4891/4105/1557 4892/4133/1557 4807/4144/1557
f 4815/4107/1557 4896/4135/1557 4897/4145/1557
f 4901/4111/1557 4902/3996/1557 4827/3997/1557
f 4884/4137/1557 4885/4102/1557 4793/4103/1557
f 4889/4138/1557 4890/4106/1557 4803/4104/1557
f 4811/4139/1557 4894/4123/1557 4895/4108/1557
f 4821/4140/1557 4899/4126/1557 4900/4112/1557
f 4904/4141/1557 4881/4120/1557 4785/4121/1557
f 4882/4142/1557 4883/4114/1557 4789/4115/1557
f 4887/4143/1557 4888/4117/1557 4799/4118/1557
f 4892/4133/1557 4893/4124/1557 4809/4122/1557
f 4817/4134/1557 4897/4145/1557 4898/4127/1557
f 4906/4469/1650 4905/5182/1594 4928/5183/1597
f 4928/5183/1597 4927/5184/1600 4926/5185/1578
f 4926/5185/1578 4925/5186/1584 4924/5187/1588
f 4924/5187/1588 4923/5188/1587 4922/4467/1649
f 4922/4467/1649 4921/5189/1596 4920/5190/1599
f 4920/5190/1599 4919/5191/1580 4918/5192/1652
f 4918/5192/1652 4917/5193/1581 4916/5194/1583
f 4916/5194/1583 4915/5195/1586 4914/4468/1590
f 4914/4468/1590 4913/5196/1593 4912/5197/1595
f 4912/5197/1595 4911/5198/1598 4910/5199/1651
f 4910/5199/1651 4909/5200/1582 4908/5201/1585
f 4908/5201/1585 4907/5202/1589 4906/4469/1650
f 4906/4469/1650 4928/5183/1597 4926/5185/1578
f 4926/5185/1578 4924/5187/1588 4922/4467/1649
f 4922/4467/1649 4920/5190/1599 4918/5192/1652
f 4918/5192/1652 4916/5194/1583 4914/4468/1590
f 4914/4468/1590 4912/5197/1595 4910/5199/1651
f 4910/5199/1651 4908/5201/1585 4906/4469/1650
f 4906/4469/1650 4926/5185/1578 4922/4467/1649
f 4922/4467/1649 4918/5192/1652 4914/4468/1590
f 4914/4468/1590 4910/5199/1651 4906/4469/1650
f 4927/4470/1600 4928/4481/1597 4904/4471/1569
f 4905/4473/1594 4906/4482/1650 4882/4474/1568
f 4920/4476/1599 4921/4484/1596 4897/4477/1516
f 4913/4479/1593 4914/4486/1590 4890/4480/1567
f 4928/4481/1597 4905/4473/1594 4881/4475/1508
f 4906/4482/1650 4907/4488/1589 4883/4483/1566
f 4921/4484/1596 4922/4490/1649 4898/4485/1565
f 4914/4486/1590 4915/5203/1586 4891/4487/1564
f 4907/4488/1589 4908/5204/1585 4884/4489/1563
f 4922/4490/1649 4923/4498/1587 4899/4491/1562
f 4915/4492/1586 4916/4500/1583 4892/4493/1560
f 4908/4495/1585 4909/4502/1582 4885/4496/1529
f 4923/4498/1587 4924/4504/1588 4900/4499/1561
f 4916/4500/1583 4917/4506/1581 4893/4501/1520
f 4909/4502/1582 4910/4508/1651 4886/4503/1559
f 4924/4504/1588 4925/5205/1584 4901/4505/1512
f 4917/4506/1581 4918/4513/1652 4894/4507/1576
f 4910/4508/1651 4911/5206/1598 4887/4509/1575
f 4925/4510/1584 4926/4515/1578 4902/4511/1574
f 4918/4513/1652 4919/4516/1580 4895/4514/1573
f 4887/4509/1575 4911/5206/1598 4912/4464/1595
f 4926/4515/1578 4927/4470/1600 4903/4472/1571
f 4919/4516/1580 4920/5207/1599 4896/4517/1570
f 4929/3904/1520 4930/3907/1519 4751/3905/1519
f 4930/3907/1519 4931/3909/1517 4753/3908/1517
f 4931/3909/1517 4932/3911/1516 4755/3910/1516
f 4932/3911/1516 4933/3913/1601 4757/3912/1601
f 4933/3913/1601 4934/3915/1513 4759/3914/1513
f 4934/3915/1513 4935/3917/1512 4761/3916/1512
f 4935/3917/1512 4936/3919/1511 4763/3918/1511
f 4936/3919/1511 4937/3921/1509 4765/3920/1509
f 4937/3921/1509 4938/3923/1508 4767/3922/1508
f 4938/3923/1508 4939/3925/1533 4769/3924/1533
f 4939/3925/1533 4940/3927/1530 4771/3926/1530
f 4940/3927/1530 4941/3929/1529 4773/3928/1529
f 4941/3929/1529 4942/3931/1528 4775/3930/1528
f 4942/3931/1528 4943/3933/1525 4777/3932/1525
f 4943/3933/1525 4944/3935/1524 4779/3934/1524
f 4944/3935/1524 4945/3940/1523 4781/3936/1523
f 4931/5080/1557 4930/5079/1557 4929/5078/1557
f 4929/5078/1557 4946/5091/1557 4945/4200/1557
f 4945/4200/1557 4944/5090/1557 4943/5089/1557
f 4943/5089/1557 4942/5088/1557 4941/4199/1557
f 4941/4199/1557 4940/5087/1557 4939/5086/1557
f 4939/5086/1557 4938/5085/1557 4937/4518/1557
f 4937/4518/1557 4936/5084/1557 4935/5083/1557
f 4935/5083/1557 4934/5082/1557 4933/4198/1557
f 4933/4198/1557 4932/5081/1557 4931/5080/1557
f 4931/5080/1557 4929/5078/1557 4945/4200/1557
f 4945/4200/1557 4943/5089/1557 4941/4199/1557
f 4941/4199/1557 4939/5086/1557 4937/4518/1557
f 4937/4518/1557 4935/5083/1557 4933/4198/1557
f 4933/4198/1557 4931/5080/1557 4945/4200/1557
f 4945/4200/1557 4941/4199/1557 4937/4518/1557
f 4945/3940/1523 4946/3942/1521 4783/3941/1521
f 4946/3942/1521 4929/4201/1520 4749/3943/1520
f 4948/4519/1614 4950/4522/1613 4949/4520/1613
f 4950/4522/1613 4952/4524/1612 4951/4523/1612
f 4952/4524/1612 4954/5208/1611 4953/4525/1611
f 4954/4526/1611 4956/4529/1610 4955/4527/1610
f 4956/4529/1610 4958/4531/1609 4957/4530/1609
f 4958/4531/1609 4960/4533/1608 4959/4532/1608
f 4960/4533/1608 4962/4535/1607 4961/4534/1607
f 4962/4535/1607 4964/5209/1606 4963/4536/1606
f 4964/4537/1606 4966/5210/1605 4965/4538/1605
f 4965/4538/1605 4966/5210/1605 4968/4540/1604
f 4967/4541/1604 4968/4540/1604 4970/4542/1603
f 4969/4543/1603 4970/4542/1603 4972/4544/1602
f 4972/4544/1602 4974/5211/1625 4973/4546/1625
f 4973/4546/1625 4974/5211/1625 4976/4547/1624
f 4976/4547/1624 4978/5212/1623 4977/4549/1623
f 4977/4550/1623 4978/5213/1623 4980/4551/1622
f 4979/4552/1622 4980/4551/1622 4982/4553/1621
f 4982/4553/1621 4984/4556/1620 4983/4555/1620
f 4984/4556/1620 4986/5214/1619 4985/4557/1619
f 4985/4557/1619 4986/5214/1619 4988/4558/1618
f 4988/4558/1618 4990/5215/1617 4989/4560/1617
f 4990/4561/1617 4992/4564/1616 4991/4562/1616
f 4960/3989/1531 4958/4036/1531 5000/3990/1531
f 4992/4564/1616 4994/4566/1615 4993/4565/1615
f 4994/4566/1615 4948/4519/1614 4947/4521/1614
f 4989/3997/1531 4991/3995/1531 5065/4129/1531
f 5014/4567/1572 5038/4619/1572 5039/4568/1524
f 4968/4037/1531 5005/4002/1531 5006/4003/1531
f 4978/4038/1531 5010/4005/1531 5011/4006/1531
f 4988/4039/1531 5015/4008/1531 5016/4009/1531
f 4956/4012/1531 4954/4010/1531 4998/4040/1531
f 4964/4013/1531 5003/4041/1531 5004/4014/1531
f 4976/4018/1531 4974/4016/1531 5008/4043/1531
f 4984/4019/1531 5013/4044/1531 5014/4020/1531
f 4994/4045/1531 5018/4023/1531 4996/4024/1531
f 4950/4025/1531 4995/4042/1531 4997/4026/1531
f 4962/4029/1531 4960/3989/1531 5001/3991/1531
f 4970/4001/1531 5006/4003/1531 5007/4030/1531
f 4980/4004/1531 5011/4006/1531 5012/4033/1531
f 4990/4007/1531 5016/4009/1531 5017/4035/1531
f 4958/4036/1531 4956/4012/1531 4999/4011/1531
f 4966/4015/1531 5004/4014/1531 5005/4002/1531
f 4976/4018/1531 5009/4017/1531 5010/4005/1531
f 4986/4021/1531 5014/4020/1531 5015/4008/1531
f 4952/4027/1531 4997/4026/1531 4998/4040/1531
f 4962/4029/1531 5002/4028/1531 5003/4041/1531
f 4950/4025/1531 4948/4022/1531 4996/4024/1531
f 4974/4016/1531 4972/4031/1531 5007/4030/1531
f 4982/4032/1531 5012/4033/1531 5013/4044/1531
f 4994/4045/1531 4992/4034/1531 5017/4035/1531
f 5021/4572/1557 5019/5216/1557 5020/5217/1557
f 5020/5217/1557 5042/5218/1557 5041/5219/1557
f 5041/5219/1557 5040/5220/1557 5039/5221/1557
f 5039/5221/1557 5038/5222/1557 5037/4570/1557
f 5037/4570/1557 5036/5223/1557 5035/5224/1557
f 5035/5224/1557 5034/5225/1557 5033/5226/1557
f 5033/5226/1557 5032/5227/1557 5031/5228/1557
f 5031/5228/1557 5030/5229/1557 5029/4571/1557
f 5029/4571/1557 5028/5230/1557 5027/5231/1557
f 5027/5231/1557 5026/5232/1557 5025/5233/1557
f 5025/5233/1557 5024/5234/1557 5023/5235/1557
f 5023/5235/1557 5022/5236/1557 5021/4572/1557
f 5021/4572/1557 5020/5217/1557 5041/5219/1557
f 5041/5219/1557 5039/5221/1557 5037/4570/1557
f 5037/4570/1557 5035/5224/1557 5033/5226/1557
f 5033/5226/1557 5031/5228/1557 5029/4571/1557
f 5029/4571/1557 5027/5231/1557 5025/5233/1557
f 5025/5233/1557 5023/5235/1557 5021/4572/1557
f 5021/4572/1557 5041/5219/1557 5037/4570/1557
f 5037/4570/1557 5033/5226/1557 5029/4571/1557
f 5029/4571/1557 5025/5233/1557 5021/4572/1557
f 5007/4573/1508 5031/4620/1508 5032/4574/1568
f 5000/4576/1565 5024/4621/1565 5025/4577/1562
f 5015/4569/1524 5039/4568/1524 5040/4579/1567
f 5008/4575/1568 5032/4574/1568 5033/4581/1566
f 5001/4578/1562 5025/4577/1562 5026/4583/1561
f 5016/4580/1567 5040/4579/1567 5041/4585/1564
f 5010/4587/1563 5009/4582/1566 5033/4581/1566
f 5002/4584/1561 5026/4583/1561 5027/4589/1512
f 5018/4591/1560 5017/5237/1564 5041/4592/1564
f 4996/4594/1520 5020/4603/1520 5019/4595/1576
f 5010/4597/1563 5034/5238/1563 5035/4598/1529
f 5003/4600/1512 5027/5239/1512 5028/4601/1574
f 5018/4591/1560 5042/4593/1560 5020/4603/1520
f 4995/4596/1576 5019/4595/1576 5021/4604/1573
f 5011/4599/1529 5035/4598/1529 5036/4606/1559
f 5005/4608/1571 5004/4602/1574 5028/4601/1574
f 4997/4605/1573 5021/4604/1573 5022/4610/1570
f 5012/4607/1559 5036/4606/1559 5037/4612/1575
f 5005/4608/1571 5029/4609/1571 5030/4614/1569
f 4998/4616/1570 5022/5240/1570 5023/4617/1516
f 5013/4613/1575 5037/4612/1575 5038/4619/1572
f 5006/4615/1569 5030/4614/1569 5031/4620/1508
f 4999/4618/1516 5023/4617/1516 5024/4621/1565
f 5051/4622/1524 5075/4638/1641 5074/4623/1653
f 4957/4101/1531 5048/4131/1531 5047/4102/1531
f 4967/4132/1531 5053/4105/1531 5052/4106/1531
f 4975/4109/1531 4977/4107/1531 5058/4135/1531
f 4985/4110/1531 4987/4136/1531 5063/4111/1531
f 4953/4113/1531 5046/4137/1531 5045/4114/1531
f 4963/4116/1531 5051/4138/1531 5050/4117/1531
f 4949/4119/1531 5044/4142/1531 5043/4120/1531
f 4971/4122/1531 4973/4139/1531 5056/4123/1531
f 4981/4125/1531 4983/4140/1531 5061/4126/1531
f 4991/3995/1531 4993/4128/1531 5066/4141/1531
f 4959/4130/1531 5049/4143/1531 5048/4131/1531
f 4969/4144/1531 5054/4133/1531 5053/4105/1531
f 4977/4107/1531 4979/4134/1531 5059/4145/1531
f 4989/3997/1531 5064/3996/1531 5063/4111/1531
f 4955/4103/1531 5047/4102/1531 5046/4137/1531
f 4965/4104/1531 5052/4106/1531 5051/4138/1531
f 4973/4139/1531 4975/4109/1531 5057/4108/1531
f 4983/4140/1531 4985/4110/1531 5062/4112/1531
f 4947/4121/1531 5043/4120/1531 5066/4141/1531
f 4951/4115/1531 5045/4114/1531 5044/4142/1531
f 4961/4118/1531 5050/4117/1531 5049/4143/1531
f 4969/4144/1531 4971/4122/1531 5055/4124/1531
f 4979/4134/1531 4981/4125/1531 5060/4127/1531
f 5090/4627/1654 5067/5241/1643 5068/5242/1640
f 5068/5242/1640 5069/5243/1636 5070/5244/1628
f 5070/5244/1628 5071/5245/1633 5072/5246/1626
f 5072/5246/1626 5073/5247/1647 5074/4625/1653
f 5074/4625/1653 5075/5248/1641 5076/5249/1639
f 5076/5249/1639 5077/5250/1637 5078/5251/1656
f 5078/5251/1656 5079/5252/1631 5080/5253/1634
f 5080/5253/1634 5081/5254/1630 5082/4626/1648
f 5082/4626/1648 5083/5255/1645 5084/5256/1642
f 5084/5256/1642 5085/5257/1638 5086/5258/1657
f 5086/5258/1657 5087/5259/1635 5088/5260/1632
f 5088/5260/1632 5089/5261/1655 5090/4627/1654
f 5090/4627/1654 5068/5242/1640 5070/5244/1628
f 5070/5244/1628 5072/5246/1626 5074/4625/1653
f 5074/4625/1653 5076/5249/1639 5078/5251/1656
f 5078/5251/1656 5080/5253/1634 5082/4626/1648
f 5082/4626/1648 5084/5256/1642 5086/5258/1657
f 5086/5258/1657 5088/5260/1632 5090/4627/1654
f 5090/4627/1654 5070/5244/1628 5074/4625/1653
f 5074/4625/1653 5078/5251/1656 5082/4626/1648
f 5082/4626/1648 5086/5258/1657 5090/4627/1654
f 5066/4628/1569 5090/4639/1654 5089/4629/1655
f 5044/4631/1568 5068/4641/1640 5067/4632/1643
f 5059/4634/1516 5083/4643/1645 5082/4635/1648
f 5052/4637/1567 5076/4645/1639 5075/4638/1641
f 5043/4633/1508 5067/4632/1643 5090/4639/1654
f 5045/4640/1566 5069/4647/1636 5068/4641/1640
f 5060/4642/1565 5084/4649/1642 5083/4643/1645
f 5052/4637/1567 5053/5262/1564 5077/4644/1637
f 5046/4646/1563 5070/5263/1628 5069/4647/1636
f 5060/4642/1565 5061/4657/1562 5085/4648/1638
f 5054/4650/1560 5078/4659/1656 5077/4651/1637
f 5047/4653/1529 5071/4661/1633 5070/4654/1628
f 5062/4656/1561 5086/4663/1657 5085/4648/1638
f 5055/4658/1520 5079/4665/1631 5078/4659/1656
f 5048/4660/1559 5072/4667/1626 5071/4661/1633
f 5063/4662/1512 5087/5264/1635 5086/4663/1657
f 5056/4664/1576 5080/4672/1634 5079/4665/1631
f 5049/4666/1575 5073/4673/1647 5072/4667/1626
f 5064/4668/1574 5088/4674/1632 5087/4669/1635
f 5057/4671/1573 5081/4676/1630 5080/4672/1634
f 5050/4624/1572 5074/4623/1653 5073/4673/1647
f 5065/4630/1571 5089/4629/1655 5088/4674/1632
f 5057/4671/1573 5058/5265/1570 5082/4675/1648
s 0
f 5111/4708/1725 5109/5266/1725 5110/4709/1725
f 5114/4689/1531 5112/4686/1531 5113/4688/1531
f 5094/4720/1861 5091/4711/1861 5093/4721/1861
f 5145/4725/1575 5143/5267/1575 5141/4937/1575
f 5141/4937/1575 5139/5268/1575 5137/4723/1575
f 5137/4723/1575 5135/5269/1575 5149/4724/1575
f 5149/4724/1575 5147/5270/1575 5145/4725/1575
f 5145/4725/1575 5141/4937/1575 5137/4723/1575
f 5097/4726/1862 5096/4730/1862 5094/4727/1862
f 5103/4736/1863 5101/4733/1863 5102/4732/1863
f 5105/4738/1673 5103/5271/1673 5104/4739/1673
f 5108/4741/1864 5107/4743/1864 5105/4738/1864
f 5110/4742/1865 5109/4938/1865 5107/4743/1865
f 5099/4939/1575 5097/5272/1575 5095/4744/1575
f 5095/4744/1575 5093/4941/1575 5092/5273/1575
f 5092/5273/1575 5110/5274/1575 5108/4745/1575
f 5108/4745/1575 5106/4940/1575 5104/5275/1575
f 5104/5275/1575 5102/5276/1575 5100/4746/1575
f 5100/4746/1575 5099/4939/1575 5095/4744/1575
f 5095/4744/1575 5092/5273/1575 5108/4745/1575
f 5108/4745/1575 5104/5275/1575 5100/4746/1575
f 5121/4747/1677 5115/4759/1677 5119/4748/1677
f 5094/4751/1562 5096/5277/1562 5098/4804/1562
f 5098/4804/1866 5101/4733/1866 5103/4736/1866
f 5103/4736/1562 5105/5278/1562 5107/5279/1562
f 5107/5279/1562 5109/5280/1562 5111/4750/1562
f 5111/4750/1562 5091/5281/1562 5094/4751/1562
f 5094/4751/1562 5098/4804/1562 5103/4736/1562
f 5103/4736/1562 5107/5279/1562 5111/4750/1562
f 5116/4683/1557 5118/4680/1557 5119/4682/1557
f 5122/4752/1678 5117/4758/1678 5113/4753/1678
f 5112/4755/1575 5114/5282/1575 5118/4756/1575
f 5117/4758/1562 5119/4748/1562 5115/4759/1562
f 5124/4693/1679 5132/4942/1679 5130/4760/1679
f 5128/4677/1680 5118/4680/1680 5131/4761/1680
f 5139/4763/1867 5138/4765/1867 5136/4698/1867
f 5139/4763/1868 5141/4943/1868 5140/4764/1868
f 5141/4766/1869 5143/4944/1869 5142/4767/1869
f 5143/4769/1870 5145/4772/1870 5144/4770/1870
f 5147/4714/1871 5146/4716/1871 5144/4770/1871
f 5152/4773/1531 5158/4706/1531 5151/4705/1531
f 5156/4775/1520 5152/5283/1520 5153/4776/1520
f 5138/4780/1562 5140/4768/1562 5142/4767/1562
f 5142/4767/1562 5144/5284/1562 5146/4778/1562
f 5146/4778/1562 5148/5285/1562 5134/4779/1562
f 5134/4779/1562 5136/5286/1562 5138/4780/1562
f 5138/4780/1562 5142/4767/1562 5146/4778/1562
f 5154/4781/1557 5160/4703/1557 5157/4702/1557
f 5150/4783/1508 5154/4787/1508 5155/4784/1508
f 5150/4783/1688 5159/4791/1688 5160/4786/1688
f 5158/4788/1689 5152/5283/1689 5156/4775/1689
f 5159/4791/1562 5158/4945/1562 5161/4792/1562
f 5162/4795/1531 5163/5287/1531 5174/4796/1531
f 5166/4798/1557 5167/4935/1557 5177/4799/1557
f 5183/4801/1562 5166/4963/1562 5176/4802/1562
f 5182/4805/1575 5169/4908/1575 5178/4806/1575
f 5222/4808/1693 5221/4909/1693 5189/4809/1693
f 5170/4811/1508 5171/5288/1508 5163/4812/1508
f 5165/4814/1520 5173/4946/1520 5172/4815/1520
f 5164/4817/1557 5180/5289/1557 5181/4818/1557
f 5165/4820/1575 5163/4947/1575 5171/4821/1575
f 5174/4823/1575 5163/4947/1575 5165/4820/1575
f 5175/4825/1562 5180/4948/1562 5164/4826/1562
f 5164/4826/1562 5172/5290/1562 5170/4811/1562
f 5183/4827/1694 5182/4933/1694 5167/4828/1694
f 5177/4830/1508 5238/4962/1508 5239/4831/1508
f 5168/4833/1531 5217/5291/1531 5218/4834/1531
f 5187/4836/1694 5188/5292/1694 5189/4837/1694
f 5226/4839/1695 5225/4949/1695 5187/4840/1695
f 5226/4842/1557 5186/5293/1557 5189/4843/1557
f 5225/4845/1531 5222/4950/1531 5188/4846/1531
f 5195/4848/1696 5193/5294/1696 5192/4849/1696
f 5193/4851/1697 5191/5295/1697 5190/4852/1697
f 5194/4850/1562 5192/4849/1562 5190/4854/1562
f 5195/4856/1575 5197/5296/1575 5191/4857/1575
f 5190/4859/1698 5191/4951/1698 5197/4860/1698
s 1
f 5201/4862/1699 5203/4865/1701 5202/4863/1700
f 5203/4865/1701 5205/4964/1713 5204/4866/1702
f 5204/4867/1702 5205/4952/1713 5207/4868/1703
f 5207/4868/1703 5209/4871/1705 5208/4870/1557
f 5209/4871/1705 5211/4873/1707 5210/4872/1706
f 5211/4873/1707 5213/5297/1709 5212/4874/1708
f 5213/4875/1709 5215/4878/1711 5214/4876/1710
f 5215/4878/1711 5199/5298/1712 5198/4879/1575
f 5214/4953/1508 5198/5299/1508 5200/4864/1508
f 5200/4864/1508 5202/4863/1508 5204/4866/1508
f 5204/4866/1508 5206/4954/1508 5208/4880/1508
f 5208/4880/1508 5210/5300/1508 5212/4881/1508
f 5212/4881/1508 5214/4953/1508 5200/4864/1508
f 5200/4864/1508 5204/4866/1508 5208/4880/1508
f 5203/4955/1701 5201/5301/1699 5199/4882/1712
f 5199/4882/1712 5215/4957/1711 5213/5302/1709
f 5213/5302/1709 5211/4956/1707 5209/4883/1705
f 5209/4883/1705 5207/5303/1703 5205/4884/1713
f 5205/4884/1713 5203/4955/1701 5199/4882/1712
f 5199/4882/1712 5213/5302/1709 5209/4883/1705
s 0
f 5217/4885/1562 5216/5304/1562 5219/4886/1562
f 5185/4888/1557 5219/5305/1557 5216/4889/1557
f 5179/4891/1508 5218/4887/1508 5219/4886/1508
f 5183/4893/1520 5216/5306/1520 5217/4894/1520
f 5169/4896/1531 5223/4899/1531 5224/4897/1531
f 5223/4899/1531 5222/4950/1531 5225/4845/1531
f 5182/4900/1557 5183/4958/1557 5227/4901/1557
f 5227/4901/1557 5226/4842/1557 5221/4844/1557
f 5183/4903/1695 5168/4959/1695 5224/4904/1695
f 5224/4904/1714 5228/4910/1714 5231/4906/1714
f 5182/4805/1693 5220/4960/1693 5223/4907/1693
f 5223/4907/1693 5220/4960/1693 5221/4909/1693
f 5228/4910/1695 5229/5307/1695 5230/4911/1695
f 5225/4912/1715 5226/4922/1715 5230/4913/1715
f 5231/4906/1714 5235/4921/1714 5233/4915/1714
f 5224/4897/1531 5225/4845/1531 5229/4916/1531
f 5233/4918/1557 5235/5308/1557 5234/4919/1557
f 5230/4911/1695 5234/5309/1695 5235/4921/1695
f 5226/4922/1715 5232/4965/1715 5234/4923/1715
f 5226/4924/1693 5227/4961/1693 5233/4925/1693
f 5237/4927/1575 5236/5310/1575 5239/4928/1575
f 5184/4930/1531 5239/5311/1531 5236/4931/1531
f 5182/4933/1520 5236/5312/1520 5237/4934/1520
f 5167/4935/1557 5237/5313/1557 5238/4936/1557
f 5259/4709/1667 5258/5266/1667 5260/4708/1667
f 5262/4688/1557 5261/4686/1557 5263/4689/1557
f 5242/4721/1872 5240/4711/1872 5243/4720/1872
f 5290/4937/1575 5292/5267/1575 5294/4725/1575
f 5294/4725/1575 5296/5270/1575 5298/4724/1575
f 5298/4724/1575 5284/5269/1575 5286/4723/1575
f 5286/4723/1575 5288/5268/1575 5290/4937/1575
f 5290/4937/1575 5294/4725/1575 5298/4724/1575
f 5246/4726/1865 5244/4728/1865 5243/4727/1865
f 5251/4732/1873 5250/4733/1873 5252/4736/1873
f 5253/4739/1731 5252/5271/1731 5254/4738/1731
f 5257/4741/1874 5255/4740/1874 5254/4738/1874
f 5259/4742/1875 5257/4741/1875 5256/4743/1875
f 5244/4744/1575 5246/5272/1575 5248/4939/1575
f 5248/4939/1575 5249/4746/1575 5251/5276/1575
f 5251/5276/1575 5253/5275/1575 5255/4940/1575
f 5255/4940/1575 5257/4745/1575 5259/5274/1575
f 5259/5274/1575 5241/5273/1575 5242/4941/1575
f 5242/4941/1575 5244/4744/1575 5248/4939/1575
f 5248/4939/1575 5251/5276/1575 5255/4940/1575
f 5255/4940/1575 5259/5274/1575 5242/4941/1575
f 5268/4748/1677 5264/4759/1677 5270/4747/1677
f 5247/4804/1562 5245/5277/1562 5243/4751/1562
f 5243/4751/1562 5240/5281/1562 5260/4750/1562
f 5260/4750/1562 5258/5280/1562 5256/5279/1562
f 5256/5279/1562 5254/5278/1562 5252/4736/1562
f 5252/4736/1876 5250/4733/1876 5247/4804/1876
f 5247/4804/1562 5243/4751/1562 5260/4750/1562
f 5260/4750/1562 5256/5279/1562 5252/4736/1562
f 5268/4682/1531 5267/4680/1531 5265/4683/1531
f 5262/4753/1678 5266/4758/1678 5271/4752/1678
f 5267/4756/1575 5263/5282/1575 5261/4755/1575
f 5264/4759/1562 5268/4748/1562 5266/4758/1562
f 5273/4693/1734 5265/4683/1734 5279/4760/1734
f 5277/4677/1735 5282/4762/1735 5280/4761/1735
f 5288/4763/1877 5286/4697/1877 5285/4698/1877
f 5288/4763/1878 5287/4765/1878 5289/4764/1878
f 5290/4766/1879 5289/4768/1879 5291/4767/1879
f 5292/4769/1880 5291/4771/1880 5293/4770/1880
f 5296/4714/1881 5294/4772/1881 5293/4770/1881
f 5300/4705/1557 5307/4706/1557 5301/4773/1557
f 5302/4776/1520 5301/5283/1520 5305/4775/1520
f 5291/4767/1562 5289/4768/1562 5287/4780/1562
f 5287/4780/1562 5285/5286/1562 5283/4779/1562
f 5283/4779/1562 5297/5285/1562 5295/4778/1562
f 5295/4778/1562 5293/5284/1562 5291/4767/1562
f 5291/4767/1562 5287/4780/1562 5283/4779/1562
f 5306/4702/1531 5309/4703/1531 5303/4781/1531
f 5304/4784/1508 5303/4787/1508 5299/4783/1508
f 5309/4786/1688 5308/4791/1688 5299/4783/1688
f 5305/4775/1689 5301/5283/1689 5307/4788/1689
f 5309/4786/1562 5310/4792/1562 5307/4945/1562
f 5319/4796/1557 5312/5287/1557 5311/4795/1557
f 5322/4799/1531 5316/4935/1531 5315/4798/1531
f 5321/4802/1562 5315/4963/1562 5328/4801/1562
f 5323/4806/1575 5318/4908/1575 5327/4805/1575
f 5359/4808/1693 5333/4810/1693 5334/4809/1693
f 5312/4812/1508 5171/5288/1508 5170/4811/1508
f 5313/4816/1520 5172/4815/1520 5173/4946/1520
f 5326/4818/1531 5325/5289/1531 5313/4817/1531
f 5314/4820/1575 5173/4822/1575 5171/4821/1575
f 5314/4820/1575 5312/4947/1575 5319/4823/1575
f 5320/4825/1562 5311/4813/1562 5313/4826/1562
f 5170/4811/1562 5172/5290/1562 5313/4826/1562
f 5316/4828/1694 5327/4933/1694 5328/4827/1694
f 5376/4831/1508 5375/4962/1508 5322/4830/1508
f 5355/4834/1557 5354/5291/1557 5317/4833/1557
f 5334/4837/1694 5333/5292/1694 5332/4836/1694
f 5331/4841/1695 5332/4840/1695 5362/4949/1695
f 5334/4843/1531 5331/5293/1531 5363/4842/1531
f 5332/4847/1557 5333/4846/1557 5359/4950/1557
f 5337/4849/1696 5338/5294/1696 5195/4848/1696
f 5335/4852/1746 5336/5295/1746 5338/4851/1746
f 5194/4850/1562 5196/4855/1562 5335/4854/1562
f 5336/4857/1575 5197/5296/1575 5195/4856/1575
f 5335/4859/1698 5196/4861/1698 5197/4860/1698
s 1
f 5339/4863/1747 5340/4865/1749 5201/4862/1699
f 5341/4866/1748 5342/4964/1751 5340/4865/1749
f 5341/4867/1748 5343/4869/1752 5344/4868/1750
f 5345/4870/1531 5346/4871/1754 5344/4868/1750
f 5347/4872/1753 5348/4873/1756 5346/4871/1754
f 5349/4874/1755 5350/5297/1758 5348/4873/1756
f 5351/4876/1757 5352/4878/1759 5350/4875/1758
f 5198/4879/1575 5199/5298/1712 5352/4878/1759
f 5200/4864/1508 5198/5299/1508 5351/4953/1508
f 5351/4953/1508 5349/4881/1508 5347/5300/1508
f 5347/5300/1508 5345/4880/1508 5343/4954/1508
f 5343/4954/1508 5341/4866/1508 5339/4863/1508
f 5339/4863/1508 5200/4864/1508 5351/4953/1508
f 5351/4953/1508 5347/5300/1508 5343/4954/1508
f 5199/4882/1712 5201/5301/1699 5340/4955/1749
f 5340/4955/1749 5342/4884/1751 5344/5303/1750
f 5344/5303/1750 5346/4883/1754 5348/4956/1756
f 5348/4956/1756 5350/5302/1758 5352/4957/1759
f 5352/4957/1759 5199/4882/1712 5340/4955/1749
f 5340/4955/1749 5344/5303/1750 5348/4956/1756
s 0
f 5356/4886/1562 5353/5304/1562 5354/4885/1562
f 5353/4889/1531 5356/5305/1531 5330/4888/1531
f 5356/4886/1508 5355/4887/1508 5324/4891/1508
f 5354/4894/1520 5353/5306/1520 5328/4893/1520
f 5361/4897/1557 5360/4899/1557 5318/4896/1557
f 5362/4845/1557 5359/4950/1557 5360/4899/1557
f 5357/4902/1531 5364/4901/1531 5328/4958/1531
f 5358/4844/1531 5363/4842/1531 5364/4901/1531
f 5364/4905/1695 5361/4904/1695 5317/4959/1695
f 5364/4905/1714 5368/4906/1714 5365/4910/1714
f 5318/4908/1693 5360/4907/1693 5357/4960/1693
f 5360/4907/1693 5359/4808/1693 5358/4909/1693
f 5367/4911/1695 5366/5307/1695 5365/4910/1695
f 5366/4914/1715 5367/4913/1715 5363/4922/1715
f 5370/4915/1714 5372/4921/1714 5368/4906/1714
f 5361/4897/1557 5365/4917/1557 5366/4916/1557
f 5371/4919/1531 5372/5308/1531 5370/4918/1531
f 5372/4921/1695 5371/5309/1695 5367/4911/1695
f 5371/4923/1715 5369/4965/1715 5363/4922/1715
f 5369/4926/1693 5370/4925/1693 5364/4961/1693
f 5376/4928/1575 5373/5310/1575 5374/4927/1575
f 5373/4931/1557 5376/5311/1557 5329/4930/1557
f 5374/4934/1520 5373/5312/1520 5327/4933/1520
f 5375/4936/1531 5374/5313/1531 5316/4935/1531
f 5396/4709/1809 5395/5266/1809 5397/4708/1809
f 5399/4688/1531 5398/4686/1531 5400/4689/1531
f 5379/4721/1882 5377/4711/1882 5380/4720/1882
f 5427/4937/1575 5429/5267/1575 5431/4725/1575
f 5431/4725/1575 5433/5270/1575 5435/4724/1575
f 5435/4724/1575 5421/5269/1575 5423/4723/1575
f 5423/4723/1575 5425/5268/1575 5427/4937/1575
f 5427/4937/1575 5431/4725/1575 5435/4724/1575
f 5383/4726/1883 5381/4728/1883 5380/4727/1883
f 5388/4732/1884 5387/4733/1884 5389/4736/1884
f 5390/4739/1775 5389/5271/1775 5391/4738/1775
f 5394/4741/1885 5392/4740/1885 5391/4738/1885
f 5396/4742/1886 5394/4741/1886 5393/4743/1886
f 5381/4744/1575 5383/5272/1575 5385/4939/1575
f 5385/4939/1575 5386/4746/1575 5388/5276/1575
f 5388/5276/1575 5390/5275/1575 5392/4940/1575
f 5392/4940/1575 5394/4745/1575 5396/5274/1575
f 5396/5274/1575 5378/5273/1575 5379/4941/1575
f 5379/4941/1575 5381/4744/1575 5385/4939/1575
f 5385/4939/1575 5388/5276/1575 5392/4940/1575
f 5392/4940/1575 5396/5274/1575 5379/4941/1575
f 5405/4748/1678 5401/4759/1678 5407/4747/1678
f 5384/4804/1562 5382/5277/1562 5380/4751/1562
f 5380/4751/1562 5377/5281/1562 5397/4750/1562
f 5397/4750/1562 5395/5280/1562 5393/5279/1562
f 5393/5279/1562 5391/5278/1562 5389/4736/1562
f 5389/4736/1887 5387/4733/1887 5384/4804/1887
f 5384/4804/1562 5380/4751/1562 5397/4750/1562
f 5397/4750/1562 5393/5279/1562 5389/4736/1562
f 5405/4682/1557 5404/4680/1557 5402/4683/1557
f 5399/4753/1677 5403/4758/1677 5408/4752/1677
f 5404/4756/1575 5400/5282/1575 5398/4755/1575
f 5401/4759/1562 5405/4748/1562 5403/4758/1562
f 5410/4693/1680 5402/4683/1680 5416/4760/1680
f 5414/4677/1679 5419/4762/1679 5417/4761/1679
f 5425/4763/1888 5423/4697/1888 5422/4698/1888
f 5425/4763/1889 5424/4765/1889 5426/4764/1889
f 5427/4766/1890 5426/4768/1890 5428/4767/1890
f 5429/4769/1891 5428/4771/1891 5430/4770/1891
f 5433/4714/1892 5431/4772/1892 5430/4770/1892
f 5437/4705/1531 5444/4706/1531 5438/4773/1531
f 5439/4776/1508 5438/5283/1508 5442/4775/1508
f 5428/4767/1562 5426/4768/1562 5424/4780/1562
f 5424/4780/1562 5422/5286/1562 5420/4779/1562
f 5420/4779/1562 5434/5285/1562 5432/4778/1562
f 5432/4778/1562 5430/5284/1562 5428/4767/1562
f 5428/4767/1562 5424/4780/1562 5420/4779/1562
f 5443/4702/1557 5446/4703/1557 5440/4781/1557
f 5441/4784/1520 5440/4787/1520 5436/4783/1520
f 5446/4786/1689 5445/4791/1689 5436/4783/1689
f 5442/4775/1688 5438/5283/1688 5444/4788/1688
f 5447/4792/1562 5444/4945/1562 5445/4791/1562
f 5174/4796/1531 5449/5287/1531 5448/4795/1531
f 5461/4799/1557 5453/4935/1557 5452/4798/1557
f 5460/4802/1562 5452/4963/1562 5465/4801/1562
f 5466/4807/1575 5462/4806/1575 5455/4908/1575
f 5495/4808/1787 5470/4810/1787 5471/4809/1787
f 5449/4812/1520 5457/5288/1520 5456/4811/1520
f 5450/4816/1508 5458/4815/1508 5459/4946/1508
f 5181/4818/1557 5180/5289/1557 5450/4817/1557
f 5451/4820/1575 5459/4822/1575 5457/4821/1575
f 5451/4820/1575 5449/4947/1575 5174/4823/1575
f 5175/4825/1562 5448/4813/1562 5450/4826/1562
f 5456/4811/1562 5458/5290/1562 5450/4826/1562
f 5453/4828/1788 5464/4933/1788 5465/4827/1788
f 5466/4832/1520 5512/4831/1520 5511/4962/1520
f 5491/4834/1531 5490/5291/1531 5454/4833/1531
f 5471/4837/1788 5470/5292/1788 5469/4836/1788
f 5468/4841/1789 5469/4840/1789 5498/4949/1789
f 5471/4843/1557 5468/5293/1557 5499/4842/1557
f 5498/4845/1531 5469/4847/1531 5470/4846/1531
f 5474/4849/1698 5475/5294/1698 5477/4848/1698
f 5472/4852/1697 5473/5295/1697 5475/4851/1697
f 5476/4850/1562 5478/4855/1562 5472/4854/1562
f 5473/4857/1575 5479/5296/1575 5477/4856/1575
f 5472/4859/1696 5478/4861/1696 5479/4860/1696
s 1
f 5202/4863/1700 5482/4865/1791 5481/4862/1790
f 5204/4866/1702 5483/4964/1793 5482/4865/1791
f 5204/4867/1702 5206/4869/1704 5484/4868/1792
f 5208/4870/1557 5485/4871/1794 5484/4868/1792
f 5210/4872/1706 5486/4873/1795 5485/4871/1794
f 5212/4874/1708 5487/5297/1796 5486/4873/1795
f 5214/4876/1710 5488/4878/1797 5487/4875/1796
f 5198/4879/1575 5480/5298/1832 5488/4878/1797
f 5480/4882/1832 5481/5301/1790 5482/4955/1791
f 5482/4955/1791 5483/4884/1793 5484/5303/1792
f 5484/5303/1792 5485/4883/1794 5486/4956/1795
f 5486/4956/1795 5487/5302/1796 5488/4957/1797
f 5488/4957/1797 5480/4882/1832 5482/4955/1791
f 5482/4955/1791 5484/5303/1792 5486/4956/1795
s 0
f 5492/4886/1562 5489/5304/1562 5490/4885/1562
f 5489/4889/1557 5492/5305/1557 5467/4888/1557
f 5492/4886/1520 5491/4887/1520 5463/4891/1520
f 5490/4894/1508 5489/5306/1508 5465/4893/1508
f 5497/4897/1531 5496/4899/1531 5455/4896/1531
f 5497/4897/1531 5498/4845/1531 5495/4950/1531
f 5493/4902/1557 5500/4901/1557 5465/4958/1557
f 5493/4902/1557 5494/4844/1557 5499/4842/1557
f 5500/4905/1789 5497/4904/1789 5454/4959/1789
f 5504/4906/1798 5501/4910/1798 5497/4904/1798
f 5455/4908/1787 5496/4907/1787 5493/4960/1787
f 5496/4907/1787 5495/4808/1787 5494/4909/1787
f 5503/4911/1789 5502/5307/1789 5501/4910/1789
f 5498/4912/1799 5502/4914/1799 5503/4913/1799
f 5500/4905/1798 5506/4915/1798 5508/4921/1798
f 5497/4897/1531 5501/4917/1531 5502/4916/1531
f 5507/4919/1557 5508/5308/1557 5506/4918/1557
f 5508/4921/1789 5507/5309/1789 5503/4911/1789
f 5507/4923/1799 5505/4965/1799 5499/4922/1799
f 5499/4924/1787 5505/4926/1787 5506/4925/1787
f 5512/4928/1575 5509/5310/1575 5510/4927/1575
f 5509/4931/1531 5512/5311/1531 5466/4930/1531
f 5510/4934/1508 5509/5312/1508 5464/4933/1508
f 5511/4936/1557 5510/5313/1557 5453/4935/1557
f 5533/4708/1769 5531/5266/1769 5532/4709/1769
f 5536/4689/1557 5534/4686/1557 5535/4688/1557
f 5516/4720/1893 5513/4711/1893 5515/4721/1893
f 5567/4725/1575 5565/5267/1575 5563/4937/1575
f 5563/4937/1575 5561/5268/1575 5559/4723/1575
f 5559/4723/1575 5557/5269/1575 5571/4724/1575
f 5571/4724/1575 5569/5270/1575 5567/4725/1575
f 5567/4725/1575 5563/4937/1575 5559/4723/1575
f 5519/4726/1894 5518/4730/1894 5516/4727/1894
f 5525/4736/1895 5523/4733/1895 5524/4732/1895
f 5527/4738/1814 5525/5271/1814 5526/4739/1814
f 5530/4741/1896 5529/4743/1896 5527/4738/1896
f 5532/4742/1883 5531/4938/1883 5529/4743/1883
f 5521/4939/1575 5519/5272/1575 5517/4744/1575
f 5517/4744/1575 5515/4941/1575 5514/5273/1575
f 5514/5273/1575 5532/5274/1575 5530/4745/1575
f 5530/4745/1575 5528/4940/1575 5526/5275/1575
f 5526/5275/1575 5524/5276/1575 5522/4746/1575
f 5522/4746/1575 5521/4939/1575 5517/4744/1575
f 5517/4744/1575 5514/5273/1575 5530/4745/1575
f 5530/4745/1575 5526/5275/1575 5522/4746/1575
f 5543/4747/1678 5537/4759/1678 5541/4748/1678
f 5516/4751/1562 5518/5277/1562 5520/4804/1562
f 5520/4804/1897 5523/4733/1897 5525/4736/1897
f 5525/4736/1562 5527/5278/1562 5529/5279/1562
f 5529/5279/1562 5531/5280/1562 5533/4750/1562
f 5533/4750/1562 5513/5281/1562 5516/4751/1562
f 5516/4751/1562 5520/4804/1562 5525/4736/1562
f 5525/4736/1562 5529/5279/1562 5533/4750/1562
f 5538/4683/1531 5540/4680/1531 5541/4682/1531
f 5542/4754/1677 5544/4752/1677 5539/4758/1677
f 5534/4755/1575 5536/5282/1575 5540/4756/1575
f 5539/4758/1562 5541/4748/1562 5537/4759/1562
f 5546/4693/1735 5554/4942/1735 5552/4760/1735
f 5550/4677/1734 5540/4680/1734 5553/4761/1734
f 5561/4763/1898 5560/4765/1898 5558/4698/1898
f 5561/4763/1899 5563/4943/1899 5562/4764/1899
f 5563/4766/1900 5565/4944/1900 5564/4767/1900
f 5565/4769/1901 5567/4772/1901 5566/4770/1901
f 5569/4714/1902 5568/4716/1902 5566/4770/1902
f 5574/4773/1557 5580/4706/1557 5573/4705/1557
f 5578/4775/1508 5574/5283/1508 5575/4776/1508
f 5560/4780/1562 5562/4768/1562 5564/4767/1562
f 5564/4767/1562 5566/5284/1562 5568/4778/1562
f 5568/4778/1562 5570/5285/1562 5556/4779/1562
f 5556/4779/1562 5558/5286/1562 5560/4780/1562
f 5560/4780/1562 5564/4767/1562 5568/4778/1562
f 5576/4781/1531 5582/4703/1531 5579/4702/1531
f 5572/4783/1520 5576/4787/1520 5577/4784/1520
f 5572/4783/1689 5581/4791/1689 5582/4786/1689
f 5580/4788/1688 5574/5283/1688 5578/4775/1688
f 5582/4786/1562 5581/4791/1562 5580/4945/1562
f 5584/4795/1557 5585/5287/1557 5319/4796/1557
f 5588/4798/1531 5589/4935/1531 5593/4799/1531
f 5599/4803/1562 5597/4801/1562 5588/4963/1562
f 5596/4805/1575 5591/4908/1575 5594/4806/1575
f 5621/4808/1787 5620/4909/1787 5603/4809/1787
f 5456/4811/1520 5457/5288/1520 5585/4812/1520
f 5459/4946/1508 5458/4815/1508 5586/4816/1508
f 5586/4817/1531 5325/5289/1531 5326/4818/1531
f 5587/4820/1575 5585/4947/1575 5457/4821/1575
f 5319/4823/1575 5585/4947/1575 5587/4820/1575
f 5320/4825/1562 5325/4948/1562 5586/4826/1562
f 5586/4826/1562 5458/5290/1562 5456/4811/1562
f 5597/4827/1788 5596/4933/1788 5589/4828/1788
f 5593/4830/1520 5637/4962/1520 5638/4831/1520
f 5590/4833/1557 5616/5291/1557 5617/4834/1557
f 5601/4836/1788 5602/5292/1788 5603/4837/1788
f 5624/4949/1789 5601/4840/1789 5600/4841/1789
f 5625/4842/1531 5600/5293/1531 5603/4843/1531
f 5624/4845/1557 5621/4950/1557 5602/4846/1557
f 5477/4848/1698 5607/5294/1698 5606/4849/1698
f 5607/4851/1746 5605/5295/1746 5604/4852/1746
f 5476/4850/1562 5606/4849/1562 5604/4854/1562
f 5477/4856/1575 5479/5296/1575 5605/4857/1575
f 5604/4859/1696 5605/4951/1696 5479/4860/1696
s 1
f 5481/4862/1790 5608/4865/1903 5339/4863/1747
f 5339/4863/1747 5608/4865/1903 5609/4964/1826
f 5341/4867/1748 5609/4952/1826 5610/4868/1827
f 5610/4868/1827 5611/4871/1828 5345/4870/1531
f 5611/4871/1828 5612/4873/1829 5347/4872/1753
f 5612/4873/1829 5613/5297/1830 5349/4874/1755
f 5613/4875/1830 5614/4878/1831 5351/4876/1757
f 5614/4878/1831 5480/5298/1832 5198/4879/1575
f 5608/4955/1903 5481/5301/1790 5480/4882/1832
f 5480/4882/1832 5614/4957/1831 5613/5302/1830
f 5613/5302/1830 5612/4956/1829 5611/4883/1828
f 5611/4883/1828 5610/5303/1827 5609/4884/1826
f 5609/4884/1826 5608/4955/1903 5480/4882/1832
f 5480/4882/1832 5613/5302/1830 5611/4883/1828
s 0
f 5616/4885/1562 5615/5304/1562 5618/4886/1562
f 5599/4888/1531 5618/5305/1531 5615/4889/1531
f 5599/4892/1520 5595/4891/1520 5617/4887/1520
f 5597/4893/1508 5615/5306/1508 5616/4894/1508
f 5591/4896/1557 5622/4899/1557 5623/4897/1557
f 5622/4899/1557 5621/4950/1557 5624/4845/1557
f 5597/4958/1531 5626/4901/1531 5619/4902/1531
f 5626/4901/1531 5625/4842/1531 5620/4844/1531
f 5590/4959/1789 5623/4904/1789 5626/4905/1789
f 5623/4904/1798 5627/4910/1798 5630/4906/1798
f 5591/4908/1787 5596/4805/1787 5619/4960/1787
f 5622/4907/1787 5619/4960/1787 5620/4909/1787
f 5627/4910/1789 5628/5307/1789 5629/4911/1789
f 5625/4922/1799 5629/4913/1799 5628/4914/1799
f 5626/4905/1798 5630/4906/1798 5634/4921/1798
f 5623/4897/1557 5624/4845/1557 5628/4916/1557
f 5632/4918/1531 5634/5308/1531 5633/4919/1531
f 5629/4911/1789 5633/5309/1789 5634/4921/1789
f 5629/4913/1799 5625/4922/1799 5631/4965/1799
f 5626/4961/1787 5632/4925/1787 5631/4926/1787
f 5636/4927/1575 5635/5310/1575 5638/4928/1575
f 5598/4930/1557 5638/5311/1557 5635/4931/1557
f 5596/4933/1508 5635/5312/1508 5636/4934/1508
f 5589/4935/1531 5636/5313/1531 5637/4936/1531
s 1
f 5640/4966/1833 5642/4969/1835 5641/4967/1834
f 5642/4969/1835 5644/4971/1837 5643/4970/1836
f 5644/4971/1837 5646/4973/1839 5645/4972/1838
f 5646/4973/1839 5648/4975/1840 5647/4974/1531
f 5648/4975/1840 5650/4977/1842 5649/4976/1841
f 5650/4977/1842 5652/4979/1844 5651/4978/1843
f 5652/4979/1844 5654/4981/1846 5653/4980/1845
f 5654/4981/1846 5656/4983/1847 5655/4982/1520
f 5656/4983/1847 5658/4985/1849 5657/4984/1848
f 5658/4985/1849 5660/4987/1851 5659/4986/1850
f 5660/4987/1851 5662/4989/1853 5661/4988/1852
f 5662/4989/1853 5664/4991/1854 5663/4990/1557
f 5664/4991/1854 5666/4993/1856 5665/4992/1855
f 5666/4993/1856 5668/4998/1858 5667/4994/1857
f 5644/4997/1837 5642/5314/1835 5640/5315/1833
f 5640/5315/1833 5670/5316/1860 5668/5317/1858
f 5668/5317/1858 5666/5318/1856 5664/5319/1854
f 5664/5319/1854 5662/5320/1853 5660/4995/1851
f 5660/4995/1851 5658/5321/1849 5656/5322/1847
f 5656/5322/1847 5654/5323/1846 5652/4996/1844
f 5652/4996/1844 5650/5324/1842 5648/5325/1840
f 5648/5325/1840 5646/5326/1839 5644/4997/1837
f 5644/4997/1837 5640/5315/1833 5668/5317/1858
f 5668/5317/1858 5664/5319/1854 5660/4995/1851
f 5660/4995/1851 5656/5322/1847 5652/4996/1844
f 5652/4996/1844 5648/5325/1840 5644/4997/1837
f 5644/4997/1837 5668/5317/1858 5660/4995/1851
f 5668/4998/1858 5670/5000/1860 5669/4999/1859
f 5670/5000/1860 5640/5327/1833 5639/5001/1508
f 5669/5004/1562 5639/5328/1562 5641/5329/1562
f 5641/5329/1562 5643/5330/1562 5645/5331/1562
f 5645/5331/1562 5647/5332/1562 5649/5333/1562
f 5649/5333/1562 5651/5334/1562 5653/5002/1562
f 5653/5002/1562 5655/5335/1562 5657/5336/1562
f 5657/5336/1562 5659/5337/1562 5661/5003/1562
f 5661/5003/1562 5663/5338/1562 5665/5339/1562
f 5665/5339/1562 5667/5340/1562 5669/5004/1562
f 5669/5004/1562 5641/5329/1562 5645/5331/1562
f 5645/5331/1562 5649/5333/1562 5653/5002/1562
f 5653/5002/1562 5657/5336/1562 5661/5003/1562
f 5661/5003/1562 5665/5339/1562 5669/5004/1562
f 5669/5004/1562 5645/5331/1562 5653/5002/1562
