# Blender 4.4.1
# www.blender.org
mtllib coal_box.mtl
o coal_box
v 0.349392 -0.027040 1.103258
v -0.176736 -0.027040 1.103258
v 0.349392 -0.027040 0.000000
v -0.176736 -0.027040 0.000000
v -1.081146 0.009693 1.913586
v -0.628941 0.009693 2.020917
v -0.657720 0.072742 1.778815
v -0.417228 0.072742 1.846200
v -0.176736 1.799843 0.000000
v -0.176736 1.037788 0.551629
v 0.349392 1.214317 0.663903
v 0.349392 1.799843 0.000000
v -2.178930 0.106709 1.103258
v -1.411598 0.080418 1.103258
v -1.411598 1.404134 1.103258
v -2.178930 1.754294 1.103258
v -2.178930 1.810460 0.551629
v -1.411598 1.775883 0.551629
v -2.178930 1.866625 0.000000
v -1.411598 2.147632 0.000000
v -2.178930 -0.027040 0.000000
v -1.411598 -0.027040 0.000000
v -2.178930 -0.027040 1.103258
v -1.411598 -0.027040 1.103258
v 0.349392 0.628790 1.103258
v 0.349392 0.022202 1.103258
v 1.186205 0.080418 1.103258
v 1.186205 1.404134 1.103258
v 1.244298 1.775883 0.571361
v 1.302390 2.147632 0.039464
v 1.186205 -0.027040 1.103258
v 1.186205 -0.027040 0.000000
v -2.178930 -0.027040 -1.223534
v -1.411598 -0.027040 -1.223534
v 0.349392 -0.027040 -1.223534
v -0.176736 -0.027040 -1.223534
v 1.186205 -0.027040 -1.223534
v 0.349392 2.179477 -1.223534
v 1.186205 2.179477 -1.223534
v -0.176736 2.136654 -1.223534
v -1.411598 2.179477 -1.223534
v -2.178930 1.798755 -1.223534
v -0.702865 0.628790 1.103258
v -0.702865 0.022202 1.103258
v -0.702865 1.799843 0.000000
v -0.702865 1.214317 0.702547
v -0.702865 2.093832 -1.223534
v -0.702865 -0.027040 0.000000
v -0.702865 -0.027040 -1.223534
v -0.702865 -0.027040 1.103258
v 2.199269 0.098151 1.103258
v 2.199269 1.640317 1.103258
v 2.199269 1.940615 0.000000
v 2.199269 1.790466 0.551629
v 2.199269 2.179477 -1.223534
v 2.199269 -0.027040 0.000000
v 2.199269 -0.027040 -1.223534
v 2.199269 -0.027040 1.103258
v -0.176736 -0.027040 1.324389
v 0.398713 -0.027040 1.265846
v 0.327584 0.012723 1.324389
v 0.193848 0.224751 1.324389
v -0.176736 0.577029 1.103258
v -0.176736 0.307264 1.324389
v -0.547321 0.224751 1.324389
v -0.702865 0.012723 1.324389
v -0.758005 -0.027040 1.259986
v -0.176736 -0.027040 1.324389
v -0.573658 -0.027040 1.655230
v -1.068789 -0.027040 1.533324
v -0.547321 0.224751 1.324389
v -0.702865 0.012723 1.324389
v -0.506118 0.192817 1.466365
v -0.974247 0.020314 1.533324
v 0.193848 0.224751 1.324389
v -0.176736 0.307264 1.324389
v 0.152646 0.192817 1.466365
v -0.176736 0.192817 1.655230
v 0.522566 0.020314 1.655230
v 0.327584 0.012723 1.324389
v -1.203417 -0.027040 1.913586
v -0.690077 -0.027040 2.171317
v 0.727673 0.009693 1.913586
v 0.304248 0.072742 1.778815
v -0.758005 -0.027040 1.259986
v 0.175536 -0.027040 1.655230
v 0.398713 -0.027040 1.265846
v 0.617107 -0.027040 1.655230
v 0.242097 -0.027040 2.146714
v 0.849944 -0.027040 1.913586
v 0.143264 0.072742 1.823922
v 0.225577 0.009693 2.087318
v -2.178930 0.003895 1.103258
v -1.411598 -0.002186 1.103258
v -0.702865 -0.015651 1.103258
v -0.741553 -0.017843 1.259986
v -0.741553 -0.017843 1.259986
v -1.046922 -0.016087 1.533324
v -1.175137 -0.018544 1.913586
v -0.675937 -0.018544 2.160365
v 0.238211 -0.018544 2.132497
v 0.821664 -0.018544 1.913586
v 0.595241 -0.016087 1.655230
v 0.382262 -0.017843 1.265846
v 0.382262 -0.017843 1.265846
v 0.349392 -0.015651 1.103258
v 1.186205 -0.002186 1.103258
v 2.199269 0.001916 1.103258
v -2.178930 -0.027040 1.103258
v -1.411598 -0.027040 1.103258
v -0.702865 -0.027040 1.103258
v -0.758005 -0.027040 1.259986
v -0.758005 -0.027040 1.259986
v -1.068789 -0.027040 1.533324
v -1.203417 -0.027040 1.913586
v -0.690077 -0.027040 2.171317
v 0.242097 -0.027040 2.146714
v 0.849944 -0.027040 1.913586
v 0.617107 -0.027040 1.655230
v 0.398713 -0.027040 1.265846
v 0.349392 -0.027040 1.103258
v 0.398713 -0.027040 1.265846
v 1.186205 -0.027040 1.103258
v 2.199269 -0.027040 1.103258
v -0.176736 -0.027040 1.655230
v -0.176736 -0.027040 2.288055
v -0.176736 -0.027040 2.288055
v -0.176736 -0.018544 2.266150
v -0.176736 0.009693 2.003735
v -0.176736 0.072742 1.913586
v 1.070259 0.694970 1.737309
v 1.819051 0.694970 1.737309
v 1.070259 0.792350 1.716462
v 1.819051 0.792350 1.716462
v 1.070259 0.792350 1.716462
v 1.819051 0.792350 1.716462
v 1.070259 0.779411 1.657178
v 1.819051 0.779411 1.657178
v 1.070259 0.779411 1.657178
v 1.819051 0.779411 1.657178
v 1.070259 0.682030 1.678025
v 1.819051 0.682030 1.678025
v 1.070259 0.682030 1.678025
v 1.819051 0.682030 1.678025
v 1.070259 0.694970 1.737309
v 1.819051 0.694970 1.737309
v 1.819051 0.694970 1.737309
v 1.819051 0.682030 1.678025
v 1.819051 0.779411 1.657178
v 1.819051 0.792350 1.716462
v 1.070259 0.682030 1.678025
v 1.070259 0.694970 1.737309
v 1.070259 0.779411 1.657178
v 1.070259 0.792350 1.716462
v 1.070259 0.205291 1.842139
v 1.819051 0.205291 1.842139
v 1.070259 0.302671 1.821292
v 1.819051 0.302671 1.821292
v 1.070259 0.302671 1.821292
v 1.819051 0.302671 1.821292
v 1.070259 0.289732 1.762008
v 1.819051 0.289732 1.762008
v 1.070259 0.289732 1.762008
v 1.819051 0.289732 1.762008
v 1.070259 0.192352 1.782855
v 1.819051 0.192352 1.782855
v 1.070259 0.192352 1.782855
v 1.819051 0.192352 1.782855
v 1.070259 0.205291 1.842139
v 1.819051 0.205291 1.842139
v 1.819051 0.205291 1.842139
v 1.819051 0.192352 1.782855
v 1.819051 0.289732 1.762008
v 1.819051 0.302671 1.821292
v 1.070259 0.192352 1.782855
v 1.070259 0.205291 1.842139
v 1.070259 0.289732 1.762008
v 1.070259 0.302671 1.821292
v 1.169016 -0.047546 1.834213
v 1.169016 2.657419 1.255134
v 1.063430 2.657419 1.255135
v 1.063430 -0.047546 1.834213
v 1.169016 -0.068312 1.737207
v 1.169016 -0.047546 1.834213
v 1.063430 -0.068312 1.737207
v 1.063430 -0.047546 1.834213
v 1.063430 -0.047546 1.834213
v 1.063430 2.657419 1.255135
v 1.063430 2.631614 1.159208
v 1.063430 -0.068312 1.737207
v 1.169016 -0.068312 1.737207
v 1.169016 2.631614 1.159208
v 1.169016 -0.047546 1.834213
v 1.169016 2.657419 1.255134
v 1.713828 -0.047546 1.834213
v 1.819414 -0.047546 1.834213
v 1.713828 2.657419 1.255135
v 1.819414 2.657419 1.255134
v 1.713828 -0.068312 1.737207
v 1.819414 -0.068312 1.737207
v 1.713828 -0.047546 1.834213
v 1.819414 -0.047546 1.834213
v 1.819414 -0.047546 1.834213
v 1.819414 -0.068312 1.737207
v 1.819414 2.631614 1.159208
v 1.819414 2.657419 1.255134
v 1.713828 -0.068312 1.737207
v 1.713828 -0.047546 1.834213
v 1.713828 2.631614 1.159208
v 1.713828 2.657419 1.255135
v 1.070259 2.276128 1.398815
v 1.819051 2.276128 1.398815
v 1.070259 2.373508 1.377968
v 1.819051 2.373508 1.377968
v 1.070259 2.373508 1.377968
v 1.819051 2.373508 1.377968
v 1.070259 2.360569 1.318684
v 1.819051 2.360569 1.318684
v 1.070259 2.360569 1.318684
v 1.819051 2.360569 1.318684
v 1.070259 2.263188 1.339532
v 1.819051 2.263188 1.339532
v 1.070259 2.263188 1.339532
v 1.819051 2.263188 1.339532
v 1.070259 2.276128 1.398815
v 1.819051 2.276128 1.398815
v 1.819051 2.276128 1.398815
v 1.819051 2.263188 1.339532
v 1.819051 2.360569 1.318684
v 1.819051 2.373508 1.377968
v 1.070259 2.263188 1.339532
v 1.070259 2.276128 1.398815
v 1.070259 2.360569 1.318684
v 1.070259 2.373508 1.377968
v 1.070259 1.749075 1.511646
v 1.819051 1.749075 1.511646
v 1.070259 1.846455 1.490799
v 1.819051 1.846455 1.490799
v 1.070259 1.846455 1.490799
v 1.819051 1.846455 1.490799
v 1.070259 1.833516 1.431516
v 1.819051 1.833516 1.431516
v 1.070259 1.833516 1.431516
v 1.819051 1.833516 1.431516
v 1.070259 1.736136 1.452363
v 1.819051 1.736136 1.452363
v 1.070259 1.736136 1.452363
v 1.819051 1.736136 1.452363
v 1.070259 1.749075 1.511646
v 1.819051 1.749075 1.511646
v 1.819051 1.749075 1.511646
v 1.819051 1.736136 1.452363
v 1.819051 1.833516 1.431516
v 1.819051 1.846455 1.490799
v 1.070259 1.736136 1.452363
v 1.070259 1.749075 1.511646
v 1.070259 1.833516 1.431516
v 1.070259 1.846455 1.490799
v 1.070259 1.222022 1.624477
v 1.819051 1.222022 1.624477
v 1.070259 1.319402 1.603630
v 1.819051 1.319402 1.603630
v 1.070259 1.319402 1.603630
v 1.819051 1.319402 1.603630
v 1.070259 1.306463 1.544347
v 1.819051 1.306463 1.544347
v 1.070259 1.306463 1.544347
v 1.819051 1.306463 1.544347
v 1.070259 1.209083 1.565194
v 1.819051 1.209083 1.565194
v 1.070259 1.209083 1.565194
v 1.819051 1.209083 1.565194
v 1.070259 1.222022 1.624477
v 1.819051 1.222022 1.624477
v 1.819051 1.222022 1.624477
v 1.819051 1.209083 1.565194
v 1.819051 1.306463 1.544347
v 1.819051 1.319402 1.603630
v 1.070259 1.209083 1.565194
v 1.070259 1.222022 1.624477
v 1.070259 1.306463 1.544347
v 1.070259 1.319402 1.603630
v 1.063430 2.631614 1.159208
v 1.169016 2.631614 1.159208
v 1.063430 -0.068312 1.737207
v 1.169016 -0.068312 1.737207
v 1.713828 2.631614 1.159208
v 1.819414 2.631614 1.159208
v 1.713828 -0.068312 1.737207
v 1.819414 -0.068312 1.737207
v 1.063430 2.657419 1.255135
v 1.169016 2.657419 1.255134
v 1.063430 2.631614 1.159208
v 1.169016 2.631614 1.159208
v 1.713828 2.657419 1.255135
v 1.819414 2.657419 1.255134
v 1.713828 2.631614 1.159208
v 1.819414 2.631614 1.159208
v -2.191670 1.317923 -1.163704
v -2.191670 1.073711 -1.163704
v 2.195641 1.073711 -1.163704
v 2.195641 1.317923 -1.163704
v 2.195641 1.073711 -1.218446
v 2.195641 1.073711 -1.163704
v -2.191670 1.073711 -1.218446
v -2.191670 1.073711 -1.163704
v 2.195641 1.317923 -1.163704
v 2.195641 1.317923 -1.218446
v -2.191670 1.317923 -1.163704
v -2.191670 1.317923 -1.218446
v -2.221009 2.209020 -1.163704
v -2.221009 1.959257 -1.163704
v 2.236180 2.209020 -1.163704
v 2.236180 1.959257 -1.163704
v 2.236180 1.959257 -1.218446
v 2.236180 1.959257 -1.163704
v -2.221009 1.959257 -1.218446
v -2.221009 1.959257 -1.163704
v 2.236180 2.209020 -1.163704
v 2.236180 2.209020 -1.218446
v -2.221009 2.209020 -1.163704
v -2.221009 2.209020 -1.218446
v -2.191670 0.311904 -1.163704
v -2.191670 0.067691 -1.163704
v 2.195641 0.067691 -1.163704
v 2.195641 0.311904 -1.163704
v 2.195641 0.067691 -1.218446
v 2.195641 0.067691 -1.163704
v -2.191670 0.067691 -1.218446
v -2.191670 0.067691 -1.163704
v 2.195641 0.311904 -1.163704
v 2.195641 0.311904 -1.218446
v -2.191670 0.311904 -1.163704
v -2.191670 0.311904 -1.218446
v 0.019320 -0.061387 -1.217161
v 0.370549 -0.061387 -1.217161
v 0.019320 -0.061387 1.191742
v 0.370549 -0.061387 1.191742
v 0.019320 -0.061387 1.191742
v 0.370549 -0.061387 1.191742
v 0.019320 0.006298 1.191742
v 0.370549 0.006298 1.191742
v 0.019320 0.006298 1.191742
v 0.370549 0.006298 1.191742
v 0.019320 0.006298 -1.217161
v 0.370549 0.006298 -1.217161
v 0.019320 0.006298 -1.217161
v 0.370549 0.006298 -1.217161
v 0.019320 -0.061387 -1.217161
v 0.370549 -0.061387 -1.217161
v 0.370549 -0.061387 -1.217161
v 0.370549 0.006298 -1.217161
v 0.370549 -0.061387 1.191742
v 0.370549 0.006298 1.191742
v 0.019320 0.006298 -1.217161
v 0.019320 -0.061387 -1.217161
v 0.019320 0.006298 1.191742
v 0.019320 -0.061387 1.191742
v -0.371415 0.742892 1.208164
v -0.020186 0.742892 1.208164
v -0.371415 2.343919 1.208164
v -0.020186 2.343919 1.208164
v -0.371415 2.343919 1.208164
v -0.020186 2.343919 1.208164
v -0.371415 2.343919 1.140479
v -0.020186 2.343919 1.140479
v -0.371415 2.343919 1.140479
v -0.020186 2.343919 1.140479
v -0.371415 0.742892 1.140479
v -0.020186 0.742892 1.140479
v -0.371415 0.742892 1.140479
v -0.020186 0.742892 1.140479
v -0.371415 0.742892 1.208164
v -0.020186 0.742892 1.208164
v -0.020186 0.742892 1.208164
v -0.020186 0.742892 1.140479
v -0.020186 2.343919 1.208164
v -0.020186 2.343919 1.140479
v -0.371415 0.742892 1.140479
v -0.371415 0.742892 1.208164
v -0.371415 2.343919 1.140479
v -0.371415 2.343919 1.208164
v 2.203611 1.317923 -1.268150
v 2.203611 1.073711 -1.268150
v 2.203611 1.317923 -1.322892
v 2.203611 1.073711 -1.322892
v 2.203611 1.317923 -1.322892
v 2.203611 1.073711 -1.322892
v -2.189346 1.317923 -1.322892
v -2.189346 1.073711 -1.322892
v -2.189346 1.317923 -1.322892
v -2.189346 1.073711 -1.322892
v -2.189346 1.317923 -1.268150
v -2.189346 1.073711 -1.268150
v -2.189346 1.073711 -1.268150
v -2.189346 1.073711 -1.322892
v 2.203611 1.073711 -1.268150
v 2.203611 1.073711 -1.322892
v -2.189346 1.317923 -1.322892
v -2.189346 1.317923 -1.268150
v 2.203611 1.317923 -1.322892
v 2.203611 1.317923 -1.268150
v -0.744238 0.627398 1.091376
v -0.745536 0.383191 1.091376
v -2.198683 0.395774 1.091376
v -2.197385 0.639981 1.091376
v -2.197385 0.639981 1.091376
v -2.198683 0.395774 1.091376
v -2.197385 0.639981 1.146117
v -2.198683 0.395774 1.146117
v -0.744238 0.627398 1.146117
v -0.745536 0.383191 1.146117
v -0.744238 0.627398 1.091376
v -0.745536 0.383191 1.091376
v -0.745536 0.383191 1.091376
v -0.745536 0.383191 1.146117
v -2.198683 0.395774 1.091376
v -2.198683 0.395774 1.146117
v -0.744238 0.627398 1.146117
v -0.744238 0.627398 1.091376
v -2.197385 0.639981 1.146117
v -2.197385 0.639981 1.091376
v 2.180252 -0.064985 0.149290
v 2.180252 -0.064985 0.500518
v 2.180252 2.343919 0.149290
v 2.180252 2.343919 0.500518
v 2.180252 2.343919 0.149290
v 2.180252 2.343919 0.500518
v 2.247937 2.343919 0.149290
v 2.247937 2.343919 0.500518
v 2.247937 2.343919 0.149290
v 2.247937 2.343919 0.500518
v 2.247937 -0.064985 0.149290
v 2.247937 -0.064985 0.500518
v 2.247937 -0.064985 0.149290
v 2.247937 -0.064985 0.500518
v 2.180252 -0.064985 0.149290
v 2.180252 -0.064985 0.500518
v 2.180252 -0.064985 0.500518
v 2.247937 -0.064985 0.500518
v 2.180252 2.343919 0.500518
v 2.247937 2.343919 0.500518
v 2.247937 -0.064985 0.149290
v 2.180252 -0.064985 0.149290
v 2.247937 2.343919 0.149290
v 2.180252 2.343919 0.149290
v -0.744092 -0.064985 -1.198882
v -0.392864 -0.064985 -1.198882
v -0.744092 2.343919 -1.198882
v -0.392864 2.343919 -1.198882
v -0.744092 2.343919 -1.198882
v -0.392864 2.343919 -1.198882
v -0.744092 2.343919 -1.266567
v -0.392864 2.343919 -1.266567
v -0.744092 2.343919 -1.266567
v -0.392864 2.343919 -1.266567
v -0.744092 -0.064985 -1.266567
v -0.392864 -0.064985 -1.266567
v -0.744092 -0.064985 -1.266567
v -0.392864 -0.064985 -1.266567
v -0.744092 -0.064985 -1.198882
v -0.392864 -0.064985 -1.198882
v -0.392864 -0.064985 -1.198882
v -0.392864 -0.064985 -1.266567
v -0.392864 2.343919 -1.198882
v -0.392864 2.343919 -1.266567
v -0.744092 -0.064985 -1.266567
v -0.744092 -0.064985 -1.198882
v -0.744092 2.343919 -1.266567
v -0.744092 2.343919 -1.198882
v 2.235991 1.425947 -1.281418
v 2.235991 1.636896 -1.210832
v 2.303677 1.425947 -1.281418
v 2.303677 1.636896 -1.210832
v 2.303677 1.425947 -1.281418
v 2.303677 1.636896 -1.210832
v 2.303677 0.856353 1.121835
v 2.303677 0.645404 1.051249
v 2.303677 0.645404 1.051249
v 2.303677 0.856353 1.121835
v 2.235991 0.645404 1.051249
v 2.235991 0.856353 1.121835
v 2.235991 0.856353 1.121835
v 2.303677 0.856353 1.121835
v 2.235991 1.636896 -1.210832
v 2.303677 1.636896 -1.210832
v 2.303677 0.645404 1.051249
v 2.235991 0.645404 1.051249
v 2.303677 1.425947 -1.281418
v 2.235991 1.425947 -1.281418
v -1.812977 -0.064985 -1.198882
v -1.461748 -0.064985 -1.198882
v -1.812977 2.343919 -1.198882
v -1.461748 2.343919 -1.198882
v -1.812977 2.343919 -1.198882
v -1.461748 2.343919 -1.198882
v -1.812977 2.343919 -1.266567
v -1.461748 2.343919 -1.266567
v -1.812977 2.343919 -1.266567
v -1.461748 2.343919 -1.266567
v -1.812977 -0.064985 -1.266567
v -1.461748 -0.064985 -1.266567
v -1.812977 -0.064985 -1.266567
v -1.461748 -0.064985 -1.266567
v -1.812977 -0.064985 -1.198882
v -1.461748 -0.064985 -1.198882
v -1.461748 -0.064985 -1.198882
v -1.461748 -0.064985 -1.266567
v -1.461748 2.343919 -1.198882
v -1.461748 2.343919 -1.266567
v -1.812977 -0.064985 -1.266567
v -1.812977 -0.064985 -1.198882
v -1.812977 2.343919 -1.266567
v -1.812977 2.343919 -1.198882
v 2.193402 0.785334 1.020404
v 2.193402 0.996803 0.959183
v 2.125717 0.785334 1.020404
v 2.125717 0.996803 0.959183
v 2.125717 0.785334 1.020404
v 2.125717 0.996803 0.959183
v 2.125717 0.233670 -1.115240
v 2.125717 0.022201 -1.054019
v 2.125717 0.022201 -1.054019
v 2.125717 0.233670 -1.115240
v 2.193402 0.022201 -1.054019
v 2.193402 0.233670 -1.115240
v 2.193402 0.233670 -1.115240
v 2.125717 0.233670 -1.115240
v 2.193402 0.996803 0.959183
v 2.125717 0.996803 0.959183
v 2.125717 0.022201 -1.054019
v 2.193402 0.022201 -1.054019
v 2.125717 0.785334 1.020404
v 2.193402 0.785334 1.020404
v 2.193402 1.663352 1.026753
v 2.193402 1.883437 1.055417
v 2.125717 1.663352 1.026753
v 2.125717 1.883437 1.055417
v 2.125717 1.663352 1.026753
v 2.125717 1.883437 1.055417
v 2.125717 2.020657 -1.132196
v 2.125717 2.240742 -1.103532
v 2.125717 2.020657 -1.132196
v 2.125717 2.240742 -1.103532
v 2.193402 2.020657 -1.132196
v 2.193402 2.240742 -1.103532
v 2.193402 2.240742 -1.103532
v 2.125717 2.240742 -1.103532
v 2.193402 1.883437 1.055417
v 2.125717 1.883437 1.055417
v 2.125717 2.020657 -1.132196
v 2.193402 2.020657 -1.132196
v 2.125717 1.663352 1.026753
v 2.193402 1.663352 1.026753
v 2.193402 1.425947 0.986177
v 2.193402 1.636896 0.923560
v 2.125717 1.425947 0.986177
v 2.125717 1.636896 0.923560
v 2.125717 1.425947 0.986177
v 2.125717 1.636896 0.923560
v 2.125717 0.856353 -1.145760
v 2.125717 0.645404 -1.083142
v 2.125717 0.645404 -1.083142
v 2.125717 0.856353 -1.145760
v 2.193402 0.645404 -1.083142
v 2.193402 0.856353 -1.145760
v 2.193402 0.856353 -1.145760
v 2.125717 0.856353 -1.145760
v 2.193402 1.636896 0.923560
v 2.125717 1.636896 0.923560
v 2.125717 0.645404 -1.083142
v 2.193402 0.645404 -1.083142
v 2.125717 1.425947 0.986177
v 2.193402 1.425947 0.986177
v -2.183030 1.663352 -1.103532
v -2.183030 1.883437 -1.132196
v -2.115345 1.663352 -1.103532
v -2.115345 1.883437 -1.132196
v -2.115345 1.663352 -1.103532
v -2.115345 1.883437 -1.132196
v -2.115345 2.020657 1.055417
v -2.115345 2.240742 1.026753
v -2.115345 2.020657 1.055417
v -2.115345 2.240742 1.026753
v -2.183030 2.020657 1.055417
v -2.183030 2.240742 1.026753
v -2.183030 2.240742 1.026753
v -2.115345 2.240742 1.026753
v -2.183030 1.883437 -1.132196
v -2.115345 1.883437 -1.132196
v -2.115345 2.020657 1.055417
v -2.183030 2.020657 1.055417
v -2.115345 1.663352 -1.103532
v -2.183030 1.663352 -1.103532
v -2.183030 1.425947 -1.145760
v -2.183030 1.636896 -1.083142
v -2.115345 1.425947 -1.145760
v -2.115345 1.636896 -1.083142
v -2.115345 1.425947 -1.145760
v -2.115345 1.636896 -1.083142
v -2.115345 0.856353 0.986177
v -2.115345 0.645404 0.923560
v -2.115345 0.645404 0.923560
v -2.115345 0.856353 0.986177
v -2.183030 0.645404 0.923560
v -2.183030 0.856353 0.986177
v -2.183030 0.856353 0.986177
v -2.115345 0.856353 0.986177
v -2.183030 1.636896 -1.083142
v -2.115345 1.636896 -1.083142
v -2.115345 0.645404 0.923560
v -2.183030 0.645404 0.923560
v -2.115345 1.425947 -1.145760
v -2.183030 1.425947 -1.145760
v -2.183030 0.785334 -1.115240
v -2.183030 0.996803 -1.054019
v -2.115345 0.785334 -1.115240
v -2.115345 0.996803 -1.054019
v -2.115345 0.785334 -1.115240
v -2.115345 0.996803 -1.054019
v -2.115345 0.233670 1.020404
v -2.115345 0.022201 0.959183
v -2.115345 0.022201 0.959183
v -2.115345 0.233670 1.020404
v -2.183030 0.022201 0.959183
v -2.183030 0.233670 1.020404
v -2.183030 0.233670 1.020404
v -2.115345 0.233670 1.020404
v -2.183030 0.996803 -1.054019
v -2.115345 0.996803 -1.054019
v -2.115345 0.022201 0.959183
v -2.183030 0.022201 0.959183
v -2.115345 0.785334 -1.115240
v -2.183030 0.785334 -1.115240
v -2.211475 0.411432 1.259777
v -2.109317 0.189614 1.259777
v 0.699572 1.752119 1.259777
v 0.801731 1.530301 1.259777
v 0.699572 1.752119 1.259777
v 0.801731 1.530301 1.259777
v 0.699572 1.752119 1.205035
v 0.801731 1.530301 1.205035
v -2.211475 0.411432 1.205035
v -2.109317 0.189614 1.205035
v -2.211475 0.411432 1.259777
v -2.109317 0.189614 1.259777
v -2.109317 0.189614 1.259777
v -2.109317 0.189614 1.205035
v 0.801731 1.530301 1.259777
v 0.801731 1.530301 1.205035
v -2.211475 0.411432 1.205035
v -2.211475 0.411432 1.259777
v 0.699572 1.752119 1.205035
v 0.699572 1.752119 1.259777
v 1.037346 -0.064985 -1.198882
v 1.388574 -0.064985 -1.198882
v 1.037346 2.343919 -1.198882
v 1.388574 2.343919 -1.198882
v 1.037346 2.343919 -1.198882
v 1.388574 2.343919 -1.198882
v 1.037346 2.343919 -1.266567
v 1.388574 2.343919 -1.266567
v 1.037346 2.343919 -1.266567
v 1.388574 2.343919 -1.266567
v 1.037346 -0.064985 -1.266567
v 1.388574 -0.064985 -1.266567
v 1.037346 -0.064985 -1.266567
v 1.388574 -0.064985 -1.266567
v 1.037346 -0.064985 -1.198882
v 1.388574 -0.064985 -1.198882
v 1.388574 -0.064985 -1.198882
v 1.388574 -0.064985 -1.266567
v 1.388574 2.343919 -1.198882
v 1.388574 2.343919 -1.266567
v 1.037346 -0.064985 -1.266567
v 1.037346 -0.064985 -1.198882
v 1.037346 2.343919 -1.266567
v 1.037346 2.343919 -1.198882
v -2.245403 -0.064985 -0.204504
v -2.245403 -0.064985 0.146725
v -2.245403 2.343919 -0.204504
v -2.245403 2.343919 0.146725
v -2.245403 2.343919 -0.204504
v -2.245403 2.343919 0.146725
v -2.177718 2.343919 -0.204504
v -2.177718 2.343919 0.146725
v -2.177718 2.343919 -0.204504
v -2.177718 2.343919 0.146725
v -2.177718 -0.064985 -0.204504
v -2.177718 -0.064985 0.146725
v -2.177718 -0.064985 -0.204504
v -2.177718 -0.064985 0.146725
v -2.245403 -0.064985 -0.204504
v -2.245403 -0.064985 0.146725
v -2.245403 -0.064985 0.146725
v -2.177718 -0.064985 0.146725
v -2.245403 2.343919 0.146725
v -2.177718 2.343919 0.146725
v -2.177718 -0.064985 -0.204504
v -2.245403 -0.064985 -0.204504
v -2.177718 2.343919 -0.204504
v -2.245403 2.343919 -0.204504
v 2.268911 2.209020 1.091376
v 2.268911 1.959257 1.091376
v -2.241002 2.209020 1.091376
v -2.241002 1.959257 1.091376
v -2.241002 2.209020 1.091376
v -2.241002 1.959257 1.091376
v -2.241002 2.209020 1.146117
v -2.241002 1.959257 1.146117
v -2.241002 2.209020 1.146117
v -2.241002 1.959257 1.146117
v 2.268911 2.209020 1.146117
v 2.268911 1.959257 1.146117
v 2.268911 2.209020 1.146117
v 2.268911 1.959257 1.146117
v 2.268911 2.209020 1.091376
v 2.268911 1.959257 1.091376
v 2.268911 1.959257 1.091376
v 2.268911 1.959257 1.146117
v -2.241002 1.959257 1.091376
v -2.241002 1.959257 1.146117
v 2.268911 2.209020 1.146117
v 2.268911 2.209020 1.091376
v -2.241002 2.209020 1.146117
v -2.241002 2.209020 1.091376
v 0.209979 1.767377 1.091376
v 0.207796 1.523170 1.091376
v -2.234704 1.779960 1.091376
v -2.236887 1.535753 1.091376
v -2.234704 1.779960 1.091376
v -2.236887 1.535753 1.091376
v -2.234704 1.779960 1.146117
v -2.236887 1.535753 1.146117
v 0.209979 1.767377 1.146117
v 0.207796 1.523170 1.146117
v 0.209979 1.767377 1.091376
v 0.207796 1.523170 1.091376
v 0.207796 1.523170 1.091376
v 0.207796 1.523170 1.146117
v -2.236887 1.535753 1.091376
v -2.236887 1.535753 1.146117
v 0.209979 1.767377 1.146117
v 0.209979 1.767377 1.091376
v -2.234704 1.779960 1.146117
v -2.234704 1.779960 1.091376
v 2.237527 0.311904 1.091376
v 2.237527 0.067691 1.091376
v 0.382520 0.311904 1.091376
v 0.382520 0.067691 1.091376
v 0.382520 0.311904 1.091376
v 0.382520 0.067691 1.091376
v 0.382520 0.311904 1.146117
v 0.382520 0.067691 1.146117
v 2.237527 0.311904 1.146117
v 2.237527 0.067691 1.146117
v 2.237527 0.311904 1.091376
v 2.237527 0.067691 1.091376
v 2.237527 0.067691 1.091376
v 2.237527 0.067691 1.146117
v 0.382520 0.067691 1.091376
v 0.382520 0.067691 1.146117
v 2.237527 0.311904 1.146117
v 2.237527 0.311904 1.091376
v 0.382520 0.311904 1.146117
v 0.382520 0.311904 1.091376
v 2.241071 1.110016 1.091376
v 2.188751 0.871474 1.091376
v 0.429137 1.507435 1.091376
v 0.376816 1.268893 1.091376
v 0.429137 1.507435 1.091376
v 0.376816 1.268893 1.091376
v 0.429137 1.507435 1.146117
v 0.376816 1.268893 1.146117
v 2.241071 1.110016 1.146117
v 2.188751 0.871474 1.146117
v 2.241071 1.110016 1.091376
v 2.188751 0.871474 1.091376
v 2.188751 0.871474 1.091376
v 2.188751 0.871474 1.146117
v 0.376816 1.268893 1.091376
v 0.376816 1.268893 1.146117
v 2.241071 1.110016 1.146117
v 2.241071 1.110016 1.091376
v 0.429137 1.507435 1.146117
v 0.429137 1.507435 1.091376
v 2.203611 0.311904 -1.268150
v 2.203611 0.067691 -1.268150
v 2.203611 0.311904 -1.322892
v 2.203611 0.067691 -1.322892
v 2.203611 0.311904 -1.322892
v 2.203611 0.067691 -1.322892
v -2.189346 0.311904 -1.322892
v -2.189346 0.067691 -1.322892
v -2.189346 0.311904 -1.322892
v -2.189346 0.067691 -1.322892
v -2.189346 0.311904 -1.268150
v -2.189346 0.067691 -1.268150
v -2.189346 0.067691 -1.268150
v -2.189346 0.067691 -1.322892
v 2.203611 0.067691 -1.268150
v 2.203611 0.067691 -1.322892
v -2.189346 0.311904 -1.322892
v -2.189346 0.311904 -1.268150
v 2.203611 0.311904 -1.322892
v 2.203611 0.311904 -1.268150
v -1.798285 -0.061387 -1.217161
v -1.447056 -0.061387 -1.217161
v -1.798285 -0.061387 1.191742
v -1.447056 -0.061387 1.191742
v -1.798285 0.006298 1.191742
v -1.447056 0.006298 1.191742
v -1.798285 0.006298 -1.217161
v -1.447056 0.006298 -1.217161
v -1.447056 -0.061387 -1.217161
v -1.447056 0.006298 -1.217161
v -1.447056 -0.061387 1.191742
v -1.447056 0.006298 1.191742
v -1.798285 0.006298 -1.217161
v -1.798285 -0.061387 -1.217161
v -1.798285 0.006298 1.191742
v -1.798285 -0.061387 1.191742
v -2.236887 1.767377 1.259777
v -2.234704 1.523170 1.259777
v 0.207796 1.779960 1.259777
v 0.209979 1.535753 1.259777
v 0.207796 1.779960 1.259777
v 0.209979 1.535753 1.259777
v 0.207796 1.779960 1.205035
v 0.209979 1.535753 1.205035
v -2.236887 1.767377 1.205035
v -2.234704 1.523170 1.205035
v -2.236887 1.767377 1.259777
v -2.234704 1.523170 1.259777
v -2.234704 1.523170 1.259777
v -2.234704 1.523170 1.205035
v 0.209979 1.535753 1.259777
v 0.209979 1.535753 1.205035
v -2.236887 1.767377 1.205035
v -2.236887 1.767377 1.259777
v 0.207796 1.779960 1.205035
v 0.207796 1.779960 1.259777
v -2.174129 -0.064985 1.208164
v -1.822900 -0.064985 1.208164
v -2.174129 2.343919 1.208164
v -1.822900 2.343919 1.208164
v -2.174129 2.343919 1.208164
v -1.822900 2.343919 1.208164
v -2.174129 2.343919 1.140479
v -1.822900 2.343919 1.140479
v -2.174129 2.343919 1.140479
v -1.822900 2.343919 1.140479
v -2.174129 -0.064985 1.140479
v -1.822900 -0.064985 1.140479
v -2.174129 -0.064985 1.140479
v -1.822900 -0.064985 1.140479
v -2.174129 -0.064985 1.208164
v -1.822900 -0.064985 1.208164
v -1.822900 -0.064985 1.208164
v -1.822900 -0.064985 1.140479
v -1.822900 2.343919 1.208164
v -1.822900 2.343919 1.140479
v -2.174129 -0.064985 1.140479
v -2.174129 -0.064985 1.208164
v -2.174129 2.343919 1.140479
v -2.174129 2.343919 1.208164
v -1.071243 -0.061387 -1.217161
v -0.720014 -0.061387 -1.217161
v -1.071243 -0.061387 1.191742
v -0.720014 -0.061387 1.191742
v -1.071243 -0.061387 1.191742
v -0.720014 -0.061387 1.191742
v -1.071243 0.006298 1.191742
v -0.720014 0.006298 1.191742
v -1.071243 0.006298 1.191742
v -0.720014 0.006298 1.191742
v -1.071243 0.006298 -1.217161
v -0.720014 0.006298 -1.217161
v -0.720014 -0.061387 -1.217161
v -0.720014 0.006298 -1.217161
v -0.720014 -0.061387 1.191742
v -0.720014 0.006298 1.191742
v -1.071243 0.006298 -1.217161
v -1.071243 -0.061387 -1.217161
v -1.071243 0.006298 1.191742
v -1.071243 -0.061387 1.191742
v -2.245403 -0.064985 0.857641
v -2.245403 -0.064985 1.208870
v -2.245403 2.343919 0.857641
v -2.245403 2.343919 1.208870
v -2.245403 2.343919 0.857641
v -2.245403 2.343919 1.208870
v -2.177718 2.343919 0.857641
v -2.177718 2.343919 1.208870
v -2.177718 2.343919 0.857641
v -2.177718 2.343919 1.208870
v -2.177718 -0.064985 0.857641
v -2.177718 -0.064985 1.208870
v -2.177718 -0.064985 0.857641
v -2.177718 -0.064985 1.208870
v -2.245403 -0.064985 0.857641
v -2.245403 -0.064985 1.208870
v -2.245403 -0.064985 1.208870
v -2.177718 -0.064985 1.208870
v -2.245403 2.343919 1.208870
v -2.177718 2.343919 1.208870
v -2.177718 -0.064985 0.857641
v -2.245403 -0.064985 0.857641
v -2.177718 2.343919 0.857641
v -2.245403 2.343919 0.857641
v 0.324770 -0.064985 -1.198882
v 0.675999 -0.064985 -1.198882
v 0.324770 2.343919 -1.198882
v 0.675999 2.343919 -1.198882
v 0.324770 2.343919 -1.198882
v 0.675999 2.343919 -1.198882
v 0.324770 2.343919 -1.266567
v 0.675999 2.343919 -1.266567
v 0.324770 2.343919 -1.266567
v 0.675999 2.343919 -1.266567
v 0.324770 -0.064985 -1.266567
v 0.675999 -0.064985 -1.266567
v 0.324770 -0.064985 -1.266567
v 0.675999 -0.064985 -1.266567
v 0.324770 -0.064985 -1.198882
v 0.675999 -0.064985 -1.198882
v 0.675999 -0.064985 -1.198882
v 0.675999 -0.064985 -1.266567
v 0.675999 2.343919 -1.198882
v 0.675999 2.343919 -1.266567
v 0.324770 -0.064985 -1.266567
v 0.324770 -0.064985 -1.198882
v 0.324770 2.343919 -1.266567
v 0.324770 2.343919 -1.198882
v 1.393633 -0.064985 -1.198882
v 1.744862 -0.064985 -1.198882
v 1.393633 2.343919 -1.198882
v 1.744862 2.343919 -1.198882
v 1.393633 2.343919 -1.198882
v 1.744862 2.343919 -1.198882
v 1.393633 2.343919 -1.266567
v 1.744862 2.343919 -1.266567
v 1.393633 2.343919 -1.266567
v 1.744862 2.343919 -1.266567
v 1.393633 -0.064985 -1.266567
v 1.744862 -0.064985 -1.266567
v 1.393633 -0.064985 -1.266567
v 1.744862 -0.064985 -1.266567
v 1.393633 -0.064985 -1.198882
v 1.744862 -0.064985 -1.198882
v 1.744862 -0.064985 -1.198882
v 1.744862 -0.064985 -1.266567
v 1.744862 2.343919 -1.198882
v 1.744862 2.343919 -1.266567
v 1.393633 -0.064985 -1.266567
v 1.393633 -0.064985 -1.198882
v 1.393633 2.343919 -1.266567
v 1.393633 2.343919 -1.198882
v -2.303677 0.951774 1.140518
v -2.303677 1.173767 1.154693
v -2.303677 1.108532 -1.254774
v -2.303677 1.330525 -1.240598
v -2.303677 1.108532 -1.254774
v -2.303677 1.330525 -1.240598
v -2.235991 1.108532 -1.254774
v -2.235991 1.330525 -1.240598
v -2.235991 0.951774 1.140518
v -2.235991 1.173767 1.154693
v -2.303677 0.951774 1.140518
v -2.303677 1.173767 1.154693
v -2.303677 1.173767 1.154693
v -2.235991 1.173767 1.154693
v -2.303677 1.330525 -1.240598
v -2.235991 1.330525 -1.240598
v -2.235991 0.951774 1.140518
v -2.303677 0.951774 1.140518
v -2.235991 1.108532 -1.254774
v -2.303677 1.108532 -1.254774
v 2.235991 0.785334 -1.251134
v 2.235991 0.996803 -1.182122
v 2.303677 0.785334 -1.251134
v 2.303677 0.996803 -1.182122
v 2.303677 0.785334 -1.251134
v 2.303677 0.996803 -1.182122
v 2.303677 0.233670 1.156298
v 2.303677 0.022201 1.087286
v 2.303677 0.022201 1.087286
v 2.303677 0.233670 1.156298
v 2.235991 0.022201 1.087286
v 2.235991 0.233670 1.156298
v 2.235991 0.233670 1.156298
v 2.303677 0.233670 1.156298
v 2.235991 0.996803 -1.182122
v 2.303677 0.996803 -1.182122
v 2.303677 0.022201 1.087286
v 2.235991 0.022201 1.087286
v 2.303677 0.785334 -1.251134
v 2.235991 0.785334 -1.251134
v -0.031517 -0.064985 -1.198882
v 0.319712 -0.064985 -1.198882
v -0.031517 2.343919 -1.198882
v 0.319712 2.343919 -1.198882
v -0.031517 2.343919 -1.198882
v 0.319712 2.343919 -1.198882
v -0.031517 2.343919 -1.266567
v 0.319712 2.343919 -1.266567
v -0.031517 2.343919 -1.266567
v 0.319712 2.343919 -1.266567
v -0.031517 -0.064985 -1.266567
v 0.319712 -0.064985 -1.266567
v -0.031517 -0.064985 -1.266567
v 0.319712 -0.064985 -1.266567
v -0.031517 -0.064985 -1.198882
v 0.319712 -0.064985 -1.198882
v 0.319712 -0.064985 -1.198882
v 0.319712 -0.064985 -1.266567
v 0.319712 2.343919 -1.198882
v 0.319712 2.343919 -1.266567
v -0.031517 -0.064985 -1.266567
v -0.031517 -0.064985 -1.198882
v -0.031517 2.343919 -1.266567
v -0.031517 2.343919 -1.198882
v -2.161806 -0.061387 -1.217161
v -1.810577 -0.061387 -1.217161
v -2.161806 -0.061387 1.191742
v -1.810577 -0.061387 1.191742
v -2.161806 0.006298 1.191742
v -1.810577 0.006298 1.191742
v -2.161806 0.006298 -1.217161
v -1.810577 0.006298 -1.217161
v -1.810577 -0.061387 -1.217161
v -1.810577 0.006298 -1.217161
v -1.810577 -0.061387 1.191742
v -1.810577 0.006298 1.191742
v -2.303677 1.279539 1.102138
v -2.303677 1.491829 1.168582
v -2.303677 2.014272 -1.245361
v -2.303677 2.226562 -1.178917
v -2.303677 2.014272 -1.245361
v -2.303677 2.226562 -1.178917
v -2.235991 2.014272 -1.245361
v -2.235991 2.226562 -1.178917
v -2.235991 1.279539 1.102138
v -2.235991 1.491829 1.168582
v -2.303677 1.279539 1.102138
v -2.303677 1.491829 1.168582
v -2.303677 1.491829 1.168582
v -2.235991 1.491829 1.168582
v -2.303677 2.226562 -1.178917
v -2.235991 2.226562 -1.178917
v -2.235991 1.279539 1.102138
v -2.303677 1.279539 1.102138
v -2.235991 2.014272 -1.245361
v -2.303677 2.014272 -1.245361
v -1.434764 -0.061387 -1.217161
v -1.083535 -0.061387 -1.217161
v -1.434764 -0.061387 1.191742
v -1.083535 -0.061387 1.191742
v -1.434764 0.006298 1.191742
v -1.083535 0.006298 1.191742
v -1.434764 0.006298 -1.217161
v -1.083535 0.006298 -1.217161
v -1.083535 -0.061387 -1.217161
v -1.083535 0.006298 -1.217161
v -1.083535 -0.061387 1.191742
v -1.083535 0.006298 1.191742
v -1.434764 0.006298 -1.217161
v -1.434764 -0.061387 -1.217161
v -1.434764 0.006298 1.191742
v -1.434764 -0.061387 1.191742
v 1.109883 -0.061387 -1.217161
v 1.461112 -0.061387 -1.217161
v 1.109883 -0.061387 1.191742
v 1.461112 -0.061387 1.191742
v 1.109883 0.006298 1.191742
v 1.461112 0.006298 1.191742
v 1.109883 0.006298 -1.217161
v 1.461112 0.006298 -1.217161
v 1.461112 -0.061387 -1.217161
v 1.461112 0.006298 -1.217161
v 1.461112 -0.061387 1.191742
v 1.461112 0.006298 1.191742
v 1.109883 0.006298 -1.217161
v 1.109883 -0.061387 -1.217161
v 1.109883 0.006298 1.191742
v 1.109883 -0.061387 1.191742
v 1.074792 -0.064985 1.208164
v 1.426021 -0.064985 1.208164
v 1.074792 2.343919 1.208164
v 1.426021 2.343919 1.208164
v 1.074792 2.343919 1.208164
v 1.426021 2.343919 1.208164
v 1.074792 2.343919 1.140479
v 1.426021 2.343919 1.140479
v 1.074792 2.343919 1.140479
v 1.426021 2.343919 1.140479
v 1.074792 -0.064985 1.140479
v 1.426021 -0.064985 1.140479
v 1.074792 -0.064985 1.140479
v 1.426021 -0.064985 1.140479
v 1.074792 -0.064985 1.208164
v 1.426021 -0.064985 1.208164
v 1.426021 -0.064985 1.208164
v 1.426021 -0.064985 1.140479
v 1.426021 2.343919 1.208164
v 1.426021 2.343919 1.140479
v 1.074792 -0.064985 1.140479
v 1.074792 -0.064985 1.208164
v 1.074792 2.343919 1.140479
v 1.074792 2.343919 1.208164
v 1.441783 -0.064985 1.208164
v 1.793012 -0.064985 1.208164
v 1.441783 2.343919 1.208164
v 1.793012 2.343919 1.208164
v 1.441783 2.343919 1.208164
v 1.793012 2.343919 1.208164
v 1.441783 2.343919 1.140479
v 1.793012 2.343919 1.140479
v 1.441783 2.343919 1.140479
v 1.793012 2.343919 1.140479
v 1.441783 -0.064985 1.140479
v 1.793012 -0.064985 1.140479
v 1.441783 -0.064985 1.140479
v 1.793012 -0.064985 1.140479
v 1.441783 -0.064985 1.208164
v 1.793012 -0.064985 1.208164
v 1.793012 -0.064985 1.208164
v 1.793012 -0.064985 1.140479
v 1.793012 2.343919 1.208164
v 1.793012 2.343919 1.140479
v 1.441783 -0.064985 1.140479
v 1.441783 -0.064985 1.208164
v 1.441783 2.343919 1.140479
v 1.441783 2.343919 1.208164
v 0.746362 -0.061387 -1.217161
v 1.097591 -0.061387 -1.217161
v 0.746362 -0.061387 1.191742
v 1.097591 -0.061387 1.191742
v 0.746362 0.006298 1.191742
v 1.097591 0.006298 1.191742
v 0.746362 0.006298 -1.217161
v 1.097591 0.006298 -1.217161
v 1.097591 -0.061387 -1.217161
v 1.097591 0.006298 -1.217161
v 1.097591 -0.061387 1.191742
v 1.097591 0.006298 1.191742
v 0.746362 0.006298 -1.217161
v 0.746362 -0.061387 -1.217161
v 0.746362 0.006298 1.191742
v 0.746362 -0.061387 1.191742
v -2.241002 2.209020 1.259777
v -2.241002 1.959257 1.259777
v 2.268911 2.209020 1.259777
v 2.268911 1.959257 1.259777
v 2.268911 2.209020 1.259777
v 2.268911 1.959257 1.259777
v 2.268911 2.209020 1.205035
v 2.268911 1.959257 1.205035
v 2.268911 2.209020 1.205035
v 2.268911 1.959257 1.205035
v -2.241002 2.209020 1.205035
v -2.241002 1.959257 1.205035
v -2.241002 2.209020 1.205035
v -2.241002 1.959257 1.205035
v -2.241002 2.209020 1.259777
v -2.241002 1.959257 1.259777
v -2.241002 1.959257 1.259777
v -2.241002 1.959257 1.205035
v 2.268911 1.959257 1.259777
v 2.268911 1.959257 1.205035
v -2.241002 2.209020 1.205035
v -2.241002 2.209020 1.259777
v 2.268911 2.209020 1.205035
v 2.268911 2.209020 1.259777
v -2.245403 -0.064985 -0.558297
v -2.245403 -0.064985 -0.207069
v -2.245403 2.343919 -0.558297
v -2.245403 2.343919 -0.207069
v -2.245403 2.343919 -0.558297
v -2.245403 2.343919 -0.207069
v -2.177718 2.343919 -0.558297
v -2.177718 2.343919 -0.207069
v -2.177718 2.343919 -0.558297
v -2.177718 2.343919 -0.207069
v -2.177718 -0.064985 -0.558297
v -2.177718 -0.064985 -0.207069
v -2.177718 -0.064985 -0.558297
v -2.177718 -0.064985 -0.207069
v -2.245403 -0.064985 -0.558297
v -2.245403 -0.064985 -0.207069
v -2.245403 -0.064985 -0.207069
v -2.177718 -0.064985 -0.207069
v -2.245403 2.343919 -0.207069
v -2.177718 2.343919 -0.207069
v -2.177718 -0.064985 -0.558297
v -2.245403 -0.064985 -0.558297
v -2.177718 2.343919 -0.558297
v -2.245403 2.343919 -0.558297
v 0.708196 -0.064985 1.208164
v 1.059424 -0.064985 1.208164
v 0.708196 2.343919 1.208164
v 1.059424 2.343919 1.208164
v 0.708196 2.343919 1.208164
v 1.059424 2.343919 1.208164
v 0.708196 2.343919 1.140479
v 1.059424 2.343919 1.140479
v 0.708196 2.343919 1.140479
v 1.059424 2.343919 1.140479
v 0.708196 -0.064985 1.140479
v 1.059424 -0.064985 1.140479
v 0.708196 -0.064985 1.140479
v 1.059424 -0.064985 1.140479
v 0.708196 -0.064985 1.208164
v 1.059424 -0.064985 1.208164
v 1.059424 -0.064985 1.208164
v 1.059424 -0.064985 1.140479
v 1.059424 2.343919 1.208164
v 1.059424 2.343919 1.140479
v 0.708196 -0.064985 1.140479
v 0.708196 -0.064985 1.208164
v 0.708196 2.343919 1.140479
v 0.708196 2.343919 1.208164
v 2.180252 -0.064985 0.857641
v 2.180252 -0.064985 1.208870
v 2.180252 2.343919 0.857641
v 2.180252 2.343919 1.208870
v 2.180252 2.343919 0.857641
v 2.180252 2.343919 1.208870
v 2.247937 2.343919 0.857641
v 2.247937 2.343919 1.208870
v 2.247937 2.343919 0.857641
v 2.247937 2.343919 1.208870
v 2.247937 -0.064985 0.857641
v 2.247937 -0.064985 1.208870
v 2.247937 -0.064985 0.857641
v 2.247937 -0.064985 1.208870
v 2.180252 -0.064985 0.857641
v 2.180252 -0.064985 1.208870
v 2.180252 -0.064985 1.208870
v 2.247937 -0.064985 1.208870
v 2.180252 2.343919 1.208870
v 2.247937 2.343919 1.208870
v 2.247937 -0.064985 0.857641
v 2.180252 -0.064985 0.857641
v 2.247937 2.343919 0.857641
v 2.180252 2.343919 0.857641
v 0.382520 0.311904 1.259777
v 0.382520 0.067691 1.259777
v 2.237526 0.311904 1.259777
v 2.237527 0.067691 1.259777
v 2.237526 0.311904 1.259777
v 2.237527 0.067691 1.259777
v 2.237526 0.311904 1.205035
v 2.237527 0.067691 1.205035
v 0.382520 0.311904 1.205035
v 0.382520 0.067691 1.205035
v 0.382520 0.311904 1.259777
v 0.382520 0.067691 1.259777
v 0.382520 0.067691 1.259777
v 0.382520 0.067691 1.205035
v 2.237527 0.067691 1.259777
v 2.237527 0.067691 1.205035
v 0.382520 0.311904 1.205035
v 0.382520 0.311904 1.259777
v 2.237526 0.311904 1.205035
v 2.237526 0.311904 1.259777
v 0.382841 -0.061387 -1.217161
v 0.734070 -0.061387 -1.217161
v 0.382841 -0.061387 1.191742
v 0.734070 -0.061387 1.191742
v 0.382841 0.006298 1.191742
v 0.734070 0.006298 1.191742
v 0.382841 0.006298 -1.217161
v 0.734070 0.006298 -1.217161
v 0.734070 -0.061387 -1.217161
v 0.734070 0.006298 -1.217161
v 0.734070 -0.061387 1.191742
v 0.734070 0.006298 1.191742
v 0.382841 0.006298 -1.217161
v 0.382841 -0.061387 -1.217161
v 0.382841 0.006298 1.191742
v 0.382841 -0.061387 1.191742
v 2.180252 -0.064985 -1.268297
v 2.180252 -0.064985 -0.917068
v 2.180252 2.343919 -1.268297
v 2.180252 2.343919 -0.917068
v 2.180252 2.343919 -1.268297
v 2.180252 2.343919 -0.917068
v 2.247937 2.343919 -1.268297
v 2.247937 2.343919 -0.917068
v 2.247937 2.343919 -1.268297
v 2.247937 2.343919 -0.917068
v 2.247937 -0.064985 -1.268297
v 2.247937 -0.064985 -0.917068
v 2.247937 -0.064985 -1.268297
v 2.247937 -0.064985 -0.917068
v 2.180252 -0.064985 -1.268297
v 2.180252 -0.064985 -0.917068
v 2.180252 -0.064985 -0.917068
v 2.247937 -0.064985 -0.917068
v 2.180252 2.343919 -0.917068
v 2.247937 2.343919 -0.917068
v 2.247937 -0.064985 -1.268297
v 2.180252 -0.064985 -1.268297
v 2.247937 2.343919 -1.268297
v 2.180252 2.343919 -1.268297
v 1.749921 -0.064985 -1.198882
v 2.173281 -0.064985 -1.198882
v 1.749921 2.343919 -1.198882
v 2.173281 2.343919 -1.198882
v 1.749921 2.343919 -1.198882
v 2.173281 2.343919 -1.198882
v 1.749921 2.343919 -1.266567
v 2.173281 2.343919 -1.266567
v 1.749921 2.343919 -1.266567
v 2.173281 2.343919 -1.266567
v 1.749921 -0.064985 -1.266567
v 2.173281 -0.064985 -1.266567
v 1.749921 -0.064985 -1.266567
v 2.173281 -0.064985 -1.266567
v 1.749921 -0.064985 -1.198882
v 2.173281 -0.064985 -1.198882
v 2.173281 -0.064985 -1.198882
v 2.173281 -0.064985 -1.266567
v 2.173281 2.343919 -1.198882
v 2.173281 2.343919 -1.266567
v 1.749921 -0.064985 -1.266567
v 1.749921 -0.064985 -1.198882
v 1.749921 2.343919 -1.266567
v 1.749921 2.343919 -1.198882
v -2.174129 -0.064985 -1.198882
v -1.822900 -0.064985 -1.198882
v -2.174129 2.343919 -1.198882
v -1.822900 2.343919 -1.198882
v -2.174129 2.343919 -1.198882
v -1.822900 2.343919 -1.198882
v -2.174129 2.343919 -1.266567
v -1.822900 2.343919 -1.266567
v -2.174129 2.343919 -1.266567
v -1.822900 2.343919 -1.266567
v -2.174129 -0.064985 -1.266567
v -1.822900 -0.064985 -1.266567
v -2.174129 -0.064985 -1.266567
v -1.822900 -0.064985 -1.266567
v -2.174129 -0.064985 -1.198882
v -1.822900 -0.064985 -1.198882
v -1.822900 -0.064985 -1.198882
v -1.822900 -0.064985 -1.266567
v -1.822900 2.343919 -1.198882
v -1.822900 2.343919 -1.266567
v -2.174129 -0.064985 -1.266567
v -2.174129 -0.064985 -1.198882
v -2.174129 2.343919 -1.266567
v -2.174129 2.343919 -1.198882
v 2.180252 -0.064985 -0.558297
v 2.180252 -0.064985 -0.207069
v 2.180252 2.343919 -0.558297
v 2.180252 2.343919 -0.207069
v 2.180252 2.343919 -0.558297
v 2.180252 2.343919 -0.207069
v 2.247937 2.343919 -0.558297
v 2.247937 2.343919 -0.207069
v 2.247937 2.343919 -0.558297
v 2.247937 2.343919 -0.207069
v 2.247937 -0.064985 -0.558297
v 2.247937 -0.064985 -0.207069
v 2.247937 -0.064985 -0.558297
v 2.247937 -0.064985 -0.207069
v 2.180252 -0.064985 -0.558297
v 2.180252 -0.064985 -0.207069
v 2.180252 -0.064985 -0.207069
v 2.247937 -0.064985 -0.207069
v 2.180252 2.343919 -0.207069
v 2.247937 2.343919 -0.207069
v 2.247937 -0.064985 -0.558297
v 2.180252 -0.064985 -0.558297
v 2.247937 2.343919 -0.558297
v 2.180252 2.343919 -0.558297
v -0.727921 0.742892 1.208164
v -0.376693 0.742892 1.208164
v -0.727921 2.343919 1.208164
v -0.376693 2.343919 1.208164
v -0.727921 2.343919 1.208164
v -0.376693 2.343919 1.208164
v -0.727921 2.343919 1.140479
v -0.376693 2.343919 1.140479
v -0.727921 2.343919 1.140479
v -0.376693 2.343919 1.140479
v -0.727921 0.742892 1.140479
v -0.376693 0.742892 1.140479
v -0.727921 0.742892 1.140479
v -0.376693 0.742892 1.140479
v -0.727921 0.742892 1.208164
v -0.376693 0.742892 1.208164
v -0.376693 0.742892 1.208164
v -0.376693 0.742892 1.140479
v -0.376693 2.343919 1.208164
v -0.376693 2.343919 1.140479
v -0.727921 0.742892 1.140479
v -0.727921 0.742892 1.208164
v -0.727921 2.343919 1.140479
v -0.727921 2.343919 1.208164
v -1.456070 -0.064985 1.208164
v -1.104841 -0.064985 1.208164
v -1.456070 2.343919 1.208164
v -1.104841 2.343919 1.208164
v -1.456070 2.343919 1.208164
v -1.104841 2.343919 1.208164
v -1.456070 2.343919 1.140479
v -1.104841 2.343919 1.140479
v -1.456070 2.343919 1.140479
v -1.104841 2.343919 1.140479
v -1.456070 -0.064985 1.140479
v -1.104841 -0.064985 1.140479
v -1.456070 -0.064985 1.140479
v -1.104841 -0.064985 1.140479
v -1.456070 -0.064985 1.208164
v -1.104841 -0.064985 1.208164
v -1.104841 -0.064985 1.208164
v -1.104841 -0.064985 1.140479
v -1.104841 2.343919 1.208164
v -1.104841 2.343919 1.140479
v -1.456070 -0.064985 1.140479
v -1.456070 -0.064985 1.208164
v -1.456070 2.343919 1.140479
v -1.456070 2.343919 1.208164
v 0.681058 -0.064985 -1.198882
v 1.032287 -0.064985 -1.198882
v 0.681058 2.343919 -1.198882
v 1.032287 2.343919 -1.198882
v 0.681058 2.343919 -1.198882
v 1.032287 2.343919 -1.198882
v 0.681058 2.343919 -1.266567
v 1.032287 2.343919 -1.266567
v 0.681058 2.343919 -1.266567
v 1.032287 2.343919 -1.266567
v 0.681058 -0.064985 -1.266567
v 1.032287 -0.064985 -1.266567
v 0.681058 -0.064985 -1.266567
v 1.032287 -0.064985 -1.266567
v 0.681058 -0.064985 -1.198882
v 1.032287 -0.064985 -1.198882
v 1.032287 -0.064985 -1.198882
v 1.032287 -0.064985 -1.266567
v 1.032287 2.343919 -1.198882
v 1.032287 2.343919 -1.266567
v 0.681058 -0.064985 -1.266567
v 0.681058 -0.064985 -1.198882
v 0.681058 2.343919 -1.266567
v 0.681058 2.343919 -1.198882
v -0.344201 -0.061387 -1.217161
v 0.007028 -0.061387 -1.217161
v -0.344201 -0.061387 1.191742
v 0.007028 -0.061387 1.191742
v -0.344201 -0.061387 1.191742
v 0.007028 -0.061387 1.191742
v -0.344201 0.006298 1.191742
v 0.007028 0.006298 1.191742
v -0.344201 0.006298 1.191742
v 0.007028 0.006298 1.191742
v -0.344201 0.006298 -1.217161
v 0.007028 0.006298 -1.217161
v -0.344201 0.006298 -1.217161
v 0.007028 0.006298 -1.217161
v -0.344201 -0.061387 -1.217161
v 0.007028 -0.061387 -1.217161
v 0.007028 -0.061387 -1.217161
v 0.007028 0.006298 -1.217161
v 0.007028 -0.061387 1.191742
v 0.007028 0.006298 1.191742
v -0.344201 0.006298 -1.217161
v -0.344201 -0.061387 -1.217161
v -0.344201 0.006298 1.191742
v -0.344201 -0.061387 1.191742
v 2.244764 2.209020 -1.268150
v 2.244764 1.959257 -1.268150
v 2.244764 2.209020 -1.322892
v 2.244764 1.959257 -1.322892
v 2.244764 2.209020 -1.322892
v 2.244764 1.959257 -1.322892
v -2.218161 2.209020 -1.322892
v -2.218161 1.959257 -1.322892
v -2.218161 2.209020 -1.322892
v -2.218161 1.959257 -1.322892
v -2.218161 2.209020 -1.268150
v -2.218161 1.959257 -1.268150
v -2.218161 1.959257 -1.268150
v -2.218161 1.959257 -1.322892
v 2.244764 1.959257 -1.268150
v 2.244764 1.959257 -1.322892
v -2.218161 2.209020 -1.322892
v -2.218161 2.209020 -1.268150
v 2.244764 2.209020 -1.322892
v 2.244764 2.209020 -1.268150
v -1.089473 -0.064985 1.208164
v -0.738245 -0.064985 1.208164
v -1.089473 2.343919 1.208164
v -0.738245 2.343919 1.208164
v -1.089473 2.343919 1.208164
v -0.738245 2.343919 1.208164
v -1.089473 2.343919 1.140479
v -0.738245 2.343919 1.140479
v -1.089473 2.343919 1.140479
v -0.738245 2.343919 1.140479
v -1.089473 -0.064985 1.140479
v -0.738245 -0.064985 1.140479
v -1.089473 -0.064985 1.140479
v -0.738245 -0.064985 1.140479
v -1.089473 -0.064985 1.208164
v -0.738245 -0.064985 1.208164
v -0.738245 -0.064985 1.208164
v -0.738245 -0.064985 1.140479
v -0.738245 2.343919 1.208164
v -0.738245 2.343919 1.140479
v -1.089473 -0.064985 1.140479
v -1.089473 -0.064985 1.208164
v -1.089473 2.343919 1.140479
v -1.089473 2.343919 1.208164
v -1.456070 -0.064985 -1.198882
v -1.104841 -0.064985 -1.198882
v -1.456070 2.343919 -1.198882
v -1.104841 2.343919 -1.198882
v -1.456070 2.343919 -1.198882
v -1.104841 2.343919 -1.198882
v -1.456070 2.343919 -1.266567
v -1.104841 2.343919 -1.266567
v -1.456070 2.343919 -1.266567
v -1.104841 2.343919 -1.266567
v -1.456070 -0.064985 -1.266567
v -1.104841 -0.064985 -1.266567
v -1.456070 -0.064985 -1.266567
v -1.104841 -0.064985 -1.266567
v -1.456070 -0.064985 -1.198882
v -1.104841 -0.064985 -1.198882
v -1.104841 -0.064985 -1.198882
v -1.104841 -0.064985 -1.266567
v -1.104841 2.343919 -1.198882
v -1.104841 2.343919 -1.266567
v -1.456070 -0.064985 -1.266567
v -1.456070 -0.064985 -1.198882
v -1.456070 2.343919 -1.266567
v -1.456070 2.343919 -1.198882
v 2.180252 -0.064985 0.503083
v 2.180252 -0.064985 0.854312
v 2.180252 2.343919 0.503083
v 2.180252 2.343919 0.854312
v 2.180252 2.343919 0.503083
v 2.180252 2.343919 0.854312
v 2.247937 2.343919 0.503083
v 2.247937 2.343919 0.854312
v 2.247937 2.343919 0.503083
v 2.247937 2.343919 0.854312
v 2.247937 -0.064985 0.503083
v 2.247937 -0.064985 0.854312
v 2.247937 -0.064985 0.503083
v 2.247937 -0.064985 0.854312
v 2.180252 -0.064985 0.503083
v 2.180252 -0.064985 0.854312
v 2.180252 -0.064985 0.854312
v 2.247937 -0.064985 0.854312
v 2.180252 2.343919 0.854312
v 2.247937 2.343919 0.854312
v 2.247937 -0.064985 0.503083
v 2.180252 -0.064985 0.503083
v 2.247937 2.343919 0.503083
v 2.180252 2.343919 0.503083
v 1.473404 -0.061387 -1.217161
v 1.824633 -0.061387 -1.217161
v 1.473404 -0.061387 1.191742
v 1.824633 -0.061387 1.191742
v 1.473404 0.006298 1.191742
v 1.824633 0.006298 1.191742
v 1.473404 0.006298 -1.217161
v 1.824633 0.006298 -1.217161
v 1.824633 -0.061387 -1.217161
v 1.824633 0.006298 -1.217161
v 1.824633 -0.061387 1.191742
v 1.824633 0.006298 1.191742
v 1.473404 0.006298 -1.217161
v 1.473404 -0.061387 -1.217161
v 1.473404 0.006298 1.191742
v 1.473404 -0.061387 1.191742
v -1.100666 -0.064985 -1.198882
v -0.749437 -0.064985 -1.198882
v -1.100666 2.343919 -1.198882
v -0.749437 2.343919 -1.198882
v -1.100666 2.343919 -1.198882
v -0.749437 2.343919 -1.198882
v -1.100666 2.343919 -1.266567
v -0.749437 2.343919 -1.266567
v -1.100666 2.343919 -1.266567
v -0.749437 2.343919 -1.266567
v -1.100666 -0.064985 -1.266567
v -0.749437 -0.064985 -1.266567
v -1.100666 -0.064985 -1.266567
v -0.749437 -0.064985 -1.266567
v -1.100666 -0.064985 -1.198882
v -0.749437 -0.064985 -1.198882
v -0.749437 -0.064985 -1.198882
v -0.749437 -0.064985 -1.266567
v -0.749437 2.343919 -1.198882
v -0.749437 2.343919 -1.266567
v -1.100666 -0.064985 -1.266567
v -1.100666 -0.064985 -1.198882
v -1.100666 2.343919 -1.266567
v -1.100666 2.343919 -1.198882
v 1.836925 -0.061387 -1.217161
v 2.188154 -0.061387 -1.217161
v 1.836925 -0.061387 1.191742
v 2.188154 -0.061387 1.191742
v 1.836925 0.006298 1.191742
v 2.188154 0.006298 1.191742
v 1.836925 0.006298 -1.217161
v 2.188154 0.006298 -1.217161
v 1.836925 0.006298 -1.217161
v 1.836925 -0.061387 -1.217161
v 1.836925 0.006298 1.191742
v 1.836925 -0.061387 1.191742
v -2.245403 -0.064985 0.503083
v -2.245403 -0.064985 0.854312
v -2.245403 2.343919 0.503083
v -2.245403 2.343919 0.854312
v -2.245403 2.343919 0.503083
v -2.245403 2.343919 0.854312
v -2.177718 2.343919 0.503083
v -2.177718 2.343919 0.854312
v -2.177718 2.343919 0.503083
v -2.177718 2.343919 0.854312
v -2.177718 -0.064985 0.503083
v -2.177718 -0.064985 0.854312
v -2.177718 -0.064985 0.503083
v -2.177718 -0.064985 0.854312
v -2.245403 -0.064985 0.503083
v -2.245403 -0.064985 0.854312
v -2.245403 -0.064985 0.854312
v -2.177718 -0.064985 0.854312
v -2.245403 2.343919 0.854312
v -2.177718 2.343919 0.854312
v -2.177718 -0.064985 0.503083
v -2.245403 -0.064985 0.503083
v -2.177718 2.343919 0.503083
v -2.245403 2.343919 0.503083
v -2.245403 -0.064985 -0.912091
v -2.245403 -0.064985 -0.560862
v -2.245403 2.343919 -0.912091
v -2.245403 2.343919 -0.560862
v -2.245403 2.343919 -0.912091
v -2.245403 2.343919 -0.560862
v -2.177718 2.343919 -0.912091
v -2.177718 2.343919 -0.560862
v -2.177718 2.343919 -0.912091
v -2.177718 2.343919 -0.560862
v -2.177718 -0.064985 -0.912091
v -2.177718 -0.064985 -0.560862
v -2.177718 -0.064985 -0.912091
v -2.177718 -0.064985 -0.560862
v -2.245403 -0.064985 -0.912091
v -2.245403 -0.064985 -0.560862
v -2.245403 -0.064985 -0.560862
v -2.177718 -0.064985 -0.560862
v -2.245403 2.343919 -0.560862
v -2.177718 2.343919 -0.560862
v -2.177718 -0.064985 -0.912091
v -2.245403 -0.064985 -0.912091
v -2.177718 2.343919 -0.912091
v -2.245403 2.343919 -0.912091
v -2.245403 -0.064985 0.149290
v -2.245403 -0.064985 0.500518
v -2.245403 2.343919 0.149290
v -2.245403 2.343919 0.500518
v -2.245403 2.343919 0.149290
v -2.245403 2.343919 0.500518
v -2.177718 2.343919 0.149290
v -2.177718 2.343919 0.500518
v -2.177718 2.343919 0.149290
v -2.177718 2.343919 0.500518
v -2.177718 -0.064985 0.149290
v -2.177718 -0.064985 0.500518
v -2.177718 -0.064985 0.149290
v -2.177718 -0.064985 0.500518
v -2.245403 -0.064985 0.149290
v -2.245403 -0.064985 0.500518
v -2.245403 -0.064985 0.500518
v -2.177718 -0.064985 0.500518
v -2.245403 2.343919 0.500518
v -2.177718 2.343919 0.500518
v -2.177718 -0.064985 0.149290
v -2.245403 -0.064985 0.149290
v -2.177718 2.343919 0.149290
v -2.245403 2.343919 0.149290
v -2.303677 0.653543 1.170987
v -2.303677 0.868857 1.115115
v -2.303677 0.035708 -1.209951
v -2.303677 0.251022 -1.265823
v -2.303677 0.035708 -1.209951
v -2.303677 0.251022 -1.265823
v -2.235991 0.035708 -1.209951
v -2.235991 0.251022 -1.265823
v -2.235991 0.653543 1.170987
v -2.235991 0.868857 1.115115
v -2.303677 0.653543 1.170987
v -2.303677 0.868857 1.115115
v -2.303677 0.868857 1.115115
v -2.235991 0.868857 1.115115
v -2.303677 0.251022 -1.265823
v -2.235991 0.251022 -1.265823
v -2.235991 0.653543 1.170987
v -2.303677 0.653543 1.170987
v -2.235991 0.035708 -1.209951
v -2.303677 0.035708 -1.209951
v -2.245403 -0.064985 -1.268297
v -2.245403 -0.064985 -0.917068
v -2.245403 2.343919 -1.268297
v -2.245403 2.343919 -0.917068
v -2.245403 2.343919 -1.268297
v -2.245403 2.343919 -0.917068
v -2.177718 2.343919 -1.268297
v -2.177718 2.343919 -0.917068
v -2.177718 2.343919 -1.268297
v -2.177718 2.343919 -0.917068
v -2.177718 -0.064985 -1.268297
v -2.177718 -0.064985 -0.917068
v -2.177718 -0.064985 -1.268297
v -2.177718 -0.064985 -0.917068
v -2.245403 -0.064985 -1.268297
v -2.245403 -0.064985 -0.917068
v -2.245403 -0.064985 -0.917068
v -2.177718 -0.064985 -0.917068
v -2.245403 2.343919 -0.917068
v -2.177718 2.343919 -0.917068
v -2.177718 -0.064985 -1.268297
v -2.245403 -0.064985 -1.268297
v -2.177718 2.343919 -1.268297
v -2.245403 2.343919 -1.268297
v -0.387805 -0.064985 -1.198882
v -0.036576 -0.064985 -1.198882
v -0.387805 2.343919 -1.198882
v -0.036576 2.343919 -1.198882
v -0.387805 2.343919 -1.198882
v -0.036576 2.343919 -1.198882
v -0.387805 2.343919 -1.266567
v -0.036576 2.343919 -1.266567
v -0.387805 2.343919 -1.266567
v -0.036576 2.343919 -1.266567
v -0.387805 -0.064985 -1.266567
v -0.036576 -0.064985 -1.266567
v -0.387805 -0.064985 -1.266567
v -0.036576 -0.064985 -1.266567
v -0.387805 -0.064985 -1.198882
v -0.036576 -0.064985 -1.198882
v -0.036576 -0.064985 -1.198882
v -0.036576 -0.064985 -1.266567
v -0.036576 2.343919 -1.198882
v -0.036576 2.343919 -1.266567
v -0.387805 -0.064985 -1.266567
v -0.387805 -0.064985 -1.198882
v -0.387805 2.343919 -1.266567
v -0.387805 2.343919 -1.198882
v 2.180252 -0.064985 -0.204504
v 2.180252 -0.064985 0.146725
v 2.180252 2.343919 -0.204504
v 2.180252 2.343919 0.146725
v 2.180252 2.343919 -0.204504
v 2.180252 2.343919 0.146725
v 2.247937 2.343919 -0.204504
v 2.247937 2.343919 0.146725
v 2.247937 2.343919 -0.204504
v 2.247937 2.343919 0.146725
v 2.247937 -0.064985 -0.204504
v 2.247937 -0.064985 0.146725
v 2.247937 -0.064985 -0.204504
v 2.247937 -0.064985 0.146725
v 2.180252 -0.064985 -0.204504
v 2.180252 -0.064985 0.146725
v 2.180252 -0.064985 0.146725
v 2.247937 -0.064985 0.146725
v 2.180252 2.343919 0.146725
v 2.247937 2.343919 0.146725
v 2.247937 -0.064985 -0.204504
v 2.180252 -0.064985 -0.204504
v 2.247937 2.343919 -0.204504
v 2.180252 2.343919 -0.204504
v 1.808774 -0.064985 1.208164
v 2.160003 -0.064985 1.208164
v 1.808774 2.343919 1.208164
v 2.160003 2.343919 1.208164
v 1.808774 2.343919 1.208164
v 2.160003 2.343919 1.208164
v 1.808774 2.343919 1.140479
v 2.160003 2.343919 1.140479
v 1.808774 2.343919 1.140479
v 2.160003 2.343919 1.140479
v 1.808774 -0.064985 1.140479
v 2.160003 -0.064985 1.140479
v 1.808774 -0.064985 1.140479
v 2.160003 -0.064985 1.140479
v 1.808774 -0.064985 1.208164
v 2.160003 -0.064985 1.208164
v 2.160003 -0.064985 1.208164
v 2.160003 -0.064985 1.140479
v 2.160003 2.343919 1.208164
v 2.160003 2.343919 1.140479
v 1.808774 -0.064985 1.140479
v 1.808774 -0.064985 1.208164
v 1.808774 2.343919 1.140479
v 1.808774 2.343919 1.208164
v -0.009863 0.742892 1.208164
v 0.341366 0.742892 1.208164
v -0.009863 2.343919 1.208164
v 0.341366 2.343919 1.208164
v -0.009863 2.343919 1.208164
v 0.341366 2.343919 1.208164
v -0.009863 2.343919 1.140479
v 0.341366 2.343919 1.140479
v -0.009863 2.343919 1.140479
v 0.341366 2.343919 1.140479
v -0.009863 0.742892 1.140479
v 0.341366 0.742892 1.140479
v -0.009863 0.742892 1.140479
v 0.341366 0.742892 1.140479
v -0.009863 0.742892 1.208164
v 0.341366 0.742892 1.208164
v 0.341366 0.742892 1.208164
v 0.341366 0.742892 1.140479
v 0.341366 2.343919 1.208164
v 0.341366 2.343919 1.140479
v -0.009863 0.742892 1.140479
v -0.009863 0.742892 1.208164
v -0.009863 2.343919 1.140479
v -0.009863 2.343919 1.208164
v 2.235991 1.663352 -1.239086
v 2.235991 1.883437 -1.271398
v 2.303677 1.663352 -1.239086
v 2.303677 1.883437 -1.271398
v 2.303677 1.663352 -1.239086
v 2.303677 1.883437 -1.271398
v 2.303677 2.240742 1.162307
v 2.303677 2.020657 1.194619
v 2.303677 2.020657 1.194619
v 2.303677 2.240742 1.162307
v 2.235991 2.020657 1.194619
v 2.235991 2.240742 1.162307
v 2.235991 2.240742 1.162307
v 2.303677 2.240742 1.162307
v 2.235991 1.883437 -1.271398
v 2.303677 1.883437 -1.271398
v 2.303677 2.020657 1.194619
v 2.235991 2.020657 1.194619
v 2.303677 1.663352 -1.239086
v 2.235991 1.663352 -1.239086
v -0.707722 -0.061387 -1.217161
v -0.356493 -0.061387 -1.217161
v -0.707722 -0.061387 1.191742
v -0.356493 -0.061387 1.191742
v -0.707722 -0.061387 1.191742
v -0.356493 -0.061387 1.191742
v -0.707722 0.006298 1.191742
v -0.356493 0.006298 1.191742
v -0.707722 0.006298 1.191742
v -0.356493 0.006298 1.191742
v -0.707722 0.006298 -1.217161
v -0.356493 0.006298 -1.217161
v -0.707722 0.006298 -1.217161
v -0.356493 0.006298 -1.217161
v -0.707722 -0.061387 -1.217161
v -0.356493 -0.061387 -1.217161
v -0.356493 -0.061387 -1.217161
v -0.356493 0.006298 -1.217161
v -0.356493 -0.061387 1.191742
v -0.356493 0.006298 1.191742
v -0.707722 0.006298 -1.217161
v -0.707722 -0.061387 -1.217161
v -0.707722 0.006298 1.191742
v -0.707722 -0.061387 1.191742
v -1.812977 -0.064985 1.208164
v -1.461748 -0.064985 1.208164
v -1.812977 2.343919 1.208164
v -1.461748 2.343919 1.208164
v -1.812977 2.343919 1.208164
v -1.461748 2.343919 1.208164
v -1.812977 2.343919 1.140479
v -1.461748 2.343919 1.140479
v -1.812977 2.343919 1.140479
v -1.461748 2.343919 1.140479
v -1.812977 -0.064985 1.140479
v -1.461748 -0.064985 1.140479
v -1.812977 -0.064985 1.140479
v -1.461748 -0.064985 1.140479
v -1.812977 -0.064985 1.208164
v -1.461748 -0.064985 1.208164
v -1.461748 -0.064985 1.208164
v -1.461748 -0.064985 1.140479
v -1.461748 2.343919 1.208164
v -1.461748 2.343919 1.140479
v -1.812977 -0.064985 1.140479
v -1.812977 -0.064985 1.208164
v -1.812977 2.343919 1.140479
v -1.812977 2.343919 1.208164
v 0.351689 -0.064985 1.208164
v 0.702917 -0.064985 1.208164
v 0.351689 2.343919 1.208164
v 0.702917 2.343919 1.208164
v 0.351689 2.343919 1.208164
v 0.702917 2.343919 1.208164
v 0.351689 2.343919 1.140479
v 0.702917 2.343919 1.140479
v 0.351689 2.343919 1.140479
v 0.702917 2.343919 1.140479
v 0.351689 -0.064985 1.140479
v 0.702917 -0.064985 1.140479
v 0.351689 -0.064985 1.140479
v 0.702917 -0.064985 1.140479
v 0.351689 -0.064985 1.208164
v 0.702917 -0.064985 1.208164
v 0.702917 -0.064985 1.208164
v 0.702917 -0.064985 1.140479
v 0.702917 2.343919 1.208164
v 0.702917 2.343919 1.140479
v 0.351689 -0.064985 1.140479
v 0.351689 -0.064985 1.208164
v 0.351689 2.343919 1.140479
v 0.351689 2.343919 1.208164
v 0.376817 1.110016 1.259777
v 0.429137 0.871474 1.259777
v 2.188751 1.507435 1.259777
v 2.241071 1.268893 1.259777
v 2.188751 1.507435 1.259777
v 2.241071 1.268893 1.259777
v 2.188751 1.507435 1.205035
v 2.241071 1.268893 1.205035
v 0.376817 1.110016 1.205035
v 0.429137 0.871474 1.205035
v 0.376817 1.110016 1.259777
v 0.429137 0.871474 1.259777
v 0.429137 0.871474 1.259777
v 0.429137 0.871474 1.205035
v 2.241071 1.268893 1.259777
v 2.241071 1.268893 1.205035
v 0.376817 1.110016 1.205035
v 0.376817 1.110016 1.259777
v 2.188751 1.507435 1.205035
v 2.188751 1.507435 1.259777
v 2.180252 -0.064985 -0.912091
v 2.180252 -0.064985 -0.560862
v 2.180252 2.343919 -0.912091
v 2.180252 2.343919 -0.560862
v 2.180252 2.343919 -0.912091
v 2.180252 2.343919 -0.560862
v 2.247937 2.343919 -0.912091
v 2.247937 2.343919 -0.560862
v 2.247937 2.343919 -0.912091
v 2.247937 2.343919 -0.560862
v 2.247937 -0.064985 -0.912091
v 2.247937 -0.064985 -0.560862
v 2.247937 -0.064985 -0.912091
v 2.247937 -0.064985 -0.560862
v 2.180252 -0.064985 -0.912091
v 2.180252 -0.064985 -0.560862
v 2.180252 -0.064985 -0.560862
v 2.247937 -0.064985 -0.560862
v 2.180252 2.343919 -0.560862
v 2.247937 2.343919 -0.560862
v 2.247937 -0.064985 -0.912091
v 2.180252 -0.064985 -0.912091
v 2.247937 2.343919 -0.912091
v 2.180252 2.343919 -0.912091
vn 0.0010 -1.0000 0.0091
vn -0.0000 -1.0000 -0.0000
vn -0.1924 0.9698 0.1498
vn -0.0480 0.9727 0.2270
vn -0.1619 0.9710 0.1762
vn -0.1025 0.9297 0.3538
vn -0.0170 0.8765 0.4812
vn 0.0129 0.6779 0.7351
vn -0.3398 0.6808 0.6489
vn -0.2083 0.8894 0.4069
vn -0.0000 -0.0000 1.0000
vn 0.1786 0.3139 0.9325
vn 0.0996 0.3974 0.9122
vn 0.0432 0.9315 0.3613
vn 0.2776 0.8218 0.4976
vn -0.3256 0.9397 0.1045
vn 0.0038 0.9791 0.2032
vn -0.0000 -0.9997 0.0253
vn -0.0000 -0.9998 0.0210
vn -0.1241 0.3126 0.9417
vn 0.1128 0.0232 0.9933
vn -0.1485 0.3318 0.9316
vn -0.2248 0.8165 0.5318
vn -0.0675 0.9600 0.2717
vn -0.0000 -0.9998 0.0208
vn -0.1364 0.9680 0.2107
vn -0.0472 0.9892 0.1386
vn -0.0392 0.9633 0.2654
vn -0.0760 0.9955 0.0562
vn -0.3959 0.9182 -0.0135
vn 0.1286 0.3062 0.9433
vn -0.1328 0.0291 0.9907
vn 0.2389 0.8869 0.3953
vn 0.3746 0.6602 0.6510
vn 0.1541 0.9714 0.1808
vn -0.0011 -1.0000 0.0083
vn -0.0423 0.3451 0.9376
vn 0.1100 0.9710 0.2123
vn -0.0031 0.9010 0.4338
vn 0.1093 0.9887 0.1025
vn -0.0000 -0.9997 0.0244
vn 0.0198 -0.9998 -0.0097
vn 0.8102 0.5680 0.1447
vn 0.4676 0.6297 0.6203
vn 0.0069 0.6360 0.7716
vn -0.0000 0.6941 0.7199
vn -0.4466 0.6550 0.6095
vn -0.7937 0.6046 0.0676
vn -0.0144 -0.9998 -0.0134
vn -0.0158 -0.9998 -0.0085
vn -0.2617 0.9511 0.1644
vn -0.2903 0.9565 -0.0274
vn 0.4676 0.6298 0.6202
vn 0.3136 0.9317 0.1832
vn 0.0046 0.9364 0.3509
vn 0.3439 0.9379 -0.0450
vn -0.0142 -0.9999 0.0019
vn -0.0071 -0.9998 0.0174
vn 0.2242 0.9560 0.1893
vn 0.1541 0.9749 0.1605
vn 0.0147 -0.9998 -0.0109
vn 0.0073 -0.9998 0.0204
vn 0.0124 -0.9999 0.0017
vn 0.0919 0.9462 0.3103
vn 0.0543 0.9619 0.2681
vn -0.1508 0.1015 0.9833
vn -0.5199 0.7969 -0.3075
vn -0.5199 0.7970 -0.3076
vn -0.3609 0.9096 -0.2060
vn -0.2825 0.9529 0.1103
vn -0.0561 0.9738 0.2203
vn 0.0847 0.9419 0.3251
vn 0.3001 0.9430 0.1439
vn 0.3718 0.8931 -0.2533
vn 0.5217 0.8351 -0.1743
vn 0.5218 0.8351 -0.1743
vn 0.1286 0.1033 0.9863
vn -0.0144 -0.9998 -0.0133
vn -0.0141 -0.9999 0.0019
vn -0.0071 -0.9998 0.0175
vn 0.0073 -0.9998 0.0205
vn 0.0123 -0.9999 0.0017
vn 0.0147 -0.9998 -0.0108
vn 0.0198 -0.9998 -0.0098
vn 0.0011 -1.0000 0.0091
vn 0.0199 -0.9998 -0.0098
vn 0.0003 -0.9999 0.0170
vn -0.0012 0.9816 0.1911
vn -0.0072 0.9673 0.2536
vn -0.0015 0.9296 0.3687
vn -0.0000 0.2093 0.9778
vn -0.0000 0.9770 -0.2132
vn -0.0000 -0.2093 -0.9778
vn -0.0000 -0.9770 0.2132
vn 1.0000 -0.0000 -0.0000
vn -1.0000 -0.0000 -0.0000
vn -0.0000 -0.9778 0.2093
vn -0.0000 0.9657 -0.2598
vn -0.0000 1.0000 -0.0000
vn -0.0000 -0.0000 -1.0000
vn -1.0000 0.0053 -0.0000
vn 1.0000 -0.0053 -0.0000
vn -0.0087 -1.0000 -0.0000
vn 0.0087 1.0000 -0.0000
vn -0.0000 0.3173 -0.9483
vn -0.0000 -0.3173 0.9483
vn -0.0000 0.9483 0.3173
vn -0.0000 -0.9483 -0.3173
vn -0.0000 0.2781 0.9606
vn -0.0000 -0.2781 -0.9606
vn -0.0000 0.9385 -0.3453
vn -0.0000 -0.9385 0.3453
vn -0.0000 -0.1291 0.9916
vn -0.0000 0.1291 -0.9916
vn -0.0000 0.9866 0.1633
vn -0.0000 -0.9866 -0.1633
vn -0.0000 0.2846 0.9587
vn -0.0000 -0.2846 -0.9587
vn -0.0000 0.9357 -0.3529
vn -0.0000 -0.9357 0.3529
vn -0.0000 -0.1291 -0.9916
vn -0.0000 0.1291 0.9916
vn -0.0000 0.1292 0.9916
vn -0.0000 0.9866 -0.1633
vn -0.0000 -0.9866 0.1633
vn -0.0000 0.2846 -0.9587
vn -0.0000 -0.2846 0.9587
vn -0.0000 0.9357 0.3529
vn -0.0000 -0.9357 -0.3529
vn -0.0000 0.2781 -0.9606
vn -0.0000 -0.2781 0.9606
vn -0.0000 0.9385 0.3453
vn -0.0000 -0.9385 -0.3453
vn 0.9083 0.4183 -0.0000
vn -0.9083 -0.4183 -0.0000
vn 0.4183 -0.9083 -0.0000
vn -0.4183 0.9083 -0.0000
vn -1.0000 0.0089 -0.0000
vn 1.0000 -0.0089 -0.0000
vn -0.0051 -1.0000 -0.0000
vn 0.0051 1.0000 -0.0000
vn -0.9768 0.2142 -0.0000
vn 0.9768 -0.2142 -0.0000
vn -0.2142 -0.9768 -0.0000
vn 0.2142 0.9768 -0.0000
vn 1.0000 0.0089 -0.0000
vn -1.0000 -0.0089 -0.0000
vn 0.0051 -1.0000 -0.0000
vn -0.0051 1.0000 -0.0000
vn -0.0000 0.0637 -0.9980
vn -0.0000 -0.0637 0.9980
vn -0.0000 0.9979 0.0653
vn -0.0000 -0.9979 -0.0653
vn -0.0000 0.3102 -0.9507
vn -0.0000 -0.3102 0.9507
vn -0.0000 0.9507 0.3102
vn -0.0000 -0.9507 -0.3102
vn -0.0000 0.2987 -0.9543
vn -0.0000 -0.2987 0.9543
vn -0.0000 0.9543 0.2987
vn -0.0000 -0.9543 -0.2987
vn -0.0000 -0.2512 -0.9679
vn -0.0000 0.2512 0.9679
vn -0.0000 0.9679 -0.2512
vn -0.0000 -0.9679 0.2512
vn -0.0000 -0.1453 -0.9894
vn -0.0000 0.1453 0.9894
vn -0.0000 0.9894 -0.1453
vn -0.0000 -0.9894 0.1453
vn 0.9768 0.2142 -0.0000
vn -0.9768 -0.2142 -0.0000
vn 0.2142 -0.9768 -0.0000
vn -0.2142 0.9768 -0.0000
vt 0.397081 0.035010
vt 0.316717 0.034998
vt 0.397055 0.203530
vt 0.316691 0.203517
vt 0.976745 0.182754
vt 0.907609 0.172824
vt 0.914155 0.210929
vt 0.876794 0.202786
vt 0.340020 0.621077
vt 0.338183 0.771786
vt 0.424616 0.761951
vt 0.420937 0.619116
vt 0.022847 0.977587
vt 0.140928 0.973400
vt 0.123806 0.777666
vt 0.001221 0.735842
vt 0.014822 0.657132
vt 0.133510 0.679809
vt 0.023996 0.576949
vt 0.145898 0.584142
vt 0.010861 0.203470
vt 0.128069 0.203488
vt 0.010888 0.034950
vt 0.128095 0.034968
vt 0.425445 0.881872
vt 0.431082 0.980012
vt 0.557559 0.975422
vt 0.568876 0.780950
vt 0.569793 0.685743
vt 0.573672 0.591261
vt 0.524902 0.035030
vt 0.524876 0.203550
vt 0.010832 0.390361
vt 0.128040 0.390379
vt 0.397026 0.390421
vt 0.316661 0.390408
vt 0.524847 0.390441
vt 0.417996 0.416553
vt 0.539606 0.406711
vt 0.342359 0.420621
vt 0.160801 0.402869
vt 0.031138 0.391864
vt 0.250190 0.880791
vt 0.246201 0.979181
vt 0.259147 0.617078
vt 0.249863 0.764446
vt 0.267152 0.419657
vt 0.236326 0.203505
vt 0.236297 0.390396
vt 0.236352 0.034985
vt 0.715038 0.979707
vt 0.724990 0.749154
vt 0.711738 0.579530
vt 0.716427 0.665234
vt 0.694544 0.390889
vt 0.679619 0.203574
vt 0.679589 0.390465
vt 0.679645 0.035054
vt 0.316722 0.001221
vt 0.404619 0.010177
vt 0.396856 0.984819
vt 0.390917 0.948748
vt 0.337923 0.882904
vt 0.338094 0.936896
vt 0.285553 0.947850
vt 0.279948 0.985438
vt 0.751154 0.448121
vt 0.839990 0.438741
vt 0.779622 0.387895
vt 0.703898 0.406126
vt 0.897922 0.287261
vt 0.936817 0.282596
vt 0.893250 0.264209
vt 0.967986 0.241416
vt 0.784256 0.288727
vt 0.841145 0.290046
vt 0.788361 0.265638
vt 0.840309 0.237579
vt 0.728684 0.228549
vt 0.747524 0.283690
vt 0.683633 0.347937
vt 0.762245 0.308973
vt 0.702689 0.185887
vt 0.765265 0.213346
vt 0.227934 0.011044
vt 0.894058 0.388483
vt 0.927841 0.448135
vt 0.961506 0.388830
vt 0.904611 0.313463
vt 0.997273 0.349550
vt 0.790326 0.207205
vt 0.778923 0.165523
vt 0.023333 0.993163
vt 0.140914 0.986031
vt 0.245705 0.985023
vt 0.269536 0.991232
vt 0.945813 0.291097
vt 0.980362 0.239868
vt 0.991413 0.180218
vt 0.913673 0.150608
vt 0.777166 0.157323
vt 0.688061 0.183356
vt 0.716160 0.227384
vt 0.736818 0.291129
vt 0.407054 0.992269
vt 0.431623 0.985844
vt 0.557726 0.988037
vt 0.714837 0.994351
vt 0.023476 0.997890
vt 0.140912 0.989837
vt 0.245558 0.986762
vt 0.269683 0.994142
vt 0.948671 0.290781
vt 0.984071 0.239397
vt 0.995838 0.179456
vt 0.915787 0.148462
vt 0.776556 0.154795
vt 0.683633 0.182602
vt 0.712424 0.227014
vt 0.733964 0.290808
vt 0.431782 0.987585
vt 0.407034 0.995176
vt 0.557777 0.991840
vt 0.714784 0.998779
vt 0.840250 0.388206
vt 0.840747 0.291545
vt 0.838826 0.133891
vt 0.838886 0.137478
vt 0.839381 0.177797
vt 0.839627 0.194508
vt 0.990298 0.229533
vt 0.990298 0.289625
vt 0.998114 0.229533
vt 0.998114 0.289625
vt 0.972968 0.229533
vt 0.972968 0.289625
vt 0.977726 0.229533
vt 0.977726 0.289625
vt 0.985541 0.229533
vt 0.985541 0.289625
vt 0.164884 0.435650
vt 0.169698 0.435669
vt 0.169698 0.427767
vt 0.164883 0.427748
vt 0.435650 0.427766
vt 0.430836 0.427785
vt 0.435650 0.435668
vt 0.430835 0.435687
vt 0.990298 0.106151
vt 0.990299 0.166243
vt 0.998114 0.106151
vt 0.998114 0.166243
vt 0.972968 0.106151
vt 0.972968 0.166243
vt 0.977726 0.106151
vt 0.977726 0.166243
vt 0.985541 0.106151
vt 0.985541 0.166243
vt 0.259501 0.436482
vt 0.264316 0.436501
vt 0.264316 0.428600
vt 0.259501 0.428580
vt 0.450993 0.428587
vt 0.446179 0.428607
vt 0.450993 0.436489
vt 0.446179 0.436509
vt 0.757215 0.227839
vt 0.757268 0.008349
vt 0.748890 0.008347
vt 0.748838 0.227837
vt 0.287630 0.628059
vt 0.295414 0.628059
vt 0.287630 0.619586
vt 0.295414 0.619586
vt 0.741018 0.008754
vt 0.740966 0.227835
vt 0.765087 0.227841
vt 0.765139 0.008759
vt 0.937208 0.263597
vt 0.945585 0.263498
vt 0.934610 0.044122
vt 0.942987 0.044022
vt 0.274844 0.619234
vt 0.274844 0.627707
vt 0.282628 0.619234
vt 0.282628 0.627707
vt 0.953456 0.263405
vt 0.950863 0.044338
vt 0.961833 0.263306
vt 0.969704 0.263212
vt 0.959240 0.044239
vt 0.967106 0.043737
vt 0.985541 0.167842
vt 0.985541 0.227934
vt 0.993356 0.167842
vt 0.993356 0.227934
vt 0.998114 0.167842
vt 0.998114 0.227934
vt 0.972968 0.167842
vt 0.972968 0.227934
vt 0.980783 0.167842
vt 0.980783 0.227934
vt 0.172555 0.435829
vt 0.177370 0.435849
vt 0.177370 0.427947
vt 0.172555 0.427927
vt 0.443322 0.428306
vt 0.438507 0.428325
vt 0.443322 0.436207
vt 0.438507 0.436227
vt 0.975169 0.682756
vt 0.975169 0.742849
vt 0.982984 0.682757
vt 0.982984 0.742849
vt 0.987741 0.682757
vt 0.987741 0.742849
vt 0.995556 0.682757
vt 0.995556 0.742849
vt 0.970411 0.682756
vt 0.970411 0.742849
vt 0.267173 0.436491
vt 0.271987 0.436510
vt 0.271987 0.428608
vt 0.267173 0.428589
vt 0.427978 0.427210
vt 0.423164 0.427229
vt 0.427978 0.435112
vt 0.423164 0.435131
vt 0.115939 0.050155
vt 0.115939 0.110248
vt 0.123754 0.050155
vt 0.123754 0.110248
vt 0.128512 0.050155
vt 0.128512 0.110248
vt 0.136327 0.050155
vt 0.136327 0.110248
vt 0.111182 0.050155
vt 0.111182 0.110248
vt 0.157212 0.435129
vt 0.162027 0.435148
vt 0.162026 0.427247
vt 0.157212 0.427228
vt 0.417749 0.427043
vt 0.412935 0.427062
vt 0.417749 0.434945
vt 0.412935 0.434964
vt 0.732640 0.008751
vt 0.732588 0.227833
vt 0.190456 0.620632
vt 0.190456 0.629157
vt 0.198201 0.620632
vt 0.198201 0.629157
vt 0.300417 0.620435
vt 0.300417 0.628961
vt 0.308162 0.620435
vt 0.308162 0.628961
vt 0.958330 0.265195
vt 0.938953 0.265195
vt 0.938956 0.613310
vt 0.958333 0.613310
vt 0.934612 0.613310
vt 0.934610 0.265195
vt 0.962676 0.613310
vt 0.962674 0.265195
vt 0.352707 0.066916
vt 0.332890 0.066916
vt 0.352709 0.420575
vt 0.332892 0.420575
vt 0.328548 0.420575
vt 0.328546 0.066916
vt 0.357053 0.420575
vt 0.357051 0.066916
vt 0.963445 0.650665
vt 0.944068 0.650665
vt 0.944069 0.998779
vt 0.963446 0.998779
vt 0.939726 0.998779
vt 0.939724 0.650665
vt 0.967790 0.998779
vt 0.967788 0.650665
vt 0.760457 0.614908
vt 0.732588 0.614908
vt 0.760457 0.806045
vt 0.732588 0.806045
vt 0.259501 0.497033
vt 0.259501 0.524902
vt 0.264871 0.497033
vt 0.264871 0.524902
vt 0.765828 0.806045
vt 0.793696 0.806045
vt 0.765828 0.614908
vt 0.793696 0.614908
vt 0.172555 0.496380
vt 0.172555 0.524248
vt 0.177926 0.496380
vt 0.177926 0.524248
vt 0.799067 0.614908
vt 0.799067 0.806045
vt 0.696782 0.227841
vt 0.724651 0.227841
vt 0.696782 0.100806
vt 0.724651 0.100806
vt 0.239043 0.274832
vt 0.239043 0.302700
vt 0.244414 0.274832
vt 0.244414 0.302700
vt 0.691412 0.100806
vt 0.663543 0.100806
vt 0.691412 0.227841
vt 0.663543 0.227841
vt 0.249272 0.333766
vt 0.249272 0.361634
vt 0.254643 0.333766
vt 0.254643 0.361634
vt 0.730021 0.227841
vt 0.730021 0.100806
vt 0.182784 0.445119
vt 0.182784 0.464496
vt 0.187128 0.445119
vt 0.187128 0.464496
vt 0.366134 0.420575
vt 0.385511 0.420575
vt 0.366135 0.072012
vt 0.385512 0.072012
vt 0.993426 0.442139
vt 0.993426 0.461516
vt 0.997769 0.442139
vt 0.997769 0.461516
vt 0.389856 0.072012
vt 0.389854 0.420575
vt 0.361791 0.072012
vt 0.361790 0.420575
vt 0.097627 0.227115
vt 0.117004 0.227179
vt 0.117002 0.111874
vt 0.097624 0.111809
vt 0.993426 0.295311
vt 0.993426 0.314688
vt 0.997770 0.295311
vt 0.997770 0.314688
vt 0.993426 0.316286
vt 0.993426 0.335663
vt 0.997770 0.316286
vt 0.997770 0.335663
vt 0.121347 0.227179
vt 0.121345 0.111874
vt 0.093283 0.227115
vt 0.093281 0.111809
vt 0.622367 0.229439
vt 0.594498 0.229439
vt 0.622367 0.420575
vt 0.594498 0.420575
vt 0.446179 0.526508
vt 0.446179 0.554376
vt 0.451549 0.526508
vt 0.451549 0.554376
vt 0.627737 0.420575
vt 0.655606 0.420575
vt 0.627737 0.229439
vt 0.655606 0.229439
vt 0.451549 0.613310
vt 0.451549 0.585441
vt 0.446179 0.613310
vt 0.446179 0.585441
vt 0.660976 0.229439
vt 0.660976 0.420575
vt 0.108876 0.419914
vt 0.136744 0.419914
vt 0.108876 0.228777
vt 0.136744 0.228777
vt 0.123968 0.169844
vt 0.123968 0.197712
vt 0.129338 0.169844
vt 0.129338 0.197712
vt 0.103505 0.228777
vt 0.075636 0.228777
vt 0.103505 0.419914
vt 0.075636 0.419914
vt 0.239043 0.304299
vt 0.239043 0.332167
vt 0.244414 0.304299
vt 0.244414 0.332167
vt 0.070266 0.419914
vt 0.070266 0.228777
vt 0.031912 0.621687
vt 0.031907 0.639337
vt 0.037283 0.621688
vt 0.037278 0.639338
vt 0.791652 0.032660
vt 0.774002 0.032638
vt 0.773760 0.227812
vt 0.791410 0.227834
vt 0.047507 0.639338
vt 0.047512 0.621688
vt 0.042136 0.639337
vt 0.042141 0.621687
vt 0.768390 0.227806
vt 0.768632 0.032631
vt 0.796781 0.227841
vt 0.797023 0.032667
vt 0.564063 0.613310
vt 0.591931 0.613310
vt 0.564063 0.422174
vt 0.591931 0.422174
vt 0.722360 0.071340
vt 0.722360 0.099208
vt 0.727730 0.071340
vt 0.727730 0.099208
vt 0.558692 0.422174
vt 0.530823 0.422174
vt 0.558692 0.613310
vt 0.530823 0.613310
vt 0.980640 0.076684
vt 0.980640 0.104552
vt 0.986010 0.076684
vt 0.986010 0.104552
vt 0.525453 0.613310
vt 0.525453 0.422174
vt 0.431092 0.079054
vt 0.431092 0.061586
vt 0.425721 0.079054
vt 0.425721 0.061586
vt 0.599869 0.226604
vt 0.617293 0.227840
vt 0.617312 0.052459
vt 0.599887 0.051223
vt 0.259501 0.062491
vt 0.259501 0.079959
vt 0.264871 0.062491
vt 0.264872 0.079959
vt 0.622682 0.052459
vt 0.622663 0.227840
vt 0.594517 0.051222
vt 0.594498 0.226604
vt 0.293001 0.079959
vt 0.293001 0.062348
vt 0.287630 0.079959
vt 0.287631 0.062348
vt 0.415447 0.053596
vt 0.397847 0.054206
vt 0.415474 0.227230
vt 0.397874 0.227840
vt 0.310646 0.062897
vt 0.310646 0.080507
vt 0.316017 0.062897
vt 0.316016 0.080507
vt 0.392503 0.227840
vt 0.392477 0.054207
vt 0.420844 0.227228
vt 0.420818 0.053595
vt 0.203498 0.079048
vt 0.203500 0.061588
vt 0.198127 0.079047
vt 0.198129 0.061588
vt 0.418305 0.612047
vt 0.435719 0.613309
vt 0.435752 0.437825
vt 0.418338 0.436563
vt 0.159769 0.061589
vt 0.159771 0.079048
vt 0.165140 0.061588
vt 0.165141 0.079048
vt 0.441122 0.437826
vt 0.441090 0.613310
vt 0.412967 0.436562
vt 0.412935 0.612046
vt 0.300417 0.062896
vt 0.300417 0.080507
vt 0.305788 0.062896
vt 0.305787 0.080507
vt 0.633139 0.227840
vt 0.650739 0.227229
vt 0.633113 0.054206
vt 0.650712 0.053596
vt 0.275100 0.079959
vt 0.275101 0.062348
vt 0.269730 0.079959
vt 0.269730 0.062348
vt 0.656083 0.053594
vt 0.656109 0.227229
vt 0.627742 0.054207
vt 0.627769 0.227840
vt 0.446179 0.061594
vt 0.446180 0.079053
vt 0.451549 0.061593
vt 0.451551 0.079053
vt 0.297629 0.630561
vt 0.280215 0.629305
vt 0.280249 0.804790
vt 0.297663 0.806044
vt 0.175370 0.079048
vt 0.175368 0.061588
vt 0.170000 0.079048
vt 0.169998 0.061588
vt 0.274878 0.804790
vt 0.274844 0.629307
vt 0.303034 0.806044
vt 0.303000 0.630559
vt 0.435950 0.061586
vt 0.435950 0.079054
vt 0.441320 0.061586
vt 0.441320 0.079054
vt 0.162126 0.437267
vt 0.144701 0.436030
vt 0.144682 0.611412
vt 0.162106 0.612648
vt 0.254643 0.079959
vt 0.254643 0.062491
vt 0.249272 0.079959
vt 0.249272 0.062491
vt 0.139311 0.611411
vt 0.139331 0.436030
vt 0.167477 0.612649
vt 0.167496 0.437267
vt 0.994132 0.744453
vt 0.974754 0.744476
vt 0.994436 0.998751
vt 0.975059 0.998774
vt 0.993634 0.632288
vt 0.993426 0.651664
vt 0.997977 0.632334
vt 0.997769 0.651711
vt 0.993634 0.611266
vt 0.993426 0.630643
vt 0.997977 0.611313
vt 0.997769 0.630690
vt 0.970411 0.744481
vt 0.970715 0.998779
vt 0.998475 0.744447
vt 0.998779 0.998746
vt 0.840243 0.613310
vt 0.868112 0.613310
vt 0.840243 0.422174
vt 0.868112 0.422174
vt 0.584269 0.071340
vt 0.584269 0.099208
vt 0.589640 0.071340
vt 0.589640 0.099208
vt 0.834873 0.422174
vt 0.807004 0.422174
vt 0.834873 0.613310
vt 0.807004 0.613310
vt 0.318317 0.111572
vt 0.318317 0.139441
vt 0.323688 0.111572
vt 0.323688 0.139441
vt 0.801634 0.613310
vt 0.801634 0.422174
vt 0.691412 0.229440
vt 0.663543 0.229440
vt 0.691412 0.420576
vt 0.663543 0.420576
vt 0.190456 0.719156
vt 0.190456 0.747024
vt 0.195826 0.719156
vt 0.195826 0.747024
vt 0.696782 0.420576
vt 0.724651 0.420576
vt 0.696782 0.229440
vt 0.724651 0.229440
vt 0.195826 0.776491
vt 0.195826 0.748622
vt 0.190456 0.776491
vt 0.190456 0.748622
vt 0.730021 0.229440
vt 0.730021 0.420576
vt 0.965296 0.649066
vt 0.985114 0.649066
vt 0.965296 0.291224
vt 0.985114 0.291224
vt 0.182784 0.592830
vt 0.182784 0.612648
vt 0.187127 0.592830
vt 0.187128 0.612648
vt 0.517142 0.062733
vt 0.497324 0.062733
vt 0.517141 0.420575
vt 0.497323 0.420575
vt 0.993426 0.547019
vt 0.993426 0.566836
vt 0.997769 0.547019
vt 0.997769 0.566836
vt 0.989458 0.649066
vt 0.989458 0.291224
vt 0.521484 0.420575
vt 0.521485 0.062733
vt 0.036251 0.227841
vt 0.055628 0.227767
vt 0.036251 0.033862
vt 0.055628 0.033789
vt 0.182784 0.487070
vt 0.182784 0.506448
vt 0.187128 0.487070
vt 0.187128 0.506448
vt 0.993426 0.484090
vt 0.993426 0.503468
vt 0.997769 0.484090
vt 0.997769 0.503468
vt 0.059972 0.227767
vt 0.059972 0.033789
vt 0.031908 0.227841
vt 0.031907 0.033862
vt 0.174341 0.227833
vt 0.193719 0.227833
vt 0.174342 0.080646
vt 0.193719 0.080646
vt 0.993426 0.421163
vt 0.993426 0.440541
vt 0.997769 0.421163
vt 0.997769 0.440541
vt 0.993426 0.337261
vt 0.993426 0.356639
vt 0.997769 0.337261
vt 0.997769 0.356639
vt 0.198062 0.227833
vt 0.198063 0.080646
vt 0.169998 0.227833
vt 0.169999 0.080646
vt 0.430076 0.227840
vt 0.449453 0.227838
vt 0.430064 0.080653
vt 0.449442 0.080652
vt 0.182784 0.508046
vt 0.182787 0.527424
vt 0.187128 0.508046
vt 0.187130 0.527423
vt 0.182784 0.529023
vt 0.182787 0.548400
vt 0.187127 0.529022
vt 0.187130 0.548399
vt 0.453797 0.227838
vt 0.453785 0.080651
vt 0.425732 0.227840
vt 0.425721 0.080653
vt 0.993426 0.400188
vt 0.993426 0.419565
vt 0.997769 0.400188
vt 0.997769 0.419565
vt 0.212700 0.420568
vt 0.232077 0.420568
vt 0.212700 0.072004
vt 0.232077 0.072004
vt 0.993426 0.358237
vt 0.993426 0.377614
vt 0.997769 0.358237
vt 0.997769 0.377614
vt 0.236421 0.072004
vt 0.236421 0.420568
vt 0.208356 0.072004
vt 0.208356 0.420568
vt 0.103505 0.421512
vt 0.075636 0.421512
vt 0.103505 0.612648
vt 0.075636 0.612648
vt 0.108875 0.612648
vt 0.136744 0.612648
vt 0.108875 0.421512
vt 0.136744 0.421512
vt 0.070266 0.421512
vt 0.070266 0.612648
vt 0.024942 0.033789
vt 0.005565 0.033863
vt 0.024942 0.227767
vt 0.005564 0.227841
vt 0.993426 0.463114
vt 0.993426 0.482492
vt 0.997770 0.463114
vt 0.997769 0.482492
vt 0.182784 0.466095
vt 0.182784 0.485472
vt 0.187128 0.466095
vt 0.187128 0.485472
vt 0.001221 0.033863
vt 0.001221 0.227841
vt 0.029285 0.033789
vt 0.029285 0.227767
vt 0.909289 0.806044
vt 0.937157 0.806044
vt 0.909289 0.614908
vt 0.937157 0.614908
vt 0.545911 0.071339
vt 0.545911 0.099208
vt 0.551281 0.071339
vt 0.551281 0.099208
vt 0.903918 0.614908
vt 0.876049 0.614908
vt 0.903918 0.806044
vt 0.876049 0.806044
vt 0.318317 0.082105
vt 0.318317 0.109974
vt 0.323688 0.082105
vt 0.323688 0.109974
vt 0.870679 0.806044
vt 0.870679 0.614908
vt 0.453840 0.614908
vt 0.425972 0.614908
vt 0.453841 0.806044
vt 0.425972 0.806044
vt 0.446179 0.497041
vt 0.446179 0.524909
vt 0.451549 0.497041
vt 0.451549 0.524909
vt 0.392733 0.806044
vt 0.420602 0.806044
vt 0.392733 0.614908
vt 0.420601 0.614908
vt 0.387362 0.614908
vt 0.387362 0.806044
vt 0.558692 0.229439
vt 0.530823 0.229439
vt 0.558692 0.420576
vt 0.530823 0.420576
vt 0.308088 0.660309
vt 0.308088 0.688177
vt 0.313459 0.660309
vt 0.313459 0.688177
vt 0.564062 0.420576
vt 0.591931 0.420576
vt 0.564062 0.229439
vt 0.591931 0.229439
vt 0.313459 0.747111
vt 0.313459 0.719242
vt 0.308088 0.747111
vt 0.308088 0.719242
vt 0.525453 0.229439
vt 0.525453 0.420576
vt 0.564062 0.998779
vt 0.591931 0.998779
vt 0.564062 0.807643
vt 0.591931 0.807643
vt 0.249272 0.245366
vt 0.249272 0.273234
vt 0.254643 0.245366
vt 0.254643 0.273234
vt 0.558692 0.807643
vt 0.530823 0.807643
vt 0.558692 0.998779
vt 0.530823 0.998779
vt 0.318317 0.199972
vt 0.318317 0.227841
vt 0.323688 0.199972
vt 0.323688 0.227841
vt 0.525453 0.998779
vt 0.525453 0.807643
vt 0.298111 0.420575
vt 0.325979 0.420575
vt 0.298111 0.229439
vt 0.325979 0.229439
vt 0.525453 0.071339
vt 0.525453 0.099208
vt 0.530823 0.071339
vt 0.530823 0.099208
vt 0.292740 0.229439
vt 0.264871 0.229439
vt 0.292740 0.420575
vt 0.264871 0.420575
vt 0.100953 0.082345
vt 0.100953 0.110214
vt 0.106323 0.082345
vt 0.106323 0.110214
vt 0.259501 0.420575
vt 0.259501 0.229439
vt 0.366914 0.808289
vt 0.349264 0.808316
vt 0.366910 0.998752
vt 0.349260 0.998779
vt 0.259501 0.081557
vt 0.259503 0.099208
vt 0.264871 0.081557
vt 0.264873 0.099207
vt 0.275102 0.099207
vt 0.275100 0.081557
vt 0.269732 0.099208
vt 0.269730 0.081558
vt 0.343893 0.808316
vt 0.343890 0.998779
vt 0.372284 0.808289
vt 0.372281 0.998752
vt 0.279959 0.081558
vt 0.279960 0.099208
vt 0.285329 0.081557
vt 0.285331 0.099207
vt 0.807062 0.227839
vt 0.824712 0.227834
vt 0.824654 0.032659
vt 0.807004 0.032665
vt 0.295560 0.099207
vt 0.295558 0.081557
vt 0.290189 0.099208
vt 0.290188 0.081558
vt 0.830025 0.032658
vt 0.830083 0.227833
vt 0.801634 0.032666
vt 0.801691 0.227841
vt 0.172804 0.998498
vt 0.200671 0.998779
vt 0.174734 0.807371
vt 0.202602 0.807653
vt 0.259501 0.438099
vt 0.259501 0.465968
vt 0.264871 0.438099
vt 0.264871 0.465968
vt 0.169364 0.807317
vt 0.141497 0.807036
vt 0.167434 0.998444
vt 0.139567 0.998162
vt 0.446179 0.438107
vt 0.446179 0.465976
vt 0.451549 0.438107
vt 0.451549 0.465976
vt 0.134197 0.998108
vt 0.136127 0.806981
vt 0.870679 0.420575
vt 0.898547 0.420575
vt 0.870679 0.229439
vt 0.898547 0.229439
vt 0.931786 0.229439
vt 0.903918 0.229439
vt 0.931786 0.420575
vt 0.903918 0.420575
vt 0.857935 0.032665
vt 0.840285 0.032662
vt 0.857898 0.227840
vt 0.840248 0.227836
vt 0.249274 0.081557
vt 0.249272 0.099207
vt 0.254645 0.081558
vt 0.254643 0.099208
vt 0.134453 0.138779
vt 0.134455 0.121129
vt 0.129082 0.138779
vt 0.129084 0.121129
vt 0.834915 0.032661
vt 0.834878 0.227835
vt 0.863306 0.032667
vt 0.863269 0.227841
vt 0.622367 0.422174
vt 0.594498 0.422174
vt 0.622367 0.613310
vt 0.594498 0.613310
vt 0.627737 0.613310
vt 0.655606 0.613310
vt 0.627737 0.422174
vt 0.655606 0.422174
vt 0.660976 0.422174
vt 0.660976 0.613310
vt 0.660976 0.614908
vt 0.633108 0.614908
vt 0.660976 0.806045
vt 0.633108 0.806045
vt 0.599869 0.806045
vt 0.627737 0.806045
vt 0.599869 0.614908
vt 0.627737 0.614908
vt 0.594498 0.614908
vt 0.594498 0.806045
vt 0.840243 0.420575
vt 0.868112 0.420575
vt 0.840243 0.229439
vt 0.868112 0.229439
vt 0.970411 0.076684
vt 0.970411 0.104553
vt 0.975781 0.076684
vt 0.975781 0.104553
vt 0.834873 0.229439
vt 0.807004 0.229439
vt 0.834873 0.420575
vt 0.807004 0.420575
vt 0.239043 0.071339
vt 0.239043 0.099208
vt 0.244414 0.071339
vt 0.244414 0.099208
vt 0.801634 0.420575
vt 0.801634 0.229439
vt 0.433644 0.420575
vt 0.461512 0.420575
vt 0.433644 0.229439
vt 0.461512 0.229439
vt 0.308088 0.082106
vt 0.308088 0.109974
vt 0.313459 0.082106
vt 0.313459 0.109974
vt 0.428273 0.229439
vt 0.400405 0.229439
vt 0.428273 0.420575
vt 0.400405 0.420575
vt 0.308088 0.111572
vt 0.308088 0.139441
vt 0.313459 0.111572
vt 0.313459 0.139441
vt 0.395034 0.420575
vt 0.395034 0.229439
vt 0.205821 0.998779
vt 0.233690 0.998776
vt 0.205799 0.807643
vt 0.233668 0.807640
vt 0.266907 0.807636
vt 0.239038 0.807639
vt 0.266929 0.998772
vt 0.239060 0.998775
vt 0.272299 0.998772
vt 0.272277 0.807635
vt 0.025382 0.640937
vt 0.005564 0.640937
vt 0.025382 0.998779
vt 0.005564 0.998779
vt 0.993426 0.568434
vt 0.993426 0.588252
vt 0.997769 0.568434
vt 0.997769 0.588252
vt 0.029725 0.998779
vt 0.049543 0.998779
vt 0.029725 0.640937
vt 0.049543 0.640937
vt 0.182784 0.571414
vt 0.182784 0.591232
vt 0.187128 0.571414
vt 0.187128 0.591232
vt 0.001221 0.640937
vt 0.001221 0.998779
vt 0.308083 0.422174
vt 0.280215 0.422174
vt 0.308083 0.613310
vt 0.280215 0.613310
vt 0.259501 0.555967
vt 0.259501 0.583835
vt 0.264871 0.555967
vt 0.264871 0.583835
vt 0.313454 0.613310
vt 0.341322 0.613310
vt 0.313454 0.422174
vt 0.341322 0.422174
vt 0.264871 0.554369
vt 0.264871 0.526500
vt 0.259501 0.554369
vt 0.259501 0.526500
vt 0.274844 0.422174
vt 0.274844 0.613310
vt 0.771198 0.420575
vt 0.799067 0.420575
vt 0.771198 0.229439
vt 0.799067 0.229439
vt 0.308088 0.141039
vt 0.308088 0.168908
vt 0.313459 0.141039
vt 0.313459 0.168908
vt 0.765828 0.229439
vt 0.737959 0.229439
vt 0.765828 0.420575
vt 0.737959 0.420575
vt 0.172555 0.437447
vt 0.172555 0.465315
vt 0.177926 0.437447
vt 0.177926 0.465315
vt 0.732588 0.420575
vt 0.732588 0.229439
vt 0.696782 0.422174
vt 0.668914 0.422174
vt 0.696782 0.613310
vt 0.668914 0.613310
vt 0.939724 0.621198
vt 0.939724 0.649066
vt 0.945095 0.621198
vt 0.945095 0.649066
vt 0.702153 0.613310
vt 0.730021 0.613310
vt 0.702153 0.422174
vt 0.730021 0.422174
vt 0.313459 0.776578
vt 0.313459 0.748709
vt 0.308088 0.776578
vt 0.308088 0.748709
vt 0.663543 0.422174
vt 0.663543 0.613310
vt 0.086315 0.079992
vt 0.066938 0.079992
vt 0.086315 0.227179
vt 0.066938 0.227179
vt 0.182784 0.424144
vt 0.182784 0.443521
vt 0.187128 0.424144
vt 0.187128 0.443521
vt 0.993426 0.379213
vt 0.993426 0.398590
vt 0.997769 0.379213
vt 0.997769 0.398590
vt 0.062594 0.079993
vt 0.062594 0.227179
vt 0.090659 0.079992
vt 0.090658 0.227179
vt 0.453840 0.807643
vt 0.425972 0.807643
vt 0.453841 0.998779
vt 0.425972 0.998779
vt 0.392733 0.998779
vt 0.420601 0.998779
vt 0.392733 0.807643
vt 0.420601 0.807643
vt 0.387362 0.807643
vt 0.387362 0.998779
vt 0.149279 0.614247
vt 0.121411 0.614247
vt 0.149279 0.805383
vt 0.121411 0.805383
vt 0.949953 0.621198
vt 0.949953 0.649066
vt 0.955324 0.621198
vt 0.955324 0.649066
vt 0.154650 0.805383
vt 0.182518 0.805383
vt 0.154650 0.614247
vt 0.182518 0.614247
vt 0.195826 0.658624
vt 0.195826 0.630755
vt 0.190456 0.658624
vt 0.190456 0.630755
vt 0.187889 0.614247
vt 0.187889 0.805383
vt 0.057736 0.998779
vt 0.091328 0.998779
vt 0.057736 0.807643
vt 0.091328 0.807643
vt 0.377134 0.929997
vt 0.377134 0.963589
vt 0.382504 0.929997
vt 0.382504 0.963589
vt 0.130290 0.807643
vt 0.096698 0.807643
vt 0.130290 0.998779
vt 0.096698 0.998779
vt 0.377134 0.965187
vt 0.377134 0.998779
vt 0.382504 0.965187
vt 0.382504 0.998779
vt 0.052365 0.998779
vt 0.052365 0.807643
vt 0.840243 0.806045
vt 0.868112 0.806045
vt 0.840243 0.614908
vt 0.868112 0.614908
vt 0.701902 0.071340
vt 0.701902 0.099208
vt 0.707272 0.071340
vt 0.707272 0.099208
vt 0.834873 0.614908
vt 0.807004 0.614908
vt 0.834873 0.806045
vt 0.807004 0.806045
vt 0.574040 0.071340
vt 0.574040 0.099208
vt 0.579411 0.071340
vt 0.579411 0.099208
vt 0.801634 0.806045
vt 0.801634 0.614908
vt 0.377129 0.422173
vt 0.349260 0.422173
vt 0.377129 0.613310
vt 0.349260 0.613310
vt 0.446179 0.555974
vt 0.446179 0.583843
vt 0.451549 0.555974
vt 0.451549 0.583843
vt 0.382499 0.613310
vt 0.410368 0.613310
vt 0.382499 0.422173
vt 0.410368 0.422173
vt 0.264871 0.613302
vt 0.264871 0.585434
vt 0.259501 0.613302
vt 0.259501 0.585434
vt 0.343890 0.422173
vt 0.343890 0.613310
vt 0.530823 0.227841
vt 0.558692 0.227841
vt 0.530823 0.100806
vt 0.558692 0.100806
vt 0.249272 0.363233
vt 0.249272 0.391101
vt 0.254643 0.363233
vt 0.254643 0.391101
vt 0.591931 0.100807
vt 0.564063 0.100806
vt 0.591931 0.227841
vt 0.564062 0.227841
vt 0.123968 0.199311
vt 0.123968 0.227179
vt 0.129338 0.199311
vt 0.129338 0.227179
vt 0.525453 0.227841
vt 0.525453 0.100806
vt 0.771198 0.998779
vt 0.799067 0.998779
vt 0.771198 0.807643
vt 0.799067 0.807643
vt 0.556140 0.071340
vt 0.556140 0.099208
vt 0.561510 0.071340
vt 0.561510 0.099208
vt 0.765828 0.807643
vt 0.737959 0.807643
vt 0.765828 0.998779
vt 0.737959 0.998779
vt 0.691673 0.071340
vt 0.691673 0.099208
vt 0.697043 0.071340
vt 0.697043 0.099208
vt 0.732588 0.998779
vt 0.732589 0.807643
vt 0.599869 0.998779
vt 0.627737 0.998779
vt 0.599869 0.807643
vt 0.627737 0.807643
vt 0.239043 0.363232
vt 0.239043 0.391101
vt 0.244414 0.363232
vt 0.244414 0.391101
vt 0.660976 0.807643
vt 0.633108 0.807643
vt 0.660976 0.998779
vt 0.633108 0.998779
vt 0.239043 0.392699
vt 0.239043 0.420568
vt 0.244414 0.392699
vt 0.244414 0.420568
vt 0.594498 0.998779
vt 0.594498 0.807643
vt 0.351556 0.614908
vt 0.323688 0.614908
vt 0.351556 0.806045
vt 0.323688 0.806045
vt 0.172555 0.466913
vt 0.172555 0.494781
vt 0.177926 0.466913
vt 0.177926 0.494781
vt 0.356927 0.806045
vt 0.384795 0.806045
vt 0.356927 0.614908
vt 0.384795 0.614908
vt 0.259501 0.467566
vt 0.259501 0.495435
vt 0.264871 0.467566
vt 0.264871 0.495435
vt 0.318317 0.614908
vt 0.318317 0.806045
vt 0.993426 0.589851
vt 0.993426 0.609668
vt 0.997769 0.589851
vt 0.997769 0.609668
vt 0.468423 0.420575
vt 0.488240 0.420575
vt 0.468423 0.066461
vt 0.488240 0.066461
vt 0.182784 0.549999
vt 0.182784 0.569816
vt 0.187128 0.549999
vt 0.187128 0.569816
vt 0.492584 0.066461
vt 0.492584 0.420575
vt 0.464079 0.066461
vt 0.464079 0.420575
vt 0.001221 0.420575
vt 0.029089 0.420575
vt 0.001221 0.229439
vt 0.029089 0.229439
vt 0.239043 0.333765
vt 0.239043 0.361634
vt 0.244414 0.333765
vt 0.244414 0.361634
vt 0.062328 0.229439
vt 0.034460 0.229439
vt 0.062328 0.420575
vt 0.034460 0.420575
vt 0.249272 0.274833
vt 0.249272 0.302701
vt 0.254643 0.274833
vt 0.254643 0.302701
vt 0.067699 0.420575
vt 0.067699 0.229439
vt 0.172550 0.420568
vt 0.200419 0.420568
vt 0.172550 0.229431
vt 0.200419 0.229431
vt 0.681444 0.071340
vt 0.681444 0.099208
vt 0.686814 0.071340
vt 0.686814 0.099208
vt 0.167180 0.229431
vt 0.139311 0.229431
vt 0.167180 0.420568
vt 0.139311 0.420568
vt 0.712131 0.071340
vt 0.712131 0.099208
vt 0.717501 0.071340
vt 0.717501 0.099208
vt 0.205789 0.420568
vt 0.205789 0.229431
vt 0.341323 0.807643
vt 0.313454 0.807643
vt 0.341322 0.998779
vt 0.313454 0.998779
vt 0.190456 0.660222
vt 0.190456 0.688091
vt 0.195826 0.660222
vt 0.195826 0.688091
vt 0.280215 0.998779
vt 0.308083 0.998779
vt 0.280215 0.807643
vt 0.308083 0.807643
vt 0.313459 0.717644
vt 0.313459 0.689776
vt 0.308088 0.717644
vt 0.308088 0.689776
vt 0.274844 0.807643
vt 0.274844 0.998779
vt 0.223695 0.422166
vt 0.195826 0.422166
vt 0.223695 0.613302
vt 0.195826 0.613302
vt 0.229065 0.613302
vt 0.256934 0.613302
vt 0.229065 0.422166
vt 0.256934 0.422166
vt 0.190456 0.422166
vt 0.190456 0.613302
vt 0.663543 0.998779
vt 0.691412 0.998779
vt 0.663543 0.807643
vt 0.691412 0.807643
vt 0.249272 0.392699
vt 0.249272 0.420568
vt 0.254643 0.392699
vt 0.254643 0.420568
vt 0.724651 0.807643
vt 0.696782 0.807643
vt 0.724651 0.998779
vt 0.696782 0.998779
vt 0.308088 0.170506
vt 0.308088 0.198374
vt 0.313459 0.170506
vt 0.313459 0.198374
vt 0.730021 0.998779
vt 0.730021 0.807643
vt 0.898547 0.422174
vt 0.870679 0.422174
vt 0.898547 0.613310
vt 0.870679 0.613310
vt 0.903918 0.613310
vt 0.931786 0.613310
vt 0.903918 0.422174
vt 0.931786 0.422174
vt 0.489647 0.807643
vt 0.461778 0.807643
vt 0.489647 0.998779
vt 0.461778 0.998779
vt 0.377134 0.812131
vt 0.377134 0.839999
vt 0.382504 0.812131
vt 0.382504 0.839999
vt 0.495017 0.998779
vt 0.522886 0.998779
vt 0.495017 0.807643
vt 0.522886 0.807643
vt 0.382504 0.928399
vt 0.382504 0.900531
vt 0.377134 0.928399
vt 0.377134 0.900531
vt 0.456408 0.807643
vt 0.456408 0.998779
vt 0.118844 0.614908
vt 0.090975 0.614908
vt 0.118843 0.806044
vt 0.090975 0.806045
vt 0.377134 0.871064
vt 0.377134 0.898932
vt 0.382504 0.871064
vt 0.382504 0.898932
vt 0.057736 0.806045
vt 0.085604 0.806045
vt 0.057736 0.614908
vt 0.085604 0.614908
vt 0.200941 0.805958
vt 0.200941 0.778089
vt 0.195570 0.805958
vt 0.195570 0.778089
vt 0.052365 0.614908
vt 0.052365 0.806044
vt 0.239038 0.614901
vt 0.211170 0.614901
vt 0.239038 0.806037
vt 0.211170 0.806037
vt 0.172555 0.555313
vt 0.172555 0.583182
vt 0.177926 0.555313
vt 0.177926 0.583182
vt 0.244409 0.806037
vt 0.272277 0.806037
vt 0.244409 0.614901
vt 0.272277 0.614901
vt 0.177926 0.612648
vt 0.177926 0.584780
vt 0.172555 0.612648
vt 0.172555 0.584780
vt 0.205799 0.614901
vt 0.205799 0.806037
vt 0.873514 0.227840
vt 0.891164 0.227838
vt 0.873492 0.032665
vt 0.891142 0.032663
vt 0.001227 0.621686
vt 0.001221 0.639337
vt 0.006598 0.621689
vt 0.006591 0.639338
vt 0.098652 0.080747
vt 0.098652 0.063097
vt 0.093281 0.080747
vt 0.093281 0.063097
vt 0.896535 0.227837
vt 0.896513 0.032663
vt 0.868143 0.227841
vt 0.868122 0.032666
vt 0.006591 0.613310
vt 0.034460 0.613310
vt 0.006591 0.422174
vt 0.034460 0.422174
vt 0.970411 0.653289
vt 0.970411 0.681158
vt 0.975781 0.653289
vt 0.975781 0.681158
vt 0.067699 0.422174
vt 0.039830 0.422174
vt 0.067699 0.613310
vt 0.039830 0.613310
vt 0.382504 0.869466
vt 0.382504 0.841598
vt 0.377134 0.869466
vt 0.377134 0.841598
vt 0.001221 0.613310
vt 0.001221 0.422174
vt 0.834873 0.998779
vt 0.862741 0.998779
vt 0.834873 0.807643
vt 0.862741 0.807643
vt 0.123968 0.140377
vt 0.123968 0.168246
vt 0.129338 0.140377
vt 0.129338 0.168246
vt 0.829502 0.807643
vt 0.801634 0.807643
vt 0.829502 0.998779
vt 0.801634 0.998779
vt 0.318317 0.141039
vt 0.318317 0.168907
vt 0.323688 0.141039
vt 0.323688 0.168907
vt 0.868112 0.998779
vt 0.868112 0.807643
vt 0.489647 0.422173
vt 0.461778 0.422173
vt 0.489647 0.613310
vt 0.461778 0.613310
vt 0.308088 0.630842
vt 0.308088 0.658711
vt 0.313459 0.630842
vt 0.313459 0.658711
vt 0.495017 0.613310
vt 0.522886 0.613310
vt 0.495017 0.422173
vt 0.522886 0.422173
vt 0.991125 0.681158
vt 0.991125 0.653290
vt 0.985754 0.681158
vt 0.985754 0.653290
vt 0.456408 0.422173
vt 0.456408 0.613310
vt 0.558692 0.806045
vt 0.586560 0.806045
vt 0.558692 0.614908
vt 0.586561 0.614908
vt 0.990869 0.076684
vt 0.990869 0.104552
vt 0.996239 0.076684
vt 0.996239 0.104552
vt 0.553322 0.614908
vt 0.525453 0.614908
vt 0.553321 0.806045
vt 0.525453 0.806045
vt 0.660986 0.071340
vt 0.660986 0.099208
vt 0.666357 0.071340
vt 0.666357 0.099208
vt 0.591931 0.806045
vt 0.591931 0.614908
vt 0.272282 0.227841
vt 0.300151 0.227841
vt 0.272282 0.100806
vt 0.300151 0.100806
vt 0.318317 0.170506
vt 0.318317 0.198374
vt 0.323688 0.170506
vt 0.323688 0.198374
vt 0.266912 0.100806
vt 0.239043 0.100806
vt 0.266912 0.227841
vt 0.239043 0.227841
vt 0.239043 0.245365
vt 0.239043 0.273234
vt 0.244414 0.245365
vt 0.244414 0.273234
vt 0.305521 0.227841
vt 0.305521 0.100806
vt 0.021685 0.621686
vt 0.021679 0.639336
vt 0.027055 0.621688
vt 0.027049 0.639338
vt 0.924390 0.032666
vt 0.906740 0.032666
vt 0.906736 0.227840
vt 0.924386 0.227841
vt 0.016820 0.639338
vt 0.016826 0.621688
vt 0.011450 0.639336
vt 0.011456 0.621686
vt 0.901366 0.227840
vt 0.901369 0.032666
vt 0.929757 0.227841
vt 0.929760 0.032666
vt 0.760457 0.422174
vt 0.732588 0.422174
vt 0.760457 0.613310
vt 0.732588 0.613310
vt 0.172555 0.525847
vt 0.172555 0.553715
vt 0.177926 0.525847
vt 0.177926 0.553715
vt 0.765828 0.613310
vt 0.793696 0.613310
vt 0.765828 0.422174
vt 0.793696 0.422174
vt 0.446179 0.467574
vt 0.446179 0.495443
vt 0.451549 0.467574
vt 0.451549 0.495443
vt 0.799067 0.422174
vt 0.799067 0.613310
vt 0.909288 0.998779
vt 0.937157 0.998779
vt 0.909288 0.807643
vt 0.937157 0.807643
vt 0.535682 0.071339
vt 0.535682 0.099208
vt 0.541052 0.071339
vt 0.541052 0.099208
vt 0.903918 0.807643
vt 0.876049 0.807643
vt 0.903918 0.998779
vt 0.876049 0.998779
vt 0.671215 0.071340
vt 0.671215 0.099208
vt 0.676585 0.071340
vt 0.676585 0.099208
vt 0.870679 0.998779
vt 0.870679 0.807643
vt 0.696782 0.806045
vt 0.724651 0.806045
vt 0.696782 0.614909
vt 0.724651 0.614909
vt 0.249272 0.304299
vt 0.249272 0.332168
vt 0.254643 0.304299
vt 0.254643 0.332168
vt 0.691412 0.614909
vt 0.663543 0.614909
vt 0.691412 0.806045
vt 0.663543 0.806045
vt 0.308088 0.199973
vt 0.308088 0.227841
vt 0.313459 0.199973
vt 0.313459 0.227841
vt 0.730021 0.806045
vt 0.730021 0.614909
vt 0.163037 0.080647
vt 0.143660 0.080645
vt 0.163032 0.227833
vt 0.143655 0.227833
vt 0.993426 0.526043
vt 0.993429 0.545421
vt 0.997769 0.526042
vt 0.997772 0.545419
vt 0.993429 0.505066
vt 0.993426 0.524443
vt 0.997772 0.505066
vt 0.997769 0.524444
vt 0.139316 0.080645
vt 0.139311 0.227833
vt 0.167380 0.080647
vt 0.167375 0.227833
vt 0.456408 0.806044
vt 0.484276 0.806044
vt 0.456408 0.614908
vt 0.484276 0.614908
vt 0.190456 0.689689
vt 0.190456 0.717557
vt 0.195826 0.689689
vt 0.195826 0.717557
vt 0.517515 0.614908
vt 0.489647 0.614908
vt 0.517515 0.806044
vt 0.489647 0.806044
vt 0.313459 0.806044
vt 0.313459 0.778176
vt 0.308088 0.806044
vt 0.308088 0.778176
vt 0.522886 0.806044
vt 0.522886 0.614908
s 1
usemtl mat_coal
f 1/1/1 2/2/2 3/3/2
s 0
f 2/2/2 4/4/2 3/3/2
s 1
f 5/5/3 6/6/4 7/7/5
f 6/6/4 8/8/6 7/7/5
f 9/9/7 10/10/8 11/11/9
f 9/9/7 11/11/9 12/12/10
f 13/13/11 14/14/11 15/15/12
f 13/13/11 15/15/12 16/16/13
f 17/17/14 18/18/15 19/19/16
f 18/18/15 20/20/17 19/19/16
f 21/21/2 22/22/2 23/23/18
f 22/22/2 24/24/19 23/23/18
f 25/25/20 26/26/21 27/27/11
f 25/25/20 27/27/11 28/28/22
f 11/11/9 29/29/23 12/12/10
f 29/29/23 30/30/24 12/12/10
f 1/1/1 3/3/2 31/31/25
f 3/3/2 32/32/2 31/31/25
s 0
f 33/33/2 34/34/2 21/21/2
f 34/34/2 22/22/2 21/21/2
f 3/3/2 4/4/2 35/35/2
f 4/4/2 36/36/2 35/35/2
f 37/37/2 32/32/2 35/35/2
f 32/32/2 3/3/2 35/35/2
s 1
f 38/38/26 12/12/10 39/39/27
f 12/12/10 30/30/24 39/39/27
f 40/40/28 9/9/7 12/12/10
f 40/40/28 12/12/10 38/38/26
f 19/19/16 20/20/17 41/41/29
f 19/19/16 41/41/29 42/42/30
f 15/15/12 14/14/11 43/43/31
f 14/14/11 44/44/32 43/43/31
f 20/20/17 18/18/15 45/45/33
f 18/18/15 46/46/34 45/45/33
f 41/41/29 20/20/17 47/47/35
f 20/20/17 45/45/33 47/47/35
s 0
f 22/22/2 34/34/2 48/48/2
f 34/34/2 49/49/2 48/48/2
s 1
f 24/24/19 22/22/2 50/50/36
f 22/22/2 48/48/2 50/50/36
f 28/28/22 27/27/11 51/51/11
f 28/28/22 51/51/11 52/52/37
f 53/53/38 30/30/24 54/54/39
f 30/30/24 29/29/23 54/54/39
f 39/39/27 30/30/24 55/55/40
f 30/30/24 53/53/38 55/55/40
s 0
f 56/56/2 32/32/2 57/57/2
f 32/32/2 37/37/2 57/57/2
s 1
f 31/31/25 32/32/2 58/58/41
f 32/32/2 56/56/2 58/58/41
f 59/59/2 2/2/2 1/1/1
f 59/59/2 1/1/1 60/60/42
f 61/61/43 26/26/21 62/62/44
f 26/26/21 25/25/20 62/62/44
f 25/25/20 63/63/45 62/62/44
f 63/63/45 64/64/46 62/62/44
f 43/43/31 44/44/32 65/65/47
f 44/44/32 66/66/48 65/65/47
f 67/67/49 68/68/2 69/69/2
f 67/67/49 69/69/2 70/70/50
f 71/71/47 72/72/48 73/73/51
f 72/72/48 74/74/52 73/73/51
f 75/75/53 76/76/46 77/77/54
f 76/76/46 78/78/55 77/77/54
f 79/79/56 80/80/43 77/77/54
f 80/80/43 75/75/53 77/77/54
f 70/70/50 69/69/2 81/81/57
f 69/69/2 82/82/58 81/81/57
f 83/83/59 79/79/56 84/84/60
f 79/79/56 77/77/54 84/84/60
f 8/8/6 73/73/51 7/7/5
f 73/73/51 74/74/52 7/7/5
f 74/74/52 5/5/3 7/7/5
f 50/50/36 48/48/2 2/2/2
s 0
f 48/48/2 4/4/2 2/2/2
f 48/48/2 49/49/2 4/4/2
f 49/49/2 36/36/2 4/4/2
s 1
f 40/40/28 47/47/35 9/9/7
f 47/47/35 45/45/33 9/9/7
f 45/45/33 46/46/34 9/9/7
f 46/46/34 10/10/8 9/9/7
f 43/43/31 65/65/47 63/63/45
f 65/65/47 64/64/46 63/63/45
f 71/71/47 73/73/51 76/76/46
f 73/73/51 78/78/55 76/76/46
f 59/59/2 85/85/49 50/50/36
f 59/59/2 50/50/36 2/2/2
f 86/86/2 68/68/2 87/87/42
f 86/86/2 87/87/42 88/88/61
f 89/89/62 86/86/2 88/88/61
f 89/89/62 88/88/61 90/90/63
f 91/91/64 92/92/65 84/84/60
f 92/92/65 83/83/59 84/84/60
f 77/77/54 91/91/64 84/84/60
s 0
f 93/93/11 94/94/11 14/14/11
f 93/93/11 14/14/11 13/13/11
s 1
f 44/44/32 14/14/11 94/94/11
f 44/44/32 94/94/11 95/95/66
f 66/66/48 44/44/32 96/96/67
f 44/44/32 95/95/66 96/96/67
f 74/74/52 72/72/48 97/97/68
f 74/74/52 97/97/68 98/98/69
f 5/5/3 74/74/52 98/98/69
f 5/5/3 98/98/69 99/99/70
f 99/99/70 100/100/71 5/5/3
f 100/100/71 6/6/4 5/5/3
f 83/83/59 92/92/65 101/101/72
f 83/83/59 101/101/72 102/102/73
f 102/102/73 103/103/74 83/83/59
f 103/103/74 79/79/56 83/83/59
f 103/103/74 104/104/75 79/79/56
f 104/104/75 80/80/43 79/79/56
f 105/105/76 106/106/77 26/26/21
f 105/105/76 26/26/21 61/61/43
f 27/27/11 26/26/21 107/107/11
f 26/26/21 106/106/77 107/107/11
s 0
f 51/51/11 27/27/11 108/108/11
f 27/27/11 107/107/11 108/108/11
s 1
f 109/109/18 110/110/19 94/94/11
f 109/109/18 94/94/11 93/93/11
f 95/95/66 94/94/11 110/110/19
f 95/95/66 110/110/19 111/111/36
f 96/96/67 95/95/66 111/111/36
f 96/96/67 111/111/36 112/112/78
f 98/98/69 97/97/68 113/113/49
f 98/98/69 113/113/49 114/114/50
f 99/99/70 98/98/69 114/114/50
f 99/99/70 114/114/50 115/115/79
f 115/115/79 116/116/80 99/99/70
f 116/116/80 100/100/71 99/99/70
f 102/102/73 101/101/72 117/117/81
f 102/102/73 117/117/81 118/118/82
f 119/119/83 103/103/74 102/102/73
f 119/119/83 102/102/73 118/118/82
f 120/120/84 104/104/75 103/103/74
f 120/120/84 103/103/74 119/119/83
f 121/121/85 106/106/77 105/105/76
f 121/121/85 105/105/76 122/122/86
f 107/107/11 106/106/77 123/123/25
f 106/106/77 121/121/85 123/123/25
f 108/108/11 107/107/11 124/124/41
f 107/107/11 123/123/25 124/124/41
f 16/16/13 15/15/12 18/18/15
f 16/16/13 18/18/15 17/17/14
f 46/46/34 18/18/15 15/15/12
f 46/46/34 15/15/12 43/43/31
f 46/46/34 43/43/31 10/10/8
f 43/43/31 63/63/45 10/10/8
f 11/11/9 10/10/8 25/25/20
f 10/10/8 63/63/45 25/25/20
f 28/28/22 29/29/23 11/11/9
f 28/28/22 11/11/9 25/25/20
f 54/54/39 29/29/23 52/52/37
f 29/29/23 28/28/22 52/52/37
s 0
f 69/69/2 68/68/2 125/125/2
s 1
f 82/82/58 69/69/2 125/125/2
f 82/82/58 125/125/2 126/126/87
f 100/100/71 116/116/80 127/127/87
f 100/100/71 127/127/87 128/128/88
f 6/6/4 100/100/71 128/128/88
f 6/6/4 128/128/88 129/129/89
f 8/8/6 6/6/4 129/129/89
f 8/8/6 129/129/89 130/130/90
f 130/130/90 78/78/55 8/8/6
f 78/78/55 73/73/51 8/8/6
f 77/77/54 78/78/55 91/91/64
f 78/78/55 130/130/90 91/91/64
f 130/130/90 129/129/89 91/91/64
f 129/129/89 92/92/65 91/91/64
f 101/101/72 92/92/65 129/129/89
f 101/101/72 129/129/89 128/128/88
f 117/117/81 101/101/72 128/128/88
f 117/117/81 128/128/88 127/127/87
f 126/126/87 125/125/2 89/89/62
f 125/125/2 86/86/2 89/89/62
s 0
f 125/125/2 68/68/2 86/86/2
usemtl mat_box
f 131/131/91 132/132/91 133/133/91
f 132/132/91 134/134/91 133/133/91
f 135/135/92 136/136/92 137/137/92
f 136/136/92 138/138/92 137/137/92
f 139/137/93 140/138/93 141/139/93
f 140/138/93 142/140/93 141/139/93
f 143/139/94 144/140/94 145/131/94
f 144/140/94 146/132/94 145/131/94
f 147/141/95 148/142/95 149/143/95
f 147/141/95 149/143/95 150/144/95
f 151/145/96 152/146/96 153/147/96
f 152/146/96 154/148/96 153/147/96
f 155/149/91 156/150/91 157/151/91
f 156/150/91 158/152/91 157/151/91
f 159/153/92 160/154/92 161/155/92
f 160/154/92 162/156/92 161/155/92
f 163/155/93 164/156/93 165/157/93
f 164/156/93 166/158/93 165/157/93
f 167/157/94 168/158/94 169/149/94
f 168/158/94 170/150/94 169/149/94
f 171/159/95 172/160/95 173/161/95
f 171/159/95 173/161/95 174/162/95
f 175/163/96 176/164/96 177/165/96
f 176/164/96 178/166/96 177/165/96
f 179/167/91 180/168/91 181/169/91
f 179/167/91 181/169/91 182/170/91
f 183/171/97 184/172/97 185/173/97
f 184/172/97 186/174/97 185/173/97
f 187/170/96 188/169/96 189/175/96
f 187/170/96 189/175/96 190/176/96
f 191/177/95 192/178/95 193/167/95
f 192/178/95 194/168/95 193/167/95
f 195/179/91 196/180/91 197/181/91
f 196/180/91 198/182/91 197/181/91
f 199/183/97 200/184/97 201/185/97
f 200/184/97 202/186/97 201/185/97
f 203/180/95 204/187/95 205/188/95
f 203/180/95 205/188/95 206/182/95
f 207/189/96 208/190/96 209/191/96
f 208/190/96 210/192/96 209/191/96
f 211/193/91 212/194/91 213/195/91
f 212/194/91 214/196/91 213/195/91
f 215/195/92 216/196/92 217/197/92
f 216/196/92 218/198/92 217/197/92
f 219/199/93 220/200/93 221/201/93
f 220/200/93 222/202/93 221/201/93
s 1
f 223/201/94 224/202/94 225/193/94
f 224/202/94 226/194/94 225/193/94
s 0
f 227/203/95 228/204/95 229/205/95
f 227/203/95 229/205/95 230/206/95
f 231/207/96 232/208/96 233/209/96
f 232/208/96 234/210/96 233/209/96
f 235/211/91 236/212/91 237/213/91
f 236/212/91 238/214/91 237/213/91
f 239/213/92 240/214/92 241/215/92
f 240/214/92 242/216/92 241/215/92
f 243/215/93 244/216/93 245/217/93
f 244/216/93 246/218/93 245/217/93
f 247/219/94 248/220/94 249/211/94
f 248/220/94 250/212/94 249/211/94
f 251/221/95 252/222/95 253/223/95
f 251/221/95 253/223/95 254/224/95
f 255/225/96 256/226/96 257/227/96
f 256/226/96 258/228/96 257/227/96
f 259/229/91 260/230/91 261/231/91
f 260/230/91 262/232/91 261/231/91
f 263/231/92 264/232/92 265/233/92
f 264/232/92 266/234/92 265/233/92
f 267/233/93 268/234/93 269/235/93
f 268/234/93 270/236/93 269/235/93
f 271/237/94 272/238/94 273/229/94
f 272/238/94 274/230/94 273/229/94
f 275/239/95 276/240/95 277/241/95
f 275/239/95 277/241/95 278/242/95
f 279/243/96 280/244/96 281/245/96
f 280/244/96 282/246/96 281/245/96
f 283/175/93 284/247/93 285/176/93
f 284/247/93 286/248/93 285/176/93
f 287/191/93 288/188/93 289/189/93
f 288/188/93 290/187/93 289/189/93
f 291/249/98 292/250/98 293/251/98
f 292/250/98 294/252/98 293/251/98
f 295/253/98 296/254/98 297/255/98
f 296/254/98 298/256/98 297/255/98
f 299/257/11 300/258/11 301/259/11
f 299/257/11 301/259/11 302/260/11
f 303/261/2 304/259/2 305/262/2
f 304/259/2 306/258/2 305/262/2
f 307/260/99 308/263/99 309/257/99
f 308/263/99 310/264/99 309/257/99
f 311/265/11 312/266/11 313/267/11
f 312/266/11 314/268/11 313/267/11
f 315/269/2 316/268/2 317/270/2
f 316/268/2 318/266/2 317/270/2
f 319/267/99 320/271/99 321/265/99
f 320/271/99 322/272/99 321/265/99
f 323/273/11 324/274/11 325/275/11
f 323/273/11 325/275/11 326/276/11
f 327/277/2 328/275/2 329/278/2
f 328/275/2 330/274/2 329/278/2
f 331/276/99 332/279/99 333/273/99
f 332/279/99 334/280/99 333/273/99
f 335/281/2 336/282/2 337/283/2
f 336/282/2 338/284/2 337/283/2
f 339/285/11 340/286/11 341/287/11
f 340/286/11 342/288/11 341/287/11
f 343/289/99 344/290/99 345/291/99
f 344/290/99 346/292/99 345/291/99
f 347/293/100 348/294/100 349/295/100
f 348/294/100 350/296/100 349/295/100
f 351/297/95 352/292/95 353/298/95
f 352/292/95 354/290/95 353/298/95
f 355/291/96 356/281/96 357/289/96
f 356/281/96 358/283/96 357/289/96
f 359/299/11 360/300/11 361/301/11
f 360/300/11 362/302/11 361/301/11
f 363/303/99 364/304/99 365/305/99
f 364/304/99 366/306/99 365/305/99
f 367/307/100 368/308/100 369/309/100
f 368/308/100 370/310/100 369/309/100
f 371/311/2 372/312/2 373/313/2
f 372/312/2 374/314/2 373/313/2
f 375/300/95 376/315/95 377/302/95
f 376/315/95 378/316/95 377/302/95
f 379/309/96 380/299/96 381/307/96
f 380/299/96 382/301/96 381/307/96
f 383/317/95 384/318/95 385/319/95
f 384/318/95 386/320/95 385/319/95
f 387/321/100 388/322/100 389/323/100
f 388/322/100 390/324/100 389/323/100
f 391/325/96 392/326/96 393/327/96
f 392/326/96 394/328/96 393/327/96
f 395/329/2 396/324/2 397/330/2
f 396/324/2 398/322/2 397/330/2
f 399/323/99 400/331/99 401/321/99
f 400/331/99 402/332/99 401/321/99
f 403/333/100 404/334/100 405/335/100
f 403/333/100 405/335/100 406/336/100
f 407/337/101 408/338/101 409/339/101
f 408/338/101 410/340/101 409/339/101
f 411/341/102 412/342/102 413/343/102
f 412/342/102 414/344/102 413/343/102
f 415/334/103 416/345/103 417/335/103
f 416/345/103 418/346/103 417/335/103
f 419/347/104 420/333/104 421/348/104
f 420/333/104 422/336/104 421/348/104
f 423/349/96 424/350/96 425/351/96
f 424/350/96 426/352/96 425/351/96
f 427/353/99 428/354/99 429/355/99
f 428/354/99 430/356/99 429/355/99
f 431/357/95 432/358/95 433/359/95
f 432/358/95 434/360/95 433/359/95
f 435/361/2 436/362/2 437/363/2
f 436/362/2 438/364/2 437/363/2
f 439/365/11 440/360/11 441/366/11
f 440/360/11 442/358/11 441/366/11
f 443/359/100 444/349/100 445/357/100
f 444/349/100 446/351/100 445/357/100
f 447/367/11 448/368/11 449/369/11
f 448/368/11 450/370/11 449/369/11
f 451/371/99 452/372/99 453/373/99
f 452/372/99 454/374/99 453/373/99
f 455/375/100 456/376/100 457/377/100
f 456/376/100 458/378/100 457/377/100
f 459/379/2 460/380/2 461/381/2
f 460/380/2 462/382/2 461/381/2
f 463/383/95 464/378/95 465/384/95
f 464/378/95 466/376/95 465/384/95
f 467/377/96 468/367/96 469/375/96
f 468/367/96 470/369/96 469/375/96
f 471/385/105 472/386/105 473/387/105
f 472/386/105 474/388/105 473/387/105
f 475/389/95 476/390/95 477/391/95
f 475/389/95 477/391/95 478/392/95
f 479/393/106 480/394/106 481/395/106
f 480/394/106 482/396/106 481/395/106
f 483/397/107 484/391/107 485/398/107
f 484/391/107 486/390/107 485/398/107
f 487/392/108 488/399/108 489/389/108
f 488/399/108 490/400/108 489/389/108
f 491/401/11 492/402/11 493/403/11
f 492/402/11 494/404/11 493/403/11
f 495/405/99 496/406/99 497/407/99
f 496/406/99 498/408/99 497/407/99
f 499/409/100 500/410/100 501/411/100
f 500/410/100 502/412/100 501/411/100
f 503/413/2 504/414/2 505/415/2
f 504/414/2 506/416/2 505/415/2
f 507/417/95 508/412/95 509/418/95
f 508/412/95 510/410/95 509/418/95
f 511/411/96 512/401/96 513/409/96
f 512/401/96 514/403/96 513/409/96
f 515/419/109 516/420/109 517/421/109
f 516/420/109 518/422/109 517/421/109
f 519/423/96 520/424/96 521/425/96
f 519/423/96 521/425/96 522/426/96
f 523/427/110 524/428/110 525/429/110
f 524/428/110 526/430/110 525/429/110
f 527/431/111 528/425/111 529/432/111
f 528/425/111 530/424/111 529/432/111
f 531/426/112 532/433/112 533/423/112
f 532/433/112 534/434/112 533/423/112
f 535/435/113 536/436/113 537/437/113
f 536/436/113 538/438/113 537/437/113
f 539/439/96 540/440/96 541/441/96
f 540/440/96 542/442/96 541/441/96
f 543/443/114 544/444/114 545/445/114
f 544/444/114 546/446/114 545/445/114
f 547/447/115 548/442/115 549/448/115
f 548/442/115 550/440/115 549/448/115
f 551/441/116 552/449/116 553/439/116
f 552/449/116 554/450/116 553/439/116
f 555/451/117 556/452/117 557/453/117
f 556/452/117 558/454/117 557/453/117
f 559/455/96 560/456/96 561/457/96
f 559/455/96 561/457/96 562/458/96
f 563/459/118 564/460/118 565/461/118
f 564/460/118 566/462/118 565/461/118
f 567/463/119 568/457/119 569/464/119
f 568/457/119 570/456/119 569/464/119
f 571/458/120 572/465/120 573/455/120
f 572/465/120 574/466/120 573/455/120
f 575/467/121 576/468/121 577/469/121
f 576/468/121 578/470/121 577/469/121
f 579/471/95 580/472/95 581/473/95
f 580/472/95 582/474/95 581/473/95
f 583/475/122 584/476/122 585/477/122
f 584/476/123 586/478/123 585/477/123
f 587/479/124 588/474/124 589/480/124
f 588/474/124 590/472/124 589/480/124
f 591/473/125 592/481/125 593/471/125
f 592/481/125 594/482/125 593/471/125
f 595/483/126 596/484/126 597/485/126
f 596/484/126 598/486/126 597/485/126
f 599/487/95 600/488/95 601/489/95
f 599/487/95 601/489/95 602/490/95
f 603/491/127 604/492/127 605/493/127
f 604/492/127 606/494/127 605/493/127
f 607/495/128 608/489/128 609/496/128
f 608/489/128 610/488/128 609/496/128
f 611/490/129 612/497/129 613/487/129
f 612/497/129 614/498/129 613/487/129
f 615/499/130 616/500/130 617/501/130
f 616/500/130 618/502/130 617/501/130
f 619/503/95 620/504/95 621/505/95
f 619/503/95 621/505/95 622/506/95
f 623/507/131 624/508/131 625/509/131
f 624/508/131 626/510/131 625/509/131
f 627/511/132 628/505/132 629/512/132
f 628/505/132 630/504/132 629/512/132
f 631/506/133 632/513/133 633/503/133
f 632/513/133 634/514/133 633/503/133
f 635/515/11 636/516/11 637/517/11
f 636/516/11 638/518/11 637/517/11
f 639/519/134 640/520/134 641/521/134
f 640/520/134 642/522/134 641/521/134
f 643/523/135 644/524/135 645/525/135
f 644/524/135 646/526/135 645/525/135
f 647/516/136 648/527/136 649/518/136
f 648/527/136 650/528/136 649/518/136
f 651/529/137 652/515/137 653/530/137
f 652/515/137 654/517/137 653/530/137
f 655/531/11 656/532/11 657/533/11
f 656/532/11 658/534/11 657/533/11
f 659/535/99 660/536/99 661/537/99
f 660/536/99 662/538/99 661/537/99
f 663/539/100 664/540/100 665/541/100
f 664/540/100 666/542/100 665/541/100
f 667/543/2 668/544/2 669/545/2
f 668/544/2 670/546/2 669/545/2
f 671/547/95 672/542/95 673/548/95
f 672/542/95 674/540/95 673/548/95
f 675/541/96 676/531/96 677/539/96
f 676/531/96 678/533/96 677/539/96
f 679/549/96 680/550/96 681/551/96
f 680/550/96 682/552/96 681/551/96
f 683/553/99 684/554/99 685/555/99
f 684/554/99 686/556/99 685/555/99
f 687/557/95 688/558/95 689/559/95
f 688/558/95 690/560/95 689/559/95
f 691/561/2 692/562/2 693/563/2
f 692/562/2 694/564/2 693/563/2
f 695/565/11 696/560/11 697/566/11
f 696/560/11 698/558/11 697/566/11
f 699/559/100 700/549/100 701/557/100
f 700/549/100 702/551/100 701/557/100
f 703/567/100 704/568/100 705/569/100
f 704/568/100 706/570/100 705/569/100
f 707/571/96 708/572/96 709/573/96
f 708/572/96 710/574/96 709/573/96
f 711/575/11 712/576/11 713/577/11
f 712/576/11 714/578/11 713/577/11
f 715/579/95 716/580/95 717/581/95
f 716/580/95 718/582/95 717/581/95
f 719/568/2 720/583/2 721/570/2
f 720/583/2 722/584/2 721/570/2
f 723/577/99 724/585/99 725/575/99
f 724/585/99 726/586/99 725/575/99
f 727/587/100 728/588/100 729/589/100
f 728/588/100 730/590/100 729/589/100
f 731/591/138 732/592/138 733/593/138
f 732/592/138 734/594/138 733/593/138
f 735/595/139 736/596/139 737/597/139
f 736/596/139 738/598/139 737/597/139
f 739/588/140 740/599/140 741/590/140
f 740/599/140 742/600/140 741/590/140
f 743/601/141 744/587/141 745/602/141
f 744/587/141 746/589/141 745/602/141
f 747/603/100 748/604/100 749/605/100
f 748/604/100 750/606/100 749/605/100
f 751/607/96 752/608/96 753/609/96
f 752/608/96 754/610/96 753/609/96
f 755/611/95 756/612/95 757/613/95
f 756/612/95 758/614/95 757/613/95
f 759/604/2 760/615/2 761/606/2
f 760/615/2 762/616/2 761/606/2
f 763/617/99 764/603/99 765/618/99
f 764/603/99 766/605/99 765/618/99
f 767/619/100 768/620/100 769/621/100
f 768/620/100 770/622/100 769/621/100
f 771/623/142 772/624/142 773/625/142
f 772/624/142 774/626/142 773/625/142
f 775/627/143 776/628/143 777/629/143
f 776/628/143 778/630/143 777/629/143
f 779/620/144 780/631/144 781/622/144
f 780/631/144 782/632/144 781/622/144
f 783/633/145 784/619/145 785/634/145
f 784/619/145 786/621/145 785/634/145
f 787/635/95 788/636/95 789/637/95
f 788/636/95 790/638/95 789/637/95
f 791/639/100 792/640/100 793/641/100
f 792/640/100 794/642/100 793/641/100
f 795/643/96 796/644/96 797/645/96
f 796/644/96 798/646/96 797/645/96
f 799/647/2 800/642/2 801/648/2
f 800/642/2 802/640/2 801/648/2
f 803/641/99 804/649/99 805/639/99
f 804/649/99 806/650/99 805/639/99
f 807/651/2 808/652/2 809/653/2
f 808/652/2 810/654/2 809/653/2
f 811/655/99 812/656/99 813/657/99
f 812/656/99 814/658/99 813/657/99
f 815/652/95 816/659/95 817/654/95
f 816/659/95 818/660/95 817/654/95
f 819/657/96 820/651/96 821/655/96
f 820/651/96 822/653/96 821/655/96
f 823/661/11 824/662/11 825/663/11
f 824/662/11 826/664/11 825/663/11
f 827/665/146 828/666/146 829/667/146
f 828/666/146 830/668/146 829/667/146
f 831/669/147 832/670/147 833/671/147
f 832/670/147 834/672/147 833/671/147
f 835/662/148 836/673/148 837/664/148
f 836/673/148 838/674/148 837/664/148
f 839/675/149 840/661/149 841/676/149
f 840/661/149 842/663/149 841/676/149
f 843/677/11 844/678/11 845/679/11
f 844/678/11 846/680/11 845/679/11
f 847/681/99 848/682/99 849/683/99
f 848/682/99 850/684/99 849/683/99
f 851/685/100 852/686/100 853/687/100
f 852/686/100 854/688/100 853/687/100
f 855/689/2 856/690/2 857/691/2
f 856/690/2 858/692/2 857/691/2
f 859/693/95 860/688/95 861/694/95
f 860/688/95 862/686/95 861/694/95
f 863/687/96 864/677/96 865/685/96
f 864/677/96 866/679/96 865/685/96
f 867/695/2 868/696/2 869/697/2
f 868/696/2 870/698/2 869/697/2
f 871/699/11 872/700/11 873/701/11
f 872/700/11 874/702/11 873/701/11
f 875/703/99 876/704/99 877/705/99
f 876/704/99 878/706/99 877/705/99
f 879/696/95 880/706/95 881/698/95
f 880/706/95 882/704/95 881/698/95
f 883/705/96 884/707/96 885/703/96
f 884/707/96 886/708/96 885/703/96
f 887/709/96 888/710/96 889/711/96
f 888/710/96 890/712/96 889/711/96
f 891/713/99 892/714/99 893/715/99
f 892/714/99 894/716/99 893/715/99
f 895/717/95 896/718/95 897/719/95
f 896/718/95 898/720/95 897/719/95
f 899/721/2 900/722/2 901/723/2
f 900/722/2 902/724/2 901/723/2
f 903/710/11 904/725/11 905/712/11
f 904/725/11 906/726/11 905/712/11
f 907/719/100 908/709/100 909/717/100
f 908/709/100 910/711/100 909/717/100
f 911/727/11 912/728/11 913/729/11
f 912/728/11 914/730/11 913/729/11
f 915/731/99 916/732/99 917/733/99
f 916/732/99 918/734/99 917/733/99
f 919/735/100 920/736/100 921/737/100
f 920/736/100 922/738/100 921/737/100
f 923/739/2 924/740/2 925/741/2
f 924/740/2 926/742/2 925/741/2
f 927/743/95 928/738/95 929/744/95
f 928/738/95 930/736/95 929/744/95
f 931/737/96 932/727/96 933/735/96
f 932/727/96 934/729/96 933/735/96
f 935/745/11 936/746/11 937/747/11
f 936/746/11 938/748/11 937/747/11
f 939/749/99 940/750/99 941/751/99
f 940/750/99 942/752/99 941/751/99
f 943/753/100 944/754/100 945/755/100
f 944/754/100 946/756/100 945/755/100
f 947/757/2 948/758/2 949/759/2
f 948/758/2 950/760/2 949/759/2
f 951/761/95 952/756/95 953/762/95
f 952/756/95 954/754/95 953/762/95
f 955/755/96 956/745/96 957/753/96
f 956/745/96 958/747/96 957/753/96
f 959/763/96 960/764/96 961/765/96
f 960/764/96 962/766/96 961/765/96
f 963/767/150 964/768/150 965/769/150
f 964/768/150 966/770/150 965/769/150
f 967/771/151 968/772/151 969/773/151
f 968/772/151 970/774/151 969/773/151
f 971/764/152 972/775/152 973/766/152
f 972/775/152 974/776/152 973/766/152
f 975/777/153 976/763/153 977/778/153
f 976/763/153 978/765/153 977/778/153
f 979/779/154 980/780/154 981/781/154
f 980/780/154 982/782/154 981/781/154
f 983/783/95 984/784/95 985/785/95
f 983/783/95 985/785/95 986/786/95
f 987/787/155 988/788/155 989/789/155
f 988/788/155 990/790/155 989/789/155
f 991/791/156 992/785/156 993/792/156
f 992/785/156 994/784/156 993/792/156
f 995/786/157 996/793/157 997/783/157
f 996/793/157 998/794/157 997/783/157
f 999/795/11 1000/796/11 1001/797/11
f 1000/796/11 1002/798/11 1001/797/11
f 1003/799/99 1004/800/99 1005/801/99
f 1004/800/99 1006/802/99 1005/801/99
f 1007/803/100 1008/804/100 1009/805/100
f 1008/804/100 1010/806/100 1009/805/100
f 1011/807/2 1012/808/2 1013/809/2
f 1012/808/2 1014/810/2 1013/809/2
f 1015/811/95 1016/806/95 1017/812/95
f 1016/806/95 1018/804/95 1017/812/95
f 1019/805/96 1020/795/96 1021/803/96
f 1020/795/96 1022/797/96 1021/803/96
f 1023/813/2 1024/814/2 1025/815/2
f 1024/814/2 1026/816/2 1025/815/2
f 1027/817/99 1028/818/99 1029/819/99
f 1028/818/99 1030/820/99 1029/819/99
f 1031/814/95 1032/820/95 1033/816/95
f 1032/820/95 1034/818/95 1033/816/95
f 1035/821/96 1036/822/96 1037/823/96
f 1036/822/96 1038/824/96 1037/823/96
f 1039/825/158 1040/826/158 1041/827/158
f 1040/826/158 1042/828/158 1041/827/158
f 1043/829/159 1044/830/159 1045/831/159
f 1044/830/159 1046/832/159 1045/831/159
f 1047/822/160 1048/833/160 1049/824/160
f 1048/833/160 1050/834/160 1049/824/160
f 1051/835/161 1052/821/161 1053/836/161
f 1052/821/161 1054/823/161 1053/836/161
f 1055/837/2 1056/838/2 1057/839/2
f 1056/838/2 1058/840/2 1057/839/2
f 1059/841/99 1060/842/99 1061/843/99
f 1060/842/99 1062/844/99 1061/843/99
f 1063/845/95 1064/844/95 1065/846/95
f 1064/844/95 1066/842/95 1065/846/95
f 1067/843/96 1068/837/96 1069/841/96
f 1068/837/96 1070/839/96 1069/841/96
f 1071/847/2 1072/848/2 1073/849/2
f 1072/848/2 1074/850/2 1073/849/2
f 1075/851/99 1076/852/99 1077/853/99
f 1076/852/99 1078/854/99 1077/853/99
f 1079/848/95 1080/854/95 1081/850/95
f 1080/854/95 1082/852/95 1081/850/95
f 1083/853/96 1084/855/96 1085/851/96
f 1084/855/96 1086/856/96 1085/851/96
f 1087/857/11 1088/858/11 1089/859/11
f 1088/858/11 1090/860/11 1089/859/11
f 1091/861/99 1092/862/99 1093/863/99
f 1092/862/99 1094/864/99 1093/863/99
f 1095/865/100 1096/866/100 1097/867/100
f 1096/866/100 1098/868/100 1097/867/100
f 1099/869/2 1100/870/2 1101/871/2
f 1100/870/2 1102/872/2 1101/871/2
f 1103/873/95 1104/868/95 1105/874/95
f 1104/868/95 1106/866/95 1105/874/95
f 1107/867/96 1108/857/96 1109/865/96
f 1108/857/96 1110/859/96 1109/865/96
f 1111/875/11 1112/876/11 1113/877/11
f 1112/876/11 1114/878/11 1113/877/11
f 1115/879/99 1116/880/99 1117/881/99
f 1116/880/99 1118/882/99 1117/881/99
f 1119/883/100 1120/884/100 1121/885/100
f 1120/884/100 1122/886/100 1121/885/100
f 1123/887/2 1124/888/2 1125/889/2
f 1124/888/2 1126/890/2 1125/889/2
f 1127/891/95 1128/886/95 1129/892/95
f 1128/886/95 1130/884/95 1129/892/95
f 1131/885/96 1132/875/96 1133/883/96
f 1132/875/96 1134/877/96 1133/883/96
f 1135/893/2 1136/894/2 1137/895/2
f 1136/894/2 1138/896/2 1137/895/2
f 1139/897/99 1140/898/99 1141/899/99
f 1140/898/99 1142/900/99 1141/899/99
f 1143/894/95 1144/900/95 1145/896/95
f 1144/900/95 1146/898/95 1145/896/95
f 1147/899/96 1148/901/96 1149/897/96
f 1148/901/96 1150/902/96 1149/897/96
f 1151/903/11 1152/904/11 1153/905/11
f 1152/904/11 1154/906/11 1153/905/11
f 1155/907/95 1156/908/95 1157/909/95
f 1156/908/95 1158/910/95 1157/909/95
f 1159/911/100 1160/912/100 1161/913/100
f 1160/912/100 1162/914/100 1161/913/100
f 1163/915/96 1164/916/96 1165/917/96
f 1164/916/96 1166/918/96 1165/917/96
f 1167/904/2 1168/919/2 1169/906/2
f 1168/919/2 1170/920/2 1169/906/2
f 1171/913/99 1172/903/99 1173/911/99
f 1172/903/99 1174/905/99 1173/911/99
f 1175/921/96 1176/922/96 1177/923/96
f 1176/922/96 1178/924/96 1177/923/96
f 1179/925/99 1180/926/99 1181/927/99
f 1180/926/99 1182/928/99 1181/927/99
f 1183/929/95 1184/930/95 1185/931/95
f 1184/930/95 1186/932/95 1185/931/95
f 1187/933/2 1188/934/2 1189/935/2
f 1188/934/2 1190/936/2 1189/935/2
f 1191/922/11 1192/937/11 1193/924/11
f 1192/937/11 1194/938/11 1193/924/11
f 1195/931/100 1196/921/100 1197/929/100
f 1196/921/100 1198/923/100 1197/929/100
f 1199/939/11 1200/940/11 1201/941/11
f 1200/940/11 1202/942/11 1201/941/11
f 1203/943/99 1204/944/99 1205/945/99
f 1204/944/99 1206/946/99 1205/945/99
f 1207/947/100 1208/948/100 1209/949/100
f 1208/948/100 1210/950/100 1209/949/100
f 1211/951/2 1212/952/2 1213/953/2
f 1212/952/2 1214/954/2 1213/953/2
f 1215/955/95 1216/950/95 1217/956/95
f 1216/950/95 1218/948/95 1217/956/95
f 1219/949/96 1220/939/96 1221/947/96
f 1220/939/96 1222/941/96 1221/947/96
f 1223/957/96 1224/958/96 1225/959/96
f 1224/958/96 1226/960/96 1225/959/96
f 1227/961/99 1228/962/99 1229/963/99
f 1228/962/99 1230/964/99 1229/963/99
f 1231/965/95 1232/966/95 1233/967/95
f 1232/966/95 1234/968/95 1233/967/95
f 1235/969/2 1236/970/2 1237/971/2
f 1236/970/2 1238/972/2 1237/971/2
f 1239/958/11 1240/973/11 1241/960/11
f 1240/973/11 1242/974/11 1241/960/11
f 1243/967/100 1244/957/100 1245/965/100
f 1244/957/100 1246/959/100 1245/965/100
f 1247/975/11 1248/976/11 1249/977/11
f 1248/976/11 1250/978/11 1249/977/11
f 1251/979/95 1252/980/95 1253/981/95
f 1252/980/95 1254/982/95 1253/981/95
f 1255/983/96 1256/984/96 1257/985/96
f 1256/984/96 1258/986/96 1257/985/96
f 1259/976/2 1260/987/2 1261/978/2
f 1260/987/2 1262/988/2 1261/978/2
f 1263/989/99 1264/975/99 1265/990/99
f 1264/975/99 1266/977/99 1265/990/99
f 1267/991/2 1268/992/2 1269/993/2
f 1268/992/2 1270/994/2 1269/993/2
f 1271/995/99 1272/996/99 1273/997/99
f 1272/996/99 1274/998/99 1273/997/99
f 1275/992/95 1276/998/95 1277/994/95
f 1276/998/95 1278/996/95 1277/994/95
f 1279/997/96 1280/999/96 1281/995/96
f 1280/999/96 1282/1000/96 1281/995/96
f 1283/1001/96 1284/1002/96 1285/1003/96
f 1284/1002/96 1286/1004/96 1285/1003/96
f 1287/1005/99 1288/1006/99 1289/1007/99
f 1288/1006/99 1290/1008/99 1289/1007/99
f 1291/1009/95 1292/1010/95 1293/1011/95
f 1292/1010/95 1294/1012/95 1293/1011/95
f 1295/1013/2 1296/1014/2 1297/1015/2
f 1296/1014/2 1298/1016/2 1297/1015/2
f 1299/1017/11 1300/1012/11 1301/1018/11
f 1300/1012/11 1302/1010/11 1301/1018/11
f 1303/1011/100 1304/1001/100 1305/1009/100
f 1304/1001/100 1306/1003/100 1305/1009/100
f 1307/1019/11 1308/1020/11 1309/1021/11
f 1308/1020/11 1310/1022/11 1309/1021/11
f 1311/1023/99 1312/1024/99 1313/1025/99
f 1312/1024/99 1314/1026/99 1313/1025/99
f 1315/1027/100 1316/1028/100 1317/1029/100
f 1316/1028/100 1318/1030/100 1317/1029/100
f 1319/1031/2 1320/1032/2 1321/1033/2
f 1320/1032/2 1322/1034/2 1321/1033/2
f 1323/1020/95 1324/1030/95 1325/1022/95
f 1324/1030/95 1326/1028/95 1325/1022/95
f 1327/1035/96 1328/1019/96 1329/1036/96
f 1328/1019/96 1330/1021/96 1329/1036/96
f 1331/1037/11 1332/1038/11 1333/1039/11
f 1332/1038/11 1334/1040/11 1333/1039/11
f 1335/1041/99 1336/1042/99 1337/1043/99
f 1336/1042/99 1338/1044/99 1337/1043/99
f 1339/1045/100 1340/1046/100 1341/1047/100
f 1340/1046/100 1342/1048/100 1341/1047/100
f 1343/1049/2 1344/1050/2 1345/1051/2
f 1344/1050/2 1346/1052/2 1345/1051/2
f 1347/1053/95 1348/1048/95 1349/1054/95
f 1348/1048/95 1350/1046/95 1349/1054/95
f 1351/1047/96 1352/1037/96 1353/1045/96
f 1352/1037/96 1354/1039/96 1353/1045/96
f 1355/1055/96 1356/1056/96 1357/1057/96
f 1356/1056/96 1358/1058/96 1357/1057/96
f 1359/1059/99 1360/1060/99 1361/1061/99
f 1360/1060/99 1362/1062/99 1361/1061/99
f 1363/1063/95 1364/1064/95 1365/1065/95
f 1364/1064/95 1366/1066/95 1365/1065/95
f 1367/1067/2 1368/1068/2 1369/1069/2
f 1368/1068/2 1370/1070/2 1369/1069/2
f 1371/1056/11 1372/1071/11 1373/1058/11
f 1372/1071/11 1374/1072/11 1373/1058/11
f 1375/1065/100 1376/1055/100 1377/1063/100
f 1376/1055/100 1378/1057/100 1377/1063/100
f 1379/1073/11 1380/1074/11 1381/1075/11
f 1380/1074/11 1382/1076/11 1381/1075/11
f 1383/1077/99 1384/1078/99 1385/1079/99
f 1384/1078/99 1386/1080/99 1385/1079/99
f 1387/1081/100 1388/1082/100 1389/1083/100
f 1388/1082/100 1390/1084/100 1389/1083/100
f 1391/1085/2 1392/1086/2 1393/1087/2
f 1392/1086/2 1394/1088/2 1393/1087/2
f 1395/1074/95 1396/1084/95 1397/1076/95
f 1396/1084/95 1398/1082/95 1397/1076/95
f 1399/1089/96 1400/1073/96 1401/1090/96
f 1400/1073/96 1402/1075/96 1401/1090/96
f 1403/1091/11 1404/1092/11 1405/1093/11
f 1404/1092/11 1406/1094/11 1405/1093/11
f 1407/1095/99 1408/1096/99 1409/1097/99
f 1408/1096/99 1410/1098/99 1409/1097/99
f 1411/1099/100 1412/1100/100 1413/1101/100
f 1412/1100/100 1414/1102/100 1413/1101/100
f 1415/1103/2 1416/1104/2 1417/1105/2
f 1416/1104/2 1418/1106/2 1417/1105/2
f 1419/1107/95 1420/1102/95 1421/1108/95
f 1420/1102/95 1422/1100/95 1421/1108/95
f 1423/1101/96 1424/1091/96 1425/1099/96
f 1424/1091/96 1426/1093/96 1425/1099/96
f 1427/1109/11 1428/1110/11 1429/1111/11
f 1428/1110/11 1430/1112/11 1429/1111/11
f 1431/1113/99 1432/1114/99 1433/1115/99
f 1432/1114/99 1434/1116/99 1433/1115/99
f 1435/1117/100 1436/1118/100 1437/1119/100
f 1436/1118/100 1438/1120/100 1437/1119/100
f 1439/1121/2 1440/1122/2 1441/1123/2
f 1440/1122/2 1442/1124/2 1441/1123/2
f 1443/1110/95 1444/1120/95 1445/1112/95
f 1444/1120/95 1446/1118/95 1445/1112/95
f 1447/1125/96 1448/1109/96 1449/1126/96
f 1448/1109/96 1450/1111/96 1449/1126/96
f 1451/1127/2 1452/1128/2 1453/1129/2
f 1452/1128/2 1454/1130/2 1453/1129/2
f 1455/1131/11 1456/1132/11 1457/1133/11
f 1456/1132/11 1458/1134/11 1457/1133/11
f 1459/1135/99 1460/1136/99 1461/1137/99
f 1460/1136/99 1462/1138/99 1461/1137/99
f 1463/1139/100 1464/1140/100 1465/1141/100
f 1464/1140/100 1466/1142/100 1465/1141/100
f 1467/1128/95 1468/1143/95 1469/1130/95
f 1468/1143/95 1470/1144/95 1469/1130/95
f 1471/1137/96 1472/1127/96 1473/1135/96
f 1472/1127/96 1474/1129/96 1473/1135/96
f 1475/1145/95 1476/1146/95 1477/1147/95
f 1476/1146/95 1478/1148/95 1477/1147/95
f 1479/1149/100 1480/1150/100 1481/1151/100
f 1480/1150/100 1482/1152/100 1481/1151/100
f 1483/1153/96 1484/1154/96 1485/1155/96
f 1484/1154/96 1486/1156/96 1485/1155/96
f 1487/1157/2 1488/1152/2 1489/1158/2
f 1488/1152/2 1490/1150/2 1489/1158/2
f 1491/1151/99 1492/1159/99 1493/1149/99
f 1492/1159/99 1494/1160/99 1493/1149/99
f 1495/1161/11 1496/1162/11 1497/1163/11
f 1496/1162/11 1498/1164/11 1497/1163/11
f 1499/1165/99 1500/1166/99 1501/1167/99
f 1500/1166/99 1502/1168/99 1501/1167/99
f 1503/1169/100 1504/1170/100 1505/1171/100
f 1504/1170/100 1506/1172/100 1505/1171/100
f 1507/1173/2 1508/1174/2 1509/1175/2
f 1508/1174/2 1510/1176/2 1509/1175/2
f 1511/1162/95 1512/1172/95 1513/1164/95
f 1512/1172/95 1514/1170/95 1513/1164/95
f 1515/1171/96 1516/1177/96 1517/1169/96
f 1516/1177/96 1518/1178/96 1517/1169/96
f 1519/1179/11 1520/1180/11 1521/1181/11
f 1520/1180/11 1522/1182/11 1521/1181/11
f 1523/1183/99 1524/1184/99 1525/1185/99
f 1524/1184/99 1526/1186/99 1525/1185/99
f 1527/1187/100 1528/1188/100 1529/1189/100
f 1528/1188/100 1530/1190/100 1529/1189/100
f 1531/1191/2 1532/1192/2 1533/1193/2
f 1532/1192/2 1534/1194/2 1533/1193/2
f 1535/1180/95 1536/1195/95 1537/1182/95
f 1536/1195/95 1538/1196/95 1537/1182/95
f 1539/1189/96 1540/1179/96 1541/1187/96
f 1540/1179/96 1542/1181/96 1541/1187/96
f 1543/1197/96 1544/1198/96 1545/1199/96
f 1544/1198/96 1546/1200/96 1545/1199/96
f 1547/1201/99 1548/1202/99 1549/1203/99
f 1548/1202/99 1550/1204/99 1549/1203/99
f 1551/1205/95 1552/1206/95 1553/1207/95
f 1552/1206/95 1554/1208/95 1553/1207/95
f 1555/1209/2 1556/1210/2 1557/1211/2
f 1556/1210/2 1558/1212/2 1557/1211/2
f 1559/1198/11 1560/1208/11 1561/1200/11
f 1560/1208/11 1562/1206/11 1561/1200/11
f 1563/1207/100 1564/1213/100 1565/1205/100
f 1564/1213/100 1566/1214/100 1565/1205/100
f 1567/1215/2 1568/1216/2 1569/1217/2
f 1568/1216/2 1570/1218/2 1569/1217/2
f 1571/1219/99 1572/1220/99 1573/1221/99
f 1572/1220/99 1574/1222/99 1573/1221/99
f 1575/1216/95 1576/1223/95 1577/1218/95
f 1576/1223/95 1578/1224/95 1577/1218/95
f 1579/1221/96 1580/1215/96 1581/1219/96
f 1580/1215/96 1582/1217/96 1581/1219/96
f 1583/1225/11 1584/1226/11 1585/1227/11
f 1584/1226/11 1586/1228/11 1585/1227/11
f 1587/1229/99 1588/1230/99 1589/1231/99
f 1588/1230/99 1590/1232/99 1589/1231/99
f 1591/1233/100 1592/1234/100 1593/1235/100
f 1592/1234/100 1594/1236/100 1593/1235/100
f 1595/1237/2 1596/1238/2 1597/1239/2
f 1596/1238/2 1598/1240/2 1597/1239/2
f 1599/1226/95 1600/1236/95 1601/1228/95
f 1600/1236/95 1602/1234/95 1601/1228/95
f 1603/1235/96 1604/1241/96 1605/1233/96
f 1604/1241/96 1606/1242/96 1605/1233/96
f 1607/1243/2 1608/1244/2 1609/1245/2
f 1608/1244/2 1610/1246/2 1609/1245/2
f 1611/1247/99 1612/1248/99 1613/1249/99
f 1612/1248/99 1614/1250/99 1613/1249/99
f 1615/1249/96 1616/1243/96 1617/1247/96
f 1616/1243/96 1618/1245/96 1617/1247/96
f 1619/1251/96 1620/1252/96 1621/1253/96
f 1620/1252/96 1622/1254/96 1621/1253/96
f 1623/1255/99 1624/1256/99 1625/1257/99
f 1624/1256/99 1626/1258/99 1625/1257/99
f 1627/1259/95 1628/1260/95 1629/1261/95
f 1628/1260/95 1630/1262/95 1629/1261/95
f 1631/1263/2 1632/1264/2 1633/1265/2
f 1632/1264/2 1634/1266/2 1633/1265/2
f 1635/1252/11 1636/1267/11 1637/1254/11
f 1636/1267/11 1638/1268/11 1637/1254/11
f 1639/1261/100 1640/1251/100 1641/1259/100
f 1640/1251/100 1642/1253/100 1641/1259/100
f 1643/1269/96 1644/1270/96 1645/1271/96
f 1644/1270/96 1646/1272/96 1645/1271/96
f 1647/1273/99 1648/1274/99 1649/1275/99
f 1648/1274/99 1650/1276/99 1649/1275/99
f 1651/1277/95 1652/1278/95 1653/1279/95
f 1652/1278/95 1654/1280/95 1653/1279/95
f 1655/1281/2 1656/1282/2 1657/1283/2
f 1656/1282/2 1658/1284/2 1657/1283/2
f 1659/1270/11 1660/1280/11 1661/1272/11
f 1660/1280/11 1662/1278/11 1661/1272/11
f 1663/1279/100 1664/1285/100 1665/1277/100
f 1664/1285/100 1666/1286/100 1665/1277/100
f 1667/1287/96 1668/1288/96 1669/1289/96
f 1668/1288/96 1670/1290/96 1669/1289/96
f 1671/1291/99 1672/1292/99 1673/1293/99
f 1672/1292/99 1674/1294/99 1673/1293/99
f 1675/1295/95 1676/1296/95 1677/1297/95
f 1676/1296/95 1678/1298/95 1677/1297/95
f 1679/1299/2 1680/1300/2 1681/1301/2
f 1680/1300/2 1682/1302/2 1681/1301/2
f 1683/1288/11 1684/1303/11 1685/1290/11
f 1684/1303/11 1686/1304/11 1685/1290/11
f 1687/1297/100 1688/1287/100 1689/1295/100
f 1688/1287/100 1690/1289/100 1689/1295/100
f 1691/1305/96 1692/1306/96 1693/1307/96
f 1692/1306/96 1694/1308/96 1693/1307/96
f 1695/1309/162 1696/1310/162 1697/1311/162
f 1696/1310/162 1698/1312/162 1697/1311/162
f 1699/1313/163 1700/1314/163 1701/1315/163
f 1700/1314/163 1702/1316/163 1701/1315/163
f 1703/1306/164 1704/1317/164 1705/1308/164
f 1704/1317/164 1706/1318/164 1705/1308/164
f 1707/1319/165 1708/1305/165 1709/1320/165
f 1708/1305/165 1710/1307/165 1709/1320/165
f 1711/1321/96 1712/1322/96 1713/1323/96
f 1712/1322/96 1714/1324/96 1713/1323/96
f 1715/1325/99 1716/1326/99 1717/1327/99
f 1716/1326/99 1718/1328/99 1717/1327/99
f 1719/1329/95 1720/1330/95 1721/1331/95
f 1720/1330/95 1722/1332/95 1721/1331/95
f 1723/1333/2 1724/1334/2 1725/1335/2
f 1724/1334/2 1726/1336/2 1725/1335/2
f 1727/1322/11 1728/1332/11 1729/1324/11
f 1728/1332/11 1730/1330/11 1729/1324/11
f 1731/1337/100 1732/1321/100 1733/1338/100
f 1732/1321/100 1734/1323/100 1733/1338/100
f 1735/1339/11 1736/1340/11 1737/1341/11
f 1736/1340/11 1738/1342/11 1737/1341/11
f 1739/1343/99 1740/1344/99 1741/1345/99
f 1740/1344/99 1742/1346/99 1741/1345/99
f 1743/1347/100 1744/1348/100 1745/1349/100
f 1744/1348/100 1746/1350/100 1745/1349/100
f 1747/1351/2 1748/1352/2 1749/1353/2
f 1748/1352/2 1750/1354/2 1749/1353/2
f 1751/1340/95 1752/1355/95 1753/1342/95
f 1752/1355/95 1754/1356/95 1753/1342/95
f 1755/1349/96 1756/1339/96 1757/1347/96
f 1756/1339/96 1758/1341/96 1757/1347/96
f 1759/1357/96 1760/1358/96 1761/1359/96
f 1760/1358/96 1762/1360/96 1761/1359/96
f 1763/1361/99 1764/1362/99 1765/1363/99
f 1764/1362/99 1766/1364/99 1765/1363/99
f 1767/1365/95 1768/1366/95 1769/1367/95
f 1768/1366/95 1770/1368/95 1769/1367/95
f 1771/1369/2 1772/1370/2 1773/1371/2
f 1772/1370/2 1774/1372/2 1773/1371/2
f 1775/1358/11 1776/1373/11 1777/1360/11
f 1776/1373/11 1778/1374/11 1777/1360/11
f 1779/1367/100 1780/1357/100 1781/1365/100
f 1780/1357/100 1782/1359/100 1781/1365/100
f 1783/1375/11 1784/1376/11 1785/1377/11
f 1784/1376/11 1786/1378/11 1785/1377/11
f 1787/1379/99 1788/1380/99 1789/1381/99
f 1788/1380/99 1790/1382/99 1789/1381/99
f 1791/1383/100 1792/1384/100 1793/1385/100
f 1792/1384/100 1794/1386/100 1793/1385/100
f 1795/1387/2 1796/1388/2 1797/1389/2
f 1796/1388/2 1798/1390/2 1797/1389/2
f 1799/1376/95 1800/1391/95 1801/1378/95
f 1800/1391/95 1802/1392/95 1801/1378/95
f 1803/1385/96 1804/1375/96 1805/1383/96
f 1804/1375/96 1806/1377/96 1805/1383/96
f 1807/1393/11 1808/1394/11 1809/1395/11
f 1808/1394/11 1810/1396/11 1809/1395/11
f 1811/1397/99 1812/1398/99 1813/1399/99
f 1812/1398/99 1814/1400/99 1813/1399/99
f 1815/1401/100 1816/1402/100 1817/1403/100
f 1816/1402/100 1818/1404/100 1817/1403/100
f 1819/1405/2 1820/1406/2 1821/1407/2
f 1820/1406/2 1822/1408/2 1821/1407/2
f 1823/1394/95 1824/1409/95 1825/1396/95
f 1824/1409/95 1826/1410/95 1825/1396/95
f 1827/1403/96 1828/1393/96 1829/1401/96
f 1828/1393/96 1830/1395/96 1829/1401/96
f 1831/1411/166 1832/1412/166 1833/1413/166
f 1832/1412/166 1834/1414/166 1833/1413/166
f 1835/1415/95 1836/1416/95 1837/1417/95
f 1835/1415/95 1837/1417/95 1838/1418/95
f 1839/1419/167 1840/1420/167 1841/1421/167
f 1840/1420/167 1842/1422/167 1841/1421/167
f 1843/1423/168 1844/1417/168 1845/1424/168
f 1844/1417/168 1846/1416/168 1845/1424/168
f 1847/1418/169 1848/1425/169 1849/1415/169
f 1848/1425/169 1850/1426/169 1849/1415/169
f 1851/1427/2 1852/1428/2 1853/1429/2
f 1852/1428/2 1854/1430/2 1853/1429/2
f 1855/1431/11 1856/1432/11 1857/1433/11
f 1856/1432/11 1858/1434/11 1857/1433/11
f 1859/1435/99 1860/1436/99 1861/1437/99
f 1860/1436/99 1862/1438/99 1861/1437/99
f 1863/1439/100 1864/1440/100 1865/1441/100
f 1864/1440/100 1866/1442/100 1865/1441/100
f 1867/1443/95 1868/1438/95 1869/1444/95
f 1868/1438/95 1870/1436/95 1869/1444/95
f 1871/1437/96 1872/1427/96 1873/1435/96
f 1872/1427/96 1874/1429/96 1873/1435/96
f 1875/1445/11 1876/1446/11 1877/1447/11
f 1876/1446/11 1878/1448/11 1877/1447/11
f 1879/1449/99 1880/1450/99 1881/1451/99
f 1880/1450/99 1882/1452/99 1881/1451/99
f 1883/1453/100 1884/1454/100 1885/1455/100
f 1884/1454/100 1886/1456/100 1885/1455/100
f 1887/1457/2 1888/1458/2 1889/1459/2
f 1888/1458/2 1890/1460/2 1889/1459/2
f 1891/1461/95 1892/1456/95 1893/1462/95
f 1892/1456/95 1894/1454/95 1893/1462/95
f 1895/1455/96 1896/1445/96 1897/1453/96
f 1896/1445/96 1898/1447/96 1897/1453/96
f 1899/1463/11 1900/1464/11 1901/1465/11
f 1900/1464/11 1902/1466/11 1901/1465/11
f 1903/1467/99 1904/1468/99 1905/1469/99
f 1904/1468/99 1906/1470/99 1905/1469/99
f 1907/1471/100 1908/1472/100 1909/1473/100
f 1908/1472/100 1910/1474/100 1909/1473/100
f 1911/1475/2 1912/1476/2 1913/1477/2
f 1912/1476/2 1914/1478/2 1913/1477/2
f 1915/1464/95 1916/1479/95 1917/1466/95
f 1916/1479/95 1918/1480/95 1917/1466/95
f 1919/1473/96 1920/1463/96 1921/1471/96
f 1920/1463/96 1922/1465/96 1921/1471/96
f 1923/1481/11 1924/1482/11 1925/1483/11
f 1924/1482/11 1926/1484/11 1925/1483/11
s 1
f 1927/1485/170 1928/1486/170 1929/1487/170
s 0
f 1928/1486/170 1930/1488/170 1929/1487/170
f 1931/1489/171 1932/1490/171 1933/1491/171
f 1932/1490/171 1934/1492/171 1933/1491/171
f 1935/1482/172 1936/1493/172 1937/1484/172
f 1936/1493/172 1938/1494/172 1937/1484/172
f 1939/1495/173 1940/1481/173 1941/1496/173
f 1940/1481/173 1942/1483/173 1941/1496/173
f 1943/1497/96 1944/1498/96 1945/1499/96
f 1944/1498/96 1946/1500/96 1945/1499/96
f 1947/1501/99 1948/1502/99 1949/1503/99
f 1948/1502/99 1950/1504/99 1949/1503/99
f 1951/1505/95 1952/1506/95 1953/1507/95
f 1952/1506/95 1954/1508/95 1953/1507/95
f 1955/1509/2 1956/1510/2 1957/1511/2
f 1956/1510/2 1958/1512/2 1957/1511/2
f 1959/1498/11 1960/1508/11 1961/1500/11
f 1960/1508/11 1962/1506/11 1961/1500/11
f 1963/1507/100 1964/1513/100 1965/1505/100
f 1964/1513/100 1966/1514/100 1965/1505/100
