# Blender 4.4.1
# www.blender.org
mtllib lenin.mtl
o lenin_statue
v -0.000490 4.317564 0.140763
v 0.008219 4.321317 0.141492
v 0.007878 4.316929 0.143544
v 0.016758 4.316740 0.145655
v 0.016887 4.323628 0.143143
v 0.026844 4.322343 0.141596
v 0.025611 4.315787 0.144541
v 0.032428 4.314593 0.140328
v 0.034266 4.318615 0.139314
v 0.039129 4.313578 0.137464
v 0.041239 4.315405 0.138717
v 0.036091 4.321494 0.142184
v 0.027274 4.326200 0.145406
v 0.016487 4.326537 0.146668
v 0.006109 4.323602 0.143936
v 0.016638 4.315372 0.148110
v 0.026105 4.314440 0.147233
v 0.033585 4.313663 0.141973
v 0.039171 4.307109 0.137590
v 0.033237 4.306477 0.142608
v 0.024692 4.306499 0.147914
v 0.014685 4.308828 0.149249
v 0.006883 4.316244 0.145855
v -0.001644 4.316051 0.142080
v 0.006125 4.311791 0.147049
v -0.001237 4.314671 0.143660
v 0.010588 4.301852 0.153004
v 0.023467 4.298113 0.150643
v 0.033794 4.296358 0.145303
v 0.041468 4.298552 0.137520
v 0.046109 4.301294 0.131954
v 0.046138 4.308442 0.132389
v 0.047652 4.310682 0.132820
v 0.063183 4.309312 0.118090
v 0.052259 4.306785 0.126155
v 0.053801 4.300588 0.127150
v 0.000686 4.308301 0.150651
v -0.004603 4.312749 0.145655
v -0.001685 4.319568 0.141049
v 0.028016 4.334905 0.140956
v 0.016560 4.334686 0.141408
v 0.005347 4.330462 0.139865
v -0.003546 4.324739 0.139199
v 0.038048 4.329574 0.137201
v 0.044363 4.322369 0.132705
v 0.049137 4.316766 0.128395
v 0.054598 4.312223 0.125311
v 0.016050 4.339791 0.149482
v 0.003771 4.336082 0.149549
v 0.003840 4.341687 0.153493
v 0.016288 4.345379 0.153000
v 0.016965 4.350227 0.157360
v 0.003432 4.347190 0.157732
v 0.002264 4.355092 0.154734
v 0.015862 4.357584 0.154431
v -0.058758 4.321014 0.129673
v -0.066916 4.323618 0.126298
v -0.066908 4.319791 0.127387
v -0.075026 4.319405 0.125334
v -0.074493 4.325786 0.123632
v -0.093517 4.316658 0.107477
v -0.088913 4.317537 0.114078
v -0.088822 4.321791 0.113362
v -0.083314 4.318818 0.120803
v -0.082658 4.325129 0.119026
v -0.086185 4.328534 0.121981
v -0.075358 4.328463 0.127696
v -0.067055 4.325912 0.129548
v -0.060600 4.323859 0.130511
v -0.066796 4.318320 0.130414
v -0.076560 4.317777 0.128413
v -0.085586 4.317230 0.123425
v -0.091582 4.316250 0.115752
v -0.085504 4.309650 0.124929
v -0.076719 4.310938 0.130959
v -0.066392 4.313599 0.132113
v -0.058612 4.316862 0.131102
v -0.058425 4.319698 0.130085
v -0.055051 4.315149 0.133141
v -0.062576 4.310581 0.137958
v -0.076238 4.301247 0.135679
v -0.087183 4.299996 0.127101
v -0.091809 4.308850 0.115539
v -0.094826 4.309181 0.105901
v -0.094537 4.300060 0.115518
v -0.099301 4.302588 0.104583
v -0.092489 4.324636 0.115030
v -0.096204 4.318530 0.107077
v -0.096497 4.310271 0.100606
v -0.042513 4.265983 0.192683
v -0.098707 4.309171 0.096964
v -0.098727 4.312456 0.098708
v -0.101529 4.312150 0.089607
v -0.101723 4.318388 0.092891
v -0.092508 4.333894 0.108457
v -0.095800 4.327617 0.100270
v -0.085645 4.337825 0.117192
v -0.073929 4.336240 0.122218
v -0.064708 4.332604 0.126157
v -0.058173 4.329862 0.127587
v -0.069397 4.339550 0.133073
v -0.079174 4.343642 0.125709
v -0.081312 4.349856 0.128356
v -0.070326 4.345412 0.135657
v -0.070882 4.348254 0.137601
v -0.084349 4.354806 0.130244
v -0.071129 4.355220 0.139194
v -0.082075 4.359914 0.130401
v -0.066304 4.364983 0.133614
v -0.076816 4.367412 0.123615
v 0.000845 4.361761 0.148841
v 0.013755 4.362490 0.148367
v -0.076080 4.292583 0.144371
v -0.089758 4.288155 0.133615
v -0.063366 4.302751 0.150314
v -0.052715 4.316830 0.146242
v -0.045494 4.320548 0.165105
v -0.044363 4.325528 0.154714
v -0.035192 4.323023 0.168849
v -0.033058 4.329643 0.158990
v -0.023641 4.316981 0.168221
v -0.021283 4.323305 0.158321
v -0.015408 4.309760 0.164910
v -0.013339 4.316282 0.155023
v -0.005768 4.304397 0.161101
v 0.007336 4.296774 0.159730
v -0.037886 4.315938 0.178380
v -0.048259 4.313528 0.173474
v -0.040641 4.310639 0.189389
v -0.051787 4.307901 0.182104
v -0.042388 4.300182 0.197499
v -0.053898 4.298338 0.190364
v -0.043815 4.289788 0.198510
v -0.053694 4.289284 0.190960
v -0.042073 4.281512 0.190486
v -0.051151 4.283216 0.185202
v -0.039600 4.273706 0.178953
v -0.047045 4.277740 0.174319
v -0.061275 4.289453 0.179710
v -0.059822 4.285177 0.177410
v -0.067048 4.285651 0.168602
v -0.061438 4.283009 0.170621
v -0.064547 4.281050 0.162925
v -0.059945 4.280283 0.167387
v -0.054739 4.277359 0.166622
v -0.060049 4.276608 0.160869
v -0.060657 4.295276 0.176907
v -0.066059 4.290655 0.165337
v -0.062518 4.295546 0.162491
v -0.055802 4.303275 0.172090
v -0.058805 4.296703 0.158120
v -0.054383 4.311358 0.156206
v -0.072023 4.284798 0.150846
v -0.088202 4.268539 0.140692
v -0.065162 4.274032 0.151180
v -0.073226 4.261074 0.145716
v -0.059388 4.273290 0.169569
v -0.064587 4.271033 0.161007
v -0.055380 4.284477 0.174599
v -0.054958 4.282029 0.169677
v -0.051443 4.282195 0.175880
v -0.050748 4.274321 0.177952
v -0.029854 4.277495 0.178872
v -0.031380 4.282701 0.190964
v -0.030426 4.288373 0.195425
v -0.020957 4.284660 0.184664
v -0.018902 4.287163 0.186895
v -0.016306 4.282205 0.180938
v -0.012818 4.284825 0.181635
v -0.014844 4.279428 0.177387
v -0.009946 4.280161 0.176137
v -0.029299 4.306427 0.188003
v -0.030057 4.297014 0.194678
v -0.020530 4.292574 0.186403
v -0.026646 4.280017 0.177215
v -0.040984 4.271233 0.183791
v -0.028309 4.283092 0.182687
v -0.022668 4.283972 0.178741
v -0.012028 4.274678 0.169597
v -0.016691 4.274839 0.173639
v -0.007415 4.269526 0.174814
v -0.016035 4.271697 0.178472
v -0.027884 4.273562 0.183639
v -0.020087 4.279937 0.176173
v -0.027205 4.311467 0.178441
v -0.020317 4.304677 0.171245
v -0.021325 4.300432 0.180124
v -0.013573 4.296519 0.167990
v -0.014756 4.296751 0.174916
v -0.053733 4.305156 0.164723
v -0.009806 4.299797 0.166303
v -0.000271 4.290221 0.166237
v -0.009591 4.287494 0.164811
v -0.031707 4.337103 0.150764
v -0.041773 4.333706 0.146898
v -0.047449 4.326325 0.141570
v -0.030463 4.344249 0.148260
v -0.041665 4.344500 0.146351
v -0.038516 4.353312 0.145475
v -0.019767 4.332169 0.151599
v -0.020032 4.342524 0.151626
v -0.007840 4.338639 0.152808
v -0.009335 4.343516 0.155530
v -0.007424 4.330627 0.148012
v -0.009197 4.318557 0.142644
v -0.014089 4.324062 0.148581
v -0.011245 4.352166 0.154978
v -0.022690 4.352958 0.149682
v -0.029874 4.353695 0.146826
v -0.021569 4.363297 0.146534
v -0.029641 4.363622 0.142276
v -0.011307 4.363070 0.149651
v -0.059650 4.341630 0.144040
v -0.058499 4.335142 0.138428
v -0.059415 4.352720 0.144973
v -0.056488 4.365524 0.138004
v -0.049192 4.352122 0.146257
v -0.046634 4.364535 0.141190
v -0.060503 4.345076 0.145474
v -0.049631 4.343884 0.147764
v -0.036595 4.363489 0.141663
v -0.049853 4.339355 0.146130
v -0.052380 4.332512 0.140981
v -0.006680 4.312523 0.153016
v 0.030246 4.342046 0.145795
v 0.031354 4.347508 0.147546
v 0.043287 4.337947 0.140185
v 0.051116 4.328813 0.135758
v 0.056396 4.321045 0.130656
v 0.060130 4.315038 0.124681
v 0.057382 4.337766 0.132704
v 0.046343 4.345995 0.139367
v 0.063357 4.328997 0.124870
v 0.065588 4.320502 0.119328
v 0.049500 4.351936 0.140552
v 0.033222 4.352814 0.149617
v 0.059630 4.341957 0.131811
v 0.050176 4.356320 0.134894
v 0.031338 4.358975 0.148372
v 0.059726 4.346860 0.125896
v -0.104036 4.332344 0.098464
v -0.099103 4.340950 0.106517
v -0.090145 4.344662 0.115876
v -0.092950 4.352176 0.115863
v -0.102307 4.347332 0.103512
v -0.109158 4.337865 0.093808
v -0.096405 4.357739 0.116936
v -0.106451 4.352199 0.102443
v -0.095331 4.362835 0.115150
v -0.105356 4.355819 0.100501
v -0.105536 4.322591 0.091059
v -0.107995 4.308661 0.052265
v -0.111568 4.341371 0.092073
v -0.110705 4.344316 0.088310
v -0.058640 4.267829 0.187506
v -0.044717 4.260327 0.198422
v -0.060470 4.263781 0.191514
v -0.044247 4.250278 0.195585
v -0.058472 4.251961 0.189723
v -0.041866 4.242350 0.186931
v -0.053398 4.243626 0.184484
v -0.029424 4.244693 0.189861
v -0.029180 4.253067 0.198177
v -0.029056 4.263291 0.199905
v -0.028612 4.268638 0.193350
v -0.015713 4.241640 0.188265
v -0.012027 4.247729 0.194170
v -0.001184 4.233834 0.179010
v 0.004744 4.238789 0.185288
v 0.011560 4.226241 0.171752
v 0.014814 4.231663 0.175068
v 0.005469 4.245406 0.187834
v -0.011115 4.255901 0.196006
v -0.012324 4.263150 0.190661
v -0.000935 4.259332 0.182601
v -0.064754 4.237810 0.174933
v -0.070558 4.246192 0.179452
v -0.072739 4.231071 0.160255
v -0.081786 4.240392 0.165268
v -0.083773 4.224233 0.148894
v -0.086139 4.229526 0.151378
v -0.071680 4.254992 0.180338
v -0.083012 4.244707 0.165765
v -0.066727 4.264243 0.174215
v -0.076449 4.258861 0.161819
v 0.032395 4.365341 0.139267
v 0.049639 4.362766 0.125006
v -0.090914 4.367785 0.105507
v -0.102168 4.362798 0.086074
v -0.107304 4.351265 0.076335
v -0.045018 4.234728 0.199533
v -0.056624 4.233163 0.192772
v -0.066717 4.230126 0.182151
v -0.074245 4.224998 0.167903
v -0.083636 4.218379 0.151945
v -0.029499 4.233423 0.198904
v -0.016047 4.231714 0.193271
v -0.044603 4.224305 0.196975
v -0.055515 4.223431 0.189612
v -0.067015 4.221592 0.181929
v -0.075764 4.217791 0.172268
v -0.030645 4.223088 0.196995
v -0.015986 4.222050 0.192958
v 0.008808 4.218501 0.177222
v 0.010182 4.250119 0.173647
v 0.015249 4.237781 0.175693
v 0.016386 4.246853 0.165554
v 0.020712 4.231524 0.165863
v -0.100140 4.289145 0.119352
v -0.109054 4.291940 0.103624
v -0.100451 4.268751 0.118396
v -0.113607 4.272677 0.098875
v 0.021675 4.290734 0.157336
v 0.037110 4.286826 0.152369
v 0.050745 4.288220 0.141883
v 0.058847 4.290985 0.131653
v 0.037009 4.270004 0.154641
v 0.018638 4.281695 0.162110
v 0.055940 4.271077 0.139190
v 0.068242 4.277552 0.124120
v 0.058651 4.251178 0.131909
v 0.071941 4.258242 0.114987
v 0.042080 4.248082 0.146292
v 0.043233 4.225439 0.141719
v 0.058853 4.229183 0.125210
v 0.044500 4.200362 0.140829
v 0.059860 4.205098 0.120729
v 0.042334 4.179190 0.135031
v 0.056282 4.180296 0.114427
v 0.070292 4.237131 0.106706
v 0.072605 4.213696 0.100917
v 0.068544 4.187109 0.093262
v 0.080102 4.211245 0.073454
v 0.080360 4.227370 0.083514
v 0.078763 4.249406 0.089466
v 0.080720 4.269073 0.097461
v 0.071778 4.285364 0.110513
v 0.029229 4.180268 0.155129
v 0.032459 4.200973 0.159672
v 0.015549 4.182711 0.172208
v 0.017902 4.203876 0.175963
v 0.008376 4.183799 0.189276
v 0.007167 4.204402 0.188500
v 0.030228 4.224751 0.159364
v 0.020478 4.216290 0.169857
v 0.028798 4.245234 0.157991
v 0.025235 4.261692 0.162674
v 0.014636 4.259338 0.167171
v 0.005952 4.257273 0.168686
v 0.007572 4.269596 0.168586
v -0.003082 4.267028 0.166864
v -0.010558 4.277048 0.164910
v 0.001871 4.280055 0.167656
v -0.008150 4.282650 0.173976
v -0.008904 4.289755 0.172451
v -0.012207 4.290152 0.179847
v 0.018425 4.224126 0.167360
v -0.002833 4.213014 0.190529
v -0.003064 4.224442 0.186170
v 0.016869 4.271097 0.165919
v 0.060182 4.302896 0.120513
v 0.061576 4.294795 0.122495
v 0.087626 4.263139 0.075435
v 0.083476 4.278977 0.084077
v 0.075969 4.293088 0.095606
v 0.087802 4.241954 0.071033
v -0.108329 4.192849 0.053917
v -0.112055 4.214029 0.067603
v -0.107545 4.205307 0.092099
v -0.102364 4.179033 0.080698
v -0.094549 4.178288 0.113099
v -0.100346 4.201620 0.116995
v -0.088831 4.179284 0.139452
v -0.096547 4.201801 0.139579
v -0.088828 4.181083 0.160844
v -0.087405 4.204856 0.160397
v -0.108084 4.215975 0.030622
v -0.111629 4.228223 0.047675
v -0.113393 4.230523 0.024123
v -0.112666 4.240544 0.032932
v -0.097169 4.187798 0.027413
v -0.102514 4.209044 0.024064
v -0.093516 4.157335 0.071099
v -0.081961 4.157942 0.110857
v -0.074318 4.163384 0.138127
v -0.061357 4.141611 0.123741
v -0.061533 4.153315 0.141779
v -0.037544 4.127185 0.135872
v -0.044246 4.145416 0.153416
v -0.021447 4.135066 0.146236
v -0.025402 4.146346 0.160699
v 0.004207 4.147245 0.139281
v -0.008167 4.155481 0.161716
v 0.019033 4.164066 0.146924
v 0.006673 4.167843 0.165532
v 0.033940 4.161263 0.126182
v 0.048962 4.161761 0.101908
v 0.063456 4.171196 0.077151
v 0.036540 4.144832 0.106339
v 0.022009 4.142221 0.121204
v -0.042427 4.132164 0.136086
v -0.055035 4.131164 0.140370
v -0.072866 4.139908 0.126837
v -0.024428 4.128010 0.141024
v -0.040107 4.110823 0.141765
v -0.046821 4.120763 0.139748
v -0.035261 4.112901 0.149141
v -0.011774 4.130074 0.136936
v -0.005820 4.125913 0.144422
v -0.021383 4.124681 0.145845
v 0.014083 4.127215 0.125936
v 0.004596 4.128197 0.136321
v -0.029180 4.087049 0.161498
v -0.034179 4.078190 0.157859
v 0.002177 4.080053 0.158084
v -0.016493 4.084197 0.164326
v -0.053829 4.116012 0.145438
v -0.046962 4.111990 0.140025
v -0.055842 4.100433 0.147801
v -0.049636 4.095632 0.140934
v -0.061623 4.088335 0.153364
v -0.057767 4.081706 0.148002
v -0.067915 4.081760 0.157899
v -0.068407 4.074054 0.155864
v -0.112464 4.234764 0.078931
v -0.105205 4.227911 0.100218
v -0.100434 4.222972 0.121744
v -0.094859 4.219835 0.137048
v -0.111045 4.294672 0.086636
v -0.116095 4.278144 0.078826
v -0.117228 4.261105 0.068192
v -0.077204 4.167758 0.165159
v -0.093862 4.245960 0.129886
v -0.102420 4.248980 0.108997
v -0.113754 4.253653 0.089301
v -0.113270 4.245097 0.058410
v -0.063316 4.159023 0.164776
v -0.047641 4.154093 0.171733
v -0.030613 4.153210 0.177787
v -0.014300 4.160727 0.182378
v -0.000716 4.169927 0.182879
v -0.075643 4.210922 0.185342
v -0.088322 4.198389 0.181771
v -0.079539 4.192433 0.201860
v -0.070032 4.209350 0.200872
v -0.059906 4.187661 0.217171
v -0.055399 4.206471 0.213516
v -0.038287 4.185667 0.221241
v -0.036815 4.205083 0.217899
v -0.016697 4.185197 0.215620
v -0.017529 4.205346 0.213085
v -0.002082 4.184586 0.203448
v -0.003532 4.203492 0.202852
v -0.058786 4.167176 0.207799
v -0.036993 4.166227 0.213742
v -0.077490 4.171649 0.193338
v -0.086741 4.178167 0.176651
v -0.018217 4.169885 0.207239
v -0.008132 4.170489 0.195090
v -0.053164 4.158740 0.188849
v -0.035532 4.157480 0.194349
v -0.068164 4.163533 0.178962
v -0.022090 4.161199 0.195391
v -0.049113 4.216833 0.204681
v -0.035046 4.215505 0.207297
v -0.023645 4.213315 0.203876
v -0.011744 4.212271 0.198118
v -0.059991 4.215772 0.196086
v -0.066655 4.216039 0.187833
v -0.082637 4.246255 0.141893
v -0.086689 4.234762 0.151161
v -0.069084 4.279050 0.151484
v -0.081545 4.265212 0.144592
v -0.106213 3.974610 0.286761
v -0.091383 4.226353 0.140046
v -0.080038 3.973705 0.282486
v -0.075397 3.967428 0.273420
v -0.102790 3.871790 0.323749
v -0.102372 3.829514 0.333690
v -0.103750 3.786281 0.341953
v -0.079948 3.831030 0.333506
v -0.079474 3.942019 0.300352
v -0.080984 3.905715 0.314614
v -0.080301 3.873489 0.323658
v -0.080176 3.788561 0.339018
v -0.105540 3.940744 0.302824
v -0.115316 3.958699 0.316550
v -0.114116 3.986290 0.301670
v -0.104703 3.905678 0.314061
v -0.108415 4.003704 0.269835
v -0.114809 4.012431 0.285582
v -0.109713 4.031036 0.249762
v -0.113985 4.043895 0.262786
v -0.112297 4.052254 0.227195
v -0.115746 4.067816 0.237281
v -0.082448 4.000001 0.260461
v -0.088220 4.023568 0.238022
v -0.095533 4.046385 0.215593
v -0.121608 4.097388 0.178183
v -0.115940 4.084495 0.177891
v -0.106498 4.081008 0.171685
v -0.150855 4.067002 0.250528
v -0.139866 4.016354 0.293550
v -0.134229 3.988876 0.310339
v -0.101432 4.066062 0.191264
v -0.125303 3.959039 0.322498
v -0.114935 4.071712 0.200986
v -0.119366 4.085552 0.213856
v -0.165798 3.980134 0.308506
v -0.156042 3.946268 0.319536
v -0.148390 3.954793 0.331695
v -0.174098 4.010170 0.300780
v -0.165899 4.018840 0.306990
v -0.156562 3.986293 0.320040
v -0.144675 4.041516 0.275449
v -0.175039 4.049252 0.293310
v -0.185016 4.078504 0.273474
v -0.128203 4.106934 0.184111
v -0.157468 4.087407 0.226638
v -0.195011 4.100362 0.250299
v -0.168114 4.109005 0.202414
v -0.204656 4.119169 0.223169
v -0.187340 4.126005 0.178077
v -0.212198 4.129180 0.200275
v -0.168675 4.127667 0.164972
v -0.145974 4.116241 0.170604
v -0.143334 4.126996 0.164749
v -0.161873 4.130482 0.156731
v -0.117314 4.105678 0.172031
v -0.214501 4.111261 0.223469
v -0.206461 4.092013 0.248975
v -0.197190 4.070823 0.271208
v -0.184846 4.039270 0.289266
v -0.221210 4.126652 0.197826
v -0.190957 4.122065 0.175542
v -0.178481 4.121862 0.164011
v -0.192210 4.125241 0.151101
v -0.181652 4.134591 0.145022
v -0.209625 4.130553 0.136503
v -0.205272 4.140441 0.127615
v -0.228117 4.129407 0.118793
v -0.222257 4.140214 0.112503
v -0.240536 4.122537 0.100434
v -0.234901 4.133955 0.094520
v 0.140315 3.832837 0.267266
v 0.150802 3.830091 0.258887
v 0.167152 3.853819 0.239915
v 0.140360 3.861559 0.257289
v 0.168699 3.884695 0.222516
v 0.139586 3.893905 0.239849
v 0.174936 3.912146 0.198770
v 0.139840 3.929116 0.219409
v 0.169720 3.955836 0.175166
v 0.137496 3.968197 0.193415
v 0.162806 3.992867 0.149205
v 0.135587 4.001596 0.164864
v 0.155228 4.019072 0.120972
v 0.133383 4.022926 0.144953
v 0.121619 3.991349 0.165822
v 0.126848 4.045063 0.117378
v 0.192310 3.945688 0.150195
v 0.182355 3.982369 0.129255
v 0.175363 4.018725 0.105042
v 0.200106 3.908525 0.167862
v 0.205905 3.882241 0.180673
v 0.191046 3.875490 0.205517
v 0.245354 3.914958 0.146516
v 0.240107 3.947350 0.126822
v 0.267025 3.905674 0.127562
v 0.263361 3.939595 0.107856
v 0.286723 3.896413 0.109116
v 0.287458 3.929197 0.087747
v 0.231997 3.979904 0.103862
v 0.256161 3.971948 0.083421
v 0.283785 3.963065 0.062908
v 0.217003 4.011704 0.079349
v 0.243386 4.002705 0.056437
v 0.268429 3.995607 0.030011
v 0.248222 3.885421 0.162676
v 0.266692 3.875816 0.145178
v 0.285543 3.865716 0.127695
v 0.227932 3.886885 0.177920
v 0.224490 3.917724 0.162822
v 0.218053 3.951556 0.143869
v 0.209093 3.986197 0.121757
v 0.192882 4.020509 0.098104
v 0.264516 3.921391 0.073746
v 0.263764 3.952909 0.049450
v 0.258746 3.984276 0.020202
v 0.261944 3.889647 0.096898
v 0.255803 3.860825 0.114322
v 0.272218 3.848238 0.095579
v 0.280093 3.880037 0.080426
v 0.285280 3.911960 0.053156
v 0.280805 3.942017 0.029470
v 0.279930 3.977112 -0.001609
v 0.295530 3.929711 0.003117
v 0.299349 3.962476 -0.025362
v 0.225446 4.029593 0.028360
v 0.199443 4.038435 0.051567
v 0.174606 4.045260 0.074915
v 0.247990 4.021783 0.003540
v 0.244273 4.011878 -0.007446
v 0.213106 4.029610 0.004076
v 0.221069 4.037786 0.016383
v 0.179489 4.045414 0.021761
v 0.188902 4.052175 0.033269
v 0.270409 4.002015 -0.036639
v 0.295161 3.985664 -0.061183
v 0.230247 4.032432 -0.043538
v 0.205012 4.047014 -0.022403
v 0.258704 4.015303 -0.066820
v 0.286529 3.993821 -0.089362
v 0.165618 4.059549 0.034197
v 0.164630 4.061668 0.048722
v 0.165501 4.071392 0.046765
v 0.175869 4.075431 0.009323
v 0.171898 4.060272 0.005257
v 0.178146 4.063526 -0.027045
v 0.184794 4.078667 -0.026323
v 0.157718 4.059336 0.072202
v 0.160826 4.049063 0.072248
v 0.151348 4.035198 0.091787
v 0.159773 4.030652 0.088478
v 0.122223 4.016310 0.141066
v 0.123476 3.960518 0.191396
v 0.128456 3.924083 0.216383
v 0.123668 3.886625 0.233622
v 0.129580 3.853971 0.252508
v 0.128515 3.829931 0.259412
v 0.126151 3.796181 0.260689
v 0.139900 3.795676 0.269939
v 0.147339 3.795545 0.263375
v 0.152124 3.825232 0.249843
v 0.163750 3.844107 0.229314
v 0.185361 3.867498 0.200142
v 0.207300 3.850227 0.185143
v 0.228891 3.851628 0.190913
v 0.227606 3.816836 0.199094
v 0.208105 3.814507 0.188828
v 0.185232 3.815930 0.209147
v 0.184765 3.847299 0.203066
v 0.165856 3.819308 0.234826
v 0.165978 3.785694 0.242435
v 0.187932 3.783534 0.216084
v 0.208785 3.783033 0.192760
v 0.228050 3.784903 0.202288
v 0.255224 3.779807 0.190462
v 0.256015 3.812094 0.182820
v 0.278071 3.774017 0.170965
v 0.280986 3.803846 0.159226
v 0.228997 3.748113 0.205759
v 0.253746 3.746320 0.196427
v 0.274162 3.743170 0.181224
v 0.228846 3.712289 0.207621
v 0.251332 3.714791 0.202363
v 0.271792 3.711890 0.191841
v 0.214376 3.710621 0.201833
v 0.211025 3.747598 0.196236
v 0.193614 3.710645 0.230020
v 0.190526 3.748564 0.223275
v 0.170698 3.710495 0.255102
v 0.166304 3.750182 0.250411
v 0.149233 3.710312 0.278085
v 0.142894 3.748857 0.275813
v 0.132284 3.748266 0.268927
v 0.138289 3.705491 0.267856
v 0.251808 3.850497 0.175309
v 0.264889 3.846479 0.160884
v 0.283138 3.835361 0.144022
v 0.254114 3.825322 0.134594
v 0.263912 3.815086 0.109268
v 0.288581 3.807629 0.084777
v 0.287760 3.844018 0.076894
v 0.286699 3.800110 0.044906
v 0.287209 3.831127 0.038529
v 0.287561 3.875863 0.067384
v 0.290556 3.864033 0.029977
v 0.293616 3.895967 0.018768
v 0.299920 3.955541 -0.033777
v 0.296535 3.977009 -0.064816
v 0.291098 3.979778 -0.092804
v 0.298837 3.924044 -0.001635
v 0.256088 3.797611 0.148157
v 0.259030 3.766778 0.158488
v 0.260365 3.738609 0.165896
v 0.261485 3.705568 0.176165
v 0.264401 3.694937 0.141252
v 0.262653 3.733776 0.132073
v 0.293214 3.690615 0.117708
v 0.290818 3.729141 0.105574
v 0.298752 3.682248 0.084667
v 0.291749 3.721237 0.069407
v 0.289546 3.768524 0.095638
v 0.287669 3.759420 0.056129
v 0.260256 3.774729 0.123221
v 0.305147 3.643084 0.097572
v 0.295862 3.650101 0.129746
v 0.310421 3.601872 0.106982
v 0.298429 3.608590 0.141272
v 0.311716 3.561159 0.120209
v 0.300655 3.566173 0.150620
v 0.269751 3.667748 0.202217
v 0.262874 3.663972 0.187461
v 0.267391 3.626505 0.210041
v 0.266629 3.625098 0.196856
v 0.265802 3.653830 0.152605
v 0.271046 3.611798 0.167337
v 0.275518 3.568742 0.177785
v 0.268479 3.574922 0.214895
v 0.271320 3.523695 0.214688
v 0.282502 3.521441 0.182634
v 0.303552 3.517708 0.158815
v 0.281833 3.475115 0.214015
v 0.296080 3.474595 0.180532
v 0.291416 3.425977 0.206850
v 0.305955 3.431409 0.176303
v 0.244264 3.578416 0.211974
v 0.240860 3.624358 0.212676
v 0.233371 3.573873 0.208957
v 0.226285 3.624170 0.207991
v 0.220943 3.667652 0.204162
v 0.237741 3.672768 0.209646
v 0.243457 3.523451 0.207635
v 0.257216 3.471233 0.208831
v 0.271128 3.420419 0.203023
v 0.244300 3.469855 0.240270
v 0.229092 3.517751 0.239222
v 0.215352 3.569775 0.238288
v 0.205905 3.620038 0.236405
v 0.199032 3.666712 0.232851
v 0.256334 3.423077 0.236163
v 0.238724 3.418622 0.261878
v 0.223810 3.465405 0.265312
v 0.212202 3.415175 0.280324
v 0.200589 3.457117 0.280994
v 0.185749 3.507770 0.280637
v 0.210783 3.511137 0.264363
v 0.196034 3.563985 0.262899
v 0.185185 3.616189 0.260202
v 0.177147 3.665222 0.257825
v 0.151749 3.664013 0.276002
v 0.161763 3.613912 0.277862
v 0.172442 3.560730 0.279730
v 0.177442 3.500289 0.273246
v 0.163005 3.557515 0.273335
v 0.281675 3.380432 0.197087
v 0.266787 3.387859 0.235300
v 0.272517 3.392208 0.237190
v 0.284509 3.385990 0.207664
v 0.298785 3.384813 0.197847
v 0.312089 3.396015 0.182750
v 0.309016 3.379493 0.194528
v 0.303267 3.382233 0.217212
v -0.379937 4.107579 0.509370
v 0.289000 3.383592 0.242412
v 0.253439 3.372282 0.255761
v 0.267367 3.396245 0.270995
v 0.288697 3.385510 0.273827
v 0.228200 3.353929 0.274087
v 0.248030 3.387553 0.258011
v 0.221628 3.379335 0.277012
v 0.152839 3.611856 0.269610
v 0.141676 3.662541 0.266557
v 0.114552 3.655726 0.292478
v 0.109029 3.700306 0.293787
v 0.106028 3.747716 0.288476
v 0.099905 3.795706 0.277160
v 0.102632 3.830779 0.274915
v 0.103382 3.859696 0.265401
v 0.099941 3.890246 0.247053
v 0.100542 3.930971 0.231777
v 0.101922 3.967717 0.207016
v 0.098963 3.993526 0.184237
v 0.124433 3.606267 0.291889
v 0.134972 3.560390 0.298144
v 0.133334 3.522445 0.296944
v 0.073003 3.744951 0.301784
v 0.068177 3.792551 0.295116
v 0.044039 3.741189 0.317971
v 0.041502 3.792113 0.308881
v 0.015078 3.739258 0.324737
v 0.016824 3.789889 0.316556
v 0.007040 3.738898 0.319505
v 0.009035 3.788110 0.312165
v -0.030690 3.735933 0.328168
v -0.032459 3.785960 0.322602
v -0.073564 3.732168 0.333006
v -0.073353 3.783333 0.329951
v -0.080840 3.735701 0.342445
v -0.075257 3.902257 0.305577
v -0.074889 3.937826 0.292837
v 0.009553 3.935046 0.279772
v 0.010621 3.900882 0.293266
v 0.002370 3.933342 0.275526
v 0.003557 3.897130 0.288273
v -0.037248 3.899336 0.296273
v -0.037677 3.936460 0.283734
v 0.039002 3.934377 0.266889
v 0.039448 3.896259 0.275617
v 0.070326 3.931416 0.250169
v 0.072168 3.893837 0.263182
v 0.070898 3.831606 0.288735
v 0.040062 3.830404 0.294702
v 0.007360 3.835551 0.308673
v 0.012815 3.867949 0.301122
v 0.042176 3.866959 0.290931
v 0.072064 3.864383 0.277259
v -0.073746 3.870386 0.315702
v -0.035425 3.869040 0.305331
v 0.006535 3.868219 0.296613
v -0.074281 3.828516 0.325307
v -0.036073 3.830694 0.314883
v 0.001888 3.832478 0.307236
v 0.017624 3.557254 0.338033
v 0.055058 3.563885 0.321600
v 0.095754 3.566862 0.313582
v 0.081190 3.698936 0.307182
v 0.047023 3.696582 0.319948
v 0.022453 3.695015 0.328662
v 0.016774 3.651651 0.328955
v 0.055740 3.644704 0.320812
v 0.087957 3.650517 0.309180
v 0.090809 3.606328 0.308115
v 0.056732 3.605035 0.323591
v 0.023901 3.608107 0.334370
v -0.072742 3.547914 0.329536
v -0.029714 3.555396 0.332482
v 0.011738 3.557456 0.332464
v -0.070577 3.696591 0.335184
v -0.029001 3.697032 0.332381
v 0.015321 3.694855 0.321553
v 0.009317 3.650370 0.324072
v -0.028968 3.649680 0.331439
v -0.070559 3.648819 0.332408
v -0.071579 3.602849 0.331813
v -0.028637 3.605073 0.335423
v 0.018219 3.608145 0.328124
v 0.020759 3.535470 0.339721
v 0.056488 3.530980 0.327373
v 0.094461 3.530487 0.312871
v 0.051334 3.502328 0.334080
v 0.092084 3.502073 0.318181
v 0.120540 3.495608 0.306873
v 0.153165 3.479004 0.294872
v 0.079014 3.467218 0.332786
v 0.095034 3.446969 0.329398
v 0.117102 3.458494 0.320635
v 0.102776 3.480892 0.320592
v 0.013606 3.536639 0.335375
v 0.021171 3.523838 0.322529
v 0.047886 3.496717 0.327031
v 0.004661 3.504317 0.325950
v -0.001674 3.508598 0.337109
v -0.031800 3.518578 0.332476
v -0.073016 3.505781 0.326299
v -0.039115 3.481474 0.330859
v -0.078050 3.453007 0.320633
v -0.016387 3.470979 0.338675
v -0.039577 3.438145 0.336506
v -0.035468 3.435333 0.327346
v -0.011864 3.467399 0.328692
v -0.111765 3.203754 0.321313
v 0.074364 3.464176 0.328715
v 0.093793 3.443157 0.326759
v 0.118514 3.453585 0.313625
v 0.151400 3.471654 0.288411
v 0.173898 3.487295 0.268395
v -0.103858 3.731993 0.344995
v 0.163984 4.013968 0.104305
v 0.168932 4.039805 0.086843
v 0.136396 4.060175 0.069261
v 0.148801 4.072652 0.060274
v 0.121689 4.080097 0.049153
v 0.134563 4.091510 0.045589
v 0.117250 4.069345 0.083158
v 0.108168 4.084546 0.061502
v 0.113769 4.033380 0.113842
v 0.105280 4.059927 0.083717
v 0.108165 4.069134 0.078588
v 0.100828 4.082960 0.060677
v 0.119815 4.031570 0.122735
v 0.097335 4.020670 0.166103
v 0.036558 4.059797 0.144147
v 0.035645 3.967242 0.252146
v 0.070045 3.968674 0.228658
v 0.065989 3.999270 0.210030
v 0.017097 3.951407 0.262922
v 0.025619 3.954648 0.264041
v 0.018506 3.953801 0.257148
v 0.027767 3.966518 0.245888
v 0.059366 3.998038 0.203424
v 0.045130 4.018920 0.184619
v 0.065345 4.028258 0.165724
v -0.034318 4.097060 0.156297
v -0.040956 4.091508 0.145667
v 0.041218 4.021432 0.190972
v 0.030027 4.038201 0.185693
v 0.032947 4.035107 0.175797
v 0.023032 4.061728 0.151123
v 0.020899 4.063554 0.152233
v 0.027555 4.077485 0.135770
v 0.025900 4.090667 0.139376
v 0.030533 4.110848 0.126034
v 0.027416 4.115857 0.128392
v 0.027408 4.049865 0.162538
v 0.023380 4.052876 0.173220
v 0.001007 4.068654 0.160907
v 0.002837 4.055011 0.178075
v 0.012323 4.040181 0.193960
v 0.020529 4.028746 0.203499
v 0.029813 4.010733 0.209395
v -0.015188 4.057224 0.181670
v -0.019578 4.067688 0.166055
v -0.031104 4.057684 0.185385
v -0.036949 4.062598 0.166940
v -0.034504 4.047517 0.180411
v -0.041052 4.058634 0.164030
v -0.035257 4.039097 0.195965
v -0.024388 4.050857 0.205126
v -0.029622 4.036356 0.218384
v -0.044817 4.026718 0.206575
v -0.046170 4.014216 0.224985
v -0.037902 4.013999 0.229736
v -0.006554 4.048528 0.197558
v -0.003732 4.031890 0.211874
v -0.012047 4.015244 0.221798
v -0.004443 4.000852 0.236094
v -0.031257 3.994491 0.246587
v 0.014667 3.986614 0.242773
v 0.000777 3.970677 0.255444
v 0.029531 3.999777 0.223469
v 0.010668 4.006463 0.226078
v 0.008167 4.011227 0.215393
v 0.046024 3.984311 0.224778
v 0.053377 3.986233 0.228281
v -0.041139 4.074467 0.153417
v 0.015881 4.081168 0.152008
v 0.007772 4.098759 0.152253
v 0.018558 4.104711 0.143755
v -0.004655 4.098512 0.157473
v -0.019450 4.099511 0.159296
v 0.017939 4.122027 0.133831
v -0.022933 4.114743 0.152174
v -0.004555 4.115867 0.151772
v 0.009727 4.122115 0.143126
v 0.009534 4.129262 0.119179
v -0.001899 4.130110 0.128732
v -0.036641 4.122537 0.137743
v -0.031690 4.122806 0.143965
v 0.082886 4.038208 0.141508
v 0.099827 4.044577 0.113426
v 0.069370 4.067944 0.128310
v 0.056529 4.069813 0.126246
v 0.050328 4.043832 0.155688
v 0.069878 4.056208 0.130166
v 0.090964 4.056101 0.109175
v 0.078731 4.014266 0.173554
v 0.098803 4.026094 0.143097
v 0.093250 4.064733 0.108089
v 0.059955 4.079278 0.127953
v 0.049550 4.093934 0.124789
v 0.041543 4.086851 0.124098
v 0.039788 4.112731 0.124789
v 0.076329 4.078126 0.107816
v 0.083900 4.082946 0.084643
v 0.061109 4.095497 0.110550
v 0.052922 4.114490 0.112384
v 0.085912 4.090027 0.065928
v 0.088433 4.099422 0.039385
v 0.094728 4.101623 0.037686
v 0.105621 4.100274 0.028386
v 0.117570 4.112740 0.025894
v 0.080805 4.116152 0.041562
v 0.077901 4.108874 0.065933
v 0.071740 4.101233 0.088431
v 0.066561 4.122479 0.091968
v 0.071086 4.129357 0.066249
v 0.073678 4.130316 0.042170
v 0.063882 4.131370 0.092378
v 0.048108 4.131002 0.112683
v 0.035924 4.127160 0.119289
v 0.030705 4.129947 0.103795
v 0.041051 4.131265 0.092972
v 0.025543 4.124228 0.120141
v 0.021070 4.126708 0.110421
v 0.050287 4.131788 0.083106
v 0.062388 4.131776 0.061858
v 0.064677 4.132523 0.040814
v 0.079629 4.124424 0.018115
v 0.073103 4.135733 0.019218
v 0.071824 4.139437 -0.003812
v 0.079139 4.127367 0.003492
v 0.058693 4.141089 0.002013
v 0.060937 4.136380 0.020824
v 0.054620 4.142939 -0.010100
v 0.084698 4.113212 0.020769
v 0.086952 4.115238 0.010895
v 0.101244 4.129739 0.009107
v 0.072819 4.147238 -0.014298
v 0.089046 4.140237 -0.004204
v 0.052511 4.154361 -0.024262
v 0.115221 4.121727 -0.010232
v 0.096875 4.132530 -0.023943
v 0.131594 4.106769 0.005643
v 0.147285 4.089246 0.023770
v 0.080640 4.140111 -0.033357
v 0.063958 4.145391 -0.043530
v 0.044210 4.151097 -0.055243
v 0.036302 4.157583 -0.042154
v 0.040800 4.127622 -0.063974
v 0.071473 4.122357 -0.054198
v 0.010170 4.153564 -0.067175
v 0.009553 4.130969 -0.068418
v -0.025906 4.156883 -0.067728
v -0.028981 4.133841 -0.063726
v -0.056729 4.159454 -0.057904
v -0.061146 4.134312 -0.052629
v -0.088698 4.161811 -0.039795
v -0.092925 4.135245 -0.036401
v -0.035253 4.104570 -0.082169
v -0.069727 4.105089 -0.069080
v -0.083176 4.077940 -0.089671
v -0.043048 4.077057 -0.102138
v -0.043709 4.059456 -0.088369
v -0.080984 4.059810 -0.074865
v 0.009698 4.122087 -0.081025
v 0.006446 4.100860 -0.092728
v 0.043129 4.098024 -0.094697
v 0.046465 4.113727 -0.081847
v 0.072417 4.109023 -0.073608
v 0.099097 4.103943 -0.064426
v 0.108975 4.110494 -0.042882
v 0.126107 4.099324 -0.055969
v 0.119297 4.108942 -0.031830
v 0.151187 4.092279 -0.043812
v 0.140997 4.098897 -0.017861
v 0.170223 4.084156 -0.030212
v 0.157970 4.087317 -0.003895
v 0.003079 4.075754 -0.111750
v 0.043274 4.076929 -0.113048
v 0.182083 4.079865 -0.045422
v 0.166459 4.080483 -0.068262
v 0.132117 4.087502 -0.079261
v 0.102404 4.090713 -0.086475
v 0.070940 4.094458 -0.093352
v 0.070160 4.078274 -0.110775
v 0.106278 4.077735 -0.101848
v 0.136968 4.078468 -0.089260
v -0.049885 4.168605 -0.046847
v -0.021227 4.165523 -0.055820
v 0.008337 4.161664 -0.049897
v -0.072251 4.167553 -0.022113
v -0.102746 4.166291 0.002071
v -0.113837 4.161933 -0.017528
v -0.082957 4.157781 0.001364
v -0.094922 4.159380 0.010669
v -0.122875 4.164245 0.022596
v -0.138647 4.157367 0.014106
v -0.109515 4.157702 0.033045
v -0.097531 4.162287 0.034982
v -0.090269 4.161007 0.015442
v 0.213421 4.038787 -0.076502
v 0.189646 4.057804 -0.057596
v 0.190524 4.033021 -0.108783
v 0.165836 4.054914 -0.089735
v 0.159130 4.017041 -0.135195
v 0.133064 4.043881 -0.111628
v 0.117218 3.992829 -0.148256
v 0.087892 4.023751 -0.126449
v 0.066925 3.952390 -0.149762
v 0.036627 3.988627 -0.127664
v 0.021914 3.918305 -0.143827
v -0.008981 3.953891 -0.121174
v -0.023018 3.882252 -0.134363
v -0.047854 3.928316 -0.111403
v -0.071145 3.847554 -0.115474
v -0.096031 3.898842 -0.097752
v -0.051799 3.562950 -0.061086
v -0.076748 3.474352 -0.102816
v 0.017875 3.482537 -0.118246
v 0.011815 3.571974 -0.091208
v 0.095612 3.514242 -0.123385
v 0.072181 3.593556 -0.115715
v -0.208656 3.503694 -0.028528
v -0.162613 3.584635 -0.010121
v -0.247553 3.545595 0.016967
v -0.197144 3.616197 0.016290
v -0.286205 3.645599 0.080124
v -0.247369 3.692037 0.063676
v -0.104297 3.563039 -0.039277
v -0.153266 3.479716 -0.072831
v -0.170131 3.385323 -0.059868
v -0.088741 3.369687 -0.103464
v 0.026553 3.402360 -0.114985
v 0.121740 3.447166 -0.120469
v -0.237546 3.427423 -0.006957
v -0.274444 3.486621 0.035361
v -0.305228 3.600947 0.102000
v -0.336508 3.565139 0.132081
v -0.322855 3.446537 0.067413
v -0.307842 3.387044 0.030954
v -0.282587 3.299766 -0.018100
v -0.224645 3.346745 -0.032980
v -0.258068 3.220180 -0.062815
v -0.159328 3.271266 -0.086985
v -0.228829 3.137934 -0.110785
v -0.132957 3.178091 -0.127438
v -0.068166 3.282624 -0.137008
v -0.039821 3.201630 -0.159204
v 0.042127 3.325597 -0.149533
v 0.056671 3.235098 -0.164488
v 0.127152 3.375118 -0.133112
v 0.143523 3.267811 -0.149652
v -0.077848 3.698173 0.344753
v -0.076502 3.650012 0.346966
v -0.077548 3.602073 0.346931
v -0.078390 3.548465 0.347058
v -0.078615 3.505480 0.348691
v -0.074412 3.453558 0.333449
v -0.072655 3.505366 0.331563
v -0.081096 3.452894 0.351333
v -0.117045 3.455110 0.359331
v -0.112511 3.507784 0.354473
v -0.108151 3.552920 0.350421
v -0.104379 3.604118 0.348512
v -0.104129 3.650200 0.344967
v -0.103520 3.699272 0.344318
v -0.104733 3.553715 0.362211
v -0.107851 3.508983 0.365763
v -0.102698 3.603388 0.356697
v -0.102045 3.650760 0.352582
v -0.103047 3.699172 0.349633
v -0.106171 3.734756 0.372411
v -0.106951 3.699569 0.374690
v -0.108462 3.653109 0.378321
v -0.112906 3.605805 0.380417
v -0.115164 3.554241 0.385814
v -0.118619 3.509329 0.390103
v -0.119612 3.458797 0.394684
v -0.112765 3.456775 0.369259
v -0.110316 3.788454 0.369552
v -0.107234 3.836973 0.353453
v -0.109932 3.878567 0.343237
v -0.113841 3.917100 0.331145
v -0.123362 3.836764 0.361516
v -0.132617 3.879777 0.354331
v -0.139732 3.920878 0.343494
v -0.041973 3.966712 0.267126
v -0.001613 3.966818 0.262035
v -0.033437 3.993527 0.251810
v -0.079106 3.995105 0.252464
v -0.055320 4.017660 0.233645
v -0.084805 4.017919 0.232643
v -0.050175 4.013474 0.227991
v -0.046133 3.994250 0.252608
v 0.024566 3.431107 0.332884
v 0.040386 3.095833 0.320921
v 0.163935 3.103729 0.335844
v 0.124477 3.428411 0.315983
v -0.135051 3.185438 0.384027
v 0.237741 3.111358 0.272029
v 0.204533 3.107286 0.312555
v 0.158530 3.434311 0.290132
v 0.081045 3.097832 0.324123
v 0.079714 3.427899 0.334004
v 0.186039 3.443054 0.265463
v 0.027116 3.394831 0.336204
v 0.081146 3.393405 0.338304
v 0.127748 3.394431 0.321169
v 0.163762 3.397706 0.293152
v 0.195032 3.403553 0.264265
v 0.206257 3.366318 0.260766
v 0.170260 3.358618 0.294155
v 0.132168 3.355825 0.322567
v 0.082852 3.355082 0.339603
v 0.027342 3.358852 0.337275
v 0.025214 3.096975 0.299026
v 0.029139 3.311342 0.333299
v 0.085094 3.309667 0.337034
v 0.135753 3.311481 0.322935
v 0.175330 3.314599 0.296782
v 0.210769 3.317619 0.263658
v 0.006094 3.096968 0.306301
v 0.039666 2.940019 0.297513
v 0.029381 2.950414 0.250795
v 0.004829 2.953282 0.263256
v 0.082291 2.935705 0.313427
v 0.114907 2.674833 0.269017
v 0.082186 2.694261 0.231197
v 0.069158 2.715575 0.192484
v 0.167359 2.938531 0.339102
v 0.187656 2.697733 0.309326
v 0.147251 2.680651 0.289751
v 0.122805 2.935495 0.331400
v 0.120616 3.100293 0.335809
v 0.034676 3.259995 0.330337
v 0.084255 3.259137 0.333058
v 0.128201 3.261954 0.323720
v 0.224650 3.214342 0.271892
v 0.190891 3.212751 0.305814
v 0.147321 3.205836 0.324782
v 0.122629 3.205583 0.322146
v 0.080989 3.204085 0.327659
v 0.038312 3.202086 0.325253
v 0.026582 3.202168 0.317975
v 0.010599 3.148102 0.315231
v 0.024665 3.145719 0.310352
v 0.038718 3.147346 0.323414
v 0.081205 3.150122 0.324981
v 0.120557 3.152576 0.328281
v 0.155717 3.156294 0.331015
v 0.198466 3.163041 0.310805
v 0.233682 3.166512 0.273473
v 0.027934 3.259521 0.326746
v 0.020488 3.259926 0.327037
v 0.016035 3.202017 0.320984
v 0.166464 3.048977 0.338543
v 0.120533 3.046182 0.337521
v 0.081004 3.044842 0.322036
v 0.039920 3.043623 0.313232
v 0.025865 3.047328 0.284688
v 0.006269 3.048309 0.293705
v 0.006058 3.003808 0.280982
v 0.025749 3.001229 0.273871
v 0.038351 2.995457 0.306611
v 0.081059 2.992156 0.318535
v 0.121317 2.991718 0.335685
v 0.167419 2.994164 0.340147
v 0.213606 2.738719 0.307054
v 0.206962 2.943676 0.314677
v 0.239262 2.947324 0.280589
v 0.232964 2.774087 0.294814
v 0.257735 2.761540 0.278415
v 0.281915 2.944165 0.255155
v 0.231304 2.713310 0.297494
v 0.207727 2.667474 0.310361
v 0.268187 3.110367 0.228175
v 0.258720 3.163262 0.225392
v 0.278261 2.994561 0.248062
v 0.237549 2.997056 0.277631
v 0.206064 2.996422 0.314246
v 0.276035 3.048957 0.236496
v 0.237161 3.051590 0.274711
v 0.205458 3.051054 0.313297
v 0.276959 2.852167 0.266557
v 0.235221 2.858776 0.288614
v 0.207824 2.841434 0.313778
v 0.171325 2.823999 0.332160
v 0.130728 2.813183 0.318689
v 0.092994 2.809975 0.294638
v 0.052905 2.814941 0.266914
v 0.048934 2.833129 0.220183
v 0.058326 2.779023 0.204340
v 0.066585 2.755659 0.249731
v 0.103097 2.746081 0.280987
v 0.139243 2.748556 0.305956
v 0.178344 2.762772 0.324189
v 0.209040 2.790807 0.312526
v 0.234559 2.814043 0.292047
v 0.268542 2.807753 0.273677
v 0.042306 2.889706 0.234624
v 0.045235 2.869547 0.280891
v 0.086345 2.871732 0.305170
v 0.125799 2.875162 0.326111
v 0.168331 2.881752 0.336906
v 0.207281 2.892264 0.314213
v 0.238318 2.902230 0.284511
v 0.282039 2.896002 0.259800
v 0.185350 2.601389 0.304221
v 0.083832 2.634012 0.230857
v 0.152576 2.572630 0.288188
v 0.098529 2.826378 0.109901
v 0.114898 2.619452 0.267518
v 0.149292 2.623848 0.289729
v 0.093486 2.517729 0.236603
v 0.087597 2.575516 0.230918
v 0.073597 2.515567 0.209456
v 0.072663 2.579953 0.196544
v 0.206170 2.423935 0.072820
v 0.143119 3.261804 0.320747
v 0.183446 3.267077 0.299394
v 0.217369 3.270602 0.266063
v 0.241513 3.234320 0.240316
v 0.229786 3.274101 0.249111
v 0.217936 3.319369 0.255837
v 0.248434 3.277655 0.262423
v 0.236458 3.321547 0.270077
v 0.257067 3.238534 0.252757
v 0.282209 2.312583 0.265021
v 0.114133 2.571841 0.266495
v 0.268782 2.715590 0.256654
v 0.263956 2.331730 0.288739
v 0.221678 2.634549 0.295164
v 0.262890 2.433723 0.278460
v 0.245432 2.679111 0.277513
v 0.190186 2.573631 0.304819
v 0.224232 2.583340 0.293280
v 0.253422 2.588899 0.272390
v 0.286920 2.599164 0.247564
v 0.249643 2.642234 0.270838
v 0.284732 2.662140 0.239894
v 0.289801 2.544147 0.252788
v 0.256763 2.538940 0.273626
v 0.227007 2.533924 0.292673
v 0.196153 2.527885 0.304229
v 0.155601 2.520053 0.287945
v 0.178855 2.638454 0.308982
v 0.114819 2.517068 0.265421
v 0.314544 2.651364 0.203713
v 0.117839 2.469364 0.263581
v 0.159935 2.475422 0.286280
v 0.164732 2.425041 0.282527
v 0.126129 2.419640 0.262528
v 0.199711 2.480286 0.301343
v 0.229818 2.486533 0.290698
v 0.257497 2.488170 0.275947
v 0.281835 2.491787 0.262783
v 0.234190 2.432195 0.287636
v 0.203060 2.425622 0.296409
v 0.138511 2.365046 0.266207
v 0.173695 2.371259 0.280354
v 0.206412 2.372927 0.292519
v 0.244018 2.382580 0.286991
v 0.287566 3.018391 0.144385
v 0.286021 3.037035 0.189034
v 0.271948 2.985707 0.098875
v 0.307346 2.631400 0.154638
v 0.291138 2.615680 0.106690
v 0.244697 2.965099 0.073173
v 0.246911 2.921746 0.078417
v 0.275484 2.933096 0.106147
v 0.289662 2.962491 0.152634
v 0.290588 2.981544 0.199402
v 0.253065 2.876780 0.082045
v 0.281117 2.889844 0.113661
v 0.292328 2.911071 0.159715
v 0.292857 2.930146 0.207804
v 0.261545 2.831024 0.086033
v 0.287502 2.844281 0.121027
v 0.296160 2.863240 0.167082
v 0.292922 2.882084 0.214194
v 0.268239 2.782355 0.092111
v 0.292422 2.796489 0.129537
v 0.300001 2.815971 0.175879
v 0.293299 2.837481 0.222300
v 0.274207 2.730443 0.098069
v 0.296764 2.745918 0.138418
v 0.304313 2.766381 0.185463
v 0.289149 2.789975 0.231864
v 0.282560 2.675024 0.102282
v 0.301476 2.691216 0.146629
v 0.308826 2.712147 0.193883
v 0.286532 2.737149 0.235032
v 0.317271 2.595999 0.213901
v 0.275608 2.373969 0.279005
v 0.294249 2.427893 0.258995
v 0.291713 2.353777 0.250246
v 0.304975 2.410892 0.225688
v 0.309794 2.384466 0.195873
v 0.306837 2.335119 0.220818
v 0.306540 2.313828 0.179848
v 0.310532 2.375076 0.166013
v 0.305354 2.303150 0.133624
v 0.306263 2.369805 0.124995
v 0.267165 2.295658 0.108759
v 0.265860 2.363403 0.100538
v 0.306424 2.433817 0.119462
v 0.313456 2.438805 0.163821
v 0.302307 2.494175 0.113067
v 0.313907 2.503432 0.157940
v 0.298444 2.554616 0.110920
v 0.312225 2.563681 0.164836
v 0.085858 2.515000 0.166849
v 0.087779 2.579887 0.158297
v 0.115344 2.521893 0.121603
v 0.115450 2.584155 0.118017
v 0.156203 2.525996 0.087393
v 0.153815 2.586271 0.085919
v 0.206755 2.528114 0.066696
v 0.201036 2.585438 0.067063
v 0.259493 2.541281 0.074868
v 0.252782 2.600265 0.072457
v 0.262076 2.483035 0.080397
v 0.209677 2.474320 0.070240
v 0.157451 2.469893 0.088942
v 0.115217 2.465975 0.122639
v 0.086382 2.463707 0.173156
v 0.078192 2.465953 0.217652
v 0.099887 2.467971 0.244626
v 0.308895 2.482746 0.240788
v 0.312212 2.457725 0.206681
v 0.315612 2.540812 0.226268
v 0.315352 2.516795 0.188909
v 0.266395 2.269085 0.284692
v 0.247368 2.286276 0.298070
v 0.277829 2.234656 0.283253
v 0.305500 2.287869 0.243627
v 0.303840 2.261948 0.191313
v 0.239650 2.224417 0.308299
v 0.230996 2.243590 0.307870
v 0.279279 2.202287 0.273230
v 0.252538 2.196482 0.291428
v 0.232667 2.184109 0.299723
v 0.211216 2.203048 0.318300
v 0.220573 2.168228 0.304494
v 0.194646 2.173739 0.323897
v 0.197147 2.158283 0.324178
v 0.176974 2.166741 0.319595
v 0.295570 2.256714 0.263350
v 0.182583 2.181395 0.319031
v 0.202921 2.206629 0.318004
v 0.167116 2.184668 0.274829
v 0.193922 2.220626 0.282886
v 0.210010 2.243951 0.293622
v 0.216423 2.284705 0.285904
v 0.234737 2.339407 0.288809
v 0.148051 2.321104 0.268810
v 0.183263 2.329475 0.280878
v 0.159530 2.274749 0.274257
v 0.190763 2.278812 0.279765
v 0.167095 2.233557 0.276264
v 0.149016 2.226312 0.267113
v 0.210440 2.332987 0.288478
v 0.208432 2.143893 0.322775
v 0.195657 2.139632 0.320292
v 0.151008 2.156131 0.279765
v 0.181435 2.114925 0.290960
v 0.228812 2.154612 0.306186
v 0.246614 2.164299 0.294216
v 0.227432 2.129073 0.322856
v 0.253597 2.138405 0.307628
v 0.262902 2.168151 0.284468
v 0.283829 2.170000 0.266056
v 0.236029 2.107278 0.326233
v 0.262645 2.110559 0.317083
v 0.260197 2.080283 0.328090
v 0.237182 2.082594 0.338337
v 0.275212 2.071056 0.305637
v 0.279742 2.102925 0.294683
v 0.285874 2.060028 0.269061
v 0.291385 2.096265 0.266780
v 0.287488 2.135822 0.260363
v 0.273023 2.136664 0.288040
v 0.302329 2.098433 0.229421
v 0.294073 2.134695 0.237165
v 0.308743 2.107234 0.197872
v 0.298452 2.140349 0.217886
v 0.308605 2.137283 0.176240
v 0.302040 2.167467 0.206796
v 0.295960 2.080397 0.180862
v 0.295451 2.079399 0.225567
v 0.294306 2.121397 0.153358
v 0.290419 2.048406 0.231235
v 0.292552 2.035031 0.189120
v 0.283648 2.066196 0.141290
v 0.288833 2.022727 0.157666
v 0.254564 2.059246 0.100106
v 0.264419 2.007252 0.115583
v 0.274981 2.115540 0.123924
v 0.305776 2.187713 0.160405
v 0.284512 2.172410 0.134968
v 0.304711 2.241400 0.147482
v 0.271504 2.232444 0.116129
v 0.303176 2.205054 0.199527
v 0.300381 2.223559 0.241086
v 0.296583 2.172518 0.237567
v 0.305560 2.276269 0.218789
v -0.180395 2.067081 -0.117516
v -0.139037 2.217554 0.054646
v -0.170375 2.271189 -0.015530
v -0.150903 2.106792 -0.154130
v -0.161245 2.245225 0.018465
v -0.164817 2.090243 -0.138642
v -0.174906 2.234726 -0.037380
v -0.175539 2.214016 -0.008450
v -0.158068 2.190255 0.027843
v -0.177791 2.199467 -0.063018
v -0.184079 2.177087 -0.040368
v -0.175123 2.159883 -0.008807
v -0.174301 2.165085 -0.090703
v -0.184070 2.144881 -0.071200
v -0.178313 2.117378 -0.046694
v -0.164138 2.137145 -0.120173
v -0.178626 2.113057 -0.104535
v -0.184062 2.090775 -0.075996
v -0.154168 2.125367 -0.017903
v -0.130387 2.146631 0.002593
v -0.104016 2.157920 0.019874
v -0.096523 2.213732 0.067914
v -0.062329 2.182999 0.055091
v -0.076954 2.144816 0.025008
v -0.035146 2.144506 0.031793
v -0.056499 2.127594 0.025813
v -0.035410 2.032512 -0.004936
v -0.024075 2.086527 -0.000746
v -0.102078 2.269123 0.073065
v -0.128838 2.268162 0.070059
v -0.107238 2.335218 0.087813
v -0.131352 2.330223 0.081866
v -0.114594 2.443150 0.115234
v -0.146203 2.440009 0.093810
v -0.114896 2.505214 0.131061
v -0.153948 2.506424 0.095126
v -0.118735 2.565233 0.145548
v -0.156429 2.572075 0.105516
v -0.122794 2.679954 0.173944
v -0.160898 2.684175 0.128667
v -0.124624 2.730909 0.190260
v -0.163680 2.740347 0.141504
v -0.121026 2.623199 0.159792
v -0.158348 2.629930 0.116670
v -0.110872 2.388950 0.101718
v -0.137568 2.386406 0.088724
v -0.069613 2.447287 0.093641
v -0.071442 2.510552 0.112182
v -0.070991 2.573944 0.131119
v -0.066009 2.395932 0.079166
v -0.014368 2.176917 0.015639
v -0.031059 2.210735 0.035277
v -0.051663 2.244827 0.046040
v -0.062064 2.289608 0.051435
v -0.063878 2.340343 0.065307
v -0.169922 2.107192 -0.040231
v -0.114193 2.110449 0.040561
v -0.138682 2.104045 0.018194
v -0.122824 2.065953 0.059456
v -0.154621 2.062682 0.039255
v -0.174169 2.052753 0.007839
v -0.160025 2.091367 -0.007857
v -0.140575 2.162740 0.012705
v -0.122929 2.183213 0.036288
v -0.097733 2.182735 0.049399
v -0.070711 2.160495 0.038854
v -0.182570 2.040472 -0.029884
v -0.174652 2.076708 -0.037839
v -0.182311 2.031293 -0.070613
v -0.182667 2.067080 -0.075153
v -0.177984 2.025066 -0.114526
v 0.109169 2.415260 0.251921
v 0.089979 2.407797 0.231085
v 0.123240 2.365015 0.259194
v 0.103460 2.359548 0.242734
v 0.110277 2.186009 0.223341
v 0.119073 2.316255 0.252693
v 0.263041 2.425537 0.089274
v 0.215792 2.359312 0.075576
v 0.093723 2.400148 0.193004
v 0.104925 2.352223 0.203922
v 0.094710 2.352071 0.168432
v 0.090921 2.406328 0.160492
v 0.102688 2.295478 0.177981
v 0.117188 2.305580 0.214148
v 0.106723 2.239503 0.202065
v 0.126651 2.258211 0.228471
v 0.137554 2.270201 0.262022
v 0.126714 2.206045 0.239502
v 0.211372 2.126988 0.318103
v 0.210025 2.104012 0.307455
v 0.181391 2.151201 0.320343
v 0.154588 2.134684 0.283217
v 0.129437 2.158244 0.258351
v 0.136653 2.121130 0.273791
v 0.165972 2.099625 0.294815
v 0.197277 2.092879 0.312929
v 0.201789 2.075178 0.330035
v 0.113961 2.174236 0.181859
v 0.113200 2.233221 0.171714
v 0.113259 2.147410 0.239010
v 0.112534 2.132151 0.201615
v 0.121927 2.115566 0.257136
v 0.119064 2.094175 0.225003
v 0.133030 2.098563 0.268801
v 0.134012 2.065614 0.243307
v 0.152452 2.080765 0.289026
v 0.152199 2.043561 0.263318
v 0.171798 2.058496 0.302000
v 0.174704 2.075973 0.310663
v 0.237372 2.096731 0.330529
v 0.221093 2.295934 0.077910
v 0.228038 2.229616 0.079398
v 0.234259 2.166636 0.082594
v 0.270979 2.168516 0.115617
v 0.244527 2.109951 0.093095
v 0.203116 2.108911 0.075252
v 0.203523 2.162744 0.071927
v 0.160422 2.110605 0.101287
v 0.161182 2.165796 0.099485
v 0.124022 2.115509 0.137280
v 0.125613 2.170031 0.133813
v 0.204961 2.054045 0.080150
v 0.157280 2.414187 0.090467
v 0.196650 2.359403 0.073720
v 0.155858 2.354775 0.092373
v 0.199702 2.299067 0.074936
v 0.158337 2.293581 0.094597
v 0.202366 2.229809 0.073181
v 0.160868 2.229893 0.096938
v 0.128384 2.231056 0.130816
v 0.125626 2.292775 0.128050
v 0.121767 2.352314 0.125136
v 0.118803 2.409405 0.122407
v 0.159575 2.054091 0.101189
v 0.208046 1.995685 0.092305
v 0.158314 1.992789 0.102401
v 0.122833 2.056557 0.143908
v 0.125855 2.002169 0.150913
v 0.129583 2.019021 0.209861
v 0.118789 2.075634 0.194968
v 0.113343 2.127462 0.185179
v 0.152228 2.018096 0.210019
v 0.164158 2.038247 0.257252
v 0.149040 2.001933 0.161679
v 0.173894 1.994954 0.130162
v 0.209492 1.995970 0.118724
v 0.245347 2.005421 0.132526
v 0.266273 2.020667 0.166818
v 0.276502 2.032001 0.193686
v 0.275969 2.044930 0.230732
v 0.273457 2.054494 0.264146
v 0.263241 2.065487 0.297507
v 0.252367 2.072065 0.319209
v 0.235938 2.074818 0.330411
v 0.207141 2.067452 0.321334
v 0.180875 2.054674 0.293999
v 0.287361 2.016402 0.241776
v 0.284900 2.004906 0.204873
v 0.274868 1.993192 0.172426
v 0.247372 1.981113 0.142218
v 0.212735 1.980662 0.122837
v 0.175880 1.980435 0.131712
v 0.149357 1.980080 0.167414
v 0.147534 1.989389 0.211342
v 0.166023 2.009163 0.266020
v 0.180591 2.030949 0.307675
v 0.206082 2.052077 0.339542
v 0.237355 2.063965 0.349768
v 0.282193 2.030021 0.278051
v 0.278702 2.045175 0.315586
v 0.263229 2.059340 0.341096
v 0.080588 2.717552 0.147599
v 0.076238 2.780695 0.149598
v 0.107103 2.713972 0.108842
v 0.102678 2.772838 0.108828
v 0.145873 2.712676 0.081854
v 0.140975 2.768594 0.080792
v 0.190509 2.714545 0.068203
v 0.184936 2.768765 0.066281
v 0.237152 2.720212 0.071368
v 0.230510 2.773370 0.068503
v 0.085342 2.650030 0.151153
v 0.111754 2.650443 0.112252
v 0.150176 2.651581 0.083857
v 0.195004 2.654454 0.068513
v 0.244168 2.662355 0.071435
v 0.073263 2.648891 0.192171
v 0.062144 2.898173 0.164433
v -0.149725 2.278322 0.040935
v -0.147472 2.330415 0.056510
v -0.149312 2.390673 0.071691
v -0.152342 2.442595 0.082055
v -0.178098 2.455359 0.034785
v -0.180564 2.514894 0.045254
v -0.173710 2.398459 0.026946
v -0.168854 2.343485 0.016832
v -0.169238 2.305479 0.001103
v 0.071051 2.840524 0.153956
v 0.088654 2.911308 0.112124
v 0.048951 2.952701 0.185272
v 0.033814 2.953521 0.183438
v 0.016761 2.938634 0.246271
v 0.055699 2.988385 0.138006
v 0.040922 2.986923 0.136329
v 0.077222 2.959765 0.117886
v 0.044593 3.003301 0.123482
v 0.057082 3.002422 0.124177
v 0.114224 2.961825 0.073430
v 0.123653 2.910823 0.077476
v 0.136437 2.819655 0.080130
v 0.179410 2.818760 0.064587
v 0.223569 2.822799 0.065339
v 0.217020 2.868932 0.063312
v 0.173584 2.862888 0.062688
v 0.211809 2.912114 0.060226
v 0.209957 2.953321 0.055101
v 0.169246 2.904023 0.059401
v 0.164254 2.945500 0.054019
v 0.094486 2.872103 0.109536
v 0.129946 2.865292 0.079488
v 0.065518 2.961452 0.069666
v 0.104379 2.949333 0.040749
v 0.162058 2.925053 0.020605
v 0.216958 2.935189 0.029965
v 0.259881 2.936757 0.056635
v 0.290349 2.932042 0.081377
v 0.016255 2.948358 0.062900
v 0.044773 2.932103 0.032165
v -0.123617 2.828343 0.221033
v -0.166980 2.844105 0.169610
v -0.121084 2.883202 0.239028
v -0.166639 2.897003 0.186238
v -0.117943 2.988181 0.268091
v -0.164657 3.004790 0.221949
v -0.116321 3.048358 0.280920
v -0.162022 3.063679 0.238749
v -0.156806 3.122526 0.255176
v -0.115651 3.111259 0.291946
v -0.124002 2.779847 0.205301
v -0.166258 2.790310 0.153359
v -0.120094 2.938342 0.255124
v -0.165013 2.954084 0.206685
v -0.075310 3.106215 0.291370
v -0.040000 2.997527 0.260026
v -0.073106 3.046726 0.281358
v -0.045102 3.048582 0.275905
v -0.072360 2.991116 0.268896
v -0.052339 3.104462 0.288944
v -0.070633 2.943110 0.257048
v -0.070814 2.890590 0.241926
v -0.072808 2.840211 0.222276
v -0.072586 2.793679 0.201838
v -0.074926 2.745379 0.181453
v -0.073596 2.687728 0.160019
v -0.074342 2.632379 0.146738
v -0.018255 3.097908 0.304586
v -0.015290 3.046963 0.292662
v -0.012745 2.999800 0.277944
v -0.036341 2.950622 0.243760
v -0.059424 2.891904 0.240736
v -0.034060 2.909203 0.229720
v -0.051655 2.840475 0.222728
v -0.027202 2.853059 0.207110
v -0.045077 2.798674 0.203583
v -0.019314 2.810873 0.182041
v -0.032399 2.753400 0.182152
v -0.012572 2.770835 0.160137
v -0.020496 2.703008 0.156673
v -0.002599 2.720909 0.131998
v 0.010776 2.825513 0.180181
v 0.003207 2.868324 0.213539
v 0.001788 2.917309 0.244207
v 0.025328 2.909527 0.164665
v 0.025905 2.939300 0.118781
v 0.018322 2.882140 0.202879
v -0.084985 3.263639 0.356938
v -0.083876 3.311734 0.359961
v -0.126659 3.309738 0.365261
v -0.138470 3.256024 0.356820
v -0.121429 3.359953 0.365730
v -0.084321 3.359119 0.359284
v -0.083582 3.405914 0.355799
v -0.120221 3.408222 0.361837
v -0.076064 3.403200 0.337713
v -0.076571 3.362389 0.341157
v -0.077606 3.317254 0.338436
v -0.081195 3.266790 0.332342
v -0.089926 3.203814 0.337485
v -0.089984 3.204000 0.354195
v -0.139704 3.184653 0.358197
v -0.102573 3.317366 0.305550
v -0.093420 3.360521 0.309912
v -0.058902 3.350725 0.324618
v -0.058155 3.306887 0.323062
v -0.014665 3.306927 0.334272
v -0.017854 3.352589 0.336558
v -0.066607 3.401606 0.319403
v -0.024254 3.396440 0.334217
v -0.085694 3.405250 0.311488
v -0.079290 3.450127 0.310616
v -0.102978 3.277895 0.313027
v -0.097146 3.268685 0.305536
v -0.056254 3.258156 0.320440
v -0.011161 3.259463 0.331379
v -0.090322 3.208787 0.304004
v -0.056031 3.206231 0.311917
v -0.013779 3.204820 0.326121
v -0.082785 3.160452 0.299252
v -0.054343 3.155744 0.300879
v -0.016229 3.151642 0.316540
v -0.114188 3.162673 0.297219
v -0.114053 3.210723 0.299902
v -0.112358 3.272514 0.301215
v -0.135160 3.190508 0.306470
v -0.131797 3.183210 0.283983
v -0.126365 3.226384 0.301290
v -0.126117 3.230976 0.290139
v -0.157750 3.174559 0.283258
v -0.160760 3.181957 0.317228
v -0.146656 3.160093 0.269439
v -0.046220 2.521650 0.112380
v -0.027675 2.461868 0.090617
v -0.016285 2.408516 0.068408
v -0.013028 2.351541 0.048902
v 0.010371 2.367298 0.013755
v 0.001142 2.425913 0.041406
v -0.010768 2.486224 0.068471
v -0.030627 2.548990 0.102920
v -0.050938 2.600211 0.128706
v 0.004685 2.441650 0.005452
v -0.000130 2.533316 0.058974
v -0.013033 2.576751 0.093027
v -0.034926 2.640949 0.134220
v 0.010689 2.386890 -0.031038
v 0.010688 2.327145 -0.056452
v 0.014148 2.310534 -0.006866
v -0.087066 2.020900 -0.207314
v 0.015161 2.248077 -0.028776
v 0.007020 2.214527 -0.094399
v 0.011299 2.201963 -0.049998
v -0.010771 2.290219 0.031933
v -0.001000 2.235869 0.014180
v 0.007092 2.191825 -0.010379
v 0.022958 3.465442 0.329081
v 0.022178 3.497581 0.325400
v -0.125489 3.255933 0.384368
v -0.119019 3.306154 0.383109
v -0.114273 3.364442 0.381749
v -0.114832 3.412404 0.374257
v -0.145575 3.127661 0.389712
v -0.157168 3.134661 0.363039
v -0.186917 3.140198 0.316467
v -0.183039 3.130432 0.276603
v 0.252946 3.203446 0.225292
v 0.270783 3.193526 0.187496
v 0.276010 3.157839 0.184500
v 0.281021 3.197039 0.146672
v 0.283536 3.156044 0.136901
v 0.281136 3.201132 0.190867
v 0.267046 3.207188 0.232879
v 0.292154 3.208850 0.149742
v 0.283316 3.099115 0.183408
v 0.287103 3.090767 0.131283
v 0.284798 3.033356 0.120895
v 0.312397 3.029923 0.127607
v 0.304500 3.089062 0.137150
v 0.290762 3.155287 0.141619
v 0.314695 3.161760 0.140408
v 0.328403 3.096507 0.134135
v 0.334081 3.038085 0.123703
v 0.316157 2.977800 0.114731
v 0.338672 2.985433 0.112668
v 0.318171 2.925859 0.102036
v 0.342980 2.926850 0.102983
v -0.182994 2.574186 0.055891
v -0.197708 2.364487 -0.031496
v -0.205830 2.857323 0.111792
v -0.224381 2.852818 0.056681
v -0.208150 2.578001 0.007020
v -0.213039 2.585656 -0.046965
v -0.217009 2.821467 -0.004749
v -0.180110 2.597339 -0.094226
v -0.177722 2.847350 -0.034781
v -0.125117 2.607218 -0.114224
v -0.116690 2.874008 -0.045091
v -0.050052 2.228616 -0.169433
v -0.053622 2.286470 -0.161989
v -0.064243 2.610965 -0.103066
v -0.058603 2.883108 -0.038429
v -0.013669 2.607419 -0.066572
v -0.005199 2.876485 0.009982
v 0.014598 2.598230 -0.012778
v 0.017619 2.883474 0.071391
v 0.015691 2.590580 0.038006
v 0.021739 2.854993 0.130715
v -0.197025 2.385817 -0.090235
v -0.164735 2.393665 -0.128214
v -0.112549 2.401516 -0.155134
v -0.058340 2.399709 -0.143805
v -0.011204 2.398333 -0.117131
v 0.016017 2.399558 -0.073584
v 0.015440 2.645078 0.061903
v 0.015890 2.652001 0.004951
v -0.013027 2.660650 -0.052115
v -0.064730 2.663707 -0.089166
v -0.015397 2.223836 -0.138300
v -0.126303 2.659894 -0.101057
v -0.182895 2.650204 -0.084327
v -0.217469 2.636294 -0.038103
v -0.211410 2.631069 0.017477
v -0.185509 2.630841 0.066504
v -0.189167 2.685748 0.078149
v -0.216061 2.683049 0.027772
v -0.220687 2.688266 -0.029785
v -0.183040 2.700345 -0.071101
v -0.125799 2.711834 -0.085908
v -0.046681 2.017704 -0.201030
v -0.064449 2.716746 -0.074420
v -0.012535 2.714532 -0.036978
v 0.015938 2.707269 0.019665
v 0.020676 2.700940 0.074569
v -0.193879 2.743001 0.091362
v -0.220014 2.736725 0.037219
v -0.219876 2.739868 -0.020758
v -0.181464 2.748484 -0.058018
v -0.125202 2.762457 -0.070139
v 0.006912 2.271398 -0.079618
v -0.064176 2.769258 -0.058702
v -0.011887 2.768194 -0.021457
v 0.013926 2.761997 0.034272
v 0.021916 2.753948 0.085071
v 0.020140 2.803206 0.104725
v 0.015294 2.817718 0.051500
v -0.008769 2.822414 -0.005345
v -0.063015 2.823236 -0.045055
v -0.018502 2.281076 -0.130239
v -0.125324 2.814516 -0.056269
v -0.180905 2.796094 -0.045518
v -0.218539 2.786270 -0.011530
v -0.222751 2.796163 0.047598
v -0.199254 2.797324 0.103534
v -0.011910 2.907566 0.000203
v 0.018456 2.909044 -0.016685
v -0.206302 2.523134 -0.004015
v -0.209053 2.533131 -0.057993
v -0.174454 2.544855 -0.101737
v -0.121839 2.554225 -0.124103
v -0.098532 2.228350 -0.186724
v -0.062065 2.559232 -0.118378
v -0.011838 2.555809 -0.081980
v 0.013773 2.545591 -0.026921
v -0.206064 2.468459 -0.014944
v -0.206104 2.480291 -0.069781
v -0.170722 2.493443 -0.111979
v -0.118340 2.502298 -0.133374
v -0.146821 2.220158 -0.166025
v -0.059370 2.506507 -0.131395
v -0.006985 2.503992 -0.098465
v 0.016170 2.494370 -0.041996
v -0.203936 2.414762 -0.023630
v -0.202436 2.429619 -0.080149
v -0.167615 2.442994 -0.121355
v -0.115587 2.451083 -0.143257
v -0.175962 2.215504 -0.130503
v -0.057844 2.453140 -0.140336
v -0.007618 2.450072 -0.110329
v 0.018729 2.440604 -0.060224
v 0.009349 2.492967 0.013184
v 0.012847 2.539036 0.023164
v -0.007667 2.659456 0.127580
v 0.010425 2.578513 0.061089
v 0.014420 2.785012 0.146179
v 0.020364 2.740568 0.104130
v 0.004967 2.682103 0.108727
v 0.003315 2.610248 0.092246
v -0.000589 2.488706 0.036677
v -0.043179 2.870274 -0.067581
v -0.103536 2.287276 -0.179147
v -0.126657 2.850787 -0.079394
v -0.196602 2.800579 -0.062410
v -0.250366 2.787395 -0.008503
v -0.267328 2.823705 0.057550
v -0.262388 2.873506 0.121374
v -0.209755 2.902580 0.119956
v -0.002118 2.620371 -0.283920
v -0.197277 2.957274 0.164304
v -0.187883 3.014982 0.197151
v -0.171304 3.069977 0.230807
v -0.206684 3.070794 0.254606
v -0.233920 2.995232 0.227062
v -0.241078 2.938401 0.181733
v -0.151098 3.129071 0.414877
v -0.143832 3.184862 0.413682
v -0.134296 3.259113 0.410949
v -0.128124 3.310249 0.408616
v -0.124704 3.363342 0.406184
v -0.120412 3.416638 0.399486
v 0.006854 2.164155 -0.105367
v 0.008222 2.339007 -0.081570
v -0.154432 2.280225 -0.155952
v -0.181470 2.270280 -0.113203
v -0.015694 2.170372 -0.145645
v -0.016525 2.342628 -0.123450
v -0.045593 2.173417 -0.179941
v -0.056254 2.344424 -0.153894
v -0.015515 2.017164 -0.171829
v -0.191160 2.329075 -0.097939
v -0.108894 2.346413 -0.165455
v -0.094629 2.173134 -0.193846
v -0.161994 2.341744 -0.141663
v -0.136999 2.166953 -0.172245
v -0.182971 2.186875 -0.116458
v -0.190689 2.220905 -0.090617
v -0.192009 2.258708 -0.066614
v -0.191815 2.291563 -0.049737
v -0.192849 2.319210 -0.040497
v -0.165201 2.155374 -0.145679
v -0.160351 2.020174 -0.153966
v -0.001470 2.016484 -0.125426
v -0.129658 2.020321 -0.185944
v -0.134764 2.120710 -0.176149
v -0.092787 2.122974 -0.197160
v -0.046130 2.123647 -0.187018
v -0.011508 2.120510 -0.158109
v 0.002838 2.115530 -0.115441
v 0.001831 2.065734 -0.122424
v -0.013683 2.068498 -0.164643
v -0.046419 2.070697 -0.193857
v -0.090248 2.070714 -0.201713
v -0.134203 2.066560 -0.184444
v -0.159984 2.065462 -0.154193
v -0.088723 2.054374 0.049810
v -0.085554 2.099373 0.036304
v -0.057276 2.040463 0.024589
v -0.060831 2.090435 0.022521
v 0.002104 2.114804 -0.032635
v 0.003601 2.113013 -0.073836
v -0.015465 2.026794 -0.040508
v -0.001639 2.070984 -0.035525
v -0.001279 2.019992 -0.082713
v 0.002990 2.064282 -0.079510
v 0.007476 2.158521 -0.065604
v 0.006617 2.154663 -0.026309
v -0.013023 2.124530 0.006778
v -0.005839 2.154781 0.000922
v -0.025150 2.020118 -0.089097
v -0.039059 2.026883 -0.048882
v -0.054408 2.031255 -0.016257
v -0.071078 2.036459 0.015509
v -0.094228 2.046100 0.043018
v -0.120866 2.051606 0.045919
v -0.148755 2.051141 0.032908
v -0.160157 2.039907 0.006169
v -0.159966 2.030207 -0.031003
v -0.156368 2.024462 -0.069366
v -0.152962 2.019986 -0.105941
v -0.142230 2.016370 -0.139578
v -0.118886 2.014999 -0.171822
v -0.085659 2.015125 -0.190592
v -0.053032 2.013304 -0.186836
v -0.026821 2.013477 -0.165531
v -0.015720 2.014213 -0.125318
v -0.047339 1.985556 -0.044836
v -0.028345 1.977527 -0.086882
v -0.015324 1.980051 -0.125541
v -0.024996 1.980698 -0.167114
v -0.052366 1.980501 -0.188942
v -0.082891 1.980503 -0.191750
v -0.116880 1.981360 -0.170806
v -0.141583 1.978541 -0.134288
v -0.158757 1.992902 -0.099496
v -0.164666 2.000854 -0.063844
v -0.170990 2.004780 -0.025560
v -0.177031 2.008863 0.018205
v -0.160803 2.031644 0.048075
v -0.124520 2.041391 0.066153
v -0.091880 2.033770 0.058874
v -0.065855 2.013929 0.026438
v -0.054607 1.999318 -0.006019
v -0.065886 1.943004 0.029175
v -0.060963 1.965198 0.031136
v -0.066490 1.963219 0.072244
v -0.071072 1.940300 0.071696
v -0.088588 1.941688 0.115476
v -0.084907 1.963684 0.113731
v -0.107518 1.946382 0.146238
v -0.102481 1.965881 0.144726
v -0.059978 1.961691 0.030748
v -0.065637 1.960102 0.072365
v -0.083316 1.960517 0.114716
v -0.101786 1.962792 0.146766
v -0.049795 1.942975 -0.193450
v -0.021987 1.942374 -0.166942
v -0.017946 1.940637 -0.124162
v -0.083596 1.942795 -0.195277
v -0.115144 1.941766 -0.172076
v -0.138570 1.939810 -0.128860
v -0.013685 1.974434 -0.124246
v -0.021012 1.975480 -0.167397
v -0.050622 1.975678 -0.192185
v -0.084093 1.975688 -0.195706
v -0.118917 1.974968 -0.173198
v -0.142355 1.972991 -0.134557
v -0.011206 1.993371 -0.129341
v -0.022868 1.994668 -0.167314
v -0.051608 1.994938 -0.190518
v -0.083848 1.995227 -0.194766
v -0.119956 1.994762 -0.175592
v -0.146500 1.990603 -0.137587
v -0.028249 1.973037 -0.085245
v -0.031208 1.938696 -0.086694
v -0.022447 1.989614 -0.087116
v -0.053223 1.974196 -0.045411
v -0.054019 1.970367 -0.044239
v -0.044231 1.939099 -0.066654
v -0.045806 1.949225 -0.062745
v -0.057201 1.949770 -0.047235
v -0.060666 1.969780 -0.002994
v -0.098760 1.977667 0.144807
v -0.081139 1.975080 0.114473
v -0.065248 1.973991 0.072420
v -0.058776 1.978655 0.032976
v -0.061156 1.965394 -0.004602
v -0.067542 1.946057 -0.008131
v -0.142963 1.939688 -0.104236
v -0.146004 1.951782 -0.099808
v -0.153619 1.968553 -0.089211
v -0.148932 1.951729 -0.086928
v -0.152751 1.973955 -0.089791
v -0.125605 1.948849 0.170064
v -0.120112 1.983041 0.172320
v -0.147972 1.985239 0.184208
v -0.148960 1.949745 0.181242
v -0.175494 1.984714 0.174502
v -0.174206 1.949147 0.173569
v -0.194468 1.983547 0.151333
v -0.191737 1.946926 0.153356
v -0.204845 1.981428 0.120173
v -0.201901 1.942910 0.126661
v -0.207184 1.983846 0.088325
v -0.208821 1.940816 0.096224
v -0.203618 1.984613 0.052784
v -0.211147 1.940371 0.063160
v 0.270909 1.977401 0.176063
v -0.191221 1.983006 0.016347
v -0.197860 1.941396 0.015849
v 0.279172 1.971041 0.209189
v -0.176412 1.943269 -0.022039
v 0.267049 1.940677 0.176745
v 0.212989 1.942570 0.118676
v -0.167747 1.986178 -0.061283
v -0.159009 1.948872 -0.057038
v -0.162197 1.969373 -0.058255
v -0.176962 1.965505 -0.022354
v 0.247684 1.941684 0.142450
v -0.195603 1.963511 0.015728
v 0.272151 1.938928 0.217121
v -0.208041 1.962703 0.051557
v -0.207600 1.964073 0.095695
v -0.202356 1.966513 0.124411
v -0.191410 1.969358 0.150188
v -0.174471 1.972216 0.173566
v -0.148321 1.973345 0.181033
v -0.123273 1.970776 0.169683
v -0.122250 1.967045 0.171732
v -0.148359 1.969701 0.183510
v -0.175299 1.969338 0.175867
v -0.193558 1.965921 0.153203
v -0.204110 1.962556 0.125177
v -0.209896 1.961081 0.095721
v -0.210078 1.960089 0.051095
v -0.178228 1.982900 -0.025674
v -0.198115 1.960104 0.015114
v -0.178833 1.960528 -0.023531
v 0.174387 1.942508 0.126946
v -0.163870 1.964782 -0.057463
v -0.143776 2.012155 0.169916
v -0.171897 2.009730 0.160415
v -0.137888 2.021819 0.142024
v -0.167396 2.020486 0.133412
v -0.132859 2.022954 0.114788
v -0.164134 2.022671 0.105206
v -0.129114 2.031217 0.089355
v -0.162174 2.025048 0.077529
v -0.191285 2.009803 0.093916
v -0.191494 2.006896 0.124498
v -0.186398 2.008271 0.059364
v -0.110018 2.007815 0.146333
v -0.100495 2.012808 0.119119
v -0.095813 2.023377 0.088595
v -0.122205 2.003202 0.166052
v -0.188708 2.002869 0.147915
v -0.074526 1.998178 0.077350
v 0.275672 1.951664 0.221657
v 0.280743 1.950626 0.250089
v 0.285038 1.967769 0.245769
v 0.175413 1.974478 0.127300
v 0.211620 1.975529 0.118028
v 0.248982 1.976902 0.139012
v 0.271714 1.974998 0.175314
v 0.278361 1.975106 0.211267
v 0.293516 1.944893 0.288970
v 0.299238 1.979386 0.286992
v 0.310565 1.975655 0.330347
v 0.312078 1.941194 0.329246
v 0.324591 1.941444 0.374664
v 0.324113 1.972789 0.375422
v 0.321698 1.974531 0.420092
v 0.320406 1.941100 0.423259
v 0.304838 1.943905 0.465507
v 0.308644 1.979686 0.463414
v 0.284683 1.948772 0.492577
v 0.285659 1.983759 0.493758
v 0.258206 1.950578 0.502938
v 0.257249 1.985865 0.505154
v 0.227550 1.983279 0.492449
v 0.233615 1.948519 0.490838
v 0.215831 1.946362 0.464287
v 0.208529 1.978912 0.464747
v 0.191593 1.975755 0.428502
v 0.197773 1.940705 0.426782
v 0.180510 1.976443 0.387418
v 0.185526 1.940898 0.386626
v 0.177058 1.983350 0.334272
v 0.185564 1.943963 0.331830
v 0.283281 2.010641 0.476793
v 0.246783 2.022467 0.450525
v 0.188500 1.948528 0.286807
v 0.174489 1.992519 0.294650
v 0.172843 1.950137 0.250131
v 0.167034 1.989007 0.254637
v 0.171722 1.974112 0.251223
v 0.183910 1.970403 0.289384
v 0.255233 2.014588 0.488245
v 0.180135 1.966518 0.333153
v 0.181270 1.963626 0.387491
v 0.195015 1.964453 0.427785
v 0.212285 1.968030 0.465162
v 0.231329 1.971924 0.490415
v 0.257983 1.974415 0.502279
v 0.285230 1.972605 0.491771
v 0.304909 1.968426 0.463195
v 0.319886 1.964463 0.420097
v 0.323402 1.963479 0.375796
v 0.310439 1.963660 0.330156
v 0.295825 1.966612 0.287616
v 0.297487 1.962497 0.287550
v 0.313307 1.958970 0.329343
v 0.325926 1.959011 0.375477
v 0.321878 1.959147 0.421417
v 0.307330 1.963334 0.464889
v 0.286360 1.967420 0.494123
v 0.257871 1.969458 0.504546
v 0.230115 1.966713 0.492201
v 0.211063 1.963696 0.466299
v 0.193602 1.959610 0.428653
v 0.180574 1.959349 0.387236
v 0.179765 1.961304 0.332466
v 0.280075 2.020013 0.444848
v 0.183483 1.966649 0.289186
v 0.170548 1.970011 0.250915
v 0.150456 1.972750 0.209604
v 0.154499 1.938832 0.207336
v 0.171242 1.938850 0.244523
v 0.152815 1.977903 0.212354
v 0.147498 1.975329 0.166771
v 0.151654 1.942003 0.162781
v 0.272513 2.025346 0.402905
v 0.240654 2.028462 0.412413
v 0.268098 2.039325 0.368064
v 0.236145 2.045133 0.377682
v 0.213638 2.007756 0.454168
v 0.202740 2.010957 0.415008
v 0.308281 2.003713 0.426360
v 0.303981 2.006021 0.386714
v 0.303408 2.001418 0.457363
v 0.228864 2.006939 0.482244
v 0.192615 2.019341 0.366749
v 0.293487 2.013235 0.344733
v 0.293022 2.004171 0.288773
v 0.284082 1.971973 0.245991
v 0.290491 1.984138 0.244435
v 0.284957 1.990166 0.204997
v 0.179950 2.005226 0.326320
v -0.114082 4.104038 0.146004
v -0.135570 4.133327 0.139666
v -0.110333 4.099027 0.145704
v -0.148348 3.912649 0.332045
v -0.140272 3.872898 0.340792
v -0.131509 3.825698 0.351274
v -0.123104 3.781862 0.363509
v -0.160561 3.713288 0.374874
v -0.163780 3.772386 0.366434
v -0.170709 3.820714 0.359882
v -0.178165 3.866599 0.350447
v -0.211183 4.038032 0.306795
v -0.221310 4.071282 0.292812
v -0.204617 4.006490 0.315954
v -0.200043 3.976087 0.325793
v -0.192895 3.943221 0.334897
v -0.185130 3.905408 0.342441
v -0.234401 4.095370 0.273337
v -0.254551 4.117485 0.246420
v -0.221668 4.114993 0.225729
v -0.243277 4.137104 0.197166
v -0.277948 4.136323 0.217953
v -0.303727 4.140509 0.184895
v -0.269099 4.138015 0.158984
v -0.330441 4.127013 0.149596
v -0.290702 4.125418 0.124455
v -0.348455 4.097756 0.121493
v -0.311641 4.097819 0.091661
v -0.359125 4.059741 0.107141
v -0.325364 4.057999 0.071411
v -0.241869 4.131464 0.138127
v -0.211852 4.128138 0.170341
v -0.258164 4.123635 0.107886
v -0.172002 3.990108 -0.061897
v -0.236240 4.110749 0.069517
v -0.226881 4.123450 0.063313
v -0.211616 4.110993 0.029527
v -0.216642 4.095196 0.033178
v -0.191012 4.096285 -0.004285
v -0.190226 4.078875 0.000975
v -0.162185 4.088452 -0.039759
v -0.158872 4.069067 -0.029699
v -0.126904 4.081316 -0.066028
v -0.124742 4.063766 -0.054892
v 0.040948 4.061950 -0.102825
v 0.001843 4.061285 -0.099822
v 0.068230 4.063006 -0.102923
v 0.105942 4.064724 -0.096421
v 0.137378 4.066653 -0.085335
v 0.166656 4.067564 -0.067332
v 0.179563 4.064929 -0.045612
v -0.107092 4.108786 -0.050532
v -0.143533 4.115065 -0.026047
v -0.174462 4.120527 0.006476
v -0.192187 4.125627 0.037657
v -0.204734 4.132780 0.073984
v -0.124232 4.137612 -0.016486
v -0.148700 4.137121 0.006995
v -0.169050 4.134351 0.042731
v -0.134951 4.156439 0.064586
v -0.154333 4.148516 0.050818
v -0.141566 4.148535 0.098608
v -0.160857 4.142025 0.090093
v -0.183326 4.133830 0.078921
v -0.213621 4.136590 0.100465
v -0.194513 4.136859 0.111674
v -0.170478 4.134485 0.124915
v -0.146848 4.137107 0.129990
v -0.115587 4.150489 0.064167
v -0.132728 4.148023 0.100251
v -0.113540 4.134268 0.092574
v -0.133013 4.136045 0.131662
v -0.112719 4.111313 0.121743
v -0.157743 3.635974 0.385920
v -0.164355 3.562364 0.395737
v -0.166467 3.514276 0.401438
v -0.166815 3.463334 0.405252
v -0.165541 3.417425 0.408162
v -0.171172 3.369951 0.410194
v -0.173080 3.323323 0.411165
v -0.179931 3.265863 0.411673
v -0.195285 3.188895 0.413144
v -0.200719 3.123337 0.417757
v -0.256780 3.012569 0.282759
v -0.223928 3.077292 0.293784
v -0.241228 3.009705 0.330364
v -0.214389 3.071690 0.328522
v -0.210063 2.979130 0.368876
v -0.183077 3.055381 0.365016
v -0.167528 2.975693 0.402773
v -0.158707 3.050005 0.393707
v -0.171221 2.978114 0.426263
v -0.160580 3.051153 0.416846
v -0.181691 2.901388 0.411236
v -0.232829 2.901365 0.374720
v -0.192293 2.814921 0.423197
v -0.252191 2.817639 0.383349
v -0.199195 2.730971 0.434621
v -0.273449 2.731390 0.402805
v -0.208526 2.638936 0.443466
v -0.284528 2.649256 0.417035
v -0.209156 2.570057 0.438354
v -0.302500 2.561355 0.437704
v -0.237158 2.644223 0.439721
v -0.245351 2.569906 0.454458
v -0.187429 2.814226 0.444088
v -0.181124 2.900382 0.434836
v -0.190458 2.730954 0.452906
v -0.196256 2.637432 0.461646
v -0.198554 2.568441 0.450698
v -0.355851 2.546743 0.397735
v -0.337152 2.635156 0.372856
v -0.320757 2.712428 0.358178
v -0.396111 2.540635 0.334152
v -0.373651 2.616691 0.319502
v -0.394832 2.536990 0.266686
v -0.377493 2.611771 0.257421
v -0.379557 2.531738 0.198274
v -0.361807 2.604384 0.192229
v -0.352430 2.702738 0.309309
v -0.357217 2.694627 0.247801
v -0.342463 2.676915 0.186067
v -0.346956 2.668793 0.128105
v -0.361235 2.596017 0.131150
v -0.382576 2.521302 0.137888
v -0.425112 2.511387 0.075013
v -0.398830 2.587677 0.069518
v -0.381429 2.672595 0.065641
v -0.461909 2.504406 0.006246
v -0.424999 2.580760 -0.000146
v -0.384134 2.663065 -0.008140
v -0.310877 2.787019 0.063172
v -0.303561 2.809106 0.128477
v -0.349263 2.741249 0.069819
v -0.324913 2.744292 0.126075
v -0.268059 2.887203 0.180645
v -0.273510 2.922147 0.230686
v -0.283409 2.945855 0.281802
v -0.257876 2.955979 0.333247
v -0.315441 2.748258 0.184750
v -0.323416 2.773812 0.240900
v -0.320542 2.789453 0.295554
v -0.292802 2.802810 0.343243
v -0.290373 2.825306 0.185906
v -0.298641 2.850898 0.235182
v -0.301762 2.870475 0.287459
v -0.275137 2.885384 0.334276
v -0.234196 2.726302 0.469156
v -0.230097 2.812754 0.455434
v -0.224957 2.898276 0.443874
v -0.216394 2.977781 0.433637
v -0.206277 3.051902 0.423466
v -0.234894 2.642917 0.480930
v -0.236657 2.568585 0.471014
v -0.311008 2.563078 0.453712
v -0.311011 2.639233 0.452437
v -0.304034 2.723379 0.444357
v -0.294136 2.810489 0.433920
v -0.285994 2.896102 0.423200
v -0.275840 2.976626 0.411761
v -0.264459 3.052701 0.402081
v -0.255461 3.126869 0.397063
v -0.272096 2.749107 -0.034644
v -0.228892 2.739095 -0.075616
v -0.304093 2.698882 -0.053403
v -0.248032 2.689006 -0.091876
v -0.350494 2.625130 -0.070266
v -0.279389 2.619855 -0.105707
v -0.370347 2.560066 -0.098513
v -0.305714 2.555933 -0.126646
v -0.409552 2.564150 -0.062743
v -0.459796 2.499470 -0.066701
v -0.415318 2.498557 -0.118281
v -0.330266 2.499151 -0.156951
v -0.300086 2.765315 -0.001802
v -0.341897 2.724372 -0.004498
v -0.376467 2.552276 0.408538
v -0.310290 3.132134 0.361358
v -0.354663 3.135563 0.302304
v -0.413241 2.541473 0.341721
v -0.416814 2.534843 0.266133
v -0.397579 3.128152 0.238852
v -0.493913 2.507800 0.009776
v -0.493243 2.508616 -0.072329
v -0.425172 3.151361 0.125984
v -0.423001 3.142174 0.185677
v -0.457163 2.515152 0.084314
v -0.441630 2.508572 -0.135131
v -0.391794 3.154495 0.073377
v -0.422794 2.608107 0.264370
v -0.414549 2.619332 0.340817
v -0.372888 2.628298 0.408984
v -0.363359 2.717000 0.403450
v -0.410277 2.708809 0.338416
v -0.420841 2.693902 0.261696
v -0.411958 2.790565 0.256033
v -0.400296 2.800292 0.331993
v -0.353613 2.806803 0.397655
v -0.343544 2.893582 0.387978
v -0.387932 2.886489 0.325573
v -0.405593 2.873812 0.251586
v -0.399168 2.964326 0.252707
v -0.374265 2.971410 0.318489
v -0.331708 2.975789 0.376834
v -0.320035 3.054579 0.367479
v -0.361983 3.053672 0.310372
v -0.392378 3.050282 0.252611
v -0.463006 2.589619 0.103530
v -0.494232 2.587162 0.033257
v -0.492321 2.586916 -0.051350
v -0.433976 2.601759 -0.122526
v -0.423566 2.697500 -0.093245
v -0.479693 2.688619 -0.020797
v -0.483289 2.681648 0.057536
v -0.457565 2.677144 0.125178
v -0.449045 2.771228 0.146762
v -0.471527 2.776298 0.083470
v -0.467672 2.782935 0.010767
v -0.414639 2.790290 -0.063424
v -0.406731 2.885342 -0.031797
v -0.458308 2.877878 0.040288
v -0.462226 2.868126 0.111574
v -0.434218 2.852011 0.179720
v -0.427002 2.958958 0.195153
v -0.451034 2.965020 0.135899
v -0.447813 2.972439 0.068323
v -0.397668 2.972492 -0.004863
v -0.389733 3.071946 0.032622
v -0.436158 3.069315 0.097907
v -0.437567 3.058659 0.159867
v -0.417324 3.050510 0.209055
v -0.412317 2.516768 0.141387
v -0.432794 2.588439 0.160250
v -0.402899 2.530298 0.202590
v -0.420120 2.593852 0.204333
v -0.429675 2.668433 0.189118
v -0.428334 2.776943 0.192435
v -0.339736 3.082988 -0.007112
v -0.343578 3.161046 0.028177
v -0.292825 3.106984 -0.062103
v -0.306067 3.184958 -0.023667
v -0.330565 3.502089 0.099324
v -0.289391 3.545909 0.067864
v -0.266074 3.595032 0.049256
v -0.219900 3.648416 0.039026
v -0.346474 3.410555 0.119675
v -0.371832 3.373189 0.145213
v -0.397954 3.346563 0.170796
v -0.392939 3.229362 0.110767
v -0.351370 3.247164 0.073119
v -0.322205 3.272449 0.024357
v -0.334437 3.352710 0.070418
v -0.361668 3.317854 0.111664
v -0.398791 3.294251 0.145750
v -0.417914 3.223550 0.156665
v -0.412168 3.213261 0.209140
v -0.412393 3.295707 0.193566
v -0.399219 3.284406 0.235095
v -0.409844 3.309201 0.169505
v -0.415963 3.318642 0.174716
v -0.420388 3.305173 0.196636
v -0.406802 3.352252 0.175187
v -0.406683 3.295393 0.243261
v -0.290242 3.283362 0.366098
v -0.332222 3.276942 0.316338
v -0.373516 3.280532 0.271113
v -0.236532 3.279320 0.395620
v -0.219039 3.521950 0.394135
v -0.270890 3.531140 0.368628
v -0.245692 3.205996 0.395327
v -0.301008 3.210947 0.361688
v -0.339637 3.212419 0.313613
v -0.383826 3.209794 0.258381
v -0.352062 2.504822 -0.178275
v -0.362110 2.603334 -0.167175
v -0.352746 2.703765 -0.140229
v -0.344408 2.800425 -0.117475
v -0.333061 2.891917 -0.093665
v 0.165702 3.085675 -0.189814
v -0.278230 2.496175 -0.183126
v -0.251088 2.553964 -0.162558
v -0.172786 2.554619 -0.242019
v -0.188725 2.491389 -0.248492
v -0.210992 2.553926 -0.205897
v -0.234662 2.493474 -0.220015
v -0.182363 2.559868 -0.269390
v -0.197211 2.493039 -0.272855
v -0.240392 2.573229 -0.253486
v -0.247216 2.496380 -0.250005
v -0.296048 2.499975 -0.208276
v -0.296553 2.583512 -0.216166
v -0.191083 2.755937 -0.111298
v -0.145597 2.803902 -0.138952
v -0.198563 2.696581 -0.149514
v -0.147833 2.751365 -0.192765
v -0.176456 2.667151 -0.204113
v -0.141827 2.704313 -0.232638
v -0.227065 2.620694 -0.154607
v -0.191271 2.614969 -0.204224
v -0.157229 2.616865 -0.245340
v -0.147470 2.670579 -0.254439
v -0.168341 2.619724 -0.267136
v -0.159569 2.672708 -0.270519
v -0.208542 2.685335 -0.255260
v -0.224622 2.632422 -0.253965
v -0.276959 2.883756 -0.158149
v -0.286389 2.801136 -0.173573
v -0.236350 2.874253 -0.197784
v -0.235481 2.805166 -0.217764
v -0.194850 2.858821 -0.222607
v -0.183436 2.794293 -0.242235
v -0.181925 2.796076 -0.250273
v -0.190198 2.858901 -0.229773
v -0.171884 2.744525 -0.266425
v -0.172970 2.741298 -0.257981
v -0.164414 2.704924 -0.278471
v -0.165800 2.703038 -0.269028
v -0.235768 2.733520 -0.233667
v -0.287428 2.719587 -0.191662
v -0.156812 2.841516 -0.256994
v -0.151518 2.801364 -0.269152
v -0.195240 2.869270 -0.229968
v -0.234846 2.884057 -0.201257
v -0.271386 2.899677 -0.160531
v -0.155767 2.852254 -0.255877
v 0.198464 3.226611 -0.131916
v 0.196375 3.299308 -0.125554
v 0.237206 3.177768 -0.126078
v 0.206139 3.131573 -0.158751
v -0.333448 3.009154 -0.046019
v 0.294573 3.217914 -0.052505
v -0.106109 2.845119 -0.272387
v 0.320892 3.218476 0.014638
v 0.324827 3.194949 0.045374
v -0.143956 2.759464 -0.283255
v -0.287866 2.651053 -0.206752
v 0.364558 2.490925 0.008182
v 0.399913 2.502370 -0.035330
v 0.398667 2.570819 -0.016859
v 0.359360 2.554680 0.032516
v 0.393894 2.645170 -0.004644
v 0.357249 2.631391 0.049970
v 0.355994 2.710252 0.063793
v 0.388187 2.722498 0.003838
v 0.381517 2.795042 0.016224
v 0.353970 2.782901 0.078249
v 0.349309 2.855763 0.093343
v 0.374502 2.868083 0.028450
v 0.366291 2.939061 0.042929
v 0.359148 2.999179 0.056819
v 0.349355 3.054311 0.070082
v 0.337435 3.111712 0.084672
v 0.322023 3.168901 0.093056
v 0.307063 3.205682 0.144548
v 0.312513 3.217530 0.102653
v 0.338468 2.553564 0.019785
v 0.350728 2.494075 -0.000988
v 0.334945 2.636040 0.037659
v 0.332494 2.711746 0.055393
v 0.330643 2.781313 0.072884
v 0.325904 2.854061 0.088845
v 0.379386 2.499821 -0.042347
v 0.342966 2.560304 -0.035282
v 0.351795 2.529369 -0.225232
v 0.328077 2.639861 -0.018691
v 0.372205 2.517422 -0.155241
v 0.321078 2.719951 0.000345
v 0.391889 2.524786 -0.162800
v 0.311762 2.785647 0.018369
v 0.389432 2.513106 -0.100081
v 0.297126 2.847207 0.045365
v 0.407857 2.516430 -0.098607
v 0.328284 2.523384 -0.215760
v 0.325235 2.540402 -0.302866
v 0.298569 2.532899 -0.294250
v 0.404337 2.584803 -0.086815
v 0.387572 2.590951 -0.147327
v 0.356856 2.598696 -0.212674
v 0.333399 2.611110 -0.282867
v 0.281752 2.573095 -0.238523
v 0.306247 2.566475 -0.192374
v 0.338244 2.557820 -0.137289
v 0.350770 2.554860 -0.093109
v -0.298415 3.291886 0.366786
v -0.342770 3.286257 0.321294
v -0.379604 3.288569 0.277693
v -0.276758 3.467194 0.369178
v -0.315799 3.465669 0.334408
v -0.351523 3.461908 0.294801
v -0.376113 3.461801 0.255963
v -0.383517 3.465653 0.214915
v -0.386557 3.473107 0.214212
v -0.379247 3.469806 0.258135
v -0.355524 3.470971 0.300557
v -0.320541 3.474242 0.342320
v -0.277931 3.476229 0.374640
v -0.400223 3.385861 0.205833
v -0.393072 3.379791 0.250636
v -0.370506 3.376901 0.289441
v -0.329256 3.376980 0.333145
v -0.288764 3.379979 0.374734
v -0.284014 3.424695 0.372789
v -0.321275 3.421971 0.333981
v -0.357868 3.419953 0.292066
v -0.383636 3.420470 0.252952
v -0.389491 3.424974 0.210391
v -0.292695 3.335391 0.373680
v -0.339227 3.331022 0.327670
v -0.376436 3.332340 0.282749
v -0.401058 3.337300 0.247371
v -0.410331 3.344999 0.201180
v -0.285713 3.330384 0.371459
v -0.233020 3.329797 0.395801
v -0.280842 3.377630 0.371989
v -0.227206 3.374684 0.395794
v -0.275809 3.422061 0.370775
v -0.224139 3.421465 0.394821
v -0.271654 3.466007 0.369473
v -0.222047 3.468302 0.395470
v -0.263959 3.535986 0.369225
v -0.306097 3.533592 0.337087
v -0.339690 3.535048 0.301343
v -0.365982 3.536863 0.256113
v -0.367407 3.538446 0.213641
v -0.377188 3.472123 0.174765
v -0.354779 3.529508 0.179982
v -0.373673 3.465394 0.176623
v -0.383099 3.424670 0.178096
v -0.396235 3.386955 0.177430
v -0.386302 3.384140 0.173477
v -0.374171 3.422083 0.174574
v -0.364727 3.463669 0.173250
v -0.350210 3.532517 0.174529
v -0.358783 3.491653 0.172668
v -0.369891 3.495661 0.175437
v -0.379380 3.498956 0.217140
v -0.369353 3.497609 0.257357
v -0.345101 3.499220 0.299256
v -0.315848 3.507608 0.337343
v -0.343663 3.540612 0.156921
v -0.345271 3.474101 0.137960
v 0.190306 2.578550 -0.295039
v 0.107591 2.559284 -0.292443
v 0.043329 2.563065 -0.299044
v 0.103537 2.933524 0.011545
v 0.201585 2.538314 -0.361584
v 0.127441 2.531773 -0.350893
v 0.044379 2.504862 -0.341914
v 0.240583 2.582642 -0.279572
v 0.261957 2.537083 -0.335689
v 0.063146 2.643773 -0.244391
v 0.128113 2.627397 -0.232011
v 0.210779 2.630559 -0.240602
v 0.208543 2.701110 -0.179440
v 0.137848 2.694248 -0.179506
v 0.073391 2.709184 -0.202363
v 0.083394 2.772638 -0.158545
v 0.144144 2.757290 -0.129588
v 0.209886 2.765211 -0.129543
v 0.217109 2.825741 -0.079943
v 0.151452 2.818983 -0.080091
v 0.090880 2.835728 -0.109157
v 0.096250 2.890269 -0.051551
v 0.159060 2.875454 -0.028633
v 0.220747 2.879938 -0.023557
v 0.311859 2.662699 -0.081535
v 0.298170 2.732912 -0.054848
v 0.274686 2.793475 -0.041153
v 0.263253 2.862315 0.007263
v 0.270328 2.747717 -0.094350
v 0.277127 2.686535 -0.137780
v 0.326101 2.597351 -0.107566
v 0.285303 2.620561 -0.182360
v 0.275274 2.546726 -0.357567
v 0.207277 2.553623 -0.381806
v 0.121460 2.541384 -0.371906
v 0.044603 2.514717 -0.367946
v 0.278052 2.623603 -0.335600
v 0.199641 2.627960 -0.357262
v 0.113759 2.618217 -0.355968
v 0.035509 2.601559 -0.358278
v -0.038922 2.502970 -0.358393
v -0.039105 2.513007 -0.382818
v -0.126255 2.523249 -0.377909
v -0.112994 2.514328 -0.361058
v -0.058536 2.597897 -0.361985
v -0.135301 2.579020 -0.351421
v -0.124971 2.573819 -0.328314
v -0.039509 2.563444 -0.320748
v -0.059394 2.831537 -0.136750
v -0.063649 2.784355 -0.198998
v -0.063802 2.729721 -0.241963
v -0.063810 2.678997 -0.272110
v -0.143430 2.672308 -0.264064
v -0.133566 2.629964 -0.296695
v -0.058629 2.629405 -0.295693
v -0.000753 2.670546 -0.258594
v 0.021447 2.883384 -0.068489
v 0.017329 2.842210 -0.130135
v 0.014461 2.786123 -0.185079
v 0.007507 2.726379 -0.226561
v -0.149455 2.636575 -0.315186
v -0.156677 2.676216 -0.281420
v -0.159222 2.675251 -0.293473
v -0.124690 2.684468 -0.315031
v -0.105515 2.646072 -0.337851
v -0.129704 2.723345 -0.300076
v -0.032871 2.778078 -0.301541
v -0.036826 2.848942 -0.277433
v 0.316472 3.160972 -0.029135
v 0.333351 3.139316 0.010387
v 0.340262 2.682019 -0.250048
v 0.121099 2.694337 -0.327513
v 0.282610 2.696304 -0.301838
v 0.309384 3.109649 -0.064522
v 0.203294 2.697777 -0.320376
v 0.043372 2.773265 -0.308421
v 0.335517 3.122281 0.049799
v 0.361245 2.664294 -0.179685
v 0.338860 3.089955 -0.019929
v 0.345359 3.067469 0.021641
v 0.353169 3.009641 0.000845
v 0.341995 3.033335 -0.056318
v 0.299276 3.052411 -0.102649
v 0.273504 3.139269 -0.105327
v 0.360493 2.943735 -0.027847
v 0.347848 2.963283 -0.093061
v 0.299370 2.982622 -0.140879
v 0.241828 3.007620 -0.189398
v 0.367521 2.862814 -0.059264
v 0.350394 2.890990 -0.130620
v 0.299997 2.912570 -0.179859
v 0.232738 2.930093 -0.219974
v 0.040727 2.691050 -0.335381
v 0.365836 2.803517 -0.110633
v 0.347400 2.823386 -0.172271
v 0.293317 2.839159 -0.224644
v 0.218809 2.848532 -0.253819
v 0.138137 2.854559 -0.280245
v 0.364741 2.736092 -0.145550
v 0.344873 2.752643 -0.212190
v 0.288286 2.768590 -0.264779
v 0.209857 2.771596 -0.286222
v 0.129518 2.774712 -0.305086
v 0.383075 2.726235 -0.075734
v 0.376750 2.795959 -0.057425
v 0.391031 2.646074 -0.100551
v 0.052981 2.853199 -0.277100
v -0.029921 2.689837 -0.333214
v 0.288200 3.183405 -0.071509
v -0.029410 2.938011 -0.248720
v 0.063456 2.937757 -0.245497
v 0.149708 2.940965 -0.246454
v -0.199697 2.993052 -0.175783
v -0.272580 2.975727 -0.129329
v -0.281450 3.040463 -0.097778
v -0.211533 3.066815 -0.145080
v -0.124086 3.093023 -0.168315
v -0.033051 3.112772 -0.184933
v 0.067299 3.140945 -0.182050
v 0.145480 3.171380 -0.162099
v 0.159240 3.011680 -0.214471
v 0.078995 3.050365 -0.212609
v -0.028326 3.028416 -0.215017
v -0.118422 3.012916 -0.205668
v -0.112079 2.931704 -0.241128
v 0.191580 3.382827 -0.111655
v 0.245737 3.084160 -0.152539
v 0.256749 3.217877 -0.101175
v 0.191122 3.448902 -0.108860
v -0.330114 2.958772 -0.070600
v 0.183578 3.497501 -0.111736
v 0.234450 3.450315 -0.082878
v 0.231635 3.515125 -0.071215
v 0.257482 3.463369 -0.060310
v 0.296600 3.381836 -0.025360
v 0.296790 3.395246 -0.037248
v 0.258154 3.393902 -0.085370
v 0.253744 3.383296 -0.078607
v 0.206282 3.396688 -0.114437
v 0.200740 3.384688 -0.108802
v 0.239530 3.444455 -0.085443
v 0.201324 3.443871 -0.108551
v 0.261255 3.456712 -0.058710
v 0.208037 3.302502 -0.128828
v 0.208838 3.235017 -0.133993
v 0.264109 3.227559 -0.107821
v 0.303967 3.227367 -0.059953
v 0.327104 3.227897 0.007621
v 0.319734 3.302052 0.025724
v 0.300150 3.310373 -0.040291
v 0.261484 3.309979 -0.094568
v 0.319716 3.293854 0.032071
v 0.320229 3.240450 0.080515
v 0.366363 3.233729 0.069476
v 0.361551 3.274060 0.036068
v 0.353167 3.320972 0.008967
v 0.342564 3.363719 -0.024671
v 0.329668 3.404337 -0.052558
v 0.304658 3.450979 -0.071653
v 0.284057 3.484763 -0.084718
v 0.260282 3.523945 -0.095403
v 0.407800 3.280090 0.042200
v 0.401222 3.327013 0.009442
v 0.387729 3.369927 -0.022963
v 0.380764 3.414026 -0.059882
v 0.350761 3.457242 -0.088539
v 0.327455 3.502629 -0.109842
v 0.289666 3.547433 -0.120077
v 0.414916 3.239850 0.070828
v 0.136376 3.620162 -0.127386
v 0.163912 3.549977 -0.119388
v 0.185633 3.648632 -0.107404
v 0.208343 3.576625 -0.094150
v -0.192491 2.912723 -0.213546
v -0.106925 2.807293 -0.284476
v -0.080969 2.738958 -0.311697
v -0.081928 2.690378 -0.327388
v -0.117634 2.766141 -0.293453
v -0.299840 3.541200 0.336207
v -0.334569 3.543679 0.300782
v -0.360318 3.546489 0.253523
v -0.361153 3.543956 0.213876
v -0.334660 3.845153 0.254333
v -0.353833 3.840123 0.214836
v -0.347156 3.583358 0.192087
v -0.355298 3.590784 0.256597
v -0.297977 3.855123 0.282503
v -0.322174 3.589436 0.307126
v -0.257855 3.904508 0.313974
v -0.223414 3.910474 0.330846
v -0.219605 3.576817 0.388825
v -0.227558 3.942273 0.323087
v -0.363500 3.853323 0.170659
v -0.219011 3.643452 0.380623
v -0.313698 3.644184 0.306518
v -0.275780 3.578382 0.352997
v -0.349145 3.642993 0.260208
v -0.271177 3.732146 0.077429
v -0.304719 3.779911 0.092203
v -0.346698 3.554077 0.176741
v -0.223069 3.865813 0.338197
v -0.344517 3.635756 0.201984
v -0.338976 3.633305 0.148304
v -0.310258 3.699184 0.109187
v -0.329402 3.745899 0.128794
v -0.315051 3.637460 0.120950
v -0.215516 3.713605 0.370700
v -0.261004 3.703987 0.336536
v -0.306226 3.700858 0.303465
v -0.341556 3.698076 0.261239
v -0.344132 3.692512 0.206612
v -0.341298 3.689835 0.153146
v -0.347060 3.744715 0.160433
v -0.345109 3.746806 0.209297
v -0.334308 3.751820 0.259099
v -0.299893 3.756495 0.296253
v -0.257865 3.760051 0.326521
v -0.219072 3.767149 0.359612
v -0.221818 3.817654 0.348610
v -0.259074 3.815055 0.314392
v -0.267813 3.642742 0.344970
v -0.295544 3.809053 0.288407
v -0.330708 3.801524 0.255648
v -0.348369 3.796807 0.211586
v -0.351652 3.796602 0.160880
v -0.335830 3.826416 0.111170
v -0.366887 3.878982 0.138030
v 0.297797 3.632454 0.073389
v 0.294724 3.675399 0.064305
v 0.286943 3.715346 0.057545
v 0.284068 3.755668 0.047139
v 0.306484 3.594948 0.086780
v 0.309478 3.550054 0.092810
v 0.174793 3.714774 -0.125585
v 0.124349 3.698201 -0.142012
v 0.165126 3.780812 -0.149487
v 0.114933 3.765916 -0.156767
v 0.167522 3.839738 -0.162897
v 0.117459 3.842017 -0.172577
v 0.182406 3.894141 -0.178465
v 0.143502 3.908700 -0.176173
v 0.215605 3.932974 -0.164469
v 0.184247 3.967633 -0.163238
v 0.251756 3.960248 -0.143259
v 0.217383 3.999184 -0.139749
v 0.276505 3.973953 -0.120752
v 0.245297 4.014650 -0.107140
v 0.157997 3.839291 -0.170771
v 0.170970 3.898688 -0.180555
v 0.207884 3.945876 -0.168374
v 0.247719 3.971590 -0.148116
v 0.273594 3.985022 -0.124069
v 0.069538 3.676728 -0.126374
v 0.013236 3.656330 -0.103368
v -0.046678 3.638648 -0.074469
v -0.096130 3.631753 -0.043486
v -0.140964 3.637644 -0.014165
v -0.169701 3.660380 0.002894
v -0.201075 3.701334 0.018594
v -0.231157 3.739487 0.032352
v -0.265664 3.781317 0.045619
v -0.292603 3.821994 0.053967
v -0.329486 3.879638 0.075201
v -0.365916 3.921937 0.113367
v 0.067742 4.310724 0.110715
v 0.067092 4.300269 0.113336
v 0.071333 4.303708 0.103122
v -0.114179 4.257169 0.039155
v -0.115749 4.272778 0.048281
v -0.113533 4.285565 0.056635
v -0.109439 4.299788 0.071972
v -0.110749 4.292912 0.038558
v -0.108922 4.331691 0.079815
v -0.104760 4.310912 0.083804
v -0.106819 4.319394 0.081656
v -0.106403 4.301093 0.089114
v -0.107022 4.317955 0.073295
v -0.105972 4.322029 0.061003
v -0.105646 4.339836 0.068490
v -0.108742 4.327745 0.085005
v -0.112602 4.281572 0.028757
v -0.113862 4.266919 0.021290
v -0.114526 4.249970 0.019963
v 0.087078 4.288264 0.072962
v 0.078962 4.303362 0.081633
v 0.072999 4.316567 0.089781
v 0.092659 4.274813 0.063513
v 0.094042 4.256813 0.059863
v 0.060272 4.355440 0.117784
v 0.065029 4.345446 0.106909
v 0.065185 4.335407 0.118537
v 0.068169 4.331522 0.097850
v 0.068107 4.324002 0.111752
v 0.069550 4.313700 0.106529
v 0.090162 4.212618 0.069750
v 0.086904 4.225336 0.072715
v 0.092306 4.235674 0.061245
v 0.096890 4.251902 0.053439
v -0.065781 4.290134 0.153639
v -0.060717 4.286617 0.154136
v -0.062947 4.289595 0.158049
v -0.060593 4.280767 0.155281
v -0.064145 4.284144 0.159403
v -0.053454 4.326315 0.130292
v -0.053731 4.321885 0.129660
v -0.053451 4.319236 0.130110
v -0.052816 4.317963 0.138521
v -0.050714 4.322956 0.133956
v -0.005860 4.316766 0.140740
v 0.041683 4.374567 0.120741
v -0.087005 4.376615 0.094806
v -0.077634 4.412505 0.016361
v 0.062843 4.412467 0.047992
v -0.008205 4.442912 0.032163
v -0.025191 4.388058 0.123874
v 0.045991 4.425241 0.044278
v 0.026400 4.384360 0.123402
v 0.021933 4.438329 0.038451
v -0.001904 4.387074 0.129234
v -0.038029 4.437715 0.026665
v -0.047757 4.387497 0.118283
v -0.061775 4.425407 0.020892
v -0.071002 4.388144 0.103660
v -0.088089 4.385469 0.076569
v -0.072378 4.401442 0.090026
v -0.049365 4.409784 0.103916
v -0.024244 4.412050 0.110796
v 0.004832 4.409538 0.114508
v 0.031208 4.398466 0.110421
v 0.052009 4.381771 0.103883
v -0.090154 4.393953 0.054510
v -0.069642 4.415625 0.071113
v -0.047528 4.425980 0.082835
v -0.020772 4.430223 0.091285
v 0.008009 4.425858 0.094069
v 0.033864 4.415296 0.092947
v 0.055375 4.399398 0.087466
v 0.061159 4.407274 0.066971
v 0.039642 4.423829 0.069853
v 0.014796 4.436913 0.067993
v -0.014531 4.442163 0.063598
v -0.042458 4.436308 0.056751
v -0.065294 4.423911 0.047503
v -0.084611 4.405444 0.033461
v -0.059610 4.376911 0.127167
v -0.074498 4.378074 0.114058
v -0.028212 4.375064 0.132592
v -0.042848 4.375680 0.130451
v -0.012683 4.375542 0.138595
v 0.003487 4.373775 0.139474
v 0.025354 4.373678 0.134015
v -0.116332 4.337219 0.003688
v -0.117029 4.313224 -0.017316
v 0.075888 4.401552 0.031486
v -0.083369 4.401978 -0.001617
v -0.073278 4.295144 -0.108695
v 0.106756 4.280382 -0.063313
v 0.023231 4.296836 -0.128804
v -0.002071 4.435705 0.000596
v 0.030241 4.430763 0.008805
v 0.058766 4.294126 -0.111896
v -0.034677 4.431611 -0.004847
v -0.017762 4.296615 -0.137332
v 0.057770 4.417827 0.019271
v 0.086499 4.288637 -0.088504
v -0.062401 4.418544 -0.006216
v -0.052801 4.295658 -0.123861
v 0.090636 4.384565 0.009301
v 0.070476 4.403213 -0.007640
v 0.039542 4.417861 -0.022017
v 0.004179 4.422760 -0.031076
v -0.031540 4.419192 -0.037320
v -0.063250 4.404558 -0.035056
v -0.089845 4.387371 -0.026740
v -0.095192 4.369078 -0.055641
v -0.063489 4.385283 -0.065626
v -0.028088 4.399123 -0.069153
v 0.010293 4.403390 -0.062722
v 0.047536 4.397217 -0.053987
v 0.079682 4.382594 -0.038022
v 0.104164 4.362463 -0.016163
v 0.108853 4.338652 -0.046286
v 0.086044 4.355814 -0.069219
v 0.053241 4.369047 -0.085118
v 0.015566 4.374329 -0.095116
v -0.024000 4.373551 -0.100673
v -0.062476 4.359939 -0.096228
v -0.094417 4.339573 -0.083015
v -0.082279 4.316268 -0.101569
v -0.057445 4.329926 -0.118239
v -0.018430 4.338951 -0.126834
v 0.020123 4.339389 -0.121642
v 0.056586 4.332394 -0.103553
v 0.087581 4.322678 -0.083114
v 0.108489 4.309200 -0.058217
v 0.082391 4.387476 0.050797
v -0.098466 4.385386 0.014143
v 0.098561 4.366279 0.029499
v 0.108412 4.344185 0.007154
v 0.096328 4.343615 0.048197
v 0.109432 4.315070 0.026737
v 0.090807 4.318248 0.060971
v 0.104603 4.298130 0.044223
v 0.077788 4.366958 0.070029
v 0.066494 4.360337 0.092817
v 0.075889 4.338974 0.076167
v 0.058552 4.366255 0.110782
v -0.110116 4.365023 -0.011132
v -0.109357 4.343303 -0.039654
v -0.117041 4.289597 0.003234
v -0.114568 4.302436 0.017775
v -0.102473 4.359632 0.032757
v -0.103584 4.330482 0.042521
v -0.103588 4.357771 0.062092
v 0.070743 4.188213 0.064053
v 0.079582 4.205410 0.061411
v 0.094901 4.207365 0.061642
v 0.082040 4.207492 0.047091
v 0.094562 4.208457 0.048406
v 0.089264 4.221598 0.024579
v 0.099907 4.217258 0.023905
v 0.095882 4.236293 0.007817
v 0.106623 4.232946 0.003154
v 0.103648 4.252634 -0.005394
v 0.113808 4.248265 -0.006916
v 0.118055 4.249120 -0.000119
v 0.111799 4.234165 0.006346
v 0.103127 4.219380 0.025969
v 0.119094 4.265538 -0.005009
v 0.108837 4.269271 -0.006243
v 0.117431 4.280249 0.005838
v 0.112087 4.283421 0.003955
v 0.119178 4.263951 0.001962
v 0.117365 4.274212 0.009566
v 0.112538 4.276668 0.023414
v 0.112324 4.283165 0.023400
v 0.107641 4.288201 0.021503
v 0.094158 4.221718 0.056530
v 0.095271 4.221003 0.046033
v 0.098697 4.230482 0.035939
v 0.097278 4.241706 0.049942
v 0.087358 4.229660 0.046439
v 0.089125 4.240804 0.041219
v 0.108296 4.242030 0.016650
v 0.097213 4.279245 0.050968
v 0.100764 4.270422 0.046683
v 0.104697 4.286048 0.034326
v 0.108267 4.280354 0.033657
v 0.108804 4.273211 0.032174
v 0.103207 4.263971 0.038836
v 0.098003 4.258289 0.047032
v 0.098088 4.255639 0.036956
v 0.096450 4.243911 0.023153
v 0.112181 4.251651 0.015058
v 0.111532 4.261124 0.020297
v 0.105976 4.260694 0.026033
v 0.096141 4.255507 0.029298
v 0.101544 4.262082 0.031566
v 0.096654 4.253020 0.022787
v 0.114965 4.310442 0.003852
v 0.118680 4.322969 -0.017873
v 0.118039 4.294839 -0.028531
v 0.110660 4.269986 -0.034927
v 0.102309 4.240880 -0.036163
v 0.072480 4.190632 0.040269
v 0.077666 4.199743 0.013734
v 0.087969 4.215865 -0.013632
v -0.116093 4.213648 0.025587
v -0.114946 4.241572 0.008078
v -0.116637 4.207256 0.016505
v -0.100321 4.212777 0.007241
v -0.114050 4.213190 0.003616
v -0.097976 4.223221 -0.011252
v -0.107910 4.218735 -0.015533
v -0.098852 4.238427 -0.031076
v -0.110668 4.231386 -0.037073
v -0.100708 4.252975 -0.045593
v -0.114019 4.250035 -0.051855
v -0.115731 4.232239 -0.036579
v -0.113096 4.220399 -0.016490
v -0.116988 4.268842 -0.052972
v -0.104520 4.271596 -0.051530
v -0.118024 4.282652 -0.042072
v -0.113126 4.285618 -0.042076
v -0.117315 4.287108 -0.020466
v -0.113451 4.290143 -0.019905
v -0.121005 4.277394 -0.038574
v -0.120922 4.264446 -0.045143
v -0.118501 4.250999 -0.045984
v 0.106830 4.268618 0.029581
v 0.110030 4.271479 0.021846
v 0.113428 4.269593 0.011609
v 0.115200 4.260179 0.006002
v 0.113380 4.250000 0.004880
v 0.109567 4.237171 0.009713
v -0.114011 4.232204 -0.012252
v -0.116124 4.243696 -0.026640
v -0.121318 4.254266 -0.030985
v -0.119996 4.264835 -0.025042
v -0.118598 4.279315 -0.022622
v -0.114654 4.262334 -0.017638
v -0.118006 4.274763 -0.007514
v -0.117426 4.278582 -0.002956
v -0.115090 4.223066 0.012999
v -0.113228 4.223795 0.002124
v -0.104433 4.231843 0.005641
v -0.103361 4.244956 -0.000258
v -0.105846 4.247727 -0.017824
v -0.105608 4.253909 -0.018490
v -0.107201 4.257667 -0.011460
v -0.110108 4.262863 -0.010880
v -0.110187 4.255504 -0.007893
v -0.115702 4.264378 -0.004488
v -0.113651 4.258646 0.005440
v -0.115657 4.268626 0.006618
v -0.112732 4.270487 -0.012241
v -0.115037 4.274270 -0.023194
v -0.118248 4.271845 -0.032656
v -0.119464 4.261581 -0.040180
v -0.118066 4.252156 -0.039777
v -0.116061 4.237994 -0.031581
v -0.115802 4.306949 -0.048020
v -0.108589 4.326608 -0.062886
v -0.115350 4.282258 0.000667
v -0.104099 4.280556 -0.068858
v -0.087383 4.246609 -0.065695
v -0.079340 4.218014 -0.046103
v -0.088527 4.205194 -0.017264
v -0.093567 4.195872 0.006291
v -0.082274 4.172131 -0.002221
v -0.091299 4.039760 0.209838
v -0.066381 4.188893 -0.037650
v -0.048575 4.187477 -0.054349
v -0.021076 4.181251 -0.066041
v 0.010667 4.177998 -0.063111
v 0.041293 4.175593 -0.051481
v 0.057646 4.174077 -0.027538
v 0.062205 4.161215 -0.004003
v 0.063891 4.156254 0.021289
v 0.063764 4.151373 0.044254
v 0.063253 4.150351 0.066460
v 0.052292 4.148579 0.084706
v -0.052757 4.264570 -0.110944
v -0.019483 4.257417 -0.125898
v 0.021638 4.254406 -0.128789
v 0.059293 4.253508 -0.114221
v 0.053711 4.220387 -0.096910
v 0.018174 4.220257 -0.110053
v -0.020828 4.225943 -0.106026
v -0.055107 4.233823 -0.091383
v -0.052071 4.209092 -0.070346
v -0.020675 4.201817 -0.084041
v 0.014044 4.197160 -0.086451
v 0.046831 4.194889 -0.072456
v 0.081018 4.227072 -0.068242
v 0.071637 4.199809 -0.040544
v -0.079861 4.274802 -0.095137
v 0.085285 4.256785 -0.084578
v 0.099972 4.258117 -0.063462
v -0.096289 4.299008 -0.083722
v -0.079435 4.188155 -0.016718
v 0.070404 4.184994 -0.004763
v 0.066627 4.172974 0.046496
v 0.069162 4.177520 0.021351
v 0.043447 4.142315 0.094266
v -0.084696 4.147704 0.107443
v -0.100990 4.156771 0.071072
v -0.079881 4.148188 0.104587
v -0.098544 4.174950 0.044906
v -0.098121 4.061487 0.186917
v -0.090462 4.060706 0.184997
v -0.074997 4.038405 0.210683
v -0.069503 4.032166 0.205313
v -0.085158 4.053788 0.180304
v -0.102771 4.078863 0.164793
v -0.095923 4.074636 0.162590
v -0.102367 4.093888 0.145910
v -0.091973 4.102167 0.139299
v -0.091149 4.122236 0.121995
v -0.073718 4.113634 0.139335
v -0.089362 4.086061 0.154597
v -0.077730 4.070913 0.159031
v -0.077215 4.080301 0.159096
v -0.090381 4.078544 0.154997
v -0.059910 4.063612 0.161766
v -0.061946 4.049557 0.178006
v -0.102212 4.087351 0.148961
v -0.107573 4.096447 0.143125
v -0.082448 4.097322 0.147963
v -0.120722 4.119866 0.143700
v -0.070882 4.093237 0.152928
v -0.064453 4.107739 0.146088
v -0.054059 4.034912 0.195243
v -0.054462 3.809837 -0.106202
v 0.127796 3.970054 -0.155600
v 0.169020 3.977093 -0.162963
v -0.038902 3.766775 -0.103688
v 0.087822 3.935013 -0.155397
v 0.112695 3.921044 -0.173358
v 0.042794 3.893417 -0.146184
v 0.067566 3.844567 -0.162285
v -0.003128 3.849191 -0.129796
v 0.011203 3.801322 -0.131745
v -0.127038 3.953595 -0.084156
v -0.075993 3.967055 -0.102128
v -0.026886 3.990039 -0.114014
v 0.031997 4.018922 -0.121613
v -0.004160 4.036399 -0.109664
v -0.044475 4.023194 -0.101997
v -0.088432 4.013107 -0.088101
v -0.129907 4.006871 -0.074053
v 0.076697 4.045270 -0.115235
v -0.037612 3.708967 -0.091783
v 0.068172 3.757202 -0.141356
v -0.365550 3.961666 0.105922
v -0.337891 3.947458 0.067176
v -0.364003 4.010001 0.104180
v -0.334954 4.003802 0.062757
v -0.144565 3.883014 -0.074942
v -0.165195 3.939252 -0.066812
v -0.198751 3.872067 -0.041609
v -0.210079 3.929490 -0.039813
v -0.251231 3.871166 -0.001538
v -0.257472 3.928448 -0.007813
v -0.294034 3.876983 0.036636
v -0.300555 3.934451 0.028148
v -0.129131 3.826169 -0.079529
v -0.192441 3.812489 -0.033455
v -0.248396 3.811779 0.009536
v -0.203818 4.038951 -0.023994
v -0.244993 4.048764 0.002326
v -0.213854 3.986959 -0.038270
v -0.256666 3.990541 -0.009147
v -0.296910 3.996702 0.024257
v -0.288293 4.054124 0.035333
v -0.267339 4.100611 0.063446
v -0.166673 4.028346 -0.048189
v -0.165604 3.765803 -0.032889
v -0.104842 3.786190 -0.079828
v -0.149729 3.718559 -0.025050
v -0.091966 3.739322 -0.069432
v -0.237613 3.777243 0.021034
v -0.195849 3.764095 -0.008513
v -0.139429 3.677619 -0.023323
v -0.089267 3.688509 -0.060955
v 0.014417 3.732275 -0.117224
v 0.311329 3.474004 0.159709
v 0.307878 3.502715 0.122100
v 0.318264 3.467285 0.137213
v 0.322754 3.452504 0.150917
v 0.314371 3.427491 0.166525
v 0.329560 3.601001 0.084009
v 0.315337 3.636816 0.068544
v 0.292055 3.650596 0.064285
v 0.310043 3.658209 0.053399
v 0.311463 3.681279 0.061416
v 0.308330 3.719041 0.048380
v 0.336628 3.714243 0.026486
v 0.344343 3.688831 0.047387
v 0.359727 3.709313 0.003041
v 0.373189 3.683810 0.022783
v 0.380312 3.690861 -0.027015
v 0.395308 3.660709 -0.005487
v 0.393297 3.659254 -0.065042
v 0.410985 3.630038 -0.035813
v 0.407275 3.615801 -0.015318
v 0.383011 3.643832 0.001471
v 0.363713 3.665766 0.020257
v 0.337509 3.670345 0.038710
v 0.346655 3.633954 0.052088
v 0.375142 3.621284 0.033794
v 0.410815 3.596032 0.010193
v 0.418115 3.601522 -0.056409
v 0.391421 3.627577 -0.100955
v 0.396243 3.568608 -0.095937
v 0.372155 3.601405 -0.125841
v 0.360609 3.536972 -0.116222
v 0.331109 3.572136 -0.136955
v 0.309606 3.945008 -0.106152
v 0.247028 3.913150 -0.161738
v 0.346372 3.650613 -0.144658
v 0.385898 3.711404 -0.085213
v 0.282714 3.937491 -0.134808
v 0.372261 3.676983 -0.117719
v 0.375659 3.764147 -0.093204
v 0.359640 3.736825 -0.127727
v 0.326001 3.710346 -0.157704
v 0.362412 3.815194 -0.091186
v 0.346377 3.793140 -0.137472
v 0.306361 3.768901 -0.163942
v 0.351187 3.863082 -0.096311
v 0.328105 3.846363 -0.141505
v 0.288350 3.823164 -0.166490
v 0.334311 3.906847 -0.102115
v 0.304336 3.893106 -0.137050
v 0.268532 3.870870 -0.167217
v 0.200364 3.881575 -0.179344
v 0.195307 3.847430 -0.178531
v 0.200777 3.790503 -0.166252
v 0.212148 3.727192 -0.152205
v 0.224279 3.664232 -0.134545
v 0.255415 3.602677 -0.126054
v 0.222631 3.892096 -0.174556
v 0.233721 3.854451 -0.178217
v 0.245743 3.803462 -0.176745
v 0.259906 3.746256 -0.167485
v 0.277377 3.685952 -0.155866
v 0.301469 3.625636 -0.147867
v 0.368738 3.758148 -0.049712
v 0.340022 3.808075 -0.015839
v 0.354414 3.840550 -0.025878
v 0.378120 3.772913 -0.065309
v 0.326339 3.830408 0.003155
v 0.330992 3.860883 0.000219
v 0.306379 3.839033 0.026094
v 0.306568 3.867727 0.021953
v 0.356830 3.778641 -0.034608
v 0.370053 3.801660 -0.048061
v 0.337157 3.917026 -0.069422
v 0.344216 3.875612 -0.053122
v 0.327962 3.923371 -0.039108
v 0.333029 3.884976 -0.019040
v 0.312666 3.924659 -0.014553
v 0.311514 3.894903 0.007614
v 0.356738 3.842359 -0.060255
v 0.314570 3.953840 -0.055112
v 0.317544 3.951231 -0.080221
v 0.339341 3.764478 0.007611
v 0.357577 3.752277 -0.017322
v 0.378794 3.727803 -0.052230
v 0.311241 3.763687 0.038438
v 0.312918 3.803223 0.030404
v 0.336773 3.793503 0.002344
v 0.380586 3.738264 -0.068741
v 0.399328 3.512377 0.083732
v 0.413746 3.443569 -0.063074
v 0.441894 3.299796 0.063955
v 0.409198 3.389858 0.199263
v 0.442943 3.374378 0.171144
v 0.445447 3.516348 0.041150
v 0.459978 3.348385 0.135233
v 0.449793 3.498410 0.010187
v 0.459886 3.322538 0.097794
v 0.439891 3.471017 -0.030173
v 0.403311 3.486795 0.114399
v 0.437586 3.483519 0.085193
v 0.452180 3.465712 0.045119
v 0.454517 3.436003 -0.003884
v 0.419071 3.416862 -0.036384
v 0.423903 3.380556 -0.004578
v 0.455190 3.401492 0.029003
v 0.461958 3.431904 0.071325
v 0.440004 3.451198 0.112395
v 0.406943 3.460069 0.141122
v 0.404486 3.421903 0.160468
v 0.439358 3.410507 0.139935
v 0.461721 3.388285 0.103638
v 0.459137 3.361839 0.063760
v 0.435861 3.340754 0.030141
v 0.402712 3.556183 0.065733
v 0.428802 3.545413 0.043115
v 0.342383 3.524940 0.121433
v 0.380229 3.562065 0.085448
v 0.367644 3.486627 0.135858
v 0.335772 3.475574 0.139628
v 0.321270 3.513907 0.120345
v 0.333391 3.559231 0.090192
v 0.364611 3.597905 0.073341
v 0.391838 3.588038 0.049538
v 0.417821 3.571411 0.024375
v 0.380024 3.455833 0.161376
v 0.379153 3.426267 0.174289
v 0.355035 3.442371 0.178714
v 0.357104 3.422428 0.187304
v 0.342744 3.455113 0.163500
v 0.335563 3.436281 0.180182
v 0.334285 3.412259 0.196073
v 0.429612 3.567976 -0.021681
v 0.416965 3.537467 -0.072689
v 0.377836 3.511508 -0.099765
v 0.398410 3.478089 -0.083843
v 0.433543 3.502808 -0.053646
v 0.440985 3.528103 -0.009230
v 0.451536 3.254746 0.094450
v 0.465880 3.278993 0.129274
v 0.459268 3.306818 0.166300
v 0.447372 3.340258 0.203869
v 0.413382 3.357825 0.227342
v 0.370857 3.370961 0.236877
v 0.370807 3.400379 0.209681
v 0.330872 3.378876 0.233118
v 0.334420 3.399155 0.210893
v 0.311236 3.364859 0.215550
v 0.312056 3.381762 0.202131
v -0.420768 4.155429 0.472160
v -0.432812 4.161073 0.503343
v -0.384525 4.115357 0.531824
v -0.499616 4.161669 0.455551
v -0.504302 4.162577 0.486906
v -0.539360 4.127271 0.459331
v -0.540191 4.139194 0.491175
v -0.413780 4.143437 0.448601
v -0.482488 4.149144 0.424586
v -0.522596 4.119302 0.422385
v -0.393868 4.130978 0.491594
v -0.399082 4.139612 0.520042
v -0.450457 4.153069 0.433891
v -0.459601 4.168330 0.461567
v -0.470068 4.169603 0.493859
v -0.371273 4.099997 0.155291
v -0.391902 4.062279 0.149015
v -0.385403 4.122203 0.463539
v -0.349638 4.122128 0.165789
v -0.365096 4.080729 0.480680
v -0.346893 4.086678 0.445420
v -0.365695 4.120514 0.436424
v -0.394782 4.143061 0.415137
v -0.431796 4.154075 0.397897
v -0.467401 4.147679 0.384616
v -0.506602 4.113317 0.380488
v -0.487056 4.105938 0.337569
v -0.453399 4.142409 0.343983
v -0.413128 4.150912 0.353833
v -0.376646 4.139029 0.380000
v -0.349471 4.115308 0.399267
v -0.326607 4.083488 0.410238
v -0.295900 4.090269 0.379291
v -0.324206 4.118010 0.365789
v -0.356083 4.134327 0.342480
v -0.393706 4.145361 0.320958
v -0.435104 4.134185 0.299691
v -0.470451 4.098286 0.288745
v -0.447163 4.092109 0.240390
v -0.411727 4.126156 0.248821
v -0.368278 4.141721 0.274494
v -0.324815 4.136411 0.295347
v -0.299931 4.113914 0.330561
v -0.273800 4.080796 0.344135
v -0.253331 4.072686 0.317750
v -0.274173 4.108693 0.291604
v -0.303166 4.131807 0.258010
v -0.338508 4.134689 0.225590
v -0.381338 4.117448 0.199674
v -0.420357 4.077150 0.191993
v -0.337538 4.140595 0.319768
v -0.378911 4.151916 0.304282
v -0.252977 3.852225 0.312833
v -0.428149 4.137432 0.280146
v -0.400086 4.124542 0.224255
v -0.359959 4.143334 0.248479
v -0.311900 4.135147 0.274610
v -0.223959 3.976990 0.318333
v -0.224808 4.007920 0.317147
v -0.233460 4.043572 0.315785
v -0.274613 4.067223 0.365254
v -0.295581 4.046827 0.387876
v -0.258882 4.043733 0.347230
v -0.277308 4.017845 0.357745
v -0.242991 4.015393 0.325828
v -0.254236 3.989221 0.327285
v -0.304223 4.014131 0.417068
v -0.324604 4.049899 0.441827
v -0.288920 3.984146 0.374285
v -0.269939 3.957944 0.333839
v -0.362035 3.876087 0.257748
v -0.334332 3.895651 0.280459
v -0.367250 3.916210 0.296947
v -0.394287 3.903788 0.272087
v -0.428325 3.934920 0.300499
v -0.396954 3.926425 0.329059
v -0.375790 3.882075 0.221270
v -0.402242 3.919731 0.236002
v -0.427634 3.953620 0.253585
v -0.408712 3.931588 0.198773
v -0.426671 3.967023 0.210717
v -0.386377 3.958341 0.136758
v -0.391047 3.991238 0.139470
v -0.400705 3.946451 0.165640
v -0.411693 3.982857 0.173510
v -0.453074 3.992721 0.269205
v -0.442682 4.005301 0.223187
v -0.423692 4.026193 0.188522
v -0.394654 4.024325 0.143363
v -0.384768 3.895740 0.182784
v -0.386322 3.913230 0.154177
v -0.380526 3.931700 0.135017
v -0.453056 4.041672 0.231938
v -0.476986 4.040522 0.286907
v -0.288100 3.890908 0.297277
v -0.343151 3.932316 0.332311
v -0.311488 3.913881 0.302984
v -0.288954 3.932017 0.326281
v -0.316672 3.959020 0.361532
v -0.468742 3.969880 0.488510
v -0.502078 3.974808 0.464582
v -0.429595 3.979684 0.503179
v -0.364018 3.939968 0.354418
v -0.411552 3.968464 0.468356
v -0.450238 3.955278 0.450033
v -0.485188 3.964108 0.425479
v -0.464583 3.954960 0.383565
v -0.432336 3.944982 0.409417
v -0.398487 3.958666 0.430032
v -0.538268 4.085337 0.423167
v -0.520754 4.076324 0.382577
v -0.501038 4.062918 0.336866
v -0.542711 4.039743 0.431752
v -0.526444 4.031377 0.389850
v -0.503139 4.021208 0.349557
v -0.532741 3.997660 0.446081
v -0.515682 3.988820 0.403600
v -0.493092 3.980143 0.359828
v -0.381122 3.951661 0.392206
v -0.414487 3.936801 0.368609
v -0.443095 3.945926 0.341766
v -0.463946 3.972085 0.315634
v -0.375840 4.038175 0.502971
v -0.484720 4.010343 0.315875
v -0.374888 4.003745 0.480118
v -0.369273 3.981332 0.446770
v -0.345295 4.023567 0.464524
v -0.338070 3.984028 0.417343
v -0.380930 4.063226 0.533011
v -0.405361 4.000662 0.509339
v -0.396518 4.026039 0.527517
v -0.529682 4.252650 0.664136
v -0.405236 4.193854 0.704537
v -0.389905 4.119540 0.555378
v -0.515846 4.178222 0.519849
v -0.451105 4.256537 0.673176
v -0.437590 4.188303 0.533214
v -0.488769 4.266043 0.661180
v -0.477027 4.192016 0.522920
v -0.421435 4.230148 0.687485
v -0.404170 4.158058 0.547627
v -0.518669 4.196153 0.550123
v -0.478781 4.206299 0.553634
v -0.442443 4.199944 0.565207
v -0.410704 4.172093 0.578946
v -0.395170 4.134474 0.592922
v -0.401383 4.155715 0.635877
v -0.416781 4.192634 0.619794
v -0.446014 4.220664 0.605936
v -0.480981 4.227927 0.593653
v -0.522349 4.216593 0.592102
v -0.524143 4.232824 0.629517
v -0.483163 4.243570 0.628166
v -0.449484 4.237033 0.640042
v -0.419353 4.211057 0.653412
v -0.402910 4.175665 0.671030
v -0.557661 4.104049 0.501123
v -0.564111 4.191311 0.696320
v -0.538970 4.110276 0.736588
v -0.541587 4.013293 0.528369
v -0.541205 4.029232 0.571104
v -0.562669 4.118193 0.536365
v -0.539720 4.048344 0.613234
v -0.566266 4.135159 0.573034
v -0.535213 4.067530 0.654904
v -0.566622 4.151670 0.615781
v -0.536065 4.088318 0.697407
v -0.565267 4.171211 0.657513
v -0.557296 4.147729 0.715295
v -0.553828 4.127886 0.677675
v -0.556065 4.107999 0.635261
v -0.560737 4.090046 0.593936
v -0.561624 4.073001 0.554606
v -0.560044 4.059220 0.515826
v -0.555209 4.226417 0.677381
v -0.552670 4.208385 0.639259
v -0.551448 4.189652 0.599567
v -0.548284 4.172881 0.553897
v -0.544225 4.155109 0.524133
v -0.551430 4.095192 0.463119
v -0.555640 4.049157 0.474755
v -0.542209 4.006491 0.487239
v -0.408328 4.154063 0.724278
v -0.389554 4.078494 0.558720
v -0.447863 4.011129 0.581435
v -0.463255 4.092396 0.747978
v -0.503054 4.082491 0.748962
v -0.496554 4.004920 0.579860
v -0.431063 4.116559 0.738113
v -0.414271 4.036847 0.571313
v -0.499771 4.064505 0.711584
v -0.461759 4.077628 0.707953
v -0.429670 4.100875 0.699293
v -0.406459 4.137132 0.685359
v -0.402478 4.117683 0.642071
v -0.424447 4.079909 0.656593
v -0.458033 4.055727 0.665451
v -0.499054 4.043564 0.668548
v -0.396956 4.098339 0.599237
v -0.420115 4.059872 0.614331
v -0.453122 4.031983 0.624860
v -0.498628 4.023956 0.625038
v -0.439469 3.996073 0.538176
v -0.493271 3.984360 0.529661
v -0.515015 3.983525 0.495208
v -0.503835 4.101286 0.781104
v -0.465857 4.105495 0.781311
v -0.434027 4.129918 0.775235
v -0.412777 4.170306 0.761295
v -0.412964 4.211978 0.741766
v -0.429331 4.247109 0.722274
v -0.458024 4.272731 0.706835
v -0.493535 4.279859 0.699640
v -0.528644 4.268124 0.699669
v -0.555555 4.241526 0.709458
v -0.564486 4.206336 0.725636
v -0.559480 4.163610 0.745649
v -0.541488 4.124537 0.764368
v -0.494099 4.263486 0.709504
v -0.464526 4.257820 0.716135
v -0.443180 4.237154 0.729167
v -0.430264 4.208073 0.745171
v -0.428766 4.170245 0.761278
v -0.443546 4.140293 0.772956
v -0.472019 4.121105 0.777643
v -0.500980 4.117527 0.774226
v -0.524555 4.135578 0.764455
v -0.539352 4.172672 0.746229
v -0.546290 4.207840 0.729570
v -0.540890 4.230904 0.718840
v -0.519896 4.255917 0.710138
v -0.498109 4.121431 0.765697
v -0.517547 4.134153 0.757743
v -0.533499 4.169178 0.740017
v -0.474292 4.122950 0.767281
v -0.447569 4.140008 0.763512
v -0.432949 4.165876 0.755122
v -0.467229 4.250891 0.713342
v -0.456894 4.242182 0.718786
v -0.452762 4.248160 0.721796
v -0.507055 4.262083 0.708949
v -0.479175 4.261940 0.712064
v -0.478775 4.256655 0.710457
v -0.535390 4.226660 0.715409
v -0.528281 4.243332 0.711994
v -0.517441 4.251463 0.709057
v -0.504515 4.256862 0.707685
v -0.493895 4.258554 0.708454
v -0.532265 4.245087 0.713628
v -0.448042 4.229510 0.725360
v -0.539593 4.206115 0.722732
v -0.434784 4.205070 0.739077
v -0.489253 4.272446 0.734032
v -0.460106 4.250780 0.748542
v -0.448424 4.233477 0.757924
v -0.448798 4.194652 0.779160
v -0.469309 4.184094 0.783513
v -0.512576 4.195283 0.770062
v -0.528310 4.214375 0.760141
v -0.537532 4.235771 0.748002
v -0.511225 4.268468 0.733971
v -0.465541 4.176189 0.764804
v -0.510600 4.180501 0.748563
v -0.528142 4.203666 0.740435
v -0.536658 4.232919 0.725804
v -0.511394 4.259230 0.717478
v -0.488293 4.263155 0.717874
v -0.456962 4.244973 0.732680
v -0.448299 4.230352 0.741799
v -0.446584 4.187904 0.761279
v -0.445521 4.243308 0.785276
v -0.449045 4.198210 0.807274
v -0.472114 4.187322 0.806419
v -0.517112 4.203447 0.792599
v -0.532532 4.223136 0.780969
v -0.540411 4.244454 0.767211
v -0.514439 4.280628 0.748916
v -0.491662 4.284319 0.748932
v -0.458818 4.258150 0.770883
v -0.474111 4.191568 0.830629
v -0.523676 4.210178 0.816994
v -0.538513 4.233044 0.803629
v -0.545453 4.256594 0.788356
v -0.523709 4.295268 0.763563
v -0.492828 4.305229 0.761482
v -0.465898 4.263577 0.795774
v -0.457145 4.247811 0.808235
v -0.452597 4.206772 0.830428
v -0.527623 4.247779 0.719813
v -0.529032 4.256460 0.738194
v -0.530303 4.264911 0.756236
v -0.535503 4.276676 0.772441
v -0.467688 4.255752 0.724660
v -0.471663 4.262845 0.740829
v -0.472031 4.274269 0.758254
v -0.470238 4.291306 0.775375
v -0.446922 4.227776 0.822164
v -0.438875 4.222508 0.799899
v -0.441460 4.212996 0.772865
v -0.442017 4.206481 0.753795
v -0.534490 4.205838 0.720329
v -0.526310 4.186009 0.729022
v -0.512601 4.143908 0.749894
v -0.480228 4.293437 0.805144
v -0.503230 4.282349 0.833551
v -0.479512 4.269061 0.813364
v -0.546280 4.311417 0.849648
v -0.524766 4.310144 0.831856
v -0.504554 4.301064 0.823128
v -0.470592 4.233672 0.868479
v -0.484301 4.246719 0.863310
v -0.504667 4.265363 0.857142
v -0.524691 4.291342 0.852839
v -0.516305 4.274801 0.896295
v -0.491404 4.252285 0.896197
v -0.539355 4.297555 0.891245
v -0.529826 4.298654 0.871384
v -0.487561 4.256542 0.880916
v -0.508581 4.275121 0.876842
v -0.500823 4.244044 0.906451
v -0.561966 4.305701 0.896461
v -0.582294 4.309538 0.980701
v -0.523815 4.290350 0.990260
v -0.525600 4.268077 0.903311
v -0.542833 4.296824 0.986029
v -0.549708 4.286798 0.901341
v -0.566922 4.304368 0.984804
v -0.536446 4.287960 0.898965
v -0.562002 4.311358 0.989492
v -0.526751 4.278965 0.900923
v -0.547642 4.308301 0.988971
v -0.500174 4.257688 0.903216
v -0.526541 4.298496 0.985614
v -0.513057 4.267929 0.904071
v -0.535758 4.301466 0.984552
v -0.549180 4.299121 0.897663
v -0.571448 4.308228 0.983459
v -0.515013 4.264312 0.950463
v -0.519516 4.268744 0.943284
v -0.527874 4.273354 0.940223
v -0.537156 4.276526 0.943345
v -0.542559 4.282849 0.941066
v -0.551738 4.286843 0.939322
v -0.562513 4.286731 0.937221
v -0.566126 4.298182 0.934173
v -0.576115 4.303888 0.930878
v -0.520955 4.279363 0.976937
v -0.524740 4.286213 0.971734
v -0.532333 4.289435 0.969257
v -0.541028 4.289113 0.971115
v -0.545733 4.301606 0.976610
v -0.557401 4.304760 0.973963
v -0.567316 4.298415 0.972028
v -0.572000 4.305091 0.966985
v -0.582360 4.306064 0.966069
v -0.518103 4.275708 0.964244
v -0.520520 4.279754 0.958142
v -0.530148 4.282962 0.954621
v -0.539954 4.282300 0.958360
v -0.544075 4.294394 0.957987
v -0.554796 4.298067 0.957680
v -0.565256 4.289420 0.952529
v -0.568506 4.300793 0.951738
v -0.579324 4.304295 0.950020
v -0.569700 4.304650 0.913577
v -0.558295 4.298848 0.918650
v -0.555530 4.285727 0.918752
v -0.544404 4.288350 0.919579
v -0.535111 4.282544 0.922231
v -0.532294 4.270616 0.925583
v -0.521238 4.269782 0.922523
v -0.512067 4.263343 0.926603
v -0.511084 4.251360 0.932020
v -0.439953 4.204939 0.736765
v -0.427342 4.188510 0.753896
v -0.430501 4.183357 0.750092
v -0.442455 4.180948 0.745096
v -0.446743 4.165553 0.751113
v -0.461582 4.164987 0.748551
v -0.453544 4.161716 0.736817
v -0.459951 4.145551 0.757355
v -0.463688 4.152617 0.729951
v -0.477241 4.133962 0.759037
v -0.494457 4.132832 0.755847
v -0.532540 4.152146 0.756545
v -0.526166 4.151017 0.748823
v -0.519137 4.158820 0.742429
v -0.544212 4.189157 0.738559
v -0.538115 4.186244 0.731539
v -0.523522 4.170010 0.737613
v -0.476732 4.148469 0.723650
v -0.486746 4.148371 0.720473
v -0.497497 4.152892 0.720526
v -0.506902 4.161438 0.723911
v -0.516269 4.170608 0.727538
v -0.481723 4.161616 0.743411
v -0.499068 4.164201 0.737212
v -0.504974 4.193727 0.829990
v -0.497264 4.189930 0.802508
v -0.492505 4.183791 0.779635
v -0.488113 4.174445 0.759918
v -0.492192 4.243389 0.902947
v -0.558497 4.308400 0.884206
v -0.502446 4.248833 0.931615
v -0.494104 4.244847 0.938543
v -0.485873 4.231576 0.904648
v -0.477707 4.228947 0.894222
v -0.516880 4.279261 0.977742
v -0.510103 4.277122 0.980987
v -0.500589 4.265257 0.959734
v -0.508688 4.267623 0.954957
v -0.510976 4.277779 0.965927
v -0.502307 4.271942 0.970317
v -0.496192 4.256141 0.950347
v -0.505017 4.260453 0.943637
v -0.496566 4.245722 0.917501
v -0.489165 4.238997 0.922601
v -0.523733 4.274608 0.979148
v -0.527341 4.285430 0.992115
v -0.589083 4.298945 0.968185
v -0.588120 4.302464 0.982590
v -0.572682 4.286177 0.972895
v -0.571603 4.294469 0.987816
v -0.549116 4.276577 0.975331
v -0.548032 4.288639 0.989371
v -0.555584 4.284510 0.993034
v -0.557027 4.274613 0.980245
v -0.568908 4.287576 0.990487
v -0.570150 4.278114 0.976968
v -0.579249 4.292538 0.987186
v -0.580404 4.285778 0.972179
v -0.544558 4.285996 0.991215
v -0.545026 4.272960 0.979359
v -0.532338 4.271430 0.981981
v -0.535439 4.283629 0.993405
v -0.521279 4.253922 0.958886
v -0.533276 4.246916 0.960549
v -0.544865 4.250019 0.959152
v -0.549519 4.257793 0.955310
v -0.558575 4.256004 0.955258
v -0.570263 4.264104 0.950411
v -0.571193 4.276203 0.944328
v -0.579939 4.277613 0.940662
v -0.589174 4.290718 0.934541
v -0.586318 4.299480 0.931944
v -0.512697 4.218251 0.919550
v -0.579961 4.282975 0.884371
v -0.517397 4.250204 0.960396
v -0.519292 4.226782 0.917977
v -0.581588 4.285019 0.897447
v -0.543419 4.241842 0.914521
v -0.566278 4.269272 0.898859
v -0.553308 4.236162 0.904386
v -0.542393 4.229089 0.910151
v -0.569172 4.250651 0.894930
v -0.575758 4.268601 0.887672
v -0.526248 4.219055 0.913572
v -0.576477 4.272542 0.902927
v -0.566185 4.271074 0.908536
v -0.568201 4.254935 0.908978
v -0.554088 4.242176 0.918944
v -0.545055 4.245459 0.923426
v -0.543075 4.235958 0.923608
v -0.528027 4.226793 0.923576
v -0.520476 4.231049 0.927882
v -0.514257 4.224408 0.928569
v -0.517880 4.235725 0.945634
v -0.521282 4.241518 0.945157
v -0.530924 4.238522 0.944979
v -0.544256 4.242024 0.941149
v -0.547060 4.252271 0.939987
v -0.556291 4.248658 0.936123
v -0.568798 4.259385 0.928827
v -0.569055 4.274367 0.925347
v -0.577912 4.275009 0.921903
v -0.584935 4.288005 0.916095
v -0.517717 4.213972 0.911023
v -0.547687 4.231036 0.903762
v -0.569843 4.259939 0.889167
v -0.580448 4.299006 0.914888
v -0.574375 4.299646 0.895217
v -0.583521 4.302999 0.950090
v -0.588917 4.294705 0.951104
v -0.580235 4.281456 0.956226
v -0.572824 4.280695 0.958388
v -0.570981 4.270988 0.964853
v -0.557787 4.264789 0.968937
v -0.549311 4.267735 0.966890
v -0.545316 4.262194 0.971470
v -0.533088 4.260553 0.972754
v -0.522343 4.265116 0.970271
v -0.528074 4.211020 0.899557
v -0.539953 4.215696 0.892385
v -0.568877 4.245232 0.885915
v -0.562749 4.236464 0.891399
v -0.576941 4.266340 0.870468
v -0.578871 4.280000 0.866839
v -0.567038 4.255005 0.872677
v -0.547546 4.225628 0.888592
v -0.514916 4.205481 0.902009
v -0.540962 4.221374 0.868992
v -0.554536 4.237601 0.857958
v -0.558957 4.254239 0.851751
v -0.570306 4.269680 0.846609
v -0.527980 4.207313 0.872547
v -0.509817 4.197592 0.883215
v -0.507017 4.232421 0.948764
v -0.503897 4.222640 0.932373
v -0.496864 4.236965 0.945861
v -0.492723 4.228151 0.930943
v -0.509038 4.246266 0.962285
v -0.499503 4.248876 0.958651
v -0.487151 4.219676 0.909733
v -0.500158 4.210550 0.914465
v -0.493029 4.202583 0.894870
v -0.481187 4.213058 0.893671
v -0.517863 4.264995 0.972723
v -0.510711 4.262115 0.975731
v -0.519069 4.275305 0.980879
v -0.512318 4.273994 0.983654
v -0.504289 4.265718 0.975602
v -0.500447 4.258622 0.966004
v -0.517551 4.255106 0.964523
v -0.509788 4.253827 0.968545
v -0.573712 4.298670 0.879216
v -0.569565 4.298571 0.860567
v -0.550837 4.311397 0.867193
v -0.471299 4.235532 0.879150
v -0.471254 4.214807 0.873164
v -0.463217 4.228650 0.850899
v -0.478162 4.243814 0.844369
v -0.494662 4.264302 0.837154
v -0.479824 4.262774 0.814129
v -0.466205 4.245665 0.823164
v -0.454057 4.227961 0.834402
v -0.545460 4.319130 0.838192
v -0.484419 4.312075 0.799347
v -0.498532 4.318065 0.811141
v -0.556735 4.304387 0.840847
v -0.551016 4.312869 0.824164
v -0.558083 4.296408 0.819786
v -0.567558 4.282597 0.840665
v -0.504999 4.193844 0.853795
v -0.531195 4.215538 0.843093
v -0.484072 4.196130 0.863780
v -0.547246 4.245062 0.828760
v -0.550116 4.287189 0.795657
v -0.556733 4.271070 0.815271
v -0.517359 4.201565 0.850959
v -0.533188 4.311740 0.780096
v -0.506237 4.325023 0.777518
v -0.463232 4.210409 0.855350
v -0.549773 4.342832 0.845163
v -0.536890 4.348890 0.846350
v -0.529923 4.356439 0.836412
v -0.522151 4.345459 0.825444
v -0.529504 4.351345 0.811506
v -0.544700 4.347011 0.808190
v -0.550749 4.336242 0.818961
v -0.547240 4.329968 0.835797
v -0.530555 4.336922 0.836754
v -0.555643 4.347760 0.832134
v -0.550929 4.357566 0.822582
v -0.537380 4.361293 0.825303
v -0.554850 4.354385 0.857314
v -0.562814 4.359765 0.846867
v -0.555316 4.370306 0.839032
v -0.542376 4.374862 0.840209
v -0.535239 4.369808 0.850043
v -0.541970 4.360064 0.857661
v -0.546499 4.385432 0.851886
v -0.543227 4.381940 0.857740
v -0.550711 4.373848 0.866824
v -0.563193 4.369861 0.864597
v -0.568222 4.371230 0.853333
v -0.558083 4.378195 0.847975
v -0.524538 4.317785 0.827393
v -0.549338 4.314428 0.801642
v -0.541931 4.334522 0.793623
v -0.527031 4.342245 0.791558
v -0.497702 4.328788 0.791003
v -0.513447 4.340627 0.806819
v -0.512930 4.331450 0.818462
v -0.480390 4.312959 0.781434
v -0.570611 4.385518 0.856141
v -0.567121 4.379974 0.864173
v -0.561646 4.385997 0.865625
v -0.566325 4.392577 0.858073
v -0.554872 4.389170 0.862492
v -0.558004 4.393460 0.856721
v -0.577760 4.299213 0.997432
v -0.572848 4.300983 0.996795
v -0.568946 4.297746 1.002168
v -0.555187 4.293327 1.004431
v -0.547406 4.298588 0.999992
v -0.543721 4.297379 1.003072
v -0.545061 4.301613 0.997953
v -0.539651 4.302459 0.998695
v -0.538165 4.295410 1.005137
v -0.533799 4.301469 1.000626
v -0.531482 4.292394 1.001973
v -0.528374 4.296989 0.999123
v -0.571003 4.302895 0.995349
v -0.576122 4.305373 0.995382
v -0.565414 4.311772 0.999915
v -0.569704 4.306229 1.006060
v -0.565580 4.303359 1.015094
v -0.558338 4.301557 1.016485
v -0.551220 4.302511 1.010334
v -0.549280 4.309591 1.001959
v -0.563304 4.310169 1.010430
v -0.555158 4.307958 1.011696
v -0.581031 4.307264 0.993273
v -0.584001 4.302581 0.995349
v 0.431813 3.331375 0.200702
v 0.403128 3.345261 0.218725
v 0.368723 3.358419 0.226677
v 0.337047 3.363812 0.225057
v 0.441580 3.300846 0.166319
v 0.438441 3.278261 0.136595
v 0.430145 3.258507 0.106756
v 0.403972 3.246726 0.088321
v 0.367460 3.243433 0.086473
v 0.342677 3.251571 0.099397
v 0.307016 3.245793 0.112994
v 0.332517 3.254063 0.116355
v 0.301915 3.246743 0.148767
v 0.331793 3.221192 0.122111
v 0.321287 3.229042 0.148811
v 0.346644 3.238955 0.119593
v 0.352698 3.228931 0.280171
v 0.353764 3.192342 0.167321
v 0.388858 3.200087 0.158333
v 0.393105 3.254885 0.275991
v 0.356505 3.218189 0.251657
v 0.396260 3.233040 0.251026
v 0.357613 3.210242 0.217110
v 0.394016 3.223099 0.219202
v 0.355271 3.205352 0.184364
v 0.393152 3.210351 0.183618
v 0.358079 3.210927 0.264068
v 0.403123 3.234489 0.261337
v 0.359997 3.202638 0.230467
v 0.404589 3.220453 0.228541
v 0.360324 3.192392 0.198121
v 0.403547 3.210972 0.189145
v 0.359153 3.195380 0.212688
v 0.407117 3.214745 0.211538
v 0.357697 3.208293 0.246238
v 0.407014 3.224691 0.243360
v 0.355358 3.218289 0.276890
v 0.401167 3.242735 0.272148
v 0.354396 3.194075 0.179252
v 0.400318 3.206119 0.174018
v 0.372813 3.241802 0.279518
v 0.378623 3.230767 0.276395
v 0.380687 3.220593 0.262562
v 0.376926 3.224343 0.251712
v 0.381644 3.214782 0.244506
v 0.381942 3.210141 0.229519
v 0.375524 3.215294 0.218903
v 0.382818 3.206619 0.212615
v 0.381607 3.202424 0.192922
v 0.374421 3.207773 0.184158
v 0.377289 3.199103 0.177354
v 0.372087 3.196597 0.160781
v 0.307276 3.232523 0.250636
v 0.310317 3.226000 0.240633
v 0.318475 3.230235 0.231478
v 0.315946 3.222243 0.222973
v 0.318867 3.217793 0.213284
v 0.322820 3.222361 0.203390
v 0.321794 3.213107 0.198413
v 0.322832 3.210226 0.188141
v 0.327329 3.215202 0.178537
v 0.324677 3.210153 0.174259
v 0.324057 3.211799 0.160598
v 0.344042 3.195337 0.166353
v 0.345245 3.196499 0.178449
v 0.349114 3.206744 0.183485
v 0.349134 3.196640 0.195548
v 0.348750 3.198041 0.209968
v 0.350752 3.211286 0.215301
v 0.348522 3.204841 0.227259
v 0.346358 3.210089 0.241496
v 0.348528 3.219126 0.248699
v 0.346580 3.211804 0.260732
v 0.342861 3.219227 0.273204
v 0.322385 3.227225 0.259706
v 0.325543 3.219153 0.247872
v 0.330403 3.225421 0.238472
v 0.328969 3.217516 0.231374
v 0.331737 3.211372 0.218635
v 0.332923 3.216265 0.208657
v 0.333271 3.206981 0.204812
v 0.334784 3.202947 0.190244
v 0.336027 3.210848 0.180688
v 0.333925 3.204258 0.176652
v 0.332697 3.205346 0.162034
v 0.368773 3.250091 0.275559
v 0.385163 3.262958 0.271922
v 0.352209 3.243426 0.270183
v 0.343061 3.228589 0.276735
v 0.322700 3.235276 0.262078
v 0.308526 3.239679 0.253648
v 0.313709 3.248308 0.248026
v 0.324806 3.245422 0.258408
v 0.345239 3.242701 0.268127
v 0.405350 3.211472 0.181357
v 0.411056 3.220948 0.220456
v 0.408555 3.235347 0.251953
v 0.427936 3.229594 0.233595
v 0.429014 3.233700 0.242234
v 0.423537 3.217535 0.209637
v 0.422726 3.215116 0.195780
v 0.437540 3.230859 0.206522
v 0.433198 3.226318 0.189072
v 0.443881 3.246619 0.239202
v 0.442977 3.237070 0.225166
v 0.447209 3.254289 0.215536
v 0.445407 3.264765 0.226855
v 0.440049 3.247274 0.196599
v 0.437808 3.243866 0.184025
v 0.438733 3.236720 0.216822
v 0.441571 3.250433 0.207148
v 0.424677 3.226432 0.221125
v 0.414659 3.211244 0.167107
v 0.409760 3.209759 0.154537
v 0.419637 3.226533 0.149936
v 0.423816 3.226907 0.160793
v 0.416191 3.217217 0.178281
v 0.426407 3.228410 0.175819
v 0.419747 3.243977 0.255568
v 0.417939 3.252778 0.269657
v 0.434391 3.264000 0.263473
v 0.435232 3.254995 0.249733
v 0.439334 3.290231 0.209600
v 0.444012 3.276819 0.198487
v 0.433204 3.305127 0.230271
v 0.419389 3.310070 0.242292
v 0.435052 3.280672 0.251234
v 0.425285 3.284030 0.260353
v 0.421428 3.270786 0.269421
v 0.436638 3.271236 0.240270
v 0.436823 3.296270 0.220624
v 0.437349 3.319519 0.186738
v 0.441260 3.288056 0.151256
v 0.429553 3.269049 0.116921
v 0.437994 3.264272 0.169719
v 0.440694 3.271310 0.183006
v 0.425597 3.253741 0.134701
v 0.433307 3.259107 0.151839
v 0.423835 3.240383 0.145127
v 0.428906 3.242155 0.165323
v 0.376291 3.266077 0.088260
v 0.396305 3.264444 0.087420
v 0.423382 3.266969 0.106629
v 0.416242 3.253155 0.117068
v 0.400723 3.249738 0.107695
v 0.382666 3.247867 0.108101
v 0.365960 3.267633 0.102758
v 0.371028 3.255041 0.121313
v 0.375231 3.242136 0.127729
v 0.387129 3.238534 0.120391
v 0.373578 3.225189 0.136677
v 0.385632 3.221249 0.133135
v 0.368396 3.219719 0.149821
v 0.380828 3.210250 0.147738
v 0.406599 3.236568 0.126680
v 0.402670 3.221223 0.137430
v 0.395272 3.210187 0.144074
v 0.364484 3.206145 0.153234
v 0.350238 3.205198 0.158032
v 0.336926 3.211768 0.156737
v 0.350001 3.216296 0.155864
v 0.337125 3.220605 0.156440
v 0.362867 3.216909 0.151366
v 0.293004 3.257882 0.157725
v 0.280819 3.271151 0.191936
v 0.267309 3.285819 0.231786
v 0.245502 3.321746 0.266601
v 0.257562 3.293784 0.253467
v 0.245972 3.350433 0.265683
v 0.293375 3.234731 0.154861
v 0.279454 3.238521 0.190945
v 0.267393 3.249318 0.232348
v 0.303609 3.229491 0.147826
v 0.301584 3.232854 0.202516
v 0.299469 3.235956 0.209520
v 0.303913 3.236175 0.220981
v 0.311406 3.233160 0.196628
v 0.305824 3.228249 0.190504
v 0.307150 3.224957 0.182299
v 0.316172 3.225105 0.175715
v 0.310597 3.222682 0.170318
v 0.310296 3.220980 0.164326
v 0.314244 3.233873 0.165736
v 0.316499 3.232636 0.171544
v 0.311080 3.236332 0.178563
v 0.309538 3.238254 0.185155
v 0.311212 3.239098 0.193930
v 0.304805 3.244795 0.198755
v 0.302371 3.248212 0.206693
v 0.306147 3.247613 0.218153
v 0.290171 3.240333 0.231123
v 0.293130 3.235787 0.225294
v 0.299775 3.252166 0.221393
v 0.297284 3.254551 0.228871
v 0.299115 3.253988 0.237192
v 0.293026 3.242627 0.238273
v 0.317036 3.231947 0.160300
v 0.328508 3.224763 0.155896
v 0.284521 3.262997 0.254074
v 0.270903 3.270156 0.274069
v 0.293860 3.254920 0.294755
v 0.303129 3.251178 0.272494
v 0.248774 3.296175 0.290743
v 0.239856 3.318888 0.292667
v 0.238915 3.347383 0.292902
v 0.249220 3.372720 0.286722
v 0.263443 3.396322 0.295021
v 0.259346 3.279800 0.300282
v 0.245712 3.299081 0.304754
v 0.238381 3.318749 0.304247
v 0.237320 3.347451 0.306722
v 0.245615 3.372791 0.309886
v 0.256708 3.390836 0.311343
v 0.361769 3.216702 0.125135
v 0.350682 3.214244 0.125342
v 0.340635 3.216286 0.123920
v 0.338356 3.217748 0.141487
v 0.350209 3.214182 0.141868
v 0.362674 3.216055 0.139194
v 0.368684 3.224557 0.124362
v 0.369905 3.239892 0.120918
v 0.365671 3.251851 0.116671
v 0.356699 3.267344 0.112308
v 0.364268 3.268296 0.121926
v 0.357418 3.266699 0.098180
v 0.347267 3.264535 0.111582
v 0.358340 3.248101 0.117757
v 0.356154 3.229562 0.122999
v 0.390879 3.326674 0.245356
v 0.369872 3.338710 0.246996
v 0.381350 3.314227 0.256483
v 0.366595 3.322484 0.256722
v 0.393239 3.301872 0.261229
v 0.407151 3.308597 0.251981
v 0.407149 3.267899 0.272328
v 0.392060 3.274450 0.270021
v 0.396017 3.289005 0.267687
v 0.409748 3.289123 0.264845
v 0.346986 3.353118 0.249981
v 0.328783 3.357413 0.245139
v 0.356416 3.339385 0.254751
v 0.351789 3.323217 0.262466
v 0.317591 3.346928 0.207022
v 0.324885 3.356259 0.216101
v 0.316481 3.351351 0.235578
v 0.308867 3.333415 0.223278
v 0.327830 3.319629 0.291903
v 0.314362 3.324545 0.291079
v 0.303616 3.317594 0.280770
v 0.301817 3.302979 0.270992
v 0.308944 3.322947 0.233275
v 0.310473 3.337314 0.249210
v 0.322978 3.347268 0.260464
v 0.340323 3.341927 0.265866
v 0.334195 3.330568 0.278196
v 0.319092 3.335503 0.275043
v 0.308435 3.326240 0.265413
v 0.309335 3.312745 0.252109
v 0.341288 3.318611 0.275759
v 0.335268 3.308803 0.287095
v 0.314285 3.298330 0.320432
v 0.303203 3.296334 0.321537
v 0.296301 3.297574 0.311355
v 0.305903 3.286923 0.316163
v 0.318861 3.287574 0.311196
v 0.296354 3.291195 0.309907
v 0.321169 3.307996 0.308069
v 0.310199 3.310950 0.304925
v 0.298868 3.307992 0.297386
v 0.295229 3.298288 0.292320
v 0.326830 3.301456 0.307345
v 0.321153 3.285079 0.317110
v 0.325448 3.299846 0.315644
v 0.334160 3.315063 0.314863
v 0.337296 3.315766 0.302744
v 0.340710 3.317095 0.290390
v 0.305775 3.284947 0.319662
v 0.322549 3.278688 0.326963
v 0.304994 3.281943 0.323577
v 0.335802 3.282635 0.318711
v 0.338096 3.277031 0.328080
v 0.349996 3.283300 0.321944
v 0.350976 3.278618 0.327846
v 0.293933 3.289871 0.314819
v 0.291146 3.287720 0.319803
v 0.285472 3.304533 0.289661
v 0.284118 3.297418 0.304990
v 0.277398 3.295597 0.314779
v 0.290039 3.312286 0.271782
v 0.297080 3.318888 0.250282
v 0.295751 3.333904 0.243499
v 0.298976 3.348954 0.232851
v 0.288681 3.361853 0.273013
v 0.292184 3.363690 0.241179
v 0.283762 3.385134 0.297584
v 0.273969 3.383104 0.319010
v 0.264942 3.364566 0.318049
v 0.278941 3.364207 0.295186
v 0.256833 3.342051 0.311712
v 0.258822 3.321840 0.311785
v 0.266588 3.306221 0.312290
v 0.257768 3.281905 0.309014
v 0.270928 3.343178 0.289490
v 0.273565 3.308677 0.298840
v 0.268267 3.323900 0.293244
v 0.278065 3.314386 0.287410
v 0.280273 3.324883 0.278948
v 0.289288 3.341236 0.265360
v 0.357160 3.286782 0.317848
v 0.380872 3.270764 0.324709
v 0.387773 3.288908 0.322532
v 0.387829 3.302116 0.321678
v 0.383511 3.314601 0.320311
v 0.373045 3.324581 0.319727
v 0.356535 3.328387 0.317312
v 0.343228 3.323941 0.315951
v 0.349486 3.323065 0.277858
v 0.363732 3.324418 0.274098
v 0.379340 3.318508 0.276550
v 0.390926 3.305825 0.278196
v 0.394467 3.293037 0.283102
v 0.391628 3.278289 0.285233
v 0.383407 3.264355 0.286524
v 0.367295 3.251196 0.289664
v 0.365118 3.252770 0.307450
v 0.381698 3.266394 0.306218
v 0.389969 3.282903 0.304253
v 0.391843 3.297355 0.302866
v 0.387847 3.311782 0.299932
v 0.376766 3.323258 0.298006
v 0.360636 3.327910 0.296403
v 0.346493 3.323949 0.297156
v 0.320254 3.251587 0.322058
v 0.297501 3.256121 0.319429
v 0.276911 3.265737 0.314431
v 0.342316 3.250879 0.324591
v 0.364579 3.255929 0.325401
v 0.368300 3.294014 0.327294
v 0.366624 3.301573 0.326579
v 0.362452 3.305613 0.325920
v 0.353673 3.301926 0.323923
v 0.358451 3.304960 0.325413
v 0.351338 3.298531 0.323343
v 0.348945 3.292474 0.323966
v 0.364091 3.284736 0.327850
v 0.356704 3.292458 0.316876
v 0.359080 3.295437 0.317060
v 0.363081 3.295810 0.317079
v 0.364004 3.292674 0.317476
v 0.344834 3.244569 0.288264
v 0.322632 3.245420 0.284050
v 0.342530 3.247765 0.307220
v 0.321008 3.249092 0.305147
vn -0.1664 0.2985 0.9398
vn -0.1389 0.7718 0.6205
vn -0.0659 -0.1851 0.9805
vn 0.0133 0.6760 0.7368
vn 0.0120 -0.3279 0.9446
vn 0.3137 0.6730 0.6698
vn 0.1442 -0.2943 0.9448
vn 0.4178 0.5803 0.6991
vn 0.0856 -0.3420 0.9358
vn 0.3538 -0.2314 0.9063
vn 0.4083 -0.2497 0.8781
vn 0.3395 -0.1726 0.9247
vn 0.1861 -0.0894 0.9785
vn -0.1741 -0.1169 0.9778
vn -0.0519 -0.0927 0.9943
vn 0.0300 0.5582 0.8292
vn 0.3393 0.4983 0.7978
vn 0.5387 0.5342 0.6514
vn 0.6331 0.0732 0.7706
vn 0.5946 0.1269 0.7939
vn 0.3435 0.1570 0.9259
vn -0.1693 0.6991 0.6947
vn -0.1658 0.7285 0.6647
vn -0.0938 0.4670 0.8793
vn 0.0571 0.2967 0.9533
vn -0.1362 0.6975 0.7035
vn 0.3641 0.4488 0.8161
vn 0.5083 0.4729 0.7197
vn 0.5618 0.4484 0.6953
vn 0.5999 0.3139 0.7360
vn 0.6258 -0.1653 0.7623
vn 0.5692 -0.2294 0.7895
vn 0.6455 -0.0141 0.7636
vn 0.3132 0.7189 0.6205
vn 0.2537 0.5736 0.7789
vn -0.2235 0.0166 0.9746
vn 0.0479 -0.3040 0.9515
vn -0.0049 -0.2610 0.9653
vn 0.2310 -0.1913 0.9540
vn 0.3653 -0.0965 0.9259
vn 0.2466 -0.1993 0.9484
vn 0.4771 -0.1638 0.8634
vn 0.4829 -0.1448 0.8636
vn 0.5132 -0.2813 0.8109
vn 0.2078 -0.6895 0.6939
vn 0.2211 -0.6583 0.7195
vn 0.1325 -0.5735 0.8085
vn 0.2553 -0.5888 0.7669
vn 0.0244 -0.1702 0.9851
vn 0.2377 -0.1344 0.9620
vn -0.0723 0.5200 0.8511
vn -0.1081 0.0598 0.9923
vn -0.3866 -0.2838 0.8775
vn -0.2537 0.6277 0.7360
vn -0.3061 0.6600 0.6861
vn -0.7690 -0.1873 0.6111
vn -0.6692 0.6118 0.4218
vn -0.5797 -0.3410 0.7401
vn -0.5163 0.6610 0.5445
vn -0.4887 -0.3622 0.7937
vn -0.4051 -0.4046 0.8199
vn -0.3637 -0.1113 0.9248
vn -0.2550 -0.2105 0.9438
vn -0.2032 -0.0986 0.9742
vn -0.1609 0.6170 0.7703
vn -0.3211 0.6381 0.6998
vn -0.5711 0.5767 0.5841
vn -0.7803 0.5204 0.3470
vn -0.6878 0.2129 0.6940
vn -0.4062 0.3510 0.8437
vn -0.2554 0.5143 0.8187
vn -0.0659 0.5482 0.8337
vn -0.0096 0.3027 0.9530
vn -0.5271 0.7324 0.4309
vn -0.5702 0.5118 0.6426
vn -0.6838 0.3944 0.6139
vn -0.8940 0.1596 0.4187
vn -0.8970 0.2730 0.3477
vn -0.7751 0.4372 0.4562
vn -0.7297 -0.2351 0.6421
vn -0.8282 -0.1846 0.5292
vn -0.8791 0.0639 0.4724
vn -0.0972 0.8777 0.4692
vn -0.4186 0.7840 0.4584
vn -0.1485 0.7980 0.5841
vn -0.8894 -0.1557 0.4297
vn -0.8864 -0.0264 0.4622
vn -0.8973 0.1805 0.4028
vn -0.8016 -0.1590 0.5763
vn -0.6568 -0.0442 0.7528
vn -0.8168 -0.1058 0.5671
vn -0.5487 -0.1341 0.8252
vn -0.5013 -0.1219 0.8567
vn -0.3762 -0.2160 0.9010
vn -0.4426 -0.2301 0.8667
vn -0.5939 -0.5860 0.5513
vn -0.5817 -0.5150 0.6296
vn -0.6309 -0.4601 0.6247
vn -0.6246 -0.5188 0.5837
vn -0.5849 -0.3605 0.7266
vn -0.6875 -0.1676 0.7066
vn -0.4478 0.2050 0.8703
vn -0.5138 0.5109 0.6892
vn -0.3722 0.6021 0.7064
vn -0.4605 0.7034 0.5414
vn 0.0768 0.7237 0.6858
vn 0.0950 0.5895 0.8022
vn -0.7280 0.2915 0.6205
vn -0.6472 0.3849 0.6581
vn -0.6863 0.4847 0.5423
vn -0.8086 0.4979 0.3135
vn -0.6685 0.6673 0.3283
vn -0.7608 0.6186 0.1961
vn -0.6210 0.6995 0.3538
vn -0.0402 0.7784 0.6265
vn 0.0168 0.8237 0.5668
vn 0.5631 0.5604 0.6073
vn 0.5930 0.4804 0.6462
vn 0.6474 0.5956 0.4756
vn 0.4968 0.5516 0.6700
vn 0.5676 0.7139 0.4101
vn 0.3672 0.5432 0.7551
vn -0.0399 0.8511 0.5235
vn -0.6689 0.6680 0.3262
vn -0.0850 0.7808 0.6190
vn -0.7173 0.3256 0.6160
vn -0.2100 -0.2866 0.9348
vn -0.1262 0.3849 0.9143
vn -0.6743 -0.3464 0.6522
vn -0.1828 -0.7675 0.6144
vn -0.5243 -0.7642 0.3757
vn -0.2397 0.2282 0.9436
vn -0.8523 -0.1370 0.5048
vn -0.4579 -0.7918 0.4042
vn -0.9399 -0.2630 0.2177
vn -0.3226 -0.8392 0.4377
vn -0.8163 -0.5774 -0.0159
vn -0.3457 -0.7590 0.5517
vn -0.9511 0.0692 0.3012
vn -0.8662 0.4271 0.2593
vn -0.9365 0.3366 -0.0980
vn -0.7909 0.5656 -0.2336
vn -0.8030 0.5952 0.0297
vn -0.7233 0.0266 0.6900
vn -0.5255 0.1006 0.8448
vn -0.4067 -0.1121 0.9067
vn -0.6820 0.1121 0.7227
vn -0.3340 -0.1512 0.9304
vn -0.5836 0.7546 0.3000
vn -0.6480 0.1287 0.7507
vn -0.2789 -0.9312 0.2346
vn -0.3589 -0.7163 0.5984
vn -0.6048 -0.7690 0.2073
vn -0.7407 -0.0564 0.6695
vn 0.4924 0.0233 0.8700
vn 0.5580 -0.7841 0.2718
vn 0.2784 -0.7550 0.5937
vn -0.2284 0.8589 0.4585
vn 0.3742 -0.2918 0.8803
vn 0.5700 -0.2427 0.7850
vn 0.0583 -0.7798 0.6233
vn 0.6511 -0.2581 0.7138
vn 0.0866 -0.7027 0.7062
vn 0.5381 0.5926 0.5995
vn 0.4854 0.2671 0.8325
vn 0.6743 0.3467 0.6520
vn 0.4296 0.1952 0.8817
vn 0.4559 -0.3513 0.8178
vn -0.0795 -0.5550 0.8281
vn 0.0314 -0.8480 0.5291
vn 0.6787 -0.5175 0.5212
vn 0.8690 0.1906 0.4567
vn 0.5884 0.7431 0.3186
vn 0.3672 0.8047 0.4665
vn 0.1129 0.8478 0.5181
vn 0.1693 -0.9067 0.3863
vn 0.5959 0.6285 0.4999
vn 0.7462 0.5052 0.4334
vn 0.7161 0.4485 0.5348
vn 0.7360 0.6012 0.3113
vn 0.7589 0.3003 0.5779
vn 0.4326 0.2209 0.8741
vn 0.5777 0.5896 0.5645
vn -0.8424 0.5290 0.1023
vn -0.6582 0.7055 0.2627
vn -0.8707 0.4660 0.1569
vn 0.1539 0.2313 0.9606
vn 0.6186 0.0913 0.7804
vn -0.5318 0.2430 0.8112
vn -0.8642 0.1294 0.4862
vn -0.1861 0.4565 0.8701
vn -0.0655 0.0921 0.9936
vn -0.2193 0.2441 0.9446
vn -0.0707 0.2553 0.9643
vn 0.2649 0.1614 0.9507
vn -0.2376 0.0227 0.9711
vn -0.1790 -0.2838 0.9420
vn 0.0299 -0.4546 0.8902
vn 0.3397 -0.5107 0.7898
vn 0.7399 0.2415 0.6279
vn 0.6681 0.0871 0.7389
vn -0.2322 0.2587 0.9376
vn -0.3415 0.2220 0.9133
vn -0.2591 0.2716 0.9269
vn -0.3065 0.4907 0.8156
vn -0.0893 0.5245 0.8467
vn 0.0224 0.6057 0.7954
vn -0.0907 0.5490 0.8309
vn -0.0538 0.5250 0.8494
vn -0.4560 -0.4863 0.7454
vn -0.5275 -0.6790 0.5106
vn -0.2833 0.2828 0.9164
vn -0.2437 0.5758 0.7805
vn -0.0434 0.2734 0.9609
vn -0.4405 -0.1681 0.8819
vn -0.0245 -0.0992 0.9948
vn -0.1993 -0.3369 0.9202
vn -0.5199 -0.5309 0.6693
vn 0.2770 -0.4687 0.8388
vn 0.3190 -0.2474 0.9149
vn 0.3539 -0.2835 0.8913
vn 0.4482 -0.3449 0.8247
vn 0.5978 -0.4029 0.6931
vn 0.5739 -0.1357 0.8076
vn 0.3858 -0.4005 0.8311
vn 0.8456 -0.0533 0.5312
vn 0.4388 -0.2479 0.8637
vn 0.4483 -0.0486 0.8926
vn 0.7871 0.1161 0.6058
vn 0.6172 0.1760 0.7669
vn 0.3506 0.5752 0.7391
vn 0.6629 0.6018 0.4454
vn -0.6974 -0.2526 0.6707
vn -0.6661 -0.3015 0.6822
vn -0.6789 -0.3974 0.6173
vn -0.7097 -0.2698 0.6508
vn -0.6671 -0.3526 0.6562
vn -0.7847 -0.0173 0.6196
vn -0.6474 0.6467 0.4033
vn -0.8337 0.5207 0.1841
vn -0.7822 -0.1856 0.5948
vn -0.8184 -0.2788 0.5024
vn -0.9663 -0.2311 0.1130
vn -0.9683 -0.0350 0.2472
vn -0.7958 -0.2820 0.5359
vn -0.8816 0.0519 0.4691
vn -0.9703 0.2204 -0.0993
vn -0.5571 0.3634 0.7467
vn -0.2487 0.2159 0.9442
vn -0.4493 -0.4020 0.7978
vn -0.2075 -0.5246 0.8257
vn -0.4482 -0.1249 0.8852
vn -0.0212 -0.1753 0.9843
vn 0.0129 -0.4205 0.9072
vn 0.0712 0.3910 0.9176
vn 0.0884 0.8311 0.5491
vn 0.1205 -0.4743 0.8721
vn 0.2115 -0.2422 0.9469
vn 0.2971 -0.5783 0.7598
vn 0.4213 -0.2688 0.8662
vn 0.5526 -0.3915 0.7357
vn 0.6389 0.0631 0.7667
vn 0.4129 0.1944 0.8898
vn 0.4632 0.6803 0.5680
vn 0.6676 0.6063 0.4321
vn -0.5444 -0.4123 0.7305
vn -0.7493 -0.0809 0.6572
vn -0.6653 -0.4730 0.5777
vn -0.7961 -0.1239 0.5924
vn -0.7270 -0.3816 0.5709
vn -0.7521 -0.0776 0.6545
vn -0.7817 0.2155 0.5852
vn -0.9169 0.0919 0.3884
vn -0.8072 0.5786 0.1166
vn -0.7157 0.6447 0.2686
vn -0.7484 0.6323 0.2002
vn -0.7069 0.2629 0.6566
vn 0.3837 0.7089 0.5918
vn -0.6184 0.7362 0.2751
vn -0.8353 0.5436 0.0828
vn -0.2113 0.0733 0.9747
vn -0.5944 0.2390 0.7678
vn -0.2262 0.3831 0.8956
vn -0.7869 0.2578 0.5607
vn -0.8379 0.4320 0.3335
vn -0.8150 0.3552 0.4579
vn 0.1789 0.2632 0.9480
vn 0.4385 0.2180 0.8719
vn -0.2702 0.3179 0.9088
vn -0.6065 0.2428 0.7571
vn -0.6961 0.3740 0.6128
vn 0.2017 0.3356 0.9202
vn 0.3953 0.2965 0.8694
vn 0.5850 0.3158 0.7470
vn 0.7691 0.5241 0.3659
vn 0.8244 0.1059 0.5561
vn 0.6556 0.1825 0.7327
vn -0.8059 0.2479 0.5377
vn -0.8623 0.3487 0.3673
vn -0.8653 -0.0321 0.5003
vn 0.3485 0.4684 0.8119
vn 0.4892 0.3614 0.7938
vn 0.6081 0.3693 0.7027
vn 0.3688 0.2763 0.8875
vn 0.5777 0.0182 0.8160
vn 0.7128 -0.0266 0.7009
vn 0.7135 0.4052 0.5716
vn 0.8646 0.1105 0.4902
vn 0.7599 -0.1630 0.6293
vn 0.8789 -0.1359 0.4572
vn 0.6619 -0.1295 0.7383
vn 0.7635 -0.0354 0.6449
vn 0.8043 -0.1169 0.5827
vn 0.8295 -0.1526 0.5372
vn 0.7482 -0.4168 0.5163
vn 0.8049 -0.4074 0.4314
vn 0.8907 -0.1123 0.4405
vn 0.9035 -0.1407 0.4049
vn 0.8913 -0.3689 0.2637
vn 0.7827 -0.4476 0.4326
vn 0.8975 -0.1137 0.4261
vn 0.9096 -0.1385 0.3918
vn 0.8928 0.1833 0.4114
vn 0.9292 0.0021 0.3695
vn 0.8183 -0.1170 0.5627
vn 0.7099 -0.4437 0.5469
vn 0.7842 -0.0825 0.6151
vn 0.7528 -0.4193 0.5074
vn 0.7525 0.0883 0.6527
vn 0.8015 -0.3154 0.5081
vn 0.7145 0.1050 0.6917
vn 0.6240 0.2495 0.7405
vn 0.6306 -0.0221 0.7758
vn 0.5010 -0.0096 0.8654
vn 0.7200 0.0459 0.6924
vn 0.2903 -0.0313 0.9564
vn 0.5198 0.4093 0.7498
vn 0.6800 0.1244 0.7226
vn 0.7562 -0.1405 0.6391
vn 0.0197 0.1231 0.9922
vn 0.3617 0.1613 0.9182
vn 0.6286 0.0497 0.7762
vn 0.9731 -0.1313 0.1893
vn 0.9322 0.3489 0.0963
vn 0.3591 0.4710 0.8058
vn 0.0762 0.0794 0.9939
vn 0.7723 0.3467 0.5323
vn 0.7664 0.3591 0.5327
vn 0.6164 0.1183 0.7785
vn 0.4674 -0.1198 0.8759
vn 0.6129 0.3472 0.7098
vn 0.5446 0.5047 0.6698
vn 0.7202 0.2965 0.6272
vn 0.9199 -0.0480 0.3891
vn 0.9202 0.1882 0.3433
vn 0.8924 -0.0470 0.4487
vn -0.9229 -0.3653 0.1220
vn -0.9925 -0.1189 0.0289
vn -0.9501 -0.2916 -0.1108
vn -0.9663 -0.1512 0.2082
vn -0.8767 -0.4245 0.2264
vn -0.9620 -0.1511 0.2275
vn -0.8533 -0.5092 0.1118
vn -0.9630 -0.0178 0.2689
vn -0.9294 -0.3594 0.0836
vn -0.9151 0.3200 0.2455
vn -0.9939 -0.1065 -0.0284
vn -0.8953 -0.3726 0.2443
vn -0.9885 -0.0147 0.1505
vn -0.7131 -0.6930 -0.1064
vn -0.9001 -0.2917 -0.3236
vn -0.7464 0.5507 -0.3736
vn -0.9411 -0.2062 -0.2681
vn -0.7970 -0.5069 0.3284
vn -0.8158 0.5107 0.2713
vn -0.6978 -0.6854 0.2083
vn -0.5901 0.1979 0.7827
vn -0.6098 -0.7294 0.3100
vn -0.1635 -0.2307 0.9592
vn -0.3497 -0.8314 0.4319
vn 0.1441 -0.7028 0.6967
vn 0.4566 -0.7617 0.4596
vn 0.1160 -0.8410 0.5284
vn 0.5654 -0.6370 0.5240
vn 0.4803 -0.6400 0.5998
vn 0.5831 -0.6841 0.4383
vn 0.6766 -0.5397 0.5009
vn 0.7873 -0.4619 0.4085
vn 0.7287 -0.4134 0.5460
vn 0.5686 -0.5438 0.6173
vn -0.0068 0.5534 0.8329
vn -0.0942 0.6902 0.7175
vn 0.3975 0.2611 0.8797
vn -0.1614 0.2041 0.9656
vn 0.3033 0.2153 0.9283
vn 0.1077 0.7638 0.6364
vn 0.4588 0.5853 0.6685
vn 0.2609 0.9108 0.3199
vn 0.1863 0.4452 0.8758
vn -0.1495 0.4704 0.8697
vn -0.6114 0.2299 0.7572
vn -0.6107 0.4076 0.6789
vn 0.3149 0.4995 0.8070
vn 0.0271 0.1655 0.9858
vn -0.0189 0.5962 0.8026
vn -0.5456 0.2620 0.7961
vn 0.2081 0.2200 0.9530
vn 0.2101 0.0379 0.9769
vn 0.4585 0.1202 0.8805
vn 0.1960 0.1890 0.9622
vn 0.5044 0.1217 0.8549
vn 0.3534 0.2694 0.8959
vn 0.3604 0.0383 0.9320
vn 0.2909 0.2443 0.9250
vn -0.9851 -0.1161 0.1265
vn -0.9547 -0.0411 0.2949
vn -0.8806 0.1629 0.4449
vn -0.9497 0.0242 0.3122
vn -0.9069 -0.0665 0.4161
vn -0.9986 -0.0530 0.0074
vn -0.9889 -0.1437 -0.0379
vn -0.9544 -0.1316 0.2679
vn -0.8556 0.0489 0.5153
vn -0.9885 0.1385 0.0604
vn -0.9370 -0.0032 0.3493
vn -0.9148 0.3876 0.1141
vn -0.6434 -0.7613 0.0800
vn -0.4811 -0.8621 0.1588
vn -0.2622 -0.9266 0.2695
vn 0.0944 -0.9463 0.3093
vn 0.6140 -0.6973 0.3698
vn 0.4389 -0.8390 0.3215
vn -0.7762 0.5229 0.3524
vn -0.9254 0.2565 0.2788
vn -0.6732 0.6345 0.3799
vn -0.7797 0.0735 0.6218
vn -0.5729 0.6268 0.5282
vn -0.4248 -0.0699 0.9026
vn -0.3490 0.4941 0.7963
vn 0.0048 -0.1041 0.9946
vn 0.0418 0.4426 0.8957
vn 0.4508 -0.1527 0.8795
vn 0.6494 0.3853 0.6556
vn 0.3799 0.4873 0.7863
vn 0.7144 -0.2387 0.6578
vn -0.3926 -0.6754 0.6243
vn -0.6945 -0.6043 0.3906
vn -0.8790 -0.4457 0.1695
vn 0.0368 -0.6725 0.7392
vn 0.4720 -0.6379 0.6086
vn 0.5909 -0.6835 0.4286
vn 0.0244 -0.9421 0.3345
vn -0.2802 -0.9287 0.2428
vn 0.3678 -0.8539 0.3683
vn -0.4888 -0.8602 0.1451
vn -0.2723 0.7441 0.6100
vn 0.2871 0.7170 0.6352
vn 0.1422 0.7176 0.6818
vn 0.4366 0.6628 0.6083
vn -0.4266 0.7748 0.4666
vn -0.5079 0.7166 0.4780
vn -0.9635 0.1442 0.2255
vn -0.8630 0.2285 0.4506
vn -0.8529 0.1234 0.5072
vn 0.6077 0.3952 0.6889
vn 0.5510 0.3503 0.7574
vn 0.6257 0.4441 0.6413
vn 0.4627 0.1565 0.8726
vn 0.5798 0.2325 0.7809
vn 0.6255 0.1402 0.7676
vn 0.4964 0.0969 0.8626
vn 0.5784 0.1426 0.8032
vn 0.5227 0.0776 0.8490
vn 0.5549 0.2310 0.7992
vn 0.4396 0.2393 0.8657
vn 0.6234 0.3424 0.7030
vn 0.4810 0.2662 0.8353
vn 0.6016 0.2575 0.7562
vn 0.7118 0.3012 0.6345
vn 0.7156 0.3518 0.6035
vn 0.7154 0.4481 0.5362
vn 0.7015 0.4187 0.5768
vn 0.8188 0.4057 0.4061
vn 0.7086 0.4856 0.5120
vn 0.8388 0.4574 0.2952
vn 0.6956 0.5393 0.4746
vn 0.7409 0.5423 0.3962
vn 0.7464 0.5808 0.3250
vn 0.8348 0.4918 0.2474
vn 0.6869 0.6364 0.3509
vn 0.7367 0.5053 0.4495
vn 0.5802 0.8061 0.1164
vn 0.7393 0.6091 0.2870
vn 0.7881 0.5297 0.3136
vn 0.3865 0.7166 0.5806
vn 0.3824 0.6224 0.6829
vn 0.3660 0.4662 0.8054
vn -0.1233 0.3756 0.9185
vn -0.2782 0.2691 0.9220
vn -0.1966 0.2686 0.9430
vn -0.2561 0.2051 0.9447
vn -0.3451 0.2259 0.9110
vn -0.3315 0.2267 0.9158
vn 0.4016 0.3830 0.8319
vn 0.5640 0.3245 0.7594
vn 0.5475 0.2758 0.7901
vn 0.0031 0.4889 0.8723
vn 0.0701 0.6646 0.7439
vn 0.3854 0.7681 0.5114
vn 0.0070 0.7711 0.6367
vn 0.0084 0.7621 0.6474
vn 0.7160 0.5675 0.4065
vn 0.1902 0.7584 0.6234
vn 0.3590 0.8314 0.4241
vn -0.0809 0.9862 0.1445
vn -0.0511 0.8648 0.4994
vn 0.7069 0.4678 0.5305
vn -0.0888 0.9895 -0.1140
vn 0.0149 0.9270 0.3748
vn 0.0627 0.9316 0.3580
vn 0.1382 0.7648 0.6292
vn 0.0172 0.8368 0.5472
vn 0.0456 0.6420 0.7654
vn -0.0549 0.3873 0.9203
vn -0.1171 0.9653 -0.2333
vn 0.1860 0.9519 0.2435
vn -0.3293 0.9419 0.0663
vn -0.0776 0.9323 0.3533
vn -0.0608 0.9243 0.3768
vn -0.1710 0.9246 0.3403
vn -0.1648 0.9445 0.2842
vn -0.3883 0.9104 0.1426
vn -0.6330 0.7646 -0.1216
vn -0.3560 0.9232 0.1446
vn 0.8024 0.0051 0.5968
vn 0.0280 0.3902 0.9203
vn 0.0447 0.2029 0.9782
vn 0.8310 -0.0461 0.5543
vn 0.0434 0.4799 0.8763
vn 0.6111 0.3923 0.6875
vn 0.1083 0.5263 0.8434
vn 0.6623 0.4695 0.5838
vn 0.6671 0.4202 0.6152
vn 0.0898 0.6029 0.7928
vn 0.6459 0.5713 0.5064
vn 0.0662 0.6823 0.7280
vn 0.0318 0.7491 0.6617
vn 0.6783 0.6547 0.3337
vn 0.0153 0.8000 0.5998
vn 0.4429 0.5898 0.6753
vn -0.0420 0.6154 0.7871
vn 0.3291 0.7199 0.6111
vn 0.5772 0.6565 0.4857
vn 0.5205 0.6266 0.5800
vn 0.5119 0.5562 0.6547
vn 0.4130 0.4614 0.7852
vn 0.4477 0.5039 0.7387
vn 0.3934 0.3273 0.8591
vn 0.8574 -0.1115 0.5025
vn 0.6419 0.4328 0.6330
vn 0.3582 0.5327 0.7668
vn 0.3263 0.4711 0.8195
vn 0.6675 0.4847 0.5653
vn 0.6146 0.5137 0.5986
vn 0.9912 -0.0817 -0.1043
vn 0.7098 0.3800 0.5931
vn 0.3955 0.6054 0.6907
vn 0.6057 0.6026 0.5196
vn 0.6136 0.5995 0.5140
vn 0.9978 -0.0028 -0.0655
vn 0.9834 0.1645 -0.0766
vn 0.5852 0.6933 0.4206
vn 0.4246 0.6966 0.5784
vn 0.5876 0.7038 0.3992
vn 0.6589 0.3609 0.6600
vn 0.7280 0.3215 0.6055
vn 0.9842 -0.1339 -0.1157
vn 0.3152 0.3971 0.8620
vn 0.9944 -0.0694 -0.0794
vn 0.9890 0.0263 -0.1452
vn 0.9270 0.3372 -0.1640
vn 0.9740 -0.2032 -0.1004
vn 0.7642 0.1185 0.6340
vn 0.7926 0.2234 0.5673
vn 0.8837 0.3021 0.3574
vn 0.8492 0.3700 0.3768
vn 0.9615 0.2657 -0.0706
vn 0.7445 0.5432 0.3882
vn 0.8967 0.2249 0.3811
vn 0.9299 0.2944 0.2203
vn 0.5707 0.7541 0.3251
vn 0.5395 0.7728 0.3343
vn 0.6654 0.6672 -0.3349
vn 0.4068 0.8982 -0.1665
vn 0.3896 0.9048 -0.1720
vn 0.4866 0.8601 -0.1534
vn 0.6831 0.7294 -0.0365
vn 0.6441 0.7317 0.2228
vn 0.5515 0.8300 0.0828
vn 0.5518 0.8335 -0.0281
vn 0.8644 0.5015 0.0353
vn 0.3750 0.9178 -0.1302
vn 0.8968 0.4418 0.0230
vn 0.8622 0.4440 0.2440
vn 0.8366 0.4359 0.3318
vn 0.9035 0.3576 0.2363
vn 0.9354 0.3110 0.1681
vn 0.9252 0.2689 0.2676
vn 0.3653 0.8257 0.4298
vn 0.0269 0.7324 0.6804
vn 0.1223 0.6499 0.7501
vn 0.1259 0.6120 0.7808
vn 0.0296 0.4913 0.8705
vn 0.0407 0.4579 0.8880
vn -0.0869 0.3823 0.9200
vn -0.0477 0.1647 0.9852
vn 0.0497 0.0983 0.9939
vn 0.9042 -0.0613 0.4227
vn 0.8008 -0.3047 0.5157
vn 0.7306 0.1006 0.6754
vn 0.1934 0.2458 0.9498
vn 0.1765 0.1464 0.9733
vn 0.0392 0.1458 0.9885
vn 0.7019 0.1035 0.7048
vn 0.1109 0.1215 0.9864
vn 0.8936 -0.1793 0.4115
vn 0.7374 0.1642 0.6552
vn 0.7762 0.1783 0.6048
vn 0.7611 0.1731 0.6251
vn 0.1787 0.1341 0.9747
vn -0.0098 0.1132 0.9935
vn 0.7654 0.1511 0.6256
vn 0.6076 0.1957 0.7698
vn 0.9948 -0.0976 -0.0302
vn 0.5344 0.1543 0.8310
vn -0.0566 0.1054 0.9928
vn 0.9949 -0.0494 0.0880
vn 0.3458 0.1178 0.9309
vn 0.4736 0.1492 0.8680
vn 0.9659 0.0103 0.2588
vn 0.2761 0.1125 0.9545
vn -0.1011 0.0402 0.9941
vn 0.2065 0.1514 0.9667
vn 0.7679 0.1720 0.6170
vn 0.7648 0.1531 0.6258
vn 0.7358 0.1500 0.6604
vn 0.0777 0.0036 0.9970
vn 0.7145 0.1290 0.6876
vn 0.0932 0.0946 0.9911
vn 0.0137 0.0982 0.9951
vn 0.6533 0.2551 0.7128
vn 0.9862 -0.1255 -0.1084
vn 0.7371 0.2595 0.6240
vn 0.9796 -0.1479 -0.1361
vn 0.9487 -0.2711 -0.1627
vn 0.8458 0.1280 0.5179
vn 0.9220 -0.1765 -0.3447
vn 0.9392 0.0903 0.3313
vn 0.9418 0.0680 0.3293
vn 0.8700 0.0739 0.4875
vn 0.8326 0.0798 0.5481
vn 0.9523 0.1130 0.2834
vn 0.8110 0.2543 0.5269
vn 0.9018 0.3506 0.2526
vn 0.9047 0.4252 -0.0263
vn 0.7501 0.6232 -0.2211
vn 0.7593 0.3706 0.5349
vn 0.8951 -0.1612 -0.4156
vn 0.9135 -0.0878 -0.3973
vn 0.9550 -0.0605 -0.2903
vn 0.9731 -0.0438 -0.2262
vn 0.8827 0.1531 0.4443
vn 0.8992 0.1491 0.4114
vn 0.8609 0.2031 0.4664
vn 0.9063 0.1709 0.3866
vn 0.9899 0.1084 -0.0913
vn 0.9780 0.0526 -0.2021
vn 0.9252 0.1251 0.3582
vn 0.9773 -0.0040 -0.2117
vn 0.9049 0.1206 0.4083
vn 0.9912 0.1212 -0.0540
vn 0.8221 0.2072 0.5303
vn 0.9952 0.0942 0.0259
vn 0.8288 0.1937 0.5250
vn 0.9929 0.0404 0.1120
vn 0.8941 0.0400 0.4461
vn 0.9990 0.0441 -0.0040
vn 0.9830 0.0165 -0.1829
vn 0.8781 0.1885 0.4399
vn 0.8908 0.2030 0.4065
vn 0.8481 0.1572 0.5059
vn 0.5831 0.0598 0.8102
vn 0.8872 0.1659 0.4305
vn 0.7297 0.0612 0.6810
vn 0.4630 0.0813 0.8826
vn 0.8554 0.1876 0.4828
vn 0.4674 0.0386 0.8832
vn 0.8511 0.1676 0.4975
vn 0.4478 -0.0306 0.8936
vn -0.1684 -0.0198 0.9855
vn 0.3075 0.0931 0.9470
vn -0.0944 0.0339 0.9950
vn 0.2806 0.1061 0.9540
vn -0.0321 0.0543 0.9980
vn 0.3679 0.0669 0.9275
vn 0.4086 0.1168 0.9052
vn 0.4661 0.0853 0.8806
vn 0.8157 0.2430 0.5249
vn 0.8303 0.2275 0.5087
vn 0.7928 0.1876 0.5799
vn 0.7674 0.1555 0.6221
vn 0.7644 0.1482 0.6275
vn 0.8503 0.1998 0.4870
vn 0.6847 0.1311 0.7169
vn 0.6357 0.1770 0.7514
vn -0.0277 -0.0575 0.9980
vn -0.0519 -0.0297 0.9982
vn 0.6438 0.2022 0.7380
vn -0.0340 0.0048 0.9994
vn 0.6557 0.1818 0.7328
vn 0.6622 0.1531 0.7335
vn 0.6590 0.1423 0.7385
vn -0.0734 0.0111 0.9972
vn -0.0504 0.0234 0.9985
vn 0.0009 0.0405 0.9992
vn 0.0602 0.0127 0.9981
vn 0.5089 0.0221 0.8605
vn 0.2437 0.9374 0.2489
vn 0.2591 0.7688 0.5846
vn -0.1247 0.9715 -0.2018
vn 0.3785 0.7084 0.5957
vn 0.0223 0.5048 0.8629
vn 0.8265 0.1831 0.5323
vn -0.1525 0.9215 0.3572
vn 0.5794 0.7380 0.3459
vn -0.3217 0.8719 0.3692
vn 0.7685 0.6258 0.1336
vn 0.6740 0.1300 0.7272
vn -0.2618 0.6548 0.7090
vn -0.2269 0.9715 -0.0682
vn -0.0685 0.9824 -0.1737
vn -0.0169 -0.1108 0.9937
vn -0.0606 -0.0978 0.9934
vn -0.0319 0.0478 0.9983
vn -0.0241 -0.0155 0.9996
vn 0.0223 0.0213 0.9995
vn 0.5523 0.0933 0.8284
vn 0.4984 0.1780 0.8485
vn 0.4946 0.1425 0.8574
vn 0.0140 0.1053 0.9943
vn 0.4554 0.1455 0.8783
vn 0.4464 0.3710 0.8143
vn 0.4972 0.3959 0.7720
vn 0.5038 0.3864 0.7726
vn 0.5559 0.5221 0.6469
vn 0.5792 0.5223 0.6259
vn 0.5843 0.0763 0.8080
vn 0.5262 0.0765 0.8469
vn 0.5069 0.1596 0.8471
vn 0.4720 0.0824 0.8777
vn -0.0478 -0.1293 0.9905
vn 0.4173 0.1945 0.8877
vn 0.4099 0.1741 0.8954
vn 0.3533 0.2596 0.8988
vn 0.3408 0.1436 0.9291
vn -0.0821 0.1806 0.9801
vn -0.2066 0.0909 0.9742
vn -0.1687 0.1215 0.9781
vn -0.1485 0.0888 0.9849
vn 0.2038 0.1360 0.9695
vn 0.1619 0.1013 0.9816
vn 0.4849 0.0673 0.8720
vn 0.5042 0.0748 0.8603
vn 0.2263 0.3076 0.9242
vn 0.4353 0.3398 0.8337
vn -0.1251 0.5110 0.8504
vn -0.0889 0.3256 0.9413
vn -0.0976 0.4529 0.8862
vn -0.2328 0.2793 0.9316
vn 0.4298 0.3562 0.8297
vn 0.4213 0.3170 0.8497
vn 0.4827 0.3669 0.7952
vn 0.3050 0.1788 0.9354
vn -0.0267 0.2287 0.9731
vn 0.3889 0.3527 0.8511
vn 0.3741 0.2717 0.8867
vn -0.0875 0.2192 0.9718
vn 0.3335 0.1705 0.9272
vn 0.2189 0.2055 0.9539
vn 0.2275 0.2644 0.9372
vn -0.2221 0.2605 0.9396
vn -0.0562 0.1977 0.9786
vn -0.2051 0.0627 0.9767
vn 0.3031 0.0410 0.9521
vn 0.3338 0.0355 0.9420
vn 0.3217 0.0566 0.9452
vn 0.4211 0.1109 0.9002
vn -0.1802 0.0261 0.9833
vn 0.3888 0.1087 0.9149
vn -0.2230 0.0695 0.9723
vn 0.3243 0.0504 0.9446
vn 0.3025 0.0731 0.9504
vn 0.4247 0.0405 0.9045
vn 0.5356 -0.0329 0.8438
vn -0.0466 -0.0158 0.9988
vn 0.0343 0.0246 0.9991
vn 0.1457 0.0498 0.9881
vn 0.4877 0.0518 0.8715
vn -0.1553 0.0518 0.9865
vn 0.1111 0.0296 0.9934
vn 0.5499 -0.0176 0.8350
vn -0.3251 0.0877 0.9416
vn -0.3005 0.0413 0.9529
vn -0.3694 0.0775 0.9260
vn -0.2089 0.0971 0.9731
vn -0.1977 -0.2609 0.9449
vn 0.3488 0.1636 0.9228
vn 0.3469 0.0724 0.9351
vn -0.1418 -0.1962 0.9703
vn 0.3696 0.2027 0.9068
vn 0.4178 0.2078 0.8845
vn 0.6716 -0.1948 0.7149
vn 0.1741 -0.3642 0.9149
vn 0.3720 0.2518 0.8934
vn -0.0504 -0.1178 0.9918
vn 0.5444 -0.1956 0.8157
vn -0.1731 -0.2143 0.9613
vn -0.0497 -0.4693 0.8816
vn 0.3215 -0.1464 0.9355
vn 0.5659 -0.0303 0.8239
vn -0.1143 -0.0016 0.9934
vn 0.6739 -0.0674 0.7358
vn -0.2288 0.0451 0.9724
vn -0.0336 -0.6313 0.7748
vn 0.3440 -0.1962 0.9182
vn 0.4066 -0.2032 0.8907
vn 0.4777 -0.1952 0.8566
vn -0.0705 -0.3193 0.9450
vn 0.7766 -0.5338 0.3345
vn 0.4019 -0.5689 0.7175
vn -0.3447 -0.2207 0.9124
vn -0.2052 -0.1447 0.9680
vn 0.6151 -0.2156 0.7584
vn 0.2083 -0.2547 0.9443
vn 0.6851 0.0940 0.7223
vn -0.0609 0.7426 0.6670
vn 0.1161 0.6646 0.7381
vn 0.1833 0.7210 0.6683
vn 0.1711 0.7582 0.6292
vn 0.2697 0.7470 0.6077
vn 0.1227 0.8096 0.5740
vn -0.0707 0.8171 0.5721
vn -0.3396 0.7914 0.5082
vn 0.3391 0.5149 0.7873
vn 0.1090 0.7251 0.6800
vn 0.1741 0.8366 0.5194
vn 0.1436 0.8221 0.5510
vn 0.0789 0.8721 0.4829
vn 0.4603 0.7023 0.5430
vn 0.3594 0.6998 0.6173
vn 0.2380 0.8446 0.4795
vn 0.0361 0.7219 0.6911
vn 0.4940 0.4706 0.7311
vn 0.0659 0.8299 0.5540
vn 0.0606 0.7823 0.6200
vn -0.0002 0.6803 0.7329
vn -0.0184 0.7779 0.6281
vn 0.0530 0.8070 0.5882
vn 0.0038 0.7014 0.7127
vn 0.0092 0.8759 0.4823
vn 0.0345 0.7982 0.6014
vn 0.3574 0.7159 0.5998
vn 0.2553 0.2803 0.9254
vn 0.2158 0.1720 0.9612
vn 0.1057 0.2716 0.9566
vn -0.5656 0.2827 0.7747
vn 0.5395 0.7069 0.4575
vn 0.6524 0.6393 0.4070
vn 0.6681 0.6431 0.3743
vn 0.6529 0.6415 0.4028
vn 0.6435 0.6462 0.4103
vn 0.6561 0.4899 0.5741
vn 0.5796 0.7037 0.4110
vn 0.7010 0.2831 0.6546
vn 0.8264 0.1167 0.5509
vn 0.5080 0.2593 0.8214
vn 0.2328 0.8102 0.5380
vn 0.3502 0.7284 0.5889
vn 0.4051 0.5705 0.7145
vn 0.3919 0.6452 0.6558
vn -0.5447 0.7328 0.4078
vn 0.1791 0.8824 0.4350
vn -0.5926 0.5454 0.5928
vn -0.6293 0.6174 0.4720
vn -0.5934 0.6879 0.4179
vn -0.2076 0.7922 0.5738
vn -0.2270 0.6486 0.7265
vn -0.0676 0.7596 0.6469
vn -0.1759 0.5655 0.8058
vn 0.3410 0.5081 0.7909
vn 0.3454 0.7760 0.5278
vn 0.2542 0.5744 0.7781
vn 0.2805 0.6991 0.6577
vn 0.1738 0.6546 0.7357
vn 0.3778 0.5935 0.7106
vn 0.3616 0.7496 0.5543
vn 0.3118 0.5230 0.7932
vn 0.4035 0.6458 0.6482
vn 0.2493 0.7783 0.5762
vn -0.0587 0.3499 0.9349
vn -0.3769 0.0653 0.9239
vn -0.3500 0.4907 0.7980
vn 0.5481 0.2014 0.8118
vn 0.3694 0.1771 0.9122
vn 0.4629 0.2266 0.8569
vn 0.2762 0.2561 0.9263
vn 0.6410 0.2291 0.7326
vn 0.7740 0.4170 0.4764
vn 0.5780 0.6435 0.5018
vn -0.5338 0.2452 0.8093
vn 0.3265 0.9196 0.2184
vn 0.6130 0.3557 0.7055
vn 0.6289 0.3169 0.7100
vn -0.1949 0.1020 0.9755
vn -0.4591 0.5756 0.6767
vn -0.4253 0.3239 0.8451
vn 0.3774 0.3069 0.8737
vn 0.4609 0.5247 0.7157
vn 0.7175 0.3223 0.6175
vn 0.3872 0.6427 0.6611
vn 0.2219 0.8939 0.3894
vn 0.5565 0.6819 0.4747
vn 0.3283 0.2339 0.9152
vn 0.5858 0.5883 0.5575
vn 0.7616 0.2950 0.5770
vn 0.6447 0.6140 0.4554
vn 0.6791 0.6451 0.3503
vn 0.7317 0.3990 0.5526
vn 0.6890 0.2675 0.6736
vn 0.3390 0.2953 0.8932
vn 0.7102 0.6251 0.3238
vn 0.4839 0.7303 0.4821
vn 0.1745 0.8377 0.5175
vn 0.0339 0.7378 0.6742
vn 0.1653 0.7470 0.6439
vn 0.1721 0.7724 0.6113
vn 0.9082 0.3251 0.2634
vn 0.8641 0.3238 0.3854
vn 0.8770 0.2285 0.4228
vn 0.6644 0.7303 0.1592
vn 0.9032 0.4024 0.1492
vn 0.5900 0.7523 0.2932
vn 0.0832 0.7184 0.6906
vn 0.3549 0.7341 0.5790
vn 0.4884 0.5047 0.7119
vn 0.4580 0.4949 0.7385
vn 0.2013 0.8460 0.4938
vn 0.5932 0.5946 0.5428
vn 0.6297 0.6462 0.4312
vn 0.7433 0.6326 0.2176
vn 0.6327 0.7629 0.1333
vn 0.8641 0.4898 0.1162
vn 0.5444 0.8253 0.1499
vn 0.4365 0.6852 0.5831
vn 0.8169 0.5747 -0.0490
vn 0.7681 0.6372 0.0629
vn 0.7147 0.6952 0.0766
vn 0.1714 0.8625 0.4761
vn 0.7854 0.5989 0.1566
vn 0.2751 0.6864 0.6732
vn 0.7154 0.6511 0.2536
vn 0.1889 0.7904 0.5827
vn 0.2700 0.8905 0.3662
vn 0.2305 0.9437 0.2374
vn 0.6226 0.7787 -0.0781
vn 0.5431 0.7738 -0.3261
vn 0.5641 0.7978 0.2130
vn 0.6178 0.7775 0.1177
vn 0.4755 0.7170 -0.5097
vn 0.8387 0.4212 -0.3452
vn 0.5621 0.3837 -0.7327
vn 0.3092 0.5760 -0.7567
vn 0.4192 0.6529 -0.6309
vn 0.1501 0.5265 -0.8368
vn -0.2157 0.2553 -0.9425
vn -0.1002 0.3696 -0.9238
vn -0.3405 0.3928 -0.8543
vn -0.3913 0.2369 -0.8892
vn -0.4728 0.5782 -0.6649
vn -0.2205 0.5765 -0.7868
vn -0.2883 0.6006 -0.7458
vn -0.2548 0.0157 -0.9669
vn -0.3847 0.0158 -0.9229
vn -0.2939 -0.1382 -0.9458
vn -0.3961 -0.1569 -0.9047
vn -0.0016 0.6725 -0.7401
vn 0.0676 0.6330 -0.7712
vn -0.0881 0.5590 -0.8245
vn 0.2089 0.7263 -0.6549
vn 0.0545 0.4960 -0.8666
vn 0.3024 0.7860 -0.5393
vn 0.3971 0.6773 -0.6194
vn 0.3211 0.8340 -0.4487
vn 0.4174 0.8088 -0.4143
vn 0.3338 0.8794 -0.3395
vn 0.5124 0.8086 -0.2892
vn 0.3829 0.9091 -0.1639
vn 0.5344 0.8437 -0.0505
vn 0.3839 0.9229 0.0287
vn 0.5051 0.8547 0.1200
vn 0.9221 0.3751 0.0953
vn 0.5393 0.7278 -0.4237
vn 0.0181 0.0569 -0.9982
vn -0.1249 -0.0156 -0.9921
vn 0.8369 0.4742 -0.2733
vn 0.2721 0.8421 -0.4657
vn 0.2424 0.8078 -0.5373
vn 0.1941 0.7350 -0.6497
vn 0.1714 0.1544 -0.9730
vn 0.2997 0.2189 -0.9286
vn 0.4383 0.2825 -0.8533
vn 0.6151 0.4926 -0.6157
vn -0.4488 0.3740 -0.8116
vn -0.0993 0.2368 -0.9665
vn -0.6969 0.5796 -0.4223
vn -0.5151 0.6928 -0.5046
vn 0.0581 0.9872 0.1482
vn -0.5327 0.8450 -0.0476
vn -0.6095 0.7465 -0.2668
vn -0.0932 0.9929 0.0738
vn 0.1269 0.9847 0.1195
vn -0.0055 0.9878 0.1556
vn 0.4973 0.8488 -0.1796
vn 0.5675 0.8003 0.1934
vn 0.4413 0.8607 -0.2538
vn 0.2950 0.7943 -0.5311
vn 0.2625 0.7920 -0.5513
vn 0.0853 0.6747 -0.7332
vn -0.1494 0.4158 -0.8971
vn 0.0528 0.6528 -0.7557
vn -0.0739 0.4619 -0.8839
vn -0.2324 0.2055 -0.9506
vn -0.2270 0.2369 -0.9447
vn -0.2560 0.1175 -0.9595
vn -0.3073 0.1673 -0.9368
vn -0.2882 -0.0063 -0.9576
vn -0.3339 0.1380 -0.9324
vn -0.4120 0.0470 -0.9100
vn -0.3890 0.1755 -0.9044
vn -0.1621 0.1223 -0.9792
vn -0.2494 0.2403 -0.9381
vn -0.3726 0.0346 -0.9274
vn -0.0451 0.0393 -0.9982
vn -0.3832 0.2740 -0.8821
vn -0.6267 0.2381 -0.7420
vn -0.4134 0.2550 -0.8741
vn -0.5601 0.2398 -0.7930
vn -0.5700 0.1182 -0.8131
vn -0.6886 0.1169 -0.7157
vn -0.6311 -0.0263 -0.7752
vn -0.3325 0.1506 -0.9310
vn -0.4538 0.2456 -0.8566
vn -0.1179 0.1663 -0.9790
vn 0.0650 0.0451 -0.9969
vn -0.5988 0.1243 -0.7912
vn -0.6906 0.1790 -0.7007
vn -0.6534 0.2120 -0.7267
vn -0.7847 0.1137 -0.6094
vn -0.7563 0.1710 -0.6314
vn -0.9033 0.1069 -0.4155
vn -0.7269 0.1608 -0.6677
vn -0.8224 0.1851 -0.5380
vn -0.4926 0.2350 -0.8379
vn -0.5432 0.2618 -0.7977
vn -0.6368 0.2512 -0.7289
vn -0.3518 0.3014 -0.8862
vn -0.4351 0.2389 -0.8681
vn -0.3233 0.2185 -0.9207
vn -0.2228 0.2069 -0.9527
vn -0.0025 0.1707 -0.9853
vn -0.0740 0.2574 -0.9635
vn 0.2367 0.1469 -0.9604
vn -0.5209 0.0832 -0.8495
vn 0.1301 0.2093 -0.9691
vn 0.4511 0.0551 0.8908
vn 0.5306 0.0192 0.8474
vn 0.5899 -0.0050 0.8074
vn 0.6382 0.0149 0.7697
vn 0.9913 -0.0127 0.1309
vn 0.9985 -0.0380 0.0390
vn 0.6511 0.0180 0.7588
vn 0.8709 -0.0512 0.4888
vn 0.6569 0.0315 0.7533
vn 0.8227 -0.0303 0.5677
vn 0.7872 -0.0191 0.6164
vn 0.7660 0.0381 0.6417
vn 0.7168 0.0416 0.6960
vn 0.7255 -0.0036 0.6883
vn 0.9960 -0.0858 0.0255
vn 0.9953 -0.0231 0.0937
vn 0.9962 -0.0487 0.0725
vn 0.9998 -0.0180 -0.0044
vn 0.9997 0.0091 0.0229
vn 0.6644 0.0899 0.7420
vn 0.6556 0.0480 0.7536
vn 0.6334 0.0436 0.7726
vn 0.6373 0.0419 0.7694
vn 0.6449 0.0230 0.7639
vn 0.9965 -0.0581 -0.0598
vn 0.7861 0.1612 0.5966
vn 0.3859 0.1149 0.9153
vn 0.7398 0.2292 0.6325
vn 0.7144 0.2536 0.6522
vn -0.2289 0.1290 0.9648
vn -0.2828 0.1423 0.9486
vn 0.6068 0.4545 0.6521
vn 0.2010 0.3996 0.8944
vn 0.3402 0.5654 0.7514
vn 0.1384 0.4829 0.8646
vn 0.5607 0.5817 0.5893
vn 0.3683 0.8013 0.4716
vn 0.0720 0.5795 0.8118
vn 0.5438 0.6581 0.5207
vn 0.3008 0.6790 0.6696
vn 0.4848 0.8157 0.3157
vn 0.1425 -0.0063 0.9898
vn 0.4747 0.1233 0.8715
vn 0.1542 0.0831 0.9845
vn 0.6277 0.1190 0.7693
vn 0.0516 -0.0436 0.9977
vn 0.6245 0.1382 0.7687
vn 0.4524 0.0652 0.8894
vn -0.0277 -0.0235 0.9993
vn -0.0308 0.0648 0.9974
vn 0.6062 0.1523 0.7806
vn 0.4867 0.1771 0.8554
vn 0.0012 -0.0428 0.9991
vn 0.7054 -0.2222 0.6731
vn 0.3011 -0.1056 0.9477
vn 0.1673 0.1372 0.9763
vn -0.2303 -0.2065 0.9510
vn 0.0276 -0.1726 0.9846
vn -0.1619 -0.2175 0.9626
vn 0.5987 -0.5910 -0.5406
vn 0.9231 -0.0917 -0.3734
vn 0.6693 -0.6730 -0.3149
vn -0.0286 0.1004 0.9945
vn 0.9943 -0.1015 -0.0321
vn 0.8800 -0.0316 0.4739
vn 0.9986 -0.0533 0.0017
vn 0.5738 0.1525 0.8047
vn 0.7026 0.1166 0.7019
vn 0.6048 0.1108 0.7886
vn 0.3354 0.0767 0.9389
vn 0.4061 0.0245 0.9135
vn 0.1922 -0.0134 0.9813
vn 0.1516 0.0987 0.9835
vn -0.2630 -0.0941 0.9602
vn 0.0154 -0.0502 0.9986
vn 0.0717 -0.0811 0.9941
vn 0.8255 -0.1673 0.5391
vn 0.9874 -0.1577 0.0123
vn 0.8722 -0.4881 -0.0327
vn 0.8629 -0.1566 0.4805
vn 0.9900 -0.1326 -0.0486
vn -0.2258 -0.1261 0.9660
vn -0.2926 -0.0726 0.9535
vn -0.0302 -0.0828 0.9961
vn 0.1080 -0.0478 0.9930
vn -0.2280 -0.1455 0.9627
vn 0.1319 -0.2142 0.9678
vn -0.3114 -0.2172 0.9251
vn -0.6103 -0.1043 0.7852
vn -0.4879 -0.0903 0.8682
vn 0.1833 -0.2621 0.9475
vn -0.3623 -0.2332 0.9024
vn -0.2757 -0.0625 0.9592
vn -0.1856 -0.0217 0.9824
vn -0.4891 -0.1727 0.8549
vn -0.8540 -0.2581 0.4517
vn -0.5561 -0.2392 0.7959
vn -0.8410 -0.1982 0.5034
vn -0.9831 -0.1111 -0.1454
vn -0.1289 0.0657 0.9895
vn 0.2762 0.0419 0.9602
vn 0.2557 0.0936 0.9622
vn -0.3992 -0.1835 0.8983
vn -0.3458 -0.1193 0.9307
vn 0.0905 -0.0952 0.9913
vn 0.1454 -0.0570 0.9877
vn -0.1962 -0.0034 0.9805
vn 0.0236 0.0308 0.9992
vn 0.8022 0.0575 0.5943
vn 0.5745 0.1213 0.8095
vn 0.6361 0.0663 0.7687
vn 0.1743 0.1230 0.9770
vn -0.0564 0.0926 0.9941
vn -0.0843 -0.0064 0.9964
vn -0.3777 -0.0512 0.9245
vn 0.0797 -0.1177 0.9898
vn -0.1523 -0.1118 0.9820
vn 0.7757 0.1600 0.6104
vn 0.5520 0.1594 0.8184
vn 0.2049 -0.1299 0.9701
vn 0.1558 -0.1614 0.9745
vn -0.2506 -0.0534 0.9666
vn 0.1954 -0.0332 0.9802
vn 0.2490 0.0025 0.9685
vn -0.3376 -0.0943 0.9366
vn -0.2933 -0.0830 0.9524
vn -0.7530 -0.1907 0.6298
vn -0.6737 -0.1176 0.7296
vn -0.4530 -0.2676 0.8504
vn 0.0203 -0.4371 0.8992
vn -0.5334 -0.7137 0.4540
vn 0.1190 -0.2948 0.9481
vn 0.5678 -0.0030 0.8232
vn 0.6022 -0.0023 0.7984
vn 0.5800 0.0385 0.8137
vn 0.6016 0.0446 0.7976
vn 0.7672 0.0006 0.6415
vn 0.7019 -0.0615 0.7096
vn 0.4314 -0.0726 0.8993
vn 0.5542 -0.0616 0.8301
vn -0.6592 -0.1098 0.7439
vn -0.5073 -0.0610 0.8596
vn -0.4806 -0.1099 0.8700
vn 0.7405 0.0717 0.6682
vn 0.6586 0.0299 0.7519
vn 0.8800 0.1443 0.4525
vn 0.8930 0.1343 0.4295
vn 0.6367 0.0665 0.7683
vn 0.8338 0.1140 0.5402
vn 0.6799 0.0523 0.7315
vn 0.6565 0.0269 0.7538
vn 0.6289 0.0085 0.7774
vn 0.8752 0.1398 0.4631
vn 0.5567 -0.0072 0.8307
vn 0.7238 -0.0356 0.6891
vn 0.5579 0.0353 0.8291
vn 0.5135 -0.0271 0.8576
vn 0.0318 -0.1689 0.9851
vn -0.0688 -0.0677 0.9953
vn -0.4359 -0.2483 0.8651
vn -0.6184 -0.2704 0.7379
vn -0.8872 -0.1657 0.4306
vn -0.8591 -0.2967 0.4170
vn -0.9901 -0.1289 -0.0561
vn -0.9803 -0.1414 -0.1379
vn -0.9864 -0.1121 -0.1204
vn -0.4008 -0.1285 0.9071
vn 0.8091 0.0949 0.5799
vn 0.6890 -0.0743 0.7209
vn 0.3200 -0.0670 0.9450
vn 0.5003 -0.0697 0.8630
vn -0.4484 -0.0408 0.8929
vn -0.6612 -0.0277 0.7497
vn -0.6613 -0.0160 0.7499
vn -0.1827 -0.1030 0.9778
vn -0.8541 -0.0130 0.5199
vn -0.9846 -0.0323 0.1717
vn -0.8023 -0.0095 0.5968
vn -0.0519 -0.0659 -0.9965
vn 0.4405 -0.0959 -0.8926
vn -0.0333 -0.0180 -0.9993
vn -0.8808 -0.0219 0.4730
vn -1.0000 -0.0090 -0.0031
vn -0.9207 -0.0882 -0.3801
vn -0.8006 -0.1155 -0.5879
vn -0.7757 -0.0781 -0.6262
vn 0.7447 0.1411 0.6523
vn 0.2979 -0.2395 0.9241
vn 0.1895 -0.1169 0.9749
vn 0.1078 -0.1078 0.9883
vn 0.0361 -0.0857 0.9957
vn 0.2031 -0.2109 0.9562
vn -0.0882 -0.1896 0.9779
vn 0.2681 -0.3052 0.9138
vn 0.7470 0.0648 0.6617
vn 0.6465 0.0180 0.7627
vn 0.9935 -0.0146 -0.1129
vn 0.9926 0.0762 0.0947
vn 0.9851 0.0226 -0.1707
vn 0.7528 -0.0522 0.6562
vn 0.4352 0.0134 0.9002
vn -0.0411 -0.0075 0.9991
vn -0.0066 -0.0303 0.9995
vn 0.5292 0.0526 0.8469
vn 0.4382 0.0170 0.8987
vn 0.5790 0.0594 0.8132
vn 0.6706 0.1109 0.7335
vn 0.6308 0.0854 0.7712
vn 0.5582 0.0653 0.8271
vn 0.4626 0.0408 0.8856
vn 0.4067 -0.0183 0.9134
vn -0.0080 -0.0669 0.9977
vn -0.4222 -0.0530 0.9050
vn -0.6498 -0.0369 0.7592
vn -0.4050 -0.0883 0.9100
vn -0.5907 -0.0724 0.8036
vn -0.3886 -0.0905 0.9169
vn 0.4092 0.0751 0.9094
vn 0.3073 0.0179 0.9515
vn -0.0467 -0.0688 0.9965
vn 0.2234 0.0116 0.9747
vn -0.1055 -0.0685 0.9921
vn -0.4010 -0.0430 0.9151
vn -0.3464 -0.0745 0.9351
vn 0.8835 -0.0088 0.4683
vn 0.4708 0.0653 0.8798
vn 0.7680 0.0679 0.6368
vn -0.0735 -0.0547 0.9958
vn 0.8542 -0.0035 -0.5200
vn 0.3434 -0.9392 0.0074
vn 0.6393 -0.5378 0.5496
vn 0.8768 0.0401 -0.4792
vn 0.5982 -0.0344 -0.8006
vn 0.9946 0.0375 0.0963
vn 0.9891 0.0425 -0.1408
vn 0.9049 0.0456 -0.4231
vn 0.6164 0.0226 -0.7871
vn 0.9890 0.0236 0.1460
vn 0.9944 0.0647 -0.0833
vn 0.9256 0.0283 -0.3773
vn 0.6564 0.0187 -0.7542
vn 0.9696 0.0079 0.2446
vn 0.9980 0.0611 -0.0136
vn 0.9376 0.0317 -0.3463
vn 0.7026 0.0020 -0.7116
vn 0.9248 -0.0140 0.3802
vn 0.9947 0.0717 0.0740
vn 0.9502 0.0562 -0.3066
vn 0.7443 0.0301 -0.6672
vn 0.9653 0.0511 -0.2563
vn 0.7859 0.0654 -0.6149
vn 0.9841 0.0815 0.1576
vn 0.8649 0.0070 0.5019
vn 0.9920 0.0652 0.1084
vn 0.8093 0.0318 0.5866
vn 0.9647 0.1050 0.2414
vn 0.6081 0.0044 0.7939
vn 0.7950 -0.0245 0.6061
vn 0.9598 -0.0667 0.2727
vn 0.9900 -0.0252 0.1386
vn 0.9685 0.0407 0.2458
vn 0.9978 -0.0519 -0.0403
vn 0.9989 -0.0462 -0.0121
vn 0.8537 -0.0806 -0.5146
vn 0.8723 -0.0953 -0.4795
vn 0.5050 -0.1030 -0.8569
vn 0.8606 -0.0365 -0.5080
vn 0.9983 -0.0265 -0.0519
vn 0.8483 -0.0010 -0.5296
vn 0.9893 0.0038 -0.1458
vn 0.8539 0.0539 -0.5176
vn 0.9843 0.0386 -0.1724
vn 0.8257 0.0628 -0.5606
vn -0.9081 -0.0462 -0.4162
vn -0.8848 -0.0439 -0.4639
vn -0.7429 -0.0301 -0.6687
vn -0.7355 -0.0679 -0.6741
vn -0.5077 -0.0433 -0.8605
vn -0.1342 -0.0074 -0.9909
vn -0.1033 -0.0446 -0.9936
vn 0.4280 -0.0127 -0.9037
vn 0.3962 0.0261 -0.9178
vn 0.4229 -0.0850 -0.9022
vn -0.4867 -0.0258 -0.8732
vn -0.7492 -0.0199 -0.6621
vn -0.9462 -0.0735 -0.3153
vn -0.9656 -0.0857 0.2456
vn 0.9898 -0.0745 0.1213
vn 0.8846 -0.0199 0.4660
vn 0.9999 -0.0150 -0.0054
vn 0.9337 0.0321 0.3565
vn 0.9542 0.0796 0.2885
vn 0.1943 0.1162 0.9740
vn 0.5876 0.1023 0.8027
vn 0.6781 -0.0380 0.7340
vn 0.8437 -0.0023 0.5368
vn 0.9397 0.0254 0.3410
vn 0.9965 -0.0760 0.0361
vn 0.0079 0.2907 0.9568
vn 0.5301 -0.1323 0.8375
vn 0.7537 -0.1018 0.6493
vn 0.4501 -0.0019 0.8930
vn 0.4610 -0.1243 0.8787
vn 0.2875 0.0133 0.9577
vn 0.4995 0.1040 0.8600
vn 0.1117 0.0655 0.9916
vn -0.6559 0.1080 0.7470
vn 0.1500 0.0377 0.9880
vn -0.3784 0.4128 0.8285
vn -0.6167 0.3670 0.6964
vn -0.6176 0.2637 0.7410
vn -0.6998 0.3076 0.6447
vn -0.5782 0.2759 0.7679
vn -0.3069 0.1226 0.9438
vn 0.0318 0.0454 0.9985
vn -0.4066 -0.0246 0.9133
vn -0.2811 -0.0591 0.9579
vn -0.3443 -0.0161 0.9387
vn -0.2430 0.0263 0.9697
vn -0.3326 -0.0053 0.9431
vn -0.1270 -0.0897 0.9878
vn -0.2815 -0.4136 0.8658
vn -0.4904 -0.2632 0.8308
vn -0.7228 0.2506 0.6440
vn -0.5757 -0.0343 0.8170
vn 0.3686 0.4329 0.8227
vn 0.1061 0.2297 0.9675
vn 0.4815 0.4561 0.7484
vn 0.1559 0.0624 0.9858
vn 0.4465 0.2270 0.8655
vn 0.5633 0.1129 0.8185
vn -0.1055 0.2495 0.9626
vn 0.5879 0.3000 0.7513
vn -0.0370 0.4492 0.8927
vn 0.6818 -0.5212 0.5134
vn 0.5475 -0.2679 0.7928
vn 0.9571 -0.0073 0.2897
vn 0.8729 0.1322 0.4697
vn 0.9285 0.0825 0.3621
vn 0.7601 0.2853 0.5838
vn 0.8324 0.0458 0.5523
vn 0.9644 0.0544 0.2588
vn 0.9677 -0.1248 0.2191
vn 0.9732 0.0431 0.2257
vn 0.9822 -0.0493 -0.1812
vn 0.9866 -0.0014 0.1632
vn 0.9909 -0.1337 -0.0160
vn 0.9643 -0.2398 0.1127
vn 0.9668 -0.1838 -0.1776
vn 0.8825 -0.0977 -0.4600
vn 0.7316 -0.5955 0.3319
vn 0.7957 -0.5921 0.1272
vn 0.9031 -0.0613 -0.4251
vn 0.6092 -0.6698 -0.4246
vn 0.6071 -0.0722 -0.7913
vn 0.8126 -0.0419 -0.5813
vn 0.9515 -0.0387 -0.3052
vn 0.6906 -0.0401 -0.7221
vn 0.9189 -0.0680 -0.3885
vn 0.5835 -0.0747 -0.8087
vn 0.9992 -0.0400 0.0071
vn 0.9968 -0.0136 0.0785
vn 0.9575 -0.0824 0.2765
vn -0.8466 0.1765 -0.5022
vn -0.9521 -0.0515 -0.3014
vn -0.8365 0.0571 -0.5450
vn 0.9570 -0.0369 0.2876
vn -0.9528 0.0137 -0.3034
vn -0.9320 0.1492 -0.3303
vn -0.9642 0.0667 0.2566
vn -0.9301 -0.0704 0.3606
vn -0.9782 -0.0437 0.2031
vn -0.6682 -0.3159 0.6736
vn -0.9044 0.0555 0.4231
vn -0.9964 -0.0472 0.0703
vn -0.9972 0.0573 0.0484
vn -0.7957 -0.2940 0.5296
vn -0.9888 -0.0782 -0.1269
vn -0.9903 0.0668 -0.1218
vn -0.8876 -0.2199 0.4047
vn -0.9975 -0.0056 0.0698
vn -0.7429 -0.1007 0.6617
vn -0.5063 -0.1757 0.8443
vn -0.2976 -0.5978 0.7444
vn -0.3114 -0.5944 0.7415
vn -0.3631 -0.2729 0.8909
vn -0.2889 -0.5664 0.7719
vn 0.2486 -0.2841 0.9260
vn 0.0116 -0.2522 0.9676
vn -0.2121 -0.5540 0.8051
vn -0.2022 -0.1552 0.9670
vn 0.2122 -0.2351 0.9485
vn 0.5337 0.0009 0.8457
vn 0.6956 -0.1803 0.6955
vn -0.5039 -0.1346 0.8532
vn -0.5760 -0.2615 0.7745
vn 0.1985 -0.1166 0.9731
vn -0.5454 -0.1807 0.8185
vn 0.0127 -0.2314 0.9728
vn -0.7294 -0.1454 0.6684
vn -0.6324 -0.1874 0.7516
vn -0.0901 -0.2247 0.9703
vn -0.7873 -0.1311 0.6025
vn -0.1545 -0.2307 0.9607
vn -0.8059 -0.1406 0.5751
vn -0.2727 -0.2417 0.9312
vn -0.8131 -0.1693 0.5570
vn -0.8157 -0.1553 0.5572
vn -0.2829 -0.2658 0.9216
vn -0.8121 -0.1798 0.5551
vn -0.2435 -0.2484 0.9376
vn 0.1329 -0.2081 0.9690
vn 0.2688 -0.2618 0.9269
vn 0.3255 -0.2554 0.9104
vn 0.3771 -0.2287 0.8975
vn 0.7213 -0.1175 0.6825
vn 0.4214 -0.3289 0.8451
vn 0.4631 -0.0179 0.8861
vn 0.4268 -0.1215 0.8961
vn -0.8762 -0.0150 0.4818
vn -0.2616 0.3896 0.8831
vn -0.7174 0.4104 0.5630
vn -0.2055 -0.0764 0.9757
vn -0.6914 -0.0263 0.7220
vn -0.8533 0.3560 0.3811
vn -0.8883 -0.1590 0.4309
vn -0.9476 0.2169 0.2344
vn -0.8787 -0.4274 0.2127
vn -0.9994 -0.0073 0.0331
vn -0.7953 -0.6044 0.0469
vn -0.7736 -0.6187 -0.1366
vn -0.9288 -0.1432 0.3417
vn -0.7572 -0.0250 0.6528
vn -0.6394 -0.0471 0.7674
vn -0.8824 -0.1954 0.4280
vn -0.5245 -0.0485 0.8500
vn -0.8151 -0.1998 0.5438
vn 0.2607 -0.0295 -0.9650
vn -0.9874 -0.1573 0.0199
vn -0.9647 -0.2039 0.1670
vn -0.9812 -0.1312 -0.1415
vn -0.9932 -0.1155 -0.0152
vn -0.8910 0.0076 0.4539
vn -0.9427 -0.1717 0.2861
vn -0.7490 -0.1161 0.6524
vn -0.4803 -0.0673 0.8745
vn -0.9776 0.0263 0.2086
vn -0.7643 0.1272 0.6322
vn -0.6505 -0.0528 0.7577
vn -0.4023 0.0159 0.9154
vn -0.3692 -0.3364 0.8663
vn -0.4817 0.2370 0.8437
vn -0.7126 0.2151 0.6678
vn -0.6609 0.0518 0.7487
vn -0.4555 0.2929 0.8407
vn -0.3577 0.5760 0.7350
vn 0.0880 -0.0852 0.9925
vn -0.3502 -0.1386 0.9264
vn -0.9864 -0.0323 -0.1610
vn -0.9563 0.0639 0.2853
vn -0.9964 -0.0846 -0.0016
vn -0.9413 0.0173 0.3371
vn -0.9574 -0.2253 0.1809
vn -0.8843 -0.1080 0.4543
vn -0.7994 -0.1919 0.5694
vn -0.8892 -0.2659 0.3724
vn -0.7540 -0.0920 0.6504
vn -0.4368 -0.6559 0.6157
vn -0.5531 -0.6572 0.5120
vn -0.5943 0.0622 0.8019
vn 0.3472 -0.0020 -0.9378
vn 0.4471 0.0084 -0.8945
vn 0.5066 -0.0254 -0.8618
vn 0.7503 -0.0160 -0.6609
vn 0.5564 -0.0391 -0.8300
vn 0.7892 -0.0329 -0.6132
vn -0.0681 -0.0671 -0.9954
vn -0.1168 -0.0274 -0.9928
vn -0.6284 -0.0171 -0.7777
vn -0.6201 -0.0205 -0.7842
vn -0.8837 -0.0368 -0.4666
vn -0.8652 -0.0155 -0.5013
vn -0.9915 -0.0662 -0.1119
vn -0.5005 -0.0109 -0.8656
vn -0.1703 -0.0183 -0.9852
vn -0.5556 -0.0409 -0.8304
vn -0.1509 -0.0107 -0.9885
vn -0.5832 -0.0488 -0.8108
vn -0.1416 -0.0043 -0.9899
vn -0.6113 -0.0396 -0.7904
vn -0.8450 -0.0232 -0.5342
vn -0.7693 -0.0811 -0.6337
vn -0.8168 -0.0952 -0.5691
vn -0.7296 -0.0478 -0.6823
vn -0.9600 -0.0663 -0.2721
vn -0.9547 -0.0672 -0.2900
vn -0.6037 -0.0557 -0.7953
vn 0.1069 -0.7175 -0.6884
vn -0.0188 -0.1447 -0.9893
vn -0.9304 -0.0738 -0.3592
vn -0.7545 -0.6496 -0.0936
vn -0.6644 -0.6620 0.3468
vn -0.9887 -0.1411 0.0513
vn -0.7255 -0.5688 0.3875
vn -0.7023 -0.5421 0.4613
vn -0.6431 -0.7655 -0.0203
vn -0.3742 -0.8290 -0.4157
vn -0.4341 -0.6761 -0.5954
vn 0.5517 -0.7824 -0.2887
vn 0.1426 -0.8255 -0.5461
vn 0.7672 -0.6201 -0.1640
vn 0.8338 -0.5481 0.0665
vn 0.7324 -0.6308 0.2562
vn 0.8664 -0.4047 0.2925
vn 0.8643 -0.4717 0.1747
vn 0.8756 -0.3185 0.3632
vn 0.7465 -0.0866 0.6598
vn 0.0771 0.0093 0.9970
vn -0.5010 -0.1927 0.8437
vn -0.6104 -0.5019 0.6128
vn 0.9703 0.1244 -0.2073
vn 0.8666 -0.0735 -0.4935
vn 0.6926 0.2445 -0.6786
vn 0.1605 0.2534 -0.9540
vn -0.5798 0.2013 -0.7895
vn -0.9751 -0.1315 0.1786
vn -0.9592 -0.0427 0.2795
vn -0.8993 0.2357 0.3684
vn -0.6554 0.6147 0.4389
vn 0.9675 0.2390 -0.0829
vn 0.9209 0.3896 -0.0108
vn 0.8463 0.5322 0.0229
vn 0.5859 0.7466 0.3153
vn -0.0614 0.8486 0.5255
vn -0.9051 -0.0585 -0.4211
vn -0.9091 -0.0704 -0.4107
vn -0.7304 -0.0500 -0.6812
vn -0.7110 -0.0744 -0.6993
vn -0.4593 -0.0549 -0.8866
vn -0.4400 -0.0637 -0.8958
vn -0.1328 -0.0494 -0.9899
vn -0.1172 -0.0352 -0.9925
vn 0.3118 -0.0204 -0.9499
vn 0.3437 0.0105 -0.9390
vn 0.3568 0.0308 -0.9337
vn -0.4585 -0.0538 -0.8871
vn -0.7187 -0.0853 -0.6901
vn -0.9008 -0.0786 -0.4271
vn -0.5009 -0.0487 -0.8641
vn -0.1358 -0.0138 -0.9906
vn -0.9991 -0.0356 -0.0214
vn -0.7530 -0.0602 -0.6553
vn -0.8806 -0.0587 0.4702
vn -0.8669 -0.1358 0.4796
vn -0.8592 -0.1571 0.4869
vn -0.8871 -0.1255 0.4443
vn -0.8803 -0.1211 0.4587
vn -0.8760 -0.1504 0.4583
vn -0.8830 -0.1629 0.4402
vn -0.8977 -0.1535 0.4130
vn -0.9056 -0.0627 -0.4195
vn -0.6654 -0.6118 -0.4277
vn 0.6859 -0.7089 -0.1644
vn 0.6904 -0.5885 -0.4207
vn -0.8174 -0.2084 -0.5371
vn -0.4450 -0.6307 -0.6358
vn 0.4270 -0.9007 -0.0795
vn -0.4039 -0.8996 -0.1661
vn -0.5158 -0.8322 -0.2035
vn -0.5142 -0.0939 -0.8525
vn -0.4852 -0.0654 -0.8720
vn -0.1582 -0.0530 -0.9860
vn 0.2669 -0.0180 -0.9636
vn 0.2503 -0.0263 -0.9678
vn -0.1721 -0.0768 -0.9821
vn 0.1898 -0.9521 -0.2399
vn 0.2564 -0.0730 -0.9638
vn -0.2130 -0.9082 -0.3604
vn -0.5442 -0.1346 -0.8281
vn -0.1743 -0.1157 -0.9779
vn 0.0660 -0.8197 0.5689
vn -0.0214 -0.8880 0.4594
vn -0.2005 -0.7332 0.6498
vn -0.0842 -0.7757 0.6254
vn -0.5019 -0.5515 0.6664
vn -0.5831 -0.3481 0.7341
vn 0.7628 -0.6133 0.2047
vn -0.3489 -0.2958 0.8893
vn -0.8076 -0.1759 0.5629
vn -0.8083 -0.1768 0.5616
vn -0.3954 -0.2919 0.8709
vn -0.7963 -0.1881 0.5749
vn -0.7644 -0.1859 0.6174
vn -0.3964 -0.2031 0.8953
vn -0.7337 -0.1726 0.6572
vn -0.3824 -0.1747 0.9073
vn -0.6969 -0.1502 0.7013
vn -0.3698 -0.1357 0.9191
vn -0.1248 -0.3570 0.9257
vn -0.3168 -0.2959 0.9012
vn -0.4125 -0.2711 0.8697
vn 0.3659 -0.2303 0.9017
vn 0.0952 -0.2080 0.9735
vn 0.1585 -0.2325 0.9596
vn 0.1996 -0.2472 0.9482
vn -0.4178 -0.2300 0.8789
vn 0.0648 -0.3204 0.9451
vn 0.0233 -0.3703 0.9286
vn 0.0791 -0.3891 0.9178
vn 0.1599 -0.3648 0.9172
vn 0.2436 -0.2988 0.9227
vn 0.3256 -0.2304 0.9170
vn -0.1005 -0.3274 0.9395
vn -0.1534 -0.2679 0.9512
vn -0.3106 -0.3463 0.8852
vn -0.2698 -0.2662 0.9254
vn -0.2662 -0.2151 0.9396
vn 0.0097 -0.3272 0.9449
vn 0.1553 -0.3430 0.9264
vn 0.3310 -0.2697 0.9043
vn 0.3829 -0.3717 0.8457
vn 0.3546 -0.3384 0.8716
vn 0.3082 -0.3170 0.8969
vn 0.5466 -0.3589 0.7566
vn 0.4633 -0.3142 0.8286
vn 0.6899 -0.2503 0.6792
vn 0.8141 -0.1886 0.5493
vn 0.7162 -0.3977 0.5734
vn 0.3812 -0.4592 0.8024
vn 0.1584 -0.4947 0.8545
vn 0.6580 -0.5418 0.5230
vn 0.9808 -0.1558 -0.1174
vn 0.8982 -0.2607 0.3539
vn 0.9908 -0.1353 0.0072
vn 0.6786 -0.1075 0.7266
vn 0.6599 -0.0454 0.7500
vn 0.6221 0.0395 0.7820
vn 0.8741 -0.0044 0.4858
vn 0.8886 -0.0256 0.4579
vn 0.9994 -0.0276 0.0200
vn 0.9994 -0.0318 -0.0137
vn 0.6221 0.0195 0.7827
vn 0.9840 -0.0565 -0.1691
vn 0.6392 -0.5370 0.5505
vn 0.7487 -0.1121 0.6533
vn -0.3348 -0.0028 0.9423
vn 0.7592 -0.2655 0.5943
vn -0.3137 -0.0521 0.9481
vn -0.1379 -0.0182 0.9903
vn -0.0990 -0.0716 0.9925
vn -0.1776 0.0730 0.9814
vn -0.1733 -0.1885 0.9667
vn 0.7023 -0.0447 0.7104
vn -0.3502 0.0576 0.9349
vn 0.7413 -0.1175 -0.6608
vn -0.3140 -0.0410 0.9485
vn -0.2939 -0.0876 0.9518
vn -0.0400 -0.0810 0.9959
vn -0.2084 -0.0926 0.9737
vn -0.2720 -0.1630 0.9484
vn -0.0737 -0.1426 0.9870
vn -0.0875 -0.1438 0.9857
vn -0.3785 -0.0799 0.9221
vn -0.4264 -0.0347 0.9039
vn 0.6581 -0.7530 -0.0012
vn 0.9060 -0.2106 -0.3673
vn 0.4453 -0.2735 0.8526
vn 0.7314 -0.3338 0.5947
vn -0.1365 -0.4745 0.8696
vn 0.5342 -0.6724 0.5124
vn -0.1144 -0.3461 0.9312
vn 0.4288 -0.1962 0.8818
vn 0.5430 -0.1852 0.8191
vn 0.6128 -0.1941 0.7660
vn 0.6317 -0.1945 0.7504
vn 0.9592 -0.0239 0.2817
vn 0.9392 -0.0048 0.3434
vn 0.8698 -0.0554 0.4903
vn 0.6641 -0.1449 0.7334
vn 0.4602 -0.2528 0.8510
vn 0.9480 -0.0861 0.3065
vn 0.8807 -0.1708 0.4418
vn 0.7002 -0.2541 0.6672
vn 0.4112 -0.3347 0.8479
vn 0.9875 -0.0015 0.1576
vn 0.9736 -0.0557 0.2212
vn 0.9979 -0.0102 0.0642
vn 0.9613 0.0330 -0.2734
vn 0.9965 -0.0000 -0.0833
vn 0.9945 -0.0115 0.1041
vn 0.9595 0.0439 -0.2781
vn 0.4080 -0.2171 0.8868
vn 0.6682 -0.1400 0.7307
vn 0.7966 -0.0533 0.6022
vn 0.5794 -0.0421 0.8139
vn 0.9320 -0.1102 0.3454
vn 0.9975 -0.0664 -0.0244
vn -0.0054 0.1037 0.9946
vn -0.0078 0.1002 0.9949
vn 0.9954 -0.0299 -0.0908
vn 0.8251 -0.3161 -0.4683
vn 0.6659 -0.7409 -0.0878
vn 0.8450 -0.5017 -0.1852
vn 0.6938 -0.5070 0.5114
vn 0.6649 -0.3569 0.6562
vn 0.8073 0.1036 0.5810
vn 0.8641 -0.3737 0.3373
vn 0.9578 0.1128 0.2643
vn 0.6505 -0.3651 0.6660
vn 0.8132 -0.4961 0.3042
vn 0.4775 -0.5959 0.6456
vn 0.9812 0.0894 0.1711
vn 0.4016 -0.1030 0.9100
vn 0.5563 -0.0921 0.8259
vn 0.6452 -0.2877 0.7078
vn -0.0741 -0.1274 0.9891
vn -0.2368 -0.1287 0.9630
vn 0.6600 0.0516 0.7495
vn 0.6143 -0.2922 0.7330
vn 0.6730 0.0226 0.7393
vn 0.6763 -0.0618 0.7340
vn -0.1412 -0.2656 0.9537
vn -0.0133 -0.1976 0.9802
vn 0.6440 -0.1014 0.7583
vn 0.5585 -0.1044 0.8229
vn -0.3452 -0.2206 0.9122
vn -0.8815 -0.1219 0.4562
vn -0.8849 -0.1143 0.4515
vn -0.9524 -0.1203 0.2801
vn -0.9571 -0.1019 0.2711
vn -0.9656 -0.0213 -0.2590
vn -0.6226 0.0812 -0.7783
vn -0.9627 -0.0288 -0.2692
vn -0.5853 0.1575 -0.7954
vn -0.1115 0.2106 -0.9712
vn -0.0651 0.2838 -0.9567
vn 0.3800 0.2433 -0.8924
vn -0.0748 0.2580 -0.9633
vn -0.0449 0.1152 -0.9923
vn -0.5648 0.0236 -0.8249
vn -0.5969 0.0336 -0.8016
vn 0.7581 0.1809 -0.6266
vn 0.3790 0.2569 -0.8890
vn 0.7563 0.1685 -0.6321
vn 0.9698 0.0455 -0.2396
vn 0.9740 0.0567 -0.2192
vn 0.9945 -0.0501 0.0916
vn -0.9637 -0.0750 0.2561
vn -0.6215 0.0833 -0.7789
vn -0.9505 0.0084 -0.3107
vn -0.1715 0.1670 -0.9709
vn -0.0979 0.1088 -0.9892
vn 0.5172 0.1496 -0.8427
vn 0.5196 0.1772 -0.8358
vn 0.7693 0.2277 -0.5969
vn 0.3393 0.2579 -0.9046
vn 0.9807 0.0596 -0.1864
vn 0.9693 0.0483 -0.2409
vn 0.9993 0.0086 -0.0359
vn 0.9599 0.0703 -0.2713
vn 0.7907 0.1123 -0.6018
vn 0.7618 0.1606 -0.6276
vn 0.3693 0.1576 -0.9159
vn 0.3688 0.2431 -0.8972
vn 0.2704 -0.8299 -0.4880
vn -0.0648 0.2246 -0.9723
vn 0.9542 -0.0210 -0.2983
vn 0.6970 0.0233 -0.7167
vn 0.9707 -0.0504 -0.2348
vn -0.4887 0.2164 -0.8452
vn -0.0583 0.2758 -0.9594
vn -0.5011 0.2345 -0.8330
vn -0.9088 0.1028 -0.4044
vn -0.9302 0.0846 -0.3572
vn -0.9708 -0.0929 0.2211
vn -0.9844 -0.0656 0.1635
vn -0.8711 -0.1703 0.4607
vn -0.8731 -0.1424 0.4663
vn -0.9566 -0.1154 0.2677
vn -0.9549 0.0354 -0.2947
vn -0.5395 0.2193 -0.8129
vn 0.3741 0.2567 -0.8912
vn -0.8638 -0.1437 -0.4829
vn -0.8646 0.0256 -0.5019
vn 0.7563 0.1735 -0.6308
vn 0.9668 0.0652 -0.2471
vn 0.9846 -0.0697 0.1605
vn -0.8680 -0.1626 0.4692
vn 0.9910 -0.0965 0.0929
vn 0.9745 0.0002 -0.2243
vn 0.9999 -0.0047 0.0155
vn 0.8476 0.0665 -0.5264
vn 0.4772 -0.8138 -0.3317
vn 0.1351 -0.8731 0.4684
vn 0.3705 0.1038 -0.9230
vn 0.7349 0.0482 -0.6764
vn 0.4407 0.1637 -0.8826
vn 0.3720 -0.7622 -0.5298
vn -0.3409 -0.9261 0.1618
vn -0.3625 -0.7140 0.5990
vn -0.8796 -0.1605 0.4477
vn 0.7106 -0.6984 -0.0858
vn 0.1403 -0.8725 0.4680
vn -0.9697 -0.0769 0.2320
vn -0.6056 0.1156 -0.7873
vn -0.9405 0.0118 -0.3396
vn -0.1901 0.1670 -0.9675
vn 0.8256 0.1332 -0.5484
vn 0.7987 0.1030 -0.5928
vn 0.7599 0.1997 -0.6186
vn 0.2891 0.2000 -0.9362
vn 0.9919 0.0706 -0.1058
vn -0.9357 -0.0114 -0.3526
vn -0.9694 -0.1154 0.2166
vn -0.6109 0.1022 -0.7851
vn -0.1862 0.1961 -0.9627
vn 0.9663 0.0126 -0.2572
vn 0.7225 0.0991 -0.6842
vn 0.3023 0.1395 -0.9429
vn 0.9913 0.0336 -0.1274
vn -0.9260 -0.0368 -0.3757
vn -0.9663 -0.1458 0.2120
vn -0.6460 0.0986 -0.7569
vn -0.1451 0.1734 -0.9741
vn -0.8913 -0.1551 0.4261
vn 0.9682 -0.1057 0.2267
vn 0.9827 -0.1140 0.1462
vn 0.8266 -0.2085 0.5227
vn 0.9221 -0.1532 0.3554
vn 0.5566 -0.2659 0.7871
vn 0.7258 -0.2742 0.6310
vn 0.8512 -0.2335 0.4701
vn 0.9549 -0.1334 0.2653
vn 0.8951 -0.1657 0.4138
vn 0.9972 -0.0704 0.0256
vn 0.1512 -0.9003 0.4081
vn -0.0649 0.1597 -0.9850
vn 0.5104 0.1422 -0.8481
vn -0.9456 -0.0386 -0.3231
vn -0.6635 0.1122 -0.7397
vn 0.3521 -0.7964 0.4916
vn 0.6677 -0.5530 0.4984
vn 0.5201 -0.6563 0.5466
vn 0.6003 -0.6925 0.4001
vn -0.3122 -0.6068 0.7310
vn 0.7040 -0.6118 0.3607
vn -0.0644 -0.8454 0.5303
vn -0.1996 -0.5315 0.8232
vn -0.0960 -0.4618 0.8818
vn -0.1571 -0.4246 0.8917
vn 0.6544 -0.4875 0.5780
vn 0.7216 -0.4497 0.5265
vn 0.6720 -0.5428 0.5038
vn 0.9717 -0.1997 -0.1262
vn 0.5965 -0.0642 0.8000
vn 0.6392 -0.0623 0.7666
vn 0.5873 -0.0473 0.8080
vn 0.5992 -0.0249 0.8002
vn 0.5914 0.0032 0.8063
vn 0.6915 0.0662 0.7193
vn -0.1103 0.1919 -0.9752
vn 0.7882 0.0865 -0.6094
vn -0.6506 0.0865 -0.7545
vn -0.9264 0.0258 -0.3758
vn -0.9662 -0.1651 -0.1982
vn -0.9930 -0.1167 -0.0183
vn -0.9925 -0.0609 0.1062
vn -0.9752 -0.1206 0.1856
vn -0.9674 -0.1285 0.2183
vn 0.4490 0.1045 -0.8874
vn 0.8331 0.1017 -0.5437
vn 0.9806 0.0110 -0.1955
vn -0.1235 0.0874 -0.9885
vn -0.1131 0.0809 -0.9903
vn -0.4708 -0.5689 -0.6743
vn -0.5922 0.0491 -0.8043
vn 0.4423 0.1070 -0.8905
vn -0.1327 -0.4759 -0.8694
vn 0.7054 -0.5414 -0.4575
vn 0.3507 -0.5133 -0.7833
vn 0.8301 0.0378 -0.5564
vn 0.7452 -0.6623 -0.0779
vn 0.9820 -0.0316 -0.1861
vn -0.6278 0.0439 -0.7771
vn -0.8237 0.0695 -0.5628
vn -0.6763 -0.6215 -0.3954
vn 0.3508 0.1797 0.9190
vn 0.3386 -0.2655 0.9027
vn 0.4784 -0.7482 0.4598
vn 0.9201 -0.1858 0.3449
vn 0.4581 -0.5741 0.6787
vn 0.5507 -0.7696 0.3233
vn 0.9925 -0.0942 0.0782
vn 0.6754 -0.7159 0.1769
vn 0.9981 -0.0591 0.0178
vn 0.9973 -0.0724 -0.0140
vn 0.9582 -0.1477 0.2450
vn 0.9700 -0.1286 0.2063
vn 0.7144 -0.2584 0.6503
vn 0.8327 -0.1261 0.5391
vn 0.6847 -0.6662 0.2958
vn 0.5901 -0.7271 0.3509
vn 0.6488 -0.6376 0.4153
vn 0.6854 -0.4834 0.5446
vn 0.4532 -0.0516 0.8899
vn -0.1330 0.1334 0.9821
vn -0.7354 -0.0032 0.6776
vn -0.9527 -0.1619 0.2570
vn -0.9245 -0.3790 0.0404
vn -0.8069 -0.5827 -0.0972
vn -0.8697 -0.4923 -0.0368
vn -0.7220 -0.6180 -0.3112
vn -0.5428 -0.5755 -0.6117
vn -0.1854 -0.5764 -0.7959
vn 0.3021 -0.5645 -0.7682
vn 0.6836 -0.5744 -0.4502
vn 0.7916 -0.6062 0.0769
vn 0.9043 -0.1214 0.4093
vn 0.8961 -0.2940 0.3325
vn 0.9047 -0.2596 0.3377
vn 0.9241 -0.1690 0.3428
vn 0.9988 -0.0324 -0.0370
vn 0.7980 0.2288 -0.5576
vn 0.8334 0.0450 -0.5509
vn 0.3871 0.0394 -0.9212
vn -0.1980 0.2593 -0.9453
vn -0.1695 -0.0091 -0.9855
vn -0.6579 -0.0988 -0.7466
vn -0.6926 0.0158 -0.7211
vn -0.8845 -0.1728 -0.4334
vn -0.9616 -0.1022 -0.2546
vn -0.9529 0.2392 -0.1863
vn -0.9253 0.3367 -0.1744
vn -0.6430 0.7462 0.1724
vn -0.8458 0.5109 -0.1535
vn -0.0243 0.9086 0.4169
vn 0.5891 0.7111 0.3839
vn 0.8953 0.3489 0.2769
vn 0.9681 0.0040 0.2506
vn 0.9953 0.0558 0.0792
vn 0.9667 -0.0071 0.2558
vn 0.9977 -0.0355 0.0585
vn 0.9630 0.0757 0.2587
vn 0.8909 0.1369 0.4330
vn 0.8242 0.1322 0.5507
vn 0.8177 0.0998 0.5669
vn 0.6197 -0.7845 -0.0247
vn 0.6122 -0.7767 0.1482
vn 0.5486 -0.7687 0.3289
vn 0.4794 -0.7595 0.4397
vn 0.8459 0.2692 -0.4605
vn 0.2994 -0.6134 -0.7308
vn 0.3602 0.3160 -0.8777
vn 0.9888 0.0958 0.1148
vn 0.6736 -0.6443 -0.3621
vn -0.2035 -0.6285 -0.7507
vn -0.2359 0.3117 -0.9204
vn -0.5123 -0.6899 -0.5114
vn -0.6998 0.1704 -0.6937
vn -0.9275 -0.0099 -0.3737
vn 0.9986 -0.0013 0.0532
vn 0.3506 0.2806 -0.8935
vn -0.9036 -0.1520 -0.4004
vn 0.8925 0.0365 0.4497
vn 0.7091 -0.7021 0.0654
vn 0.6221 -0.7248 0.2960
vn 0.5568 -0.4548 0.6951
vn 0.3010 -0.6887 0.6597
vn 0.9335 -0.1392 0.3306
vn 0.9844 -0.1626 0.0674
vn 0.8869 0.1195 0.4463
vn 0.8388 0.0186 0.5441
vn 0.8952 0.0277 0.4447
vn 0.9646 0.0818 0.2505
vn 0.9909 0.0122 0.1337
vn 0.5361 -0.8174 0.2107
vn 0.9734 -0.2195 0.0661
vn 0.5542 -0.8322 -0.0157
vn -0.6384 -0.7332 -0.2344
vn -0.8370 -0.5445 0.0537
vn -0.9598 -0.0745 -0.2707
vn -0.9515 -0.1451 -0.2714
vn 0.6232 0.1688 0.7636
vn 0.0677 0.1748 0.9823
vn 0.0771 0.2315 0.9698
vn -0.5385 0.2684 0.7987
vn -0.5642 0.2949 0.7712
vn -0.8378 0.3088 0.4502
vn -0.8646 0.2556 0.4326
vn -0.9470 0.1854 0.2623
vn -0.9408 0.3319 0.0683
vn -0.9499 0.2983 0.0937
vn -0.8900 0.4259 -0.1626
vn -0.6495 -0.6964 -0.3054
vn -0.9392 0.2963 -0.1733
vn -0.8810 0.2907 -0.3732
vn -0.5238 0.2774 -0.8054
vn -0.8413 0.4164 -0.3448
vn -0.9000 0.1118 -0.4214
vn 0.6612 0.2925 -0.6909
vn 0.0918 0.3315 -0.9390
vn -0.9152 0.1650 -0.3677
vn -0.9343 0.0010 -0.3565
vn -0.9538 0.0855 -0.2881
vn -0.9472 -0.0191 -0.3202
vn 0.9176 0.1427 -0.3710
vn 0.5191 -0.6898 -0.5047
vn -0.8867 0.3283 -0.3255
vn -0.9497 0.3131 0.0017
vn -0.9625 0.1900 0.1939
vn -0.9506 0.1721 0.2585
vn -0.8785 0.0878 0.4696
vn -0.5426 0.1701 0.8226
vn 0.0100 0.1088 0.9940
vn 0.6117 0.0024 0.7911
vn 0.6205 0.1151 0.7757
vn 0.0495 -0.6463 0.7615
vn 0.4202 -0.6904 0.5889
vn -0.3968 -0.6516 0.6465
vn -0.6034 -0.6612 0.4457
vn -0.6862 -0.7166 0.1249
vn -0.6400 -0.7223 0.2620
vn -0.7302 -0.6809 -0.0559
vn 0.9853 0.0216 -0.1696
vn 0.8170 -0.5664 0.1087
vn 0.5855 -0.7435 0.3231
vn 0.9754 -0.0279 -0.2185
vn 0.5585 -0.8023 -0.2105
vn -0.5429 -0.7640 -0.3487
vn 0.1273 -0.6262 -0.7692
vn -0.5242 -0.7951 -0.3049
vn -0.9609 -0.0928 -0.2610
vn -0.5642 -0.8019 -0.1966
vn -0.4221 0.7236 0.5461
vn 0.1539 0.9616 0.2273
vn 0.0536 0.7470 0.6627
vn -0.3013 0.9396 0.1622
vn 0.1204 0.9685 0.2178
vn -0.2869 0.9540 0.0872
vn 0.0029 0.9437 0.3308
vn -0.4145 0.9044 0.1018
vn -0.7341 0.6664 0.1304
vn -0.6901 0.7236 -0.0090
vn -0.7179 0.6897 -0.0945
vn -0.8982 0.4002 -0.1818
vn 0.6548 0.6299 0.4177
vn 0.6112 0.6972 0.3746
vn 0.5482 0.7582 0.3530
vn 0.5486 0.5307 0.6461
vn -0.7544 0.5530 0.3537
vn 0.8667 0.3990 0.2993
vn 0.9691 0.2279 -0.0940
vn 0.9234 0.2285 -0.3083
vn 0.9170 0.2780 -0.2862
vn 0.9468 0.0650 -0.3151
vn -0.6338 -0.7200 0.2826
vn 0.6454 -0.7199 -0.2553
vn 0.9179 0.0298 -0.3958
vn 0.9507 -0.2167 -0.2217
vn 0.9733 0.2116 -0.0892
vn 0.9737 0.1233 0.1919
vn 0.9676 0.1595 0.1959
vn 0.8949 0.1228 0.4290
vn 0.8797 0.1990 0.4319
vn 0.6253 0.1436 0.7671
vn 0.6080 0.1632 0.7770
vn -0.0173 0.0872 0.9960
vn -0.0371 0.1728 0.9843
vn -0.6149 0.0315 0.7880
vn -0.6395 0.1075 0.7612
vn -0.8621 0.0436 0.5048
vn -0.8654 0.0415 0.4993
vn -0.9287 0.0222 0.3701
vn -0.9296 0.0272 0.3676
vn -0.9862 0.0414 0.1604
vn -0.9864 -0.0630 0.1518
vn -0.9986 -0.0446 -0.0296
vn -0.9916 -0.1231 -0.0407
vn -0.9982 0.0011 0.0603
vn -0.9847 -0.1343 0.1112
vn 0.3372 0.9286 0.1548
vn -0.1177 0.9463 0.3011
vn -0.1275 0.9699 0.2076
vn -0.9278 -0.0661 0.3672
vn -0.9899 -0.0726 0.1215
vn -0.8988 -0.3027 0.3169
vn -0.9745 -0.1629 0.1542
vn 0.5898 0.1545 0.7926
vn 0.0004 0.7968 0.6042
vn -0.0047 0.1369 0.9906
vn 0.4873 0.7306 0.4784
vn -0.9759 0.1371 0.1699
vn -0.9370 0.0380 0.3472
vn -0.8727 0.0106 0.4882
vn -0.6237 0.0198 0.7814
vn 0.8967 0.0385 0.4409
vn 0.9815 0.1212 0.1480
vn 0.9723 0.2109 -0.1010
vn 0.9483 0.2039 -0.2432
vn 0.9577 0.0694 -0.2792
vn 0.5456 -0.7863 -0.2901
vn 0.6428 -0.7192 -0.2637
vn 0.7179 -0.6927 -0.0695
vn 0.6842 -0.7088 0.1719
vn 0.4238 -0.6375 0.6434
vn 0.5874 -0.7100 0.3884
vn -0.0239 -0.5976 0.8014
vn -0.4302 -0.6893 0.5829
vn -0.5293 -0.7578 0.3815
vn -0.5714 -0.7767 0.2649
vn -0.6346 -0.7688 0.0789
vn -0.6006 -0.7960 -0.0748
vn 0.3813 0.9064 0.1818
vn -0.1312 0.8706 0.4742
vn -0.6562 -0.5067 0.5591
vn -0.5433 -0.8393 0.0196
vn -0.9203 0.0541 0.3874
vn -0.9682 0.0919 0.2327
vn -0.3873 -0.7116 0.5862
vn -0.9512 -0.0804 0.2978
vn -0.9529 0.1376 -0.2703
vn -0.9550 0.1512 -0.2551
vn -0.7159 -0.6536 -0.2453
vn -0.6721 -0.7262 0.1443
vn 0.5411 0.7817 0.3100
vn -0.6877 0.6484 0.3265
vn -0.7097 0.6471 0.2784
vn 0.7706 0.6332 0.0718
vn 0.7510 0.6602 -0.0116
vn 0.7793 0.5407 0.3168
vn -0.5556 0.6209 0.5530
vn -0.8099 0.5286 0.2542
vn 0.8448 0.5340 -0.0347
vn 0.9442 0.3120 -0.1060
vn 0.9693 -0.0183 -0.2452
vn 0.9759 -0.1101 -0.1882
vn 0.9691 -0.1247 -0.2129
vn 0.9660 -0.1968 -0.1677
vn -0.9514 0.2382 0.1951
vn -0.4534 -0.6113 -0.6486
vn 0.4214 0.8403 0.3410
vn -0.0459 0.9560 0.2899
vn 0.3223 0.8759 0.3591
vn 0.7640 0.5757 0.2914
vn 0.8687 0.4530 0.2002
vn -0.2416 0.2209 0.9449
vn -0.3568 0.1806 0.9165
vn -0.3960 0.1078 0.9119
vn -0.3136 0.1360 0.9398
vn -0.1953 0.1474 0.9696
vn -0.0473 0.1475 0.9879
vn -0.0254 0.1944 0.9806
vn -0.0259 0.2064 0.9781
vn 0.5049 0.5824 0.6370
vn 0.4290 0.3509 0.8324
vn 0.2085 0.2936 0.9329
vn 0.0081 0.2656 0.9640
vn 0.0459 0.2860 0.9571
vn -0.0247 0.1984 0.9798
vn 0.4568 0.7523 0.4747
vn 0.4325 0.8095 0.3970
vn 0.3377 0.8630 0.3757
vn 0.2231 0.9599 0.1699
vn 0.1291 0.9703 0.2047
vn 0.0158 0.9864 -0.1636
vn -0.1018 0.9927 -0.0646
vn -0.3444 0.8707 -0.3512
vn -0.1939 0.8924 -0.4074
vn -0.5607 0.6033 -0.5671
vn -0.4444 0.6791 -0.5842
vn -0.7056 0.2854 -0.6486
vn 0.0250 0.9899 -0.1393
vn 0.2244 0.9720 0.0698
vn -0.1451 0.9259 -0.3488
vn -0.3407 0.7543 -0.5611
vn -0.5020 0.8347 -0.2265
vn -0.5380 0.7029 -0.4652
vn -0.5995 0.6651 -0.4452
vn -0.6374 0.4470 -0.6277
vn -0.7282 0.2055 -0.6539
vn -0.6962 0.4861 -0.5283
vn -0.6316 0.0571 -0.7732
vn -0.6419 0.2422 -0.7276
vn -0.6679 0.1147 -0.7353
vn -0.5036 -0.0786 -0.8604
vn -0.5161 0.0496 -0.8551
vn -0.0541 -0.0772 -0.9955
vn -0.1563 -0.1407 -0.9776
vn 0.0940 0.0624 -0.9936
vn 0.2170 0.1597 -0.9630
vn 0.3961 0.3082 -0.8649
vn 0.6395 0.4432 -0.6282
vn 0.8732 0.4501 -0.1870
vn -0.3405 0.6166 -0.7098
vn -0.4397 0.6464 -0.6236
vn -0.4841 0.7369 -0.4718
vn -0.3299 0.8903 -0.3138
vn -0.1077 0.9678 -0.2273
vn -0.4746 0.3195 -0.8202
vn -0.5552 0.4814 -0.6782
vn -0.6001 0.6662 -0.4427
vn -0.4771 0.8477 -0.2321
vn -0.5277 0.8462 -0.0745
vn -0.0857 0.9828 0.1636
vn -0.3215 0.9442 0.0720
vn -0.2157 0.9691 -0.1196
vn 0.0084 0.9816 -0.1906
vn 0.0452 0.9963 -0.0727
vn -0.0254 0.9891 0.1453
vn -0.1664 0.9596 0.2269
vn -0.0301 0.9562 0.2912
vn 0.3112 0.8989 0.3085
vn 0.0929 0.8356 0.5414
vn 0.6560 0.0242 0.7543
vn -0.0232 0.1268 0.9917
vn 0.0400 0.1180 0.9922
vn 0.0529 0.1144 0.9920
vn 0.0456 0.0848 0.9953
vn 0.0196 0.0631 0.9978
vn 0.6929 0.0546 0.7189
vn -0.0121 0.0724 0.9973
vn -0.0882 0.0237 0.9958
vn -0.0789 0.0343 0.9963
vn -0.1230 0.0361 0.9918
vn -0.1653 0.0558 0.9847
vn 0.9090 -0.4086 0.0817
vn 0.8811 -0.4690 0.0602
vn 0.7927 -0.3131 -0.5231
vn 0.6948 -0.2305 -0.6813
vn 0.7904 -0.3526 -0.5009
vn 0.9186 -0.2043 -0.3382
vn 0.6187 -0.2399 -0.7481
vn 0.7296 -0.0276 0.6833
vn 0.9372 -0.1531 -0.3133
vn 0.8712 -0.1853 -0.4546
vn 0.6343 -0.2144 -0.7428
vn 0.8162 -0.1521 -0.5573
vn 0.6204 -0.2438 -0.7454
vn 0.6968 -0.1728 -0.6962
vn 0.4785 -0.0821 -0.8743
vn 0.2676 -0.1927 -0.9441
vn 0.0750 -0.7914 -0.6066
vn 0.5369 -0.2515 -0.8053
vn 0.5658 -0.2703 -0.7790
vn 0.7804 -0.0186 0.6250
vn 0.7047 -0.0242 0.7091
vn 0.8567 0.0002 0.5159
vn 0.9242 -0.0055 0.3818
vn 0.7793 -0.6216 0.0796
vn 0.1625 -0.5331 -0.8303
vn 0.3822 -0.8494 -0.3639
vn 0.7525 -0.2919 -0.5904
vn 0.7726 -0.2976 -0.5608
vn 0.3793 -0.9097 -0.1690
vn 0.9263 -0.2791 -0.2532
vn 0.6313 -0.7674 0.1123
vn 0.9685 -0.2247 0.1070
vn 0.6847 -0.7092 0.1683
vn 0.9132 -0.3201 -0.2522
vn 0.9448 -0.2998 0.1325
vn 0.9527 -0.2815 0.1144
vn 0.9645 -0.2250 0.1379
vn 0.9334 -0.2608 -0.2464
vn 0.9426 -0.2358 -0.2363
vn 0.6828 -0.7212 -0.1167
vn 0.8823 -0.2999 -0.3628
vn 0.9199 -0.3330 -0.2071
vn 0.4780 -0.8590 -0.1833
vn 0.8880 -0.4579 0.0427
vn 0.8310 -0.4551 0.3199
vn 0.8908 -0.4536 0.0280
vn 0.7527 -0.6369 0.1668
vn 0.9177 -0.3557 -0.1768
vn 0.8473 -0.5251 -0.0794
vn 0.8905 -0.3751 0.2575
vn 0.9339 -0.2836 0.2179
vn 0.9274 -0.3463 0.1415
vn 0.8746 -0.3563 0.3287
vn 0.9585 -0.2564 -0.1244
vn 0.9464 -0.3228 -0.0107
vn 0.8095 -0.2270 -0.5415
vn 0.9388 -0.3355 0.0777
vn 0.9311 -0.3288 0.1578
vn 0.9317 -0.3116 -0.1864
vn 0.7995 -0.2831 -0.5299
vn 0.7950 -0.2601 -0.5480
vn -0.0295 0.1385 0.9899
vn -0.0670 0.1338 0.9887
vn -0.0934 0.1379 0.9860
vn -0.0961 0.1164 0.9885
vn -0.1418 0.0750 0.9871
vn 0.0077 0.1328 0.9911
vn 0.9481 -0.0345 0.3160
vn 0.0712 -0.6957 0.7148
vn 0.0545 0.0077 0.9985
vn -0.2400 -0.6084 0.7565
vn -0.4556 0.0519 0.8887
vn -0.4550 0.1345 0.8803
vn -0.4243 0.1557 0.8920
vn -0.4242 0.1661 0.8902
vn -0.4331 0.1749 0.8842
vn -0.4334 0.1481 0.8890
vn -0.4380 0.0940 0.8940
vn 0.6419 -0.4815 0.5968
vn 0.4505 -0.5916 0.6686
vn 0.6008 -0.4231 0.6783
vn 0.4836 -0.4904 0.7250
vn 0.5003 -0.4083 0.7636
vn 0.5342 -0.4671 0.7046
vn 0.3890 -0.4883 0.7812
vn 0.5475 -0.6634 0.5101
vn 0.3798 -0.9248 0.0235
vn 0.6929 -0.5618 0.4520
vn 0.1495 -0.9660 0.2108
vn 0.4310 -0.5135 0.7420
vn 0.6936 -0.5736 0.4359
vn 0.1415 -0.9104 0.3888
vn -0.5744 -0.5611 0.5960
vn -0.9483 0.0236 0.3165
vn -0.6947 -0.6627 0.2799
vn -0.9977 -0.0399 0.0543
vn -0.9789 -0.0086 0.2043
vn -0.9263 0.2097 -0.3129
vn -0.9363 0.1455 -0.3195
vn -0.9833 0.0665 0.1692
vn -0.8835 -0.1351 0.4486
vn -0.9242 -0.0277 0.3810
vn -0.6688 0.2851 -0.6866
vn -0.6557 0.2190 -0.7226
vn -0.9762 0.0794 0.2020
vn -0.9308 0.0976 0.3522
vn -0.9202 0.1324 0.3684
vn -0.7040 0.1229 0.6994
vn -0.7254 0.0630 0.6855
vn -0.9905 0.0507 0.1276
vn -0.9226 0.0765 0.3780
vn -0.9013 0.1518 0.4057
vn -0.8678 0.1644 0.4689
vn -0.6786 0.1741 0.7135
vn -0.6853 0.1472 0.7132
vn -0.9551 0.0747 0.2866
vn -0.8133 0.0739 0.5771
vn -0.8759 0.0813 0.4756
vn -0.8393 0.1551 0.5211
vn -0.6749 0.1017 0.7308
vn -0.6705 0.1645 0.7235
vn -0.6735 0.1872 0.7151
vn -0.5929 -0.6984 0.4009
vn -0.7456 -0.6433 0.1737
vn -0.8007 -0.5069 -0.3194
vn -0.5614 -0.4922 -0.6652
vn -0.9314 0.2023 -0.3026
vn -0.7223 0.2705 -0.6365
vn -0.7040 0.2691 -0.6573
vn -0.9864 0.0647 0.1510
vn -0.9335 0.1904 -0.3037
vn -0.9826 0.0634 0.1744
vn -0.9264 0.0009 0.3765
vn -0.9318 0.0165 0.3625
vn -0.9314 0.2008 -0.3036
vn -0.7182 0.2879 -0.6335
vn -0.7194 0.2831 -0.6343
vn -0.9807 0.0768 0.1795
vn -0.9342 0.2093 -0.2889
vn -0.9755 0.0930 0.1996
vn -0.9172 0.0287 0.3975
vn -0.8985 0.0439 0.4368
vn -0.7513 0.2831 -0.5961
vn -0.9493 0.2015 -0.2414
vn -0.9648 0.0738 0.2523
vn -0.8643 0.0288 0.5022
vn -0.3833 -0.8742 0.2979
vn -0.9100 -0.2037 0.3610
vn -0.5189 -0.8453 0.1272
vn -0.9820 -0.1572 0.1047
vn -0.6588 -0.7518 0.0267
vn -0.9686 -0.0386 0.2455
vn -0.9506 0.0101 0.3103
vn -0.7633 0.2353 -0.6017
vn -0.7190 0.2578 -0.6454
vn -0.7713 0.1803 -0.6103
vn -0.7254 0.2138 -0.6544
vn -0.8603 0.1603 -0.4840
vn -0.4993 0.2077 -0.8412
vn -0.8160 0.1952 -0.5441
vn -0.8267 0.1718 -0.5358
vn -0.8007 0.2108 -0.5607
vn -0.7904 0.2555 -0.5567
vn -0.8419 0.2128 -0.4959
vn -0.8246 0.2318 -0.5160
vn -0.8664 0.1274 -0.4828
vn -0.6028 0.2130 -0.7689
vn -0.9746 0.1497 -0.1663
vn -0.9458 0.0333 0.3229
vn -0.9537 -0.2909 -0.0770
vn -0.8635 -0.0806 -0.4979
vn -0.9717 -0.2345 -0.0296
vn -0.8551 0.0698 -0.5137
vn -0.8675 -0.3372 0.3658
vn -0.8635 -0.3153 0.3937
vn -0.6594 0.0651 0.7489
vn -0.6888 -0.3640 0.6269
vn -0.7759 0.0570 0.6283
vn -0.7418 -0.3929 0.5434
vn -0.8268 0.0134 0.5623
vn -0.5368 -0.1202 0.8351
vn -0.4068 0.0601 0.9115
vn -0.3621 0.0257 0.9318
vn -0.1276 -0.0641 0.9898
vn 0.4898 -0.8707 -0.0449
vn 0.2018 -0.9767 0.0726
vn -0.3913 -0.6287 -0.6720
vn -0.5381 0.1688 -0.8258
vn -0.5929 0.2448 -0.7672
vn -0.6515 0.2400 -0.7197
vn -0.6770 0.2645 -0.6868
vn 0.4079 0.3190 -0.8555
vn 0.7137 0.2313 -0.6611
vn 0.5886 0.2974 -0.7517
vn -0.7007 0.2738 -0.6589
vn 0.2357 -0.8807 0.4108
vn 0.5895 -0.4128 0.6943
vn 0.2605 -0.8820 0.3928
vn 0.6679 -0.3127 0.6754
vn 0.6550 -0.7345 0.1774
vn 0.9412 -0.2585 0.2175
vn 0.4450 -0.0828 -0.8917
vn 0.2460 -0.5989 -0.7621
vn -0.4373 0.0541 -0.8977
vn -0.4447 -0.6387 -0.6279
vn -0.4180 -0.7050 -0.5729
vn -0.5553 0.0617 -0.8294
vn 0.5182 -0.6730 0.5277
vn 0.7462 -0.4457 0.4945
vn 0.5746 -0.5358 0.6187
vn 0.8037 -0.2782 0.5260
vn 0.5424 -0.5252 0.6557
vn 0.7704 -0.3666 0.5217
vn 0.7169 -0.3187 0.6201
vn 0.7569 -0.2225 0.6145
vn 0.9722 -0.2133 0.0968
vn 0.8887 -0.4466 0.1038
vn 0.4074 -0.0996 -0.9078
vn -0.4052 0.0965 -0.9091
vn -0.1430 -0.5049 -0.8512
vn -0.3974 0.1091 -0.9111
vn 0.2494 0.1497 -0.9568
vn 0.2638 0.1043 -0.9589
vn 0.2428 0.3197 -0.9159
vn 0.5975 -0.3022 -0.7428
vn 0.8161 -0.3626 -0.4500
vn 0.7970 0.1732 -0.5786
vn -0.7358 -0.1512 -0.6601
vn -0.7673 0.0630 -0.6382
vn -0.6647 -0.1026 -0.7401
vn -0.8301 0.0376 -0.5563
vn -0.7800 0.0348 -0.6248
vn -0.8416 0.0107 -0.5400
vn -0.7725 -0.0536 -0.6328
vn -0.5198 0.1621 -0.8388
vn -0.5262 0.2023 -0.8260
vn -0.6424 0.1706 -0.7472
vn -0.6622 0.1975 -0.7228
vn -0.4470 0.1782 -0.8766
vn -0.4490 0.2155 -0.8672
vn -0.6288 0.1451 -0.7639
vn -0.6335 0.0385 -0.7728
vn -0.6676 0.2324 -0.7073
vn -0.5933 -0.0276 -0.8045
vn -0.4077 0.2169 -0.8870
vn 0.1946 0.3168 -0.9283
vn 0.0395 0.3034 -0.9520
vn 0.0150 0.1337 -0.9909
vn 0.5397 0.2233 -0.8117
vn 0.3039 0.0361 -0.9520
vn 0.2296 0.2503 -0.9405
vn 0.9966 -0.0592 -0.0581
vn 0.9752 0.1846 -0.1221
vn 0.8998 0.1956 -0.3900
vn 0.9821 0.1866 0.0260
vn 0.9713 0.1850 0.1494
vn 0.9724 0.2004 0.1192
vn 0.5013 0.3682 -0.7830
vn 0.8490 0.1811 -0.4964
vn 0.4690 0.3525 -0.8098
vn 0.1680 0.4008 -0.9006
vn 0.0997 0.3021 -0.9481
vn 0.2491 0.3633 -0.8978
vn -0.5815 0.1797 -0.7935
vn 0.1489 -0.7844 0.6022
vn 0.9339 -0.0495 0.3541
vn 0.1876 -0.2704 0.9443
vn 0.2166 -0.1776 0.9600
vn 0.9601 0.0348 0.2776
vn 0.3602 -0.1644 0.9182
vn 0.9817 0.0555 0.1820
vn 0.9763 0.0524 0.2099
vn 0.4709 -0.1503 0.8693
vn 0.9865 0.0697 0.1482
vn 0.4897 -0.1102 0.8649
vn 0.9853 0.0846 0.1486
vn 0.9856 0.0974 0.1384
vn 0.9815 0.1427 0.1277
vn 0.7586 0.0507 0.6495
vn 0.9725 0.0855 0.2165
vn -0.8586 -0.2488 0.4482
vn -0.8242 -0.1508 0.5459
vn -0.6273 -0.2311 0.7437
vn -0.7447 -0.1964 0.6379
vn -0.4943 -0.2253 0.8396
vn -0.9442 -0.3136 -0.1004
vn -0.7080 -0.7038 0.0581
vn -0.9816 -0.1493 0.1191
vn -0.9563 -0.1789 0.2315
vn -0.8827 -0.3071 0.3556
vn -0.7866 -0.3312 0.5212
vn -0.3104 -0.9041 -0.2935
vn 0.7590 -0.6314 0.1585
vn 0.8208 -0.5508 -0.1517
vn -0.2454 -0.9586 -0.1448
vn 0.7861 -0.4995 -0.3640
vn -0.1935 -0.9809 0.0185
vn 0.6629 -0.6381 -0.3916
vn -0.2039 -0.9787 0.0224
vn -0.3692 -0.9252 0.0874
vn 0.9917 0.1010 -0.0791
vn 0.9358 0.1479 -0.3201
vn 0.9262 0.0679 -0.3708
vn 0.8424 0.1119 -0.5271
vn -0.6730 -0.6301 0.3874
vn -0.7745 -0.5657 0.2829
vn -0.7941 -0.4822 0.3700
vn -0.8208 -0.5710 0.0165
vn -0.4465 -0.2787 0.8503
vn -0.6601 -0.4451 0.6050
vn -0.2543 -0.0379 0.9664
vn -0.7222 0.0977 0.6848
vn -0.7333 0.0107 0.6798
vn -0.7970 0.1074 0.5943
vn -0.8013 0.0127 0.5982
vn -0.9174 0.1651 0.3621
vn -0.9700 0.2299 0.0794
vn -0.8985 0.1114 0.4246
vn -0.9337 -0.0738 0.3504
vn -0.9909 -0.1292 -0.0371
vn -0.9224 -0.1449 0.3580
vn -0.7705 -0.2631 0.5806
vn -0.8001 -0.1656 0.5766
vn -0.6637 -0.3495 0.6613
vn -0.6731 -0.2700 0.6885
vn -0.3764 -0.2567 0.8902
vn -0.1063 -0.1517 0.9827
vn -0.9190 0.1700 0.3556
vn -0.9774 0.2104 -0.0226
vn -0.7858 0.1323 0.6042
vn -0.7345 0.0988 0.6714
vn -0.2782 0.0786 0.9573
vn -0.2392 0.0321 0.9704
vn -0.9642 0.2636 0.0298
vn -0.7353 -0.4116 0.5385
vn -0.3330 0.0292 0.9425
vn -0.0476 0.0124 0.9988
vn -0.3265 0.0443 0.9442
vn -0.0910 0.0391 0.9951
vn -0.3256 0.0377 0.9448
vn -0.1903 -0.0397 0.9809
vn -0.4310 0.3380 0.8366
vn -0.6251 0.3973 0.6719
vn -0.7011 0.2017 0.6839
vn -0.7774 0.2955 0.5552
vn -0.8165 0.1982 0.5423
vn -0.9047 0.2142 0.3683
vn -0.8901 0.3414 0.3019
vn -0.9594 0.2791 -0.0401
vn -0.6447 0.2963 -0.7047
vn -0.9974 -0.0493 -0.0519
vn -0.7186 -0.2285 -0.6568
vn -0.7402 0.1983 -0.6425
vn -0.7727 0.2421 -0.5868
vn -0.7479 0.2695 -0.6066
vn -0.5983 0.2244 -0.7692
vn -0.6403 0.1608 -0.7511
vn -0.6383 0.0804 -0.7656
vn -0.7297 -0.1053 -0.6756
vn -0.8066 0.3742 -0.4576
vn -0.6246 0.1645 -0.7634
vn -0.8311 0.5159 -0.2077
vn -0.2935 0.0695 0.9534
vn -0.3176 0.0271 0.9479
vn -0.4772 0.1838 0.8594
vn -0.9167 0.1276 -0.3788
vn -0.8897 0.1697 -0.4238
vn -0.9586 0.1124 -0.2615
vn -0.0892 -0.6274 0.7736
vn 0.0183 -0.7850 0.6193
vn -0.2321 -0.6915 0.6841
vn -0.3041 -0.4933 0.8150
vn 0.0686 -0.7212 0.6893
vn 0.2147 -0.9756 0.0449
vn -0.1876 -0.5352 0.8236
vn 0.0662 -0.9554 0.2879
vn -0.0761 -0.9970 0.0160
vn -0.3766 -0.7566 0.5346
vn -0.4064 -0.5290 0.7450
vn -0.1721 -0.5928 0.7868
vn -0.2114 -0.5918 0.7779
vn -0.2438 -0.6127 0.7518
vn -0.2356 -0.5982 0.7660
vn -0.3810 -0.4804 0.7900
vn -0.2164 -0.7542 0.6200
vn -0.2043 -0.6323 0.7473
vn -0.1683 -0.6958 0.6982
vn -0.3107 -0.6378 0.7048
vn -0.3496 -0.6602 0.6648
vn -0.3459 -0.6306 0.6947
vn -0.6870 -0.4718 0.5527
vn -0.7363 -0.4722 0.4847
vn -0.7008 -0.4626 0.5431
vn -0.9088 -0.2912 0.2989
vn -0.8562 -0.3355 0.3929
vn -0.7108 -0.4511 0.5396
vn -0.8960 -0.3855 0.2202
vn -0.7211 -0.4870 0.4929
vn 0.1435 -0.2778 -0.9499
vn 0.0656 -0.9899 -0.1258
vn 0.0323 -0.4128 -0.9103
vn 0.1494 -0.5665 -0.8104
vn 0.4541 -0.4428 -0.7731
vn 0.6864 -0.5231 -0.5051
vn 0.5009 0.2909 -0.8152
vn 0.1156 0.3765 -0.9192
vn -0.0331 0.2738 -0.9612
vn 0.0076 0.2145 -0.9767
vn -0.0899 -0.9602 0.2644
vn 0.0124 -0.4690 -0.8831
vn -0.4217 -0.8483 0.3202
vn -0.0704 0.2889 -0.9548
vn -0.7305 -0.3796 -0.5677
vn -0.8824 0.0023 -0.4705
vn -0.1717 -0.4719 0.8648
vn -0.5504 -0.4803 0.6829
vn -0.0524 -0.5100 0.8586
vn 0.0746 -0.8770 0.4747
vn 0.1168 -0.8183 0.5629
vn 0.0776 -0.6970 0.7129
vn 0.0324 -0.5633 0.8256
vn -0.1446 -0.4291 0.8916
vn -0.3974 -0.5423 0.7402
vn -0.3036 -0.4429 0.8436
vn -0.2982 -0.4914 0.8183
vn -0.0996 -0.7616 0.6403
vn 0.0358 -0.8488 0.5275
vn -0.2393 -0.6213 0.7461
vn -0.2815 -0.4311 0.8573
vn -0.9601 -0.1055 -0.2589
vn -0.8703 -0.4804 0.1083
vn -0.8720 -0.0039 -0.4894
vn -0.9406 -0.0408 -0.3371
vn 0.0279 -0.1747 -0.9842
vn 0.5232 0.3878 -0.7589
vn 0.6318 -0.2127 -0.7454
vn -0.4456 0.2380 -0.8630
vn -0.4373 0.2934 -0.8501
vn 0.1617 -0.1094 -0.9808
vn 0.2440 -0.1443 -0.9590
vn 0.8568 0.2117 -0.4702
vn 0.9451 0.1111 -0.3072
vn 0.0490 0.3276 -0.9435
vn 0.9450 0.2147 -0.2466
vn 0.8257 0.2310 -0.5146
vn 0.9845 0.1690 -0.0477
vn 0.9042 0.2444 -0.3504
vn 0.7464 0.2801 -0.6037
vn 0.0094 0.2929 -0.9561
vn 0.9838 0.1516 -0.0954
vn 0.8882 0.2508 -0.3851
vn 0.7075 0.3441 -0.6172
vn 0.5063 0.3251 -0.7987
vn 0.9840 0.1411 -0.1090
vn 0.8827 0.2359 -0.4065
vn 0.6581 0.3432 -0.6701
vn -0.0106 0.3435 -0.9391
vn -0.0013 0.3292 -0.9443
vn 0.9828 0.1275 -0.1334
vn 0.8613 0.2290 -0.4536
vn 0.5689 0.3619 -0.7385
vn 0.4140 0.3182 -0.8528
vn 0.9687 0.1213 -0.2167
vn 0.3327 0.3373 -0.8807
vn 0.1290 0.3237 -0.9373
vn 0.9587 0.1122 -0.2614
vn 0.9853 0.1252 -0.1161
vn 0.9835 0.1206 -0.1348
vn 0.9712 0.1605 -0.1764
vn -0.0611 0.3226 -0.9446
vn -0.0737 0.3284 -0.9416
vn 0.3795 0.0089 -0.9251
vn 0.4883 0.4269 -0.7611
vn 0.2530 0.0030 -0.9674
vn -0.0606 0.3048 -0.9505
vn -0.3008 0.3219 -0.8977
vn 0.9903 0.1270 0.0557
vn -0.1889 0.3007 -0.9348
vn -0.0493 0.3409 -0.9388
vn 0.0080 0.3402 -0.9403
vn 0.1514 0.3679 -0.9175
vn 0.0310 0.2709 -0.9621
vn -0.1644 0.3104 -0.9363
vn -0.2772 0.3767 -0.8839
vn -0.4732 0.2948 -0.8302
vn -0.6516 0.2615 -0.7121
vn -0.6845 0.2409 -0.6880
vn -0.4831 0.3075 -0.8198
vn -0.2649 0.3698 -0.8906
vn -0.2326 0.3544 -0.9057
vn -0.1011 0.3387 -0.9354
vn 0.3266 0.3832 -0.8640
vn 0.6424 -0.2172 -0.7349
vn 0.2408 -0.5185 -0.8205
vn 0.4157 -0.4013 -0.8162
vn 0.1194 -0.2278 -0.9664
vn 0.2895 -0.0065 -0.9572
vn 0.1233 0.1586 -0.9796
vn 0.1507 -0.1786 -0.9723
vn 0.8163 -0.3504 -0.4593
vn 0.5765 -0.3221 -0.7509
vn 0.9653 -0.2599 0.0246
vn 0.8859 0.1544 -0.4373
vn 0.6613 0.1939 -0.7246
vn 0.5855 -0.3456 -0.7333
vn 0.6745 -0.4842 -0.5573
vn 0.7886 -0.6089 0.0857
vn -0.0277 -0.5992 -0.8002
vn 0.0066 -0.5667 -0.8239
vn -0.0517 -0.6000 -0.7983
vn -0.1457 -0.5480 -0.8237
vn -0.2742 -0.4860 -0.8298
vn -0.3468 -0.4558 -0.8198
vn 0.3545 -0.4952 -0.7931
vn 0.3023 -0.5580 -0.7728
vn 0.2304 -0.5398 -0.8096
vn 0.0284 -0.4472 -0.8940
vn -0.0524 -0.3834 -0.9221
vn -0.4143 -0.4363 -0.7987
vn -0.2573 -0.3639 -0.8952
vn 0.4072 -0.5001 -0.7642
vn -0.0245 -0.9734 -0.2279
vn -0.2320 -0.0771 -0.9697
vn 0.1324 -0.1088 -0.9852
vn 0.0560 -0.1883 -0.9805
vn -0.6965 0.1847 -0.6934
vn -0.6885 0.2660 -0.6747
vn -0.4808 0.3047 -0.8222
vn -0.4552 0.3571 -0.8157
vn -0.2246 0.3032 -0.9261
vn -0.1781 0.3057 -0.9353
vn -0.1911 0.3098 -0.9314
vn -0.3289 0.2545 -0.9094
vn -0.6388 0.3279 0.6960
vn -0.7564 0.2928 0.5849
vn -0.9094 0.3366 0.2442
vn -0.8527 0.4789 -0.2087
vn -0.4678 0.1678 0.8678
vn -0.6030 0.0308 0.7972
vn -0.6236 0.1360 0.7698
vn -0.4502 0.1232 0.8844
vn -0.6091 0.1597 0.7768
vn -0.7477 0.1224 0.6527
vn -0.6202 0.1418 0.7715
vn -0.9391 -0.0472 -0.3403
vn -0.8029 -0.1041 -0.5869
vn -0.7240 -0.0018 -0.6898
vn -0.9554 0.1364 -0.2620
vn -0.9774 0.1107 -0.1804
vn -0.5404 -0.1200 0.8328
vn -0.3391 0.1458 0.9294
vn -0.3936 -0.3433 0.8527
vn -0.3160 -0.1889 0.9298
vn -0.6743 -0.1901 -0.7135
vn -0.7201 -0.2730 -0.6379
vn -0.9527 0.1014 0.2864
vn -0.9662 0.1181 0.2289
vn -0.9944 0.0434 -0.0962
vn -0.9186 0.0413 -0.3931
vn -0.9703 -0.0643 -0.2332
vn -0.9999 0.0018 -0.0102
vn -0.9938 -0.0261 0.1079
vn -0.9210 0.1130 0.3729
vn -0.8778 0.1016 0.4682
vn -0.6815 0.1514 0.7160
vn -0.5976 0.1679 0.7840
vn -0.7896 0.0430 -0.6121
vn -0.6199 0.1539 0.7695
vn -0.3620 0.1546 0.9193
vn -0.4247 0.1524 0.8924
vn -0.7126 0.1195 0.6913
vn -0.9149 -0.3265 0.2373
vn -0.9751 -0.1327 -0.1779
vn -0.9762 -0.0819 0.2006
vn -0.8242 0.0225 0.5658
vn -0.6938 -0.2880 0.6601
vn -0.6290 0.1039 0.7704
vn -0.9096 0.2382 -0.3404
vn -0.3677 0.1535 0.9172
vn -0.6572 0.1601 0.7365
vn -0.3081 0.1189 0.9439
vn -0.8404 -0.2423 -0.4849
vn -0.9335 -0.3460 -0.0939
vn -0.8734 -0.3319 -0.3564
vn 0.8081 0.4079 0.4250
vn 0.8638 0.2673 0.4271
vn 0.9027 0.2079 0.3767
vn 0.8844 0.0738 0.4608
vn 0.8727 0.0723 0.4828
vn 0.7869 0.2287 0.5732
vn 0.0828 -0.1876 -0.9788
vn -0.0065 -0.2222 -0.9750
vn -0.0716 -0.2936 -0.9532
vn -0.0185 -0.2336 -0.9722
vn -0.0763 -0.2773 -0.9578
vn 0.2759 -0.2563 -0.9264
vn 0.1476 -0.2797 -0.9487
vn -0.0669 0.0791 -0.9946
vn 0.0003 0.0200 -0.9998
vn 0.2655 0.1928 -0.9446
vn 0.0957 0.0079 -0.9954
vn 0.2504 0.6203 -0.7433
vn 0.4733 0.2544 -0.8433
vn 0.6535 0.4099 -0.6363
vn 0.5390 0.1128 -0.8347
vn -0.0745 -0.1393 -0.9874
vn 0.1390 0.3219 -0.9365
vn 0.3513 0.1369 -0.9262
vn 0.4179 0.8012 -0.4283
vn 0.8284 0.4645 -0.3130
vn -0.2552 -0.1668 -0.9524
vn -0.3593 -0.1469 -0.9216
vn -0.4486 -0.1487 -0.8813
vn -0.5202 -0.1040 -0.8477
vn -0.5299 -0.0264 -0.8477
vn -0.5683 -0.0698 -0.8199
vn -0.6217 -0.1855 -0.7610
vn -0.6575 -0.2812 -0.6990
vn -0.6878 -0.3463 -0.6380
vn -0.7341 -0.2841 -0.6167
vn -0.7791 -0.2223 -0.5861
vn 0.5893 0.4078 0.6975
vn 0.8851 -0.1112 0.4518
vn 0.9046 -0.0255 0.4255
vn 0.8386 0.1264 0.5299
vn 0.9294 0.1343 0.3437
vn -0.9967 -0.0568 0.0573
vn -0.9980 -0.0502 -0.0376
vn -0.9772 0.2108 -0.0270
vn -0.9935 0.0851 -0.0753
vn -0.9669 0.2481 0.0590
vn -0.9874 -0.0533 -0.1490
vn -0.9995 -0.0132 0.0279
vn -0.9818 0.1868 0.0353
vn -0.9728 -0.2068 0.1045
vn -0.9553 0.0466 0.2918
vn -0.8538 0.4611 0.2418
vn -0.7590 0.5297 0.3786
vn -0.9911 0.1058 -0.0811
vn -0.9608 0.2403 -0.1384
vn -0.9807 0.0620 -0.1853
vn -0.9916 0.1132 0.0623
vn -0.9964 0.0540 0.0659
vn -0.9996 -0.0019 0.0271
vn 0.9226 0.1440 0.3579
vn 0.8794 0.1457 0.4532
vn 0.9075 0.0012 0.4201
vn 0.8687 0.1152 0.4817
vn 0.9192 -0.0361 0.3922
vn 0.6376 0.5870 0.4989
vn 0.8689 0.3663 0.3329
vn 0.8586 0.3469 0.3775
vn 0.9616 0.1775 0.2094
vn 0.9555 0.1634 0.2456
vn 0.9626 0.1330 0.2359
vn 0.9584 0.0575 0.2795
vn 0.9162 0.1555 0.3693
vn 0.9769 0.0724 0.2008
vn 0.8376 -0.0727 0.5415
vn 0.9108 -0.0279 0.4119
vn -0.4728 0.0597 0.8792
vn -0.8055 0.2606 -0.5322
vn -0.9480 -0.0535 0.3137
vn -0.8929 -0.1289 -0.4315
vn -0.8942 -0.0457 0.4453
vn -0.6180 -0.2722 0.7376
vn -0.4053 -0.0091 0.9141
vn -0.5580 0.3889 0.7331
vn -0.7764 0.6251 0.0802
vn -0.5236 0.7691 0.3666
vn -0.9325 0.0832 0.3516
vn 0.3755 0.8040 0.4610
vn 0.2930 0.4845 0.8243
vn -0.6723 0.5883 0.4493
vn -0.7132 0.6079 0.3489
vn -0.5619 0.5925 0.5772
vn 0.1324 0.6474 0.7505
vn -0.1769 0.5681 0.8037
vn 0.0281 0.6110 0.7911
vn 0.5526 0.5738 0.6045
vn 0.4671 0.5646 0.6805
vn 0.3586 0.5763 0.7344
vn -0.1389 0.6293 0.7647
vn -0.2818 0.6174 0.7345
vn -0.4050 0.6268 0.6656
vn -0.6653 0.6982 0.2644
vn -0.8251 0.5097 0.2437
vn -0.4091 0.8189 0.4025
vn -0.1019 0.8478 0.5205
vn 0.1934 0.8181 0.5416
vn 0.4721 0.7015 0.5339
vn 0.7100 0.4978 0.4981
vn 0.7097 0.4530 0.5395
vn -0.5273 0.8429 -0.1074
vn -0.7682 0.6388 0.0423
vn -0.6080 0.7912 0.0660
vn -0.2887 0.9512 -0.1090
vn -0.3602 0.9232 0.1339
vn 0.0068 0.9958 -0.0909
vn -0.0516 0.9778 0.2032
vn 0.2724 0.9239 0.2686
vn 0.5181 0.8011 0.2996
vn 0.3171 0.9483 -0.0115
vn 0.7076 0.6110 0.3549
vn 0.5218 0.8488 0.0846
vn -0.8590 0.4874 0.1568
vn -0.2971 0.7053 0.6437
vn -0.5312 0.6794 0.5062
vn -0.1958 0.6161 0.7629
vn -0.2335 0.5426 0.8069
vn -0.1040 0.6658 0.7389
vn -0.1317 0.6553 0.7438
vn 0.1071 0.6513 0.7512
vn 0.2997 0.6793 0.6699
vn -0.9979 -0.0643 0.0039
vn -0.9838 0.0525 0.1712
vn 0.1373 0.8057 -0.5761
vn -0.2054 0.8647 -0.4584
vn 0.1063 0.8978 -0.4275
vn 0.8154 0.5786 -0.0165
vn 0.6486 0.6743 -0.3530
vn 0.6308 0.7453 -0.2159
vn 0.3751 0.8580 -0.3508
vn -0.1692 0.7893 -0.5903
vn -0.4947 0.7634 -0.4153
vn 0.4070 0.7648 -0.4994
vn -0.4397 0.7279 -0.5261
vn -0.6871 0.6746 -0.2699
vn 0.0651 0.9562 -0.2853
vn 0.3426 0.9170 -0.2041
vn -0.2310 0.9276 -0.2935
vn -0.6847 0.7232 -0.0900
vn -0.5124 0.8088 -0.2886
vn -0.7108 0.6738 -0.2019
vn 0.5676 0.8191 -0.0826
vn 0.6567 0.7348 0.1697
vn 0.7514 0.6567 0.0637
vn -0.4497 0.5668 -0.6902
vn -0.6867 0.1078 -0.7189
vn -0.7349 0.3086 -0.6039
vn -0.0858 0.4133 -0.9066
vn -0.1153 0.6838 -0.7205
vn 0.1761 0.6866 -0.7054
vn 0.4322 0.6077 -0.6663
vn 0.2798 0.3952 -0.8750
vn 0.6659 0.4960 -0.5573
vn 0.5158 0.3065 -0.8000
vn 0.8752 0.3292 -0.3545
vn 0.7009 0.2085 -0.6821
vn 0.8615 0.4980 -0.0987
vn -0.7240 0.5589 -0.4043
vn -0.4505 0.2899 -0.8444
vn -0.6371 -0.1462 -0.7568
vn -0.4636 -0.0938 -0.8811
vn -0.0805 -0.0261 -0.9964
vn 0.2949 0.0576 -0.9538
vn 0.5278 0.1120 -0.8420
vn 0.8855 0.0956 -0.4546
vn 0.7282 0.0131 -0.6852
vn 0.8311 0.4379 0.3428
vn -0.8831 0.4684 0.0258
vn 0.9266 -0.0137 0.3757
vn 0.9455 0.2734 0.1767
vn 0.9147 0.3384 0.2209
vn 0.8788 0.1574 0.4505
vn 0.9526 0.0752 0.2949
vn 0.8377 0.1261 0.5314
vn 0.8408 0.2182 0.4954
vn 0.8953 0.2181 0.3885
vn 0.8609 0.1179 0.4949
vn 0.8017 0.4414 0.4031
vn -0.9203 0.3854 -0.0676
vn -0.9462 0.2528 -0.2022
vn -0.9832 0.1455 0.1102
vn -0.9987 0.0213 -0.0467
vn -0.9867 0.1263 0.1024
vn -0.9653 0.2573 -0.0454
vn -0.9656 0.2217 0.1361
vn 0.9228 -0.3806 0.0598
vn 0.6335 -0.3439 0.6931
vn 0.6468 -0.7448 0.1639
vn 0.7344 -0.6124 0.2927
vn 0.5949 -0.7936 -0.1278
vn 0.6662 -0.7338 -0.1328
vn 0.4348 -0.8263 -0.3581
vn 0.1430 -0.8758 -0.4610
vn 0.4062 -0.7524 -0.5185
vn 0.0075 -0.6976 -0.7165
vn 0.6417 -0.4284 -0.6362
vn 0.3277 -0.3193 -0.8892
vn 0.8706 -0.4903 -0.0415
vn 0.8883 -0.4544 0.0666
vn 0.7220 0.1666 -0.6715
vn 0.8659 -0.0656 -0.4959
vn 0.8269 0.5227 -0.2073
vn 0.9576 -0.2812 0.0633
vn 0.9581 -0.0786 0.2754
vn 0.9365 -0.1069 0.3341
vn 0.8655 0.4265 0.2629
vn 0.9233 -0.1975 0.3295
vn 0.9675 0.2385 -0.0841
vn 0.9869 0.0935 0.1317
vn 0.9110 0.2617 0.3188
vn 0.9572 -0.0563 -0.2837
vn 0.9821 -0.0602 0.1785
vn 0.9900 0.1404 -0.0097
vn 0.8100 0.2733 0.5188
vn 0.9073 -0.0401 0.4185
vn 0.8940 -0.0474 0.4455
vn 0.9280 -0.0506 0.3692
vn 0.8606 0.2057 0.4659
vn 0.9211 0.1375 0.3642
vn 0.9403 0.2722 0.2042
vn 0.9141 -0.2349 0.3305
vn 0.8860 -0.4040 0.2276
vn 0.9579 -0.1971 0.2089
vn 0.9925 -0.1112 0.0500
vn 0.8986 -0.4388 0.0027
vn 0.7688 0.2323 0.5958
vn 0.8339 -0.0167 0.5516
vn 0.8761 -0.1377 0.4621
vn 0.8576 -0.0931 0.5059
vn 0.8385 -0.2670 0.4749
vn 0.8910 -0.3001 0.3408
vn 0.6448 -0.4433 0.6227
vn 0.8741 -0.2390 0.4229
vn 0.8592 -0.1635 0.4849
vn 0.7695 -0.5945 0.2335
vn 0.8735 -0.4246 0.2381
vn 0.9269 -0.3732 0.0403
vn 0.7504 -0.3447 0.5640
vn -0.9529 0.2023 0.2261
vn -0.9922 -0.1004 0.0745
vn -0.7296 -0.6304 -0.2651
vn 0.9781 0.0036 0.2080
vn 0.9891 0.1471 -0.0064
vn 0.9903 -0.1061 -0.0898
vn 0.8874 -0.1194 -0.4452
vn 0.9578 -0.2711 -0.0950
vn 0.9183 -0.3943 0.0354
vn 0.8963 -0.4432 0.0156
vn 0.8687 -0.4940 -0.0363
vn -0.9774 0.1496 -0.1490
vn -0.7679 -0.3026 0.5646
vn -0.6446 -0.7642 -0.0229
vn -0.5022 -0.7681 -0.3973
vn -0.6529 -0.6521 -0.3853
vn -0.3576 -0.8082 -0.4679
vn 0.2057 -0.8976 -0.3899
vn -0.1658 -0.7399 -0.6519
vn 0.2118 -0.7357 -0.6434
vn -0.2671 -0.5298 -0.8050
vn -0.2028 -0.3690 -0.9070
vn -0.6359 -0.1972 -0.7461
vn -0.6634 0.5931 -0.4563
vn -0.4717 0.1995 -0.8589
vn -0.8909 0.2266 -0.3936
vn -0.8296 0.5539 0.0706
vn -0.9640 0.2655 -0.0161
vn -0.9831 0.1817 -0.0211
vn -0.9839 -0.0660 -0.1660
vn -0.7187 -0.5668 -0.4028
vn -0.9319 -0.2041 -0.2998
vn -0.9829 -0.1807 -0.0364
vn -0.9609 -0.2288 0.1560
vn -0.9966 -0.0576 0.0582
vn -0.9829 -0.0467 0.1778
vn -0.9311 0.1358 0.3384
vn -0.9317 -0.2385 0.2740
vn -0.9850 -0.1504 0.0849
vn -0.9199 -0.3713 -0.1261
vn -0.9772 -0.2084 -0.0400
vn -0.9340 0.3549 0.0415
vn -0.8743 -0.1129 -0.4721
vn -0.9164 0.2302 -0.3276
vn -0.9664 -0.1167 -0.2291
vn -0.9133 0.2000 0.3548
vn -0.9300 0.0180 0.3672
vn -0.8957 -0.2630 0.3586
vn -0.7990 -0.2809 0.5317
vn -0.9106 -0.3033 -0.2807
vn -0.8751 -0.3654 -0.3172
vn -0.9171 -0.3869 -0.0961
vn -0.9223 -0.3110 -0.2295
vn -0.9679 -0.2220 -0.1181
vn -0.9694 0.1733 0.1737
vn -0.9987 0.0106 0.0492
vn -0.9992 0.0229 0.0338
vn -0.9908 -0.0744 0.1135
vn -0.9753 -0.0052 -0.2209
vn -0.9087 0.1616 -0.3849
vn -0.8545 -0.2682 -0.4449
vn -0.7387 -0.4638 -0.4891
vn -0.8254 -0.4159 -0.3817
vn -0.7298 -0.4842 -0.4827
vn -0.9680 -0.2364 -0.0847
vn -0.8289 0.5503 -0.1002
vn -0.3298 0.9029 0.2759
vn -0.8756 -0.1633 -0.4546
vn -0.7269 -0.3633 -0.5828
vn -0.8350 -0.3099 -0.4547
vn -0.5221 -0.4577 -0.7197
vn 0.1162 -0.7027 -0.7020
vn -0.2425 -0.6013 -0.7613
vn 0.2890 0.2268 -0.9301
vn 0.4688 -0.6284 -0.6207
vn 0.7905 -0.4482 -0.4173
vn 0.9344 -0.2742 -0.2275
vn 0.9805 -0.1869 -0.0602
vn 0.9973 -0.0727 -0.0082
vn 0.9562 -0.1360 0.2594
vn 0.9211 -0.3234 0.2166
vn 0.8345 -0.2489 0.4916
vn -0.2287 -0.3607 -0.9042
vn 0.1417 -0.2413 -0.9601
vn 0.5385 -0.2293 -0.8108
vn -0.5037 -0.3879 -0.7719
vn -0.5396 -0.5162 -0.6651
vn -0.2880 -0.6380 -0.7142
vn -0.5440 -0.5645 -0.6208
vn -0.3002 -0.5739 -0.7619
vn 0.0533 -0.7296 -0.6818
vn 0.4849 -0.5743 -0.6596
vn 0.4429 -0.7052 -0.5537
vn 0.0676 -0.6092 -0.7901
vn 0.7473 -0.5898 -0.3061
vn 0.9001 -0.4171 -0.1255
vn 0.7375 -0.5157 -0.4361
vn -0.6676 -0.3315 -0.6667
vn 0.7573 -0.2709 -0.5943
vn 0.8561 -0.3239 -0.4027
vn -0.8053 -0.0739 -0.5882
vn 0.8940 -0.4287 -0.1302
vn 0.9736 -0.2244 0.0426
vn 0.9534 -0.3017 -0.0029
vn 0.7825 -0.2919 0.5499
vn 0.3449 0.7723 0.5335
vn -0.4764 0.5667 0.6722
vn -0.2932 0.8322 0.4707
vn -0.6349 0.5072 0.5828
vn -0.3252 0.7103 0.6243
vn 0.6074 0.6779 0.4141
vn 0.5443 0.6910 0.4756
vn 0.5483 0.7373 0.3946
vn 0.4333 0.8007 0.4137
vn 0.5615 0.7311 0.3876
vn 0.5181 0.8027 0.2953
vn 0.6845 0.6491 0.3319
vn 0.6811 0.6469 0.3431
vn 0.4524 0.7487 0.4845
vn 0.2187 0.6307 0.7446
vn -0.2629 0.3415 0.9024
vn -0.2073 0.5471 0.8110
vn -0.0251 0.4959 0.8680
vn -0.3732 0.4845 0.7912
vn -0.2654 0.6864 0.6770
vn -0.2221 0.5863 0.7790
vn 0.4195 0.7335 0.5348
vn 0.1615 0.4858 0.8590
vn -0.0373 0.1576 0.9868
vn 0.7590 0.6172 0.2071
vn 0.1205 0.6639 0.7381
vn -0.0099 0.4536 0.8912
vn -0.1460 0.4091 0.9007
vn -0.3321 0.6262 0.7054
vn 0.1334 0.7748 0.6180
vn -0.2734 0.8152 0.5106
vn 0.0521 0.8141 0.5784
vn -0.2154 0.2911 -0.9321
vn -0.2420 0.2038 -0.9486
vn -0.3042 0.2267 -0.9252
vn -0.2869 0.0341 -0.9574
vn -0.3198 -0.0655 -0.9452
vn -0.2920 -0.1413 -0.9459
vn -0.3646 -0.1607 -0.9172
vn -0.3212 -0.2460 -0.9145
vn -0.3907 -0.2071 -0.8969
vn -0.3453 -0.1867 -0.9197
vn -0.1980 0.3207 -0.9263
vn -0.2541 0.1353 -0.9577
vn -0.3022 0.2605 -0.9169
vn -0.3177 0.1052 -0.9424
vn -0.3507 0.2450 -0.9039
vn -0.3778 0.0679 -0.9234
vn -0.3594 0.2539 -0.8980
vn -0.3733 -0.1348 -0.9179
vn 0.0302 0.3911 -0.9198
vn 0.0265 0.5061 -0.8620
vn -0.1432 0.2781 -0.9498
vn -0.2887 -0.2114 -0.9338
vn -0.5147 -0.1734 -0.8397
vn -0.4143 -0.1748 -0.8932
vn -0.8330 -0.1787 -0.5235
vn -0.7750 -0.0802 -0.6269
vn -0.8199 -0.0537 -0.5699
vn -0.7507 0.1131 -0.6509
vn -0.7852 0.0713 -0.6151
vn -0.6441 0.3809 -0.6634
vn -0.6912 -0.0953 -0.7164
vn -0.4634 -0.0467 -0.8849
vn -0.4649 -0.0160 -0.8852
vn -0.5610 -0.1166 -0.8196
vn -0.5411 -0.0572 -0.8390
vn -0.6283 -0.1541 -0.7626
vn -0.6064 -0.0880 -0.7903
vn -0.7012 -0.1917 -0.6868
vn -0.4974 -0.1785 -0.8489
vn -0.5652 -0.2547 -0.7847
vn -0.6435 -0.2880 -0.7093
vn -0.5207 0.1554 -0.8395
vn -0.4650 0.4632 -0.7545
vn -0.4384 0.4257 -0.7915
vn -0.5806 0.1341 -0.8031
vn -0.5504 0.4363 -0.7118
vn -0.6573 0.1181 -0.7443
vn -0.4321 0.3731 -0.8210
vn -0.4410 0.1960 -0.8759
vn -0.5449 -0.3179 -0.7759
vn -0.5911 -0.3232 -0.7390
vn -0.4837 -0.2396 -0.8418
vn -0.5621 -0.2374 -0.7923
vn -0.5736 -0.1734 -0.8006
vn -0.6269 -0.3705 -0.6854
vn -0.4482 -0.2927 -0.8447
vn 0.9017 0.1249 0.4139
vn 0.8850 0.2240 0.4081
vn 0.6269 0.3556 0.6932
vn 0.6318 0.3533 0.6899
vn 0.1488 0.6125 0.7763
vn 0.1625 0.4620 0.8719
vn 0.3774 0.5826 0.7198
vn 0.2119 0.3378 0.9170
vn 0.8569 -0.0329 0.5145
vn 0.2852 0.5244 0.8023
vn 0.4295 0.1682 0.8872
vn 0.3366 -0.0319 0.9411
vn 0.4254 0.3015 0.8533
vn 0.5615 0.0886 0.8227
vn 0.6472 0.4272 0.6314
vn 0.7638 0.1903 0.6168
vn 0.9080 0.3742 0.1884
vn 0.7884 0.4378 0.4321
vn 0.8668 0.2396 0.4374
vn 0.9443 0.2904 -0.1548
vn 0.9008 0.3259 0.2869
vn 0.9556 0.2878 0.0632
vn 0.6541 -0.0615 0.7539
vn 0.7178 0.1794 0.6728
vn 0.5037 -0.1102 0.8568
vn 0.4862 0.5012 0.7159
vn 0.6806 0.4995 0.5359
vn 0.8211 0.4644 0.3318
vn 0.3406 -0.2836 -0.8964
vn 0.9484 0.2113 -0.2363
vn 0.8455 0.1514 -0.5120
vn 0.7392 -0.0543 -0.6713
vn 0.5773 -0.0677 -0.8137
vn 0.0883 -0.2820 -0.9554
vn 0.9760 0.1124 -0.1862
vn 0.7587 0.0754 -0.6471
vn 0.9383 0.1651 -0.3038
vn 0.8112 0.0745 -0.5800
vn 0.3728 -0.0463 -0.9267
vn 0.4326 -0.0711 -0.8988
vn 0.7244 0.1445 -0.6741
vn 0.9332 0.2516 -0.2564
vn 0.3514 0.0090 -0.9362
vn 0.6654 0.2540 -0.7019
vn 0.9167 0.2921 -0.2726
vn 0.3570 0.0925 -0.9295
vn 0.5863 0.3248 -0.7421
vn 0.8442 0.3173 -0.4320
vn 0.3658 0.2243 -0.9033
vn 0.7183 0.4518 -0.5291
vn 0.5409 0.3302 -0.7736
vn 0.3464 0.2922 -0.8914
vn -0.0979 -0.2135 -0.9720
vn -0.0479 -0.1805 -0.9824
vn 0.0352 -0.0949 -0.9949
vn 0.1398 0.0568 -0.9885
vn 0.1846 0.2166 -0.9587
vn -0.2329 -0.1214 -0.9649
vn 0.0443 0.0888 -0.9951
vn -0.2780 -0.2267 -0.9334
vn -0.3340 -0.2966 -0.8947
vn -0.3738 -0.3047 -0.8761
vn -0.3469 -0.3099 -0.8852
vn -0.0563 -0.2166 -0.9746
vn 0.7263 0.2345 -0.6462
vn 0.9752 0.1235 0.1838
vn 0.8472 0.1141 0.5188
vn 0.8817 0.1596 0.4440
vn 0.8873 0.1662 0.4301
vn 0.7788 0.0556 0.6248
vn 0.8341 0.0798 0.5458
vn 0.7639 0.1671 0.6234
vn 0.6087 0.1435 0.7803
vn 0.9348 0.1232 0.3332
vn 0.6483 0.3647 0.6683
vn 0.9425 0.3145 0.1127
vn 0.9446 0.3284 -0.0009
vn 0.8490 0.4135 0.3289
vn 0.8570 0.3346 0.3920
vn 0.6822 0.4903 0.5425
vn 0.9514 0.3067 0.0267
vn 0.5467 0.2042 0.8121
vn 0.7743 0.5867 0.2371
vn 0.8214 0.5487 -0.1556
vn 0.7981 0.2050 0.5666
vn 0.9416 0.2077 0.2649
vn 0.8655 0.2722 0.4205
vn 0.5285 0.1391 0.8375
vn 0.8482 0.2062 0.4879
vn 0.6395 0.1765 0.7482
vn 0.9768 0.1541 0.1491
vn 0.9260 -0.1295 -0.3545
vn 0.6510 -0.4144 -0.6360
vn 0.6393 -0.4333 -0.6353
vn 0.4599 0.6767 0.5750
vn 0.7723 0.4100 0.4853
vn 0.7386 0.4988 0.4536
vn 0.9810 0.1821 0.0668
vn 0.9834 0.1687 0.0674
vn 0.9370 -0.1630 -0.3088
vn 0.5641 0.4883 0.6659
vn 0.8821 0.3672 0.2951
vn 0.9823 0.1524 -0.1087
vn 0.9034 -0.0623 -0.4242
vn 0.6058 -0.3593 -0.7099
vn 0.9591 -0.1479 -0.2414
vn 0.7889 -0.2897 -0.5419
vn 0.7363 -0.3434 -0.5831
vn 0.9770 0.1167 0.1783
vn 0.9786 -0.0698 -0.1938
vn 0.7658 0.3831 0.5166
vn 0.9765 0.1391 0.1644
vn 0.5384 0.5091 0.6716
vn 0.8212 0.4327 0.3722
vn 0.5290 0.5316 0.6615
vn 0.7912 0.4535 0.4103
vn 0.6901 0.3910 0.6090
vn 0.4704 0.4093 0.7818
vn 0.2269 0.6266 0.7456
vn 0.0713 0.5154 0.8540
vn -0.2401 0.5144 0.8233
vn 0.0371 0.4275 0.9033
vn 0.6939 0.5204 0.4977
vn 0.4504 0.4898 0.7465
vn 0.8326 0.4584 0.3108
vn -0.2724 0.4472 0.8520
vn 0.3220 0.5509 0.7700
vn -0.2347 0.7012 0.6732
vn 0.1028 0.5630 0.8201
vn 0.4100 0.5441 0.7320
vn -0.3395 0.5726 0.7462
vn -0.3665 0.6116 0.7011
vn 0.1464 0.6047 0.7829
vn 0.4728 -0.2247 -0.8521
vn 0.8093 0.0356 -0.5864
vn 0.8775 0.0216 -0.4790
vn 0.9599 0.2533 -0.1203
vn 0.4293 -0.2197 -0.8761
vn 0.9627 0.2693 -0.0278
vn 0.3430 -0.8849 -0.3152
vn 0.6781 -0.7321 -0.0656
vn 0.8043 -0.5449 0.2370
vn 0.7755 -0.3650 0.5152
vn 0.7424 -0.1009 0.6623
vn 0.5156 0.6421 0.5674
vn 0.0924 0.0533 0.9943
vn 0.4006 0.0132 0.9162
vn 0.1968 0.7079 0.6784
vn -0.3782 0.2028 0.9032
vn 0.3005 0.0697 0.9512
vn -0.3436 0.7150 0.6088
vn 0.7448 0.6672 -0.0098
vn 0.5016 0.8252 -0.2599
vn 0.7776 0.6173 -0.1195
vn -0.3957 0.8693 -0.2961
vn 0.0394 0.9448 -0.3253
vn 0.1189 0.9658 -0.2303
vn -0.3738 0.8750 -0.3077
vn -0.7861 0.5292 -0.3193
vn -0.7532 0.5776 -0.3147
vn -0.3207 0.8779 -0.3557
vn -0.7160 0.5506 -0.4291
vn 0.9307 0.3426 0.1282
vn 0.9403 0.3140 0.1314
vn 0.5256 0.8424 -0.1188
vn 0.1187 0.9725 -0.2002
vn 0.3881 0.9121 0.1321
vn 0.0541 0.9985 -0.0097
vn 0.3900 0.9093 0.1453
vn -0.4233 0.8590 -0.2878
vn -0.3875 0.8948 -0.2217
vn -0.7682 0.5094 -0.3879
vn 0.6019 0.7199 0.3457
vn 0.7589 0.4978 0.4198
vn 0.6499 0.6953 0.3071
vn 0.6913 0.6960 0.1941
vn 0.4557 0.8901 -0.0113
vn -0.7484 0.5387 -0.3868
vn -0.8077 0.4325 -0.4006
vn -0.4301 0.8639 -0.2620
vn -0.7673 0.4293 -0.4765
vn -0.0021 0.9908 -0.1354
vn 0.0152 0.9999 0.0035
vn 0.3159 0.9330 0.1724
vn 0.4796 0.7990 0.3629
vn 0.5831 0.7674 0.2667
vn 0.6558 0.5119 0.5549
vn 0.7081 0.5096 0.4888
vn 0.2374 0.9437 0.2304
vn 0.0562 0.9944 -0.0897
vn -0.4694 0.8664 -0.1703
vn -0.6265 0.6201 -0.4722
vn -0.7407 0.3701 -0.5607
vn -0.4206 0.8111 -0.4064
vn -0.4440 0.8495 -0.2848
vn -0.0556 0.9877 -0.1458
vn 0.2654 0.9576 0.1126
vn 0.6526 0.5361 0.5354
vn 0.5067 0.7903 0.3445
vn 0.7619 0.5437 0.3521
vn 0.3285 0.9411 0.0806
vn 0.3426 0.9364 0.0758
vn -0.0514 0.9866 -0.1545
vn -0.4275 0.8049 -0.4115
vn -0.7596 0.2837 -0.5852
vn -0.0458 0.9973 0.0580
vn -0.4109 0.8384 -0.3581
vn -0.1292 0.0621 0.9897
vn 0.0255 0.1253 0.9918
vn 0.5865 0.2702 0.7636
vn 0.2597 0.0966 0.9608
vn 0.8231 0.0995 0.5591
vn 0.8098 0.2247 0.5420
vn 0.7650 -0.0895 0.6378
vn 0.5847 -0.0739 0.8079
vn 0.7549 0.0706 0.6521
vn 0.5462 -0.0895 0.8329
vn 0.8002 0.2135 0.5605
vn 0.6924 -0.4155 0.5899
vn 0.4093 -0.3348 0.8488
vn -0.0792 -0.9640 0.2538
vn -0.4444 -0.8930 0.0712
vn -0.4602 -0.8878 0.0071
vn -0.2541 -0.5707 0.7808
vn -0.5394 -0.6630 0.5192
vn -0.1330 -0.9497 0.2834
vn -0.5813 -0.7841 0.2172
vn -0.0416 -0.8539 0.5187
vn -0.8292 -0.5543 0.0724
vn -0.8354 -0.5461 -0.0624
vn -0.8441 -0.4981 -0.1986
vn -0.9027 -0.3348 -0.2704
vn -0.8870 -0.4306 -0.1666
vn -0.8788 -0.2167 -0.4251
vn -0.8637 -0.1145 -0.4908
vn -0.8251 -0.0378 -0.5638
vn -0.8376 -0.1186 -0.5333
vn -0.8376 0.0107 -0.5462
vn -0.8126 0.0596 -0.5798
vn -0.8919 -0.0080 -0.4522
vn -0.9003 -0.2202 -0.3754
vn -0.8973 -0.0701 -0.4359
vn -0.8741 -0.4731 -0.1101
vn -0.8773 -0.3194 -0.3583
vn -0.8484 -0.1748 -0.4996
vn -0.8527 -0.3862 -0.3518
vn -0.1908 -0.6958 0.6924
vn 0.3103 -0.7607 0.5701
vn 0.0671 -0.5912 0.8037
vn 0.3268 -0.8494 0.4143
vn -0.0791 -0.9491 0.3049
vn 0.0784 -0.8629 0.4993
vn 0.1895 -0.8958 0.4019
vn 0.2795 -0.8884 0.3641
vn -0.0637 -0.9806 0.1854
vn -0.0879 -0.9774 0.1922
vn -0.4653 -0.8840 -0.0448
vn -0.5151 -0.8562 -0.0400
vn 0.3141 -0.8915 0.3264
vn -0.8867 0.1704 -0.4298
vn -0.8987 0.1932 -0.3938
vn -0.9024 -0.1505 -0.4038
vn -0.9432 -0.1448 -0.2991
vn -0.8874 -0.1875 -0.4212
vn -0.7741 -0.5879 -0.2348
vn -0.8040 -0.5775 -0.1417
vn -0.6698 -0.7404 -0.0568
vn -0.7466 -0.5745 -0.3354
vn -0.7545 -0.5844 -0.2986
vn -0.8613 -0.2792 -0.4245
vn -0.9036 0.0812 -0.4205
vn 0.4757 -0.7084 0.5213
vn 0.8017 -0.2246 0.5539
vn 0.7092 -0.2740 0.6496
vn 0.5119 -0.7202 0.4682
vn 0.8682 0.2806 0.4093
vn 0.8194 -0.2614 0.5102
vn 0.6016 -0.5585 0.5711
vn 0.9150 -0.1626 0.3691
vn 0.5820 -0.6268 0.5181
vn 0.9864 0.1639 0.0111
vn 0.8310 0.5456 -0.1089
vn 0.8417 0.5078 -0.1836
vn 0.0435 0.8991 -0.4356
vn 0.5082 0.8097 -0.2935
vn 0.0292 0.9022 -0.4304
vn -0.4652 0.7888 -0.4018
vn -0.4211 0.7950 -0.4365
vn 0.5329 0.7757 -0.3381
vn -0.0142 0.8488 -0.5285
vn -0.4124 0.7591 -0.5037
vn 0.4835 0.7832 -0.3909
vn 0.9828 0.1724 0.0661
vn 0.8287 0.5359 -0.1612
vn 0.9807 0.1929 0.0332
vn 0.8309 0.5123 -0.2172
vn 0.8304 0.5325 -0.1638
vn 0.5258 0.7646 -0.3727
vn 0.5345 0.7777 -0.3309
vn 0.0223 0.8956 -0.4443
vn 0.0518 0.8739 -0.4833
vn -0.4739 0.7610 -0.4430
vn -0.5400 0.7422 -0.3969
vn 0.9876 0.1543 -0.0288
vn 0.9741 0.2005 0.1045
vn -0.9993 0.0330 -0.0175
vn -0.9586 -0.2741 0.0778
vn -0.9989 0.0420 -0.0185
vn -0.9678 0.1789 -0.1770
vn -0.9775 -0.2014 0.0623
vn -0.9756 0.1437 -0.1658
vn -0.9631 -0.2315 0.1369
vn -0.9872 0.1118 -0.1135
vn -0.9969 0.0790 -0.0030
vn -0.9496 -0.2896 0.1201
vn -0.8001 -0.5514 0.2361
vn -0.7728 -0.5611 0.2967
vn -0.9448 -0.2614 0.1974
vn -0.7618 -0.5681 0.3113
vn -0.9854 -0.1700 -0.0040
vn -0.7521 -0.6086 0.2529
vn -0.7815 0.5283 -0.3319
vn -0.7780 0.5116 -0.3648
vn -0.8324 0.4964 -0.2463
vn -0.8527 0.4486 -0.2677
vn -0.8889 0.4049 -0.2142
vn -0.9473 0.1708 -0.2711
vn -0.9759 -0.1473 -0.1609
vn -0.8340 -0.5518 0.0065
vn -0.7642 -0.6128 0.2011
vn 0.7485 -0.5843 0.3137
vn 0.4630 -0.7633 0.4506
vn 0.7523 -0.5555 0.3542
vn -0.1515 -0.8900 0.4301
vn -0.1939 -0.8813 0.4309
vn 0.9533 -0.2149 0.2121
vn 0.9517 -0.2552 0.1709
vn 0.4685 -0.7905 0.3945
vn -0.2198 -0.8701 0.4411
vn 0.7649 -0.5824 0.2750
vn 0.9560 -0.2221 0.1917
vn 0.9492 -0.2056 0.2382
vn 0.7627 -0.5324 0.3672
vn 0.4310 -0.7868 0.4418
vn -0.2128 -0.8910 0.4010
vn 0.9319 -0.1634 0.3239
vn 0.3797 -0.8302 0.4081
vn 0.7253 -0.5564 0.4055
vn -0.1980 -0.9079 0.3696
vn -0.7954 -0.5542 0.2452
vn 0.3542 -0.8279 0.4349
vn 0.7207 -0.5308 0.4459
vn -0.1879 -0.9216 0.3395
vn 0.2824 -0.8473 0.4498
vn -0.4841 -0.8617 0.1520
vn 0.4254 -0.8315 0.3573
vn -0.2547 -0.4017 0.8796
vn 0.5682 -0.2335 0.7891
vn 0.2575 -0.4734 0.8424
vn 0.6921 0.1010 0.7147
vn 0.6906 0.4331 0.5792
vn 0.5684 0.6949 0.4405
vn 0.3231 0.8977 0.2997
vn -0.0686 0.9653 0.2518
vn -0.4709 0.8484 0.2417
vn -0.7404 0.5682 0.3590
vn -0.8095 0.2941 0.5081
vn -0.7884 0.0637 0.6119
vn -0.6752 -0.2131 0.7062
vn -0.1074 0.1881 0.9763
vn -0.1687 0.1582 0.9729
vn -0.2871 0.2826 0.9153
vn -0.3065 0.3238 0.8951
vn -0.4335 0.3396 0.8347
vn -0.4638 0.4085 0.7861
vn -0.1904 0.6208 0.7605
vn -0.3018 0.5395 0.7860
vn -0.0454 0.6407 0.7665
vn 0.2593 0.5087 0.8210
vn 0.3306 0.4903 0.8064
vn 0.2970 0.4595 0.8370
vn 0.2480 0.4002 0.8822
vn 0.1637 0.3100 0.9365
vn 0.0601 0.2915 0.9547
vn -0.0566 0.2375 0.9697
vn 0.3734 0.6939 0.6157
vn 0.1656 0.5397 0.8254
vn 0.5076 0.5031 0.6994
vn 0.4673 0.5516 0.6909
vn -0.2607 0.8065 0.5307
vn 0.0648 0.8029 0.5926
vn -0.5049 0.6475 0.5709
vn -0.6514 0.4405 0.6178
vn -0.2245 0.2348 0.9457
vn -0.1717 0.7202 0.6722
vn 0.0923 0.6426 0.7606
vn 0.1423 0.6428 0.7527
vn 0.1942 0.6039 0.7730
vn -0.1460 0.6939 0.7051
vn -0.0092 0.2668 0.9637
vn -0.3881 0.5050 0.7709
vn -0.2842 0.6596 0.6959
vn -0.4238 0.2386 0.8738
vn 0.5829 0.2777 0.7636
vn 0.5253 0.4524 0.7207
vn -0.6401 0.1801 0.7469
vn -0.3974 0.3154 0.8618
vn -0.6988 0.2634 0.6651
vn -0.2617 -0.8361 0.4821
vn -0.6864 -0.6883 0.2345
vn -0.6239 -0.6335 0.4576
vn -0.8964 -0.3504 0.2715
vn -0.9977 -0.0373 -0.0565
vn -0.9851 0.1353 -0.1063
vn -0.7801 0.5512 -0.2959
vn -0.7396 0.6025 -0.2999
vn -0.3860 0.7616 -0.5205
vn 0.1559 0.8919 -0.4244
vn -0.3753 0.8297 -0.4132
vn 0.6499 0.6936 -0.3107
vn 0.5992 0.7689 -0.2232
vn 0.8236 0.5446 -0.1582
vn 0.9191 0.3936 -0.0200
vn 0.8100 0.5818 -0.0734
vn 0.9983 -0.0491 -0.0313
vn 0.8062 -0.4805 0.3452
vn 0.9969 0.0468 0.0637
vn 0.7687 -0.6051 0.2073
vn 0.2513 -0.8302 0.4977
vn 0.9866 0.0526 0.1546
vn 0.7483 -0.6267 0.2176
vn 0.2303 -0.9321 0.2796
vn -0.7030 -0.7085 0.0621
vn -0.3372 -0.9065 0.2541
vn -0.3703 -0.9217 0.1155
vn -0.8749 -0.4843 0.0073
vn -0.9822 -0.0714 -0.1736
vn -0.8783 -0.4595 0.1317
vn -0.8115 0.3983 -0.4276
vn 0.2677 0.6566 -0.7052
vn -0.4493 0.5587 -0.6971
vn 0.7139 0.5370 -0.4493
vn 0.2335 0.8161 -0.5286
vn 0.8595 0.4962 -0.1231
vn 0.9214 0.3617 -0.1422
vn -0.7409 -0.6692 -0.0565
vn -0.3832 -0.9236 -0.0084
vn -0.8816 -0.4670 -0.0684
vn -0.9514 -0.1548 -0.2664
vn -0.8232 0.1886 -0.5355
vn 0.2617 0.5906 -0.7633
vn -0.5433 0.3916 -0.7426
vn 0.8795 0.4370 -0.1884
vn 0.8090 0.4846 0.3327
vn 0.8820 0.4712 0.0097
vn 0.8862 0.2725 0.3746
vn 0.2685 -0.9371 0.2229
vn 0.8214 -0.4303 0.3743
vn 0.6959 0.6210 0.3606
vn -0.3831 0.1558 0.9105
vn -0.3723 0.0572 0.9264
vn 0.4431 0.4908 0.7501
vn 0.3184 0.6439 0.6957
vn 0.4577 0.5303 0.7137
vn 0.7875 0.1657 0.5936
vn 0.7283 0.5641 0.3890
vn 0.7572 0.3840 0.5284
vn 0.6833 0.4678 0.5606
vn 0.7339 0.6728 0.0933
vn 0.7214 0.6874 0.0840
vn 0.7133 0.6973 0.0713
vn 0.7126 0.6636 0.2277
vn 0.6323 0.7633 0.1324
vn 0.6833 0.5313 0.5008
vn 0.5309 0.6851 0.4988
vn 0.6808 0.5150 0.5208
vn 0.4642 0.7329 0.4974
vn 0.3642 0.8037 0.4705
vn 0.7654 0.4900 0.4172
vn 0.4068 0.8638 0.2973
vn -0.0572 0.9973 0.0454
vn 0.7228 0.6642 0.1908
vn 0.7189 0.6014 0.3486
vn 0.6091 0.7929 0.0161
vn 0.3367 0.8927 -0.2995
vn 0.2952 0.9550 -0.0295
vn 0.4792 0.8475 0.2283
vn 0.1359 0.9723 -0.1901
vn 0.1389 0.9868 0.0827
vn 0.6420 0.7664 -0.0228
vn 0.7524 0.6231 0.2138
vn 0.5005 0.8445 -0.1909
vn 0.6769 0.7201 -0.1523
vn 0.7412 0.6468 -0.1799
vn 0.4754 0.7460 -0.4663
vn 0.8066 0.5458 0.2269
vn 0.5799 0.8123 0.0621
vn 0.7013 0.6685 -0.2478
vn 0.5126 0.8044 -0.3003
vn 0.1400 0.8948 -0.4239
vn 0.4731 0.8115 -0.3429
vn 0.6853 0.6702 -0.2849
vn 0.4579 0.8417 -0.2861
vn -0.0589 0.8931 -0.4460
vn 0.0021 0.9923 -0.1238
vn 0.7235 0.6881 -0.0556
vn 0.7250 0.6451 -0.2415
vn 0.9526 0.0125 0.3039
vn 0.6783 0.6564 0.3302
vn 0.1537 0.8481 -0.5070
vn 0.6888 0.7019 -0.1813
vn 0.4723 0.7775 -0.4152
vn -0.0933 0.9323 -0.3495
vn 0.6909 0.6829 -0.2372
vn 0.3042 0.9020 -0.3063
vn -0.0840 0.9109 -0.4040
vn 0.6130 0.7770 -0.1433
vn -0.0623 0.9643 -0.2573
vn -0.2692 0.9285 -0.2556
vn 0.3011 0.8963 -0.3255
vn 0.4402 0.8977 0.0210
vn 0.5136 0.8498 -0.1183
vn -0.3556 0.9344 -0.0195
vn 0.0067 0.9902 0.1395
vn 0.6055 0.6267 0.4905
vn 0.4922 0.7428 0.4539
vn 0.5003 0.7462 0.4393
vn 0.5837 0.7354 0.3440
vn 0.2260 0.5016 0.8350
vn 0.4147 0.3832 0.8253
vn 0.1942 -0.0140 0.9809
vn 0.2901 -0.7673 0.5720
vn -0.4265 -0.1129 0.8974
vn -0.5769 0.4897 0.6538
vn -0.4353 0.6347 0.6386
vn -0.5224 0.0193 0.8525
vn -0.2533 0.7334 0.6308
vn 0.0240 0.7793 0.6261
vn -0.3638 0.1256 0.9230
vn 0.1422 0.0224 0.9896
vn 0.1666 -0.1923 0.9671
vn 0.1339 -0.1285 0.9826
vn -0.1456 -0.8187 0.5555
vn -0.1204 0.1766 0.9769
vn -0.4252 -0.7532 0.5019
vn 0.1585 -0.9699 0.1847
vn -0.0915 0.9858 0.1408
vn 0.6381 0.6387 0.4299
vn 0.4201 0.9062 -0.0488
vn 0.9148 0.3694 0.1634
vn 0.8697 0.1058 0.4821
vn 0.3120 0.7835 -0.5374
vn 0.8334 0.5271 -0.1661
vn 0.9352 0.3449 -0.0802
vn 0.2341 0.9069 -0.3502
vn 0.4838 0.6756 0.5563
vn 0.8685 0.4834 0.1095
vn 0.2429 0.7997 -0.5490
vn 0.0041 0.9540 0.2997
vn 0.9409 0.3385 0.0122
vn 0.4514 0.8451 -0.2866
vn 0.5787 -0.5166 0.6310
vn -0.9968 0.0765 0.0219
vn -0.3642 0.9186 -0.1534
vn -0.9788 0.0935 0.1822
vn -0.4780 -0.8213 0.3116
vn -0.3335 -0.8221 0.4615
vn -0.5554 -0.5499 0.6238
vn -0.0671 -0.7459 0.6627
vn -0.1967 -0.7194 0.6662
vn -0.6017 -0.7107 0.3646
vn -0.6806 -0.5662 0.4649
vn -0.5018 -0.7257 0.4707
vn 0.0999 -0.7727 0.6269
vn 0.1765 -0.7849 0.5940
vn -0.7400 -0.5229 0.4231
vn 0.1206 -0.6671 0.7352
vn -0.0462 -0.7060 0.7067
vn -0.5199 -0.5896 0.6181
vn 0.1132 -0.6602 0.7425
vn -0.1467 -0.7040 0.6949
vn -0.0032 -0.6811 0.7322
vn -0.6166 -0.6636 0.4236
vn 0.0528 -0.7802 0.6234
vn -0.5688 -0.5395 0.6208
vn -0.4198 -0.8098 0.4099
vn -0.0444 -0.7866 0.6159
vn -0.3213 -0.6701 0.6692
vn -0.2398 -0.8807 0.4085
vn -0.8248 -0.4919 0.2788
vn -0.8701 -0.4790 0.1159
vn -0.7019 -0.6869 0.1886
vn -0.7707 -0.6348 0.0554
vn -0.5663 -0.7979 0.2065
vn -0.5619 -0.8193 0.1140
vn -0.9994 -0.0100 0.0336
vn -0.7605 0.6288 -0.1619
vn -0.9855 -0.1584 -0.0613
vn -0.5517 -0.7475 0.3700
vn -0.2654 -0.7609 0.5921
vn -0.4929 -0.7035 0.5120
vn -0.8524 -0.4828 0.2007
vn -0.9898 0.0157 -0.1417
vn -0.9957 0.0597 -0.0702
vn -0.8204 -0.5430 0.1791
vn -0.6420 -0.6799 0.3544
vn -0.7120 -0.5563 0.4284
vn -0.9533 -0.2861 0.0971
vn -0.8144 -0.5200 0.2578
vn -0.9496 -0.2441 0.1968
vn -0.3189 -0.8922 0.3196
vn -0.5483 -0.7139 0.4356
vn -0.1259 -0.8608 0.4932
vn -0.2718 -0.7236 0.6344
vn -0.6394 -0.7635 0.0905
vn -0.5504 -0.8331 0.0550
vn -0.9791 -0.0847 -0.1849
vn -0.7238 -0.6900 0.0052
vn -0.9192 -0.3933 0.0204
vn -0.2770 -0.9115 0.3040
vn -0.5135 -0.8114 0.2792
vn -0.7292 -0.6503 0.2133
vn -0.0653 -0.8876 0.4559
vn -0.3137 -0.7689 0.5572
vn -0.5745 -0.5659 0.5914
vn -0.6288 -0.6347 0.4492
vn -0.2916 -0.8632 0.4121
vn -0.5641 -0.7889 0.2437
vn -0.8160 -0.5755 0.0546
vn -0.3323 -0.7036 0.6281
vn -0.6743 -0.5971 0.4346
vn -0.9502 -0.2346 0.2050
vn -0.7248 0.6538 -0.2173
vn -0.7105 0.6918 -0.1289
vn -0.0046 1.0000 -0.0047
vn -0.5861 0.8031 -0.1076
vn 0.2939 -0.4648 0.8352
vn -0.4712 -0.8096 0.3500
vn -0.7192 -0.6729 0.1732
vn -0.8901 -0.4430 -0.1069
vn -0.9260 -0.3690 -0.0791
vn -0.6551 -0.7391 0.1570
vn -0.7157 -0.6977 0.0317
vn -0.8007 -0.5409 -0.2576
vn -0.8584 -0.4655 -0.2155
vn -0.8191 -0.5114 -0.2599
vn -0.8862 -0.3089 -0.3454
vn -0.5962 -0.8023 -0.0289
vn -0.7243 -0.6797 -0.1157
vn -0.2129 -0.9578 0.1934
vn -0.2554 -0.8636 0.4347
vn 0.0384 -0.7797 0.6250
vn 0.0655 -0.8329 0.5496
vn 0.7585 -0.4304 0.4893
vn 0.7698 -0.4423 0.4602
vn -0.0065 -0.6649 0.7469
vn 0.7446 -0.3832 0.5465
vn 0.8190 -0.3702 0.4385
vn 0.8908 0.2844 0.3543
vn 0.1946 -0.8258 0.5294
vn 0.3566 -0.8487 0.3904
vn -0.5286 -0.5774 0.6222
vn 0.0015 -0.6331 0.7741
vn -0.4213 -0.5997 0.6804
vn 0.0602 0.0084 0.9982
vn -0.3351 0.0769 0.9390
vn -0.0665 -0.6332 0.7711
vn 0.6930 -0.2735 0.6670
vn 0.8357 -0.2322 0.4976
vn -0.7699 0.6274 -0.1167
vn -0.9725 0.0799 -0.2189
vn -0.0192 0.9975 0.0685
vn 0.9244 0.3273 0.1959
vn 0.8697 -0.3290 0.3680
vn 0.6731 0.6963 0.2492
vn 0.8149 0.3737 0.4430
vn 0.6042 0.6762 0.4216
vn 0.7150 0.6987 -0.0228
vn 0.8956 0.4280 0.1209
vn 0.8343 0.4278 0.3477
vn 0.8012 0.3157 0.5084
vn 0.5597 0.3934 0.7293
vn 0.5239 0.5193 0.6752
vn -0.0098 0.9638 0.2665
vn 0.5947 0.7980 -0.0975
vn 0.7871 0.4787 0.3890
vn 0.7705 0.6091 -0.1880
vn -0.7567 0.6089 -0.2381
vn -0.3894 0.4853 0.7828
vn -0.7905 0.6076 -0.0774
vn -0.9144 0.1838 -0.3607
vn -0.8439 -0.4902 -0.2181
vn 0.3718 -0.8903 0.2629
vn -0.2561 -0.9646 0.0625
vn -0.8855 0.0647 -0.4602
vn -0.7449 -0.6527 -0.1386
vn -0.9244 -0.1987 -0.3257
vn -0.9450 0.2277 -0.2348
vn -0.5962 -0.8016 -0.0454
vn 0.0964 0.6981 -0.7095
vn -0.5953 0.3124 -0.7403
vn 0.8297 -0.3645 0.4228
vn 0.7757 -0.4776 0.4126
vn 0.9270 0.3283 0.1815
vn 0.5561 -0.1831 0.8107
vn 0.8244 0.4564 0.3348
vn -0.3756 -0.6905 0.6181
vn 0.5829 -0.3833 0.7164
vn -0.9665 -0.2065 -0.1524
vn -0.6878 -0.2079 0.6955
vn -0.6217 0.5076 -0.5965
vn -0.9843 0.0003 -0.1767
vn 0.3444 0.8060 -0.4814
vn -0.6157 0.5599 -0.5545
vn 0.3055 0.8946 -0.3261
vn -0.9456 -0.2762 -0.1719
vn -0.3077 -0.6719 0.6737
vn -0.5739 0.5103 -0.6405
vn 0.3490 0.7595 -0.5490
vn 0.9221 0.3000 0.2443
vn 0.5520 -0.3294 0.7661
vn 0.7868 0.4876 0.3785
vn 0.4663 0.7927 -0.3927
vn 0.3229 -0.0478 0.9452
vn -0.5194 -0.3820 0.7644
vn -0.3900 0.4442 -0.8066
vn -0.9351 -0.2100 -0.2856
vn 0.5448 0.1603 0.8231
vn 0.6537 0.4479 0.6100
vn -0.9574 0.2874 0.0276
vn -0.9127 0.1460 -0.3817
vn -0.6682 0.3619 -0.6501
vn -0.0169 0.7626 -0.6466
vn 0.6501 0.7590 0.0351
vn 0.7438 0.2799 0.6070
vn -0.6933 -0.0001 0.7207
vn -0.2064 0.3959 0.8948
vn -0.9194 0.3173 -0.2323
vn -0.5435 0.8393 -0.0104
vn 0.3567 0.6807 0.6399
vn 0.1120 0.9749 -0.1924
vn -0.1060 -0.3890 0.9151
vn -0.6810 -0.5623 0.4691
vn -0.5376 -0.0917 0.8382
vn 0.2164 -0.7768 0.5914
vn 0.3328 -0.2633 0.9055
vn -0.4613 0.0808 0.8836
vn 0.5039 0.7554 0.4189
vn -0.0564 -0.0810 0.9951
vn -0.1041 0.9592 0.2628
vn 0.6533 -0.2227 0.7236
vn 0.3331 0.7776 0.5333
vn 0.1932 0.0668 0.9789
vn 0.3737 0.0206 0.9273
vn 0.4650 -0.3339 0.8199
vn 0.7813 0.3149 0.5390
vn 0.1366 0.6901 0.7108
vn -0.3716 0.8985 0.2336
vn 0.6359 0.7291 0.2531
vn -0.4081 0.9130 -0.0015
vn -0.5464 -0.0786 0.8338
vn -0.8994 0.3261 0.2911
vn 0.7929 -0.1089 0.5996
vn 0.1378 -0.2449 0.9597
vn -0.1990 0.8602 0.4696
vn 0.3955 0.6874 0.6091
vn -0.2987 0.8242 0.4810
vn -0.7220 0.0345 0.6911
vn -0.3374 0.2304 0.9127
vn 0.7726 -0.3424 0.5347
vn 0.7846 -0.4408 0.4360
vn 0.7441 -0.5798 0.3319
vn 0.4576 -0.8676 0.1948
vn -0.0816 -0.7192 0.6900
vn -0.0965 -0.6614 0.7438
vn 0.3378 -0.7775 0.5305
vn 0.7398 -0.6723 -0.0276
vn 0.0295 -0.8115 0.5836
vn 0.8129 0.0009 0.5824
vn -0.6105 -0.7918 -0.0184
vn -0.3550 -0.6911 -0.6296
vn 0.3171 -0.7623 -0.5642
vn -0.0783 -0.9539 -0.2898
vn 0.2169 -0.8489 0.4821
vn -0.0190 -0.8092 0.5872
vn 0.1555 -0.9862 0.0565
vn 0.3646 -0.8915 0.2689
vn 0.4504 -0.8872 0.1004
vn 0.0807 -0.9950 -0.0596
vn 0.3347 -0.9098 0.2456
vn 0.3638 -0.9192 -0.1506
vn 0.0557 -0.9777 -0.2023
vn 0.1637 -0.9796 0.1168
vn 0.3151 -0.9203 -0.2317
vn 0.0232 -0.6364 0.7710
vn 0.3340 -0.4542 0.8259
vn 0.3064 -0.7504 0.5856
vn -0.0613 -0.7661 0.6398
vn 0.3255 -0.7493 0.5767
vn -0.0143 -0.7751 0.6317
vn -0.0381 -0.9342 0.3548
vn 0.0520 -0.9792 0.1959
vn -0.1808 0.0601 0.9817
vn -0.0163 0.1171 0.9930
vn -0.0467 -0.9853 0.1643
vn 0.0878 0.1059 0.9905
vn 0.4850 -0.8123 0.3240
vn 0.3963 -0.4335 0.8093
vn 0.3407 -0.8593 0.3816
vn 0.2509 -0.9679 0.0139
vn 0.2927 -0.7920 0.5358
vn 0.2353 -0.9496 0.2072
vn 0.2636 -0.9642 -0.0267
vn 0.1645 -0.8904 0.4244
vn 0.2499 -0.9626 0.1043
vn 0.2110 -0.9362 -0.2811
vn 0.3473 -0.8952 0.2793
vn -0.1933 -0.9808 -0.0277
vn -0.2807 -0.9485 0.1468
vn -0.4537 -0.7227 0.5214
vn -0.2489 -0.9643 -0.0908
vn -0.4491 -0.7022 0.5525
vn -0.3101 -0.9076 -0.2831
vn -0.2923 -0.9360 0.1962
vn -0.3931 -0.7193 0.5728
vn -0.6029 -0.6850 0.4090
vn -0.4509 -0.7420 -0.4960
vn -0.5441 -0.6688 0.5066
vn -0.5963 -0.7835 0.1749
vn -0.4364 -0.8819 0.1784
vn -0.5429 -0.8113 -0.2169
vn -0.3733 -0.8872 -0.2712
vn -0.6582 -0.6012 0.4532
vn -0.5496 -0.6344 0.5436
vn -0.4855 -0.8451 0.2239
vn -0.4872 -0.8596 -0.1541
vn -0.3395 -0.9346 -0.1059
vn -0.6350 -0.6650 0.3931
vn -0.5546 -0.6755 0.4860
vn -0.4276 -0.8986 0.0984
vn -0.4232 -0.9023 0.0816
vn -0.3915 -0.9183 -0.0593
vn -0.3126 -0.9425 -0.1182
vn -0.5863 -0.5291 0.6135
vn -0.4358 -0.6166 0.6556
vn -0.3083 -0.9045 0.2946
vn -0.3846 -0.8492 -0.3618
vn 0.2129 -0.4482 0.8682
vn -0.1382 -0.3921 0.9095
vn -0.4395 0.0855 0.8942
vn -0.5061 0.1080 0.8557
vn -0.6438 -0.5092 0.5712
vn -0.5820 0.2314 0.7796
vn -0.5231 -0.4902 0.6972
vn -0.7486 -0.2570 0.6113
vn -0.3501 -0.4353 0.8294
vn 0.3644 -0.9068 0.2120
vn 0.1530 -0.9248 0.3485
vn 0.3179 -0.7980 0.5120
vn 0.4562 -0.8643 0.2117
vn 0.4683 -0.8825 -0.0433
vn 0.8655 -0.4949 0.0776
vn 0.4592 -0.8319 0.3116
vn 0.4856 -0.6763 0.5539
vn 0.7692 -0.6387 -0.0174
vn 0.8474 -0.2380 0.4747
vn 0.9743 -0.1509 -0.1670
vn 0.8057 -0.5359 -0.2524
vn 0.9764 -0.1780 -0.1226
vn 0.9391 -0.2484 -0.2374
vn 0.7897 -0.6094 -0.0706
vn 0.5025 -0.8186 0.2781
vn 0.5537 -0.7622 -0.3353
vn 0.8807 -0.4388 -0.1785
vn 0.6587 -0.7509 0.0470
vn 0.6194 -0.7844 -0.0338
vn 0.7977 -0.5265 -0.2941
vn 0.5128 -0.6346 0.5782
vn 0.7963 -0.1045 0.5958
vn 0.4519 -0.3920 0.8013
vn 0.8200 -0.2487 0.5154
vn 0.9520 0.1953 0.2356
vn 0.9963 0.0711 -0.0487
vn 0.9696 0.2256 0.0949
vn 0.5558 0.5871 0.5885
vn 0.8875 0.2905 0.3578
vn 0.8361 0.4136 0.3603
vn 0.5475 0.4772 0.6874
vn 0.9509 0.1507 0.2703
vn 0.9628 0.2212 0.1551
vn 0.6289 -0.7501 0.2045
vn 0.9834 -0.1232 -0.1335
vn 0.8037 -0.4894 -0.3385
vn 0.9325 -0.2609 -0.2499
vn 0.9581 -0.2310 -0.1695
vn 0.9181 -0.3495 -0.1867
vn 0.8282 -0.4006 -0.3920
vn 0.9098 -0.3315 -0.2499
vn 0.7562 -0.4801 -0.4445
vn 0.1171 -0.6459 0.7544
vn -0.1292 -0.8446 0.5196
vn -0.0656 -0.8422 0.5352
vn -0.0387 -0.9468 0.3194
vn 0.2845 -0.7441 -0.6045
vn 0.6141 -0.6400 -0.4618
vn -0.3442 -0.7726 -0.5334
vn -0.3183 -0.9448 -0.0778
vn 0.0937 -0.5348 -0.8397
vn -0.2158 -0.3944 -0.8932
vn -0.1502 -0.6224 -0.7681
vn 0.1689 -0.7688 -0.6168
vn -0.2295 -0.6651 -0.7106
vn 0.4565 -0.6320 -0.6262
vn -0.1828 -0.7276 -0.6612
vn 0.1517 -0.7562 -0.6365
vn 0.4014 -0.5987 -0.6931
vn -0.2061 -0.4445 -0.8717
vn 0.0880 -0.9149 -0.3940
vn -0.1862 -0.4400 -0.8785
vn -0.1795 -0.2696 -0.9461
vn -0.2004 -0.7328 -0.6503
vn -0.0078 -0.7691 -0.6391
vn 0.9454 -0.0062 0.3257
vn 0.1831 -0.7996 0.5720
vn 0.2630 -0.8727 0.4114
vn 0.9198 0.0091 0.3922
vn -0.1013 -0.8182 0.5660
vn -0.5706 0.3328 0.7508
vn 0.7976 -0.0610 0.6002
vn 0.1773 -0.8797 0.4413
vn -0.9782 -0.1922 0.0783
vn -0.7804 -0.5873 -0.2148
vn -0.7798 -0.4387 -0.4467
vn -0.6409 -0.7520 0.1541
vn -0.9539 -0.1345 0.2683
vn -0.9259 -0.3765 -0.0323
vn -0.8458 -0.3682 -0.3860
vn -0.9188 -0.3938 -0.0275
vn -0.8737 -0.3019 -0.3814
vn -0.9060 -0.1298 0.4028
vn -0.9601 -0.2687 0.0768
vn -0.8778 -0.3945 -0.2717
vn -0.9682 -0.2489 -0.0271
vn -0.9403 -0.3379 -0.0412
vn -0.8636 -0.4420 -0.2423
vn -0.9306 -0.3005 -0.2090
vn -0.9320 -0.3613 0.0310
vn -0.9917 -0.1283 0.0106
vn -0.6948 -0.5291 -0.4871
vn -0.8327 -0.4469 -0.3270
vn -0.9569 -0.2778 -0.0841
vn -0.8399 0.0766 0.5373
vn -0.8049 -0.4354 0.4031
vn -0.9363 -0.3449 -0.0663
vn -0.4896 -0.7082 -0.5088
vn -0.7596 -0.4839 -0.4346
vn -0.4921 -0.6067 -0.6243
vn -0.3544 -0.7054 -0.6138
vn -0.6114 -0.7856 -0.0944
vn -0.6707 -0.7322 -0.1188
vn -0.3891 -0.9207 -0.0321
vn -0.4113 -0.9109 0.0344
vn -0.6137 -0.3280 0.7182
vn -0.8730 -0.4658 -0.1445
vn -0.9650 -0.1944 -0.1757
vn -0.9740 0.1501 -0.1695
vn -0.8880 0.4352 -0.1484
vn -0.7970 -0.3456 0.4954
vn -0.8566 -0.1764 0.4850
vn -0.8069 0.3036 0.5067
vn -0.8472 0.0718 0.5264
vn -0.4720 0.7199 0.5089
vn -0.2217 0.9733 0.0596
vn 0.4096 -0.9116 -0.0356
vn 0.0332 -0.8061 -0.5909
vn 0.3753 -0.6914 -0.6173
vn -0.0700 -0.9948 0.0740
vn -0.1914 -0.7741 -0.6034
vn -0.4078 -0.9101 0.0736
vn 0.0098 -0.7769 -0.6296
vn 0.5690 -0.4424 -0.6932
vn 0.5010 -0.2013 -0.8417
vn 0.3728 -0.0773 -0.9247
vn -0.0190 -0.6026 -0.7978
vn 0.3387 -0.8237 -0.4548
vn 0.3704 -0.7739 0.5137
vn 0.4732 -0.8070 -0.3534
vn 0.0315 -0.2861 -0.9577
vn 0.0556 -0.2164 -0.9747
vn 0.0686 -0.2160 -0.9740
vn 0.4253 0.5518 0.7173
vn 0.3694 0.5819 0.7246
vn 0.3882 0.7612 0.5196
vn 0.4971 0.7322 0.4656
vn 0.3691 0.5803 0.7260
vn 0.7033 0.2593 0.6619
vn 0.1285 0.1636 0.9781
vn 0.2770 0.4521 0.8479
vn 0.5703 -0.0843 0.8171
vn 0.5976 0.6030 0.5284
vn 0.3483 0.2063 0.9144
vn 0.2750 0.7901 0.5479
vn 0.4846 0.4332 0.7599
vn -0.7937 0.1171 0.5970
vn -0.0443 0.7558 0.6533
vn -0.7473 0.6634 0.0388
vn -0.2451 0.9065 0.3439
vn 0.3636 0.6100 0.7041
vn -0.3597 0.7933 0.4913
vn 0.4581 0.5607 0.6898
vn -0.3761 0.7862 0.4903
vn -0.9127 0.4078 0.0261
vn -0.9171 0.3719 0.1437
vn -0.6087 0.7411 0.2833
vn -0.3381 0.6665 0.6644
vn -0.2573 0.7934 0.5516
vn 0.5066 0.5589 0.6566
vn -0.8624 0.5057 0.0223
vn -0.3610 0.9100 0.2039
vn 0.1835 0.8292 0.5280
vn 0.3438 0.7640 0.5460
vn -0.2325 0.7741 0.5889
vn -0.7889 0.5707 0.2277
vn 0.3338 0.1771 0.9258
vn 0.0401 0.4191 0.9070
vn -0.0991 0.4060 0.9085
vn -0.3858 0.1143 0.9155
vn -0.4024 0.6939 0.5972
vn 0.3528 0.6606 0.6627
vn -0.8662 0.3134 0.3892
vn -0.3673 0.8931 0.2597
vn -0.2410 0.8244 0.5121
vn -0.0355 0.8773 0.4787
vn -0.7173 0.3789 0.5847
vn -0.7021 0.5361 0.4687
vn -0.7601 0.6341 -0.1421
vn -0.1437 0.7083 0.6911
vn -0.0840 0.3687 0.9258
vn -0.0581 0.3948 0.9169
vn -0.1498 0.4929 0.8571
vn -0.0558 0.3726 0.9263
vn -0.0760 0.4819 0.8729
vn 0.2342 0.8742 0.4254
vn 0.1205 0.8193 0.5606
vn -0.0623 0.4584 0.8865
vn 0.4093 0.8185 0.4032
vn 0.0687 0.4594 0.8856
vn 0.5472 0.7221 0.4232
vn 0.7150 0.5214 0.4658
vn 0.7260 0.4868 0.4857
vn 0.8966 0.1921 0.3989
vn 0.8593 0.1175 0.4979
vn -0.1677 0.3541 0.9201
vn 0.9476 -0.0900 0.3065
vn 0.9239 0.1435 0.3547
vn 0.8704 0.3942 0.2948
vn 0.8608 0.4951 0.1182
vn 0.4588 0.2915 0.8394
vn 0.8561 -0.3207 0.4052
vn 0.2278 -0.2481 0.9416
vn 0.2729 -0.1591 0.9488
vn 0.2770 0.1030 0.9553
vn 0.2144 0.2893 0.9329
vn -0.6689 -0.4445 0.5958
vn -0.7377 -0.6746 -0.0273
vn 0.6674 0.5769 0.4709
vn 0.8059 0.2199 0.5497
vn 0.7058 0.4615 0.5374
vn 0.7603 0.1739 0.6258
vn 0.9104 0.0365 0.4121
vn 0.8167 -0.1873 0.5458
vn 0.4750 -0.8697 0.1343
vn 0.7746 -0.6127 0.1572
vn 0.4357 -0.8858 0.1595
vn 0.9321 -0.3351 0.1376
vn 0.7588 -0.6362 0.1397
vn 0.9490 -0.2678 0.1664
vn 0.9934 0.0660 0.0935
vn 0.9862 0.0976 0.1338
vn 0.8584 0.5111 0.0438
vn 0.5809 0.8080 -0.0988
vn 0.5211 0.8527 -0.0373
vn 0.1355 0.9859 -0.0984
vn 0.0179 0.9968 -0.0776
vn -0.3444 0.9368 -0.0621
vn -0.5003 0.8596 -0.1034
vn 0.8752 0.4836 -0.0086
vn 0.4298 -0.1799 0.8848
vn 0.3261 -0.6424 0.6936
vn 0.6214 -0.3741 0.6884
vn 0.7432 -0.0856 0.6635
vn 0.7348 0.1864 0.6522
vn 0.6403 0.4806 0.5991
vn 0.3351 0.7402 0.5830
vn -0.1122 0.8485 0.5171
vn -0.5047 0.7088 0.4929
vn -0.7408 0.6662 -0.0858
vn -0.1682 -0.7117 0.6821
vn -0.3312 -0.6648 0.6696
vn -0.5405 -0.5757 0.6136
vn 0.0227 -0.7067 0.7072
vn -0.0918 0.3271 0.9405
vn -0.3281 0.0891 0.9404
vn -0.2755 -0.0540 0.9598
vn -0.1224 -0.0637 0.9904
vn -0.1250 -0.1774 0.9762
vn -0.0767 -0.2035 0.9761
vn 0.1093 -0.0908 0.9899
vn -0.1815 0.3026 0.9357
vn 0.1245 -0.0350 0.9916
vn 0.0156 0.5625 0.8267
vn 0.3519 -0.0358 0.9353
vn 0.1476 -0.3520 0.9243
vn -0.4063 -0.3105 0.8593
vn -0.6276 0.2047 0.7512
vn -0.1795 -0.9808 0.0762
vn 0.0891 -0.9855 0.1443
vn -0.1577 -0.9777 0.1387
vn 0.0672 -0.9829 0.1715
vn 0.3766 0.5642 0.7347
vn 0.7964 -0.6037 -0.0357
vn -0.4946 0.1967 -0.8465
vt 0.789573 0.188216
vt 0.789314 0.186290
vt 0.790391 0.186350
vt 0.789333 0.184031
vt 0.791204 0.184393
vt 0.789715 0.181689
vt 0.791652 0.181822
vt 0.790369 0.179630
vt 0.791540 0.179555
vt 0.790898 0.177568
vt 0.791807 0.177451
vt 0.792714 0.179627
vt 0.792956 0.182288
vt 0.791068 0.186869
vt 0.792226 0.184759
vt 0.788625 0.183953
vt 0.788928 0.181571
vt 0.789845 0.179374
vt 0.789139 0.176627
vt 0.787905 0.178626
vt 0.786803 0.181323
vt 0.788725 0.186395
vt 0.789122 0.188438
vt 0.787582 0.186567
vt 0.786843 0.184213
vt 0.788658 0.188349
vt 0.784227 0.181173
vt 0.784912 0.177693
vt 0.786987 0.174971
vt 0.788774 0.173352
vt 0.791556 0.174531
vt 0.790735 0.174432
vt 0.791525 0.171718
vt 0.786268 0.188018
vt 0.784501 0.185145
vt 0.789990 0.188493
vt 0.794351 0.185506
vt 0.792642 0.187685
vt 0.790981 0.189084
vt 0.795336 0.179476
vt 0.795451 0.182771
vt 0.794428 0.176632
vt 0.793792 0.174286
vt 0.793486 0.171900
vt 0.794723 0.189089
vt 0.796309 0.186563
vt 0.796243 0.189551
vt 0.797706 0.187045
vt 0.797738 0.190052
vt 0.799003 0.187476
vt 0.799557 0.190727
vt 0.790788 0.211526
vt 0.791585 0.213566
vt 0.790671 0.213586
vt 0.790768 0.215693
vt 0.792920 0.222834
vt 0.792107 0.220522
vt 0.793208 0.220136
vt 0.791343 0.218185
vt 0.793051 0.217703
vt 0.792443 0.215354
vt 0.793472 0.214802
vt 0.792392 0.213126
vt 0.791555 0.211822
vt 0.789890 0.213405
vt 0.789822 0.215912
vt 0.790384 0.218508
vt 0.791252 0.220927
vt 0.788301 0.218982
vt 0.787885 0.215986
vt 0.788583 0.213162
vt 0.789756 0.211419
vt 0.790464 0.211440
vt 0.787182 0.211558
vt 0.784789 0.215724
vt 0.785479 0.219849
vt 0.789507 0.222066
vt 0.791233 0.224630
vt 0.787217 0.223666
vt 0.794539 0.220095
vt 0.793889 0.223026
vt 0.792437 0.225922
vt 0.770826 0.200623
vt 0.768339 0.204319
vt 0.768186 0.200502
vt 0.793540 0.226307
vt 0.794975 0.229080
vt 0.792830 0.227299
vt 0.797057 0.223343
vt 0.797316 0.217122
vt 0.797552 0.220414
vt 0.794542 0.217515
vt 0.795666 0.214151
vt 0.793996 0.212168
vt 0.792852 0.211029
vt 0.796412 0.211317
vt 0.798021 0.213984
vt 0.797826 0.210770
vt 0.799638 0.213468
vt 0.798555 0.210394
vt 0.800990 0.213266
vt 0.800114 0.209852
vt 0.801986 0.212531
vt 0.802719 0.208781
vt 0.804467 0.211755
vt 0.802200 0.188566
vt 0.800552 0.187915
vt 0.781340 0.220240
vt 0.781257 0.214864
vt 0.783274 0.210184
vt 0.784757 0.206646
vt 0.788631 0.203508
vt 0.787696 0.207692
vt 0.785544 0.202620
vt 0.789194 0.199576
vt 0.785706 0.199721
vt 0.788260 0.195511
vt 0.784079 0.193498
vt 0.787221 0.192438
vt 0.783501 0.190307
vt 0.786648 0.190372
vt 0.782109 0.186168
vt 0.782880 0.199990
vt 0.780734 0.202266
vt 0.780591 0.200196
vt 0.778827 0.201939
vt 0.777670 0.200355
vt 0.778882 0.200203
vt 0.777530 0.201935
vt 0.775972 0.200414
vt 0.776130 0.202245
vt 0.772400 0.200560
vt 0.777635 0.204176
vt 0.776704 0.204455
vt 0.777276 0.206498
vt 0.776236 0.205855
vt 0.776354 0.207752
vt 0.775459 0.206533
vt 0.774622 0.208637
vt 0.778828 0.204437
vt 0.778302 0.206921
vt 0.779643 0.207251
vt 0.780877 0.204434
vt 0.774978 0.220090
vt 0.778379 0.213386
vt 0.773468 0.217993
vt 0.774770 0.212251
vt 0.776524 0.212915
vt 0.772186 0.206985
vt 0.773903 0.206247
vt 0.775670 0.204457
vt 0.774911 0.205308
vt 0.774971 0.203767
vt 0.773297 0.203320
vt 0.773245 0.197481
vt 0.775155 0.197308
vt 0.776175 0.198605
vt 0.771686 0.203729
vt 0.777353 0.198613
vt 0.777101 0.196135
vt 0.775980 0.194892
vt 0.776791 0.194512
vt 0.775320 0.194047
vt 0.780361 0.198310
vt 0.778595 0.198577
vt 0.778175 0.196376
vt 0.773616 0.193365
vt 0.774058 0.196429
vt 0.774563 0.195036
vt 0.775146 0.195977
vt 0.776013 0.193149
vt 0.774323 0.191516
vt 0.771901 0.190702
vt 0.771985 0.193423
vt 0.771509 0.196958
vt 0.776337 0.196221
vt 0.782296 0.197574
vt 0.780125 0.195996
vt 0.782038 0.194813
vt 0.779707 0.194059
vt 0.780435 0.192429
vt 0.781553 0.191495
vt 0.784940 0.196421
vt 0.782313 0.205534
vt 0.782807 0.202489
vt 0.780770 0.208294
vt 0.779387 0.188274
vt 0.778174 0.190702
vt 0.792451 0.203645
vt 0.791051 0.206906
vt 0.792922 0.199645
vt 0.795891 0.202904
vt 0.795542 0.199373
vt 0.798425 0.201754
vt 0.791874 0.195200
vt 0.795146 0.195889
vt 0.796176 0.192824
vt 0.794799 0.192210
vt 0.792480 0.191294
vt 0.789491 0.190142
vt 0.790118 0.192376
vt 0.798213 0.193720
vt 0.798191 0.197050
vt 0.798449 0.199249
vt 0.801112 0.197038
vt 0.801106 0.194363
vt 0.801502 0.191464
vt 0.801649 0.203843
vt 0.801423 0.201266
vt 0.796344 0.207831
vt 0.794544 0.208846
vt 0.798893 0.207111
vt 0.802264 0.206284
vt 0.798325 0.204653
vt 0.797226 0.207641
vt 0.796233 0.205163
vt 0.794998 0.205564
vt 0.793298 0.207424
vt 0.797740 0.183298
vt 0.798076 0.179539
vt 0.797086 0.176356
vt 0.796121 0.173665
vt 0.795322 0.171081
vt 0.799980 0.175926
vt 0.799106 0.183642
vt 0.799235 0.172508
vt 0.800221 0.179689
vt 0.800495 0.183902
vt 0.801195 0.175951
vt 0.801818 0.179860
vt 0.801820 0.184603
vt 0.803488 0.179511
vt 0.800157 0.220809
vt 0.799483 0.217421
vt 0.801413 0.217098
vt 0.802084 0.220945
vt 0.799540 0.224089
vt 0.802926 0.216805
vt 0.804121 0.216462
vt 0.804661 0.220816
vt 0.796280 0.227168
vt 0.798153 0.227339
vt 0.800588 0.228195
vt 0.802892 0.224697
vt 0.801761 0.224675
vt 0.803666 0.221016
vt 0.804061 0.225053
vt 0.767061 0.204282
vt 0.766253 0.200697
vt 0.764368 0.204363
vt 0.763955 0.200787
vt 0.761411 0.203984
vt 0.761516 0.197316
vt 0.764558 0.197293
vt 0.766863 0.197371
vt 0.768707 0.197252
vt 0.763620 0.192853
vt 0.761106 0.193260
vt 0.762422 0.187554
vt 0.759758 0.187922
vt 0.761018 0.183016
vt 0.764209 0.188143
vt 0.765732 0.193107
vt 0.767972 0.193213
vt 0.768149 0.189522
vt 0.763504 0.208541
vt 0.760380 0.208605
vt 0.763092 0.213564
vt 0.759371 0.213740
vt 0.760616 0.218570
vt 0.758494 0.219123
vt 0.765789 0.208146
vt 0.764305 0.213344
vt 0.768493 0.212455
vt 0.768931 0.208049
vt 0.772704 0.209983
vt 0.771648 0.215843
vt 0.804359 0.184269
vt 0.806836 0.216657
vt 0.808514 0.222230
vt 0.761188 0.200759
vt 0.757737 0.203854
vt 0.757660 0.200803
vt 0.757476 0.207695
vt 0.756900 0.212466
vt 0.756192 0.218687
vt 0.757747 0.197274
vt 0.757935 0.193434
vt 0.755044 0.200919
vt 0.755252 0.204389
vt 0.755142 0.208131
vt 0.755082 0.197187
vt 0.755319 0.193051
vt 0.756482 0.189009
vt 0.766956 0.184784
vt 0.762937 0.183418
vt 0.766954 0.181233
vt 0.783531 0.225180
vt 0.786547 0.229977
vt 0.777462 0.227922
vt 0.781262 0.181659
vt 0.781343 0.176699
vt 0.783659 0.171978
vt 0.778144 0.182255
vt 0.776195 0.175357
vt 0.779383 0.168067
vt 0.786339 0.168714
vt 0.784185 0.163157
vt 0.773846 0.162873
vt 0.779787 0.156781
vt 0.769939 0.170087
vt 0.761927 0.166035
vt 0.766410 0.157645
vt 0.756832 0.152265
vt 0.741876 0.159499
vt 0.745045 0.147073
vt 0.773129 0.150490
vt 0.764717 0.143383
vt 0.752579 0.135413
vt 0.770261 0.129715
vt 0.774717 0.138424
vt 0.781534 0.145949
vt 0.789106 0.160428
vt 0.786959 0.152391
vt 0.751776 0.162947
vt 0.741634 0.170794
vt 0.750555 0.172303
vt 0.742595 0.179908
vt 0.750604 0.180694
vt 0.744034 0.186105
vt 0.759719 0.174479
vt 0.755535 0.179157
vt 0.767275 0.176029
vt 0.772429 0.179126
vt 0.761528 0.179228
vt 0.770998 0.182600
vt 0.769966 0.185315
vt 0.791936 0.168184
vt 0.794524 0.168129
vt 0.776636 0.187174
vt 0.774710 0.182444
vt 0.775438 0.190443
vt 0.776621 0.192664
vt 0.778156 0.192675
vt 0.772809 0.188272
vt 0.773810 0.185210
vt 0.789280 0.166916
vt 0.777892 0.194302
vt 0.758606 0.179834
vt 0.758677 0.182882
vt 0.755588 0.184070
vt 0.752932 0.189154
vt 0.750220 0.186214
vt 0.789987 0.143644
vt 0.794523 0.157355
vt 0.783907 0.137127
vt 0.744375 0.257110
vt 0.765306 0.256794
vt 0.758164 0.268440
vt 0.756646 0.247144
vt 0.740227 0.238906
vt 0.751815 0.235771
vt 0.740345 0.225742
vt 0.750514 0.225939
vt 0.742716 0.217506
vt 0.750735 0.217390
vt 0.776264 0.262039
vt 0.776692 0.273572
vt 0.784538 0.269824
vt 0.774933 0.280095
vt 0.774002 0.294893
vt 0.750618 0.303477
vt 0.762232 0.285901
vt 0.726397 0.239436
vt 0.730985 0.266614
vt 0.730010 0.223685
vt 0.712370 0.225665
vt 0.723638 0.217582
vt 0.707077 0.208270
vt 0.721298 0.205450
vt 0.712241 0.192154
vt 0.727616 0.185924
vt 0.723427 0.194780
vt 0.731609 0.170788
vt 0.719110 0.174485
vt 0.735120 0.180908
vt 0.730417 0.156833
vt 0.733305 0.139629
vt 0.719605 0.144157
vt 0.715922 0.158245
vt 0.913590 0.654675
vt 0.913053 0.660468
vt 0.909237 0.660439
vt 0.903107 0.665020
vt 0.899779 0.662417
vt 0.903848 0.663206
vt 0.911260 0.663709
vt 0.898707 0.665304
vt 0.894671 0.666833
vt 0.895208 0.664031
vt 0.899017 0.668710
vt 0.903971 0.668227
vt 0.907875 0.672429
vt 0.907403 0.667836
vt 0.898779 0.682935
vt 0.903867 0.677589
vt 0.905806 0.682466
vt 0.909752 0.677500
vt 0.913999 0.664710
vt 0.911789 0.666228
vt 0.915652 0.668779
vt 0.913420 0.670360
vt 0.918052 0.671949
vt 0.916364 0.673885
vt 0.920136 0.673648
vt 0.920179 0.675934
vt 0.771722 0.247895
vt 0.765139 0.240026
vt 0.757842 0.225545
vt 0.760503 0.231687
vt 0.771865 0.233522
vt 0.783612 0.246531
vt 0.780086 0.253484
vt 0.777095 0.240703
vt 0.768339 0.225713
vt 0.786923 0.239801
vt 0.781873 0.234644
vt 0.790334 0.234179
vt 0.737303 0.214077
vt 0.732245 0.210513
vt 0.730770 0.203864
vt 0.731605 0.197187
vt 0.738564 0.187192
vt 0.735108 0.191544
vt 0.754436 0.212005
vt 0.747884 0.211751
vt 0.751531 0.209219
vt 0.746516 0.207107
vt 0.750076 0.205742
vt 0.745877 0.202609
vt 0.749260 0.202060
vt 0.745527 0.198913
vt 0.748998 0.198584
vt 0.745279 0.194832
vt 0.749266 0.191048
vt 0.749218 0.194854
vt 0.744767 0.190777
vt 0.741814 0.202969
vt 0.742054 0.207758
vt 0.742683 0.212540
vt 0.741865 0.198742
vt 0.741717 0.194776
vt 0.740333 0.191159
vt 0.737186 0.198607
vt 0.736852 0.203445
vt 0.738023 0.195040
vt 0.737288 0.208592
vt 0.752217 0.201448
vt 0.752059 0.195556
vt 0.751957 0.198276
vt 0.752223 0.192298
vt 0.752617 0.204601
vt 0.753200 0.207115
vt 0.762366 0.218380
vt 0.767476 0.219933
vt 0.760101 0.223339
vt 0.483816 0.054142
vt 0.471669 0.052828
vt 0.479924 0.047922
vt 0.442380 0.062538
vt 0.454979 0.066005
vt 0.443068 0.068632
vt 0.431063 0.064088
vt 0.441611 0.059911
vt 0.429673 0.061075
vt 0.452668 0.057176
vt 0.453704 0.059868
vt 0.470319 0.050613
vt 0.462307 0.057308
vt 0.461142 0.054540
vt 0.480296 0.063662
vt 0.487833 0.058483
vt 0.491851 0.048654
vt 0.495023 0.053159
vt 0.499046 0.042169
vt 0.503002 0.045579
vt 0.504825 0.035766
vt 0.487165 0.042352
vt 0.494249 0.036935
vt 0.501182 0.031305
vt 0.510315 0.028782
vt 0.514012 0.032367
vt 0.517976 0.023177
vt 0.520671 0.025336
vt 0.507237 0.025177
vt 0.514150 0.022743
vt 0.515691 0.046609
vt 0.507789 0.053873
vt 0.491123 0.064238
vt 0.504757 0.067668
vt 0.493435 0.071624
vt 0.505447 0.072235
vt 0.495160 0.076607
vt 0.482815 0.074536
vt 0.483412 0.079879
vt 0.481374 0.066944
vt 0.474444 0.059522
vt 0.464610 0.063358
vt 0.514948 0.062519
vt 0.524391 0.055837
vt 0.522055 0.039920
vt 0.531722 0.048939
vt 0.534819 0.052093
vt 0.509146 0.038464
vt 0.526363 0.022713
vt 0.529079 0.033265
vt 0.542370 0.035490
vt 0.538008 0.041292
vt 0.539244 0.338174
vt 0.541938 0.340868
vt 0.536693 0.339037
vt 0.537364 0.027596
vt 0.533493 0.022569
vt 0.533817 0.332422
vt 0.527757 0.329680
vt 0.529374 0.327272
vt 0.530976 0.333734
vt 0.540788 0.043867
vt 0.527269 0.059650
vt 0.516212 0.067250
vt 0.538908 0.026911
vt 0.545311 0.035719
vt 0.536550 0.022888
vt 0.528941 0.324290
vt 0.523009 0.325701
vt 0.524470 0.321934
vt 0.519113 0.319028
vt 0.516660 0.321532
vt 0.513411 0.315687
vt 0.507213 0.316828
vt 0.512042 0.318885
vt 0.864916 0.761787
vt 0.868403 0.754173
vt 0.868399 0.761772
vt 0.860290 0.754521
vt 0.867690 0.744920
vt 0.858799 0.745910
vt 0.866273 0.734343
vt 0.854149 0.724240
vt 0.855027 0.737254
vt 0.864204 0.721987
vt 0.852774 0.712171
vt 0.861425 0.710522
vt 0.859298 0.702898
vt 0.850428 0.701821
vt 0.856670 0.693071
vt 0.844769 0.713079
vt 0.842026 0.701550
vt 0.845258 0.701094
vt 0.846168 0.693444
vt 0.840081 0.688657
vt 0.840995 0.685656
vt 0.844797 0.735637
vt 0.844979 0.724724
vt 0.844193 0.743651
vt 0.851472 0.746995
vt 0.831808 0.733378
vt 0.838062 0.724113
vt 0.838287 0.733857
vt 0.823822 0.724916
vt 0.831119 0.724209
vt 0.818082 0.734724
vt 0.824659 0.734051
vt 0.837379 0.713544
vt 0.830021 0.714413
vt 0.822288 0.715480
vt 0.816378 0.725971
vt 0.814415 0.716920
vt 0.829313 0.703817
vt 0.837126 0.702107
vt 0.820561 0.705375
vt 0.832176 0.741453
vt 0.825802 0.742033
vt 0.819554 0.742735
vt 0.838303 0.742444
vt 0.809855 0.726683
vt 0.808363 0.717167
vt 0.811623 0.706126
vt 0.811444 0.735978
vt 0.806262 0.744414
vt 0.805297 0.736199
vt 0.802563 0.726691
vt 0.801437 0.717418
vt 0.807018 0.706204
vt 0.799098 0.705976
vt 0.793335 0.717098
vt 0.790878 0.706812
vt 0.818902 0.694999
vt 0.827907 0.693034
vt 0.810584 0.695985
vt 0.814569 0.687907
vt 0.817407 0.691412
vt 0.824001 0.682916
vt 0.806780 0.694654
vt 0.795632 0.695437
vt 0.801572 0.683232
vt 0.791616 0.687412
vt 0.786495 0.697679
vt 0.826202 0.686569
vt 0.829972 0.680983
vt 0.834189 0.682559
vt 0.834792 0.679594
vt 0.825618 0.673500
vt 0.815258 0.671936
vt 0.822872 0.676865
vt 0.837206 0.691964
vt 0.862947 0.702031
vt 0.866096 0.711469
vt 0.868547 0.722302
vt 0.869721 0.734504
vt 0.872475 0.745298
vt 0.871946 0.755392
vt 0.872087 0.762347
vt 0.867380 0.771461
vt 0.862435 0.762639
vt 0.850317 0.749491
vt 0.864729 0.770983
vt 0.837634 0.751600
vt 0.843013 0.752264
vt 0.836660 0.759920
vt 0.849817 0.754434
vt 0.841790 0.760965
vt 0.857590 0.756989
vt 0.849146 0.762251
vt 0.857128 0.763242
vt 0.848074 0.770496
vt 0.840413 0.768611
vt 0.835221 0.767472
vt 0.856811 0.772027
vt 0.828983 0.759134
vt 0.820657 0.765956
vt 0.827926 0.766949
vt 0.833230 0.776427
vt 0.820163 0.774094
vt 0.825701 0.783562
vt 0.826617 0.775276
vt 0.819697 0.782655
vt 0.835538 0.786774
vt 0.831497 0.785556
vt 0.838282 0.777289
vt 0.846665 0.779640
vt 0.844564 0.789699
vt 0.856106 0.781675
vt 0.861637 0.794276
vt 0.853434 0.792210
vt 0.865145 0.784281
vt 0.868689 0.784864
vt 0.831232 0.750202
vt 0.820842 0.758416
vt 0.826637 0.749699
vt 0.820452 0.750454
vt 0.812382 0.743766
vt 0.807240 0.752700
vt 0.813679 0.752425
vt 0.799089 0.751991
vt 0.800671 0.743429
vt 0.791228 0.742649
vt 0.792447 0.734579
vt 0.801685 0.735764
vt 0.793151 0.726318
vt 0.788275 0.707283
vt 0.784617 0.698914
vt 0.782502 0.691833
vt 0.791497 0.717781
vt 0.814527 0.759136
vt 0.814979 0.766714
vt 0.814779 0.773916
vt 0.814565 0.782763
vt 0.805241 0.782369
vt 0.806328 0.772457
vt 0.795844 0.781211
vt 0.796821 0.771130
vt 0.787188 0.779911
vt 0.787953 0.769401
vt 0.798078 0.761473
vt 0.788780 0.759947
vt 0.807554 0.762478
vt 0.786198 0.790492
vt 0.794725 0.791937
vt 0.783794 0.801229
vt 0.793358 0.803029
vt 0.783023 0.812318
vt 0.818032 0.794486
vt 0.812267 0.804650
vt 0.813641 0.793920
vt 0.804300 0.793187
vt 0.803323 0.804881
vt 0.791289 0.814348
vt 0.811331 0.819370
vt 0.801029 0.816845
vt 0.815779 0.805695
vt 0.805600 0.832877
vt 0.796330 0.829409
vt 0.798157 0.845278
vt 0.788522 0.841078
vt 0.789651 0.857475
vt 0.818230 0.820512
vt 0.826958 0.809390
vt 0.822764 0.808253
vt 0.831327 0.797840
vt 0.826919 0.795453
vt 0.820928 0.822759
vt 0.813508 0.835702
vt 0.804649 0.849229
vt 0.821989 0.841710
vt 0.813571 0.854391
vt 0.829946 0.827637
vt 0.836079 0.813893
vt 0.840684 0.801249
vt 0.804614 0.866133
vt 0.812702 0.871296
vt 0.821989 0.859584
vt 0.821414 0.875791
vt 0.829066 0.865066
vt 0.830051 0.847265
vt 0.838766 0.851363
vt 0.838277 0.832438
vt 0.844522 0.817734
vt 0.849526 0.804306
vt 0.858105 0.806662
vt 0.852733 0.820528
vt 0.846629 0.835778
vt 0.849898 0.837535
vt 0.794406 0.861760
vt 0.798152 0.875372
vt 0.785976 0.871362
vt 0.986609 0.142266
vt 0.984406 0.131396
vt 0.987074 0.128180
vt 0.781920 0.867806
vt 0.981333 0.126319
vt 0.777653 0.862269
vt 0.780998 0.852021
vt 0.778238 0.868464
vt 0.977130 0.131721
vt 0.976464 0.125779
vt 0.978310 0.123522
vt 0.978149 0.141164
vt 0.806445 0.879038
vt 0.803107 0.882815
vt 0.981006 0.150733
vt 0.984218 0.142117
vt 0.814852 0.884932
vt 0.810126 0.891504
vt 0.856121 0.821843
vt 0.865247 0.796452
vt 0.861841 0.807946
vt 0.875690 0.800058
vt 0.877854 0.786710
vt 0.880060 0.773007
vt 0.871770 0.771536
vt 0.880409 0.763237
vt 0.880066 0.754941
vt 0.879698 0.745269
vt 0.878702 0.733478
vt 0.876072 0.721623
vt 0.874172 0.712306
vt 0.871756 0.812297
vt 0.861236 0.839391
vt 0.866126 0.826022
vt 0.858935 0.850695
vt 0.841394 0.854910
vt 0.890102 0.775329
vt 0.887734 0.788856
vt 0.898536 0.776700
vt 0.896930 0.791385
vt 0.905913 0.778053
vt 0.905331 0.792870
vt 0.908520 0.778519
vt 0.908137 0.793035
vt 0.920938 0.780027
vt 0.919532 0.794937
vt 0.933290 0.781654
vt 0.416856 0.064568
vt 0.416155 0.061359
vt 0.922319 0.745387
vt 0.933230 0.733549
vt 0.934013 0.744878
vt 0.898186 0.745434
vt 0.907017 0.735252
vt 0.907657 0.745418
vt 0.909424 0.734763
vt 0.910229 0.745857
vt 0.888512 0.745451
vt 0.898156 0.734645
vt 0.888373 0.734464
vt 0.898745 0.765077
vt 0.909053 0.764545
vt 0.889350 0.754470
vt 0.898590 0.754683
vt 0.907485 0.754930
vt 0.889947 0.764127
vt 0.934133 0.767930
vt 0.922293 0.766511
vt 0.922108 0.754753
vt 0.909678 0.754482
vt 0.933981 0.754955
vt 0.910759 0.765368
vt 0.898745 0.831477
vt 0.886399 0.843146
vt 0.888180 0.830699
vt 0.874087 0.839935
vt 0.877107 0.828230
vt 0.902077 0.805425
vt 0.884321 0.801869
vt 0.902344 0.818428
vt 0.894635 0.804056
vt 0.890171 0.818887
vt 0.880445 0.815508
vt 0.928084 0.835691
vt 0.914514 0.849100
vt 0.915356 0.833952
vt 0.918227 0.806460
vt 0.930576 0.807708
vt 0.905028 0.819016
vt 0.916697 0.820520
vt 0.929076 0.822001
vt 0.901251 0.847600
vt 0.904998 0.805676
vt 0.901324 0.831593
vt 0.898722 0.847483
vt 0.896557 0.854361
vt 0.884565 0.853412
vt 0.872206 0.850914
vt 0.884817 0.862897
vt 0.871623 0.859739
vt 0.862196 0.859743
vt 0.851058 0.863005
vt 0.868360 0.875189
vt 0.867612 0.865532
vt 0.874081 0.871164
vt 0.862689 0.871159
vt 0.899432 0.854798
vt 0.896880 0.860973
vt 0.906058 0.863678
vt 0.927288 0.851787
vt 0.915057 0.860045
vt 0.927192 0.863941
vt 0.917724 0.870353
vt 0.917758 0.880049
vt 0.911596 0.873828
vt 0.909237 0.876096
vt 0.902726 0.866169
vt 0.916959 0.882468
vt 0.927742 0.878970
vt 0.928866 0.881263
vt 0.885886 0.865723
vt 0.875305 0.872796
vt 0.860811 0.872867
vt 0.840973 0.859779
vt 0.430860 0.070600
vt 0.840298 0.694252
vt 0.843737 0.694895
vt 0.841231 0.679675
vt 0.847113 0.672571
vt 0.846609 0.682434
vt 0.854206 0.681183
vt 0.861484 0.692134
vt 0.860897 0.695118
vt 0.858564 0.681799
vt 0.856662 0.678933
vt 0.852931 0.672333
vt 0.854942 0.671255
vt 0.878675 0.703619
vt 0.873337 0.693157
vt 0.881171 0.698072
vt 0.872792 0.703404
vt 0.898004 0.724694
vt 0.886704 0.722719
vt 0.886009 0.712787
vt 0.891228 0.717643
vt 0.901640 0.728725
vt 0.904314 0.728619
vt 0.903571 0.726934
vt 0.900136 0.722902
vt 0.887510 0.710609
vt 0.893276 0.716464
vt 0.883898 0.691607
vt 0.877542 0.678445
vt 0.882641 0.675753
vt 0.878894 0.681052
vt 0.911410 0.672267
vt 0.888813 0.701677
vt 0.891045 0.702056
vt 0.890898 0.695705
vt 0.893797 0.696712
vt 0.890971 0.689782
vt 0.891646 0.684202
vt 0.894180 0.690910
vt 0.887435 0.678815
vt 0.889242 0.675334
vt 0.886253 0.668364
vt 0.900259 0.689651
vt 0.899379 0.696511
vt 0.898228 0.701169
vt 0.896225 0.706891
vt 0.910391 0.688603
vt 0.905699 0.688674
vt 0.911742 0.682826
vt 0.913517 0.688364
vt 0.914375 0.692942
vt 0.909833 0.694302
vt 0.912457 0.698769
vt 0.919359 0.703340
vt 0.916886 0.704974
vt 0.905373 0.700349
vt 0.904798 0.694306
vt 0.908653 0.705383
vt 0.902604 0.706385
vt 0.908105 0.711653
vt 0.908415 0.722141
vt 0.916770 0.713178
vt 0.903531 0.717026
vt 0.897760 0.711790
vt 0.903050 0.709688
vt 0.903768 0.672910
vt 0.907113 0.675646
vt 0.912383 0.677311
vt 0.893460 0.678818
vt 0.898023 0.679238
vt 0.895854 0.673632
vt 0.899689 0.673689
vt 0.892153 0.671532
vt 0.887752 0.667088
vt 0.891322 0.665814
vt 0.909858 0.667041
vt 0.891271 0.662762
vt 0.896047 0.661172
vt 0.703833 0.163470
vt 0.706431 0.184030
vt 0.706032 0.194010
vt 0.908014 0.662170
vt 0.906165 0.664791
vt 0.908166 0.663682
vt 0.875207 0.682012
vt 0.875257 0.685635
vt 0.866252 0.684356
vt 0.886171 0.684960
vt 0.869396 0.697680
vt 0.864770 0.688473
vt 0.880199 0.673792
vt 0.890795 0.684632
vt 0.866038 0.681680
vt 0.870060 0.677044
vt 0.863803 0.673098
vt 0.874847 0.672014
vt 0.878046 0.666852
vt 0.883195 0.668026
vt 0.859602 0.668581
vt 0.853767 0.662250
vt 0.851723 0.662582
vt 0.847419 0.662573
vt 0.841973 0.671393
vt 0.842290 0.661542
vt 0.862835 0.663187
vt 0.868393 0.668103
vt 0.872007 0.662834
vt 0.866252 0.657564
vt 0.857163 0.657770
vt 0.873313 0.660656
vt 0.883415 0.663392
vt 0.879642 0.662418
vt 0.883296 0.658247
vt 0.887036 0.659463
vt 0.886795 0.663113
vt 0.891614 0.660177
vt 0.707590 0.143574
vt 0.703629 0.152022
vt 0.878646 0.656531
vt 0.874336 0.656009
vt 0.866926 0.654564
vt 0.859854 0.653629
vt 0.852084 0.652085
vt 0.854294 0.648699
vt 0.848444 0.649214
vt 0.852553 0.641485
vt 0.857073 0.645958
vt 0.861298 0.651038
vt 0.848119 0.643799
vt 0.850525 0.637852
vt 0.848578 0.654019
vt 0.850979 0.655743
vt 0.842868 0.653161
vt 0.843324 0.647007
vt 0.844875 0.640647
vt 0.835480 0.652905
vt 0.836556 0.645298
vt 0.834716 0.669608
vt 0.834898 0.660946
vt 0.838882 0.632651
vt 0.846804 0.633069
vt 0.845383 0.625056
vt 0.831893 0.623038
vt 0.839944 0.625107
vt 0.841565 0.613375
vt 0.473553 0.388777
vt 0.471356 0.377124
vt 0.476912 0.380009
vt 0.480295 0.372671
vt 0.474899 0.368697
vt 0.484468 0.364536
vt 0.462756 0.373438
vt 0.466803 0.364718
vt 0.454658 0.369472
vt 0.458996 0.359850
vt 0.449740 0.366155
vt 0.453992 0.356475
vt 0.463799 0.386253
vt 0.828973 0.611188
vt 0.817779 0.620426
vt 0.821096 0.608560
vt 0.824088 0.622861
vt 0.467803 0.387016
vt 0.822854 0.631813
vt 0.830269 0.633844
vt 0.821549 0.640890
vt 0.826829 0.646558
vt 0.820008 0.649574
vt 0.828028 0.651099
vt 0.819154 0.657937
vt 0.827277 0.659385
vt 0.819154 0.664702
vt 0.826795 0.666513
vt 0.817636 0.668402
vt 0.837993 0.639106
vt 0.457713 0.383774
vt 0.808826 0.618800
vt 0.810637 0.605709
vt 0.814248 0.665261
vt 0.812079 0.648482
vt 0.813601 0.639262
vt 0.815378 0.629209
vt 0.808154 0.627266
vt 0.807246 0.638771
vt 0.807727 0.648844
vt 0.810497 0.659008
vt 0.483978 0.374823
vt 0.480309 0.382072
vt 0.489851 0.367987
vt 0.488407 0.357333
vt 0.493995 0.358730
vt 0.495928 0.363989
vt 0.493873 0.348844
vt 0.497406 0.352209
vt 0.497196 0.360173
vt 0.928836 0.626878
vt 0.923673 0.620715
vt 0.925360 0.619467
vt 0.922287 0.615962
vt 0.805706 0.669271
vt 0.810894 0.679726
vt 0.796176 0.674093
vt 0.798978 0.658567
vt 0.788958 0.664771
vt 0.793027 0.646804
vt 0.415954 0.401640
vt 0.430901 0.409935
vt 0.420046 0.414216
vt 0.427631 0.396640
vt 0.410072 0.385688
vt 0.422996 0.380703
vt 0.405809 0.371280
vt 0.418667 0.365868
vt 0.401204 0.356393
vt 0.416219 0.353283
vt 0.413773 0.337528
vt 0.316675 0.312587
vt 0.285654 0.331097
vt 0.288370 0.303013
vt 0.313562 0.333693
vt 0.290302 0.355525
vt 0.321073 0.295972
vt 0.325315 0.247964
vt 0.332168 0.277969
vt 0.307673 0.261997
vt 0.358420 0.259854
vt 0.364033 0.234141
vt 0.375773 0.251993
vt 0.258865 0.293294
vt 0.295035 0.280161
vt 0.261804 0.328954
vt 0.269163 0.359271
vt 0.288148 0.245664
vt 0.309951 0.233530
vt 0.344121 0.241201
vt 0.351947 0.220555
vt 0.331074 0.227728
vt 0.343453 0.203652
vt 0.281139 0.219935
vt 0.301455 0.213681
vt 0.262638 0.247470
vt 0.225800 0.234917
vt 0.252046 0.227908
vt 0.205452 0.271545
vt 0.235151 0.266197
vt 0.230851 0.296171
vt 0.205721 0.300540
vt 0.210279 0.329596
vt 0.236953 0.329915
vt 0.215921 0.355902
vt 0.269743 0.267580
vt 0.247754 0.356777
vt 0.407036 0.063444
vt 0.407016 0.060313
vt 0.394794 0.061966
vt 0.395027 0.057967
vt 0.382603 0.060509
vt 0.383465 0.056413
vt 0.368870 0.057961
vt 0.369719 0.053299
vt 0.359524 0.050080
vt 0.359121 0.051352
vt 0.346330 0.048816
vt 0.346944 0.045547
vt 0.358080 0.055801
vt 0.356720 0.064446
vt 0.344977 0.053426
vt 0.368373 0.065796
vt 0.381903 0.067706
vt 0.394112 0.068950
vt 0.415696 0.070844
vt 0.406854 0.070137
vt 0.356481 0.067584
vt 0.381337 0.069887
vt 0.368040 0.068994
vt 0.393970 0.071002
vt 0.406710 0.071554
vt 0.416003 0.078520
vt 0.406233 0.078414
vt 0.380739 0.076977
vt 0.366733 0.075636
vt 0.354907 0.074308
vt 0.343181 0.065407
vt 0.445062 0.074363
vt 0.431210 0.078621
vt 0.456965 0.071848
vt 0.468306 0.068740
vt 0.445702 0.079559
vt 0.458685 0.078922
vt 0.478072 0.045285
vt 0.921678 0.733823
vt 0.932068 0.722861
vt 0.909755 0.724136
vt 0.921766 0.723360
vt 0.485820 0.040052
vt 0.923319 0.704446
vt 0.931748 0.712176
vt 0.921844 0.713845
vt 0.492605 0.035290
vt 0.917994 0.714400
vt 0.920754 0.703977
vt 0.628589 0.671694
vt 0.644419 0.674654
vt 0.633116 0.680495
vt 0.652025 0.660594
vt 0.665953 0.667075
vt 0.655364 0.670307
vt 0.640577 0.665348
vt 0.616571 0.679877
vt 0.621354 0.687959
vt 0.658954 0.679179
vt 0.650462 0.688945
vt 0.648385 0.682590
vt 0.833230 0.871756
vt 0.662091 0.688466
vt 0.668529 0.677185
vt 0.670822 0.688797
vt 0.642823 0.689910
vt 0.637390 0.688338
vt 0.564645 0.646429
vt 0.549778 0.639960
vt 0.554161 0.634400
vt 0.291513 0.036236
vt 0.304204 0.039765
vt 0.294618 0.040540
vt 0.625642 0.696400
vt 0.307067 0.060059
vt 0.320257 0.058371
vt 0.320420 0.062721
vt 0.643547 0.637518
vt 0.659616 0.645400
vt 0.647639 0.649774
vt 0.631607 0.641522
vt 0.635929 0.654599
vt 0.627855 0.643466
vt 0.625455 0.626925
vt 0.604470 0.655731
vt 0.608081 0.635244
vt 0.616463 0.648789
vt 0.297714 0.052239
vt 0.281595 0.051863
vt 0.284038 0.045903
vt 0.308575 0.055881
vt 0.296319 0.057953
vt 0.826240 0.882156
vt 0.602522 0.656633
vt 0.596772 0.640844
vt 0.610424 0.668750
vt 0.623312 0.660879
vt 0.582892 0.628712
vt 0.568203 0.620155
vt 0.573122 0.615454
vt 0.572225 0.595506
vt 0.581051 0.611486
vt 0.556856 0.607083
vt 0.561955 0.601087
vt 0.586073 0.590131
vt 0.593240 0.606204
vt 0.576038 0.527148
vt 0.562719 0.503665
vt 0.579328 0.505461
vt 0.558248 0.524096
vt 0.545178 0.500875
vt 0.605413 0.601749
vt 0.613424 0.582513
vt 0.617838 0.598107
vt 0.593574 0.508866
vt 0.591399 0.529238
vt 0.606637 0.513363
vt 0.605619 0.531293
vt 0.599534 0.585897
vt 0.619109 0.630062
vt 0.645079 0.592572
vt 0.634522 0.610216
vt 0.630860 0.595173
vt 0.621486 0.613042
vt 0.611648 0.616370
vt 0.600566 0.620878
vt 0.588521 0.626331
vt 0.600820 0.657857
vt 0.593205 0.642814
vt 0.650616 0.619589
vt 0.638417 0.623437
vt 0.590572 0.644687
vt 0.579735 0.632281
vt 0.594735 0.568692
vt 0.606641 0.549123
vt 0.609509 0.566252
vt 0.579655 0.572357
vt 0.591662 0.549841
vt 0.556090 0.555472
vt 0.563696 0.578721
vt 0.549556 0.585637
vt 0.524352 0.578055
vt 0.526960 0.560410
vt 0.544371 0.593675
vt 0.619062 0.518437
vt 0.619580 0.533557
vt 0.630110 0.523142
vt 0.632283 0.535445
vt 0.643230 0.520660
vt 0.637048 0.495201
vt 0.621858 0.487952
vt 0.628192 0.480758
vt 0.591056 0.462001
vt 0.606959 0.450321
vt 0.602245 0.466754
vt 0.640644 0.576753
vt 0.626828 0.579740
vt 0.658870 0.588999
vt 0.661430 0.602764
vt 0.634652 0.548087
vt 0.650546 0.558719
vt 0.637119 0.561917
vt 0.623413 0.564205
vt 0.621007 0.548800
vt 0.655021 0.572946
vt 0.628327 0.498605
vt 0.640045 0.508388
vt 0.629059 0.510251
vt 0.619488 0.503407
vt 0.609876 0.494801
vt 0.614909 0.474696
vt 0.597596 0.488273
vt 0.584173 0.484346
vt 0.573871 0.462417
vt 0.568303 0.483179
vt 0.559210 0.462678
vt 0.551360 0.482173
vt 0.536725 0.523140
vt 0.575427 0.551523
vt 0.648038 0.545279
vt 0.635943 0.471253
vt 0.622183 0.466640
vt 0.628727 0.457785
vt 0.611325 0.436343
vt 0.595823 0.445787
vt 0.599611 0.432729
vt 0.615769 0.456957
vt 0.587631 0.429697
vt 0.586968 0.412268
vt 0.595013 0.415781
vt 0.718211 0.428647
vt 0.706109 0.415151
vt 0.720394 0.416590
vt 0.581062 0.445164
vt 0.577556 0.426996
vt 0.513467 0.504216
vt 0.499089 0.489497
vt 0.507961 0.481578
vt 0.655624 0.633674
vt 0.660989 0.621794
vt 0.661037 0.632634
vt 0.662328 0.644759
vt 0.664423 0.657151
vt 0.810197 0.903982
vt 0.796270 0.911448
vt 0.804155 0.899976
vt 0.818926 0.891750
vt 0.801776 0.915877
vt 0.790320 0.920928
vt 0.651439 0.467567
vt 0.638954 0.461063
vt 0.678372 0.562718
vt 0.663563 0.554146
vt 0.675409 0.548550
vt 0.644246 0.482172
vt 0.634639 0.430592
vt 0.622373 0.439194
vt 0.626379 0.427410
vt 0.643595 0.433416
vt 0.631650 0.443623
vt 0.641133 0.446516
vt 0.651883 0.450514
vt 0.653411 0.436209
vt 0.652468 0.422486
vt 0.645638 0.420348
vt 0.637702 0.418514
vt 0.629837 0.415396
vt 0.615646 0.422670
vt 0.604018 0.418565
vt 0.619433 0.411518
vt 0.607914 0.406744
vt 0.623404 0.399001
vt 0.649165 0.406656
vt 0.641577 0.404863
vt 0.633633 0.401630
vt 0.646422 0.392661
vt 0.637226 0.388362
vt 0.619444 0.382183
vt 0.628541 0.385916
vt 0.664468 0.388915
vt 0.653986 0.380623
vt 0.662485 0.377697
vt 0.619509 0.446666
vt 0.687634 0.540724
vt 0.698872 0.548658
vt 0.689833 0.553795
vt 0.685299 0.529667
vt 0.697705 0.537910
vt 0.660671 0.540764
vt 0.673081 0.535287
vt 0.683085 0.517902
vt 0.696132 0.526534
vt 0.658436 0.528089
vt 0.670850 0.522757
vt 0.681039 0.505443
vt 0.694276 0.514891
vt 0.655941 0.516142
vt 0.668478 0.510165
vt 0.679302 0.492078
vt 0.692709 0.502455
vt 0.652908 0.503179
vt 0.666269 0.496717
vt 0.678137 0.477591
vt 0.691623 0.489019
vt 0.677527 0.461967
vt 0.690893 0.474667
vt 0.664921 0.481884
vt 0.651884 0.488483
vt 0.667321 0.568422
vt 0.646073 0.532475
vt 0.664148 0.465435
vt 0.655078 0.392087
vt 0.658703 0.407117
vt 0.668233 0.404606
vt 0.676991 0.399588
vt 0.673656 0.386129
vt 0.684714 0.398885
vt 0.684774 0.383449
vt 0.694835 0.399662
vt 0.696306 0.383492
vt 0.706404 0.399801
vt 0.693154 0.415088
vt 0.682180 0.414369
vt 0.692403 0.429749
vt 0.680929 0.430213
vt 0.690991 0.444380
vt 0.677097 0.444694
vt 0.690627 0.459558
vt 0.576515 0.407675
vt 0.567357 0.422381
vt 0.563185 0.403319
vt 0.555201 0.417459
vt 0.550677 0.398074
vt 0.532784 0.404952
vt 0.538483 0.392058
vt 0.716803 0.455801
vt 0.704182 0.443184
vt 0.717404 0.441752
vt 0.703700 0.457569
vt 0.705175 0.429162
vt 0.544349 0.380257
vt 0.556997 0.385551
vt 0.569555 0.390617
vt 0.583177 0.396207
vt 0.593452 0.401218
vt 0.670939 0.417112
vt 0.661513 0.421842
vt 0.672895 0.432283
vt 0.662811 0.436763
vt 0.663699 0.450921
vt 0.652362 0.367985
vt 0.659260 0.365481
vt 0.664065 0.358140
vt 0.668498 0.364990
vt 0.671412 0.373548
vt 0.677862 0.372301
vt 0.651239 0.356099
vt 0.661306 0.347431
vt 0.668255 0.351169
vt 0.654720 0.352326
vt 0.657456 0.343181
vt 0.650249 0.345378
vt 0.655708 0.339060
vt 0.648925 0.338397
vt 0.645766 0.336287
vt 0.650066 0.335383
vt 0.648298 0.345506
vt 0.646030 0.339284
vt 0.640722 0.349399
vt 0.636277 0.339831
vt 0.644876 0.355449
vt 0.643953 0.366195
vt 0.646158 0.381108
vt 0.624292 0.371796
vt 0.633214 0.375889
vt 0.629813 0.360846
vt 0.637609 0.363431
vt 0.633687 0.351158
vt 0.640193 0.378289
vt 0.650108 0.331432
vt 0.647078 0.333485
vt 0.636436 0.332073
vt 0.638714 0.327467
vt 0.657811 0.336320
vt 0.657230 0.329434
vt 0.663505 0.332944
vt 0.652797 0.332574
vt 0.662020 0.339710
vt 0.666121 0.341793
vt 0.659720 0.324546
vt 0.665699 0.326634
vt 0.660472 0.322138
vt 0.671703 0.319999
vt 0.665961 0.319973
vt 0.678591 0.327914
vt 0.671854 0.327144
vt 0.676609 0.336945
vt 0.669643 0.334698
vt 0.672479 0.344209
vt 0.682022 0.338455
vt 0.686628 0.331177
vt 0.686002 0.341017
vt 0.695587 0.342821
vt 0.686952 0.347784
vt 0.692769 0.335154
vt 0.688596 0.326954
vt 0.698282 0.329953
vt 0.702270 0.340401
vt 0.680240 0.319894
vt 0.699283 0.319640
vt 0.707901 0.328964
vt 0.716160 0.318343
vt 0.719001 0.329029
vt 0.704840 0.352857
vt 0.696489 0.355006
vt 0.707830 0.367830
vt 0.696614 0.368215
vt 0.707459 0.383247
vt 0.685123 0.370538
vt 0.686456 0.356822
vt 0.675726 0.358682
vt 0.253691 0.691511
vt 0.265380 0.688418
vt 0.257294 0.696734
vt 0.679481 0.347001
vt 0.248778 0.685360
vt 0.259546 0.683150
vt 0.286486 0.661119
vt 0.300895 0.663445
vt 0.291274 0.668584
vt 0.281510 0.650807
vt 0.294834 0.654129
vt 0.281948 0.674545
vt 0.276621 0.668423
vt 0.273122 0.659930
vt 0.272811 0.681090
vt 0.267949 0.675363
vt 0.261281 0.668517
vt 0.254478 0.675881
vt 0.262496 0.658396
vt 0.266979 0.649142
vt 0.272581 0.649578
vt 0.278238 0.642279
vt 0.268865 0.640027
vt 0.278130 0.635147
vt 0.277200 0.626422
vt 0.286628 0.632882
vt 0.270590 0.629586
vt 0.265389 0.632193
vt 0.260687 0.626458
vt 0.250812 0.627284
vt 0.248862 0.616807
vt 0.301206 0.638815
vt 0.288584 0.643375
vt 0.300489 0.631884
vt 0.317535 0.637060
vt 0.332769 0.629123
vt 0.346719 0.637763
vt 0.332448 0.636952
vt 0.347500 0.627694
vt 0.364370 0.639488
vt 0.364489 0.625158
vt 0.382400 0.638903
vt 0.398259 0.622125
vt 0.414143 0.637989
vt 0.398629 0.638301
vt 0.415208 0.620942
vt 0.430301 0.638299
vt 0.381465 0.623604
vt 0.318203 0.630493
vt 0.362623 0.612318
vt 0.345034 0.614663
vt 0.331022 0.615945
vt 0.271342 0.612282
vt 0.265422 0.620797
vt 0.291012 0.619163
vt 0.302707 0.619242
vt 0.258376 0.666117
vt 0.255077 0.641512
vt 0.255076 0.649681
vt 0.245090 0.642800
vt 0.244378 0.650007
vt 0.253240 0.658195
vt 0.243300 0.657731
vt 0.250609 0.666606
vt 0.241913 0.666184
vt 0.248842 0.675752
vt 0.240561 0.675186
vt 0.239842 0.684669
vt 0.602023 0.388714
vt 0.601622 0.404426
vt 0.608330 0.392473
vt 0.609421 0.378353
vt 0.615317 0.381211
vt 0.616318 0.368848
vt 0.720011 0.400708
vt 0.593978 0.383226
vt 0.601212 0.372855
vt 0.592543 0.369849
vt 0.599684 0.357108
vt 0.616209 0.352645
vt 0.608318 0.362673
vt 0.623766 0.358397
vt 0.612944 0.394858
vt 0.609893 0.345493
vt 0.622486 0.340874
vt 0.629283 0.348324
vt 0.645739 0.324330
vt 0.653506 0.328695
vt 0.652771 0.323357
vt 0.629474 0.330785
vt 0.634974 0.323462
vt 0.643620 0.320134
vt 0.651413 0.319930
vt 0.661246 0.318765
vt 0.654437 0.315865
vt 0.610275 0.328770
vt 0.618739 0.334500
vt 0.617703 0.321212
vt 0.624616 0.326881
vt 0.625269 0.314875
vt 0.630530 0.321292
vt 0.634602 0.318364
vt 0.631531 0.309833
vt 0.641184 0.315492
vt 0.646680 0.311352
vt 0.638312 0.305952
vt 0.647795 0.315378
vt 0.720782 0.385253
vt 0.721457 0.369168
vt 0.721958 0.354143
vt 0.710442 0.352871
vt 0.720425 0.340577
vt 0.710374 0.340474
vt 0.730953 0.341316
vt 0.729734 0.354180
vt 0.595436 0.306333
vt 0.578580 0.311912
vt 0.585083 0.300239
vt 0.589392 0.317942
vt 0.605497 0.312459
vt 0.599777 0.323655
vt 0.614602 0.319016
vt 0.550796 0.369755
vt 0.563286 0.373260
vt 0.559713 0.356555
vt 0.570126 0.360303
vt 0.565582 0.342941
vt 0.576388 0.346522
vt 0.572011 0.327153
vt 0.582719 0.332093
vt 0.593288 0.336935
vt 0.580962 0.364700
vt 0.587093 0.351098
vt 0.574948 0.377531
vt 0.603156 0.341451
vt 0.585858 0.381682
vt 0.727717 0.370116
vt 0.725851 0.386744
vt 0.724639 0.401341
vt 0.601687 0.295284
vt 0.601908 0.277638
vt 0.592316 0.288714
vt 0.728831 0.314433
vt 0.730980 0.328243
vt 0.611987 0.301569
vt 0.617150 0.292425
vt 0.627000 0.298751
vt 0.620441 0.309074
vt 0.630413 0.295326
vt 0.639561 0.302994
vt 0.620918 0.288786
vt 0.614466 0.281379
vt 0.609126 0.285861
vt 0.715931 0.313061
vt 0.724603 0.309951
vt 0.705952 0.313704
vt 0.698583 0.315740
vt 0.689254 0.319663
vt 0.681065 0.316704
vt 0.689277 0.316220
vt 0.672587 0.316687
vt 0.666680 0.316944
vt 0.661863 0.316356
vt 0.655302 0.313277
vt 0.647639 0.308791
vt 0.164025 0.664292
vt 0.177600 0.664751
vt 0.172444 0.671534
vt 0.184735 0.671590
vt 0.178961 0.677273
vt 0.193336 0.680736
vt 0.187471 0.685937
vt 0.198255 0.691571
vt 0.067471 0.696881
vt 0.067992 0.684566
vt 0.072209 0.686585
vt 0.080050 0.677320
vt 0.084962 0.663363
vt 0.091894 0.668267
vt 0.099485 0.652460
vt 0.105095 0.659738
vt 0.112841 0.645395
vt 0.116389 0.652983
vt 0.127124 0.647351
vt 0.125856 0.640287
vt 0.136322 0.645379
vt 0.156759 0.657499
vt 0.169927 0.657161
vt 0.161207 0.650292
vt 0.148329 0.651147
vt 0.152220 0.643106
vt 0.142109 0.647134
vt 0.143811 0.639432
vt 0.136063 0.638818
vt 0.536693 0.471420
vt 0.546973 0.455578
vt 0.527325 0.460525
vt 0.536703 0.447183
vt 0.518522 0.451194
vt 0.526895 0.439398
vt 0.509964 0.443466
vt 0.715073 0.487360
vt 0.704059 0.500978
vt 0.703465 0.487565
vt 0.703540 0.473000
vt 0.517396 0.432625
vt 0.535316 0.426092
vt 0.546058 0.432647
vt 0.557353 0.439126
vt 0.543623 0.411591
vt 0.525078 0.420075
vt 0.715815 0.472698
vt 0.568471 0.444469
vt 0.517625 0.472306
vt 0.303616 0.648129
vt 0.317322 0.644876
vt 0.333348 0.642422
vt 0.347169 0.641279
vt 0.349516 0.655529
vt 0.334576 0.655768
vt 0.320122 0.656710
vt 0.310013 0.659895
vt 0.525553 0.486867
vt 0.499059 0.526646
vt 0.494192 0.531703
vt 0.476588 0.513383
vt 0.487179 0.499123
vt 0.480036 0.509663
vt 0.473721 0.508217
vt 0.475821 0.506119
vt 0.481537 0.484263
vt 0.501633 0.470025
vt 0.509934 0.461330
vt 0.502452 0.452781
vt 0.705169 0.513362
vt 0.715358 0.500614
vt 0.716062 0.512846
vt 0.706387 0.524909
vt 0.495237 0.460342
vt 0.708382 0.545856
vt 0.707626 0.535694
vt 0.719410 0.543808
vt 0.479402 0.471509
vt 0.492291 0.477472
vt 0.718076 0.533710
vt 0.487633 0.466311
vt 0.180892 0.922020
vt 0.186841 0.933811
vt 0.163897 0.929538
vt 0.193530 0.926712
vt 0.199420 0.942130
vt 0.212331 0.951310
vt 0.208445 0.936437
vt 0.204134 0.953715
vt 0.212846 0.964995
vt 0.203055 0.964654
vt 0.213896 0.975796
vt 0.162171 0.926644
vt 0.177039 0.908668
vt 0.446270 0.619314
vt 0.460480 0.639714
vt 0.444760 0.639151
vt 0.461850 0.619443
vt 0.475842 0.641101
vt 0.492351 0.643496
vt 0.512442 0.629620
vt 0.505935 0.648004
vt 0.528613 0.638429
vt 0.520728 0.654579
vt 0.543096 0.649568
vt 0.534751 0.662054
vt 0.430986 0.620094
vt 0.479811 0.620557
vt 0.380815 0.609329
vt 0.535866 0.627321
vt 0.520049 0.616701
vt 0.504446 0.609026
vt 0.497431 0.624443
vt 0.485319 0.604449
vt 0.466542 0.603230
vt 0.449771 0.602940
vt 0.433315 0.604454
vt 0.414727 0.605637
vt 0.398199 0.607952
vt 0.527501 0.606680
vt 0.541897 0.619984
vt 0.537616 0.598398
vt 0.550829 0.611974
vt 0.562272 0.625521
vt 0.510925 0.595915
vt 0.493574 0.589682
vt 0.486315 0.600385
vt 0.469678 0.584624
vt 0.451174 0.593805
vt 0.466959 0.596022
vt 0.451674 0.581611
vt 0.434648 0.591032
vt 0.436226 0.580260
vt 0.418082 0.578678
vt 0.455447 0.570465
vt 0.476555 0.572694
vt 0.502865 0.573992
vt 0.515928 0.566079
vt 0.466682 0.526528
vt 0.478783 0.563068
vt 0.474691 0.543957
vt 0.302854 0.044337
vt 0.311983 0.046897
vt 0.333358 0.051560
vt 0.331790 0.060470
vt 0.343313 0.062633
vt 0.333927 0.046747
vt 0.324143 0.045144
vt 0.322275 0.049467
vt 0.314182 0.042391
vt 0.294306 0.042972
vt 0.325354 0.036655
vt 0.595988 0.690233
vt 0.580884 0.689724
vt 0.589784 0.680532
vt 0.605644 0.684643
vt 0.599825 0.674043
vt 0.610205 0.695222
vt 0.573899 0.638245
vt 0.335986 0.040151
vt 0.346885 0.042943
vt 0.589199 0.697677
vt 0.601174 0.702619
vt 0.597196 0.706326
vt 0.604771 0.715314
vt 0.306451 0.033999
vt 0.574778 0.678435
vt 0.582739 0.669496
vt 0.593434 0.662757
vt 0.566570 0.664494
vt 0.573880 0.658028
vt 0.584023 0.650576
vt 0.559406 0.652876
vt 0.553421 0.659213
vt 0.561819 0.668940
vt 0.285478 0.031821
vt 0.294683 0.030179
vt 0.295827 0.027672
vt 0.305160 0.030852
vt 0.315185 0.033030
vt 0.571978 0.681672
vt 0.284117 0.025822
vt 0.561772 0.675678
vt 0.552425 0.667109
vt 0.277536 0.026860
vt 0.544533 0.666055
vt 0.278037 0.021313
vt 0.364355 0.604971
vt 0.346644 0.603043
vt 0.331318 0.602329
vt 0.315747 0.603606
vt 0.315489 0.592009
vt 0.332308 0.592882
vt 0.350044 0.593781
vt 0.370122 0.597908
vt 0.386992 0.602105
vt 0.347082 0.585314
vt 0.360639 0.585551
vt 0.375868 0.590112
vt 0.398091 0.595649
vt 0.332368 0.582684
vt 0.300116 0.592682
vt 0.315689 0.579576
vt 0.283813 0.579410
vt 0.299177 0.579429
vt 0.283507 0.593650
vt 0.269294 0.581920
vt 0.316177 0.617774
vt 0.299395 0.605544
vt 0.284679 0.605433
vt 0.281243 0.615897
vt 0.272259 0.603241
vt 0.270876 0.593253
vt 0.641119 0.697123
vt 0.629903 0.704271
vt 0.639618 0.707873
vt 0.634053 0.711546
vt 0.637366 0.717531
vt 0.631054 0.715369
vt 0.622452 0.709367
vt 0.612899 0.705486
vt 0.332030 0.063933
vt 0.057680 0.927098
vt 0.062782 0.911726
vt 0.064748 0.926147
vt 0.076907 0.922970
vt 0.077755 0.909665
vt 0.086411 0.922109
vt 0.088799 0.908360
vt 0.092494 0.920736
vt 0.663267 0.612931
vt 0.647993 0.607072
vt 0.672875 0.608177
vt 0.672242 0.599115
vt 0.683310 0.607175
vt 0.785157 0.931298
vt 0.773355 0.929952
vt 0.783993 0.927189
vt 0.761592 0.933868
vt 0.773664 0.933539
vt 0.793571 0.925606
vt 0.670493 0.584176
vt 0.684070 0.596738
vt 0.683261 0.580497
vt 0.684585 0.566036
vt 0.184898 0.981663
vt 0.170681 0.989986
vt 0.169594 0.985150
vt 0.152475 0.989212
vt 0.152044 0.986923
vt 0.140873 0.988932
vt 0.193743 0.466125
vt 0.184099 0.458706
vt 0.196448 0.463119
vt 0.183236 0.464810
vt 0.167890 0.457643
vt 0.166749 0.463608
vt 0.153649 0.457108
vt 0.201235 0.987136
vt 0.186899 0.989089
vt 0.140467 0.456413
vt 0.152120 0.462597
vt 0.138969 0.462073
vt 0.125749 0.456164
vt 0.215572 0.985299
vt 0.381341 0.654092
vt 0.365340 0.654714
vt 0.394863 0.668324
vt 0.380681 0.668656
vt 0.393662 0.682707
vt 0.381139 0.697709
vt 0.380531 0.682862
vt 0.394511 0.697525
vt 0.382276 0.712477
vt 0.409284 0.712311
vt 0.397523 0.727912
vt 0.395801 0.712276
vt 0.284814 0.716573
vt 0.271073 0.704539
vt 0.284341 0.703486
vt 0.369453 0.525358
vt 0.361712 0.544006
vt 0.356348 0.528976
vt 0.375574 0.540339
vt 0.367094 0.559307
vt 0.382021 0.556193
vt 0.371994 0.572334
vt 0.366057 0.669455
vt 0.367677 0.698289
vt 0.366726 0.683702
vt 0.368691 0.713003
vt 0.383715 0.728004
vt 0.270990 0.716412
vt 0.284581 0.729533
vt 0.270211 0.729202
vt 0.348153 0.547329
vt 0.343203 0.532256
vt 0.352954 0.562701
vt 0.427017 0.540208
vt 0.418414 0.559335
vt 0.411598 0.546042
vt 0.417353 0.526281
vt 0.403376 0.531461
vt 0.407945 0.512091
vt 0.395382 0.517242
vt 0.451571 0.714225
vt 0.439140 0.728032
vt 0.436268 0.712141
vt 0.299500 0.572355
vt 0.309019 0.556984
vt 0.314456 0.568445
vt 0.432308 0.697583
vt 0.422617 0.712292
vt 0.419881 0.697574
vt 0.431977 0.684534
vt 0.420051 0.683890
vt 0.422833 0.669341
vt 0.438308 0.670656
vt 0.427728 0.654183
vt 0.396785 0.653763
vt 0.408719 0.668501
vt 0.406898 0.683132
vt 0.407376 0.697401
vt 0.411392 0.727867
vt 0.269645 0.694776
vt 0.284649 0.692245
vt 0.382554 0.521486
vt 0.389525 0.536179
vt 0.396887 0.551559
vt 0.388466 0.570686
vt 0.411902 0.653738
vt 0.425156 0.727833
vt 0.403925 0.565428
vt 0.444656 0.531549
vt 0.433947 0.555301
vt 0.430752 0.520190
vt 0.420730 0.505115
vt 0.190070 0.859883
vt 0.204470 0.874605
vt 0.195056 0.875022
vt 0.304263 0.544388
vt 0.295385 0.560638
vt 0.290945 0.548837
vt 0.445491 0.698427
vt 0.440967 0.685188
vt 0.452691 0.672456
vt 0.442611 0.655408
vt 0.434597 0.512740
vt 0.190506 0.891975
vt 0.188945 0.910551
vt 0.351703 0.670491
vt 0.354291 0.699077
vt 0.352857 0.684767
vt 0.355287 0.713618
vt 0.369986 0.728246
vt 0.253690 0.573677
vt 0.263282 0.558550
vt 0.266532 0.569800
vt 0.334722 0.550562
vt 0.329902 0.535833
vt 0.339279 0.565468
vt 0.339780 0.685650
vt 0.337852 0.671032
vt 0.341253 0.699605
vt 0.341970 0.714111
vt 0.356182 0.728656
vt 0.256973 0.584598
vt 0.321470 0.553664
vt 0.316887 0.539890
vt 0.325067 0.567337
vt 0.328414 0.686853
vt 0.324840 0.671383
vt 0.328548 0.699681
vt 0.328991 0.714750
vt 0.342429 0.728855
vt 0.458279 0.658733
vt 0.345407 0.578629
vt 0.357660 0.575436
vt 0.384048 0.583427
vt 0.372065 0.579660
vt 0.417022 0.589308
vt 0.401435 0.586384
vt 0.437444 0.569447
vt 0.418417 0.566279
vt 0.404455 0.577575
vt 0.452095 0.550676
vt 0.453286 0.516654
vt 0.198089 0.897366
vt 0.299550 0.716199
vt 0.314444 0.729082
vt 0.299452 0.729443
vt 0.313886 0.687151
vt 0.315012 0.700654
vt 0.182941 0.843096
vt 0.198639 0.852351
vt 0.191288 0.829902
vt 0.173776 0.831036
vt 0.173897 0.818017
vt 0.153170 0.823164
vt 0.469789 0.660984
vt 0.155941 0.837186
vt 0.134502 0.835944
vt 0.201084 0.922012
vt 0.486713 0.656233
vt 0.503272 0.656803
vt 0.519995 0.658060
vt 0.097929 0.910813
vt 0.095846 0.891471
vt 0.106097 0.896734
vt 0.115684 0.881348
vt 0.104386 0.870199
vt 0.126390 0.866523
vt 0.139188 0.851853
vt 0.117924 0.855347
vt 0.267742 0.048285
vt 0.278584 0.058664
vt 0.265634 0.054235
vt 0.294941 0.063972
vt 0.306339 0.066278
vt 0.318526 0.068732
vt 0.331389 0.070338
vt 0.314747 0.715338
vt 0.328790 0.728846
vt 0.280336 0.565256
vt 0.299352 0.702319
vt 0.298615 0.689524
vt 0.278259 0.687608
vt 0.287174 0.682189
vt 0.297030 0.677313
vt 0.305722 0.673968
vt 0.313003 0.672342
vt 0.257361 0.727593
vt 0.249810 0.562922
vt 0.241652 0.577093
vt 0.237681 0.566749
vt 0.245374 0.587134
vt 0.258534 0.715476
vt 0.245718 0.714181
vt 0.236679 0.702493
vt 0.246794 0.703249
vt 0.243547 0.725423
vt 0.234470 0.712564
vt 0.225267 0.571827
vt 0.219620 0.585576
vt 0.213713 0.578272
vt 0.230096 0.581281
vt 0.224368 0.594519
vt 0.234311 0.590608
vt 0.259641 0.703863
vt 0.247731 0.694491
vt 0.238266 0.693477
vt 0.252915 0.634218
vt 0.242429 0.635864
vt 0.236261 0.619798
vt 0.242986 0.608245
vt 0.239263 0.627391
vt 0.232970 0.611264
vt 0.237963 0.599532
vt 0.228838 0.602374
vt 0.248794 0.596380
vt 0.259607 0.593919
vt 0.252827 0.605357
vt 0.262394 0.603064
vt 0.258336 0.614304
vt 0.264812 0.609982
vt 0.223413 0.604502
vt 0.227826 0.613993
vt 0.231670 0.621747
vt 0.235842 0.629052
vt 0.239861 0.636599
vt 0.240739 0.643028
vt 0.241280 0.650175
vt 0.239098 0.657131
vt 0.236300 0.665756
vt 0.233902 0.683619
vt 0.234531 0.674866
vt 0.233199 0.692125
vt 0.232469 0.701686
vt 0.230692 0.710897
vt 0.226754 0.718359
vt 0.217138 0.587060
vt 0.211746 0.581438
vt 0.221282 0.595631
vt 0.048498 0.604076
vt 0.059593 0.595593
vt 0.061735 0.598676
vt 0.046121 0.601018
vt 0.032767 0.599907
vt 0.041678 0.593254
vt 0.034529 0.605932
vt 0.025783 0.614632
vt 0.024286 0.610580
vt 0.014105 0.614564
vt 0.021796 0.605404
vt 0.015524 0.485332
vt 0.025901 0.486175
vt 0.023641 0.490124
vt 0.033384 0.496177
vt 0.021282 0.495556
vt 0.035797 0.492858
vt 0.044851 0.502203
vt 0.047975 0.514268
vt 0.054152 0.508776
vt 0.056111 0.521289
vt 0.061729 0.516359
vt 0.064429 0.529006
vt 0.070638 0.523512
vt 0.071497 0.537772
vt 0.082701 0.543618
vt 0.080664 0.531742
vt 0.075008 0.546325
vt 0.083093 0.555749
vt 0.076416 0.555449
vt 0.080700 0.565303
vt 0.075058 0.563519
vt 0.074277 0.577032
vt 0.068443 0.572312
vt 0.067751 0.586031
vt 0.051856 0.585719
vt 0.060345 0.579238
vt 0.082450 0.588932
vt 0.093029 0.583993
vt 0.082898 0.589886
vt 0.092570 0.583242
vt 0.102954 0.576969
vt 0.108571 0.570016
vt 0.109392 0.570375
vt 0.085680 0.594863
vt 0.096438 0.588617
vt 0.106891 0.580513
vt 0.113296 0.572877
vt 0.026999 0.616088
vt 0.020135 0.629820
vt 0.016134 0.620086
vt 0.038406 0.610402
vt 0.031402 0.625020
vt 0.031519 0.476260
vt 0.018041 0.480208
vt 0.022543 0.471444
vt 0.026923 0.484588
vt 0.041790 0.482491
vt 0.036804 0.491188
vt 0.047952 0.497741
vt 0.037281 0.608983
vt 0.015725 0.618403
vt 0.017650 0.481854
vt 0.047055 0.499133
vt 0.013003 0.490397
vt 0.039937 0.507856
vt 0.030661 0.501301
vt 0.049512 0.605119
vt 0.043292 0.619273
vt 0.054129 0.614266
vt 0.060165 0.607746
vt 0.060415 0.610989
vt 0.062630 0.599485
vt 0.073345 0.593193
vt 0.102344 0.576268
vt 0.106286 0.568433
vt 0.100318 0.574045
vt 0.090929 0.580804
vt 0.080785 0.585362
vt 0.065185 0.605129
vt 0.073644 0.594554
vt 0.076091 0.600178
vt 0.054148 0.490051
vt 0.059780 0.497551
vt 0.060165 0.503704
vt 0.059127 0.504936
vt 0.113440 0.563809
vt 0.114417 0.557501
vt 0.115423 0.557670
vt 0.115688 0.551536
vt 0.114870 0.551504
vt 0.114486 0.545115
vt 0.113364 0.545208
vt 0.111519 0.538697
vt 0.106343 0.533446
vt 0.106993 0.532739
vt 0.097797 0.525555
vt 0.092679 0.514622
vt 0.098321 0.524806
vt 0.089568 0.519065
vt 0.063038 0.695426
vt 0.065719 0.684039
vt 0.088844 0.520015
vt 0.078824 0.512737
vt 0.194934 0.680308
vt 0.200485 0.691709
vt 0.078069 0.514121
vt 0.068974 0.507963
vt 0.074648 0.518067
vt 0.067907 0.508933
vt 0.189497 0.668901
vt 0.203991 0.674994
vt 0.085605 0.524744
vt 0.101644 0.535737
vt 0.107222 0.540495
vt 0.110636 0.539256
vt 0.110661 0.546380
vt 0.112331 0.551804
vt 0.111903 0.556969
vt 0.110125 0.562207
vt 0.112541 0.563410
vt 0.120901 0.558710
vt 0.117720 0.565840
vt 0.120905 0.550651
vt 0.119015 0.543332
vt 0.111105 0.529170
vt 0.115949 0.536242
vt 0.104331 0.522525
vt 0.186081 0.659528
vt 0.189676 0.653978
vt 0.193683 0.653580
vt 0.182173 0.649761
vt 0.186236 0.646644
vt 0.081603 0.508424
vt 0.051403 0.689896
vt 0.060938 0.694466
vt 0.071190 0.503661
vt 0.064834 0.513177
vt 0.063055 0.499502
vt 0.107382 0.551975
vt 0.102365 0.556530
vt 0.107173 0.556514
vt 0.102450 0.550960
vt 0.096669 0.556604
vt 0.096883 0.549194
vt 0.090115 0.556049
vt 0.090542 0.546687
vt 0.103806 0.545534
vt 0.098272 0.542069
vt 0.090945 0.537544
vt 0.094417 0.530484
vt 0.103219 0.562397
vt 0.097341 0.564424
vt 0.089400 0.564918
vt 0.106889 0.560185
vt 0.107325 0.548305
vt 0.088962 0.574006
vt 0.165991 0.616119
vt 0.173019 0.626578
vt 0.171710 0.627269
vt 0.014102 0.022342
vt 0.040273 0.020585
vt 0.044325 0.028065
vt 0.042575 0.071981
vt 0.015197 0.076898
vt 0.015031 0.065853
vt 0.010073 0.044637
vt 0.047370 0.036550
vt 0.047379 0.049917
vt 0.011850 0.056173
vt 0.177714 0.638150
vt 0.044558 0.061427
vt 0.035624 0.014267
vt 0.017073 0.014739
vt 0.022360 0.010083
vt 0.011431 0.031880
vt 0.029536 0.010236
vt 0.041582 0.087695
vt 0.013345 0.081795
vt 0.042309 0.084170
vt 0.042133 0.080582
vt 0.042158 0.094472
vt 0.013003 0.084758
vt 0.010988 0.090938
vt 0.039044 0.107483
vt 0.010141 0.101727
vt 0.014212 0.112691
vt 0.032389 0.115802
vt 0.023381 0.117700
vt 0.209592 0.686791
vt 0.198539 0.664316
vt 0.188785 0.669136
vt 0.181230 0.662840
vt 0.167114 0.615468
vt 0.159635 0.607165
vt 0.160582 0.606124
vt 0.151649 0.600191
vt 0.152382 0.599085
vt 0.144675 0.597010
vt 0.144987 0.595805
vt 0.138485 0.596227
vt 0.138470 0.595057
vt 0.132274 0.596941
vt 0.131871 0.595719
vt 0.125506 0.599809
vt 0.124912 0.598825
vt 0.117330 0.606117
vt 0.116412 0.605128
vt 0.109789 0.614789
vt 0.108778 0.614116
vt 0.101053 0.627748
vt 0.099720 0.626976
vt 0.105368 0.630566
vt 0.094006 0.638837
vt 0.143552 0.610355
vt 0.135768 0.618896
vt 0.137040 0.610085
vt 0.088313 0.649304
vt 0.093043 0.638235
vt 0.092522 0.651502
vt 0.100639 0.642036
vt 0.143719 0.599045
vt 0.138413 0.603572
vt 0.138411 0.598471
vt 0.142975 0.604502
vt 0.112567 0.617029
vt 0.119439 0.608300
vt 0.126687 0.602261
vt 0.132915 0.599400
vt 0.150334 0.602360
vt 0.157807 0.608717
vt 0.164029 0.617356
vt 0.168719 0.628695
vt 0.176673 0.638825
vt 0.182228 0.635801
vt 0.177380 0.624418
vt 0.171218 0.613216
vt 0.163767 0.602720
vt 0.146627 0.591357
vt 0.154958 0.595059
vt 0.138556 0.589905
vt 0.130637 0.591043
vt 0.122337 0.594781
vt 0.112581 0.601451
vt 0.104585 0.610600
vt 0.095271 0.623859
vt 0.144126 0.619874
vt 0.135054 0.629340
vt 0.082177 0.645521
vt 0.088126 0.635348
vt 0.087178 0.648816
vt 0.080437 0.660802
vt 0.078296 0.645105
vt 0.082270 0.660863
vt 0.075343 0.672538
vt 0.074049 0.671737
vt 0.064613 0.667429
vt 0.071489 0.655445
vt 0.144641 0.629983
vt 0.130001 0.608033
vt 0.125522 0.616122
vt 0.151060 0.611250
vt 0.154277 0.619809
vt 0.147710 0.606061
vt 0.133976 0.603670
vt 0.120248 0.628451
vt 0.156791 0.631096
vt 0.166703 0.643626
vt 0.173292 0.640467
vt 0.184798 0.659579
vt 0.181087 0.650320
vt 0.177643 0.652134
vt 0.109544 0.636251
vt 0.934708 0.268309
vt 0.963072 0.264472
vt 0.963727 0.268214
vt 0.934639 0.264855
vt 0.964463 0.253482
vt 0.961686 0.243134
vt 0.932744 0.253927
vt 0.935018 0.241970
vt 0.943436 0.234074
vt 0.954163 0.234516
vt 0.963014 0.276041
vt 0.936178 0.279062
vt 0.963557 0.287266
vt 0.932160 0.290722
vt 0.965518 0.299208
vt 0.928194 0.305110
vt 0.965518 0.312020
vt 0.928503 0.316523
vt 0.960909 0.324458
vt 0.930507 0.327770
vt 0.953785 0.334445
vt 0.933251 0.336036
vt 0.946510 0.340195
vt 0.938808 0.341035
vt 0.523805 0.339060
vt 0.522102 0.335818
vt 0.525634 0.337684
vt 0.533910 0.345351
vt 0.532905 0.344091
vt 0.471513 0.076931
vt 0.471558 0.082269
vt 0.458393 0.084004
vt 0.443530 0.084155
vt 0.429900 0.082911
vt 0.427417 0.095283
vt 0.442914 0.096668
vt 0.458674 0.096920
vt 0.533694 0.069194
vt 0.522232 0.077369
vt 0.510870 0.084073
vt 0.487064 0.093474
vt 0.499552 0.089671
vt 0.472838 0.095791
vt 0.542412 0.061506
vt 0.543095 0.044697
vt 0.551914 0.052656
vt 0.552331 0.036630
vt 0.561002 0.044189
vt 0.561242 0.027640
vt 0.569344 0.035858
vt 0.523013 0.304021
vt 0.518724 0.288328
vt 0.528998 0.294406
vt 0.512944 0.299095
vt 0.508572 0.282758
vt 0.501608 0.293375
vt 0.499078 0.276374
vt 0.555006 0.020562
vt 0.544949 0.027176
vt 0.541172 0.020648
vt 0.517921 0.311530
vt 0.509197 0.308149
vt 0.546807 0.018094
vt 0.552688 0.014689
vt 0.495512 0.306288
vt 0.507697 0.313229
vt 0.498500 0.314832
vt 0.499118 0.319551
vt 0.487316 0.320695
vt 0.480094 0.331088
vt 0.489812 0.324805
vt 0.467651 0.336023
vt 0.476686 0.327536
vt 0.471822 0.340002
vt 0.460711 0.345410
vt 0.465005 0.348916
vt 0.803022 0.617273
vt 0.804517 0.604202
vt 0.445500 0.377965
vt 0.449707 0.380782
vt 0.802497 0.626497
vt 0.802675 0.639181
vt 0.803954 0.650041
vt 0.806903 0.660849
vt 0.810892 0.668139
vt 0.472144 0.355285
vt 0.478805 0.345881
vt 0.486597 0.336651
vt 0.494252 0.330316
vt 0.503459 0.325101
vt 0.479083 0.360311
vt 0.484214 0.352016
vt 0.489405 0.344521
vt 0.497339 0.336537
vt 0.501250 0.341009
vt 0.506516 0.345166
vt 0.510714 0.335650
vt 0.505956 0.330409
vt 0.509660 0.321543
vt 0.513629 0.325432
vt 0.518934 0.330257
vt 0.514393 0.340187
vt 0.501469 0.354566
vt 0.508726 0.350044
vt 0.515638 0.342176
vt 0.517268 0.348483
vt 0.393650 0.078000
vt 0.409303 0.093905
vt 0.386975 0.090850
vt 0.366270 0.089264
vt 0.353376 0.087280
vt 0.340297 0.084507
vt 0.341927 0.072063
vt 0.328947 0.081526
vt 0.306179 0.077246
vt 0.317181 0.079941
vt 0.292617 0.074415
vt 0.274145 0.070414
vt 0.087730 0.871423
vt 0.084335 0.890385
vt 0.074630 0.872071
vt 0.061049 0.889044
vt 0.074656 0.889898
vt 0.045567 0.870300
vt 0.059974 0.867245
vt 0.247416 0.047448
vt 0.232185 0.036338
vt 0.249494 0.042143
vt 0.054627 0.911298
vt 0.041727 0.849920
vt 0.058238 0.845381
vt 0.035842 0.826631
vt 0.055045 0.821863
vt 0.029109 0.804537
vt 0.021751 0.780290
vt 0.029596 0.778627
vt 0.023223 0.758817
vt 0.043733 0.775325
vt 0.049870 0.797476
vt 0.212197 0.035006
vt 0.195378 0.022708
vt 0.215024 0.030083
vt 0.230066 0.041696
vt 0.192948 0.027130
vt 0.176730 0.015852
vt 0.175007 0.020133
vt 0.156188 0.010144
vt 0.144605 0.013851
vt 0.142246 0.011413
vt 0.037508 0.750880
vt 0.061100 0.766882
vt 0.065860 0.788354
vt 0.053943 0.742248
vt 0.077808 0.758956
vt 0.092231 0.736382
vt 0.094831 0.757290
vt 0.111340 0.735787
vt 0.080954 0.783057
vt 0.097566 0.780403
vt 0.115211 0.776722
vt 0.113162 0.756160
vt 0.131065 0.773865
vt 0.129683 0.753710
vt 0.127797 0.732690
vt 0.148862 0.748646
vt 0.150140 0.771912
vt 0.147697 0.726605
vt 0.169033 0.744742
vt 0.169431 0.769495
vt 0.132269 0.814617
vt 0.150131 0.807582
vt 0.132467 0.795580
vt 0.148500 0.791627
vt 0.117707 0.839104
vt 0.101662 0.826724
vt 0.116146 0.820554
vt 0.102968 0.847586
vt 0.087051 0.831777
vt 0.088482 0.852653
vt 0.072905 0.837748
vt 0.116060 0.797857
vt 0.099866 0.804097
vt 0.084508 0.808590
vt 0.069718 0.814484
vt 0.073791 0.857267
vt 0.187986 0.036214
vt 0.206663 0.044220
vt 0.224712 0.051402
vt 0.242246 0.057747
vt 0.258881 0.064571
vt 0.169882 0.029052
vt 0.155378 0.015288
vt 0.141970 0.019610
vt 0.153960 0.023473
vt 0.138596 0.019122
vt 0.134353 0.030675
vt 0.131696 0.028579
vt 0.147398 0.036986
vt 0.163357 0.043335
vt 0.181310 0.050121
vt 0.199707 0.057833
vt 0.217883 0.065241
vt 0.235880 0.071939
vt 0.253643 0.078358
vt 0.196274 0.811293
vt 0.180786 0.805871
vt 0.202741 0.797443
vt 0.185790 0.789775
vt 0.209176 0.777443
vt 0.190587 0.766303
vt 0.216820 0.759440
vt 0.168525 0.804253
vt 0.168339 0.721517
vt 0.187255 0.743227
vt 0.205153 0.727929
vt 0.200723 0.748925
vt 0.168190 0.788855
vt 0.225465 0.742957
vt 0.125972 0.043091
vt 0.130305 0.062581
vt 0.117067 0.054674
vt 0.119901 0.075745
vt 0.091424 0.124772
vt 0.105938 0.145241
vt 0.083914 0.140245
vt 0.112411 0.128687
vt 0.098241 0.109478
vt 0.118702 0.113276
vt 0.099535 0.165309
vt 0.078027 0.158762
vt 0.156610 0.095361
vt 0.147053 0.071191
vt 0.165433 0.079933
vt 0.155910 0.056537
vt 0.139211 0.049191
vt 0.136735 0.085254
vt 0.195257 0.111380
vt 0.183976 0.087929
vt 0.203281 0.095823
vt 0.192527 0.071970
vt 0.174086 0.063994
vt 0.174496 0.103653
vt 0.242140 0.112378
vt 0.215662 0.119019
vt 0.222656 0.103828
vt 0.248339 0.094242
vt 0.229559 0.087187
vt 0.211003 0.079793
vt 0.081011 0.107068
vt 0.075116 0.123144
vt 0.069133 0.136963
vt 0.060418 0.149954
vt 0.128862 0.149276
vt 0.147002 0.174629
vt 0.122375 0.170536
vt 0.135042 0.132929
vt 0.152849 0.153198
vt 0.158042 0.136311
vt 0.140983 0.118076
vt 0.162119 0.118489
vt 0.177385 0.156963
vt 0.197976 0.180557
vt 0.170093 0.178460
vt 0.182521 0.140600
vt 0.203429 0.160159
vt 0.207092 0.144256
vt 0.187750 0.125460
vt 0.210691 0.130886
vt 0.222646 0.178292
vt 0.226577 0.161847
vt 0.230280 0.146088
vt 0.232860 0.130258
vt 0.085326 0.090305
vt 0.103594 0.095355
vt 0.095136 0.077252
vt 0.109651 0.086037
vt 0.106479 0.066419
vt 0.123819 0.097707
vt 0.147263 0.107960
vt 0.220114 0.196345
vt 0.196706 0.197867
vt 0.221042 0.215345
vt 0.196816 0.218702
vt 0.320701 0.208834
vt 0.345427 0.267070
vt 0.269383 0.187292
vt 0.249048 0.209664
vt 0.246922 0.192148
vt 0.245568 0.175725
vt 0.266007 0.171820
vt 0.287173 0.181988
vt 0.275280 0.203723
vt 0.281826 0.170661
vt 0.248103 0.161364
vt 0.250599 0.147003
vt 0.270748 0.158685
vt 0.272247 0.166247
vt 0.273936 0.158819
vt 0.275423 0.164933
vt 0.271419 0.146574
vt 0.275542 0.146722
vt 0.267955 0.100162
vt 0.278817 0.119450
vt 0.262548 0.115263
vt 0.274327 0.134937
vt 0.255225 0.132472
vt 0.286857 0.104524
vt 0.272886 0.084391
vt 0.290868 0.089065
vt 0.299006 0.106255
vt 0.122849 0.039482
vt 0.113626 0.052558
vt 0.102851 0.063218
vt 0.090117 0.074259
vt 0.079855 0.085176
vt 0.074591 0.103025
vt 0.069227 0.120011
vt 0.061912 0.134582
vt 0.053623 0.148129
vt 0.047276 0.167725
vt 0.040162 0.165698
vt 0.069863 0.176263
vt 0.093556 0.184995
vt 0.117405 0.192214
vt 0.141087 0.198678
vt 0.174468 0.367119
vt 0.175497 0.390976
vt 0.160160 0.376358
vt 0.174379 0.200278
vt 0.238826 0.751381
vt 0.232128 0.768230
vt 0.252783 0.758129
vt 0.246597 0.775097
vt 0.265580 0.765173
vt 0.259251 0.781718
vt 0.023821 0.203015
vt 0.035511 0.213727
vt 0.029618 0.216678
vt 0.029649 0.202779
vt 0.046528 0.203889
vt 0.032710 0.194011
vt 0.038763 0.180794
vt 0.026596 0.190411
vt 0.031913 0.177389
vt 0.056505 0.191383
vt 0.213875 0.838844
vt 0.207073 0.821386
vt 0.230141 0.828483
vt 0.238380 0.806273
vt 0.244505 0.820852
vt 0.220601 0.807915
vt 0.226311 0.786654
vt 0.242142 0.792011
vt 0.255055 0.798578
vt 0.252459 0.813298
vt 0.039165 0.229070
vt 0.044575 0.225760
vt 0.047233 0.240499
vt 0.067260 0.227392
vt 0.054080 0.241052
vt 0.056852 0.215284
vt 0.247245 0.376852
vt 0.265929 0.379824
vt 0.162622 0.352405
vt 0.197806 0.389532
vt 0.196694 0.406605
vt 0.187583 0.401049
vt 0.114451 0.245264
vt 0.096100 0.243237
vt 0.115010 0.243015
vt 0.095865 0.245571
vt 0.079660 0.243207
vt 0.079815 0.245959
vt 0.066362 0.242908
vt 0.084212 0.223873
vt 0.103884 0.228839
vt 0.088479 0.205832
vt 0.109683 0.211711
vt 0.106474 0.255474
vt 0.094677 0.255577
vt 0.125289 0.234079
vt 0.123087 0.232301
vt 0.134419 0.221866
vt 0.117622 0.245178
vt 0.109332 0.256284
vt 0.142251 0.346625
vt 0.156014 0.326891
vt 0.222926 0.372956
vt 0.187032 0.380162
vt 0.202411 0.371170
vt 0.188435 0.352096
vt 0.197183 0.425672
vt 0.175869 0.425894
vt 0.181272 0.414574
vt 0.172297 0.436346
vt 0.185042 0.446662
vt 0.170254 0.445243
vt 0.075640 0.368103
vt 0.056198 0.380429
vt 0.057903 0.363091
vt 0.059234 0.344821
vt 0.079510 0.329265
vt 0.077794 0.349142
vt 0.071278 0.200041
vt 0.026204 0.443080
vt 0.039647 0.435906
vt 0.036293 0.448688
vt 0.053308 0.452330
vt 0.055529 0.437244
vt 0.072339 0.454059
vt 0.090743 0.438292
vt 0.073281 0.437487
vt 0.090323 0.454888
vt 0.108556 0.438790
vt 0.108265 0.455732
vt 0.126287 0.439987
vt 0.141457 0.441398
vt 0.155531 0.443000
vt 0.195216 0.459369
vt 0.197462 0.448692
vt 0.033297 0.453552
vt 0.052939 0.458578
vt 0.089671 0.460689
vt 0.072032 0.460148
vt 0.107888 0.461519
vt 0.125822 0.462274
vt 0.322774 0.973445
vt 0.335909 0.989579
vt 0.318784 0.988399
vt 0.299505 0.970602
vt 0.296006 0.985899
vt 0.276613 0.969574
vt 0.274953 0.984976
vt 0.257784 0.969438
vt 0.255569 0.984970
vt 0.238993 0.971247
vt 0.235458 0.985141
vt 0.021670 0.434501
vt 0.026459 0.433883
vt 0.026104 0.421190
vt 0.022073 0.420976
vt 0.025113 0.407477
vt 0.020301 0.408007
vt 0.022618 0.391037
vt 0.018300 0.370682
vt 0.016494 0.390878
vt 0.040434 0.421260
vt 0.039734 0.407940
vt 0.039121 0.391945
vt 0.039926 0.375637
vt 0.346895 0.926082
vt 0.332783 0.911967
vt 0.350580 0.903650
vt 0.332471 0.945298
vt 0.332177 0.926963
vt 0.347979 0.946306
vt 0.330498 0.958373
vt 0.342069 0.977579
vt 0.346265 0.961903
vt 0.288721 0.107032
vt 0.282028 0.121601
vt 0.299786 0.108390
vt 0.305646 0.124827
vt 0.293470 0.123688
vt 0.300557 0.139724
vt 0.288787 0.137993
vt 0.297332 0.151211
vt 0.283978 0.161013
vt 0.286159 0.148887
vt 0.322854 0.155952
vt 0.318203 0.167506
vt 0.320448 0.155532
vt 0.324053 0.142939
vt 0.327248 0.143228
vt 0.328961 0.129044
vt 0.332237 0.129483
vt 0.334009 0.115590
vt 0.336686 0.116526
vt 0.308566 0.153420
vt 0.306254 0.165518
vt 0.312516 0.141055
vt 0.317476 0.126842
vt 0.322132 0.113365
vt 0.310790 0.110808
vt 0.294997 0.163354
vt 0.277512 0.135591
vt 0.303196 0.092167
vt 0.310876 0.108569
vt 0.314429 0.094065
vt 0.322229 0.111023
vt 0.326223 0.096695
vt 0.334173 0.114031
vt 0.351012 0.118109
vt 0.349292 0.131536
vt 0.341342 0.131818
vt 0.346322 0.145635
vt 0.335681 0.144316
vt 0.331193 0.157589
vt 0.342475 0.160907
vt 0.328125 0.169343
vt 0.324359 0.180978
vt 0.320356 0.168163
vt 0.315947 0.178900
vt 0.303792 0.174787
vt 0.283628 0.168152
vt 0.293000 0.170977
vt 0.292110 0.173898
vt 0.302842 0.177469
vt 0.314815 0.181730
vt 0.318148 0.178932
vt 0.335347 0.184648
vt 0.323038 0.184457
vt 0.339718 0.173654
vt 0.352472 0.101698
vt 0.338319 0.099180
vt 0.353085 0.116460
vt 0.315454 0.194356
vt 0.295651 0.194325
vt 0.337560 0.193467
vt 0.297938 0.877388
vt 0.326252 0.880757
vt 0.310910 0.897137
vt 0.287058 0.862142
vt 0.316170 0.859124
vt 0.334151 0.855179
vt 0.307086 0.843947
vt 0.323841 0.833866
vt 0.350648 0.888766
vt 0.330644 0.895163
vt 0.252954 0.886677
vt 0.278984 0.891577
vt 0.260486 0.903632
vt 0.287243 0.909600
vt 0.267302 0.920308
vt 0.270000 0.874743
vt 0.217598 0.909885
vt 0.242371 0.915265
vt 0.224930 0.926761
vt 0.249292 0.931570
vt 0.231210 0.942470
vt 0.235084 0.898244
vt 0.236031 0.956872
vt 0.258366 0.950179
vt 0.274120 0.938960
vt 0.297842 0.951261
vt 0.276459 0.952727
vt 0.293881 0.931731
vt 0.318482 0.949731
vt 0.315527 0.924320
vt 0.025506 0.343235
vt 0.019368 0.357594
vt 0.020066 0.342946
vt 0.021705 0.324350
vt 0.016407 0.326071
vt 0.016550 0.305726
vt 0.025190 0.357318
vt 0.024817 0.372426
vt 0.041145 0.359215
vt 0.041841 0.342150
vt 0.040513 0.322738
vt 0.037307 0.304507
vt 0.012320 0.287167
vt 0.017800 0.287867
vt 0.019067 0.272312
vt 0.036934 0.283096
vt 0.023285 0.273400
vt 0.030825 0.267036
vt 0.302410 0.796739
vt 0.297935 0.822608
vt 0.284969 0.803183
vt 0.314570 0.812902
vt 0.028392 0.262554
vt 0.265434 0.833273
vt 0.254926 0.814658
vt 0.220652 0.861015
vt 0.237301 0.850272
vt 0.252329 0.841130
vt 0.278816 0.827264
vt 0.268747 0.809842
vt 0.274210 0.848129
vt 0.260339 0.858166
vt 0.227808 0.879660
vt 0.211800 0.890431
vt 0.244793 0.868858
vt 0.287172 0.840531
vt 0.043833 0.258276
vt 0.040151 0.253613
vt 0.054994 0.245817
vt 0.048173 0.242512
vt 0.066135 0.246228
vt 0.054973 0.250199
vt 0.250854 0.382007
vt 0.262370 0.395117
vt 0.247697 0.397476
vt 0.069995 0.260363
vt 0.057912 0.262990
vt 0.267268 0.404238
vt 0.265209 0.405215
vt 0.073298 0.386066
vt 0.054774 0.397097
vt 0.059602 0.325536
vt 0.162277 0.419419
vt 0.167336 0.405451
vt 0.157605 0.430634
vt 0.146679 0.412001
vt 0.151774 0.395779
vt 0.059325 0.306136
vt 0.142433 0.427257
vt 0.127744 0.405695
vt 0.132482 0.388594
vt 0.138839 0.369183
vt 0.125169 0.422562
vt 0.108734 0.399493
vt 0.113442 0.382045
vt 0.102382 0.312307
vt 0.080776 0.307843
vt 0.104479 0.417994
vt 0.091134 0.392275
vt 0.093880 0.374130
vt 0.118334 0.362475
vt 0.088722 0.407974
vt 0.097316 0.354817
vt 0.099814 0.333837
vt 0.072001 0.402350
vt 0.088649 0.420889
vt 0.071911 0.419049
vt 0.053168 0.416208
vt 0.103539 0.288689
vt 0.083699 0.288283
vt 0.280399 0.379829
vt 0.264642 0.394568
vt 0.296348 0.377070
vt 0.059660 0.288619
vt 0.047387 0.270376
vt 0.191088 0.434080
vt 0.104613 0.269929
vt 0.128307 0.293353
vt 0.125507 0.318005
vt 0.122606 0.340432
vt 0.182828 0.328123
vt 0.179341 0.298731
vt 0.178627 0.272072
vt 0.176510 0.245926
vt 0.156492 0.223241
vt 0.176114 0.221679
vt 0.198724 0.242549
vt 0.154039 0.271497
vt 0.129752 0.270882
vt 0.154348 0.296823
vt 0.263625 0.382596
vt 0.243811 0.397161
vt 0.245490 0.414662
vt 0.240981 0.416594
vt 0.282718 0.398318
vt 0.247387 0.379643
vt 0.223141 0.376538
vt 0.204740 0.374307
vt 0.200667 0.406264
vt 0.201686 0.390332
vt 0.200239 0.423848
vt 0.221969 0.411841
vt 0.223269 0.393951
vt 0.218333 0.430101
vt 0.215975 0.431598
vt 0.202792 0.442633
vt 0.678987 0.852893
vt 0.666774 0.867785
vt 0.667479 0.846492
vt 0.667823 0.843484
vt 0.678789 0.837973
vt 0.679120 0.822344
vt 0.666935 0.814272
vt 0.679787 0.808090
vt 0.668879 0.809220
vt 0.678357 0.792383
vt 0.666126 0.786870
vt 0.677758 0.780613
vt 0.665938 0.766521
vt 0.665959 0.784536
vt 0.691833 0.839054
vt 0.691483 0.824395
vt 0.693616 0.809522
vt 0.691567 0.794473
vt 0.692251 0.780179
vt 0.677414 0.767067
vt 0.689867 0.764558
vt 0.691107 0.853801
vt 0.679959 0.866379
vt 0.314872 0.354174
vt 0.317668 0.374454
vt 0.300463 0.392371
vt 0.130957 0.218955
vt 0.159498 0.201037
vt 0.154314 0.247099
vt 0.130105 0.247258
vt 0.093814 0.268737
vt 0.073231 0.275044
vt 0.059492 0.275278
vt 0.082329 0.264868
vt 0.352143 0.130940
vt 0.349317 0.145582
vt 0.345952 0.162131
vt 0.342178 0.174490
vt 0.443830 0.114539
vt 0.460150 0.130092
vt 0.445326 0.133455
vt 0.462161 0.113608
vt 0.384466 0.127177
vt 0.364203 0.144923
vt 0.364557 0.124473
vt 0.387939 0.206766
vt 0.405626 0.222179
vt 0.385991 0.226734
vt 0.343238 0.188031
vt 0.353888 0.185083
vt 0.464026 0.153529
vt 0.386682 0.108878
vt 0.479939 0.143855
vt 0.483141 0.126769
vt 0.391706 0.247283
vt 0.412170 0.241788
vt 0.378110 0.165755
vt 0.360401 0.164096
vt 0.372353 0.185421
vt 0.367531 0.203889
vt 0.409073 0.208722
vt 0.392919 0.187419
vt 0.413860 0.189926
vt 0.397795 0.167635
vt 0.418560 0.169880
vt 0.401546 0.148171
vt 0.404592 0.129149
vt 0.365944 0.216655
vt 0.424328 0.131156
vt 0.408276 0.110760
vt 0.425897 0.113262
vt 0.382004 0.146390
vt 0.454095 0.196294
vt 0.429307 0.213629
vt 0.434587 0.192991
vt 0.439567 0.172521
vt 0.459979 0.176039
vt 0.443638 0.151806
vt 0.336147 0.187019
vt 0.479940 0.109731
vt 0.422238 0.150285
vt 0.367375 0.105225
vt 0.433200 0.236550
vt 0.453323 0.217092
vt 0.457913 0.232987
vt 0.779327 0.789812
vt 0.779679 0.785077
vt 0.784520 0.769276
vt 0.786442 0.759902
vt 0.789629 0.750043
vt 0.777971 0.800533
vt 0.339916 0.377700
vt 0.320670 0.390737
vt 0.338878 0.392688
vt 0.358593 0.381597
vt 0.357355 0.395666
vt 0.373385 0.399248
vt 0.371866 0.402100
vt 0.391687 0.401604
vt 0.386968 0.407562
vt 0.395881 0.420607
vt 0.384904 0.410026
vt 0.757178 0.671368
vt 0.775232 0.671449
vt 0.768877 0.680369
vt 0.775484 0.686725
vt 0.766752 0.683159
vt 0.377618 0.389525
vt 0.403452 0.416470
vt 0.754659 0.675265
vt 0.783795 0.679873
vt 0.779698 0.694052
vt 0.338443 0.360660
vt 0.337526 0.342107
vt 0.337942 0.321688
vt 0.340622 0.304047
vt 0.346808 0.288507
vt 0.356602 0.280245
vt 0.372580 0.273364
vt 0.388007 0.267432
vt 0.405533 0.261704
vt 0.421883 0.259373
vt 0.445501 0.255758
vt 0.789715 0.170581
vt 0.797880 0.169827
vt 0.796438 0.165777
vt 0.792848 0.164680
vt 0.795946 0.162031
vt 0.785126 0.263696
vt 0.788995 0.257066
vt 0.793833 0.244820
vt 0.791757 0.250274
vt 0.794895 0.237162
vt 0.802412 0.228928
vt 0.799856 0.233096
vt 0.801579 0.240863
vt 0.798791 0.230459
vt 0.795804 0.231241
vt 0.791928 0.231820
vt 0.789635 0.226631
vt 0.803419 0.235641
vt 0.807570 0.226432
vt 0.806480 0.230301
vt 0.800256 0.248365
vt 0.799255 0.254038
vt 0.791874 0.264994
vt 0.792953 0.150237
vt 0.800485 0.155419
vt 0.796783 0.142248
vt 0.798390 0.148750
vt 0.791930 0.136675
vt 0.806368 0.179112
vt 0.803094 0.175531
vt 0.806175 0.175287
vt 0.806015 0.170979
vt 0.801729 0.171841
vt 0.804424 0.166116
vt 0.798108 0.165000
vt 0.802214 0.160863
vt 0.800013 0.168244
vt 0.777541 0.133138
vt 0.784741 0.132042
vt 0.779497 0.211085
vt 0.778567 0.208603
vt 0.776404 0.210085
vt 0.777200 0.208501
vt 0.778169 0.209971
vt 0.791782 0.210141
vt 0.790883 0.210418
vt 0.790370 0.210413
vt 0.789154 0.209073
vt 0.789390 0.210524
vt 0.790834 0.209285
vt 0.788068 0.189155
vt 0.789398 0.189269
vt 0.816234 0.212243
vt 0.810425 0.216776
vt 0.811536 0.211406
vt 0.815658 0.192467
vt 0.809364 0.199105
vt 0.809079 0.193220
vt 0.809268 0.181574
vt 0.815204 0.185492
vt 0.810303 0.186122
vt 0.815905 0.199353
vt 0.809608 0.204845
vt 0.815973 0.205461
vt 0.822164 0.212684
vt 0.815306 0.218967
vt 0.822221 0.206043
vt 0.822155 0.199383
vt 0.821922 0.192466
vt 0.821319 0.185633
vt 0.820437 0.178593
vt 0.813875 0.178466
vt 0.836200 0.216308
vt 0.828257 0.222314
vt 0.828776 0.213804
vt 0.837819 0.208082
vt 0.829362 0.206488
vt 0.838465 0.198772
vt 0.829526 0.198976
vt 0.829082 0.191379
vt 0.827712 0.184114
vt 0.837384 0.189470
vt 0.826425 0.176693
vt 0.834788 0.181460
vt 0.821221 0.221766
vt 0.805926 0.207299
vt 0.807900 0.211640
vt 0.805427 0.199496
vt 0.801518 0.199397
vt 0.805545 0.203164
vt 0.805084 0.195362
vt 0.805197 0.191398
vt 0.806587 0.186109
vt 0.808232 0.259433
vt 0.807989 0.252101
vt 0.895150 0.216135
vt 0.861877 0.218996
vt 0.872214 0.197869
vt 0.838946 0.158554
vt 0.857269 0.151658
vt 0.849160 0.165436
vt 0.860423 0.177554
vt 0.893691 0.178716
vt 0.875046 0.233941
vt 0.851614 0.231068
vt 0.873627 0.162016
vt 0.859181 0.244362
vt 0.841396 0.238393
vt 0.850396 0.198516
vt 0.847515 0.185570
vt 0.848415 0.211551
vt 0.834277 0.222502
vt 0.843578 0.221881
vt 0.837259 0.228859
vt 0.841749 0.175309
vt 0.832108 0.175549
vt 0.835241 0.168743
vt 0.864396 0.261300
vt 0.851859 0.278275
vt 0.847953 0.265660
vt 0.887219 0.279098
vt 0.883915 0.254862
vt 0.911523 0.247182
vt 0.883223 0.139931
vt 0.913472 0.113889
vt 0.909159 0.148517
vt 0.863497 0.133749
vt 0.883941 0.115001
vt 0.847665 0.130972
vt 0.862270 0.116196
vt 0.842362 0.145528
vt 0.845430 0.250519
vt 0.866212 0.278197
vt 0.852127 0.289062
vt 0.863039 0.294331
vt 0.913601 0.282122
vt 0.880665 0.302119
vt 0.902624 0.080792
vt 0.876318 0.091579
vt 0.845541 0.117374
vt 0.856145 0.099280
vt 0.827515 0.166994
vt 0.828768 0.231902
vt 0.809231 0.141244
vt 0.831146 0.144439
vt 0.829345 0.156075
vt 0.819525 0.154291
vt 0.818499 0.140673
vt 0.809758 0.151933
vt 0.818726 0.166262
vt 0.812076 0.170657
vt 0.810792 0.161897
vt 0.809601 0.175973
vt 0.830482 0.243033
vt 0.833877 0.255153
vt 0.820441 0.247168
vt 0.820115 0.258581
vt 0.809554 0.238537
vt 0.811864 0.228255
vt 0.818686 0.234293
vt 0.758609 0.119324
vt 0.775127 0.127576
vt 0.769731 0.122139
vt 0.776618 0.123746
vt 0.774655 0.115161
vt 0.779743 0.119453
vt 0.787775 0.108678
vt 0.789914 0.113561
vt 0.798905 0.107105
vt 0.800274 0.112074
vt 0.809484 0.109781
vt 0.806684 0.114104
vt 0.800263 0.114452
vt 0.790488 0.115300
vt 0.810810 0.118138
vt 0.815089 0.116444
vt 0.813016 0.124104
vt 0.805658 0.116469
vt 0.809034 0.119782
vt 0.810423 0.123995
vt 0.809983 0.130401
vt 0.808007 0.128923
vt 0.815693 0.124742
vt 0.782183 0.126292
vt 0.784878 0.122228
vt 0.789366 0.130075
vt 0.792028 0.133246
vt 0.787690 0.125408
vt 0.790587 0.121223
vt 0.799862 0.116210
vt 0.799935 0.135358
vt 0.801393 0.139204
vt 0.806601 0.133125
vt 0.808067 0.135350
vt 0.812189 0.131916
vt 0.804789 0.131003
vt 0.799945 0.131289
vt 0.795659 0.132661
vt 0.791387 0.126499
vt 0.797080 0.128856
vt 0.796567 0.123168
vt 0.799154 0.119253
vt 0.806840 0.120385
vt 0.804019 0.124473
vt 0.802547 0.121062
vt 0.806368 0.127399
vt 0.802055 0.126434
vt 0.808157 0.123919
vt 0.804301 0.118123
vt 0.800441 0.128449
vt 0.803608 0.129220
vt 0.798325 0.126516
vt 0.798719 0.124610
vt 0.797052 0.280353
vt 0.803834 0.282580
vt 0.795601 0.284973
vt 0.824006 0.133113
vt 0.833989 0.131623
vt 0.830652 0.119767
vt 0.840257 0.104896
vt 0.826393 0.108640
vt 0.766181 0.106512
vt 0.779978 0.095771
vt 0.798934 0.091206
vt 0.786980 0.275556
vt 0.780745 0.275887
vt 0.782193 0.279151
vt 0.782007 0.287510
vt 0.786753 0.281865
vt 0.792600 0.292117
vt 0.794580 0.286998
vt 0.804645 0.293043
vt 0.804043 0.286948
vt 0.814036 0.290026
vt 0.811468 0.284396
vt 0.820897 0.282978
vt 0.817483 0.274657
vt 0.815725 0.280332
vt 0.819793 0.273817
vt 0.813493 0.267325
vt 0.814653 0.265858
vt 0.814868 0.274952
vt 0.812929 0.279195
vt 0.804052 0.285098
vt 0.810151 0.282378
vt 0.808953 0.280797
vt 0.807498 0.278190
vt 0.811181 0.278690
vt 0.811960 0.274523
vt 0.808584 0.274633
vt 0.810063 0.271483
vt 0.811763 0.269900
vt 0.806327 0.269677
vt 0.806722 0.266648
vt 0.790607 0.278909
vt 0.792677 0.270491
vt 0.792787 0.275165
vt 0.796678 0.273386
vt 0.801441 0.275950
vt 0.803687 0.280021
vt 0.802886 0.274937
vt 0.805980 0.273074
vt 0.802551 0.272706
vt 0.801145 0.271820
vt 0.803849 0.271247
vt 0.802873 0.268274
vt 0.798464 0.267138
vt 0.806689 0.264305
vt 0.796754 0.260089
vt 0.806822 0.262139
vt 0.801204 0.264002
vt 0.827498 0.268198
vt 0.837195 0.265409
vt 0.829444 0.283059
vt 0.821713 0.299361
vt 0.787647 0.302782
vt 0.805543 0.309563
vt 0.749345 0.279275
vt 0.744099 0.289451
vt 0.924869 0.626989
vt 0.930186 0.636731
vt 0.925109 0.638082
vt 0.764935 0.310959
vt 0.754900 0.314637
vt 0.790970 0.324690
vt 0.779857 0.312207
vt 0.771728 0.325975
vt 0.788614 0.344386
vt 0.802159 0.337665
vt 0.800604 0.363924
vt 0.821841 0.380045
vt 0.813140 0.357474
vt 0.790035 0.011499
vt 0.796996 0.040637
vt 0.780825 0.034467
vt 0.783050 0.059331
vt 0.768783 0.050818
vt 0.764219 0.068943
vt 0.754566 0.055695
vt 0.748139 0.063994
vt 0.750976 0.083408
vt 0.737456 0.075626
vt 0.740008 0.097125
vt 0.721056 0.104165
vt 0.727793 0.088911
vt 0.733239 0.112095
vt 0.714498 0.122196
vt 0.744782 0.123695
vt 0.726737 0.126265
vt 0.905182 0.313809
vt 0.867349 0.321729
vt 0.885068 0.051555
vt 0.862270 0.070217
vt 0.851772 0.307287
vt 0.835067 0.318520
vt 0.830860 0.348391
vt 0.818162 0.328726
vt 0.849488 0.336690
vt 0.843258 0.371094
vt 0.832905 0.020647
vt 0.842696 0.055493
vt 0.819077 0.045849
vt 0.859174 0.031580
vt 0.865949 0.359130
vt 0.807399 0.015112
vt 0.803457 0.069910
vt 0.818248 0.096048
vt 0.827838 0.075926
vt 0.841472 0.294251
vt 0.844798 0.085688
vt 0.834610 0.094914
vt 0.839805 0.280172
vt 0.779049 0.079743
vt 0.753439 0.104926
vt 0.764503 0.091418
vt 0.719616 0.133982
vt 0.711112 0.132332
vt 0.930402 0.646806
vt 0.931578 0.658128
vt 0.924345 0.656915
vt 0.920096 0.649140
vt 0.719817 0.243518
vt 0.918639 0.648323
vt 0.917044 0.655257
vt 0.922850 0.637957
vt 0.505848 0.023829
vt 0.932230 0.693002
vt 0.929929 0.683583
vt 0.932294 0.683315
vt 0.927549 0.694392
vt 0.927068 0.684007
vt 0.932035 0.702752
vt 0.499207 0.029551
vt 0.924603 0.694282
vt 0.931424 0.674689
vt 0.512028 0.020317
vt 0.929017 0.675492
vt 0.929613 0.669652
vt 0.925872 0.671300
vt 0.929344 0.667520
vt 0.926746 0.673391
vt 0.919737 0.663092
vt 0.925897 0.664708
vt 0.923339 0.667853
vt 0.541304 0.345887
vt 0.541981 0.343910
vt 0.930819 0.666232
vt 0.923291 0.676532
vt 0.922709 0.673831
vt 0.529467 0.341282
vt 0.918566 0.679903
vt 0.527082 0.347263
vt 0.534024 0.346533
vt 0.920340 0.670160
vt 0.917514 0.666118
vt 0.913660 0.682648
vt 0.920533 0.685762
vt 0.917878 0.696794
vt 0.919652 0.692456
vt 0.409104 0.402403
vt 0.397213 0.395093
vt 0.403808 0.389468
vt 0.397587 0.374204
vt 0.382662 0.377051
vt 0.390734 0.357713
vt 0.376977 0.356979
vt 0.385842 0.339235
vt 0.372797 0.338562
vt 0.358334 0.350205
vt 0.439179 0.374454
vt 0.429532 0.364651
vt 0.439906 0.363049
vt 0.428920 0.349773
vt 0.442275 0.350635
vt 0.431319 0.334801
vt 0.445492 0.339171
vt 0.397513 0.339998
vt 0.764913 0.657751
vt 0.762792 0.662864
vt 0.406977 0.413405
vt 0.780465 0.653956
vt 0.439319 0.404861
vt 0.434637 0.395467
vt 0.440713 0.394855
vt 0.431177 0.382103
vt 0.442436 0.387854
vt 0.360206 0.368049
vt 0.356279 0.313303
vt 0.356884 0.332211
vt 0.466990 0.248159
vt 0.464408 0.267339
vt 0.476461 0.257508
vt 0.477585 0.277980
vt 0.487910 0.267167
vt 0.490497 0.287041
vt 0.452619 0.279409
vt 0.415449 0.321967
vt 0.432396 0.322590
vt 0.419751 0.303892
vt 0.436126 0.308075
vt 0.427584 0.285844
vt 0.443197 0.293173
vt 0.436905 0.270536
vt 0.398688 0.319978
vt 0.403146 0.297029
vt 0.411191 0.276868
vt 0.451085 0.314180
vt 0.473012 0.310563
vt 0.464489 0.321368
vt 0.458668 0.301863
vt 0.481700 0.298347
vt 0.467500 0.289920
vt 0.456318 0.330904
vt 0.446049 0.326440
vt 0.386821 0.297891
vt 0.390200 0.286328
vt 0.370856 0.318501
vt 0.371499 0.295427
vt 0.358434 0.293898
vt 0.399941 0.272685
vt 0.385196 0.321563
vt 0.787629 0.827163
vt 0.781573 0.838219
vt 0.776964 0.826033
vt 0.775754 0.812205
vt 0.774799 0.842376
vt 0.777008 0.851712
vt 0.775116 0.836347
vt 0.771797 0.798802
vt 0.781434 0.779393
vt 0.774781 0.788755
vt 0.775583 0.782380
vt 0.777496 0.776842
vt 0.779157 0.767053
vt 0.769845 0.773086
vt 0.770487 0.765148
vt 0.761245 0.771564
vt 0.751986 0.763308
vt 0.762436 0.763354
vt 0.751149 0.773490
vt 0.738688 0.764541
vt 0.742587 0.782140
vt 0.739936 0.776140
vt 0.760893 0.776568
vt 0.752497 0.778747
vt 0.768773 0.777986
vt 0.766016 0.787593
vt 0.756802 0.787994
vt 0.744281 0.790399
vt 0.704217 0.776728
vt 0.731410 0.779149
vt 0.726333 0.765355
vt 0.717416 0.777461
vt 0.716026 0.764857
vt 0.703160 0.763954
vt 0.742616 0.750602
vt 0.737177 0.737642
vt 0.748646 0.738611
vt 0.730136 0.751677
vt 0.724327 0.734805
vt 0.718478 0.750234
vt 0.743796 0.724927
vt 0.756038 0.728459
vt 0.731257 0.720535
vt 0.750562 0.713353
vt 0.761804 0.718502
vt 0.738832 0.708027
vt 0.757600 0.702818
vt 0.767024 0.709142
vt 0.745983 0.696747
vt 0.771796 0.699866
vt 0.764981 0.693094
vt 0.753394 0.686264
vt 0.710379 0.731161
vt 0.718411 0.715652
vt 0.727567 0.702194
vt 0.736809 0.691169
vt 0.744233 0.682834
vt 0.728842 0.683371
vt 0.738268 0.672202
vt 0.738000 0.678950
vt 0.720867 0.677415
vt 0.716090 0.694860
vt 0.705484 0.688543
vt 0.704231 0.710142
vt 0.690724 0.705092
vt 0.693589 0.726535
vt 0.678878 0.723284
vt 0.689834 0.746319
vt 0.705236 0.748046
vt 0.671319 0.745850
vt 0.773884 0.688978
vt 0.755300 0.740717
vt 0.763739 0.743876
vt 0.757277 0.745969
vt 0.771952 0.731957
vt 0.779354 0.738010
vt 0.772154 0.740345
vt 0.781082 0.731018
vt 0.786801 0.739005
vt 0.762446 0.737004
vt 0.788212 0.725093
vt 0.771749 0.721632
vt 0.774184 0.711801
vt 0.780940 0.714098
vt 0.779972 0.723972
vt 0.787131 0.716410
vt 0.765662 0.727309
vt 0.788705 0.732390
vt 0.782349 0.705847
vt 0.777199 0.703247
vt 0.771785 0.752103
vt 0.751936 0.751893
vt 0.763758 0.751498
vt 0.780881 0.756172
vt 0.774206 0.745446
vt 0.783100 0.746893
vt 0.749952 0.747370
vt 0.714948 0.818996
vt 0.702031 0.827371
vt 0.703238 0.815230
vt 0.750230 0.828975
vt 0.739043 0.835582
vt 0.739431 0.824971
vt 0.727076 0.832426
vt 0.728319 0.821863
vt 0.714424 0.830350
vt 0.749836 0.818666
vt 0.735775 0.811799
vt 0.727239 0.810215
vt 0.715435 0.808192
vt 0.703775 0.806150
vt 0.713845 0.843491
vt 0.702242 0.854381
vt 0.702582 0.841102
vt 0.725629 0.845686
vt 0.713058 0.856343
vt 0.737679 0.848067
vt 0.724369 0.858459
vt 0.748630 0.849873
vt 0.736258 0.860326
vt 0.749911 0.838759
vt 0.741600 0.806068
vt 0.750547 0.806643
vt 0.758111 0.807950
vt 0.760932 0.832279
vt 0.767364 0.821281
vt 0.769922 0.835291
vt 0.770015 0.809604
vt 0.753008 0.797579
vt 0.762422 0.798586
vt 0.742914 0.797715
vt 0.773139 0.823463
vt 0.757574 0.843208
vt 0.767826 0.844251
vt 0.763926 0.849474
vt 0.756291 0.851805
vt 0.769184 0.851601
vt 0.768899 0.859990
vt 0.762604 0.855434
vt 0.704424 0.796002
vt 0.717810 0.788468
vt 0.716463 0.798772
vt 0.728573 0.801419
vt 0.704508 0.785609
vt 0.732612 0.791524
vt 0.691713 0.865608
vt 0.701858 0.866821
vt 0.711204 0.869080
vt 0.722386 0.871795
vt 0.735712 0.871867
vt 0.747739 0.862966
vt 0.756793 0.873804
vt 0.745915 0.873514
vt 0.758215 0.863656
vt 0.766584 0.872981
vt 0.775741 0.869340
vt 0.774024 0.876009
vt 0.970637 0.130457
vt 0.767756 0.865584
vt 0.611618 0.121471
vt 0.626350 0.116106
vt 0.619136 0.127140
vt 0.597372 0.240399
vt 0.607696 0.247028
vt 0.599480 0.250337
vt 0.604998 0.238172
vt 0.595285 0.228079
vt 0.603301 0.227483
vt 0.588797 0.244259
vt 0.585923 0.231759
vt 0.607546 0.131033
vt 0.613990 0.134985
vt 0.618035 0.110548
vt 0.618609 0.096946
vt 0.626068 0.101849
vt 0.593576 0.090824
vt 0.610277 0.090492
vt 0.602116 0.098838
vt 0.582432 0.257704
vt 0.568234 0.252492
vt 0.578606 0.248621
vt 0.563669 0.240208
vt 0.584877 0.100209
vt 0.584993 0.118442
vt 0.594479 0.109316
vt 0.603510 0.115725
vt 0.611191 0.106016
vt 0.591450 0.252554
vt 0.575313 0.235733
vt 0.550629 0.245016
vt 0.551768 0.260172
vt 0.537502 0.251790
vt 0.550822 0.275576
vt 0.559101 0.272712
vt 0.579206 0.074574
vt 0.586506 0.060943
vt 0.590782 0.068883
vt 0.575495 0.090393
vt 0.565824 0.080310
vt 0.564268 0.098068
vt 0.574399 0.109253
vt 0.585086 0.081229
vt 0.602128 0.080985
vt 0.571369 0.262815
vt 0.556443 0.257465
vt 0.516726 0.275436
vt 0.522996 0.258395
vt 0.529753 0.272586
vt 0.521948 0.282446
vt 0.577669 0.047569
vt 0.567395 0.056844
vt 0.543658 0.080460
vt 0.556125 0.068190
vt 0.553107 0.088645
vt 0.574427 0.067840
vt 0.570260 0.061785
vt 0.584005 0.053831
vt 0.544388 0.278360
vt 0.536722 0.267661
vt 0.538148 0.283911
vt 0.509603 0.265610
vt 0.595139 0.073405
vt 0.563125 0.268057
vt 0.542999 0.264074
vt 0.493871 0.106836
vt 0.505755 0.097519
vt 0.530053 0.083351
vt 0.516403 0.090176
vt 0.555296 0.110739
vt 0.552601 0.097566
vt 0.537568 0.109291
vt 0.524032 0.095066
vt 0.540131 0.096157
vt 0.517694 0.105644
vt 0.571909 0.125001
vt 0.533898 0.125228
vt 0.510732 0.120649
vt 0.568992 0.179328
vt 0.578478 0.191287
vt 0.566987 0.191283
vt 0.486139 0.166395
vt 0.478690 0.184692
vt 0.522393 0.179744
vt 0.498624 0.191645
vt 0.503567 0.175053
vt 0.474838 0.202832
vt 0.494691 0.208591
vt 0.511762 0.213984
vt 0.504678 0.228462
vt 0.490655 0.223603
vt 0.486920 0.236379
vt 0.498811 0.241741
vt 0.492201 0.253004
vt 0.483042 0.247341
vt 0.512676 0.247491
vt 0.500830 0.258558
vt 0.527743 0.240918
vt 0.517767 0.234404
vt 0.542209 0.230891
vt 0.473147 0.220468
vt 0.473673 0.233323
vt 0.474955 0.242913
vt 0.527166 0.221673
vt 0.494057 0.150756
vt 0.526504 0.140334
vt 0.502600 0.134634
vt 0.572085 0.166608
vt 0.581160 0.181026
vt 0.514702 0.157692
vt 0.527440 0.162249
vt 0.544362 0.163371
vt 0.555315 0.178647
vt 0.539791 0.178752
vt 0.553199 0.191760
vt 0.537331 0.193087
vt 0.559040 0.165667
vt 0.572316 0.226079
vt 0.583074 0.223024
vt 0.569539 0.214781
vt 0.580373 0.212220
vt 0.557027 0.217063
vt 0.567314 0.203226
vt 0.578764 0.201565
vt 0.520902 0.197164
vt 0.537352 0.207721
vt 0.553792 0.205155
vt 0.545604 0.218743
vt 0.559038 0.228916
vt 0.552599 0.143213
vt 0.555352 0.127092
vt 0.574019 0.138664
vt 0.564048 0.153068
vt 0.593545 0.129295
vt 0.589840 0.145723
vt 0.577360 0.151189
vt 0.602399 0.145846
vt 0.586577 0.160601
vt 0.639910 0.150980
vt 0.636174 0.136339
vt 0.646184 0.142638
vt 0.658491 0.126213
vt 0.643690 0.127146
vt 0.649199 0.118344
vt 0.633620 0.231455
vt 0.625931 0.243825
vt 0.622786 0.233997
vt 0.653220 0.134489
vt 0.617217 0.245196
vt 0.614210 0.235131
vt 0.636432 0.121619
vt 0.642251 0.112324
vt 0.629236 0.145341
vt 0.628010 0.131333
vt 0.654408 0.159566
vt 0.653660 0.147880
vt 0.660288 0.153232
vt 0.660490 0.140607
vt 0.667040 0.146954
vt 0.673890 0.139904
vt 0.665828 0.133118
vt 0.655831 0.234141
vt 0.642786 0.228601
vt 0.651092 0.224980
vt 0.637374 0.241292
vt 0.647897 0.155344
vt 0.633347 0.107271
vt 0.619532 0.139633
vt 0.637800 0.211557
vt 0.643760 0.201089
vt 0.646262 0.209627
vt 0.601674 0.218064
vt 0.608586 0.206211
vt 0.610222 0.216743
vt 0.617598 0.205055
vt 0.619018 0.215569
vt 0.628498 0.213398
vt 0.635884 0.202055
vt 0.642806 0.193202
vt 0.625975 0.193480
vt 0.626800 0.203420
vt 0.616664 0.194589
vt 0.599780 0.207634
vt 0.606927 0.195404
vt 0.620120 0.225597
vt 0.612113 0.226418
vt 0.630643 0.222704
vt 0.639988 0.220324
vt 0.648312 0.217358
vt 0.592917 0.220386
vt 0.590658 0.209850
vt 0.588543 0.199779
vt 0.597178 0.196774
vt 0.638941 0.170368
vt 0.627391 0.175707
vt 0.629696 0.167037
vt 0.635388 0.184942
vt 0.626305 0.184403
vt 0.633687 0.157508
vt 0.642886 0.162280
vt 0.636617 0.177699
vt 0.642144 0.185827
vt 0.645869 0.173306
vt 0.649904 0.166435
vt 0.623088 0.152674
vt 0.619292 0.163901
vt 0.617346 0.174147
vt 0.616487 0.184238
vt 0.611331 0.148316
vt 0.606174 0.172604
vt 0.607086 0.161611
vt 0.605660 0.184099
vt 0.635007 0.193186
vt 0.594435 0.170604
vt 0.594785 0.155460
vt 0.593139 0.184684
vt 0.583592 0.169671
vt 0.586704 0.191701
vt 0.643635 0.179671
vt 0.647268 0.186237
vt 0.651279 0.176608
vt 0.648547 0.181500
vt 0.655500 0.170530
vt 0.660536 0.164353
vt 0.666311 0.158521
vt 0.672730 0.153024
vt 0.680179 0.148505
vt 0.658564 0.221624
vt 0.664240 0.227775
vt 0.654694 0.214927
vt 0.652340 0.207906
vt 0.649739 0.199904
vt 0.647767 0.192824
vt 0.681465 0.153450
vt 0.677800 0.154965
vt 0.671313 0.159301
vt 0.668423 0.161748
vt 0.659739 0.169910
vt 0.657150 0.172675
vt 0.650904 0.182408
vt 0.653232 0.177441
vt 0.649744 0.186738
vt 0.651971 0.194981
vt 0.653595 0.199165
vt 0.654574 0.202748
vt 0.655742 0.206908
vt 0.657880 0.212227
vt 0.659562 0.215833
vt 0.663866 0.221810
vt 0.666525 0.223591
vt 0.651993 0.190856
vt 0.650597 0.191770
vt 0.655150 0.198211
vt 0.653663 0.194263
vt 0.652342 0.183189
vt 0.651321 0.186836
vt 0.654630 0.178462
vt 0.657914 0.174030
vt 0.674256 0.156738
vt 0.681832 0.154713
vt 0.678140 0.156345
vt 0.675381 0.158375
vt 0.672561 0.160748
vt 0.664999 0.220907
vt 0.667137 0.222503
vt 0.661630 0.219212
vt 0.660640 0.215687
vt 0.662601 0.218429
vt 0.659476 0.211403
vt 0.657825 0.206565
vt 0.656464 0.202039
vt 0.664093 0.167964
vt 0.662774 0.166882
vt 0.660192 0.171259
vt 0.845776 0.416672
vt 0.834445 0.430385
vt 0.832472 0.416970
vt 0.818478 0.422589
vt 0.807234 0.435967
vt 0.802277 0.425895
vt 0.794669 0.437330
vt 0.793512 0.427239
vt 0.783560 0.438201
vt 0.773030 0.429275
vt 0.784017 0.428855
vt 0.916779 0.394436
vt 0.910493 0.406130
vt 0.907004 0.398311
vt 0.902271 0.409353
vt 0.891426 0.405143
vt 0.899767 0.401652
vt 0.881035 0.418860
vt 0.868995 0.411940
vt 0.878941 0.409395
vt 0.871199 0.421412
vt 0.857757 0.414942
vt 0.884493 0.430919
vt 0.873672 0.434485
vt 0.859822 0.425624
vt 0.837176 0.442855
vt 0.847595 0.428199
vt 0.850303 0.440586
vt 0.823136 0.445552
vt 0.809224 0.446963
vt 0.820777 0.433764
vt 0.795696 0.447780
vt 0.772113 0.446660
vt 0.783304 0.448200
vt 0.914333 0.415346
vt 0.919715 0.402438
vt 0.924240 0.410024
vt 0.903875 0.420521
vt 0.891983 0.412861
vt 0.840202 0.455612
vt 0.853579 0.454287
vt 0.825427 0.458434
vt 0.810553 0.460055
vt 0.796226 0.458625
vt 0.768994 0.457309
vt 0.784168 0.459703
vt 0.919571 0.425047
vt 0.931507 0.418718
vt 0.905879 0.432992
vt 0.894085 0.425798
vt 0.886059 0.440638
vt 0.866141 0.447876
vt 0.877205 0.444512
vt 0.896603 0.436826
vt 0.899219 0.395114
vt 0.905508 0.392848
vt 0.911355 0.391266
vt 0.775800 0.424567
vt 0.780769 0.424072
vt 0.918072 0.389144
vt 0.787258 0.423640
vt 0.793645 0.422966
vt 0.801699 0.420119
vt 0.659107 0.206375
vt 0.810713 0.415923
vt 0.820874 0.412707
vt 0.658952 0.200940
vt 0.657044 0.197215
vt 0.654408 0.191399
vt 0.656066 0.194647
vt 0.909688 0.442923
vt 0.908555 0.455793
vt 0.906915 0.443571
vt 0.917940 0.456165
vt 0.908801 0.465849
vt 0.897472 0.472926
vt 0.909708 0.476003
vt 0.923794 0.469306
vt 0.924249 0.478937
vt 0.894595 0.479471
vt 0.908470 0.485628
vt 0.911991 0.489976
vt 0.923433 0.489022
vt 0.917971 0.491527
vt 0.897514 0.484245
vt 0.903881 0.487696
vt 0.931674 0.504250
vt 0.924878 0.511499
vt 0.925765 0.503724
vt 0.906229 0.499205
vt 0.902095 0.504516
vt 0.902670 0.496109
vt 0.920183 0.502847
vt 0.914361 0.510117
vt 0.915939 0.500819
vt 0.909717 0.508741
vt 0.911602 0.499671
vt 0.905740 0.507721
vt 0.892696 0.495923
vt 0.897633 0.503608
vt 0.893635 0.504652
vt 0.897975 0.495378
vt 0.919318 0.511056
vt 0.896523 0.511596
vt 0.893289 0.512328
vt 0.900992 0.512294
vt 0.904618 0.514815
vt 0.908837 0.517860
vt 0.918415 0.517408
vt 0.913082 0.519575
vt 0.927699 0.520794
vt 0.922914 0.519315
vt 0.895519 0.518850
vt 0.893236 0.526988
vt 0.890230 0.518761
vt 0.899749 0.519373
vt 0.896661 0.526605
vt 0.903566 0.520921
vt 0.899873 0.527397
vt 0.907079 0.526058
vt 0.903035 0.528139
vt 0.912340 0.526946
vt 0.906433 0.531747
vt 0.915807 0.532778
vt 0.911693 0.534220
vt 0.917354 0.526316
vt 0.918617 0.533155
vt 0.921628 0.526294
vt 0.923529 0.533925
vt 0.932261 0.495983
vt 0.926058 0.493877
vt 0.921343 0.496135
vt 0.907700 0.490832
vt 0.892241 0.485451
vt 0.669565 0.163680
vt 0.665229 0.168453
vt 0.879289 0.401155
vt 0.891874 0.397470
vt 0.662227 0.173418
vt 0.867494 0.403248
vt 0.855718 0.405139
vt 0.857568 0.398467
vt 0.659623 0.176352
vt 0.662188 0.179034
vt 0.656529 0.180381
vt 0.851090 0.395626
vt 0.654620 0.183871
vt 0.653995 0.187142
vt 0.662356 0.185988
vt 0.661798 0.190793
vt 0.660922 0.193635
vt 0.659815 0.196644
vt 0.662298 0.182598
vt 0.845572 0.405625
vt 0.844264 0.394276
vt 0.839392 0.394551
vt 0.836683 0.406500
vt 0.862461 0.437104
vt 0.826968 0.406840
vt 0.830876 0.401948
vt 0.834681 0.397215
vt 0.933935 0.490442
vt 0.890331 0.482154
vt 0.889115 0.488469
vt 0.884805 0.488694
vt 0.883875 0.474739
vt 0.890140 0.501135
vt 0.887120 0.506621
vt 0.886028 0.501875
vt 0.890150 0.511836
vt 0.886191 0.515166
vt 0.886627 0.510748
vt 0.890754 0.506342
vt 0.888714 0.517076
vt 0.884828 0.495782
vt 0.889445 0.494705
vt 0.890876 0.527916
vt 0.849447 0.534512
vt 0.851584 0.541313
vt 0.846572 0.537343
vt 0.853491 0.538206
vt 0.854380 0.530620
vt 0.857648 0.535547
vt 0.870916 0.522059
vt 0.872072 0.529916
vt 0.868408 0.523121
vt 0.857065 0.529280
vt 0.863053 0.533282
vt 0.860545 0.534976
vt 0.865464 0.525496
vt 0.868403 0.531487
vt 0.860262 0.527364
vt 0.875953 0.520126
vt 0.881116 0.525894
vt 0.877690 0.527224
vt 0.873834 0.528906
vt 0.873155 0.515154
vt 0.874916 0.508214
vt 0.877410 0.513605
vt 0.866540 0.511345
vt 0.870191 0.509215
vt 0.868911 0.517210
vt 0.863333 0.513325
vt 0.862988 0.520204
vt 0.866224 0.518802
vt 0.860059 0.514836
vt 0.857713 0.522574
vt 0.854979 0.517193
vt 0.853391 0.524243
vt 0.850164 0.519209
vt 0.850562 0.525516
vt 0.846675 0.520633
vt 0.844925 0.529141
vt 0.837773 0.525592
vt 0.840969 0.523692
vt 0.871136 0.493053
vt 0.867283 0.491944
vt 0.869784 0.489198
vt 0.834630 0.502804
vt 0.831715 0.511030
vt 0.828772 0.506086
vt 0.860193 0.499075
vt 0.856533 0.498754
vt 0.857441 0.494069
vt 0.846023 0.503695
vt 0.839790 0.505311
vt 0.842888 0.498793
vt 0.853917 0.501676
vt 0.851822 0.495961
vt 0.865061 0.494688
vt 0.863872 0.490057
vt 0.837380 0.508848
vt 0.841977 0.514911
vt 0.836249 0.517816
vt 0.845386 0.513425
vt 0.850298 0.510250
vt 0.856667 0.507964
vt 0.860580 0.507666
vt 0.863419 0.505042
vt 0.868265 0.503246
vt 0.871836 0.502165
vt 0.876361 0.506869
vt 0.873266 0.500220
vt 0.868635 0.495367
vt 0.857803 0.501734
vt 0.841829 0.508071
vt 0.866325 0.486884
vt 0.853953 0.493615
vt 0.838528 0.500166
vt 0.832080 0.520767
vt 0.825360 0.514569
vt 0.827281 0.523194
vt 0.833875 0.528133
vt 0.841925 0.532042
vt 0.879686 0.518419
vt 0.840576 0.533394
vt 0.860683 0.484661
vt 0.845992 0.493539
vt 0.830200 0.497007
vt 0.841682 0.494924
vt 0.855207 0.485544
vt 0.850709 0.487848
vt 0.837812 0.482377
vt 0.835283 0.493271
vt 0.830327 0.484932
vt 0.822754 0.489467
vt 0.854594 0.476005
vt 0.847590 0.479857
vt 0.863500 0.474527
vt 0.865519 0.482125
vt 0.877013 0.498618
vt 0.875155 0.492011
vt 0.880779 0.497186
vt 0.879729 0.490692
vt 0.879052 0.504952
vt 0.882278 0.503274
vt 0.878807 0.481439
vt 0.884309 0.480418
vt 0.872750 0.484124
vt 0.871414 0.475778
vt 0.877275 0.508951
vt 0.880287 0.508133
vt 0.879306 0.513217
vt 0.884641 0.516349
vt 0.881789 0.517924
vt 0.886981 0.518770
vt 0.887588 0.520666
vt 0.881778 0.511600
vt 0.884099 0.511230
vt 0.883892 0.507149
vt 0.815750 0.514596
vt 0.820320 0.518308
vt 0.821538 0.508592
vt 0.824963 0.499562
vt 0.935264 0.481889
vt 0.887391 0.468432
vt 0.879124 0.464808
vt 0.896305 0.455337
vt 0.886185 0.446608
vt 0.896497 0.444580
vt 0.896334 0.464134
vt 0.887606 0.463863
vt 0.886362 0.454965
vt 0.920477 0.438911
vt 0.926972 0.451566
vt 0.934389 0.460547
vt 0.937026 0.473661
vt 0.938476 0.434551
vt 0.928875 0.436721
vt 0.929124 0.429222
vt 0.816185 0.502171
vt 0.808722 0.509665
vt 0.798117 0.499994
vt 0.806330 0.496792
vt 0.803295 0.503365
vt 0.816237 0.490609
vt 0.827580 0.472602
vt 0.868964 0.462820
vt 0.859072 0.463292
vt 0.800578 0.472944
vt 0.844056 0.468079
vt 0.813101 0.476570
vt 0.804292 0.485828
vt 0.853186 0.465717
vt 0.770110 0.470209
vt 0.784024 0.472058
vt 0.878113 0.456222
vt 0.877355 0.474090
vt 0.958597 0.457417
vt 0.949253 0.460780
vt 0.951299 0.452545
vt 0.954151 0.470252
vt 0.956825 0.464159
vt 0.784549 0.504358
vt 0.793174 0.501064
vt 0.790627 0.507793
vt 0.778244 0.501967
vt 0.786463 0.495793
vt 0.771834 0.501281
vt 0.778953 0.493190
vt 0.961992 0.451635
vt 0.955831 0.445626
vt 0.782837 0.513763
vt 0.789106 0.515514
vt 0.776064 0.511646
vt 0.969154 0.457686
vt 0.965874 0.462317
vt 0.961621 0.473038
vt 0.963518 0.467266
vt 0.971332 0.465125
vt 0.973710 0.463177
vt 0.969784 0.469985
vt 0.784793 0.522878
vt 0.774502 0.517300
vt 0.780252 0.519712
vt 0.769824 0.510386
vt 0.941631 0.469172
vt 0.938167 0.458267
vt 0.933650 0.443904
vt 0.797724 0.492206
vt 0.791318 0.483075
vt 0.780889 0.484599
vt 0.773517 0.483270
vt 0.953318 0.435701
vt 0.941539 0.427624
vt 0.946795 0.442973
vt 0.942567 0.449000
vt 0.780873 0.525916
vt 0.974583 0.474871
vt 0.975367 0.471513
vt 0.979356 0.475246
vt 0.979891 0.471301
vt 0.975304 0.468510
vt 0.978484 0.467654
vt 0.769594 0.523927
vt 0.767831 0.517467
vt 0.776232 0.524930
vt 0.772644 0.526180
vt 0.859363 0.539053
vt 0.864560 0.539536
vt 0.861366 0.539370
vt 0.870546 0.537266
vt 0.874776 0.535638
vt 0.898621 0.535827
vt 0.901414 0.534177
vt 0.900505 0.536164
vt 0.896092 0.535101
vt 0.899259 0.532738
vt 0.735697 0.876551
vt 0.897076 0.532010
vt 0.756438 0.878177
vt 0.745837 0.878078
vt 0.893566 0.532618
vt 0.895103 0.530722
vt 0.879445 0.534369
vt 0.881379 0.531476
vt 0.859802 0.541767
vt 0.915731 0.538147
vt 0.918178 0.538938
vt 0.905394 0.536635
vt 0.911138 0.538333
vt 0.868165 0.544751
vt 0.863803 0.543547
vt 0.874227 0.540755
vt 0.871340 0.543746
vt 0.909062 0.541499
vt 0.905556 0.544482
vt 0.906111 0.540903
vt 0.912422 0.541880
vt 0.916538 0.539213
vt 0.908974 0.544812
vt 0.903231 0.540792
vt 0.920740 0.538853
vt 0.857375 0.539712
vt 0.857043 0.541908
vt 0.765755 0.877656
vt 0.729997 0.876800
vt 0.721570 0.876892
vt 0.715592 0.876918
vt 0.702933 0.875837
vt 0.699964 0.872682
vt 0.690678 0.871014
vt 0.672514 0.875660
vt 0.660695 0.876352
vt 0.204612 0.451054
vt 0.205424 0.459801
vt 0.201188 0.459835
vt 0.621217 0.056711
vt 0.607608 0.056294
vt 0.616579 0.049915
vt 0.606960 0.046620
vt 0.632002 0.049691
vt 0.635854 0.046617
vt 0.633879 0.050494
vt 0.654395 0.058846
vt 0.653809 0.053907
vt 0.656246 0.054646
vt 0.647062 0.055469
vt 0.645969 0.051159
vt 0.648669 0.051460
vt 0.639543 0.052038
vt 0.637697 0.047930
vt 0.640259 0.047837
vt 0.656687 0.060014
vt 0.659758 0.055811
vt 0.651526 0.052504
vt 0.649717 0.056892
vt 0.644069 0.049197
vt 0.641548 0.053094
vt 0.644029 0.054663
vt 0.651666 0.057985
vt 0.658588 0.061219
vt 0.662419 0.057344
vt 0.635960 0.051609
vt 0.665224 0.051461
vt 0.658384 0.049427
vt 0.661518 0.050104
vt 0.655721 0.049959
vt 0.650372 0.046762
vt 0.653713 0.047345
vt 0.647742 0.047821
vt 0.641770 0.042860
vt 0.646608 0.044591
vt 0.639537 0.044314
vt 0.633578 0.042514
vt 0.638034 0.041904
vt 0.653312 0.060640
vt 0.650622 0.059630
vt 0.648321 0.058727
vt 0.645752 0.057253
vt 0.640657 0.054613
vt 0.638314 0.053635
vt 0.635320 0.052799
vt 0.633134 0.051899
vt 0.630827 0.056452
vt 0.629077 0.053478
vt 0.632105 0.054398
vt 0.632167 0.057382
vt 0.633526 0.055352
vt 0.634543 0.058643
vt 0.636183 0.056075
vt 0.636613 0.060097
vt 0.638917 0.057785
vt 0.640341 0.059649
vt 0.640943 0.063231
vt 0.642896 0.060314
vt 0.643017 0.064851
vt 0.645508 0.062205
vt 0.645436 0.065938
vt 0.647569 0.063373
vt 0.647538 0.067775
vt 0.649920 0.064616
vt 0.652611 0.066682
vt 0.655651 0.062093
vt 0.643149 0.056009
vt 0.631144 0.051248
vt 0.665024 0.058708
vt 0.662404 0.064136
vt 0.657424 0.063071
vt 0.654085 0.068168
vt 0.649658 0.069650
vt 0.650851 0.070989
vt 0.655802 0.070891
vt 0.652041 0.073919
vt 0.660895 0.065903
vt 0.640435 0.041564
vt 0.649261 0.044695
vt 0.656822 0.047448
vt 0.653650 0.042349
vt 0.645345 0.040050
vt 0.649768 0.037739
vt 0.647949 0.041304
vt 0.655585 0.042736
vt 0.654090 0.038814
vt 0.657087 0.039259
vt 0.654914 0.034940
vt 0.645990 0.036568
vt 0.650220 0.033409
vt 0.652640 0.034396
vt 0.652256 0.038192
vt 0.650972 0.041853
vt 0.635488 0.037746
vt 0.639222 0.033788
vt 0.638432 0.038238
vt 0.641316 0.038615
vt 0.642803 0.035132
vt 0.658940 0.044884
vt 0.663063 0.041568
vt 0.662615 0.045685
vt 0.659963 0.040623
vt 0.658217 0.035121
vt 0.655583 0.028116
vt 0.660596 0.027746
vt 0.672425 0.032761
vt 0.669347 0.018118
vt 0.681278 0.021549
vt 0.664832 0.037777
vt 0.667534 0.030049
vt 0.667353 0.039844
vt 0.661650 0.036834
vt 0.663881 0.029111
vt 0.663171 0.016779
vt 0.653667 0.016012
vt 0.710184 0.876369
vt 0.651288 0.026359
vt 0.646845 0.015993
vt 0.640574 0.016056
vt 0.635180 0.023784
vt 0.632221 0.016229
vt 0.647180 0.032405
vt 0.646940 0.025736
vt 0.641365 0.024283
vt 0.636585 0.028870
vt 0.642168 0.030625
vt 0.636341 0.033074
vt 0.680264 0.871409
vt 0.689401 0.876324
vt 0.683803 0.877604
vt 0.699115 0.875632
vt 0.622577 0.024545
vt 0.627874 0.016033
vt 0.628652 0.022547
vt 0.616156 0.018194
vt 0.617733 0.028728
vt 0.610166 0.022295
vt 0.608037 0.028571
vt 0.619131 0.036231
vt 0.614122 0.034526
vt 0.626723 0.037635
vt 0.623922 0.040596
vt 0.629626 0.041948
vt 0.628752 0.029645
vt 0.622253 0.032240
vt 0.631513 0.038765
vt 0.630968 0.035014
vt 0.629181 0.046230
vt 0.632310 0.045976
vt 0.628855 0.049570
vt 0.627248 0.052498
vt 0.626150 0.049307
vt 0.626457 0.044171
vt 0.772998 0.919550
vt 0.762411 0.914268
vt 0.773259 0.910046
vt 0.784887 0.917056
vt 0.793835 0.905828
vt 0.804042 0.890517
vt 0.761869 0.921228
vt 0.786309 0.906771
vt 0.202839 0.462676
vt 0.638581 0.069244
vt 0.641795 0.069691
vt 0.637220 0.067950
vt 0.638183 0.062201
vt 0.633221 0.064159
vt 0.635066 0.065837
vt 0.631765 0.062824
vt 0.629604 0.060795
vt 0.627244 0.058601
vt 0.628075 0.059475
vt 0.627304 0.062402
vt 0.629127 0.064846
vt 0.630851 0.066380
vt 0.633662 0.067481
vt 0.634808 0.070131
vt 0.640273 0.073156
vt 0.636725 0.072037
vt 0.645186 0.072264
vt 0.644181 0.071330
vt 0.641980 0.074830
vt 0.644331 0.075715
vt 0.646534 0.072636
vt 0.646832 0.075653
vt 0.625377 0.061418
vt 0.624030 0.055157
vt 0.624064 0.059612
vt 0.627811 0.055466
vt 0.625017 0.052654
vt 0.971662 0.207764
vt 0.973098 0.205190
vt 0.975105 0.210172
vt 0.975750 0.213229
vt 0.976610 0.218665
vt 0.974461 0.216400
vt 0.977413 0.220978
vt 0.979211 0.225295
vt 0.977229 0.224317
vt 0.989574 0.220318
vt 0.986812 0.207153
vt 0.983336 0.192057
vt 0.972368 0.202418
vt 0.987754 0.225890
vt 0.979526 0.227503
vt 0.617250 0.064202
vt 0.971116 0.192473
vt 0.981640 0.183541
vt 0.970563 0.184574
vt 0.962005 0.192041
vt 0.960754 0.185089
vt 0.963447 0.200831
vt 0.984969 0.172193
vt 0.973848 0.174102
vt 0.977214 0.168413
vt 0.980209 0.162323
vt 0.988743 0.162285
vt 0.981846 0.156767
vt 0.989760 0.152643
vt 0.971539 0.170846
vt 0.974825 0.166820
vt 0.978224 0.157329
vt 0.977468 0.161308
vt 0.978101 0.155370
vt 0.978933 0.153903
vt 0.623551 0.044823
vt 0.619706 0.046317
vt 0.620395 0.044167
vt 0.623009 0.047900
vt 0.618349 0.048130
vt 0.621678 0.050638
vt 0.626524 0.045734
vt 0.620291 0.041770
vt 0.617299 0.038522
vt 0.613221 0.037091
vt 0.609065 0.032671
vt 0.608882 0.035661
vt 0.605470 0.032812
vt 0.604522 0.027731
vt 0.601906 0.033338
vt 0.677844 0.879239
vt 0.673334 0.881234
vt 0.667974 0.879831
vt 0.612862 0.039814
vt 0.605794 0.039961
vt 0.606819 0.036571
vt 0.613546 0.044450
vt 0.617216 0.043457
vt 0.690937 0.033037
vt 0.682757 0.033124
vt 0.689464 0.039442
vt 0.683650 0.039591
vt 0.675421 0.036442
vt 0.674258 0.045274
vt 0.666991 0.046598
vt 0.671213 0.042055
vt 0.671109 0.049348
vt 0.677958 0.041796
vt 0.665728 0.043233
vt 0.704967 0.024594
vt 0.699941 0.032730
vt 0.693942 0.023843
vt 0.695293 0.035997
vt 0.770451 0.879800
vt 0.710742 0.023726
vt 0.718300 0.029921
vt 0.710871 0.030780
vt 0.705901 0.031867
vt 0.700952 0.039263
vt 0.707396 0.043914
vt 0.702031 0.045059
vt 0.706808 0.037732
vt 0.713189 0.043479
vt 0.712986 0.036863
vt 0.719494 0.041958
vt 0.719771 0.034619
vt 0.707963 0.050374
vt 0.703406 0.051155
vt 0.713159 0.049576
vt 0.719013 0.049585
vt 0.697675 0.047022
vt 0.694160 0.042205
vt 0.708627 0.056304
vt 0.712695 0.055763
vt 0.707395 0.061246
vt 0.709536 0.064548
vt 0.704811 0.064294
vt 0.709550 0.061543
vt 0.713168 0.062261
vt 0.705352 0.057507
vt 0.711964 0.060506
vt 0.716357 0.056844
vt 0.702955 0.059022
vt 0.698917 0.052387
vt 0.947515 0.170697
vt 0.942907 0.171270
vt 0.942147 0.168545
vt 0.938501 0.172014
vt 0.936494 0.169739
vt 0.934648 0.164364
vt 0.952328 0.171211
vt 0.947385 0.173033
vt 0.953086 0.173891
vt 0.948575 0.176506
vt 0.944599 0.176265
vt 0.945400 0.178664
vt 0.942209 0.178403
vt 0.956186 0.169921
vt 0.952589 0.172468
vt 0.957149 0.171569
vt 0.955591 0.161690
vt 0.959499 0.165894
vt 0.955235 0.168317
vt 0.961842 0.169047
vt 0.953991 0.153851
vt 0.959370 0.160345
vt 0.958666 0.146216
vt 0.959126 0.153832
vt 0.957310 0.139313
vt 0.954058 0.145976
vt 0.962798 0.143009
vt 0.960411 0.135357
vt 0.966663 0.138485
vt 0.963718 0.128069
vt 0.972058 0.149438
vt 0.971895 0.140866
vt 0.976637 0.152938
vt 0.976743 0.149446
vt 0.976796 0.154883
vt 0.973710 0.153608
vt 0.975902 0.156441
vt 0.973516 0.160066
vt 0.970318 0.163654
vt 0.966186 0.166604
vt 0.967044 0.174174
vt 0.968276 0.176290
vt 0.963629 0.162700
vt 0.966961 0.159305
vt 0.962916 0.158716
vt 0.964317 0.155030
vt 0.966564 0.149016
vt 0.969983 0.155704
vt 0.941803 0.192858
vt 0.938153 0.187454
vt 0.942682 0.188375
vt 0.932006 0.189376
vt 0.935896 0.191790
vt 0.934815 0.185441
vt 0.929076 0.186312
vt 0.932904 0.183169
vt 0.931346 0.180575
vt 0.925521 0.178320
vt 0.930896 0.177432
vt 0.925265 0.173138
vt 0.931430 0.173964
vt 0.927774 0.168921
vt 0.933245 0.171035
vt 0.922124 0.168015
vt 0.918930 0.173474
vt 0.918770 0.180005
vt 0.926536 0.183265
vt 0.925236 0.189836
vt 0.933471 0.195968
vt 0.940898 0.197342
vt 0.942666 0.184762
vt 0.939156 0.184029
vt 0.936600 0.182423
vt 0.935356 0.180895
vt 0.934570 0.179182
vt 0.934489 0.177239
vt 0.935120 0.175012
vt 0.936511 0.173286
vt 0.933174 0.167822
vt 0.928451 0.165477
vt 0.951480 0.182625
vt 0.956453 0.180400
vt 0.961557 0.177787
vt 0.946878 0.184156
vt 0.942841 0.179809
vt 0.938558 0.179748
vt 0.937863 0.178646
vt 0.937787 0.177687
vt 0.938188 0.177150
vt 0.939052 0.176666
vt 0.939802 0.176572
vt 0.940197 0.180498
vt 0.941078 0.176875
vt 0.940649 0.178642
vt 0.940108 0.178131
vt 0.939652 0.178136
vt 0.939359 0.178488
vt 0.939578 0.178769
vt 0.949802 0.199616
vt 0.954998 0.192091
vt 0.958052 0.199923
vt 0.948502 0.193029
vt 0.953104 0.186478
vt 0.947923 0.187855
vt 0.947209 0.199391
vt 0.499947 0.059387
vt 0.932301 0.797090
vt 0.868259 0.876543
vt 0.849577 0.865600
vt 0.705008 0.174585
vt 0.703689 0.204302
vt 0.833998 0.612448
vt 0.478541 0.390037
vt 0.847699 0.615439
vt 0.706520 0.319298
vt 0.607877 0.274381
vt 0.194797 0.694724
vt 0.717146 0.523654
vt 0.197716 0.974825
vt 0.278569 0.035362
vt 0.761263 0.929067
vt 0.454306 0.728850
vt 0.277072 0.553667
vt 0.230020 0.721261
vt 0.012371 0.609188
vt 0.060397 0.493757
vt 0.057356 0.678849
vt 0.050777 0.890127
vt 0.013453 0.763402
vt 0.073873 0.737228
vt 0.188156 0.720800
vt 0.081896 0.256522
vt 0.023599 0.444776
vt 0.346161 0.871575
vt 0.010175 0.306248
vt 0.392028 0.421840
vt 0.806960 0.386181
vt 0.887921 0.339695
vt 0.511237 0.018255
vt 0.646487 0.238230
vt 0.772644 0.437821
vt 0.930222 0.512448
vt 0.926018 0.527801
vt 0.662241 0.188276
vt 0.946819 0.469360
vt 0.771525 0.492906
vt 0.969821 0.475058
vt 0.876916 0.535376
vt 0.862391 0.540507
vt 0.668417 0.052931
vt 0.801361 0.898953
vt 0.208491 0.462496
vt 0.970092 0.200574
vt 0.774272 0.882732
vt 0.715681 0.022619
vt 0.921490 0.185992
vt 0.929373 0.193534
s 1
usemtl mat_statue
f 1/1/1 3/2/2 2/3/3
f 2/3/3 4/4/4 5/5/5
f 7/6/6 5/5/5 4/4/4
f 6/7/7 8/8/8 9/9/9
f 8/8/8 10/10/10 9/9/9
f 9/9/9 11/11/11 12/12/12
f 12/12/12 6/7/7 9/9/9
f 13/13/13 5/5/5 6/7/7
f 15/14/14 5/5/5 14/15/15
f 7/6/6 16/16/16 17/17/17
f 18/18/18 7/6/6 17/17/17
f 8/8/8 18/18/18 10/10/10
f 18/18/18 19/19/19 10/10/10
f 20/20/20 17/17/17 21/21/21
f 16/16/16 21/21/21 17/17/17
f 4/4/4 23/22/22 16/16/16
f 23/22/22 1/1/1 24/23/23
f 16/16/16 25/24/24 22/25/25
f 23/22/22 26/26/26 25/24/24
f 22/25/25 28/27/27 21/21/21
f 29/28/28 21/21/21 28/27/27
f 20/20/20 30/29/29 19/19/19
f 31/30/30 19/19/19 30/29/29
f 10/10/10 33/31/31 11/11/11
f 33/31/31 32/32/32 35/33/33
f 19/19/19 32/32/32 10/10/10
f 26/26/26 37/34/34 25/24/24
f 27/35/35 25/24/24 37/34/34
f 1/1/1 15/14/14 39/36/36
f 13/13/13 41/37/37 14/15/15
f 14/15/15 42/38/38 15/14/14
f 43/39/39 15/14/14 42/38/38
f 13/13/13 44/40/40 40/41/41
f 12/12/12 45/42/42 44/40/40
f 45/42/42 33/31/31 46/43/43
f 33/31/31 47/44/44 46/43/43
f 41/37/37 49/45/45 42/38/38
f 48/46/46 50/47/47 49/45/45
f 51/48/48 53/49/49 50/47/47
f 52/50/50 54/51/51 53/49/49
f 56/52/52 57/53/53 58/54/54
f 57/53/53 59/55/55 58/54/54
f 61/56/56 62/57/57 63/58/58
f 64/59/59 63/58/58 62/57/57
f 65/60/60 59/55/55 60/61/61
f 67/62/62 65/60/60 60/61/61
f 60/61/61 68/63/63 67/62/62
f 57/53/53 69/64/64 68/63/63
f 59/55/55 70/65/65 58/54/54
f 64/59/59 71/66/66 59/55/55
f 72/67/67 62/57/57 73/68/68
f 71/66/66 74/69/69 75/70/70
f 76/71/71 71/66/66 75/70/70
f 70/65/65 77/72/72 78/73/73
f 56/52/52 70/65/65 78/73/73
f 80/74/74 77/72/72 76/71/71
f 76/71/71 81/75/75 80/74/74
f 75/70/70 82/76/76 81/75/75
f 62/57/57 61/56/56 73/68/68
f 73/68/68 74/69/69 72/67/67
f 83/77/77 61/56/56 84/78/78
f 83/77/77 82/76/76 74/69/69
f 84/78/78 85/79/79 83/77/77
f 65/60/60 87/80/80 63/58/58
f 88/81/81 63/58/58 87/80/80
f 88/81/81 89/82/82 61/56/56
f 61/56/56 89/82/82 84/78/78
f 176/83/83 255/84/84 90/85/85
f 92/86/86 93/87/87 91/88/88
f 87/80/80 96/89/89 88/81/81
f 87/80/80 97/90/90 95/91/91
f 66/92/92 98/93/93 97/90/90
f 67/62/62 99/94/94 98/93/93
f 68/63/63 100/95/95 99/94/94
f 98/93/93 101/96/96 102/97/97
f 104/98/98 102/97/97 101/96/96
f 103/99/99 105/100/100 106/101/101
f 107/102/102 106/101/101 105/100/100
f 108/103/103 109/104/104 110/105/105
f 112/106/106 54/51/51 55/107/107
f 81/75/75 114/108/108 113/109/109
f 115/110/110 81/75/75 113/109/109
f 152/111/111 118/112/112 116/113/113
f 115/110/110 116/113/113 80/74/74
f 117/114/114 120/115/115 118/112/112
f 119/116/116 122/117/117 120/115/115
f 122/117/117 123/118/118 124/119/119
f 125/120/120 37/34/34 224/121/121
f 37/34/34 126/122/122 27/35/35
f 117/114/114 127/123/123 119/116/116
f 127/123/123 130/124/124 129/125/125
f 132/126/126 129/125/125 130/124/124
f 132/126/126 133/127/127 131/128/128
f 134/129/129 135/130/130 133/127/127
f 136/131/131 137/132/132 135/130/130
f 136/131/131 139/133/133 140/134/134
f 141/135/135 140/134/134 139/133/133
f 142/136/136 143/137/137 144/138/138
f 146/139/139 144/138/138 143/137/137
f 141/135/135 147/140/140 148/141/141
f 132/126/126 139/133/133 134/129/129
f 147/140/140 149/142/142 148/141/141
f 147/140/140 130/124/124 150/143/143
f 113/109/109 154/144/144 153/145/145
f 473/146/146 155/147/147 472/148/148
f 146/139/139 157/149/149 145/150/150
f 142/136/136 159/151/151 140/134/134
f 144/138/138 160/152/152 142/136/136
f 159/151/151 136/131/131 140/134/134
f 136/131/131 161/153/153 138/154/154
f 161/153/153 159/151/151 160/152/152
f 163/155/155 177/156/156 164/157/157
f 145/150/150 162/158/158 138/154/154
f 137/132/132 164/157/157 135/130/130
f 135/130/130 165/159/159 133/127/127
f 164/157/157 167/160/160 165/159/159
f 167/160/160 168/161/161 169/162/162
f 170/163/163 169/162/162 168/161/161
f 131/128/128 172/164/164 129/125/125
f 133/127/127 173/165/165 131/128/128
f 165/159/159 174/166/166 173/165/165
f 180/167/167 175/168/168 163/155/155
f 170/163/163 184/169/169 180/167/167
f 175/168/168 178/170/170 177/156/156
f 168/161/161 178/170/170 184/169/169
f 171/171/171 180/167/167 179/172/172
f 180/167/167 181/173/173 179/172/172
f 182/174/174 163/155/155 183/175/175
f 166/176/176 177/156/156 178/170/170
f 138/154/154 160/152/152 145/150/150
f 137/132/132 183/175/175 163/155/155
f 137/132/132 162/158/158 176/83/83
f 172/164/164 127/123/123 129/125/125
f 185/177/177 119/116/116 127/123/123
f 185/177/177 187/178/178 186/179/179
f 189/180/180 186/179/179 187/178/178
f 186/179/179 188/181/181 191/182/182
f 121/183/183 186/179/179 123/118/118
f 117/114/114 190/184/184 128/185/185
f 150/143/143 128/185/185 190/184/184
f 149/142/142 190/184/184 151/186/186
f 152/111/111 151/186/186 190/184/184
f 123/118/118 191/182/182 125/120/120
f 192/187/187 125/120/120 191/182/182
f 193/188/188 191/182/182 188/181/181
f 120/115/115 195/189/189 118/112/112
f 118/112/112 196/190/190 116/113/113
f 194/191/191 198/192/192 195/189/189
f 197/193/193 199/194/194 198/192/192
f 120/115/115 200/195/195 194/191/191
f 201/196/196 194/191/191 200/195/195
f 50/47/47 203/197/197 202/198/198
f 202/198/198 49/45/45 50/47/47
f 204/199/199 42/38/38 49/45/45
f 204/199/199 205/200/200 43/39/39
f 204/199/199 200/195/195 206/201/201
f 123/118/118 224/121/121 124/119/119
f 201/196/196 202/198/198 203/197/197
f 53/49/49 207/202/202 203/197/197
f 197/193/193 208/203/203 209/204/204
f 210/205/205 209/204/204 208/203/203
f 208/203/203 212/206/206 210/205/205
f 207/202/202 111/207/207 212/206/206
f 207/202/202 201/196/196 203/197/197
f 218/208/208 199/194/194 221/209/209
f 213/210/210 101/96/96 214/211/211
f 215/212/212 109/104/104 107/102/102
f 216/213/213 217/214/214 218/208/208
f 104/98/98 219/215/215 105/100/100
f 215/212/212 105/100/100 219/215/215
f 219/215/215 217/214/214 215/212/212
f 209/204/204 221/209/209 199/194/194
f 122/117/117 206/201/201 200/195/195
f 217/214/214 198/192/192 199/194/194
f 220/216/216 213/210/210 222/217/217
f 222/217/217 198/192/192 220/216/216
f 195/189/189 223/218/218 196/190/190
f 223/218/218 213/210/210 214/211/211
f 124/119/119 205/200/200 206/201/201
f 40/41/41 48/46/46 41/37/37
f 225/219/219 51/48/48 48/46/46
f 40/41/41 227/220/220 225/219/219
f 44/40/40 228/221/221 227/220/220
f 45/42/42 229/222/222 228/221/221
f 229/222/222 47/44/44 230/223/223
f 231/224/224 227/220/220 228/221/221
f 227/220/220 226/225/225 225/219/219
f 228/221/221 233/226/226 231/224/224
f 230/223/223 233/226/226 229/222/222
f 232/227/227 236/228/228 226/225/225
f 226/225/225 52/50/50 51/48/48
f 232/227/227 237/229/229 235/230/230
f 235/230/230 239/231/231 236/228/228
f 55/107/107 236/228/228 239/231/231
f 237/229/229 238/232/232 235/230/230
f 242/233/233 96/89/89 95/91/91
f 95/91/91 243/234/234 242/233/233
f 97/90/90 102/97/97 243/234/234
f 103/99/99 243/234/234 102/97/97
f 244/235/235 242/233/233 243/234/234
f 245/236/236 241/237/237 242/233/233
f 106/101/101 244/235/235 103/99/99
f 247/238/238 245/236/236 244/235/235
f 247/238/238 108/103/103 249/239/239
f 250/240/240 247/238/238 249/239/239
f 92/86/86 96/89/89 94/241/241
f 96/89/89 251/242/242 94/241/241
f 241/237/237 2974/243/243 251/242/242
f 245/236/236 253/244/244 246/245/245
f 248/246/246 254/247/247 253/244/244
f 257/248/248 90/85/85 255/84/84
f 256/249/249 259/250/250 258/251/251
f 261/252/252 258/251/251 259/250/250
f 258/251/251 262/253/253 263/254/254
f 263/254/254 256/249/249 258/251/251
f 264/255/255 90/85/85 256/249/249
f 265/256/256 176/83/83 90/85/85
f 262/253/253 267/257/257 263/254/254
f 266/258/258 269/259/259 267/257/257
f 268/260/260 271/261/261 269/259/259
f 272/262/262 267/257/257 269/259/259
f 273/263/263 263/254/254 267/257/257
f 274/264/264 264/255/255 273/263/263
f 274/264/264 183/175/175 265/256/256
f 181/173/173 274/264/264 275/265/265
f 273/263/263 275/265/265 274/264/264
f 261/252/252 277/266/266 276/267/267
f 279/268/268 276/267/267 277/266/266
f 278/269/269 281/270/270 280/271/271
f 259/250/250 282/272/272 277/266/266
f 277/266/266 283/273/273 279/268/268
f 282/272/272 285/274/274 283/273/273
f 284/275/275 257/248/248 255/84/84
f 255/84/84 157/149/149 284/275/275
f 158/276/276 284/275/275 157/149/149
f 156/277/277 158/276/276 155/147/147
f 112/106/106 239/231/231 286/278/278
f 238/232/232 286/278/278 239/231/231
f 110/105/105 249/239/239 108/103/103
f 288/279/279 250/240/240 249/239/239
f 289/280/280 254/247/247 250/240/240
f 260/281/281 292/282/282 291/283/283
f 261/252/252 293/284/284 292/282/282
f 276/267/267 294/285/285 293/284/284
f 278/269/269 295/286/286 294/285/285
f 296/287/287 260/281/281 291/283/283
f 262/253/253 297/288/288 266/258/258
f 297/288/288 268/260/260 266/258/258
f 292/282/282 298/289/289 291/283/283
f 299/290/290 293/284/284 300/291/291
f 294/285/285 300/291/291 293/284/284
f 298/289/289 296/287/287 291/283/283
f 302/292/292 297/288/288 296/287/287
f 297/288/288 303/293/293 359/294/294
f 272/262/262 305/295/295 275/265/265
f 306/296/296 307/297/297 305/295/295
f 269/259/259 306/296/296 272/262/262
f 82/76/76 309/298/298 114/108/108
f 85/79/79 310/299/299 309/298/298
f 114/108/108 311/300/300 154/144/144
f 310/299/299 311/300/300 309/298/298
f 313/301/301 27/35/35 126/122/122
f 28/27/27 314/302/302 29/28/28
f 315/303/303 29/28/28 314/302/302
f 315/303/303 31/30/30 30/29/29
f 318/304/304 314/302/302 313/301/301
f 317/305/305 315/303/303 314/302/302
f 319/306/306 316/307/307 315/303/303
f 126/122/122 318/304/304 313/301/301
f 320/308/308 321/309/309 322/310/310
f 323/311/311 319/306/306 317/305/305
f 321/309/309 324/312/312 325/313/313
f 324/312/312 327/314/314 325/313/313
f 327/314/314 328/315/315 329/316/316
f 321/309/309 330/317/317 322/310/310
f 325/313/313 331/318/318 330/317/317
f 327/314/314 332/319/319 331/318/318
f 331/318/318 333/320/320 334/321/321
f 334/321/321 330/317/317 331/318/318
f 335/322/322 322/310/310 330/317/317
f 337/323/323 322/310/310 336/324/324
f 326/325/325 338/326/326 328/315/315
f 339/327/327 340/328/328 338/326/326
f 341/329/329 342/330/330 340/328/328
f 339/327/327 324/312/312 344/331/331
f 339/327/327 345/332/332 341/329/329
f 324/312/312 346/333/333 344/331/331
f 346/333/333 317/305/305 347/334/334
f 308/335/335 346/333/333 307/297/297
f 347/334/334 307/297/297 346/333/333
f 307/297/297 348/336/336 349/337/337
f 47/44/44 361/338/338 34/339/339
f 353/340/340 360/341/341 318/304/304
f 353/340/340 193/188/188 352/342/342
f 193/188/188 354/343/343 352/342/342
f 188/181/181 355/344/344 193/188/188
f 354/343/343 179/172/172 352/342/342
f 179/172/172 351/345/345 352/342/342
f 351/345/345 275/265/265 349/337/337
f 305/295/295 349/337/337 275/265/265
f 349/337/337 305/295/295 307/297/297
f 353/340/340 351/345/345 350/346/346
f 350/346/346 349/337/337 348/336/336
f 360/341/341 348/336/336 347/334/334
f 320/308/308 362/347/347 316/307/307
f 174/166/166 172/164/164 173/165/165
f 354/343/343 169/162/162 171/171/171
f 356/348/348 167/160/160 169/162/162
f 174/166/166 189/180/180 187/178/178
f 354/343/343 355/344/344 356/348/348
f 355/344/344 189/180/180 356/348/348
f 271/261/261 308/335/335 306/296/296
f 357/349/349 271/261/261 270/350/350
f 308/335/335 357/349/349 344/331/331
f 357/349/349 345/332/332 344/331/331
f 304/351/351 341/329/329 345/332/332
f 304/351/351 358/352/352 343/353/353
f 270/350/350 345/332/332 357/349/349
f 304/351/351 268/260/260 359/294/294
f 192/187/187 353/340/340 318/304/304
f 31/30/30 35/33/33 32/32/32
f 317/305/305 360/341/341 347/334/334
f 363/354/354 336/324/324 335/322/322
f 336/324/324 365/355/355 337/323/323
f 335/322/322 366/356/356 363/354/354
f 370/357/357 368/358/358 367/359/359
f 369/360/360 371/361/361 372/362/362
f 373/363/363 372/362/362 371/361/361
f 374/364/364 375/365/365 376/366/366
f 367/359/359 378/367/367 377/368/368
f 378/367/367 379/369/369 377/368/368
f 382/370/370 367/359/359 377/368/368
f 3223/371/371 1062/372/372 381/373/373
f 384/374/374 370/357/357 383/375/375
f 371/361/361 385/376/376 373/363/363
f 386/377/377 385/376/376 384/374/374
f 387/378/378 401/379/379 389/380/380
f 390/381/381 389/380/380 401/379/379
f 390/381/381 393/382/382 391/383/383
f 394/384/384 393/382/382 392/385/385
f 395/386/386 338/326/326 340/328/328
f 394/384/384 328/315/315 338/326/326
f 396/387/387 329/316/316 328/315/315
f 397/388/388 332/319/319 329/316/316
f 396/387/387 399/389/389 397/388/388
f 400/390/390 394/384/384 392/385/385
f 386/391/377 402/392/391 401/393/379
f 410/394/392 408/395/393 404/396/394
f 406/397/395 401/393/379 402/392/391
f 409/398/396 946/399/397 412/400/398
f 945/401/399 410/394/392 944/402/400
f 895/403/401 944/402/400 407/404/402
f 908/405/403 416/406/404 914/407/405
f 416/406/404 414/408/406 914/407/405
f 417/409/407 406/397/395 402/392/391
f 418/410/408 419/411/409 420/412/410
f 421/413/411 420/412/410 419/411/409
f 422/414/412 423/415/413 424/416/414
f 369/360/360 425/417/415 368/358/358
f 372/362/362 426/418/416 369/360/360
f 372/362/362 428/419/417 427/420/418
f 427/420/418 434/421/419 426/418/416
f 425/417/415 431/422/420 436/423/421
f 426/418/416 435/424/422 425/417/415
f 311/300/300 433/425/423 154/144/144
f 435/424/422 430/426/424 431/422/420
f 312/427/425 429/428/426 430/426/424
f 434/421/419 312/427/425 435/424/422
f 425/417/415 378/367/367 368/358/358
f 432/429/427 373/363/363 385/376/376
f 385/376/376 437/430/428 432/429/427
f 389/380/380 437/430/428 387/378/378
f 438/431/429 391/383/383 439/432/430
f 393/382/382 439/432/430 391/383/383
f 393/382/382 441/433/431 440/434/432
f 340/328/328 441/433/431 395/386/386
f 295/286/286 374/364/364 376/366/366
f 295/286/286 301/435/433 294/285/285
f 443/436/434 301/435/433 376/366/366
f 442/437/435 444/438/436 445/439/437
f 446/440/438 445/439/437 444/438/436
f 447/441/439 448/442/440 449/443/441
f 450/444/442 449/443/441 448/442/440
f 450/444/442 453/445/443 451/446/444
f 452/447/445 343/353/353 453/445/443
f 454/448/446 448/442/440 446/440/438
f 454/448/446 444/438/436 456/449/447
f 444/438/436 457/450/448 456/449/447
f 443/436/434 375/365/365 457/450/448
f 455/451/449 450/444/442 448/442/440
f 458/452/450 452/447/445 450/444/442
f 459/453/451 342/330/330 452/447/445
f 454/448/446 461/454/452 455/451/449
f 456/449/447 460/455/453 454/448/446
f 463/456/454 455/451/449 461/454/452
f 463/456/454 459/453/451 458/452/450
f 440/434/432 441/433/431 459/453/451
f 375/365/365 432/429/427 457/450/448
f 457/450/448 462/457/455 456/449/447
f 462/457/455 438/431/429 460/455/453
f 460/455/453 439/432/430 461/454/452
f 439/432/430 463/456/454 461/454/452
f 462/457/455 432/429/427 437/430/428
f 449/443/441 464/458/456 447/441/439
f 449/443/441 466/459/457 465/460/458
f 451/446/444 467/461/459 466/459/457
f 453/445/443 358/352/352 467/461/459
f 447/441/439 468/462/460 445/439/437
f 469/463/461 445/439/437 468/462/460
f 465/460/458 298/289/289 464/458/456
f 298/289/289 468/462/460 464/458/456
f 469/463/461 299/290/290 300/291/291
f 300/291/291 442/437/435 469/463/461
f 303/293/293 358/352/352 359/294/294
f 466/459/457 303/293/293 302/292/292
f 465/460/458 466/459/457 302/292/292
f 471/464/462 279/268/268 283/273/273
f 154/144/144 470/465/463 473/146/146
f 153/145/145 473/146/146 472/148/148
f 156/277/277 473/146/146 470/465/463
f 475/466/464 427/420/418 428/419/417
f 428/419/417 280/271/271 475/466/464
f 283/273/273 470/465/463 471/464/462
f 285/274/274 156/277/277 470/465/463
f 474/467/465 482/468/466 476/469/467
f 481/470/468 478/471/469 479/472/470
f 479/472/470 485/473/471 481/470/468
f 812/474/472 485/473/471 789/475/473
f 481/470/468 809/476/474 484/477/475
f 792/478/476 483/479/477 791/480/478
f 791/480/478 484/477/475 809/476/474
f 487/481/479 474/467/465 488/482/480
f 490/483/481 488/482/480 474/467/465
f 491/484/482 492/485/483 493/486/484
f 494/487/485 493/486/484 492/485/483
f 490/483/481 476/469/467 496/488/486
f 497/489/487 490/483/481 496/488/486
f 497/489/487 494/487/485 492/485/483
f 498/490/488 507/491/489 494/487/485
f 508/492/490 499/493/491 518/494/492
f 505/495/493 500/496/494 507/491/489
f 493/486/484 502/497/495 515/498/496
f 515/498/496 491/484/482 493/486/484
f 491/484/482 504/499/497 488/482/480
f 504/499/497 487/481/479 488/482/480
f 504/499/497 513/500/498 514/501/499
f 514/501/499 512/502/500 509/503/501
f 511/504/502 509/503/501 510/505/503
f 506/506/504 514/501/499 511/504/502
f 483/479/477 486/507/505 489/508/506
f 483/479/477 478/471/469 484/477/475
f 513/500/498 515/498/496 516/509/507
f 502/497/495 516/509/507 515/498/496
f 517/510/508 519/511/509 520/512/510
f 518/494/492 519/511/509 508/492/490
f 531/513/511 517/510/508 520/512/510
f 495/514/512 519/511/509 502/497/495
f 499/493/491 526/515/513 518/494/492
f 521/516/514 520/512/510 519/511/509
f 521/516/514 524/517/515 522/518/516
f 499/519/491 500/520/494 529/521/517
f 523/522/518 521/516/514 525/523/519
f 521/516/514 526/515/513 525/523/519
f 526/524/513 528/525/520 525/526/519
f 526/524/513 529/521/517 527/527/521
f 520/512/510 530/528/522 531/513/511
f 507/491/489 495/514/512 494/487/485
f 532/529/523 516/509/507 517/510/508
f 533/530/524 513/500/498 516/509/507
f 524/517/515 530/528/522 522/518/516
f 524/517/515 535/531/525 534/532/526
f 523/522/518 536/533/527 535/531/525
f 536/534/527 538/535/528 537/536/529
f 538/535/528 539/537/530 537/536/529
f 540/538/531 541/539/532 539/537/530
f 544/540/533 541/539/532 542/541/534
f 525/526/519 528/525/520 538/535/528
f 546/542/535 548/543/536 545/544/537
f 547/545/538 550/546/539 548/543/536
f 549/547/540 552/548/541 550/546/539
f 553/549/542 552/548/541 551/550/543
f 554/551/544 555/552/545 556/553/546
f 555/552/545 558/554/547 556/553/546
f 557/555/548 560/556/549 558/554/547
f 553/549/542 562/557/550 555/552/545
f 562/557/550 563/558/551 870/559/552
f 623/560/553 622/561/554 621/562/555
f 553/549/542 564/563/556 561/564/557
f 551/550/543 565/565/558 564/563/556
f 549/547/540 566/566/559 551/550/543
f 566/566/559 549/547/540 547/545/538
f 567/567/560 584/568/561 583/569/562
f 567/567/560 570/570/563 568/571/564
f 571/572/565 570/570/563 569/573/566
f 585/574/567 568/571/564 573/575/568
f 570/570/563 573/575/568 568/571/564
f 574/576/569 572/577/570 575/578/571
f 585/574/567 576/579/572 586/580/573
f 573/575/568 577/581/574 576/579/572
f 575/578/571 577/581/574 574/576/569
f 583/569/562 579/582/575 567/567/560
f 580/583/576 567/567/560 579/582/575
f 569/573/566 581/584/577 571/572/565
f 564/563/556 582/585/578 583/569/562
f 583/569/562 561/564/557 564/563/556
f 562/557/550 584/568/561 585/574/567
f 585/574/567 563/558/551 562/557/550
f 587/586/579 575/578/571 572/577/570
f 588/587/580 578/588/581 575/578/571
f 572/577/570 590/589/582 587/586/579
f 581/584/577 590/589/582 571/572/565
f 590/589/582 592/590/583 593/591/584
f 593/591/584 587/586/579 590/589/582
f 594/592/585 588/587/580 587/586/579
f 595/593/586 589/594/587 588/587/580
f 596/595/588 597/596/589 598/597/590
f 599/598/591 576/579/572 577/581/574
f 600/599/592 586/580/573 576/579/572
f 599/598/591 578/588/581 602/600/593
f 589/594/587 602/600/593 578/588/581
f 602/600/593 604/601/594 605/602/595
f 606/603/596 605/602/595 604/601/594
f 605/602/595 600/599/592 599/598/591
f 602/600/593 605/602/595 599/598/591
f 596/595/588 603/604/597 589/594/587
f 598/597/590 608/605/598 596/595/588
f 610/606/599 604/601/594 603/604/597
f 610/606/599 608/605/598 612/607/600
f 609/608/601 612/607/600 608/605/598
f 607/609/602 614/610/603 615/611/604
f 615/611/604 600/599/592 607/609/602
f 614/610/603 616/612/605 615/611/604
f 614/610/603 617/613/606 616/612/605
f 619/614/607 617/613/606 618/615/608
f 615/611/604 621/562/555 622/561/554
f 622/561/554 601/616/609 615/611/604
f 556/553/546 625/617/610 559/618/611
f 559/618/611 554/551/544 556/553/546
f 626/619/612 552/548/541 554/551/544
f 627/620/613 550/546/539 552/548/541
f 628/621/614 548/543/536 550/546/539
f 629/622/615 545/544/537 548/543/536
f 630/623/616 632/624/617 545/544/537
f 632/624/617 546/542/535 545/544/537
f 634/625/618 547/545/538 546/542/535
f 547/545/538 636/626/619 566/566/559
f 636/626/619 565/565/558 566/566/559
f 634/625/618 546/542/535 633/627/620
f 565/565/558 638/628/621 582/585/578
f 637/629/622 639/630/623 638/628/621
f 642/631/624 640/632/625 637/629/622
f 637/629/622 636/626/619 642/631/624
f 635/633/626 642/631/624 636/626/619
f 635/633/626 641/634/627 642/631/624
f 635/633/626 634/625/618 643/635/628
f 643/635/628 645/636/629 641/634/627
f 641/634/627 646/637/630 640/632/625
f 647/638/631 640/632/625 646/637/630
f 643/635/628 633/627/620 644/639/632
f 647/638/631 649/640/633 639/630/623
f 650/641/634 649/640/633 648/642/635
f 652/643/636 648/642/635 647/638/631
f 648/642/635 654/644/637 650/641/634
f 652/643/636 656/645/638 653/646/639
f 657/647/640 653/646/639 656/645/638
f 652/643/636 658/648/641 655/649/642
f 659/650/643 647/638/631 646/637/630
f 658/648/641 661/651/644 660/652/645
f 663/653/646 660/652/645 661/651/644
f 663/653/646 664/654/647 662/655/648
f 659/650/643 645/636/629 661/651/644
f 644/639/632 661/651/644 645/636/629
f 663/653/646 633/627/620 665/656/649
f 633/627/620 632/624/617 665/656/649
f 632/624/617 666/657/650 665/656/649
f 666/657/650 664/654/647 665/656/649
f 668/658/651 639/630/623 649/640/633
f 668/658/651 582/585/578 638/628/621
f 651/659/652 669/660/653 649/640/633
f 581/584/577 669/660/653 670/661/654
f 669/660/653 579/582/575 668/658/651
f 668/658/651 649/640/633 669/660/653
f 670/661/654 591/662/655 581/584/577
f 672/663/656 591/662/655 671/664/657
f 592/590/583 673/665/658 674/666/659
f 673/665/658 676/667/660 674/666/659
f 674/666/659 678/668/661 677/669/662
f 679/670/663 677/669/662 678/668/661
f 679/670/663 595/593/586 594/592/585
f 594/592/585 593/591/584 677/669/662
f 593/591/584 674/666/659 677/669/662
f 609/608/601 680/671/664 681/672/665
f 681/672/665 613/673/666 609/608/601
f 597/596/589 680/671/664 598/597/590
f 683/674/667 597/596/589 679/670/663
f 651/659/652 671/664/657 670/661/654
f 684/675/668 650/641/634 685/676/669
f 654/644/637 685/676/669 650/641/634
f 686/677/670 657/647/640 687/678/671
f 688/679/672 686/677/670 687/678/671
f 689/680/673 690/681/674 691/682/675
f 692/683/676 691/682/675 690/681/674
f 693/684/677 694/685/678 691/682/675
f 695/686/679 673/665/658 694/685/678
f 672/663/656 694/685/678 673/665/658
f 694/685/678 689/680/673 691/682/675
f 685/676/669 689/680/673 696/687/680
f 672/663/656 684/675/668 696/687/680
f 685/676/669 696/687/680 684/675/668
f 690/681/674 697/688/681 692/683/676
f 698/689/682 699/690/683 697/688/681
f 700/691/684 701/692/685 699/690/683
f 703/693/686 687/678/671 657/647/640
f 703/693/686 706/694/687 704/695/688
f 704/695/688 688/679/672 687/678/671
f 698/689/682 688/679/672 707/696/689
f 700/691/684 707/696/689 708/697/690
f 707/696/689 706/694/687 708/697/690
f 708/697/690 702/698/691 700/691/684
f 708/697/690 710/699/692 709/700/693
f 706/694/687 705/701/694 710/699/692
f 711/702/695 709/700/693 710/699/692
f 712/703/696 702/698/691 709/700/693
f 712/703/696 714/704/697 715/705/698
f 716/706/699 715/705/698 714/704/697
f 705/701/694 718/707/700 710/699/692
f 721/708/701 718/707/700 719/709/702
f 719/709/702 722/710/703 721/708/701
f 723/711/704 658/648/641 722/710/703
f 719/709/702 703/693/686 723/711/704
f 703/693/686 656/645/638 723/711/704
f 656/645/638 655/649/642 723/711/704
f 718/707/700 720/712/705 724/713/706
f 724/713/706 710/699/692 718/707/700
f 711/702/695 725/714/707 714/704/697
f 725/714/707 716/706/699 714/704/697
f 725/714/707 728/715/708 727/716/709
f 724/713/706 729/717/710 728/715/708
f 720/712/705 730/718/711 729/717/710
f 721/708/701 731/719/712 730/718/711
f 731/719/712 658/648/641 660/652/645
f 732/720/713 725/714/707 727/716/709
f 727/716/709 733/721/714 732/720/713
f 734/722/715 735/723/716 733/721/714
f 736/724/717 738/725/718 737/726/719
f 727/716/709 738/725/718 734/722/715
f 728/715/708 739/727/720 738/725/718
f 729/717/710 740/728/721 739/727/720
f 730/718/711 741/729/722 740/728/721
f 660/652/645 741/729/722 731/719/712
f 742/730/723 662/655/648 664/654/647
f 741/729/722 743/731/724 740/728/721
f 744/732/725 740/728/721 743/731/724
f 739/727/720 737/726/719 738/725/718
f 746/733/726 737/726/719 744/732/725
f 726/734/727 748/735/728 747/736/729
f 748/737/728 750/738/730 747/739/729
f 726/734/727 751/740/731 716/706/699
f 751/741/731 747/739/729 750/738/730
f 716/706/699 752/742/732 717/743/733
f 751/740/731 753/744/734 752/742/732
f 754/745/735 751/741/731 750/738/730
f 751/741/731 3488/746/736 753/747/734
f 750/738/730 756/748/737 754/745/735
f 761/749/738 757/750/739 748/735/728
f 748/737/728 758/751/740 749/752/741
f 758/751/740 756/748/737 749/752/741
f 733/721/714 762/753/742 761/749/738
f 757/750/739 762/753/742 760/754/743
f 761/749/738 732/720/713 733/721/714
f 744/732/725 763/755/744 746/733/726
f 742/730/723 763/755/744 743/731/724
f 742/730/723 667/756/745 764/757/746
f 766/758/747 764/757/746 667/756/745
f 667/756/745 767/759/748 766/758/747
f 666/657/650 768/760/749 767/759/748
f 631/761/750 769/762/751 768/760/749
f 630/623/616 770/763/752 769/762/751
f 770/763/752 628/621/614 771/764/753
f 628/621/614 772/765/754 771/764/753
f 627/620/613 773/766/755 772/765/754
f 626/619/612 774/767/756 773/766/755
f 765/768/757 763/755/744 764/757/746
f 776/769/758 763/755/744 775/770/759
f 746/733/726 777/771/760 745/772/761
f 767/759/748 779/773/762 778/774/763
f 781/775/764 778/774/763 779/773/762
f 780/776/765 783/777/766 782/778/767
f 785/779/768 782/778/767 783/777/766
f 784/780/769 787/781/770 786/782/771
f 789/783/473 786/782/771 787/781/770
f 789/475/473 790/784/772 788/785/773
f 797/786/774 792/787/476 791/788/478
f 800/789/775 793/790/776 794/791/777
f 794/791/777 795/792/778 796/793/779
f 795/792/778 797/786/774 796/793/779
f 802/794/780 799/795/781 800/789/775
f 771/764/753 801/796/782 802/794/780
f 783/777/766 804/797/783 805/798/784
f 808/799/785 800/789/775 807/800/786
f 779/773/762 804/797/783 781/775/764
f 806/801/787 804/797/783 807/800/786
f 794/791/777 807/800/786 800/789/775
f 803/802/788 807/800/786 804/797/783
f 770/763/752 802/794/780 808/799/785
f 769/762/751 808/799/785 803/802/788
f 768/760/749 803/802/788 779/773/762
f 812/803/472 787/781/770 813/804/789
f 796/793/779 810/805/790 811/806/791
f 809/807/474 797/786/774 791/788/478
f 814/808/792 810/805/790 813/804/789
f 809/807/474 813/804/789 810/805/790
f 814/808/792 787/781/770 785/779/768
f 811/806/791 794/791/777 796/793/779
f 805/798/784 811/806/791 814/808/792
f 814/808/792 783/777/766 805/798/784
f 826/809/793 816/810/794 825/811/795
f 825/811/795 817/812/796 824/813/797
f 820/814/798 780/776/765 782/778/767
f 780/776/765 818/815/799 778/774/763
f 821/816/800 819/817/801 820/814/798
f 822/818/802 818/815/799 819/817/801
f 826/809/793 822/818/802 821/816/800
f 822/818/802 824/813/797 823/819/803
f 823/819/803 766/758/747 818/815/799
f 765/768/757 824/813/797 775/770/759
f 817/812/796 775/770/759 824/813/797
f 767/759/748 818/815/799 766/758/747
f 836/820/804 828/821/805 837/822/806
f 831/823/807 784/780/769 786/782/771
f 786/782/771 830/824/808 831/823/807
f 833/825/809 831/823/807 834/826/810
f 830/824/808 834/826/810 831/823/807
f 837/822/806 833/825/809 834/826/810
f 835/827/811 837/822/806 834/826/810
f 829/828/812 837/822/806 828/821/805
f 832/829/813 782/778/767 784/780/769
f 821/816/800 832/829/813 833/825/809
f 838/830/814 821/816/800 833/825/809
f 815/831/815 838/830/814 829/828/812
f 816/810/794 839/832/816 840/833/817
f 841/834/818 816/810/794 840/833/817
f 841/834/818 776/769/758 817/812/796
f 839/832/816 842/835/819 840/833/817
f 840/833/817 843/836/820 841/834/818
f 844/837/821 841/834/818 843/836/820
f 777/771/760 845/838/822 745/772/761
f 847/839/823 849/840/824 846/841/825
f 843/836/820 846/841/825 849/840/824
f 848/842/826 844/837/821 849/840/824
f 844/837/821 843/836/820 849/840/824
f 815/831/815 850/843/827 839/832/816
f 839/832/816 850/843/827 851/844/828
f 851/844/828 842/835/819 839/832/816
f 854/845/829 851/844/828 850/843/827
f 828/821/805 850/843/827 829/828/812
f 827/846/830 855/847/831 828/821/805
f 855/847/831 854/845/829 850/843/827
f 856/848/832 857/849/833 855/847/831
f 857/849/833 854/845/829 855/847/831
f 857/849/833 860/850/834 859/851/835
f 860/850/834 862/852/836 859/851/835
f 859/851/835 853/853/837 854/845/829
f 861/854/838 858/855/839 1769/856/840
f 852/857/841 846/841/825 842/835/819
f 864/858/842 847/839/823 846/841/825
f 847/839/823 866/859/843 848/842/826
f 866/859/843 845/838/822 848/842/826
f 845/838/822 868/860/844 745/772/761
f 480/861/845 790/784/772 485/473/471
f 586/580/573 871/862/846 563/558/551
f 622/561/554 624/863/847 871/862/846
f 562/557/550 557/555/548 555/552/545
f 870/559/552 623/560/553 557/555/548
f 873/864/848 874/865/849 872/866/850
f 621/562/555 872/866/850 623/560/553
f 601/616/609 622/561/554 871/862/846
f 563/558/551 624/863/847 870/559/552
f 874/865/849 876/867/851 872/866/850
f 876/867/851 623/560/553 872/866/850
f 560/556/549 878/868/852 882/869/853
f 560/556/549 879/870/854 878/868/852
f 876/867/851 880/871/855 879/870/854
f 880/871/855 877/872/856 881/873/857
f 558/554/547 882/869/853 625/617/610
f 958/874/858 951/875/859 894/876/860
f 625/617/610 882/869/853 883/877/861
f 883/877/861 559/618/611 625/617/610
f 801/796/782 885/878/862 799/795/781
f 886/879/863 772/765/754 773/766/755
f 773/766/755 887/880/864 886/879/863
f 774/767/756 883/877/861 887/880/864
f 936/881/865 885/878/862 886/879/863
f 799/795/781 889/882/866 793/790/776
f 793/790/776 888/883/867 795/792/778
f 888/883/867 889/882/866 890/884/868
f 889/882/866 891/885/869 890/884/868
f 936/881/865 892/886/870 935/887/871
f 951/875/859 955/888/872 894/876/860
f 961/889/873 963/890/874 954/891/875
f 414/408/406 895/403/401 896/892/876
f 893/893/877 897/894/878 892/886/870
f 897/894/878 899/895/879 898/896/880
f 906/897/881 901/898/882 907/899/883
f 901/898/882 902/900/884 903/901/885
f 904/902/886 903/901/885 902/900/884
f 899/895/879 907/899/883 898/896/880
f 907/899/883 908/405/403 909/903/887
f 907/899/883 910/904/888 898/896/880
f 911/905/889 898/896/880 910/904/888
f 897/894/878 912/906/890 892/886/870
f 914/407/405 909/903/887 908/405/403
f 914/407/405 915/907/891 913/908/892
f 916/909/893 917/910/894 915/907/891
f 915/907/891 919/911/895 920/912/896
f 919/911/895 921/913/897 920/912/896
f 921/913/897 923/914/898 924/915/899
f 920/912/896 926/916/900 925/917/901
f 926/916/900 910/904/888 925/917/901
f 925/917/901 909/903/887 913/908/892
f 920/912/896 913/908/892 915/907/891
f 921/913/897 927/918/902 926/916/900
f 926/916/900 927/918/902 934/919/903
f 924/915/899 928/920/904 927/918/902
f 931/921/905 928/920/904 929/922/906
f 931/921/905 891/885/869 930/923/907
f 930/923/907 935/887/871 932/924/908
f 914/407/405 414/408/406 916/909/893
f 930/923/907 933/925/909 928/920/904
f 911/905/889 934/919/903 912/906/890
f 927/918/902 933/925/909 934/919/903
f 912/906/890 933/925/909 932/924/908
f 942/926/910 413/927/911 416/406/404
f 885/878/862 935/887/871 891/885/869
f 887/880/864 936/881/865 886/879/863
f 932/924/908 892/886/870 912/906/890
f 937/928/912 916/909/893 414/408/406
f 937/928/912 414/408/406 896/892/876
f 908/405/403 938/929/913 415/930/914
f 938/929/913 901/898/882 903/901/885
f 903/901/885 939/931/915 938/929/913
f 939/931/915 415/930/914 938/929/913
f 941/932/916 416/406/404 415/930/914
f 940/933/917 905/934/918 943/935/919
f 942/926/910 945/401/399 944/402/400
f 939/931/915 946/399/397 945/401/399
f 939/931/915 945/401/399 941/932/916
f 405/936/920 895/403/401 407/404/402
f 943/935/919 412/400/398 946/399/397
f 411/937/921 948/938/922 412/400/398
f 408/395/393 412/400/398 948/938/922
f 943/935/919 946/399/397 940/933/917
f 392/385/385 947/939/923 400/390/390
f 408/940/393 392/385/385 390/381/381
f 401/379/379 404/941/394 390/381/381
f 404/941/394 408/940/393 390/381/381
f 388/942/924 950/943/925 404/396/394
f 404/396/394 950/943/925 410/394/392
f 950/943/925 944/402/400 410/394/392
f 405/936/920 950/943/925 949/944/926
f 406/397/395 405/936/920 949/944/926
f 406/397/395 949/944/926 388/942/924
f 896/892/876 422/414/412 937/928/912
f 420/412/410 405/936/920 418/410/408
f 953/945/927 954/891/875 956/946/928
f 957/947/929 953/945/927 956/946/928
f 956/946/928 884/948/930 955/888/872
f 894/876/860 899/895/879 893/893/877
f 883/877/861 959/949/931 958/874/858
f 952/950/932 956/946/928 951/875/859
f 887/880/864 958/874/858 892/886/870
f 958/874/858 893/893/877 892/886/870
f 882/869/853 959/949/931 883/877/861
f 952/950/932 959/949/931 878/868/852
f 962/951/933 904/902/886 963/890/874
f 963/890/874 904/902/886 902/900/884
f 902/900/884 954/891/875 963/890/874
f 884/948/930 902/900/884 900/952/934
f 906/897/881 884/948/930 900/952/934
f 955/888/872 906/897/881 899/895/879
f 952/950/932 878/868/852 879/870/854
f 879/870/854 957/947/929 952/950/932
f 879/870/854 960/953/935 957/947/929
f 953/945/927 965/954/936 961/889/873
f 960/953/935 966/955/937 965/954/936
f 967/956/938 961/889/873 965/954/936
f 962/951/933 968/957/939 964/958/940
f 966/955/937 881/873/857 969/959/941
f 881/873/857 970/960/942 969/959/941
f 881/873/857 971/961/943 970/960/942
f 874/865/849 971/961/943 877/872/856
f 972/962/944 875/963/945 973/964/946
f 970/960/942 975/965/947 969/959/941
f 976/966/948 969/959/941 975/965/947
f 976/966/948 965/954/936 966/955/937
f 967/956/938 977/967/949 968/957/939
f 977/967/949 975/965/947 978/968/950
f 974/969/951 978/968/950 975/965/947
f 978/968/950 980/970/952 977/967/949
f 980/970/952 968/957/939 977/967/949
f 982/971/953 968/957/939 981/972/954
f 981/972/954 983/973/955 982/971/953
f 982/971/953 904/902/886 964/958/940
f 982/971/953 986/974/956 985/975/957
f 905/934/918 904/902/886 985/975/957
f 985/975/957 943/935/919 905/934/918
f 411/937/921 986/974/956 947/976/923
f 983/977/955 400/390/390 986/978/956
f 400/390/390 947/939/923 986/978/956
f 980/970/952 984/979/958 981/972/954
f 987/980/959 978/968/950 988/981/960
f 979/982/961 988/981/960 978/968/950
f 979/982/961 990/983/962 991/984/963
f 993/985/964 991/984/963 990/983/962
f 991/984/963 994/986/965 995/987/966
f 989/988/967 991/984/963 995/987/966
f 992/989/968 996/990/969 994/986/965
f 990/983/962 998/991/970 993/985/964
f 997/992/971 972/962/944 998/991/970
f 997/992/971 974/969/951 970/960/942
f 971/961/943 997/992/971 970/960/942
f 998/991/970 973/964/946 999/993/972
f 992/989/968 1001/994/973 1000/995/974
f 993/985/964 999/993/972 1001/994/973
f 1000/995/974 996/990/969 992/989/968
f 1001/994/973 1003/996/975 1004/997/976
f 973/964/946 1003/996/975 999/993/972
f 973/964/946 1006/998/977 1005/999/978
f 875/963/945 616/612/605 1006/998/977
f 1004/997/976 1000/995/974 1001/994/973
f 1000/995/974 1008/1000/979 1002/1001/980
f 1008/1000/979 1010/1002/981 1002/1001/980
f 1008/1000/979 1011/1003/982 1009/1004/983
f 1011/1003/982 1013/1005/984 1009/1004/983
f 1013/1006/984 1016/1007/985 1015/1008/986
f 1016/1007/985 1017/1009/987 1015/1008/986
f 1018/1010/988 1019/1011/989 1017/1009/987
f 1018/1010/988 1021/1012/990 1022/1013/991
f 1024/1014/992 1022/1013/991 1021/1012/990
f 1023/1015/993 1025/1016/994 1026/1017/995
f 1027/1018/996 1021/1012/990 1016/1007/985
f 1027/1019/996 1029/1020/997 1028/1021/998
f 1027/1019/996 1011/1003/982 1030/1022/999
f 1014/1023/1000 1027/1018/996 1016/1007/985
f 1011/1003/982 1031/1024/1001 1030/1022/999
f 1012/1025/1002 1032/1026/1003 1031/1024/1001
f 1033/1027/1004 1034/1028/1005 1032/1026/1003
f 1035/1029/1006 1036/1030/1007 1034/1028/1005
f 1037/1031/1008 1038/1032/1009 1036/1030/1007
f 1039/1033/1010 620/1034/1011 1038/1032/1009
f 617/613/606 1006/998/977 616/612/605
f 1039/1033/1010 1005/999/978 1006/998/977
f 1037/1031/1008 1003/996/975 1005/999/978
f 1035/1029/1006 1004/997/976 1003/996/975
f 1012/1025/1002 1004/997/976 1033/1027/1004
f 1007/1035/1012 1012/1025/1002 1008/1000/979
f 1028/1036/998 1024/1014/992 1021/1012/990
f 1028/1021/998 1041/1037/1013 1040/1038/1014
f 1042/1039/1015 1036/1030/1007 1038/1032/1009
f 1036/1030/1007 1044/1040/1016 1034/1028/1005
f 1045/1041/1017 1034/1028/1005 1044/1040/1016
f 1045/1041/1017 1031/1024/1001 1032/1026/1003
f 1046/1042/1018 1030/1022/999 1031/1024/1001
f 1029/1020/997 1047/1043/1019 1041/1037/1013
f 1046/1042/1018 1048/1044/1020 1047/1043/1019
f 1048/1044/1020 1044/1040/1016 1049/1045/1021
f 1044/1040/1016 1043/1046/1022 1049/1045/1021
f 1042/1039/1015 1038/1032/1009 620/1034/1011
f 1015/1008/986 1050/1047/1023 1051/1048/1024
f 1051/1048/1024 1013/1006/984 1015/1008/986
f 1013/1005/984 1010/1002/981 1009/1004/983
f 1019/1011/989 1050/1047/1023 1017/1009/987
f 1053/1049/1025 1055/1050/1026 1054/1051/1027
f 1054/1051/1027 1056/1052/1028 1053/1049/1025
f 1059/1053/1029 1054/1051/1027 1055/1050/1026
f 1058/1054/1030 1057/1055/1031 1054/1051/1027
f 1060/1056/1032 1062/1057/372 1057/1058/1031
f 1057/1058/1031 1062/1057/372 1056/1059/1028
f 610/606/599 1064/1060/1033 611/1061/1034
f 1063/1062/1035 1066/1063/1036 1064/1060/1033
f 1065/1064/1037 1068/1065/1038 1066/1063/1036
f 1069/1066/1039 1068/1067/1038 1067/1068/1040
f 1070/1069/1041 1071/1070/1042 1072/1071/1043
f 1073/1072/1044 1072/1071/1043 1071/1070/1042
f 1074/1073/1045 1075/1074/1046 1076/1075/1047
f 1075/1074/1046 1078/1076/1048 1076/1075/1047
f 1079/1077/1049 1081/1078/1050 1080/1079/1051
f 1082/1080/1052 1083/1081/1053 1081/1078/1050
f 1080/1079/1051 1091/1082/1054 1079/1077/1049
f 1087/1083/1055 1086/1084/1056 1085/1085/1057
f 2498/1086/1058 1089/1087/1059 1090/1088/1060
f 1091/1082/1054 1085/1085/1057 1086/1084/1056
f 1094/1089/1061 1092/1090/1062 1080/1079/1051
f 1080/1079/1051 1095/1091/1063 1094/1089/1061
f 1081/1078/1050 1096/1092/1064 1095/1091/1063
f 1092/1090/1062 1097/1093/1065 1085/1085/1057
f 1098/1094/1066 1085/1085/1057 1097/1093/1065
f 2497/1095/1067 1099/1096/1068 1089/1087/1059
f 2496/1097/1069 1100/1098/1070 1099/1096/1068
f 1098/1094/1066 1102/1099/1071 1101/1100/1072
f 1104/1101/1073 1102/1099/1071 1097/1093/1065
f 1104/1101/1073 1105/1102/1074 1103/1103/1075
f 1108/1104/1076 1105/1102/1074 1106/1105/1077
f 1108/1104/1076 1109/1106/1078 1110/1107/1079
f 1109/1106/1078 1112/1108/1080 1110/1107/1079
f 1111/1109/1081 1114/1110/1082 1112/1108/1080
f 1111/1109/1081 1094/1089/1061 1095/1091/1063
f 1094/1089/1061 1106/1105/1077 1093/1111/1083
f 1095/1091/1063 1113/1112/1084 1111/1109/1081
f 1106/1105/1077 1104/1101/1073 1093/1111/1083
f 1093/1111/1083 1104/1101/1073 1097/1093/1065
f 788/785/773 1115/1113/1085 830/1114/808
f 830/1114/808 1116/1115/1086 835/1116/811
f 1117/1117/1087 835/1116/811 1116/1115/1086
f 836/1118/804 1118/1119/1088 827/1120/830
f 856/1121/832 827/1120/830 1121/1122/1089
f 856/1121/832 1120/1123/1090 858/1124/839
f 1118/1119/1088 1121/1122/1089 827/1120/830
f 1119/1125/1091 1120/1123/1090 1121/1122/1089
f 1124/1126/1092 1122/1127/1093 1119/1125/1091
f 1124/1126/1092 1118/1119/1088 1125/1128/1094
f 1117/1117/1087 1125/1128/1094 1118/1119/1088
f 1126/1129/1095 1116/1115/1086 1127/1130/1096
f 1115/1113/1085 1127/1130/1096 1116/1115/1086
f 1115/1113/1085 869/1131/1097 1128/1132/1098
f 1125/1128/1094 1130/1133/1099 1124/1126/1092
f 1125/1128/1094 1131/1134/1100 1129/1135/1101
f 1126/1129/1095 1132/1136/1102 1131/1134/1100
f 1127/1130/1096 1133/1137/1103 1132/1136/1102
f 1128/1132/1098 869/1131/1097 1133/1137/1103
f 1133/1137/1103 1134/1138/1104 1135/1139/1105
f 1135/1139/1105 1132/1136/1102 1133/1137/1103
f 1132/1136/1102 1137/1140/1106 1131/1134/1100
f 1137/1140/1106 1129/1135/1101 1131/1134/1100
f 1138/1141/1107 1130/1133/1099 1129/1135/1101
f 1139/1142/1108 1141/1143/1109 1130/1133/1099
f 1141/1143/1109 1124/1126/1092 1130/1133/1099
f 480/861/845 1134/1138/1104 869/1131/1097
f 480/861/845 1143/1144/1110 1142/1145/1111
f 478/471/469 1143/1144/1110 479/472/470
f 1144/1146/1112 489/508/506 1145/1147/1113
f 1143/1144/1110 1146/1148/1114 1142/1145/1111
f 1146/1148/1114 1144/1146/1112 1147/1149/1115
f 1145/1147/1113 1147/1149/1115 1144/1146/1112
f 482/468/466 477/1150/1116 476/469/467
f 798/1151/1117 477/1152/1116 792/787/476
f 798/1151/1117 1150/1153/1118 1149/1154/1119
f 890/884/868 1150/1153/1118 888/883/867
f 888/883/867 1150/1153/1118 795/792/778
f 496/488/486 477/1150/1116 1152/1155/1120
f 1153/1156/1121 1152/1157/1120 1156/1158/1122
f 496/488/486 1154/1159/1123 497/489/487
f 931/921/905 1151/1160/1124 1150/1153/1118
f 1153/1156/1121 929/922/906 1155/1161/1125
f 477/1152/1116 1156/1158/1122 1152/1157/1120
f 1151/1160/1124 1153/1156/1121 1156/1158/1122
f 1151/1160/1124 1149/1154/1119 1150/1153/1118
f 929/922/906 923/914/898 1155/1161/1125
f 923/914/898 929/922/906 924/915/899
f 1176/1162/1126 1170/1163/1127 1169/1164/1128
f 1174/1165/1129 1172/1166/1130 1171/1167/1131
f 1175/1168/1132 1171/1167/1131 1170/1163/1127
f 1177/1169/1133 1169/1164/1128 1168/1170/1134
f 1164/1171/1135 866/1172/843 1160/1173/1136
f 1167/1174/1137 735/723/716 736/724/717
f 867/1175/1138 1167/1176/1137 868/1177/844
f 868/860/844 736/724/717 745/772/761
f 745/772/761 736/724/717 737/726/719
f 1160/1173/1136 865/1178/1139 1166/1179/1140
f 1778/1180/1141 1712/1181/1142 1717/1182/1143
f 863/1183/1144 1756/1184/1145 1757/1185/1146
f 1168/1170/1134 1166/1179/1140 1157/1186/1147
f 1166/1179/1140 1170/1163/1127 1160/1173/1136
f 1171/1167/1131 1160/1173/1136 1170/1163/1127
f 1816/1187/1148 1749/1188/1149 1817/1189/1150
f 1282/1190/1151 1183/1191/1152 1182/1192/1153
f 1281/1193/1154 1182/1192/1153 1181/1194/1155
f 1199/1195/1156 1202/1196/1157 1281/1193/1154
f 1197/1197/1158 1204/1198/1159 1198/1199/1160
f 1748/1200/1161 1161/1201/1162 1759/1202/1163
f 1747/1203/1164 1815/1204/1165 1748/1200/1161
f 1172/1205/1130 762/753/742 735/723/716
f 1215/1206/1166 1205/1207/1167 1197/1197/1158
f 1179/1208/1168 1176/1162/1126 1177/1169/1133
f 1180/1209/1169 1175/1168/1132 1176/1162/1126
f 1182/1192/1153 1175/1168/1132 1181/1194/1155
f 1183/1191/1152 1174/1165/1129 1182/1192/1153
f 1208/1210/1170 1184/1211/1171 1178/1212/1172
f 1178/1212/1172 1221/1213/1173 1158/1214/1174
f 1178/1212/1172 1223/1215/1175 1222/1216/1176
f 1158/1214/1174 1220/1217/1177 1165/1218/1178
f 1264/1219/1179 1252/1220/1180 1251/1221/1181
f 1263/1222/1182 1253/1223/1183 1252/1220/1180
f 1196/1224/1184 1218/1225/1185 1159/1226/1186
f 1264/1219/1179 1250/1227/1187 1265/1228/1188
f 1265/1228/1188 1249/1229/1189 1266/1230/1190
f 1165/1218/1178 1219/1231/1191 1196/1224/1184
f 1198/1199/1160 1203/1232/1192 1199/1195/1156
f 1197/1197/1158 1180/1209/1169 1179/1208/1168
f 1180/1209/1169 1199/1195/1156 1181/1194/1155
f 1162/1233/1193 1213/1234/1194 1163/1235/1195
f 1163/1235/1195 1212/1236/1196 1159/1226/1186
f 1211/1237/1197 1159/1226/1186 1212/1236/1196
f 1210/1238/1198 1196/1224/1184 1211/1237/1197
f 1209/1239/1199 1165/1218/1178 1210/1238/1198
f 1208/1210/1170 1158/1214/1174 1209/1239/1199
f 1216/1240/1200 1215/1206/1166 1179/1208/1168
f 1206/1241/1201 1209/1239/1199 1205/1207/1167
f 1205/1207/1167 1210/1238/1198 1204/1198/1159
f 1204/1198/1159 1211/1237/1197 1203/1232/1192
f 1202/1196/1157 1211/1237/1197 1212/1236/1196
f 1213/1234/1194 1202/1196/1157 1212/1236/1196
f 1213/1234/1194 1200/1242/1202 1201/1243/1203
f 1179/1208/1168 1215/1206/1166 1197/1197/1158
f 1206/1241/1201 1216/1240/1200 1217/1244/1204
f 1206/1241/1201 1207/1245/1205 1208/1210/1170
f 1228/1246/1206 1192/1247/1207 1229/1248/1208
f 1227/1249/1209 1195/1250/1210 1228/1246/1206
f 1185/1251/1211 1227/1249/1209 1226/1252/1212
f 1225/1253/1213 1185/1251/1211 1226/1252/1212
f 1225/1253/1213 1187/1254/1214 1186/1255/1215
f 1222/1216/1176 1224/1256/1216 1225/1253/1213
f 1222/1216/1176 1226/1252/1212 1221/1213/1173
f 1221/1213/1173 1227/1249/1209 1220/1217/1177
f 1220/1217/1177 1228/1246/1206 1219/1231/1191
f 1219/1231/1191 1229/1248/1208 1218/1225/1185
f 1248/1257/1217 1266/1230/1190 1249/1229/1189
f 1267/1258/1218 1247/1259/1219 1268/1260/1220
f 1246/1261/1221 1268/1260/1220 1247/1259/1219
f 1234/1262/1222 1230/1263/1223 1236/1264/1224
f 1189/1265/1225 1275/1266/1226 1194/1267/1227
f 1244/1268/1228 1163/1235/1195 1245/1269/1229
f 1244/1268/1228 1238/1270/1230 1162/1233/1193
f 1239/1271/1231 1162/1233/1193 1238/1270/1230
f 1232/1272/1232 1240/1273/1233 1241/1274/1234
f 1232/1272/1232 1242/1275/1235 1231/1276/1236
f 1244/1268/1228 1240/1273/1233 1243/1277/1237
f 1241/1274/1234 1245/1269/1229 1242/1275/1235
f 1233/1278/1238 1261/1279/1239 1260/1280/1240
f 1259/1281/1241 1233/1278/1238 1260/1280/1240
f 1230/1263/1223 1258/1282/1242 1193/1283/1243
f 1257/1284/1244 1193/1283/1243 1258/1282/1242
f 1256/1285/1245 1194/1267/1227 1257/1284/1244
f 1256/1285/1245 1190/1286/1246 1189/1265/1225
f 1255/1287/1247 1191/1288/1248 1190/1286/1246
f 1252/1220/1180 1254/1289/1249 1255/1287/1247
f 1251/1221/1181 1255/1287/1247 1256/1285/1245
f 1251/1221/1181 1257/1284/1244 1250/1227/1187
f 1250/1227/1187 1258/1282/1242 1249/1229/1189
f 1259/1281/1241 1249/1229/1189 1258/1282/1242
f 1248/1257/1217 1260/1280/1240 1247/1259/1219
f 1260/1280/1240 1246/1261/1221 1247/1259/1219
f 1185/1251/1211 1262/1290/1250 1263/1222/1182
f 1188/1291/1251 1263/1222/1182 1264/1219/1179
f 1188/1291/1251 1265/1228/1188 1195/1250/1210
f 1195/1250/1210 1266/1230/1190 1192/1247/1207
f 1267/1258/1218 1192/1247/1207 1266/1230/1190
f 1231/1276/1236 1268/1260/1220 1232/1272/1232
f 1268/1260/1220 1235/1292/1252 1232/1272/1232
f 1159/1226/1186 1245/1269/1229 1163/1235/1195
f 1242/1275/1235 1218/1225/1185 1229/1248/1208
f 1229/1248/1208 1231/1276/1236 1242/1275/1235
f 1296/1293/1253 1237/1294/1254 1294/1295/1255
f 1272/1296/1256 1274/1297/1257 1291/1298/1258
f 1308/1299/1259 1194/1267/1227 1275/1266/1226
f 1277/1300/1260 1278/1301/1261 1276/1302/1262
f 1385/1303/1263 1546/1304/1264 1280/1305/1265
f 1271/1306/1266 1279/1307/1267 1277/1300/1260
f 1657/1308/1268 1668/1309/1269 1688/1310/1270
f 1201/1243/1203 1281/1193/1154 1202/1196/1157
f 1200/1242/1202 1282/1190/1151 1201/1243/1203
f 1181/1194/1155 1199/1195/1156 1281/1193/1154
f 1283/1311/1271 1284/1312/1272 1285/1313/1273
f 1285/1313/1273 1183/1191/1152 1283/1311/1271
f 1183/1191/1152 1286/1314/1274 1173/1315/1275
f 1286/1316/1274 1287/1317/1276 1288/1318/1277
f 760/754/743 1286/1316/1274 1288/1318/1277
f 1173/1319/1275 760/754/743 762/753/742
f 1285/1320/1273 1289/1321/1278 1287/1317/1276
f 1302/1322/1279 1296/1293/1253 1301/1323/1280
f 1325/1324/1281 1334/1325/1282 1333/1326/1283
f 1294/1295/1255 1301/1323/1280 1296/1293/1253
f 1193/1283/1243 1236/1264/1224 1230/1263/1223
f 1308/1299/1259 1294/1295/1255 1237/1294/1254
f 1292/1327/1284 1236/1264/1224 1296/1293/1253
f 1305/1328/1285 1297/1329/1286 1306/1330/1287
f 1304/1331/1288 1298/1332/1289 1305/1328/1285
f 1299/1333/1290 1294/1295/1255 1298/1332/1289
f 1300/1334/1291 1301/1323/1280 1299/1333/1290
f 1303/1335/1292 1299/1333/1290 1304/1331/1288
f 1318/1336/1293 1304/1331/1288 1317/1337/1294
f 1317/1337/1294 1305/1328/1285 1316/1338/1295
f 1316/1338/1295 1306/1330/1287 1315/1339/1296
f 1237/1294/1254 1193/1283/1243 1308/1299/1259
f 1307/1340/1297 1291/1298/1258 1309/1341/1298
f 1309/1341/1298 1312/1342/1299 1307/1340/1297
f 1311/1343/1300 1313/1344/1301 1312/1342/1299
f 1295/1345/1302 1318/1336/1293 1317/1337/1294
f 1317/1337/1294 1319/1346/1303 1295/1345/1302
f 1319/1346/1303 1315/1339/1296 1320/1347/1304
f 1324/1348/1305 1295/1345/1302 1319/1346/1303
f 1324/1348/1305 1320/1347/1304 1323/1349/1306
f 1315/1339/1296 1307/1340/1297 1312/1342/1299
f 1320/1347/1304 1312/1342/1299 1313/1344/1301
f 1313/1344/1301 1321/1350/1307 1322/1351/1308
f 1358/1352/1309 1293/1353/1310 1290/1354/1311
f 1320/1347/1304 1322/1351/1308 1323/1349/1306
f 1274/1297/1257 1277/1300/1260 1291/1298/1258
f 1270/1355/1312 1298/1332/1289 1294/1295/1255
f 1272/1296/1256 1306/1330/1287 1297/1329/1286
f 1332/1356/1313 1330/1357/1314 1327/1358/1315
f 1336/1359/1316 1331/1360/1317 1332/1356/1313
f 1327/1358/1315 1333/1326/1283 1332/1356/1313
f 1333/1326/1283 1338/1361/1318 1337/1362/1319
f 1340/1363/1320 1335/1364/1321 1336/1359/1316
f 1337/1362/1319 1332/1356/1313 1333/1326/1283
f 1337/1362/1319 1342/1365/1322 1341/1366/1323
f 1344/1367/1324 1339/1368/1325 1340/1363/1320
f 1336/1359/1316 1341/1366/1323 1340/1363/1320
f 1341/1366/1323 1346/1369/1326 1345/1370/1327
f 1348/1371/1328 1343/1372/1329 1344/1367/1324
f 1340/1363/1320 1345/1370/1327 1344/1367/1324
f 1345/1370/1327 1350/1373/1330 1349/1374/1331
f 1352/1375/1332 1347/1376/1333 1348/1371/1328
f 1349/1374/1331 1344/1367/1324 1345/1370/1327
f 1328/1377/1334 1351/1378/1335 1352/1375/1332
f 1353/1379/1336 1348/1371/1328 1349/1374/1331
f 1349/1374/1331 1354/1380/1337 1353/1379/1336
f 1326/1381/1338 1240/1273/1233 1334/1325/1282
f 1235/1292/1252 1334/1325/1282 1240/1273/1233
f 1338/1361/1318 1269/1382/1339 1342/1365/1322
f 1246/1261/1221 1342/1365/1322 1269/1382/1339
f 1346/1369/1326 1261/1279/1239 1350/1373/1330
f 1234/1262/1222 1350/1373/1330 1261/1279/1239
f 1302/1322/1279 1353/1379/1336 1354/1380/1337
f 1310/1383/1340 1352/1375/1332 1353/1379/1336
f 1300/1334/1291 1310/1383/1340 1302/1322/1279
f 1295/1345/1302 1356/1384/1341 1357/1385/1342
f 1356/1384/1341 1359/1386/1343 1357/1385/1342
f 1358/1352/1309 1360/1387/1344 1359/1386/1343
f 1361/1388/1345 1363/1389/1346 1360/1387/1344
f 1362/1390/1347 1365/1391/1348 1363/1389/1346
f 1364/1392/1349 1367/1393/1350 1365/1391/1348
f 1368/1394/1351 1363/1389/1346 1365/1391/1348
f 1369/1395/1352 1370/1396/1353 1371/1397/1354
f 1372/1398/1355 1371/1397/1354 1370/1396/1353
f 1373/1399/1356 1329/1400/1357 1328/1377/1334
f 1279/1307/1267 1374/1401/1358 1278/1301/1261
f 1375/1402/1359 1376/1403/1360 1374/1401/1358
f 1377/1404/1361 1378/1405/1362 1376/1403/1360
f 1378/1405/1362 1381/1406/1363 1380/1407/1364
f 1381/1408/1363 1382/1409/1365 1380/1410/1364
f 1383/1411/1366 1372/1398/1355 1382/1409/1365
f 1370/1396/1353 1382/1409/1365 1372/1398/1355
f 1384/1412/1367 1380/1410/1364 1382/1409/1365
f 1385/1413/1263 1378/1405/1362 1380/1407/1364
f 1386/1414/1368 1376/1403/1360 1378/1405/1362
f 1387/1415/1369 1374/1401/1358 1376/1403/1360
f 1388/1416/1370 1278/1301/1261 1374/1401/1358
f 1389/1417/1371 1276/1302/1262 1278/1301/1261
f 1357/1385/1342 1392/1418/1372 1391/1419/1373
f 1394/1420/1374 1391/1419/1373 1392/1418/1372
f 1393/1421/1375 1373/1399/1356 1355/1422/1376
f 1328/1377/1334 1355/1422/1376 1373/1399/1356
f 1392/1418/1372 1371/1397/1354 1394/1420/1374
f 1371/1397/1354 1373/1399/1356 1394/1420/1374
f 1391/1419/1373 1303/1335/1292 1318/1336/1293
f 1300/1334/1291 1393/1421/1375 1355/1422/1376
f 1318/1336/1293 1357/1385/1342 1391/1419/1373
f 1354/1380/1337 1234/1262/1222 1292/1327/1284
f 1292/1327/1284 1302/1322/1279 1354/1380/1337
f 1396/1423/1377 1290/1354/1311 1293/1353/1310
f 1395/1424/1378 1397/1425/1379 1410/1426/1380
f 1361/1388/1345 1290/1354/1311 1398/1427/1381
f 1361/1388/1345 1398/1427/1381 1468/1428/1382
f 1360/1387/1344 1363/1389/1346 1369/1395/1352
f 1359/1386/1343 1369/1395/1352 1392/1418/1372
f 1401/1429/1383 1397/1425/1379 1395/1424/1378
f 1397/1425/1379 1403/1430/1384 1402/1431/1385
f 1400/1432/1386 1404/1433/1387 1403/1430/1384
f 1405/1434/1388 1406/1435/1389 1404/1433/1387
f 1407/1436/1390 1409/1437/1391 1408/1438/1392
f 1290/1354/1311 1410/1426/1380 1398/1427/1381
f 1407/1436/1390 1412/1439/1393 1411/1440/1394
f 1405/1434/1388 1401/1429/1383 1412/1439/1393
f 1411/1440/1394 1414/1441/1395 1413/1442/1396
f 1412/1439/1393 1415/1443/1397 1414/1441/1395
f 1401/1429/1383 1416/1444/1398 1415/1443/1397
f 1401/1429/1383 1395/1424/1378 1396/1423/1377
f 1396/1423/1377 1417/1445/1399 1416/1444/1398
f 1417/1445/1399 1356/1384/1341 1324/1348/1305
f 1418/1446/1400 1322/1351/1308 1321/1350/1307
f 1419/1447/1401 1420/1448/1402 1421/1449/1403
f 1422/1450/1404 1421/1449/1403 1420/1448/1402
f 1422/1450/1404 1413/1442/1396 1414/1441/1395
f 1419/1447/1401 1323/1349/1306 1322/1351/1308
f 1417/1445/1399 1323/1349/1306 1424/1451/1405
f 1416/1444/1398 1417/1445/1399 1424/1451/1405
f 1419/1447/1401 1416/1444/1398 1424/1451/1405
f 1421/1449/1403 1415/1443/1397 1416/1444/1398
f 1426/1452/1406 1408/1438/1392 1560/1453/1407
f 1560/1453/1407 1427/1454/1408 1561/1455/1409
f 1409/1437/1391 1413/1442/1396 1427/1454/1408
f 1429/1456/1410 1431/1457/1411 1432/1458/1412
f 1407/1436/1390 1408/1438/1392 1406/1435/1389
f 1406/1435/1389 1425/1459/1413 1429/1456/1410
f 1430/1460/1414 1406/1435/1389 1429/1456/1410
f 1430/1460/1414 1403/1430/1384 1404/1433/1387
f 1433/1461/1415 1402/1431/1385 1403/1430/1384
f 1435/1462/1416 1432/1458/1412 1431/1457/1411
f 1436/1463/1417 1435/1462/1416 1579/1464/1418
f 1439/1465/1419 1436/1463/1417 1437/1466/1420
f 1439/1465/1419 1442/1467/1421 1440/1468/1422
f 1443/1469/1423 1440/1468/1422 1442/1467/1421
f 1444/1470/1424 1436/1463/1417 1440/1468/1422
f 1444/1470/1424 1434/1471/1425 1433/1461/1415
f 1430/1460/1414 1444/1470/1424 1433/1461/1415
f 1432/1458/1412 1430/1460/1414 1429/1456/1410
f 1442/1467/1421 1446/1472/1426 1443/1469/1423
f 1445/1473/1427 1448/1474/1428 1446/1472/1426
f 1448/1474/1428 1449/1475/1429 1450/1476/1430
f 1447/1477/1431 1452/1478/1432 1451/1479/1433
f 1453/1480/1434 1447/1477/1431 1451/1479/1433
f 1441/1481/1435 1452/1478/1432 1442/1467/1421
f 1442/1467/1421 1452/1478/1432 1445/1473/1427
f 1452/1478/1432 1455/1482/1436 1451/1479/1433
f 1455/1482/1436 1456/1483/1437 1451/1479/1433
f 1456/1483/1437 1459/1484/1438 1458/1485/1439
f 1456/1483/1437 1453/1480/1434 1451/1479/1433
f 1449/1475/1429 1462/1486/1440 1461/1487/1441
f 1464/1488/1442 1461/1487/1441 1462/1486/1440
f 1463/1489/1443 1366/1490/1444 1364/1392/1349
f 1399/1491/1445 1364/1392/1349 1362/1390/1347
f 1463/1489/1443 1465/1492/1446 1461/1487/1441
f 1450/1476/1430 1461/1487/1441 1465/1492/1446
f 1466/1493/1447 1397/1425/1379 1402/1431/1385
f 1474/1494/1448 1484/1495/1449 1472/1496/1450
f 1466/1493/1447 1399/1491/1445 1468/1428/1382
f 1465/1492/1446 1467/1497/1451 1450/1476/1430
f 1402/1431/1385 1467/1497/1451 1466/1493/1447
f 1467/1497/1451 1443/1469/1423 1446/1472/1426
f 1467/1497/1451 1448/1474/1428 1450/1476/1430
f 1469/1498/1452 1485/1499/1453 1474/1494/1448
f 1362/1390/1347 1468/1428/1382 1399/1491/1445
f 1468/1428/1382 1410/1426/1380 1466/1493/1447
f 1476/1500/1454 1471/1501/1455 1475/1502/1456
f 1477/1503/1457 1473/1504/1458 1476/1500/1454
f 1476/1500/1454 1478/1505/1459 1479/1506/1460
f 1480/1507/1461 1476/1500/1454 1479/1506/1460
f 1479/1506/1460 1481/1508/1462 1482/1509/1463
f 1483/1510/1464 1479/1506/1460 1482/1509/1463
f 1482/1509/1463 1484/1495/1449 1485/1499/1453
f 1486/1511/1465 1482/1509/1463 1485/1499/1453
f 1483/1510/1464 1487/1512/1466 1480/1507/1461
f 1487/1512/1466 1488/1513/1467 1531/1514/1468
f 1532/1515/1469 1477/1503/1457 1531/1514/1468
f 1532/1515/1469 1489/1516/1470 1533/1517/1471
f 1533/1517/1471 1491/1518/1472 1490/1519/1473
f 1534/1520/1474 1492/1521/1475 1494/1522/1476
f 1494/1522/1476 2004/1523/1477 1496/1524/1478
f 1490/1519/1473 1498/1525/1479 1470/1526/1480
f 1497/1527/1481 1500/1528/1482 1498/1525/1479
f 1513/1529/1483 1502/1530/1484 1514/1531/1485
f 1501/1532/1486 1504/1533/1487 1502/1530/1484
f 1503/1534/1488 1506/1535/1489 1504/1533/1487
f 1511/1536/1490 1508/1537/1491 1512/1538/1492
f 1507/1539/1493 1510/1540/1494 1508/1537/1491
f 1505/1541/1495 1512/1538/1492 1506/1535/1489
f 1499/1542/1496 1514/1531/1485 1500/1528/1482
f 1501/1532/1486 1516/1543/1497 1503/1534/1488
f 1516/1543/1497 1505/1541/1495 1503/1534/1488
f 1515/1544/1498 1513/1529/1483 1518/1545/1499
f 1519/1546/1500 1491/1518/1472 1493/1547/1501
f 1497/1527/1481 1521/1548/1502 1522/1549/1503
f 1522/1549/1503 1499/1542/1496 1497/1527/1481
f 1499/1542/1496 1518/1545/1499 1513/1529/1483
f 1491/1518/1472 1521/1548/1502 1490/1519/1473
f 1524/1550/1504 1483/1510/1464 1486/1511/1465
f 1488/1513/1467 1525/1551/1505 1489/1516/1470
f 1526/1552/1506 1527/1553/1507 1525/1551/1505
f 1528/1554/1508 1530/1555/1509 1529/1556/1510
f 1526/1552/1506 1487/1512/1466 1530/1555/1509
f 1480/1507/1461 1531/1514/1468 1477/1503/1457
f 1489/1516/1470 1531/1514/1468 1488/1513/1467
f 1532/1515/1469 1490/1519/1473 1470/1526/1480
f 1489/1516/1470 1534/1520/1474 1533/1517/1471
f 1534/1520/1474 1493/1547/1501 1491/1518/1472
f 1536/1557/1511 1529/1556/1510 1530/1555/1509
f 1535/1558/1512 1538/1559/1513 1537/1560/1514
f 1538/1559/1513 1539/1561/1515 1537/1560/1514
f 1469/1498/1452 1538/1559/1513 1486/1511/1465
f 1486/1511/1465 1536/1557/1511 1524/1550/1504
f 1530/1555/1509 1524/1550/1504 1536/1557/1511
f 1541/1562/1516 1390/1563/1517 1389/1417/1371
f 1540/1564/1518 1543/1565/1519 1542/1566/1520
f 1545/1567/1521 1542/1566/1520 1543/1565/1519
f 1546/1304/1264 1547/1568/1522 1280/1305/1265
f 1546/1304/1264 1365/1391/1348 1367/1393/1350
f 1368/1394/1351 1384/1412/1367 1370/1396/1353
f 1389/1417/1371 1548/1569/1523 1541/1562/1516
f 1549/1570/1524 1541/1562/1516 1548/1569/1523
f 1548/1569/1523 1550/1571/1525 1549/1570/1524
f 1552/1572/1526 1549/1570/1524 1550/1571/1525
f 1552/1572/1526 1555/1573/1527 1553/1574/1528
f 1549/1570/1524 1545/1567/1521 1543/1565/1519
f 1553/1574/1528 1556/1575/1529 1545/1567/1521
f 1540/1564/1518 1311/1343/1300 1390/1563/1517
f 1309/1341/1298 1390/1563/1517 1311/1343/1300
f 1271/1306/1266 1189/1265/1225 1190/1286/1246
f 1542/1566/1520 1314/1576/1530 1540/1564/1518
f 1418/1446/1400 1556/1575/1529 1420/1448/1402
f 1542/1566/1520 1418/1446/1400 1321/1350/1307
f 1554/1577/1531 1557/1578/1532 1555/1573/1527
f 1555/1573/1527 1423/1579/1533 1556/1575/1529
f 1422/1450/1404 1556/1575/1529 1423/1579/1533
f 1428/1580/1534 1558/1581/1535 1426/1452/1406
f 1558/1581/1535 1425/1459/1413 1426/1452/1406
f 1435/1462/1416 1558/1581/1535 1559/1582/1536
f 1409/1437/1391 1560/1453/1407 1408/1438/1392
f 1560/1453/1407 1428/1580/1534 1426/1452/1406
f 1427/1454/1408 1413/1442/1396 1562/1583/1537
f 1563/1584/1538 1427/1454/1408 1562/1583/1537
f 1561/1455/1409 1564/1585/1539 1428/1580/1534
f 1565/1586/1540 1428/1580/1534 1564/1585/1539
f 1437/1466/1420 1579/1464/1418 1438/1587/1541
f 1566/1588/1542 1579/1464/1418 1565/1586/1540
f 1554/1577/1531 1567/1589/1543 1544/1590/1544
f 1570/1591/1545 1544/1590/1544 1567/1589/1543
f 1569/1592/1546 1572/1593/1547 1571/1594/1548
f 1572/1593/1547 1573/1595/1549 1571/1594/1548
f 1574/1596/1550 1575/1597/1551 1573/1595/1549
f 1577/1598/1552 1575/1597/1551 1576/1599/1553
f 1578/1600/1554 1577/1598/1552 1566/1588/1542
f 1571/1594/1548 1562/1583/1537 1569/1592/1546
f 1564/1585/1539 1578/1600/1554 1565/1586/1540
f 1566/1588/1542 1565/1586/1540 1578/1600/1554
f 1573/1595/1549 1564/1585/1539 1563/1584/1538
f 1571/1594/1548 1573/1595/1549 1563/1584/1538
f 1544/1590/1544 1562/1583/1537 1557/1578/1532
f 1559/1582/1536 1579/1464/1418 1435/1462/1416
f 1413/1442/1396 1423/1579/1533 1557/1578/1532
f 1562/1583/1537 1413/1442/1396 1557/1578/1532
f 1367/1393/1350 1580/1601/1555 1547/1568/1522
f 1366/1490/1444 1581/1602/1556 1580/1601/1555
f 1464/1488/1442 1582/1603/1557 1581/1602/1556
f 1583/1604/1558 1584/1605/1559 1582/1603/1557
f 1460/1606/1560 1458/1485/1439 1584/1605/1559
f 1464/1488/1442 1462/1486/1440 1583/1604/1558
f 1462/1486/1440 1460/1606/1560 1583/1604/1558
f 1582/1603/1557 1585/1607/1561 1586/1608/1562
f 1587/1609/1563 1586/1610/1562 1585/1611/1561
f 1588/1612/1564 1589/1613/1565 1590/1614/1566
f 1610/1615/1567 1570/1591/1545 1567/1589/1543
f 1280/1616/1265 1386/1414/1368 1385/1413/1263
f 1592/1617/1568 1593/1618/1569 1594/1619/1570
f 1595/1620/1571 1594/1619/1570 1593/1618/1569
f 1596/1621/1572 1597/1622/1573 1598/1623/1574
f 1597/1622/1573 1588/1612/1564 1598/1623/1574
f 1590/1614/1566 1598/1623/1574 1588/1612/1564
f 1599/1624/1575 1596/1621/1572 1598/1623/1574
f 1601/1625/1576 1596/1621/1572 1600/1626/1577
f 1594/1619/1570 1602/1627/1578 1592/1617/1568
f 1387/1415/1369 1592/1617/1568 1602/1627/1578
f 1590/1614/1566 1568/1628/1579 1599/1624/1575
f 1601/1625/1576 1551/1629/1580 1602/1627/1578
f 1550/1571/1525 1600/1626/1577 1552/1572/1526
f 1568/1628/1579 1600/1626/1577 1599/1624/1575
f 1552/1572/1526 1568/1628/1579 1554/1577/1531
f 1551/1629/1580 1387/1415/1369 1602/1627/1578
f 1388/1416/1370 1551/1629/1580 1548/1569/1523
f 1586/1608/1562 1581/1602/1556 1582/1603/1557
f 1580/1601/1555 1597/1630/1573 1595/1631/1571
f 1595/1631/1571 1547/1568/1522 1580/1601/1555
f 1547/1568/1522 1593/1632/1569 1280/1305/1265
f 1585/1611/1561 1603/1633/1581 1587/1609/1563
f 1604/1634/1582 1603/1633/1581 1591/1635/1583
f 1604/1636/1582 1458/1485/1439 1459/1484/1438
f 1591/1637/1583 1584/1605/1559 1458/1485/1439
f 1587/1609/1563 1606/1638/1584 1589/1613/1565
f 1603/1633/1581 1607/1639/1585 1606/1638/1584
f 1608/1640/1586 1606/1638/1584 1607/1639/1585
f 1608/1640/1586 1576/1599/1553 1574/1596/1550
f 1609/1641/1587 1574/1596/1550 1572/1593/1547
f 1576/1599/1553 1611/1642/1588 1612/1643/1589
f 1609/1641/1587 1589/1613/1565 1606/1638/1584
f 1610/1615/1567 1590/1614/1566 1589/1613/1565
f 1572/1593/1547 1610/1615/1567 1609/1641/1587
f 1608/1640/1586 1613/1644/1590 1611/1642/1588
f 1607/1639/1585 1614/1645/1591 1613/1644/1590
f 1604/1634/1582 1614/1645/1591 1605/1646/1592
f 1604/1636/1582 1616/1647/1593 1615/1648/1594
f 1459/1484/1438 1617/1649/1595 1616/1647/1593
f 1617/1649/1595 1455/1482/1436 1618/1650/1596
f 1454/1651/1597 1618/1650/1596 1455/1482/1436
f 1454/1651/1597 1620/1652/1598 1619/1653/1599
f 1441/1481/1435 1621/1654/1600 1620/1652/1598
f 1439/1465/1419 1622/1655/1601 1621/1654/1600
f 1437/1466/1420 1623/1656/1602 1622/1655/1601
f 1623/1656/1602 1566/1588/1542 1624/1657/1603
f 1577/1598/1552 1624/1657/1603 1566/1588/1542
f 1625/1658/1604 1576/1599/1553 1612/1643/1589
f 1619/1659/1599 1627/1660/1605 1618/1661/1596
f 1628/1662/1606 1618/1661/1596 1627/1660/1605
f 1617/1663/1595 1629/1664/1607 1616/1665/1593
f 1630/1666/1608 1616/1665/1593 1629/1664/1607
f 1615/1667/1594 1631/1668/1609 1614/1669/1591
f 1631/1668/1609 1613/1670/1590 1614/1669/1591
f 1613/1670/1590 1633/1671/1610 1611/1672/1588
f 1634/1673/1611 1611/1672/1588 1633/1671/1610
f 1612/1674/1589 1635/1675/1612 1625/1676/1604
f 1635/1675/1612 1624/1677/1603 1625/1676/1604
f 1636/1678/1613 1623/1679/1602 1624/1677/1603
f 1620/1680/1598 1626/1681/1614 1619/1659/1599
f 1638/1682/1615 1621/1683/1600 1639/1684/1616
f 1622/1685/1601 1639/1684/1616 1621/1683/1600
f 1640/1686/1617 1623/1679/1602 1637/1687/1618
f 1191/1288/1248 1642/1688/1619 1641/1689/1620
f 1644/1690/1621 1641/1689/1620 1642/1688/1619
f 1643/1691/1622 1646/1692/1623 1645/1693/1624
f 1648/1694/1625 1645/1693/1624 1646/1692/1623
f 1647/1695/1626 1650/1696/1627 1649/1697/1628
f 1650/1696/1627 1347/1376/1333 1649/1697/1628
f 1655/1698/1629 1647/1695/1626 1649/1697/1628
f 1647/1699/1626 1653/1700/1630 1645/1693/1624
f 1652/1701/1631 1645/1693/1624 1653/1700/1630
f 1643/1691/1622 1651/1702/1632 1641/1689/1620
f 1651/1702/1632 1377/1404/1361 1375/1402/1359
f 1379/1703/1633 1652/1701/1631 1653/1700/1630
f 1654/1704/1634 1379/1703/1633 1653/1700/1630
f 1383/1411/1366 1654/1705/1634 1655/1698/1629
f 1351/1378/1335 1649/1697/1628 1347/1376/1333
f 1655/1698/1629 1329/1400/1357 1383/1411/1366
f 1651/1702/1632 1191/1288/1248 1641/1689/1620
f 1656/1706/1635 1375/1402/1359 1279/1307/1267
f 1642/1688/1619 1273/1707/1636 1644/1690/1621
f 1272/1296/1256 1270/1355/1312 1275/1266/1226
f 1470/1526/1480 1658/1708/1637 1473/1504/1458
f 1498/1525/1479 1659/1709/1638 1658/1708/1637
f 1500/1528/1482 1660/1710/1639 1659/1709/1638
f 1660/1710/1639 1502/1530/1484 1661/1711/1640
f 1502/1530/1484 1504/1533/1487 1661/1711/1640
f 1504/1533/1487 1662/1712/1641 1661/1711/1640
f 1664/1713/1642 1661/1711/1640 1662/1712/1641
f 1660/1710/1639 1665/1714/1643 1659/1709/1638
f 1666/1715/1644 1659/1709/1638 1665/1714/1643
f 1658/1708/1637 1471/1501/1455 1473/1504/1458
f 1308/1299/1259 1275/1266/1226 1270/1355/1312
f 1291/1298/1258 1276/1302/1262 1309/1341/1298
f 1656/1706/1635 1190/1286/1246 1191/1288/1248
f 1254/1289/1249 1667/1716/1645 1642/1688/1619
f 1253/1223/1183 1657/1308/1268 1667/1716/1645
f 1262/1290/1250 1669/1717/1646 1657/1308/1268
f 1186/1255/1215 1670/1718/1647 1669/1717/1646
f 1673/1719/1648 1669/1717/1646 1670/1718/1647
f 1657/1308/1268 1674/1720/1649 1668/1309/1269
f 1672/1721/1650 1675/1722/1651 1676/1723/1652
f 1677/1724/1653 1668/1309/1269 1674/1720/1649
f 1689/1725/1654 1273/1707/1636 1688/1310/1270
f 1679/1726/1655 1644/1690/1621 1273/1707/1636
f 1646/1692/1623 1680/1727/1656 1648/1694/1625
f 1681/1728/1657 1648/1729/1625 1680/1730/1656
f 1681/1728/1657 1343/1372/1329 1650/1696/1627
f 1339/1368/1325 1682/1731/1658 1335/1364/1321
f 1680/1730/1656 1682/1731/1658 1681/1728/1657
f 1683/1732/1659 1679/1726/1655 1689/1725/1654
f 1331/1360/1317 1685/1733/1660 1330/1357/1314
f 1684/1734/1661 1687/1735/1662 1685/1733/1660
f 1687/1736/1662 1678/1737/1663 1677/1724/1653
f 1682/1731/1658 1686/1738/1664 1684/1734/1661
f 1335/1364/1321 1684/1734/1661 1331/1360/1317
f 1674/1720/1649 1676/1723/1652 1677/1724/1653
f 1667/1716/1645 1688/1310/1270 1273/1707/1636
f 1678/1737/1663 1688/1310/1270 1668/1309/1269
f 1669/1717/1646 1672/1721/1650 1674/1720/1649
f 1686/1739/1664 1689/1725/1654 1678/1737/1663
f 1690/1740/1665 1677/1741/1653 1676/1742/1652
f 1691/1743/1666 1687/1744/1662 1677/1741/1653
f 1693/1745/1667 1687/1744/1662 1692/1746/1668
f 1685/1747/1660 1694/1748/1669 1330/1749/1314
f 1695/1750/1670 1330/1749/1314 1694/1748/1669
f 1690/1740/1665 1676/1742/1652 1675/1751/1651
f 1696/1752/1671 1690/1740/1665 1675/1751/1651
f 1708/1753/1672 1699/1754/1673 1709/1755/1674
f 1698/1756/1675 1701/1757/1676 1699/1754/1673
f 1711/1758/1677 1702/1759/1678 1703/1760/1679
f 1704/1761/1680 1703/1760/1679 1702/1759/1678
f 1705/1762/1681 1707/1763/1682 1706/1764/1683
f 1509/1765/1684 1709/1755/1674 1510/1540/1494
f 1700/1766/1685 1711/1758/1677 1701/1757/1676
f 1517/1767/1686 1511/1536/1490 1505/1541/1495
f 1712/1181/1142 1704/1761/1680 1714/1768/1687
f 1716/1769/1688 1704/1761/1680 1702/1759/1678
f 1718/1770/1689 1702/1759/1678 1710/1771/1690
f 1719/1772/1691 1710/1771/1690 1700/1766/1685
f 1720/1773/1692 1700/1766/1685 1698/1756/1675
f 1721/1774/1693 1698/1756/1675 1708/1753/1672
f 1722/1775/1694 1708/1753/1672 1509/1765/1684
f 1723/1776/1695 1509/1765/1684 1507/1539/1493
f 1724/1777/1696 1507/1539/1493 1511/1536/1490
f 1713/1778/1697 1714/1768/1687 1716/1769/1688
f 1715/1779/1698 1727/1780/1699 1726/1781/1700
f 1725/1782/1701 1715/1779/1698 1726/1781/1700
f 1717/1182/1143 1714/1768/1687 1715/1779/1698
f 1184/1211/1171 1726/1781/1700 1223/1215/1175
f 1726/1781/1700 1224/1256/1216 1223/1215/1175
f 1716/1769/1688 1728/1783/1702 1713/1778/1697
f 1718/1770/1689 1730/1784/1703 1728/1783/1702
f 1729/1785/1704 1732/1786/1705 1730/1784/1703
f 1733/1787/1706 1732/1786/1705 1731/1788/1707
f 1734/1789/1708 1735/1790/1709 1736/1791/1710
f 1735/1790/1709 1738/1792/1711 1736/1791/1710
f 1732/1786/1705 1739/1793/1712 1740/1794/1713
f 1740/1794/1713 1730/1784/1703 1732/1786/1705
f 1741/1795/1714 1728/1783/1702 1730/1784/1703
f 1713/1778/1697 1187/1254/1214 1727/1780/1699
f 1187/1254/1214 1224/1256/1216 1727/1780/1699
f 1186/1255/1215 1187/1254/1214 1671/1796/1715
f 1671/1796/1715 1187/1254/1214 1741/1795/1714
f 1670/1718/1647 1743/1797/1716 1673/1719/1648
f 1670/1718/1647 1744/1798/1717 1742/1799/1718
f 1741/1795/1714 1744/1798/1717 1671/1796/1715
f 1733/1787/1706 1720/1773/1692 1721/1774/1693
f 1735/1790/1709 1721/1774/1693 1722/1775/1694
f 1729/1785/1704 1720/1773/1692 1731/1788/1707
f 1719/1772/1691 1729/1785/1704 1718/1770/1689
f 1745/1800/1719 1747/1203/1164 1748/1200/1161
f 1746/1801/1720 1749/1188/1149 1747/1203/1164
f 1749/1188/1149 1751/1802/1721 1752/1803/1722
f 1751/1802/1721 1123/1804/1723 1752/1803/1722
f 1122/1127/1093 1753/1805/1724 1120/1123/1090
f 1751/1802/1721 1754/1806/1725 1753/1805/1724
f 1750/1807/1726 1755/1808/1727 1754/1806/1725
f 1746/1801/1720 1756/1184/1145 1755/1808/1727
f 1745/1800/1719 1757/1185/1146 1756/1184/1145
f 1748/1200/1161 1758/1809/1728 1745/1800/1719
f 1755/1808/1727 1761/1810/1729 1754/1806/1725
f 1762/1811/1730 1760/1812/1731 1763/1813/1732
f 1763/1813/1732 1765/1814/1733 1762/1811/1730
f 1179/1208/1168 1765/1814/1733 1764/1815/1734
f 1767/1816/1735 1762/1811/1730 1765/1814/1733
f 1765/1814/1733 1168/1170/1134 1767/1816/1735
f 1779/1817/1736 1717/1182/1143 1725/1782/1701
f 1754/1806/1725 1768/1818/1737 1753/1805/1724
f 858/1124/839 1768/1818/1737 1769/1819/840
f 1761/1820/1729 1766/1821/1738 1768/1822/1737
f 1769/1823/840 1768/1822/1737 1766/1821/1738
f 858/1124/839 1753/1805/1724 1768/1818/1737
f 1770/1824/1739 1755/1808/1727 1756/1184/1145
f 1763/1813/1732 1771/1825/1740 1772/1826/1741
f 1764/1815/1734 1772/1826/1741 1773/1827/1742
f 1772/1826/1741 1774/1828/1743 1775/1829/1744
f 1776/1830/1745 1772/1826/1741 1775/1829/1744
f 1775/1829/1744 1777/1831/1746 1778/1180/1141
f 1779/1817/1736 1775/1829/1744 1778/1180/1141
f 1779/1817/1736 1217/1244/1204 1776/1830/1745
f 1773/1827/1742 1217/1244/1204 1216/1240/1200
f 1764/1815/1734 1216/1240/1200 1179/1208/1168
f 1207/1245/1205 1725/1782/1701 1184/1211/1171
f 1777/1831/1746 1707/1763/1682 1712/1181/1142
f 1780/1832/1747 1774/1828/1743 1781/1833/1748
f 863/1183/1144 1783/1834/1749 1785/1835/1750
f 1785/1835/1750 1786/1836/1751 1782/1837/1752
f 1782/1837/1752 1760/1838/1731 1770/1824/1739
f 1760/1812/1731 1782/1839/1752 1771/1825/1740
f 1781/1833/1748 1771/1825/1740 1782/1839/1752
f 1770/1824/1739 1785/1835/1750 1782/1837/1752
f 1784/1840/1753 1785/1835/1750 1783/1834/1749
f 1781/1833/1748 1782/1839/1752 1786/1841/1751
f 1781/1833/1748 1784/1842/1753 1780/1832/1747
f 1783/1834/1749 1787/1843/1754 1784/1840/1753
f 1759/1202/1163 1783/1834/1749 863/1183/1144
f 863/1183/1144 1758/1809/1728 1759/1202/1163
f 1780/1832/1747 1784/1842/1753 1789/1844/1755
f 1784/1840/1753 1787/1843/1754 1789/1845/1755
f 1789/1844/1755 1707/1763/1682 1780/1832/1747
f 1516/1543/1497 1790/1846/1756 1517/1767/1686
f 1516/1543/1497 1791/1847/1757 1790/1846/1756
f 1515/1544/1498 1792/1848/1758 1791/1847/1757
f 1518/1545/1499 1793/1849/1759 1792/1848/1758
f 1794/1850/1760 1792/1848/1758 1793/1849/1759
f 1795/1851/1761 1791/1847/1757 1792/1848/1758
f 1796/1852/1762 1790/1846/1756 1791/1847/1757
f 1797/1853/1763 1517/1767/1686 1790/1846/1756
f 1798/1854/1764 1724/1777/1696 1517/1767/1686
f 1796/1852/1762 1945/1855/1765 1800/1856/1766
f 1800/1856/1766 1797/1853/1763 1796/1852/1762
f 1801/1857/1767 1798/1854/1764 1797/1853/1763
f 1802/1858/1768 1724/1777/1696 1798/1854/1764
f 1794/1850/1760 1799/1859/1769 1795/1851/1761
f 1805/1860/1770 1803/1861/1771 1794/1850/1760
f 1805/1860/1770 1896/1862/1772 1804/1863/1773
f 1807/1864/1774 1808/1865/1775 1896/1862/1772
f 1522/1549/1503 1793/1849/1759 1523/1866/1776
f 1805/1860/1770 1793/1849/1759 1810/1867/1777
f 1810/1867/1777 1807/1864/1774 1805/1860/1770
f 1810/1867/1777 1521/1548/1502 1811/1868/1778
f 1521/1548/1502 1520/1869/1779 1811/1868/1778
f 1519/1546/1500 1811/1868/1778 1520/1869/1779
f 1807/1864/1774 1812/1870/1780 1809/1871/1781
f 1157/1186/1147 1767/1816/1735 1168/1170/1134
f 864/1872/842 1157/1186/1147 1166/1179/1140
f 1813/1873/1782 852/1874/841 1814/1875/1783
f 852/1874/841 851/1876/828 1814/1875/1783
f 1814/1875/1783 851/1876/828 853/1877/837
f 1814/1875/1783 862/1878/836 1813/1873/1782
f 862/1878/836 1157/1186/1147 1813/1873/1782
f 864/1872/842 1166/1179/1140 865/1178/1139
f 861/1879/838 1766/1821/1738 1767/1816/1735
f 1164/1171/1135 1172/1166/1130 1167/1176/1137
f 1752/1803/1722 1817/1189/1150 1749/1188/1149
f 1818/1880/1784 1123/1804/1723 1141/1143/1109
f 1161/1881/1162 1820/1882/1785 1759/1883/1163
f 1820/1882/1785 1788/1884/1786 1759/1883/1163
f 1821/1885/1787 1787/1886/1754 1788/1884/1786
f 1822/1887/1788 1789/1888/1755 1787/1886/1754
f 1200/1242/1202 1823/1889/1789 1284/1312/1272
f 1823/1889/1789 1214/1890/1790 1239/1271/1231
f 1239/1271/1231 1824/1891/1791 1823/1889/1789
f 1825/1892/1792 1826/1893/1793 1824/1891/1791
f 1823/1894/1789 1828/1895/1794 1829/1896/1795
f 1826/1897/1793 1828/1895/1794 1824/1898/1791
f 1829/1896/1795 1284/1899/1272 1823/1894/1789
f 1243/1277/1237 1831/1900/1796 1238/1270/1230
f 1825/1892/1792 1238/1270/1230 1831/1900/1796
f 1831/1900/1796 1827/1901/1797 1825/1892/1792
f 1832/1902/1798 1326/1381/1338 1325/1324/1281
f 1327/1358/1315 1833/1903/1799 1325/1324/1281
f 1325/1324/1281 1833/1903/1799 1832/1902/1798
f 1833/1904/1799 1835/1905/1800 1832/1906/1798
f 1832/1906/1798 1836/1907/1801 1827/1908/1797
f 1836/1907/1801 1826/1909/1793 1827/1908/1797
f 1826/1910/1793 1837/1911/1802 1830/1912/1803
f 1836/1913/1801 1838/1914/1804 1837/1911/1802
f 1835/1915/1800 1839/1916/1805 1838/1914/1804
f 1833/1904/1799 1840/1917/1806 1834/1918/1807
f 1841/1919/1808 1834/1920/1807 1840/1921/1806
f 1840/1921/1806 1843/1922/1809 1841/1919/1808
f 1840/1917/1806 1695/1750/1670 1842/1923/1810
f 1504/1533/1487 1844/1924/1811 1663/1925/1812
f 1844/1924/1811 1879/1926/1813 1848/1927/1814
f 1878/1928/1815 1848/1927/1814 1879/1926/1813
f 1878/1928/1815 1851/1929/1816 1849/1930/1817
f 1877/1931/1818 1853/1932/1819 1851/1929/1816
f 1885/1933/1820 1874/1934/1821 1876/1935/1822
f 1917/1936/1823 1980/1937/1824 1925/1938/1825
f 1874/1939/1821 1859/1940/1826 1857/1941/1827
f 1873/1942/1828 1861/1943/1829 1859/1940/1826
f 1872/1944/1830 1863/1945/1831 1861/1943/1829
f 1849/1930/1817 1913/1946/1832 1848/1927/1814
f 1849/1930/1817 1915/1947/1833 1914/1948/1834
f 1851/1929/1816 1916/1949/1835 1915/1947/1833
f 1876/1935/1822 1857/1950/1827 1853/1932/1819
f 1978/1951/1836 1855/1952/1837 1973/1953/1838
f 1857/1941/1827 1919/1954/1839 1918/1955/1840
f 1859/1940/1826 1920/1956/1841 1919/1954/1839
f 1902/1957/1842 1900/1958/1843 1899/1959/1844
f 1903/1960/1845 1899/1959/1844 1898/1961/1846
f 1904/1962/1847 1898/1961/1846 1897/1963/1848
f 1854/1964/1849 1904/1965/1847 1906/1966/1850
f 1968/1967/1851 1869/1968/1852 1870/1969/1853
f 1907/1970/1854 1895/1971/1855 1894/1972/1856
f 1908/1973/1857 1894/1972/1856 1893/1974/1858
f 1908/1973/1857 1892/1975/1859 1909/1976/1860
f 1891/1977/1861 1909/1976/1860 1892/1975/1859
f 1880/1978/1862 1882/1979/1863 1879/1926/1813
f 1883/1980/1864 1879/1926/1813 1882/1979/1863
f 1883/1980/1864 1877/1931/1818 1878/1928/1815
f 1884/1981/1865 1876/1935/1822 1877/1931/1818
f 1895/1971/1855 1887/1982/1866 1885/1933/1820
f 1925/1938/1825 1986/1983/1867 1933/1984/1868
f 1887/1985/1866 1873/1942/1828 1874/1939/1821
f 1888/1986/1869 1872/1944/1830 1873/1942/1828
f 1889/1987/1870 1871/1988/1871 1872/1944/1830
f 1881/1989/1872 1892/1975/1859 1882/1979/1863
f 1893/1974/1858 1882/1979/1863 1892/1975/1859
f 1893/1974/1858 1884/1981/1865 1883/1980/1864
f 1894/1972/1856 1885/1933/1820 1884/1981/1865
f 1906/1966/1850 1897/1990/1848 1895/1971/1855
f 1803/1861/1771 1968/1967/1851 1870/1969/1853
f 1897/1963/1848 1888/1986/1869 1887/1985/1866
f 1898/1961/1846 1889/1987/1870 1888/1986/1869
f 1899/1959/1844 1890/1991/1873 1889/1987/1870
f 1862/1992/1874 1901/1993/1875 1902/1957/1842
f 1860/1994/1876 1902/1957/1842 1903/1960/1845
f 1858/1995/1877 1903/1960/1845 1904/1962/1847
f 1854/1996/1849 1946/1997/1878 1858/1998/1877
f 1868/1999/1879 1972/2000/1880 1974/2001/1881
f 1852/2002/1882 1906/1966/1850 1907/1970/1854
f 1850/2003/1883 1907/1970/1854 1908/1973/1857
f 1850/2003/1883 1909/1976/1860 1847/2004/1884
f 1910/2005/1885 1847/2004/1884 1909/1976/1860
f 1858/1995/1877 1911/2006/1886 1860/1994/1876
f 1911/2006/1886 1862/1992/1874 1860/1994/1876
f 1911/2007/1886 1697/2008/1887 1696/1752/1671
f 1914/1948/1834 1921/2009/1888 1913/1946/1832
f 1914/1948/1834 1923/2010/1889 1922/2011/1890
f 1915/1947/1833 1924/2012/1891 1923/2010/1889
f 1853/1932/1819 1918/2013/1840 1916/1949/1835
f 1971/2014/1892 1855/2015/1837 1875/2016/1893
f 1918/1955/1840 1927/2017/1894 1926/2018/1895
f 1919/1954/1839 1928/2019/1896 1927/2017/1894
f 1921/2009/1888 1930/2020/1897 1929/2021/1898
f 1922/2011/1890 1931/2022/1899 1930/2020/1897
f 1923/2010/1889 1932/2023/1900 1931/2022/1899
f 1916/1949/1835 1926/2024/1895 1924/2012/1891
f 1971/2014/1892 1808/1865/1775 1967/2025/1901
f 1926/2018/1895 1935/2026/1902 1934/2027/1903
f 1927/2017/1894 1936/2028/1904 1935/2026/1902
f 1929/2021/1898 1865/2029/1905 1845/2030/1906
f 1930/2020/1897 1866/2031/1907 1865/2029/1905
f 1931/2022/1899 1867/2032/1908 1866/2031/1907
f 1924/2012/1891 1934/2033/1903 1932/2023/1900
f 1875/2016/1893 1896/1862/1772 1808/1865/1775
f 1934/2027/1903 1869/1968/1852 1868/1999/1879
f 1935/2026/1902 1870/1969/1853 1869/1968/1852
f 1663/1925/1812 1848/1927/1814 1913/1946/1832
f 1663/1925/1812 1921/2009/1888 1662/1712/1641
f 1929/2021/1898 1662/1712/1641 1921/2009/1888
f 1664/1713/1642 1845/2030/1906 1665/1714/1643
f 1506/1535/1489 1880/1978/1862 1844/1924/1811
f 1881/1989/1872 1512/1538/1492 1508/1537/1491
f 1508/1537/1491 1891/1977/1861 1881/1989/1872
f 1910/2005/1885 1510/1540/1494 1709/1755/1674
f 1910/2005/1885 1699/1754/1673 1846/2034/1909
f 1803/1861/1771 1936/2028/1904 1799/1859/1769
f 1928/2019/1896 1799/1859/1769 1936/2028/1904
f 1937/2035/1910 1920/1956/1841 1938/2036/1911
f 1861/1943/1829 1938/2036/1911 1920/1956/1841
f 1944/2037/1912 1863/1945/1831 1871/1988/1871
f 1940/2038/1913 1801/1857/1767 1800/1856/1766
f 1737/2039/1914 1802/1858/1768 1939/2040/1915
f 1737/2039/1914 1722/1775/1694 1723/1776/1695
f 1734/1789/1708 1941/2041/1916 1739/1793/1712
f 1941/2041/1916 1738/1792/1711 1942/2042/1917
f 1943/2043/1918 1942/2042/1917 1738/1792/1711
f 1943/2043/1918 1737/2039/1914 1939/2040/1915
f 1900/1958/1843 1942/2042/1917 1890/1991/1873
f 1901/1993/1875 1942/2042/1917 1900/1958/1843
f 1941/2041/1916 1864/2044/1919 1739/1793/1712
f 1864/2044/1919 1743/1797/1716 1742/1799/1718
f 1864/2044/1919 1744/1798/1717 1739/1793/1712
f 1744/1798/1717 1740/1794/1713 1739/1793/1712
f 1743/1797/1716 1675/1722/1651 1673/1719/1648
f 1696/2045/1671 1743/1797/1716 1862/1992/1874
f 1944/2037/1912 1802/1858/1768 1801/1857/1767
f 1939/2040/1915 1871/1988/1871 1943/2043/1918
f 1890/1991/1873 1943/2043/1918 1871/1988/1871
f 1940/2038/1913 1938/2036/1911 1863/1945/1831
f 1795/1851/1761 1945/1855/1765 1796/1852/1762
f 1945/1855/1765 1938/2036/1911 1800/1856/1766
f 1799/1859/1769 1937/2035/1910 1945/1855/1765
f 1911/2007/1886 1946/1997/1878 1912/2046/1920
f 1947/2047/1921 1974/2048/1881 1856/2049/1922
f 1976/2050/1923 1866/2031/1907 1979/2051/1924
f 1852/2052/1882 1948/2053/1925 1854/1996/1849
f 1949/2054/1926 1850/2055/1883 1950/2056/1927
f 1850/2055/1883 1951/2057/1928 1950/2056/1927
f 1847/2004/1884 1846/2034/1909 1953/2058/1929
f 1847/2059/1884 1952/2060/1930 1951/2057/1928
f 2698/2061/1931 1697/2008/1887 1912/2046/1920
f 1955/2062/1932 1701/1757/1676 1711/1758/1677
f 1711/1758/1677 1956/2063/1933 1955/2062/1932
f 1703/1760/1679 1957/2064/1934 1956/2063/1933
f 1957/2064/1934 1705/1762/1681 1706/1764/1683
f 1706/2065/1683 1958/2066/1935 1957/2067/1934
f 1956/2068/1933 1958/2066/1935 1959/2069/1936
f 1959/2069/1936 1955/2070/1932 1956/2068/1933
f 1953/2071/1929 1960/2072/1937 1952/2060/1930
f 1953/2058/1929 1699/1754/1673 1701/1757/1676
f 1819/2073/1938 1962/2074/1939 1961/2075/1940
f 1161/1201/1162 1963/2076/1941 1962/2074/1939
f 1963/2076/1941 1816/1187/1148 1964/2077/1942
f 1816/1187/1148 1965/2078/1943 1964/2077/1942
f 1817/1189/1150 1966/2079/1944 1965/2078/1943
f 1141/1143/1109 1966/2079/1944 1818/1880/1784
f 1977/2080/1945 1868/2081/1879 1974/2048/1881
f 1905/2082/1946 1968/1967/1851 1896/1862/1772
f 1905/2082/1946 1974/2001/1881 1972/2000/1880
f 1867/2032/1908 1979/2051/1924 1866/2031/1907
f 1977/2080/1945 1969/2083/1947 1979/2051/1924
f 1979/2051/1924 1970/2084/1948 1976/2050/1923
f 1478/1505/1459 1981/2085/1949 1481/1508/1462
f 1982/2086/1950 1475/1502/1456 1983/2087/1951
f 1471/1501/1455 1983/2087/1951 1475/1502/1456
f 1984/2088/1952 1666/1715/1644 1985/2089/1953
f 1981/2085/1949 1484/1495/1449 1481/1508/1462
f 1986/1983/1867 1472/1496/1450 1484/1495/1449
f 1665/1714/1643 1985/2089/1953 1666/1715/1644
f 1976/2050/1923 1845/2030/1906 1865/2029/1905
f 1934/2033/1903 1867/2032/1908 1932/2023/1900
f 1855/2015/1837 1905/2082/1946 1875/2016/1893
f 1917/1936/1823 1856/2049/1922 1855/1952/1837
f 1947/2047/1921 1925/1938/1825 1969/2083/1947
f 1969/2083/1947 1933/1984/1868 1970/2084/1948
f 1981/2085/1949 1933/1984/1868 1986/1983/1867
f 1933/1984/1868 1982/2086/1950 1970/2084/1948
f 1984/2088/1952 1970/2084/1948 1983/2087/1951
f 1970/2084/1948 1982/2086/1950 1983/2087/1951
f 1985/2089/1953 1976/2050/1923 1984/2088/1952
f 1992/2090/1954 1978/1951/1836 1973/1953/1838
f 1896/1862/1772 1968/1967/1851 1804/1863/1773
f 1973/2091/1838 1993/2092/1955 1992/2093/1954
f 1971/2014/1892 1994/2094/1956 1993/2092/1955
f 1991/2095/1957 1980/1937/1824 1978/1951/1836
f 1998/2096/1958 1989/2097/1959 1999/2098/1960
f 1997/2099/1961 1806/2100/1962 1998/2096/1958
f 1997/2101/1961 1975/2102/1963 1886/2103/1964
f 1996/2104/1965 1988/2105/1966 1975/2102/1963
f 1993/2092/1955 1995/2106/1967 1996/2104/1965
f 1992/2093/1954 1996/2104/1965 1997/2101/1961
f 1997/2099/1961 1991/2095/1957 1992/2090/1954
f 1991/2095/1957 1999/2098/1960 1990/2107/1968
f 1980/1937/1824 1990/2107/1968 1986/1983/1867
f 1539/1561/1515 2000/2108/1969 1987/2109/1970
f 1999/2098/1960 1987/2109/1970 2000/2108/1969
f 1472/1496/1450 2000/2108/1969 1474/1494/1448
f 1999/2098/1960 1472/1496/1450 1990/2107/1968
f 1469/1498/1452 1474/1494/1448 2000/2108/1969
f 1527/1553/1507 2002/2110/1971 1525/1551/1505
f 2001/2111/1972 2004/1523/1477 2002/2110/1971
f 1495/2112/1973 2008/2113/1974 1496/1524/1478
f 2003/2114/1975 1496/1524/1478 2004/1523/1477
f 2007/2115/1976 2010/2116/1977 2008/2113/1974
f 2009/2117/1978 1995/2106/1967 2010/2116/1977
f 1492/1521/1475 1525/1551/1505 2002/2110/1971
f 2002/2110/1971 1494/1522/1476 1492/1521/1475
f 2006/2118/1979 2008/2113/1974 2010/2116/1977
f 2010/2116/1977 1994/2094/1956 2006/2118/1979
f 1967/2025/1901 2006/2118/1979 1994/2094/1956
f 2011/2119/1980 2005/2120/1981 2006/2118/1979
f 2012/2121/1982 1809/1871/1781 1812/1870/1780
f 1808/1865/1775 2011/2119/1980 1967/2025/1901
f 1494/1522/1476 2013/2122/1983 1493/1547/1501
f 1496/1524/1478 2005/2120/1981 2013/2122/1983
f 2012/2121/1982 2013/2122/1983 2005/2120/1981
f 2014/2123/1984 1493/1547/1501 2013/2122/1983
f 1812/1870/1780 2014/2123/1984 2012/2121/1982
f 2007/2115/1976 2015/2124/1985 2009/2117/1978
f 2016/2125/1986 1495/2112/1973 2017/2126/1987
f 1495/2112/1973 2018/2127/1988 2017/2126/1987
f 2003/2114/1975 2019/2128/1989 2018/2127/1988
f 2001/2111/1972 2020/2129/1990 2019/2128/1989
f 2020/2129/1990 1528/1554/1508 2021/2130/1991
f 1529/1556/1510 2021/2130/1991 1528/1554/1508
f 2022/2131/1992 1535/1558/1512 2023/2132/1993
f 1537/1560/1514 2023/2132/1993 1535/1558/1512
f 1537/1560/1514 2025/2133/1994 2024/2134/1995
f 1539/1561/1515 2026/2135/1996 2025/2133/1994
f 1987/2109/1970 2027/2136/1997 2026/2135/1996
f 1989/2097/1959 2028/2137/1998 2027/2136/1997
f 1806/2100/1962 2029/2138/1999 2028/2137/1998
f 1886/2103/1964 2030/2139/2000 2029/2140/1999
f 1975/2102/1963 2031/2141/2001 2030/2139/2000
f 1988/2105/1966 2015/2124/1985 2031/2141/2001
f 2033/2142/2002 2032/2143/2003 2082/2144/2004
f 2081/2145/2005 2031/2146/2001 2015/2147/1985
f 2073/2148/2006 2035/2149/2007 2074/2150/2008
f 2075/2151/2009 2030/2152/2000 2074/2150/2008
f 2075/2153/2009 2037/2154/2010 2076/2155/2011
f 2077/2156/2012 2028/2157/1998 2076/2155/2011
f 2038/2158/2013 2078/2159/2014 2077/2156/2012
f 2025/2160/1994 2078/2159/2014 2040/2161/2015
f 2040/2161/2015 2024/2162/1995 2025/2160/1994
f 2041/2163/2016 2023/2164/1993 2024/2162/1995
f 2042/2165/2017 2022/2166/1992 2023/2164/1993
f 2044/2167/2018 2022/2166/1992 2043/2168/2019
f 2021/2169/1991 2045/2170/2020 2020/2171/1990
f 2046/2172/2021 2020/2171/1990 2045/2170/2020
f 2019/2173/1989 2047/2174/2022 2018/2175/1988
f 2048/2176/2023 2018/2175/1988 2047/2174/2022
f 2048/2176/2023 2016/2177/1986 2017/2178/1987
f 2050/2179/2024 2058/2180/2025 2057/2181/2026
f 2051/2182/2027 2059/2183/2028 2058/2180/2025
f 2059/2183/2028 2056/2184/2029 2060/2185/2030
f 2049/2186/2031 2058/2180/2025 2052/2187/2032
f 2059/2183/2028 2052/2187/2032 2058/2180/2025
f 2053/2188/2033 2060/2185/2030 2055/2189/2034
f 2068/2190/2035 2061/2191/2036 2069/2192/2037
f 2067/2193/2038 2062/2194/2039 2068/2190/2035
f 2064/2195/2040 2069/2196/2037 2061/2197/2036
f 2070/2198/2041 2065/2199/2042 2071/2200/2043
f 2065/2199/2042 2072/2201/2044 2071/2200/2043
f 2034/2202/2045 2068/2190/2035 2035/2149/2007
f 2035/2149/2007 2069/2192/2037 2036/2203/2046
f 2069/2196/2037 2037/2154/2010 2036/2204/2046
f 2037/2154/2010 2071/2200/2043 2038/2158/2013
f 2071/2200/2043 2039/2205/2047 2038/2158/2013
f 2029/2206/1999 2076/2155/2011 2028/2157/1998
f 2073/2148/2006 2030/2152/2000 2031/2146/2001
f 2035/2149/2007 2075/2151/2009 2074/2150/2008
f 2037/2154/2010 2077/2156/2012 2076/2155/2011
f 2077/2156/2012 2026/2207/1996 2027/2208/1997
f 2033/2142/2002 2067/2193/2038 2034/2202/2045
f 2079/2209/2048 2063/2210/2049 2067/2193/2038
f 2034/2202/2045 2081/2145/2005 2033/2142/2002
f 2016/2177/1986 2081/2145/2005 2015/2147/1985
f 2082/2144/2004 2079/2209/2048 2033/2142/2002
f 2080/2211/2050 2085/2212/2051 2084/2213/2052
f 2083/2214/2053 2085/2212/2051 2079/2209/2048
f 2087/2215/2054 2032/2143/2003 2048/2176/2023
f 2054/2216/2055 2088/2217/2056 2056/2184/2029
f 2089/2218/2057 2051/2182/2027 2090/2219/2058
f 2050/2179/2024 2090/2219/2058 2051/2182/2027
f 2091/2220/2059 2087/2215/2054 2048/2176/2023
f 2057/2181/2026 2087/2215/2054 2050/2179/2024
f 2087/2215/2054 2083/2214/2053 2082/2144/2004
f 2086/2221/2060 2092/2222/2061 2093/2223/2062
f 2092/2222/2061 2049/2186/2031 2093/2223/2062
f 2066/2224/2063 2095/2225/2064 2072/2201/2044
f 2095/2225/2064 2096/2226/2065 2072/2201/2044
f 2072/2201/2044 2098/2227/2066 2039/2205/2047
f 2039/2205/2047 2040/2161/2015 2078/2159/2014
f 2134/2228/2067 2132/2229/2068 2135/2230/2069
f 2132/2229/2068 2136/2231/2070 2135/2230/2069
f 2131/2232/2071 2137/2233/2072 2136/2231/2070
f 2130/2234/2073 2138/2235/2074 2137/2233/2072
f 2138/2235/2074 2128/2236/2075 2139/2237/2076
f 2127/2238/2077 2139/2237/2076 2128/2236/2075
f 2115/2239/2078 2140/2240/2079 2142/2241/2080
f 1630/2242/1608 2166/2243/2081 1631/1668/1609
f 2125/2244/2082 2143/2245/2083 2142/2241/2080
f 1630/1666/1608 2168/2246/2084 2167/2247/2085
f 2123/2248/2086 2145/2249/2087 2143/2245/2083
f 2141/2250/2088 2122/2251/2089 2123/2248/2086
f 2169/2252/2090 2124/2253/2091 2168/2246/2084
f 2114/2254/2092 2123/2248/2086 2125/2244/2082
f 2109/2255/2093 2127/2238/2077 2128/2236/2075
f 2107/2256/2094 2128/2236/2075 2129/2257/2095
f 2105/2258/2096 2129/2257/2095 2130/2234/2073
f 2131/2232/2071 2105/2258/2096 2130/2234/2073
f 2103/2259/2097 2132/2229/2068 2101/2260/2098
f 2100/2261/2099 2132/2229/2068 2133/2262/2100
f 2134/2228/2067 2102/2263/2101 2099/2264/2102
f 2136/2231/2070 2102/2263/2101 2135/2230/2069
f 2104/2265/2103 2137/2233/2072 2106/2266/2104
f 2138/2235/2074 2106/2266/2104 2137/2233/2072
f 2138/2235/2074 2110/2267/2105 2108/2268/2106
f 2139/2237/2076 2112/2269/2107 2110/2267/2105
f 2116/2270/2108 2163/2271/2109 2126/2272/2110
f 2163/2271/2109 2165/2273/2111 2164/2274/2112
f 2142/2241/2080 2117/2275/2113 2115/2239/2078
f 2119/2276/2114 2166/2243/2081 2167/2277/2085
f 2143/2245/2083 2121/2278/2115 2117/2275/2113
f 2098/2227/2066 2120/2279/2116 2040/2161/2015
f 2122/2251/2089 2096/2226/2065 2145/2249/2087
f 2097/2280/2117 2145/2249/2087 2096/2226/2065
f 2133/2262/2100 2088/2217/2056 2100/2261/2099
f 2133/2262/2100 2060/2185/2030 2056/2184/2029
f 2055/2189/2034 2134/2228/2067 2099/2264/2102
f 2101/2260/2098 2147/2281/2118 2103/2259/2097
f 2148/2282/2119 2147/2281/2118 2146/2283/2120
f 2149/2284/2121 2150/2285/2122 2151/2286/2123
f 2152/2287/2124 2151/2286/2123 2150/2285/2122
f 2153/2288/2125 2045/2170/2020 2044/2167/2018
f 2151/2286/2123 2155/2289/2126 2149/2284/2121
f 2154/2290/2127 2107/2256/2094 2155/2289/2126
f 2109/2255/2093 2156/2291/2128 2111/2292/2129
f 2154/2290/2127 2153/2288/2125 2156/2291/2128
f 2043/2168/2019 2111/2292/2129 2156/2291/2128
f 2111/2292/2129 2125/2244/2082 2127/2238/2077
f 2043/2168/2019 2141/2250/2088 2114/2254/2092
f 2157/2293/2130 2150/2285/2122 2148/2282/2119
f 2158/2294/2131 2088/2217/2056 2089/2218/2057
f 2158/2294/2131 2152/2287/2124 2150/2285/2122
f 2159/2295/2132 2045/2170/2020 2152/2287/2124
f 2148/2282/2119 2160/2296/2133 2157/2293/2130
f 2100/2261/2099 2157/2293/2130 2160/2296/2133
f 2160/2296/2133 2101/2260/2098 2100/2261/2099
f 2149/2284/2121 2161/2297/2134 2147/2281/2118
f 2155/2289/2126 2105/2258/2096 2161/2297/2134
f 2103/2259/2097 2161/2297/2134 2105/2258/2096
f 2162/2298/2135 2158/2294/2131 2089/2218/2057
f 2162/2298/2135 2046/2172/2021 2159/2295/2132
f 2091/2220/2059 2162/2298/2135 2090/2219/2058
f 2090/2219/2058 2162/2298/2135 2089/2218/2057
f 2091/2220/2059 2048/2176/2023 2047/2174/2022
f 2042/2165/2017 2120/2279/2116 2141/2250/2088
f 2120/2279/2116 2041/2163/2016 2040/2161/2015
f 2213/2299/2136 2217/2300/2137 2214/2301/2138
f 2055/2302/2034 2108/2303/2106 2110/2304/2105
f 2121/2305/2115 2086/2306/2060 2093/2307/2062
f 2052/2308/2032 2112/2309/2107 2115/2310/2078
f 2115/2310/2078 2049/2311/2031 2052/2308/2032
f 2216/2312/2139 2214/2301/2138 2217/2300/2137
f 2093/2307/2062 2117/2313/2113 2121/2305/2115
f 2106/2314/2104 2099/2315/2102 2102/2316/2101
f 2110/2304/2105 2053/2317/2033 2055/2302/2034
f 2106/2314/2104 2102/2316/2101 2104/2318/2103
f 2094/2319/2140 2085/2320/2051 2095/2321/2064
f 2095/2321/2064 2086/2306/2060 2097/2322/2117
f 2066/2323/2063 2084/2324/2052 2094/2319/2140
f 2080/2325/2050 2065/2326/2042 2063/2327/2049
f 2062/2328/2039 2065/2326/2042 2064/2329/2040
f 2062/2328/2039 2064/2329/2040 2061/2330/2036
f 2044/2167/2018 2156/2291/2128 2153/2288/2125
f 2142/2241/2080 2127/2238/2077 2125/2244/2082
f 2119/2331/2114 2168/2246/2084 2124/2253/2091
f 1629/1664/1607 2169/2252/2090 2168/2246/2084
f 2118/2332/2141 2116/2270/2108 2126/2272/2110
f 2113/2333/2142 1629/1664/1607 1628/1662/1606
f 1628/1662/1606 1627/1660/1605 2252/2334/2143
f 2113/2333/2142 2116/2270/2108 2169/2252/2090
f 2218/2335/2144 2212/2336/2145 2219/2337/2146
f 2211/2338/2147 2219/2337/2146 2212/2336/2145
f 2220/2339/2148 2210/2340/2149 2221/2341/2150
f 2209/2342/2151 2221/2341/2150 2210/2340/2149
f 2222/2343/2152 2208/2344/2153 2223/2345/2154
f 2207/2346/2155 2223/2345/2154 2208/2344/2153
f 2224/2347/2156 2206/2348/2157 2225/2349/2158
f 2205/2350/2159 2225/2349/2158 2206/2348/2157
f 2226/2351/2160 2204/2352/2161 2227/2353/2162
f 2193/2354/2163 2202/2355/2164 2204/2352/2161
f 2228/2356/2165 2238/2357/2166 2196/2358/2167
f 2201/2359/2168 2229/2360/2169 2202/2355/2164
f 2200/2361/2170 2202/2355/2164 2198/2362/2171
f 2182/2363/2172 2203/2364/2173 2184/2365/2174
f 2195/2366/2175 2196/2358/2167 2203/2364/2173
f 2191/2367/2176 2204/2352/2161 2205/2350/2159
f 2189/2368/2177 2205/2350/2159 2206/2348/2157
f 2188/2369/2178 2206/2348/2157 2207/2346/2155
f 2185/2370/2179 2207/2346/2155 2208/2344/2153
f 2184/2365/2174 2208/2344/2153 2209/2342/2151
f 2182/2363/2172 2209/2342/2151 2210/2340/2149
f 2180/2371/2180 2210/2340/2149 2211/2338/2147
f 2177/2372/2181 2211/2338/2147 2212/2336/2145
f 2176/2373/2182 2212/2336/2145 2213/2299/2136
f 2176/2373/2182 2214/2301/2138 2173/2374/2183
f 2215/2375/2184 2173/2374/2183 2214/2301/2138
f 2171/2376/2185 2217/2300/2137 2174/2377/2186
f 2217/2300/2137 2175/2378/2187 2174/2377/2186
f 2175/2378/2187 2219/2337/2146 2178/2379/2188
f 2220/2339/2148 2178/2379/2188 2219/2337/2146
f 2220/2339/2148 2181/2380/2189 2179/2381/2190
f 2221/2341/2150 2183/2382/2191 2181/2380/2189
f 2183/2382/2191 2223/2345/2154 2186/2383/2192
f 2224/2347/2156 2186/2383/2192 2223/2345/2154
f 2187/2384/2193 2225/2349/2158 2190/2385/2194
f 2225/2349/2158 2192/2386/2195 2190/2385/2194
f 2226/2351/2160 2194/2387/2196 2192/2386/2195
f 2229/2360/2169 2204/2352/2161 2202/2355/2164
f 2237/2388/2197 2240/2389/2198 2238/2357/2166
f 2229/2360/2169 2199/2390/2199 2197/2391/2200
f 2199/2390/2199 2230/2392/2201 2231/2393/2202
f 2231/2393/2202 2233/2394/2203 2199/2390/2199
f 2230/2392/2201 2234/2395/2204 2231/2393/2202
f 2200/2361/2170 2234/2395/2204 2201/2359/2168
f 2231/2393/2202 1632/2396/2205 2235/2397/2206
f 2234/2395/2204 1633/1671/1610 1632/2396/2205
f 1631/1668/1609 2235/2397/2206 1632/2396/2205
f 2166/2243/2081 2236/2398/2207 2235/2397/2206
f 2235/2397/2206 2232/2399/2208 2231/2393/2202
f 2227/2353/2162 2197/2391/2200 2194/2387/2196
f 2239/2400/2209 1637/1687/1618 2240/2389/2198
f 2241/2401/2210 2189/2368/2177 2188/2369/2178
f 2241/2401/2210 2238/2357/2166 2242/2402/2211
f 2243/2403/2212 2237/2388/2197 2228/2356/2165
f 2244/2404/2213 2177/2372/2181 2176/2373/2182
f 2228/2356/2165 2245/2405/2214 2243/2403/2212
f 2195/2366/2175 2180/2371/2180 2245/2405/2214
f 2180/2371/2180 2243/2403/2212 2245/2405/2214
f 2196/2358/2167 2246/2406/2215 2203/2364/2173
f 2188/2369/2178 2246/2406/2215 2241/2401/2210
f 2184/2365/2174 2246/2406/2215 2185/2370/2179
f 2191/2367/2176 2242/2402/2211 2247/2407/2216
f 2242/2402/2211 2240/2389/2198 2247/2407/2216
f 1636/1678/1613 2240/2389/2198 1637/1687/1618
f 2239/2400/2209 2244/2404/2213 2248/2408/2217
f 2176/2373/2182 2248/2408/2217 2244/2404/2213
f 2248/2408/2217 1640/1686/1617 2239/2400/2209
f 2249/2409/2218 2173/2374/2183 2172/2410/2219
f 2249/2409/2218 1639/1684/1616 2248/2408/2217
f 2216/2312/2139 2164/2274/2112 2165/2273/2111
f 2165/2273/2111 2215/2375/2184 2216/2312/2139
f 2165/2273/2111 2170/2411/2220 2250/2412/2221
f 2250/2412/2221 2172/2410/2219 2215/2375/2184
f 2113/2333/2142 2252/2334/2143 2170/2411/2220
f 2170/2411/2220 2251/2413/2222 2250/2412/2221
f 2251/2413/2222 1627/1660/1605 1626/1681/1614
f 2249/2409/2218 1626/1681/1614 1638/1682/1615
f 2251/2413/2222 2249/2409/2218 2172/2410/2219
f 2198/2362/2171 1635/1675/1612 1634/1673/1611
f 1633/1671/1610 2200/2361/2170 1634/1673/1611
f 2200/2361/2170 2198/2362/2171 1634/1673/1611
f 2247/2407/2216 2193/2354/2163 2191/2367/2176
f 2253/2414/2223 1636/1678/1613 1635/1675/1612
f 2193/2354/2163 2253/2414/2223 2198/2362/2171
f 2199/2415/2199 2126/2416/2110 2163/2417/2109
f 2233/2418/2203 2118/2419/2141 2126/2416/2110
f 2124/2420/2091 2232/2421/2208 2236/2422/2207
f 2124/2420/2091 2144/2423/2224 2119/2424/2114
f 2199/2415/2199 2164/2425/2112 2197/2426/2200
f 2171/2427/2185 2197/2426/2200 2164/2425/2112
f 2194/2428/2196 2174/2429/2186 2192/2430/2195
f 2175/2431/2187 2192/2430/2195 2174/2429/2186
f 2190/2432/2194 2178/2433/2188 2187/2434/2193
f 2179/2435/2190 2187/2434/2193 2178/2433/2188
f 2186/2436/2192 2181/2437/2189 2183/2438/2191
f 500/496/494 508/492/490 507/491/489
f 2325/2439/2225 2321/2440/2226 2255/2441/2227
f 500/520/494 2256/2442/2228 2254/2443/2229
f 486/507/505 1145/1147/1113 489/508/506
f 506/506/504 1145/1147/1113 487/481/479
f 1148/2444/2230 506/506/504 511/504/502
f 510/505/503 1148/2444/2230 511/504/502
f 2257/2445/2231 1147/1149/1115 1148/2444/2230
f 2258/2446/2232 1146/1148/1114 1147/1149/1115
f 2259/2447/2233 1142/1145/1111 1146/1148/1114
f 1142/1145/1111 2260/2448/2234 1134/1138/1104
f 2262/2449/2235 1134/1138/1104 2260/2448/2234
f 2260/2448/2234 2263/2450/2236 2262/2449/2235
f 2259/2447/2233 2264/2451/2237 2263/2450/2236
f 533/530/524 2266/2452/2238 2265/2453/2239
f 2267/2454/2240 533/530/524 2265/2453/2239
f 2267/2454/2240 509/503/501 512/502/500
f 2269/2455/2241 509/503/501 2268/2456/2242
f 2269/2455/2241 2257/2445/2231 510/505/503
f 2270/2457/2243 2258/2446/2232 2257/2445/2231
f 532/529/523 2271/2458/2244 2266/2452/2238
f 2271/2458/2244 2273/2459/2245 2272/2460/2246
f 2274/2461/2247 2272/2460/2246 2273/2459/2245
f 2275/2462/2248 2277/2463/2249 2276/2464/2250
f 2277/2465/2249 2278/2466/2251 2276/2467/2250
f 2279/2468/2252 2280/2469/2253 2278/2466/2251
f 2281/2470/2254 2282/2471/2255 2280/2469/2253
f 531/513/511 530/528/522 2273/2459/2245
f 2273/2459/2245 534/532/526 2274/2461/2247
f 2274/2461/2247 2284/2472/2256 2277/2463/2249
f 2285/2473/2257 534/532/526 535/531/525
f 535/531/525 537/2474/529 2285/2473/2257
f 2279/2468/2252 2284/2475/2256 2286/2476/2258
f 541/539/532 2286/2476/2258 2284/2475/2256
f 2284/2472/2256 539/2477/530 541/2478/532
f 537/2474/529 539/2477/530 2285/2473/2257
f 2286/2476/2258 2281/2470/2254 2279/2468/2252
f 3330/2479/2259 543/2480/2260 2288/2481/2261
f 544/540/533 2288/2481/2261 543/2480/2260
f 2289/2482/2262 2291/2483/2263 2288/2481/2261
f 2292/2484/2264 2291/2483/2263 2290/2485/2265
f 2292/2484/2264 2295/2486/2266 2293/2487/2267
f 2294/2488/2268 2297/2489/2269 2295/2486/2266
f 2296/2490/2270 1026/1017/995 2297/2489/2269
f 1040/1038/1014 2298/2491/2271 2299/2492/2272
f 2299/2493/2272 1024/1014/992 1040/2494/1014
f 1041/1037/1013 2300/2495/2273 2298/2491/2271
f 2300/2495/2273 1048/1044/1020 2301/2496/2274
f 1049/1045/1021 2301/2496/2274 1048/1044/1020
f 2302/2497/2275 1043/1046/1022 2303/2498/2276
f 1042/1039/1015 2303/2498/2276 1043/1046/1022
f 2304/2499/2277 620/1034/1011 619/614/607
f 1023/1015/993 2305/2500/2278 1022/1013/991
f 2296/2490/2270 2306/2501/2279 2305/2500/2278
f 2306/2501/2279 2292/2484/2264 2307/2502/2280
f 2290/2485/2265 2307/2502/2280 2292/2484/2264
f 2308/2503/2281 2289/2482/2262 2309/2504/2282
f 1020/2505/2283 1055/1050/1026 1019/1011/989
f 2310/2506/2284 1059/1053/1029 1055/1050/1026
f 2310/2506/2284 2305/2500/2278 2306/2501/2279
f 1020/2505/2283 1022/1013/991 2305/2500/2278
f 2306/2501/2279 2311/2507/2285 2310/2506/2284
f 2307/2502/2280 2312/2508/2286 2311/2507/2285
f 1058/1054/1030 2314/2509/2287 2313/2510/2288
f 2316/2511/2289 2313/2510/2288 2314/2509/2287
f 2314/2509/2287 2317/2512/2290 2316/2511/2289
f 2308/2503/2281 2317/2512/2290 2312/2508/2286
f 2314/2509/2287 2311/2507/2285 2312/2508/2286
f 2317/2512/2290 2318/2513/2291 2319/2514/2292
f 542/541/534 2319/2514/2292 2318/2513/2291
f 544/540/533 542/541/534 2318/2513/2291
f 2309/2504/2282 544/540/533 2318/2513/2291
f 2319/2514/2292 2316/2511/2289 2317/2512/2290
f 2320/2515/2293 2315/2516/2294 2316/2511/2289
f 2313/2510/2288 1060/2517/1032 1058/1054/1030
f 2322/2518/2295 2323/2519/2296 2324/2520/2297
f 2325/2439/2225 2324/2520/2297 2323/2519/2296
f 2323/2519/2296 2321/2440/2226 2325/2439/2225
f 2313/2510/2288 2315/2516/2294 2323/2519/2296
f 528/525/520 2255/2441/2227 2321/2440/2226
f 528/525/520 2320/2515/2293 538/535/528
f 2320/2515/2293 540/538/531 538/535/528
f 1136/2521/2298 2261/2522/2299 2327/2523/2300
f 2327/2523/2300 1137/1140/1106 1136/2521/2298
f 1137/1140/1106 2328/2524/2301 1138/1141/1107
f 2329/2525/2302 1138/1141/1107 2328/2524/2301
f 1139/1142/1108 2330/2526/2303 1140/2527/2304
f 2331/2528/2305 1140/2527/2304 2330/2526/2303
f 2331/2528/2305 1965/2078/1943 1966/2079/1944
f 2333/2529/2306 1965/2078/1943 2332/2530/2307
f 1964/2077/1942 2334/2531/2308 1963/2076/1941
f 2334/2531/2308 1962/2074/1939 1963/2076/1941
f 2335/2532/2309 1961/2075/1940 1962/2074/1939
f 1958/2066/1935 2337/2533/2310 1959/2069/1936
f 2338/2534/2311 2339/2535/2312 2337/2533/2310
f 2342/2536/2313 2339/2535/2312 2340/2537/2314
f 2342/2536/2313 2343/2538/2315 2341/2539/2316
f 2346/2540/2317 2343/2541/2315 2344/2542/2318
f 2344/2542/2318 1961/2075/1940 2346/2540/2317
f 1819/2543/1938 2342/2536/2313 1820/1882/1785
f 2340/2537/2314 1820/1882/1785 2342/2536/2313
f 1822/1887/1788 2338/2534/2311 1958/2066/1935
f 2338/2534/2311 1821/1885/1787 2340/2537/2314
f 2347/2544/2319 2341/2539/2316 2343/2538/2315
f 2348/2545/2320 2349/2546/2321 2350/2547/2322
f 2351/2548/2323 2350/2547/2322 2349/2546/2321
f 2351/2548/2323 2353/2549/2324 2357/2550/2325
f 2358/2551/2326 2354/2552/2327 2357/2550/2325
f 2352/2553/2328 2357/2550/2325 2354/2552/2327
f 2353/2549/2324 2358/2551/2326 2357/2550/2325
f 2360/2554/2329 2349/2555/2321 2347/2556/2319
f 2347/2556/2319 2345/2557/2330 2360/2554/2329
f 2359/2558/2331 2351/2559/2323 2349/2555/2321
f 2361/2560/2332 2353/2561/2324 2351/2559/2323
f 2353/2561/2324 2363/2562/2333 2355/2563/2334
f 2356/2564/2335 2365/2565/2336 2354/2552/2327
f 2366/2566/2337 2354/2552/2327 2365/2565/2336
f 2364/2567/2338 2368/2568/2339 2365/2565/2336
f 2368/2568/2339 2369/2569/2340 2370/2570/2341
f 2371/2571/2342 2370/2570/2341 2369/2569/2340
f 2365/2565/2336 2373/2572/2343 2366/2566/2337
f 2368/2568/2339 2374/2573/2344 2373/2572/2343
f 2370/2570/2341 2375/2574/2345 2374/2573/2344
f 2372/2575/2346 2376/2576/2347 2375/2574/2345
f 2377/2577/2348 2371/2571/2342 2378/2578/2349
f 2378/2578/2349 2380/2579/2350 2377/2577/2348
f 2377/2577/2348 2381/2580/2351 2376/2576/2347
f 2379/2581/2352 2383/2582/2353 2380/2579/2350
f 2384/2583/2354 2380/2579/2350 2383/2582/2353
f 2386/2584/2355 1951/2057/1928 1952/2060/1930
f 2385/2585/2356 2388/2586/2357 2387/2587/2358
f 2376/2576/2347 2387/2587/2358 2388/2586/2357
f 2389/2588/2359 2398/2589/2360 2397/2590/2361
f 2390/2591/2362 2399/2592/2363 2398/2589/2360
f 2391/2593/2364 2400/2594/2365 2399/2592/2363
f 2393/2595/2366 2374/2573/2344 2375/2574/2345
f 2394/2596/2367 2373/2572/2343 2374/2573/2344
f 2395/2597/2368 2366/2566/2337 2373/2572/2343
f 2397/2590/2361 2394/2596/2367 2393/2595/2366
f 2398/2589/2360 2395/2597/2368 2394/2596/2367
f 2399/2592/2363 2396/2598/2369 2395/2597/2368
f 2400/2594/2365 2350/2547/2322 2396/2598/2369
f 2352/2553/2328 2396/2598/2369 2350/2547/2322
f 2375/2574/2345 2388/2586/2357 2393/2595/2366
f 2386/2584/2355 2393/2595/2366 2388/2586/2357
f 2397/2590/2361 1952/2060/1930 2389/2588/2359
f 2392/2599/2370 2348/2545/2320 2400/2594/2365
f 2339/2535/2312 2341/2539/2316 2392/2599/2370
f 2392/2599/2370 2337/2533/2310 2339/2535/2312
f 1959/2069/1936 2391/2593/2364 2390/2591/2362
f 1960/2072/1937 2390/2591/2362 2389/2588/2359
f 1952/2060/1930 1960/2072/1937 2389/2588/2359
f 2402/2600/2371 2361/2560/2332 2359/2558/2331
f 2359/2558/2331 2403/2601/2372 2402/2600/2371
f 2360/2554/2329 2404/2602/2373 2403/2601/2372
f 2345/2557/2330 2405/2603/2374 2404/2602/2373
f 2346/2540/2317 2336/2604/2375 2405/2603/2374
f 2401/2605/2376 2362/2606/2377 2361/2560/2332
f 2407/2607/2378 2362/2606/2377 2406/2608/2379
f 2407/2607/2378 2355/2563/2334 2363/2562/2333
f 2358/2609/2326 2408/2610/2380 2356/2611/2335
f 2407/2607/2378 2409/2612/2381 2408/2610/2380
f 2406/2608/2379 2410/2613/2382 2409/2612/2381
f 2401/2605/2376 2411/2614/2383 2410/2613/2382
f 2402/2600/2371 2412/2615/2384 2411/2614/2383
f 2403/2601/2372 2413/2616/2385 2412/2615/2384
f 2404/2602/2373 2414/2617/2386 2413/2616/2385
f 2405/2603/2374 2415/2618/2387 2414/2617/2386
f 1950/2056/1927 2417/2619/2388 1949/2054/1926
f 2416/2620/2389 2419/2621/2390 2417/2619/2388
f 2418/2622/2391 2421/2623/2392 2419/2621/2390
f 2420/2624/2393 2423/2625/2394 2421/2623/2392
f 1951/2057/1928 2428/2626/2395 1950/2056/1927
f 2383/2582/2353 2420/2624/2393 2384/2583/2354
f 2382/2627/2396 2424/2628/2397 2383/2582/2353
f 2424/2628/2397 2426/2629/2398 2422/2630/2399
f 2428/2626/2395 2416/2620/2389 1950/2056/1927
f 2416/2620/2389 2429/2631/2400 2418/2622/2391
f 2384/2583/2354 2418/2622/2391 2429/2631/2400
f 2428/2626/2395 2387/2587/2358 2429/2631/2400
f 2381/2580/2351 2429/2631/2400 2387/2587/2358
f 2422/2630/2399 2427/2632/2401 2423/2625/2394
f 2420/2624/2393 2424/2628/2397 2422/2630/2399
f 2430/2633/2402 2444/2634/2403 2433/2635/2404
f 2443/2636/2405 2433/2635/2404 2444/2634/2403
f 2462/2637/2406 2466/2638/2407 2463/2639/2408
f 2467/2640/2409 2461/2641/2410 2468/2642/2411
f 2463/2639/2408 2465/2643/2412 2464/2644/2413
f 2449/2645/2414 2447/2646/2415 2450/2647/2416
f 2446/2648/2417 2450/2647/2416 2447/2646/2415
f 2445/2649/2418 2447/2646/2415 2444/2634/2403
f 2448/2650/2419 2444/2634/2403 2447/2646/2415
f 2455/2651/2420 2453/2652/2421 2456/2653/2422
f 2452/2654/2423 2456/2653/2422 2453/2652/2421
f 2451/2655/2424 2453/2652/2421 2450/2647/2416
f 2454/2656/2425 2450/2647/2416 2453/2652/2421
f 2432/2657/2426 2460/2658/2427 2459/2659/2428
f 2431/2660/2429 2459/2659/2428 2458/2661/2430
f 2457/2662/2431 2459/2659/2428 2456/2653/2422
f 2460/2658/2427 2456/2653/2422 2459/2659/2428
f 2462/2637/2406 2440/2663/2432 2461/2641/2410
f 2436/2664/2433 2463/2639/2408 2437/2665/2434
f 2437/2665/2434 2464/2644/2413 2441/2666/2435
f 2471/2667/2436 2473/2668/2437 2472/2669/2438
f 2470/2670/2439 2474/2671/2440 2471/2667/2436
f 2475/2672/2441 2469/2673/2442 2476/2674/2443
f 2470/2670/2439 2468/2642/2411 2469/2673/2442
f 2467/2640/2409 2471/2667/2436 2466/2638/2407
f 2466/2638/2407 2472/2669/2438 2465/2643/2412
f 2479/2675/2444 2481/2676/2445 2480/2677/2446
f 2478/2678/2447 2482/2679/2448 2479/2675/2444
f 2483/2680/2449 2477/2681/2450 2484/2682/2451
f 2478/2678/2447 2476/2674/2443 2477/2681/2450
f 2475/2672/2441 2479/2675/2444 2474/2671/2440
f 2474/2671/2440 2480/2677/2446 2473/2668/2437
f 2482/2679/2448 2442/2683/2452 2481/2676/2445
f 2483/2680/2449 2438/2684/2453 2482/2679/2448
f 2439/2685/2454 2484/2682/2451 2435/2686/2455
f 2409/2612/2381 2446/2648/2417 2445/2649/2418
f 2410/2613/2382 2451/2655/2424 2446/2648/2417
f 2411/2614/2383 2452/2654/2423 2451/2655/2424
f 2412/2615/2384 2457/2662/2431 2452/2654/2423
f 2413/2616/2385 2458/2661/2430 2457/2662/2431
f 2414/2617/2386 2431/2660/2429 2458/2661/2430
f 2408/2610/2380 2445/2649/2418 2430/2633/2402
f 2485/2687/2456 2461/2641/2410 2440/2663/2432
f 2486/2688/2457 2487/2689/2458 2488/2690/2459
f 2434/2691/2460 2488/2690/2459 2487/2689/2458
f 2454/2656/2425 2477/2681/2450 2476/2674/2443
f 2455/2651/2420 2484/2682/2451 2477/2681/2450
f 2460/2658/2427 2435/2686/2455 2484/2682/2451
f 2443/2636/2405 2489/2692/2461 2488/2690/2459
f 2448/2650/2419 2490/2693/2462 2489/2692/2461
f 2449/2645/2414 2476/2674/2443 2490/2693/2462
f 2469/2673/2442 2490/2693/2462 2476/2674/2443
f 2489/2692/2461 2469/2673/2442 2468/2642/2411
f 2486/2688/2457 2468/2642/2411 2461/2641/2410
f 2489/2692/2461 2486/2688/2457 2488/2690/2459
f 2492/2694/2463 2481/2676/2445 2442/2683/2452
f 2491/2695/2464 2494/2696/2465 2493/2697/2466
f 1105/1102/1074 2493/2697/2466 2494/2696/2465
f 1098/1094/1066 2495/2698/2467 2496/1097/1069
f 1087/1083/1055 2496/1097/1069 2497/1095/1067
f 1088/2699/2468 2497/1095/1067 2498/1086/1058
f 2506/2700/2469 2504/2701/2470 2503/2702/2471
f 2506/2700/2469 2502/2703/2472 2507/2704/2473
f 2503/2702/2471 2442/2683/2452 2502/2703/2472
f 2492/2694/2463 2504/2701/2470 2494/2696/2465
f 2500/2705/2474 2505/2706/2475 2506/2700/2469
f 2506/2700/2469 2501/2707/2476 2500/2705/2474
f 2494/2696/2465 1103/1103/1075 1105/1102/1074
f 1103/1103/1075 2505/2706/2475 1102/1099/1071
f 2505/2706/2475 1101/1100/1072 1102/1099/1071
f 2439/2685/2454 2508/2708/2477 2438/2684/2453
f 2509/2709/2478 2510/2710/2479 2508/2708/2477
f 2502/2703/2472 2438/2684/2453 2508/2708/2477
f 2508/2708/2477 2507/2704/2473 2502/2703/2472
f 2507/2704/2473 2512/2711/2480 2501/2707/2476
f 2512/2711/2480 2507/2704/2473 2510/2710/2479
f 2514/2712/2481 2512/2711/2480 2510/2710/2479
f 2513/2713/2482 2501/2707/2476 2512/2711/2480
f 2514/2712/2481 2511/2714/2483 2516/2715/2484
f 2524/2716/2485 2518/2717/2486 2525/2718/2487
f 2525/2718/2487 2519/2719/2488 2526/2720/2489
f 2517/2721/2490 2523/2722/2491 2520/2723/2492
f 2520/2723/2492 2665/2724/2493 2517/2721/2490
f 2524/2716/2485 2415/2618/2387 2523/2722/2491
f 2431/2660/2429 2525/2718/2487 2432/2657/2426
f 2432/2657/2426 2526/2720/2489 2435/2686/2455
f 2523/2722/2491 2334/2531/2308 2520/2723/2492
f 2335/2532/2309 2415/2618/2387 2336/2604/2375
f 2509/2709/2478 2435/2686/2455 2526/2720/2489
f 2511/2714/2483 2526/2720/2489 2519/2719/2488
f 2408/2610/2380 2364/2725/2338 2356/2611/2335
f 2367/2726/2494 2430/2633/2402 2433/2635/2404
f 2367/2726/2494 2434/2691/2460 2369/2727/2340
f 2487/2689/2458 2369/2727/2340 2434/2691/2460
f 2371/2728/2342 2485/2687/2456 2378/2729/2349
f 2485/2687/2456 2379/2730/2352 2378/2729/2349
f 2440/2663/2432 2382/2731/2396 2379/2730/2352
f 2436/2664/2433 2425/2732/2495 2382/2731/2396
f 2425/2732/2495 2441/2666/2435 2426/2733/2398
f 2426/2733/2398 2527/2734/2496 2427/2735/2401
f 2441/2666/2435 2528/2736/2497 2527/2734/2496
f 2464/2644/2413 2529/2737/2498 2528/2736/2497
f 2529/2737/2498 2472/2669/2438 2530/2738/2499
f 2472/2669/2438 2531/2739/2500 2530/2738/2499
f 2582/2740/2501 2778/2741/2502 2821/2742/2503
f 2481/2676/2445 2583/2743/2504 2480/2677/2446
f 2533/2744/2505 2423/2625/2394 2427/2632/2401
f 2534/2745/2506 2538/2746/2507 2537/2747/2508
f 2537/2747/2508 2536/2748/2509 2535/2749/2510
f 2536/2750/2509 2539/2751/2511 2535/2752/2510
f 2540/2753/2512 2541/2754/2513 2539/2751/2511
f 2536/2750/2509 2542/2755/2514 2540/2753/2512
f 2543/2756/2515 2538/2757/2507 2533/2758/2505
f 2543/2756/2515 2541/2754/2513 2542/2755/2514
f 2527/2734/2496 2544/2759/2516 2543/2756/2515
f 2427/2735/2401 2543/2756/2515 2533/2758/2505
f 1949/2054/1926 2546/2760/2517 1948/2053/1925
f 2545/2761/2518 2548/2762/2519 2546/2760/2517
f 2548/2762/2519 2549/2763/2520 2550/2764/2521
f 2547/2765/2522 2417/2619/2388 2419/2621/2390
f 1949/2054/1926 2417/2619/2388 2545/2761/2518
f 2419/2621/2390 2551/2766/2523 2547/2765/2522
f 2551/2766/2523 2537/2747/2508 2552/2767/2524
f 2551/2766/2523 2549/2763/2520 2547/2765/2522
f 2534/2745/2506 2421/2623/2392 2423/2625/2394
f 2535/2749/2510 2552/2767/2524 2537/2747/2508
f 2553/2768/2525 2549/2763/2520 2552/2767/2524
f 2554/2769/2526 2550/2764/2521 2549/2763/2520
f 2553/2770/2525 2539/2751/2511 2555/2771/2527
f 2555/2771/2527 2554/2772/2526 2553/2770/2525
f 2555/2771/2527 2557/2773/2528 2556/2774/2529
f 2539/2751/2511 2558/2775/2530 2555/2771/2527
f 2820/2776/2531 1096/1092/1064 2823/2777/2532
f 2582/2740/2501 2821/2742/2503 2532/2778/2533
f 2822/2779/2534 2584/2780/2535 2803/2781/2536
f 2566/2782/2537 2564/2783/2538 2563/2784/2539
f 2565/2785/2540 2568/2786/2541 2564/2783/2538
f 2567/2787/2542 2570/2788/2543 2568/2786/2541
f 2571/2789/2544 2564/2783/2538 2568/2786/2541
f 2562/2790/2545 2572/2791/2546 2560/2792/2547
f 2529/2737/2498 2560/2792/2547 2572/2791/2546
f 2565/2785/2540 2573/2793/2548 2574/2794/2549
f 2576/2795/2550 2563/2784/2539 2561/2796/2551
f 2561/2796/2551 2577/2797/2552 2576/2795/2550
f 2563/2784/2539 2575/2798/2553 2566/2782/2537
f 2578/2799/2554 2566/2782/2537 2575/2798/2553
f 2815/2800/2555 2816/2801/2556 2532/2778/2533
f 1113/1112/1084 2580/2802/2557 1114/1110/1082
f 2581/2803/2558 2579/2804/2559 2822/2779/2534
f 2581/2803/2558 2814/2805/2560 2579/2804/2559
f 1114/1110/1082 2579/2804/2559 2814/2805/2560
f 2586/2806/2561 2764/2807/2562 2763/2808/2563
f 2771/2809/2564 2606/2810/2565 2605/2811/2566
f 2795/2812/2567 2765/2813/2568 2767/2814/2569
f 2769/2815/2570 2797/2816/2571 2796/2817/2572
f 2574/2794/2549 2567/2787/2542 2565/2785/2540
f 2557/2773/2528 2570/2788/2543 2556/2774/2529
f 2557/2773/2528 2568/2786/2541 2570/2788/2543
f 2571/2789/2544 2589/2818/2573 2572/2791/2546
f 2529/2737/2498 2589/2818/2573 2528/2736/2497
f 2544/2759/2516 2558/2775/2530 2541/2754/2513
f 2558/2775/2530 2589/2818/2573 2557/2773/2528
f 2589/2818/2573 2544/2759/2516 2528/2736/2497
f 2590/2819/2574 2592/2820/2575 2593/2821/2576
f 2592/2820/2575 2595/2822/2577 2593/2821/2576
f 2594/2823/2578 2596/2824/2579 2595/2822/2577
f 2598/2825/2580 2596/2824/2579 2597/2826/2581
f 2599/2827/2582 2601/2828/2583 2600/2829/2584
f 2602/2830/2585 2600/2829/2584 2601/2828/2583
f 1843/1922/1809 2603/2831/2586 1841/1919/1808
f 2603/2831/2586 1839/1916/1805 1841/1919/1808
f 2604/2832/2587 1838/1914/1804 1839/1916/1805
f 2605/2811/2566 1837/1911/1802 1838/1914/1804
f 1837/1911/1802 2607/2833/2588 1830/1912/1803
f 2607/2833/2588 2606/2810/2565 2608/2834/2589
f 2609/2835/2590 2590/2819/2574 2593/2821/2576
f 2593/2821/2576 2611/2836/2591 2609/2835/2590
f 2596/2824/2579 2611/2836/2591 2595/2822/2577
f 2596/2824/2579 2613/2837/2592 2612/2838/2593
f 2599/2827/2582 2614/2839/2594 2613/2837/2592
f 2614/2839/2594 1843/1922/1809 1842/2840/1810
f 2616/2841/2595 2610/2842/2596 2609/2843/2590
f 2618/2844/2597 2609/2843/2590 2611/2845/2591
f 2620/2846/2598 2611/2845/2591 2612/2847/2593
f 2622/2848/2599 2612/2847/2593 2613/2849/2592
f 2624/2850/2600 2613/2849/2592 2614/2851/2594
f 1695/1750/1670 2614/2851/2594 1842/1923/1810
f 2590/2819/2574 2615/2852/2601 2591/2853/2602
f 2615/2852/2601 2625/2854/2603 2591/2853/2602
f 2623/2855/2604 2621/2856/2605 2625/2854/2603
f 2619/2857/2606 2617/2858/2607 2621/2856/2605
f 2628/2859/2608 2617/2858/2607 2626/2860/2609
f 2591/2853/2602 2629/2861/2610 2592/2820/2575
f 2625/2854/2603 2630/2862/2611 2629/2861/2610
f 2621/2856/2605 2631/2863/2612 2630/2862/2611
f 2617/2858/2607 2632/2864/2613 2631/2863/2612
f 2626/2865/2609 2633/2866/2614 2628/2867/2608
f 2626/2865/2609 2635/2868/2615 2634/2869/2616
f 2619/2870/2606 2636/2871/2617 2635/2868/2615
f 2615/2872/2601 2636/2871/2617 2623/2873/2604
f 2518/2717/2486 2637/2874/2618 2638/2875/2619
f 2638/2875/2619 2519/2719/2488 2518/2717/2486
f 2519/2719/2488 2516/2715/2484 2511/2714/2483
f 2660/2876/2620 2653/2877/2621 2661/2878/2622
f 2661/2878/2622 2652/2879/2623 2662/2880/2624
f 2651/2881/2625 2662/2880/2624 2652/2879/2623
f 2651/2881/2625 2664/2882/2626 2663/2883/2627
f 2646/2884/2628 2644/2885/2629 2643/2886/2630
f 2646/2884/2628 2642/2887/2631 2647/2888/2632
f 2641/2889/2633 2647/2888/2632 2642/2887/2631
f 2648/2890/2634 2640/2891/2635 2649/2892/2636
f 2658/2893/2637 2644/2885/2629 2659/2894/2638
f 2643/2886/2630 2657/2895/2639 2642/2887/2631
f 2656/2896/2640 2642/2887/2631 2657/2895/2639
f 2655/2897/2641 2641/2889/2633 2656/2896/2640
f 2654/2898/2642 2656/2896/2640 2653/2877/2621
f 2653/2877/2621 2657/2895/2639 2652/2879/2623
f 2658/2893/2637 2652/2879/2623 2657/2895/2639
f 2651/2881/2625 2659/2894/2638 2650/2899/2643
f 2637/2874/2618 2661/2878/2622 2638/2875/2619
f 2638/2875/2619 2662/2880/2624 2639/2900/2644
f 2663/2883/2627 2639/2900/2644 2662/2880/2624
f 2663/2883/2627 2514/2712/2481 2516/2715/2484
f 2666/2901/2645 2667/2902/2646 2665/2724/2493
f 2668/2903/2647 2669/2904/2648 2667/2902/2646
f 2670/2905/2649 2671/2906/2650 2669/2904/2648
f 2671/2906/2650 2655/2897/2641 2669/2904/2648
f 2654/2898/2642 2669/2904/2648 2655/2897/2641
f 2667/2902/2646 2660/2876/2620 2665/2724/2493
f 2637/2874/2618 2665/2724/2493 2660/2876/2620
f 2640/2891/2635 2671/2906/2650 2649/2892/2636
f 2522/2907/2651 2674/2908/2652 2692/2909/2653
f 2692/2909/2653 2675/2910/2654 2691/2911/2655
f 2690/2912/2656 2647/2888/2632 2691/2911/2655
f 2676/2913/2657 2689/2914/2658 2690/2912/2656
f 2688/2915/2659 2645/2916/2660 2689/2914/2658
f 2645/2916/2660 2680/2917/2661 2644/2885/2629
f 2680/2917/2661 2659/2894/2638 2644/2885/2629
f 2681/2918/2662 2650/2899/2643 2659/2894/2638
f 2515/2919/2663 2650/2899/2643 2682/2920/2664
f 2664/2882/2626 2513/2713/2482 2514/2712/2481
f 2515/2919/2663 2683/2921/2665 2501/2707/2476
f 2683/2921/2665 2681/2918/2662 2684/2922/2666
f 2680/2917/2661 2684/2922/2666 2681/2918/2662
f 2685/2923/2667 2680/2917/2661 2678/2924/2668
f 2679/2925/2669 2687/2926/2670 2688/2915/2659
f 2678/2924/2668 2687/2926/2670 2685/2923/2667
f 2646/2884/2628 2689/2914/2658 2645/2916/2660
f 2679/2925/2669 2689/2914/2658 2677/2927/2671
f 2676/2913/2657 2691/2911/2655 2675/2910/2654
f 2648/2890/2634 2691/2911/2655 2647/2888/2632
f 2649/2892/2636 2692/2909/2653 2648/2890/2634
f 2521/2928/2672 2671/2906/2650 2672/2929/2673
f 2673/2930/2674 2649/2892/2636 2671/2906/2650
f 2694/2931/2675 2685/2923/2667 2687/2926/2670
f 2501/2707/2476 2683/2921/2665 2500/2705/2474
f 2684/2922/2666 2500/2705/2474 2683/2921/2665
f 2684/2922/2666 2694/2931/2675 2499/2932/2676
f 2694/2931/2675 1101/1100/1072 2499/2932/2676
f 2687/2926/2670 2693/2933/2677 2694/2931/2675
f 2705/2934/2678 2695/2935/2679 2706/2936/2680
f 2693/2933/2677 2495/2698/2467 2694/2931/2675
f 2704/2937/2681 2696/2938/2682 2705/2934/2678
f 2700/2939/2683 2695/2935/2679 2696/2938/2682
f 2696/2938/2682 2697/2940/2684 2701/2941/2685
f 2700/2939/2683 2696/2938/2682 2701/2941/2685
f 2695/2935/2679 2703/2942/2686 2702/2943/2687
f 2702/2943/2687 2628/2867/2608 2633/2866/2614
f 2710/2944/2688 2708/2945/2689 2711/2946/2690
f 2711/2946/2690 2707/2947/2691 2712/2948/2692
f 2708/2945/2689 2706/2936/2680 2707/2947/2691
f 2709/2949/2693 2705/2934/2678 2708/2945/2689
f 2716/2950/2694 2714/2951/2695 2717/2952/2696
f 2717/2952/2696 2713/2953/2697 2718/2954/2698
f 2714/2951/2695 2712/2948/2692 2713/2953/2697
f 2715/2955/2699 2711/2946/2690 2714/2951/2695
f 2698/2061/1931 2717/2952/2696 1692/1746/1668
f 1692/1746/1668 2718/2954/2698 1693/1745/1667
f 2622/2848/2599 2722/2956/2700 2721/2957/2701
f 2713/2953/2697 2723/2958/2702 2721/2957/2701
f 2719/2959/2703 2620/2846/2598 2720/2960/2704
f 2622/2848/2599 2720/2960/2704 2620/2846/2598
f 2719/2959/2703 2723/2958/2702 2724/2961/2705
f 2721/2957/2701 2718/2954/2698 2713/2953/2697
f 2720/2960/2704 2721/2957/2701 2723/2958/2702
f 2724/2961/2705 2712/2948/2692 2707/2947/2691
f 2636/2871/2617 2616/2841/2595 2725/2962/2706
f 2618/2844/2597 2725/2962/2706 2616/2841/2595
f 2724/2961/2705 2725/2962/2706 2719/2959/2703
f 2707/2947/2691 2726/2963/2707 2724/2961/2705
f 2722/2956/2700 1693/1745/1667 2718/2954/2698
f 1694/1748/1669 2624/2850/2600 1695/1750/1670
f 2635/2868/2615 2726/2963/2707 2634/2869/2616
f 2706/2936/2680 2633/2866/2614 2726/2963/2707
f 2634/2869/2616 2726/2963/2707 2633/2866/2614
f 2702/2943/2687 2706/2936/2680 2695/2935/2679
f 2636/2871/2617 2725/2962/2706 2635/2868/2615
f 2728/2964/2708 2703/2965/2686 2699/2966/2709
f 2699/2966/2709 2729/2967/2710 2728/2964/2708
f 2700/2968/2683 2730/2969/2711 2729/2967/2710
f 2727/2970/2712 2628/2859/2608 2703/2965/2686
f 2627/2971/2713 2731/2972/2714 2632/2864/2613
f 2731/2972/2714 2728/2964/2708 2732/2973/2715
f 2728/2964/2708 2733/2974/2716 2732/2973/2715
f 2729/2967/2710 2734/2975/2717 2733/2974/2716
f 2730/2969/2711 2735/2976/2718 2736/2977/2719
f 2738/2978/2720 2736/2977/2719 2735/2976/2718
f 2736/2977/2719 2734/2975/2717 2730/2969/2711
f 2739/2979/2721 2737/2980/2722 2740/2981/2723
f 2738/2982/2720 2742/2983/2724 2741/2984/2725
f 2701/2941/2685 2742/2983/2724 2735/2985/2718
f 2740/2981/2723 2738/2978/2720 2741/2986/2725
f 2746/2987/2726 2550/2764/2521 2747/2988/2727
f 2743/2989/2728 1948/2053/1925 2546/2760/2517
f 2744/2990/2729 2546/2760/2517 2548/2762/2519
f 2745/2991/2730 2548/2762/2519 2550/2764/2521
f 2749/2992/2731 2741/2984/2725 2742/2983/2724
f 2746/2987/2726 2748/2993/2732 2749/2992/2731
f 2745/2991/2730 2750/2994/2733 2754/2995/2734
f 1946/1997/1878 2752/2996/2735 2751/2997/2736
f 2743/2989/2728 2753/2998/2737 2752/2996/2735
f 2744/2990/2729 2754/2995/2734 2753/2998/2737
f 2752/2996/2735 2710/2944/2688 2715/2955/2699
f 2709/2949/2693 2753/2998/2737 2754/2995/2734
f 2750/2994/2733 2709/2949/2693 2754/2995/2734
f 1912/2046/1920 1946/1997/1878 2751/2997/2736
f 2751/2997/2736 2715/2955/2699 2716/2950/2694
f 2716/2950/2694 1912/2046/1920 2751/2997/2736
f 1697/2008/1887 1691/1743/1666 1690/1740/1665
f 1691/1743/1666 2698/2061/1931 1692/1746/1668
f 2742/2983/2724 1954/2999/2738 2749/2992/2731
f 2750/2994/2733 2749/2992/2731 1954/2999/2738
f 1954/2999/2738 2704/2937/2681 2750/2994/2733
f 2741/2986/2725 2755/3000/2739 2740/2981/2723
f 2748/3001/2732 2756/3002/2740 2755/3000/2739
f 2747/3003/2727 2556/2774/2529 2756/3002/2740
f 2550/2764/2521 2554/2769/2526 2747/2988/2727
f 2556/2774/2529 2570/2788/2543 2756/3002/2740
f 2569/3004/2741 2756/3002/2740 2570/2788/2543
f 2756/3002/2740 2757/3005/2742 2755/3000/2739
f 2833/3006/2743 2835/3007/2744 2831/3008/2745
f 2757/3005/2742 2760/3009/2746 2758/3010/2747
f 2567/2787/2542 2760/3009/2746 2569/3004/2741
f 2835/3007/2744 2828/3011/2748 2837/3012/2749
f 2767/2814/2569 2796/2817/2572 2795/2812/2567
f 2794/3013/2750 2772/3014/2751 2765/2813/2568
f 2765/2813/2568 2631/2863/2612 2632/2864/2613
f 2632/2864/2613 2767/2814/2569 2765/2813/2568
f 2731/2972/2714 2769/2815/2570 2767/2814/2569
f 2732/2973/2715 2766/3015/2752 2769/2815/2570
f 2763/2808/2563 2773/3016/2753 2768/3017/2754
f 2764/2807/2562 2774/3018/2755 2773/3016/2753
f 2771/2809/2564 2604/2832/2587 2774/3018/2755
f 2768/3017/2754 2776/3019/2756 2777/3020/2757
f 2787/3021/2758 2733/2974/2716 2734/2975/2717
f 2773/3016/2753 2775/3022/2759 2776/3019/2756
f 2777/3020/2757 2780/3023/2760 2781/3024/2761
f 2777/3020/2757 2782/3025/2762 2821/2742/2503
f 2776/3019/2756 2779/3026/2763 2780/3023/2760
f 2781/3024/2761 2784/3027/2764 2785/3028/2765
f 2785/3028/2765 2782/3025/2762 2781/3024/2761
f 2801/3029/2766 2797/2816/2571 2770/3030/2767
f 2780/3023/2760 2783/3031/2768 2784/3027/2764
f 2785/3028/2765 2789/3032/2769 2790/3033/2770
f 2790/3033/2770 2786/3034/2771 2785/3028/2765
f 2766/3015/2752 2770/3030/2767 2797/2816/2571
f 2784/3027/2764 2788/3035/2772 2789/3032/2769
f 2790/3033/2770 2794/3013/2750 2795/2812/2567
f 2795/2812/2567 2791/3036/2773 2790/3033/2770
f 2796/2817/2572 2792/3037/2774 2791/3036/2773
f 2789/3032/2769 2793/3038/2775 2794/3013/2750
f 2597/2826/2581 2799/3039/2776 2598/2825/2580
f 2798/3040/2777 2788/3035/2772 2799/3039/2776
f 2602/2830/2585 2775/3022/2759 2603/2831/2586
f 2774/3018/2755 2603/2831/2586 2775/3022/2759
f 2594/2823/2578 2798/3040/2777 2597/2826/2581
f 2800/3041/2778 2793/3038/2775 2798/3040/2777
f 2629/2861/2610 2594/2823/2578 2592/2820/2575
f 2630/2862/2611 2772/3014/2751 2800/3041/2778
f 2630/2862/2611 2800/3041/2778 2629/2861/2610
f 2783/3031/2768 2598/2825/2580 2799/3039/2776
f 2601/2828/2583 2779/3026/2763 2602/2830/2585
f 2783/3031/2768 2799/3039/2776 2788/3035/2772
f 2762/3042/2779 2770/3030/2767 2761/3043/2780
f 2825/3044/2781 2826/3045/2782 2823/2777/2532
f 2825/3044/2781 1083/1081/1053 2865/3046/2783
f 2802/3047/2784 2770/3030/2767 2787/3021/2758
f 2802/3047/2784 2734/2975/2717 2739/2979/2721
f 2532/2778/2533 2814/2805/2560 2582/2740/2501
f 2758/3010/2747 2755/3000/2739 2757/3005/2742
f 2759/3048/2785 2740/2981/2723 2755/3000/2739
f 2803/2781/2536 2581/2803/2558 2822/2779/2534
f 2803/2781/2536 2768/3017/2754 2778/2741/2502
f 2777/3020/2757 2778/2741/2502 2768/3017/2754
f 2771/2809/2564 2587/3049/2786 2606/2810/2565
f 2578/2799/2554 2585/3050/2787 2573/2793/2548
f 2782/3025/2762 2532/2778/2533 2821/2742/2503
f 2804/3051/2788 2801/3029/2766 2762/3042/2779
f 2805/3052/2789 2792/3037/2774 2801/3029/2766
f 2806/3053/2790 2791/3036/2773 2792/3037/2774
f 1112/1108/1080 2814/2805/2560 2813/3054/2791
f 1110/1107/1079 2813/3054/2791 2812/3055/2792
f 1108/1104/1076 2812/3055/2792 2811/3056/2793
f 2810/3057/2794 2808/3058/2795 2809/3059/2796
f 1107/3060/2797 2809/3059/2796 2493/2697/2466
f 2583/2743/2504 2493/2697/2466 2809/3059/2796
f 2763/2808/2563 2584/2780/2535 2586/2806/2561
f 2818/3061/2798 2804/3051/2788 2819/3062/2799
f 2817/3063/2800 2805/3052/2789 2804/3051/2788
f 2805/3052/2789 2815/2800/2555 2806/3053/2790
f 2813/3054/2791 2532/2778/2533 2816/2801/2556
f 2812/3055/2792 2816/2801/2556 2817/3063/2800
f 2811/3056/2793 2817/3063/2800 2818/3061/2798
f 1107/3060/2797 2811/3056/2793 2810/3057/2794
f 2818/3061/2798 2810/3057/2794 2811/3056/2793
f 2786/3034/2771 2815/2800/2555 2782/3025/2762
f 2837/3012/2749 2831/3008/2745 2835/3007/2744
f 2826/3045/2782 2836/3064/2801 2823/2777/2532
f 2832/3065/2802 2833/3006/2743 2831/3008/2745
f 2832/3065/2802 2830/3066/2803 2829/3067/2804
f 2827/3068/2805 2828/3011/2748 2826/3045/2782
f 2823/2777/2532 2833/3006/2743 2834/3069/2806
f 2820/2776/2531 2838/3070/2807 2580/2802/2557
f 2820/2776/2531 2823/2777/2532 2834/3069/2806
f 2839/3071/2808 2580/2802/2557 2838/3070/2807
f 2839/3071/2808 2822/2779/2534 2579/2804/2559
f 2841/3072/2809 2822/2779/2534 2840/3073/2810
f 2584/2780/2535 2842/3074/2811 2586/2806/2561
f 2844/3075/2812 2842/3074/2811 2841/3072/2809
f 2841/3072/2809 2845/3076/2813 2844/3075/2812
f 2840/3073/2810 2838/3070/2807 2845/3076/2813
f 2845/3076/2813 2834/3069/2806 2832/3065/2802
f 2832/3065/2802 2844/3075/2812 2845/3076/2813
f 2843/3077/2814 2844/3075/2812 2829/3067/2804
f 2842/3074/2811 2846/3078/2815 2586/2806/2561
f 2586/2806/2561 2847/3079/2816 2587/3049/2786
f 2608/2834/2589 2587/3049/2786 2847/3079/2816
f 2849/3080/2817 2847/3081/2816 2846/3082/2815
f 2849/3080/2817 2843/3083/2814 2850/3084/2818
f 2843/3083/2814 2851/3085/2819 2850/3084/2818
f 2829/3086/2804 2852/3087/2820 2851/3085/2819
f 2830/3088/2803 2853/3089/2821 2852/3087/2820
f 2837/3090/2749 2854/3091/2822 2853/3089/2821
f 2827/3092/2805 2854/3091/2822 2828/3093/2748
f 2857/3094/2823 2849/3080/2817 2850/3084/2818
f 2850/3084/2818 2858/3095/2824 2857/3094/2823
f 2851/3085/2819 2859/3096/2825 2858/3095/2824
f 2852/3087/2820 2860/3097/2826 2859/3096/2825
f 2853/3089/2821 2861/3098/2827 2860/3097/2826
f 2861/3098/2827 2855/3099/2828 2862/3100/2829
f 2856/3101/2830 2848/3102/2831 2849/3080/2817
f 1084/3103/2832 2865/3046/2783 1083/1081/1053
f 2864/3104/2833 2867/3105/2834 2865/3046/2783
f 2825/3044/2781 2867/3105/2834 2827/3068/2805
f 1096/1092/1064 2825/3044/2781 2823/2777/2532
f 2530/2738/2499 2559/3106/2835 2560/2792/2547
f 2561/2796/2551 2560/2792/2547 2559/3106/2835
f 2562/2790/2545 2563/2784/2539 2564/2783/2538
f 2559/3106/2835 2531/2739/2500 2577/2797/2552
f 2531/2739/2500 2808/3058/2795 2577/2797/2552
f 2473/2668/2437 2824/3107/2836 2531/2739/2500
f 2480/2677/2446 2583/2743/2504 2824/3107/2836
f 2809/3059/2796 2824/3107/2836 2583/2743/2504
f 2807/3108/2837 2577/2797/2552 2808/3058/2795
f 2868/3109/2838 2818/3061/2798 2819/3062/2799
f 2762/3042/2779 2819/3062/2799 2804/3051/2788
f 2578/2799/2554 2819/3062/2799 2585/3050/2787
f 2868/3109/2838 2578/2799/2554 2575/2798/2553
f 2577/2797/2552 2868/3109/2838 2576/2795/2550
f 2575/2798/2553 2576/2795/2550 2868/3109/2838
f 2869/3110/2839 2762/3042/2779 2761/3043/2780
f 2802/3047/2784 2870/3111/2840 2761/3043/2780
f 2802/3047/2784 2759/3048/2785 2871/3112/2841
f 2871/3112/2841 2760/3009/2746 2870/3111/2840
f 2870/3111/2840 2869/3110/2839 2761/3043/2780
f 2872/3113/2842 2574/2794/2549 2869/3110/2839
f 2585/3050/2787 2574/2794/2549 2573/2793/2548
f 2760/3009/2746 2872/3113/2842 2870/3111/2840
f 2758/3010/2747 2871/3112/2841 2759/3048/2785
f 2333/2529/2306 2520/2723/2492 2334/2531/2308
f 2666/2901/2645 2332/2530/2307 2668/2903/2647
f 2670/2905/2649 2332/2530/2307 2331/2528/2305
f 2670/2905/2649 2330/2526/2303 2672/2929/2673
f 2329/2525/2302 2672/2929/2673 2330/2526/2303
f 2522/2907/2651 2873/3114/2843 2674/2908/2652
f 2874/3115/2844 2674/2908/2652 2873/3114/2843
f 2675/2910/2654 2875/3116/2845 2676/2913/2657
f 2875/3116/2845 2677/2927/2671 2676/2913/2657
f 2876/3117/2846 2679/2925/2669 2677/2927/2671
f 2913/3118/2847 3541/3119/2848 2914/3120/2849
f 2913/3118/2847 2264/2451/2237 2895/3121/2850
f 2915/3122/2851 2882/3123/2852 2890/3124/2853
f 2906/3125/2854 2899/3126/2855 2898/3127/2856
f 1100/1098/1070 2894/3128/2857 2879/3129/2858
f 2881/3130/2859 2914/3120/2849 3541/3119/2848
f 2890/3124/2853 2888/3131/2860 2915/3122/2851
f 3583/3132/2861 3541/3119/2848 2883/3133/2862
f 2892/3134/2863 2899/3126/2855 2893/3135/2864
f 2882/3123/2852 2891/3136/2865 2880/3137/2866
f 2896/3138/2867 2880/3137/2866 2891/3136/2865
f 2897/3139/2868 2879/3129/2858 2896/3138/2867
f 2907/3140/2869 2905/3141/2870 2908/3142/2871
f 2908/3142/2871 2904/3143/2872 2909/3144/2873
f 2903/3145/2874 2909/3144/2873 2904/3143/2872
f 2903/3145/2874 2915/3122/2851 2902/3146/2875
f 2900/3147/2876 1089/1087/1059 1099/1096/1068
f 2911/3148/2877 2901/3149/2878 2912/3150/2879
f 2902/3146/2875 2888/3131/2860 2901/3149/2878
f 2270/2457/2243 2895/3121/2850 2264/2451/2237
f 1090/1088/1060 2898/3127/2856 2892/3134/2863
f 2889/3151/2880 2904/3143/2872 2891/3136/2865
f 2905/3141/2870 2891/3136/2865 2904/3143/2872
f 2906/3125/2854 2896/3138/2867 2905/3141/2870
f 2878/3152/2881 2919/3153/2882 2918/3154/2883
f 2878/3152/2881 2917/3155/2884 2877/3156/2885
f 2916/3157/2886 2877/3156/2885 2917/3155/2884
f 1135/1139/1105 1134/1138/1104 2261/2522/2299
f 2894/3128/2857 2686/3158/2887 2876/3117/2846
f 2883/3133/2862 2895/3121/2850 2884/3159/2888
f 2916/3157/2886 2911/3148/2877 2914/3120/2849
f 2902/3146/2875 2910/3160/2889 2903/3145/2874
f 2900/3147/2876 2906/3125/2854 2898/3127/2856
f 2910/3160/2889 2917/3155/2884 2909/3144/2873
f 2918/3154/2883 2909/3144/2873 2917/3155/2884
f 2919/3153/2882 2908/3142/2871 2918/3154/2883
f 2912/3150/2879 2263/2450/2236 2913/3118/2847
f 2262/2449/2235 2901/3149/2878 2261/2522/2299
f 2888/3131/2860 2261/2522/2299 2901/3149/2878
f 2894/3128/2857 2876/3117/2846 2879/3129/2858
f 2885/3161/2890 2327/2523/2300 2888/3131/2860
f 2521/2928/2672 2328/2524/2301 2885/3161/2890
f 2673/2930/2674 2885/3161/2890 2890/3124/2853
f 2673/2930/2674 2890/3124/2853 2873/3114/2843
f 2882/3123/2852 2873/3114/2843 2890/3124/2853
f 2874/3115/2844 2880/3137/2866 2875/3116/2845
f 2876/3117/2846 2880/3137/2866 2879/3129/2858
f 2911/3148/2877 2913/3118/2847 2914/3120/2849
f 2897/3139/2868 1099/1096/1068 1100/1098/1070
f 2899/3126/2855 2920/3162/2891 2893/3135/2864
f 2920/3162/2891 2887/3163/2892 2921/3164/2893
f 2899/3126/2855 2907/3140/2869 2919/3153/2882
f 697/688/681 2922/3165/2894 3348/3166/2895
f 692/683/676 2924/3167/2896 693/684/677
f 2925/3168/2897 693/684/677 2924/3167/2896
f 695/686/679 2925/3168/2897 675/3169/2898
f 2922/3165/2894 699/690/683 2926/3170/2899
f 701/692/685 2926/3170/2899 699/690/683
f 2929/3171/2900 2866/3172/2901 2864/3104/2833
f 2928/3173/2902 2931/3174/2903 2930/3175/2904
f 2930/3175/2904 2942/3176/2905 2932/3177/2906
f 2942/3176/2905 2935/3178/2907 2943/3179/2908
f 2944/3180/2909 2934/3181/2910 2943/3179/2908
f 2944/3182/2909 2939/3183/2911 2945/3184/2912
f 2946/3185/2913 2938/3186/2914 2945/3184/2912
f 2933/3187/2915 2930/3175/2904 2931/3174/2903
f 2942/3176/2905 2934/3181/2910 2932/3177/2906
f 2937/3188/2916 2943/3179/2908 2935/3178/2907
f 2944/3182/2909 2938/3186/2914 2936/3189/2917
f 2941/3190/2918 2945/3184/2912 2939/3183/2911
f 682/3191/2919 2946/3185/2913 613/673/666
f 2941/3190/2918 613/673/666 2946/3185/2913
f 2864/3104/2833 2947/3192/2920 2929/3171/2900
f 1084/3103/2832 2948/3193/2921 2947/3192/2920
f 1082/1080/1052 2949/3194/2922 2948/3193/2921
f 1079/1077/1049 2950/3195/2923 2949/3194/2922
f 1091/1082/1054 2951/3196/2924 2950/3195/2923
f 1088/2699/2468 2951/3196/2924 1086/1084/1056
f 2952/3197/2925 2498/1086/1058 2953/3198/2926
f 1090/1088/1060 2953/3198/2926 2498/1086/1058
f 2954/3199/2927 2892/3134/2863 2955/3200/2928
f 2893/3135/2864 2955/3200/2928 2892/3134/2863
f 2956/3201/2929 2920/3162/2891 2957/3202/2930
f 2921/3164/2893 2957/3202/2930 2920/3162/2891
f 316/307/307 36/3203/2931 31/30/30
f 36/3203/2931 361/338/338 35/33/33
f 234/3204/2932 34/339/339 2959/3205/2933
f 2960/3206/2934 362/347/347 337/323/323
f 337/323/323 2961/3207/2935 2960/3206/2934
f 2959/3205/2933 2960/3206/2934 2961/3207/2935
f 361/338/338 2960/3206/2934 34/339/339
f 47/44/44 34/339/339 230/223/223
f 380/3208/2936 436/423/421 2962/3209/2937
f 431/422/420 2962/3209/2937 436/423/421
f 431/422/420 2964/3210/2938 2963/3211/2939
f 430/426/424 2965/3212/2940 2964/3210/2938
f 2967/3213/2941 253/244/244 254/247/247
f 253/244/244 2974/243/243 246/245/245
f 251/242/242 93/87/87 94/241/241
f 2971/3214/2942 252/3215/2943 2965/3212/2940
f 251/242/242 2969/3216/2944 2968/3217/2945
f 93/87/87 2970/3218/2946 91/88/88
f 86/3219/2947 89/82/82 91/88/88
f 2970/3218/2946 86/3219/2947 91/88/88
f 92/86/86 91/88/88 89/82/82
f 310/299/299 2970/3218/2946 429/428/426
f 2970/3218/2946 2965/3212/2940 429/428/426
f 2969/3216/2944 2967/3213/2941 2971/3214/2942
f 2967/3213/2941 2972/3220/2948 2971/3214/2942
f 2967/3213/2941 290/3221/2949 2973/3222/2950
f 2971/3214/2942 2968/3217/2945 2969/3216/2944
f 252/3215/2943 2964/3210/2938 2965/3212/2940
f 2966/3223/2951 2963/3211/2939 2964/3210/2938
f 2975/3224/2952 2962/3209/2937 2963/3211/2939
f 2962/3209/2937 2977/3225/2953 380/3208/2936
f 2977/3225/2953 379/369/369 380/3208/2936
f 364/3226/2954 2979/3227/2955 365/355/355
f 2979/3227/2955 2961/3207/2935 365/355/355
f 364/3226/2954 2981/3228/2956 2978/3229/2957
f 363/354/354 2982/3230/2958 2981/3228/2956
f 287/3231/2959 240/3232/2960 2983/3233/2961
f 240/3232/2960 2984/3234/2962 2983/3233/2961
f 2985/3235/2963 2986/3236/2964 2984/3234/2962
f 2988/3237/2965 2961/3207/2935 2980/3238/2966
f 231/224/224 233/226/226 237/229/229
f 237/229/229 2985/3235/2963 240/3232/2960
f 233/226/226 2987/3239/2967 2985/3235/2963
f 2988/3237/2965 2986/3236/2964 2987/3239/2967
f 2987/3239/2967 2959/3205/2933 2988/3237/2965
f 2959/3205/2933 2961/3207/2935 2988/3237/2965
f 333/320/320 2990/3240/2968 334/321/321
f 2990/3240/2968 366/356/356 334/321/321
f 2991/3241/2969 2982/3230/2958 366/356/356
f 470/465/463 475/466/464 471/464/462
f 475/466/464 470/465/463 433/425/423
f 475/466/464 280/271/271 281/270/270
f 471/464/462 475/466/464 281/270/270
f 113/109/109 2993/3242/2970 115/110/110
f 472/148/148 2993/3242/2970 153/145/145
f 2993/3242/2970 151/186/186 115/110/110
f 151/186/186 2995/3243/2971 149/142/142
f 2996/3244/2972 472/148/148 155/147/147
f 155/147/147 146/139/139 2996/3244/2972
f 143/137/137 2996/3244/2972 146/139/139
f 2997/3245/2973 2994/3246/2974 2996/3244/2972
f 141/135/135 2997/3245/2973 143/137/137
f 148/141/141 2995/3243/2971 2997/3245/2973
f 69/64/64 2998/3247/2975 100/95/95
f 78/73/73 2999/3248/2976 56/52/52
f 77/72/72 3000/3249/2977 78/73/73
f 3001/3250/2978 3000/3249/2977 79/3251/2979
f 3002/3252/2980 2999/3248/2976 3000/3249/2977
f 2999/3248/2976 69/64/64 56/52/52
f 214/211/211 99/94/94 100/95/95
f 214/211/211 2998/3247/2975 223/218/218
f 3002/3252/2980 223/218/218 2998/3247/2975
f 196/190/190 3001/3250/2978 116/113/113
f 3001/3250/2978 80/74/74 116/113/113
f 38/3253/2981 205/200/200 224/121/121
f 43/39/39 205/200/200 3003/3254/2982
f 3003/3254/2982 39/36/36 43/39/39
f 3003/3254/2982 24/23/23 1/1/1
f 39/36/36 3003/3254/2982 1/1/1
f 24/23/23 38/3253/2981 26/26/26
f 38/3253/2981 224/121/121 37/34/34
f 3019/3255/2983 3005/3256/2984 3017/3257/2985
f 3022/3258/2986 3009/3259/2987 3013/3260/2988
f 3004/3261/2989 3023/3262/2990 3011/3263/2991
f 3011/3263/2991 3022/3258/2986 3013/3260/2988
f 3021/3264/2992 3015/3265/2993 3009/3259/2987
f 3020/3266/2994 3017/3257/2985 3015/3265/2993
f 3026/3267/2995 3018/3268/2996 3019/3255/2983
f 3027/3269/2997 3019/3255/2983 3020/3266/2994
f 3028/3270/2998 3020/3266/2994 3021/3264/2992
f 3029/3271/2999 3021/3264/2992 3022/3258/2986
f 3030/3272/3000 3022/3258/2986 3023/3262/2990
f 3031/3273/3001 3023/3262/2990 3024/3274/3002
f 3016/3275/3003 3038/3276/3004 3037/3277/3005
f 3014/3278/3006 3037/3277/3005 3036/3279/3007
f 3008/3280/3008 3036/3279/3007 3035/3281/3009
f 3034/3282/3010 3008/3280/3008 3035/3281/3009
f 3033/3283/3011 3012/3284/3012 3034/3282/3010
f 3032/3285/3013 3010/3286/3014 3033/3283/3011
f 3031/3273/3001 3033/3283/3011 3030/3272/3000
f 3030/3272/3000 3034/3282/3010 3029/3271/2999
f 3029/3271/2999 3035/3281/3009 3028/3270/2998
f 3028/3270/2998 3036/3279/3007 3027/3269/2997
f 3036/3279/3007 3026/3267/2995 3027/3269/2997
f 3037/3277/3005 3025/3287/3015 3026/3267/2995
f 3039/3288/3016 110/105/105 109/104/104
f 3040/3289/3017 3015/3265/2993 3017/3257/2985
f 3041/3290/3018 221/209/209 211/3291/3019
f 3042/3292/3020 3009/3259/2987 3015/3265/2993
f 218/208/208 221/209/209 3042/3292/3020
f 109/104/104 216/213/213 3039/3288/3016
f 3042/3292/3020 216/213/213 218/208/208
f 3039/3288/3016 3042/3292/3020 3015/3265/2993
f 3043/3293/3021 3009/3259/2987 3041/3290/3018
f 3013/3260/2988 3043/3293/3021 3044/3294/3022
f 3044/3294/3022 3011/3263/2991 3013/3260/2988
f 3041/3290/3018 210/205/205 3043/3293/3021
f 212/206/206 3043/3293/3021 210/205/205
f 212/206/206 3044/3294/3022 3043/3293/3021
f 111/207/207 112/106/106 3044/3294/3022
f 112/106/106 3045/3295/3023 3044/3294/3022
f 286/278/278 3004/3261/2989 3045/3295/3023
f 3004/3261/2989 3011/3263/2991 3045/3295/3023
f 288/279/279 3040/3289/3017 3005/3256/2984
f 3040/3289/3017 3017/3257/2985 3005/3256/2984
f 3104/3296/3024 2975/3224/2952 3105/3297/3025
f 3072/3298/3026 3066/3299/3027 3065/3300/3028
f 3062/3301/3029 3074/3302/3030 3063/3303/3031
f 3064/3304/3032 3072/3305/3026 3065/3300/3028
f 3071/3306/3033 3067/3307/3034 3066/3299/3027
f 3063/3303/3031 3073/3308/3035 3064/3304/3032
f 3070/3309/3036 3068/3310/3037 3067/3307/3034
f 3053/3311/3038 3012/3284/3012 3054/3312/3039
f 3014/3278/3006 3053/3311/3038 3056/3313/3040
f 3056/3313/3040 3016/3275/3003 3014/3278/3006
f 3006/3314/3041 3060/3315/3042 3049/3316/3043
f 3054/3312/3039 3010/3286/3014 3058/3317/3044
f 3007/3318/3045 3058/3317/3044 3010/3286/3014
f 3048/3319/3046 3063/3303/3031 3058/3317/3044
f 3058/3317/3044 3064/3304/3032 3054/3312/3039
f 3054/3312/3039 3065/3300/3028 3053/3311/3038
f 3065/3300/3028 3056/3313/3040 3053/3311/3038
f 3066/3299/3027 3060/3315/3042 3056/3313/3040
f 3067/3307/3034 3049/3316/3043 3060/3315/3042
f 3081/3320/3047 3083/3321/3048 3082/3322/3049
f 3085/3323/3050 3081/3320/3047 3080/3324/3051
f 3079/3325/3052 3085/3323/3050 3080/3324/3051
f 3078/3326/3053 3086/3327/3054 3079/3328/3052
f 3077/3329/3055 3087/3330/3056 3078/3326/3053
f 3076/3331/3057 3088/3332/3058 3077/3329/3055
f 3076/3331/3057 3074/3302/3030 3075/3333/3059
f 3074/3302/3030 3078/3326/3053 3073/3308/3035
f 3073/3308/3035 3079/3328/3052 3072/3305/3026
f 3079/3325/3052 3071/3306/3033 3072/3298/3026
f 3080/3324/3051 3070/3309/3036 3071/3306/3033
f 3081/3320/3047 3069/3334/3060 3070/3309/3036
f 3084/3335/3061 3050/3336/3062 3083/3321/3048
f 3085/3323/3050 3061/3337/3063 3084/3335/3061
f 3086/3338/3054 3057/3339/3064 3085/3323/3050
f 3087/3330/3056 3052/3340/3065 3086/3327/3054
f 3088/3332/3058 3055/3341/3066 3087/3330/3056
f 3089/3342/3067 3059/3343/3068 3088/3332/3058
f 3007/3318/3045 3090/3344/3069 3048/3319/3046
f 3091/3345/3070 3006/3314/3041 3049/3316/3043
f 3097/3346/3071 2978/3229/2957 2981/3228/2956
f 3093/3347/3072 3062/3301/3029 3092/3348/3073
f 3093/3347/3072 3094/3349/3074 3095/3350/3075
f 3095/3350/3075 3096/3351/3076 3097/3346/3071
f 3092/3348/3073 3048/3319/3046 3090/3344/3069
f 3098/3352/3077 3099/3353/3078 3100/3354/3079
f 3031/3273/3001 3099/3353/3078 3098/3352/3077
f 3094/3349/3074 3100/3354/3079 3096/3351/3076
f 3098/3352/3077 3032/3285/3013 3031/3273/3001
f 3092/3348/3073 3098/3352/3077 3094/3349/3074
f 3096/3351/3076 2980/3238/2966 2979/3227/2955
f 2986/3236/2964 3099/3353/3078 2984/3234/2962
f 3004/3261/2989 3101/3355/3080 3024/3274/3002
f 287/3231/2959 2983/3233/2961 3101/3355/3080
f 3101/3355/3080 3099/3353/3078 3024/3274/3002
f 3101/3355/3080 2984/3234/2962 3099/3353/3078
f 2986/3236/2964 2980/3238/2966 3100/3354/3079
f 2979/3227/2955 2978/3229/2957 3096/3351/3076
f 3069/3334/3060 3102/3356/3081 3068/3310/3037
f 3103/3357/3082 3046/3358/3083 3102/3356/3081
f 3047/3359/3084 3105/3297/3025 3046/3358/3083
f 3091/3345/3070 3068/3310/3037 3102/3356/3081
f 3107/3360/3085 3046/3358/3083 3105/3297/3025
f 3108/3361/3086 3106/3362/3087 3107/3360/3085
f 3025/3287/3015 3108/3361/3086 3018/3268/2996
f 3102/3356/3081 3106/3362/3087 3091/3345/3070
f 3025/3287/3015 3091/3345/3070 3106/3362/3087
f 2973/3222/2950 3107/3360/3085 2972/3220/2948
f 3105/3297/3025 252/3215/2943 3107/3360/3085
f 2972/3220/2948 3107/3360/3085 252/3215/2943
f 2966/3223/2951 3105/3297/3025 2975/3224/2952
f 3018/3268/2996 289/280/280 3005/3256/2984
f 289/280/280 288/279/279 3005/3256/2984
f 290/3221/2949 289/280/280 3108/3361/3086
f 290/3221/2949 3108/3361/3086 2973/3222/2950
f 332/319/319 3109/3363/3088 333/320/320
f 2989/3364/3089 3110/3365/3090 3111/3366/3091
f 3112/3367/3092 3111/3366/3091 3110/3365/3090
f 3113/3368/3093 3114/3369/3094 3115/3370/3095
f 3116/3371/3096 3115/3370/3095 3114/3369/3094
f 3117/3372/3097 3118/3373/3098 3119/3374/3099
f 3119/3374/3099 3121/3375/3100 3117/3372/3097
f 3117/3372/3097 3122/3376/3101 3115/3370/3095
f 3118/3373/3098 3123/3377/3102 3119/3374/3099
f 3124/3378/3103 3125/3379/3104 3123/3377/3102
f 3123/3377/3102 3120/3380/3105 3119/3374/3099
f 3125/3379/3104 3127/3381/3106 3123/3377/3102
f 3128/3382/3107 3130/3383/3108 3129/3384/3109
f 3126/3385/3110 3130/3383/3108 3125/3379/3104
f 2990/3240/2968 3132/3386/3111 2991/3241/2969
f 3113/3368/3093 3132/3386/3111 3111/3366/3091
f 3122/3376/3101 3133/3387/3112 3113/3368/3093
f 3122/3376/3101 3113/3368/3093 3115/3370/3095
f 3111/3366/3091 3132/3386/3111 2989/3364/3089
f 2991/3241/2969 3135/3388/3113 2992/3389/3114
f 3136/3390/3115 3135/3388/3113 3132/3386/3111
f 3134/3391/3116 3136/3390/3115 3133/3387/3112
f 3136/3390/3115 3132/3386/3111 3133/3387/3112
f 3122/3376/3101 3121/3375/3100 3189/3392/3117
f 2981/3228/2956 3140/3393/3118 3139/3394/3119
f 3142/3395/3120 3139/3394/3119 3140/3393/3118
f 3141/3396/3121 3130/3383/3108 3131/3397/3122
f 3142/3395/3120 3129/3384/3109 3130/3383/3108
f 3143/3398/3123 3140/3393/3118 3144/3399/3124
f 3145/3400/3125 3144/3399/3124 3140/3393/3118
f 3145/3400/3125 2982/3230/2958 2992/3389/3114
f 3135/3388/3113 3137/3401/3126 2992/3389/3114
f 2992/3389/3114 3146/3402/3127 3145/3400/3125
f 3137/3401/3126 3147/3403/3128 3146/3402/3127
f 3147/3403/3128 3134/3391/3116 3138/3404/3129
f 3187/3405/3130 3149/3406/3131 3148/3407/3132
f 3185/3408/3133 3150/3409/3134 3149/3406/3131
f 3186/3410/3135 3129/3384/3109 3185/3408/3133
f 3120/3380/3105 3187/3405/3130 3188/3411/3136
f 3188/3411/3136 3138/3404/3129 3189/3392/3117
f 3146/3402/3127 3152/3412/3137 3144/3399/3124
f 3152/3412/3137 3150/3409/3134 3184/3413/3138
f 3150/3409/3134 3151/3414/3139 3153/3415/3140
f 3151/3414/3139 3147/3403/3128 3153/3415/3140
f 3153/3415/3140 3138/3404/3129 3148/3407/3132
f 3148/3407/3132 3150/3409/3134 3153/3415/3140
f 3190/3416/3141 3215/3417/3142 3174/3418/3143
f 3139/3394/3119 3097/3346/3071 2981/3228/2956
f 3097/3346/3071 3139/3394/3119 3141/3396/3121
f 3097/3346/3071 3131/3397/3122 3095/3350/3075
f 3131/3397/3122 3154/3419/3144 3095/3350/3075
f 3154/3419/3144 3093/3347/3072 3095/3350/3075
f 3155/3420/3145 3075/3333/3059 3093/3347/3072
f 3089/3342/3067 3155/3420/3145 3156/3421/3146
f 3124/3378/3103 3156/3421/3146 3126/3385/3110
f 3156/3421/3146 3051/3422/3147 3089/3342/3067
f 3156/3421/3146 3154/3419/3144 3126/3385/3110
f 3118/3373/3098 3157/3423/3148 3124/3378/3103
f 3109/3363/3088 3110/3365/3090 333/320/320
f 3110/3365/3090 3159/3424/3149 3112/3367/3092
f 3160/3425/3150 3112/3367/3092 3159/3424/3149
f 3114/3369/3094 3161/3426/3151 3116/3371/3096
f 3161/3426/3151 3118/3373/3098 3116/3371/3096
f 379/369/369 3198/3427/3152 3162/3428/3153
f 3162/3428/3153 382/370/370 377/368/368
f 3164/3429/3154 3165/3430/3155 382/370/370
f 3166/3431/3156 3167/3432/3157 3165/3430/3155
f 3168/3433/3158 3169/3434/3159 3167/3432/3157
f 3170/3435/3160 3171/3436/3161 3169/3434/3159
f 3174/3418/3143 3170/3435/3160 3168/3433/3158
f 3174/3418/3143 3168/3433/3158 3166/3431/3156
f 3172/3437/3162 3176/3438/3163 3171/3436/3161
f 3177/3439/3164 3176/3438/3163 3175/3440/3165
f 3178/3441/3166 3179/3442/3167 3180/3443/3168
f 3175/3440/3165 3181/3444/3169 3177/3439/3164
f 3172/3437/3162 3182/3445/3170 3175/3440/3165
f 3172/3437/3162 3173/3446/3171 3183/3447/3172
f 3215/3417/3142 3183/3447/3172 3173/3446/3171
f 3143/3398/3123 3185/3408/3133 3129/3384/3109
f 3149/3406/3131 3186/3410/3135 3185/3408/3133
f 3127/3381/3106 3186/3410/3135 3187/3405/3130
f 3148/3407/3132 3188/3411/3136 3187/3405/3130
f 3188/3411/3136 3121/3375/3100 3120/3380/3105
f 3122/3376/3101 3138/3404/3129 3134/3391/3116
f 3144/3399/3124 3184/3413/3138 3143/3398/3123
f 3214/3448/3173 3192/3449/3174 3213/3450/3175
f 3212/3451/3176 3182/3445/3170 3213/3450/3175
f 3212/3451/3176 3193/3452/3177 3211/3453/3178
f 3194/3454/3179 3177/3439/3164 3181/3444/3169
f 3210/3455/3180 3194/3454/3179 3211/3453/3178
f 3196/3456/3181 3179/3442/3167 3194/3454/3179
f 3198/3427/3152 3166/3431/3156 3164/3429/3154
f 3199/3457/3182 3174/3418/3143 3166/3431/3156
f 3198/3427/3152 3164/3429/3154 3162/3428/3153
f 377/368/368 379/369/369 3162/3428/3153
f 379/369/369 3163/3458/3183 3198/3427/3152
f 3163/3458/3183 3200/3459/3184 3198/3427/3152
f 3190/3416/3141 3200/3459/3184 3201/3460/3185
f 3199/3457/3182 3198/3427/3152 3200/3459/3184
f 3190/3416/3141 3202/3461/3186 3191/3462/3187
f 3203/3463/3188 3191/3462/3187 3202/3461/3186
f 3192/3449/3174 3195/3464/3189 3193/3452/3177
f 3204/3465/3190 3195/3464/3189 3203/3463/3188
f 3204/3465/3190 3202/3461/3186 3206/3466/3191
f 3202/3461/3186 3201/3460/3185 3206/3466/3191
f 3205/3467/3192 3206/3466/3191 3207/3468/3193
f 3208/3469/3194 3207/3468/3193 3206/3466/3191
f 3207/3468/3193 3197/3470/3195 3196/3456/3181
f 3195/3464/3189 3211/3453/3178 3193/3452/3177
f 3212/3451/3176 3194/3454/3179 3181/3444/3169
f 3193/3452/3177 3213/3450/3175 3192/3449/3174
f 3183/3447/3172 3213/3450/3175 3182/3445/3170
f 3191/3462/3187 3214/3448/3173 3215/3417/3142
f 3173/3446/3171 3174/3418/3143 3215/3417/3142
f 3210/3455/3180 3195/3464/3189 3205/3467/3192
f 3207/3468/3193 3210/3455/3180 3205/3467/3192
f 3208/3469/3194 3206/3466/3191 3201/3460/3185
f 3201/3460/3185 3163/3458/3183 3208/3469/3194
f 3208/3469/3194 2977/3225/2953 2976/3471/3196
f 3218/3472/3197 3197/3470/3195 3209/3473/3198
f 2976/3471/3196 3209/3473/3198 3208/3469/3194
f 3216/3474/3199 3180/3443/3168 3047/3359/3084
f 3216/3474/3199 3103/3357/3082 3217/3475/3200
f 3069/3334/3060 3217/3475/3200 3103/3357/3082
f 3197/3470/3195 3180/3443/3168 3179/3442/3167
f 3218/3472/3197 2976/3471/3196 3104/3296/3024
f 3180/3443/3168 3104/3296/3024 3047/3359/3084
f 3178/3441/3166 3219/3476/3201 3176/3438/3163
f 3220/3477/3202 3176/3438/3163 3219/3476/3201
f 3220/3477/3202 3169/3434/3159 3171/3436/3161
f 3222/3478/3203 3169/3434/3159 3221/3479/3204
f 3222/3478/3203 3165/3430/3155 3167/3432/3157
f 3223/371/371 382/370/370 3165/3430/3155
f 383/375/375 3263/3480/3205 1061/3481/3206
f 1061/3482/3206 2322/3483/2295 3261/3484/3207
f 3224/3485/3208 1056/3486/1028 1062/372/372
f 3222/3478/3203 3226/3487/3209 3255/3488/3210
f 1053/3489/1025 3255/3488/3210 3226/3487/3209
f 3226/3487/3209 1050/3490/1023 1053/3489/1025
f 3227/3491/3211 1051/3492/1024 1050/3490/1023
f 3229/3493/3212 1051/3492/1024 3228/3494/3213
f 1052/3495/3214 3230/3496/3215 1010/3497/981
f 3231/3498/3216 1010/3497/981 3230/3496/3215
f 1002/3499/980 3232/3500/3217 996/3501/969
f 3232/3500/3217 994/3502/965 996/3501/969
f 994/3502/965 3233/3503/3218 995/3504/966
f 3234/3505/3219 995/3504/966 3233/3503/3218
f 3234/3505/3219 988/3506/960 989/3507/967
f 3235/3508/3220 987/3509/959 988/3506/960
f 398/3510/3221 3236/3511/3222 3235/3508/3220
f 3052/3512/3065 3238/3513/3223 3057/3339/3064
f 3239/3514/3224 3055/3341/3066 3240/3515/3225
f 3061/3337/3063 3238/3513/3223 3237/3516/3226
f 3244/3517/3227 3246/3518/3228 3245/3519/3229
f 3243/3520/3230 3247/3521/3231 3246/3518/3228
f 3247/3522/3231 3241/3523/3232 3248/3524/3233
f 3242/3525/3234 3240/3515/3225 3241/3523/3232
f 3238/3513/3223 3242/3526/3234 3243/3520/3230
f 3237/3516/3226 3243/3520/3230 3244/3517/3227
f 3245/3519/3229 3228/3494/3213 3227/3491/3211
f 3247/3521/3231 3228/3494/3213 3246/3518/3228
f 3229/3527/3212 3248/3524/3233 3230/3496/3215
f 3245/3519/3229 3220/3477/3202 3244/3517/3227
f 3250/3528/3235 3158/3529/3236 3161/3426/3151
f 3248/3524/3233 3249/3530/3237 3250/3528/3235
f 3237/3516/3226 3050/3336/3062 3061/3337/3063
f 3251/3531/3238 3244/3517/3227 3220/3477/3202
f 3059/3343/3068 3240/3515/3225 3055/3341/3066
f 3252/3532/3239 3241/3523/3232 3240/3515/3225
f 3051/3422/3147 3252/3532/3239 3059/3343/3068
f 3253/3533/3240 3249/3530/3237 3252/3532/3239
f 3253/3533/3240 3157/3423/3148 3158/3529/3236
f 3050/3336/3062 3254/3534/3241 3083/3321/3048
f 3251/3531/3238 3219/3476/3201 3254/3534/3241
f 3216/3474/3199 3254/3534/3241 3219/3476/3201
f 3254/3534/3241 3082/3322/3049 3083/3321/3048
f 3250/3528/3235 3230/3496/3215 3248/3524/3233
f 3245/3519/3229 3226/3487/3209 3221/3479/3204
f 3223/371/371 3255/3488/3210 3224/3485/3208
f 3256/3535/3242 3161/3426/3151 3160/3425/3150
f 3256/3535/3242 3231/3498/3216 3250/3528/3235
f 3257/3536/3243 3109/3363/3088 398/3510/3221
f 3257/3536/3243 3235/3508/3220 3234/3505/3219
f 3159/3424/3149 3258/3537/3244 3160/3425/3150
f 3258/3537/3244 3256/3535/3242 3160/3425/3150
f 3258/3537/3244 3232/3500/3217 3256/3535/3242
f 3233/3503/3218 3257/3536/3243 3234/3505/3219
f 397/388/388 3259/3538/3245 3236/3511/3222
f 3259/3538/3245 987/3509/959 3236/3511/3222
f 984/3539/958 399/389/389 983/977/955
f 2324/3540/2297 2326/3541/3246 3273/3542/3247
f 3261/3484/3207 2324/3540/2297 3260/3543/3248
f 384/374/374 383/375/375 3262/3544/3249
f 3262/3544/3249 386/377/377 384/374/374
f 3262/3545/3249 403/3546/3250 386/391/377
f 3260/3543/3248 383/3547/375 3261/3484/3207
f 383/3547/375 1061/3482/3206 3261/3484/3207
f 1061/3481/3206 381/373/373 1062/372/372
f 370/357/357 3263/3480/3205 383/375/375
f 367/359/359 381/373/373 3263/3480/3205
f 498/490/488 3264/3548/3251 505/495/493
f 3225/3549/3252 3265/3550/3253 3264/3551/3251
f 3266/3552/3254 3268/3553/3255 3265/3550/3253
f 1154/3554/1123 3266/3552/3254 3225/3549/3252
f 3225/3555/3252 497/489/487 1154/1159/1123
f 3267/3556/3256 1153/1156/1121 1155/1161/1125
f 3265/3550/3253 3269/3557/3257 3264/3551/3251
f 3264/3548/3251 501/3558/3258 505/495/493
f 3265/3550/3253 3270/3559/3259 3269/3557/3257
f 3281/3560/3260 3275/3561/3261 3271/3562/3262
f 3278/3563/3263 3281/3560/3260 3270/3559/3259
f 3274/3564/3264 403/3546/3250 3273/3542/3247
f 3260/3543/3248 3273/3542/3247 403/3546/3250
f 3272/3565/3265 3273/3542/3247 2326/3541/3246
f 3271/3562/3262 3283/3566/3266 3272/3565/3265
f 3269/3567/3257 2256/2442/2228 501/3568/3258
f 3269/3557/3257 3281/3560/3260 3282/3569/3267
f 3281/3560/3260 3271/3562/3262 3282/3569/3267
f 3276/3570/3268 3270/3559/3259 3268/3553/3255
f 424/416/414 3277/3571/3269 3276/3570/3268
f 3278/3563/3263 3277/3571/3269 3275/3561/3261
f 3272/3565/3265 3282/3569/3267 3271/3562/3262
f 527/527/521 3284/3572/3270 2255/2441/2227
f 3268/3553/3255 3279/3573/3271 3276/3570/3268
f 529/521/517 2254/2443/2229 3284/3572/3270
f 3284/3572/3270 2254/2443/2229 2326/3574/3246
f 2325/2439/2225 3284/3572/3270 2326/3574/3246
f 2256/2442/2228 2326/3574/3246 2254/2443/2229
f 2326/3574/3246 2256/2442/2228 3282/3575/3267
f 419/411/409 3285/3576/3272 421/413/411
f 3286/3577/3273 3283/3566/3266 3285/3576/3272
f 3283/3566/3266 3274/3564/3264 3272/3565/3265
f 423/415/413 3285/3576/3272 3277/3571/3269
f 3285/3576/3272 3275/3561/3261 3277/3571/3269
f 417/409/407 3274/3564/3264 3286/3577/3273
f 419/411/409 417/409/407 3286/3577/3273
f 918/3578/3274 3280/3579/3275 917/910/894
f 937/928/912 3279/3573/3271 918/3578/3274
f 424/416/414 3279/3573/3271 422/414/412
f 3279/3573/3271 424/416/414 3276/3570/3268
f 3267/3556/3256 3280/3579/3275 3268/3553/3255
f 1155/1161/1125 922/3580/3276 3267/3556/3256
f 922/3580/3276 3287/3581/3277 3267/3556/3256
f 3287/3581/3277 917/910/894 3280/3579/3275
f 616/612/605 873/864/848 621/562/555
f 3289/3582/3278 3293/3583/3279 3292/3584/3280
f 3294/3585/3281 3293/3583/3279 3295/3586/3282
f 3296/3587/3283 3295/3586/3282 3297/3588/3284
f 3288/3589/3285 3297/3588/3284 3291/3590/3286
f 3340/3591/3287 2947/3192/2920 2948/3193/2921
f 3302/3592/3288 3300/3593/3289 3303/3594/3290
f 3299/3595/3291 3303/3594/3290 3300/3593/3289
f 3304/3596/3292 3298/3597/3293 3305/3598/3294
f 3294/3585/3281 1075/1074/1046 1073/1072/1044
f 3294/3585/3281 1071/1070/1042 3292/3584/3280
f 3289/3582/3278 1071/1070/1042 1069/1066/1039
f 1077/3599/3295 3296/3587/3283 3288/3589/3285
f 612/607/600 1063/1062/1035 610/606/599
f 2941/3190/2918 1065/1064/1037 1063/1062/1035
f 3290/3600/3296 2939/3183/2911 2937/3601/2916
f 2935/3178/2907 3290/3602/3296 2937/3188/2916
f 2939/3183/2911 1067/3603/1040 1065/1064/1037
f 1069/1066/1039 3290/3602/3296 3289/3582/3278
f 1068/1065/1038 2302/2497/2275 1066/1063/1036
f 2301/3604/2274 1070/1069/1041 3306/3605/3297
f 3299/3595/3291 1078/1076/1048 3298/3597/3293
f 1076/1075/1047 3300/3593/3289 1074/1073/1045
f 3300/3593/3289 1072/1071/1043 1074/1073/1045
f 1025/1016/994 3302/3592/3288 3303/3594/3290
f 1026/1017/995 3303/3594/3290 3304/3596/3292
f 3304/3596/3292 2297/2489/2269 1026/1017/995
f 2300/3606/2273 2301/3604/2274 3306/3605/3297
f 1070/1069/1041 3301/3607/3298 3306/3605/3297
f 2298/3608/2271 3306/3605/3297 3301/3607/3298
f 2303/2498/2276 1064/1060/1033 1066/1063/1036
f 1066/1063/1036 2302/2497/2275 2303/2498/2276
f 2298/3608/2271 3302/3592/3288 2299/2493/2272
f 606/603/596 611/1061/1034 618/615/608
f 618/615/608 614/610/603 606/603/596
f 2304/2499/2277 611/1061/1034 1064/1060/1033
f 619/614/607 618/615/608 611/1061/1034
f 3308/3609/3299 3297/3588/3284 3295/3586/3282
f 3308/3609/3299 2929/3171/2900 2947/3192/2920
f 3295/3586/3282 2931/3174/2903 3308/3609/3299
f 2933/3187/2915 3293/3583/3279 2935/3178/2907
f 2949/3194/2922 3339/3610/3300 3307/3611/3301
f 2958/3612/3302 3310/3613/3303 2957/3202/2930
f 3309/3614/3304 3312/3615/3305 3310/3613/3303
f 3311/3616/3306 2283/3617/3307 3312/3615/3305
f 3320/3618/3308 2957/3202/2930 3310/3613/3303
f 3298/3597/3293 3313/3619/3309 3314/3620/3310
f 3314/3620/3310 3315/3621/3311 3316/3622/3312
f 3316/3622/3312 3317/3623/3313 3318/3624/3314
f 3318/3624/3314 3319/3625/3315 3320/3618/3308
f 2957/3202/2930 3319/3625/3315 2956/3201/2929
f 1078/1076/1048 3321/3626/3316 3313/3619/3309
f 3321/3626/3316 3315/3621/3311 3313/3619/3309
f 3322/3627/3317 3317/3623/3313 3315/3621/3311
f 3323/3628/3318 3319/3625/3315 3317/3623/3313
f 3318/3624/3314 3326/3629/3319 3316/3622/3312
f 3325/3630/3320 2293/2487/2267 3324/3631/3321
f 3327/3632/3322 3324/3631/3321 3326/3629/3319
f 3329/3633/3323 3312/3615/3305 2283/3617/3307
f 3325/3630/3320 3328/3634/3324 3329/3633/3323
f 3327/3632/3322 3320/3618/3308 3328/3634/3324
f 3310/3613/3303 3328/3634/3324 3320/3618/3308
f 2291/2483/2263 3329/3633/3323 3330/2479/2259
f 2283/3617/3307 3330/2479/2259 3329/3633/3323
f 3330/2479/2259 2288/2481/2261 2291/2483/2263
f 3326/3629/3319 3331/3635/3325 2287/3636/3326
f 3324/3631/3321 2295/2486/2266 3331/3635/3325
f 2297/2489/2269 3331/3635/3325 2295/2486/2266
f 3314/3620/3310 3326/3629/3319 2287/3636/3326
f 2287/3636/3326 3298/3597/3293 3314/3620/3310
f 3305/3598/3294 2287/3636/3326 3331/3635/3325
f 3321/3626/3316 3332/3637/3327 3322/3627/3317
f 3337/3638/3328 3323/3628/3318 3322/3627/3317
f 3332/3637/3327 3335/3639/3329 3334/3640/3330
f 3334/3640/3330 3339/3610/3300 3338/3641/3331
f 2954/3199/2927 3337/3638/3328 2953/3198/2926
f 2955/3200/2928 3323/3628/3318 3336/3642/3332
f 2954/3199/2927 2955/3200/2928 3336/3642/3332
f 3337/3638/3328 3334/3640/3330 2953/3198/2926
f 3332/3637/3327 3337/3638/3328 3322/3627/3317
f 3338/3641/3331 2950/3195/2923 2951/3196/2924
f 2952/3197/2925 3334/3640/3330 3338/3641/3331
f 2951/3196/2924 2952/3197/2925 3338/3641/3331
f 3333/3643/3333 1077/3599/3295 3288/3589/3285
f 3333/3643/3333 3291/3590/3286 3335/3639/3329
f 3307/3611/3301 3335/3639/3329 3291/3590/3286
f 2948/3193/2921 3307/3611/3301 3340/3591/3287
f 3291/3590/3286 3340/3591/3287 3307/3611/3301
f 715/705/698 713/3644/3334 712/703/696
f 3341/3645/3335 3342/3646/3336 713/3644/3334
f 701/692/685 713/3644/3334 3342/3646/3336
f 2927/3647/3337 701/692/685 3342/3646/3336
f 3341/3645/3335 717/743/733 3344/3648/3338
f 717/743/733 3345/3649/3339 3344/3648/3338
f 3345/3649/3339 717/743/733 752/742/732
f 3344/3648/3338 3343/3650/3340 3341/3645/3335
f 3346/3651/3341 2922/3165/2894 2926/3170/2899
f 692/683/676 3348/3166/2895 2923/3652/3342
f 3348/3166/2895 3347/3653/3343 3349/3654/3344
f 3349/3654/3344 2923/3652/3342 3348/3166/2895
f 3350/3655/3345 2924/3167/2896 2923/3652/3342
f 3351/3656/3346 3353/3657/3347 3352/3658/3348
f 3355/3659/3349 3352/3658/3348 3353/3657/3347
f 3355/3659/3349 3356/3660/3350 3354/3661/3351
f 3357/3662/3352 3358/3663/3353 3356/3660/3350
f 3357/3662/3352 3360/3664/3354 3359/3665/3355
f 3357/3662/3352 3362/3666/3356 3361/3667/3357
f 3362/3666/3356 3353/3657/3347 3363/3668/3358
f 3350/3655/3345 3363/3668/3358 3353/3657/3347
f 3364/3669/3359 3349/3654/3344 3347/3653/3343
f 3364/3669/3359 3362/3666/3356 3363/3668/3358
f 3365/3670/3360 3361/3667/3357 3362/3666/3356
f 3361/3667/3357 3366/3671/3361 3360/3664/3354
f 2862/3100/2829 3371/3672/3362 2861/3098/2827
f 3358/3663/3353 3367/3673/3363 3368/3674/3364
f 3368/3674/3364 3369/3675/3365 3370/3676/3366
f 3370/3676/3366 3371/3672/3362 3372/3677/3367
f 3376/3678/3368 3380/3679/3369 3379/3680/3370
f 3378/3681/3371 3381/3682/3372 3380/3679/3369
f 3378/3681/3371 3358/3663/3353 3368/3674/3364
f 3368/3674/3364 3375/3683/3373 3378/3681/3371
f 3379/3680/3370 3383/3684/3374 3382/3685/3375
f 3380/3679/3369 3384/3686/3376 3383/3684/3374
f 3382/3685/3375 3386/3687/3377 3385/3688/3378
f 3383/3684/3374 3387/3689/3379 3386/3687/3377
f 3385/3688/3378 3389/3690/3380 3388/3691/3381
f 3386/3687/3377 3390/3692/3382 3389/3690/3380
f 3373/3693/3383 3389/3690/3380 3377/3694/3384
f 3389/3690/3380 3374/3695/3385 3377/3694/3384
f 3375/3683/3373 3401/3696/3386 3381/3682/3372
f 3400/3697/3387 3381/3682/3372 3401/3696/3386
f 3384/3686/3376 3399/3698/3388 3387/3689/3379
f 3398/3699/3389 3387/3689/3379 3399/3698/3388
f 3390/3692/3382 3397/3700/3390 3374/3695/3385
f 3392/3701/3391 2934/3702/2910 3391/3703/3392
f 2932/3704/2906 3393/3705/3393 2930/3706/2904
f 3394/3707/3394 2930/3706/2904 3393/3705/3393
f 2928/3708/2902 3395/3709/3395 2866/3710/2901
f 3396/3711/3396 2866/3710/2901 3395/3709/3395
f 3398/3699/3389 3391/3703/3392 3397/3700/3390
f 3392/3701/3391 3399/3698/3388 3393/3705/3393
f 3400/3697/3387 3393/3705/3393 3399/3698/3388
f 3394/3707/3394 3401/3696/3386 3395/3709/3395
f 3402/3712/3397 3395/3709/3395 3401/3696/3386
f 3370/3676/3366 3402/3712/3397 3375/3683/3373
f 3372/3677/3367 3396/3711/3396 3402/3712/3397
f 3396/3711/3396 2855/3099/2828 2867/3713/2834
f 2855/3099/2828 2827/3092/2805 2867/3713/2834
f 3373/3693/3383 2940/3714/3398 682/3191/2919
f 2938/3186/2914 2940/3714/3398 3377/3694/3384
f 3374/3695/3385 2938/3186/2914 3377/3694/3384
f 2934/3702/2910 3397/3700/3390 3391/3703/3392
f 3397/3700/3390 2936/3189/2917 3374/3695/3385
f 3406/3715/3399 3411/3716/3400 3403/3717/3401
f 3405/3718/3402 3407/3719/3403 3404/3720/3404
f 3408/3721/3405 3409/3722/3406 3407/3719/3403
f 3409/3722/3406 678/668/661 676/667/660
f 3412/3723/3407 3404/3720/3404 3411/3716/3400
f 3406/3715/3399 3382/3685/3375 3412/3723/3407
f 3418/3724/3408 683/674/667 679/670/663
f 3414/3725/3409 3388/3691/3381 3413/3726/3410
f 3414/3725/3409 3415/3727/3411 3416/3728/3412
f 3416/3728/3412 3417/3729/3413 3418/3724/3408
f 3405/3718/3402 3416/3728/3412 3408/3721/3405
f 3418/3724/3408 3408/3721/3405 3416/3728/3412
f 3385/3688/3378 3419/3730/3414 3382/3685/3375
f 3412/3723/3407 3419/3730/3414 3405/3718/3402
f 3414/3725/3409 3405/3718/3402 3419/3730/3414
f 679/670/663 3410/3731/3415 3418/3724/3408
f 683/674/667 3417/3729/3413 680/671/664
f 3415/3727/3411 680/671/664 3417/3729/3413
f 3420/3732/3416 3413/3726/3410 3421/3733/3417
f 3388/3691/3381 3421/3733/3417 3413/3726/3410
f 3421/3733/3417 681/672/665 3420/3732/3416
f 682/3191/2919 3421/3733/3417 3373/3693/3383
f 680/671/664 3420/3732/3416 681/672/665
f 3354/3661/3351 3422/3734/3418 3352/3658/3348
f 3354/3661/3351 3424/3735/3419 3423/3736/3420
f 3356/3660/3350 3376/3678/3368 3424/3735/3419
f 3425/3737/3421 3352/3658/3348 3422/3734/3418
f 3351/3656/3346 2925/3168/2897 2924/3167/2896
f 3423/3736/3420 3403/3717/3401 3411/3716/3400
f 3407/3719/3403 3427/3738/3422 3404/3720/3404
f 3426/3739/3423 3422/3734/3418 3427/3738/3422
f 3407/3719/3403 3409/3722/3406 3426/3739/3423
f 676/667/660 3426/3739/3423 3409/3722/3406
f 3425/3737/3421 675/3169/2898 2925/3168/2897
f 3403/3717/3401 3428/3740/3424 3406/3715/3399
f 3404/3720/3404 3427/3738/3422 3411/3716/3400
f 3422/3734/3418 3411/3716/3400 3427/3738/3422
f 3424/3735/3419 3376/3678/3368 3428/3740/3424
f 3428/3740/3424 3379/3680/3370 3406/3715/3399
f 3442/3741/3425 3444/3742/3426 3443/3743/3427
f 3439/3744/3428 3447/3745/3429 3440/3746/3430
f 3440/3746/3430 3446/3747/3431 3441/3748/3432
f 3441/3748/3432 3445/3749/3433 3442/3741/3425
f 3429/3750/3434 3440/3746/3430 3434/3751/3435
f 3434/3751/3435 3441/3748/3432 3436/3752/3436
f 3436/3752/3436 3442/3741/3425 3438/3753/3437
f 3438/3753/3437 3443/3743/3427 3430/3754/3438
f 3452/3755/3439 3431/3756/3440 3453/3757/3441
f 3451/3758/3442 3437/3759/3443 3452/3755/3439
f 3450/3760/3444 3435/3761/3445 3451/3758/3442
f 3449/3762/3446 3433/3763/3447 3450/3760/3444
f 3448/3764/3448 3450/3760/3444 3447/3745/3429
f 3447/3745/3429 3451/3758/3442 3446/3747/3431
f 3446/3747/3431 3452/3755/3439 3445/3749/3433
f 3445/3749/3433 3453/3757/3441 3444/3742/3426
f 3444/3742/3426 2857/3094/2823 2858/3095/2824
f 2858/3095/2824 3443/3743/3427 3444/3742/3426
f 3453/3757/3441 2856/3101/2830 2857/3094/2823
f 3429/3750/3434 3455/3765/3449 3454/3766/3450
f 3457/3767/3451 3429/3750/3434 3454/3766/3450
f 3429/3750/3434 3458/3768/3452 3439/3744/3428
f 3456/3769/3453 3459/3770/3454 3458/3768/3452
f 3459/3770/3454 3342/3646/3336 3343/3650/3340
f 3456/3769/3453 3457/3767/3451 3461/3771/3455
f 3457/3767/3451 3463/3772/3456 3462/3773/3457
f 3454/3766/3450 3464/3774/3458 3463/3772/3456
f 3462/3773/3457 3461/3771/3455 3457/3767/3451
f 3461/3771/3455 2926/3170/2899 2927/3647/3337
f 3346/3651/3341 3364/3669/3359 3347/3653/3343
f 3462/3773/3457 3365/3670/3360 3364/3669/3359
f 3463/3772/3456 3366/3671/3361 3365/3670/3360
f 3456/3769/3453 2927/3647/3337 3460/3775/3459
f 3342/3646/3336 3460/3775/3459 2927/3647/3337
f 3458/3768/3452 3448/3764/3448 3439/3744/3428
f 3465/3776/3460 3449/3762/3446 3448/3764/3448
f 3458/3768/3452 3469/3777/3461 3465/3776/3460
f 3467/3778/3462 3466/3779/3463 3465/3776/3460
f 3344/3648/3338 3470/3780/3464 3469/3777/3461
f 3345/3649/3339 3471/3781/3465 3470/3780/3464
f 3470/3780/3464 3468/3782/3466 3467/3778/3462
f 3459/3770/3454 3344/3648/3338 3469/3777/3461
f 3467/3778/3462 3465/3776/3460 3469/3777/3461
f 3469/3777/3461 3470/3780/3464 3467/3778/3462
f 3475/3783/3467 3473/3784/3468 3476/3785/3469
f 3473/3784/3468 3477/3786/3470 3476/3785/3469
f 3367/3673/3363 3473/3784/3468 3369/3675/3365
f 3474/3787/3471 3369/3675/3365 3473/3784/3468
f 3430/3754/3438 3476/3785/3469 3438/3753/3437
f 3477/3786/3470 3438/3753/3437 3476/3785/3469
f 2860/3097/2826 3430/3754/3438 2859/3096/2825
f 2860/3097/2826 3474/3787/3471 3475/3783/3467
f 3464/3774/3458 3477/3786/3470 3472/3788/3472
f 3360/3664/3354 3472/3788/3472 3367/3673/3363
f 3464/3774/3458 3472/3788/3472 3366/3671/3361
f 3360/3664/3354 3367/3673/3363 3359/3665/3355
f 3477/3786/3470 3434/3751/3435 3436/3752/3436
f 3430/3754/3438 3443/3743/3427 2859/3096/2825
f 3474/3787/3471 2861/3098/2827 3371/3672/3362
f 3431/3756/3440 2863/3789/3473 2856/3101/2830
f 3478/3790/3474 3437/3759/3443 3479/3791/3475
f 3435/3761/3445 3479/3791/3475 3437/3759/3443
f 3480/3792/3476 3433/3763/3447 3481/3793/3477
f 3432/3794/3478 3481/3793/3477 3433/3763/3447
f 3432/3794/3478 3483/3795/3479 3482/3796/3480
f 3484/3797/3481 3485/3798/3482 3483/3795/3479
f 3485/3798/3482 3488/3799/736 3487/3800/3483
f 3488/746/736 754/745/735 3487/3801/3483
f 3484/3797/3481 3471/3781/3465 3486/3802/3484
f 3432/3794/3478 3466/3779/3463 3484/3797/3481
f 3466/3779/3463 3468/3782/3466 3484/3797/3481
f 752/742/732 3486/3802/3484 3471/3781/3465
f 3488/3799/736 752/742/732 753/744/734
f 3499/3803/3485 3490/3804/3486 3500/3805/3487
f 3492/3806/3488 3503/3807/3489 3502/3808/3490
f 3493/3809/3491 3494/3810/3492 3495/3811/3493
f 3502/3808/3490 3497/3812/3494 3492/3806/3488
f 3498/3813/3495 3492/3806/3488 3497/3812/3494
f 755/3814/3496 3500/3805/3487 3491/3815/3497
f 3489/3816/3498 3501/3817/3499 3502/3818/3490
f 3502/3818/3490 3490/3804/3486 3489/3816/3498
f 3518/3819/3500 3512/3820/3501 3511/3821/3502
f 3512/3822/3501 3516/3823/3503 3513/3824/3504
f 3515/3825/3505 3513/3824/3504 3516/3823/3503
f 3511/3821/3502 3519/3826/3506 3518/3819/3500
f 3509/3827/3507 3519/3826/3506 3510/3828/3508
f 3506/3829/3509 3509/3827/3507 3510/3828/3508
f 3511/3821/3502 3506/3829/3509 3510/3828/3508
f 3496/3830/3510 3512/3820/3501 3501/3817/3499
f 3501/3831/3499 3513/3824/3504 3497/3812/3494
f 3514/3832/3511 3497/3812/3494 3513/3824/3504
f 3526/3833/3512 3542/3834/3513 3527/3835/3514
f 3529/3836/3515 3542/3834/3513 3540/3837/3516
f 3539/3838/3517 3529/3839/3515 3540/3840/3516
f 3539/3838/3517 3522/3841/3518 3531/3842/3519
f 3521/3843/3520 3531/3842/3519 3522/3841/3518
f 3520/3844/3521 3522/3841/3518 3519/3826/3506
f 3518/3819/3500 3522/3841/3518 3523/3845/3522
f 3523/3845/3522 3517/3846/3523 3518/3819/3500
f 3517/3847/3523 3525/3848/3524 3516/3823/3503
f 3525/3848/3524 3515/3825/3505 3516/3823/3503
f 3504/3849/3525 3538/3850/3526 3537/3851/3527
f 3537/3851/3527 3507/3852/3528 3504/3849/3525
f 2275/2462/2248 3536/3853/3529 3535/3854/3530
f 3535/3854/3530 2272/2460/2246 2275/2462/2248
f 3533/3855/3531 2271/2458/2244 3534/3856/3532
f 3532/3857/3533 3534/3856/3532 3531/3842/3519
f 3530/3858/3534 3534/3856/3532 3545/3859/3535
f 3545/3859/3535 3536/3853/3529 3544/3860/3536
f 3544/3861/3536 3537/3851/3527 3543/3862/3537
f 3527/3835/3514 3543/3862/3537 3538/3850/3526
f 2272/2460/2246 3534/3856/3532 2271/2458/2244
f 3536/3863/3529 3507/3852/3528 3537/3851/3527
f 2276/2467/2250 2278/2466/2251 3507/3852/3528
f 3507/3852/3528 2280/2469/2253 3504/3849/3525
f 2280/2469/2253 3505/3864/3538 3504/3849/3525
f 3530/3858/3534 3539/3838/3517 3531/3842/3519
f 3523/3845/3522 3540/3840/3516 3524/3865/3539
f 3524/3866/3539 3542/3834/3513 3525/3848/3524
f 3528/3867/3540 3527/3835/3514 3542/3834/3513
f 3537/3851/3527 3538/3850/3526 3543/3862/3537
f 3544/3861/3536 3528/3867/3540 3529/3836/3515
f 3545/3859/3535 3529/3839/3515 3530/3858/3534
f 3535/3854/3530 3545/3859/3535 3534/3856/3532
f 2268/2456/2242 2886/3868/3541 2269/2455/2241
f 2267/2454/2240 3546/3869/3542 2268/2456/2242
f 2884/3159/2888 2269/2455/2241 2886/3868/3541
f 2266/2452/2238 3548/3870/3543 2265/2453/2239
f 3547/3871/3544 2265/2453/2239 3548/3870/3543
f 3521/3843/3520 3550/3872/3545 3549/3873/3546
f 3552/3874/3547 3549/3873/3546 3550/3872/3545
f 3552/3874/3547 3553/3875/3548 3551/3876/3549
f 3554/3877/3550 3547/3871/3544 3553/3875/3548
f 3556/3878/3551 3550/3872/3545 3520/3844/3521
f 3550/3872/3545 3557/3879/3552 3552/3874/3547
f 3557/3879/3552 3554/3877/3550 3552/3874/3547
f 3558/3880/3553 3546/3869/3542 3554/3877/3550
f 3593/3881/3554 3589/3882/3555 3594/3883/3556
f 2886/3868/3541 2883/3133/2862 2884/3159/2888
f 3520/3844/3521 3509/3827/3507 3556/3878/3551
f 3532/3857/3533 3551/3876/3549 3533/3855/3531
f 3548/3870/3543 3551/3876/3549 3553/3875/3548
f 3547/3871/3544 3548/3870/3543 3553/3875/3548
f 3532/3857/3533 3521/3843/3520 3549/3873/3546
f 2877/3156/2885 3560/3884/3557 3559/3885/3558
f 3564/3886/3559 3562/3887/3560 3561/3888/3561
f 3561/3888/3561 3559/3885/3558 3560/3884/3557
f 3559/3885/3558 2878/3152/2881 2877/3156/2885
f 3565/3889/3562 3562/3887/3560 3566/3890/3563
f 3562/3887/3560 3567/3891/3564 3566/3890/3563
f 3566/3890/3563 3569/3892/3565 3568/3893/3566
f 3572/3894/3567 3569/3892/3565 3573/3895/3568
f 3309/3614/3304 3571/3896/3569 3311/3616/3306
f 3570/3897/3570 3573/3895/3568 3571/3896/3569
f 3576/3898/3571 3505/3864/3538 3577/3899/3572
f 3581/3900/3573 3576/3898/3571 3575/3901/3574
f 3582/3902/3575 3527/3835/3514 3581/3900/3573
f 3567/3891/3564 3575/3901/3574 3569/3892/3565
f 3575/3901/3574 3573/3895/3568 3569/3892/3565
f 3573/3895/3568 3577/3899/3572 3571/3896/3569
f 3571/3896/3569 3577/3899/3572 3311/3616/3306
f 3577/3899/3572 2282/2471/2255 3311/3616/3306
f 2887/3163/2892 3565/3889/3562 3578/3903/3576
f 3578/3903/3576 2921/3164/2893 2887/3163/2892
f 3579/3904/3577 2958/3612/3302 2921/3164/2893
f 3572/3894/3567 3580/3905/3578 3579/3904/3577
f 3579/3904/3577 3568/3893/3566 3572/3894/3567
f 3566/3890/3563 3578/3903/3576 3565/3889/3562
f 3580/3905/3578 3309/3614/3304 2958/3612/3302
f 3538/3850/3526 3581/3900/3573 3527/3835/3514
f 3574/3906/3579 3581/3900/3573 3575/3901/3574
f 3585/3907/3580 3561/3888/3561 3560/3884/3557
f 3558/3880/3553 3587/3908/3581 3586/3909/3582
f 3560/3884/3557 3583/3132/2861 3585/3907/3580
f 3592/3910/3583 3588/3911/3584 3593/3881/3554
f 3586/3909/3582 3584/3912/3585 3585/3907/3580
f 3583/3132/2861 3586/3909/3582 3585/3907/3580
f 3558/3880/3553 2883/3133/2862 2886/3868/3541
f 3564/3886/3559 3584/3912/3585 3591/3913/3586
f 3607/3914/3587 3596/3915/3588 3608/3916/3589
f 3608/3916/3589 3595/3917/3590 3609/3918/3591
f 3596/3915/3588 3594/3883/3556 3595/3917/3590
f 3597/3919/3592 3593/3881/3554 3596/3915/3588
f 3515/3825/3505 3599/3920/3593 3514/3832/3511
f 3498/3813/3495 3599/3920/3593 3598/3921/3594
f 3598/3921/3594 3602/3922/3595 3601/3923/3596
f 3599/3920/3593 3603/3924/3597 3602/3922/3595
f 3601/3923/3596 3605/3925/3598 3604/3926/3599
f 3603/3924/3597 3605/3925/3598 3602/3922/3595
f 3604/3926/3599 3594/3883/3556 3589/3882/3555
f 3605/3925/3598 3595/3917/3590 3594/3883/3556
f 3591/3913/3586 3608/3916/3589 3564/3886/3559
f 3564/3886/3559 3609/3918/3591 3563/3927/3600
f 3574/3906/3579 3563/3927/3600 3610/3928/3601
f 3563/3927/3600 3609/3918/3591 3610/3928/3601
f 3609/3918/3591 3606/3929/3602 3610/3928/3601
f 3574/3906/3579 3612/3930/3603 3582/3902/3575
f 3600/3931/3604 3612/3930/3603 3603/3924/3597
f 3526/3833/3512 3600/3931/3604 3515/3825/3505
f 3606/3929/3602 3612/3930/3603 3610/3928/3601
f 3616/3932/3605 3557/3879/3552 3555/3933/3606
f 3555/3933/3606 3615/3934/3607 3616/3932/3605
f 3614/3935/3608 3592/3910/3583 3597/3919/3592
f 3615/3934/3607 3614/3935/3608 3616/3932/3605
f 3607/3914/3587 3614/3935/3608 3597/3919/3592
f 3587/3908/3581 3607/3914/3587 3591/3913/3586
f 3508/3936/3609 3556/3878/3551 3509/3827/3507
f 3584/3912/3585 3587/3908/3581 3591/3913/3586
f 3615/3934/3607 3611/3937/3610 3613/3938/3611
f 3508/3936/3609 3617/3939/3612 3611/3937/3610
f 755/3814/3496 3506/3829/3509 3499/3803/3485
f 3496/3830/3510 3499/3803/3485 3506/3829/3509
f 3611/3937/3610 3618/3940/3613 3613/3938/3611
f 3618/3940/3613 3592/3910/3583 3613/3938/3611
f 3635/3941/3614 3633/3942/3615 3636/3943/3616
f 3638/3944/3617 3632/3945/3618 3631/3946/3619
f 3639/3947/3620 3631/3948/3619 3630/3949/3621
f 3636/3943/3616 3632/3945/3618 3637/3950/3622
f 3630/3949/3621 3627/3951/3623 3623/3952/3624
f 3631/3946/3619 3625/3953/3625 3627/3954/3623
f 3633/3942/3615 3625/3953/3625 3632/3945/3618
f 3634/3955/3626 3629/3956/3627 3633/3942/3615
f 3621/3957/3628 3643/3958/3629 3628/3959/3630
f 3628/3959/3630 3642/3960/3631 3624/3961/3632
f 3626/3962/3633 3642/3960/3631 3641/3963/3634
f 3626/3964/3633 3640/3965/3635 3620/3966/3636
f 3640/3965/3635 3638/3967/3617 3639/3947/3620
f 3641/3963/3634 3637/3950/3622 3638/3944/3617
f 3643/3958/3629 3637/3950/3622 3642/3960/3631
f 3644/3968/3637 3636/3943/3616 3643/3958/3629
f 3629/3956/3627 3490/3804/3486 3625/3953/3625
f 3503/3969/3489 3625/3953/3625 3490/3804/3486
f 3503/3807/3489 3623/3952/3624 3627/3951/3623
f 3500/3805/3487 3622/3970/3638 3491/3815/3497
f 3656/3971/3639 3657/3972/3640 3646/3973/3641
f 3645/3974/3642 3661/3975/3643 3650/3976/3644
f 3650/3976/3644 3660/3977/3645 3652/3978/3646
f 3660/3977/3645 3654/3979/3647 3652/3978/3646
f 3654/3979/3647 3658/3980/3648 3656/3971/3639
f 3658/3980/3648 3647/3981/3649 3657/3972/3640
f 3653/3982/3650 3658/3980/3648 3659/3983/3651
f 3651/3984/3652 3659/3983/3651 3660/3977/3645
f 3661/3975/3643 3651/3984/3652 3660/3977/3645
f 3662/3985/3653 3649/3986/3654 3661/3975/3643
f 3666/3987/3655 3623/3952/3624 3667/3988/3656
f 3630/3949/3621 3665/3989/3657 3639/3947/3620
f 3664/3990/3658 3639/3947/3620 3665/3989/3657
f 3664/3990/3658 3620/3966/3636 3640/3965/3635
f 3656/3971/3639 3663/3991/3659 3664/3990/3658
f 3656/3971/3639 3665/3989/3657 3654/3979/3647
f 3652/3978/3646 3665/3989/3657 3666/3987/3655
f 3652/3978/3646 3667/3988/3656 3650/3976/3644
f 3623/3952/3624 3495/3811/3493 3667/3988/3656
f 3495/3811/3493 3650/3976/3644 3667/3988/3656
f 3601/3923/3596 3668/3992/3660 3598/3921/3594
f 3669/3993/3661 3604/3926/3599 3670/3994/3662
f 3669/3993/3661 3645/3974/3642 3668/3992/3660
f 3662/3985/3653 3670/3994/3662 3648/3995/3663
f 3494/3810/3492 3645/3974/3642 3495/3811/3493
f 3494/3810/3492 3598/3921/3594 3668/3992/3660
f 3681/3996/3664 3685/3997/3665 3684/3998/3666
f 3685/3997/3665 3679/3999/3667 3686/4000/3668
f 3681/3996/3664 3683/4001/3669 3682/4002/3670
f 3680/4003/3671 3675/4004/3672 3679/3999/3667
f 3677/4005/3673 3680/4003/3671 3681/3996/3664
f 3677/4005/3673 3682/4002/3670 3671/4006/3674
f 3684/3998/3666 3687/4007/3675 3683/4001/3669
f 3685/3997/3665 3688/4008/3676 3684/3998/3666
f 3689/4009/3677 3686/4000/3668 3690/4010/3678
f 3688/4008/3676 3672/4011/3679 3687/4007/3675
f 3688/4008/3676 3673/4012/3680 3678/4013/3681
f 3689/4009/3677 3676/4014/3682 3673/4012/3680
f 3671/4006/3674 3644/3968/3637 3621/3957/3628
f 3682/4002/3670 3635/3941/3614 3644/3968/3637
f 3683/4001/3669 3634/3955/3626 3635/3941/3614
f 3687/4007/3675 3622/3970/3638 3634/3955/3626
f 3675/4004/3672 3655/4015/3683 3679/3999/3667
f 3655/4015/3683 3686/4000/3668 3679/3999/3667
f 3653/3982/3650 3690/4010/3678 3686/4000/3668
f 3649/3986/3654 3690/4010/3678 3651/3984/3652
f 3676/4014/3682 3691/4016/3684 3673/4012/3680
f 3678/4013/3681 3617/3939/3612 3672/4011/3679
f 3619/4017/3685 3611/3937/3610 3617/3939/3612
f 3491/3815/3497 3672/4011/3679 3617/3939/3612
f 3491/3815/3497 3617/3939/3612 755/3814/3496
f 3588/3911/3584 3691/4016/3684 3692/4018/3686
f 3691/4016/3684 3678/4013/3681 3673/4012/3680
f 3618/3940/3613 3691/4016/3684 3590/4019/3687
f 3676/4014/3682 3648/3995/3663 3692/4018/3686
f 3588/3911/3584 3693/4020/3688 3589/3882/3555
f 3693/4020/3688 3604/3926/3599 3589/3882/3555
f 3693/4020/3688 3648/3995/3663 3670/3994/3662
f 3674/4021/3689 3694/4022/3690 3675/4004/3672
f 3674/4021/3689 3696/4023/3691 3695/4024/3692
f 3677/4005/3673 3697/4025/3693 3696/4023/3691
f 3671/4006/3674 3698/4026/3694 3697/4025/3693
f 3628/3959/3630 3698/4026/3694 3621/3957/3628
f 3699/4027/3695 3624/3961/3632 3700/4028/3696
f 3624/3961/3632 3701/4029/3697 3700/4028/3696
f 3626/3964/3633 3702/4030/3698 3701/4031/3697
f 3620/3966/3636 3703/4032/3699 3702/4030/3698
f 3703/4032/3699 3646/3973/3641 3704/4033/3700
f 3646/3973/3641 3705/4034/3701 3704/4033/3700
f 3657/3972/3640 3706/4035/3702 3705/4034/3701
f 3647/3981/3649 3694/4022/3690 3706/4035/3702
f 3701/4029/3697 3707/4036/3703 3730/4037/3704
f 3728/4038/3705 3709/4039/3706 3699/4027/3695
f 3709/4039/3706 3698/4026/3694 3699/4027/3695
f 3863/4040/3707 3697/4025/3693 3698/4026/3694
f 3711/4041/3708 3696/4023/3691 3697/4025/3693
f 3713/4042/3709 3696/4023/3691 3712/4043/3710
f 3713/4042/3709 3694/4022/3690 3695/4024/3692
f 3714/4044/3711 3706/4035/3702 3694/4022/3690
f 3705/4034/3701 3873/4045/3712 3716/4046/3713
f 3876/4047/3714 3717/4048/3715 3704/4033/3700
f 3704/4033/3700 3718/4049/3716 3703/4032/3699
f 3737/4050/3717 3702/4030/3698 3703/4032/3699
f 3701/4031/3697 3729/4051/3718 3707/4052/3703
f 3714/4044/3711 3721/4053/3719 3715/4054/3720
f 3722/4055/3721 3873/4045/3712 3874/4056/3722
f 3714/4044/3711 3723/4057/3723 3720/4058/3724
f 3713/4042/3709 3724/4059/3725 3723/4057/3723
f 3712/4043/3710 3725/4060/3726 3724/4059/3725
f 3718/4049/3716 3737/4050/3717 3703/4032/3699
f 3700/4028/3696 3730/4037/3704 3708/4061/3727
f 3730/4037/3704 3736/4062/3728 3731/4063/3729
f 3708/4061/3727 3731/4063/3729 3726/4064/3730
f 3728/4038/3705 3726/4064/3730 3727/4065/3731
f 3728/4038/3705 3700/4028/3696 3708/4061/3727
f 3707/4052/3703 3735/4066/3732 3736/4067/3728
f 3719/4068/3733 3733/4069/3734 3734/4070/3735
f 3729/4051/3718 3734/4070/3735 3735/4066/3732
f 3737/4050/3717 3732/4071/3736 3733/4069/3734
f 3702/4030/3698 3729/4051/3718 3701/4031/3697
f 3727/4065/3731 3709/4039/3706 3728/4038/3705
f 3718/4049/3716 3739/4072/3737 3732/4071/3736
f 3877/4073/3738 3716/4046/3713 3722/4055/3721
f 3709/4039/3706 3740/4074/3739 3710/4075/3740
f 3864/4076/3741 3711/4041/3708 3863/4040/3707
f 3889/4077/3742 3746/4078/3743 3751/4079/3744
f 3746/4078/3743 3752/4080/3745 3751/4079/3744
f 3752/4080/3745 3748/4081/3746 3753/4082/3747
f 3753/4082/3747 3778/4083/3748 3777/4084/3749
f 3749/4085/3750 3755/4086/3751 3754/4087/3752
f 3755/4088/3751 3782/4089/3753 3781/4090/3754
f 3742/4091/3755 3757/4092/3756 3756/4093/3757
f 3787/4094/3758 3758/4095/3759 3788/4096/3760
f 3744/4097/3761 3750/4098/3762 3758/4095/3759
f 3786/4099/3763 3744/4097/3761 3787/4094/3758
f 3760/4100/3764 3745/4101/3765 3744/4097/3761
f 3762/4102/3766 3888/4103/3767 3887/4104/3768
f 3763/4105/3769 3746/4078/3743 3762/4102/3766
f 3764/4106/3770 3747/4107/3771 3763/4105/3769
f 3779/4108/3772 3748/4081/3746 3764/4106/3770
f 3766/4109/3773 3749/4085/3750 3765/4110/3774
f 3783/4111/3775 3741/4112/3776 3766/4113/3773
f 3767/4114/3777 3743/4115/3778 3742/4091/3755
f 3769/4116/3779 3887/4104/3768 3886/4117/3780
f 3770/4118/3781 3762/4102/3766 3769/4116/3779
f 3771/4119/3782 3763/4105/3769 3770/4118/3781
f 3780/4120/3783 3764/4106/3770 3771/4119/3782
f 3773/4121/3784 3765/4110/3774 3772/4122/3785
f 3784/4123/3786 3766/4113/3773 3773/4124/3784
f 3774/4125/3787 3759/4126/3788 3767/4114/3777
f 3785/4127/3789 3760/4100/3764 3786/4099/3763
f 3768/4128/3790 3760/4100/3764 3776/4129/3791
f 3778/4083/3748 3754/4087/3752 3777/4084/3749
f 3779/4108/3772 3749/4085/3750 3778/4083/3748
f 3780/4120/3783 3765/4110/3774 3779/4108/3772
f 3782/4089/3753 3756/4093/3757 3781/4090/3754
f 3783/4111/3775 3742/4091/3755 3782/4089/3753
f 3784/4123/3786 3767/4114/3777 3783/4111/3775
f 3775/4130/3792 3786/4099/3763 3759/4126/3788
f 3759/4126/3788 3787/4094/3758 3743/4115/3778
f 3743/4115/3778 3788/4096/3760 3757/4092/3756
f 3781/4090/3754 3727/4131/3731 3726/4132/3730
f 3731/4133/3729 3781/4090/3754 3726/4132/3730
f 3754/4087/3752 3736/4134/3728 3735/4135/3732
f 3736/4136/3728 3755/4088/3751 3731/4133/3729
f 3777/4084/3749 3734/4137/3735 3733/4138/3734
f 3734/4137/3735 3754/4087/3752 3735/4135/3732
f 3753/4082/3747 3733/4138/3734 3732/4139/3736
f 3732/4071/3736 3739/4072/3737 3789/4140/3793
f 3753/4082/3747 3789/4141/3793 3752/4080/3745
f 3789/4141/3793 3790/4142/3794 3752/4080/3745
f 3790/4143/3794 3722/4055/3721 3878/4144/3795
f 3874/4056/3722 3791/4145/3796 3875/4146/3797
f 3794/4147/3798 4020/4148/3799 4021/4149/3800
f 3794/4147/3798 4021/4149/3800 3774/4125/3787
f 3793/4150/3801 3800/4151/3802 4020/4148/3799
f 3806/4152/3803 3800/4151/3802 3807/4153/3804
f 3807/4153/3804 3801/4154/3805 3805/4155/3806
f 3803/4156/3807 3807/4153/3804 3802/4157/3808
f 3805/4155/3806 3802/4157/3808 3807/4153/3804
f 3818/4158/3809 3804/4159/3810 3816/4160/3811
f 3820/4161/3812 3802/4157/3808 3822/4162/3813
f 3853/4163/3814 3833/4164/3815 3854/4165/3816
f 3858/4166/3817 3828/4167/3818 3859/4168/3819
f 3855/4169/3820 3831/4170/3821 3856/4171/3822
f 3856/4171/3822 3830/4172/3823 3857/4173/3824
f 3857/4173/3824 3829/4174/3825 3858/4166/3817
f 3861/4175/3826 3827/4176/3827 3826/4177/3828
f 3859/4168/3819 3827/4176/3827 3860/4178/3829
f 3855/4169/3820 3833/4164/3815 3832/4179/3830
f 3826/4177/3828 3845/4180/3831 3844/4181/3832
f 3828/4167/3818 3845/4180/3831 3827/4176/3827
f 3829/4174/3825 3846/4182/3833 3828/4167/3818
f 3830/4172/3823 3847/4183/3834 3829/4174/3825
f 3831/4170/3821 3848/4184/3835 3830/4172/3823
f 3831/4170/3821 3850/4185/3836 3849/4186/3837
f 3833/4164/3815 3850/4185/3836 3832/4179/3830
f 3833/4164/3815 3852/4187/3838 3851/4188/3839
f 3836/4189/3840 3811/4190/3841 3835/4191/3842
f 3837/4192/3843 3821/4193/3844 3836/4189/3840
f 3838/4194/3845 3823/4195/3846 3837/4192/3843
f 3839/4196/3847 3813/4197/3848 3838/4194/3845
f 3840/4198/3849 3819/4199/3850 3839/4196/3847
f 3840/4198/3849 3815/4200/3851 3817/4201/3852
f 3841/4202/3853 3825/4203/3854 3815/4200/3851
f 3842/4204/3855 3810/4205/3856 3825/4203/3854
f 3844/4181/3832 3836/4189/3840 3835/4191/3842
f 3846/4182/3833 3836/4189/3840 3845/4180/3831
f 3847/4183/3834 3837/4192/3843 3846/4182/3833
f 3848/4184/3835 3838/4194/3845 3847/4183/3834
f 3849/4186/3837 3839/4196/3847 3848/4184/3835
f 3849/4186/3837 3841/4202/3853 3840/4198/3849
f 3851/4188/3839 3841/4202/3853 3850/4185/3836
f 3852/4187/3838 3842/4204/3855 3851/4188/3839
f 3809/4206/3857 3854/4165/3816 3824/4207/3858
f 3814/4208/3859 3854/4165/3816 3855/4169/3820
f 3814/4208/3859 3856/4171/3822 3816/4160/3811
f 3816/4160/3811 3857/4173/3824 3818/4158/3809
f 3812/4209/3860 3857/4173/3824 3858/4166/3817
f 3812/4209/3860 3859/4168/3819 3822/4162/3813
f 3822/4162/3813 3860/4178/3829 3820/4161/3812
f 3808/4210/3861 3860/4178/3829 3861/4175/3826
f 3738/4211/3862 3862/4212/3863 3740/4074/3739
f 3862/4213/3863 3757/4092/3756 3788/4096/3760
f 3756/4093/3757 3738/4214/3862 3727/4131/3731
f 3710/4075/3740 3863/4040/3707 3698/4026/3694
f 3740/4074/3739 3863/4040/3707 3710/4075/3740
f 3740/4074/3739 3865/4215/3864 3864/4076/3741
f 3788/4096/3760 3865/4216/3864 3862/4213/3863
f 3865/4215/3864 3725/4060/3726 3864/4076/3741
f 3758/4095/3759 3867/4217/3865 3865/4216/3864
f 3867/4217/3865 3868/4218/3866 3865/4216/3864
f 3866/4219/3867 3865/4215/3864 3868/4220/3866
f 3868/4220/3866 3869/4221/3868 3866/4219/3867
f 3866/4219/3867 3724/4059/3725 3725/4060/3726
f 3870/4222/3869 3868/4218/3866 3867/4217/3865
f 3869/4221/3868 3723/4057/3723 3724/4059/3725
f 3871/4223/3870 3720/4058/3724 3723/4057/3723
f 3872/4224/3871 3721/4053/3719 3720/4058/3724
f 3706/4035/3702 3873/4045/3712 3705/4034/3701
f 3874/4056/3722 3715/4054/3720 3721/4053/3719
f 3877/4073/3738 3789/4140/3793 3739/4072/3737
f 3876/4047/3714 3705/4034/3701 3716/4046/3713
f 3717/4048/3715 3877/4073/3738 3739/4072/3737
f 3875/4146/3797 3722/4055/3721 3874/4056/3722
f 3879/4225/3872 3872/4224/3871 3871/4223/3870
f 3872/4224/3871 3881/4226/3873 3791/4145/3796
f 3882/4227/3874 3791/4145/3796 3881/4226/3873
f 3875/4146/3797 3883/4228/3875 3878/4144/3795
f 3883/4228/3875 3790/4143/3794 3878/4144/3795
f 3871/4223/3870 3870/4229/3869 3879/4225/3872
f 3870/4222/3869 3884/4230/3876 3879/4231/3872
f 3879/4231/3872 3884/4230/3876 3880/4232/3877
f 3885/4233/3878 3880/4232/3877 3884/4230/3876
f 3790/4142/3794 3751/4079/3744 3752/4080/3745
f 3768/4128/3790 3887/4104/3768 3761/4234/3879
f 3761/4234/3879 3888/4103/3767 3745/4101/3765
f 3745/4101/3765 3889/4077/3742 3750/4098/3762
f 3889/4077/3742 3867/4217/3865 3750/4098/3762
f 3885/4233/3878 3889/4077/3742 3751/4079/3744
f 3883/4235/3875 3885/4233/3878 3751/4079/3744
f 3882/4236/3874 3881/4237/3873 3885/4233/3878
f 3812/4209/3860 3802/4157/3808 3818/4158/3809
f 3822/4162/3813 3802/4157/3808 3812/4209/3860
f 3824/4207/3858 3891/4238/3880 3809/4206/3857
f 3816/4160/3811 3804/4159/3810 3814/4208/3859
f 3804/4159/3810 3824/4207/3858 3814/4208/3859
f 3803/4156/3807 3820/4161/3812 3808/4210/3861
f 3808/4210/3861 3890/4239/3881 3803/4156/3807
f 3861/4175/3826 3904/4240/3882 3808/4210/3861
f 3905/4241/3883 3890/4239/3881 3904/4240/3882
f 3890/4239/3881 3895/4242/3884 3803/4156/3807
f 3903/4243/3885 3898/4244/3886 3902/4245/3887
f 3900/4246/3888 3897/4247/3889 3901/4248/3890
f 3898/4244/3886 3900/4246/3888 3901/4248/3890
f 3903/4243/3885 3826/4177/3828 3899/4249/3891
f 3844/4181/3832 3899/4249/3891 3826/4177/3828
f 3844/4181/3832 3896/4250/3892 3900/4246/3888
f 3893/4251/3893 3903/4243/3885 3902/4245/3887
f 3861/4175/3826 3903/4243/3885 3892/4252/3894
f 3890/4239/3881 3808/4210/3861 3904/4240/3882
f 3892/4252/3894 3905/4241/3883 3904/4240/3882
f 3907/4253/3895 3835/4191/3842 3811/4190/3841
f 3908/4254/3896 3810/4255/3856 3843/4256/3897
f 3909/4257/3898 3919/4258/3899 3918/4259/3900
f 3921/4260/3901 3913/4261/3902 3912/4262/3903
f 3910/4263/3904 3916/4264/3905 3911/4265/3906
f 3915/4266/3907 3913/4261/3902 3914/4267/3908
f 3915/4266/3907 3916/4264/3905 3917/4268/3909
f 3918/4259/3900 3910/4263/3904 3911/4265/3906
f 3922/4269/3910 3907/4270/3895 3923/4271/3911
f 3921/4260/3901 3923/4271/3911 3920/4272/3912
f 3978/4273/3913 3924/4274/3914 3979/4275/3915
f 3978/4273/3913 3926/4276/3916 3925/4277/3917
f 3977/4278/3918 3927/4279/3919 3926/4276/3916
f 3975/4280/3920 3927/4279/3919 3976/4281/3921
f 3928/4282/3922 3974/4283/3923 3929/4284/3924
f 3973/4285/3925 3929/4284/3924 3974/4283/3923
f 3930/4286/3926 3972/4287/3927 3931/4288/3928
f 3971/4289/3929 3931/4288/3928 3972/4287/3927
f 3971/4289/3929 3933/4290/3930 3932/4291/3931
f 3954/4292/3932 3937/4293/3933 3934/4294/3934
f 3944/4295/3935 3938/4296/3936 3935/4297/3937
f 3951/4298/3938 3939/4299/3939 3942/4300/3940
f 3948/4301/3941 3940/4302/3942 3943/4303/3943
f 3939/4299/3939 3949/4304/3944 3941/4305/3945
f 3952/4306/3946 3942/4300/3940 3945/4307/3947
f 3941/4305/3945 3948/4301/3941 3943/4303/3943
f 3940/4302/3942 3946/4308/3948 3944/4295/3935
f 3937/4293/3933 3952/4306/3946 3945/4307/3947
f 3963/4309/3949 3932/4291/3931 3964/4310/3950
f 3962/4311/3951 3931/4288/3928 3963/4309/3949
f 3961/4312/3952 3930/4286/3926 3962/4311/3951
f 3960/4313/3953 3929/4284/3924 3961/4312/3952
f 3959/4314/3954 3928/4282/3922 3960/4313/3953
f 3926/4276/3916 3959/4314/3954 3958/4315/3955
f 3925/4277/3917 3958/4315/3955 3957/4316/3956
f 3956/4317/3957 3925/4277/3917 3957/4316/3956
f 3936/4318/3958 3956/4317/3957 3955/4319/3959
f 3955/4319/3959 3953/4320/3960 3954/4292/3932
f 3953/4320/3960 3957/4316/3956 3952/4306/3946
f 3957/4316/3956 3951/4298/3938 3952/4306/3946
f 3958/4315/3955 3950/4321/3961 3951/4298/3938
f 3950/4321/3961 3960/4313/3953 3949/4304/3944
f 3949/4304/3944 3961/4312/3952 3948/4301/3941
f 3961/4312/3952 3947/4322/3962 3948/4301/3941
f 3947/4322/3962 3963/4309/3949 3946/4308/3948
f 3946/4308/3948 3964/4310/3950 3938/4296/3936
f 3934/4294/3934 3937/4293/3933 3965/4323/3963
f 3937/4293/3933 3945/4307/3947 3965/4323/3963
f 3942/4300/3940 3939/4299/3939 3966/4324/3964
f 3939/4299/3939 3941/4305/3945 3966/4324/3964
f 3943/4303/3943 3940/4302/3942 3967/4325/3965
f 3940/4302/3942 3944/4295/3935 3967/4325/3965
f 3938/4296/3936 3968/4326/3966 3969/4327/3967
f 3853/4328/3814 3969/4327/3967 3968/4326/3966
f 3933/4290/3930 3964/4310/3950 3932/4291/3931
f 3968/4326/3966 3834/4329/3968 3853/4328/3814
f 3908/4254/3896 3970/4330/3969 3971/4289/3929
f 3908/4254/3896 3972/4287/3927 3919/4258/3899
f 3973/4285/3925 3919/4258/3899 3972/4287/3927
f 3910/4263/3904 3974/4283/3923 3917/4268/3909
f 3975/4280/3920 3917/4268/3909 3974/4283/3923
f 3912/4262/3903 3975/4280/3920 3976/4281/3921
f 3921/4260/3901 3976/4281/3921 3977/4278/3918
f 3921/4260/3901 3978/4273/3913 3922/4269/3910
f 3922/4269/3910 3979/4275/3915 3906/4331/3970
f 3852/4332/3838 3933/4290/3930 3970/4330/3969
f 3852/4332/3838 3970/4330/3969 3843/4256/3897
f 3942/4300/3940 3980/4333/3971 3945/4307/3947
f 3943/4303/3943 3983/4334/3972 3941/4305/3945
f 3935/4297/3937 3984/4335/3973 3944/4295/3935
f 3984/4335/3973 3967/4325/3965 3944/4295/3935
f 3967/4325/3965 3982/4336/3974 3943/4303/3943
f 3966/4324/3964 3981/4337/3975 3942/4300/3940
f 3987/4338/3976 3941/4305/3945 3983/4334/3972
f 3980/4333/3971 3965/4323/3963 3945/4307/3947
f 3990/4339/3977 3987/4338/3976 3983/4334/3972
f 3986/4340/3978 3990/4339/3977 3982/4336/3974
f 3991/4341/3979 3984/4335/3973 3992/4342/3980
f 3982/4336/3974 3990/4339/3977 3983/4334/3972
f 3981/4337/3975 3993/4343/3981 3980/4333/3971
f 3981/4337/3975 3989/4344/3982 3993/4343/3981
f 3980/4333/3971 3994/4345/3983 3988/4346/3984
f 3954/4292/3932 3995/4347/3985 3955/4319/3959
f 3996/4348/3986 3997/4349/3987 3995/4347/3985
f 3998/4350/3988 3893/4251/3893 3997/4349/3987
f 3955/4319/3959 3999/4351/3989 3936/4318/3958
f 3995/4347/3985 4000/4352/3990 3999/4351/3989
f 3997/4349/3987 3902/4245/3887 4000/4352/3990
f 3905/4241/3883 4001/4353/3991 3894/4354/3992
f 3998/4350/3988 4002/4355/3993 4001/4353/3991
f 3996/4348/3986 3934/4294/3934 4002/4355/3993
f 3965/4323/3963 4002/4355/3993 3934/4294/3934
f 3988/4346/3984 4003/4356/3994 4002/4355/3993
f 4003/4356/3994 4001/4353/3991 4002/4355/3993
f 4001/4353/3991 3895/4242/3884 3894/4354/3992
f 3924/4274/3914 3936/4318/3958 4011/4357/3995
f 3936/4318/3958 4012/4358/3996 4011/4357/3995
f 4005/4359/3997 3906/4331/3970 3979/4275/3915
f 4005/4359/3997 4008/4360/3998 4007/4361/3999
f 3896/4250/3892 4008/4360/3998 3897/4247/3889
f 4007/4362/3999 3835/4191/3842 3906/4363/3970
f 4008/4360/3998 4006/4364/4000 4009/4365/4001
f 4010/4366/4002 3902/4245/3887 3898/4244/3886
f 4009/4365/4001 3897/4247/3889 4008/4360/3998
f 4010/4366/4002 3901/4248/3890 4009/4365/4001
f 3979/4275/3915 4011/4357/3995 4005/4359/3997
f 4005/4359/3997 4012/4358/3996 4006/4364/4000
f 4000/4352/3990 4012/4358/3996 3999/4351/3989
f 4006/4364/4000 4010/4366/4002 4009/4365/4001
f 3891/4367/3880 3969/4327/3967 3809/4368/3857
f 3935/4297/3937 3969/4327/3967 4013/4369/4003
f 4013/4369/4003 3985/4370/4004 3935/4297/3937
f 3804/4159/3810 4015/4371/4005 3891/4238/3880
f 3803/4156/3807 4016/4372/4006 3806/4152/3803
f 3895/4242/3884 4017/4373/4007 4016/4372/4006
f 4019/4374/4008 4021/4149/3800 4020/4148/3799
f 4019/4374/4008 4023/4375/4009 4022/4376/4010
f 3799/4377/4011 4016/4372/4006 3798/4378/4012
f 4019/4374/4008 3798/4378/4012 4018/4379/4013
f 3799/4377/4011 4020/4148/3799 3800/4151/3802
f 4021/4149/3800 3775/4130/3792 3774/4125/3787
f 4022/4376/4010 3785/4127/3789 3775/4130/3792
f 3793/4150/3801 3792/4380/4014 3797/4381/4015
f 3796/4382/4016 3793/4150/3801 3797/4381/4015
f 3796/4382/4016 3795/4383/4017 3801/4154/3805
f 3795/4383/4017 3805/4155/3806 3801/4154/3805
f 3774/4125/3787 3792/4380/4014 3794/4147/3798
f 4069/4384/4018 4025/4385/4019 4072/4386/4020
f 3792/4380/4014 4072/4386/4020 4025/4385/4019
f 4014/4387/4021 3891/4367/3880 4015/4388/4005
f 4024/4389/4022 4027/4390/4023 3795/4391/4017
f 3795/4391/4017 4014/4387/4021 4015/4388/4005
f 4027/4390/4023 4030/4392/4024 4014/4387/4021
f 3985/4370/4004 4030/4392/4024 3992/4342/3980
f 3992/4342/3980 3984/4335/3973 3985/4370/4004
f 3769/4116/3779 4034/4393/4025 3770/4118/3781
f 4033/4394/4026 3994/4345/3983 4031/4395/4027
f 4034/4393/4025 3771/4119/3782 3770/4118/3781
f 3771/4119/3782 4035/4396/4028 3780/4120/3783
f 4032/4397/4029 3990/4339/3977 4034/4393/4025
f 4034/4393/4025 3992/4342/3980 4036/4398/4030
f 4036/4398/4030 4029/4399/4031 4035/4396/4028
f 4030/4392/4024 4036/4398/4030 3992/4342/3980
f 3990/4339/3977 3991/4341/3979 4034/4393/4025
f 3768/4128/3790 4031/4395/4027 3886/4117/3780
f 3769/4116/3779 4037/4400/4032 4032/4397/4029
f 3886/4117/3780 4031/4395/4027 4037/4400/4032
f 4037/4400/4032 3994/4345/3983 3993/4343/3981
f 4032/4397/4029 3993/4343/3981 3989/4344/3982
f 3772/4122/3785 4039/4401/4033 3773/4121/3784
f 4038/4402/4034 3780/4120/3783 4035/4396/4028
f 4016/4372/4006 4017/4373/4007 3798/4378/4012
f 4017/4373/4007 4018/4379/4013 3798/4378/4012
f 4040/4403/4035 4023/4375/4009 4018/4379/4013
f 4023/4375/4009 3776/4129/3791 3785/4127/3789
f 3768/4128/3790 4040/4403/4035 4033/4394/4026
f 4017/4373/4007 4033/4394/4026 4040/4403/4035
f 4004/4404/4036 4033/4394/4026 4017/4373/4007
f 4043/4405/4037 4049/4406/4038 4044/4407/4039
f 4041/4408/4040 4049/4406/4038 4042/4409/4041
f 4050/4410/4042 4048/4411/4043 4041/4412/4040
f 4051/4413/4044 4047/4414/4045 4050/4410/4042
f 4052/4415/4046 4046/4416/4047 4051/4413/4044
f 4052/4417/4046 4044/4407/4039 4045/4418/4048
f 4054/4419/4049 4041/4412/4040 4053/4420/4050
f 4055/4421/4051 4050/4410/4042 4054/4419/4049
f 4055/4421/4051 4052/4415/4046 4051/4413/4044
f 4056/4422/4052 4043/4405/4037 4052/4417/4046
f 4057/4423/4053 4042/4409/4041 4043/4405/4037
f 4053/4424/4050 4042/4409/4041 4058/4425/4054
f 4060/4426/4055 4056/4422/4052 4059/4427/4056
f 4060/4426/4055 4058/4425/4054 4057/4423/4053
f 4061/4428/4057 4053/4424/4050 4058/4425/4054
f 4062/4429/4058 4054/4419/4049 4053/4420/4050
f 4064/4430/4059 4054/4419/4049 4063/4431/4060
f 4064/4430/4059 4056/4432/4052 4055/4421/4051
f 4049/4406/4038 4024/4433/4022 4065/4434/4061
f 4024/4433/4022 3796/4382/4016 4065/4434/4061
f 4065/4434/4061 3797/4381/4015 4026/4435/4062
f 4048/4411/4043 4028/4436/4063 4024/4389/4022
f 4047/4414/4045 4066/4437/4064 4028/4436/4063
f 4066/4437/4064 4067/4438/4065 4038/4402/4034
f 4035/4396/4028 4066/4437/4064 4038/4402/4034
f 4029/4399/4031 4028/4436/4063 4066/4437/4064
f 4038/4402/4034 4068/4439/4066 4039/4401/4033
f 4046/4416/4047 4068/4439/4066 4067/4438/4065
f 4047/4414/4045 4046/4416/4047 4067/4438/4065
f 4068/4440/4066 4069/4384/4018 4039/4441/4033
f 4070/4442/4067 4045/4418/4048 4044/4407/4039
f 4049/4406/4038 4071/4443/4068 4044/4407/4039
f 4071/4443/4068 4070/4442/4067 4044/4407/4039
f 4070/4442/4067 4026/4435/4062 4069/4384/4018
f 3792/4380/4014 4026/4435/4062 3797/4381/4015
f 4026/4435/4062 4071/4443/4068 4065/4434/4061
f 4039/4441/4033 4072/4386/4020 3773/4124/3784
f 4072/4386/4020 3784/4123/3786 3773/4124/3784
f 4074/4444/4069 4063/4431/4060 4062/4429/4058
f 4074/4445/4069 4061/4428/4057 4075/4446/4070
f 4073/4447/4071 4075/4446/4070 4076/4448/4072
f 4059/4427/4056 4077/4449/4073 4060/4426/4055
f 4078/4450/4074 4075/4446/4070 4077/4449/4073
f 4061/4428/4057 4077/4449/4073 4075/4446/4070
f 4064/4430/4059 4078/4451/4074 4059/4452/4056
f 4064/4430/4059 4073/4453/4071 4076/4454/4072
f 3911/4265/3906 4079/4455/4075 3918/4259/3900
f 3911/4265/3906 4081/4456/4076 4080/4457/4077
f 3916/4264/3905 4082/4458/4078 4081/4456/4076
f 4082/4458/4078 3913/4261/3902 4083/4459/4079
f 3920/4272/3912 4083/4459/4079 3913/4261/3902
f 4084/4460/4080 4085/4461/4081 4083/4462/4079
f 4087/4463/4082 4086/4464/4083 4084/4460/4080
f 3482/3796/3480 4103/4465/4084 3481/3793/3477
f 3823/4195/3846 4088/4466/4085 3821/4193/3844
f 3482/3796/3480 4105/4467/4086 4104/4468/4087
f 4088/4466/4085 4089/4469/4088 4090/4470/4089
f 3821/4193/3844 4090/4470/4089 3811/4190/3841
f 3907/4253/3895 4090/4470/4089 4089/4469/4088
f 4087/4471/4082 3920/4272/3912 3923/4271/3911
f 3923/4271/3911 4089/4472/4088 4087/4471/4082
f 4080/4457/4077 4092/4473/4090 4079/4455/4075
f 4091/4474/4091 3825/4203/3854 4092/4475/4090
f 4091/4474/4091 3817/4201/3852 3815/4200/3851
f 4098/4476/4092 3817/4201/3852 4093/4477/4093
f 4082/4458/4078 4095/4478/4094 4081/4456/4076
f 4094/4479/4095 4081/4456/4076 4095/4478/4094
f 4082/4458/4078 4097/4480/4096 4096/4481/4097
f 3819/4199/3850 4085/4461/4081 3813/4197/3848
f 4099/4482/4098 4096/4483/4097 4100/4484/4099
f 4093/4477/4093 4100/4484/4099 4098/4476/4092
f 4098/4476/4092 4083/4462/4079 4085/4461/4081
f 4094/4485/4095 4091/4474/4091 4080/4486/4077
f 4099/4482/4098 4094/4485/4095 4095/4487/4094
f 4100/4484/4099 4097/4488/4096 4098/4476/4092
f 4101/4489/4100 3825/4203/3854 3810/4205/3856
f 4092/4473/4090 4102/4490/4101 4079/4455/4075
f 4101/4491/4100 3909/4257/3898 4102/4490/4101
f 3918/4259/3900 4102/4490/4101 3909/4257/3898
f 4086/4464/4083 3813/4197/3848 4085/4461/4081
f 3483/3795/3479 4106/4492/4102 4105/4467/4086
f 4234/4493/4103 3480/3792/3476 3481/3793/3477
f 3480/3792/3476 4107/4494/4104 4235/4495/4105
f 4236/4496/4106 3478/3790/3474 3479/3791/3475
f 4109/4497/4107 2863/3789/3473 3478/3790/3474
f 4110/4498/4108 2848/3102/2831 2863/3789/3473
f 2848/3102/2831 4112/4499/4109 2847/3081/2816
f 4112/4499/4109 4113/4500/4110 2847/3081/2816
f 2847/3079/2816 4113/4501/4110 2608/2834/2589
f 4113/4501/4110 4115/4502/4111 4275/4503/4112
f 4117/4504/4113 4113/4505/4110 4116/4506/4114
f 4114/4507/4115 4116/4506/4114 4113/4505/4110
f 4120/4508/4116 4153/4509/4117 4141/4510/4118
f 4129/4511/4119 4146/4512/4120 4145/4513/4121
f 4131/4514/4122 4149/4515/4123 4148/4516/4124
f 4133/4517/4125 4152/4518/4126 4151/4519/4127
f 4139/4520/4128 4145/4513/4121 4144/4521/4129
f 4131/4514/4122 4147/4522/4130 4137/4523/4131
f 4133/4517/4125 4150/4524/4132 4135/4525/4133
f 4135/4525/4133 4149/4515/4123 4125/4526/4134
f 4137/4523/4131 4146/4512/4120 4123/4527/4135
f 4119/4528/4136 4144/4521/4129 4143/4529/4137
f 4127/4530/4138 4153/4509/4117 4152/4518/4126
f 4144/4521/4129 4122/4531/4139 4143/4529/4137
f 4144/4521/4129 4130/4532/4140 4140/4533/4141
f 4145/4513/4121 4124/4534/4142 4130/4532/4140
f 4147/4522/4130 4124/4534/4142 4146/4512/4120
f 4147/4522/4130 4132/4535/4143 4138/4536/4144
f 4148/4516/4124 4126/4537/4145 4132/4535/4143
f 4150/4524/4132 4126/4537/4145 4149/4515/4123
f 4150/4524/4132 4134/4538/4146 4136/4539/4147
f 4151/4519/4127 4128/4540/4148 4134/4538/4146
f 4153/4509/4117 4128/4540/4148 4152/4518/4126
f 4153/4509/4117 4121/4541/4149 4142/4542/4150
f 4139/4520/4128 4175/4543/4151 4129/4511/4119
f 4175/4543/4151 4123/4527/4135 4129/4511/4119
f 4174/4544/4152 4137/4523/4131 4123/4527/4135
f 4173/4545/4153 4131/4514/4122 4137/4523/4131
f 4172/4546/4154 4125/4526/4134 4131/4514/4122
f 4125/4526/4134 4170/4547/4155 4135/4525/4133
f 4170/4547/4155 4133/4517/4125 4135/4525/4133
f 4169/4548/4156 4127/4530/4138 4133/4517/4125
f 4168/4549/4157 4141/4510/4118 4127/4530/4138
f 4167/4550/4158 4120/4508/4116 4141/4510/4118
f 4164/4551/4159 4187/4552/4160 4186/4553/4161
f 4163/4554/4162 4186/4553/4161 4185/4555/4163
f 4162/4556/4164 4185/4555/4163 4184/4557/4165
f 4161/4558/4166 4184/4557/4165 4183/4559/4167
f 4182/4560/4168 4161/4558/4166 4183/4559/4167
f 4159/4561/4169 4182/4560/4168 4181/4562/4170
f 4158/4563/4171 4181/4562/4170 4180/4564/4172
f 4157/4565/4173 4180/4564/4172 4179/4566/4174
f 4156/4567/4175 4179/4566/4174 4178/4568/4176
f 4177/4569/4177 4156/4567/4175 4178/4568/4176
f 4177/4569/4177 4175/4543/4151 4176/4570/4178
f 4178/4568/4176 4174/4544/4152 4175/4543/4151
f 4179/4566/4174 4173/4545/4153 4174/4544/4152
f 4180/4564/4172 4172/4546/4154 4173/4545/4153
f 4181/4562/4170 4171/4571/4179 4172/4546/4154
f 4171/4571/4179 4183/4559/4167 4170/4547/4155
f 4183/4559/4167 4169/4548/4156 4170/4547/4155
f 4184/4557/4165 4168/4549/4157 4169/4548/4156
f 4186/4553/4161 4168/4549/4157 4185/4555/4163
f 4186/4553/4161 4166/4572/4180 4167/4550/4158
f 4122/4531/4139 4188/4573/4181 4143/4529/4137
f 4143/4529/4137 4190/4574/4182 4119/4528/4136
f 4119/4528/4136 4176/4570/4178 4139/4520/4128
f 4191/4575/4183 4177/4569/4177 4176/4570/4178
f 4192/4576/4184 4155/4577/4185 4177/4569/4177
f 4193/4578/4186 4195/4579/4187 4194/4580/4188
f 4192/4576/4184 4196/4581/4189 4195/4579/4187
f 4191/4575/4183 4190/4574/4182 4196/4581/4189
f 4142/4542/4150 4197/4582/4190 4128/4540/4148
f 4128/4540/4148 4197/4582/4190 4134/4538/4146
f 4136/4539/4147 4198/4583/4191 4126/4537/4145
f 4126/4537/4145 4198/4583/4191 4132/4535/4143
f 4124/4534/4142 4199/4584/4192 4130/4532/4140
f 4199/4584/4192 4124/4534/4142 4138/4536/4144
f 4200/4585/4193 4138/4536/4144 4132/4535/4143
f 4203/4586/4194 4136/4539/4147 4134/4538/4146
f 4203/4586/4194 4204/4587/4195 4202/4588/4196
f 4201/4589/4197 4207/4590/4198 4206/4591/4199
f 4208/4592/4200 4206/4591/4199 4207/4590/4198
f 4205/4593/4201 4210/4594/4202 4204/4587/4195
f 4204/4587/4195 4213/4595/4203 4212/4596/4204
f 4208/4592/4200 4212/4596/4204 4213/4595/4203
f 4200/4585/4193 4212/4596/4204 4207/4590/4198
f 4214/4597/4205 4204/4587/4195 4212/4596/4204
f 4198/4583/4191 4202/4588/4196 4214/4597/4205
f 4200/4585/4193 4198/4583/4191 4214/4597/4205
f 4216/4598/4206 4142/4542/4150 4121/4541/4149
f 4216/4598/4206 4218/4599/4207 4215/4600/4208
f 4215/4600/4208 4197/4582/4190 4142/4542/4150
f 4219/4601/4209 4134/4538/4146 4197/4582/4190
f 4219/4601/4209 4205/4593/4201 4203/4586/4194
f 4219/4601/4209 4218/4599/4207 4220/4602/4210
f 4221/4603/4211 4140/4533/4141 4130/4532/4140
f 4221/4603/4211 4223/4604/4212 4222/4605/4213
f 4201/4589/4197 4224/4606/4214 4221/4603/4211
f 4201/4589/4197 4199/4584/4192 4138/4536/4144
f 4221/4603/4211 4130/4532/4140 4199/4584/4192
f 4103/4465/4084 4234/4493/4103 3481/3793/3477
f 4209/4607/4215 4226/4608/4216 4225/4609/4217
f 4228/4610/4218 4103/4611/4084 4104/4612/4087
f 4228/4610/4218 4229/4613/4219 4227/4614/4220
f 4230/4615/4221 4223/4604/4212 4229/4613/4219
f 4232/4616/4222 4223/4604/4212 4224/4606/4214
f 4229/4613/4219 4233/4617/4223 4227/4614/4220
f 4209/4607/4215 4233/4617/4223 4232/4616/4222
f 4206/4591/4199 4232/4616/4222 4224/4606/4214
f 4103/4611/4084 4233/4617/4223 4234/4618/4103
f 4107/4619/4104 4225/4609/4217 4226/4608/4216
f 4233/4617/4223 4225/4609/4217 4234/4618/4103
f 3479/3791/3475 4235/4495/4105 4108/4620/4224
f 4108/4620/4224 4236/4496/4106 3479/3791/3475
f 4238/4621/4225 4235/4622/4105 4107/4619/4104
f 4108/4623/4224 4239/4624/4226 4236/4625/4106
f 4238/4621/4225 4211/4626/4227 4237/4627/4228
f 4240/4628/4229 4241/4629/4230 4239/4624/4226
f 4242/4630/4231 4218/4599/4207 4241/4629/4230
f 4210/4594/4202 4226/4608/4216 4213/4595/4203
f 4226/4608/4216 4238/4621/4225 4107/4619/4104
f 4213/4595/4203 4226/4608/4216 4208/4592/4200
f 4211/4626/4227 4220/4602/4210 4242/4630/4231
f 4237/4627/4228 4242/4630/4231 4240/4628/4229
f 4235/4622/4105 4240/4628/4229 4108/4623/4224
f 4217/4631/4232 4241/4629/4230 4218/4599/4207
f 4111/4632/4233 4244/4633/4234 4243/4634/4235
f 4110/4498/4108 4245/4635/4236 4244/4633/4234
f 4245/4635/4236 4109/4497/4107 4236/4496/4106
f 4247/4636/4237 4245/4637/4236 4246/4638/4238
f 4244/4639/4234 4248/4640/4239 4243/4641/4235
f 4246/4638/4238 4236/4625/4106 4239/4624/4226
f 4248/4640/4239 4249/4642/4240 4243/4641/4235
f 4248/4640/4239 4251/4643/4241 4250/4644/4242
f 4251/4643/4241 4254/4645/4243 4253/4646/4244
f 4256/4647/4245 4253/4646/4244 4254/4645/4243
f 4257/4648/4246 4254/4645/4243 4252/4649/4247
f 4254/4645/4243 4259/4650/4248 4256/4647/4245
f 4257/4648/4246 4217/4631/4232 4258/4651/4249
f 4216/4598/4206 4258/4651/4249 4217/4631/4232
f 4259/4650/4248 4216/4598/4206 4121/4541/4149
f 4239/4624/4226 4257/4648/4246 4246/4638/4238
f 4252/4649/4247 4247/4636/4237 4257/4648/4246
f 4246/4638/4238 4257/4648/4246 4247/4636/4237
f 4120/4508/4116 4260/4652/4250 4154/4653/4251
f 4261/4654/4252 4120/4508/4116 4166/4572/4180
f 4187/4552/4160 4261/4654/4252 4166/4572/4180
f 4262/4655/4253 4263/4656/4254 4261/4654/4252
f 4263/4656/4254 4260/4652/4250 4261/4654/4252
f 4260/4652/4250 4255/4657/4255 4256/4647/4245
f 4259/4650/4248 4121/4541/4149 4256/4647/4245
f 4256/4647/4245 4154/4653/4251 4260/4652/4250
f 4273/4658/4256 4266/4659/4257 4267/4660/4258
f 4267/4660/4258 4274/4661/4259 4273/4658/4256
f 4270/4662/4260 1288/1318/1277 1287/1317/1276
f 1288/1318/1277 4271/4663/4261 760/754/743
f 4271/4663/4261 757/750/739 760/754/743
f 1828/1895/1794 4272/4664/4262 4273/4658/4256
f 4273/4658/4256 1829/1896/1795 1828/1895/1794
f 1829/1896/1795 4274/4661/4259 1289/1321/1278
f 4268/4665/4263 1287/1317/1276 4274/4661/4259
f 1287/1317/1276 1289/1321/1278 4274/4661/4259
f 2608/2834/2589 4275/4503/4112 2607/2833/2588
f 1830/1912/1803 4275/4503/4112 4272/4666/4262
f 4115/4502/4111 4272/4666/4262 4275/4503/4112
f 4277/4667/4264 4159/4561/4169 4158/4563/4171
f 4158/4563/4171 4278/4668/4265 4277/4667/4264
f 4276/4669/4266 4160/4670/4267 4159/4561/4169
f 4280/4671/4268 4160/4670/4267 4279/4672/4269
f 4161/4558/4166 4281/4673/4270 4162/4556/4164
f 4282/4674/4271 4162/4556/4164 4281/4673/4270
f 4282/4674/4271 4164/4551/4159 4163/4554/4162
f 4284/4675/4272 4164/4551/4159 4283/4676/4273
f 4286/4677/4274 4283/4676/4273 4282/4674/4271
f 4282/4674/4271 4287/4678/4275 4286/4677/4274
f 4288/4679/4276 4281/4673/4270 4280/4671/4268
f 4280/4671/4268 4289/4680/4277 4288/4679/4276
f 4279/4672/4269 4290/4681/4278 4289/4680/4277
f 4277/4667/4264 4290/4681/4278 4276/4669/4266
f 4277/4667/4264 4292/4682/4279 4291/4683/4280
f 4156/4567/4175 4293/4684/4281 4294/4685/4282
f 4278/4668/4265 4156/4567/4175 4294/4685/4282
f 4278/4668/4265 4295/4686/4283 4292/4682/4279
f 4295/4686/4283 4293/4684/4281 4296/4687/4284
f 4298/4688/4285 4296/4687/4284 4293/4684/4281
f 4298/4688/4285 4194/4580/4188 4297/4689/4286
f 4155/4577/4185 4298/4688/4285 4293/4684/4281
f 4285/4690/4287 4284/4675/4272 4283/4676/4273
f 4300/4691/4288 4284/4675/4272 4299/4692/4289
f 4165/4693/4290 4264/4694/4291 4262/4655/4253
f 4262/4655/4253 4187/4552/4160 4165/4693/4290
f 4292/4695/4279 4295/4696/4283 4291/4697/4280
f 4290/4698/4278 4288/4699/4276 4289/4700/4277
f 4287/4701/4275 4285/4702/4287 4286/4703/4274
f 4266/4704/4257 4290/4698/4278 4267/4705/4258
f 4290/4698/4278 4291/4697/4280 4267/4705/4258
f 4295/4696/4283 4267/4705/4258 4291/4697/4280
f 4268/4706/4263 4295/4696/4283 4296/4707/4284
f 4285/4702/4287 4266/4704/4257 4115/4708/4111
f 4288/4699/4276 4266/4704/4257 4287/4701/4275
f 4285/4702/4287 4115/4708/4111 4299/4709/4289
f 4299/4692/4289 4115/4710/4111 4117/4504/4113
f 4296/4707/4284 4301/4711/4292 4268/4706/4263
f 4301/4711/4292 4270/4712/4260 4268/4706/4263
f 4302/4713/4293 4304/4714/4294 4303/4715/4295
f 4301/4711/4292 4194/4716/4188 4304/4714/4294
f 4269/4717/4296 4305/4718/4297 4306/4719/4298
f 4307/4720/4299 4269/4717/4296 4306/4719/4298
f 4271/4721/4261 4308/4722/4300 757/4723/739
f 4308/4722/4300 758/751/740 757/4723/739
f 4302/4713/4293 4305/4718/4297 4270/4712/4260
f 4311/4724/4301 4306/4719/4298 4305/4718/4297
f 4312/4725/4302 4307/4720/4299 4306/4719/4298
f 4314/4726/4303 4307/4720/4299 4313/4727/4304
f 4308/4722/4300 4315/4728/4305 4309/4729/4306
f 4321/4730/4307 4317/4731/4308 4316/4732/4309
f 4320/4733/4310 4318/4734/4311 4317/4731/4308
f 4263/4656/4254 4319/4735/4312 4320/4733/4310
f 4265/4736/4313 4320/4733/4310 4321/4730/4307
f 4321/4730/4307 4255/4657/4255 4265/4736/4313
f 4321/4730/4307 4322/4737/4314 4253/4646/4244
f 4319/4735/4312 4116/4506/4114 4318/4734/4311
f 4300/4691/4288 4117/4504/4113 4319/4735/4312
f 4300/4691/4288 4319/4735/4312 4264/4694/4291
f 4322/4737/4314 4251/4643/4241 4253/4646/4244
f 4323/4738/4315 4250/4644/4242 4251/4643/4241
f 4324/4739/4316 4326/4740/4317 4250/4644/4242
f 4250/4644/4242 4326/4741/4317 4249/4642/4240
f 4326/4741/4317 4325/4742/4318 4249/4642/4240
f 4249/4642/4240 4327/4743/4319 4243/4641/4235
f 4327/4743/4319 4325/4742/4318 4328/4744/4320
f 4327/4745/4319 4111/4632/4233 4243/4634/4235
f 4112/4499/4109 4328/4746/4320 4114/4747/4115
f 4329/4748/4321 4114/4507/4115 4328/4749/4320
f 4329/4748/4321 4325/4750/4318 4324/4739/4316
f 4118/4751/4322 4318/4734/4311 4116/4506/4114
f 4330/4752/4323 4317/4731/4308 4318/4734/4311
f 4330/4752/4323 4322/4737/4314 4316/4732/4309
f 4330/4752/4323 4329/4748/4321 4323/4738/4315
f 4324/4739/4316 4323/4738/4315 4329/4748/4321
f 4104/4612/4087 4332/4753/4324 4331/4754/4325
f 4334/4755/4326 4331/4754/4325 4332/4753/4324
f 4333/4756/4327 4336/4757/4328 4331/4754/4325
f 4339/4758/4329 4337/4759/4330 4340/4760/4331
f 4338/4761/4332 4122/4531/4139 4337/4759/4330
f 4335/4762/4333 4340/4760/4331 4336/4757/4328
f 4340/4760/4331 4231/4763/4334 4230/4615/4221
f 4336/4757/4328 4230/4615/4221 4228/4610/4218
f 4228/4610/4218 4331/4754/4325 4336/4757/4328
f 4122/4531/4139 4222/4605/4213 4337/4759/4330
f 4337/4759/4330 4222/4605/4213 4231/4763/4334
f 4231/4763/4334 4222/4605/4213 4223/4604/4212
f 4106/4764/4102 4341/4765/4335 4105/4766/4086
f 4341/4765/4335 4332/4753/4324 4105/4766/4086
f 4343/4767/4336 4334/4755/4326 4332/4753/4324
f 3485/3798/3482 4346/4768/4337 4106/4492/4102
f 3487/3800/3483 4346/4768/4337 3485/3798/3482
f 4346/4769/4337 4348/4770/4338 4347/4771/4339
f 4106/4764/4102 4347/4771/4339 4342/4772/4340
f 4356/4773/4341 4358/4774/4342 4357/4775/4343
f 4355/4776/4344 4359/4777/4345 4358/4774/4342
f 4354/4778/4346 4360/4779/4347 4359/4777/4345
f 4354/4778/4346 4348/4770/4338 4353/4780/4348
f 4347/4771/4339 4355/4776/4344 4342/4772/4340
f 4341/4765/4335 4355/4776/4344 4356/4773/4341
f 4357/4775/4343 4350/4781/4349 4349/4782/4350
f 4358/4774/4342 4351/4783/4351 4350/4781/4349
f 4359/4777/4345 4352/4784/4352 4351/4783/4351
f 4349/4782/4350 4361/4785/4353 4357/4775/4343
f 4357/4775/4343 4344/4786/4354 4356/4773/4341
f 4343/4767/4336 4356/4773/4341 4344/4786/4354
f 4370/4787/4355 4349/4782/4350 4350/4781/4349
f 4350/4781/4349 4371/4788/4356 4370/4787/4355
f 4363/4789/4357 4366/4790/4358 4367/4791/4359
f 4364/4792/4360 4368/4793/4361 4366/4790/4358
f 4370/4787/4355 4363/4789/4357 4369/4794/4362
f 4370/4787/4355 4365/4795/4363 4364/4792/4360
f 4372/4796/4364 4365/4795/4363 4371/4788/4356
f 4372/4796/4364 4351/4783/4351 4352/4784/4352
f 4349/4782/4350 4373/4797/4365 4362/4798/4366
f 4363/4789/4357 4373/4797/4365 4369/4794/4362
f 4367/4799/4359 4375/4800/4367 4373/4801/4365
f 4376/4802/4368 4373/4801/4365 4375/4800/4367
f 4377/4803/4369 4362/4804/4366 4373/4801/4365
f 4366/4805/4358 4374/4806/4370 4367/4799/4359
f 4374/4806/4370 4381/4807/4371 4380/4808/4372
f 4380/4808/4372 4382/4809/4373 4374/4806/4370
f 4383/4810/4374 4384/4811/4375 4382/4809/4373
f 4366/4805/4358 4386/4812/4376 4379/4813/4377
f 4387/4814/4378 4379/4813/4377 4386/4812/4376
f 4372/4815/4364 4389/4816/4379 4368/4817/4361
f 4386/4812/4376 4390/4818/4380 4387/4814/4378
f 4368/4817/4361 4389/4816/4379 4386/4812/4376
f 4352/4819/4352 4388/4820/4381 4372/4815/4364
f 4352/4819/4352 4392/4821/4382 4391/4822/4383
f 4353/4823/4348 4392/4821/4382 4360/4824/4347
f 4393/4825/4384 4348/4826/4338 4394/4827/4385
f 4345/4828/4386 4394/4827/4385 4348/4826/4338
f 756/748/737 4395/4829/4387 4396/4830/4388
f 4396/4830/4388 754/745/735 756/748/737
f 4394/4827/4385 3487/3801/3483 4396/4830/4388
f 758/751/740 4397/4831/4389 759/4832/4390
f 4309/4729/4306 4398/4833/4391 4397/4831/4389
f 4398/4833/4391 4400/4834/4392 4397/4831/4389
f 4400/4834/4392 759/4832/4390 4397/4831/4389
f 4399/4835/4393 4315/4728/4305 4314/4726/4303
f 4314/4726/4303 4401/4836/4394 4399/4835/4393
f 4312/4725/4302 4401/4836/4394 4313/4727/4304
f 4402/4837/4395 4311/4724/4301 4403/4838/4396
f 4404/4839/4397 4403/4838/4396 4311/4724/4301
f 4311/4724/4301 4310/4840/4398 4404/4839/4397
f 4401/4836/4394 4400/4834/4392 4399/4835/4393
f 4390/4818/4380 4406/4841/4399 4403/4838/4396
f 4406/4841/4399 4402/4837/4395 4403/4838/4396
f 4407/4842/4400 4401/4836/4394 4402/4837/4395
f 4388/4820/4381 4406/4841/4399 4389/4816/4379
f 4408/4843/4401 4391/4822/4383 4409/4844/4402
f 4391/4822/4383 4410/4845/4403 4409/4844/4402
f 4407/4842/4400 4408/4843/4401 4409/4844/4402
f 4409/4844/4402 4405/4846/4404 4407/4842/4400
f 4405/4846/4404 4395/4829/4387 4400/4834/4392
f 4410/4845/4403 4396/4830/4388 4395/4829/4387
f 4394/4827/4385 4410/4845/4403 4393/4825/4384
f 4392/4821/4382 4393/4825/4384 4410/4845/4403
f 4426/4847/4405 4428/4848/4406 4427/4849/4407
f 4424/4850/4408 4428/4848/4406 4425/4851/4409
f 4429/4852/4410 4423/4853/4411 4430/4854/4412
f 4423/4853/4411 4431/4855/4413 4430/4854/4412
f 4431/4855/4413 4421/4856/4414 4432/4857/4415
f 4420/4858/4416 4432/4857/4415 4421/4856/4414
f 4433/4859/4417 4419/4860/4418 4434/4861/4419
f 4420/4858/4416 4344/4862/4354 4419/4860/4418
f 4334/4863/4326 4421/4856/4414 4333/4864/4327
f 4422/4865/4420 4333/4864/4327 4421/4856/4414
f 4339/4866/4329 4422/4865/4420 4423/4853/4411
f 4424/4850/4408 4339/4866/4329 4423/4853/4411
f 4189/4867/4421 4424/4850/4408 4425/4851/4409
f 4188/4868/4181 4425/4851/4409 4426/4847/4405
f 4428/4848/4406 4439/4869/4422 4427/4849/4407
f 4429/4852/4410 4412/4870/4423 4428/4848/4406
f 4413/4871/4424 4430/4854/4412 4414/4872/4425
f 4431/4855/4413 4414/4872/4425 4430/4854/4412
f 4415/4873/4426 4432/4857/4415 4416/4874/4427
f 4433/4859/4417 4416/4874/4427 4432/4857/4415
f 4417/4875/4428 4434/4861/4419 4418/4876/4429
f 4377/4803/4369 4418/4876/4429 4434/4861/4419
f 4419/4860/4418 4378/4877/4430 4434/4861/4419
f 4361/4878/4353 4419/4860/4418 4344/4862/4354
f 4378/4877/4430 4361/4878/4353 4362/4804/4366
f 4434/4861/4419 4378/4877/4430 4377/4803/4369
f 4381/4807/4371 4435/4879/4431 4380/4808/4372
f 4436/4880/4432 4387/4814/4378 4437/4881/4433
f 4390/4818/4380 4437/4881/4433 4387/4814/4378
f 4435/4879/4431 4383/4810/4374 4380/4808/4372
f 4438/4882/4434 4385/4883/4435 4383/4810/4374
f 4414/4872/4425 4440/4884/4436 4413/4871/4424
f 4441/4885/4437 4414/4872/4425 4415/4873/4426
f 4415/4873/4426 4442/4886/4438 4441/4885/4437
f 4418/4876/4429 4444/4887/4439 4417/4875/4428
f 4417/4875/4428 4442/4886/4438 4416/4874/4427
f 4443/4888/4440 4376/4802/4368 4445/4889/4441
f 4375/4800/4367 4445/4889/4441 4376/4802/4368
f 4413/4871/4424 4447/4890/4442 4412/4870/4423
f 4447/4890/4442 4439/4869/4422 4412/4870/4423
f 4446/4891/4443 4382/4809/4373 4384/4811/4375
f 4374/4806/4370 4382/4809/4373 4375/4800/4367
f 4411/4892/4444 4446/4891/4443 4384/4811/4375
f 4446/4891/4443 4448/4893/4445 4445/4889/4441
f 4449/4894/4446 4445/4889/4441 4448/4893/4445
f 4443/4888/4440 4449/4894/4446 4444/4887/4439
f 4450/4895/4447 4444/4887/4439 4449/4894/4446
f 4442/4886/4438 4450/4895/4447 4441/4885/4437
f 4450/4895/4447 4440/4884/4436 4441/4885/4437
f 4447/4890/4442 4384/4811/4375 4385/4883/4435
f 4447/4890/4442 4451/4896/4448 4411/4892/4444
f 4448/4893/4445 4451/4896/4448 4449/4894/4446
f 4451/4896/4448 4450/4895/4447 4449/4894/4446
f 4196/4897/4189 4453/4898/4449 4195/4899/4187
f 4452/4900/4450 4455/4901/4451 4453/4898/4449
f 4454/4902/4452 4435/4879/4431 4455/4901/4451
f 4310/4840/4398 4437/4881/4433 4404/4839/4397
f 4437/4881/4433 4302/4713/4293 4303/4715/4295
f 4303/4715/4295 4436/4880/4432 4437/4881/4433
f 4436/4880/4432 4455/4901/4451 4435/4879/4431
f 4453/4898/4449 4303/4715/4295 4304/4714/4294
f 4304/4714/4294 4195/4899/4187 4453/4898/4449
f 4427/4849/4407 4438/4882/4434 4454/4902/4452
f 4427/4849/4407 4452/4900/4450 4426/4847/4405
f 4190/4903/4182 4452/4900/4450 4196/4897/4189
f 4190/4903/4182 4426/4847/4405 4452/4900/4450
f 2/3/3 3/2/2 4/4/4
f 7/6/6 6/7/7 5/5/5
f 6/7/7 7/6/6 8/8/8
f 9/9/9 10/10/10 11/11/11
f 12/12/12 13/13/13 6/7/7
f 13/13/13 14/15/15 5/5/5
f 15/14/14 2/3/3 5/5/5
f 7/6/6 4/4/4 16/16/16
f 18/18/18 8/8/8 7/6/6
f 18/18/18 20/20/20 19/19/19
f 20/20/20 18/18/18 17/17/17
f 16/16/16 22/25/25 21/21/21
f 4/4/4 3/2/2 23/22/22
f 23/22/22 3/2/2 1/1/1
f 16/16/16 23/22/22 25/24/24
f 23/22/22 24/23/23 26/26/26
f 22/25/25 27/35/35 28/27/27
f 29/28/28 20/20/20 21/21/21
f 20/20/20 29/28/28 30/29/29
f 31/30/30 32/32/32 19/19/19
f 10/10/10 32/32/32 33/31/31
f 26/26/26 38/3253/2981 37/34/34
f 27/35/35 22/25/25 25/24/24
f 1/1/1 2/3/3 15/14/14
f 13/13/13 40/41/41 41/37/37
f 14/15/15 41/37/37 42/38/38
f 43/39/39 39/36/36 15/14/14
f 13/13/13 12/12/12 44/40/40
f 12/12/12 11/11/11 45/42/42
f 45/42/42 11/11/11 33/31/31
f 33/31/31 35/33/33 47/44/44
f 41/37/37 48/46/46 49/45/45
f 48/46/46 51/48/48 50/47/47
f 51/48/48 52/50/50 53/49/49
f 52/50/50 55/107/107 54/51/51
f 57/53/53 60/61/61 59/55/55
f 64/59/59 65/60/60 63/58/58
f 65/60/60 64/59/59 59/55/55
f 67/62/62 66/92/92 65/60/60
f 60/61/61 57/53/53 68/63/63
f 57/53/53 56/52/52 69/64/64
f 59/55/55 71/66/66 70/65/65
f 64/59/59 72/67/67 71/66/66
f 72/67/67 64/59/59 62/57/57
f 71/66/66 72/67/67 74/69/69
f 76/71/71 70/65/65 71/66/66
f 70/65/65 76/71/71 77/72/72
f 56/52/52 58/54/54 70/65/65
f 80/74/74 79/3251/2979 77/72/72
f 76/71/71 75/70/70 81/75/75
f 75/70/70 74/69/69 82/76/76
f 73/68/68 83/77/77 74/69/69
f 83/77/77 73/68/68 61/56/56
f 83/77/77 85/79/79 82/76/76
f 84/78/78 86/3219/2947 85/79/79
f 65/60/60 66/92/92 87/80/80
f 88/81/81 61/56/56 63/58/58
f 88/81/81 92/86/86 89/82/82
f 176/83/83 162/158/158 255/84/84
f 92/86/86 94/241/241 93/87/87
f 87/80/80 95/91/91 96/89/89
f 87/80/80 66/92/92 97/90/90
f 66/92/92 67/62/62 98/93/93
f 67/62/62 68/63/63 99/94/94
f 68/63/63 69/64/64 100/95/95
f 98/93/93 99/94/94 101/96/96
f 104/98/98 103/99/99 102/97/97
f 103/99/99 104/98/98 105/100/100
f 107/102/102 108/103/103 106/101/101
f 108/103/103 107/102/102 109/104/104
f 112/106/106 111/207/207 54/51/51
f 81/75/75 82/76/76 114/108/108
f 115/110/110 80/74/74 81/75/75
f 152/111/111 117/114/114 118/112/112
f 115/110/110 152/111/111 116/113/113
f 117/114/114 119/116/116 120/115/115
f 119/116/116 121/183/183 122/117/117
f 122/117/117 121/183/183 123/118/118
f 37/34/34 125/120/120 126/122/122
f 117/114/114 128/185/185 127/123/123
f 127/123/123 128/185/185 130/124/124
f 132/126/126 131/128/128 129/125/125
f 132/126/126 134/129/129 133/127/127
f 134/129/129 136/131/131 135/130/130
f 136/131/131 138/154/154 137/132/132
f 136/131/131 134/129/129 139/133/133
f 141/135/135 142/136/136 140/134/134
f 142/136/136 141/135/135 143/137/137
f 146/139/139 145/150/150 144/138/138
f 141/135/135 139/133/133 147/140/140
f 132/126/126 147/140/140 139/133/133
f 147/140/140 150/143/143 149/142/142
f 147/140/140 132/126/126 130/124/124
f 113/109/109 114/108/108 154/144/144
f 473/146/146 156/277/277 155/147/147
f 146/139/139 158/276/276 157/149/149
f 142/136/136 160/152/152 159/151/151
f 144/138/138 145/150/150 160/152/152
f 159/151/151 161/153/153 136/131/131
f 163/155/155 175/168/168 177/156/156
f 145/150/150 157/149/149 162/158/158
f 137/132/132 163/155/155 164/157/157
f 135/130/130 164/157/157 165/159/159
f 164/157/157 166/176/176 167/160/160
f 167/160/160 166/176/176 168/161/161
f 170/163/163 171/171/171 169/162/162
f 131/128/128 173/165/165 172/164/164
f 133/127/127 165/159/159 173/165/165
f 165/159/159 167/160/160 174/166/166
f 180/167/167 184/169/169 175/168/168
f 170/163/163 168/161/161 184/169/169
f 175/168/168 184/169/169 178/170/170
f 168/161/161 166/176/176 178/170/170
f 171/171/171 170/163/163 180/167/167
f 180/167/167 182/174/174 181/173/173
f 182/174/174 180/167/167 163/155/155
f 166/176/176 164/157/157 177/156/156
f 138/154/154 161/153/153 160/152/152
f 137/132/132 176/83/83 183/175/175
f 137/132/132 138/154/154 162/158/158
f 172/164/164 185/177/177 127/123/123
f 185/177/177 121/183/183 119/116/116
f 185/177/177 172/164/164 187/178/178
f 189/180/180 188/181/181 186/179/179
f 121/183/183 185/177/177 186/179/179
f 117/114/114 152/111/111 190/184/184
f 150/143/143 130/124/124 128/185/185
f 149/142/142 150/143/143 190/184/184
f 152/111/111 115/110/110 151/186/186
f 123/118/118 186/179/179 191/182/182
f 192/187/187 126/122/122 125/120/120
f 193/188/188 192/187/187 191/182/182
f 120/115/115 194/191/191 195/189/189
f 118/112/112 195/189/189 196/190/190
f 194/191/191 197/193/193 198/192/192
f 197/193/193 209/204/204 199/194/194
f 120/115/115 122/117/117 200/195/195
f 201/196/196 197/193/193 194/191/191
f 50/47/47 53/49/49 203/197/197
f 202/198/198 204/199/199 49/45/45
f 204/199/199 43/39/39 42/38/38
f 204/199/199 206/201/201 205/200/200
f 204/199/199 202/198/198 200/195/195
f 123/118/118 125/120/120 224/121/121
f 201/196/196 200/195/195 202/198/198
f 53/49/49 54/51/51 207/202/202
f 197/193/193 201/196/196 208/203/203
f 210/205/205 211/3291/3019 209/204/204
f 208/203/203 207/202/202 212/206/206
f 207/202/202 54/51/51 111/207/207
f 207/202/202 208/203/203 201/196/196
f 218/208/208 217/214/214 199/194/194
f 213/210/210 104/98/98 101/96/96
f 215/212/212 216/213/213 109/104/104
f 216/213/213 215/212/212 217/214/214
f 104/98/98 213/210/210 219/215/215
f 215/212/212 107/102/102 105/100/100
f 219/215/215 220/216/216 217/214/214
f 209/204/204 211/3291/3019 221/209/209
f 122/117/117 124/119/119 206/201/201
f 217/214/214 220/216/216 198/192/192
f 220/216/216 219/215/215 213/210/210
f 222/217/217 195/189/189 198/192/192
f 195/189/189 222/217/217 223/218/218
f 223/218/218 222/217/217 213/210/210
f 124/119/119 224/121/121 205/200/200
f 40/41/41 225/219/219 48/46/46
f 225/219/219 226/225/225 51/48/48
f 40/41/41 44/40/40 227/220/220
f 44/40/40 45/42/42 228/221/221
f 45/42/42 46/43/43 229/222/222
f 229/222/222 46/43/43 47/44/44
f 231/224/224 232/227/227 227/220/220
f 227/220/220 232/227/227 226/225/225
f 228/221/221 229/222/222 233/226/226
f 230/223/223 234/3204/2932 233/226/226
f 232/227/227 235/230/230 236/228/228
f 226/225/225 236/228/228 52/50/50
f 232/227/227 231/224/224 237/229/229
f 235/230/230 238/232/232 239/231/231
f 55/107/107 52/50/50 236/228/228
f 237/229/229 240/3232/2960 238/232/232
f 242/233/233 241/237/237 96/89/89
f 95/91/91 97/90/90 243/234/234
f 97/90/90 98/93/93 102/97/97
f 103/99/99 244/235/235 243/234/234
f 244/235/235 245/236/236 242/233/233
f 245/236/236 246/245/245 241/237/237
f 106/101/101 247/238/238 244/235/235
f 247/238/238 248/246/246 245/236/236
f 247/238/238 106/101/101 108/103/103
f 250/240/240 248/246/246 247/238/238
f 92/86/86 88/81/81 96/89/89
f 96/89/89 241/237/237 251/242/242
f 241/237/237 246/245/245 2974/243/243
f 245/236/236 248/246/246 253/244/244
f 248/246/246 250/240/240 254/247/247
f 257/248/248 256/249/249 90/85/85
f 256/249/249 257/248/248 259/250/250
f 261/252/252 260/281/281 258/251/251
f 258/251/251 260/281/281 262/253/253
f 263/254/254 264/255/255 256/249/249
f 264/255/255 265/256/256 90/85/85
f 265/256/256 183/175/175 176/83/83
f 262/253/253 266/258/258 267/257/257
f 266/258/258 268/260/260 269/259/259
f 268/260/260 270/350/350 271/261/261
f 272/262/262 273/263/263 267/257/257
f 273/263/263 264/255/255 263/254/254
f 274/264/264 265/256/256 264/255/255
f 274/264/264 182/174/174 183/175/175
f 181/173/173 182/174/174 274/264/264
f 273/263/263 272/262/262 275/265/265
f 261/252/252 259/250/250 277/266/266
f 279/268/268 278/269/269 276/267/267
f 278/269/269 279/268/268 281/270/270
f 259/250/250 257/248/248 282/272/272
f 277/266/266 282/272/272 283/273/273
f 282/272/272 284/275/275 285/274/274
f 284/275/275 282/272/272 257/248/248
f 255/84/84 162/158/158 157/149/149
f 158/276/276 285/274/274 284/275/275
f 156/277/277 285/274/274 158/276/276
f 112/106/106 55/107/107 239/231/231
f 238/232/232 287/3231/2959 286/278/278
f 110/105/105 288/279/279 249/239/239
f 288/279/279 289/280/280 250/240/240
f 289/280/280 290/3221/2949 254/247/247
f 260/281/281 261/252/252 292/282/282
f 261/252/252 276/267/267 293/284/284
f 276/267/267 278/269/269 294/285/285
f 278/269/269 280/271/271 295/286/286
f 296/287/287 262/253/253 260/281/281
f 262/253/253 296/287/287 297/288/288
f 297/288/288 359/294/294 268/260/260
f 292/282/282 299/290/290 298/289/289
f 299/290/290 292/282/282 293/284/284
f 294/285/285 301/435/433 300/291/291
f 298/289/289 302/292/292 296/287/287
f 302/292/292 303/293/293 297/288/288
f 272/262/262 306/296/296 305/295/295
f 306/296/296 308/335/335 307/297/297
f 269/259/259 271/261/261 306/296/296
f 82/76/76 85/79/79 309/298/298
f 85/79/79 86/3219/2947 310/299/299
f 114/108/108 309/298/298 311/300/300
f 310/299/299 312/427/425 311/300/300
f 313/301/301 28/27/27 27/35/35
f 28/27/27 313/301/301 314/302/302
f 315/303/303 30/29/29 29/28/28
f 315/303/303 316/307/307 31/30/30
f 318/304/304 317/305/305 314/302/302
f 317/305/305 319/306/306 315/303/303
f 319/306/306 320/308/308 316/307/307
f 126/122/122 192/187/187 318/304/304
f 320/308/308 319/306/306 321/309/309
f 323/311/311 321/309/309 319/306/306
f 321/309/309 323/311/311 324/312/312
f 324/312/312 326/325/325 327/314/314
f 327/314/314 326/325/325 328/315/315
f 321/309/309 325/313/313 330/317/317
f 325/313/313 327/314/314 331/318/318
f 327/314/314 329/316/316 332/319/319
f 331/318/318 332/319/319 333/320/320
f 334/321/321 335/322/322 330/317/317
f 335/322/322 336/324/324 322/310/310
f 337/323/323 320/308/308 322/310/310
f 326/325/325 339/327/327 338/326/326
f 339/327/327 341/329/329 340/328/328
f 341/329/329 343/353/353 342/330/330
f 339/327/327 326/325/325 324/312/312
f 339/327/327 344/331/331 345/332/332
f 324/312/312 323/311/311 346/333/333
f 346/333/333 323/311/311 317/305/305
f 308/335/335 344/331/331 346/333/333
f 347/334/334 348/336/336 307/297/297
f 47/44/44 35/33/33 361/338/338
f 353/340/340 350/346/346 360/341/341
f 353/340/340 192/187/187 193/188/188
f 193/188/188 355/344/344 354/343/343
f 188/181/181 189/180/180 355/344/344
f 354/343/343 171/171/171 179/172/172
f 179/172/172 181/173/173 351/345/345
f 351/345/345 181/173/173 275/265/265
f 353/340/340 352/342/342 351/345/345
f 350/346/346 351/345/345 349/337/337
f 360/341/341 350/346/346 348/336/336
f 320/308/308 337/323/323 362/347/347
f 174/166/166 187/178/178 172/164/164
f 354/343/343 356/348/348 169/162/162
f 356/348/348 174/166/166 167/160/160
f 174/166/166 356/348/348 189/180/180
f 271/261/261 357/349/349 308/335/335
f 304/351/351 343/353/353 341/329/329
f 304/351/351 359/294/294 358/352/352
f 270/350/350 304/351/351 345/332/332
f 304/351/351 270/350/350 268/260/260
f 31/30/30 36/3203/2931 35/33/33
f 317/305/305 318/304/304 360/341/341
f 363/354/354 364/3226/2954 336/324/324
f 336/324/324 364/3226/2954 365/355/355
f 335/322/322 334/321/321 366/356/356
f 370/357/357 369/360/360 368/358/358
f 369/360/360 370/357/357 371/361/361
f 373/363/363 374/364/364 372/362/362
f 374/364/364 373/363/363 375/365/365
f 367/359/359 368/358/358 378/367/367
f 378/367/367 380/3208/2936 379/369/369
f 382/370/370 381/373/373 367/359/359
f 3223/371/371 3224/3485/3208 1062/372/372
f 384/374/374 371/361/361 370/357/357
f 371/361/361 384/374/374 385/376/376
f 386/377/377 387/378/378 385/376/376
f 387/378/378 386/377/377 401/379/379
f 390/381/381 391/383/383 389/380/380
f 390/381/381 392/385/385 393/382/382
f 394/384/384 395/386/386 393/382/382
f 395/386/386 394/384/384 338/326/326
f 394/384/384 396/387/387 328/315/315
f 396/387/387 397/388/388 329/316/316
f 397/388/388 398/3510/3221 332/319/319
f 396/387/387 400/390/390 399/389/389
f 400/390/390 396/387/387 394/384/384
f 386/391/377 403/3546/3250 402/392/391
f 410/394/392 409/398/396 408/395/393
f 406/397/395 388/942/924 401/393/379
f 409/398/396 945/401/399 946/399/397
f 945/401/399 409/398/396 410/394/392
f 895/403/401 942/926/910 944/402/400
f 908/405/403 415/930/914 416/406/404
f 416/406/404 413/927/911 414/408/406
f 417/409/407 418/410/408 406/397/395
f 418/410/408 417/409/407 419/411/409
f 421/413/411 422/414/412 420/412/410
f 422/414/412 421/413/411 423/415/413
f 369/360/360 426/418/416 425/417/415
f 372/362/362 427/420/418 426/418/416
f 372/362/362 374/364/364 428/419/417
f 427/420/418 433/425/423 434/421/419
f 425/417/415 435/424/422 431/422/420
f 426/418/416 434/421/419 435/424/422
f 311/300/300 434/421/419 433/425/423
f 435/424/422 312/427/425 430/426/424
f 312/427/425 310/299/299 429/428/426
f 434/421/419 311/300/300 312/427/425
f 425/417/415 436/423/421 378/367/367
f 432/429/427 375/365/365 373/363/363
f 385/376/376 387/378/378 437/430/428
f 389/380/380 438/431/429 437/430/428
f 438/431/429 389/380/380 391/383/383
f 393/382/382 440/434/432 439/432/430
f 393/382/382 395/386/386 441/433/431
f 340/328/328 342/330/330 441/433/431
f 295/286/286 428/419/417 374/364/364
f 295/286/286 376/366/366 301/435/433
f 443/436/434 442/437/435 301/435/433
f 442/437/435 443/436/434 444/438/436
f 446/440/438 447/441/439 445/439/437
f 447/441/439 446/440/438 448/442/440
f 450/444/442 451/446/444 449/443/441
f 450/444/442 452/447/445 453/445/443
f 452/447/445 342/330/330 343/353/353
f 454/448/446 455/451/449 448/442/440
f 454/448/446 446/440/438 444/438/436
f 444/438/436 443/436/434 457/450/448
f 443/436/434 376/366/366 375/365/365
f 455/451/449 458/452/450 450/444/442
f 458/452/450 459/453/451 452/447/445
f 459/453/451 441/433/431 342/330/330
f 454/448/446 460/455/453 461/454/452
f 456/449/447 462/457/455 460/455/453
f 463/456/454 458/452/450 455/451/449
f 463/456/454 440/434/432 459/453/451
f 457/450/448 432/429/427 462/457/455
f 462/457/455 437/430/428 438/431/429
f 460/455/453 438/431/429 439/432/430
f 439/432/430 440/434/432 463/456/454
f 449/443/441 465/460/458 464/458/456
f 449/443/441 451/446/444 466/459/457
f 451/446/444 453/445/443 467/461/459
f 453/445/443 343/353/353 358/352/352
f 447/441/439 464/458/456 468/462/460
f 469/463/461 442/437/435 445/439/437
f 465/460/458 302/292/292 298/289/289
f 298/289/289 299/290/290 468/462/460
f 469/463/461 468/462/460 299/290/290
f 300/291/291 301/435/433 442/437/435
f 303/293/293 467/461/459 358/352/352
f 466/459/457 467/461/459 303/293/293
f 471/464/462 281/270/270 279/268/268
f 154/144/144 433/425/423 470/465/463
f 153/145/145 154/144/144 473/146/146
f 475/466/464 433/425/423 427/420/418
f 428/419/417 295/286/286 280/271/271
f 283/273/273 285/274/274 470/465/463
f 474/467/465 486/507/505 482/468/466
f 481/470/468 484/477/475 478/471/469
f 479/472/470 480/861/845 485/473/471
f 812/474/472 481/470/468 485/473/471
f 481/470/468 812/474/472 809/476/474
f 792/478/476 482/468/466 483/479/477
f 791/480/478 483/479/477 484/477/475
f 487/481/479 486/507/505 474/467/465
f 490/483/481 491/484/482 488/482/480
f 491/484/482 490/483/481 492/485/483
f 494/487/485 495/514/512 493/486/484
f 490/483/481 474/467/465 476/469/467
f 497/489/487 492/485/483 490/483/481
f 497/489/487 498/490/488 494/487/485
f 498/490/488 505/495/493 507/491/489
f 505/495/493 501/3558/3258 500/496/494
f 493/486/484 495/514/512 502/497/495
f 515/498/496 503/4904/4453 491/484/482
f 491/484/482 503/4904/4453 504/499/497
f 504/499/497 506/506/504 487/481/479
f 504/499/497 503/4904/4453 513/500/498
f 514/501/499 513/500/498 512/502/500
f 511/504/502 514/501/499 509/503/501
f 506/506/504 504/499/497 514/501/499
f 483/479/477 482/468/466 486/507/505
f 483/479/477 489/508/506 478/471/469
f 513/500/498 503/4904/4453 515/498/496
f 502/497/495 517/510/508 516/509/507
f 517/510/508 502/497/495 519/511/509
f 518/494/492 521/516/514 519/511/509
f 531/513/511 532/529/523 517/510/508
f 495/514/512 508/492/490 519/511/509
f 521/516/514 522/518/516 520/512/510
f 521/516/514 523/522/518 524/517/515
f 521/516/514 518/494/492 526/515/513
f 526/524/513 527/527/521 528/525/520
f 526/524/513 499/519/491 529/521/517
f 520/512/510 522/518/516 530/528/522
f 507/491/489 508/492/490 495/514/512
f 532/529/523 533/530/524 516/509/507
f 533/530/524 512/502/500 513/500/498
f 524/517/515 534/532/526 530/528/522
f 524/517/515 523/522/518 535/531/525
f 523/522/518 525/523/519 536/533/527
f 536/534/527 525/526/519 538/535/528
f 538/535/528 540/538/531 539/537/530
f 540/538/531 542/541/534 541/539/532
f 544/540/533 543/2480/2260 541/539/532
f 546/542/535 547/545/538 548/543/536
f 547/545/538 549/547/540 550/546/539
f 549/547/540 551/550/543 552/548/541
f 553/549/542 554/551/544 552/548/541
f 554/551/544 553/549/542 555/552/545
f 555/552/545 557/555/548 558/554/547
f 557/555/548 623/560/553 560/556/549
f 553/549/542 561/564/557 562/557/550
f 623/560/553 624/863/847 622/561/554
f 553/549/542 551/550/543 564/563/556
f 551/550/543 566/566/559 565/565/558
f 567/567/560 568/571/564 584/568/561
f 567/567/560 569/573/566 570/570/563
f 571/572/565 572/577/570 570/570/563
f 585/574/567 584/568/561 568/571/564
f 570/570/563 574/576/569 573/575/568
f 574/576/569 570/570/563 572/577/570
f 585/574/567 573/575/568 576/579/572
f 573/575/568 574/576/569 577/581/574
f 575/578/571 578/588/581 577/581/574
f 583/569/562 582/585/578 579/582/575
f 580/583/576 569/573/566 567/567/560
f 569/573/566 580/583/576 581/584/577
f 564/563/556 565/565/558 582/585/578
f 583/569/562 584/568/561 561/564/557
f 562/557/550 561/564/557 584/568/561
f 585/574/567 586/580/573 563/558/551
f 587/586/579 588/587/580 575/578/571
f 588/587/580 589/594/587 578/588/581
f 572/577/570 571/572/565 590/589/582
f 581/584/577 591/662/655 590/589/582
f 590/589/582 591/662/655 592/590/583
f 593/591/584 594/592/585 587/586/579
f 594/592/585 595/593/586 588/587/580
f 595/593/586 596/595/588 589/594/587
f 596/595/588 595/593/586 597/596/589
f 599/598/591 600/599/592 576/579/572
f 600/599/592 601/616/609 586/580/573
f 599/598/591 577/581/574 578/588/581
f 589/594/587 603/604/597 602/600/593
f 602/600/593 603/604/597 604/601/594
f 606/603/596 607/609/602 605/602/595
f 605/602/595 607/609/602 600/599/592
f 596/595/588 608/605/598 603/604/597
f 598/597/590 609/608/601 608/605/598
f 610/606/599 611/1061/1034 604/601/594
f 610/606/599 603/604/597 608/605/598
f 609/608/601 613/673/666 612/607/600
f 607/609/602 606/603/596 614/610/603
f 615/611/604 601/616/609 600/599/592
f 614/610/603 618/615/608 617/613/606
f 619/614/607 620/1034/1011 617/613/606
f 615/611/604 616/612/605 621/562/555
f 556/553/546 558/554/547 625/617/610
f 559/618/611 626/619/612 554/551/544
f 626/619/612 627/620/613 552/548/541
f 627/620/613 628/621/614 550/546/539
f 628/621/614 629/622/615 548/543/536
f 629/622/615 630/623/616 545/544/537
f 630/623/616 631/761/750 632/624/617
f 632/624/617 633/627/620 546/542/535
f 634/625/618 635/633/626 547/545/538
f 547/545/538 635/633/626 636/626/619
f 565/565/558 637/629/622 638/628/621
f 637/629/622 640/632/625 639/630/623
f 642/631/624 641/634/627 640/632/625
f 637/629/622 565/565/558 636/626/619
f 635/633/626 643/635/628 641/634/627
f 643/635/628 644/639/632 645/636/629
f 641/634/627 645/636/629 646/637/630
f 647/638/631 639/630/623 640/632/625
f 643/635/628 634/625/618 633/627/620
f 647/638/631 648/642/635 649/640/633
f 650/641/634 651/659/652 649/640/633
f 652/643/636 653/646/639 648/642/635
f 648/642/635 653/646/639 654/644/637
f 652/643/636 655/649/642 656/645/638
f 657/647/640 654/644/637 653/646/639
f 652/643/636 659/650/643 658/648/641
f 659/650/643 652/643/636 647/638/631
f 658/648/641 659/650/643 661/651/644
f 663/653/646 662/655/648 660/652/645
f 663/653/646 665/656/649 664/654/647
f 659/650/643 646/637/630 645/636/629
f 644/639/632 663/653/646 661/651/644
f 663/653/646 644/639/632 633/627/620
f 632/624/617 631/761/750 666/657/650
f 666/657/650 667/756/745 664/654/647
f 668/658/651 638/628/621 639/630/623
f 668/658/651 579/582/575 582/585/578
f 651/659/652 670/661/654 669/660/653
f 581/584/577 580/583/576 669/660/653
f 669/660/653 580/583/576 579/582/575
f 670/661/654 671/664/657 591/662/655
f 672/663/656 592/590/583 591/662/655
f 592/590/583 672/663/656 673/665/658
f 673/665/658 675/3169/2898 676/667/660
f 674/666/659 676/667/660 678/668/661
f 679/670/663 594/592/585 677/669/662
f 679/670/663 597/596/589 595/593/586
f 593/591/584 592/590/583 674/666/659
f 609/608/601 598/597/590 680/671/664
f 681/672/665 682/3191/2919 613/673/666
f 597/596/589 683/674/667 680/671/664
f 651/659/652 684/675/668 671/664/657
f 684/675/668 651/659/652 650/641/634
f 654/644/637 686/677/670 685/676/669
f 686/677/670 654/644/637 657/647/640
f 688/679/672 689/680/673 686/677/670
f 689/680/673 688/679/672 690/681/674
f 692/683/676 693/684/677 691/682/675
f 693/684/677 695/686/679 694/685/678
f 695/686/679 675/3169/2898 673/665/658
f 672/663/656 696/687/680 694/685/678
f 694/685/678 696/687/680 689/680/673
f 685/676/669 686/677/670 689/680/673
f 672/663/656 671/664/657 684/675/668
f 690/681/674 698/689/682 697/688/681
f 698/689/682 700/691/684 699/690/683
f 700/691/684 702/698/691 701/692/685
f 703/693/686 704/695/688 687/678/671
f 703/693/686 705/701/694 706/694/687
f 704/695/688 707/696/689 688/679/672
f 698/689/682 690/681/674 688/679/672
f 700/691/684 698/689/682 707/696/689
f 707/696/689 704/695/688 706/694/687
f 708/697/690 709/700/693 702/698/691
f 708/697/690 706/694/687 710/699/692
f 711/702/695 712/703/696 709/700/693
f 712/703/696 713/3644/3334 702/698/691
f 712/703/696 711/702/695 714/704/697
f 716/706/699 717/743/733 715/705/698
f 705/701/694 719/709/702 718/707/700
f 721/708/701 720/712/705 718/707/700
f 719/709/702 723/711/704 722/710/703
f 723/711/704 655/649/642 658/648/641
f 719/709/702 705/701/694 703/693/686
f 703/693/686 657/647/640 656/645/638
f 724/713/706 711/702/695 710/699/692
f 711/702/695 724/713/706 725/714/707
f 725/714/707 726/734/727 716/706/699
f 725/714/707 724/713/706 728/715/708
f 724/713/706 720/712/705 729/717/710
f 720/712/705 721/708/701 730/718/711
f 721/708/701 722/710/703 731/719/712
f 731/719/712 722/710/703 658/648/641
f 732/720/713 726/734/727 725/714/707
f 727/716/709 734/722/715 733/721/714
f 734/722/715 736/724/717 735/723/716
f 736/724/717 734/722/715 738/725/718
f 727/716/709 728/715/708 738/725/718
f 728/715/708 729/717/710 739/727/720
f 729/717/710 730/718/711 740/728/721
f 730/718/711 731/719/712 741/729/722
f 660/652/645 662/655/648 741/729/722
f 742/730/723 741/729/722 662/655/648
f 741/729/722 742/730/723 743/731/724
f 744/732/725 739/727/720 740/728/721
f 739/727/720 744/732/725 737/726/719
f 746/733/726 745/772/761 737/726/719
f 726/734/727 732/720/713 748/735/728
f 748/737/728 749/752/741 750/738/730
f 726/734/727 747/736/729 751/740/731
f 716/706/699 751/740/731 752/742/732
f 754/745/735 3488/746/736 751/741/731
f 750/738/730 749/752/741 756/748/737
f 748/737/728 757/4723/739 758/751/740
f 758/751/740 759/4832/4390 756/748/737
f 733/721/714 735/723/716 762/753/742
f 757/750/739 761/749/738 762/753/742
f 761/749/738 748/735/728 732/720/713
f 744/732/725 743/731/724 763/755/744
f 742/730/723 764/757/746 763/755/744
f 742/730/723 664/654/647 667/756/745
f 766/758/747 765/768/757 764/757/746
f 667/756/745 666/657/650 767/759/748
f 666/657/650 631/761/750 768/760/749
f 631/761/750 630/623/616 769/762/751
f 630/623/616 629/622/615 770/763/752
f 770/763/752 629/622/615 628/621/614
f 628/621/614 627/620/613 772/765/754
f 627/620/613 626/619/612 773/766/755
f 626/619/612 559/618/611 774/767/756
f 765/768/757 775/770/759 763/755/744
f 776/769/758 746/733/726 763/755/744
f 746/733/726 776/769/758 777/771/760
f 767/759/748 768/760/749 779/773/762
f 781/775/764 780/776/765 778/774/763
f 780/776/765 781/775/764 783/777/766
f 785/779/768 784/780/769 782/778/767
f 784/780/769 785/779/768 787/781/770
f 789/783/473 788/4905/773 786/782/771
f 789/475/473 485/473/471 790/784/772
f 797/786/774 798/1151/1117 792/787/476
f 800/789/775 799/795/781 793/790/776
f 794/791/777 793/790/776 795/792/778
f 795/792/778 798/1151/1117 797/786/774
f 802/794/780 801/796/782 799/795/781
f 771/764/753 772/765/754 801/796/782
f 783/777/766 781/775/764 804/797/783
f 808/799/785 802/794/780 800/789/775
f 779/773/762 803/802/788 804/797/783
f 806/801/787 805/798/784 804/797/783
f 794/791/777 806/801/787 807/800/786
f 803/802/788 808/799/785 807/800/786
f 770/763/752 771/764/753 802/794/780
f 769/762/751 770/763/752 808/799/785
f 768/760/749 769/762/751 803/802/788
f 812/803/472 789/783/473 787/781/770
f 796/793/779 797/786/774 810/805/790
f 809/807/474 810/805/790 797/786/774
f 814/808/792 811/806/791 810/805/790
f 809/807/474 812/803/472 813/804/789
f 814/808/792 813/804/789 787/781/770
f 811/806/791 806/801/787 794/791/777
f 805/798/784 806/801/787 811/806/791
f 814/808/792 785/779/768 783/777/766
f 826/809/793 815/831/815 816/810/794
f 825/811/795 816/810/794 817/812/796
f 820/814/798 819/817/801 780/776/765
f 780/776/765 819/817/801 818/815/799
f 821/816/800 822/818/802 819/817/801
f 822/818/802 823/819/803 818/815/799
f 826/809/793 825/811/795 822/818/802
f 822/818/802 825/811/795 824/813/797
f 823/819/803 765/768/757 766/758/747
f 765/768/757 823/819/803 824/813/797
f 817/812/796 776/769/758 775/770/759
f 767/759/748 778/774/763 818/815/799
f 836/820/804 827/846/830 828/821/805
f 831/823/807 832/829/813 784/780/769
f 786/782/771 788/4905/773 830/824/808
f 833/825/809 832/829/813 831/823/807
f 830/824/808 835/827/811 834/826/810
f 837/822/806 838/830/814 833/825/809
f 835/827/811 836/820/804 837/822/806
f 829/828/812 838/830/814 837/822/806
f 832/829/813 820/814/798 782/778/767
f 821/816/800 820/814/798 832/829/813
f 838/830/814 826/809/793 821/816/800
f 815/831/815 826/809/793 838/830/814
f 816/810/794 815/831/815 839/832/816
f 841/834/818 817/812/796 816/810/794
f 841/834/818 777/771/760 776/769/758
f 840/833/817 842/835/819 843/836/820
f 844/837/821 777/771/760 841/834/818
f 777/771/760 844/837/821 845/838/822
f 847/839/823 848/842/826 849/840/824
f 843/836/820 842/835/819 846/841/825
f 848/842/826 845/838/822 844/837/821
f 815/831/815 829/828/812 850/843/827
f 851/844/828 852/857/841 842/835/819
f 854/845/829 853/853/837 851/844/828
f 828/821/805 855/847/831 850/843/827
f 827/846/830 856/848/832 855/847/831
f 856/848/832 858/855/839 857/849/833
f 857/849/833 859/851/835 854/845/829
f 857/849/833 858/855/839 860/850/834
f 860/850/834 861/854/838 862/852/836
f 859/851/835 862/852/836 853/853/837
f 861/854/838 860/850/834 858/855/839
f 852/857/841 864/858/842 846/841/825
f 864/858/842 865/4906/1139 847/839/823
f 847/839/823 865/4906/1139 866/859/843
f 866/859/843 867/4907/1138 845/838/822
f 845/838/822 867/4907/1138 868/860/844
f 480/861/845 869/1131/1097 790/784/772
f 586/580/573 601/616/609 871/862/846
f 562/557/550 870/559/552 557/555/548
f 870/559/552 624/863/847 623/560/553
f 873/864/848 875/963/945 874/865/849
f 621/562/555 873/864/848 872/866/850
f 563/558/551 871/862/846 624/863/847
f 874/865/849 877/872/856 876/867/851
f 876/867/851 560/556/549 623/560/553
f 560/556/549 876/867/851 879/870/854
f 880/871/855 876/867/851 877/872/856
f 558/554/547 560/556/549 882/869/853
f 958/874/858 959/949/931 951/875/859
f 883/877/861 774/767/756 559/618/611
f 801/796/782 886/879/863 885/878/862
f 886/879/863 801/796/782 772/765/754
f 773/766/755 774/767/756 887/880/864
f 799/795/781 885/878/862 889/882/866
f 793/790/776 889/882/866 888/883/867
f 889/882/866 885/878/862 891/885/869
f 936/881/865 887/880/864 892/886/870
f 951/875/859 956/946/928 955/888/872
f 961/889/873 962/951/933 963/890/874
f 414/408/406 413/927/911 895/403/401
f 897/894/878 893/893/877 899/895/879
f 906/897/881 900/952/934 901/898/882
f 901/898/882 900/952/934 902/900/884
f 904/902/886 905/934/918 903/901/885
f 899/895/879 906/897/881 907/899/883
f 907/899/883 901/898/882 908/405/403
f 907/899/883 909/903/887 910/904/888
f 911/905/889 897/894/878 898/896/880
f 897/894/878 911/905/889 912/906/890
f 914/407/405 913/908/892 909/903/887
f 914/407/405 916/909/893 915/907/891
f 916/909/893 918/3578/3274 917/910/894
f 915/907/891 917/910/894 919/911/895
f 919/911/895 922/3580/3276 921/913/897
f 921/913/897 922/3580/3276 923/914/898
f 920/912/896 921/913/897 926/916/900
f 926/916/900 911/905/889 910/904/888
f 925/917/901 910/904/888 909/903/887
f 920/912/896 925/917/901 913/908/892
f 921/913/897 924/915/899 927/918/902
f 924/915/899 929/922/906 928/920/904
f 931/921/905 930/923/907 928/920/904
f 931/921/905 890/884/868 891/885/869
f 930/923/907 891/885/869 935/887/871
f 930/923/907 932/924/908 933/925/909
f 911/905/889 926/916/900 934/919/903
f 927/918/902 928/920/904 933/925/909
f 912/906/890 934/919/903 933/925/909
f 942/926/910 895/403/401 413/927/911
f 885/878/862 936/881/865 935/887/871
f 932/924/908 935/887/871 892/886/870
f 937/928/912 918/3578/3274 916/909/893
f 908/405/403 901/898/882 938/929/913
f 903/901/885 940/933/917 939/931/915
f 939/931/915 941/932/916 415/930/914
f 941/932/916 942/926/910 416/406/404
f 940/933/917 903/901/885 905/934/918
f 942/926/910 941/932/916 945/401/399
f 939/931/915 940/933/917 946/399/397
f 405/936/920 896/892/876 895/403/401
f 943/935/919 411/937/921 412/400/398
f 411/937/921 947/976/923 948/938/922
f 408/395/393 409/398/396 412/400/398
f 392/385/385 948/4908/922 947/939/923
f 408/940/393 948/4908/922 392/385/385
f 401/379/379 388/4909/924 404/941/394
f 388/942/924 949/944/926 950/943/925
f 950/943/925 407/404/402 944/402/400
f 405/936/920 407/404/402 950/943/925
f 406/397/395 418/410/408 405/936/920
f 896/892/876 420/412/410 422/414/412
f 420/412/410 896/892/876 405/936/920
f 953/945/927 961/889/873 954/891/875
f 957/947/929 960/953/935 953/945/927
f 956/946/928 954/891/875 884/948/930
f 894/876/860 955/888/872 899/895/879
f 952/950/932 957/947/929 956/946/928
f 887/880/864 883/877/861 958/874/858
f 958/874/858 894/876/860 893/893/877
f 882/869/853 878/868/852 959/949/931
f 952/950/932 951/875/859 959/949/931
f 962/951/933 964/958/940 904/902/886
f 902/900/884 884/948/930 954/891/875
f 906/897/881 955/888/872 884/948/930
f 879/870/854 880/871/855 960/953/935
f 953/945/927 960/953/935 965/954/936
f 960/953/935 880/871/855 966/955/937
f 967/956/938 962/951/933 961/889/873
f 962/951/933 967/956/938 968/957/939
f 966/955/937 880/871/855 881/873/857
f 881/873/857 877/872/856 971/961/943
f 874/865/849 972/962/944 971/961/943
f 972/962/944 874/865/849 875/963/945
f 970/960/942 974/969/951 975/965/947
f 976/966/948 966/955/937 969/959/941
f 976/966/948 967/956/938 965/954/936
f 967/956/938 976/966/948 977/967/949
f 977/967/949 976/966/948 975/965/947
f 974/969/951 979/982/961 978/968/950
f 980/970/952 981/972/954 968/957/939
f 982/971/953 964/958/940 968/957/939
f 981/972/954 984/979/958 983/973/955
f 982/971/953 985/975/957 904/902/886
f 982/971/953 983/973/955 986/974/956
f 985/975/957 411/937/921 943/935/919
f 411/937/921 985/975/957 986/974/956
f 983/977/955 399/389/389 400/390/390
f 980/970/952 987/980/959 984/979/958
f 987/980/959 980/970/952 978/968/950
f 979/982/961 989/988/967 988/981/960
f 979/982/961 974/969/951 990/983/962
f 993/985/964 992/989/968 991/984/963
f 991/984/963 992/989/968 994/986/965
f 989/988/967 979/982/961 991/984/963
f 990/983/962 997/992/971 998/991/970
f 997/992/971 971/961/943 972/962/944
f 997/992/971 990/983/962 974/969/951
f 998/991/970 972/962/944 973/964/946
f 992/989/968 993/985/964 1001/994/973
f 993/985/964 998/991/970 999/993/972
f 1000/995/974 1002/1001/980 996/990/969
f 1001/994/973 999/993/972 1003/996/975
f 973/964/946 1005/999/978 1003/996/975
f 973/964/946 875/963/945 1006/998/977
f 875/963/945 873/864/848 616/612/605
f 1004/997/976 1007/1035/1012 1000/995/974
f 1000/995/974 1007/1035/1012 1008/1000/979
f 1008/1000/979 1009/1004/983 1010/1002/981
f 1008/1000/979 1012/1025/1002 1011/1003/982
f 1011/1003/982 1014/4910/1000 1013/1005/984
f 1013/1006/984 1014/1023/1000 1016/1007/985
f 1016/1007/985 1018/1010/988 1017/1009/987
f 1018/1010/988 1020/2505/2283 1019/1011/989
f 1018/1010/988 1016/1007/985 1021/1012/990
f 1024/1014/992 1023/1015/993 1022/1013/991
f 1023/1015/993 1024/1014/992 1025/1016/994
f 1027/1018/996 1028/1036/998 1021/1012/990
f 1027/1019/996 1030/1022/999 1029/1020/997
f 1027/1019/996 1014/4910/1000 1011/1003/982
f 1011/1003/982 1012/1025/1002 1031/1024/1001
f 1012/1025/1002 1033/1027/1004 1032/1026/1003
f 1033/1027/1004 1035/1029/1006 1034/1028/1005
f 1035/1029/1006 1037/1031/1008 1036/1030/1007
f 1037/1031/1008 1039/1033/1010 1038/1032/1009
f 1039/1033/1010 617/613/606 620/1034/1011
f 617/613/606 1039/1033/1010 1006/998/977
f 1039/1033/1010 1037/1031/1008 1005/999/978
f 1037/1031/1008 1035/1029/1006 1003/996/975
f 1035/1029/1006 1033/1027/1004 1004/997/976
f 1012/1025/1002 1007/1035/1012 1004/997/976
f 1028/1036/998 1040/2494/1014 1024/1014/992
f 1028/1021/998 1029/1020/997 1041/1037/1013
f 1042/1039/1015 1043/1046/1022 1036/1030/1007
f 1036/1030/1007 1043/1046/1022 1044/1040/1016
f 1045/1041/1017 1032/1026/1003 1034/1028/1005
f 1045/1041/1017 1046/1042/1018 1031/1024/1001
f 1046/1042/1018 1029/1020/997 1030/1022/999
f 1029/1020/997 1046/1042/1018 1047/1043/1019
f 1046/1042/1018 1045/1041/1017 1048/1044/1020
f 1048/1044/1020 1045/1041/1017 1044/1040/1016
f 1015/1008/986 1017/1009/987 1050/1047/1023
f 1051/1048/1024 1052/4911/3214 1013/1006/984
f 1013/1005/984 1052/4912/3214 1010/1002/981
f 1019/1011/989 1053/1049/1025 1050/1047/1023
f 1053/1049/1025 1019/1011/989 1055/1050/1026
f 1054/1051/1027 1057/1055/1031 1056/1052/1028
f 1059/1053/1029 1058/1054/1030 1054/1051/1027
f 1058/1054/1030 1060/2517/1032 1057/1055/1031
f 1060/1056/1032 1061/3482/3206 1062/1057/372
f 610/606/599 1063/1062/1035 1064/1060/1033
f 1063/1062/1035 1065/1064/1037 1066/1063/1036
f 1065/1064/1037 1067/3603/1040 1068/1065/1038
f 1069/1066/1039 1070/1069/1041 1068/1067/1038
f 1070/1069/1041 1069/1066/1039 1071/1070/1042
f 1073/1072/1044 1074/1073/1045 1072/1071/1043
f 1074/1073/1045 1073/1072/1044 1075/1074/1046
f 1075/1074/1046 1077/3599/3295 1078/1076/1048
f 1079/1077/1049 1082/1080/1052 1081/1078/1050
f 1082/1080/1052 1084/3103/2832 1083/1081/1053
f 1080/1079/1051 1092/1090/1062 1091/1082/1054
f 1087/1083/1055 1088/2699/2468 1086/1084/1056
f 2498/1086/1058 2497/1095/1067 1089/1087/1059
f 1091/1082/1054 1092/1090/1062 1085/1085/1057
f 1094/1089/1061 1093/1111/1083 1092/1090/1062
f 1080/1079/1051 1081/1078/1050 1095/1091/1063
f 1081/1078/1050 1083/1081/1053 1096/1092/1064
f 1092/1090/1062 1093/1111/1083 1097/1093/1065
f 1098/1094/1066 1087/1083/1055 1085/1085/1057
f 2497/1095/1067 2496/1097/1069 1099/1096/1068
f 2496/1097/1069 2495/2698/2467 1100/1098/1070
f 1098/1094/1066 1097/1093/1065 1102/1099/1071
f 1104/1101/1073 1103/1103/1075 1102/1099/1071
f 1104/1101/1073 1106/1105/1077 1105/1102/1074
f 1108/1104/1076 1107/3060/2797 1105/1102/1074
f 1108/1104/1076 1106/1105/1077 1109/1106/1078
f 1109/1106/1078 1111/1109/1081 1112/1108/1080
f 1111/1109/1081 1113/1112/1084 1114/1110/1082
f 1111/1109/1081 1109/1106/1078 1094/1089/1061
f 1094/1089/1061 1109/1106/1078 1106/1105/1077
f 1095/1091/1063 1096/1092/1064 1113/1112/1084
f 788/785/773 790/784/772 1115/1113/1085
f 830/1114/808 1115/1113/1085 1116/1115/1086
f 1117/1117/1087 836/1118/804 835/1116/811
f 836/1118/804 1117/1117/1087 1118/1119/1088
f 856/1121/832 1121/1122/1089 1120/1123/1090
f 1118/1119/1088 1119/1125/1091 1121/1122/1089
f 1119/1125/1091 1122/1127/1093 1120/1123/1090
f 1124/1126/1092 1123/1804/1723 1122/1127/1093
f 1124/1126/1092 1119/1125/1091 1118/1119/1088
f 1117/1117/1087 1126/1129/1095 1125/1128/1094
f 1126/1129/1095 1117/1117/1087 1116/1115/1086
f 1115/1113/1085 1128/1132/1098 1127/1130/1096
f 1115/1113/1085 790/784/772 869/1131/1097
f 1125/1128/1094 1129/1135/1101 1130/1133/1099
f 1125/1128/1094 1126/1129/1095 1131/1134/1100
f 1126/1129/1095 1127/1130/1096 1132/1136/1102
f 1127/1130/1096 1128/1132/1098 1133/1137/1103
f 1133/1137/1103 869/1131/1097 1134/1138/1104
f 1135/1139/1105 1136/2521/2298 1132/1136/1102
f 1132/1136/1102 1136/2521/2298 1137/1140/1106
f 1137/1140/1106 1138/1141/1107 1129/1135/1101
f 1138/1141/1107 1139/1142/1108 1130/1133/1099
f 1139/1142/1108 1140/2527/2304 1141/1143/1109
f 1141/1143/1109 1123/1804/1723 1124/1126/1092
f 480/861/845 1142/1145/1111 1134/1138/1104
f 480/861/845 479/472/470 1143/1144/1110
f 478/471/469 1144/1146/1112 1143/1144/1110
f 1144/1146/1112 478/471/469 489/508/506
f 1146/1148/1114 1143/1144/1110 1144/1146/1112
f 1145/1147/1113 1148/2444/2230 1147/1149/1115
f 482/468/466 792/478/476 477/1150/1116
f 798/1151/1117 1149/1154/1119 477/1152/1116
f 798/1151/1117 795/792/778 1150/1153/1118
f 890/884/868 931/921/905 1150/1153/1118
f 496/488/486 476/469/467 477/1150/1116
f 1153/1156/1121 1154/3554/1123 1152/1157/1120
f 496/488/486 1152/1155/1120 1154/1159/1123
f 931/921/905 929/922/906 1151/1160/1124
f 1153/1156/1121 1151/1160/1124 929/922/906
f 477/1152/1116 1149/1154/1119 1156/1158/1122
f 1151/1160/1124 1156/1158/1122 1149/1154/1119
f 1176/1162/1126 1175/1168/1132 1170/1163/1127
f 1174/1165/1129 1173/1315/1275 1172/1166/1130
f 1175/1168/1132 1174/1165/1129 1171/1167/1131
f 1177/1169/1133 1176/1162/1126 1169/1164/1128
f 1164/1171/1135 867/1175/1138 866/1172/843
f 1167/1174/1137 1172/1205/1130 735/723/716
f 867/1175/1138 1164/1171/1135 1167/1176/1137
f 868/860/844 1167/1174/1137 736/724/717
f 1160/1173/1136 866/1172/843 865/1178/1139
f 1778/1180/1141 1777/1831/1746 1712/1181/1142
f 863/1183/1144 1770/1824/1739 1756/1184/1145
f 1168/1170/1134 1169/1164/1128 1166/1179/1140
f 1166/1179/1140 1169/1164/1128 1170/1163/1127
f 1171/1167/1131 1164/1171/1135 1160/1173/1136
f 1816/1187/1148 1747/1203/1164 1749/1188/1149
f 1282/1190/1151 1283/1311/1271 1183/1191/1152
f 1281/1193/1154 1282/1190/1151 1182/1192/1153
f 1199/1195/1156 1203/1232/1192 1202/1196/1157
f 1197/1197/1158 1205/1207/1167 1204/1198/1159
f 1748/1200/1161 1815/1204/1165 1161/1201/1162
f 1747/1203/1164 1816/1187/1148 1815/1204/1165
f 1172/1205/1130 1173/1319/1275 762/753/742
f 1215/1206/1166 1206/1241/1201 1205/1207/1167
f 1179/1208/1168 1180/1209/1169 1176/1162/1126
f 1180/1209/1169 1181/1194/1155 1175/1168/1132
f 1182/1192/1153 1174/1165/1129 1175/1168/1132
f 1183/1191/1152 1173/1315/1275 1174/1165/1129
f 1208/1210/1170 1207/1245/1205 1184/1211/1171
f 1178/1212/1172 1222/1216/1176 1221/1213/1173
f 1178/1212/1172 1184/1211/1171 1223/1215/1175
f 1158/1214/1174 1221/1213/1173 1220/1217/1177
f 1264/1219/1179 1263/1222/1182 1252/1220/1180
f 1263/1222/1182 1262/1290/1250 1253/1223/1183
f 1196/1224/1184 1219/1231/1191 1218/1225/1185
f 1264/1219/1179 1251/1221/1181 1250/1227/1187
f 1265/1228/1188 1250/1227/1187 1249/1229/1189
f 1165/1218/1178 1220/1217/1177 1219/1231/1191
f 1198/1199/1160 1204/1198/1159 1203/1232/1192
f 1197/1197/1158 1198/1199/1160 1180/1209/1169
f 1180/1209/1169 1198/1199/1160 1199/1195/1156
f 1162/1233/1193 1214/1890/1790 1213/1234/1194
f 1163/1235/1195 1213/1234/1194 1212/1236/1196
f 1211/1237/1197 1196/1224/1184 1159/1226/1186
f 1210/1238/1198 1165/1218/1178 1196/1224/1184
f 1209/1239/1199 1158/1214/1174 1165/1218/1178
f 1208/1210/1170 1178/1212/1172 1158/1214/1174
f 1206/1241/1201 1208/1210/1170 1209/1239/1199
f 1205/1207/1167 1209/1239/1199 1210/1238/1198
f 1204/1198/1159 1210/1238/1198 1211/1237/1197
f 1202/1196/1157 1203/1232/1192 1211/1237/1197
f 1213/1234/1194 1201/1243/1203 1202/1196/1157
f 1213/1234/1194 1214/1890/1790 1200/1242/1202
f 1206/1241/1201 1215/1206/1166 1216/1240/1200
f 1206/1241/1201 1217/1244/1204 1207/1245/1205
f 1228/1246/1206 1195/1250/1210 1192/1247/1207
f 1227/1249/1209 1188/1291/1251 1195/1250/1210
f 1185/1251/1211 1188/1291/1251 1227/1249/1209
f 1225/1253/1213 1186/1255/1215 1185/1251/1211
f 1225/1253/1213 1224/1256/1216 1187/1254/1214
f 1222/1216/1176 1223/1215/1175 1224/1256/1216
f 1222/1216/1176 1225/1253/1213 1226/1252/1212
f 1221/1213/1173 1226/1252/1212 1227/1249/1209
f 1220/1217/1177 1227/1249/1209 1228/1246/1206
f 1219/1231/1191 1228/1246/1206 1229/1248/1208
f 1248/1257/1217 1267/1258/1218 1266/1230/1190
f 1267/1258/1218 1248/1257/1217 1247/1259/1219
f 1246/1261/1221 1269/1382/1339 1268/1260/1220
f 1234/1262/1222 1233/1278/1238 1230/1263/1223
f 1189/1265/1225 1274/1297/1257 1275/1266/1226
f 1244/1268/1228 1162/1233/1193 1163/1235/1195
f 1244/1268/1228 1243/1277/1237 1238/1270/1230
f 1239/1271/1231 1214/1890/1790 1162/1233/1193
f 1232/1272/1232 1235/1292/1252 1240/1273/1233
f 1232/1272/1232 1241/1274/1234 1242/1275/1235
f 1244/1268/1228 1241/1274/1234 1240/1273/1233
f 1241/1274/1234 1244/1268/1228 1245/1269/1229
f 1233/1278/1238 1234/1262/1222 1261/1279/1239
f 1259/1281/1241 1230/1263/1223 1233/1278/1238
f 1230/1263/1223 1259/1281/1241 1258/1282/1242
f 1257/1284/1244 1194/1267/1227 1193/1283/1243
f 1256/1285/1245 1189/1265/1225 1194/1267/1227
f 1256/1285/1245 1255/1287/1247 1190/1286/1246
f 1255/1287/1247 1254/1289/1249 1191/1288/1248
f 1252/1220/1180 1253/1223/1183 1254/1289/1249
f 1251/1221/1181 1252/1220/1180 1255/1287/1247
f 1251/1221/1181 1256/1285/1245 1257/1284/1244
f 1250/1227/1187 1257/1284/1244 1258/1282/1242
f 1259/1281/1241 1248/1257/1217 1249/1229/1189
f 1248/1257/1217 1259/1281/1241 1260/1280/1240
f 1260/1280/1240 1261/1279/1239 1246/1261/1221
f 1185/1251/1211 1186/1255/1215 1262/1290/1250
f 1188/1291/1251 1185/1251/1211 1263/1222/1182
f 1188/1291/1251 1264/1219/1179 1265/1228/1188
f 1195/1250/1210 1265/1228/1188 1266/1230/1190
f 1267/1258/1218 1231/1276/1236 1192/1247/1207
f 1231/1276/1236 1267/1258/1218 1268/1260/1220
f 1268/1260/1220 1269/1382/1339 1235/1292/1252
f 1159/1226/1186 1218/1225/1185 1245/1269/1229
f 1242/1275/1235 1245/1269/1229 1218/1225/1185
f 1229/1248/1208 1192/1247/1207 1231/1276/1236
f 1296/1293/1253 1236/1264/1224 1237/1294/1254
f 1272/1296/1256 1275/1266/1226 1274/1297/1257
f 1308/1299/1259 1193/1283/1243 1194/1267/1227
f 1277/1300/1260 1279/1307/1267 1278/1301/1261
f 1385/1303/1263 1384/1412/1367 1546/1304/1264
f 1271/1306/1266 1656/1706/1635 1279/1307/1267
f 1201/1243/1203 1282/1190/1151 1281/1193/1154
f 1200/1242/1202 1283/1311/1271 1282/1190/1151
f 1283/1311/1271 1200/1242/1202 1284/1312/1272
f 1285/1313/1273 1286/1314/1274 1183/1191/1152
f 1286/1316/1274 1285/1320/1273 1287/1317/1276
f 760/754/743 1173/1319/1275 1286/1316/1274
f 1285/1320/1273 1284/1899/1272 1289/1321/1278
f 1302/1322/1279 1292/1327/1284 1296/1293/1253
f 1325/1324/1281 1326/1381/1338 1334/1325/1282
f 1193/1283/1243 1237/1294/1254 1236/1264/1224
f 1308/1299/1259 1270/1355/1312 1294/1295/1255
f 1292/1327/1284 1234/1262/1222 1236/1264/1224
f 1305/1328/1285 1298/1332/1289 1297/1329/1286
f 1304/1331/1288 1299/1333/1290 1298/1332/1289
f 1299/1333/1290 1301/1323/1280 1294/1295/1255
f 1300/1334/1291 1302/1322/1279 1301/1323/1280
f 1303/1335/1292 1300/1334/1291 1299/1333/1290
f 1318/1336/1293 1303/1335/1292 1304/1331/1288
f 1317/1337/1294 1304/1331/1288 1305/1328/1285
f 1316/1338/1295 1305/1328/1285 1306/1330/1287
f 1307/1340/1297 1272/1296/1256 1291/1298/1258
f 1309/1341/1298 1311/1343/1300 1312/1342/1299
f 1311/1343/1300 1314/1576/1530 1313/1344/1301
f 1317/1337/1294 1316/1338/1295 1319/1346/1303
f 1319/1346/1303 1316/1338/1295 1315/1339/1296
f 1324/1348/1305 1319/1346/1303 1320/1347/1304
f 1315/1339/1296 1306/1330/1287 1307/1340/1297
f 1320/1347/1304 1315/1339/1296 1312/1342/1299
f 1313/1344/1301 1314/1576/1530 1321/1350/1307
f 1358/1352/1309 1356/1384/1341 1293/1353/1310
f 1320/1347/1304 1313/1344/1301 1322/1351/1308
f 1274/1297/1257 1271/1306/1266 1277/1300/1260
f 1270/1355/1312 1297/1329/1286 1298/1332/1289
f 1272/1296/1256 1307/1340/1297 1306/1330/1287
f 1332/1356/1313 1331/1360/1317 1330/1357/1314
f 1336/1359/1316 1335/1364/1321 1331/1360/1317
f 1327/1358/1315 1325/1324/1281 1333/1326/1283
f 1333/1326/1283 1334/1325/1282 1338/1361/1318
f 1340/1363/1320 1339/1368/1325 1335/1364/1321
f 1337/1362/1319 1336/1359/1316 1332/1356/1313
f 1337/1362/1319 1338/1361/1318 1342/1365/1322
f 1344/1367/1324 1343/1372/1329 1339/1368/1325
f 1336/1359/1316 1337/1362/1319 1341/1366/1323
f 1341/1366/1323 1342/1365/1322 1346/1369/1326
f 1348/1371/1328 1347/1376/1333 1343/1372/1329
f 1340/1363/1320 1341/1366/1323 1345/1370/1327
f 1345/1370/1327 1346/1369/1326 1350/1373/1330
f 1352/1375/1332 1351/1378/1335 1347/1376/1333
f 1349/1374/1331 1348/1371/1328 1344/1367/1324
f 1328/1377/1334 1329/1400/1357 1351/1378/1335
f 1353/1379/1336 1352/1375/1332 1348/1371/1328
f 1349/1374/1331 1350/1373/1330 1354/1380/1337
f 1326/1381/1338 1243/1277/1237 1240/1273/1233
f 1235/1292/1252 1338/1361/1318 1334/1325/1282
f 1338/1361/1318 1235/1292/1252 1269/1382/1339
f 1246/1261/1221 1346/1369/1326 1342/1365/1322
f 1346/1369/1326 1246/1261/1221 1261/1279/1239
f 1234/1262/1222 1354/1380/1337 1350/1373/1330
f 1302/1322/1279 1310/1383/1340 1353/1379/1336
f 1310/1383/1340 1328/1377/1334 1352/1375/1332
f 1300/1334/1291 1355/1422/1376 1310/1383/1340
f 1295/1345/1302 1324/1348/1305 1356/1384/1341
f 1356/1384/1341 1358/1352/1309 1359/1386/1343
f 1358/1352/1309 1361/1388/1345 1360/1387/1344
f 1361/1388/1345 1362/1390/1347 1363/1389/1346
f 1362/1390/1347 1364/1392/1349 1365/1391/1348
f 1364/1392/1349 1366/1490/1444 1367/1393/1350
f 1368/1394/1351 1369/1395/1352 1363/1389/1346
f 1369/1395/1352 1368/1394/1351 1370/1396/1353
f 1372/1398/1355 1373/1399/1356 1371/1397/1354
f 1373/1399/1356 1372/1398/1355 1329/1400/1357
f 1279/1307/1267 1375/1402/1359 1374/1401/1358
f 1375/1402/1359 1377/1404/1361 1376/1403/1360
f 1377/1404/1361 1379/1703/1633 1378/1405/1362
f 1378/1405/1362 1379/1703/1633 1381/1406/1363
f 1381/1408/1363 1383/1411/1366 1382/1409/1365
f 1383/1411/1366 1329/1400/1357 1372/1398/1355
f 1370/1396/1353 1384/1412/1367 1382/1409/1365
f 1384/1412/1367 1385/1303/1263 1380/1410/1364
f 1385/1413/1263 1386/1414/1368 1378/1405/1362
f 1386/1414/1368 1387/1415/1369 1376/1403/1360
f 1387/1415/1369 1388/1416/1370 1374/1401/1358
f 1388/1416/1370 1389/1417/1371 1278/1301/1261
f 1389/1417/1371 1390/1563/1517 1276/1302/1262
f 1357/1385/1342 1359/1386/1343 1392/1418/1372
f 1394/1420/1374 1393/1421/1375 1391/1419/1373
f 1393/1421/1375 1394/1420/1374 1373/1399/1356
f 1328/1377/1334 1310/1383/1340 1355/1422/1376
f 1392/1418/1372 1369/1395/1352 1371/1397/1354
f 1391/1419/1373 1393/1421/1375 1303/1335/1292
f 1300/1334/1291 1303/1335/1292 1393/1421/1375
f 1318/1336/1293 1295/1345/1302 1357/1385/1342
f 1396/1423/1377 1395/1424/1378 1290/1354/1311
f 1361/1388/1345 1358/1352/1309 1290/1354/1311
f 1359/1386/1343 1360/1387/1344 1369/1395/1352
f 1401/1429/1383 1400/1432/1386 1397/1425/1379
f 1397/1425/1379 1400/1432/1386 1403/1430/1384
f 1400/1432/1386 1405/1434/1388 1404/1433/1387
f 1405/1434/1388 1407/1436/1390 1406/1435/1389
f 1407/1436/1390 1411/1440/1394 1409/1437/1391
f 1290/1354/1311 1395/1424/1378 1410/1426/1380
f 1407/1436/1390 1405/1434/1388 1412/1439/1393
f 1405/1434/1388 1400/1432/1386 1401/1429/1383
f 1411/1440/1394 1412/1439/1393 1414/1441/1395
f 1412/1439/1393 1401/1429/1383 1415/1443/1397
f 1401/1429/1383 1396/1423/1377 1416/1444/1398
f 1396/1423/1377 1293/1353/1310 1417/1445/1399
f 1417/1445/1399 1293/1353/1310 1356/1384/1341
f 1418/1446/1400 1419/1447/1401 1322/1351/1308
f 1419/1447/1401 1418/1446/1400 1420/1448/1402
f 1422/1450/1404 1414/1441/1395 1421/1449/1403
f 1422/1450/1404 1423/1579/1533 1413/1442/1396
f 1419/1447/1401 1424/1451/1405 1323/1349/1306
f 1417/1445/1399 1324/1348/1305 1323/1349/1306
f 1419/1447/1401 1421/1449/1403 1416/1444/1398
f 1421/1449/1403 1414/1441/1395 1415/1443/1397
f 1426/1452/1406 1425/1459/1413 1408/1438/1392
f 1560/1453/1407 1409/1437/1391 1427/1454/1408
f 1409/1437/1391 1411/1440/1394 1413/1442/1396
f 1429/1456/1410 1425/1459/1413 1431/1457/1411
f 1406/1435/1389 1408/1438/1392 1425/1459/1413
f 1430/1460/1414 1404/1433/1387 1406/1435/1389
f 1430/1460/1414 1433/1461/1415 1403/1430/1384
f 1433/1461/1415 1434/1471/1425 1402/1431/1385
f 1435/1462/1416 1436/1463/1417 1432/1458/1412
f 1439/1465/1419 1440/1468/1422 1436/1463/1417
f 1439/1465/1419 1441/1481/1435 1442/1467/1421
f 1443/1469/1423 1444/1470/1424 1440/1468/1422
f 1444/1470/1424 1432/1458/1412 1436/1463/1417
f 1444/1470/1424 1443/1469/1423 1434/1471/1425
f 1430/1460/1414 1432/1458/1412 1444/1470/1424
f 1442/1467/1421 1445/1473/1427 1446/1472/1426
f 1445/1473/1427 1447/1477/1431 1448/1474/1428
f 1448/1474/1428 1447/1477/1431 1449/1475/1429
f 1447/1477/1431 1445/1473/1427 1452/1478/1432
f 1453/1480/1434 1449/1475/1429 1447/1477/1431
f 1441/1481/1435 1454/1651/1597 1452/1478/1432
f 1452/1478/1432 1454/1651/1597 1455/1482/1436
f 1455/1482/1436 1457/4913/4454 1456/1483/1437
f 1456/1483/1437 1457/4913/4454 1459/1484/1438
f 1456/1483/1437 1460/1606/1560 1453/1480/1434
f 1449/1475/1429 1453/1480/1434 1462/1486/1440
f 1464/1488/1442 1463/1489/1443 1461/1487/1441
f 1463/1489/1443 1464/1488/1442 1366/1490/1444
f 1399/1491/1445 1463/1489/1443 1364/1392/1349
f 1463/1489/1443 1399/1491/1445 1465/1492/1446
f 1450/1476/1430 1449/1475/1429 1461/1487/1441
f 1466/1493/1447 1410/1426/1380 1397/1425/1379
f 1474/1494/1448 1485/1499/1453 1484/1495/1449
f 1466/1493/1447 1465/1492/1446 1399/1491/1445
f 1465/1492/1446 1466/1493/1447 1467/1497/1451
f 1402/1431/1385 1434/1471/1425 1467/1497/1451
f 1467/1497/1451 1434/1471/1425 1443/1469/1423
f 1467/1497/1451 1446/1472/1426 1448/1474/1428
f 1469/1498/1452 1486/1511/1465 1485/1499/1453
f 1362/1390/1347 1361/1388/1345 1468/1428/1382
f 1468/1428/1382 1398/1427/1381 1410/1426/1380
f 1476/1500/1454 1473/1504/1458 1471/1501/1455
f 1477/1503/1457 1470/1526/1480 1473/1504/1458
f 1476/1500/1454 1475/1502/1456 1478/1505/1459
f 1480/1507/1461 1477/1503/1457 1476/1500/1454
f 1479/1506/1460 1478/1505/1459 1481/1508/1462
f 1483/1510/1464 1480/1507/1461 1479/1506/1460
f 1482/1509/1463 1481/1508/1462 1484/1495/1449
f 1486/1511/1465 1483/1510/1464 1482/1509/1463
f 1483/1510/1464 1524/1550/1504 1487/1512/1466
f 1532/1515/1469 1470/1526/1480 1477/1503/1457
f 1533/1517/1471 1534/1520/1474 1491/1518/1472
f 1490/1519/1473 1497/1527/1481 1498/1525/1479
f 1497/1527/1481 1499/1542/1496 1500/1528/1482
f 1513/1529/1483 1501/1532/1486 1502/1530/1484
f 1501/1532/1486 1503/1534/1488 1504/1533/1487
f 1503/1534/1488 1505/1541/1495 1506/1535/1489
f 1511/1536/1490 1507/1539/1493 1508/1537/1491
f 1507/1539/1493 1509/1765/1684 1510/1540/1494
f 1505/1541/1495 1511/1536/1490 1512/1538/1492
f 1499/1542/1496 1513/1529/1483 1514/1531/1485
f 1501/1532/1486 1515/1544/1498 1516/1543/1497
f 1516/1543/1497 1517/1767/1686 1505/1541/1495
f 1515/1544/1498 1501/1532/1486 1513/1529/1483
f 1519/1546/1500 1520/1869/1779 1491/1518/1472
f 1497/1527/1481 1490/1519/1473 1521/1548/1502
f 1522/1549/1503 1523/1866/1776 1499/1542/1496
f 1499/1542/1496 1523/1866/1776 1518/1545/1499
f 1491/1518/1472 1520/1869/1779 1521/1548/1502
f 1488/1513/1467 1526/1552/1506 1525/1551/1505
f 1526/1552/1506 1528/1554/1508 1527/1553/1507
f 1528/1554/1508 1526/1552/1506 1530/1555/1509
f 1526/1552/1506 1488/1513/1467 1487/1512/1466
f 1480/1507/1461 1487/1512/1466 1531/1514/1468
f 1489/1516/1470 1532/1515/1469 1531/1514/1468
f 1532/1515/1469 1533/1517/1471 1490/1519/1473
f 1489/1516/1470 1492/1521/1475 1534/1520/1474
f 1534/1520/1474 1494/1522/1476 1493/1547/1501
f 1536/1557/1511 1535/1558/1512 1529/1556/1510
f 1535/1558/1512 1536/1557/1511 1538/1559/1513
f 1538/1559/1513 1469/1498/1452 1539/1561/1515
f 1486/1511/1465 1538/1559/1513 1536/1557/1511
f 1530/1555/1509 1487/1512/1466 1524/1550/1504
f 1541/1562/1516 1540/1564/1518 1390/1563/1517
f 1540/1564/1518 1541/1562/1516 1543/1565/1519
f 1545/1567/1521 1418/1446/1400 1542/1566/1520
f 1546/1304/1264 1367/1393/1350 1547/1568/1522
f 1546/1304/1264 1368/1394/1351 1365/1391/1348
f 1368/1394/1351 1546/1304/1264 1384/1412/1367
f 1389/1417/1371 1388/1416/1370 1548/1569/1523
f 1549/1570/1524 1543/1565/1519 1541/1562/1516
f 1548/1569/1523 1551/1629/1580 1550/1571/1525
f 1552/1572/1526 1553/1574/1528 1549/1570/1524
f 1552/1572/1526 1554/1577/1531 1555/1573/1527
f 1549/1570/1524 1553/1574/1528 1545/1567/1521
f 1553/1574/1528 1555/1573/1527 1556/1575/1529
f 1540/1564/1518 1314/1576/1530 1311/1343/1300
f 1309/1341/1298 1276/1302/1262 1390/1563/1517
f 1271/1306/1266 1274/1297/1257 1189/1265/1225
f 1542/1566/1520 1321/1350/1307 1314/1576/1530
f 1418/1446/1400 1545/1567/1521 1556/1575/1529
f 1554/1577/1531 1544/1590/1544 1557/1578/1532
f 1555/1573/1527 1557/1578/1532 1423/1579/1533
f 1422/1450/1404 1420/1448/1402 1556/1575/1529
f 1428/1580/1534 1559/1582/1536 1558/1581/1535
f 1558/1581/1535 1431/1457/1411 1425/1459/1413
f 1435/1462/1416 1431/1457/1411 1558/1581/1535
f 1560/1453/1407 1561/1455/1409 1428/1580/1534
f 1563/1584/1538 1561/1455/1409 1427/1454/1408
f 1561/1455/1409 1563/1584/1538 1564/1585/1539
f 1565/1586/1540 1559/1582/1536 1428/1580/1534
f 1437/1466/1420 1436/1463/1417 1579/1464/1418
f 1566/1588/1542 1438/1587/1541 1579/1464/1418
f 1554/1577/1531 1568/1628/1579 1567/1589/1543
f 1570/1591/1545 1569/1592/1546 1544/1590/1544
f 1569/1592/1546 1570/1591/1545 1572/1593/1547
f 1572/1593/1547 1574/1596/1550 1573/1595/1549
f 1574/1596/1550 1576/1599/1553 1575/1597/1551
f 1577/1598/1552 1578/1600/1554 1575/1597/1551
f 1571/1594/1548 1563/1584/1538 1562/1583/1537
f 1564/1585/1539 1575/1597/1551 1578/1600/1554
f 1573/1595/1549 1575/1597/1551 1564/1585/1539
f 1544/1590/1544 1569/1592/1546 1562/1583/1537
f 1559/1582/1536 1565/1586/1540 1579/1464/1418
f 1367/1393/1350 1366/1490/1444 1580/1601/1555
f 1366/1490/1444 1464/1488/1442 1581/1602/1556
f 1464/1488/1442 1583/1604/1558 1582/1603/1557
f 1583/1604/1558 1460/1606/1560 1584/1605/1559
f 1460/1606/1560 1456/1483/1437 1458/1485/1439
f 1462/1486/1440 1453/1480/1434 1460/1606/1560
f 1582/1603/1557 1584/1605/1559 1585/1607/1561
f 1587/1609/1563 1588/1612/1564 1586/1610/1562
f 1588/1612/1564 1587/1609/1563 1589/1613/1565
f 1280/1616/1265 1592/1617/1568 1386/1414/1368
f 1592/1617/1568 1280/1616/1265 1593/1618/1569
f 1595/1620/1571 1596/1621/1572 1594/1619/1570
f 1596/1621/1572 1595/1620/1571 1597/1622/1573
f 1597/1622/1573 1586/1610/1562 1588/1612/1564
f 1590/1614/1566 1599/1624/1575 1598/1623/1574
f 1599/1624/1575 1600/1626/1577 1596/1621/1572
f 1601/1625/1576 1594/1619/1570 1596/1621/1572
f 1594/1619/1570 1601/1625/1576 1602/1627/1578
f 1387/1415/1369 1386/1414/1368 1592/1617/1568
f 1590/1614/1566 1567/1589/1543 1568/1628/1579
f 1601/1625/1576 1550/1571/1525 1551/1629/1580
f 1550/1571/1525 1601/1625/1576 1600/1626/1577
f 1568/1628/1579 1552/1572/1526 1600/1626/1577
f 1551/1629/1580 1388/1416/1370 1387/1415/1369
f 1586/1608/1562 1597/1630/1573 1581/1602/1556
f 1580/1601/1555 1581/1602/1556 1597/1630/1573
f 1595/1631/1571 1593/1632/1569 1547/1568/1522
f 1585/1611/1561 1591/1635/1583 1603/1633/1581
f 1604/1634/1582 1605/1646/1592 1603/1633/1581
f 1604/1636/1582 1591/1637/1583 1458/1485/1439
f 1591/1637/1583 1585/1607/1561 1584/1605/1559
f 1587/1609/1563 1603/1633/1581 1606/1638/1584
f 1603/1633/1581 1605/1646/1592 1607/1639/1585
f 1608/1640/1586 1609/1641/1587 1606/1638/1584
f 1609/1641/1587 1608/1640/1586 1574/1596/1550
f 1576/1599/1553 1608/1640/1586 1611/1642/1588
f 1609/1641/1587 1610/1615/1567 1589/1613/1565
f 1610/1615/1567 1567/1589/1543 1590/1614/1566
f 1572/1593/1547 1570/1591/1545 1610/1615/1567
f 1608/1640/1586 1607/1639/1585 1613/1644/1590
f 1607/1639/1585 1605/1646/1592 1614/1645/1591
f 1604/1634/1582 1615/4914/1594 1614/1645/1591
f 1604/1636/1582 1459/1484/1438 1616/1647/1593
f 1459/1484/1438 1457/4913/4454 1617/1649/1595
f 1617/1649/1595 1457/4913/4454 1455/1482/1436
f 1454/1651/1597 1619/1653/1599 1618/1650/1596
f 1454/1651/1597 1441/1481/1435 1620/1652/1598
f 1441/1481/1435 1439/1465/1419 1621/1654/1600
f 1439/1465/1419 1437/1466/1420 1622/1655/1601
f 1437/1466/1420 1438/1587/1541 1623/1656/1602
f 1623/1656/1602 1438/1587/1541 1566/1588/1542
f 1577/1598/1552 1625/1658/1604 1624/1657/1603
f 1625/1658/1604 1577/1598/1552 1576/1599/1553
f 1619/1659/1599 1626/1681/1614 1627/1660/1605
f 1628/1662/1606 1617/1663/1595 1618/1661/1596
f 1617/1663/1595 1628/1662/1606 1629/1664/1607
f 1630/1666/1608 1615/4915/1594 1616/1665/1593
f 1615/1667/1594 1630/2242/1608 1631/1668/1609
f 1631/1668/1609 1632/2396/2205 1613/1670/1590
f 1613/1670/1590 1632/2396/2205 1633/1671/1610
f 1634/1673/1611 1612/1674/1589 1611/1672/1588
f 1612/1674/1589 1634/1673/1611 1635/1675/1612
f 1635/1675/1612 1636/1678/1613 1624/1677/1603
f 1636/1678/1613 1637/1687/1618 1623/1679/1602
f 1620/1680/1598 1638/1682/1615 1626/1681/1614
f 1638/1682/1615 1620/1680/1598 1621/1683/1600
f 1622/1685/1601 1640/1686/1617 1639/1684/1616
f 1640/1686/1617 1622/1685/1601 1623/1679/1602
f 1191/1288/1248 1254/1289/1249 1642/1688/1619
f 1644/1690/1621 1643/1691/1622 1641/1689/1620
f 1643/1691/1622 1644/1690/1621 1646/1692/1623
f 1648/1694/1625 1647/1699/1626 1645/1693/1624
f 1647/1695/1626 1648/1729/1625 1650/1696/1627
f 1650/1696/1627 1343/1372/1329 1347/1376/1333
f 1655/1698/1629 1654/1705/1634 1647/1695/1626
f 1647/1699/1626 1654/1704/1634 1653/1700/1630
f 1652/1701/1631 1643/1691/1622 1645/1693/1624
f 1643/1691/1622 1652/1701/1631 1651/1702/1632
f 1651/1702/1632 1652/1701/1631 1377/1404/1361
f 1379/1703/1633 1377/1404/1361 1652/1701/1631
f 1654/1704/1634 1381/1406/1363 1379/1703/1633
f 1383/1411/1366 1381/1408/1363 1654/1705/1634
f 1351/1378/1335 1655/1698/1629 1649/1697/1628
f 1655/1698/1629 1351/1378/1335 1329/1400/1357
f 1651/1702/1632 1656/1706/1635 1191/1288/1248
f 1656/1706/1635 1651/1702/1632 1375/1402/1359
f 1642/1688/1619 1667/1716/1645 1273/1707/1636
f 1272/1296/1256 1297/1329/1286 1270/1355/1312
f 1470/1526/1480 1498/1525/1479 1658/1708/1637
f 1498/1525/1479 1500/1528/1482 1659/1709/1638
f 1500/1528/1482 1514/1531/1485 1660/1710/1639
f 1660/1710/1639 1514/1531/1485 1502/1530/1484
f 1504/1533/1487 1663/1925/1812 1662/1712/1641
f 1664/1713/1642 1660/1710/1639 1661/1711/1640
f 1660/1710/1639 1664/1713/1642 1665/1714/1643
f 1666/1715/1644 1658/1708/1637 1659/1709/1638
f 1658/1708/1637 1666/1715/1644 1471/1501/1455
f 1291/1298/1258 1277/1300/1260 1276/1302/1262
f 1656/1706/1635 1271/1306/1266 1190/1286/1246
f 1254/1289/1249 1253/1223/1183 1667/1716/1645
f 1253/1223/1183 1262/1290/1250 1657/1308/1268
f 1262/1290/1250 1186/1255/1215 1669/1717/1646
f 1186/1255/1215 1671/1796/1715 1670/1718/1647
f 1673/1719/1648 1672/1721/1650 1669/1717/1646
f 1657/1308/1268 1669/1717/1646 1674/1720/1649
f 1672/1721/1650 1673/1719/1648 1675/1722/1651
f 1677/1724/1653 1678/1737/1663 1668/1309/1269
f 1689/1725/1654 1679/1726/1655 1273/1707/1636
f 1679/1726/1655 1646/1692/1623 1644/1690/1621
f 1646/1692/1623 1679/1726/1655 1680/1727/1656
f 1681/1728/1657 1650/1696/1627 1648/1729/1625
f 1681/1728/1657 1339/1368/1325 1343/1372/1329
f 1339/1368/1325 1681/1728/1657 1682/1731/1658
f 1680/1730/1656 1683/4916/1659 1682/1731/1658
f 1683/1732/1659 1680/1727/1656 1679/1726/1655
f 1331/1360/1317 1684/1734/1661 1685/1733/1660
f 1684/1734/1661 1686/1738/1664 1687/1735/1662
f 1687/1736/1662 1686/1739/1664 1678/1737/1663
f 1682/1731/1658 1683/4916/1659 1686/1738/1664
f 1335/1364/1321 1682/1731/1658 1684/1734/1661
f 1674/1720/1649 1672/1721/1650 1676/1723/1652
f 1667/1716/1645 1657/1308/1268 1688/1310/1270
f 1678/1737/1663 1689/1725/1654 1688/1310/1270
f 1686/1739/1664 1683/1732/1659 1689/1725/1654
f 1690/1740/1665 1691/1743/1666 1677/1741/1653
f 1691/1743/1666 1692/1746/1668 1687/1744/1662
f 1693/1745/1667 1685/1747/1660 1687/1744/1662
f 1685/1747/1660 1693/1745/1667 1694/1748/1669
f 1695/1750/1670 1327/4917/1315 1330/1749/1314
f 1696/1752/1671 1697/2008/1887 1690/1740/1665
f 1708/1753/1672 1698/1756/1675 1699/1754/1673
f 1698/1756/1675 1700/1766/1685 1701/1757/1676
f 1711/1758/1677 1710/1771/1690 1702/1759/1678
f 1704/1761/1680 1705/1762/1681 1703/1760/1679
f 1705/1762/1681 1704/1761/1680 1707/1763/1682
f 1509/1765/1684 1708/1753/1672 1709/1755/1674
f 1700/1766/1685 1710/1771/1690 1711/1758/1677
f 1517/1767/1686 1724/1777/1696 1511/1536/1490
f 1712/1181/1142 1707/1763/1682 1704/1761/1680
f 1716/1769/1688 1714/1768/1687 1704/1761/1680
f 1718/1770/1689 1716/1769/1688 1702/1759/1678
f 1719/1772/1691 1718/1770/1689 1710/1771/1690
f 1720/1773/1692 1719/1772/1691 1700/1766/1685
f 1721/1774/1693 1720/1773/1692 1698/1756/1675
f 1722/1775/1694 1721/1774/1693 1708/1753/1672
f 1723/1776/1695 1722/1775/1694 1509/1765/1684
f 1724/1777/1696 1723/1776/1695 1507/1539/1493
f 1713/1778/1697 1715/1779/1698 1714/1768/1687
f 1715/1779/1698 1713/1778/1697 1727/1780/1699
f 1725/1782/1701 1717/1182/1143 1715/1779/1698
f 1717/1182/1143 1712/1181/1142 1714/1768/1687
f 1184/1211/1171 1725/1782/1701 1726/1781/1700
f 1726/1781/1700 1727/1780/1699 1224/1256/1216
f 1716/1769/1688 1718/1770/1689 1728/1783/1702
f 1718/1770/1689 1729/1785/1704 1730/1784/1703
f 1729/1785/1704 1731/1788/1707 1732/1786/1705
f 1733/1787/1706 1734/1789/1708 1732/1786/1705
f 1734/1789/1708 1733/1787/1706 1735/1790/1709
f 1735/1790/1709 1737/2039/1914 1738/1792/1711
f 1732/1786/1705 1734/1789/1708 1739/1793/1712
f 1740/1794/1713 1741/1795/1714 1730/1784/1703
f 1741/1795/1714 1187/1254/1214 1728/1783/1702
f 1713/1778/1697 1728/1783/1702 1187/1254/1214
f 1670/1718/1647 1742/1799/1718 1743/1797/1716
f 1670/1718/1647 1671/1796/1715 1744/1798/1717
f 1741/1795/1714 1740/1794/1713 1744/1798/1717
f 1733/1787/1706 1731/1788/1707 1720/1773/1692
f 1735/1790/1709 1733/1787/1706 1721/1774/1693
f 1729/1785/1704 1719/1772/1691 1720/1773/1692
f 1745/1800/1719 1746/1801/1720 1747/1203/1164
f 1746/1801/1720 1750/1807/1726 1749/1188/1149
f 1749/1188/1149 1750/1807/1726 1751/1802/1721
f 1751/1802/1721 1122/1127/1093 1123/1804/1723
f 1122/1127/1093 1751/1802/1721 1753/1805/1724
f 1751/1802/1721 1750/1807/1726 1754/1806/1725
f 1750/1807/1726 1746/1801/1720 1755/1808/1727
f 1746/1801/1720 1745/1800/1719 1756/1184/1145
f 1745/1800/1719 1758/1809/1728 1757/1185/1146
f 1748/1200/1161 1759/1202/1163 1758/1809/1728
f 1755/1808/1727 1760/1838/1731 1761/1810/1729
f 1762/1811/1730 1761/1820/1729 1760/1812/1731
f 1763/1813/1732 1764/1815/1734 1765/1814/1733
f 1179/1208/1168 1177/1169/1133 1765/1814/1733
f 1767/1816/1735 1766/1821/1738 1762/1811/1730
f 1765/1814/1733 1177/1169/1133 1168/1170/1134
f 1779/1817/1736 1778/1180/1141 1717/1182/1143
f 1754/1806/1725 1761/1810/1729 1768/1818/1737
f 1761/1820/1729 1762/1811/1730 1766/1821/1738
f 858/1124/839 1120/1123/1090 1753/1805/1724
f 1770/1824/1739 1760/1838/1731 1755/1808/1727
f 1763/1813/1732 1760/1812/1731 1771/1825/1740
f 1764/1815/1734 1763/1813/1732 1772/1826/1741
f 1772/1826/1741 1771/1825/1740 1774/1828/1743
f 1776/1830/1745 1773/1827/1742 1772/1826/1741
f 1775/1829/1744 1774/1828/1743 1777/1831/1746
f 1779/1817/1736 1776/1830/1745 1775/1829/1744
f 1779/1817/1736 1207/1245/1205 1217/1244/1204
f 1773/1827/1742 1776/1830/1745 1217/1244/1204
f 1764/1815/1734 1773/1827/1742 1216/1240/1200
f 1207/1245/1205 1779/1817/1736 1725/1782/1701
f 1777/1831/1746 1780/1832/1747 1707/1763/1682
f 1780/1832/1747 1777/1831/1746 1774/1828/1743
f 1781/1833/1748 1774/1828/1743 1771/1825/1740
f 1770/1824/1739 863/1183/1144 1785/1835/1750
f 1784/1840/1753 1786/1836/1751 1785/1835/1750
f 1781/1833/1748 1786/1841/1751 1784/1842/1753
f 1783/1834/1749 1788/4918/1786 1787/1843/1754
f 1759/1202/1163 1788/4918/1786 1783/1834/1749
f 863/1183/1144 1757/1185/1146 1758/1809/1728
f 1789/1844/1755 1706/1764/1683 1707/1763/1682
f 1516/1543/1497 1515/1544/1498 1791/1847/1757
f 1515/1544/1498 1518/1545/1499 1792/1848/1758
f 1518/1545/1499 1523/1866/1776 1793/1849/1759
f 1794/1850/1760 1795/1851/1761 1792/1848/1758
f 1795/1851/1761 1796/1852/1762 1791/1847/1757
f 1796/1852/1762 1797/1853/1763 1790/1846/1756
f 1797/1853/1763 1798/1854/1764 1517/1767/1686
f 1800/1856/1766 1801/1857/1767 1797/1853/1763
f 1801/1857/1767 1802/1858/1768 1798/1854/1764
f 1802/1858/1768 1723/1776/1695 1724/1777/1696
f 1794/1850/1760 1803/1861/1771 1799/1859/1769
f 1805/1860/1770 1804/1863/1773 1803/1861/1771
f 1805/1860/1770 1807/1864/1774 1896/1862/1772
f 1807/1864/1774 1809/1871/1781 1808/1865/1775
f 1522/1549/1503 1810/1867/1777 1793/1849/1759
f 1805/1860/1770 1794/1850/1760 1793/1849/1759
f 1810/1867/1777 1811/1868/1778 1807/1864/1774
f 1810/1867/1777 1522/1549/1503 1521/1548/1502
f 1519/1546/1500 1812/1870/1780 1811/1868/1778
f 1807/1864/1774 1811/1868/1778 1812/1870/1780
f 1157/1186/1147 861/1879/838 1767/1816/1735
f 864/1872/842 1813/1873/1782 1157/1186/1147
f 1813/1873/1782 864/1872/842 852/1874/841
f 1814/1875/1783 853/1877/837 862/1878/836
f 862/1878/836 861/1879/838 1157/1186/1147
f 861/1879/838 1769/1823/840 1766/1821/1738
f 1164/1171/1135 1171/1167/1131 1172/1166/1130
f 1752/1803/1722 1818/1880/1784 1817/1189/1150
f 1818/1880/1784 1752/1803/1722 1123/1804/1723
f 1161/1881/1162 1819/2543/1938 1820/1882/1785
f 1820/1882/1785 1821/1885/1787 1788/1884/1786
f 1821/1885/1787 1822/1887/1788 1787/1886/1754
f 1822/1887/1788 1706/2065/1683 1789/1888/1755
f 1823/1889/1789 1200/1242/1202 1214/1890/1790
f 1239/1271/1231 1825/1892/1792 1824/1891/1791
f 1825/1892/1792 1827/1901/1797 1826/1893/1793
f 1823/1894/1789 1824/1898/1791 1828/1895/1794
f 1826/1897/1793 1830/4919/1803 1828/1895/1794
f 1829/1896/1795 1289/1321/1278 1284/1899/1272
f 1243/1277/1237 1326/1381/1338 1831/1900/1796
f 1825/1892/1792 1239/1271/1231 1238/1270/1230
f 1831/1900/1796 1832/1902/1798 1827/1901/1797
f 1832/1902/1798 1831/1900/1796 1326/1381/1338
f 1833/1904/1799 1834/1918/1807 1835/1905/1800
f 1832/1906/1798 1835/1905/1800 1836/1907/1801
f 1826/1910/1793 1836/1913/1801 1837/1911/1802
f 1836/1913/1801 1835/1915/1800 1838/1914/1804
f 1835/1915/1800 1834/1920/1807 1839/1916/1805
f 1833/1904/1799 1327/4917/1315 1840/1917/1806
f 1841/1919/1808 1839/1916/1805 1834/1920/1807
f 1840/1921/1806 1842/2840/1810 1843/1922/1809
f 1840/1917/1806 1327/4917/1315 1695/1750/1670
f 1504/1533/1487 1506/1535/1489 1844/1924/1811
f 1844/1924/1811 1880/1978/1862 1879/1926/1813
f 1878/1928/1815 1849/1930/1817 1848/1927/1814
f 1878/1928/1815 1877/1931/1818 1851/1929/1816
f 1877/1931/1818 1876/1935/1822 1853/1932/1819
f 1885/1933/1820 1887/1982/1866 1874/1934/1821
f 1917/1936/1823 1978/1951/1836 1980/1937/1824
f 1874/1939/1821 1873/1942/1828 1859/1940/1826
f 1873/1942/1828 1872/1944/1830 1861/1943/1829
f 1872/1944/1830 1871/1988/1871 1863/1945/1831
f 1849/1930/1817 1914/1948/1834 1913/1946/1832
f 1849/1930/1817 1851/1929/1816 1915/1947/1833
f 1851/1929/1816 1853/1932/1819 1916/1949/1835
f 1876/1935/1822 1874/1934/1821 1857/1950/1827
f 1978/1951/1836 1917/1936/1823 1855/1952/1837
f 1857/1941/1827 1859/1940/1826 1919/1954/1839
f 1859/1940/1826 1861/1943/1829 1920/1956/1841
f 1902/1957/1842 1901/1993/1875 1900/1958/1843
f 1903/1960/1845 1902/1957/1842 1899/1959/1844
f 1904/1962/1847 1903/1960/1845 1898/1961/1846
f 1854/1964/1849 1858/4920/1877 1904/1965/1847
f 1968/1967/1851 1972/2000/1880 1869/1968/1852
f 1907/1970/1854 1906/1966/1850 1895/1971/1855
f 1908/1973/1857 1907/1970/1854 1894/1972/1856
f 1908/1973/1857 1893/1974/1858 1892/1975/1859
f 1891/1977/1861 1910/2005/1885 1909/1976/1860
f 1880/1978/1862 1881/1989/1872 1882/1979/1863
f 1883/1980/1864 1878/1928/1815 1879/1926/1813
f 1883/1980/1864 1884/1981/1865 1877/1931/1818
f 1884/1981/1865 1885/1933/1820 1876/1935/1822
f 1895/1971/1855 1897/1990/1848 1887/1982/1866
f 1925/1938/1825 1980/1937/1824 1986/1983/1867
f 1887/1985/1866 1888/1986/1869 1873/1942/1828
f 1888/1986/1869 1889/1987/1870 1872/1944/1830
f 1889/1987/1870 1890/1991/1873 1871/1988/1871
f 1881/1989/1872 1891/1977/1861 1892/1975/1859
f 1893/1974/1858 1883/1980/1864 1882/1979/1863
f 1893/1974/1858 1894/1972/1856 1884/1981/1865
f 1894/1972/1856 1895/1971/1855 1885/1933/1820
f 1906/1966/1850 1904/1965/1847 1897/1990/1848
f 1803/1861/1771 1804/1863/1773 1968/1967/1851
f 1897/1963/1848 1898/1961/1846 1888/1986/1869
f 1898/1961/1846 1899/1959/1844 1889/1987/1870
f 1899/1959/1844 1900/1958/1843 1890/1991/1873
f 1862/1992/1874 1864/2044/1919 1901/1993/1875
f 1860/1994/1876 1862/1992/1874 1902/1957/1842
f 1858/1995/1877 1860/1994/1876 1903/1960/1845
f 1854/1996/1849 1948/2053/1925 1946/1997/1878
f 1868/1999/1879 1869/1968/1852 1972/2000/1880
f 1852/2002/1882 1854/1964/1849 1906/1966/1850
f 1850/2003/1883 1852/2002/1882 1907/1970/1854
f 1850/2003/1883 1908/1973/1857 1909/1976/1860
f 1910/2005/1885 1846/2034/1909 1847/2004/1884
f 1911/2006/1886 1696/2045/1671 1862/1992/1874
f 1911/2007/1886 1912/2046/1920 1697/2008/1887
f 1914/1948/1834 1922/2011/1890 1921/2009/1888
f 1914/1948/1834 1915/1947/1833 1923/2010/1889
f 1915/1947/1833 1916/1949/1835 1924/2012/1891
f 1853/1932/1819 1857/1950/1827 1918/2013/1840
f 1971/2014/1892 1973/2091/1838 1855/2015/1837
f 1918/1955/1840 1919/1954/1839 1927/2017/1894
f 1919/1954/1839 1920/1956/1841 1928/2019/1896
f 1921/2009/1888 1922/2011/1890 1930/2020/1897
f 1922/2011/1890 1923/2010/1889 1931/2022/1899
f 1923/2010/1889 1924/2012/1891 1932/2023/1900
f 1916/1949/1835 1918/2013/1840 1926/2024/1895
f 1971/2014/1892 1875/2016/1893 1808/1865/1775
f 1926/2018/1895 1927/2017/1894 1935/2026/1902
f 1927/2017/1894 1928/2019/1896 1936/2028/1904
f 1929/2021/1898 1930/2020/1897 1865/2029/1905
f 1930/2020/1897 1931/2022/1899 1866/2031/1907
f 1931/2022/1899 1932/2023/1900 1867/2032/1908
f 1924/2012/1891 1926/2024/1895 1934/2033/1903
f 1875/2016/1893 1905/2082/1946 1896/1862/1772
f 1934/2027/1903 1935/2026/1902 1869/1968/1852
f 1935/2026/1902 1936/2028/1904 1870/1969/1853
f 1663/1925/1812 1844/1924/1811 1848/1927/1814
f 1663/1925/1812 1913/1946/1832 1921/2009/1888
f 1929/2021/1898 1664/1713/1642 1662/1712/1641
f 1664/1713/1642 1929/2021/1898 1845/2030/1906
f 1506/1535/1489 1512/1538/1492 1880/1978/1862
f 1881/1989/1872 1880/1978/1862 1512/1538/1492
f 1508/1537/1491 1510/1540/1494 1891/1977/1861
f 1910/2005/1885 1891/1977/1861 1510/1540/1494
f 1910/2005/1885 1709/1755/1674 1699/1754/1673
f 1803/1861/1771 1870/1969/1853 1936/2028/1904
f 1928/2019/1896 1937/2035/1910 1799/1859/1769
f 1937/2035/1910 1928/2019/1896 1920/1956/1841
f 1861/1943/1829 1863/1945/1831 1938/2036/1911
f 1944/2037/1912 1940/2038/1913 1863/1945/1831
f 1940/2038/1913 1944/2037/1912 1801/1857/1767
f 1737/2039/1914 1723/1776/1695 1802/1858/1768
f 1737/2039/1914 1735/1790/1709 1722/1775/1694
f 1734/1789/1708 1736/1791/1710 1941/2041/1916
f 1941/2041/1916 1736/1791/1710 1738/1792/1711
f 1943/2043/1918 1890/1991/1873 1942/2042/1917
f 1943/2043/1918 1738/1792/1711 1737/2039/1914
f 1901/1993/1875 1941/2041/1916 1942/2042/1917
f 1941/2041/1916 1901/1993/1875 1864/2044/1919
f 1864/2044/1919 1862/1992/1874 1743/1797/1716
f 1864/2044/1919 1742/1799/1718 1744/1798/1717
f 1743/1797/1716 1696/2045/1671 1675/1722/1651
f 1944/2037/1912 1939/2040/1915 1802/1858/1768
f 1939/2040/1915 1944/2037/1912 1871/1988/1871
f 1940/2038/1913 1800/1856/1766 1938/2036/1911
f 1795/1851/1761 1799/1859/1769 1945/1855/1765
f 1945/1855/1765 1937/2035/1910 1938/2036/1911
f 1911/2007/1886 1858/1998/1877 1946/1997/1878
f 1947/2047/1921 1977/2080/1945 1974/2048/1881
f 1976/2050/1923 1865/2029/1905 1866/2031/1907
f 1852/2052/1882 1949/2054/1926 1948/2053/1925
f 1949/2054/1926 1852/2052/1882 1850/2055/1883
f 1850/2055/1883 1847/2059/1884 1951/2057/1928
f 1847/2059/1884 1953/2071/1929 1952/2060/1930
f 1955/2062/1932 1953/2058/1929 1701/1757/1676
f 1711/1758/1677 1703/1760/1679 1956/2063/1933
f 1703/1760/1679 1705/1762/1681 1957/2064/1934
f 1706/2065/1683 1822/1887/1788 1958/2066/1935
f 1956/2068/1933 1957/2067/1934 1958/2066/1935
f 1959/2069/1936 1960/2072/1937 1955/2070/1932
f 1953/2071/1929 1955/2070/1932 1960/2072/1937
f 1953/2058/1929 1846/2034/1909 1699/1754/1673
f 1819/2073/1938 1161/1201/1162 1962/2074/1939
f 1161/1201/1162 1815/1204/1165 1963/2076/1941
f 1963/2076/1941 1815/1204/1165 1816/1187/1148
f 1816/1187/1148 1817/1189/1150 1965/2078/1943
f 1817/1189/1150 1818/1880/1784 1966/2079/1944
f 1141/1143/1109 1140/2527/2304 1966/2079/1944
f 1977/2080/1945 1867/2032/1908 1868/2081/1879
f 1905/2082/1946 1972/2000/1880 1968/1967/1851
f 1905/2082/1946 1856/4921/1922 1974/2001/1881
f 1867/2032/1908 1977/2080/1945 1979/2051/1924
f 1977/2080/1945 1947/2047/1921 1969/2083/1947
f 1979/2051/1924 1969/2083/1947 1970/2084/1948
f 1478/1505/1459 1982/2086/1950 1981/2085/1949
f 1982/2086/1950 1478/1505/1459 1475/1502/1456
f 1471/1501/1455 1984/2088/1952 1983/2087/1951
f 1984/2088/1952 1471/1501/1455 1666/1715/1644
f 1981/2085/1949 1986/1983/1867 1484/1495/1449
f 1986/1983/1867 1990/2107/1968 1472/1496/1450
f 1665/1714/1643 1845/2030/1906 1985/2089/1953
f 1976/2050/1923 1985/2089/1953 1845/2030/1906
f 1934/2033/1903 1868/2081/1879 1867/2032/1908
f 1855/2015/1837 1856/4921/1922 1905/2082/1946
f 1917/1936/1823 1947/2047/1921 1856/2049/1922
f 1947/2047/1921 1917/1936/1823 1925/1938/1825
f 1969/2083/1947 1925/1938/1825 1933/1984/1868
f 1933/1984/1868 1981/2085/1949 1982/2086/1950
f 1984/2088/1952 1976/2050/1923 1970/2084/1948
f 1992/2090/1954 1991/2095/1957 1978/1951/1836
f 1973/2091/1838 1971/2014/1892 1993/2092/1955
f 1971/2014/1892 1967/2025/1901 1994/2094/1956
f 1991/2095/1957 1990/2107/1968 1980/1937/1824
f 1998/2096/1958 1806/2100/1962 1989/2097/1959
f 1997/2099/1961 1886/4922/1964 1806/2100/1962
f 1997/2101/1961 1996/2104/1965 1975/2102/1963
f 1996/2104/1965 1995/2106/1967 1988/2105/1966
f 1993/2092/1955 1994/2094/1956 1995/2106/1967
f 1992/2093/1954 1993/2092/1955 1996/2104/1965
f 1997/2099/1961 1998/2096/1958 1991/2095/1957
f 1991/2095/1957 1998/2096/1958 1999/2098/1960
f 1539/1561/1515 1469/1498/1452 2000/2108/1969
f 1999/2098/1960 1989/2097/1959 1987/2109/1970
f 1472/1496/1450 1999/2098/1960 2000/2108/1969
f 1527/1553/1507 2001/2111/1972 2002/2110/1971
f 2001/2111/1972 2003/2114/1975 2004/1523/1477
f 1495/2112/1973 2007/2115/1976 2008/2113/1974
f 2003/2114/1975 1495/2112/1973 1496/1524/1478
f 2007/2115/1976 2009/2117/1978 2010/2116/1977
f 2009/2117/1978 1988/2105/1966 1995/2106/1967
f 1492/1521/1475 1489/1516/1470 1525/1551/1505
f 2002/2110/1971 2004/1523/1477 1494/1522/1476
f 2006/2118/1979 2005/2120/1981 2008/2113/1974
f 2010/2116/1977 1995/2106/1967 1994/2094/1956
f 1967/2025/1901 2011/2119/1980 2006/2118/1979
f 2011/2119/1980 2012/2121/1982 2005/2120/1981
f 2012/2121/1982 2011/2119/1980 1809/1871/1781
f 1808/1865/1775 1809/1871/1781 2011/2119/1980
f 1494/1522/1476 1496/1524/1478 2013/2122/1983
f 1496/1524/1478 2008/2113/1974 2005/2120/1981
f 2012/2121/1982 2014/2123/1984 2013/2122/1983
f 2014/2123/1984 1519/1546/1500 1493/1547/1501
f 1812/1870/1780 1519/1546/1500 2014/2123/1984
f 2007/2115/1976 2016/2125/1986 2015/2124/1985
f 2016/2125/1986 2007/2115/1976 1495/2112/1973
f 1495/2112/1973 2003/2114/1975 2018/2127/1988
f 2003/2114/1975 2001/2111/1972 2019/2128/1989
f 2001/2111/1972 1527/1553/1507 2020/2129/1990
f 2020/2129/1990 1527/1553/1507 1528/1554/1508
f 1529/1556/1510 2022/2131/1992 2021/2130/1991
f 2022/2131/1992 1529/1556/1510 1535/1558/1512
f 1537/1560/1514 2024/2134/1995 2023/2132/1993
f 1537/1560/1514 1539/1561/1515 2025/2133/1994
f 1539/1561/1515 1987/2109/1970 2026/2135/1996
f 1987/2109/1970 1989/2097/1959 2027/2136/1997
f 1989/2097/1959 1806/2100/1962 2028/2137/1998
f 1806/2100/1962 1886/4922/1964 2029/2138/1999
f 1886/2103/1964 1975/2102/1963 2030/2139/2000
f 1975/2102/1963 1988/2105/1966 2031/2141/2001
f 1988/2105/1966 2009/2117/1978 2015/2124/1985
f 2033/2142/2002 2081/2145/2005 2032/2143/2003
f 2081/2145/2005 2073/2148/2006 2031/2146/2001
f 2073/2148/2006 2034/2202/2045 2035/2149/2007
f 2075/2151/2009 2029/4923/1999 2030/2152/2000
f 2075/2153/2009 2036/2204/2046 2037/2154/2010
f 2077/2156/2012 2027/2208/1997 2028/2157/1998
f 2038/2158/2013 2039/2205/2047 2078/2159/2014
f 2025/2160/1994 2026/2207/1996 2078/2159/2014
f 2040/2161/2015 2041/2163/2016 2024/2162/1995
f 2041/2163/2016 2042/2165/2017 2023/2164/1993
f 2042/2165/2017 2043/2168/2019 2022/2166/1992
f 2044/2167/2018 2021/2169/1991 2022/2166/1992
f 2021/2169/1991 2044/2167/2018 2045/2170/2020
f 2046/2172/2021 2019/2173/1989 2020/2171/1990
f 2019/2173/1989 2046/2172/2021 2047/2174/2022
f 2048/2176/2023 2017/2178/1987 2018/2175/1988
f 2048/2176/2023 2032/2143/2003 2016/2177/1986
f 2050/2179/2024 2051/2182/2027 2058/2180/2025
f 2051/2182/2027 2054/2216/2055 2059/2183/2028
f 2059/2183/2028 2054/2216/2055 2056/2184/2029
f 2049/2186/2031 2057/2181/2026 2058/2180/2025
f 2059/2183/2028 2053/2188/2033 2052/2187/2032
f 2053/2188/2033 2059/2183/2028 2060/2185/2030
f 2068/2190/2035 2062/2194/2039 2061/2191/2036
f 2067/2193/2038 2063/2210/2049 2062/2194/2039
f 2064/2195/2040 2070/2198/2041 2069/2196/2037
f 2070/2198/2041 2064/2195/2040 2065/2199/2042
f 2065/2199/2042 2066/2224/2063 2072/2201/2044
f 2034/2202/2045 2067/2193/2038 2068/2190/2035
f 2035/2149/2007 2068/2190/2035 2069/2192/2037
f 2069/2196/2037 2070/2198/2041 2037/2154/2010
f 2037/2154/2010 2070/2198/2041 2071/2200/2043
f 2071/2200/2043 2072/2201/2044 2039/2205/2047
f 2029/2206/1999 2075/2153/2009 2076/2155/2011
f 2073/2148/2006 2074/2150/2008 2030/2152/2000
f 2035/2149/2007 2036/2203/2046 2075/2151/2009
f 2037/2154/2010 2038/2158/2013 2077/2156/2012
f 2077/2156/2012 2078/2159/2014 2026/2207/1996
f 2033/2142/2002 2079/2209/2048 2067/2193/2038
f 2079/2209/2048 2080/2211/2050 2063/2210/2049
f 2034/2202/2045 2073/2148/2006 2081/2145/2005
f 2016/2177/1986 2032/2143/2003 2081/2145/2005
f 2082/2144/2004 2083/2214/2053 2079/2209/2048
f 2080/2211/2050 2079/2209/2048 2085/2212/2051
f 2083/2214/2053 2086/2221/2060 2085/2212/2051
f 2087/2215/2054 2082/2144/2004 2032/2143/2003
f 2054/2216/2055 2089/2218/2057 2088/2217/2056
f 2089/2218/2057 2054/2216/2055 2051/2182/2027
f 2050/2179/2024 2091/2220/2059 2090/2219/2058
f 2091/2220/2059 2050/2179/2024 2087/2215/2054
f 2057/2181/2026 2092/2222/2061 2087/2215/2054
f 2087/2215/2054 2092/2222/2061 2083/2214/2053
f 2086/2221/2060 2083/2214/2053 2092/2222/2061
f 2092/2222/2061 2057/2181/2026 2049/2186/2031
f 2066/2224/2063 2094/4924/2140 2095/2225/2064
f 2095/2225/2064 2097/2280/2117 2096/2226/2065
f 2072/2201/2044 2096/2226/2065 2098/2227/2066
f 2039/2205/2047 2098/2227/2066 2040/2161/2015
f 2134/2228/2067 2133/2262/2100 2132/2229/2068
f 2132/2229/2068 2131/2232/2071 2136/2231/2070
f 2131/2232/2071 2130/2234/2073 2137/2233/2072
f 2130/2234/2073 2129/2257/2095 2138/2235/2074
f 2138/2235/2074 2129/2257/2095 2128/2236/2075
f 2127/2238/2077 2140/2240/2079 2139/2237/2076
f 2115/2239/2078 2112/2269/2107 2140/2240/2079
f 1630/2242/1608 2167/2277/2085 2166/2243/2081
f 2125/2244/2082 2123/2248/2086 2143/2245/2083
f 1630/1666/1608 1629/1664/1607 2168/2246/2084
f 2123/2248/2086 2122/2251/2089 2145/2249/2087
f 2141/2250/2088 2120/2279/2116 2122/2251/2089
f 2169/2252/2090 2118/2332/2141 2124/2253/2091
f 2114/2254/2092 2141/2250/2088 2123/2248/2086
f 2109/2255/2093 2111/2292/2129 2127/2238/2077
f 2107/2256/2094 2109/2255/2093 2128/2236/2075
f 2105/2258/2096 2107/2256/2094 2129/2257/2095
f 2131/2232/2071 2103/2259/2097 2105/2258/2096
f 2103/2259/2097 2131/2232/2071 2132/2229/2068
f 2100/2261/2099 2101/2260/2098 2132/2229/2068
f 2134/2228/2067 2135/2230/2069 2102/2263/2101
f 2136/2231/2070 2104/2265/2103 2102/2263/2101
f 2104/2265/2103 2136/2231/2070 2137/2233/2072
f 2138/2235/2074 2108/2268/2106 2106/2266/2104
f 2138/2235/2074 2139/2237/2076 2110/2267/2105
f 2139/2237/2076 2140/2240/2079 2112/2269/2107
f 2163/2271/2109 2116/2270/2108 2165/2273/2111
f 2142/2241/2080 2143/2245/2083 2117/2275/2113
f 2119/2276/2114 2144/4925/2224 2166/2243/2081
f 2143/2245/2083 2145/2249/2087 2121/2278/2115
f 2098/2227/2066 2122/2251/2089 2120/2279/2116
f 2122/2251/2089 2098/2227/2066 2096/2226/2065
f 2097/2280/2117 2121/2278/2115 2145/2249/2087
f 2133/2262/2100 2056/2184/2029 2088/2217/2056
f 2133/2262/2100 2134/2228/2067 2060/2185/2030
f 2055/2189/2034 2060/2185/2030 2134/2228/2067
f 2101/2260/2098 2146/2283/2120 2147/2281/2118
f 2148/2282/2119 2149/2284/2121 2147/2281/2118
f 2149/2284/2121 2148/2282/2119 2150/2285/2122
f 2152/2287/2124 2153/2288/2125 2151/2286/2123
f 2153/2288/2125 2152/2287/2124 2045/2170/2020
f 2151/2286/2123 2154/2290/2127 2155/2289/2126
f 2154/2290/2127 2109/2255/2093 2107/2256/2094
f 2109/2255/2093 2154/2290/2127 2156/2291/2128
f 2154/2290/2127 2151/2286/2123 2153/2288/2125
f 2043/2168/2019 2114/2254/2092 2111/2292/2129
f 2111/2292/2129 2114/2254/2092 2125/2244/2082
f 2043/2168/2019 2042/2165/2017 2141/2250/2088
f 2157/2293/2130 2158/2294/2131 2150/2285/2122
f 2158/2294/2131 2157/2293/2130 2088/2217/2056
f 2158/2294/2131 2159/2295/2132 2152/2287/2124
f 2159/2295/2132 2046/2172/2021 2045/2170/2020
f 2148/2282/2119 2146/2283/2120 2160/2296/2133
f 2100/2261/2099 2088/2217/2056 2157/2293/2130
f 2160/2296/2133 2146/2283/2120 2101/2260/2098
f 2149/2284/2121 2155/2289/2126 2161/2297/2134
f 2155/2289/2126 2107/2256/2094 2105/2258/2096
f 2103/2259/2097 2147/2281/2118 2161/2297/2134
f 2162/2298/2135 2159/2295/2132 2158/2294/2131
f 2162/2298/2135 2047/2174/2022 2046/2172/2021
f 2091/2220/2059 2047/2174/2022 2162/2298/2135
f 2042/2165/2017 2041/2163/2016 2120/2279/2116
f 2213/2299/2136 2218/2335/2144 2217/2300/2137
f 2055/2302/2034 2099/2315/2102 2108/2303/2106
f 2121/2305/2115 2097/2322/2117 2086/2306/2060
f 2052/2308/2032 2053/2317/2033 2112/2309/2107
f 2115/2310/2078 2117/2313/2113 2049/2311/2031
f 2216/2312/2139 2215/2375/2184 2214/2301/2138
f 2093/2307/2062 2049/2311/2031 2117/2313/2113
f 2106/2314/2104 2108/2303/2106 2099/2315/2102
f 2110/2304/2105 2112/2309/2107 2053/2317/2033
f 2094/2319/2140 2084/2324/2052 2085/2320/2051
f 2095/2321/2064 2085/2320/2051 2086/2306/2060
f 2066/2323/2063 2080/2325/2050 2084/2324/2052
f 2080/2325/2050 2066/2323/2063 2065/2326/2042
f 2062/2328/2039 2063/2327/2049 2065/2326/2042
f 2044/2167/2018 2043/2168/2019 2156/2291/2128
f 2142/2241/2080 2140/2240/2079 2127/2238/2077
f 2119/2331/2114 2167/2247/2085 2168/2246/2084
f 1629/1664/1607 2113/2333/2142 2169/2252/2090
f 2118/2332/2141 2169/2252/2090 2116/2270/2108
f 2113/2333/2142 2170/2411/2220 2116/2270/2108
f 2218/2335/2144 2213/2299/2136 2212/2336/2145
f 2211/2338/2147 2220/2339/2148 2219/2337/2146
f 2220/2339/2148 2211/2338/2147 2210/2340/2149
f 2209/2342/2151 2222/2343/2152 2221/2341/2150
f 2222/2343/2152 2209/2342/2151 2208/2344/2153
f 2207/2346/2155 2224/2347/2156 2223/2345/2154
f 2224/2347/2156 2207/2346/2155 2206/2348/2157
f 2205/2350/2159 2226/2351/2160 2225/2349/2158
f 2226/2351/2160 2205/2350/2159 2204/2352/2161
f 2193/2354/2163 2198/2362/2171 2202/2355/2164
f 2228/2356/2165 2237/2388/2197 2238/2357/2166
f 2201/2359/2168 2230/2392/2201 2229/2360/2169
f 2200/2361/2170 2201/2359/2168 2202/2355/2164
f 2182/2363/2172 2195/2366/2175 2203/2364/2173
f 2195/2366/2175 2228/2356/2165 2196/2358/2167
f 2191/2367/2176 2193/2354/2163 2204/2352/2161
f 2189/2368/2177 2191/2367/2176 2205/2350/2159
f 2188/2369/2178 2189/2368/2177 2206/2348/2157
f 2185/2370/2179 2188/2369/2178 2207/2346/2155
f 2184/2365/2174 2185/2370/2179 2208/2344/2153
f 2182/2363/2172 2184/2365/2174 2209/2342/2151
f 2180/2371/2180 2182/2363/2172 2210/2340/2149
f 2177/2372/2181 2180/2371/2180 2211/2338/2147
f 2176/2373/2182 2177/2372/2181 2212/2336/2145
f 2176/2373/2182 2213/2299/2136 2214/2301/2138
f 2215/2375/2184 2172/2410/2219 2173/2374/2183
f 2171/2376/2185 2216/2312/2139 2217/2300/2137
f 2217/2300/2137 2218/2335/2144 2175/2378/2187
f 2175/2378/2187 2218/2335/2144 2219/2337/2146
f 2220/2339/2148 2179/2381/2190 2178/2379/2188
f 2220/2339/2148 2221/2341/2150 2181/2380/2189
f 2221/2341/2150 2222/2343/2152 2183/2382/2191
f 2183/2382/2191 2222/2343/2152 2223/2345/2154
f 2224/2347/2156 2187/2384/2193 2186/2383/2192
f 2187/2384/2193 2224/2347/2156 2225/2349/2158
f 2225/2349/2158 2226/2351/2160 2192/2386/2195
f 2226/2351/2160 2227/2353/2162 2194/2387/2196
f 2229/2360/2169 2227/2353/2162 2204/2352/2161
f 2237/2388/2197 2239/2400/2209 2240/2389/2198
f 2229/2360/2169 2230/2392/2201 2199/2390/2199
f 2231/2393/2202 2232/2399/2208 2233/2394/2203
f 2230/2392/2201 2201/2359/2168 2234/2395/2204
f 2200/2361/2170 1633/1671/1610 2234/2395/2204
f 2231/2393/2202 2234/2395/2204 1632/2396/2205
f 1631/1668/1609 2166/2243/2081 2235/2397/2206
f 2166/2243/2081 2144/4925/2224 2236/2398/2207
f 2235/2397/2206 2236/2398/2207 2232/2399/2208
f 2227/2353/2162 2229/2360/2169 2197/2391/2200
f 2239/2400/2209 1640/1686/1617 1637/1687/1618
f 2241/2401/2210 2242/2402/2211 2189/2368/2177
f 2241/2401/2210 2196/2358/2167 2238/2357/2166
f 2243/2403/2212 2244/2404/2213 2237/2388/2197
f 2244/2404/2213 2243/2403/2212 2177/2372/2181
f 2228/2356/2165 2195/2366/2175 2245/2405/2214
f 2195/2366/2175 2182/2363/2172 2180/2371/2180
f 2180/2371/2180 2177/2372/2181 2243/2403/2212
f 2196/2358/2167 2241/2401/2210 2246/2406/2215
f 2188/2369/2178 2185/2370/2179 2246/2406/2215
f 2184/2365/2174 2203/2364/2173 2246/2406/2215
f 2191/2367/2176 2189/2368/2177 2242/2402/2211
f 2242/2402/2211 2238/2357/2166 2240/2389/2198
f 1636/1678/1613 2247/2407/2216 2240/2389/2198
f 2239/2400/2209 2237/2388/2197 2244/2404/2213
f 2176/2373/2182 2173/2374/2183 2248/2408/2217
f 2248/2408/2217 1639/1684/1616 1640/1686/1617
f 2249/2409/2218 2248/2408/2217 2173/2374/2183
f 2249/2409/2218 1638/1682/1615 1639/1684/1616
f 2216/2312/2139 2171/2376/2185 2164/2274/2112
f 2165/2273/2111 2250/2412/2221 2215/2375/2184
f 2165/2273/2111 2116/2270/2108 2170/2411/2220
f 2250/2412/2221 2251/2413/2222 2172/2410/2219
f 2113/2333/2142 1628/1662/1606 2252/2334/2143
f 2170/2411/2220 2252/2334/2143 2251/2413/2222
f 2251/2413/2222 2252/2334/2143 1627/1660/1605
f 2249/2409/2218 2251/2413/2222 1626/1681/1614
f 2198/2362/2171 2253/2414/2223 1635/1675/1612
f 2247/2407/2216 2253/2414/2223 2193/2354/2163
f 2253/2414/2223 2247/2407/2216 1636/1678/1613
f 2199/2415/2199 2233/2418/2203 2126/2416/2110
f 2233/2418/2203 2232/2421/2208 2118/2419/2141
f 2124/2420/2091 2118/2419/2141 2232/2421/2208
f 2124/2420/2091 2236/2422/2207 2144/2423/2224
f 2199/2415/2199 2163/2417/2109 2164/2425/2112
f 2171/2427/2185 2194/2428/2196 2197/2426/2200
f 2194/2428/2196 2171/2427/2185 2174/2429/2186
f 2175/2431/2187 2190/2432/2194 2192/2430/2195
f 2190/2432/2194 2175/2431/2187 2178/2433/2188
f 2179/2435/2190 2186/2436/2192 2187/2434/2193
f 2186/2436/2192 2179/2435/2190 2181/2437/2189
f 500/496/494 499/493/491 508/492/490
f 500/520/494 501/3568/3258 2256/2442/2228
f 486/507/505 487/481/479 1145/1147/1113
f 1148/2444/2230 1145/1147/1113 506/506/504
f 510/505/503 2257/2445/2231 1148/2444/2230
f 2257/2445/2231 2258/2446/2232 1147/1149/1115
f 2258/2446/2232 2259/2447/2233 1146/1148/1114
f 2259/2447/2233 2260/2448/2234 1142/1145/1111
f 2262/2449/2235 2261/2522/2299 1134/1138/1104
f 2260/2448/2234 2259/2447/2233 2263/2450/2236
f 2259/2447/2233 2258/2446/2232 2264/2451/2237
f 533/530/524 532/529/523 2266/2452/2238
f 2267/2454/2240 512/502/500 533/530/524
f 2267/2454/2240 2268/2456/2242 509/503/501
f 2269/2455/2241 510/505/503 509/503/501
f 2269/2455/2241 2270/2457/2243 2257/2445/2231
f 2270/2457/2243 2264/2451/2237 2258/2446/2232
f 532/529/523 531/513/511 2271/2458/2244
f 2271/2458/2244 531/513/511 2273/2459/2245
f 2274/2461/2247 2275/2462/2248 2272/2460/2246
f 2275/2462/2248 2274/2461/2247 2277/2463/2249
f 2277/2465/2249 2279/2468/2252 2278/2466/2251
f 2279/2468/2252 2281/2470/2254 2280/2469/2253
f 2281/2470/2254 2283/3617/3307 2282/2471/2255
f 2273/2459/2245 530/528/522 534/532/526
f 2274/2461/2247 2285/2473/2257 2284/2472/2256
f 2285/2473/2257 2274/2461/2247 534/532/526
f 535/531/525 536/533/527 537/2474/529
f 2279/2468/2252 2277/2465/2249 2284/2475/2256
f 541/539/532 543/2480/2260 2286/2476/2258
f 2284/2472/2256 2285/2473/2257 539/2477/530
f 2286/2476/2258 3330/2479/2259 2281/2470/2254
f 3330/2479/2259 2286/2476/2258 543/2480/2260
f 544/540/533 2289/2482/2262 2288/2481/2261
f 2289/2482/2262 2290/2485/2265 2291/2483/2263
f 2292/2484/2264 2293/2487/2267 2291/2483/2263
f 2292/2484/2264 2294/2488/2268 2295/2486/2266
f 2294/2488/2268 2296/2490/2270 2297/2489/2269
f 2296/2490/2270 1023/1015/993 1026/1017/995
f 1040/1038/1014 1041/1037/1013 2298/2491/2271
f 2299/2493/2272 1025/1016/994 1024/1014/992
f 1041/1037/1013 1047/1043/1019 2300/2495/2273
f 2300/2495/2273 1047/1043/1019 1048/1044/1020
f 1049/1045/1021 2302/2497/2275 2301/2496/2274
f 2302/2497/2275 1049/1045/1021 1043/1046/1022
f 1042/1039/1015 2304/2499/2277 2303/2498/2276
f 2304/2499/2277 1042/1039/1015 620/1034/1011
f 1023/1015/993 2296/2490/2270 2305/2500/2278
f 2296/2490/2270 2294/2488/2268 2306/2501/2279
f 2306/2501/2279 2294/2488/2268 2292/2484/2264
f 2290/2485/2265 2308/2503/2281 2307/2502/2280
f 2308/2503/2281 2290/2485/2265 2289/2482/2262
f 1020/2505/2283 2310/2506/2284 1055/1050/1026
f 2310/2506/2284 2311/2507/2285 1059/1053/1029
f 2310/2506/2284 1020/2505/2283 2305/2500/2278
f 1020/2505/2283 1018/1010/988 1022/1013/991
f 2306/2501/2279 2307/2502/2280 2311/2507/2285
f 2307/2502/2280 2308/2503/2281 2312/2508/2286
f 1058/1054/1030 1059/1053/1029 2314/2509/2287
f 2316/2511/2289 2315/2516/2294 2313/2510/2288
f 2314/2509/2287 2312/2508/2286 2317/2512/2290
f 2308/2503/2281 2309/2504/2282 2317/2512/2290
f 2314/2509/2287 1059/1053/1029 2311/2507/2285
f 2317/2512/2290 2309/2504/2282 2318/2513/2291
f 542/541/534 540/538/531 2319/2514/2292
f 2309/2504/2282 2289/2482/2262 544/540/533
f 2319/2514/2292 2320/2515/2293 2316/2511/2289
f 2320/2515/2293 2321/2440/2226 2315/2516/2294
f 2313/2510/2288 2322/2518/2295 1060/2517/1032
f 2322/2518/2295 2313/2510/2288 2323/2519/2296
f 2325/2439/2225 2326/3574/3246 2324/2520/2297
f 2323/2519/2296 2315/2516/2294 2321/2440/2226
f 528/525/520 527/527/521 2255/2441/2227
f 528/525/520 2321/2440/2226 2320/2515/2293
f 2320/2515/2293 2319/2514/2292 540/538/531
f 1136/2521/2298 1135/1139/1105 2261/2522/2299
f 1137/1140/1106 2327/2523/2300 2328/2524/2301
f 2329/2525/2302 1139/1142/1108 1138/1141/1107
f 1139/1142/1108 2329/2525/2302 2330/2526/2303
f 2331/2528/2305 1966/2079/1944 1140/2527/2304
f 2331/2528/2305 2332/2530/2307 1965/2078/1943
f 2333/2529/2306 1964/2077/1942 1965/2078/1943
f 1964/2077/1942 2333/2529/2306 2334/2531/2308
f 2334/2531/2308 2335/2532/2309 1962/2074/1939
f 2335/2532/2309 2336/2604/2375 1961/2075/1940
f 1958/2066/1935 2338/2534/2311 2337/2533/2310
f 2338/2534/2311 2340/2537/2314 2339/2535/2312
f 2342/2536/2313 2341/2539/2316 2339/2535/2312
f 2342/2536/2313 2344/4926/2318 2343/2538/2315
f 2346/2540/2317 2345/2557/2330 2343/2541/2315
f 2344/2542/2318 1819/2073/1938 1961/2075/1940
f 1819/2543/1938 2344/4926/2318 2342/2536/2313
f 2340/2537/2314 1821/1885/1787 1820/1882/1785
f 1822/1887/1788 1821/1885/1787 2338/2534/2311
f 2347/2544/2319 2348/2545/2320 2341/2539/2316
f 2348/2545/2320 2347/2544/2319 2349/2546/2321
f 2351/2548/2323 2352/2553/2328 2350/2547/2322
f 2358/2551/2326 2356/2564/2335 2354/2552/2327
f 2352/2553/2328 2351/2548/2323 2357/2550/2325
f 2353/2549/2324 2355/4927/2334 2358/2551/2326
f 2360/2554/2329 2359/2558/2331 2349/2555/2321
f 2347/2556/2319 2343/2541/2315 2345/2557/2330
f 2359/2558/2331 2361/2560/2332 2351/2559/2323
f 2361/2560/2332 2362/2606/2377 2353/2561/2324
f 2353/2561/2324 2362/2606/2377 2363/2562/2333
f 2356/2564/2335 2364/2567/2338 2365/2565/2336
f 2366/2566/2337 2352/2553/2328 2354/2552/2327
f 2364/2567/2338 2367/4928/2494 2368/2568/2339
f 2368/2568/2339 2367/4928/2494 2369/2569/2340
f 2371/2571/2342 2372/2575/2346 2370/2570/2341
f 2365/2565/2336 2368/2568/2339 2373/2572/2343
f 2368/2568/2339 2370/2570/2341 2374/2573/2344
f 2370/2570/2341 2372/2575/2346 2375/2574/2345
f 2372/2575/2346 2377/2577/2348 2376/2576/2347
f 2377/2577/2348 2372/2575/2346 2371/2571/2342
f 2378/2578/2349 2379/2581/2352 2380/2579/2350
f 2377/2577/2348 2380/2579/2350 2381/2580/2351
f 2379/2581/2352 2382/2627/2396 2383/2582/2353
f 2384/2583/2354 2381/2580/2351 2380/2579/2350
f 2386/2584/2355 2385/2585/2356 1951/2057/1928
f 2385/2585/2356 2386/2584/2355 2388/2586/2357
f 2376/2576/2347 2381/2580/2351 2387/2587/2358
f 2389/2588/2359 2390/2591/2362 2398/2589/2360
f 2390/2591/2362 2391/2593/2364 2399/2592/2363
f 2391/2593/2364 2392/2599/2370 2400/2594/2365
f 2393/2595/2366 2394/2596/2367 2374/2573/2344
f 2394/2596/2367 2395/2597/2368 2373/2572/2343
f 2395/2597/2368 2396/2598/2369 2366/2566/2337
f 2397/2590/2361 2398/2589/2360 2394/2596/2367
f 2398/2589/2360 2399/2592/2363 2395/2597/2368
f 2399/2592/2363 2400/2594/2365 2396/2598/2369
f 2400/2594/2365 2348/2545/2320 2350/2547/2322
f 2352/2553/2328 2366/2566/2337 2396/2598/2369
f 2375/2574/2345 2376/2576/2347 2388/2586/2357
f 2386/2584/2355 2397/2590/2361 2393/2595/2366
f 2397/2590/2361 2386/2584/2355 1952/2060/1930
f 2392/2599/2370 2341/2539/2316 2348/2545/2320
f 2392/2599/2370 2391/2593/2364 2337/2533/2310
f 1959/2069/1936 2337/2533/2310 2391/2593/2364
f 1960/2072/1937 1959/2069/1936 2390/2591/2362
f 2402/2600/2371 2401/2605/2376 2361/2560/2332
f 2359/2558/2331 2360/2554/2329 2403/2601/2372
f 2360/2554/2329 2345/2557/2330 2404/2602/2373
f 2345/2557/2330 2346/2540/2317 2405/2603/2374
f 2346/2540/2317 1961/2075/1940 2336/2604/2375
f 2401/2605/2376 2406/2608/2379 2362/2606/2377
f 2407/2607/2378 2363/2562/2333 2362/2606/2377
f 2407/2607/2378 2358/2609/2326 2355/2563/2334
f 2358/2609/2326 2407/2607/2378 2408/2610/2380
f 2407/2607/2378 2406/2608/2379 2409/2612/2381
f 2406/2608/2379 2401/2605/2376 2410/2613/2382
f 2401/2605/2376 2402/2600/2371 2411/2614/2383
f 2402/2600/2371 2403/2601/2372 2412/2615/2384
f 2403/2601/2372 2404/2602/2373 2413/2616/2385
f 2404/2602/2373 2405/2603/2374 2414/2617/2386
f 2405/2603/2374 2336/2604/2375 2415/2618/2387
f 1950/2056/1927 2416/2620/2389 2417/2619/2388
f 2416/2620/2389 2418/2622/2391 2419/2621/2390
f 2418/2622/2391 2420/2624/2393 2421/2623/2392
f 2420/2624/2393 2422/2630/2399 2423/2625/2394
f 1951/2057/1928 2385/2585/2356 2428/2626/2395
f 2383/2582/2353 2424/2628/2397 2420/2624/2393
f 2382/2627/2396 2425/4929/2495 2424/2628/2397
f 2424/2628/2397 2425/4929/2495 2426/2629/2398
f 2416/2620/2389 2428/2626/2395 2429/2631/2400
f 2384/2583/2354 2420/2624/2393 2418/2622/2391
f 2428/2626/2395 2385/2585/2356 2387/2587/2358
f 2381/2580/2351 2384/2583/2354 2429/2631/2400
f 2422/2630/2399 2426/2629/2398 2427/2632/2401
f 2430/2633/2402 2445/2649/2418 2444/2634/2403
f 2443/2636/2405 2434/2691/2460 2433/2635/2404
f 2462/2637/2406 2467/2640/2409 2466/2638/2407
f 2467/2640/2409 2462/2637/2406 2461/2641/2410
f 2463/2639/2408 2466/2638/2407 2465/2643/2412
f 2449/2645/2414 2448/2650/2419 2447/2646/2415
f 2446/2648/2417 2451/2655/2424 2450/2647/2416
f 2445/2649/2418 2446/2648/2417 2447/2646/2415
f 2448/2650/2419 2443/2636/2405 2444/2634/2403
f 2455/2651/2420 2454/2656/2425 2453/2652/2421
f 2452/2654/2423 2457/2662/2431 2456/2653/2422
f 2451/2655/2424 2452/2654/2423 2453/2652/2421
f 2454/2656/2425 2449/2645/2414 2450/2647/2416
f 2432/2657/2426 2435/2686/2455 2460/2658/2427
f 2431/2660/2429 2432/2657/2426 2459/2659/2428
f 2457/2662/2431 2458/2661/2430 2459/2659/2428
f 2460/2658/2427 2455/2651/2420 2456/2653/2422
f 2462/2637/2406 2436/2664/2433 2440/2663/2432
f 2436/2664/2433 2462/2637/2406 2463/2639/2408
f 2437/2665/2434 2463/2639/2408 2464/2644/2413
f 2471/2667/2436 2474/2671/2440 2473/2668/2437
f 2470/2670/2439 2475/2672/2441 2474/2671/2440
f 2475/2672/2441 2470/2670/2439 2469/2673/2442
f 2470/2670/2439 2467/2640/2409 2468/2642/2411
f 2467/2640/2409 2470/2670/2439 2471/2667/2436
f 2466/2638/2407 2471/2667/2436 2472/2669/2438
f 2479/2675/2444 2482/2679/2448 2481/2676/2445
f 2478/2678/2447 2483/2680/2449 2482/2679/2448
f 2483/2680/2449 2478/2678/2447 2477/2681/2450
f 2478/2678/2447 2475/2672/2441 2476/2674/2443
f 2475/2672/2441 2478/2678/2447 2479/2675/2444
f 2474/2671/2440 2479/2675/2444 2480/2677/2446
f 2482/2679/2448 2438/2684/2453 2442/2683/2452
f 2483/2680/2449 2439/2685/2454 2438/2684/2453
f 2439/2685/2454 2483/2680/2449 2484/2682/2451
f 2409/2612/2381 2410/2613/2382 2446/2648/2417
f 2410/2613/2382 2411/2614/2383 2451/2655/2424
f 2411/2614/2383 2412/2615/2384 2452/2654/2423
f 2412/2615/2384 2413/2616/2385 2457/2662/2431
f 2413/2616/2385 2414/2617/2386 2458/2661/2430
f 2414/2617/2386 2415/2618/2387 2431/2660/2429
f 2408/2610/2380 2409/2612/2381 2445/2649/2418
f 2485/2687/2456 2486/2688/2457 2461/2641/2410
f 2486/2688/2457 2485/2687/2456 2487/2689/2458
f 2434/2691/2460 2443/2636/2405 2488/2690/2459
f 2454/2656/2425 2455/2651/2420 2477/2681/2450
f 2455/2651/2420 2460/2658/2427 2484/2682/2451
f 2443/2636/2405 2448/2650/2419 2489/2692/2461
f 2448/2650/2419 2449/2645/2414 2490/2693/2462
f 2449/2645/2414 2454/2656/2425 2476/2674/2443
f 2489/2692/2461 2490/2693/2462 2469/2673/2442
f 2486/2688/2457 2489/2692/2461 2468/2642/2411
f 2492/2694/2463 2491/2695/2464 2481/2676/2445
f 2491/2695/2464 2492/2694/2463 2494/2696/2465
f 1105/1102/1074 1107/3060/2797 2493/2697/2466
f 1098/1094/1066 1101/1100/1072 2495/2698/2467
f 1087/1083/1055 1098/1094/1066 2496/1097/1069
f 1088/2699/2468 1087/1083/1055 2497/1095/1067
f 2506/2700/2469 2505/2706/2475 2504/2701/2470
f 2506/2700/2469 2503/2702/2471 2502/2703/2472
f 2503/2702/2471 2492/2694/2463 2442/2683/2452
f 2492/2694/2463 2503/2702/2471 2504/2701/2470
f 2500/2705/2474 2499/2932/2676 2505/2706/2475
f 2506/2700/2469 2507/2704/2473 2501/2707/2476
f 2494/2696/2465 2504/2701/2470 1103/1103/1075
f 1103/1103/1075 2504/2701/2470 2505/2706/2475
f 2505/2706/2475 2499/2932/2676 1101/1100/1072
f 2439/2685/2454 2509/2709/2478 2508/2708/2477
f 2509/2709/2478 2511/2714/2483 2510/2710/2479
f 2502/2703/2472 2442/2683/2452 2438/2684/2453
f 2508/2708/2477 2510/2710/2479 2507/2704/2473
f 2514/2712/2481 2513/2713/2482 2512/2711/2480
f 2513/2713/2482 2515/2919/2663 2501/2707/2476
f 2514/2712/2481 2510/2710/2479 2511/2714/2483
f 2524/2716/2485 2517/2721/2490 2518/2717/2486
f 2525/2718/2487 2518/2717/2486 2519/2719/2488
f 2517/2721/2490 2524/2716/2485 2523/2722/2491
f 2520/2723/2492 2666/2901/2645 2665/2724/2493
f 2524/2716/2485 2431/2660/2429 2415/2618/2387
f 2431/2660/2429 2524/2716/2485 2525/2718/2487
f 2432/2657/2426 2525/2718/2487 2526/2720/2489
f 2523/2722/2491 2335/2532/2309 2334/2531/2308
f 2335/2532/2309 2523/2722/2491 2415/2618/2387
f 2509/2709/2478 2439/2685/2454 2435/2686/2455
f 2511/2714/2483 2509/2709/2478 2526/2720/2489
f 2408/2610/2380 2430/2633/2402 2364/2725/2338
f 2367/2726/2494 2364/2725/2338 2430/2633/2402
f 2367/2726/2494 2433/2635/2404 2434/2691/2460
f 2487/2689/2458 2371/2728/2342 2369/2727/2340
f 2371/2728/2342 2487/2689/2458 2485/2687/2456
f 2485/2687/2456 2440/2663/2432 2379/2730/2352
f 2440/2663/2432 2436/2664/2433 2382/2731/2396
f 2436/2664/2433 2437/2665/2434 2425/2732/2495
f 2425/2732/2495 2437/2665/2434 2441/2666/2435
f 2426/2733/2398 2441/2666/2435 2527/2734/2496
f 2441/2666/2435 2464/2644/2413 2528/2736/2497
f 2464/2644/2413 2465/2643/2412 2529/2737/2498
f 2529/2737/2498 2465/2643/2412 2472/2669/2438
f 2472/2669/2438 2473/2668/2437 2531/2739/2500
f 2582/2740/2501 2581/2803/2558 2778/2741/2502
f 2481/2676/2445 2491/2695/2464 2583/2743/2504
f 2533/2744/2505 2534/2745/2506 2423/2625/2394
f 2534/2745/2506 2533/2744/2505 2538/2746/2507
f 2537/2747/2508 2538/2746/2507 2536/2748/2509
f 2536/2750/2509 2540/2753/2512 2539/2751/2511
f 2540/2753/2512 2542/2755/2514 2541/2754/2513
f 2536/2750/2509 2538/2757/2507 2542/2755/2514
f 2543/2756/2515 2542/2755/2514 2538/2757/2507
f 2543/2756/2515 2544/2759/2516 2541/2754/2513
f 2527/2734/2496 2528/2736/2497 2544/2759/2516
f 2427/2735/2401 2527/2734/2496 2543/2756/2515
f 1949/2054/1926 2545/2761/2518 2546/2760/2517
f 2545/2761/2518 2547/2765/2522 2548/2762/2519
f 2548/2762/2519 2547/2765/2522 2549/2763/2520
f 2547/2765/2522 2545/2761/2518 2417/2619/2388
f 2419/2621/2390 2421/2623/2392 2551/2766/2523
f 2551/2766/2523 2534/2745/2506 2537/2747/2508
f 2551/2766/2523 2552/2767/2524 2549/2763/2520
f 2534/2745/2506 2551/2766/2523 2421/2623/2392
f 2535/2749/2510 2553/2768/2525 2552/2767/2524
f 2553/2768/2525 2554/2769/2526 2549/2763/2520
f 2553/2770/2525 2535/2752/2510 2539/2751/2511
f 2555/2771/2527 2556/2774/2529 2554/2772/2526
f 2555/2771/2527 2558/2775/2530 2557/2773/2528
f 2539/2751/2511 2541/2754/2513 2558/2775/2530
f 2820/2776/2531 1113/1112/1084 1096/1092/1064
f 2566/2782/2537 2565/2785/2540 2564/2783/2538
f 2565/2785/2540 2567/2787/2542 2568/2786/2541
f 2567/2787/2542 2569/3004/2741 2570/2788/2543
f 2571/2789/2544 2562/2790/2545 2564/2783/2538
f 2562/2790/2545 2571/2789/2544 2572/2791/2546
f 2529/2737/2498 2530/2738/2499 2560/2792/2547
f 2565/2785/2540 2566/2782/2537 2573/2793/2548
f 2576/2795/2550 2575/2798/2553 2563/2784/2539
f 2561/2796/2551 2559/3106/2835 2577/2797/2552
f 2578/2799/2554 2573/2793/2548 2566/2782/2537
f 1113/1112/1084 2820/2776/2531 2580/2802/2557
f 2581/2803/2558 2582/2740/2501 2814/2805/2560
f 1114/1110/1082 2580/2802/2557 2579/2804/2559
f 2586/2806/2561 2587/3049/2786 2764/2807/2562
f 2795/2812/2567 2794/3013/2750 2765/2813/2568
f 2769/2815/2570 2766/3015/2752 2797/2816/2571
f 2574/2794/2549 2588/4930/4455 2567/2787/2542
f 2557/2773/2528 2571/2789/2544 2568/2786/2541
f 2571/2789/2544 2557/2773/2528 2589/2818/2573
f 2529/2737/2498 2572/2791/2546 2589/2818/2573
f 2544/2759/2516 2589/2818/2573 2558/2775/2530
f 2590/2819/2574 2591/2853/2602 2592/2820/2575
f 2592/2820/2575 2594/2823/2578 2595/2822/2577
f 2594/2823/2578 2597/2826/2581 2596/2824/2579
f 2598/2825/2580 2599/2827/2582 2596/2824/2579
f 2599/2827/2582 2598/2825/2580 2601/2828/2583
f 2602/2830/2585 1843/1922/1809 2600/2829/2584
f 1843/1922/1809 2602/2830/2585 2603/2831/2586
f 2603/2831/2586 2604/2832/2587 1839/1916/1805
f 2604/2832/2587 2605/2811/2566 1838/1914/1804
f 2605/2811/2566 2606/2810/2565 1837/1911/1802
f 2607/2833/2588 1837/1911/1802 2606/2810/2565
f 2609/2835/2590 2610/4931/2596 2590/2819/2574
f 2593/2821/2576 2595/2822/2577 2611/2836/2591
f 2596/2824/2579 2612/2838/2593 2611/2836/2591
f 2596/2824/2579 2599/2827/2582 2613/2837/2592
f 2599/2827/2582 2600/2829/2584 2614/2839/2594
f 2614/2839/2594 2600/2829/2584 1843/1922/1809
f 2616/2841/2595 2615/2872/2601 2610/2842/2596
f 2618/2844/2597 2616/2841/2595 2609/2843/2590
f 2620/2846/2598 2618/2844/2597 2611/2845/2591
f 2622/2848/2599 2620/2846/2598 2612/2847/2593
f 2624/2850/2600 2622/2848/2599 2613/2849/2592
f 1695/1750/1670 2624/2850/2600 2614/2851/2594
f 2590/2819/2574 2610/4931/2596 2615/2852/2601
f 2615/2852/2601 2623/2855/2604 2625/2854/2603
f 2623/2855/2604 2619/2857/2606 2621/2856/2605
f 2619/2857/2606 2626/2860/2609 2617/2858/2607
f 2628/2859/2608 2627/2971/2713 2617/2858/2607
f 2591/2853/2602 2625/2854/2603 2629/2861/2610
f 2625/2854/2603 2621/2856/2605 2630/2862/2611
f 2621/2856/2605 2617/2858/2607 2631/2863/2612
f 2617/2858/2607 2627/2971/2713 2632/2864/2613
f 2626/2865/2609 2634/2869/2616 2633/2866/2614
f 2626/2865/2609 2619/2870/2606 2635/2868/2615
f 2619/2870/2606 2623/2873/2604 2636/2871/2617
f 2615/2872/2601 2616/2841/2595 2636/2871/2617
f 2518/2717/2486 2517/2721/2490 2637/2874/2618
f 2638/2875/2619 2639/2900/2644 2519/2719/2488
f 2519/2719/2488 2639/2900/2644 2516/2715/2484
f 2660/2876/2620 2654/2898/2642 2653/2877/2621
f 2661/2878/2622 2653/2877/2621 2652/2879/2623
f 2651/2881/2625 2663/2883/2627 2662/2880/2624
f 2651/2881/2625 2650/2899/2643 2664/2882/2626
f 2646/2884/2628 2645/2916/2660 2644/2885/2629
f 2646/2884/2628 2643/2886/2630 2642/2887/2631
f 2641/2889/2633 2648/2890/2634 2647/2888/2632
f 2648/2890/2634 2641/2889/2633 2640/2891/2635
f 2658/2893/2637 2643/2886/2630 2644/2885/2629
f 2643/2886/2630 2658/2893/2637 2657/2895/2639
f 2656/2896/2640 2641/2889/2633 2642/2887/2631
f 2655/2897/2641 2640/2891/2635 2641/2889/2633
f 2654/2898/2642 2655/2897/2641 2656/2896/2640
f 2653/2877/2621 2656/2896/2640 2657/2895/2639
f 2658/2893/2637 2651/2881/2625 2652/2879/2623
f 2651/2881/2625 2658/2893/2637 2659/2894/2638
f 2637/2874/2618 2660/2876/2620 2661/2878/2622
f 2638/2875/2619 2661/2878/2622 2662/2880/2624
f 2663/2883/2627 2516/2715/2484 2639/2900/2644
f 2663/2883/2627 2664/2882/2626 2514/2712/2481
f 2666/2901/2645 2668/2903/2647 2667/2902/2646
f 2668/2903/2647 2670/2905/2649 2669/2904/2648
f 2670/2905/2649 2672/2929/2673 2671/2906/2650
f 2671/2906/2650 2640/2891/2635 2655/2897/2641
f 2654/2898/2642 2667/2902/2646 2669/2904/2648
f 2667/2902/2646 2654/2898/2642 2660/2876/2620
f 2637/2874/2618 2517/2721/2490 2665/2724/2493
f 2692/2909/2653 2674/2908/2652 2675/2910/2654
f 2690/2912/2656 2646/2884/2628 2647/2888/2632
f 2676/2913/2657 2677/2927/2671 2689/2914/2658
f 2688/2915/2659 2678/2924/2668 2645/2916/2660
f 2645/2916/2660 2678/2924/2668 2680/2917/2661
f 2680/2917/2661 2681/2918/2662 2659/2894/2638
f 2681/2918/2662 2682/2920/2664 2650/2899/2643
f 2515/2919/2663 2664/2882/2626 2650/2899/2643
f 2664/2882/2626 2515/2919/2663 2513/2713/2482
f 2515/2919/2663 2682/2920/2664 2683/2921/2665
f 2683/2921/2665 2682/2920/2664 2681/2918/2662
f 2680/2917/2661 2685/2923/2667 2684/2922/2666
f 2679/2925/2669 2686/3158/2887 2687/2926/2670
f 2678/2924/2668 2688/2915/2659 2687/2926/2670
f 2646/2884/2628 2690/2912/2656 2689/2914/2658
f 2679/2925/2669 2688/2915/2659 2689/2914/2658
f 2676/2913/2657 2690/2912/2656 2691/2911/2655
f 2648/2890/2634 2692/2909/2653 2691/2911/2655
f 2649/2892/2636 2522/2907/2651 2692/2909/2653
f 2521/2928/2672 2673/2930/2674 2671/2906/2650
f 2673/2930/2674 2522/2907/2651 2649/2892/2636
f 2684/2922/2666 2499/2932/2676 2500/2705/2474
f 2684/2922/2666 2685/2923/2667 2694/2931/2675
f 2694/2931/2675 2495/2698/2467 1101/1100/1072
f 2687/2926/2670 2686/3158/2887 2693/2933/2677
f 2705/2934/2678 2696/2938/2682 2695/2935/2679
f 2693/2933/2677 1100/1098/1070 2495/2698/2467
f 2704/2937/2681 2697/2940/2684 2696/2938/2682
f 2700/2939/2683 2699/4932/2709 2695/2935/2679
f 2695/2935/2679 2699/4932/2709 2703/2942/2686
f 2702/2943/2687 2703/2942/2686 2628/2867/2608
f 2710/2944/2688 2709/2949/2693 2708/2945/2689
f 2711/2946/2690 2708/2945/2689 2707/2947/2691
f 2708/2945/2689 2705/2934/2678 2706/2936/2680
f 2709/2949/2693 2704/2937/2681 2705/2934/2678
f 2716/2950/2694 2715/2955/2699 2714/2951/2695
f 2717/2952/2696 2714/2951/2695 2713/2953/2697
f 2714/2951/2695 2711/2946/2690 2712/2948/2692
f 2715/2955/2699 2710/2944/2688 2711/2946/2690
f 2698/2061/1931 2716/2950/2694 2717/2952/2696
f 1692/1746/1668 2717/2952/2696 2718/2954/2698
f 2622/2848/2599 2624/2850/2600 2722/2956/2700
f 2713/2953/2697 2712/2948/2692 2723/2958/2702
f 2719/2959/2703 2618/2844/2597 2620/2846/2598
f 2622/2848/2599 2721/2957/2701 2720/2960/2704
f 2719/2959/2703 2720/2960/2704 2723/2958/2702
f 2721/2957/2701 2722/2956/2700 2718/2954/2698
f 2724/2961/2705 2723/2958/2702 2712/2948/2692
f 2618/2844/2597 2719/2959/2703 2725/2962/2706
f 2724/2961/2705 2726/2963/2707 2725/2962/2706
f 2707/2947/2691 2706/2936/2680 2726/2963/2707
f 2722/2956/2700 1694/1748/1669 1693/1745/1667
f 1694/1748/1669 2722/2956/2700 2624/2850/2600
f 2635/2868/2615 2725/2962/2706 2726/2963/2707
f 2706/2936/2680 2702/2943/2687 2633/2866/2614
f 2728/2964/2708 2727/2970/2712 2703/2965/2686
f 2699/2966/2709 2700/2968/2683 2729/2967/2710
f 2700/2968/2683 2701/4933/2685 2730/2969/2711
f 2727/2970/2712 2627/2971/2713 2628/2859/2608
f 2627/2971/2713 2727/2970/2712 2731/2972/2714
f 2731/2972/2714 2727/2970/2712 2728/2964/2708
f 2728/2964/2708 2729/2967/2710 2733/2974/2716
f 2729/2967/2710 2730/2969/2711 2734/2975/2717
f 2730/2969/2711 2701/4933/2685 2735/2976/2718
f 2738/2978/2720 2737/2980/2722 2736/2977/2719
f 2736/2977/2719 2739/2979/2721 2734/2975/2717
f 2739/2979/2721 2736/2977/2719 2737/2980/2722
f 2738/2982/2720 2735/2985/2718 2742/2983/2724
f 2701/2941/2685 2697/2940/2684 2742/2983/2724
f 2740/2981/2723 2737/2980/2722 2738/2978/2720
f 2746/2987/2726 2745/2991/2730 2550/2764/2521
f 2743/2989/2728 1946/1997/1878 1948/2053/1925
f 2744/2990/2729 2743/2989/2728 2546/2760/2517
f 2745/2991/2730 2744/2990/2729 2548/2762/2519
f 2749/2992/2731 2748/2993/2732 2741/2984/2725
f 2746/2987/2726 2747/2988/2727 2748/2993/2732
f 2745/2991/2730 2746/2987/2726 2750/2994/2733
f 1946/1997/1878 2743/2989/2728 2752/2996/2735
f 2743/2989/2728 2744/2990/2729 2753/2998/2737
f 2744/2990/2729 2745/2991/2730 2754/2995/2734
f 2752/2996/2735 2753/2998/2737 2710/2944/2688
f 2709/2949/2693 2710/2944/2688 2753/2998/2737
f 2750/2994/2733 2704/2937/2681 2709/2949/2693
f 2751/2997/2736 2752/2996/2735 2715/2955/2699
f 2716/2950/2694 2698/2061/1931 1912/2046/1920
f 1697/2008/1887 2698/2061/1931 1691/1743/1666
f 2742/2983/2724 2697/2940/2684 1954/2999/2738
f 2750/2994/2733 2746/2987/2726 2749/2992/2731
f 1954/2999/2738 2697/2940/2684 2704/2937/2681
f 2741/2986/2725 2748/3001/2732 2755/3000/2739
f 2748/3001/2732 2747/3003/2727 2756/3002/2740
f 2747/3003/2727 2554/2772/2526 2556/2774/2529
f 2569/3004/2741 2757/3005/2742 2756/3002/2740
f 2833/3006/2743 2836/3064/2801 2835/3007/2744
f 2757/3005/2742 2569/3004/2741 2760/3009/2746
f 2567/2787/2542 2588/4930/4455 2760/3009/2746
f 2835/3007/2744 2826/3045/2782 2828/3011/2748
f 2767/2814/2569 2769/2815/2570 2796/2817/2572
f 2794/3013/2750 2793/3038/2775 2772/3014/2751
f 2765/2813/2568 2772/3014/2751 2631/2863/2612
f 2632/2864/2613 2731/2972/2714 2767/2814/2569
f 2731/2972/2714 2732/2973/2715 2769/2815/2570
f 2732/2973/2715 2733/2974/2716 2766/3015/2752
f 2763/2808/2563 2764/2807/2562 2773/3016/2753
f 2764/2807/2562 2771/2809/2564 2774/3018/2755
f 2771/2809/2564 2605/2811/2566 2604/2832/2587
f 2768/3017/2754 2773/3016/2753 2776/3019/2756
f 2787/3021/2758 2766/3015/2752 2733/2974/2716
f 2773/3016/2753 2774/3018/2755 2775/3022/2759
f 2777/3020/2757 2776/3019/2756 2780/3023/2760
f 2777/3020/2757 2781/3024/2761 2782/3025/2762
f 2776/3019/2756 2775/3022/2759 2779/3026/2763
f 2781/3024/2761 2780/3023/2760 2784/3027/2764
f 2785/3028/2765 2786/3034/2771 2782/3025/2762
f 2801/3029/2766 2792/3037/2774 2797/2816/2571
f 2780/3023/2760 2779/3026/2763 2783/3031/2768
f 2785/3028/2765 2784/3027/2764 2789/3032/2769
f 2790/3033/2770 2791/3036/2773 2786/3034/2771
f 2766/3015/2752 2787/3021/2758 2770/3030/2767
f 2784/3027/2764 2783/3031/2768 2788/3035/2772
f 2790/3033/2770 2789/3032/2769 2794/3013/2750
f 2795/2812/2567 2796/2817/2572 2791/3036/2773
f 2796/2817/2572 2797/2816/2571 2792/3037/2774
f 2789/3032/2769 2788/3035/2772 2793/3038/2775
f 2597/2826/2581 2798/3040/2777 2799/3039/2776
f 2798/3040/2777 2793/3038/2775 2788/3035/2772
f 2602/2830/2585 2779/3026/2763 2775/3022/2759
f 2774/3018/2755 2604/2832/2587 2603/2831/2586
f 2594/2823/2578 2800/3041/2778 2798/3040/2777
f 2800/3041/2778 2772/3014/2751 2793/3038/2775
f 2629/2861/2610 2800/3041/2778 2594/2823/2578
f 2630/2862/2611 2631/2863/2612 2772/3014/2751
f 2783/3031/2768 2601/2828/2583 2598/2825/2580
f 2601/2828/2583 2783/3031/2768 2779/3026/2763
f 2762/3042/2779 2801/3029/2766 2770/3030/2767
f 2825/3044/2781 2827/3068/2805 2826/3045/2782
f 2825/3044/2781 1096/1092/1064 1083/1081/1053
f 2802/3047/2784 2761/3043/2780 2770/3030/2767
f 2802/3047/2784 2787/3021/2758 2734/2975/2717
f 2758/3010/2747 2759/3048/2785 2755/3000/2739
f 2759/3048/2785 2739/2979/2721 2740/2981/2723
f 2803/2781/2536 2778/2741/2502 2581/2803/2558
f 2803/2781/2536 2763/2808/2563 2768/3017/2754
f 2777/3020/2757 2821/2742/2503 2778/2741/2502
f 2771/2809/2564 2764/2807/2562 2587/3049/2786
f 2782/3025/2762 2815/2800/2555 2532/2778/2533
f 2804/3051/2788 2805/3052/2789 2801/3029/2766
f 2805/3052/2789 2806/3053/2790 2792/3037/2774
f 2806/3053/2790 2786/3034/2771 2791/3036/2773
f 1112/1108/1080 1114/1110/1082 2814/2805/2560
f 1110/1107/1079 1112/1108/1080 2813/3054/2791
f 1108/1104/1076 1110/1107/1079 2812/3055/2792
f 2810/3057/2794 2807/3108/2837 2808/3058/2795
f 1107/3060/2797 2810/3057/2794 2809/3059/2796
f 2583/2743/2504 2491/2695/2464 2493/2697/2466
f 2763/2808/2563 2803/2781/2536 2584/2780/2535
f 2818/3061/2798 2817/3063/2800 2804/3051/2788
f 2817/3063/2800 2816/2801/2556 2805/3052/2789
f 2805/3052/2789 2816/2801/2556 2815/2800/2555
f 2813/3054/2791 2814/2805/2560 2532/2778/2533
f 2812/3055/2792 2813/3054/2791 2816/2801/2556
f 2811/3056/2793 2812/3055/2792 2817/3063/2800
f 1107/3060/2797 1108/1104/1076 2811/3056/2793
f 2818/3061/2798 2807/3108/2837 2810/3057/2794
f 2786/3034/2771 2806/3053/2790 2815/2800/2555
f 2837/3012/2749 2830/3066/2803 2831/3008/2745
f 2826/3045/2782 2835/3007/2744 2836/3064/2801
f 2832/3065/2802 2834/3069/2806 2833/3006/2743
f 2832/3065/2802 2831/3008/2745 2830/3066/2803
f 2823/2777/2532 2836/3064/2801 2833/3006/2743
f 2820/2776/2531 2834/3069/2806 2838/3070/2807
f 2839/3071/2808 2579/2804/2559 2580/2802/2557
f 2839/3071/2808 2840/3073/2810 2822/2779/2534
f 2841/3072/2809 2584/2780/2535 2822/2779/2534
f 2584/2780/2535 2841/3072/2809 2842/3074/2811
f 2844/3075/2812 2843/3077/2814 2842/3074/2811
f 2841/3072/2809 2840/3073/2810 2845/3076/2813
f 2840/3073/2810 2839/3071/2808 2838/3070/2807
f 2845/3076/2813 2838/3070/2807 2834/3069/2806
f 2832/3065/2802 2829/3067/2804 2844/3075/2812
f 2842/3074/2811 2843/3077/2814 2846/3078/2815
f 2586/2806/2561 2846/3078/2815 2847/3079/2816
f 2608/2834/2589 2606/2810/2565 2587/3049/2786
f 2849/3080/2817 2848/3102/2831 2847/3081/2816
f 2849/3080/2817 2846/3082/2815 2843/3083/2814
f 2843/3083/2814 2829/3086/2804 2851/3085/2819
f 2829/3086/2804 2830/3088/2803 2852/3087/2820
f 2830/3088/2803 2837/3090/2749 2853/3089/2821
f 2837/3090/2749 2828/3093/2748 2854/3091/2822
f 2827/3092/2805 2855/3099/2828 2854/3091/2822
f 2857/3094/2823 2856/3101/2830 2849/3080/2817
f 2850/3084/2818 2851/3085/2819 2858/3095/2824
f 2851/3085/2819 2852/3087/2820 2859/3096/2825
f 2852/3087/2820 2853/3089/2821 2860/3097/2826
f 2853/3089/2821 2854/3091/2822 2861/3098/2827
f 2861/3098/2827 2854/3091/2822 2855/3099/2828
f 2856/3101/2830 2863/3789/3473 2848/3102/2831
f 1084/3103/2832 2864/3104/2833 2865/3046/2783
f 2864/3104/2833 2866/3172/2901 2867/3105/2834
f 2825/3044/2781 2865/3046/2783 2867/3105/2834
f 2530/2738/2499 2531/2739/2500 2559/3106/2835
f 2561/2796/2551 2562/2790/2545 2560/2792/2547
f 2562/2790/2545 2561/2796/2551 2563/2784/2539
f 2531/2739/2500 2824/3107/2836 2808/3058/2795
f 2473/2668/2437 2480/2677/2446 2824/3107/2836
f 2809/3059/2796 2808/3058/2795 2824/3107/2836
f 2807/3108/2837 2868/3109/2838 2577/2797/2552
f 2868/3109/2838 2807/3108/2837 2818/3061/2798
f 2762/3042/2779 2585/3050/2787 2819/3062/2799
f 2578/2799/2554 2868/3109/2838 2819/3062/2799
f 2869/3110/2839 2585/3050/2787 2762/3042/2779
f 2802/3047/2784 2871/3112/2841 2870/3111/2840
f 2802/3047/2784 2739/2979/2721 2759/3048/2785
f 2871/3112/2841 2758/3010/2747 2760/3009/2746
f 2870/3111/2840 2872/3113/2842 2869/3110/2839
f 2872/3113/2842 2588/4930/4455 2574/2794/2549
f 2585/3050/2787 2869/3110/2839 2574/2794/2549
f 2760/3009/2746 2588/4930/4455 2872/3113/2842
f 2333/2529/2306 2666/2901/2645 2520/2723/2492
f 2666/2901/2645 2333/2529/2306 2332/2530/2307
f 2670/2905/2649 2668/2903/2647 2332/2530/2307
f 2670/2905/2649 2331/2528/2305 2330/2526/2303
f 2329/2525/2302 2521/2928/2672 2672/2929/2673
f 2522/2907/2651 2673/2930/2674 2873/3114/2843
f 2874/3115/2844 2675/2910/2654 2674/2908/2652
f 2675/2910/2654 2874/3115/2844 2875/3116/2845
f 2875/3116/2845 2876/3117/2846 2677/2927/2671
f 2876/3117/2846 2686/3158/2887 2679/2925/2669
f 2913/3118/2847 2895/3121/2850 3541/3119/2848
f 2913/3118/2847 2263/2450/2236 2264/2451/2237
f 2915/3122/2851 2889/3151/2880 2882/3123/2852
f 2906/3125/2854 2907/3140/2869 2899/3126/2855
f 1100/1098/1070 2693/2933/2677 2894/3128/2857
f 2881/3130/2859 2916/3157/2886 2914/3120/2849
f 2890/3124/2853 2885/3161/2890 2888/3131/2860
f 3583/3132/2861 2881/3130/2859 3541/3119/2848
f 2892/3134/2863 2898/3127/2856 2899/3126/2855
f 2882/3123/2852 2889/3151/2880 2891/3136/2865
f 2896/3138/2867 2879/3129/2858 2880/3137/2866
f 2897/3139/2868 1100/1098/1070 2879/3129/2858
f 2907/3140/2869 2906/3125/2854 2905/3141/2870
f 2908/3142/2871 2905/3141/2870 2904/3143/2872
f 2903/3145/2874 2910/3160/2889 2909/3144/2873
f 2903/3145/2874 2889/3151/2880 2915/3122/2851
f 2900/3147/2876 2898/3127/2856 1089/1087/1059
f 2911/3148/2877 2902/3146/2875 2901/3149/2878
f 2902/3146/2875 2915/3122/2851 2888/3131/2860
f 2270/2457/2243 2884/3159/2888 2895/3121/2850
f 1090/1088/1060 1089/1087/1059 2898/3127/2856
f 2889/3151/2880 2903/3145/2874 2904/3143/2872
f 2905/3141/2870 2896/3138/2867 2891/3136/2865
f 2906/3125/2854 2897/3139/2868 2896/3138/2867
f 2878/3152/2881 2887/3163/2892 2919/3153/2882
f 2878/3152/2881 2918/3154/2883 2917/3155/2884
f 2916/3157/2886 2881/3130/2859 2877/3156/2885
f 2894/3128/2857 2693/2933/2677 2686/3158/2887
f 2883/3133/2862 3541/3119/2848 2895/3121/2850
f 2916/3157/2886 2910/3160/2889 2911/3148/2877
f 2902/3146/2875 2911/3148/2877 2910/3160/2889
f 2900/3147/2876 2897/3139/2868 2906/3125/2854
f 2910/3160/2889 2916/3157/2886 2917/3155/2884
f 2918/3154/2883 2908/3142/2871 2909/3144/2873
f 2919/3153/2882 2907/3140/2869 2908/3142/2871
f 2912/3150/2879 2262/2449/2235 2263/2450/2236
f 2262/2449/2235 2912/3150/2879 2901/3149/2878
f 2888/3131/2860 2327/2523/2300 2261/2522/2299
f 2885/3161/2890 2328/2524/2301 2327/2523/2300
f 2521/2928/2672 2329/2525/2302 2328/2524/2301
f 2673/2930/2674 2521/2928/2672 2885/3161/2890
f 2882/3123/2852 2874/3115/2844 2873/3114/2843
f 2874/3115/2844 2882/3123/2852 2880/3137/2866
f 2876/3117/2846 2875/3116/2845 2880/3137/2866
f 2911/3148/2877 2912/3150/2879 2913/3118/2847
f 2897/3139/2868 2900/3147/2876 1099/1096/1068
f 2899/3126/2855 2919/3153/2882 2920/3162/2891
f 2920/3162/2891 2919/3153/2882 2887/3163/2892
f 692/683/676 2923/3652/3342 2924/3167/2896
f 2925/3168/2897 695/686/679 693/684/677
f 2922/3165/2894 697/688/681 699/690/683
f 701/692/685 2927/3647/3337 2926/3170/2899
f 2929/3171/2900 2928/3173/2902 2866/3172/2901
f 2928/3173/2902 2929/3171/2900 2931/3174/2903
f 2942/3176/2905 2933/3187/2915 2935/3178/2907
f 2944/3180/2909 2936/4934/2917 2934/3181/2910
f 2944/3182/2909 2937/3601/2916 2939/3183/2911
f 2946/3185/2913 2940/3714/3398 2938/3186/2914
f 2933/3187/2915 2942/3176/2905 2930/3175/2904
f 2942/3176/2905 2943/3179/2908 2934/3181/2910
f 2937/3188/2916 2944/3180/2909 2943/3179/2908
f 2944/3182/2909 2945/3184/2912 2938/3186/2914
f 2941/3190/2918 2946/3185/2913 2945/3184/2912
f 682/3191/2919 2940/3714/3398 2946/3185/2913
f 2941/3190/2918 612/607/600 613/673/666
f 2864/3104/2833 1084/3103/2832 2947/3192/2920
f 1084/3103/2832 1082/1080/1052 2948/3193/2921
f 1082/1080/1052 1079/1077/1049 2949/3194/2922
f 1079/1077/1049 1091/1082/1054 2950/3195/2923
f 1091/1082/1054 1086/1084/1056 2951/3196/2924
f 1088/2699/2468 2952/3197/2925 2951/3196/2924
f 2952/3197/2925 1088/2699/2468 2498/1086/1058
f 1090/1088/1060 2954/3199/2927 2953/3198/2926
f 2954/3199/2927 1090/1088/1060 2892/3134/2863
f 2893/3135/2864 2956/3201/2929 2955/3200/2928
f 2956/3201/2929 2893/3135/2864 2920/3162/2891
f 2921/3164/2893 2958/3612/3302 2957/3202/2930
f 316/307/307 362/347/347 36/3203/2931
f 36/3203/2931 362/347/347 361/338/338
f 234/3204/2932 230/223/223 34/339/339
f 2960/3206/2934 361/338/338 362/347/347
f 337/323/323 365/355/355 2961/3207/2935
f 2959/3205/2933 34/339/339 2960/3206/2934
f 380/3208/2936 378/367/367 436/423/421
f 431/422/420 2963/3211/2939 2962/3209/2937
f 431/422/420 430/426/424 2964/3210/2938
f 430/426/424 429/428/426 2965/3212/2940
f 2967/3213/2941 2974/243/243 253/244/244
f 251/242/242 2968/3217/2945 93/87/87
f 2971/3214/2942 2972/3220/2948 252/3215/2943
f 251/242/242 2974/243/243 2969/3216/2944
f 93/87/87 2968/3217/2945 2970/3218/2946
f 86/3219/2947 84/78/78 89/82/82
f 2970/3218/2946 310/299/299 86/3219/2947
f 2970/3218/2946 2968/3217/2945 2965/3212/2940
f 2969/3216/2944 2974/243/243 2967/3213/2941
f 2967/3213/2941 2973/3222/2950 2972/3220/2948
f 2967/3213/2941 254/247/247 290/3221/2949
f 2971/3214/2942 2965/3212/2940 2968/3217/2945
f 252/3215/2943 2966/3223/2951 2964/3210/2938
f 2966/3223/2951 2975/3224/2952 2963/3211/2939
f 2975/3224/2952 2976/3471/3196 2962/3209/2937
f 2962/3209/2937 2976/3471/3196 2977/3225/2953
f 364/3226/2954 2978/3229/2957 2979/3227/2955
f 2979/3227/2955 2980/3238/2966 2961/3207/2935
f 364/3226/2954 363/354/354 2981/3228/2956
f 363/354/354 366/356/356 2982/3230/2958
f 287/3231/2959 238/232/232 240/3232/2960
f 240/3232/2960 2985/3235/2963 2984/3234/2962
f 2985/3235/2963 2987/3239/2967 2986/3236/2964
f 237/229/229 233/226/226 2985/3235/2963
f 233/226/226 234/3204/2932 2987/3239/2967
f 2988/3237/2965 2980/3238/2966 2986/3236/2964
f 2987/3239/2967 234/3204/2932 2959/3205/2933
f 333/320/320 2989/3364/3089 2990/3240/2968
f 2990/3240/2968 2991/3241/2969 366/356/356
f 2991/3241/2969 2992/3389/3114 2982/3230/2958
f 113/109/109 153/145/145 2993/3242/2970
f 472/148/148 2994/3246/2974 2993/3242/2970
f 2993/3242/2970 2994/3246/2974 151/186/186
f 151/186/186 2994/3246/2974 2995/3243/2971
f 2996/3244/2972 2994/3246/2974 472/148/148
f 155/147/147 158/276/276 146/139/139
f 143/137/137 2997/3245/2973 2996/3244/2972
f 2997/3245/2973 2995/3243/2971 2994/3246/2974
f 141/135/135 148/141/141 2997/3245/2973
f 148/141/141 149/142/142 2995/3243/2971
f 69/64/64 2999/3248/2976 2998/3247/2975
f 78/73/73 3000/3249/2977 2999/3248/2976
f 77/72/72 79/3251/2979 3000/3249/2977
f 3001/3250/2978 3002/3252/2980 3000/3249/2977
f 3002/3252/2980 2998/3247/2975 2999/3248/2976
f 214/211/211 101/96/96 99/94/94
f 214/211/211 100/95/95 2998/3247/2975
f 3002/3252/2980 196/190/190 223/218/218
f 196/190/190 3002/3252/2980 3001/3250/2978
f 3001/3250/2978 79/3251/2979 80/74/74
f 38/3253/2981 3003/3254/2982 205/200/200
f 24/23/23 3003/3254/2982 38/3253/2981
f 3019/3255/2983 3018/3268/2996 3005/3256/2984
f 3022/3258/2986 3021/3264/2992 3009/3259/2987
f 3004/3261/2989 3024/3274/3002 3023/3262/2990
f 3011/3263/2991 3023/3262/2990 3022/3258/2986
f 3021/3264/2992 3020/3266/2994 3015/3265/2993
f 3020/3266/2994 3019/3255/2983 3017/3257/2985
f 3026/3267/2995 3025/3287/3015 3018/3268/2996
f 3027/3269/2997 3026/3267/2995 3019/3255/2983
f 3028/3270/2998 3027/3269/2997 3020/3266/2994
f 3029/3271/2999 3028/3270/2998 3021/3264/2992
f 3030/3272/3000 3029/3271/2999 3022/3258/2986
f 3031/3273/3001 3030/3272/3000 3023/3262/2990
f 3016/3275/3003 3006/3314/3041 3038/3276/3004
f 3014/3278/3006 3016/3275/3003 3037/3277/3005
f 3008/3280/3008 3014/3278/3006 3036/3279/3007
f 3034/3282/3010 3012/3284/3012 3008/3280/3008
f 3033/3283/3011 3010/3286/3014 3012/3284/3012
f 3032/3285/3013 3007/3318/3045 3010/3286/3014
f 3031/3273/3001 3032/3285/3013 3033/3283/3011
f 3030/3272/3000 3033/3283/3011 3034/3282/3010
f 3029/3271/2999 3034/3282/3010 3035/3281/3009
f 3028/3270/2998 3035/3281/3009 3036/3279/3007
f 3036/3279/3007 3037/3277/3005 3026/3267/2995
f 3037/3277/3005 3038/3276/3004 3025/3287/3015
f 3039/3288/3016 3040/3289/3017 110/105/105
f 3040/3289/3017 3039/3288/3016 3015/3265/2993
f 3041/3290/3018 3042/3292/3020 221/209/209
f 3042/3292/3020 3041/3290/3018 3009/3259/2987
f 3042/3292/3020 3039/3288/3016 216/213/213
f 3043/3293/3021 3013/3260/2988 3009/3259/2987
f 3044/3294/3022 3045/3295/3023 3011/3263/2991
f 3041/3290/3018 211/3291/3019 210/205/205
f 212/206/206 111/207/207 3044/3294/3022
f 112/106/106 286/278/278 3045/3295/3023
f 286/278/278 287/3231/2959 3004/3261/2989
f 288/279/279 110/105/105 3040/3289/3017
f 3104/3296/3024 2976/3471/3196 2975/3224/2952
f 3072/3298/3026 3071/3306/3033 3066/3299/3027
f 3062/3301/3029 3075/3333/3059 3074/3302/3030
f 3064/3304/3032 3073/3308/3035 3072/3305/3026
f 3071/3306/3033 3070/3309/3036 3067/3307/3034
f 3063/3303/3031 3074/3302/3030 3073/3308/3035
f 3070/3309/3036 3069/3334/3060 3068/3310/3037
f 3053/3311/3038 3008/3280/3008 3012/3284/3012
f 3014/3278/3006 3008/3280/3008 3053/3311/3038
f 3056/3313/3040 3060/3315/3042 3016/3275/3003
f 3006/3314/3041 3016/3275/3003 3060/3315/3042
f 3054/3312/3039 3012/3284/3012 3010/3286/3014
f 3007/3318/3045 3048/3319/3046 3058/3317/3044
f 3048/3319/3046 3062/3301/3029 3063/3303/3031
f 3058/3317/3044 3063/3303/3031 3064/3304/3032
f 3054/3312/3039 3064/3304/3032 3065/3300/3028
f 3065/3300/3028 3066/3299/3027 3056/3313/3040
f 3066/3299/3027 3067/3307/3034 3060/3315/3042
f 3067/3307/3034 3068/3310/3037 3049/3316/3043
f 3081/3320/3047 3084/3335/3061 3083/3321/3048
f 3085/3323/3050 3084/3335/3061 3081/3320/3047
f 3079/3325/3052 3086/3338/3054 3085/3323/3050
f 3078/3326/3053 3087/3330/3056 3086/3327/3054
f 3077/3329/3055 3088/3332/3058 3087/3330/3056
f 3076/3331/3057 3089/3342/3067 3088/3332/3058
f 3076/3331/3057 3077/3329/3055 3074/3302/3030
f 3074/3302/3030 3077/3329/3055 3078/3326/3053
f 3073/3308/3035 3078/3326/3053 3079/3328/3052
f 3079/3325/3052 3080/3324/3051 3071/3306/3033
f 3080/3324/3051 3081/3320/3047 3070/3309/3036
f 3081/3320/3047 3082/3322/3049 3069/3334/3060
f 3084/3335/3061 3061/3337/3063 3050/3336/3062
f 3085/3323/3050 3057/3339/3064 3061/3337/3063
f 3086/3338/3054 3052/3512/3065 3057/3339/3064
f 3087/3330/3056 3055/3341/3066 3052/3340/3065
f 3088/3332/3058 3059/3343/3068 3055/3341/3066
f 3089/3342/3067 3051/3422/3147 3059/3343/3068
f 3007/3318/3045 3032/3285/3013 3090/3344/3069
f 3091/3345/3070 3038/3276/3004 3006/3314/3041
f 3097/3346/3071 3096/3351/3076 2978/3229/2957
f 3093/3347/3072 3075/3333/3059 3062/3301/3029
f 3093/3347/3072 3092/3348/3073 3094/3349/3074
f 3095/3350/3075 3094/3349/3074 3096/3351/3076
f 3092/3348/3073 3062/3301/3029 3048/3319/3046
f 3031/3273/3001 3024/3274/3002 3099/3353/3078
f 3094/3349/3074 3098/3352/3077 3100/3354/3079
f 3098/3352/3077 3090/3344/3069 3032/3285/3013
f 3092/3348/3073 3090/3344/3069 3098/3352/3077
f 3096/3351/3076 3100/3354/3079 2980/3238/2966
f 2986/3236/2964 3100/3354/3079 3099/3353/3078
f 3004/3261/2989 287/3231/2959 3101/3355/3080
f 3101/3355/3080 2983/3233/2961 2984/3234/2962
f 3069/3334/3060 3103/3357/3082 3102/3356/3081
f 3103/3357/3082 3047/3359/3084 3046/3358/3083
f 3047/3359/3084 3104/3296/3024 3105/3297/3025
f 3091/3345/3070 3049/3316/3043 3068/3310/3037
f 3107/3360/3085 3106/3362/3087 3046/3358/3083
f 3025/3287/3015 3106/3362/3087 3108/3361/3086
f 3102/3356/3081 3046/3358/3083 3106/3362/3087
f 3025/3287/3015 3038/3276/3004 3091/3345/3070
f 2973/3222/2950 3108/3361/3086 3107/3360/3085
f 3105/3297/3025 2966/3223/2951 252/3215/2943
f 3018/3268/2996 3108/3361/3086 289/280/280
f 332/319/319 398/3510/3221 3109/3363/3088
f 2989/3364/3089 333/320/320 3110/3365/3090
f 3112/3367/3092 3113/3368/3093 3111/3366/3091
f 3113/3368/3093 3112/3367/3092 3114/3369/3094
f 3116/3371/3096 3117/3372/3097 3115/3370/3095
f 3117/3372/3097 3116/3371/3096 3118/3373/3098
f 3119/3374/3099 3120/3380/3105 3121/3375/3100
f 3117/3372/3097 3121/3375/3100 3122/3376/3101
f 3118/3373/3098 3124/3378/3103 3123/3377/3102
f 3124/3378/3103 3126/3385/3110 3125/3379/3104
f 3123/3377/3102 3127/3381/3106 3120/3380/3105
f 3125/3379/3104 3128/3382/3107 3127/3381/3106
f 3128/3382/3107 3125/3379/3104 3130/3383/3108
f 3126/3385/3110 3131/3397/3122 3130/3383/3108
f 2990/3240/2968 2989/3364/3089 3132/3386/3111
f 3113/3368/3093 3133/3387/3112 3132/3386/3111
f 3122/3376/3101 3134/3391/3116 3133/3387/3112
f 2991/3241/2969 3132/3386/3111 3135/3388/3113
f 3136/3390/3115 3137/3401/3126 3135/3388/3113
f 3134/3391/3116 3137/3401/3126 3136/3390/3115
f 2981/3228/2956 2982/3230/2958 3140/3393/3118
f 3142/3395/3120 3141/3396/3121 3139/3394/3119
f 3141/3396/3121 3142/3395/3120 3130/3383/3108
f 3142/3395/3120 3143/3398/3123 3129/3384/3109
f 3143/3398/3123 3142/3395/3120 3140/3393/3118
f 3145/3400/3125 3146/3402/3127 3144/3399/3124
f 3145/3400/3125 3140/3393/3118 2982/3230/2958
f 2992/3389/3114 3137/3401/3126 3146/3402/3127
f 3147/3403/3128 3137/3401/3126 3134/3391/3116
f 3187/3405/3130 3186/3410/3135 3149/3406/3131
f 3185/3408/3133 3184/3413/3138 3150/3409/3134
f 3186/3410/3135 3128/3382/3107 3129/3384/3109
f 3120/3380/3105 3127/3381/3106 3187/3405/3130
f 3188/3411/3136 3148/3407/3132 3138/3404/3129
f 3146/3402/3127 3151/3414/3139 3152/3412/3137
f 3150/3409/3134 3152/3412/3137 3151/3414/3139
f 3151/3414/3139 3146/3402/3127 3147/3403/3128
f 3153/3415/3140 3147/3403/3128 3138/3404/3129
f 3148/3407/3132 3149/3406/3131 3150/3409/3134
f 3190/3416/3141 3191/3462/3187 3215/3417/3142
f 3097/3346/3071 3141/3396/3121 3131/3397/3122
f 3131/3397/3122 3126/3385/3110 3154/3419/3144
f 3154/3419/3144 3155/3420/3145 3093/3347/3072
f 3155/3420/3145 3076/3331/3057 3075/3333/3059
f 3089/3342/3067 3076/3331/3057 3155/3420/3145
f 3124/3378/3103 3157/3423/3148 3156/3421/3146
f 3156/3421/3146 3157/3423/3148 3051/3422/3147
f 3156/3421/3146 3155/3420/3145 3154/3419/3144
f 3118/3373/3098 3158/3529/3236 3157/3423/3148
f 3110/3365/3090 3109/3363/3088 3159/3424/3149
f 3160/3425/3150 3114/3369/3094 3112/3367/3092
f 3114/3369/3094 3160/3425/3150 3161/3426/3151
f 3161/3426/3151 3158/3529/3236 3118/3373/3098
f 3162/3428/3153 3164/3429/3154 382/370/370
f 3164/3429/3154 3166/3431/3156 3165/3430/3155
f 3166/3431/3156 3168/3433/3158 3167/3432/3157
f 3168/3433/3158 3170/3435/3160 3169/3434/3159
f 3170/3435/3160 3172/3437/3162 3171/3436/3161
f 3174/3418/3143 3173/3446/3171 3170/3435/3160
f 3172/3437/3162 3175/3440/3165 3176/3438/3163
f 3177/3439/3164 3178/3441/3166 3176/3438/3163
f 3178/3441/3166 3177/3439/3164 3179/3442/3167
f 3175/3440/3165 3182/3445/3170 3181/3444/3169
f 3172/3437/3162 3183/3447/3172 3182/3445/3170
f 3172/3437/3162 3170/3435/3160 3173/3446/3171
f 3215/3417/3142 3214/3448/3173 3183/3447/3172
f 3143/3398/3123 3184/3413/3138 3185/3408/3133
f 3127/3381/3106 3128/3382/3107 3186/3410/3135
f 3188/3411/3136 3189/3392/3117 3121/3375/3100
f 3122/3376/3101 3189/3392/3117 3138/3404/3129
f 3144/3399/3124 3152/3412/3137 3184/3413/3138
f 3212/3451/3176 3181/3444/3169 3182/3445/3170
f 3194/3454/3179 3179/3442/3167 3177/3439/3164
f 3210/3455/3180 3196/3456/3181 3194/3454/3179
f 3196/3456/3181 3197/3470/3195 3179/3442/3167
f 3198/3427/3152 3199/3457/3182 3166/3431/3156
f 3199/3457/3182 3190/3416/3141 3174/3418/3143
f 379/369/369 2977/3225/2953 3163/3458/3183
f 3163/3458/3183 3201/3460/3185 3200/3459/3184
f 3190/3416/3141 3199/3457/3182 3200/3459/3184
f 3190/3416/3141 3201/3460/3185 3202/3461/3186
f 3203/3463/3188 3192/3449/3174 3191/3462/3187
f 3192/3449/3174 3203/3463/3188 3195/3464/3189
f 3204/3465/3190 3205/3467/3192 3195/3464/3189
f 3204/3465/3190 3203/3463/3188 3202/3461/3186
f 3205/3467/3192 3204/3465/3190 3206/3466/3191
f 3208/3469/3194 3209/3473/3198 3207/3468/3193
f 3207/3468/3193 3209/3473/3198 3197/3470/3195
f 3195/3464/3189 3210/3455/3180 3211/3453/3178
f 3212/3451/3176 3211/3453/3178 3194/3454/3179
f 3193/3452/3177 3212/3451/3176 3213/3450/3175
f 3183/3447/3172 3214/3448/3173 3213/3450/3175
f 3191/3462/3187 3192/3449/3174 3214/3448/3173
f 3207/3468/3193 3196/3456/3181 3210/3455/3180
f 3208/3469/3194 3163/3458/3183 2977/3225/2953
f 3216/3474/3199 3178/3441/3166 3180/3443/3168
f 3216/3474/3199 3047/3359/3084 3103/3357/3082
f 3069/3334/3060 3082/3322/3049 3217/3475/3200
f 3197/3470/3195 3218/3472/3197 3180/3443/3168
f 3218/3472/3197 3209/3473/3198 2976/3471/3196
f 3180/3443/3168 3218/3472/3197 3104/3296/3024
f 3178/3441/3166 3216/3474/3199 3219/3476/3201
f 3220/3477/3202 3171/3436/3161 3176/3438/3163
f 3220/3477/3202 3221/3479/3204 3169/3434/3159
f 3222/3478/3203 3167/3432/3157 3169/3434/3159
f 3222/3478/3203 3223/371/371 3165/3430/3155
f 3223/371/371 381/373/373 382/370/370
f 1061/3482/3206 1060/1056/1032 2322/3483/2295
f 3224/3485/3208 1053/3489/1025 1056/3486/1028
f 3222/3478/3203 3221/3479/3204 3226/3487/3209
f 1053/3489/1025 3224/3485/3208 3255/3488/3210
f 3226/3487/3209 3227/3491/3211 1050/3490/1023
f 3227/3491/3211 3228/3494/3213 1051/3492/1024
f 3229/3493/3212 1052/4935/3214 1051/3492/1024
f 1052/3495/3214 3229/3527/3212 3230/3496/3215
f 3231/3498/3216 1002/3499/980 1010/3497/981
f 1002/3499/980 3231/3498/3216 3232/3500/3217
f 994/3502/965 3232/3500/3217 3233/3503/3218
f 3234/3505/3219 989/3507/967 995/3504/966
f 3234/3505/3219 3235/3508/3220 988/3506/960
f 3235/3508/3220 3236/3511/3222 987/3509/959
f 398/3510/3221 397/388/388 3236/3511/3222
f 3052/3512/3065 3239/4936/3224 3238/3513/3223
f 3239/3514/3224 3052/3340/3065 3055/3341/3066
f 3061/3337/3063 3057/3339/3064 3238/3513/3223
f 3244/3517/3227 3243/3520/3230 3246/3518/3228
f 3243/3520/3230 3242/3526/3234 3247/3521/3231
f 3247/3522/3231 3242/3525/3234 3241/3523/3232
f 3242/3525/3234 3239/3514/3224 3240/3515/3225
f 3238/3513/3223 3239/4936/3224 3242/3526/3234
f 3237/3516/3226 3238/3513/3223 3243/3520/3230
f 3245/3519/3229 3246/3518/3228 3228/3494/3213
f 3247/3521/3231 3229/3493/3212 3228/3494/3213
f 3229/3527/3212 3247/3522/3231 3248/3524/3233
f 3245/3519/3229 3221/3479/3204 3220/3477/3202
f 3250/3528/3235 3249/3530/3237 3158/3529/3236
f 3248/3524/3233 3241/3523/3232 3249/3530/3237
f 3237/3516/3226 3251/3531/3238 3050/3336/3062
f 3251/3531/3238 3237/3516/3226 3244/3517/3227
f 3059/3343/3068 3252/3532/3239 3240/3515/3225
f 3252/3532/3239 3249/3530/3237 3241/3523/3232
f 3051/3422/3147 3253/3533/3240 3252/3532/3239
f 3253/3533/3240 3158/3529/3236 3249/3530/3237
f 3253/3533/3240 3051/3422/3147 3157/3423/3148
f 3050/3336/3062 3251/3531/3238 3254/3534/3241
f 3251/3531/3238 3220/3477/3202 3219/3476/3201
f 3216/3474/3199 3217/3475/3200 3254/3534/3241
f 3254/3534/3241 3217/3475/3200 3082/3322/3049
f 3250/3528/3235 3231/3498/3216 3230/3496/3215
f 3245/3519/3229 3227/3491/3211 3226/3487/3209
f 3223/371/371 3222/3478/3203 3255/3488/3210
f 3256/3535/3242 3250/3528/3235 3161/3426/3151
f 3256/3535/3242 3232/3500/3217 3231/3498/3216
f 3257/3536/3243 3159/3424/3149 3109/3363/3088
f 3257/3536/3243 398/3510/3221 3235/3508/3220
f 3159/3424/3149 3257/3536/3243 3258/3537/3244
f 3258/3537/3244 3233/3503/3218 3232/3500/3217
f 3233/3503/3218 3258/3537/3244 3257/3536/3243
f 397/388/388 399/389/389 3259/3538/3245
f 3259/3538/3245 984/3539/958 987/3509/959
f 984/3539/958 3259/3538/3245 399/389/389
f 3261/3484/3207 2322/3483/2295 2324/3540/2297
f 3262/3545/3249 3260/3543/3248 403/3546/3250
f 3260/3543/3248 3262/3545/3249 383/3547/375
f 1061/3481/3206 3263/3480/3205 381/373/373
f 370/357/357 367/359/359 3263/3480/3205
f 498/490/488 3225/3555/3252 3264/3548/3251
f 3225/3549/3252 3266/3552/3254 3265/3550/3253
f 3266/3552/3254 3267/3556/3256 3268/3553/3255
f 1154/3554/1123 1153/1156/1121 3266/3552/3254
f 3225/3555/3252 498/490/488 497/489/487
f 3267/3556/3256 3266/3552/3254 1153/1156/1121
f 3264/3548/3251 3269/4937/3257 501/3558/3258
f 3265/3550/3253 3268/3553/3255 3270/3559/3259
f 3281/3560/3260 3278/3563/3263 3275/3561/3261
f 3274/3564/3264 402/392/391 403/3546/3250
f 3260/3543/3248 2324/3540/2297 3273/3542/3247
f 3272/3565/3265 3274/3564/3264 3273/3542/3247
f 3271/3562/3262 3275/3561/3261 3283/3566/3266
f 3269/3567/3257 3282/3575/3267 2256/2442/2228
f 3269/3557/3257 3270/3559/3259 3281/3560/3260
f 3276/3570/3268 3278/3563/3263 3270/3559/3259
f 424/416/414 423/415/413 3277/3571/3269
f 3278/3563/3263 3276/3570/3268 3277/3571/3269
f 3272/3565/3265 2326/3541/3246 3282/3569/3267
f 527/527/521 529/521/517 3284/3572/3270
f 3268/3553/3255 3280/3579/3275 3279/3573/3271
f 529/521/517 500/520/494 2254/2443/2229
f 2325/2439/2225 2255/2441/2227 3284/3572/3270
f 419/411/409 3286/3577/3273 3285/3576/3272
f 3286/3577/3273 3274/3564/3264 3283/3566/3266
f 423/415/413 421/413/411 3285/3576/3272
f 3285/3576/3272 3283/3566/3266 3275/3561/3261
f 417/409/407 402/392/391 3274/3564/3264
f 918/3578/3274 3279/3573/3271 3280/3579/3275
f 937/928/912 422/414/412 3279/3573/3271
f 3267/3556/3256 3287/3581/3277 3280/3579/3275
f 1155/1161/1125 923/914/898 922/3580/3276
f 922/3580/3276 919/911/895 3287/3581/3277
f 3287/3581/3277 919/911/895 917/910/894
f 3289/3582/3278 3290/3602/3296 3293/3583/3279
f 3294/3585/3281 3292/3584/3280 3293/3583/3279
f 3296/3587/3283 3294/3585/3281 3295/3586/3282
f 3288/3589/3285 3296/3587/3283 3297/3588/3284
f 3340/3591/3287 3308/3609/3299 2947/3192/2920
f 3302/3592/3288 3301/3607/3298 3300/3593/3289
f 3299/3595/3291 3304/3596/3292 3303/3594/3290
f 3304/3596/3292 3299/3595/3291 3298/3597/3293
f 3294/3585/3281 3296/3587/3283 1075/1074/1046
f 3294/3585/3281 1073/1072/1044 1071/1070/1042
f 3289/3582/3278 3292/3584/3280 1071/1070/1042
f 1077/3599/3295 1075/1074/1046 3296/3587/3283
f 612/607/600 2941/3190/2918 1063/1062/1035
f 2941/3190/2918 2939/3183/2911 1065/1064/1037
f 2935/3178/2907 3293/3583/3279 3290/3602/3296
f 2939/3183/2911 3290/3600/3296 1067/3603/1040
f 1069/1066/1039 1067/1068/1040 3290/3602/3296
f 1068/1065/1038 2301/2496/2274 2302/2497/2275
f 2301/3604/2274 1068/1067/1038 1070/1069/1041
f 3299/3595/3291 1076/1075/1047 1078/1076/1048
f 1076/1075/1047 3299/3595/3291 3300/3593/3289
f 3300/3593/3289 3301/3607/3298 1072/1071/1043
f 1025/1016/994 2299/2493/2272 3302/3592/3288
f 1026/1017/995 1025/1016/994 3303/3594/3290
f 3304/3596/3292 3305/3598/3294 2297/2489/2269
f 1070/1069/1041 1072/1071/1043 3301/3607/3298
f 2298/3608/2271 2300/3606/2273 3306/3605/3297
f 2303/2498/2276 2304/2499/2277 1064/1060/1033
f 2298/3608/2271 3301/3607/3298 3302/3592/3288
f 606/603/596 604/601/594 611/1061/1034
f 2304/2499/2277 619/614/607 611/1061/1034
f 3308/3609/3299 3340/3591/3287 3297/3588/3284
f 3308/3609/3299 2931/3174/2903 2929/3171/2900
f 3295/3586/3282 2933/3187/2915 2931/3174/2903
f 2933/3187/2915 3295/3586/3282 3293/3583/3279
f 2949/3194/2922 2950/3195/2923 3339/3610/3300
f 2958/3612/3302 3309/3614/3304 3310/3613/3303
f 3309/3614/3304 3311/3616/3306 3312/3615/3305
f 3311/3616/3306 2282/2471/2255 2283/3617/3307
f 3320/3618/3308 3319/3625/3315 2957/3202/2930
f 3298/3597/3293 1078/1076/1048 3313/3619/3309
f 3314/3620/3310 3313/3619/3309 3315/3621/3311
f 3316/3622/3312 3315/3621/3311 3317/3623/3313
f 3318/3624/3314 3317/3623/3313 3319/3625/3315
f 1078/1076/1048 1077/3599/3295 3321/3626/3316
f 3321/3626/3316 3322/3627/3317 3315/3621/3311
f 3322/3627/3317 3323/3628/3318 3317/3623/3313
f 3323/3628/3318 2956/3201/2929 3319/3625/3315
f 3318/3624/3314 3327/3632/3322 3326/3629/3319
f 3325/3630/3320 2291/2483/2263 2293/2487/2267
f 3327/3632/3322 3325/3630/3320 3324/3631/3321
f 3329/3633/3323 3328/3634/3324 3312/3615/3305
f 3325/3630/3320 3327/3632/3322 3328/3634/3324
f 3327/3632/3322 3318/3624/3314 3320/3618/3308
f 3310/3613/3303 3312/3615/3305 3328/3634/3324
f 2291/2483/2263 3325/3630/3320 3329/3633/3323
f 2283/3617/3307 2281/2470/2254 3330/2479/2259
f 3326/3629/3319 3324/3631/3321 3331/3635/3325
f 3324/3631/3321 2293/2487/2267 2295/2486/2266
f 2297/2489/2269 3305/3598/3294 3331/3635/3325
f 3314/3620/3310 3316/3622/3312 3326/3629/3319
f 2287/3636/3326 3305/3598/3294 3298/3597/3293
f 3321/3626/3316 3333/3643/3333 3332/3637/3327
f 3337/3638/3328 3336/3642/3332 3323/3628/3318
f 3332/3637/3327 3333/3643/3333 3335/3639/3329
f 3334/3640/3330 3335/3639/3329 3339/3610/3300
f 2954/3199/2927 3336/3642/3332 3337/3638/3328
f 2955/3200/2928 2956/3201/2929 3323/3628/3318
f 3337/3638/3328 3332/3637/3327 3334/3640/3330
f 3338/3641/3331 3339/3610/3300 2950/3195/2923
f 2952/3197/2925 2953/3198/2926 3334/3640/3330
f 3333/3643/3333 3321/3626/3316 1077/3599/3295
f 3333/3643/3333 3288/3589/3285 3291/3590/3286
f 3307/3611/3301 3339/3610/3300 3335/3639/3329
f 2948/3193/2921 2949/3194/2922 3307/3611/3301
f 3291/3590/3286 3297/3588/3284 3340/3591/3287
f 715/705/698 3341/3645/3335 713/3644/3334
f 3341/3645/3335 3343/3650/3340 3342/3646/3336
f 701/692/685 702/698/691 713/3644/3334
f 3341/3645/3335 715/705/698 717/743/733
f 3346/3651/3341 3347/3653/3343 2922/3165/2894
f 692/683/676 697/688/681 3348/3166/2895
f 3348/3166/2895 2922/3165/2894 3347/3653/3343
f 3349/3654/3344 3350/3655/3345 2923/3652/3342
f 3350/3655/3345 3351/3656/3346 2924/3167/2896
f 3351/3656/3346 3350/3655/3345 3353/3657/3347
f 3355/3659/3349 3354/3661/3351 3352/3658/3348
f 3355/3659/3349 3357/3662/3352 3356/3660/3350
f 3357/3662/3352 3359/3665/3355 3358/3663/3353
f 3357/3662/3352 3361/3667/3357 3360/3664/3354
f 3357/3662/3352 3355/3659/3349 3362/3666/3356
f 3362/3666/3356 3355/3659/3349 3353/3657/3347
f 3350/3655/3345 3349/3654/3344 3363/3668/3358
f 3364/3669/3359 3363/3668/3358 3349/3654/3344
f 3364/3669/3359 3365/3670/3360 3362/3666/3356
f 3361/3667/3357 3365/3670/3360 3366/3671/3361
f 2862/3100/2829 3372/3677/3367 3371/3672/3362
f 3358/3663/3353 3359/3665/3355 3367/3673/3363
f 3368/3674/3364 3367/3673/3363 3369/3675/3365
f 3370/3676/3366 3369/3675/3365 3371/3672/3362
f 3376/3678/3368 3378/3681/3371 3380/3679/3369
f 3378/3681/3371 3375/3683/3373 3381/3682/3372
f 3378/3681/3371 3376/3678/3368 3358/3663/3353
f 3368/3674/3364 3370/3676/3366 3375/3683/3373
f 3379/3680/3370 3380/3679/3369 3383/3684/3374
f 3380/3679/3369 3381/3682/3372 3384/3686/3376
f 3382/3685/3375 3383/3684/3374 3386/3687/3377
f 3383/3684/3374 3384/3686/3376 3387/3689/3379
f 3385/3688/3378 3386/3687/3377 3389/3690/3380
f 3386/3687/3377 3387/3689/3379 3390/3692/3382
f 3373/3693/3383 3388/3691/3381 3389/3690/3380
f 3389/3690/3380 3390/3692/3382 3374/3695/3385
f 3375/3683/3373 3402/3712/3397 3401/3696/3386
f 3400/3697/3387 3384/3686/3376 3381/3682/3372
f 3384/3686/3376 3400/3697/3387 3399/3698/3388
f 3398/3699/3389 3390/3692/3382 3387/3689/3379
f 3390/3692/3382 3398/3699/3389 3397/3700/3390
f 3392/3701/3391 2932/3704/2906 2934/3702/2910
f 2932/3704/2906 3392/3701/3391 3393/3705/3393
f 3394/3707/3394 2928/3708/2902 2930/3706/2904
f 2928/3708/2902 3394/3707/3394 3395/3709/3395
f 3396/3711/3396 2867/3713/2834 2866/3710/2901
f 3398/3699/3389 3392/3701/3391 3391/3703/3392
f 3392/3701/3391 3398/3699/3389 3399/3698/3388
f 3400/3697/3387 3394/3707/3394 3393/3705/3393
f 3394/3707/3394 3400/3697/3387 3401/3696/3386
f 3402/3712/3397 3396/3711/3396 3395/3709/3395
f 3370/3676/3366 3372/3677/3367 3402/3712/3397
f 3372/3677/3367 2862/3100/2829 3396/3711/3396
f 3396/3711/3396 2862/3100/2829 2855/3099/2828
f 3373/3693/3383 3377/3694/3384 2940/3714/3398
f 3374/3695/3385 2936/3189/2917 2938/3186/2914
f 2934/3702/2910 2936/3189/2917 3397/3700/3390
f 3406/3715/3399 3412/3723/3407 3411/3716/3400
f 3405/3718/3402 3408/3721/3405 3407/3719/3403
f 3408/3721/3405 3410/3731/3415 3409/3722/3406
f 3409/3722/3406 3410/3731/3415 678/668/661
f 3412/3723/3407 3405/3718/3402 3404/3720/3404
f 3406/3715/3399 3379/3680/3370 3382/3685/3375
f 3418/3724/3408 3417/3729/3413 683/674/667
f 3414/3725/3409 3385/3688/3378 3388/3691/3381
f 3414/3725/3409 3413/3726/3410 3415/3727/3411
f 3416/3728/3412 3415/3727/3411 3417/3729/3413
f 3405/3718/3402 3414/3725/3409 3416/3728/3412
f 3418/3724/3408 3410/3731/3415 3408/3721/3405
f 3385/3688/3378 3414/3725/3409 3419/3730/3414
f 3412/3723/3407 3382/3685/3375 3419/3730/3414
f 679/670/663 678/668/661 3410/3731/3415
f 3415/3727/3411 3420/3732/3416 680/671/664
f 3420/3732/3416 3415/3727/3411 3413/3726/3410
f 3388/3691/3381 3373/3693/3383 3421/3733/3417
f 3421/3733/3417 682/3191/2919 681/672/665
f 3354/3661/3351 3423/3736/3420 3422/3734/3418
f 3354/3661/3351 3356/3660/3350 3424/3735/3419
f 3356/3660/3350 3358/3663/3353 3376/3678/3368
f 3425/3737/3421 3351/3656/3346 3352/3658/3348
f 3351/3656/3346 3425/3737/3421 2925/3168/2897
f 3423/3736/3420 3424/3735/3419 3403/3717/3401
f 3407/3719/3403 3426/3739/3423 3427/3738/3422
f 3426/3739/3423 3425/3737/3421 3422/3734/3418
f 676/667/660 675/3169/2898 3426/3739/3423
f 3425/3737/3421 3426/3739/3423 675/3169/2898
f 3403/3717/3401 3424/3735/3419 3428/3740/3424
f 3422/3734/3418 3423/3736/3420 3411/3716/3400
f 3428/3740/3424 3376/3678/3368 3379/3680/3370
f 3442/3741/3425 3445/3749/3433 3444/3742/3426
f 3439/3744/3428 3448/3764/3448 3447/3745/3429
f 3440/3746/3430 3447/3745/3429 3446/3747/3431
f 3441/3748/3432 3446/3747/3431 3445/3749/3433
f 3429/3750/3434 3439/3744/3428 3440/3746/3430
f 3434/3751/3435 3440/3746/3430 3441/3748/3432
f 3436/3752/3436 3441/3748/3432 3442/3741/3425
f 3438/3753/3437 3442/3741/3425 3443/3743/3427
f 3452/3755/3439 3437/3759/3443 3431/3756/3440
f 3451/3758/3442 3435/3761/3445 3437/3759/3443
f 3450/3760/3444 3433/3763/3447 3435/3761/3445
f 3449/3762/3446 3432/3794/3478 3433/3763/3447
f 3448/3764/3448 3449/3762/3446 3450/3760/3444
f 3447/3745/3429 3450/3760/3444 3451/3758/3442
f 3446/3747/3431 3451/3758/3442 3452/3755/3439
f 3445/3749/3433 3452/3755/3439 3453/3757/3441
f 3444/3742/3426 3453/3757/3441 2857/3094/2823
f 2858/3095/2824 2859/3096/2825 3443/3743/3427
f 3453/3757/3441 3431/3756/3440 2856/3101/2830
f 3429/3750/3434 3434/3751/3435 3455/3765/3449
f 3457/3767/3451 3456/3769/3453 3429/3750/3434
f 3429/3750/3434 3456/3769/3453 3458/3768/3452
f 3456/3769/3453 3460/3775/3459 3459/3770/3454
f 3459/3770/3454 3460/3775/3459 3342/3646/3336
f 3457/3767/3451 3454/3766/3450 3463/3772/3456
f 3454/3766/3450 3455/3765/3449 3464/3774/3458
f 3462/3773/3457 3346/3651/3341 3461/3771/3455
f 3461/3771/3455 3346/3651/3341 2926/3170/2899
f 3346/3651/3341 3462/3773/3457 3364/3669/3359
f 3462/3773/3457 3463/3772/3456 3365/3670/3360
f 3463/3772/3456 3464/3774/3458 3366/3671/3361
f 3456/3769/3453 3461/3771/3455 2927/3647/3337
f 3458/3768/3452 3465/3776/3460 3448/3764/3448
f 3465/3776/3460 3466/3779/3463 3449/3762/3446
f 3458/3768/3452 3459/3770/3454 3469/3777/3461
f 3467/3778/3462 3468/3782/3466 3466/3779/3463
f 3344/3648/3338 3345/3649/3339 3470/3780/3464
f 3345/3649/3339 752/742/732 3471/3781/3465
f 3470/3780/3464 3471/3781/3465 3468/3782/3466
f 3459/3770/3454 3343/3650/3340 3344/3648/3338
f 3475/3783/3467 3474/3787/3471 3473/3784/3468
f 3473/3784/3468 3472/3788/3472 3477/3786/3470
f 3367/3673/3363 3472/3788/3472 3473/3784/3468
f 3474/3787/3471 3371/3672/3362 3369/3675/3365
f 3430/3754/3438 3475/3783/3467 3476/3785/3469
f 3477/3786/3470 3436/3752/3436 3438/3753/3437
f 2860/3097/2826 3475/3783/3467 3430/3754/3438
f 2860/3097/2826 2861/3098/2827 3474/3787/3471
f 3464/3774/3458 3455/3765/3449 3477/3786/3470
f 3360/3664/3354 3366/3671/3361 3472/3788/3472
f 3477/3786/3470 3455/3765/3449 3434/3751/3435
f 3431/3756/3440 3478/3790/3474 2863/3789/3473
f 3478/3790/3474 3431/3756/3440 3437/3759/3443
f 3435/3761/3445 3480/3792/3476 3479/3791/3475
f 3480/3792/3476 3435/3761/3445 3433/3763/3447
f 3432/3794/3478 3482/3796/3480 3481/3793/3477
f 3432/3794/3478 3484/3797/3481 3483/3795/3479
f 3484/3797/3481 3486/3802/3484 3485/3798/3482
f 3485/3798/3482 3486/3802/3484 3488/3799/736
f 3484/3797/3481 3468/3782/3466 3471/3781/3465
f 3432/3794/3478 3449/3762/3446 3466/3779/3463
f 752/742/732 3488/3799/736 3486/3802/3484
f 3499/3803/3485 3489/3816/3498 3490/3804/3486
f 3492/3806/3488 3493/3809/3491 3503/3807/3489
f 3493/3809/3491 3492/3806/3488 3494/3810/3492
f 3502/3808/3490 3501/3831/3499 3497/3812/3494
f 3498/3813/3495 3494/3810/3492 3492/3806/3488
f 755/3814/3496 3499/3803/3485 3500/3805/3487
f 3489/3816/3498 3496/3830/3510 3501/3817/3499
f 3502/3818/3490 3503/3969/3489 3490/3804/3486
f 3518/3819/3500 3517/3846/3523 3512/3820/3501
f 3512/3822/3501 3517/3847/3523 3516/3823/3503
f 3515/3825/3505 3514/3832/3511 3513/3824/3504
f 3511/3821/3502 3510/3828/3508 3519/3826/3506
f 3509/3827/3507 3520/3844/3521 3519/3826/3506
f 3506/3829/3509 3508/3936/3609 3509/3827/3507
f 3511/3821/3502 3496/3830/3510 3506/3829/3509
f 3496/3830/3510 3511/3821/3502 3512/3820/3501
f 3501/3831/3499 3512/3822/3501 3513/3824/3504
f 3514/3832/3511 3498/3813/3495 3497/3812/3494
f 3526/3833/3512 3525/3848/3524 3542/3834/3513
f 3529/3836/3515 3528/3867/3540 3542/3834/3513
f 3539/3838/3517 3530/3858/3534 3529/3839/3515
f 3539/3838/3517 3523/3845/3522 3522/3841/3518
f 3521/3843/3520 3532/3857/3533 3531/3842/3519
f 3520/3844/3521 3521/3843/3520 3522/3841/3518
f 3518/3819/3500 3519/3826/3506 3522/3841/3518
f 3523/3845/3522 3524/3865/3539 3517/3846/3523
f 3517/3847/3523 3524/3866/3539 3525/3848/3524
f 3525/3848/3524 3526/3833/3512 3515/3825/3505
f 3504/3849/3525 3505/3864/3538 3538/3850/3526
f 2275/2462/2248 2276/2464/2250 3536/3853/3529
f 3535/3854/3530 3534/3856/3532 2272/2460/2246
f 3533/3855/3531 2266/2452/2238 2271/2458/2244
f 3532/3857/3533 3533/3855/3531 3534/3856/3532
f 3530/3858/3534 3531/3842/3519 3534/3856/3532
f 3545/3859/3535 3535/3854/3530 3536/3853/3529
f 3544/3861/3536 3536/3863/3529 3537/3851/3527
f 3527/3835/3514 3528/3867/3540 3543/3862/3537
f 3536/3863/3529 2276/2467/2250 3507/3852/3528
f 3507/3852/3528 2278/2466/2251 2280/2469/2253
f 2280/2469/2253 2282/2471/2255 3505/3864/3538
f 3523/3845/3522 3539/3838/3517 3540/3840/3516
f 3524/3866/3539 3540/3837/3516 3542/3834/3513
f 3544/3861/3536 3543/3862/3537 3528/3867/3540
f 3545/3859/3535 3544/3860/3536 3529/3839/3515
f 2268/2456/2242 3546/3869/3542 2886/3868/3541
f 2267/2454/2240 3547/3871/3544 3546/3869/3542
f 2884/3159/2888 2270/2457/2243 2269/2455/2241
f 2266/2452/2238 3533/3855/3531 3548/3870/3543
f 3547/3871/3544 2267/2454/2240 2265/2453/2239
f 3521/3843/3520 3520/3844/3521 3550/3872/3545
f 3552/3874/3547 3551/3876/3549 3549/3873/3546
f 3552/3874/3547 3554/3877/3550 3553/3875/3548
f 3554/3877/3550 3546/3869/3542 3547/3871/3544
f 3556/3878/3551 3555/3933/3606 3550/3872/3545
f 3550/3872/3545 3555/3933/3606 3557/3879/3552
f 3557/3879/3552 3558/3880/3553 3554/3877/3550
f 3558/3880/3553 2886/3868/3541 3546/3869/3542
f 3593/3881/3554 3588/3911/3584 3589/3882/3555
f 3532/3857/3533 3549/3873/3546 3551/3876/3549
f 3548/3870/3543 3533/3855/3531 3551/3876/3549
f 2877/3156/2885 2881/3130/2859 3560/3884/3557
f 3564/3886/3559 3563/3927/3600 3562/3887/3560
f 3561/3888/3561 3562/3887/3560 3559/3885/3558
f 3559/3885/3558 3565/3889/3562 2878/3152/2881
f 3565/3889/3562 3559/3885/3558 3562/3887/3560
f 3562/3887/3560 3563/3927/3600 3567/3891/3564
f 3566/3890/3563 3567/3891/3564 3569/3892/3565
f 3572/3894/3567 3568/3893/3566 3569/3892/3565
f 3309/3614/3304 3570/3897/3570 3571/3896/3569
f 3570/3897/3570 3572/3894/3567 3573/3895/3568
f 3576/3898/3571 3538/3850/3526 3505/3864/3538
f 3582/3902/3575 3526/3833/3512 3527/3835/3514
f 3567/3891/3564 3574/3906/3579 3575/3901/3574
f 3575/3901/3574 3576/3898/3571 3573/3895/3568
f 3573/3895/3568 3576/3898/3571 3577/3899/3572
f 3577/3899/3572 3505/3864/3538 2282/2471/2255
f 2887/3163/2892 2878/3152/2881 3565/3889/3562
f 3578/3903/3576 3579/3904/3577 2921/3164/2893
f 3579/3904/3577 3580/3905/3578 2958/3612/3302
f 3572/3894/3567 3570/3897/3570 3580/3905/3578
f 3579/3904/3577 3578/3903/3576 3568/3893/3566
f 3566/3890/3563 3568/3893/3566 3578/3903/3576
f 3580/3905/3578 3570/3897/3570 3309/3614/3304
f 3538/3850/3526 3576/3898/3571 3581/3900/3573
f 3574/3906/3579 3582/3902/3575 3581/3900/3573
f 3585/3907/3580 3584/3912/3585 3561/3888/3561
f 3558/3880/3553 3557/3879/3552 3587/3908/3581
f 3560/3884/3557 2881/3130/2859 3583/3132/2861
f 3592/3910/3583 3590/4019/3687 3588/3911/3584
f 3586/3909/3582 3587/3908/3581 3584/3912/3585
f 3583/3132/2861 2883/3133/2862 3586/3909/3582
f 3558/3880/3553 3586/3909/3582 2883/3133/2862
f 3564/3886/3559 3561/3888/3561 3584/3912/3585
f 3607/3914/3587 3597/3919/3592 3596/3915/3588
f 3608/3916/3589 3596/3915/3588 3595/3917/3590
f 3596/3915/3588 3593/3881/3554 3594/3883/3556
f 3597/3919/3592 3592/3910/3583 3593/3881/3554
f 3515/3825/3505 3600/3931/3604 3599/3920/3593
f 3498/3813/3495 3514/3832/3511 3599/3920/3593
f 3598/3921/3594 3599/3920/3593 3602/3922/3595
f 3599/3920/3593 3600/3931/3604 3603/3924/3597
f 3601/3923/3596 3602/3922/3595 3605/3925/3598
f 3603/3924/3597 3606/3929/3602 3605/3925/3598
f 3604/3926/3599 3605/3925/3598 3594/3883/3556
f 3605/3925/3598 3606/3929/3602 3595/3917/3590
f 3591/3913/3586 3607/3914/3587 3608/3916/3589
f 3564/3886/3559 3608/3916/3589 3609/3918/3591
f 3574/3906/3579 3567/3891/3564 3563/3927/3600
f 3609/3918/3591 3595/3917/3590 3606/3929/3602
f 3574/3906/3579 3610/3928/3601 3612/3930/3603
f 3600/3931/3604 3582/3902/3575 3612/3930/3603
f 3526/3833/3512 3582/3902/3575 3600/3931/3604
f 3606/3929/3602 3603/3924/3597 3612/3930/3603
f 3616/3932/3605 3587/3908/3581 3557/3879/3552
f 3555/3933/3606 3556/3878/3551 3615/3934/3607
f 3614/3935/3608 3613/3938/3611 3592/3910/3583
f 3615/3934/3607 3613/3938/3611 3614/3935/3608
f 3607/3914/3587 3616/3932/3605 3614/3935/3608
f 3587/3908/3581 3616/3932/3605 3607/3914/3587
f 3508/3936/3609 3615/3934/3607 3556/3878/3551
f 3615/3934/3607 3508/3936/3609 3611/3937/3610
f 3508/3936/3609 755/3814/3496 3617/3939/3612
f 755/3814/3496 3508/3936/3609 3506/3829/3509
f 3496/3830/3510 3489/3816/3498 3499/3803/3485
f 3611/3937/3610 3619/4017/3685 3618/3940/3613
f 3618/3940/3613 3590/4019/3687 3592/3910/3583
f 3635/3941/3614 3634/3955/3626 3633/3942/3615
f 3638/3944/3617 3637/3950/3622 3632/3945/3618
f 3639/3947/3620 3638/3967/3617 3631/3948/3619
f 3636/3943/3616 3633/3942/3615 3632/3945/3618
f 3630/3949/3621 3631/3948/3619 3627/3951/3623
f 3631/3946/3619 3632/3945/3618 3625/3953/3625
f 3633/3942/3615 3629/3956/3627 3625/3953/3625
f 3634/3955/3626 3622/3970/3638 3629/3956/3627
f 3621/3957/3628 3644/3968/3637 3643/3958/3629
f 3628/3959/3630 3643/3958/3629 3642/3960/3631
f 3626/3962/3633 3624/3961/3632 3642/3960/3631
f 3626/3964/3633 3641/4938/3634 3640/3965/3635
f 3640/3965/3635 3641/4938/3634 3638/3967/3617
f 3641/3963/3634 3642/3960/3631 3637/3950/3622
f 3643/3958/3629 3636/3943/3616 3637/3950/3622
f 3644/3968/3637 3635/3941/3614 3636/3943/3616
f 3629/3956/3627 3500/3805/3487 3490/3804/3486
f 3503/3969/3489 3627/3954/3623 3625/3953/3625
f 3503/3807/3489 3493/3809/3491 3623/3952/3624
f 3500/3805/3487 3629/3956/3627 3622/3970/3638
f 3656/3971/3639 3658/3980/3648 3657/3972/3640
f 3645/3974/3642 3662/3985/3653 3661/3975/3643
f 3650/3976/3644 3661/3975/3643 3660/3977/3645
f 3660/3977/3645 3659/3983/3651 3654/3979/3647
f 3654/3979/3647 3659/3983/3651 3658/3980/3648
f 3658/3980/3648 3655/4015/3683 3647/3981/3649
f 3653/3982/3650 3655/4015/3683 3658/3980/3648
f 3651/3984/3652 3653/3982/3650 3659/3983/3651
f 3661/3975/3643 3649/3986/3654 3651/3984/3652
f 3662/3985/3653 3648/3995/3663 3649/3986/3654
f 3666/3987/3655 3630/3949/3621 3623/3952/3624
f 3630/3949/3621 3666/3987/3655 3665/3989/3657
f 3664/3990/3658 3640/3965/3635 3639/3947/3620
f 3664/3990/3658 3663/3991/3659 3620/3966/3636
f 3656/3971/3639 3646/3973/3641 3663/3991/3659
f 3656/3971/3639 3664/3990/3658 3665/3989/3657
f 3652/3978/3646 3654/3979/3647 3665/3989/3657
f 3652/3978/3646 3666/3987/3655 3667/3988/3656
f 3623/3952/3624 3493/3809/3491 3495/3811/3493
f 3495/3811/3493 3645/3974/3642 3650/3976/3644
f 3601/3923/3596 3669/3993/3661 3668/3992/3660
f 3669/3993/3661 3601/3923/3596 3604/3926/3599
f 3669/3993/3661 3662/3985/3653 3645/3974/3642
f 3662/3985/3653 3669/3993/3661 3670/3994/3662
f 3494/3810/3492 3668/3992/3660 3645/3974/3642
f 3494/3810/3492 3498/3813/3495 3598/3921/3594
f 3681/3996/3664 3680/4003/3671 3685/3997/3665
f 3685/3997/3665 3680/4003/3671 3679/3999/3667
f 3681/3996/3664 3684/3998/3666 3683/4001/3669
f 3680/4003/3671 3674/4021/3689 3675/4004/3672
f 3677/4005/3673 3674/4021/3689 3680/4003/3671
f 3677/4005/3673 3681/3996/3664 3682/4002/3670
f 3684/3998/3666 3688/4008/3676 3687/4007/3675
f 3685/3997/3665 3689/4009/3677 3688/4008/3676
f 3689/4009/3677 3685/3997/3665 3686/4000/3668
f 3688/4008/3676 3678/4013/3681 3672/4011/3679
f 3688/4008/3676 3689/4009/3677 3673/4012/3680
f 3689/4009/3677 3690/4010/3678 3676/4014/3682
f 3671/4006/3674 3682/4002/3670 3644/3968/3637
f 3682/4002/3670 3683/4001/3669 3635/3941/3614
f 3683/4001/3669 3687/4007/3675 3634/3955/3626
f 3687/4007/3675 3672/4011/3679 3622/3970/3638
f 3675/4004/3672 3647/3981/3649 3655/4015/3683
f 3655/4015/3683 3653/3982/3650 3686/4000/3668
f 3653/3982/3650 3651/3984/3652 3690/4010/3678
f 3649/3986/3654 3676/4014/3682 3690/4010/3678
f 3676/4014/3682 3692/4018/3686 3691/4016/3684
f 3678/4013/3681 3619/4017/3685 3617/3939/3612
f 3491/3815/3497 3622/3970/3638 3672/4011/3679
f 3588/3911/3584 3590/4019/3687 3691/4016/3684
f 3691/4016/3684 3619/4017/3685 3678/4013/3681
f 3618/3940/3613 3619/4017/3685 3691/4016/3684
f 3676/4014/3682 3649/3986/3654 3648/3995/3663
f 3588/3911/3584 3692/4018/3686 3693/4020/3688
f 3693/4020/3688 3670/3994/3662 3604/3926/3599
f 3693/4020/3688 3692/4018/3686 3648/3995/3663
f 3674/4021/3689 3695/4024/3692 3694/4022/3690
f 3674/4021/3689 3677/4005/3673 3696/4023/3691
f 3677/4005/3673 3671/4006/3674 3697/4025/3693
f 3671/4006/3674 3621/3957/3628 3698/4026/3694
f 3628/3959/3630 3699/4027/3695 3698/4026/3694
f 3699/4027/3695 3628/3959/3630 3624/3961/3632
f 3624/3961/3632 3626/3962/3633 3701/4029/3697
f 3626/3964/3633 3620/3966/3636 3702/4030/3698
f 3620/3966/3636 3663/3991/3659 3703/4032/3699
f 3703/4032/3699 3663/3991/3659 3646/3973/3641
f 3646/3973/3641 3657/3972/3640 3705/4034/3701
f 3657/3972/3640 3647/3981/3649 3706/4035/3702
f 3647/3981/3649 3675/4004/3672 3694/4022/3690
f 3709/4039/3706 3710/4075/3740 3698/4026/3694
f 3863/4040/3707 3711/4041/3708 3697/4025/3693
f 3711/4041/3708 3712/4043/3710 3696/4023/3691
f 3713/4042/3709 3695/4024/3692 3696/4023/3691
f 3713/4042/3709 3714/4044/3711 3694/4022/3690
f 3714/4044/3711 3715/4054/3720 3706/4035/3702
f 3704/4033/3700 3717/4048/3715 3718/4049/3716
f 3737/4050/3717 3719/4068/3733 3702/4030/3698
f 3714/4044/3711 3720/4058/3724 3721/4053/3719
f 3722/4055/3721 3716/4046/3713 3873/4045/3712
f 3714/4044/3711 3713/4042/3709 3723/4057/3723
f 3713/4042/3709 3712/4043/3710 3724/4059/3725
f 3712/4043/3710 3711/4041/3708 3725/4060/3726
f 3700/4028/3696 3701/4029/3697 3730/4037/3704
f 3730/4037/3704 3707/4036/3703 3736/4062/3728
f 3708/4061/3727 3730/4037/3704 3731/4063/3729
f 3728/4038/3705 3708/4061/3727 3726/4064/3730
f 3728/4038/3705 3699/4027/3695 3700/4028/3696
f 3707/4052/3703 3729/4051/3718 3735/4066/3732
f 3719/4068/3733 3737/4050/3717 3733/4069/3734
f 3729/4051/3718 3719/4068/3733 3734/4070/3735
f 3737/4050/3717 3718/4049/3716 3732/4071/3736
f 3702/4030/3698 3719/4068/3733 3729/4051/3718
f 3727/4065/3731 3738/4211/3862 3709/4039/3706
f 3718/4049/3716 3717/4048/3715 3739/4072/3737
f 3877/4073/3738 3876/4047/3714 3716/4046/3713
f 3709/4039/3706 3738/4211/3862 3740/4074/3739
f 3864/4076/3741 3725/4060/3726 3711/4041/3708
f 3889/4077/3742 3888/4103/3767 3746/4078/3743
f 3746/4078/3743 3747/4107/3771 3752/4080/3745
f 3752/4080/3745 3747/4107/3771 3748/4081/3746
f 3753/4082/3747 3748/4081/3746 3778/4083/3748
f 3749/4085/3750 3741/4939/3776 3755/4086/3751
f 3755/4088/3751 3741/4112/3776 3782/4089/3753
f 3742/4091/3755 3743/4115/3778 3757/4092/3756
f 3787/4094/3758 3744/4097/3761 3758/4095/3759
f 3744/4097/3761 3745/4101/3765 3750/4098/3762
f 3786/4099/3763 3760/4100/3764 3744/4097/3761
f 3760/4100/3764 3761/4234/3879 3745/4101/3765
f 3762/4102/3766 3746/4078/3743 3888/4103/3767
f 3763/4105/3769 3747/4107/3771 3746/4078/3743
f 3764/4106/3770 3748/4081/3746 3747/4107/3771
f 3779/4108/3772 3778/4083/3748 3748/4081/3746
f 3766/4109/3773 3741/4939/3776 3749/4085/3750
f 3783/4111/3775 3782/4089/3753 3741/4112/3776
f 3767/4114/3777 3759/4126/3788 3743/4115/3778
f 3769/4116/3779 3762/4102/3766 3887/4104/3768
f 3770/4118/3781 3763/4105/3769 3762/4102/3766
f 3771/4119/3782 3764/4106/3770 3763/4105/3769
f 3780/4120/3783 3779/4108/3772 3764/4106/3770
f 3773/4121/3784 3766/4109/3773 3765/4110/3774
f 3784/4123/3786 3783/4111/3775 3766/4113/3773
f 3774/4125/3787 3775/4130/3792 3759/4126/3788
f 3785/4127/3789 3776/4129/3791 3760/4100/3764
f 3768/4128/3790 3761/4234/3879 3760/4100/3764
f 3778/4083/3748 3749/4085/3750 3754/4087/3752
f 3779/4108/3772 3765/4110/3774 3749/4085/3750
f 3780/4120/3783 3772/4122/3785 3765/4110/3774
f 3782/4089/3753 3742/4091/3755 3756/4093/3757
f 3783/4111/3775 3767/4114/3777 3742/4091/3755
f 3784/4123/3786 3774/4125/3787 3767/4114/3777
f 3775/4130/3792 3785/4127/3789 3786/4099/3763
f 3759/4126/3788 3786/4099/3763 3787/4094/3758
f 3743/4115/3778 3787/4094/3758 3788/4096/3760
f 3781/4090/3754 3756/4093/3757 3727/4131/3731
f 3731/4133/3729 3755/4088/3751 3781/4090/3754
f 3754/4087/3752 3755/4086/3751 3736/4134/3728
f 3777/4084/3749 3754/4087/3752 3734/4137/3735
f 3753/4082/3747 3777/4084/3749 3733/4138/3734
f 3753/4082/3747 3732/4139/3736 3789/4141/3793
f 3790/4143/3794 3877/4073/3738 3722/4055/3721
f 3874/4056/3722 3721/4053/3719 3791/4145/3796
f 3794/4147/3798 3793/4150/3801 4020/4148/3799
f 3793/4150/3801 3801/4154/3805 3800/4151/3802
f 3806/4152/3803 3799/4377/4011 3800/4151/3802
f 3807/4153/3804 3800/4151/3802 3801/4154/3805
f 3803/4156/3807 3806/4152/3803 3807/4153/3804
f 3805/4155/3806 3804/4159/3810 3802/4157/3808
f 3818/4158/3809 3802/4157/3808 3804/4159/3810
f 3820/4161/3812 3803/4156/3807 3802/4157/3808
f 3853/4163/3814 3834/4940/3968 3833/4164/3815
f 3858/4166/3817 3829/4174/3825 3828/4167/3818
f 3855/4169/3820 3832/4179/3830 3831/4170/3821
f 3856/4171/3822 3831/4170/3821 3830/4172/3823
f 3857/4173/3824 3830/4172/3823 3829/4174/3825
f 3861/4175/3826 3860/4178/3829 3827/4176/3827
f 3859/4168/3819 3828/4167/3818 3827/4176/3827
f 3855/4169/3820 3854/4165/3816 3833/4164/3815
f 3826/4177/3828 3827/4176/3827 3845/4180/3831
f 3828/4167/3818 3846/4182/3833 3845/4180/3831
f 3829/4174/3825 3847/4183/3834 3846/4182/3833
f 3830/4172/3823 3848/4184/3835 3847/4183/3834
f 3831/4170/3821 3849/4186/3837 3848/4184/3835
f 3831/4170/3821 3832/4179/3830 3850/4185/3836
f 3833/4164/3815 3851/4188/3839 3850/4185/3836
f 3833/4164/3815 3834/4940/3968 3852/4187/3838
f 3836/4189/3840 3821/4193/3844 3811/4190/3841
f 3837/4192/3843 3823/4195/3846 3821/4193/3844
f 3838/4194/3845 3813/4197/3848 3823/4195/3846
f 3839/4196/3847 3819/4199/3850 3813/4197/3848
f 3840/4198/3849 3817/4201/3852 3819/4199/3850
f 3840/4198/3849 3841/4202/3853 3815/4200/3851
f 3841/4202/3853 3842/4204/3855 3825/4203/3854
f 3842/4204/3855 3843/4941/3897 3810/4205/3856
f 3844/4181/3832 3845/4180/3831 3836/4189/3840
f 3846/4182/3833 3837/4192/3843 3836/4189/3840
f 3847/4183/3834 3838/4194/3845 3837/4192/3843
f 3848/4184/3835 3839/4196/3847 3838/4194/3845
f 3849/4186/3837 3840/4198/3849 3839/4196/3847
f 3849/4186/3837 3850/4185/3836 3841/4202/3853
f 3851/4188/3839 3842/4204/3855 3841/4202/3853
f 3852/4187/3838 3843/4941/3897 3842/4204/3855
f 3809/4206/3857 3853/4163/3814 3854/4165/3816
f 3814/4208/3859 3824/4207/3858 3854/4165/3816
f 3814/4208/3859 3855/4169/3820 3856/4171/3822
f 3816/4160/3811 3856/4171/3822 3857/4173/3824
f 3812/4209/3860 3818/4158/3809 3857/4173/3824
f 3812/4209/3860 3858/4166/3817 3859/4168/3819
f 3822/4162/3813 3859/4168/3819 3860/4178/3829
f 3808/4210/3861 3820/4161/3812 3860/4178/3829
f 3862/4213/3863 3738/4214/3862 3757/4092/3756
f 3756/4093/3757 3757/4092/3756 3738/4214/3862
f 3740/4074/3739 3864/4076/3741 3863/4040/3707
f 3740/4074/3739 3862/4212/3863 3865/4215/3864
f 3788/4096/3760 3758/4095/3759 3865/4216/3864
f 3865/4215/3864 3866/4219/3867 3725/4060/3726
f 3758/4095/3759 3750/4098/3762 3867/4217/3865
f 3868/4220/3866 3870/4229/3869 3869/4221/3868
f 3866/4219/3867 3869/4221/3868 3724/4059/3725
f 3869/4221/3868 3871/4223/3870 3723/4057/3723
f 3871/4223/3870 3872/4224/3871 3720/4058/3724
f 3872/4224/3871 3791/4145/3796 3721/4053/3719
f 3706/4035/3702 3715/4054/3720 3873/4045/3712
f 3874/4056/3722 3873/4045/3712 3715/4054/3720
f 3877/4073/3738 3790/4143/3794 3789/4140/3793
f 3876/4047/3714 3704/4033/3700 3705/4034/3701
f 3717/4048/3715 3876/4047/3714 3877/4073/3738
f 3875/4146/3797 3878/4144/3795 3722/4055/3721
f 3879/4225/3872 3880/4942/3877 3872/4224/3871
f 3872/4224/3871 3880/4942/3877 3881/4226/3873
f 3882/4227/3874 3875/4146/3797 3791/4145/3796
f 3875/4146/3797 3882/4227/3874 3883/4228/3875
f 3871/4223/3870 3869/4221/3868 3870/4229/3869
f 3870/4222/3869 3867/4217/3865 3884/4230/3876
f 3885/4233/3878 3881/4237/3873 3880/4232/3877
f 3790/4142/3794 3883/4235/3875 3751/4079/3744
f 3768/4128/3790 3886/4117/3780 3887/4104/3768
f 3761/4234/3879 3887/4104/3768 3888/4103/3767
f 3745/4101/3765 3888/4103/3767 3889/4077/3742
f 3889/4077/3742 3884/4230/3876 3867/4217/3865
f 3885/4233/3878 3884/4230/3876 3889/4077/3742
f 3883/4235/3875 3882/4236/3874 3885/4233/3878
f 3824/4207/3858 3804/4159/3810 3891/4238/3880
f 3861/4175/3826 3892/4252/3894 3904/4240/3882
f 3905/4241/3883 3894/4354/3992 3890/4239/3881
f 3890/4239/3881 3894/4354/3992 3895/4242/3884
f 3903/4243/3885 3899/4249/3891 3898/4244/3886
f 3900/4246/3888 3896/4250/3892 3897/4247/3889
f 3898/4244/3886 3899/4249/3891 3900/4246/3888
f 3844/4181/3832 3900/4246/3888 3899/4249/3891
f 3844/4181/3832 3835/4191/3842 3896/4250/3892
f 3893/4251/3893 3892/4252/3894 3903/4243/3885
f 3861/4175/3826 3826/4177/3828 3903/4243/3885
f 3892/4252/3894 3893/4251/3893 3905/4241/3883
f 3907/4253/3895 3906/4363/3970 3835/4191/3842
f 3908/4254/3896 3909/4257/3898 3810/4255/3856
f 3909/4257/3898 3908/4254/3896 3919/4258/3899
f 3921/4260/3901 3920/4272/3912 3913/4261/3902
f 3910/4263/3904 3917/4268/3909 3916/4264/3905
f 3915/4266/3907 3912/4262/3903 3913/4261/3902
f 3915/4266/3907 3914/4267/3908 3916/4264/3905
f 3918/4259/3900 3919/4258/3899 3910/4263/3904
f 3922/4269/3910 3906/4331/3970 3907/4270/3895
f 3921/4260/3901 3922/4269/3910 3923/4271/3911
f 3978/4273/3913 3925/4277/3917 3924/4274/3914
f 3978/4273/3913 3977/4278/3918 3926/4276/3916
f 3977/4278/3918 3976/4281/3921 3927/4279/3919
f 3975/4280/3920 3928/4282/3922 3927/4279/3919
f 3928/4282/3922 3975/4280/3920 3974/4283/3923
f 3973/4285/3925 3930/4286/3926 3929/4284/3924
f 3930/4286/3926 3973/4285/3925 3972/4287/3927
f 3971/4289/3929 3932/4291/3931 3931/4288/3928
f 3971/4289/3929 3970/4330/3969 3933/4290/3930
f 3954/4292/3932 3953/4320/3960 3937/4293/3933
f 3944/4295/3935 3946/4308/3948 3938/4296/3936
f 3951/4298/3938 3950/4321/3961 3939/4299/3939
f 3948/4301/3941 3947/4322/3962 3940/4302/3942
f 3939/4299/3939 3950/4321/3961 3949/4304/3944
f 3952/4306/3946 3951/4298/3938 3942/4300/3940
f 3941/4305/3945 3949/4304/3944 3948/4301/3941
f 3940/4302/3942 3947/4322/3962 3946/4308/3948
f 3937/4293/3933 3953/4320/3960 3952/4306/3946
f 3963/4309/3949 3931/4288/3928 3932/4291/3931
f 3962/4311/3951 3930/4286/3926 3931/4288/3928
f 3961/4312/3952 3929/4284/3924 3930/4286/3926
f 3960/4313/3953 3928/4282/3922 3929/4284/3924
f 3959/4314/3954 3927/4279/3919 3928/4282/3922
f 3926/4276/3916 3927/4279/3919 3959/4314/3954
f 3925/4277/3917 3926/4276/3916 3958/4315/3955
f 3956/4317/3957 3924/4274/3914 3925/4277/3917
f 3936/4318/3958 3924/4274/3914 3956/4317/3957
f 3955/4319/3959 3956/4317/3957 3953/4320/3960
f 3953/4320/3960 3956/4317/3957 3957/4316/3956
f 3957/4316/3956 3958/4315/3955 3951/4298/3938
f 3958/4315/3955 3959/4314/3954 3950/4321/3961
f 3950/4321/3961 3959/4314/3954 3960/4313/3953
f 3949/4304/3944 3960/4313/3953 3961/4312/3952
f 3961/4312/3952 3962/4311/3951 3947/4322/3962
f 3947/4322/3962 3962/4311/3951 3963/4309/3949
f 3946/4308/3948 3963/4309/3949 3964/4310/3950
f 3938/4296/3936 3964/4310/3950 3968/4326/3966
f 3853/4328/3814 3809/4368/3857 3969/4327/3967
f 3933/4290/3930 3968/4326/3966 3964/4310/3950
f 3968/4326/3966 3933/4290/3930 3834/4329/3968
f 3908/4254/3896 3843/4256/3897 3970/4330/3969
f 3908/4254/3896 3971/4289/3929 3972/4287/3927
f 3973/4285/3925 3910/4263/3904 3919/4258/3899
f 3910/4263/3904 3973/4285/3925 3974/4283/3923
f 3975/4280/3920 3915/4266/3907 3917/4268/3909
f 3912/4262/3903 3915/4266/3907 3975/4280/3920
f 3921/4260/3901 3912/4262/3903 3976/4281/3921
f 3921/4260/3901 3977/4278/3918 3978/4273/3913
f 3922/4269/3910 3978/4273/3913 3979/4275/3915
f 3852/4332/3838 3834/4329/3968 3933/4290/3930
f 3942/4300/3940 3981/4337/3975 3980/4333/3971
f 3943/4303/3943 3982/4336/3974 3983/4334/3972
f 3935/4297/3937 3985/4370/4004 3984/4335/3973
f 3984/4335/3973 3986/4340/3978 3967/4325/3965
f 3967/4325/3965 3986/4340/3978 3982/4336/3974
f 3966/4324/3964 3987/4338/3976 3981/4337/3975
f 3987/4338/3976 3966/4324/3964 3941/4305/3945
f 3980/4333/3971 3988/4346/3984 3965/4323/3963
f 3990/4339/3977 3989/4344/3982 3987/4338/3976
f 3986/4340/3978 3991/4341/3979 3990/4339/3977
f 3991/4341/3979 3986/4340/3978 3984/4335/3973
f 3981/4337/3975 3987/4338/3976 3989/4344/3982
f 3980/4333/3971 3993/4343/3981 3994/4345/3983
f 3954/4292/3932 3996/4348/3986 3995/4347/3985
f 3996/4348/3986 3998/4350/3988 3997/4349/3987
f 3998/4350/3988 3905/4241/3883 3893/4251/3893
f 3955/4319/3959 3995/4347/3985 3999/4351/3989
f 3995/4347/3985 3997/4349/3987 4000/4352/3990
f 3997/4349/3987 3893/4251/3893 3902/4245/3887
f 3905/4241/3883 3998/4350/3988 4001/4353/3991
f 3998/4350/3988 3996/4348/3986 4002/4355/3993
f 3996/4348/3986 3954/4292/3932 3934/4294/3934
f 3965/4323/3963 3988/4346/3984 4002/4355/3993
f 3988/4346/3984 3994/4345/3983 4003/4356/3994
f 4003/4356/3994 4004/4404/4036 4001/4353/3991
f 4001/4353/3991 4004/4404/4036 3895/4242/3884
f 3936/4318/3958 3999/4351/3989 4012/4358/3996
f 4005/4359/3997 4007/4361/3999 3906/4331/3970
f 4005/4359/3997 4006/4364/4000 4008/4360/3998
f 3896/4250/3892 4007/4362/3999 4008/4360/3998
f 4007/4362/3999 3896/4250/3892 3835/4191/3842
f 4010/4366/4002 4000/4352/3990 3902/4245/3887
f 4009/4365/4001 3901/4248/3890 3897/4247/3889
f 4010/4366/4002 3898/4244/3886 3901/4248/3890
f 3979/4275/3915 3924/4274/3914 4011/4357/3995
f 4005/4359/3997 4011/4357/3995 4012/4358/3996
f 4000/4352/3990 4010/4366/4002 4012/4358/3996
f 4006/4364/4000 4012/4358/3996 4010/4366/4002
f 3891/4367/3880 4013/4369/4003 3969/4327/3967
f 3935/4297/3937 3938/4296/3936 3969/4327/3967
f 4013/4369/4003 4014/4387/4021 3985/4370/4004
f 3804/4159/3810 3805/4155/3806 4015/4371/4005
f 3803/4156/3807 3895/4242/3884 4016/4372/4006
f 3895/4242/3884 4004/4404/4036 4017/4373/4007
f 4019/4374/4008 4022/4376/4010 4021/4149/3800
f 4019/4374/4008 4018/4379/4013 4023/4375/4009
f 3799/4377/4011 3806/4152/3803 4016/4372/4006
f 4019/4374/4008 3799/4377/4011 3798/4378/4012
f 3799/4377/4011 4019/4374/4008 4020/4148/3799
f 4021/4149/3800 4022/4376/4010 3775/4130/3792
f 4022/4376/4010 4023/4375/4009 3785/4127/3789
f 3793/4150/3801 3794/4147/3798 3792/4380/4014
f 3796/4382/4016 3801/4154/3805 3793/4150/3801
f 3796/4382/4016 4024/4433/4022 3795/4383/4017
f 3795/4383/4017 4015/4371/4005 3805/4155/3806
f 3774/4125/3787 3784/4123/3786 3792/4380/4014
f 4069/4384/4018 4026/4435/4062 4025/4385/4019
f 3792/4380/4014 3784/4123/3786 4072/4386/4020
f 4014/4387/4021 4013/4369/4003 3891/4367/3880
f 4024/4389/4022 4028/4436/4063 4027/4390/4023
f 3795/4391/4017 4027/4390/4023 4014/4387/4021
f 4027/4390/4023 4029/4399/4031 4030/4392/4024
f 3985/4370/4004 4014/4387/4021 4030/4392/4024
f 3769/4116/3779 4032/4397/4029 4034/4393/4025
f 4033/4394/4026 4003/4356/3994 3994/4345/3983
f 4034/4393/4025 4036/4398/4030 3771/4119/3782
f 3771/4119/3782 4036/4398/4030 4035/4396/4028
f 4032/4397/4029 3989/4344/3982 3990/4339/3977
f 4034/4393/4025 3991/4341/3979 3992/4342/3980
f 4036/4398/4030 4030/4392/4024 4029/4399/4031
f 3768/4128/3790 4033/4394/4026 4031/4395/4027
f 3769/4116/3779 3886/4117/3780 4037/4400/4032
f 4037/4400/4032 4031/4395/4027 3994/4345/3983
f 4032/4397/4029 4037/4400/4032 3993/4343/3981
f 3772/4122/3785 4038/4402/4034 4039/4401/4033
f 4038/4402/4034 3772/4122/3785 3780/4120/3783
f 4017/4373/4007 4040/4403/4035 4018/4379/4013
f 4040/4403/4035 3776/4129/3791 4023/4375/4009
f 3768/4128/3790 3776/4129/3791 4040/4403/4035
f 4004/4404/4036 4003/4356/3994 4033/4394/4026
f 4043/4405/4037 4042/4409/4041 4049/4406/4038
f 4041/4408/4040 4048/4943/4043 4049/4406/4038
f 4050/4410/4042 4047/4414/4045 4048/4411/4043
f 4051/4413/4044 4046/4416/4047 4047/4414/4045
f 4052/4415/4046 4045/4944/4048 4046/4416/4047
f 4052/4417/4046 4043/4405/4037 4044/4407/4039
f 4054/4419/4049 4050/4410/4042 4041/4412/4040
f 4055/4421/4051 4051/4413/4044 4050/4410/4042
f 4055/4421/4051 4056/4432/4052 4052/4415/4046
f 4056/4422/4052 4057/4423/4053 4043/4405/4037
f 4057/4423/4053 4058/4425/4054 4042/4409/4041
f 4053/4424/4050 4041/4408/4040 4042/4409/4041
f 4060/4426/4055 4057/4423/4053 4056/4422/4052
f 4060/4426/4055 4061/4428/4057 4058/4425/4054
f 4061/4428/4057 4062/4945/4058 4053/4424/4050
f 4062/4429/4058 4063/4431/4060 4054/4419/4049
f 4064/4430/4059 4055/4421/4051 4054/4419/4049
f 4064/4430/4059 4059/4452/4056 4056/4432/4052
f 4049/4406/4038 4048/4943/4043 4024/4433/4022
f 4065/4434/4061 3796/4382/4016 3797/4381/4015
f 4048/4411/4043 4047/4414/4045 4028/4436/4063
f 4047/4414/4045 4067/4438/4065 4066/4437/4064
f 4035/4396/4028 4029/4399/4031 4066/4437/4064
f 4029/4399/4031 4027/4390/4023 4028/4436/4063
f 4038/4402/4034 4067/4438/4065 4068/4439/4066
f 4046/4416/4047 4045/4944/4048 4068/4439/4066
f 4068/4440/4066 4070/4442/4067 4069/4384/4018
f 4070/4442/4067 4068/4440/4066 4045/4418/4048
f 4049/4406/4038 4065/4434/4061 4071/4443/4068
f 4070/4442/4067 4071/4443/4068 4026/4435/4062
f 3792/4380/4014 4025/4385/4019 4026/4435/4062
f 4039/4441/4033 4069/4384/4018 4072/4386/4020
f 4074/4444/4069 4073/4453/4071 4063/4431/4060
f 4074/4445/4069 4062/4945/4058 4061/4428/4057
f 4073/4447/4071 4074/4445/4069 4075/4446/4070
f 4059/4427/4056 4078/4450/4074 4077/4449/4073
f 4078/4450/4074 4076/4448/4072 4075/4446/4070
f 4061/4428/4057 4060/4426/4055 4077/4449/4073
f 4064/4430/4059 4076/4454/4072 4078/4451/4074
f 4064/4430/4059 4063/4431/4060 4073/4453/4071
f 3911/4265/3906 4080/4457/4077 4079/4455/4075
f 3911/4265/3906 3916/4264/3905 4081/4456/4076
f 3916/4264/3905 3914/4267/3908 4082/4458/4078
f 4082/4458/4078 3914/4267/3908 3913/4261/3902
f 3920/4272/3912 4084/4946/4080 4083/4459/4079
f 4084/4460/4080 4086/4464/4083 4085/4461/4081
f 4087/4463/4082 4088/4466/4085 4086/4464/4083
f 3482/3796/3480 4104/4468/4087 4103/4465/4084
f 3823/4195/3846 4086/4464/4083 4088/4466/4085
f 3482/3796/3480 3483/3795/3479 4105/4467/4086
f 4088/4466/4085 4087/4463/4082 4089/4469/4088
f 3821/4193/3844 4088/4466/4085 4090/4470/4089
f 3907/4253/3895 3811/4190/3841 4090/4470/4089
f 4087/4471/4082 4084/4946/4080 3920/4272/3912
f 3923/4271/3911 3907/4270/3895 4089/4472/4088
f 4080/4457/4077 4091/4947/4091 4092/4473/4090
f 4091/4474/4091 3815/4200/3851 3825/4203/3854
f 4091/4474/4091 4093/4477/4093 3817/4201/3852
f 4098/4476/4092 3819/4199/3850 3817/4201/3852
f 4082/4458/4078 4096/4481/4097 4095/4478/4094
f 4094/4479/4095 4080/4457/4077 4081/4456/4076
f 4082/4458/4078 4083/4459/4079 4097/4480/4096
f 3819/4199/3850 4098/4476/4092 4085/4461/4081
f 4099/4482/4098 4095/4487/4094 4096/4483/4097
f 4093/4477/4093 4099/4482/4098 4100/4484/4099
f 4098/4476/4092 4097/4488/4096 4083/4462/4079
f 4094/4485/4095 4093/4477/4093 4091/4474/4091
f 4099/4482/4098 4093/4477/4093 4094/4485/4095
f 4100/4484/4099 4096/4483/4097 4097/4488/4096
f 4101/4489/4100 4092/4475/4090 3825/4203/3854
f 4092/4473/4090 4101/4491/4100 4102/4490/4101
f 4101/4491/4100 3810/4255/3856 3909/4257/3898
f 3918/4259/3900 4079/4455/4075 4102/4490/4101
f 4086/4464/4083 3823/4195/3846 3813/4197/3848
f 3483/3795/3479 3485/3798/3482 4106/4492/4102
f 4234/4493/4103 4107/4494/4104 3480/3792/3476
f 4236/4496/4106 4109/4497/4107 3478/3790/3474
f 4109/4497/4107 4110/4498/4108 2863/3789/3473
f 4110/4498/4108 4111/4632/4233 2848/3102/2831
f 2848/3102/2831 4111/4632/4233 4112/4499/4109
f 4112/4499/4109 4114/4747/4115 4113/4500/4110
f 4117/4504/4113 4115/4710/4111 4113/4505/4110
f 4114/4507/4115 4118/4751/4322 4116/4506/4114
f 4120/4508/4116 4154/4653/4251 4153/4509/4117
f 4129/4511/4119 4123/4527/4135 4146/4512/4120
f 4131/4514/4122 4125/4526/4134 4149/4515/4123
f 4133/4517/4125 4127/4530/4138 4152/4518/4126
f 4139/4520/4128 4129/4511/4119 4145/4513/4121
f 4131/4514/4122 4148/4516/4124 4147/4522/4130
f 4133/4517/4125 4151/4519/4127 4150/4524/4132
f 4135/4525/4133 4150/4524/4132 4149/4515/4123
f 4137/4523/4131 4147/4522/4130 4146/4512/4120
f 4119/4528/4136 4139/4520/4128 4144/4521/4129
f 4127/4530/4138 4141/4510/4118 4153/4509/4117
f 4144/4521/4129 4140/4533/4141 4122/4531/4139
f 4144/4521/4129 4145/4513/4121 4130/4532/4140
f 4145/4513/4121 4146/4512/4120 4124/4534/4142
f 4147/4522/4130 4138/4536/4144 4124/4534/4142
f 4147/4522/4130 4148/4516/4124 4132/4535/4143
f 4148/4516/4124 4149/4515/4123 4126/4537/4145
f 4150/4524/4132 4136/4539/4147 4126/4537/4145
f 4150/4524/4132 4151/4519/4127 4134/4538/4146
f 4151/4519/4127 4152/4518/4126 4128/4540/4148
f 4153/4509/4117 4142/4542/4150 4128/4540/4148
f 4153/4509/4117 4154/4653/4251 4121/4541/4149
f 4139/4520/4128 4176/4570/4178 4175/4543/4151
f 4175/4543/4151 4174/4544/4152 4123/4527/4135
f 4174/4544/4152 4173/4545/4153 4137/4523/4131
f 4173/4545/4153 4172/4546/4154 4131/4514/4122
f 4172/4546/4154 4171/4571/4179 4125/4526/4134
f 4125/4526/4134 4171/4571/4179 4170/4547/4155
f 4170/4547/4155 4169/4548/4156 4133/4517/4125
f 4169/4548/4156 4168/4549/4157 4127/4530/4138
f 4168/4549/4157 4167/4550/4158 4141/4510/4118
f 4167/4550/4158 4166/4572/4180 4120/4508/4116
f 4164/4551/4159 4165/4693/4290 4187/4552/4160
f 4163/4554/4162 4164/4551/4159 4186/4553/4161
f 4162/4556/4164 4163/4554/4162 4185/4555/4163
f 4161/4558/4166 4162/4556/4164 4184/4557/4165
f 4182/4560/4168 4160/4670/4267 4161/4558/4166
f 4159/4561/4169 4160/4670/4267 4182/4560/4168
f 4158/4563/4171 4159/4561/4169 4181/4562/4170
f 4157/4565/4173 4158/4563/4171 4180/4564/4172
f 4156/4567/4175 4157/4565/4173 4179/4566/4174
f 4177/4569/4177 4155/4577/4185 4156/4567/4175
f 4177/4569/4177 4178/4568/4176 4175/4543/4151
f 4178/4568/4176 4179/4566/4174 4174/4544/4152
f 4179/4566/4174 4180/4564/4172 4173/4545/4153
f 4180/4564/4172 4181/4562/4170 4172/4546/4154
f 4181/4562/4170 4182/4560/4168 4171/4571/4179
f 4171/4571/4179 4182/4560/4168 4183/4559/4167
f 4183/4559/4167 4184/4557/4165 4169/4548/4156
f 4184/4557/4165 4185/4555/4163 4168/4549/4157
f 4186/4553/4161 4167/4550/4158 4168/4549/4157
f 4186/4553/4161 4187/4552/4160 4166/4572/4180
f 4122/4531/4139 4189/4948/4421 4188/4573/4181
f 4143/4529/4137 4188/4573/4181 4190/4574/4182
f 4119/4528/4136 4191/4575/4183 4176/4570/4178
f 4191/4575/4183 4192/4576/4184 4177/4569/4177
f 4192/4576/4184 4193/4578/4186 4155/4577/4185
f 4193/4578/4186 4192/4576/4184 4195/4579/4187
f 4192/4576/4184 4191/4575/4183 4196/4581/4189
f 4191/4575/4183 4119/4528/4136 4190/4574/4182
f 4200/4585/4193 4201/4589/4197 4138/4536/4144
f 4203/4586/4194 4202/4588/4196 4136/4539/4147
f 4203/4586/4194 4205/4593/4201 4204/4587/4195
f 4201/4589/4197 4200/4585/4193 4207/4590/4198
f 4208/4592/4200 4209/4607/4215 4206/4591/4199
f 4205/4593/4201 4211/4626/4227 4210/4594/4202
f 4204/4587/4195 4210/4594/4202 4213/4595/4203
f 4208/4592/4200 4207/4590/4198 4212/4596/4204
f 4200/4585/4193 4214/4597/4205 4212/4596/4204
f 4214/4597/4205 4202/4588/4196 4204/4587/4195
f 4198/4583/4191 4136/4539/4147 4202/4588/4196
f 4200/4585/4193 4132/4535/4143 4198/4583/4191
f 4216/4598/4206 4215/4600/4208 4142/4542/4150
f 4216/4598/4206 4217/4631/4232 4218/4599/4207
f 4215/4600/4208 4219/4601/4209 4197/4582/4190
f 4219/4601/4209 4203/4586/4194 4134/4538/4146
f 4219/4601/4209 4220/4602/4210 4205/4593/4201
f 4219/4601/4209 4215/4600/4208 4218/4599/4207
f 4221/4603/4211 4222/4605/4213 4140/4533/4141
f 4221/4603/4211 4224/4606/4214 4223/4604/4212
f 4201/4589/4197 4206/4591/4199 4224/4606/4214
f 4201/4589/4197 4221/4603/4211 4199/4584/4192
f 4209/4607/4215 4208/4592/4200 4226/4608/4216
f 4228/4610/4218 4227/4614/4220 4103/4611/4084
f 4228/4610/4218 4230/4615/4221 4229/4613/4219
f 4230/4615/4221 4231/4763/4334 4223/4604/4212
f 4232/4616/4222 4229/4613/4219 4223/4604/4212
f 4229/4613/4219 4232/4616/4222 4233/4617/4223
f 4209/4607/4215 4225/4609/4217 4233/4617/4223
f 4206/4591/4199 4209/4607/4215 4232/4616/4222
f 4103/4611/4084 4227/4614/4220 4233/4617/4223
f 4107/4619/4104 4234/4618/4103 4225/4609/4217
f 3479/3791/3475 3480/3792/3476 4235/4495/4105
f 4238/4621/4225 4237/4627/4228 4235/4622/4105
f 4108/4623/4224 4240/4628/4229 4239/4624/4226
f 4238/4621/4225 4210/4594/4202 4211/4626/4227
f 4240/4628/4229 4242/4630/4231 4241/4629/4230
f 4242/4630/4231 4220/4602/4210 4218/4599/4207
f 4210/4594/4202 4238/4621/4225 4226/4608/4216
f 4211/4626/4227 4205/4593/4201 4220/4602/4210
f 4237/4627/4228 4211/4626/4227 4242/4630/4231
f 4235/4622/4105 4237/4627/4228 4240/4628/4229
f 4111/4632/4233 4110/4498/4108 4244/4633/4234
f 4110/4498/4108 4109/4497/4107 4245/4635/4236
f 4247/4636/4237 4244/4639/4234 4245/4637/4236
f 4244/4639/4234 4247/4636/4237 4248/4640/4239
f 4246/4638/4238 4245/4637/4236 4236/4625/4106
f 4248/4640/4239 4250/4644/4242 4249/4642/4240
f 4248/4640/4239 4252/4649/4247 4251/4643/4241
f 4251/4643/4241 4252/4649/4247 4254/4645/4243
f 4256/4647/4245 4255/4657/4255 4253/4646/4244
f 4257/4648/4246 4258/4651/4249 4254/4645/4243
f 4254/4645/4243 4258/4651/4249 4259/4650/4248
f 4257/4648/4246 4241/4629/4230 4217/4631/4232
f 4216/4598/4206 4259/4650/4248 4258/4651/4249
f 4239/4624/4226 4241/4629/4230 4257/4648/4246
f 4252/4649/4247 4248/4640/4239 4247/4636/4237
f 4120/4508/4116 4261/4654/4252 4260/4652/4250
f 4187/4552/4160 4262/4655/4253 4261/4654/4252
f 4262/4655/4253 4264/4694/4291 4263/4656/4254
f 4263/4656/4254 4265/4736/4313 4260/4652/4250
f 4260/4652/4250 4265/4736/4313 4255/4657/4255
f 4256/4647/4245 4121/4541/4149 4154/4653/4251
f 4273/4658/4256 4272/4664/4262 4266/4659/4257
f 4267/4660/4258 4268/4665/4263 4274/4661/4259
f 4270/4662/4260 4269/4949/4296 1288/1318/1277
f 1288/1318/1277 4269/4949/4296 4271/4663/4261
f 1828/1895/1794 1830/4919/1803 4272/4664/4262
f 4273/4658/4256 4274/4661/4259 1829/1896/1795
f 4268/4665/4263 4270/4662/4260 1287/1317/1276
f 2608/2834/2589 4113/4501/4110 4275/4503/4112
f 1830/1912/1803 2607/2833/2588 4275/4503/4112
f 4115/4502/4111 4266/4950/4257 4272/4666/4262
f 4277/4667/4264 4276/4669/4266 4159/4561/4169
f 4158/4563/4171 4157/4565/4173 4278/4668/4265
f 4276/4669/4266 4279/4672/4269 4160/4670/4267
f 4280/4671/4268 4161/4558/4166 4160/4670/4267
f 4161/4558/4166 4280/4671/4268 4281/4673/4270
f 4282/4674/4271 4163/4554/4162 4162/4556/4164
f 4282/4674/4271 4283/4676/4273 4164/4551/4159
f 4284/4675/4272 4165/4693/4290 4164/4551/4159
f 4286/4677/4274 4285/4690/4287 4283/4676/4273
f 4282/4674/4271 4281/4673/4270 4287/4678/4275
f 4288/4679/4276 4287/4678/4275 4281/4673/4270
f 4280/4671/4268 4279/4672/4269 4289/4680/4277
f 4279/4672/4269 4276/4669/4266 4290/4681/4278
f 4277/4667/4264 4291/4683/4280 4290/4681/4278
f 4277/4667/4264 4278/4668/4265 4292/4682/4279
f 4156/4567/4175 4155/4577/4185 4293/4684/4281
f 4278/4668/4265 4157/4565/4173 4156/4567/4175
f 4278/4668/4265 4294/4685/4282 4295/4686/4283
f 4295/4686/4283 4294/4685/4282 4293/4684/4281
f 4298/4688/4285 4297/4689/4286 4296/4687/4284
f 4298/4688/4285 4193/4578/4186 4194/4580/4188
f 4155/4577/4185 4193/4578/4186 4298/4688/4285
f 4285/4690/4287 4299/4692/4289 4284/4675/4272
f 4300/4691/4288 4165/4693/4290 4284/4675/4272
f 4165/4693/4290 4300/4691/4288 4264/4694/4291
f 4266/4704/4257 4288/4699/4276 4290/4698/4278
f 4295/4696/4283 4268/4706/4263 4267/4705/4258
f 4285/4702/4287 4287/4701/4275 4266/4704/4257
f 4296/4707/4284 4297/4951/4286 4301/4711/4292
f 4301/4711/4292 4302/4713/4293 4270/4712/4260
f 4302/4713/4293 4301/4711/4292 4304/4714/4294
f 4301/4711/4292 4297/4951/4286 4194/4716/4188
f 4269/4717/4296 4270/4712/4260 4305/4718/4297
f 4307/4720/4299 4271/4721/4261 4269/4717/4296
f 4271/4721/4261 4307/4720/4299 4308/4722/4300
f 4308/4722/4300 4309/4729/4306 758/751/740
f 4302/4713/4293 4310/4840/4398 4305/4718/4297
f 4311/4724/4301 4312/4725/4302 4306/4719/4298
f 4312/4725/4302 4313/4727/4304 4307/4720/4299
f 4314/4726/4303 4308/4722/4300 4307/4720/4299
f 4308/4722/4300 4314/4726/4303 4315/4728/4305
f 4321/4730/4307 4320/4733/4310 4317/4731/4308
f 4320/4733/4310 4319/4735/4312 4318/4734/4311
f 4263/4656/4254 4264/4694/4291 4319/4735/4312
f 4265/4736/4313 4263/4656/4254 4320/4733/4310
f 4321/4730/4307 4253/4646/4244 4255/4657/4255
f 4321/4730/4307 4316/4732/4309 4322/4737/4314
f 4319/4735/4312 4117/4504/4113 4116/4506/4114
f 4300/4691/4288 4299/4692/4289 4117/4504/4113
f 4322/4737/4314 4323/4738/4315 4251/4643/4241
f 4323/4738/4315 4324/4739/4316 4250/4644/4242
f 4324/4739/4316 4325/4750/4318 4326/4740/4317
f 4327/4743/4319 4249/4642/4240 4325/4742/4318
f 4327/4745/4319 4112/4499/4109 4111/4632/4233
f 4112/4499/4109 4327/4745/4319 4328/4746/4320
f 4329/4748/4321 4118/4751/4322 4114/4507/4115
f 4329/4748/4321 4328/4749/4320 4325/4750/4318
f 4118/4751/4322 4330/4752/4323 4318/4734/4311
f 4330/4752/4323 4316/4732/4309 4317/4731/4308
f 4330/4752/4323 4323/4738/4315 4322/4737/4314
f 4330/4752/4323 4118/4751/4322 4329/4748/4321
f 4104/4612/4087 4105/4766/4086 4332/4753/4324
f 4334/4755/4326 4333/4756/4327 4331/4754/4325
f 4333/4756/4327 4335/4762/4333 4336/4757/4328
f 4339/4758/4329 4338/4761/4332 4337/4759/4330
f 4338/4761/4332 4189/4948/4421 4122/4531/4139
f 4335/4762/4333 4339/4758/4329 4340/4760/4331
f 4340/4760/4331 4337/4759/4330 4231/4763/4334
f 4336/4757/4328 4340/4760/4331 4230/4615/4221
f 4228/4610/4218 4104/4612/4087 4331/4754/4325
f 4122/4531/4139 4140/4533/4141 4222/4605/4213
f 4106/4764/4102 4342/4772/4340 4341/4765/4335
f 4341/4765/4335 4343/4767/4336 4332/4753/4324
f 4343/4767/4336 4344/4786/4354 4334/4755/4326
f 3487/3800/3483 4345/4952/4386 4346/4768/4337
f 4346/4769/4337 4345/4953/4386 4348/4770/4338
f 4106/4764/4102 4346/4769/4337 4347/4771/4339
f 4356/4773/4341 4355/4776/4344 4358/4774/4342
f 4355/4776/4344 4354/4778/4346 4359/4777/4345
f 4354/4778/4346 4353/4780/4348 4360/4779/4347
f 4354/4778/4346 4347/4771/4339 4348/4770/4338
f 4347/4771/4339 4354/4778/4346 4355/4776/4344
f 4341/4765/4335 4342/4772/4340 4355/4776/4344
f 4357/4775/4343 4358/4774/4342 4350/4781/4349
f 4358/4774/4342 4359/4777/4345 4351/4783/4351
f 4359/4777/4345 4360/4779/4347 4352/4784/4352
f 4349/4782/4350 4362/4798/4366 4361/4785/4353
f 4357/4775/4343 4361/4785/4353 4344/4786/4354
f 4343/4767/4336 4341/4765/4335 4356/4773/4341
f 4370/4787/4355 4369/4794/4362 4349/4782/4350
f 4350/4781/4349 4351/4783/4351 4371/4788/4356
f 4363/4789/4357 4364/4792/4360 4366/4790/4358
f 4364/4792/4360 4365/4795/4363 4368/4793/4361
f 4370/4787/4355 4364/4792/4360 4363/4789/4357
f 4370/4787/4355 4371/4788/4356 4365/4795/4363
f 4372/4796/4364 4368/4793/4361 4365/4795/4363
f 4372/4796/4364 4371/4788/4356 4351/4783/4351
f 4349/4782/4350 4369/4794/4362 4373/4797/4365
f 4363/4789/4357 4367/4791/4359 4373/4797/4365
f 4367/4799/4359 4374/4806/4370 4375/4800/4367
f 4376/4802/4368 4377/4803/4369 4373/4801/4365
f 4377/4803/4369 4378/4877/4430 4362/4804/4366
f 4366/4805/4358 4379/4813/4377 4374/4806/4370
f 4374/4806/4370 4379/4813/4377 4381/4807/4371
f 4380/4808/4372 4383/4810/4374 4382/4809/4373
f 4383/4810/4374 4385/4883/4435 4384/4811/4375
f 4366/4805/4358 4368/4817/4361 4386/4812/4376
f 4387/4814/4378 4381/4807/4371 4379/4813/4377
f 4372/4815/4364 4388/4820/4381 4389/4816/4379
f 4386/4812/4376 4389/4816/4379 4390/4818/4380
f 4352/4819/4352 4391/4822/4383 4388/4820/4381
f 4352/4819/4352 4360/4824/4347 4392/4821/4382
f 4353/4823/4348 4393/4825/4384 4392/4821/4382
f 4393/4825/4384 4353/4823/4348 4348/4826/4338
f 4345/4828/4386 3487/3801/3483 4394/4827/4385
f 756/748/737 759/4832/4390 4395/4829/4387
f 4396/4830/4388 3487/3801/3483 754/745/735
f 758/751/740 4309/4729/4306 4397/4831/4389
f 4309/4729/4306 4315/4728/4305 4398/4833/4391
f 4398/4833/4391 4399/4835/4393 4400/4834/4392
f 4400/4834/4392 4395/4829/4387 759/4832/4390
f 4399/4835/4393 4398/4833/4391 4315/4728/4305
f 4314/4726/4303 4313/4727/4304 4401/4836/4394
f 4312/4725/4302 4402/4837/4395 4401/4836/4394
f 4402/4837/4395 4312/4725/4302 4311/4724/4301
f 4404/4839/4397 4390/4818/4380 4403/4838/4396
f 4311/4724/4301 4305/4718/4297 4310/4840/4398
f 4401/4836/4394 4405/4846/4404 4400/4834/4392
f 4390/4818/4380 4389/4816/4379 4406/4841/4399
f 4406/4841/4399 4407/4842/4400 4402/4837/4395
f 4407/4842/4400 4405/4846/4404 4401/4836/4394
f 4388/4820/4381 4408/4843/4401 4406/4841/4399
f 4408/4843/4401 4388/4820/4381 4391/4822/4383
f 4391/4822/4383 4392/4821/4382 4410/4845/4403
f 4407/4842/4400 4406/4841/4399 4408/4843/4401
f 4409/4844/4402 4410/4845/4403 4405/4846/4404
f 4405/4846/4404 4410/4845/4403 4395/4829/4387
f 4410/4845/4403 4394/4827/4385 4396/4830/4388
f 4426/4847/4405 4425/4851/4409 4428/4848/4406
f 4424/4850/4408 4429/4852/4410 4428/4848/4406
f 4429/4852/4410 4424/4850/4408 4423/4853/4411
f 4423/4853/4411 4422/4865/4420 4431/4855/4413
f 4431/4855/4413 4422/4865/4420 4421/4856/4414
f 4420/4858/4416 4433/4859/4417 4432/4857/4415
f 4433/4859/4417 4420/4858/4416 4419/4860/4418
f 4420/4858/4416 4334/4863/4326 4344/4862/4354
f 4334/4863/4326 4420/4858/4416 4421/4856/4414
f 4422/4865/4420 4335/4954/4333 4333/4864/4327
f 4339/4866/4329 4335/4954/4333 4422/4865/4420
f 4424/4850/4408 4338/4955/4332 4339/4866/4329
f 4189/4867/4421 4338/4955/4332 4424/4850/4408
f 4188/4868/4181 4189/4867/4421 4425/4851/4409
f 4428/4848/4406 4412/4870/4423 4439/4869/4422
f 4429/4852/4410 4413/4871/4424 4412/4870/4423
f 4413/4871/4424 4429/4852/4410 4430/4854/4412
f 4431/4855/4413 4415/4873/4426 4414/4872/4425
f 4415/4873/4426 4431/4855/4413 4432/4857/4415
f 4433/4859/4417 4417/4875/4428 4416/4874/4427
f 4417/4875/4428 4433/4859/4417 4434/4861/4419
f 4377/4803/4369 4376/4802/4368 4418/4876/4429
f 4419/4860/4418 4361/4878/4353 4378/4877/4430
f 4381/4807/4371 4436/4880/4432 4435/4879/4431
f 4436/4880/4432 4381/4807/4371 4387/4814/4378
f 4390/4818/4380 4404/4839/4397 4437/4881/4433
f 4435/4879/4431 4438/4882/4434 4383/4810/4374
f 4438/4882/4434 4439/4869/4422 4385/4883/4435
f 4414/4872/4425 4441/4885/4437 4440/4884/4436
f 4415/4873/4426 4416/4874/4427 4442/4886/4438
f 4418/4876/4429 4443/4888/4440 4444/4887/4439
f 4417/4875/4428 4444/4887/4439 4442/4886/4438
f 4443/4888/4440 4418/4876/4429 4376/4802/4368
f 4375/4800/4367 4446/4891/4443 4445/4889/4441
f 4413/4871/4424 4440/4884/4436 4447/4890/4442
f 4447/4890/4442 4385/4883/4435 4439/4869/4422
f 4446/4891/4443 4375/4800/4367 4382/4809/4373
f 4411/4892/4444 4448/4893/4445 4446/4891/4443
f 4449/4894/4446 4443/4888/4440 4445/4889/4441
f 4450/4895/4447 4442/4886/4438 4444/4887/4439
f 4450/4895/4447 4451/4896/4448 4440/4884/4436
f 4447/4890/4442 4411/4892/4444 4384/4811/4375
f 4447/4890/4442 4440/4884/4436 4451/4896/4448
f 4448/4893/4445 4411/4892/4444 4451/4896/4448
f 4196/4897/4189 4452/4900/4450 4453/4898/4449
f 4452/4900/4450 4454/4902/4452 4455/4901/4451
f 4454/4902/4452 4438/4882/4434 4435/4879/4431
f 4437/4881/4433 4310/4840/4398 4302/4713/4293
f 4436/4880/4432 4303/4715/4295 4455/4901/4451
f 4453/4898/4449 4455/4901/4451 4303/4715/4295
f 4304/4714/4294 4194/4716/4188 4195/4899/4187
f 4427/4849/4407 4439/4869/4422 4438/4882/4434
f 4427/4849/4407 4454/4902/4452 4452/4900/4450
f 4190/4903/4182 4188/4868/4181 4426/4847/4405
o lenin_pedestal
v 0.255570 1.640373 0.714458
v 0.281809 1.640373 0.714458
v 0.281809 1.589290 0.717057
v 0.333224 1.640373 0.714458
v 0.359464 1.640373 0.714458
v 0.333224 1.510585 0.721062
v 0.281809 1.567334 0.718174
v 0.125348 1.510585 0.721062
v 0.125348 1.640373 0.714458
v 0.149904 1.640373 0.714458
v 0.149904 1.553965 0.718854
v 0.202560 1.640373 0.714458
v 0.228710 1.510585 0.721062
v 0.020214 1.510585 0.721062
v -0.006026 1.510585 0.721062
v -0.006026 1.640373 0.714458
v 0.020214 1.640373 0.714458
v 0.020214 1.589290 0.717057
v 0.071629 1.640373 0.714458
v -0.030847 1.618417 0.715575
v -0.100966 1.532452 0.719949
v -0.028365 1.532452 0.719949
v -0.154243 1.640373 0.714458
v -0.154243 1.510585 0.721062
v -0.219575 1.618417 0.715575
v -0.219752 1.548717 0.719121
v -0.221171 1.529752 0.720086
v -0.264962 1.510673 0.721057
v -0.264962 1.530947 0.720025
v -0.259111 1.530859 0.720030
v -0.250522 1.531842 0.719980
v -0.245509 1.538895 0.719621
v -0.245282 1.639850 0.704187
v -0.245282 1.640373 0.714458
v -0.154243 1.639850 0.704187
v -0.154243 1.510062 0.710791
v -0.180482 1.510062 0.710791
v -0.180482 1.510585 0.721062
v -0.180482 1.617894 0.705304
v -0.180482 1.618417 0.715575
v -0.219575 1.617894 0.705304
v -0.219575 1.562473 0.708124
v -0.219575 1.562996 0.718395
v -0.219752 1.548195 0.708851
v -0.220284 1.537113 0.709415
v -0.220284 1.537636 0.719685
v -0.221171 1.529229 0.709816
v -0.222742 1.523406 0.710112
v -0.222742 1.523928 0.720383
v -0.225327 1.518507 0.710361
v -0.225327 1.519030 0.720632
v -0.228927 1.514533 0.710564
v -0.228927 1.515056 0.720834
v -0.233808 1.511606 0.710712
v -0.233808 1.512129 0.720983
v -0.240234 1.509851 0.710802
v -0.240234 1.510373 0.721072
v -0.248208 1.509265 0.710832
v -0.248208 1.509788 0.721102
v -0.257703 1.509659 0.710812
v -0.257703 1.510181 0.721082
v -0.264962 1.510151 0.710787
v -0.264962 1.530424 0.709755
v -0.259111 1.530336 0.709759
v -0.254216 1.530582 0.709747
v -0.254216 1.531104 0.720017
v -0.250522 1.531320 0.709709
v -0.248030 1.532549 0.709647
v -0.248030 1.533072 0.719917
v -0.246455 1.534743 0.709535
v -0.246455 1.535265 0.719806
v -0.245509 1.538373 0.709351
v -0.245194 1.543439 0.709093
v -0.245194 1.543961 0.719363
v -0.028365 1.510062 0.710791
v -0.028365 1.510585 0.721062
v -0.127205 1.510062 0.710791
v -0.127205 1.510585 0.721062
v -0.127205 1.639850 0.704187
v -0.127205 1.640373 0.714458
v -0.030847 1.639850 0.704187
v -0.030847 1.640373 0.714458
v -0.030847 1.617894 0.705304
v -0.100966 1.617894 0.705304
v -0.100966 1.618417 0.715575
v -0.100966 1.589121 0.706768
v -0.100966 1.589644 0.717039
v -0.035722 1.589121 0.706769
v -0.035722 1.589644 0.717039
v -0.035722 1.567254 0.707881
v -0.035722 1.567776 0.718152
v -0.100966 1.567254 0.707881
v -0.100966 1.567776 0.718152
v -0.100966 1.531929 0.709678
v -0.028365 1.531929 0.709679
v 0.020214 1.510062 0.710791
v -0.006026 1.510062 0.710791
v -0.006026 1.639850 0.704187
v 0.020214 1.639850 0.704187
v 0.020214 1.588767 0.706787
v 0.071629 1.588767 0.706787
v 0.071629 1.589290 0.717057
v 0.071629 1.639850 0.704187
v 0.097868 1.639850 0.704187
v 0.097868 1.640373 0.714458
v 0.097868 1.510062 0.710791
v 0.097868 1.510585 0.721062
v 0.071629 1.510062 0.710791
v 0.071629 1.510585 0.721062
v 0.071629 1.566811 0.707904
v 0.071629 1.567334 0.718174
v 0.020214 1.566811 0.707904
v 0.020214 1.567334 0.718174
v 0.125348 1.510062 0.710791
v 0.125348 1.639850 0.704187
v 0.149904 1.639850 0.704187
v 0.149904 1.553443 0.708584
v 0.202560 1.639850 0.704188
v 0.228710 1.639850 0.704188
v 0.228710 1.640373 0.714458
v 0.228710 1.510062 0.710791
v 0.204155 1.510062 0.710791
v 0.204155 1.510585 0.721062
v 0.204155 1.594787 0.706480
v 0.204155 1.595310 0.716751
v 0.151588 1.510062 0.710791
v 0.151588 1.510585 0.721062
v 0.281809 1.510062 0.710791
v 0.281809 1.510585 0.721062
v 0.255570 1.510062 0.710791
v 0.255570 1.510585 0.721062
v 0.255570 1.639850 0.704188
v 0.281809 1.639850 0.704188
v 0.281809 1.588767 0.706787
v 0.333224 1.588767 0.706787
v 0.333224 1.589290 0.717057
v 0.333224 1.639850 0.704188
v 0.359464 1.639850 0.704188
v 0.359464 1.510062 0.710791
v 0.359464 1.510585 0.721062
v 0.333224 1.510062 0.710791
v 0.333224 1.566811 0.707904
v 0.333224 1.567334 0.718174
v 0.281809 1.566811 0.707904
v -0.539657 0.242584 0.773102
v -0.539656 0.242584 -0.411794
v 0.645240 0.242584 -0.411793
v 0.645239 0.242584 0.773103
v -0.598300 -0.057416 0.831745
v 0.703882 -0.057416 0.831746
v 0.703882 0.242584 0.831746
v -0.598300 0.242584 0.831745
v -0.464020 1.840416 0.695914
v -0.464019 1.840416 -0.337708
v 0.569603 1.840416 -0.337707
v 0.569602 1.840416 0.695915
v 0.703883 -0.057416 -0.469526
v -0.598299 0.242584 -0.469527
v -0.598299 -0.057416 -0.469527
v 0.703883 0.242584 -0.469526
v -0.365116 1.840416 0.597010
v -0.365115 1.840416 -0.238804
v 0.470698 1.840416 0.597010
v 0.470699 1.840416 -0.238803
v -0.365056 1.911547 0.596950
v -0.345073 1.940416 0.576967
v -0.345073 1.940416 -0.218761
v -0.365055 1.911547 -0.238744
v 0.450656 1.940416 -0.218761
v 0.470639 1.911547 -0.238744
v 0.450656 1.940416 0.576968
v 0.470639 1.911547 0.596951
vn -0.9995 0.0305 -0.0015
vn -1.0000 -0.0009 -0.0000
vn -0.9995 0.0305 -0.0016
vn -0.0000 0.9987 -0.0509
vn 1.0000 -0.0000 -0.0000
vn -0.0000 -0.9987 0.0509
vn -1.0000 -0.0000 -0.0000
vn 1.0000 -0.0062 0.0003
vn 0.9995 -0.0301 0.0015
vn 1.0000 -0.0066 0.0003
vn 0.9968 -0.0797 0.0041
vn 0.9825 -0.1862 0.0095
vn 0.9308 -0.3650 0.0186
vn 0.8195 -0.5723 0.0291
vn 0.6350 -0.7715 0.0393
vn 0.3930 -0.9184 0.0468
vn 0.6351 -0.7715 0.0393
vn 0.3930 -0.9184 0.0467
vn 0.1694 -0.9843 0.0501
vn 0.0160 -0.9986 0.0508
vn 0.1694 -0.9843 0.0500
vn -0.0546 -0.9972 0.0507
vn -0.0677 -0.9964 0.0506
vn 0.0151 0.9986 -0.0508
vn -0.0174 0.9986 -0.0507
vn 0.0150 0.9986 -0.0508
vn -0.0175 0.9986 -0.0508
vn -0.1235 0.9911 -0.0504
vn -0.1234 0.9911 -0.0504
vn -0.3222 0.9454 -0.0481
vn -0.6471 0.7614 -0.0387
vn -0.3224 0.9454 -0.0480
vn -0.9054 0.4240 -0.0216
vn -0.6470 0.7615 -0.0388
vn -0.9875 0.1575 -0.0080
vn -0.9053 0.4241 -0.0217
vn -0.0000 -0.9987 0.0508
vn -0.8542 0.5192 -0.0264
vn 0.8500 -0.5260 0.0268
vn -0.9989 0.0473 -0.0000
vn -0.0000 0.0463 -0.9989
vn 0.9989 0.0473 -0.0000
vn -0.0000 0.0483 0.9988
vn -0.0000 -1.0000 -0.0000
vn -0.0000 1.0000 -0.0000
vn -0.0000 -0.0000 1.0000
vn 1.0000 0.0008 -0.0000
vn -0.0000 0.0008 1.0000
vn -0.0000 0.0008 -1.0000
vn -0.0000 0.5692 0.8222
vn -0.0000 0.5691 0.8222
vn -0.0000 0.5691 -0.8222
vn -0.0000 -0.0000 -1.0000
vn 0.8222 0.5691 -0.0000
vn 0.8222 0.5692 -0.0000
vn -0.8223 0.5691 -0.0000
vn -0.8222 0.5691 -0.0000
vn -1.0000 0.0008 -0.0000
vn -0.0000 0.0508 0.9987
vn 0.8877 0.0369 0.4590
vn -0.0001 0.0508 0.9987
vn -0.0000 0.0509 0.9987
vn -0.0000 0.0519 0.9987
vn -0.0000 0.0507 0.9987
vn 0.0001 0.0502 0.9987
vn -0.0001 0.0509 0.9987
vn 0.0003 0.0509 0.9987
vn 0.0001 0.0508 0.9987
vn 0.0007 0.0508 0.9987
vn -0.0002 0.0508 0.9987
vt 0.403399 0.958503
vt 0.509322 0.969787
vt 0.403399 0.969787
vt 0.609215 0.958503
vt 0.509322 0.958503
vt 0.751808 0.958503
vt 0.609215 0.969787
vt 0.031293 0.958503
vt 0.002502 0.969787
vt 0.002502 0.958503
vt 0.149764 0.969787
vt 0.031293 0.969787
vt 0.149764 0.958503
vt 0.192659 0.969787
vt 0.253548 0.958503
vt 0.192659 0.958503
vt 0.269236 0.958503
vt 0.253548 0.969787
vt 0.281425 0.969787
vt 0.269236 0.969787
vt 0.290141 0.958503
vt 0.281425 0.958503
vt 0.296768 0.958503
vt 0.290141 0.969787
vt 0.302852 0.958503
vt 0.296768 0.969787
vt 0.308739 0.958503
vt 0.302852 0.969787
vt 0.314986 0.969787
vt 0.308739 0.969787
vt 0.314986 0.958503
vt 0.322296 0.969787
vt 0.331069 0.958503
vt 0.322296 0.958503
vt 0.341496 0.958503
vt 0.331069 0.969787
vt 0.349480 0.969787
vt 0.341496 0.969787
vt 0.349480 0.958503
vt 0.371753 0.969787
vt 0.371753 0.958503
vt 0.378174 0.969787
vt 0.378174 0.958503
vt 0.383552 0.969787
vt 0.383552 0.958503
vt 0.387685 0.969787
vt 0.390735 0.958503
vt 0.387685 0.958503
vt 0.393701 0.958503
vt 0.390735 0.969787
vt 0.397822 0.969787
vt 0.393701 0.969787
vt 0.397822 0.958503
vt 0.002503 0.907505
vt 0.110955 0.918789
vt 0.002503 0.918789
vt 0.110955 0.907505
vt 0.253549 0.918789
vt 0.253549 0.907505
vt 0.359278 0.918789
vt 0.383400 0.907505
vt 0.359278 0.907505
vt 0.460338 0.907505
vt 0.383400 0.918789
vt 0.491950 0.907505
vt 0.460338 0.918789
vt 0.563538 0.918789
vt 0.491950 0.918789
vt 0.587563 0.907505
vt 0.563538 0.907505
vt 0.659151 0.907505
vt 0.587563 0.918789
vt 0.697961 0.907505
vt 0.659151 0.918789
vt 0.777623 0.907505
vt 0.697961 0.918788
vt 0.801648 0.907505
vt 0.777623 0.918788
vt 0.513930 0.935782
vt 0.542720 0.924499
vt 0.542720 0.935782
vt 0.371336 0.924499
vt 0.513930 0.924499
vt 0.371336 0.935782
vt 0.342545 0.924499
vt 0.286422 0.935782
vt 0.342545 0.935782
vt 0.230008 0.935782
vt 0.286422 0.924499
vt 0.173884 0.924499
vt 0.230008 0.924499
vt 0.145093 0.935782
vt 0.173884 0.935782
vt 0.002500 0.935782
vt 0.145093 0.924499
vt 0.752623 0.935782
vt 0.723831 0.924499
vt 0.752623 0.924499
vt 0.723831 0.935782
vt 0.661483 0.924499
vt 0.605069 0.935782
vt 0.661483 0.935782
vt 0.605069 0.924499
vt 0.260827 0.890507
vt 0.403420 0.901791
vt 0.260827 0.901791
vt 0.430363 0.890507
vt 0.403420 0.890507
vt 0.525296 0.890507
vt 0.430363 0.901791
vt 0.636428 0.901790
vt 0.525296 0.901790
vt 0.665121 0.890507
vt 0.636428 0.890507
vt 0.807715 0.890507
vt 0.665121 0.901790
vt 0.002502 0.890507
vt 0.029445 0.901790
vt 0.002502 0.901790
vt 0.029445 0.890507
vt 0.122530 0.901790
vt 0.232036 0.890507
vt 0.122530 0.890507
vt 0.232036 0.901791
vt 0.513924 0.952791
vt 0.542715 0.941507
vt 0.542715 0.952791
vt 0.371331 0.941507
vt 0.513924 0.941507
vt 0.342540 0.952791
vt 0.371331 0.952791
vt 0.286417 0.952791
vt 0.342540 0.941507
vt 0.230002 0.952791
vt 0.286417 0.941507
vt 0.173879 0.941507
vt 0.230002 0.941507
vt 0.145088 0.952791
vt 0.173879 0.952791
vt 0.002495 0.952791
vt 0.145088 0.941507
vt 0.723826 0.952791
vt 0.752617 0.941507
vt 0.752617 0.952791
vt 0.661478 0.941507
vt 0.723826 0.941507
vt 0.605063 0.952791
vt 0.661478 0.952791
vt 0.605063 0.941507
vt 0.592963 0.423260
vt 0.852479 0.783738
vt 0.582030 0.788690
vt 0.455171 0.038795
vt 0.090018 0.292022
vt 0.090018 0.021528
vt 0.176037 0.321190
vt 0.536515 0.580707
vt 0.171084 0.591638
vt 0.097588 0.854336
vt 0.462774 0.601110
vt 0.462774 0.871603
vt 0.814429 0.002594
vt 0.511616 0.305409
vt 0.506070 0.002594
vt 0.476162 0.884991
vt 0.544647 0.587722
vt 0.544647 0.884991
vt 0.088969 0.301912
vt 0.157454 0.604778
vt 0.088969 0.604778
vt 0.568890 0.802320
vt 0.871757 0.870806
vt 0.568890 0.870806
vt 0.871757 0.802321
vt 0.157454 0.301912
vt 0.562996 0.367774
vt 0.575738 0.558829
vt 0.559503 0.558546
vt 0.075010 0.831758
vt 0.058772 0.640968
vt 0.075010 0.640955
vt 0.477749 0.061373
vt 0.493987 0.252163
vt 0.477749 0.252177
vt 0.050757 0.645530
vt 0.058772 0.831745
vt 0.050757 0.827183
vt 0.455171 0.274755
vt 0.097588 0.618376
vt 0.540835 0.344786
vt 0.502002 0.247601
vt 0.493987 0.061387
vt 0.502002 0.065949
vt 0.071084 0.002596
vt 0.002598 0.310954
vt 0.002598 0.002596
vt 0.997406 0.216697
vt 0.815754 0.398350
vt 0.815754 0.216697
vt 0.587162 0.372793
vt 0.579231 0.368085
vt 0.800876 0.372613
vt 0.614840 0.384036
vt 0.619254 0.375939
vt 0.615124 0.400272
vt 0.828883 0.418940
vt 0.805584 0.380544
vt 0.805895 0.396779
vt 0.920608 0.488705
vt 0.896485 0.432290
vt 0.920608 0.432290
vt 0.840362 0.403499
vt 0.896485 0.488705
vt 0.840362 0.517496
vt 0.840362 0.488705
vt 0.982956 0.403499
vt 0.982956 0.432290
vt 0.982956 0.488705
vt 0.982956 0.517496
vt 0.990663 0.551291
vt 0.943002 0.549443
vt 0.848070 0.522501
vt 0.990663 0.635914
vt 0.897579 0.608971
vt 0.990663 0.608971
vt 0.848070 0.635914
vt 0.848070 0.607220
vt 0.875602 0.031298
vt 0.819479 0.002507
vt 0.899725 0.031298
vt 0.962073 0.116504
vt 0.819479 0.087713
vt 0.875602 0.087713
vt 0.962073 0.002507
vt 0.962073 0.031298
vt 0.962073 0.087713
vt 0.899725 0.087713
vt 0.977139 0.853337
vt 0.905550 0.877362
vt 0.905550 0.853337
vt 0.876759 0.933096
vt 0.905550 0.814527
vt 0.985212 0.790503
vt 0.876759 0.790503
vt 0.889825 0.665629
vt 0.960928 0.641507
vt 0.932720 0.665629
vt 0.861034 0.784100
vt 0.889825 0.784100
vt 0.966677 0.760745
vt 0.934471 0.763042
vt 0.963943 0.759394
vt 0.905550 0.908974
vt 0.982489 0.933096
vt 0.751808 0.969787
vt 0.801648 0.918788
vt 0.002500 0.924498
vt 0.807715 0.901791
vt 0.002495 0.941507
vt 0.808884 0.305409
vt 0.476162 0.587722
vt 0.071084 0.310954
vt 0.997406 0.398350
vt 0.583836 0.554415
vt 0.840362 0.432290
vt 0.990663 0.522501
vt 0.848070 0.549443
vt 0.819479 0.031298
vt 0.819479 0.116504
vt 0.977139 0.877362
vt 0.985212 0.814527
vt 0.861034 0.641507
vt 0.976101 0.761826
vt 0.982521 0.761729
vt 0.982521 0.784003
vt 0.974556 0.784543
vt 0.964137 0.784975
vt 0.955389 0.784333
vt 0.948337 0.782403
vt 0.942982 0.779188
vt 0.939032 0.774822
vt 0.936195 0.769440
vt 0.933498 0.754380
vt 0.932915 0.742205
vt 0.932720 0.726518
vt 0.960830 0.747431
vt 0.961176 0.752996
vt 0.970730 0.761556
vt 0.962214 0.756984
vt 0.982489 0.908974
s 1
usemtl mat_pedestal
f 4529/4956/4456 4488/4957/4457 4528/4958/4458
f 4478/4959/4459 4488/4957/4459 4489/4960/4459
f 4479/4961/4460 4490/4962/4460 4478/4959/4460
f 4493/4963/4461 4491/4964/4461 4479/4965/4461
f 4493/4963/4462 4494/4966/4462 4492/4967/4462
f 4495/4968/4461 4496/4969/4461 4494/4966/4461
f 4498/4970/4463 4496/4969/4460 4480/4971/4460
f 4481/4972/4464 4497/4973/4463 4498/4970/4465
f 4481/4972/4464 4500/4974/4466 4499/4975/4464
f 4482/4976/4467 4500/4974/4466 4501/4977/4466
f 4504/4978/4468 4502/4979/4467 4482/4976/4467
f 4506/4980/4469 4503/4981/4468 4504/4978/4468
f 4508/4982/4470 4505/4983/4469 4506/4980/4469
f 4508/4982/4470 4509/4984/4471 4507/4985/4472
f 4510/4986/4473 4511/4987/4474 4509/4984/4471
f 4514/4988/4475 4511/4987/4474 4512/4989/4476
f 4516/4990/4477 4513/4991/4475 4514/4988/4475
f 4516/4990/4477 4517/4992/4478 4515/4993/4477
f 4483/4994/4462 4518/4995/4462 4517/4992/4462
f 4484/4996/4479 4519/4997/4480 4518/4995/4481
f 4485/4998/4482 4520/4999/4483 4519/4997/4480
f 4521/5000/4484 4522/5001/4485 4520/4999/4483
f 4524/5002/4486 4522/5001/4485 4486/5003/4487
f 4526/5004/4488 4523/5005/4489 4524/5002/4486
f 4526/5004/4488 4527/5006/4490 4525/5007/4491
f 4487/5008/4490 4528/4958/4458 4527/5006/4490
f 4531/5009/4461 4532/5010/4461 4530/5011/4461
f 4533/5012/4462 4534/5013/4462 4532/5010/4462
f 4535/5014/4459 4536/5015/4459 4534/5013/4459
f 4475/5016/4460 4536/5015/4460 4537/5017/4460
f 4540/5018/4461 4538/5019/4461 4475/5016/4461
f 4542/5020/4460 4539/5021/4460 4540/5018/4460
f 4542/5020/4459 4543/5022/4459 4541/5023/4459
f 4546/5024/4460 4543/5022/4460 4544/5025/4460
f 4548/5026/4492 4545/5027/4492 4546/5024/4492
f 4476/5028/4460 4547/5029/4460 4548/5026/4460
f 4477/5030/4459 4549/5031/4459 4476/5028/4459
f 4531/5032/4460 4550/5033/4460 4477/5030/4460
f 4470/5034/4461 4551/5035/4461 4469/5036/4461
f 4470/5034/4462 4553/5037/4462 4552/5038/4462
f 4471/5039/4459 4554/5040/4459 4553/5037/4459
f 4473/5041/4460 4554/5040/4460 4472/5042/4460
f 4557/5043/4459 4555/5044/4459 4473/5041/4459
f 4557/5043/4462 4558/5045/4462 4556/5046/4462
f 4560/5047/4459 4558/5045/4459 4474/5048/4459
f 4562/5049/4460 4559/5050/4460 4560/5047/4460
f 4562/5051/4461 4563/5052/4461 4561/5053/4461
f 4564/5054/4462 4565/5055/4462 4563/5052/4462
f 4568/5056/4461 4565/5055/4461 4566/5057/4461
f 4469/5036/4460 4567/5058/4460 4568/5056/4460
f 4463/5059/4462 4570/5060/4462 4569/5061/4462
f 4465/5062/4459 4570/5060/4459 4464/5063/4459
f 4466/5064/4460 4571/5065/4460 4465/5062/4460
f 4466/5064/4493 4573/5066/4493 4572/5067/4493
f 4575/5068/4459 4573/5066/4459 4467/5069/4459
f 4468/5070/4460 4574/5071/4460 4575/5068/4460
f 4468/5072/4461 4577/5073/4461 4576/5074/4461
f 4578/5075/4462 4579/5076/4462 4577/5073/4462
f 4582/5077/4494 4579/5076/4494 4580/5078/4494
f 4582/5077/4461 4569/5061/4461 4581/5079/4461
f 4586/5080/4461 4583/5081/4461 4584/5082/4461
f 4586/5080/4462 4587/5083/4462 4585/5084/4462
f 4457/5085/4459 4587/5083/4459 4456/5086/4459
f 4458/5087/4460 4588/5088/4460 4457/5085/4460
f 4591/5089/4459 4589/5090/4459 4458/5087/4459
f 4591/5089/4462 4592/5091/4462 4590/5092/4462
f 4460/5093/4459 4592/5091/4459 4459/5094/4459
f 4595/5095/4460 4593/5096/4460 4460/5093/4460
f 4461/5097/4461 4594/5098/4461 4595/5099/4461
f 4461/5097/4462 4597/5100/4462 4596/5101/4462
f 4462/5102/4461 4597/5100/4461 4598/5103/4461
f 4584/5082/4460 4599/5104/4460 4462/5102/4460
f 4608/5105/4495 4601/5106/4495 4600/5107/4495
f 4609/5108/4496 4602/5109/4496 4601/5110/4496
f 4602/5111/4497 4611/5112/4497 4603/5113/4497
f 4611/5114/4498 4600/5115/4498 4603/5116/4498
f 4612/5117/4499 4604/5118/4499 4614/5119/4499
f 4600/5115/4500 4606/5120/4500 4603/5116/4500
f 4606/5120/4501 4604/5121/4501 4605/5122/4501
f 4612/5123/4460 4606/5124/4460 4605/5125/4460
f 4607/5126/4462 4614/5127/4462 4604/5128/4462
f 4600/5107/4500 4613/5129/4500 4607/5126/4500
f 4603/5113/4500 4615/5130/4500 4602/5111/4500
f 4619/5131/4502 4627/5132/4502 4618/5133/4502
f 4618/5134/4503 4620/5135/4503 4616/5136/4503
f 4617/5137/4504 4625/5138/4504 4619/5139/4504
f 4621/5140/4505 4627/5141/4506 4626/5142/4506
f 4609/5108/4500 4619/5139/4500 4610/5143/4500
f 4611/5114/4500 4616/5136/4500 4608/5144/4500
f 4610/5145/4500 4618/5133/4500 4611/5112/4500
f 4624/5146/4507 4623/5147/4507 4622/5148/4507
f 4613/5149/4508 4612/5150/4508 4614/5151/4508
f 4602/5109/4500 4613/5149/4500 4601/5110/4500
f 4624/5152/4500 4621/5153/4500 4626/5154/4500
f 4624/5155/4509 4627/5132/4510 4625/5156/4509
f 4622/5157/4511 4620/5158/4512 4621/5159/4512
f 4616/5160/4500 4609/5161/4500 4608/5105/4500
f 4616/5160/4513 4623/5162/4513 4617/5163/4513
f 4598/5164/4514 4458/5165/4514 4462/5166/4514
f 4462/5166/4514 4458/5165/4514 4456/5167/4514
f 4591/5168/4514 4460/5169/4514 4459/5170/4514
f 4598/5164/4514 4460/5169/4514 4591/5168/4514
f 4586/5171/4514 4584/5172/4514 4462/5166/4514
f 4461/5173/4514 4595/5174/4514 4598/5164/4514
f 4582/5175/4514 4466/5176/4514 4464/5177/4514
f 4468/5178/4514 4580/5179/4514 4578/5180/4514
f 4582/5175/4514 4575/5181/4514 4467/5182/4514
f 4473/5183/4514 4471/5184/4514 4568/5185/4514
f 4562/5186/4514 4474/5187/4514 4557/5188/4514
f 4470/5189/4514 4469/5190/4514 4568/5185/4514
f 4564/5191/4514 4562/5186/4514 4566/5192/4514
f 4546/5193/4514 4542/5194/4514 4548/5195/4515
f 4542/5194/4514 4535/5196/4514 4476/5197/4516
f 4531/5198/4514 4476/5197/4516 4533/5199/4514
f 4495/5200/4514 4489/5201/4514 4480/5202/4514
f 4479/5203/4514 4495/5200/4514 4493/5204/4514
f 4486/5205/4517 4482/5206/4514 4524/5207/4517
f 4540/5208/4514 4537/5209/4514 4535/5196/4514
f 4566/5192/4514 4473/5183/4514 4568/5185/4514
f 4529/4956/4456 4489/4960/4457 4488/4957/4457
f 4478/4959/4459 4490/4962/4459 4488/4957/4459
f 4479/4961/4460 4491/5210/4460 4490/4962/4460
f 4493/4963/4461 4492/4967/4461 4491/4964/4461
f 4493/4963/4462 4495/4968/4462 4494/4966/4462
f 4495/4968/4461 4480/4971/4461 4496/4969/4461
f 4498/4970/4465 4497/4973/4463 4496/4969/4460
f 4481/4972/4464 4499/4975/4464 4497/4973/4463
f 4481/4972/4464 4501/4977/4466 4500/4974/4466
f 4482/4976/4467 4502/4979/4467 4500/4974/4466
f 4504/4978/4468 4503/4981/4468 4502/4979/4467
f 4506/4980/4469 4505/4983/4469 4503/4981/4468
f 4508/4982/4470 4507/4985/4472 4505/4983/4469
f 4508/4982/4470 4510/4986/4473 4509/4984/4471
f 4510/4986/4473 4512/4989/4476 4511/4987/4474
f 4514/4988/4475 4513/4991/4475 4511/4987/4474
f 4516/4990/4477 4515/4993/4477 4513/4991/4475
f 4516/4990/4477 4483/4994/4478 4517/4992/4478
f 4483/4994/4462 4484/4996/4462 4518/4995/4462
f 4484/4996/4479 4485/4998/4482 4519/4997/4480
f 4485/4998/4482 4521/5000/4484 4520/4999/4483
f 4521/5000/4484 4486/5003/4487 4522/5001/4485
f 4524/5002/4486 4523/5005/4489 4522/5001/4485
f 4526/5004/4488 4525/5007/4491 4523/5005/4489
f 4526/5004/4488 4487/5008/4490 4527/5006/4490
f 4487/5008/4490 4529/4956/4456 4528/4958/4458
f 4531/5009/4461 4533/5012/4461 4532/5010/4461
f 4533/5012/4462 4535/5014/4462 4534/5013/4462
f 4535/5014/4459 4537/5017/4459 4536/5015/4459
f 4475/5016/4460 4538/5019/4460 4536/5015/4460
f 4540/5018/4461 4539/5021/4461 4538/5019/4461
f 4542/5020/4460 4541/5023/4460 4539/5021/4460
f 4542/5020/4459 4544/5025/4459 4543/5022/4459
f 4546/5024/4460 4545/5027/4460 4543/5022/4460
f 4548/5026/4492 4547/5029/4492 4545/5027/4492
f 4476/5028/4460 4549/5031/4460 4547/5029/4460
f 4477/5030/4459 4550/5033/4459 4549/5031/4459
f 4531/5032/4460 4530/5211/4460 4550/5033/4460
f 4470/5034/4461 4552/5038/4461 4551/5035/4461
f 4470/5034/4462 4471/5039/4462 4553/5037/4462
f 4471/5039/4459 4472/5042/4459 4554/5040/4459
f 4473/5041/4460 4555/5044/4460 4554/5040/4460
f 4557/5043/4459 4556/5046/4459 4555/5044/4459
f 4557/5043/4462 4474/5048/4462 4558/5045/4462
f 4560/5047/4459 4559/5050/4459 4558/5045/4459
f 4562/5049/4460 4561/5212/4460 4559/5050/4460
f 4562/5051/4461 4564/5054/4461 4563/5052/4461
f 4564/5054/4462 4566/5057/4462 4565/5055/4462
f 4568/5056/4461 4567/5058/4461 4565/5055/4461
f 4469/5036/4460 4551/5035/4460 4567/5058/4460
f 4463/5059/4462 4464/5063/4462 4570/5060/4462
f 4465/5062/4459 4571/5065/4459 4570/5060/4459
f 4466/5064/4460 4572/5067/4460 4571/5065/4460
f 4466/5064/4493 4467/5069/4493 4573/5066/4493
f 4575/5068/4459 4574/5071/4459 4573/5066/4459
f 4468/5070/4460 4576/5213/4460 4574/5071/4460
f 4468/5072/4461 4578/5075/4461 4577/5073/4461
f 4578/5075/4462 4580/5078/4462 4579/5076/4462
f 4582/5077/4494 4581/5079/4494 4579/5076/4494
f 4582/5077/4461 4463/5059/4461 4569/5061/4461
f 4586/5080/4461 4585/5084/4461 4583/5081/4461
f 4586/5080/4462 4456/5086/4462 4587/5083/4462
f 4457/5085/4459 4588/5088/4459 4587/5083/4459
f 4458/5087/4460 4589/5090/4460 4588/5088/4460
f 4591/5089/4459 4590/5092/4459 4589/5090/4459
f 4591/5089/4462 4459/5094/4462 4592/5091/4462
f 4460/5093/4459 4593/5096/4459 4592/5091/4459
f 4595/5095/4460 4594/5214/4460 4593/5096/4460
f 4461/5097/4461 4596/5101/4461 4594/5098/4461
f 4461/5097/4462 4598/5103/4462 4597/5100/4462
f 4462/5102/4461 4599/5104/4461 4597/5100/4461
f 4584/5082/4460 4583/5081/4460 4599/5104/4460
f 4608/5105/4495 4609/5161/4495 4601/5106/4495
f 4609/5108/4496 4610/5143/4496 4602/5109/4496
f 4602/5111/4497 4610/5145/4497 4611/5112/4497
f 4611/5114/4498 4608/5144/4498 4600/5115/4498
f 4612/5117/4499 4605/5215/4499 4604/5118/4499
f 4600/5115/4500 4607/5216/4500 4606/5120/4500
f 4606/5120/4501 4607/5216/4501 4604/5121/4501
f 4612/5123/4460 4615/5130/4460 4606/5124/4460
f 4607/5126/4462 4613/5129/4462 4614/5127/4462
f 4600/5107/4500 4601/5106/4500 4613/5129/4500
f 4603/5113/4500 4606/5124/4500 4615/5130/4500
f 4619/5131/4502 4625/5156/4502 4627/5132/4502
f 4618/5134/4503 4627/5141/4503 4620/5135/4503
f 4617/5137/4504 4623/5147/4504 4625/5138/4504
f 4621/5140/4505 4620/5135/4505 4627/5141/4506
f 4609/5108/4500 4617/5137/4500 4619/5139/4500
f 4611/5114/4500 4618/5134/4500 4616/5136/4500
f 4610/5145/4500 4619/5131/4500 4618/5133/4500
f 4624/5146/4507 4625/5138/4507 4623/5147/4507
f 4613/5149/4508 4615/5217/4508 4612/5150/4508
f 4602/5109/4500 4615/5217/4500 4613/5149/4500
f 4624/5152/4500 4622/5218/4500 4621/5153/4500
f 4624/5155/4509 4626/5219/4510 4627/5132/4510
f 4622/5157/4511 4623/5162/4511 4620/5158/4512
f 4616/5160/4500 4617/5163/4500 4609/5161/4500
f 4616/5160/4513 4620/5158/4513 4623/5162/4513
f 4598/5164/4514 4591/5168/4514 4458/5165/4514
f 4456/5167/4514 4586/5171/4514 4462/5166/4514
f 4458/5165/4514 4457/5220/4514 4456/5167/4514
f 4598/5164/4514 4595/5174/4514 4460/5169/4514
f 4464/5177/4514 4463/5221/4514 4582/5175/4514
f 4466/5176/4514 4465/5222/4514 4464/5177/4514
f 4468/5178/4514 4575/5181/4514 4580/5179/4514
f 4467/5182/4514 4466/5176/4514 4582/5175/4514
f 4582/5175/4514 4580/5179/4514 4575/5181/4514
f 4473/5183/4514 4472/5223/4514 4471/5184/4514
f 4471/5184/4514 4470/5189/4514 4568/5185/4514
f 4557/5188/4514 4566/5192/4514 4562/5186/4514
f 4562/5186/4514 4560/5224/4514 4474/5187/4514
f 4546/5193/4514 4544/5225/4514 4542/5194/4514
f 4542/5194/4514 4540/5208/4514 4535/5196/4514
f 4535/5196/4514 4533/5199/4514 4476/5197/4516
f 4476/5197/4516 4548/5195/4515 4542/5194/4514
f 4531/5198/4514 4477/5226/4514 4476/5197/4516
f 4495/5200/4514 4478/5227/4514 4489/5201/4514
f 4479/5203/4514 4478/5227/4514 4495/5200/4514
f 4485/5228/4514 4484/5229/4516 4483/5230/4514
f 4483/5230/4514 4516/5231/4518 4514/5232/4519
f 4514/5232/4519 4512/5233/4520 4510/5234/4514
f 4510/5234/4514 4508/5235/4521 4506/5236/4521
f 4506/5236/4521 4504/5237/4522 4482/5206/4514
f 4482/5206/4514 4501/5238/4514 4481/5239/4523
f 4481/5239/4523 4498/5240/4524 4480/5202/4514
f 4480/5202/4514 4489/5201/4514 4529/5241/4525
f 4480/5202/4514 4529/5241/4525 4487/5242/4517
f 4482/5206/4514 4481/5239/4523 4480/5202/4514
f 4510/5234/4514 4506/5236/4521 4482/5206/4514
f 4483/5230/4514 4514/5232/4519 4510/5234/4514
f 4521/5243/4521 4485/5228/4514 4483/5230/4514
f 4486/5205/4517 4521/5243/4521 4483/5230/4514
f 4483/5230/4514 4510/5234/4514 4482/5206/4514
f 4482/5206/4514 4480/5202/4514 4487/5242/4517
f 4482/5206/4514 4487/5242/4517 4526/5244/4519
f 4486/5205/4517 4483/5230/4514 4482/5206/4514
f 4482/5206/4514 4526/5244/4519 4524/5207/4517
f 4540/5208/4514 4475/5245/4514 4537/5209/4514
f 4566/5192/4514 4557/5188/4514 4473/5183/4514
