# Blender 4.4.1
# www.blender.org
mtllib ru_four_stories_1.mtl
o ru_four_stories_1
v 4.737608 -0.136508 -10.209820
v 4.737608 0.377176 -10.209820
v 6.235187 0.874223 -10.209821
v -6.690763 -0.311747 -10.209820
v -6.690763 -0.311747 -3.285251
v -6.626608 0.874223 -3.285251
v -4.117701 0.874223 -3.285251
v -6.626608 0.874223 -3.285251
v -6.690763 -0.311747 -3.285251
v -4.117701 0.874223 -3.285251
v -4.117701 -0.311747 -3.285251
v -4.117701 -0.311746 -1.630525
v -4.117701 0.874224 -1.630525
v -4.117701 -0.311746 -1.630525
v -5.833082 -0.311746 -1.630525
v -5.833082 0.874224 -0.558264
v -5.833082 0.874224 -1.630525
v -5.833082 -0.311746 -1.630525
v -5.833082 0.874224 1.860866
v -5.833082 -0.311746 1.860866
v -4.117701 -0.311746 1.860866
v -4.117701 0.874224 1.860866
v -4.117701 -0.311746 1.860866
v -4.117701 -0.311746 3.515592
v -4.117701 0.874224 3.515592
v -4.117701 -0.311746 3.515592
v -6.690763 -0.311746 3.515592
v -6.690763 -0.311745 10.440179
v -6.690763 0.874225 10.440178
v -6.690763 0.874224 3.515592
v 6.235187 0.874223 -10.209821
v 6.235187 0.378424 -5.430915
v 6.235187 0.378424 -6.377439
v -6.660436 11.575987 -10.179702
v -6.660436 9.482919 -10.179702
v -6.660436 9.229365 -10.180048
v -6.660436 0.913059 -10.178869
v -6.600370 0.913060 -3.315578
v -6.660436 3.616183 -10.180048
v -4.087382 0.913060 -3.315578
v -4.087382 11.575988 -3.315579
v -6.660436 11.575988 -3.315579
v 0.872196 0.913059 -10.178869
v 6.204859 0.913059 -10.178869
v 6.235187 0.874224 -1.202520
v 6.204859 0.913060 -1.202520
v 6.204859 0.913060 -0.770200
v -6.660436 0.913061 3.545919
v -4.087382 0.913061 3.545919
v -6.690763 0.874224 3.515592
v -4.087382 0.913061 3.545919
v -4.087382 0.913060 1.830547
v -4.087382 0.913060 1.830547
v -5.802754 0.913060 1.830547
v -5.802754 0.913060 -0.558264
v -5.802754 0.913060 -1.600197
v -4.087382 0.913060 -1.600197
v -5.833082 0.874224 -1.630525
v -4.087382 0.913060 -1.600197
v -4.087382 0.913060 -3.315578
v -6.600370 0.913060 -3.315578
v -6.690763 0.874223 -10.209821
v 6.374675 9.482920 7.052447
v 6.374675 9.229367 10.577231
v 6.374675 9.229366 -1.202521
v -4.087382 11.575989 -1.600198
v -4.087382 11.575988 -3.315579
v -5.802754 0.913060 -1.600197
v -5.802754 3.821724 -1.600197
v -5.802754 11.575989 -1.600198
v -4.087382 11.575989 -1.600198
v -5.802754 11.575989 1.830546
v -5.802754 3.821725 1.830547
v -4.087382 11.575989 1.830546
v -4.087382 11.575989 3.545918
v -4.087382 11.575989 1.830546
v -6.660436 0.913061 3.545919
v -6.660436 11.575989 3.545918
v -4.087382 11.575989 3.545918
v -6.660436 0.913061 10.409210
v -6.660436 3.366842 10.409210
v -6.660436 3.616184 10.410388
v -6.660436 9.229367 10.410388
v -6.660436 9.482921 10.410042
v -6.660436 11.575989 10.410042
v -6.660436 11.575989 3.545918
v 6.204859 9.799060 -6.461064
v 6.204859 9.482919 -10.179702
v 6.204859 11.576343 -10.180411
v -6.830338 11.749727 -10.349855
v -6.745344 11.575987 -10.261974
v -6.745344 11.575988 -3.230671
v -6.830338 11.749729 -3.145902
v -6.745344 11.575988 -3.230671
v -4.172290 11.575988 -3.230671
v -4.255933 11.749729 -1.767544
v -4.255933 11.749729 -3.145894
v -4.172290 11.575988 -3.230671
v -5.970690 11.749729 -1.767544
v -4.255933 11.749729 -1.767544
v -4.172290 11.575989 -1.685106
v -5.970690 11.749729 2.001410
v -5.970690 11.749729 -1.767544
v -5.887662 11.575989 -1.685106
v -5.970690 11.749729 2.001410
v -5.887662 11.575989 1.915454
v -4.172290 11.575989 1.915454
v -4.256089 11.749729 2.001410
v -4.172290 11.575989 1.915454
v -4.172290 11.575989 3.461010
v -6.825607 11.749729 3.372403
v -4.256089 11.749729 3.372403
v -4.172290 11.575989 3.461010
v -6.825607 11.749729 3.372403
v -6.745344 11.575989 3.461010
v -6.745344 11.575989 10.492324
v 6.289767 11.575989 10.492324
v 6.289767 11.575989 -1.202521
v 6.376538 11.749729 -1.202521
v 6.376538 11.749729 0.115009
v 6.376538 11.749729 10.580116
v 6.289715 9.229366 -7.290698
v 6.374675 9.229365 -10.346883
v 6.374675 9.229366 -1.202521
v 6.374675 9.482920 -1.202521
v 6.204859 9.482920 -1.202521
v 6.202988 9.481993 4.162654
v 0.203695 12.060429 9.966249
v 0.202205 12.944295 8.219614
v -6.825607 13.574444 6.976134
v -6.660436 11.575987 -10.179702
v -6.660436 11.575988 -3.315579
v -4.087382 11.575988 -3.315579
v -4.087382 11.575989 -1.600198
v -4.172290 11.575989 -1.685106
v -4.087382 11.575989 -1.600198
v -5.802754 11.575989 -1.600198
v -5.887662 11.575989 -1.685106
v -5.802754 11.575989 1.830546
v -5.887662 11.575989 1.915454
v -4.087382 11.575989 1.830546
v -4.087382 11.575989 3.545918
v -4.087382 11.575989 3.545918
v -6.660436 11.575989 3.545918
v -6.745344 11.575989 3.461010
v -6.660436 11.575989 10.410042
v 6.204859 11.575989 -1.202521
v 6.204859 11.576343 -10.180411
v 6.289767 11.575987 -10.261974
v -1.336983 3.366841 -10.178869
v -6.660436 3.366841 -10.178869
v -6.660436 3.366841 -10.296185
v 6.304272 3.366842 10.505737
v 6.312443 3.366842 6.881366
v 6.313985 3.617397 6.881288
v 6.312443 3.617397 4.334437
v 6.302660 3.616184 -1.202520
v 6.204859 3.616184 -1.202520
v 6.302660 3.366841 -1.202520
v 6.204859 3.366841 -1.202520
v 6.204348 3.365680 -4.441613
v -6.830338 11.749729 -3.145902
v -4.255933 11.749729 -3.145894
v 0.696306 13.574444 -6.733846
v -5.970690 11.749729 2.001410
v -4.256089 11.749729 2.001410
v -2.637192 12.662086 0.120139
v 1.937013 13.176576 -0.147859
v 4.574118 12.329352 -0.147911
v 6.376538 11.749729 -1.202521
v 6.376538 11.749727 -10.349855
v -6.825607 11.749729 3.372403
v 0.696600 13.574444 6.980518
v -6.829160 11.749729 10.580116
v -6.825607 13.574444 6.976134
v -6.830338 11.749729 -3.145902
v -6.830338 13.574444 -6.747875
v -4.256089 11.749729 3.372403
v -4.255933 11.749729 -1.767544
v -5.970690 11.749729 -1.767544
v -5.970690 12.661714 0.116933
v -6.660436 9.482919 -10.346883
v -6.660436 9.229365 -10.346883
v -6.660436 3.366841 -10.178869
v -6.660436 3.616183 -10.296185
v 0.694972 13.575605 0.122608
v 6.235187 0.874225 10.440178
v 6.235187 0.382472 5.230730
v 6.235187 0.874224 0.809696
v 6.204859 0.913060 0.809696
v 6.204859 0.913061 10.409210
v 6.204859 -0.311746 0.809696
v 6.235187 -0.311746 -0.770200
v 6.235187 0.874224 -0.770200
v 6.204859 0.913060 -0.770200
v 6.235187 -0.311746 0.809696
v 6.204859 -0.311746 0.809696
v 6.204859 0.913060 0.809696
v 5.514289 1.300755 -10.831175
v 4.727098 1.300755 -10.831175
v 4.727098 1.300755 -10.240183
v 4.727098 1.300755 -10.831175
v 4.727088 -0.311747 -10.831174
v 4.727088 -0.311747 -10.240182
v 5.514289 1.300755 -10.240183
v 5.514289 -0.311747 -10.240182
v 5.514289 -0.311747 -10.831174
v 5.514289 1.300755 -10.831175
v 4.727088 -0.311747 -10.831174
v 6.972322 1.712279 -0.875548
v 6.972322 1.712279 0.917999
v 6.014387 1.712279 0.917999
v 6.971863 2.021688 0.021229
v 6.971863 1.884929 -0.774316
v 6.014387 1.884929 -0.774316
v 6.972322 1.813746 0.917999
v 6.014387 1.813746 0.917999
v 6.014387 1.712279 0.917999
v 6.972322 1.813746 -0.875548
v 6.972322 1.813746 0.917999
v 6.972322 1.712279 0.917999
v 6.014387 1.813746 -0.875548
v 6.972322 1.813746 -0.875548
v 6.972322 1.712279 -0.875548
v 6.014387 1.884929 0.816766
v 6.014387 1.813746 0.917999
v 6.972322 1.813746 0.917999
v 6.971863 1.884929 -0.774316
v 6.971863 2.021688 0.021229
v 6.971863 1.884929 0.816766
v 6.972322 1.813746 -0.875548
v 6.971863 1.884929 0.816766
v -0.743296 2.814018 -10.048409
v -0.073401 2.814018 -10.048409
v -0.073401 1.410054 -10.048409
v -2.541878 2.814018 -10.048409
v -1.858118 2.814018 -10.082603
v -1.858118 1.410054 -10.082603
v -4.323632 1.410054 -10.178869
v -4.318511 2.306858 -10.178869
v -2.541878 2.814018 -10.178869
v 4.919182 1.410054 -10.178869
v 2.010075 1.410054 -10.178869
v 1.310763 1.410054 -10.178869
v 1.310763 2.814018 -10.048409
v 2.010075 2.814018 -10.048409
v 2.010075 1.410054 -10.048409
v 2.010075 2.814018 -10.178869
v 3.751226 2.273264 -10.178869
v 3.743029 1.410054 -10.178869
v 4.690783 2.703409 -10.048409
v 3.975570 2.707620 -10.048409
v 4.322072 2.824225 -10.048409
v -5.209284 2.723139 -10.178869
v -6.660436 3.366841 -10.178869
v -4.891748 2.829883 -10.178869
v -4.584542 2.742393 -10.048409
v -5.209284 2.723139 -10.048409
v -4.891748 2.829883 -10.048409
v -5.477030 1.410054 -10.178869
v -6.660436 0.913059 -10.178869
v -5.376690 2.554329 -10.178869
v -5.473417 2.294260 -10.178869
v -4.584542 2.742393 -10.178869
v -4.408514 2.560264 -10.178869
v 4.322072 2.824225 -10.178869
v 3.975570 2.707620 -10.178869
v 3.816637 2.535491 -10.178869
v 6.204859 3.366841 -10.178869
v 4.690783 2.703409 -10.178869
v 4.833919 2.554251 -10.178869
v 4.921391 2.272120 -10.178869
v -0.743296 1.410054 -10.178869
v -0.743296 1.410054 -10.048409
v -0.073401 1.410054 -10.048409
v -0.743296 2.814018 -10.178869
v -0.743296 2.814018 -10.048409
v -0.743296 1.410054 -10.048409
v -0.073401 2.814018 -10.178869
v -0.073401 2.814018 -10.048409
v -0.743296 2.814018 -10.048409
v -0.073401 1.410054 -10.178869
v -0.073401 1.410054 -10.048409
v -0.073401 2.814018 -10.048409
v -1.858118 1.410054 -10.178869
v -2.541878 1.410054 -10.178869
v -2.541878 1.410054 -10.048409
v -2.541878 2.814018 -10.178869
v -2.541878 2.814018 -10.048409
v -2.541878 1.410054 -10.048409
v -1.858118 2.814018 -10.178869
v -1.858118 2.814018 -10.082603
v -2.541878 2.814018 -10.048409
v -1.858118 1.410054 -10.178869
v -1.858118 1.410054 -10.082603
v -1.858118 2.814018 -10.082603
v 1.310763 2.814018 -10.178869
v 1.310763 2.814018 -10.048409
v 1.310763 1.410054 -10.048409
v 2.010075 2.814018 -10.178869
v 2.010075 2.814018 -10.048409
v 1.310763 2.814018 -10.048409
v 2.010075 1.410054 -10.178869
v 2.010075 1.410054 -10.048409
v 2.010075 2.814018 -10.048409
v 1.310763 1.410054 -10.178869
v 1.310763 1.410054 -10.048409
v 2.010075 1.410054 -10.048409
v 3.751226 2.273264 -10.178869
v 3.751226 2.273264 -10.048409
v 3.743029 1.410054 -10.048409
v 3.816637 2.535491 -10.178869
v 3.816637 2.535491 -10.048409
v 3.751226 2.273264 -10.048409
v 3.975570 2.707620 -10.178869
v 3.975570 2.707620 -10.048409
v 3.816637 2.535491 -10.048409
v 4.322072 2.824225 -10.178869
v 4.322072 2.824225 -10.048409
v 3.975570 2.707620 -10.048409
v 4.690783 2.703409 -10.178869
v 4.690783 2.703409 -10.048409
v 4.322072 2.824225 -10.048409
v 4.833919 2.554251 -10.178869
v 4.833919 2.554251 -10.048409
v 4.690783 2.703409 -10.048409
v 4.921391 2.272120 -10.178869
v 4.921391 2.272120 -10.048409
v 4.833919 2.554251 -10.048409
v 4.919182 1.410054 -10.178869
v 4.919182 1.410054 -10.048409
v 4.921391 2.272120 -10.048409
v 3.743029 1.410054 -10.178869
v 3.743029 1.410054 -10.048409
v 4.919182 1.410054 -10.048409
v -5.477030 1.410054 -10.178869
v -5.477030 1.410054 -10.048409
v -4.323632 1.410054 -10.048409
v -5.473417 2.294260 -10.178869
v -5.473417 2.294260 -10.048409
v -5.477030 1.410054 -10.048409
v -5.376690 2.554329 -10.178869
v -5.376690 2.554329 -10.048409
v -5.473417 2.294260 -10.048409
v -5.209284 2.723139 -10.178869
v -5.209284 2.723139 -10.048409
v -5.376690 2.554329 -10.048409
v -4.891748 2.829883 -10.178869
v -4.891748 2.829883 -10.048409
v -5.209284 2.723139 -10.048409
v -4.584542 2.742393 -10.178869
v -4.584542 2.742393 -10.048409
v -4.891748 2.829883 -10.048409
v -4.408514 2.560264 -10.178869
v -4.408514 2.560264 -10.048409
v -4.584542 2.742393 -10.048409
v -4.318511 2.306858 -10.178869
v -4.318511 2.306858 -10.048409
v -4.408514 2.560264 -10.048409
v -4.323632 1.410054 -10.178869
v -4.323632 1.410054 -10.048409
v -4.318511 2.306858 -10.048409
v 4.737608 -0.136508 -10.147354
v 3.994737 -0.136508 -10.147354
v 3.994737 0.377176 -10.147354
v 3.994737 -0.136508 -10.209820
v 2.026045 -0.136508 -10.209820
v 2.026045 0.378831 -10.209820
v 2.026045 -0.136508 -10.147354
v 1.285972 -0.136508 -10.147354
v 1.285972 0.378831 -10.147354
v 0.872196 -0.311747 -10.209820
v -1.336983 -0.311747 -10.209820
v -0.771327 -0.136508 -10.209820
v -0.033958 0.378788 -10.147354
v -0.033958 -0.136508 -10.147354
v -0.771327 -0.136508 -10.147354
v -1.336983 -0.311747 -10.209820
v -6.690763 -0.311747 -10.209820
v -5.277261 -0.136508 -10.209820
v -4.535013 -0.136508 -10.209820
v -2.572369 -0.136508 -10.209820
v -1.821041 -0.136508 -10.209820
v -1.821041 -0.136508 -10.181545
v -2.572369 -0.136508 -10.147354
v -2.572369 0.374958 -10.147354
v -4.535013 0.375937 -10.209820
v -4.535013 -0.136508 -10.147354
v -5.277261 -0.136508 -10.147354
v -5.277261 0.375937 -10.147354
v 6.175148 0.378424 -6.377439
v 6.175148 0.378424 -5.430915
v 6.175148 -0.136507 -5.430915
v 6.235187 0.377507 -2.924408
v 6.235187 -0.136507 -2.924408
v 6.175148 0.377507 -2.924408
v 6.175148 0.377507 -1.972365
v 6.175148 -0.136507 -1.972365
v 6.175148 -0.136507 2.056390
v 6.175148 0.382472 2.056390
v 6.175148 0.382472 2.937805
v 6.235187 0.382472 2.937805
v 6.235187 -0.136506 5.230730
v 6.175148 0.382472 5.230730
v 6.175148 0.382472 6.107839
v 6.175148 -0.136506 6.107839
v 6.235187 -0.311745 10.440179
v 6.235187 -0.136506 6.107839
v 6.235187 -0.136507 2.056390
v 6.235187 -0.311746 0.809696
v 6.235187 -0.136507 2.937805
v 6.235187 -0.136507 -6.377439
v -6.690763 0.874223 -10.209821
v -5.277261 0.375937 -10.209820
v 4.737608 -0.136508 -10.209820
v 4.737608 -0.136508 -10.147354
v 4.737608 0.377176 -10.147354
v 3.994737 -0.136508 -10.209820
v 3.994737 -0.136508 -10.147354
v 4.737608 -0.136508 -10.147354
v 3.994737 0.377176 -10.209820
v 3.994737 0.377176 -10.147354
v 3.994737 -0.136508 -10.147354
v 4.737608 0.377176 -10.209820
v 4.737608 0.377176 -10.147354
v 3.994737 0.377176 -10.147354
v 2.026045 -0.136508 -10.209820
v 2.026045 -0.136508 -10.147354
v 2.026045 0.378831 -10.147354
v 1.285972 -0.136508 -10.209820
v 1.285972 -0.136508 -10.147354
v 2.026045 -0.136508 -10.147354
v 1.285972 0.378831 -10.209820
v 1.285972 0.378831 -10.147354
v 1.285972 -0.136508 -10.147354
v 2.026045 0.378831 -10.209820
v 2.026045 0.378831 -10.147354
v 1.285972 0.378831 -10.147354
v -0.033958 -0.136508 -10.209820
v -0.033958 -0.136508 -10.147354
v -0.033958 0.378788 -10.147354
v -0.771327 -0.136508 -10.209820
v -0.771327 -0.136508 -10.147354
v -0.033958 -0.136508 -10.147354
v -0.771327 0.378788 -10.209820
v -0.771327 0.378788 -10.147354
v -0.771327 -0.136508 -10.147354
v -0.033958 0.378788 -10.209820
v -0.033958 0.378788 -10.147354
v -0.771327 0.378788 -10.147354
v -1.821041 -0.136508 -10.209820
v -1.821041 -0.136508 -10.181545
v -1.821041 0.374958 -10.181545
v -1.821041 -0.136508 -10.209820
v -2.572369 -0.136508 -10.209820
v -2.572369 -0.136508 -10.147354
v -2.572369 0.374958 -10.209820
v -2.572369 0.374958 -10.147354
v -2.572369 -0.136508 -10.147354
v -1.821041 0.374958 -10.209820
v -1.821041 0.374958 -10.181545
v -2.572369 0.374958 -10.147354
v -4.535013 -0.136508 -10.209820
v -4.535013 -0.136508 -10.147354
v -4.535013 0.375937 -10.147354
v -5.277261 -0.136508 -10.209820
v -5.277261 -0.136508 -10.147354
v -4.535013 -0.136508 -10.147354
v -5.277261 0.375937 -10.209820
v -5.277261 0.375937 -10.147354
v -5.277261 -0.136508 -10.147354
v -5.277261 0.375937 -10.209820
v -4.535013 0.375937 -10.209820
v -4.535013 0.375937 -10.147354
v 6.235187 0.378424 -6.377439
v 6.175148 0.378424 -6.377439
v 6.175148 -0.136507 -6.377439
v 6.235187 0.378424 -5.430915
v 6.175148 0.378424 -5.430915
v 6.175148 0.378424 -6.377439
v 6.235187 -0.136507 -5.430915
v 6.175148 -0.136507 -5.430915
v 6.175148 0.378424 -5.430915
v 6.235187 -0.136507 -6.377439
v 6.175148 -0.136507 -6.377439
v 6.175148 -0.136507 -5.430915
v 6.235187 0.377507 -2.924408
v 6.175148 0.377507 -2.924408
v 6.175148 -0.136507 -2.924408
v 6.235187 0.377507 -1.972365
v 6.175148 0.377507 -1.972365
v 6.175148 0.377507 -2.924408
v 6.235187 -0.136507 -1.972365
v 6.175148 -0.136507 -1.972365
v 6.175148 0.377507 -1.972365
v 6.235187 -0.136507 -2.924408
v 6.175148 -0.136507 -2.924408
v 6.175148 -0.136507 -1.972365
v 6.235187 0.382472 2.056390
v 6.175148 0.382472 2.056390
v 6.175148 -0.136507 2.056390
v 6.235187 0.382472 2.937805
v 6.175148 0.382472 2.937805
v 6.175148 0.382472 2.056390
v 6.235187 -0.136507 2.937805
v 6.175148 -0.136507 2.937805
v 6.175148 0.382472 2.937805
v 6.235187 -0.136507 2.056390
v 6.175148 -0.136507 2.056390
v 6.175148 -0.136507 2.937805
v 6.235187 0.382472 5.230730
v 6.175148 0.382472 5.230730
v 6.175148 -0.136506 5.230730
v 6.235187 0.382472 6.107839
v 6.175148 0.382472 6.107839
v 6.175148 0.382472 5.230730
v 6.235187 -0.136506 6.107839
v 6.175148 -0.136506 6.107839
v 6.175148 0.382472 6.107839
v 6.235187 -0.136506 5.230730
v 6.175148 -0.136506 5.230730
v 6.175148 -0.136506 6.107839
v 6.204859 1.410055 -5.130355
v 6.204859 2.323054 -5.123864
v 6.204859 2.820179 -2.875711
v 6.076211 2.820179 -2.875711
v 6.076211 2.820179 -2.019485
v 6.076211 1.410055 -2.019485
v 6.076211 2.501665 -0.598582
v 6.076211 2.731155 -0.315265
v 6.076211 2.717612 0.406013
v 6.076211 2.820179 2.096144
v 6.076211 2.820179 2.899298
v 6.076211 1.410055 2.899298
v 6.204859 2.820179 2.899298
v 6.204859 2.422303 4.951970
v 6.204859 1.410056 4.951970
v 6.076211 2.756926 5.931005
v 6.076211 2.770036 5.353590
v 6.076211 2.831210 5.628546
v 6.204859 2.512565 0.634802
v 6.204859 2.820179 2.096144
v 6.204859 1.410055 2.096145
v 6.076211 2.747791 -5.526515
v 6.076211 2.728139 -6.255176
v 6.076211 2.824390 -5.856425
v 6.204859 1.410055 -6.598282
v 6.204859 0.913059 -10.178869
v 6.204859 3.366841 -10.178869
v 6.204859 2.533716 -6.501859
v 6.204859 2.359013 -6.596619
v 6.204859 2.728139 -6.255176
v 6.204859 2.557423 -5.232852
v 6.204859 2.747791 -5.526515
v 6.204348 2.959242 -4.570764
v 6.204859 2.824390 -5.856425
v 6.204859 3.366841 -1.202520
v 6.204859 2.501665 -0.598582
v 6.204859 2.717612 0.406013
v 6.204859 2.828905 0.024453
v 6.204859 2.184718 0.706644
v 6.204859 2.640980 5.123970
v 6.204348 2.959157 4.743180
v 6.204859 2.770036 5.353590
v 6.204859 3.366842 10.409210
v 6.204348 2.959157 6.765386
v 6.204859 3.366842 6.884001
v 6.204859 2.820179 -2.875711
v 6.076211 2.820179 -2.875711
v 6.076211 1.410055 -2.875711
v 6.204859 2.820179 -2.019485
v 6.076211 2.820179 -2.019485
v 6.076211 2.820179 -2.875711
v 6.204859 1.410055 -2.019485
v 6.076211 1.410055 -2.019485
v 6.076211 2.820179 -2.019485
v 6.204859 1.410055 -2.875711
v 6.076211 1.410055 -2.875711
v 6.076211 1.410055 -2.019485
v 6.204859 2.167501 -0.645304
v 6.076211 2.167501 -0.645304
v 6.076211 2.184718 0.706644
v 6.204859 2.501665 -0.598582
v 6.076211 2.501665 -0.598582
v 6.076211 2.167501 -0.645304
v 6.204859 2.731155 -0.315265
v 6.076211 2.731155 -0.315265
v 6.076211 2.501665 -0.598582
v 6.204859 2.828905 0.024453
v 6.076211 2.828905 0.024453
v 6.076211 2.731155 -0.315265
v 6.204859 2.717612 0.406013
v 6.076211 2.717612 0.406013
v 6.076211 2.828905 0.024453
v 6.204859 2.512565 0.634802
v 6.076211 2.512565 0.634802
v 6.076211 2.717612 0.406013
v 6.204859 2.184718 0.706644
v 6.076211 2.184718 0.706644
v 6.076211 2.512565 0.634802
v 6.204859 2.820179 2.096144
v 6.076211 2.820179 2.096144
v 6.076211 1.410055 2.096145
v 6.204859 2.820179 2.899298
v 6.076211 2.820179 2.899298
v 6.076211 2.820179 2.096144
v 6.204859 1.410055 2.899298
v 6.076211 1.410055 2.899298
v 6.076211 2.820179 2.899298
v 6.204859 1.410055 2.096145
v 6.076211 1.410055 2.096145
v 6.076211 1.410055 2.899298
v 6.204859 2.422303 4.951970
v 6.076211 2.422303 4.951970
v 6.076211 1.410056 4.951970
v 6.204859 2.640980 5.123970
v 6.076211 2.640980 5.123970
v 6.076211 2.422303 4.951970
v 6.204859 2.770036 5.353590
v 6.076211 2.770036 5.353590
v 6.076211 2.640980 5.123970
v 6.204859 2.831210 5.628546
v 6.076211 2.831210 5.628546
v 6.076211 2.770036 5.353590
v 6.204859 2.756926 5.931005
v 6.076211 2.756926 5.931005
v 6.076211 2.831210 5.628546
v 6.204859 2.588652 6.171257
v 6.076211 2.588652 6.171257
v 6.076211 2.756926 5.931005
v 6.204859 2.392435 6.288745
v 6.076211 2.392435 6.288745
v 6.076211 2.588652 6.171257
v 6.204859 1.410056 6.301119
v 6.076211 1.410056 6.301119
v 6.076211 2.392435 6.288745
v 6.204859 1.410056 4.951970
v 6.076211 1.410056 4.951970
v 6.076211 1.410056 6.301119
v 6.204859 2.359013 -6.596619
v 6.076211 2.359013 -6.596619
v 6.076211 1.410055 -6.598282
v 6.204859 2.533716 -6.501859
v 6.076211 2.533716 -6.501859
v 6.076211 2.359013 -6.596619
v 6.204859 2.728139 -6.255176
v 6.076211 2.728139 -6.255176
v 6.076211 2.533716 -6.501859
v 6.204859 2.824390 -5.856425
v 6.076211 2.824390 -5.856425
v 6.076211 2.728139 -6.255176
v 6.204859 2.747791 -5.526515
v 6.076211 2.747791 -5.526515
v 6.076211 2.824390 -5.856425
v 6.204859 2.557423 -5.232852
v 6.076211 2.557423 -5.232852
v 6.076211 2.747791 -5.526515
v 6.204859 2.323054 -5.123864
v 6.076211 2.323054 -5.123864
v 6.076211 2.557423 -5.232852
v 6.204859 1.410055 -5.130355
v 6.076211 1.410055 -5.130355
v 6.076211 2.323054 -5.123864
v 6.204859 1.410055 -6.598282
v 6.076211 1.410055 -6.598282
v 6.076211 1.410055 -5.130355
v 6.076211 4.415143 -5.214812
v 6.076211 4.415143 -6.462485
v 6.076211 5.695847 -6.462485
v 6.076211 7.068442 -5.218053
v 6.076211 7.068442 -6.465509
v 6.076211 8.349224 -6.465509
v 6.076211 9.799060 -5.209786
v 6.076211 9.799060 -6.461064
v 6.076211 11.081722 -6.461065
v 6.204859 7.068442 -5.218053
v 6.204859 7.930985 -5.020310
v 6.204859 5.695847 -5.214812
v 6.204859 9.797518 -2.888267
v 6.204859 9.799060 -5.209786
v 6.204859 11.081722 -5.209787
v 6.076211 4.412613 -2.020950
v 6.076211 4.412613 -2.885780
v 6.076211 5.691411 -2.885780
v 6.076211 7.067030 -2.017120
v 6.076211 7.067030 -2.885529
v 6.076211 8.348471 -2.885529
v 6.076211 9.797518 -2.014339
v 6.076211 9.797518 -2.888267
v 6.076211 11.081064 -2.888267
v 6.204859 9.482920 -4.256002
v 6.204859 9.797518 -2.014339
v 6.076211 5.692572 0.465403
v 6.076211 4.411642 0.465403
v 6.076211 4.411642 -0.335134
v 6.076211 7.066155 0.464718
v 6.076211 7.066155 -0.337647
v 6.076211 8.347249 -0.337647
v 6.076211 9.800308 0.463921
v 6.076211 9.800308 -0.335663
v 6.076211 11.083456 -0.335663
v 6.204859 7.065619 2.100971
v 6.204859 7.066155 0.464718
v 6.204859 8.347249 0.464718
v 6.204859 11.081341 2.100971
v 6.204859 9.803246 2.100971
v 6.204859 9.800308 0.463921
v 6.076211 4.412310 2.901421
v 6.076211 4.412310 2.101274
v 6.076211 5.697061 2.101274
v 6.076211 7.065619 2.901585
v 6.076211 7.065619 2.100971
v 6.076211 8.347484 2.100971
v 6.076211 9.803246 2.901585
v 6.076211 9.803246 2.100971
v 6.076211 11.081341 2.100971
v 6.204539 5.576237 2.100936
v 6.204859 4.412310 2.101274
v 6.204539 5.576159 2.016349
v 6.204859 9.799988 5.038299
v 6.204859 9.803246 2.901585
v 6.204859 11.081341 2.901585
v 6.076211 4.413342 6.181854
v 6.076211 4.413342 5.032562
v 6.076202 5.692702 5.032562
v 6.076211 7.062083 6.182954
v 6.076211 7.062083 5.036253
v 6.076211 8.349199 5.036253
v 6.076211 9.799988 6.178786
v 6.076211 9.799988 5.038299
v 6.076211 11.080042 5.038298
v 6.204859 11.576162 10.410397
v 6.204859 9.482921 10.410042
v 6.204859 9.799988 6.178786
v 6.076211 4.415143 -6.462485
v 6.204859 4.415143 -6.462485
v 6.204859 5.695847 -6.462485
v 6.076211 5.695847 -6.462485
v 6.204859 5.695847 -6.462485
v 6.204859 5.695847 -5.214812
v 6.204859 4.415143 -5.214812
v 6.076211 4.415143 -5.214812
v 6.076211 5.695847 -5.214812
v 6.076211 4.415143 -5.214812
v 6.204859 4.415143 -5.214812
v 6.204859 4.415143 -6.462485
v 6.076211 7.068442 -6.465509
v 6.204859 7.068442 -6.465509
v 6.204859 8.349224 -6.465509
v 6.076211 8.349224 -6.465509
v 6.204859 8.349224 -6.465509
v 6.204859 8.349225 -5.218053
v 6.076211 8.349225 -5.218053
v 6.204859 8.349225 -5.218053
v 6.204859 7.068442 -5.218053
v 6.076211 7.068442 -5.218053
v 6.204859 7.068442 -5.218053
v 6.204859 7.068442 -6.465509
v 6.076211 9.799060 -6.461064
v 6.204859 9.799060 -6.461064
v 6.204859 11.081722 -6.461065
v 6.076211 11.081722 -6.461065
v 6.204859 11.081722 -6.461065
v 6.204859 11.081722 -5.209787
v 6.076211 11.081722 -5.209787
v 6.204859 11.081722 -5.209787
v 6.204859 9.799060 -5.209786
v 6.204859 9.799060 -6.461064
v 6.076211 9.799060 -6.461064
v 6.204859 9.799060 -5.209786
v 6.076211 9.799060 -5.209786
v 6.076211 5.691411 -2.885780
v 6.204695 5.576072 -2.885633
v 6.204539 5.688490 -2.885130
v 6.076211 5.691411 -2.020950
v 6.076211 5.691411 -2.885780
v 6.204539 5.688490 -2.885130
v 6.076211 5.691411 -2.020950
v 6.204695 5.577761 -2.021193
v 6.204859 4.412613 -2.020950
v 6.076211 4.412613 -2.020950
v 6.204859 4.412613 -2.020950
v 6.204859 4.412613 -2.885780
v 6.076211 7.067030 -2.885529
v 6.204859 7.067030 -2.885529
v 6.204859 8.348471 -2.885529
v 6.076211 8.348471 -2.885529
v 6.204859 8.348471 -2.885529
v 6.204859 8.348471 -2.017120
v 6.076211 8.348471 -2.017120
v 6.204859 8.348471 -2.017120
v 6.204859 7.067030 -2.017120
v 6.076211 7.067030 -2.017120
v 6.204859 7.067030 -2.017120
v 6.204859 7.067030 -2.885529
v 6.076211 9.797518 -2.888267
v 6.204859 9.797518 -2.888267
v 6.204859 11.081064 -2.888267
v 6.076211 11.081064 -2.888267
v 6.204859 11.081064 -2.888267
v 6.204859 11.081064 -2.014339
v 6.076211 11.081064 -2.014339
v 6.204859 11.081064 -2.014339
v 6.204859 9.797518 -2.014339
v 6.076211 9.797518 -2.014339
v 6.204859 9.797518 -2.014339
v 6.204859 9.797518 -2.888267
v 6.076211 5.692572 -0.335134
v 6.204539 5.578576 -0.335402
v 6.204539 5.692251 -0.335402
v 6.076211 5.692572 0.465403
v 6.076211 5.692572 -0.335134
v 6.204539 5.692251 -0.335402
v 6.076211 5.692572 0.465403
v 6.204539 5.575613 0.465628
v 6.204859 4.411642 0.465403
v 6.076211 4.411642 0.465403
v 6.204859 4.411642 0.465403
v 6.204859 4.411642 -0.335134
v 6.076211 7.066155 -0.337647
v 6.204859 7.066155 -0.337647
v 6.204859 8.347249 -0.337647
v 6.076211 8.347249 -0.337647
v 6.204859 8.347249 -0.337647
v 6.204859 8.347249 0.464718
v 6.076211 8.347249 0.464718
v 6.204859 8.347249 0.464718
v 6.204859 7.066155 0.464718
v 6.076211 7.066155 0.464718
v 6.204859 7.066155 0.464718
v 6.204859 7.066155 -0.337647
v 6.076211 9.800308 -0.335663
v 6.204859 9.800308 -0.335663
v 6.204859 11.083456 -0.335663
v 6.076211 11.083456 -0.335663
v 6.204859 11.083456 -0.335663
v 6.204859 11.083456 0.463921
v 6.076211 11.083456 0.463921
v 6.204859 11.083456 0.463921
v 6.204859 9.800308 0.463921
v 6.076211 9.800308 0.463921
v 6.204859 9.800308 0.463921
v 6.204859 9.800308 -0.335663
v 6.076211 5.697061 2.101274
v 6.204539 5.576237 2.100936
v 6.204695 5.697121 2.101083
v 6.076211 5.697061 2.101274
v 6.204695 5.697121 2.101083
v 6.204695 5.697208 2.901620
v 6.204859 4.412310 2.901421
v 6.076211 4.412310 2.901421
v 6.076211 5.697061 2.901420
v 6.076211 4.412310 2.901421
v 6.204859 4.412310 2.901421
v 6.204859 4.412310 2.101274
v 6.076211 7.065619 2.100971
v 6.204859 7.065619 2.100971
v 6.204859 8.347484 2.100971
v 6.076211 8.347484 2.100971
v 6.204859 8.347484 2.100971
v 6.204859 8.347484 2.901585
v 6.076211 8.347484 2.901585
v 6.204859 8.347484 2.901585
v 6.204859 7.065619 2.901585
v 6.076211 7.065619 2.901585
v 6.204859 7.065619 2.901585
v 6.204859 7.065619 2.100971
v 6.076211 9.803246 2.100971
v 6.204859 9.803246 2.100971
v 6.204859 11.081341 2.100971
v 6.076211 11.081341 2.100971
v 6.204859 11.081341 2.100971
v 6.204859 11.081341 2.901585
v 6.076211 11.081341 2.901585
v 6.204859 11.081341 2.901585
v 6.204859 9.803246 2.901585
v 6.076211 9.803246 2.901585
v 6.204859 9.803246 2.901585
v 6.204859 9.803246 2.100971
v 6.204859 4.413342 5.032562
v 6.204859 5.692702 5.032562
v 6.076202 5.692702 5.032562
v 6.076202 5.692702 5.032562
v 6.204859 5.692702 5.032562
v 6.204859 5.692702 6.181854
v 6.204859 4.413342 6.181854
v 6.076211 4.413342 6.181854
v 6.076202 5.692702 6.181854
v 6.076211 4.413342 6.181854
v 6.204859 4.413342 6.181854
v 6.204859 4.413342 5.032562
v 6.076211 7.062083 5.036253
v 6.204859 7.062083 5.036253
v 6.204859 8.349199 5.036253
v 6.076211 8.349199 5.036253
v 6.204859 8.349199 5.036253
v 6.204859 8.349199 6.182954
v 6.076211 8.349199 6.182954
v 6.204859 8.349199 6.182954
v 6.204859 7.062083 6.182954
v 6.076211 7.062083 6.182954
v 6.204859 7.062083 6.182954
v 6.204859 7.062083 5.036253
v 6.076211 9.799988 5.038299
v 6.204859 9.799988 5.038299
v 6.204859 11.080042 5.038298
v 6.076211 11.080042 5.038298
v 6.204859 11.080042 5.038298
v 6.204859 11.080042 6.178786
v 6.076211 11.080042 6.178786
v 6.204859 11.080042 6.178786
v 6.204859 9.799988 6.178786
v 6.076211 9.799988 5.038299
v 6.204859 9.799988 5.598105
v 6.204859 9.799988 5.038299
v 6.235187 -0.311746 -0.770200
v 6.235187 -0.311746 -1.202520
v 6.204859 0.913060 -1.202520
v 6.374675 9.482920 -1.202521
v 6.374675 9.229366 -1.202521
v 6.374675 9.229365 -10.346883
v 6.374675 9.482919 -10.346883
v 6.374675 9.482920 -7.424459
v 6.374675 9.482920 -4.249858
v 6.376538 11.749727 -10.349855
v 6.376538 11.749729 -1.202521
v 6.289767 11.575989 -1.202521
v 6.374675 9.229366 -1.202521
v 6.289568 9.229523 4.333527
v 6.202988 9.229523 4.333042
v 6.204859 9.482920 -7.427083
v 6.374675 9.482920 -7.424459
v 6.374675 9.482919 -10.346883
v 6.298753 3.366841 -4.441345
v 6.298761 3.616183 -4.428123
v 6.302660 3.616184 -1.202520
v 6.298761 3.616183 -4.428123
v 6.204859 3.616183 -4.425323
v 6.204859 3.616184 -1.202520
v 6.204859 3.366841 -1.202520
v 6.302660 3.366841 -1.202520
v 6.309359 3.366842 4.334437
v 6.204859 1.410055 -2.019485
v 6.204859 2.820179 -2.019485
v 6.204859 3.366841 -1.202520
v 6.204859 9.800308 -0.335663
v 6.204859 9.482920 -1.202521
v 6.204859 11.575989 -1.202521
v 6.204859 1.410055 -2.875711
v 6.235187 0.874224 -1.202520
v 6.235187 -0.311746 -1.202520
v 6.235187 -0.136507 -1.972365
v 6.235187 -0.311747 -10.209820
v 6.235187 -0.136507 -5.430915
v 6.204859 11.081064 -2.014339
v 6.204859 11.575989 -1.202521
v 6.204859 11.081064 -2.888267
v 6.204539 5.577839 -8.302546
v 6.204859 3.616183 -7.288341
v 6.204859 3.616183 -10.180048
v 6.204859 7.932467 -6.685079
v 6.204859 5.695847 -6.462485
v 6.204859 4.415143 -6.462485
v -1.858118 1.410054 -10.178869
v -1.858118 2.814018 -10.178869
v -1.336983 3.366841 -10.178869
v -1.336983 0.874223 -10.209821
v -1.336983 0.913059 -10.178869
v -0.743296 1.410054 -10.178869
v -1.336983 0.913059 -10.178869
v -1.336983 3.366841 -10.178869
v -2.541878 1.410054 -10.178869
v -1.336983 0.874223 -10.209821
v -1.821041 0.374958 -10.209820
v -2.572369 0.374958 -10.209820
v 6.204859 2.167501 -0.645304
v 6.204859 2.731155 -0.315265
v 6.204859 1.410056 6.301119
v 6.204859 1.410055 2.899298
v 6.235187 0.377507 -1.972365
v 6.235187 0.382472 2.056390
v 6.235187 0.382472 6.107839
v 6.204859 11.081722 -6.461065
v 0.872196 0.913059 -10.178869
v 0.872196 0.874223 -10.209821
v -0.073401 1.410054 -10.178869
v -0.073401 2.814018 -10.178869
v 0.872196 3.366841 -10.178869
v 1.285972 -0.136508 -10.209820
v 0.872196 -0.311747 -10.209820
v 0.872196 0.874223 -10.209821
v -0.771327 0.378788 -10.209820
v -0.033958 -0.136508 -10.209820
v -0.033958 0.378788 -10.209820
v 3.994737 0.377176 -10.209820
v 1.285972 0.378831 -10.209820
v 6.235187 -0.311747 -10.209820
v 4.737608 -0.136508 -10.209820
v -0.743296 2.814018 -10.178869
v 6.204859 9.229366 -1.202521
v 6.204859 8.347249 -0.337647
v 6.204859 7.066155 -0.337647
v 6.204859 5.692702 5.032562
v 6.204859 7.062083 5.036253
v 6.204859 7.062083 6.182954
v 6.204859 8.347484 2.100971
v 6.204859 8.347484 2.901585
v 6.204859 7.068442 -6.465509
v 6.204859 3.616184 -1.202520
v 6.204859 3.616183 -4.425323
v 6.204859 4.412613 -2.885780
v 6.204859 4.412613 -2.020950
v 6.204859 7.067030 -2.017120
v 6.204859 8.348471 -2.017120
v 6.204859 9.229366 -1.202521
v 6.204859 8.348471 -2.885529
v 6.204859 11.083456 0.463921
v 6.204859 11.083456 -0.335663
v 6.204859 11.080042 5.038298
v 6.204859 11.080042 6.178786
v 6.289767 11.575989 10.492324
v 6.204859 11.576162 10.410397
v 6.204859 11.575989 -1.202521
v -1.512899 3.366841 -10.286151
v 0.872196 3.366841 -10.178869
v 6.278043 5.578161 9.014657
v 6.279993 5.999121 9.013999
v 6.279993 5.999121 9.100821
v 6.204539 5.578247 9.101020
v 6.204539 5.578161 9.013938
v 6.278043 5.578161 9.014657
v 6.204539 5.578161 9.013938
v 6.204539 5.999173 9.013938
v 6.279993 5.999121 9.013999
v 6.204539 5.999173 9.101020
v 6.204539 5.578247 9.101020
v 6.314817 6.141330 9.268470
v 6.314817 5.999121 9.268470
v 6.314817 5.999121 7.911125
v 6.279993 5.999121 9.100821
v 6.279993 5.999121 9.013999
v 6.279993 5.999121 8.197830
v 6.314817 5.999121 9.268470
v 6.279993 5.999121 8.112255
v 6.314817 5.999121 7.911125
v 6.204539 5.999173 7.911073
v 6.204539 6.141546 7.911073
v 6.314817 6.141330 7.911125
v 6.204539 6.141546 7.911073
v 6.204539 6.141546 9.268669
v 6.204539 6.141546 9.268669
v 6.204539 5.999173 9.268669
v 6.314817 5.999121 9.268470
v 6.278043 5.576324 8.112558
v 6.279993 5.999121 8.112255
v 6.279993 5.999121 8.197830
v 6.204539 5.576410 8.197987
v 6.204539 5.576324 8.112195
v 6.278043 5.576324 8.112558
v 6.204539 5.576324 8.112195
v 6.204539 5.999173 8.112195
v 6.279993 5.999121 8.112255
v 6.204539 5.999173 8.197987
v 6.204539 5.576410 8.197987
v 6.289455 8.587260 7.065851
v 6.289455 8.553259 6.215197
v 6.289455 8.589929 6.882250
v 6.202988 8.550330 6.214347
v 6.202988 8.550330 5.001949
v 6.289455 8.553259 5.000745
v 6.202988 8.588291 4.148912
v 6.202988 8.590969 4.333042
v 6.289455 8.589929 4.333683
v 6.202988 9.481993 4.162654
v 6.204859 9.799988 5.598105
v 6.374675 9.799771 5.607966
v 6.204859 9.799988 5.598105
v 6.202988 9.481993 7.052724
v 6.374675 9.482920 7.052447
v 6.374675 9.482920 4.162377
v 6.374675 9.799771 5.607966
v 6.374675 9.482920 7.052447
v 6.289455 7.928864 6.882250
v 6.289455 7.928864 6.354980
v 6.202979 8.588942 7.067480
v 6.202988 7.931913 6.884260
v 6.289455 7.928864 6.882250
v 6.289455 8.553259 6.215197
v 6.289455 7.928864 6.354980
v 6.202988 7.925909 6.354139
v 6.289455 7.928864 4.860962
v 6.289455 7.928864 4.333683
v 6.289455 8.587260 4.150082
v 6.202988 7.929539 4.862972
v 6.289455 7.928864 4.860962
v 6.289455 8.553259 5.000745
v 6.289455 7.928864 4.333683
v 6.202988 7.928014 4.333042
v 6.202988 8.588291 4.148912
v 6.202979 8.588942 7.067480
v 6.289455 8.587260 7.065851
v 6.289455 8.589929 6.882250
v 6.289455 8.553259 5.000745
v 6.289455 8.589929 4.333683
v 6.289568 9.229523 4.333527
v 6.289568 9.229523 6.882328
v 6.204348 2.959157 6.765386
v 6.204348 2.959157 6.472165
v 6.311802 3.366842 6.355760
v 6.204859 3.366842 6.884001
v 6.204348 2.959157 6.765386
v 6.312443 3.366842 6.881366
v 6.311802 3.366842 6.355760
v 6.204348 2.959157 6.472165
v 6.204859 3.366842 6.353871
v 6.204348 2.959156 4.450686
v 6.309359 3.366842 4.334437
v 6.309991 3.366842 4.860113
v 6.204859 3.366842 4.862444
v 6.204348 2.959157 4.743180
v 6.309991 3.366842 4.860113
v 6.309359 3.366842 4.334437
v 6.204348 2.959156 4.450686
v 6.204859 3.366842 4.330633
v -5.674097 5.694027 0.497740
v -5.674097 5.694027 -0.298698
v -5.674097 4.411460 -0.298698
v -5.674097 7.015292 0.497740
v -5.674097 8.299064 0.497740
v -5.674097 8.299064 -0.298698
v -5.674097 11.087953 0.497740
v -5.674097 11.087953 -0.298698
v -5.674097 9.796843 -0.298698
v -5.802754 4.411460 0.497740
v -5.674097 4.411460 0.497740
v -5.674097 4.411460 -0.298698
v -5.802754 5.694027 0.497740
v -5.674097 5.694027 0.497740
v -5.674097 4.411460 0.497740
v -5.802754 5.694027 -0.298698
v -5.674097 5.694027 -0.298698
v -5.674097 5.694027 0.497740
v -5.802754 4.411460 -0.298698
v -5.674097 4.411460 -0.298698
v -5.674097 5.694027 -0.298698
v -5.802754 7.015292 0.497740
v -5.674097 7.015292 0.497740
v -5.674097 7.015292 -0.298698
v -5.802754 8.299064 0.497740
v -5.674097 8.299064 0.497740
v -5.802754 8.299064 -0.298698
v -5.674097 8.299064 -0.298698
v -5.674097 8.299064 0.497740
v -5.802754 7.015292 -0.298698
v -5.674097 7.015292 -0.298698
v -5.674097 8.299064 -0.298698
v -5.802754 9.796843 0.497740
v -5.674097 9.796843 0.497740
v -5.674097 9.796843 -0.298698
v -5.802754 11.087953 0.497740
v -5.674097 9.796843 0.497740
v -5.802754 11.087953 -0.298698
v -5.674097 11.087953 -0.298698
v -5.674097 11.087953 0.497740
v -5.802754 9.796843 -0.298698
v -5.674097 9.796843 -0.298698
v -5.674097 11.087953 -0.298698
v -5.802754 11.087953 -0.298698
v -5.802754 11.087953 0.497740
v -5.802754 11.575989 1.830546
v -5.802754 11.575989 -1.600198
v -5.802754 9.796843 -0.298698
v -5.802754 9.796843 0.497740
v -5.802754 8.299064 -0.298698
v -5.802754 8.299064 0.497740
v -5.802754 3.821724 -1.600197
v -5.802754 4.411460 -0.298698
v -5.802754 5.694027 -0.298698
v -5.802754 7.015292 -0.298698
v -5.802754 5.694027 0.497740
v -5.802754 3.821725 1.830547
v -5.802754 3.821724 -1.600197
v -5.802754 0.913060 1.011901
v -5.802754 0.913060 1.830547
v -5.802754 7.015292 0.497740
v -5.802754 4.411460 0.497740
v -5.802754 3.821725 1.830547
v -5.833082 -0.311746 -0.558264
v -5.833082 0.874224 1.860866
v -5.833082 0.874224 1.011901
v -5.833082 -0.311746 1.011901
v -5.802754 -0.311746 -0.543360
v -6.152099 1.715987 -10.221475
v -6.152099 1.715987 -10.176019
v -6.130211 1.760014 -10.176019
v -6.130211 1.760014 -10.221475
v -6.130211 1.760014 -10.176019
v -6.072720 1.791338 -10.176019
v -6.072720 1.791338 -10.221475
v -6.072720 1.791338 -10.176019
v -5.991893 1.803269 -10.176019
v -5.991893 1.803269 -10.221475
v -5.991893 1.803269 -10.176019
v -5.911075 1.791338 -10.176019
v -5.911075 1.791338 -10.221475
v -5.911075 1.791338 -10.176019
v -5.853583 1.760014 -10.176019
v -5.853583 1.760014 -10.221475
v -5.853583 1.760014 -10.176019
v -5.831695 1.715987 -10.176019
v -5.831695 1.715987 -10.221475
v -5.831695 1.715987 -10.176019
v -5.853583 1.671952 -10.176019
v -5.853583 1.671952 -10.221475
v -5.853583 1.671952 -10.176019
v -5.911075 1.640628 -10.176019
v -5.911075 1.640628 -10.221475
v -5.911075 1.640628 -10.176019
v -5.991893 1.628706 -10.176019
v -5.991893 1.628706 -10.221475
v -5.991893 1.628706 -10.176019
v -6.072720 1.640628 -10.176019
v -6.072720 1.640628 -10.221475
v -6.072720 1.640628 -10.176019
v -6.130211 1.671952 -10.176019
v -6.130211 1.671952 -10.221475
v -6.130211 1.671952 -10.176019
v -6.152099 1.715987 -10.176019
v -5.748468 1.399665 -10.221475
v -5.748468 1.399665 -10.176027
v -5.812191 1.376729 -10.176027
v -5.812191 1.376729 -10.221475
v -5.812191 1.376729 -10.176027
v -5.880297 1.355196 -10.176027
v -5.880297 1.355196 -10.221475
v -5.880297 1.355196 -10.176027
v -5.982353 1.346029 -10.176027
v -5.982353 1.346029 -10.221475
v -5.982353 1.346029 -10.176027
v -6.078759 1.355196 -10.176027
v -6.078759 1.355196 -10.221475
v -6.078759 1.355196 -10.176027
v -6.143997 1.376729 -10.176027
v -6.143997 1.376729 -10.221475
v -6.143997 1.376729 -10.176027
v -6.219573 1.399665 -10.176027
v -6.219573 1.399665 -10.221475
v -6.219573 1.399665 -10.176027
v -6.430798 1.399665 -10.176027
v -6.430798 1.399665 -10.221475
v -6.430798 1.399665 -10.176027
v -6.430798 1.563103 -10.176027
v -6.430798 1.563103 -10.221475
v -6.430798 1.563103 -10.176027
v -5.540796 1.563103 -10.176027
v -5.540796 1.563103 -10.221475
v -5.540796 1.563103 -10.176027
v -5.540796 1.399665 -10.176027
v -5.540796 1.399665 -10.221475
v -5.540796 1.399665 -10.176027
v -5.748468 1.399665 -10.176027
v -5.911075 1.640628 -10.221475
v -5.911075 1.791338 -10.221475
v -5.853583 1.760014 -10.221475
v -5.540796 1.399665 -10.221475
v -5.748468 1.399665 -10.221475
v -6.219573 1.399665 -10.221475
v -5.540796 1.563103 -10.221475
v -6.430798 1.399665 -10.221475
v 6.247803 1.715987 -9.645950
v 6.199478 1.715987 -9.645950
v 6.199478 1.760023 -9.624062
v 6.247803 1.760023 -9.624062
v 6.199478 1.760023 -9.624062
v 6.199478 1.791338 -9.566570
v 6.247803 1.791338 -9.566570
v 6.199478 1.791338 -9.566570
v 6.199478 1.803269 -9.485752
v 6.247803 1.803269 -9.485752
v 6.199478 1.803269 -9.485752
v 6.199478 1.791338 -9.404925
v 6.247803 1.791338 -9.404925
v 6.199478 1.791338 -9.404925
v 6.199478 1.760023 -9.347434
v 6.247803 1.760023 -9.347434
v 6.199478 1.760023 -9.347434
v 6.199478 1.715988 -9.325546
v 6.247803 1.715988 -9.325546
v 6.199478 1.715988 -9.325546
v 6.199478 1.671953 -9.347434
v 6.247803 1.671953 -9.347434
v 6.199478 1.671953 -9.347434
v 6.199478 1.640629 -9.404925
v 6.247803 1.640629 -9.404925
v 6.199478 1.640629 -9.404925
v 6.199478 1.628706 -9.485752
v 6.247803 1.628706 -9.485752
v 6.199478 1.628706 -9.485752
v 6.199478 1.640628 -9.566570
v 6.247803 1.640628 -9.566570
v 6.199478 1.640628 -9.566570
v 6.199478 1.671952 -9.624062
v 6.247803 1.671952 -9.624062
v 6.199478 1.671952 -9.624062
v 6.199478 1.715987 -9.645950
v 6.247803 1.399665 -9.245543
v 6.199478 1.399665 -9.245543
v 6.199478 1.378973 -9.300756
v 6.247803 1.378973 -9.300756
v 6.199478 1.378973 -9.300756
v 6.199478 1.352892 -9.378038
v 6.247803 1.352892 -9.378038
v 6.199478 1.352892 -9.378038
v 6.199478 1.342476 -9.477884
v 6.247803 1.342476 -9.477884
v 6.199478 1.342476 -9.477884
v 6.199478 1.352891 -9.573087
v 6.247803 1.352891 -9.573087
v 6.199478 1.352891 -9.573087
v 6.199478 1.378973 -9.652500
v 6.247803 1.378973 -9.652500
v 6.199478 1.378973 -9.652500
v 6.199478 1.399665 -9.711187
v 6.247803 1.399665 -9.711187
v 6.199478 1.399665 -9.711187
v 6.199478 1.399665 -9.924649
v 6.247803 1.399665 -9.924649
v 6.199478 1.399665 -9.924649
v 6.199478 1.563103 -9.924649
v 6.247803 1.563103 -9.924649
v 6.199478 1.563103 -9.924649
v 6.199478 1.563104 -9.034647
v 6.247803 1.563104 -9.034647
v 6.199478 1.563104 -9.034647
v 6.199478 1.399665 -9.034647
v 6.247803 1.399665 -9.034647
v 6.199478 1.399665 -9.034647
v 6.199478 1.399665 -9.245543
v 6.247803 1.640629 -9.404925
v 6.247803 1.791338 -9.404925
v 6.247803 1.760023 -9.347434
v 6.247803 1.399665 -9.034647
v 6.247803 1.399665 -9.245543
v 6.247803 1.399665 -9.711187
v 6.247803 1.563104 -9.034647
v 6.247803 1.399665 -9.924649
v 6.204539 5.999173 8.112195
v 6.204539 5.999173 7.911073
v 6.314817 5.999121 7.911125
v 6.204539 5.999173 9.013938
v 6.204539 5.999173 8.197987
v 6.204539 5.999173 9.268669
v 6.204539 5.999173 9.101020
v 6.278043 5.578160 2.902763
v 6.279993 5.999120 2.902122
v 6.279993 5.999120 2.987394
v 6.204539 5.577995 2.987628
v 6.204539 5.577918 2.901776
v 6.278043 5.578160 2.902763
v 6.204695 5.697208 2.901620
v 6.204539 5.999016 2.901914
v 6.204539 5.999016 2.987628
v 6.204539 5.577995 2.987628
v 6.314817 6.141329 3.152036
v 6.314817 5.999120 3.152036
v 6.314817 5.999120 1.819031
v 6.279993 5.999120 2.987394
v 6.279993 5.999120 2.902122
v 6.279993 5.999120 2.100598
v 6.314817 5.999120 3.152036
v 6.279993 5.999120 2.016557
v 6.204539 5.999016 1.818831
v 6.204539 6.141398 1.818831
v 6.314817 6.141329 1.819031
v 6.314817 6.141329 1.819031
v 6.204539 6.141398 1.818831
v 6.204539 6.141398 3.152375
v 6.314817 6.141329 3.152036
v 6.204539 6.141398 3.152375
v 6.204539 5.999016 3.152383
v 6.278043 5.576323 2.016851
v 6.279993 5.999120 2.016557
v 6.279993 5.999120 2.100598
v 6.204539 5.576237 2.100936
v 6.204539 5.576159 2.016349
v 6.278043 5.576323 2.016851
v 6.204539 5.576159 2.016349
v 6.204539 5.999016 2.016349
v 6.279993 5.999120 2.016557
v 6.278043 5.576323 2.100121
v 6.204539 5.999016 2.100780
v 6.204539 5.999016 2.016349
v 6.204539 5.999016 1.818831
v 6.314817 5.999120 1.819031
v 6.204539 5.999016 2.901914
v 6.204539 5.999016 2.100780
v 6.204539 5.999016 3.152383
v 6.204539 5.999016 2.987628
v 6.204539 5.999173 9.013938
v 6.204539 5.578161 9.013938
v 6.204539 5.576410 8.197987
v 6.204859 9.229575 10.410318
v 6.204859 3.616184 10.410388
v 6.204539 5.999173 9.268669
v 6.278043 5.578160 0.466503
v 6.279993 5.999120 0.465862
v 6.279993 5.999120 0.551125
v 6.204530 5.575699 0.551489
v 6.204539 5.575613 0.465628
v 6.278043 5.578160 0.466503
v 6.279993 5.999120 0.465862
v 6.204539 5.575613 0.465628
v 6.204530 5.999016 0.551489
v 6.204530 5.575699 0.551489
v 6.314817 6.141329 0.715767
v 6.314817 5.999120 0.715767
v 6.314817 5.999120 -0.617230
v 6.279993 5.999120 0.551125
v 6.279993 5.999120 0.465862
v 6.279993 5.999120 -0.335662
v 6.314817 5.999120 0.715767
v 6.279993 5.999120 -0.419712
v 6.204539 5.998955 -0.617472
v 6.204539 6.141416 -0.617472
v 6.314817 6.141329 -0.617230
v 6.314817 6.141329 -0.617230
v 6.204539 6.141416 -0.617472
v 6.204513 6.141390 0.716105
v 6.314817 6.141329 0.715767
v 6.204513 6.141390 0.716105
v 6.204513 5.999025 0.716105
v 6.278043 5.576323 -0.419409
v 6.279993 5.999120 -0.419712
v 6.279993 5.999120 -0.335662
v 6.204539 5.578576 -0.335402
v 6.204539 5.578489 -0.419990
v 6.278043 5.576323 -0.419409
v 6.204539 5.578489 -0.419990
v 6.204539 5.998955 -0.419990
v 6.204539 5.692251 -0.335402
v 6.204539 5.578576 -0.335402
v 6.204539 5.998955 -0.419990
v 6.204539 5.998955 -0.617472
v 6.314817 5.999120 -0.617230
v 6.204539 5.998955 0.465559
v 6.204539 5.998955 -0.335515
v 6.204513 5.999025 0.716105
v 6.204530 5.999016 0.551489
v 6.204539 5.999016 1.818831
v 6.204539 5.999016 2.016349
v 6.204539 5.999016 2.901914
v 6.204695 5.697208 2.901620
v 6.204695 5.697121 2.101083
v 6.204859 7.065619 2.901585
v 6.204539 6.141398 3.152375
v 6.204539 6.141398 1.818831
v 6.204539 5.577995 2.987628
v 6.204539 5.999016 2.987628
v 6.204539 5.999016 3.152383
v 6.204539 5.577918 2.901776
v 6.204695 5.697121 2.101083
v 6.204539 5.576237 2.100936
v 6.204695 5.697208 2.901620
v 6.204539 5.577918 2.901776
v 6.204859 4.412310 2.101274
v 6.278043 5.578160 -2.022094
v 6.279993 5.999120 -2.022778
v 6.279993 5.999120 -1.931112
v 6.204539 5.577978 -1.930947
v 6.204695 5.577761 -2.021193
v 6.278043 5.578160 -2.022094
v 6.279993 5.999120 -2.022778
v 6.204695 5.577761 -2.021193
v 6.204539 5.998955 -1.930947
v 6.204539 5.577978 -1.930947
v 6.314817 6.141329 -1.754104
v 6.314817 5.999120 -1.754104
v 6.314817 5.999120 -3.187181
v 6.279993 5.999120 -1.931112
v 6.279993 5.999120 -2.022778
v 6.279993 5.999120 -2.884480
v 6.314817 5.999120 -1.754104
v 6.279993 5.999120 -2.974830
v 6.204539 5.998947 -3.187389
v 6.204539 6.141416 -3.187389
v 6.314817 6.141329 -3.187181
v 6.204539 6.141416 -3.187389
v 6.204539 6.141416 -1.753948
v 6.314817 6.141329 -1.754104
v 6.314817 6.141329 -1.754104
v 6.204539 6.141416 -1.753948
v 6.204539 5.998955 -1.753948
v 6.278043 5.576323 -2.974518
v 6.279993 5.999120 -2.974830
v 6.279993 5.999120 -2.884480
v 6.278043 5.576323 -2.884992
v 6.204695 5.576072 -2.885633
v 6.204539 5.576072 -2.975046
v 6.204539 5.576072 -2.975046
v 6.204539 5.998947 -2.975046
v 6.279993 5.999120 -2.974830
v 6.204539 5.688490 -2.885130
v 6.204695 5.576072 -2.885633
v 6.204539 5.998947 -2.975046
v 6.204539 5.998947 -3.187389
v 6.314817 5.999120 -3.187181
v 6.204539 5.998955 -2.022995
v 6.204539 5.998947 -2.884186
v 6.204539 5.998955 -1.753948
v 6.204539 5.998955 -1.930947
v 6.278043 5.578159 -8.301497
v 6.279993 5.999119 -8.302182
v 6.279993 5.999120 -8.210854
v 6.204539 5.577926 -8.210594
v 6.204539 5.577839 -8.302546
v 6.278043 5.578159 -8.301497
v 6.204539 5.577839 -8.302546
v 6.204539 5.998877 -8.302546
v 6.279993 5.999119 -8.302182
v 6.204539 5.998877 -8.210594
v 6.204539 5.577926 -8.210594
v 6.314817 6.141328 -8.034505
v 6.314817 5.999120 -8.034505
v 6.314817 5.999119 -9.462322
v 6.279993 5.999120 -8.210854
v 6.279993 5.999119 -8.302182
v 6.279993 5.999119 -9.160722
v 6.314817 5.999120 -8.034505
v 6.279993 5.999119 -9.250742
v 6.204539 5.998877 -9.462574
v 6.204539 6.141554 -9.462574
v 6.314817 6.141328 -9.462322
v 6.314817 6.141328 -9.462322
v 6.204539 6.141554 -9.462574
v 6.204539 6.141554 -8.034245
v 6.314817 6.141328 -8.034505
v 6.204539 6.141554 -8.034245
v 6.204539 5.998877 -8.034245
v 6.278043 5.576323 -9.250429
v 6.279993 5.999119 -9.250742
v 6.279993 5.999119 -9.160722
v 6.204539 5.576166 -9.160558
v 6.204539 5.576080 -9.251002
v 6.278043 5.576323 -9.250429
v 6.204539 5.576080 -9.251002
v 6.204539 5.998877 -9.251002
v 6.279993 5.999119 -9.250742
v 6.204539 5.998877 -9.160558
v 6.204539 5.576166 -9.160558
v 6.204539 5.998877 -9.251002
v 6.204539 5.998877 -9.462574
v 6.314817 5.999119 -9.462322
v 6.204539 5.998877 -8.302546
v 6.204539 5.998877 -9.160558
v 6.204539 5.998877 -8.034245
v 6.204539 5.998877 -8.210594
v 6.204539 5.578489 -0.419990
v 6.204539 5.998955 -0.617472
v 6.204539 5.998955 -0.419990
v 6.204539 5.692018 0.465628
v 6.204539 5.692251 -0.335402
v 6.204539 5.998955 -0.335515
v 6.204513 6.141390 0.716105
v 6.204539 6.141416 -0.617472
v 6.204859 3.616184 -1.202520
v 6.204539 5.578576 -0.335402
v 6.204539 5.692018 0.465628
v 6.204539 5.998955 0.465559
v 6.204539 5.998955 -0.335515
v 6.204539 5.998947 -2.884186
v 6.204539 5.998955 -2.022995
v 6.204539 5.686272 -2.021860
v 6.204539 6.141416 -1.753948
v 6.204539 6.141416 -3.187389
v 6.204859 7.067030 -2.885529
v 6.204539 5.998947 -3.187389
v 6.204539 5.998947 -2.975046
v 6.204539 5.576072 -2.975046
v 6.204539 5.998955 -1.753948
v 6.204539 5.577978 -1.930947
v 6.204539 5.998955 -1.930947
v 6.204695 5.577761 -2.021193
v 6.204539 5.998947 -2.884186
v 6.204539 5.686272 -2.021860
v 6.204539 5.998955 -2.022995
v 6.204539 5.576166 -9.160558
v 6.204539 5.998877 -9.160558
v 6.204539 5.998877 -8.302546
v 6.204539 5.998877 -8.210594
v 6.204539 5.998877 -8.034245
v 6.204539 5.577926 -8.210594
v 6.204539 5.998877 -9.462574
v 6.204539 5.576080 -9.251002
v 6.204539 6.141554 -8.034245
v 6.204539 6.141554 -9.462574
v 6.204859 8.589062 -7.486413
v 6.204859 9.229773 -10.179910
v 6.204539 5.998877 -9.251002
v 6.202988 9.229523 6.884260
v 6.202988 8.591601 6.884260
v 6.289455 8.589929 6.882250
v 6.202988 9.229523 4.333042
v 6.289568 9.229523 4.333527
v 6.289455 8.589929 4.333683
v 6.313985 3.617397 6.881288
v 6.313665 3.617397 6.356071
v 6.313985 3.617397 6.881288
v 6.202988 3.617397 6.354148
v 6.312443 3.617397 4.334437
v 6.312764 3.617397 4.860147
v 6.202988 3.617397 4.333042
v 6.289455 8.587259 -4.222260
v 6.289455 8.553258 -5.173983
v 6.289455 8.589928 -4.427671
v 6.204859 8.546968 -5.174598
v 6.204859 8.546968 -6.531155
v 6.289455 8.553258 -6.532698
v 6.204859 8.589062 -7.486413
v 6.204859 8.591635 -7.288341
v 6.289455 8.589928 -7.279009
v 6.204859 9.482920 -7.427083
v 6.204859 9.799060 -5.856850
v 6.374675 9.799060 -5.856850
v 6.204859 9.799060 -5.856850
v 6.204859 9.482920 -4.256002
v 6.374675 9.482920 -4.249858
v 6.374675 9.482920 -7.424459
v 6.374675 9.799060 -5.856850
v 6.374675 9.482920 -4.249858
v 6.289455 7.928863 -4.427671
v 6.289455 7.928863 -5.017590
v 6.204859 8.589478 -4.218803
v 6.204859 7.927493 -4.425323
v 6.289455 7.928863 -4.427671
v 6.289455 8.553258 -5.173983
v 6.289455 7.928863 -5.017590
v 6.204859 7.930985 -5.020310
v 6.289455 7.928863 -6.689100
v 6.289455 7.928863 -7.279009
v 6.289455 8.587259 -7.484420
v 6.204859 7.932467 -6.685079
v 6.289455 7.928863 -6.689100
v 6.289455 8.553258 -6.532698
v 6.289455 7.928863 -7.279009
v 6.204859 7.954173 -7.288341
v 6.204859 8.589062 -7.486413
v 6.204859 8.589478 -4.218803
v 6.289455 8.587259 -4.222260
v 6.289455 8.589928 -4.427671
v 6.289455 8.553258 -6.532698
v 6.289455 8.589928 -7.279009
v 6.289715 9.229366 -7.290698
v 6.289715 9.229366 -4.425948
v 6.204348 2.959242 -4.893360
v 6.298051 3.366841 -5.020812
v 6.298753 3.366841 -4.441345
v 6.204348 3.365680 -4.441613
v 6.204348 2.959242 -4.570764
v 6.298753 3.366841 -4.441345
v 6.298051 3.366841 -5.020812
v 6.204348 2.959242 -4.893360
v 6.204348 3.365680 -5.022017
v 6.204348 2.959242 -7.113802
v 6.295365 3.366841 -7.242217
v 6.296067 3.366841 -6.662740
v 6.204348 3.365680 -6.663234
v 6.204348 2.959242 -6.793026
v 6.296067 3.366841 -6.662740
v 6.295365 3.366841 -7.242217
v 6.204348 2.959242 -7.113802
v 6.204348 3.365680 -7.242711
v 6.204859 9.229366 -4.425323
v 6.204859 8.592155 -4.425323
v 6.289455 8.589928 -4.427671
v 6.204859 9.229366 -7.288341
v 6.289715 9.229366 -7.290698
v 6.289455 8.589928 -7.279009
v 6.298761 3.616183 -4.428123
v 6.298051 3.616183 -5.017087
v 6.204859 3.616183 -4.425323
v 6.298761 3.616183 -4.428123
v 6.298051 3.616183 -5.017087
v 6.204859 3.616183 -5.020310
v 6.295321 3.616183 -7.279364
v 6.296032 3.616183 -6.689195
v 6.295321 3.616183 -7.279364
v 6.204859 3.616183 -7.288341
v 6.204859 3.366842 6.353871
v 6.204348 2.959157 6.472165
v 6.204348 2.959156 4.450686
v 6.204859 3.366842 4.330633
v 6.309991 3.366842 4.860113
v 6.311802 3.366842 6.355760
v 6.204859 3.366842 6.353871
v 6.204859 3.366842 6.884001
v 6.312443 3.366842 6.881366
v 6.304272 3.366842 10.505737
v 6.204859 2.392435 6.288745
v 6.204859 2.588652 6.171257
v 6.204859 2.756926 5.931005
v 6.204859 2.831210 5.628546
v 6.202988 3.617397 4.333042
v 6.202988 8.591601 6.884260
v 6.202988 9.229523 6.884260
v 6.312764 3.617397 4.860147
v 6.202988 3.617397 4.862972
v 6.202988 3.617397 6.354148
v 6.202988 3.617397 6.884260
v 6.204859 3.616184 10.410388
v 6.304272 3.616184 10.505737
v 6.204859 4.413342 6.181854
v 6.204859 5.692702 6.181854
v 6.202988 7.925909 6.354139
v 6.204859 4.413342 5.032562
v 6.202988 3.617397 6.354148
v 6.202988 8.550330 5.001949
v 6.202988 8.550330 6.214347
v 6.204859 8.349199 6.182954
v 6.204859 8.349199 5.036253
v 6.202988 7.929539 4.862972
v 6.204539 6.141546 9.268669
v 6.204539 6.141546 7.911073
v 6.202988 7.931913 6.884260
v 6.202979 8.588942 7.067480
v 6.374675 9.229367 10.577231
v 6.204859 9.229575 10.410318
v 6.202988 9.229523 6.884260
v 6.289568 9.229523 6.882328
v 6.202988 3.617397 6.884260
v 6.204539 5.999173 7.911073
v 6.204539 5.999173 8.112195
v 6.204539 5.576324 8.112195
v 6.204539 5.578247 9.101020
v 6.204539 5.999173 9.101020
v 6.204859 4.412310 2.901421
v 6.204859 4.411642 0.465403
v 6.204859 4.411642 -0.335134
v 6.204513 5.999025 0.716105
v 6.204530 5.575699 0.551489
v 6.204530 5.999016 0.551489
v 6.204539 5.575613 0.465628
v 6.204539 5.577918 2.901776
v 6.202988 8.588291 4.148912
v 6.202988 7.928014 4.333042
v 6.202988 9.229523 4.333042
v 6.202988 8.590969 4.333042
v 6.202988 9.481993 7.052724
v 6.204859 9.482921 10.410042
v 6.374675 9.482921 10.577231
v 6.204859 9.799988 5.598105
v 6.202988 9.481993 7.052724
v 6.076211 9.799988 6.178786
v 6.204859 9.799988 6.178786
v 6.374675 9.482921 10.577231
v 6.374675 9.482920 -1.202521
v 6.374675 9.482920 4.162377
v 6.204859 9.799988 5.598105
v 6.202988 9.481993 4.162654
v 6.298051 3.366841 -5.020812
v 6.204348 3.365680 -5.022017
v 6.204348 3.365680 -6.663234
v 6.204348 3.365680 -7.242711
v 6.204859 3.366841 -10.178869
v 6.291708 3.366841 -10.271065
v 6.204348 2.959242 -6.793026
v 6.204348 3.365680 -6.663234
v 6.204348 3.365680 -5.022017
v 6.204859 8.589478 -4.218803
v 6.204859 8.592155 -4.425323
v 6.204859 7.927493 -4.425323
v 6.296032 3.616183 -6.689195
v 6.204859 3.616183 -6.685079
v 6.204859 3.616183 -5.020310
v 6.291708 3.616183 -10.271065
v 6.204859 3.616183 -10.180048
v 6.204859 3.616183 -7.288341
v 6.204859 9.229366 -7.288341
v 6.204859 8.349225 -5.218053
v 6.204859 8.349224 -6.465509
v 6.204859 8.546968 -6.531155
v 6.204859 4.415143 -5.214812
v 6.204859 3.616183 -5.020310
v 6.204859 3.616183 -6.685079
v 6.204859 8.546968 -5.174598
v 6.204859 9.229366 -4.425323
v 6.289715 9.229366 -4.425948
v 6.204695 5.576072 -2.885633
v 6.204859 8.591635 -7.288341
v 6.204859 9.482920 -7.427083
v 6.204859 9.799060 -5.856850
v 6.374675 9.482920 -1.202521
v 6.374675 9.482920 -4.249858
v 6.204859 9.482920 -4.256002
v 5.516196 9.483621 -10.350938
v 6.374675 9.229365 -10.346883
v -1.492025 9.230067 -10.350938
v -5.991416 9.230067 -10.265978
v -6.660436 9.229365 -10.346883
v -1.492025 9.230067 -10.350938
v -1.492025 9.483621 -10.350938
v -1.492025 9.483621 -10.181122
v 3.057485 9.482702 -10.179242
v 3.203645 3.618089 -10.288706
v -1.492033 3.616876 -10.278914
v -1.492033 3.616876 -10.181122
v -4.383342 5.696548 -10.052474
v -4.383342 4.415844 -10.052474
v -5.349846 4.415844 -10.052474
v -4.385846 7.069144 -10.052474
v -5.352186 7.069144 -10.052474
v -5.352186 8.349926 -10.052474
v -4.379442 11.082432 -10.052474
v -4.379442 9.799761 -10.052474
v -5.348746 9.799761 -10.052474
v -4.385846 7.069144 -10.181122
v -4.232667 7.931687 -10.181122
v -4.383342 5.696548 -10.181122
v -2.581095 9.798219 -10.181122
v -4.379442 9.799761 -10.181122
v -4.379442 11.082432 -10.181122
v -1.909224 4.413314 -10.052474
v -2.579163 4.413314 -10.052474
v -2.579163 5.692112 -10.052474
v -1.906261 8.349173 -10.052474
v -1.906261 7.067732 -10.052474
v -2.578972 7.067732 -10.052474
v -1.904103 11.081764 -10.052474
v -1.904103 9.798219 -10.052474
v -2.581095 9.798219 -10.052474
v -3.640600 9.483621 -10.181122
v -1.904103 9.798219 -10.181122
v -0.088226 5.693264 -10.052474
v -0.088226 4.412334 -10.052474
v -0.769351 4.412334 -10.052474
v -0.088816 8.347951 -10.052474
v -0.088816 7.066856 -10.052474
v -0.771492 7.066856 -10.052474
v -0.089492 11.084139 -10.052474
v -0.089492 9.801009 -10.052474
v -0.769793 9.801009 -10.052474
v 1.303354 7.066319 -10.181122
v -0.088816 7.066856 -10.181122
v -0.088816 8.347951 -10.181122
v 1.303354 11.082026 -10.181122
v 1.303354 9.803938 -10.181122
v -0.089492 9.801009 -10.181122
v 1.984401 4.413002 -10.052474
v 1.303614 4.413002 -10.052474
v 1.303614 5.697744 -10.052474
v 1.984531 7.066319 -10.052474
v 1.303354 7.066319 -10.052474
v 1.303354 8.348185 -10.052474
v 1.984531 9.803929 -10.052474
v 1.303354 9.803938 -10.052474
v 1.303354 11.082026 -10.052474
v 1.303320 5.576929 -10.180802
v 1.303614 4.413002 -10.181122
v 1.231357 5.576851 -10.180802
v 3.802505 9.800689 -10.181122
v 1.984531 9.803929 -10.181122
v 1.984531 11.082026 -10.181122
v 4.775474 5.693394 -10.052465
v 4.775474 4.414033 -10.052474
v 3.797618 4.414033 -10.052474
v 4.776401 8.349900 -10.052474
v 4.776401 7.062784 -10.052474
v 3.800763 7.062784 -10.052474
v 4.772857 11.080742 -10.052474
v 4.772857 9.800689 -10.052474
v 3.802505 9.800689 -10.052474
v -5.349846 4.415844 -10.052474
v -5.349846 4.415844 -10.181122
v -5.349846 5.696548 -10.181122
v -5.349846 5.696548 -10.052474
v -5.349846 5.696548 -10.181122
v -4.383342 5.696548 -10.181122
v -4.383342 4.415844 -10.181122
v -4.383342 4.415844 -10.052474
v -4.383342 5.696548 -10.052474
v -4.383342 4.415844 -10.052474
v -4.383342 4.415844 -10.181122
v -5.349846 4.415844 -10.181122
v -5.352186 7.069144 -10.052474
v -5.352186 7.069144 -10.181122
v -5.352186 8.349926 -10.181122
v -5.352186 8.349926 -10.052474
v -5.352186 8.349926 -10.181122
v -4.385846 8.349926 -10.181122
v -4.385846 8.349926 -10.052474
v -4.385846 8.349926 -10.181122
v -4.385846 7.069144 -10.181122
v -4.385846 7.069144 -10.052474
v -4.385846 7.069144 -10.181122
v -5.352186 7.069144 -10.181122
v -5.348746 9.799761 -10.052474
v -5.348746 9.799761 -10.181122
v -5.348746 11.082424 -10.181122
v -5.348746 11.082424 -10.052474
v -5.348746 11.082424 -10.181122
v -4.379442 11.082432 -10.181122
v -4.379442 11.082432 -10.052474
v -4.379442 11.082432 -10.181122
v -4.379442 9.799761 -10.181122
v -5.348746 9.799761 -10.181122
v -5.348746 9.799761 -10.052474
v -4.379442 9.799761 -10.181122
v -4.379442 9.799761 -10.052474
v -2.579163 5.692112 -10.052474
v -2.579050 5.576773 -10.180958
v -2.578660 5.689192 -10.180802
v -1.909224 5.692112 -10.052474
v -2.579163 5.692112 -10.052474
v -2.578660 5.689192 -10.180802
v -1.909224 5.692112 -10.052474
v -1.909415 5.578463 -10.180958
v -1.909224 4.413314 -10.181122
v -1.909224 4.413314 -10.052474
v -1.909224 4.413314 -10.181122
v -2.579163 4.413314 -10.181122
v -2.578972 7.067732 -10.052474
v -2.578972 7.067732 -10.181122
v -2.578964 8.349173 -10.181122
v -2.578964 8.349173 -10.052474
v -2.578964 8.349173 -10.181122
v -1.906261 8.349173 -10.181122
v -1.906261 8.349173 -10.052474
v -1.906261 8.349173 -10.181122
v -1.906261 7.067732 -10.181122
v -1.906261 7.067732 -10.052474
v -1.906261 7.067732 -10.181122
v -2.578972 7.067732 -10.181122
v -2.581095 9.798219 -10.052474
v -2.581095 9.798219 -10.181122
v -2.581095 11.081764 -10.181122
v -2.581095 11.081764 -10.052474
v -2.581095 11.081764 -10.181122
v -1.904103 11.081764 -10.181122
v -1.904103 11.081764 -10.052474
v -1.904103 11.081764 -10.181122
v -1.904103 9.798219 -10.181122
v -1.904103 9.798219 -10.052474
v -1.904103 9.798219 -10.181122
v -2.581095 9.798219 -10.181122
v -0.769351 5.693264 -10.052474
v -0.769577 5.579260 -10.180802
v -0.769577 5.692944 -10.180802
v -0.088226 5.693264 -10.052474
v -0.769351 5.693264 -10.052474
v -0.769577 5.692944 -10.180802
v -0.088226 5.693264 -10.052474
v -0.088036 5.576305 -10.180802
v -0.088226 4.412334 -10.181122
v -0.088226 4.412334 -10.052474
v -0.088226 4.412334 -10.181122
v -0.769351 4.412334 -10.181122
v -0.771492 7.066856 -10.052474
v -0.771492 7.066856 -10.181122
v -0.771483 8.347951 -10.181122
v -0.771483 8.347951 -10.052474
v -0.771483 8.347951 -10.181122
v -0.088816 8.347951 -10.181122
v -0.088816 8.347951 -10.052474
v -0.088816 8.347951 -10.181122
v -0.088816 7.066856 -10.181122
v -0.088816 7.066856 -10.052474
v -0.088816 7.066856 -10.181122
v -0.771492 7.066856 -10.181122
v -0.769793 9.801009 -10.052474
v -0.769793 9.801009 -10.181122
v -0.769793 11.084130 -10.181122
v -0.769793 11.084130 -10.052474
v -0.769793 11.084130 -10.181122
v -0.089492 11.084139 -10.181122
v -0.089492 11.084139 -10.052474
v -0.089492 11.084139 -10.181122
v -0.089492 9.801009 -10.181122
v -0.089492 9.801009 -10.052474
v -0.089492 9.801009 -10.181122
v -0.769793 9.801009 -10.181122
v 1.303614 5.697744 -10.052474
v 1.303320 5.576929 -10.180802
v 1.303450 5.697814 -10.180958
v 1.303614 5.697744 -10.052474
v 1.303450 5.697814 -10.180958
v 1.984566 5.697900 -10.180958
v 1.984401 4.413002 -10.181122
v 1.984401 4.413002 -10.052474
v 1.984401 5.697753 -10.052474
v 1.984401 4.413002 -10.052474
v 1.984401 4.413002 -10.181122
v 1.303614 4.413002 -10.181122
v 1.303354 7.066319 -10.052474
v 1.303354 7.066319 -10.181122
v 1.303354 8.348185 -10.181122
v 1.303354 8.348185 -10.052474
v 1.303354 8.348185 -10.181122
v 1.984531 8.348185 -10.181122
v 1.984531 8.348185 -10.052474
v 1.984531 8.348185 -10.181122
v 1.984531 7.066319 -10.181122
v 1.984531 7.066319 -10.052474
v 1.984531 7.066319 -10.181122
v 1.303354 7.066319 -10.181122
v 1.303354 9.803938 -10.052474
v 1.303354 9.803938 -10.181122
v 1.303354 11.082026 -10.181122
v 1.303354 11.082026 -10.052474
v 1.303354 11.082026 -10.181122
v 1.984531 11.082026 -10.181122
v 1.984531 11.082026 -10.052474
v 1.984531 11.082026 -10.181122
v 1.984531 9.803929 -10.181122
v 1.984531 9.803929 -10.052474
v 1.984531 9.803929 -10.181122
v 1.303354 9.803938 -10.181122
v 3.797618 4.414033 -10.181122
v 3.797618 5.693394 -10.181122
v 3.797618 5.693394 -10.052465
v 4.775474 5.693394 -10.052465
v 3.797618 5.693394 -10.052465
v 3.797618 5.693394 -10.181122
v 4.775474 4.414033 -10.181122
v 4.775474 4.414033 -10.052474
v 4.775474 5.693394 -10.052465
v 4.775474 4.414033 -10.052474
v 4.775474 4.414033 -10.181122
v 3.797618 4.414033 -10.181122
v 3.800763 7.062784 -10.052474
v 3.800763 7.062784 -10.181122
v 3.800763 8.349900 -10.181122
v 3.800763 8.349900 -10.052474
v 3.800763 8.349900 -10.181122
v 4.776401 8.349900 -10.181122
v 4.776401 8.349900 -10.052474
v 4.776401 8.349900 -10.181122
v 4.776401 7.062784 -10.181122
v 4.776401 7.062784 -10.052474
v 4.776401 7.062784 -10.181122
v 3.800763 7.062784 -10.181122
v 3.802505 9.800689 -10.052474
v 3.802505 9.800689 -10.181122
v 3.802505 11.080742 -10.181122
v 3.802505 11.080742 -10.052474
v 3.802505 11.080742 -10.181122
v 4.772857 11.080742 -10.181122
v 4.772857 11.080742 -10.052474
v 4.772857 11.080742 -10.181122
v 4.772857 9.800689 -10.181122
v 3.802505 9.800689 -10.052474
v 4.278800 9.800689 -10.181122
v 3.802505 9.800689 -10.181122
v -1.492025 9.483621 -10.350938
v -1.492025 9.230067 -10.350938
v -3.635835 9.483621 -10.350938
v -1.492025 9.230067 -10.350938
v 3.202865 9.230224 -10.265831
v 3.202449 9.230224 -10.179242
v -1.512899 3.366841 -10.286151
v -6.660436 3.366841 -10.296185
v -6.660436 3.616183 -10.296185
v -5.982630 3.616885 -10.271585
v -5.525459 3.616885 -10.272295
v -4.230172 3.616885 -10.274314
v -3.773928 3.616885 -10.275024
v -1.492033 3.616876 -10.278914
v -3.773928 3.616885 -10.275024
v -3.771770 3.616885 -10.181122
v -1.492033 3.616876 -10.181122
v -0.769793 9.801009 -10.181122
v -1.492025 9.483621 -10.181122
v -1.492025 11.576689 -10.181122
v -1.904103 11.081764 -10.181122
v -1.492025 11.576689 -10.181122
v -2.581095 11.081764 -10.181122
v -5.522270 7.933168 -10.181122
v -5.349846 5.696548 -10.181122
v -5.349846 4.415844 -10.181122
v -1.492025 9.230067 -10.181122
v -0.771483 8.347951 -10.181122
v -0.771492 7.066856 -10.181122
v 3.797618 5.693394 -10.181122
v 3.800763 7.062784 -10.181122
v 4.776401 7.062784 -10.181122
v 1.303354 8.348185 -10.181122
v 1.984531 8.348185 -10.181122
v -5.352186 7.069144 -10.181122
v -1.492033 3.616876 -10.181122
v -3.771770 3.616885 -10.181122
v -2.579163 4.413314 -10.181122
v -1.909224 4.413314 -10.181122
v -1.906261 7.067732 -10.181122
v -1.906261 8.349173 -10.181122
v -1.492025 9.230067 -10.181122
v -2.578964 8.349173 -10.181122
v -0.089492 11.084139 -10.181122
v -0.769793 11.084130 -10.181122
v 3.802505 11.080742 -10.181122
v 5.527599 8.587969 -10.265718
v 4.803834 8.553959 -10.265718
v 5.371387 8.590630 -10.265718
v 4.803115 8.551031 -10.179242
v 3.771580 8.551031 -10.179242
v 3.770557 8.553959 -10.265718
v 3.045796 8.588992 -10.179242
v 3.202449 8.591669 -10.179242
v 3.203004 8.590630 -10.265718
v 3.057485 9.482702 -10.179242
v 4.278800 9.800689 -10.181122
v 4.287196 9.800472 -10.350938
v 4.278800 9.800689 -10.181122
v 5.516430 9.482702 -10.179242
v 5.516196 9.483621 -10.350938
v 3.057251 9.483621 -10.350938
v 4.287196 9.800472 -10.350938
v 5.516196 9.483621 -10.350938
v 5.371387 7.929573 -10.265718
v 4.922769 7.929555 -10.265718
v 5.528977 8.589642 -10.179242
v 5.373095 7.932614 -10.179242
v 5.371387 7.929573 -10.265718
v 4.803834 8.553959 -10.265718
v 4.922769 7.929555 -10.265718
v 4.922059 7.926592 -10.179242
v 3.651623 7.929564 -10.265718
v 3.203004 7.929573 -10.265718
v 3.046792 8.587969 -10.265718
v 3.653329 7.930240 -10.179242
v 3.651623 7.929564 -10.265718
v 3.770557 8.553959 -10.265718
v 3.203004 7.929573 -10.265718
v 3.202449 7.928715 -10.179242
v 3.045796 8.588992 -10.179242
v 5.528977 8.589642 -10.179242
v 5.527599 8.587969 -10.265718
v 5.371387 8.590630 -10.265718
v 3.770557 8.553959 -10.265718
v 3.203004 8.590630 -10.265718
v 3.202865 9.230224 -10.265831
v 5.371449 9.230224 -10.265831
v 1.985536 5.578853 -10.254306
v 1.984999 5.999813 -10.256256
v 2.057542 5.999813 -10.256256
v 2.057741 5.578696 -10.180802
v 1.984696 5.578610 -10.180802
v 1.985536 5.578853 -10.254306
v 1.984566 5.697900 -10.180958
v 1.984817 5.999709 -10.180802
v 2.057741 5.999709 -10.180802
v 2.057741 5.578696 -10.180802
v 2.197619 6.142022 -10.291080
v 2.197619 5.999813 -10.291080
v 1.063474 5.999813 -10.291080
v 2.057542 5.999813 -10.256256
v 1.984999 5.999813 -10.256256
v 1.303034 5.999813 -10.256256
v 2.197619 5.999813 -10.291080
v 1.231531 5.999813 -10.256256
v 1.063301 5.999709 -10.180802
v 1.063301 6.142091 -10.180802
v 1.063474 6.142022 -10.291080
v 1.063474 6.142022 -10.291080
v 1.063301 6.142091 -10.180802
v 2.197914 6.142091 -10.180802
v 2.197619 6.142022 -10.291080
v 2.197914 6.142091 -10.180802
v 2.197914 5.999709 -10.180802
v 1.231782 5.577015 -10.254306
v 1.231531 5.999813 -10.256256
v 1.303034 5.999813 -10.256256
v 1.303320 5.576929 -10.180802
v 1.231357 5.576851 -10.180802
v 1.231782 5.577015 -10.254306
v 1.231357 5.576851 -10.180802
v 1.231357 5.999709 -10.180802
v 1.231531 5.999813 -10.256256
v 1.302626 5.577015 -10.254306
v 1.303190 5.999709 -10.180802
v 1.231357 5.999709 -10.180802
v 1.063301 5.999709 -10.180802
v 1.063474 5.999813 -10.291080
v 1.984817 5.999709 -10.180802
v 1.303190 5.999709 -10.180802
v 2.197914 5.999709 -10.180802
v 2.057741 5.999709 -10.180802
v -0.087291 5.578853 -10.254306
v -0.087836 5.999813 -10.256256
v -0.015294 5.999813 -10.256256
v -0.014990 5.576392 -10.180793
v -0.088036 5.576305 -10.180802
v -0.087291 5.578853 -10.254306
v -0.087836 5.999813 -10.256256
v -0.088036 5.576305 -10.180802
v -0.014990 5.999709 -10.180784
v -0.014990 5.576392 -10.180793
v 0.124792 6.142022 -10.291080
v 0.124792 5.999813 -10.291080
v -1.009362 5.999813 -10.291080
v -0.015294 5.999813 -10.256256
v -0.087836 5.999813 -10.256256
v -0.769802 5.999813 -10.256256
v 0.124792 5.999813 -10.291080
v -0.841305 5.999813 -10.256256
v -1.009570 5.999648 -10.180802
v -1.009570 6.142099 -10.180802
v -1.009362 6.142022 -10.291080
v -1.009362 6.142022 -10.291080
v -1.009570 6.142099 -10.180802
v 0.125078 6.142091 -10.180776
v 0.124792 6.142022 -10.291080
v 0.125078 6.142091 -10.180776
v 0.125078 5.999717 -10.180776
v -0.841054 5.577015 -10.254306
v -0.841305 5.999813 -10.256256
v -0.769802 5.999813 -10.256256
v -0.769577 5.579260 -10.180802
v -0.841548 5.579182 -10.180802
v -0.841054 5.577015 -10.254306
v -0.841548 5.579182 -10.180802
v -0.841548 5.999648 -10.180802
v -0.769577 5.692944 -10.180802
v -0.769577 5.579260 -10.180802
v -0.841548 5.999648 -10.180802
v -1.009570 5.999648 -10.180802
v -1.009362 5.999813 -10.291080
v -0.088096 5.999648 -10.180802
v -0.769672 5.999648 -10.180802
v 0.125078 5.999717 -10.180776
v -0.014990 5.999709 -10.180784
v 1.063301 5.999709 -10.180802
v 1.231357 5.999709 -10.180802
v 1.984817 5.999709 -10.180802
v 1.984566 5.697900 -10.180958
v 1.303450 5.697814 -10.180958
v 1.984531 7.066319 -10.181122
v 2.197914 6.142091 -10.180802
v 1.063301 6.142091 -10.180802
v 2.057741 5.578696 -10.180802
v 2.057741 5.999709 -10.180802
v 2.197914 5.999709 -10.180802
v 1.984696 5.578610 -10.180802
v 1.303450 5.697814 -10.180958
v 1.303320 5.576929 -10.180802
v 1.984566 5.697900 -10.180958
v 1.984696 5.578610 -10.180802
v 1.303614 4.413002 -10.181122
v -1.910108 5.578861 -10.254306
v -1.910637 5.999821 -10.256256
v -1.839636 5.999821 -10.256256
v -1.839506 5.578679 -10.180802
v -1.909415 5.578463 -10.180958
v -1.910108 5.578861 -10.254306
v -1.910637 5.999821 -10.256256
v -1.909415 5.578463 -10.180958
v -1.839506 5.999657 -10.180802
v -1.839506 5.578679 -10.180802
v -1.754252 6.142030 -10.291080
v -1.754252 5.999821 -10.291080
v -2.812639 5.999821 -10.291080
v -1.839636 5.999821 -10.256256
v -1.910637 5.999821 -10.256256
v -2.578157 5.999821 -10.256256
v -1.754252 5.999821 -10.291080
v -2.648144 5.999821 -10.256256
v -2.812804 5.999648 -10.180802
v -2.812804 6.142117 -10.180802
v -2.812639 6.142030 -10.291080
v -2.812804 6.142117 -10.180802
v -1.754122 6.142117 -10.180802
v -1.754252 6.142030 -10.291080
v -1.754252 6.142030 -10.291080
v -1.754122 6.142117 -10.180802
v -1.754122 5.999657 -10.180802
v -2.647902 5.577024 -10.254306
v -2.648144 5.999821 -10.256256
v -2.578157 5.999821 -10.256256
v -2.578556 5.577024 -10.254306
v -2.579050 5.576773 -10.180958
v -2.648309 5.576773 -10.180802
v -2.648309 5.576773 -10.180802
v -2.648309 5.999648 -10.180802
v -2.648144 5.999821 -10.256256
v -2.578660 5.689192 -10.180802
v -2.579050 5.576773 -10.180958
v -2.648309 5.999648 -10.180802
v -2.812804 5.999648 -10.180802
v -2.812639 5.999821 -10.291080
v -1.910810 5.999657 -10.180802
v -2.577932 5.999648 -10.180802
v -1.754122 5.999657 -10.180802
v -1.839506 5.999657 -10.180802
v -5.989588 3.616885 -10.181122
v -6.660436 3.616183 -10.180048
v -6.660436 9.229365 -10.180048
v -6.143026 8.589763 -10.181122
v -5.989588 7.954883 -10.181122
v -0.841548 5.579182 -10.180802
v -1.009570 5.999648 -10.180802
v -0.841548 5.999648 -10.180802
v -0.088036 5.692710 -10.180802
v -0.769577 5.692944 -10.180802
v -0.769672 5.999648 -10.180802
v 0.125078 6.142091 -10.180776
v -1.009570 6.142099 -10.180802
v -1.492033 3.616876 -10.181122
v -0.769577 5.579260 -10.180802
v -0.088036 5.692710 -10.180802
v -0.088096 5.999648 -10.180802
v -0.769672 5.999648 -10.180802
v -2.577932 5.999648 -10.180802
v -1.910810 5.999657 -10.180802
v -1.909935 5.686974 -10.180802
v -1.754122 6.142117 -10.180802
v -2.812804 6.142117 -10.180802
v -2.578972 7.067732 -10.181122
v -2.812804 5.999648 -10.180802
v -2.648309 5.999648 -10.180802
v -2.648309 5.576773 -10.180802
v -1.754122 5.999657 -10.180802
v -1.839506 5.578679 -10.180802
v -1.839506 5.999657 -10.180802
v -1.909415 5.578463 -10.180958
v -2.577932 5.999648 -10.180802
v -1.909935 5.686974 -10.180802
v -1.910810 5.999657 -10.180802
v 5.373103 9.230224 -10.179242
v 5.373095 8.592302 -10.179242
v 5.371387 8.590630 -10.265718
v 3.202449 9.230224 -10.179242
v 3.202865 9.230224 -10.265831
v 3.203004 8.590630 -10.265718
v 4.923696 3.618089 -10.289928
v 5.370564 3.618089 -10.290248
v 4.922059 3.618089 -10.179242
v 3.203645 3.618089 -10.288706
v 3.650929 3.618089 -10.289027
v 3.202449 3.618089 -10.179242
v -3.614467 8.587969 -10.265718
v -4.351706 8.553959 -10.265718
v -3.773581 8.590630 -10.265718
v -4.352182 8.547668 -10.181122
v -5.403041 8.547668 -10.181122
v -5.404236 8.553959 -10.265718
v -6.143026 8.589763 -10.181122
v -5.989588 8.592337 -10.181122
v -5.982361 8.590630 -10.265718
v -6.097067 9.483621 -10.181122
v -4.880692 9.799761 -10.181122
v -4.880692 9.799761 -10.350938
v -4.880692 9.799761 -10.181122
v -3.640600 9.483621 -10.181122
v -3.635835 9.483621 -10.350938
v -6.095031 9.483621 -10.350938
v -4.880692 9.799761 -10.350938
v -3.635835 9.483621 -10.350938
v -3.773581 7.929573 -10.265718
v -4.230553 7.929564 -10.265718
v -3.611781 8.590179 -10.181122
v -3.771770 7.928195 -10.181122
v -3.773581 7.929573 -10.265718
v -4.351706 8.553959 -10.265718
v -4.230553 7.929564 -10.265718
v -4.232667 7.931687 -10.181122
v -5.525390 7.929564 -10.265718
v -5.982361 7.929573 -10.265718
v -6.141484 8.587969 -10.265718
v -5.522270 7.933168 -10.181122
v -5.525390 7.929564 -10.265718
v -5.404236 8.553959 -10.265718
v -5.982361 7.929573 -10.265718
v -5.989588 7.954883 -10.181122
v -6.143026 8.589763 -10.181122
v -3.611781 8.590179 -10.181122
v -3.614467 8.587969 -10.265718
v -3.773581 8.590630 -10.265718
v -5.404236 8.553959 -10.265718
v -5.982361 8.590630 -10.265718
v -5.991416 9.230067 -10.265978
v -3.772247 9.230067 -10.265978
v -3.771770 9.230067 -10.181122
v -3.771770 8.592856 -10.181122
v -3.773581 8.590630 -10.265718
v -5.989588 9.230067 -10.181122
v -5.991416 9.230067 -10.265978
v -5.982361 8.590630 -10.265718
v -3.773928 3.616885 -10.275024
v -4.230172 3.616885 -10.274314
v -3.771770 3.616885 -10.181122
v -3.773928 3.616885 -10.275024
v -4.230172 3.616885 -10.274314
v -4.232667 3.616885 -10.181122
v -5.982630 3.616885 -10.271585
v -5.525459 3.616885 -10.272295
v -5.982630 3.616885 -10.271585
v -5.989588 3.616885 -10.181122
v 3.202449 3.618089 -10.179242
v 6.204859 9.229773 -10.179910
v 5.528977 8.589642 -10.179242
v 5.373095 8.592302 -10.179242
v 3.650929 3.618089 -10.289027
v 3.653329 3.618089 -10.179242
v 4.922059 3.618089 -10.179242
v 4.775474 4.414033 -10.181122
v 4.775474 5.693394 -10.181122
v 4.922059 7.926592 -10.179242
v 3.797618 4.414033 -10.181122
v 4.922059 3.618089 -10.179242
v 3.771580 8.551031 -10.179242
v 4.803115 8.551031 -10.179242
v 4.776401 8.349900 -10.181122
v 3.800763 8.349900 -10.181122
v 3.653329 7.930240 -10.179242
v 1.984401 4.413002 -10.181122
v -0.088226 4.412334 -10.181122
v -0.769351 4.412334 -10.181122
v 0.125078 5.999717 -10.180776
v -0.014990 5.576392 -10.180793
v -0.014990 5.999709 -10.180784
v -0.088036 5.576305 -10.180802
v 1.984696 5.578610 -10.180802
v 3.045796 8.588992 -10.179242
v 3.202449 7.928715 -10.179242
v 3.202449 9.230224 -10.179242
v 3.202449 8.591669 -10.179242
v 4.278800 9.800689 -10.181122
v 4.772857 9.800689 -10.181122
v 5.516430 9.482702 -10.179242
v 4.772857 9.800689 -10.052474
v 4.772857 9.800689 -10.181122
v -1.492025 9.483621 -10.350938
v 3.057251 9.483621 -10.350938
v 4.278800 9.800689 -10.181122
v 3.057485 9.482702 -10.179242
v -3.611781 8.590179 -10.181122
v -3.771770 8.592856 -10.181122
v -3.771770 7.928195 -10.181122
v -5.525459 3.616885 -10.272295
v -5.522270 3.616885 -10.181122
v -4.232667 3.616885 -10.181122
v -6.660436 3.616183 -10.180048
v -5.989588 3.616885 -10.181122
v -5.982630 3.616885 -10.271585
v -5.989588 9.230067 -10.181122
v -4.385846 8.349926 -10.181122
v -5.352186 8.349926 -10.181122
v -5.403041 8.547668 -10.181122
v -4.383342 4.415844 -10.181122
v -4.232667 3.616885 -10.181122
v -5.522270 3.616885 -10.181122
v -4.352182 8.547668 -10.181122
v -3.771770 9.230067 -10.181122
v -3.772247 9.230067 -10.265978
v -2.579050 5.576773 -10.180958
v -6.097067 9.483621 -10.181122
v -5.348746 9.799761 -10.181122
v -4.880692 9.799761 -10.181122
v -1.492025 9.483621 -10.350938
v -3.635835 9.483621 -10.350938
v -3.640600 9.483621 -10.181122
v -6.660436 11.575987 -10.179702
v -5.348746 11.082424 -10.181122
v -6.660436 9.482919 -10.179702
v -1.492025 11.576689 -10.181122
v -6.660436 11.575987 -10.179702
v -6.745344 11.575987 -10.261974
v -6.095031 9.483621 -10.350938
v -6.660436 9.482919 -10.346883
v -6.660436 9.482919 -10.179702
v 3.203645 3.618089 -10.288706
v 3.650929 3.618089 -10.289027
v 4.923696 3.618089 -10.289928
v -1.492033 3.616876 -10.278914
v 6.291708 3.366841 -10.271065
v 5.370564 3.618089 -10.290248
v 6.291708 3.616183 -10.271065
v -1.492025 11.576689 -10.181122
v -1.492025 11.576689 -10.266030
v 6.289767 11.575987 -10.261974
v 5.373103 3.618089 -10.179242
v 6.204859 3.616183 -10.180048
v 6.291708 3.616183 -10.271065
v 5.373103 9.230224 -10.179242
v 5.371449 9.230224 -10.265831
v 6.374675 9.229365 -10.346883
v 5.373103 3.618089 -10.179242
v 5.373095 7.932614 -10.179242
v 6.204859 3.616183 -10.180048
v 5.516430 9.482702 -10.179242
v 6.204859 9.482919 -10.179702
v 6.374675 9.482919 -10.346883
v -5.989588 8.592337 -10.181122
v 6.374675 9.482919 -10.346883
v 6.204859 9.482919 -10.179702
v 6.204859 11.576343 -10.180411
v 4.772857 11.080742 -10.181122
v -6.830338 11.749727 -10.349855
v 6.376538 11.749727 -10.349855
v 6.289767 11.575987 -10.261974
v -1.492025 11.576689 -10.266030
v -6.745344 11.575987 -10.261974
v 6.235187 0.874225 10.440178
v 4.737608 0.377178 10.440179
v 4.737608 -0.136506 10.440179
v 6.204859 0.913061 10.409210
v 0.872196 0.913061 10.409219
v -6.660436 3.366842 10.526532
v -6.660436 3.366842 10.409210
v -1.336983 3.366842 10.409219
v -6.660436 9.229367 10.577231
v -6.660436 9.482921 10.577231
v -6.660436 9.482921 10.410042
v -6.660436 3.366842 10.409210
v -6.660436 3.366842 10.526532
v -6.660436 3.616184 10.526532
v -0.073401 1.410056 10.278768
v -0.073401 2.814019 10.278768
v -0.743296 2.814019 10.278768
v -1.858118 1.410056 10.312960
v -1.858118 2.814019 10.312960
v -2.541878 2.814019 10.278768
v -4.314248 1.410056 10.409219
v -2.541878 1.410056 10.409219
v -2.541878 2.814019 10.409219
v 1.310763 1.410056 10.409219
v 2.010075 1.410056 10.409219
v 4.914217 1.410056 10.409219
v 2.010075 1.410056 10.278768
v 2.010075 2.814019 10.278768
v 1.310763 2.814019 10.278768
v 3.764908 1.410056 10.409219
v 3.764908 2.273266 10.409219
v 2.010075 2.814019 10.409219
v 3.800841 2.478617 10.278768
v 4.852843 2.499803 10.278768
v 4.633801 2.724406 10.278768
v -5.200229 2.722136 10.409219
v -4.891748 2.824408 10.409219
v -6.660436 3.366842 10.409210
v -5.200229 2.722136 10.278768
v -5.384992 2.534349 10.278768
v -4.371099 2.517193 10.278768
v -6.660436 0.913061 10.409210
v -5.445343 1.410056 10.409219
v -5.384992 2.534349 10.409219
v -5.451998 2.294261 10.409219
v -4.559517 2.713289 10.409219
v -4.371099 2.517193 10.409219
v -4.319464 2.287407 10.409219
v 4.322072 2.802078 10.409219
v 4.023513 2.706920 10.409219
v 3.800841 2.478617 10.409219
v 6.204859 3.366842 10.409210
v 4.633801 2.724406 10.409219
v 4.852843 2.499803 10.409219
v 4.918809 2.268215 10.409219
v -0.073401 1.410056 10.278768
v -0.743296 1.410056 10.278768
v -0.743296 1.410056 10.409219
v -0.743296 1.410056 10.278768
v -0.743296 2.814019 10.278768
v -0.743296 2.814019 10.409219
v -0.743296 2.814019 10.278768
v -0.073401 2.814019 10.278768
v -0.073401 2.814019 10.409219
v -0.073401 2.814019 10.278768
v -0.073401 1.410056 10.278768
v -0.073401 1.410056 10.409219
v -1.858118 1.410056 10.409219
v -1.858118 1.410056 10.312960
v -2.541878 1.410056 10.278768
v -2.541878 1.410056 10.278768
v -2.541878 2.814019 10.278768
v -2.541878 2.814019 10.409219
v -2.541878 2.814019 10.278768
v -1.858118 2.814019 10.312960
v -1.858118 2.814019 10.409219
v -1.858118 2.814019 10.312960
v -1.858118 1.410056 10.312960
v -1.858118 1.410056 10.409219
v 1.310763 1.410056 10.278768
v 1.310763 2.814019 10.278768
v 1.310763 2.814019 10.409219
v 1.310763 2.814019 10.278768
v 2.010075 2.814019 10.278768
v 2.010075 2.814019 10.409219
v 2.010075 2.814019 10.278768
v 2.010075 1.410056 10.278768
v 2.010075 1.410056 10.409219
v 2.010075 1.410056 10.278768
v 1.310763 1.410056 10.278768
v 1.310763 1.410056 10.409219
v 3.764908 1.410056 10.278768
v 3.764908 2.273266 10.278768
v 3.764908 2.273266 10.409219
v 3.764908 2.273266 10.278768
v 3.800841 2.478617 10.278768
v 3.800841 2.478617 10.409219
v 3.800841 2.478617 10.278768
v 4.023513 2.706920 10.278768
v 4.023513 2.706920 10.409219
v 4.023513 2.706920 10.278768
v 4.322072 2.802078 10.278768
v 4.322072 2.802078 10.409219
v 4.322072 2.802078 10.278768
v 4.633801 2.724406 10.278768
v 4.633801 2.724406 10.409219
v 4.633801 2.724406 10.278768
v 4.852843 2.499803 10.278768
v 4.852843 2.499803 10.409219
v 4.852843 2.499803 10.278768
v 4.918809 2.268215 10.278768
v 4.918809 2.268215 10.409219
v 4.918809 2.268215 10.278768
v 4.914217 1.410056 10.278768
v 4.914217 1.410056 10.409219
v 4.914217 1.410056 10.278768
v 3.764908 1.410056 10.278768
v 3.764908 1.410056 10.409219
v -4.314248 1.410056 10.278768
v -5.445343 1.410056 10.278768
v -5.445343 1.410056 10.409219
v -5.445343 1.410056 10.278768
v -5.451998 2.294261 10.278768
v -5.451998 2.294261 10.409219
v -5.451998 2.294261 10.278768
v -5.384992 2.534349 10.278768
v -5.384992 2.534349 10.409219
v -5.384992 2.534349 10.278768
v -5.200229 2.722136 10.278768
v -5.200229 2.722136 10.409219
v -5.200229 2.722136 10.278768
v -4.891748 2.824408 10.278768
v -4.891748 2.824408 10.409219
v -4.891748 2.824408 10.278768
v -4.559517 2.713289 10.278768
v -4.559517 2.713289 10.409219
v -4.559517 2.713289 10.278768
v -4.371099 2.517193 10.278768
v -4.371099 2.517193 10.409219
v -4.371099 2.517193 10.278768
v -4.319455 2.287407 10.278768
v -4.319464 2.287407 10.409219
v -4.319455 2.287407 10.278768
v -4.314248 1.410056 10.278768
v -4.314248 1.410056 10.409219
v 3.994737 0.377178 10.377706
v 3.994737 -0.136506 10.377706
v 4.737608 -0.136506 10.377706
v 2.026045 0.378833 10.440179
v 2.026045 -0.136506 10.440179
v 3.994737 -0.136506 10.440179
v 2.026045 0.378833 10.377706
v 1.285972 0.378833 10.377706
v 1.285972 -0.136506 10.377706
v -0.771327 -0.136506 10.440179
v -1.336983 -0.311745 10.440179
v 0.872196 -0.311745 10.440179
v -0.771327 0.378790 10.377706
v -0.771327 -0.136506 10.377706
v -0.033958 -0.136506 10.377706
v -1.821041 -0.136506 10.440179
v -2.572369 -0.136506 10.440179
v -4.535013 -0.136506 10.440179
v -1.336983 -0.311745 10.440179
v -5.277261 -0.136506 10.440179
v -2.572369 0.374960 10.377706
v -2.572369 -0.136506 10.377706
v -1.821041 -0.136506 10.411897
v -4.535013 0.375939 10.440179
v -5.277261 0.375939 10.377706
v -5.277261 -0.136506 10.377706
v -4.535013 -0.136506 10.377706
v -5.277261 0.375939 10.440179
v -6.690763 0.874225 10.440178
v 4.737608 0.377178 10.377706
v 4.737608 -0.136506 10.377706
v 4.737608 -0.136506 10.440179
v 4.737608 -0.136506 10.377706
v 3.994737 -0.136506 10.377706
v 3.994737 -0.136506 10.440179
v 3.994737 -0.136506 10.377706
v 3.994737 0.377178 10.377706
v 3.994737 0.377178 10.440179
v 3.994737 0.377178 10.377706
v 4.737608 0.377178 10.377706
v 4.737608 0.377178 10.440179
v 2.026045 0.378833 10.377706
v 2.026045 -0.136506 10.377706
v 2.026045 -0.136506 10.440179
v 2.026045 -0.136506 10.377706
v 1.285972 -0.136506 10.377706
v 1.285972 -0.136506 10.440179
v 1.285972 -0.136506 10.377706
v 1.285972 0.378833 10.377706
v 1.285972 0.378833 10.440179
v 1.285972 0.378833 10.377706
v 2.026045 0.378833 10.377706
v 2.026045 0.378833 10.440179
v -0.033958 0.378790 10.377706
v -0.033958 -0.136506 10.377706
v -0.033958 -0.136506 10.440179
v -0.033958 -0.136506 10.377706
v -0.771327 -0.136506 10.377706
v -0.771327 -0.136506 10.440179
v -0.771327 -0.136506 10.377706
v -0.771327 0.378790 10.377706
v -0.771327 0.378790 10.440179
v -0.771327 0.378790 10.377706
v -0.033958 0.378790 10.377706
v -0.033958 0.378790 10.440179
v -1.821041 0.374960 10.411897
v -1.821041 -0.136506 10.411897
v -1.821041 -0.136506 10.440179
v -1.821041 -0.136506 10.440179
v -1.821041 -0.136506 10.411897
v -2.572369 -0.136506 10.377706
v -2.572369 -0.136506 10.377706
v -2.572369 0.374960 10.377706
v -2.572369 0.374960 10.440179
v -2.572369 0.374960 10.377706
v -1.821041 0.374960 10.411897
v -1.821041 0.374960 10.440179
v -4.535013 0.375939 10.377706
v -4.535013 -0.136506 10.377706
v -4.535013 -0.136506 10.440179
v -4.535013 -0.136506 10.377706
v -5.277261 -0.136506 10.377706
v -5.277261 -0.136506 10.440179
v -5.277261 -0.136506 10.377706
v -5.277261 0.375939 10.377706
v -5.277261 0.375939 10.440179
v -5.277261 0.375939 10.440179
v -5.277261 0.375939 10.377706
v -4.535013 0.375939 10.377706
v -1.858118 1.410056 10.409219
v -1.336983 0.913061 10.409219
v -1.336983 3.366842 10.409219
v -1.336983 0.874225 10.440178
v -0.743296 1.410056 10.409219
v -0.743296 2.814019 10.409219
v -1.336983 3.366842 10.409219
v -2.572369 0.374960 10.440179
v -1.821041 0.374960 10.440179
v -1.336983 0.874225 10.440178
v 0.872196 0.874225 10.440178
v 0.872196 0.913061 10.409219
v -1.336983 0.913061 10.409219
v -0.073401 1.410056 10.409219
v 0.872196 3.366842 10.409219
v 0.872196 0.874225 10.440178
v 0.872196 -0.311745 10.440179
v 1.285972 -0.136506 10.440179
v -0.771327 0.378790 10.440179
v -0.033958 -0.136506 10.440179
v 1.285972 0.378833 10.440179
v 3.994737 0.377178 10.440179
v 6.235187 -0.311745 10.440179
v -1.512899 3.366842 10.516508
v 0.872196 3.366842 10.409219
v 6.304272 3.366842 10.505737
v -1.858118 2.814019 10.409219
v -1.492025 9.230069 10.581286
v 6.374675 9.229367 10.577231
v 5.516196 9.483623 10.581286
v -1.492025 9.230069 10.581286
v -6.660436 9.229367 10.577231
v -5.991416 9.230069 10.496336
v 3.057485 9.482704 10.409599
v -1.492025 9.483623 10.411471
v -1.492025 9.483623 10.581286
v 3.203645 3.618091 10.519063
v 3.202449 3.618091 10.409599
v -1.492033 3.616877 10.411471
v -4.383342 5.696550 10.282823
v -5.349846 5.696550 10.282823
v -5.349846 4.415846 10.282823
v -5.352186 8.349928 10.282823
v -5.352186 7.069146 10.282823
v -4.385846 7.069146 10.282823
v -4.379442 11.082434 10.282823
v -5.348746 11.082426 10.282823
v -5.348746 9.799763 10.282823
v -4.385846 7.069146 10.411471
v -4.383342 5.696550 10.411471
v -4.232667 7.931688 10.411471
v -4.379442 11.082434 10.411471
v -4.379442 9.799763 10.411471
v -2.581095 9.798221 10.411471
v -2.579163 5.692113 10.282823
v -2.579163 4.413316 10.282823
v -1.909224 4.413316 10.282823
v -1.906261 8.349174 10.282823
v -2.578964 8.349174 10.282823
v -2.578972 7.067733 10.282823
v -1.904103 11.081766 10.282823
v -2.581095 11.081766 10.282823
v -2.581095 9.798221 10.282823
v -1.904103 9.798221 10.411471
v -3.640600 9.483623 10.411471
v -0.088226 5.693266 10.282823
v -0.769351 5.693266 10.282823
v -0.769351 4.412336 10.282823
v -0.088816 8.347952 10.282823
v -0.771483 8.347952 10.282823
v -0.771492 7.066858 10.282823
v -0.089492 11.084141 10.282823
v -0.769793 11.084132 10.282823
v -0.769793 9.801010 10.282823
v -0.088816 8.347952 10.411471
v -0.088816 7.066858 10.411471
v 1.303354 7.066321 10.411471
v 1.303354 11.082027 10.411471
v -0.089492 11.084141 10.411471
v -0.089492 9.801010 10.411471
v 1.303614 5.697746 10.282823
v 1.303614 4.413003 10.282823
v 1.984401 4.413003 10.282823
v 1.303354 8.348186 10.282823
v 1.303354 7.066321 10.282823
v 1.984531 7.066321 10.282823
v 1.303354 11.082027 10.282823
v 1.303354 9.803940 10.282823
v 1.984531 9.803930 10.282823
v 1.303320 5.576931 10.411151
v 1.231357 5.576852 10.411151
v 1.303614 4.413003 10.411471
v 1.984531 11.082027 10.411471
v 1.984531 9.803930 10.411471
v 3.802505 9.800690 10.411471
v 4.775474 5.693396 10.282823
v 3.797618 5.693396 10.282823
v 3.797618 4.414035 10.282823
v 4.776401 8.349901 10.282823
v 3.800763 8.349901 10.282823
v 3.800763 7.062786 10.282823
v 4.772857 11.080744 10.282823
v 3.802505 11.080744 10.282823
v 3.802505 9.800690 10.282823
v -5.349846 5.696550 10.411471
v -5.349846 4.415846 10.411471
v -5.349846 4.415846 10.282823
v -4.383342 5.696550 10.411471
v -5.349846 5.696550 10.411471
v -5.349846 5.696550 10.282823
v -4.383342 5.696550 10.282823
v -4.383342 4.415846 10.282823
v -4.383342 4.415846 10.411471
v -5.349846 4.415846 10.411471
v -4.383342 4.415846 10.411471
v -4.383342 4.415846 10.282823
v -5.352186 8.349928 10.411471
v -5.352186 7.069146 10.411471
v -5.352186 7.069146 10.282823
v -4.385846 8.349928 10.411471
v -5.352186 8.349928 10.411471
v -5.352186 8.349928 10.282823
v -4.385846 7.069146 10.411471
v -4.385846 8.349928 10.411471
v -4.385846 8.349928 10.282823
v -5.352186 7.069146 10.411471
v -4.385846 7.069146 10.411471
v -4.385846 7.069146 10.282823
v -5.348746 11.082426 10.411471
v -5.348746 9.799763 10.411471
v -5.348746 9.799763 10.282823
v -4.379442 11.082434 10.411471
v -5.348746 11.082426 10.411471
v -5.348746 11.082426 10.282823
v -4.379442 9.799763 10.411471
v -4.379442 11.082434 10.411471
v -4.379442 11.082434 10.282823
v -4.379442 9.799763 10.411471
v -4.379442 9.799763 10.282823
v -5.348746 9.799763 10.282823
v -5.348746 9.799763 10.411471
v -4.880692 9.799763 10.411471
v -2.579163 5.692113 10.282823
v -2.579050 5.576775 10.411315
v -2.579163 4.413316 10.411471
v -1.909224 5.692113 10.282823
v -1.909935 5.686975 10.411151
v -2.578660 5.689193 10.411151
v -1.909224 4.413316 10.411471
v -1.909415 5.578464 10.411315
v -1.909224 5.692113 10.282823
v -2.579163 4.413316 10.411471
v -1.909224 4.413316 10.411471
v -1.909224 4.413316 10.282823
v -2.578964 8.349174 10.411471
v -2.578972 7.067733 10.411471
v -2.578972 7.067733 10.282823
v -1.906261 8.349174 10.411471
v -2.578964 8.349174 10.411471
v -2.578964 8.349174 10.282823
v -1.906261 7.067733 10.411471
v -1.906261 8.349174 10.411471
v -1.906261 8.349174 10.282823
v -2.578972 7.067733 10.411471
v -1.906261 7.067733 10.411471
v -1.906261 7.067733 10.282823
v -2.581095 11.081766 10.411471
v -2.581095 9.798221 10.411471
v -2.581095 9.798221 10.282823
v -1.904103 11.081766 10.411471
v -2.581095 11.081766 10.411471
v -2.581095 11.081766 10.282823
v -1.904103 9.798221 10.411471
v -1.904103 11.081766 10.411471
v -1.904103 11.081766 10.282823
v -2.581095 9.798221 10.411471
v -1.904103 9.798221 10.411471
v -1.904103 9.798221 10.282823
v -0.769351 5.693266 10.282823
v -0.769577 5.579261 10.411151
v -0.769351 4.412336 10.411471
v -0.088226 5.693266 10.282823
v -0.088036 5.692711 10.411151
v -0.769577 5.692945 10.411151
v -0.088226 4.412336 10.411471
v -0.088036 5.576306 10.411151
v -0.088226 5.693266 10.282823
v -0.769351 4.412336 10.411471
v -0.088226 4.412336 10.411471
v -0.088226 4.412336 10.282823
v -0.771483 8.347952 10.411471
v -0.771492 7.066858 10.411471
v -0.771492 7.066858 10.282823
v -0.088816 8.347952 10.411471
v -0.771483 8.347952 10.411471
v -0.771483 8.347952 10.282823
v -0.088816 7.066858 10.411471
v -0.088816 8.347952 10.411471
v -0.088816 8.347952 10.282823
v -0.771492 7.066858 10.411471
v -0.088816 7.066858 10.411471
v -0.088816 7.066858 10.282823
v -0.769793 11.084132 10.411471
v -0.769793 9.801010 10.411471
v -0.769793 9.801010 10.282823
v -0.089492 11.084141 10.411471
v -0.769793 11.084132 10.411471
v -0.769793 11.084132 10.282823
v -0.089492 9.801010 10.411471
v -0.089492 11.084141 10.411471
v -0.089492 11.084141 10.282823
v -0.769793 9.801010 10.411471
v -0.089492 9.801010 10.411471
v -0.089492 9.801010 10.282823
v 1.303614 5.697746 10.282823
v 1.303450 5.697815 10.411315
v 1.303320 5.576931 10.411151
v 1.984566 5.697902 10.411315
v 1.303450 5.697815 10.411315
v 1.303614 5.697746 10.282823
v 1.984401 5.697754 10.282823
v 1.984401 4.413003 10.282823
v 1.984401 4.413003 10.411471
v 1.303614 4.413003 10.411471
v 1.984401 4.413003 10.411471
v 1.984401 4.413003 10.282823
v 1.303354 8.348186 10.411471
v 1.303354 7.066321 10.411471
v 1.303354 7.066321 10.282823
v 1.984531 8.348186 10.411471
v 1.303354 8.348186 10.411471
v 1.303354 8.348186 10.282823
v 1.984531 7.066321 10.411471
v 1.984531 8.348186 10.411471
v 1.984531 8.348186 10.282823
v 1.303354 7.066321 10.411471
v 1.984531 7.066321 10.411471
v 1.984531 7.066321 10.282823
v 1.303354 11.082027 10.411471
v 1.303354 9.803940 10.411471
v 1.303354 9.803940 10.282823
v 1.984531 11.082027 10.411471
v 1.303354 11.082027 10.411471
v 1.303354 11.082027 10.282823
v 1.984531 9.803930 10.411471
v 1.984531 11.082027 10.411471
v 1.984531 11.082027 10.282823
v 1.303354 9.803940 10.411471
v 1.984531 9.803930 10.411471
v 1.984531 9.803930 10.282823
v 3.797618 4.414035 10.411471
v 3.797618 4.414035 10.282823
v 3.797618 5.693396 10.282823
v 4.775474 5.693396 10.282823
v 4.775474 5.693396 10.411471
v 3.797618 5.693396 10.411471
v 4.775474 5.693396 10.282823
v 4.775474 4.414035 10.282823
v 4.775474 4.414035 10.411471
v 3.797618 4.414035 10.411471
v 4.775474 4.414035 10.411471
v 4.775474 4.414035 10.282823
v 3.800763 8.349901 10.411471
v 3.800763 7.062786 10.411471
v 3.800763 7.062786 10.282823
v 4.776401 8.349901 10.411471
v 3.800763 8.349901 10.411471
v 3.800763 8.349901 10.282823
v 4.776401 7.062786 10.411471
v 4.776401 8.349901 10.411471
v 4.776401 8.349901 10.282823
v 3.800763 7.062786 10.411471
v 4.776401 7.062786 10.411471
v 4.776401 7.062786 10.282823
v 3.802505 11.080744 10.411471
v 3.802505 9.800690 10.411471
v 3.802505 9.800690 10.282823
v 4.772857 11.080744 10.411471
v 3.802505 11.080744 10.411471
v 3.802505 11.080744 10.282823
v 4.772857 9.800690 10.411471
v 4.772857 11.080744 10.411471
v 4.772857 11.080744 10.282823
v 3.802505 9.800690 10.282823
v 3.802505 9.800690 10.411471
v 4.278800 9.800690 10.411471
v -6.660436 9.482921 10.577231
v -6.660436 9.229367 10.577231
v -1.492025 9.230069 10.581286
v -6.095031 9.483623 10.581286
v -1.492025 9.483623 10.581286
v 3.202449 9.230225 10.409599
v 3.202865 9.230225 10.496188
v -1.492025 9.230069 10.581286
v -6.660436 3.616184 10.526532
v -6.660436 3.366842 10.526532
v -1.512899 3.366842 10.516508
v -5.982630 3.616886 10.501933
v -4.230172 3.616886 10.504671
v -1.492033 3.616877 10.509273
v -3.773928 3.616886 10.505382
v -1.492033 3.616877 10.509273
v -1.492033 3.616877 10.411471
v -1.492025 11.576691 10.411471
v -1.492025 9.483623 10.411471
v -0.769793 9.801010 10.411471
v -1.492025 9.483623 10.411471
v -1.492025 11.576691 10.411471
v -1.904103 11.081766 10.411471
v -2.581095 11.081766 10.411471
v -5.349846 4.415846 10.411471
v -5.349846 5.696550 10.411471
v -5.522270 7.933170 10.411479
v -1.492025 9.230069 10.411471
v -0.771483 8.347952 10.411471
v -0.771492 7.066858 10.411471
v 3.797618 5.693396 10.411471
v 4.775474 5.693396 10.411471
v 4.776401 7.062786 10.411471
v 1.303354 8.348186 10.411471
v 1.984531 8.348186 10.411471
v -5.352186 7.069146 10.411471
v -1.492033 3.616877 10.411471
v -2.579163 4.413316 10.411471
v -3.771770 3.616886 10.411471
v -1.909224 4.413316 10.411471
v -1.906261 7.067733 10.411471
v -1.492025 9.230069 10.411471
v -1.906261 8.349174 10.411471
v -2.578964 8.349174 10.411471
v -0.769793 11.084132 10.411471
v 3.802505 11.080744 10.411471
v 3.057485 9.482704 10.409599
v 1.303354 9.803940 10.411471
v 5.527599 8.587971 10.496067
v 5.371387 8.590631 10.496067
v 4.803834 8.553961 10.496067
v 3.770557 8.553961 10.496067
v 3.771580 8.551032 10.409599
v 4.803115 8.551032 10.409599
v 3.045796 8.588993 10.409599
v 3.046792 8.587971 10.496067
v 3.203004 8.590631 10.496067
v 4.287196 9.800473 10.581286
v 4.278800 9.800690 10.411471
v 3.057485 9.482704 10.409599
v 5.516196 9.483623 10.581286
v 5.516430 9.482704 10.409599
v 4.278800 9.800690 10.411471
v 3.057251 9.483623 10.581286
v 5.516196 9.483623 10.581286
v 4.287196 9.800473 10.581286
v 4.922769 7.929557 10.496067
v 5.528977 8.589643 10.409599
v 5.527599 8.587971 10.496067
v 5.371387 7.929574 10.496067
v 4.803834 8.553961 10.496067
v 4.803115 8.551032 10.409599
v 4.922059 7.926593 10.409599
v 3.046792 8.587971 10.496067
v 3.203004 7.929574 10.496067
v 3.651623 7.929565 10.496067
v 3.770557 8.553961 10.496067
v 3.651623 7.929565 10.496067
v 3.653329 7.930242 10.409599
v 3.045796 8.588993 10.409599
v 3.202449 7.928717 10.409599
v 3.203004 7.929574 10.496067
v 5.528977 8.589643 10.409599
v 5.373095 8.592303 10.409599
v 5.371387 8.590631 10.496067
v 5.371449 9.230225 10.496188
v 3.202865 9.230225 10.496188
v 3.203004 8.590631 10.496067
v 3.770557 8.553961 10.496067
v 2.057542 5.999814 10.486606
v 1.984999 5.999814 10.486606
v 1.985536 5.578854 10.484664
v 1.985536 5.578854 10.484664
v 1.984696 5.578611 10.411151
v 2.057741 5.578698 10.411151
v 1.984999 5.999814 10.486606
v 1.984817 5.999710 10.411151
v 2.056390 5.578854 10.484664
v 2.057741 5.578698 10.411151
v 1.063474 5.999814 10.521438
v 2.197619 5.999814 10.521438
v 2.197619 6.142023 10.521438
v 2.197619 5.999814 10.521438
v 1.063474 5.999814 10.521438
v 1.231531 5.999814 10.486606
v 1.303034 5.999814 10.486606
v 1.984999 5.999814 10.486606
v 2.057542 5.999814 10.486606
v 1.063474 6.142023 10.521438
v 1.063301 6.142092 10.411151
v 1.063301 5.999710 10.411151
v 1.063474 6.142023 10.521438
v 2.197619 6.142023 10.521438
v 2.197914 6.142092 10.411151
v 2.197619 6.142023 10.521438
v 2.197619 5.999814 10.521438
v 2.197914 5.999710 10.411151
v 1.303034 5.999814 10.486606
v 1.231531 5.999814 10.486606
v 1.231782 5.577017 10.484655
v 1.231782 5.577017 10.484655
v 1.231357 5.576852 10.411151
v 1.303320 5.576931 10.411151
v 1.231531 5.999814 10.486606
v 1.231357 5.999710 10.411151
v 1.231357 5.576852 10.411151
v 1.303190 5.999710 10.411151
v 1.302626 5.577017 10.484655
v 1.063301 5.999710 10.411151
v 1.231357 5.999710 10.411151
v 1.303190 5.999710 10.411151
v 2.057741 5.999710 10.411151
v 2.197914 5.999710 10.411151
v -0.015294 5.999814 10.486606
v -0.087836 5.999814 10.486606
v -0.087291 5.578854 10.484664
v -0.087291 5.578854 10.484664
v -0.088036 5.576306 10.411151
v -0.014990 5.576393 10.411141
v -0.088036 5.576306 10.411151
v -0.087836 5.999814 10.486606
v -0.016446 5.578854 10.484664
v -0.014990 5.576393 10.411141
v -1.009362 5.999814 10.521438
v 0.124792 5.999814 10.521438
v 0.124792 6.142023 10.521438
v 0.124792 5.999814 10.521438
v -1.009362 5.999814 10.521438
v -0.841305 5.999814 10.486606
v -0.769802 5.999814 10.486606
v -0.087836 5.999814 10.486606
v -0.015294 5.999814 10.486606
v -1.009362 6.142023 10.521438
v -1.009570 6.142101 10.411151
v -1.009570 5.999650 10.411151
v -1.009362 6.142023 10.521438
v 0.124792 6.142023 10.521438
v 0.125078 6.142092 10.411124
v 0.124792 6.142023 10.521438
v 0.124792 5.999814 10.521438
v 0.125078 5.999719 10.411124
v -0.769802 5.999814 10.486606
v -0.841305 5.999814 10.486606
v -0.841054 5.577017 10.484655
v -0.841054 5.577017 10.484655
v -0.841548 5.579183 10.411151
v -0.769577 5.579261 10.411151
v -0.841305 5.999814 10.486606
v -0.841548 5.999650 10.411151
v -0.770209 5.577017 10.484655
v -0.769577 5.579261 10.411151
v -1.009570 5.999650 10.411151
v -0.841548 5.999650 10.411151
v -0.769672 5.999650 10.411151
v -0.014990 5.999710 10.411141
v 0.125078 5.999719 10.411124
v 1.231357 5.999710 10.411151
v 1.063301 5.999710 10.411151
v 1.984817 5.999710 10.411151
v 1.303190 5.999710 10.411151
v 1.303450 5.697815 10.411315
v 1.063301 6.142092 10.411151
v 2.197914 6.142092 10.411151
v 1.984531 7.066321 10.411471
v 2.057741 5.578698 10.411151
v 2.197914 5.999710 10.411151
v 2.057741 5.999710 10.411151
v 1.984566 5.697902 10.411315
v 1.984696 5.578611 10.411151
v 1.303450 5.697815 10.411315
v 1.303320 5.576931 10.411151
v 1.984696 5.578611 10.411151
v 1.984566 5.697902 10.411315
v 1.303614 4.413003 10.411471
v 1.303614 4.413003 10.282823
v -1.839636 5.999823 10.486606
v -1.910637 5.999823 10.486606
v -1.910108 5.578863 10.484664
v -1.910108 5.578863 10.484664
v -1.909415 5.578464 10.411315
v -1.839506 5.578681 10.411151
v -1.909415 5.578464 10.411315
v -1.910637 5.999823 10.486606
v -1.840762 5.578863 10.484664
v -1.839506 5.578681 10.411151
v -2.812639 5.999823 10.521438
v -1.754252 5.999823 10.521438
v -1.754252 6.142032 10.521438
v -1.754252 5.999823 10.521438
v -2.812639 5.999823 10.521438
v -2.648144 5.999823 10.486606
v -2.578157 5.999823 10.486606
v -1.910637 5.999823 10.486606
v -1.839636 5.999823 10.486606
v -2.812639 6.142032 10.521438
v -2.812804 6.142118 10.411151
v -2.812804 5.999650 10.411151
v -1.754252 6.142032 10.521438
v -1.754122 6.142118 10.411151
v -2.812804 6.142118 10.411151
v -1.754252 6.142032 10.521438
v -1.754252 5.999823 10.521438
v -1.754122 5.999658 10.411151
v -2.578157 5.999823 10.486606
v -2.648144 5.999823 10.486606
v -2.647902 5.577026 10.484655
v -2.578556 5.577026 10.484655
v -2.647902 5.577026 10.484655
v -2.648309 5.576775 10.411151
v -2.648144 5.999823 10.486606
v -2.648309 5.999650 10.411151
v -2.648309 5.576775 10.411151
v -2.578556 5.577026 10.484655
v -2.579050 5.576775 10.411315
v -2.812804 5.999650 10.411151
v -2.648309 5.999650 10.411151
v -2.577932 5.999650 10.411151
v -1.910810 5.999658 10.411151
v -1.839506 5.999658 10.411151
v -1.754122 5.999658 10.411151
v -5.989588 3.616886 10.411471
v -5.989588 7.954885 10.411471
v -6.143026 8.589765 10.411471
v -6.660436 9.229367 10.410388
v -6.660436 3.616184 10.410388
v -0.841548 5.579183 10.411151
v -0.841548 5.999650 10.411151
v -1.009570 5.999650 10.411151
v -0.769672 5.999650 10.411151
v -0.769577 5.692945 10.411151
v -0.088036 5.692711 10.411151
v 0.125078 6.142092 10.411124
v -1.009570 6.142101 10.411151
v -1.492033 3.616877 10.411471
v -0.769577 5.579261 10.411151
v -0.088036 5.692711 10.411151
v -0.088096 5.999650 10.411151
v -0.769577 5.692945 10.411151
v -0.769672 5.999650 10.411151
v -1.909935 5.686975 10.411151
v -1.910810 5.999658 10.411151
v -2.577932 5.999650 10.411151
v -1.754122 6.142118 10.411151
v -2.578972 7.067733 10.411471
v -2.812804 6.142118 10.411151
v -2.812804 5.999650 10.411151
v -2.648309 5.576775 10.411151
v -2.648309 5.999650 10.411151
v -1.754122 5.999658 10.411151
v -1.839506 5.578681 10.411151
v -1.839506 5.999658 10.411151
v -1.909415 5.578464 10.411315
v -2.578660 5.689193 10.411151
v -2.577932 5.999650 10.411151
v -1.909935 5.686975 10.411151
v -1.910810 5.999658 10.411151
v 5.371387 8.590631 10.496067
v 5.373095 8.592303 10.409599
v 5.373103 9.230225 10.409599
v 3.202449 9.230225 10.409599
v 3.202449 8.591671 10.409599
v 3.203004 8.590631 10.496067
v 5.371387 7.929574 10.496067
v 4.923696 3.618091 10.520286
v 5.373095 7.932616 10.409599
v 5.370564 3.618091 10.520597
v 4.922769 7.929557 10.496067
v 4.922059 3.618091 10.409599
v 3.203645 3.618091 10.519063
v 3.650929 3.618091 10.519375
v 3.202449 3.618091 10.409599
v -3.614467 8.587971 10.496067
v -3.773581 8.590631 10.496067
v -4.351706 8.553961 10.496067
v -5.404236 8.553961 10.496067
v -5.403041 8.547670 10.411471
v -4.352182 8.547670 10.411471
v -6.143026 8.589765 10.411471
v -6.141484 8.587971 10.496067
v -5.982361 8.590631 10.496067
v -4.880692 9.799763 10.581286
v -4.880692 9.799763 10.411471
v -6.097067 9.483623 10.411471
v -3.635835 9.483623 10.581286
v -3.640600 9.483623 10.411471
v -4.880692 9.799763 10.411471
v -6.095031 9.483623 10.581286
v -3.635835 9.483623 10.581286
v -4.880692 9.799763 10.581286
v -4.230553 7.929565 10.496067
v -3.611781 8.590180 10.411471
v -3.614467 8.587971 10.496067
v -3.773581 7.929574 10.496067
v -4.351706 8.553961 10.496067
v -4.352182 8.547670 10.411471
v -4.232667 7.931688 10.411471
v -6.141484 8.587971 10.496067
v -5.982361 7.929574 10.496067
v -5.525390 7.929565 10.496067
v -5.404236 8.553961 10.496067
v -5.525390 7.929565 10.496067
v -5.522270 7.933170 10.411479
v -6.143026 8.589765 10.411471
v -5.989588 7.954885 10.411471
v -5.982361 7.929574 10.496067
v -3.611781 8.590180 10.411471
v -3.771770 8.592858 10.411471
v -3.773581 8.590631 10.496067
v -3.772247 9.230069 10.496336
v -5.991416 9.230069 10.496336
v -5.982361 8.590631 10.496067
v -5.404236 8.553961 10.496067
v -3.773581 8.590631 10.496067
v -3.771770 8.592858 10.411471
v -3.771770 9.230069 10.411471
v -5.989588 9.230069 10.411471
v -5.989588 8.592339 10.411471
v -5.982361 8.590631 10.496067
v -3.773928 3.616886 10.505382
v -3.773581 7.929574 10.496067
v -3.771770 3.616886 10.411471
v -3.771770 7.928196 10.411471
v -4.230172 3.616886 10.504671
v -4.230553 7.929565 10.496067
v -5.982630 3.616886 10.501933
v -5.525459 3.616886 10.502652
v -5.982630 3.616886 10.501933
v 3.202449 3.618091 10.409599
v 5.373095 8.592303 10.409599
v 5.528977 8.589643 10.409599
v 6.204859 9.229575 10.410318
v 3.650929 3.618091 10.519375
v 4.923696 3.618091 10.520286
v 4.922059 3.618091 10.409599
v 4.922059 7.926593 10.409599
v 4.775474 4.414035 10.411471
v 4.922059 3.618091 10.409599
v 3.797618 4.414035 10.411471
v 3.771580 8.551032 10.409599
v 3.800763 8.349901 10.411471
v 4.776401 8.349901 10.411471
v 3.653329 7.930242 10.409599
v 3.800763 7.062786 10.411471
v 3.653329 3.618091 10.409599
v 4.803115 8.551032 10.409599
v 1.984401 4.413003 10.411471
v -0.088226 4.412336 10.411471
v -0.769351 4.412336 10.411471
v 0.125078 5.999719 10.411124
v -0.014990 5.576393 10.411141
v -0.014990 5.999710 10.411141
v -0.088036 5.576306 10.411151
v 1.984696 5.578611 10.411151
v 3.202449 7.928717 10.409599
v 3.045796 8.588993 10.409599
v 3.202449 9.230225 10.409599
v 3.202449 8.591671 10.409599
v 4.278800 9.800690 10.411471
v 5.516430 9.482704 10.409599
v 4.772857 9.800690 10.411471
v 4.772857 9.800690 10.282823
v 4.772857 9.800690 10.411471
v 3.057251 9.483623 10.581286
v -1.492025 9.483623 10.581286
v 4.278800 9.800690 10.411471
v -3.771770 8.592858 10.411471
v -3.611781 8.590180 10.411471
v -3.771770 7.928196 10.411471
v -5.525459 3.616886 10.502652
v -4.230172 3.616886 10.504671
v -4.232667 3.616886 10.411471
v -5.982630 3.616886 10.501933
v -5.989588 3.616886 10.411471
v -6.660436 3.616184 10.410388
v -5.989588 9.230069 10.411471
v -5.403041 8.547670 10.411471
v -5.352186 8.349928 10.411471
v -4.385846 8.349928 10.411471
v -4.383342 4.415846 10.411471
v -5.522270 3.616886 10.411471
v -4.352182 8.547670 10.411471
v -3.772247 9.230069 10.496336
v -3.771770 9.230069 10.411471
v -2.579050 5.576775 10.411315
v -6.097067 9.483623 10.411471
v -4.880692 9.799763 10.411471
v -5.348746 9.799763 10.411471
v -3.640600 9.483623 10.411471
v -3.635835 9.483623 10.581286
v -1.492025 9.483623 10.581286
v -6.660436 9.482921 10.410042
v -6.660436 11.575989 10.410042
v -5.348746 11.082426 10.411471
v -6.745344 11.575989 10.492324
v -6.660436 11.575989 10.410042
v -1.492025 11.576691 10.411471
v -6.660436 9.482921 10.410042
v -6.660436 9.482921 10.577231
v -6.095031 9.483623 10.581286
v 6.304272 3.616184 10.505737
v 5.370564 3.618091 10.520597
v 4.923696 3.618091 10.520286
v 3.203645 3.618091 10.519063
v -1.492033 3.616877 10.509273
v -1.512899 3.366842 10.516508
v 6.304272 3.366842 10.505737
v -1.492025 11.576691 10.411471
v 6.204859 11.576162 10.410397
v 6.289767 11.575989 10.492324
v 6.304272 3.616184 10.505737
v 6.204859 3.616184 10.410388
v 5.373103 3.618091 10.409599
v 6.374675 9.229367 10.577231
v 5.371449 9.230225 10.496188
v 5.373103 9.230225 10.409599
v 6.204859 3.616184 10.410388
v 5.373095 7.932616 10.409599
v 5.373103 3.618091 10.409599
v 6.374675 9.482921 10.577231
v 6.204859 9.482921 10.410042
v 5.516430 9.482704 10.409599
v -5.989588 8.592339 10.411471
v 6.374675 9.482921 10.577231
v 6.204859 11.576162 10.410397
v 4.772857 11.080744 10.411471
v 6.204859 9.482921 10.410042
v 6.289767 11.575989 10.492324
v 6.376538 11.749729 10.580116
v -6.829160 11.749729 10.580116
v -1.492025 11.576691 10.496379
v -6.745344 11.575989 10.492324
v 0.162537 5.147425 -10.177353
v 0.815934 5.147425 -10.177353
v 0.815934 5.147425 -10.418611
v 0.162537 4.746706 -10.177353
v 0.162537 5.147425 -10.177353
v 0.162537 5.147425 -10.418611
v 0.815934 4.746706 -10.177353
v 0.815934 4.746706 -10.418611
v 0.815934 5.147425 -10.418611
v 0.162537 4.746706 -10.418611
v 0.162537 5.147425 -10.418611
v 0.815934 5.147425 -10.418611
v 0.815934 4.746706 -10.418611
v 0.815934 4.746706 -10.177353
v 0.162537 4.746706 -10.177353
v 6.247803 1.378973 -9.300756
v 6.247803 1.378973 -9.652500
v 6.247803 1.352892 -9.378038
v 6.247803 1.352891 -9.573087
v 6.247803 1.342476 -9.477884
v 6.247803 1.715988 -9.325546
v 6.247803 1.671953 -9.347434
v 6.247803 1.628706 -9.485752
v 6.247803 1.803269 -9.485752
v 6.247803 1.640628 -9.566570
v 6.247803 1.791338 -9.566570
v 6.247803 1.671952 -9.624062
v 6.247803 1.760023 -9.624062
v 6.247803 1.715987 -9.645950
v -5.812191 1.376729 -10.221475
v -6.143997 1.376729 -10.221475
v -6.078759 1.355196 -10.221475
v -5.880297 1.355196 -10.221475
v -5.982353 1.346029 -10.221475
v -5.831695 1.715987 -10.221475
v -5.853583 1.671952 -10.221475
v -5.991893 1.628706 -10.221475
v -5.991893 1.803269 -10.221475
v -6.072720 1.640628 -10.221475
v -6.072720 1.791338 -10.221475
v -6.130211 1.671952 -10.221475
v -6.130211 1.760014 -10.221475
v -6.152099 1.715987 -10.221475
v 0.202205 12.944295 8.219614
v 0.204155 12.935128 9.966084
v 1.112474 12.935128 9.966084
v 0.203695 12.060429 9.966249
v 1.112700 12.060437 9.966249
v 1.112474 12.935128 9.966084
v 1.112700 12.060437 9.966249
v 1.113428 12.944338 8.219623
v 0.203695 12.060429 9.966249
v 0.693637 13.838863 0.258865
v 4.521348 13.838863 0.258865
v 4.521348 13.838863 -0.089761
v 0.693637 13.701611 0.258865
v 0.693637 13.772221 0.317881
v 0.693637 13.772221 -0.148778
v 0.693637 13.838863 0.258865
v 0.693637 13.838863 -0.089761
v 0.693637 13.701611 0.258865
v 4.521348 13.701611 0.258865
v 4.571510 13.772221 0.317881
v 4.521348 13.838863 0.258865
v 0.693637 13.838863 0.258865
v 4.574395 13.177668 0.317396
v 4.574395 13.177668 -0.148292
v 4.521348 13.259048 -0.089761
v 4.521348 13.701611 -0.089761
v 4.521348 13.701611 0.258865
v 4.571510 13.772221 -0.148778
v 4.571510 13.772221 0.317881
v 4.521348 13.838863 -0.089761
v 1.683563 13.258000 -0.089284
v 4.521348 13.259048 -0.089761
v 4.574395 13.177668 -0.148292
v 0.694972 13.575605 -0.089267
v 0.693637 13.701611 -0.089761
v 4.521348 13.701611 -0.089761
v 0.693637 13.772221 -0.148778
v 4.571510 13.772221 -0.148778
v 0.693637 13.838863 -0.089761
v 6.376538 11.749729 10.580116
v 1.113428 12.944338 8.219623
v 1.112700 12.060437 9.966249
v -6.829160 11.749729 10.580116
v -6.830338 13.574444 -6.747875
v 0.202205 12.944294 -7.972941
v 0.203695 12.060427 -9.719566
v 0.202205 12.944294 -7.972941
v 1.113428 12.944338 -7.972941
v 1.112474 12.935126 -9.719402
v 0.203695 12.060427 -9.719566
v 0.204155 12.935126 -9.719402
v 1.112474 12.935126 -9.719402
v 1.112700 12.060435 -9.719566
v 0.203695 12.060427 -9.719566
v 0.204155 12.935126 -9.719402
v 6.376538 11.749727 -10.349855
v 1.112700 12.060435 -9.719566
v 1.113428 12.944338 -7.972941
v -6.830338 11.749727 -10.349855
v 0.693637 13.701611 -0.089761
v 0.694972 13.575605 0.122608
v 0.694980 13.575605 0.258397
v 4.574118 12.329352 0.316998
v 4.574395 13.177668 0.317396
v 1.935869 13.176949 0.316946
v 4.521348 13.259048 0.258865
v 1.682584 13.258320 0.258414
v 0.694980 13.575605 0.258397
v 4.574040 12.329206 0.117747
v 4.574118 12.329352 -0.147911
v 1.937013 13.176576 -0.147859
v 4.574118 12.329352 -0.147911
v 0.694980 13.575605 0.258397
v 1.682584 13.258320 0.258414
v 0.694972 13.575605 -0.089267
v 4.574118 12.329352 0.316998
v 4.574040 12.329206 0.117747
v 6.376538 11.749729 0.115009
v 4.574118 12.329352 0.316998
v 1.935869 13.176949 0.316946
v 1.683563 13.258000 -0.089284
v 0.694972 13.575605 -0.089267
v 6.076211 2.184718 0.706644
v 6.076211 2.167501 -0.645304
v 6.076211 2.828905 0.024453
v 6.076211 1.410056 6.301119
v 6.076211 1.410056 4.951970
v 6.076211 2.422303 4.951970
v 6.076211 2.640980 5.123970
v 6.076211 2.588652 6.171257
v 6.076211 1.410055 -5.130355
v 6.076211 1.410055 -6.598282
v 6.076211 2.359013 -6.596619
v 6.076211 2.557423 -5.232852
v 6.076211 2.323054 -5.123864
v 6.076211 2.533716 -6.501859
v 6.204348 3.365680 -7.242711
v 6.204348 2.959242 -7.113802
v 6.204348 2.959242 -4.893360
v 6.204348 3.365680 -4.441613
v 3.743029 1.410054 -10.048409
v 3.751226 2.273264 -10.048409
v 4.921391 2.272120 -10.048409
v 3.816637 2.535491 -10.048409
v 4.833919 2.554251 -10.048409
v -5.477030 1.410054 -10.048409
v -5.473417 2.294260 -10.048409
v -4.318511 2.306858 -10.048409
v -4.408514 2.560264 -10.048409
v -5.376690 2.554329 -10.048409
v 3.764908 1.410056 10.278768
v 4.914217 1.410056 10.278768
v 4.918809 2.268215 10.278768
v 4.322072 2.802078 10.278768
v 4.023513 2.706920 10.278768
v -5.451998 2.294261 10.278768
v -5.445343 1.410056 10.278768
v -4.314248 1.410056 10.278768
v -4.319455 2.287407 10.278768
v -4.559517 2.713289 10.278768
v -4.891748 2.824408 10.278768
v -2.578660 5.689193 10.411151
v -1.909935 5.686975 10.411151
v -0.088036 5.692711 10.411151
v -0.769577 5.692945 10.411151
v 6.076211 4.411642 -0.335134
v 6.204859 4.411642 -0.335134
v 6.076211 4.412613 -2.885780
v 6.204859 4.412613 -2.885780
v 6.204539 5.686272 -2.021860
v 6.204539 5.692018 0.465628
v -2.579163 4.413314 -10.052474
v -2.579163 4.413314 -10.181122
v -0.769351 4.412334 -10.052474
v -0.769351 4.412334 -10.181122
v -0.088036 5.692710 -10.180802
v -1.909935 5.686974 -10.180802
v 0.872196 3.366842 10.409219
v 1.310763 2.814019 10.409219
v 6.204859 3.366842 10.409210
v 0.872196 3.366841 -10.178869
v 1.310763 2.814018 -10.178869
v 6.291708 3.366841 -10.271065
v 6.204859 3.366841 -10.178869
v -6.660436 9.229365 -10.346883
v -6.660436 9.482919 -10.346883
v -6.095031 9.483621 -10.350938
v 6.291708 3.616183 -10.271065
v 6.295321 3.616183 -7.279364
v 6.295365 3.366841 -7.242217
v 6.296032 3.616183 -6.689195
v 6.296067 3.366841 -6.662740
v 6.298051 3.616183 -5.017087
v 6.298051 3.366841 -5.020812
v 6.302660 3.366841 -1.202520
v 6.302660 3.616184 -1.202520
v 6.312443 3.617397 4.334437
v 6.309359 3.366842 4.334437
v 6.312764 3.617397 4.860147
v 6.309991 3.366842 4.860113
v 6.313665 3.617397 6.356071
v 6.311802 3.366842 6.355760
v 4.737608 -0.136508 -10.209820
v -4.117701 -0.311747 -3.285251
v -4.117701 0.874224 -1.630525
v -4.117701 0.874224 1.860866
v -4.117701 0.874224 3.515592
v -6.690763 -0.311746 3.515592
v -6.660436 11.575988 -3.315579
v 6.235187 0.874224 -0.770200
v -4.255933 11.749729 -3.145894
v -4.256089 11.749729 2.001410
v -4.256089 11.749729 3.372403
v 6.374675 9.482920 4.162377
v -6.660436 11.575988 -3.315579
v -4.087382 11.575988 -3.315579
v -5.802754 11.575989 -1.600198
v -5.802754 11.575989 1.830546
v -4.087382 11.575989 1.830546
v -6.660436 11.575989 3.545918
v 6.289767 11.575989 -1.202521
v 6.304272 3.616184 10.505737
v 6.202988 3.617397 4.333042
v 6.298753 3.366841 -4.441345
v -5.970690 12.661714 0.116933
v -6.660436 3.366841 -10.296185
v 6.204859 -0.311746 -0.770200
v 6.204859 -0.311746 -0.770200
v 6.235187 0.874224 0.809696
v 5.514289 1.300755 -10.240183
v 4.727098 1.300755 -10.240183
v 4.727098 1.300755 -10.831175
v 6.014387 1.712279 -0.875548
v 6.014387 2.021688 0.021229
v 6.972322 1.712279 0.917999
v 6.972322 1.712279 -0.875548
v 6.014387 1.712279 -0.875548
v 6.014387 1.813746 -0.875548
v -0.743296 1.410054 -10.048409
v -2.541878 1.410054 -10.048409
v 1.310763 1.410054 -10.048409
v -0.073401 1.410054 -10.178869
v -0.743296 1.410054 -10.178869
v -0.743296 2.814018 -10.178869
v -0.073401 2.814018 -10.178869
v -1.858118 1.410054 -10.082603
v -2.541878 1.410054 -10.178869
v -2.541878 2.814018 -10.178869
v -1.858118 2.814018 -10.178869
v 1.310763 1.410054 -10.178869
v 1.310763 2.814018 -10.178869
v 2.010075 2.814018 -10.178869
v 2.010075 1.410054 -10.178869
v 3.743029 1.410054 -10.178869
v 3.751226 2.273264 -10.178869
v 3.816637 2.535491 -10.178869
v 3.975570 2.707620 -10.178869
v 4.322072 2.824225 -10.178869
v 4.690783 2.703409 -10.178869
v 4.833919 2.554251 -10.178869
v 4.921391 2.272120 -10.178869
v 4.919182 1.410054 -10.178869
v -4.323632 1.410054 -10.178869
v -5.477030 1.410054 -10.178869
v -5.473417 2.294260 -10.178869
v -5.376690 2.554329 -10.178869
v -5.209284 2.723139 -10.178869
v -4.891748 2.829883 -10.178869
v -4.584542 2.742393 -10.178869
v -4.408514 2.560264 -10.178869
v -4.318511 2.306858 -10.178869
v 4.737608 0.377176 -10.147354
v 2.026045 0.378831 -10.147354
v -0.771327 0.378788 -10.147354
v -1.821041 0.374958 -10.181545
v -4.535013 0.375937 -10.147354
v 6.175148 -0.136507 -6.377439
v 6.175148 -0.136507 -2.924408
v 6.175148 -0.136507 2.937805
v 6.175148 -0.136506 5.230730
v 4.737608 0.377176 -10.209820
v 4.737608 -0.136508 -10.209820
v 3.994737 -0.136508 -10.209820
v 3.994737 0.377176 -10.209820
v 2.026045 0.378831 -10.209820
v 2.026045 -0.136508 -10.209820
v 1.285972 -0.136508 -10.209820
v 1.285972 0.378831 -10.209820
v -0.033958 0.378788 -10.209820
v -0.033958 -0.136508 -10.209820
v -0.771327 -0.136508 -10.209820
v -0.771327 0.378788 -10.209820
v -1.821041 0.374958 -10.209820
v -1.821041 -0.136508 -10.181545
v -2.572369 -0.136508 -10.209820
v -2.572369 0.374958 -10.209820
v -4.535013 0.375937 -10.209820
v -4.535013 -0.136508 -10.209820
v -5.277261 -0.136508 -10.209820
v -5.277261 0.375937 -10.147354
v 6.235187 -0.136507 -6.377439
v 6.235187 0.378424 -6.377439
v 6.235187 0.378424 -5.430915
v 6.235187 -0.136507 -5.430915
v 6.235187 -0.136507 -2.924408
v 6.235187 0.377507 -2.924408
v 6.235187 0.377507 -1.972365
v 6.235187 -0.136507 -1.972365
v 6.235187 -0.136507 2.056390
v 6.235187 0.382472 2.056390
v 6.235187 0.382472 2.937805
v 6.235187 -0.136507 2.937805
v 6.235187 -0.136506 5.230730
v 6.235187 0.382472 5.230730
v 6.235187 0.382472 6.107839
v 6.235187 -0.136506 6.107839
v 6.076211 1.410055 -2.875711
v 6.076211 2.512565 0.634802
v 6.076211 1.410055 2.096145
v 6.204859 1.410055 -2.875711
v 6.204859 2.820179 -2.875711
v 6.204859 2.820179 -2.019485
v 6.204859 1.410055 -2.019485
v 6.204859 2.184718 0.706644
v 6.204859 2.167501 -0.645304
v 6.204859 2.501665 -0.598582
v 6.204859 2.731155 -0.315265
v 6.204859 2.828905 0.024453
v 6.204859 2.717612 0.406013
v 6.204859 2.512565 0.634802
v 6.204859 1.410055 2.096145
v 6.204859 2.820179 2.096144
v 6.204859 2.820179 2.899298
v 6.204859 1.410055 2.899298
v 6.204859 1.410056 4.951970
v 6.204859 2.422303 4.951970
v 6.204859 2.640980 5.123970
v 6.204859 2.770036 5.353590
v 6.204859 2.831210 5.628546
v 6.204859 2.756926 5.931005
v 6.204859 2.588652 6.171257
v 6.204859 2.392435 6.288745
v 6.204859 1.410056 6.301119
v 6.204859 1.410055 -6.598282
v 6.204859 2.359013 -6.596619
v 6.204859 2.533716 -6.501859
v 6.204859 2.728139 -6.255176
v 6.204859 2.824390 -5.856425
v 6.204859 2.747791 -5.526515
v 6.204859 2.557423 -5.232852
v 6.204859 2.323054 -5.123864
v 6.204859 1.410055 -5.130355
v 6.076211 5.695847 -5.214812
v 6.076211 8.349225 -5.218053
v 6.076211 11.081722 -5.209787
v 6.076211 5.691411 -2.020950
v 6.076211 8.348471 -2.017120
v 6.076211 11.081064 -2.014339
v 6.204859 9.482920 -1.202521
v 6.076211 5.692572 -0.335134
v 6.076211 8.347249 0.464718
v 6.076211 11.083456 0.463921
v 6.076211 5.697061 2.901420
v 6.076211 8.347484 2.901585
v 6.076211 11.081341 2.901585
v 6.076202 5.692702 6.181854
v 6.076211 8.349199 6.182954
v 6.076211 11.080042 6.178786
v 6.076211 5.695847 -6.462485
v 6.076211 5.695847 -5.214812
v 6.204859 5.695847 -5.214812
v 6.076211 4.415143 -6.462485
v 6.076211 8.349224 -6.465509
v 6.076211 8.349225 -5.218053
v 6.076211 7.068442 -5.218053
v 6.076211 7.068442 -6.465509
v 6.076211 11.081722 -6.461065
v 6.076211 11.081722 -5.209787
v 6.076211 9.799060 -5.209786
v 6.204859 9.799060 -5.856850
v 6.204539 5.686272 -2.021860
v 6.076211 4.412613 -2.020950
v 6.076211 4.412613 -2.885780
v 6.076211 8.348471 -2.885529
v 6.076211 8.348471 -2.017120
v 6.076211 7.067030 -2.017120
v 6.076211 7.067030 -2.885529
v 6.076211 11.081064 -2.888267
v 6.076211 11.081064 -2.014339
v 6.076211 9.797518 -2.014339
v 6.076211 9.797518 -2.888267
v 6.204539 5.692018 0.465628
v 6.076211 4.411642 0.465403
v 6.076211 4.411642 -0.335134
v 6.076211 8.347249 -0.337647
v 6.076211 8.347249 0.464718
v 6.076211 7.066155 0.464718
v 6.076211 7.066155 -0.337647
v 6.076211 11.083456 -0.335663
v 6.076211 11.083456 0.463921
v 6.076211 9.800308 0.463921
v 6.076211 9.800308 -0.335663
v 6.076211 5.697061 2.901420
v 6.076211 4.412310 2.101274
v 6.076211 8.347484 2.100971
v 6.076211 8.347484 2.901585
v 6.076211 7.065619 2.901585
v 6.076211 7.065619 2.100971
v 6.076211 11.081341 2.100971
v 6.076211 11.081341 2.901585
v 6.076211 9.803246 2.901585
v 6.076211 9.803246 2.100971
v 6.076211 4.413342 5.032562
v 6.076202 5.692702 6.181854
v 6.204859 5.692702 6.181854
v 6.076211 4.413342 5.032562
v 6.076211 8.349199 5.036253
v 6.076211 8.349199 6.182954
v 6.076211 7.062083 6.182954
v 6.076211 7.062083 5.036253
v 6.076211 11.080042 5.038298
v 6.076211 11.080042 6.178786
v 6.076211 9.799988 6.178786
v 6.289767 11.575987 -10.261974
v 6.204859 9.229366 -1.202521
v 6.204859 9.482919 -10.179702
v 6.302660 3.366841 -1.202520
v 6.302660 3.616184 -1.202520
v 6.204859 3.366842 4.330633
v 4.737608 -0.136508 -10.209820
v 6.289767 11.575989 -1.202521
v 6.278043 5.578161 9.099443
v 6.278043 5.578161 9.099443
v 6.314817 6.141330 7.911125
v 6.314817 6.141330 7.911125
v 6.314817 6.141330 9.268470
v 6.314817 6.141330 9.268470
v 6.278043 5.576324 8.197345
v 6.278043 5.576324 8.197345
v 6.289455 8.553259 6.215197
v 6.289455 8.587260 4.150082
v 6.374675 9.482920 4.162377
v 6.374675 9.799771 5.607966
v 6.289455 8.587260 7.065851
v 6.202988 8.550330 6.214347
v 6.202988 8.550330 5.001949
v 6.289455 8.587260 4.150082
v 6.202988 8.591601 6.884260
v 6.312443 3.366842 6.881366
v 6.204348 2.959157 4.743180
v -5.674097 4.411460 0.497740
v -5.674097 7.015292 -0.298698
v -5.802754 4.411460 -0.298698
v -5.802754 4.411460 0.497740
v -5.802754 5.694027 0.497740
v -5.802754 5.694027 -0.298698
v -5.802754 7.015292 -0.298698
v -5.802754 7.015292 0.497740
v -5.802754 8.299064 0.497740
v -5.802754 8.299064 -0.298698
v -5.802754 9.796843 -0.298698
v -5.802754 9.796843 0.497740
v -5.802754 11.087953 0.497740
v -5.802754 11.087953 -0.298698
v -5.833082 -0.311746 1.860866
v -5.802754 -0.311746 0.996651
v -6.130211 1.760014 -10.221475
v -6.072720 1.791338 -10.221475
v -5.991893 1.803269 -10.221475
v -5.911075 1.791338 -10.221475
v -5.853583 1.760014 -10.221475
v -5.831695 1.715987 -10.221475
v -5.853583 1.671952 -10.221475
v -5.911075 1.640628 -10.221475
v -5.991893 1.628706 -10.221475
v -6.072720 1.640628 -10.221475
v -6.130211 1.671952 -10.221475
v -6.152099 1.715987 -10.221475
v -5.812191 1.376729 -10.221475
v -5.880297 1.355196 -10.221475
v -5.982353 1.346029 -10.221475
v -6.078759 1.355196 -10.221475
v -6.143997 1.376729 -10.221475
v -6.219573 1.399665 -10.221475
v -6.430798 1.399665 -10.221475
v -6.430798 1.563103 -10.221475
v -5.540796 1.563103 -10.221475
v -5.540796 1.399665 -10.221475
v -5.748468 1.399665 -10.221475
v -6.430798 1.563103 -10.221475
v 6.247803 1.760023 -9.624062
v 6.247803 1.791338 -9.566570
v 6.247803 1.803269 -9.485752
v 6.247803 1.791338 -9.404925
v 6.247803 1.760023 -9.347434
v 6.247803 1.715988 -9.325546
v 6.247803 1.671953 -9.347434
v 6.247803 1.640629 -9.404925
v 6.247803 1.628706 -9.485752
v 6.247803 1.640628 -9.566570
v 6.247803 1.671952 -9.624062
v 6.247803 1.715987 -9.645950
v 6.247803 1.378973 -9.300756
v 6.247803 1.352892 -9.378038
v 6.247803 1.342476 -9.477884
v 6.247803 1.352891 -9.573087
v 6.247803 1.378973 -9.652500
v 6.247803 1.399665 -9.711187
v 6.247803 1.399665 -9.924649
v 6.247803 1.563103 -9.924649
v 6.247803 1.563104 -9.034647
v 6.247803 1.399665 -9.034647
v 6.247803 1.399665 -9.245543
v 6.247803 1.563103 -9.924649
v 6.278043 5.578160 2.986033
v 6.278043 5.578160 2.986033
v 6.279993 5.999120 2.902122
v 6.314817 6.141329 1.819031
v 6.314817 5.999120 1.819031
v 6.314817 6.141329 3.152036
v 6.314817 5.999120 3.152036
v 6.278043 5.576323 2.100121
v 6.204539 5.999173 8.197987
v 6.278043 5.578160 0.549773
v 6.278043 5.578160 0.549773
v 6.314817 6.141329 -0.617230
v 6.314817 5.999120 -0.617230
v 6.314817 6.141329 0.715767
v 6.314817 5.999120 0.715767
v 6.278043 5.576323 -0.336148
v 6.278043 5.576323 -0.336148
v 6.279993 5.999120 -0.419712
v 6.204539 5.999016 2.100780
v 6.076211 4.412310 2.101274
v 6.278043 5.578160 -1.932567
v 6.278043 5.578160 -1.932567
v 6.314817 6.141329 -3.187181
v 6.314817 5.999120 -3.187181
v 6.314817 6.141329 -3.187181
v 6.314817 5.999120 -1.754104
v 6.278043 5.576323 -2.884992
v 6.278043 5.576323 -2.974518
v 6.278043 5.578159 -8.212310
v 6.278043 5.578159 -8.212310
v 6.314817 6.141328 -9.462322
v 6.314817 5.999119 -9.462322
v 6.314817 6.141328 -8.034505
v 6.314817 5.999120 -8.034505
v 6.278043 5.576323 -9.161242
v 6.278043 5.576323 -9.161242
v 6.204539 5.998955 0.465559
v 6.204539 5.688490 -2.885130
v 6.204859 7.954173 -7.288341
v 6.289568 9.229523 6.882328
v 6.202988 8.590969 4.333042
v 6.202988 3.617397 6.884260
v 6.313665 3.617397 6.356071
v 6.312764 3.617397 4.860147
v 6.202988 3.617397 4.862972
v 6.312443 3.617397 4.334437
v 6.289455 8.553258 -5.173983
v 6.289455 8.587259 -7.484420
v 6.374675 9.482920 -7.424459
v 6.374675 9.799060 -5.856850
v 6.289455 8.587259 -4.222260
v 6.204859 8.546968 -5.174598
v 6.204859 8.546968 -6.531155
v 6.289455 8.587259 -7.484420
v 6.204859 8.592155 -4.425323
v 6.204348 2.959242 -4.570764
v 6.204348 2.959242 -6.793026
v 6.289715 9.229366 -4.425948
v 6.204859 8.591635 -7.288341
v 6.296032 3.616183 -6.689195
v 6.204859 3.616183 -6.685079
v 6.204859 3.366842 4.862444
v 6.204859 3.366842 4.862444
v 6.204859 3.366842 10.409210
v 6.313665 3.617397 6.356071
v 6.313985 3.617397 6.881288
v 6.202988 3.617397 4.862972
v 6.374675 9.482920 7.052447
v 6.296067 3.366841 -6.662740
v 6.295365 3.366841 -7.242217
v 6.204859 9.229366 -4.425323
v 6.298051 3.616183 -5.017087
v 6.295321 3.616183 -7.279364
v 6.204859 9.229773 -10.179910
v 6.204859 9.229366 -1.202521
v 6.204859 9.229366 -7.288341
v 6.204859 9.482920 -1.202521
v 3.057251 9.483621 -10.350938
v 3.202449 3.618089 -10.179242
v -5.349846 5.696548 -10.052474
v -4.385846 8.349926 -10.052474
v -5.348746 11.082424 -10.052474
v -1.909224 5.692112 -10.052474
v -2.578964 8.349173 -10.052474
v -2.581095 11.081764 -10.052474
v -1.492025 9.483621 -10.181122
v -0.769351 5.693264 -10.052474
v -0.771483 8.347951 -10.052474
v -0.769793 11.084130 -10.052474
v 1.984401 5.697753 -10.052474
v 1.984531 8.348185 -10.052474
v 1.984531 11.082026 -10.052474
v 3.797618 5.693394 -10.052465
v 3.800763 8.349900 -10.052474
v 3.802505 11.080742 -10.052474
v -5.349846 5.696548 -10.052474
v -4.383342 5.696548 -10.052474
v -4.383342 5.696548 -10.181122
v -5.349846 4.415844 -10.052474
v -5.352186 8.349926 -10.052474
v -4.385846 8.349926 -10.052474
v -4.385846 7.069144 -10.052474
v -5.352186 7.069144 -10.052474
v -5.348746 11.082424 -10.052474
v -4.379442 11.082432 -10.052474
v -4.379442 9.799761 -10.052474
v -4.880692 9.799761 -10.181122
v -1.909935 5.686974 -10.180802
v -1.909224 4.413314 -10.052474
v -2.579163 4.413314 -10.052474
v -2.578964 8.349173 -10.052474
v -1.906261 8.349173 -10.052474
v -1.906261 7.067732 -10.052474
v -2.578972 7.067732 -10.052474
v -2.581095 11.081764 -10.052474
v -1.904103 11.081764 -10.052474
v -1.904103 9.798219 -10.052474
v -2.581095 9.798219 -10.052474
v -0.088036 5.692710 -10.180802
v -0.088226 4.412334 -10.052474
v -0.769351 4.412334 -10.052474
v -0.771483 8.347951 -10.052474
v -0.088816 8.347951 -10.052474
v -0.088816 7.066856 -10.052474
v -0.771492 7.066856 -10.052474
v -0.769793 11.084130 -10.052474
v -0.089492 11.084139 -10.052474
v -0.089492 9.801009 -10.052474
v -0.769793 9.801009 -10.052474
v 1.984401 5.697753 -10.052474
v 1.303614 4.413002 -10.052474
v 1.303354 8.348185 -10.052474
v 1.984531 8.348185 -10.052474
v 1.984531 7.066319 -10.052474
v 1.303354 7.066319 -10.052474
v 1.303354 11.082026 -10.052474
v 1.984531 11.082026 -10.052474
v 1.984531 9.803929 -10.052474
v 1.303354 9.803938 -10.052474
v 3.797618 4.414033 -10.052474
v 4.775474 5.693394 -10.181122
v 4.775474 5.693394 -10.181122
v 3.797618 4.414033 -10.052474
v 3.800763 8.349900 -10.052474
v 4.776401 8.349900 -10.052474
v 4.776401 7.062784 -10.052474
v 3.800763 7.062784 -10.052474
v 3.802505 11.080742 -10.052474
v 4.772857 11.080742 -10.052474
v 4.772857 9.800689 -10.052474
v -1.492025 9.230067 -10.181122
v -1.492033 3.616876 -10.278914
v 4.803834 8.553959 -10.265718
v 3.046792 8.587969 -10.265718
v 3.057251 9.483621 -10.350938
v 4.287196 9.800472 -10.350938
v 5.527599 8.587969 -10.265718
v 4.803115 8.551031 -10.179242
v 3.771580 8.551031 -10.179242
v 3.046792 8.587969 -10.265718
v 5.373095 8.592302 -10.179242
v 2.056390 5.578853 -10.254306
v 2.056390 5.578853 -10.254306
v 1.984999 5.999813 -10.256256
v 1.063474 6.142022 -10.291080
v 1.063474 5.999813 -10.291080
v 2.197619 6.142022 -10.291080
v 2.197619 5.999813 -10.291080
v 1.302626 5.577015 -10.254306
v -0.016446 5.578853 -10.254306
v -0.016446 5.578853 -10.254306
v -1.009362 6.142022 -10.291080
v -1.009362 5.999813 -10.291080
v 0.124792 6.142022 -10.291080
v 0.124792 5.999813 -10.291080
v -0.770209 5.577015 -10.254306
v -0.770209 5.577015 -10.254306
v -0.841305 5.999813 -10.256256
v 1.303190 5.999709 -10.180802
v 1.303614 4.413002 -10.052474
v -1.840762 5.578861 -10.254306
v -1.840762 5.578861 -10.254306
v -2.812639 6.142030 -10.291080
v -2.812639 5.999821 -10.291080
v -2.812639 6.142030 -10.291080
v -1.754252 5.999821 -10.291080
v -2.578556 5.577024 -10.254306
v -2.647902 5.577024 -10.254306
v -0.088096 5.999648 -10.180802
v -2.578660 5.689192 -10.180802
v 5.371449 9.230224 -10.265831
v 3.202449 8.591669 -10.179242
v 5.370564 3.618089 -10.290248
v 5.373103 3.618089 -10.179242
v 4.923696 3.618089 -10.289928
v 3.650929 3.618089 -10.289027
v 3.653329 3.618089 -10.179242
v 3.203645 3.618089 -10.288706
v -4.351706 8.553959 -10.265718
v -6.141484 8.587969 -10.265718
v -6.095031 9.483621 -10.350938
v -4.880692 9.799761 -10.350938
v -3.614467 8.587969 -10.265718
v -4.352182 8.547668 -10.181122
v -5.403041 8.547668 -10.181122
v -6.141484 8.587969 -10.265718
v -3.771770 8.592856 -10.181122
v -3.772247 9.230067 -10.265978
v -5.989588 8.592337 -10.181122
v -5.525459 3.616885 -10.272295
v -5.522270 3.616885 -10.181122
v 5.373103 9.230224 -10.179242
v 4.923696 3.618089 -10.289928
v 3.653329 3.618089 -10.179242
v -3.771770 9.230067 -10.181122
v -4.230172 3.616885 -10.274314
v -6.660436 3.616183 -10.296185
v -6.660436 9.229365 -10.180048
v -1.492025 9.230067 -10.181122
v -1.492025 9.483621 -10.181122
v -1.492025 11.576689 -10.266030
v -6.097067 9.483621 -10.181122
v -1.512899 3.366841 -10.286151
v 6.204859 11.576343 -10.180411
v 5.370564 3.618089 -10.290248
v 6.204859 9.229773 -10.179910
v 5.516196 9.483621 -10.350938
v -5.989588 9.230067 -10.181122
v -6.660436 9.229367 10.410388
v -6.660436 3.616184 10.410388
v -0.743296 1.410056 10.278768
v -2.541878 1.410056 10.278768
v 1.310763 1.410056 10.278768
v -0.073401 1.410056 10.409219
v -0.743296 1.410056 10.409219
v -0.743296 2.814019 10.409219
v -0.073401 2.814019 10.409219
v -2.541878 1.410056 10.409219
v -2.541878 1.410056 10.409219
v -2.541878 2.814019 10.409219
v -1.858118 2.814019 10.409219
v 1.310763 1.410056 10.409219
v 1.310763 2.814019 10.409219
v 2.010075 2.814019 10.409219
v 2.010075 1.410056 10.409219
v 3.764908 1.410056 10.409219
v 3.764908 2.273266 10.409219
v 3.800841 2.478617 10.409219
v 4.023513 2.706920 10.409219
v 4.322072 2.802078 10.409219
v 4.633801 2.724406 10.409219
v 4.852843 2.499803 10.409219
v 4.918809 2.268215 10.409219
v 4.914217 1.410056 10.409219
v -4.314248 1.410056 10.409219
v -5.445343 1.410056 10.409219
v -5.451998 2.294261 10.409219
v -5.384992 2.534349 10.409219
v -5.200229 2.722136 10.409219
v -4.891748 2.824408 10.409219
v -4.559517 2.713289 10.409219
v -4.371099 2.517193 10.409219
v -4.319464 2.287407 10.409219
v 4.737608 0.377178 10.377706
v 2.026045 -0.136506 10.377706
v -0.033958 0.378790 10.377706
v -6.690763 -0.311745 10.440179
v -1.821041 0.374960 10.411897
v -4.535013 0.375939 10.377706
v 4.737608 0.377178 10.440179
v 4.737608 -0.136506 10.440179
v 3.994737 -0.136506 10.440179
v 3.994737 0.377178 10.440179
v 2.026045 0.378833 10.440179
v 2.026045 -0.136506 10.440179
v 1.285972 -0.136506 10.440179
v 1.285972 0.378833 10.440179
v -0.033958 0.378790 10.440179
v -0.033958 -0.136506 10.440179
v -0.771327 -0.136506 10.440179
v -0.771327 0.378790 10.440179
v -1.821041 0.374960 10.440179
v -2.572369 -0.136506 10.440179
v -2.572369 -0.136506 10.440179
v -2.572369 0.374960 10.440179
v -4.535013 0.375939 10.440179
v -4.535013 -0.136506 10.440179
v -5.277261 -0.136506 10.440179
v -4.535013 0.375939 10.440179
v -0.073401 2.814019 10.409219
v -0.033958 0.378790 10.440179
v 3.057251 9.483623 10.581286
v -1.492033 3.616877 10.509273
v -4.383342 4.415846 10.282823
v -4.385846 8.349928 10.282823
v -4.379442 9.799763 10.282823
v -1.909224 5.692113 10.282823
v -1.906261 7.067733 10.282823
v -1.904103 9.798221 10.282823
v -0.088226 4.412336 10.282823
v -0.088816 7.066858 10.282823
v -0.089492 9.801010 10.282823
v 1.984401 5.697754 10.282823
v 1.984531 8.348186 10.282823
v 1.984531 11.082027 10.282823
v 4.775474 4.414035 10.282823
v 4.776401 7.062786 10.282823
v 4.772857 9.800690 10.282823
v -5.349846 5.696550 10.282823
v -4.383342 5.696550 10.282823
v -4.383342 5.696550 10.411471
v -5.349846 4.415846 10.282823
v -5.352186 8.349928 10.282823
v -4.385846 8.349928 10.282823
v -4.385846 7.069146 10.282823
v -5.352186 7.069146 10.282823
v -5.348746 11.082426 10.282823
v -4.379442 11.082434 10.282823
v -4.379442 9.799763 10.282823
v -2.579163 4.413316 10.282823
v -2.579163 5.692113 10.282823
v -1.909224 4.413316 10.282823
v -2.579163 4.413316 10.282823
v -2.578964 8.349174 10.282823
v -1.906261 8.349174 10.282823
v -1.906261 7.067733 10.282823
v -2.578972 7.067733 10.282823
v -2.581095 11.081766 10.282823
v -1.904103 11.081766 10.282823
v -1.904103 9.798221 10.282823
v -2.581095 9.798221 10.282823
v -0.769351 4.412336 10.282823
v -0.769351 5.693266 10.282823
v -0.088226 4.412336 10.282823
v -0.769351 4.412336 10.282823
v -0.771483 8.347952 10.282823
v -0.088816 8.347952 10.282823
v -0.088816 7.066858 10.282823
v -0.771492 7.066858 10.282823
v -0.769793 11.084132 10.282823
v -0.089492 11.084141 10.282823
v -0.089492 9.801010 10.282823
v -0.769793 9.801010 10.282823
v 1.984401 5.697754 10.282823
v 1.303614 4.413003 10.282823
v 1.303354 8.348186 10.282823
v 1.984531 8.348186 10.282823
v 1.984531 7.066321 10.282823
v 1.303354 7.066321 10.282823
v 1.303354 11.082027 10.282823
v 1.984531 11.082027 10.282823
v 1.984531 9.803930 10.282823
v 1.303354 9.803940 10.282823
v 3.797618 5.693396 10.411471
v 3.797618 5.693396 10.282823
v 4.775474 5.693396 10.411471
v 3.797618 4.414035 10.282823
v 3.800763 8.349901 10.282823
v 4.776401 8.349901 10.282823
v 4.776401 7.062786 10.282823
v 3.800763 7.062786 10.282823
v 3.802505 11.080744 10.282823
v 4.772857 11.080744 10.282823
v 4.772857 9.800690 10.282823
v -3.635835 9.483623 10.581286
v -1.492025 9.230069 10.411471
v -5.525459 3.616886 10.502652
v -3.773928 3.616886 10.505382
v -3.771770 3.616886 10.411471
v 4.803834 8.553961 10.496067
v 3.202449 8.591671 10.409599
v 3.057251 9.483623 10.581286
v 4.287196 9.800473 10.581286
v 3.771580 8.551032 10.409599
v 3.046792 8.587971 10.496067
v 5.527599 8.587971 10.496067
v 2.056390 5.578854 10.484664
v 2.057741 5.999710 10.411151
v 1.063474 6.142023 10.521438
v 1.063474 5.999814 10.521438
v 1.063301 6.142092 10.411151
v 2.197914 6.142092 10.411151
v 1.302626 5.577017 10.484655
v 1.984817 5.999710 10.411151
v -0.016446 5.578854 10.484664
v -0.014990 5.999710 10.411141
v -1.009362 6.142023 10.521438
v -1.009362 5.999814 10.521438
v -1.009570 6.142101 10.411151
v 0.125078 6.142092 10.411124
v -0.770209 5.577017 10.484655
v -0.841548 5.579183 10.411151
v -0.088096 5.999650 10.411151
v 1.984566 5.697902 10.411315
v -1.840762 5.578863 10.484664
v -1.839506 5.999658 10.411151
v -2.812639 6.142032 10.521438
v -2.812639 5.999823 10.521438
v -2.812639 6.142032 10.521438
v -1.754122 6.142118 10.411151
v -2.579050 5.576775 10.411315
v -0.088096 5.999650 10.411151
v -2.578660 5.689193 10.411151
v 5.371449 9.230225 10.496188
v 3.202865 9.230225 10.496188
v 5.370564 3.618091 10.520597
v 5.373103 3.618091 10.409599
v 4.923696 3.618091 10.520286
v 3.650929 3.618091 10.519375
v 3.653329 3.618091 10.409599
v 3.203645 3.618091 10.519063
v -4.351706 8.553961 10.496067
v -5.989588 8.592339 10.411471
v -6.095031 9.483623 10.581286
v -4.880692 9.799763 10.581286
v -5.403041 8.547670 10.411471
v -6.141484 8.587971 10.496067
v -3.614467 8.587971 10.496067
v -3.772247 9.230069 10.496336
v -5.991416 9.230069 10.496336
v -4.230172 3.616886 10.504671
v -3.773928 3.616886 10.505382
v -4.232667 3.616886 10.411471
v -5.525459 3.616886 10.502652
v -5.522270 3.616886 10.411471
v -5.989588 3.616886 10.411471
v 5.373103 9.230225 10.409599
v 3.653329 3.618091 10.409599
v -3.771770 9.230069 10.411471
v -5.522270 3.616886 10.411471
v -6.660436 3.616184 10.526532
v -6.660436 9.229367 10.410388
v -4.232667 3.616886 10.411471
v -1.492025 9.230069 10.411471
v -1.492025 9.483623 10.411471
v -1.492025 11.576691 10.496379
v -6.097067 9.483623 10.411471
v 3.650929 3.618091 10.519375
v -1.492025 11.576691 10.496379
v 5.370564 3.618091 10.520597
v 6.204859 9.229575 10.410318
v 5.516196 9.483623 10.581286
v -5.989588 9.230069 10.411471
v 0.162537 5.147425 -10.418611
v 0.162537 4.746706 -10.418611
v 0.815934 5.147425 -10.177353
v 0.815934 4.746706 -10.418611
v 0.162537 4.746706 -10.418611
v 0.204155 12.935128 9.966084
v 0.693637 13.838863 -0.089761
v 0.693637 13.772221 0.317881
v 4.521348 13.259048 0.258865
v 4.521348 13.838863 0.258865
v 4.521348 13.838863 -0.089761
v 1.112700 12.060435 -9.719566
v 6.076211 2.392435 6.288745
v 4.919182 1.410054 -10.048409
v -4.323632 1.410054 -10.048409
v 3.764908 2.273266 10.278768
v 6.291708 3.366841 -10.271065
v 7.021816 1.786313 -4.985381
v 6.236755 1.786313 -4.985381
v 6.236755 1.786313 -4.112259
v 6.287627 1.552767 -4.160089
v 6.287627 0.744579 -4.160089
v 6.287627 0.873348 -4.379598
v 7.021816 0.700526 -4.937412
v 7.021816 0.699538 -4.985381
v 7.021816 1.786313 -4.985381
v 7.021816 1.786313 -4.112259
v 7.021816 1.552793 -4.160124
v 7.021816 0.699538 -4.112259
v 7.021816 0.700526 -4.160124
v 7.021816 0.700526 -4.937412
v 6.287627 0.700526 -4.937395
v 6.236755 0.699538 -4.985381
v 6.287627 0.700526 -4.160089
v 6.236755 0.699538 -4.112259
v 7.021816 0.700526 -4.160124
v 6.989522 1.552775 -4.160184
v 6.989522 1.552775 -4.937343
v 7.021816 1.552793 -4.937412
v 6.287627 0.700526 -4.160089
v 6.287627 0.700526 -4.937395
v 6.499961 1.324506 -4.693676
v 6.499961 1.322045 -4.379598
v 6.499961 0.873348 -4.379598
v 6.287627 0.874570 -4.694855
v 6.499961 0.874570 -4.694855
v 6.499961 0.873348 -4.379598
v 6.287627 1.324506 -4.693676
v 6.499961 1.324506 -4.693676
v 6.499961 0.874570 -4.694855
v 6.287627 1.322045 -4.379598
v 6.499961 1.322045 -4.379598
v 6.499961 1.324506 -4.693676
v 6.287627 0.873348 -4.379598
v 6.499961 0.873348 -4.379598
v 6.499961 1.322045 -4.379598
v 6.287627 0.744397 -4.937395
v 6.287627 0.874570 -4.694855
v 6.287627 1.322045 -4.379598
v 6.287627 1.324506 -4.693676
v 6.287627 1.552767 -4.937395
v 7.021816 1.786313 -4.112259
v 6.989747 1.552809 -4.112259
v 6.989894 0.743937 -4.112259
v 6.236755 1.786313 -4.112259
v 6.287627 1.552783 -4.112259
v 6.287627 0.744397 -4.112259
v 6.236755 0.699538 -4.112259
v 6.989747 1.552809 -4.112259
v 6.989522 1.552775 -4.160184
v 6.989894 0.743937 -4.160124
v 6.989747 1.552809 -4.112259
v 6.287627 1.552783 -4.112259
v 6.287627 1.552767 -4.160089
v 6.287627 0.744397 -4.112259
v 6.287627 0.744579 -4.160089
v 6.287627 1.552767 -4.160089
v 6.287627 0.744397 -4.112259
v 6.989894 0.743937 -4.112259
v 6.989894 0.743937 -4.160124
v 6.996168 0.739085 -4.135481
v 6.995986 1.562402 -4.135481
v 6.280859 1.562289 -4.135481
v 6.287627 0.744579 -4.160089
v 6.989894 0.743937 -4.160124
v 7.021816 0.700526 -4.160124
v 6.989522 1.552775 -4.160184
v 7.021816 1.552793 -4.160124
v 6.989894 0.743937 -4.985381
v 6.989747 1.552809 -4.985381
v 7.021816 1.786313 -4.985381
v 6.287627 1.552783 -4.985381
v 6.236755 1.786313 -4.985381
v 6.287627 0.744397 -4.985381
v 6.236755 0.699538 -4.985381
v 6.989894 0.743937 -4.937412
v 6.989522 1.552775 -4.937343
v 6.989747 1.552809 -4.985381
v 6.989747 1.552809 -4.985381
v 6.989522 1.552775 -4.937343
v 6.287627 1.552767 -4.937395
v 6.287627 1.552783 -4.985381
v 6.287627 1.552767 -4.937395
v 6.287627 0.744397 -4.937395
v 6.287627 0.744397 -4.937395
v 6.989894 0.743937 -4.937412
v 6.989894 0.743937 -4.985381
v 6.996168 0.739085 -4.962168
v 6.280859 0.739544 -4.962168
v 6.280859 1.562289 -4.962168
v 6.287627 0.744397 -4.937395
v 6.287627 0.700526 -4.937395
v 7.021816 0.700526 -4.937412
v 7.021816 1.552793 -4.937412
v 6.989522 1.552775 -4.937343
v 6.287627 1.552767 -4.160089
v 6.287627 1.552767 -4.937395
v 7.021816 1.786313 -3.958976
v 6.236755 1.786313 -3.958976
v 6.236755 1.786313 -3.085853
v 6.287627 1.552767 -3.133684
v 6.287627 0.744579 -3.133684
v 6.287627 0.873348 -3.353193
v 7.021816 0.700526 -3.911007
v 7.021816 0.699538 -3.958976
v 7.021816 1.786313 -3.958976
v 7.021816 1.552793 -3.133718
v 7.021816 1.552793 -3.911007
v 7.021816 0.700526 -3.133718
v 7.021816 1.786313 -3.085853
v 7.021816 0.700526 -3.911007
v 6.287627 0.700526 -3.910989
v 6.236755 0.699538 -3.958976
v 6.287627 0.700526 -3.133684
v 6.236755 0.699539 -3.085853
v 7.021816 0.700526 -3.133718
v 6.989522 1.552775 -3.133779
v 6.989522 1.552775 -3.910938
v 7.021816 1.552793 -3.911007
v 6.287627 0.700526 -3.133684
v 6.287627 0.700526 -3.910989
v 6.499961 1.324506 -3.667271
v 6.499961 1.322045 -3.353193
v 6.499961 0.873348 -3.353193
v 6.287627 0.874570 -3.668449
v 6.499961 0.874570 -3.668449
v 6.499961 0.873348 -3.353193
v 6.287627 1.324506 -3.667271
v 6.499961 1.324506 -3.667271
v 6.499961 0.874570 -3.668449
v 6.287627 1.322045 -3.353193
v 6.499961 1.322045 -3.353193
v 6.499961 1.324506 -3.667271
v 6.287627 0.873348 -3.353193
v 6.499961 0.873348 -3.353193
v 6.499961 1.322045 -3.353193
v 6.287627 0.744397 -3.910989
v 6.287627 0.874570 -3.668449
v 6.287627 1.322045 -3.353193
v 6.287627 1.324506 -3.667271
v 6.287627 1.552767 -3.910989
v 6.989894 0.743938 -3.085853
v 7.021816 0.699539 -3.085853
v 7.021816 1.786313 -3.085853
v 6.236755 1.786313 -3.085853
v 6.287627 1.552784 -3.085853
v 6.989747 1.552810 -3.085853
v 6.287627 0.744397 -3.085853
v 6.236755 0.699539 -3.085853
v 6.989747 1.552810 -3.085853
v 6.989522 1.552775 -3.133779
v 6.989894 0.743938 -3.133718
v 6.989747 1.552810 -3.085853
v 6.287627 1.552784 -3.085853
v 6.287627 1.552767 -3.133684
v 6.287627 0.744397 -3.085853
v 6.287627 0.744579 -3.133684
v 6.287627 1.552767 -3.133684
v 6.287627 0.744397 -3.085853
v 6.989894 0.743938 -3.085853
v 6.989894 0.743938 -3.133718
v 6.996168 0.739086 -3.109075
v 6.995986 1.562402 -3.109075
v 6.280859 1.562290 -3.109075
v 6.287627 0.744579 -3.133684
v 6.989894 0.743938 -3.133718
v 7.021816 0.700526 -3.133718
v 6.989522 1.552775 -3.133779
v 7.021816 1.552793 -3.133718
v 6.989894 0.743937 -3.958976
v 6.989747 1.552809 -3.958976
v 7.021816 1.786313 -3.958976
v 6.287627 1.552783 -3.958976
v 6.236755 1.786313 -3.958976
v 6.287627 0.744397 -3.958976
v 6.236755 0.699538 -3.958976
v 6.989894 0.743937 -3.911007
v 6.989522 1.552775 -3.910938
v 6.989747 1.552809 -3.958976
v 6.989747 1.552809 -3.958976
v 6.989522 1.552775 -3.910938
v 6.287627 1.552767 -3.910989
v 6.287627 1.552783 -3.958976
v 6.287627 1.552767 -3.910989
v 6.287627 0.744397 -3.910989
v 6.287627 0.744397 -3.910989
v 6.989894 0.743937 -3.911007
v 6.989894 0.743937 -3.958976
v 6.996168 0.739085 -3.935762
v 6.280859 0.739544 -3.935762
v 6.280859 1.562289 -3.935762
v 6.287627 0.744397 -3.910989
v 6.287627 0.700526 -3.910989
v 7.021816 0.700526 -3.911007
v 7.021816 1.552793 -3.911007
v 6.989522 1.552775 -3.910938
v 6.287627 1.552767 -3.133684
v 6.287627 1.552767 -3.910989
v 7.021816 1.786313 -4.112259
v 7.021816 1.552793 -4.937412
v 7.021816 0.699538 -4.985381
v 7.021816 0.699538 -4.112259
v 7.021816 1.552793 -4.160124
v 6.499961 0.874570 -4.694855
v 6.287627 0.873348 -4.379598
v 6.287627 0.874570 -4.694855
v 6.287627 1.324506 -4.693676
v 6.287627 1.322045 -4.379598
v 7.021816 0.699538 -4.112259
v 6.989894 0.743937 -4.112259
v 6.989522 1.552775 -4.160184
v 6.287627 1.552783 -4.112259
v 6.287627 0.744579 -4.160089
v 6.280859 0.739544 -4.135481
v 6.287627 0.700526 -4.160089
v 7.021816 0.699538 -4.985381
v 6.989894 0.743937 -4.985381
v 6.287627 1.552783 -4.985381
v 6.287627 0.744397 -4.985381
v 6.287627 0.744397 -4.985381
v 6.995986 1.562402 -4.962168
v 6.989894 0.743937 -4.937412
v 7.021816 1.786313 -3.085853
v 7.021816 0.699539 -3.085853
v 7.021816 0.699538 -3.958976
v 7.021816 0.699539 -3.085853
v 7.021816 1.552793 -3.133718
v 6.499961 0.874570 -3.668449
v 6.287627 0.873348 -3.353193
v 6.287627 0.874570 -3.668449
v 6.287627 1.324506 -3.667271
v 6.287627 1.322045 -3.353193
v 6.989894 0.743938 -3.085853
v 6.989522 1.552775 -3.133779
v 6.287627 1.552784 -3.085853
v 6.287627 0.744579 -3.133684
v 6.280859 0.739545 -3.109075
v 6.287627 0.700526 -3.133684
v 7.021816 0.699538 -3.958976
v 6.989894 0.743937 -3.958976
v 6.287627 1.552783 -3.958976
v 6.287627 0.744397 -3.958976
v 6.287627 0.744397 -3.958976
v 6.995986 1.562402 -3.935762
v 6.989894 0.743937 -3.911007
v -6.757301 11.835510 -10.188773
v -6.757301 12.241082 -10.188773
v 6.114346 12.241082 -10.188765
v 6.114346 11.835512 10.395085
v 6.114346 12.241084 10.395085
v -6.757292 12.241084 10.395085
v 6.105152 11.835510 -10.185299
v 6.105152 12.241082 -10.185299
v 6.105152 12.241084 10.385727
v 6.114346 11.835510 -10.188765
v -6.757292 11.835512 10.395085
v 6.105152 11.835512 10.385727
v 5.943750 -0.119567 -10.531177
v 6.008286 -0.105193 -10.555585
v 6.086124 -0.154548 -10.471805
v 6.071653 -0.120755 -10.529165
v 5.969832 -0.180464 -10.427820
v 5.926637 -0.153075 -10.474318
v -6.392767 -0.119567 -10.531177
v -6.375654 -0.153075 -10.474318
v -6.535141 -0.154557 -10.471805
v -6.418849 -0.180464 -10.427820
v -6.489832 -0.181124 -10.426703
v -6.457304 -0.105193 -10.555585
v -6.520662 -0.120755 -10.529165
v 5.997646 -0.119565 10.710751
v 5.980533 -0.153073 10.653883
v 6.140011 -0.154546 10.651370
v 6.023719 -0.180462 10.607386
v 6.094702 -0.181122 10.606268
v 6.062174 -0.105191 10.735160
v 6.125540 -0.120753 10.708732
v -6.425027 -0.119565 10.534792
v -6.407914 -0.153073 10.591651
v -6.567400 -0.154555 10.594163
v -6.451108 -0.180462 10.638147
v -6.522083 -0.181122 10.639265
v -6.489563 -0.105191 10.510374
v -6.552921 -0.120753 10.536802
v 6.040815 -0.181124 -10.426703
v 5.969832 -0.180464 -10.427820
v 5.935926 0.629083 -10.337413
v 5.892731 0.630626 -10.393751
v 6.040815 -0.181124 -10.426703
v 6.006900 0.631388 -10.336061
v 6.052209 0.635807 -10.390710
v 6.006900 0.631388 -10.336061
v 6.040815 -0.181124 -10.426703
v 6.037739 0.639005 -10.460212
v 6.086124 -0.154548 -10.471805
v 5.974381 0.638580 -10.492219
v 6.071653 -0.120755 -10.529165
v 5.943750 -0.119567 -10.531177
v 5.909844 0.634854 -10.462646
v 5.926637 -0.153075 -10.474318
v 6.177782 11.649128 -10.576244
v 6.134180 11.649128 -10.400701
v 6.244241 11.649128 -10.257157
v 6.425088 11.649128 -10.253709
v 6.540548 11.649128 -10.392955
v 6.503662 11.649128 -10.570031
v 6.342216 11.649128 -10.651611
v 5.871380 3.202744 -10.336719
v 5.985516 3.196886 -10.279122
v 5.914549 3.196722 -10.280397
v 6.030833 3.203125 -10.333851
v 5.985516 3.196886 -10.279122
v 6.016388 3.210742 -10.403378
v 5.953056 3.213991 -10.435344
v 5.888520 3.210430 -10.405674
v 5.850169 8.903607 -10.348425
v 5.878503 5.732239 -10.305690
v 5.921680 5.728574 -10.249342
v 5.964026 8.902628 -10.288611
v 5.893112 8.904083 -10.290457
v 6.009517 8.900331 -10.344283
v 5.964026 8.902628 -10.288611
v 5.992672 5.732274 -10.247999
v 5.995332 8.898928 -10.415552
v 6.038016 5.740566 -10.302683
v 5.932148 8.899466 -10.448748
v 6.023571 5.747195 -10.372202
v 5.960214 5.747178 -10.404219
v 5.895651 5.740523 -10.374619
v 5.867551 8.901554 -10.418871
v 5.875185 3.812764 -10.386464
v 5.918353 3.807626 -10.330125
v 5.992672 5.732274 -10.247999
v 5.989336 3.809983 -10.328834
v 6.034671 3.818067 -10.383571
v 6.020227 3.825788 -10.453106
v 5.956886 3.827330 -10.485097
v 5.892332 3.821533 -10.455438
v 5.989336 3.809983 -10.328834
v 5.862438 9.369209 -10.476692
v 5.976391 9.364262 -10.418160
v 5.905416 9.363560 -10.419452
v 6.021934 9.370769 -10.473789
v 5.976391 9.364262 -10.418160
v 6.007740 9.378186 -10.544452
v 5.944504 9.380933 -10.576928
v 5.879838 9.376929 -10.546774
v 5.908553 11.073290 -10.337282
v 5.949443 11.061064 -10.280709
v 6.063734 11.041629 -10.334284
v 6.018511 11.046975 -10.279374
v 6.051074 11.049046 -10.404097
v 5.990056 11.063646 -10.436227
v 5.926620 11.074443 -10.406498
v 6.298198 11.475084 -10.373519
v 6.244241 11.649128 -10.257157
v 6.134180 11.649128 -10.400701
v 6.367726 11.462788 -10.372167
v 6.425088 11.649128 -10.253709
v 6.425088 11.649128 -10.253709
v 6.367726 11.462788 -10.372167
v 6.411735 11.453526 -10.426921
v 6.540548 11.649128 -10.392955
v 6.397099 11.454279 -10.496543
v 6.342216 11.649128 -10.651611
v 6.503662 11.649128 -10.570031
v 6.177782 11.649128 -10.576244
v 6.334825 11.464487 -10.528613
v 6.271822 11.476453 -10.498979
v 6.255515 11.481167 -10.429954
v -6.320745 0.630626 -10.393751
v -6.363939 0.629083 -10.337413
v -6.418849 -0.180464 -10.427820
v -6.489832 -0.181124 -10.426703
v -6.489832 -0.181124 -10.426703
v -6.434922 0.631388 -10.336061
v -6.480231 0.635807 -10.390710
v -6.535141 -0.154557 -10.471805
v -6.465761 0.639005 -10.460212
v -6.520662 -0.120755 -10.529165
v -6.402394 0.638580 -10.492219
v -6.337858 0.634854 -10.462646
v -6.392767 -0.119567 -10.531177
v -6.375654 -0.153075 -10.474318
v -6.603681 11.649128 -10.400701
v -6.647292 11.649128 -10.576244
v -7.010049 11.649128 -10.392955
v -6.973171 11.649128 -10.570031
v -6.713743 11.649128 -10.257157
v -6.894597 11.649128 -10.253709
v -6.263495 3.202744 -10.336719
v -6.434922 0.631388 -10.336061
v -6.306655 3.196713 -10.280397
v -6.377621 3.196886 -10.279122
v -6.422947 3.203125 -10.333851
v -6.408503 3.210733 -10.403378
v -6.345162 3.213982 -10.435344
v -6.280634 3.210430 -10.405674
v -6.391190 5.728574 -10.249342
v -6.348013 5.732239 -10.305690
v -6.319679 8.903607 -10.348425
v -6.433536 8.902628 -10.288611
v -6.462173 5.732274 -10.247999
v -6.462173 5.732274 -10.247999
v -6.433536 8.902628 -10.288611
v -6.479027 8.900331 -10.344283
v -6.507526 5.740566 -10.302683
v -6.464834 8.898928 -10.415552
v -6.401649 8.899466 -10.448748
v -6.429715 5.747178 -10.404219
v -6.493073 5.747195 -10.372202
v -6.365161 5.740523 -10.374619
v -6.337052 8.901554 -10.418871
v -6.310468 3.807626 -10.330125
v -6.267299 3.812764 -10.386464
v -6.381451 3.809983 -10.328834
v -6.426786 3.818067 -10.383571
v -6.349001 3.827330 -10.485097
v -6.412341 3.825779 -10.453106
v -6.284447 3.821533 -10.455438
v -6.381451 3.809983 -10.328834
v -6.362613 8.904083 -10.290457
v -6.331948 9.369209 -10.476692
v -6.445901 9.364262 -10.418160
v -6.445901 9.364262 -10.418160
v -6.491435 9.370769 -10.473789
v -6.477242 9.378186 -10.544452
v -6.414005 9.380933 -10.576928
v -6.349339 9.376929 -10.546774
v -6.374918 9.363560 -10.419452
v -6.378054 11.073290 -10.337282
v -6.418944 11.061064 -10.280709
v -6.488012 11.046975 -10.279374
v -6.533243 11.041629 -10.334284
v -6.520576 11.049046 -10.404097
v -6.459557 11.063646 -10.436227
v -6.396129 11.074443 -10.406498
v -6.767699 11.475084 -10.373519
v -6.725024 11.481167 -10.429954
v -6.603681 11.649128 -10.400701
v -6.837227 11.462788 -10.372167
v -6.713743 11.649128 -10.257157
v -6.881236 11.453526 -10.426921
v -6.837227 11.462788 -10.372167
v -6.894597 11.649128 -10.253709
v -6.866601 11.454279 -10.496543
v -7.010049 11.649128 -10.392955
v -6.811726 11.649128 -10.651611
v -6.804335 11.464487 -10.528613
v -6.647292 11.649128 -10.576244
v -6.741323 11.476453 -10.498979
v -6.488012 11.046975 -10.279374
v 6.016042 0.630628 10.573315
v 6.059237 0.629085 10.516984
v 6.023719 -0.180462 10.607386
v 6.130211 0.631390 10.515624
v 6.094702 -0.181122 10.606268
v 6.130211 0.631390 10.515624
v 6.175520 0.635809 10.570273
v 6.140011 -0.154546 10.651370
v 6.161049 0.639007 10.639775
v 6.125540 -0.120753 10.708732
v 6.097683 0.638582 10.671783
v 6.033155 0.634856 10.642210
v 5.997646 -0.119565 10.710751
v 5.980533 -0.153073 10.653883
v 6.298129 11.649130 10.436721
v 6.188067 11.649130 10.580264
v 6.231669 11.649130 10.755816
v 6.557549 11.649130 10.749603
v 6.594435 11.649130 10.572518
v 6.478975 11.649130 10.433272
v 5.925268 3.202745 10.516291
v 5.968437 3.196723 10.459969
v 6.039402 3.196888 10.458687
v 6.084729 3.203127 10.513414
v 6.070275 3.210743 10.582941
v 6.006944 3.213993 10.614907
v 5.942407 3.210431 10.585238
v 5.975568 5.728576 10.428905
v 5.932390 5.732241 10.485253
v 5.904065 8.903608 10.527997
v 6.017914 8.902630 10.468175
v 6.046560 5.732275 10.427563
v 6.046560 5.732275 10.427563
v 6.017914 8.902630 10.468175
v 6.063413 8.900333 10.523847
v 6.091903 5.740568 10.482246
v 6.049220 8.898930 10.595116
v 5.986035 8.899467 10.628311
v 6.014109 5.747179 10.583791
v 6.077459 5.747196 10.551773
v 5.949547 5.740524 10.554192
v 5.921438 8.901555 10.598443
v 5.972240 3.807628 10.509688
v 5.929072 3.812766 10.566028
v 6.043224 3.809984 10.508397
v 6.088559 3.818069 10.563134
v 6.010773 3.827332 10.664660
v 6.074122 3.825789 10.632679
v 5.946220 3.821535 10.635000
v 6.043224 3.809984 10.508397
v 5.947000 8.904085 10.470020
v 5.916334 9.369210 10.656256
v 6.030278 9.364263 10.597724
v 6.030278 9.364263 10.597724
v 6.075821 9.370770 10.653353
v 6.061628 9.378187 10.724015
v 5.998392 9.380934 10.756493
v 5.933725 9.376931 10.726337
v 5.959304 9.363561 10.599015
v 5.962440 11.073292 10.516846
v 6.003331 11.061066 10.460273
v 6.072399 11.046977 10.458938
v 6.117630 11.041631 10.513856
v 6.104961 11.049047 10.583660
v 6.043942 11.063648 10.615799
v 5.980515 11.074445 10.586061
v 6.352086 11.475086 10.553082
v 6.309402 11.481169 10.609517
v 6.188067 11.649130 10.580264
v 6.421613 11.462790 10.551730
v 6.298129 11.649130 10.436721
v 6.465622 11.453527 10.606484
v 6.421613 11.462790 10.551730
v 6.478975 11.649130 10.433272
v 6.450987 11.454281 10.676116
v 6.594435 11.649130 10.572518
v 6.396112 11.649130 10.831175
v 6.388721 11.464489 10.708184
v 6.231669 11.649130 10.755816
v 6.325709 11.476455 10.678542
v 6.072399 11.046977 10.458938
v -6.374008 0.630628 10.672216
v -6.417203 0.629085 10.728557
v -6.451108 -0.180462 10.638147
v -6.522083 -0.181122 10.639265
v -6.522083 -0.181122 10.639265
v -6.488177 0.631390 10.729907
v -6.533486 0.635809 10.675258
v -6.567400 -0.154555 10.594163
v -6.519016 0.639007 10.605756
v -6.552921 -0.120753 10.536802
v -6.455649 0.638582 10.573749
v -6.391121 0.634856 10.603321
v -6.425027 -0.119565 10.534792
v -6.407914 -0.153073 10.591651
v -6.615456 11.649130 10.665267
v -6.659058 11.649130 10.489725
v -7.021816 11.649130 10.673014
v -6.984938 11.649130 10.495936
v -6.725518 11.649130 10.808810
v -6.906364 11.649130 10.812260
v -6.352657 3.202745 10.729249
v -6.466784 3.196888 10.786845
v -6.488177 0.631390 10.729907
v -6.466784 3.196888 10.786845
v -6.512109 3.203127 10.732117
v -6.497665 3.210734 10.662589
v -6.434333 3.213984 10.630625
v -6.369796 3.210431 10.660294
v -6.349781 5.728576 10.816627
v -6.306603 5.732241 10.760278
v -6.331454 8.903608 10.717543
v -6.445303 8.902630 10.777356
v -6.420773 5.732275 10.817969
v -6.420773 5.732275 10.817969
v -6.445303 8.902630 10.777356
v -6.490794 8.900333 10.721685
v -6.466116 5.740568 10.763294
v -6.476609 8.898930 10.650415
v -6.413425 8.899467 10.617220
v -6.388313 5.747179 10.661750
v -6.451672 5.747196 10.693757
v -6.323751 5.740524 10.691349
v -6.348819 8.901555 10.647088
v -6.399630 3.807628 10.735844
v -6.356461 3.812766 10.679504
v -6.470613 3.809984 10.737134
v -6.515948 3.818069 10.682398
v -6.438154 3.827332 10.580871
v -6.501503 3.825780 10.612853
v -6.373609 3.821535 10.610530
v -6.395817 3.196715 10.785571
v -6.470613 3.809984 10.737134
v -6.374389 8.904085 10.775512
v -6.343715 9.369210 10.589275
v -6.457668 9.364263 10.647807
v -6.457668 9.364263 10.647807
v -6.503211 9.370770 10.592178
v -6.489017 9.378187 10.521516
v -6.425781 9.380934 10.489039
v -6.361115 9.376931 10.519194
v -6.386684 9.363561 10.646516
v -6.389830 11.073292 10.728686
v -6.430720 11.061066 10.785259
v -6.499788 11.046977 10.786594
v -6.545010 11.041631 10.731684
v -6.532351 11.049047 10.661871
v -6.471323 11.063648 10.629741
v -6.407897 11.074445 10.659470
v -6.779475 11.475086 10.692449
v -6.736792 11.481169 10.636014
v -6.615456 11.649130 10.665267
v -6.848994 11.462790 10.693801
v -6.725518 11.649130 10.808810
v -6.893012 11.453527 10.639047
v -6.848994 11.462790 10.693801
v -6.906364 11.649130 10.812260
v -6.878367 11.454281 10.569425
v -7.021816 11.649130 10.673014
v -6.823493 11.649130 10.414356
v -6.816102 11.464489 10.537355
v -6.659058 11.649130 10.489725
v -6.753090 11.476455 10.566990
v -6.499788 11.046977 10.786594
v 6.008286 -0.105193 -10.555585
v 6.018511 11.046975 -10.279374
v -6.457304 -0.105193 -10.555585
v -6.811726 11.649128 -10.651611
v -6.377621 3.196886 -10.279122
v -6.894597 11.649128 -10.253709
v -6.973171 11.649128 -10.570031
v 6.094702 -0.181122 10.606268
v 6.062174 -0.105191 10.735160
v 6.396112 11.649130 10.831175
v 6.039402 3.196888 10.458687
v 6.478975 11.649130 10.433272
v 6.557549 11.649130 10.749603
v -6.489563 -0.105191 10.510374
v -6.823493 11.649130 10.414356
v -6.906364 11.649130 10.812260
v -6.984938 11.649130 10.495936
vn -0.0000 -0.0000 -1.0000
vn -0.9985 0.0540 -0.0000
vn -0.0000 -0.0000 1.0000
vn -1.0000 -0.0000 -0.0000
vn 1.0000 -0.0000 -0.0000
vn 1.0000 -0.0000 0.0003
vn -1.0000 -0.0000 0.0088
vn -0.0000 0.6233 -0.7820
vn 0.7882 0.6155 -0.0000
vn -0.7882 0.6155 -0.0000
vn -0.0000 0.6155 -0.7882
vn -0.7882 0.6154 -0.0000
vn -0.0000 0.6154 0.7882
vn -0.0000 0.6155 0.7882
vn -0.7910 0.6118 0.0073
vn 0.0151 -0.0000 0.9999
vn -0.0301 -0.0000 0.9995
vn 1.0000 -0.0000 0.0004
vn -1.0000 -0.0000 0.0018
vn -0.8983 -0.4394 -0.0000
vn -0.0000 -0.4385 0.8987
vn -0.9010 -0.4338 -0.0000
vn -0.0000 -0.4287 -0.9035
vn -0.9023 -0.4312 -0.0000
vn -0.0000 -0.4434 0.8963
vn -0.9007 -0.4344 -0.0000
vn -0.0000 -0.4543 -0.8908
vn -0.9078 -0.4194 -0.0000
vn 0.8946 -0.4468 -0.0000
vn -0.0000 -1.0000 -0.0000
vn -0.0000 1.0000 0.0002
vn 0.0001 0.8923 0.4515
vn -0.0042 -1.0000 -0.0000
vn 1.0000 -0.0062 0.0023
vn -0.0000 1.0000 -0.0002
vn -0.0000 -1.0000 0.0004
vn -0.0000 0.8914 0.4533
vn -0.0000 0.8998 0.4364
vn 0.3059 0.9521 -0.0005
vn 0.3058 0.9521 -0.0000
vn 0.0003 0.8922 -0.4517
vn -1.0000 0.0010 -0.0005
vn -0.3457 0.9383 -0.0000
vn -0.0000 0.9004 -0.4352
vn -0.2644 0.9644 0.0002
vn -0.0000 1.0000 -0.0000
vn -0.0000 0.9855 -0.1694
vn -0.0000 0.8180 0.5752
vn -0.0000 0.8180 -0.5752
vn -0.0000 0.9855 0.1694
vn 1.0000 0.0065 -0.0000
vn -0.0499 -0.0000 -0.9988
vn 1.0000 -0.0095 -0.0000
vn 0.9703 -0.2420 -0.0000
vn 0.7347 -0.6784 -0.0000
vn 0.3189 -0.9478 -0.0000
vn -0.3114 -0.9503 -0.0000
vn -0.7215 -0.6924 -0.0000
vn -0.9551 -0.2961 -0.0000
vn -1.0000 0.0026 -0.0000
vn 1.0000 -0.0041 -0.0000
vn 0.9373 -0.3486 -0.0000
vn 0.7101 -0.7041 -0.0000
vn 0.3186 -0.9479 -0.0000
vn -0.2739 -0.9618 -0.0000
vn -0.7190 -0.6950 -0.0000
vn -0.9423 -0.3347 -0.0000
vn -1.0000 0.0057 -0.0000
vn -0.0455 -0.0000 -0.9990
vn 1.0000 0.0012 0.0003
vn 1.0000 0.0010 -0.0005
vn 1.0000 -0.0013 -0.0000
vn -0.0000 0.9999 -0.0127
vn -0.0000 -0.1385 0.9904
vn -0.0000 -0.7771 0.6294
vn -0.0000 -0.9610 0.2765
vn -0.0000 -0.9600 -0.2800
vn -0.0000 -0.7447 -0.6674
vn -0.0000 -0.2141 -0.9768
vn -0.0000 -0.6182 0.7860
vn -0.0000 -0.8717 0.4900
vn -0.0000 -0.9761 0.2172
vn -0.0000 -0.9711 -0.2385
vn -0.0000 -0.8191 -0.5737
vn -0.0000 -0.5137 -0.8580
vn -0.0000 -0.0126 -0.9999
vn -0.0000 -0.0018 1.0000
vn -0.0000 -0.4768 0.8790
vn -0.0000 -0.7854 0.6190
vn -0.0000 -0.9721 0.2346
vn -0.0000 -0.9741 -0.2262
vn -0.0000 -0.8391 -0.5440
vn -0.0000 -0.4217 -0.9068
vn -0.0000 0.0071 -1.0000
vn 1.0000 0.0003 -0.0000
vn -0.0052 -0.0045 1.0000
vn -0.0227 -0.9997 -0.0000
vn -0.0021 -0.0002 -1.0000
vn 0.0021 -0.0000 1.0000
vn -0.0025 -1.0000 -0.0000
vn 0.0019 0.0002 -1.0000
vn 0.0015 -0.0012 1.0000
vn 0.0005 -1.0000 0.0001
vn -0.2644 0.9644 -0.0002
vn 1.0000 -0.0000 -0.0012
vn 1.0000 0.0002 -0.0000
vn -0.0000 -0.0039 1.0000
vn -0.0000 0.0031 1.0000
vn -0.0021 -1.0000 -0.0000
vn 1.0000 -0.0046 -0.0000
vn -0.0000 -1.0000 0.0010
vn 0.0008 -0.0000 -1.0000
vn 0.0026 -0.0000 1.0000
vn -0.0001 -1.0000 -0.0000
vn 0.0005 -0.0000 -1.0000
vn 0.0020 1.0000 -0.0000
vn 0.0018 -0.0000 1.0000
vn 0.0338 -0.9994 -0.0000
vn 0.0122 0.9998 -0.0145
vn 0.0138 0.9762 -0.2163
vn -0.0049 0.9769 0.2136
vn 0.0129 -0.2686 0.9632
vn 0.0169 -0.2184 -0.9757
vn 0.0210 -0.2184 0.9756
vn 0.0098 -0.2686 -0.9632
vn 0.0197 0.9997 0.0145
vn 1.0000 -0.0002 -0.0000
vn 0.9670 -0.2549 -0.0000
vn 0.0235 -0.2793 0.9599
vn 0.0170 -0.2786 -0.9602
vn 0.9683 -0.2497 -0.0012
vn 0.0213 -0.2807 0.9595
vn 0.0349 -0.2823 -0.9587
vn 0.0366 -0.0000 -0.9993
vn 0.0364 -0.0000 0.9993
vn -0.8954 0.4452 -0.0000
vn -0.4784 0.8781 -0.0000
vn -0.1460 0.9893 -0.0000
vn 0.1461 0.9893 -0.0000
vn 0.4784 0.8781 -0.0000
vn 0.8954 0.4452 -0.0000
vn 0.8955 -0.4451 -0.0000
vn 0.4784 -0.8781 -0.0000
vn 0.1459 -0.9893 -0.0000
vn -0.1459 -0.9893 -0.0000
vn -0.4784 -0.8781 -0.0000
vn -0.8955 -0.4451 -0.0000
vn 0.3387 -0.9409 -0.0000
vn 0.3014 -0.9535 -0.0000
vn 0.0895 -0.9960 -0.0000
vn -0.0947 -0.9955 -0.0000
vn -0.3134 -0.9496 -0.0000
vn -0.2904 -0.9569 -0.0000
vn -0.0000 0.4451 -0.8955
vn -0.0000 0.8782 -0.4783
vn -0.0000 0.9893 -0.1460
vn -0.0000 0.9893 0.1460
vn -0.0000 0.8782 0.4783
vn -0.0000 0.4451 0.8955
vn -0.0000 -0.4451 0.8955
vn -0.0000 -0.8781 0.4784
vn -0.0000 -0.9893 0.1459
vn -0.0000 -0.9893 -0.1459
vn -0.0000 -0.8781 -0.4784
vn -0.0000 -0.4451 -0.8955
vn -0.0000 -0.9364 0.3509
vn -0.0000 -0.9475 0.3198
vn -0.0000 -0.9946 0.1038
vn -0.0000 -0.9941 -0.1087
vn -0.0000 -0.9501 -0.3120
vn -0.0000 -0.9431 -0.3325
vn -0.0005 -1.0000 -0.0000
vn -0.0007 -1.0000 -0.0000
vn 0.0033 -1.0000 0.0009
vn 0.0172 0.0010 -0.9999
vn 0.0031 -0.0000 1.0000
vn 0.0018 -0.0000 -1.0000
vn 0.0006 1.0000 -0.0000
vn 0.0031 0.0001 1.0000
vn 0.0022 -1.0000 0.0009
vn 0.0028 -0.0000 -1.0000
vn 0.0024 -0.0011 1.0000
vn 0.0009 -1.0000 -0.0000
vn 0.0014 -1.0000 -0.0000
vn 1.0000 -0.0000 -0.0003
vn 0.0346 -0.9994 0.0010
vn 0.0120 -0.0016 -0.9999
vn 0.0048 -0.0000 1.0000
vn 0.0002 -1.0000 -0.0000
vn 0.0022 -0.0000 -1.0000
vn 0.0008 1.0000 -0.0000
vn -0.0295 -0.9996 0.0010
vn 0.0079 -0.0000 -1.0000
vn 0.0034 -0.0000 1.0000
vn 0.0015 -1.0000 -0.0000
vn 0.0022 -1.0000 -0.0000
vn 0.0009 -1.0000 0.0001
vn 1.0000 0.0005 -0.0000
vn 1.0000 -0.0003 -0.0000
vn 0.0134 -0.0013 -0.9999
vn 0.0111 -0.0012 0.9999
vn 0.0016 -0.0013 -1.0000
vn 0.0029 0.0003 1.0000
vn 0.0055 -1.0000 0.0024
vn -0.0123 -0.0016 -0.9999
vn 0.0022 -0.0000 1.0000
vn 0.0019 -0.0000 -1.0000
vn 0.0014 -0.0000 1.0000
vn 0.0034 -1.0000 -0.0000
vn 0.0029 -0.0000 -1.0000
vn 0.0097 -0.0045 0.9999
vn 0.0016 -1.0000 -0.0000
vn 0.0023 -1.0000 -0.0000
vn 0.0043 -1.0000 0.0009
vn 0.0048 -0.0000 -1.0000
vn 0.0001 -1.0000 -0.0000
vn 0.0023 -0.0000 -1.0000
vn 0.0024 -0.0000 1.0000
vn 0.0033 -1.0000 0.0010
vn 0.0035 -0.0000 -1.0000
vn 0.0032 -1.0000 -0.0000
vn 1.0000 -0.0004 -0.0000
vn 1.0000 0.0001 0.0002
vn 1.0000 -0.0000 0.0005
vn 1.0000 -0.0002 -0.0005
vn 0.0040 -0.0002 -1.0000
vn 0.0020 0.0004 1.0000
vn 1.0000 -0.0002 0.0005
vn 1.0000 -0.0000 -0.0005
vn 1.0000 0.0001 -0.0002
vn 1.0000 0.0008 0.0017
vn 0.0039 -0.0030 1.0000
vn 0.0029 -0.0036 -1.0000
vn 1.0000 -0.0001 -0.0000
vn 0.0232 -0.0000 0.9997
vn 0.0056 -0.0002 -1.0000
vn 1.0000 0.0056 -0.0006
vn 0.0232 -0.0001 0.9997
vn 0.0097 -0.0000 -1.0000
vn 1.0000 0.0053 -0.0000
vn 0.0074 -0.0000 -1.0000
vn 0.0741 -0.9972 -0.0000
vn 0.0216 0.9997 -0.0130
vn -0.0000 0.9803 -0.1974
vn -0.0070 0.9810 0.1937
vn 0.0313 -0.2977 0.9542
vn 0.0251 -0.2429 -0.9697
vn 0.0357 -0.2428 0.9694
vn 0.0162 -0.2978 -0.9545
vn 0.0267 0.9996 0.0130
vn 0.9745 -0.2244 -0.0012
vn 0.0010 -0.3028 0.9530
vn 0.0160 -0.3018 -0.9533
vn 0.9759 -0.2183 -0.0012
vn -0.0013 -0.3042 0.9526
vn 0.0090 -0.3023 -0.9532
vn 0.0277 -0.0000 0.9996
vn -0.0278 -0.0183 -0.9994
vn 1.0000 0.0020 -0.0012
vn 0.0298 -0.0000 0.9996
vn 0.0346 -0.0000 -0.9994
vn 1.0000 0.0014 -0.0000
vn 0.0475 0.0001 0.9989
vn 0.0988 -0.0000 -0.9951
vn 1.0000 -0.0011 0.0004
vn 1.0000 0.0006 0.0010
vn 1.0000 0.0009 0.0006
vn 1.0000 0.0015 0.0004
vn 1.0000 0.0040 -0.0000
vn 1.0000 0.0016 -0.0004
vn 1.0000 0.0006 -0.0008
vn 1.0000 0.0010 0.0002
vn 1.0000 0.0009 -0.0000
vn 1.0000 -0.0000 0.0011
vn 1.0000 0.0004 -0.0002
vn 1.0000 -0.0000 0.0013
vn -0.0003 1.0000 0.0003
vn 0.9999 -0.0000 0.0109
vn 1.0000 -0.0024 -0.0000
vn 1.0000 0.0093 -0.0000
vn 0.9997 0.0053 -0.0236
vn 0.9999 -0.0000 -0.0107
vn 0.9999 -0.0000 0.0110
vn 0.9999 -0.0000 -0.0110
vn 1.0000 0.0002 -0.0006
vn -0.0013 -1.0000 -0.0000
vn -0.0018 -1.0000 -0.0000
vn 1.0000 -0.0000 -0.0015
vn 1.0000 -0.0008 -0.0000
vn 1.0000 -0.0003 -0.0007
vn 0.9997 0.0055 0.0245
vn 0.9999 -0.0000 -0.0108
vn 1.0000 -0.0007 0.0003
vn 1.0000 -0.0000 0.0001
vn 1.0000 0.0003 0.0001
vn 1.0000 0.0002 0.0014
vn 1.0000 -0.0003 0.0007
vn 1.0000 0.0003 0.0009
vn 1.0000 0.0037 0.0008
vn 0.0003 1.0000 -0.0003
vn 1.0000 -0.0059 -0.0000
vn 1.0000 -0.0074 -0.0006
vn 0.0124 -0.9999 -0.0000
vn -0.0004 -1.0000 -0.0004
vn 1.0000 0.0001 -0.0001
vn 1.0000 0.0001 0.0001
vn 1.0000 -0.0000 -0.0004
vn 0.0005 -0.0142 -0.9999
vn 0.0001 -1.0000 0.0075
vn 0.0002 1.0000 -0.0000
vn -0.0003 1.0000 -0.0000
vn -0.0000 0.0003 -1.0000
vn 1.0000 -0.0035 0.0040
vn -0.0000 -0.9997 0.0227
vn -1.0000 -0.0002 0.0016
vn 1.0000 -0.0000 -0.0018
vn -0.0000 -1.0000 0.0025
vn -1.0000 0.0002 -0.0016
vn 1.0000 -0.0011 -0.0013
vn 0.0001 -1.0000 -0.0005
vn 0.0005 1.0000 -0.0000
vn -0.0000 0.9996 -0.0270
vn -0.0000 -0.9994 -0.0338
vn -0.0171 0.9998 -0.0121
vn -0.2520 0.9676 -0.0137
vn 0.2488 0.9685 0.0048
vn 0.9729 -0.2308 -0.0111
vn -0.9822 -0.1871 -0.0145
vn 0.9822 -0.1871 -0.0179
vn -0.9730 -0.2308 -0.0085
vn 0.0170 0.9997 -0.0196
vn -0.0000 -0.0001 -1.0000
vn -0.0000 -0.0002 -1.0000
vn -0.0000 -0.0046 -1.0000
vn 0.0012 -1.0000 -0.0033
vn -0.9999 0.0008 -0.0146
vn 1.0000 -0.0000 -0.0026
vn -1.0000 -0.0000 -0.0016
vn -0.0000 1.0000 -0.0006
vn 1.0000 -0.0000 -0.0027
vn 0.0011 -1.0000 -0.0022
vn -1.0000 -0.0000 -0.0023
vn 1.0000 -0.0010 -0.0021
vn -0.0000 -1.0000 -0.0009
vn -0.0000 -1.0000 -0.0014
vn 0.0012 -0.9994 -0.0346
vn -0.9999 -0.0013 -0.0102
vn 1.0000 -0.0000 -0.0040
vn -1.0000 -0.0000 -0.0019
vn -0.0000 1.0000 -0.0007
vn 0.0011 -0.9996 0.0295
vn -1.0000 -0.0000 -0.0067
vn 1.0000 -0.0000 -0.0030
vn -0.0000 -1.0000 -0.0015
vn -0.0000 -1.0000 -0.0022
vn 0.0001 -1.0000 -0.0009
vn -0.0000 0.0005 -1.0000
vn -0.0000 -0.0003 -1.0000
vn -0.9999 -0.0011 -0.0114
vn 1.0000 -0.0011 -0.0094
vn -1.0000 -0.0011 -0.0013
vn 1.0000 0.0003 -0.0025
vn 0.0031 -1.0000 -0.0055
vn -1.0000 -0.0012 0.0094
vn 1.0000 -0.0000 -0.0017
vn -1.0000 -0.0000 -0.0015
vn -0.0000 1.0000 -0.0008
vn -0.0000 -1.0000 -0.0034
vn -1.0000 -0.0000 -0.0022
vn 1.0000 -0.0035 -0.0076
vn -0.0000 -1.0000 -0.0016
vn -0.0000 -1.0000 -0.0023
vn -0.0016 -0.0000 -1.0000
vn -0.0000 -0.0004 -1.0000
vn 0.0002 0.0001 -1.0000
vn 0.0007 -0.0000 -1.0000
vn -0.0000 0.0002 -1.0000
vn -0.0006 -0.0002 -1.0000
vn -1.0000 -0.0002 -0.0034
vn 1.0000 0.0003 -0.0017
vn 0.0010 -0.0002 -1.0000
vn -0.0012 -0.0000 -1.0000
vn -0.0004 0.0001 -1.0000
vn 0.0022 0.0006 -1.0000
vn 1.0000 -0.0023 -0.0030
vn -1.0000 -0.0028 -0.0023
vn 0.9998 -0.0000 -0.0197
vn -1.0000 -0.0002 -0.0048
vn -0.0000 0.0056 -1.0000
vn 0.9998 -0.0001 -0.0197
vn -1.0000 -0.0000 -0.0082
vn -0.0000 0.0053 -1.0000
vn -1.0000 -0.0000 -0.0064
vn -0.0000 0.0001 -1.0000
vn -0.0000 -0.9972 -0.0742
vn -0.0168 0.9996 -0.0216
vn -0.2515 0.9678 -0.0000
vn 0.2470 0.9690 0.0069
vn 0.9717 -0.2348 -0.0246
vn -0.9815 -0.1904 -0.0198
vn 0.9813 -0.1904 -0.0281
vn -0.9719 -0.2349 -0.0128
vn 0.0167 0.9995 -0.0266
vn 0.9998 -0.0000 -0.0214
vn -0.9997 -0.0141 0.0215
vn -0.0016 0.0020 -1.0000
vn 0.9997 -0.0000 -0.0230
vn -0.9996 -0.0000 -0.0268
vn -0.0000 0.0014 -1.0000
vn 0.9993 -0.0000 -0.0368
vn -0.9971 -0.0000 -0.0767
vn 0.0016 -0.0000 -1.0000
vn -0.0000 -0.0010 -1.0000
vn 0.0128 -0.0000 -0.9999
vn -0.0000 -0.0024 -1.0000
vn -0.0000 0.0093 -1.0000
vn -0.0278 0.0053 -0.9996
vn -0.0126 -0.0000 -0.9999
vn 0.0129 -0.0000 -0.9999
vn 0.0130 -0.0000 -0.9999
vn -0.0130 -0.0000 -0.9999
vn 0.0289 0.0055 -0.9996
vn -0.0127 -0.0000 -0.9999
vn 0.0004 -0.0007 -1.0000
vn 0.0001 -0.0000 -1.0000
vn 0.0001 0.0003 -1.0000
vn 0.0017 0.0002 -1.0000
vn 0.0009 -0.0003 -1.0000
vn 0.0015 -0.0000 -1.0000
vn 0.0011 0.0003 -1.0000
vn 0.0009 0.0037 -1.0000
vn -0.0000 -0.0059 -1.0000
vn 0.0001 -0.0002 -1.0000
vn -0.0010 1.0000 -0.0001
vn 0.0011 -1.0000 -0.0000
vn 0.0003 -0.0000 -1.0000
vn -0.0001 0.0001 -1.0000
vn -0.0011 -0.0000 -1.0000
vn -0.0025 -0.0000 -1.0000
vn 0.0001 -1.0000 -0.0001
vn -0.0012 1.0000 -0.0000
vn -0.0017 -0.0840 -0.9965
vn -0.0001 -0.9954 -0.0956
vn 0.0023 1.0000 0.0022
vn -0.0009 -1.0000 -0.0000
vn -0.0010 -0.0000 -1.0000
vn -0.0003 1.0000 -0.0003
vn -0.0000 0.0016 -1.0000
vn -0.0003 0.0006 -1.0000
vn -0.0000 0.0029 -1.0000
vn -0.0001 -1.0000 0.0094
vn 0.0047 -0.0000 -1.0000
vn -0.0007 -0.0075 -1.0000
vn -0.0000 -0.4514 -0.8923
vn -0.0006 -0.4516 -0.8922
vn -0.0000 0.6234 0.7819
vn -0.0499 -0.0000 0.9988
vn 0.9850 -0.1724 -0.0000
vn 0.7159 -0.6982 -0.0000
vn 0.3037 -0.9528 -0.0000
vn -0.2418 -0.9703 -0.0000
vn -0.7159 -0.6982 -0.0000
vn -0.9617 -0.2739 -0.0000
vn -1.0000 0.0054 -0.0000
vn 1.0000 0.0075 -0.0000
vn 0.9632 -0.2688 -0.0000
vn 0.7128 -0.7013 -0.0000
vn 0.3147 -0.9492 -0.0000
vn -0.3172 -0.9484 -0.0000
vn -0.7211 -0.6929 -0.0000
vn -0.9757 -0.2193 -0.0001
vn -1.0000 -0.0059 -0.0000
vn -0.0455 -0.0000 0.9990
vn -0.0000 0.0052 -1.0000
vn -0.0000 0.6233 0.7820
vn -0.0000 0.0031 -1.0000
vn 0.0005 -0.0142 0.9999
vn 0.0001 -1.0000 -0.0075
vn -0.0000 0.0003 1.0000
vn 1.0000 -0.0001 -0.0010
vn -0.0033 -0.9992 -0.0400
vn -1.0000 -0.0002 -0.0016
vn 1.0000 0.0002 0.0019
vn -0.0003 -1.0000 -0.0043
vn -1.0000 0.0002 0.0016
vn 1.0000 -0.0011 0.0013
vn 0.0001 -1.0000 0.0005
vn -0.0008 -0.0000 1.0000
vn 0.0019 -0.0000 1.0000
vn -0.0016 0.0303 0.9995
vn -0.0017 0.0291 0.9996
vn 0.0004 -0.0069 1.0000
vn -0.0000 -0.9994 0.0339
vn -0.0170 0.9998 0.0120
vn -0.2520 0.9676 0.0137
vn 0.2488 0.9685 -0.0048
vn 0.9729 -0.2308 0.0110
vn -0.9822 -0.1871 0.0145
vn 0.9822 -0.1871 0.0179
vn -0.9730 -0.2308 0.0085
vn 0.0171 0.9997 0.0197
vn -0.0000 -0.0002 1.0000
vn -0.0000 -0.0046 1.0000
vn 0.0012 -1.0000 0.0033
vn -1.0000 -0.0013 0.0024
vn 0.9998 -0.0028 0.0184
vn -1.0000 -0.0000 0.0016
vn -0.0000 1.0000 0.0006
vn 1.0000 -0.0000 0.0027
vn 0.0011 -1.0000 0.0022
vn -1.0000 -0.0000 0.0023
vn 1.0000 -0.0010 0.0021
vn -0.0000 -1.0000 0.0009
vn -0.0000 -1.0000 0.0014
vn 0.0012 -0.9994 0.0346
vn -0.9999 -0.0013 0.0102
vn 0.9998 -0.0028 0.0199
vn -1.0000 -0.0000 0.0019
vn 1.0000 -0.0000 0.0026
vn 0.0011 -0.9996 -0.0295
vn -1.0000 -0.0006 0.0032
vn 1.0000 -0.0010 0.0086
vn -0.0000 -1.0000 0.0015
vn -0.0000 -1.0000 0.0022
vn 0.0001 -1.0000 0.0009
vn -0.0000 0.0005 1.0000
vn -0.0000 -0.0003 1.0000
vn -0.9999 -0.0011 0.0114
vn 1.0000 -0.0011 0.0094
vn -1.0000 -0.0011 0.0013
vn 0.0031 -1.0000 0.0055
vn -1.0000 -0.0012 -0.0094
vn 0.9999 -0.0028 0.0171
vn -1.0000 -0.0000 0.0015
vn -0.0000 1.0000 0.0008
vn 1.0000 -0.0000 0.0012
vn -0.0000 -1.0000 0.0034
vn -1.0000 -0.0000 0.0022
vn 1.0000 -0.0009 -0.0067
vn -0.0000 -1.0000 0.0016
vn -0.0000 -1.0000 0.0023
vn -0.0016 -0.0000 1.0000
vn -0.0000 -0.0004 1.0000
vn 0.0002 0.0001 1.0000
vn 0.0007 -0.0000 1.0000
vn -0.0000 0.0002 1.0000
vn -0.0006 -0.0002 1.0000
vn -1.0000 -0.0002 0.0034
vn 1.0000 0.0003 0.0017
vn 0.0010 -0.0002 1.0000
vn -0.0012 -0.0000 1.0000
vn -0.0004 0.0001 1.0000
vn 0.0003 0.0001 1.0000
vn 1.0000 -0.0023 0.0030
vn -1.0000 -0.0028 0.0023
vn 0.9998 -0.0000 0.0197
vn -1.0000 -0.0000 0.0064
vn -0.0000 0.0056 1.0000
vn 0.9998 -0.0001 0.0197
vn -1.0000 -0.0000 0.0082
vn -0.0000 0.0053 1.0000
vn -0.0000 0.0001 1.0000
vn -0.0000 -0.9972 0.0742
vn -0.0167 0.9996 0.0215
vn 0.2470 0.9690 -0.0069
vn 0.9717 -0.2348 0.0247
vn -0.9815 -0.1904 0.0197
vn 0.9813 -0.1904 0.0281
vn -0.9719 -0.2349 0.0127
vn 0.0167 0.9995 0.0267
vn -0.0000 -0.0001 1.0000
vn 0.9998 -0.0000 0.0214
vn -0.9964 -0.0000 0.0851
vn -0.0000 0.0022 1.0000
vn -0.9997 -0.0000 0.0250
vn -0.0000 0.0014 1.0000
vn 0.9993 -0.0000 0.0368
vn -0.9964 0.0002 0.0852
vn 0.0015 -0.0000 1.0000
vn -0.0000 -0.0011 1.0000
vn 0.0128 -0.0000 0.9999
vn -0.0000 -0.0024 1.0000
vn -0.0000 0.0093 1.0000
vn -0.0277 0.0053 0.9996
vn -0.0125 -0.0000 0.9999
vn 0.0129 -0.0000 0.9999
vn -0.0130 -0.0000 0.9999
vn 0.0288 0.0055 0.9996
vn -0.0127 -0.0000 0.9999
vn 0.0004 -0.0007 1.0000
vn 0.0001 -0.0000 1.0000
vn 0.0001 0.0003 1.0000
vn 0.0016 0.0002 1.0000
vn 0.0009 -0.0003 1.0000
vn 0.0011 0.0003 1.0000
vn 0.0004 -0.0001 1.0000
vn -0.0000 -0.0059 1.0000
vn -0.0014 -0.0000 1.0000
vn -0.0010 1.0000 0.0001
vn 0.0003 -0.0000 1.0000
vn -0.0001 0.0001 1.0000
vn -0.0025 0.0060 1.0000
vn -0.0011 -0.0000 1.0000
vn 0.0001 -1.0000 0.0001
vn -0.0001 -0.9925 0.1220
vn -0.0001 -0.9828 0.1846
vn 0.0014 0.0288 0.9996
vn -0.0001 -1.0000 -0.0020
vn 0.0023 1.0000 -0.0024
vn -0.0009 -0.0000 1.0000
vn -0.0000 0.0017 1.0000
vn -0.0000 -0.0058 -1.0000
vn -0.0003 0.0006 1.0000
vn -0.0001 -1.0000 -0.0094
vn 0.0047 -0.0000 1.0000
vn 0.0008 -0.0000 1.0000
vn -0.0006 -0.0074 1.0000
vn -0.0000 -0.4510 0.8925
vn -0.0006 -0.4512 0.8924
vn -0.0000 1.0000 0.0052
vn 1.0000 0.0003 0.0005
vn -1.0000 0.0005 0.0011
vn -0.0000 -0.6413 0.7673
vn -0.0000 0.6630 0.7486
vn 0.8377 0.5461 -0.0000
vn 0.8152 -0.5791 -0.0000
vn 0.7990 0.6014 -0.0000
vn -0.0004 0.5837 -0.8119
vn -0.0002 -0.0005 -1.0000
vn -0.0000 -0.6413 -0.7673
vn -0.0000 0.6630 -0.7486
vn -0.0000 0.8923 0.4515
vn -0.0000 0.8922 0.4516
vn -0.0003 0.8913 0.4533
vn -0.0011 0.8912 0.4536
vn 0.0013 0.8923 -0.4515
vn -0.0000 1.0000 -0.0053
vn 1.0000 0.0003 -0.0005
vn -1.0000 0.0005 -0.0011
vn -0.0014 0.8923 -0.4515
vn -0.0000 0.8970 -0.4421
vn 0.0008 0.8915 -0.4531
vn -0.0028 0.8910 -0.4540
vn -0.9999 -0.0105 0.0001
vn -0.0002 -0.0005 1.0000
vn -0.0003 0.5838 0.8119
vn -0.0004 -0.0037 1.0000
vn -0.0002 -0.0004 1.0000
vn 1.0000 -0.0005 0.0003
vn -0.0002 -0.0004 -1.0000
vn 0.3059 0.9521 0.0001
vn -0.9999 -0.0106 -0.0000
vn 1.0000 -0.0003 -0.0004
vn 0.3061 0.9520 -0.0000
vn 0.3104 0.9506 -0.0008
vn 0.3058 0.9521 0.0001
vn 0.3058 0.9521 -0.0001
vn 0.3059 0.9521 -0.0001
vn 1.0000 0.0012 -0.0003
vn 1.0000 0.0056 0.0009
vn 1.0000 0.0038 -0.0000
vn 1.0000 0.0028 -0.0001
vn 1.0000 0.0037 -0.0000
vn 1.0000 -0.0035 -0.0040
vn -1.0000 -0.0048 -0.0057
vn 1.0000 -0.0000 0.0018
vn -0.0073 -0.0062 -1.0000
vn -1.0000 -0.0048 0.0057
vn -0.0072 -0.0000 -1.0000
vn -0.0008 -0.0142 -0.9999
vn 0.9999 -0.0123 -0.0006
vn 0.9999 -0.0111 -0.0006
vn -1.0000 -0.0000 0.0093
vn -1.0000 -0.0056 0.0019
vn -0.0000 0.6232 -0.7820
vn -0.8260 0.5637 0.0072
vn -0.9008 -0.4343 -0.0004
vn -0.0054 1.0000 -0.0000
vn -0.0000 0.8922 0.4517
vn 0.0123 -0.9999 -0.0000
vn -0.0008 0.8921 0.4519
vn -0.0005 0.9001 0.4356
vn 0.3060 0.9520 -0.0001
vn -0.0000 0.8924 -0.4513
vn -0.4157 0.9058 0.0816
vn 0.0003 0.9001 -0.4356
vn -0.6858 -0.7278 -0.0000
vn -0.4155 0.9059 -0.0815
vn -0.0000 -0.2140 -0.9768
vn -0.0400 -0.9992 -0.0026
vn -0.0043 -1.0000 -0.0003
vn 0.0012 -1.0000 -0.0000
vn 0.0031 0.0003 -1.0000
vn -0.6761 -0.7368 -0.0000
vn 1.0000 -0.0068 0.0003
vn -0.0012 -1.0000 -0.0000
vn 0.0098 -0.0016 -1.0000
vn 0.0214 -0.0034 0.9998
vn 0.0019 1.0000 -0.0000
vn 0.0049 -0.0007 -1.0000
vn 0.0087 -0.0012 1.0000
vn 0.0339 -0.9994 -0.0000
vn 0.0121 0.9998 -0.0145
vn -0.0056 0.9768 -0.2141
vn -0.0112 0.9767 0.2142
vn 0.0170 -0.2184 -0.9757
vn 0.9667 -0.2560 -0.0012
vn 0.9680 -0.2508 -0.0000
vn -0.4410 0.0109 0.8974
vn -0.4492 0.0111 -0.8933
vn 0.1460 0.9893 -0.0000
vn 0.3015 -0.9535 -0.0000
vn -0.0000 -0.9941 -0.1088
vn -0.0007 -1.0000 -0.0001
vn -0.0007 -1.0000 0.0001
vn 0.0028 -0.0015 -1.0000
vn 0.0217 -0.0033 0.9998
vn 0.0068 -0.0007 -1.0000
vn 0.0148 0.0010 0.9999
vn 0.0014 -1.0000 0.0002
vn 0.0014 -1.0000 -0.0003
vn 0.0335 -0.9994 -0.0000
vn 0.0031 -0.0000 -1.0000
vn 0.0234 -0.0033 0.9997
vn -0.0306 -0.9995 -0.0000
vn 0.0037 -0.0007 -1.0000
vn 0.0101 -0.0012 0.9999
vn 0.0022 -1.0000 0.0004
vn 0.0025 -1.0000 -0.0000
vn 0.0132 -0.0061 -0.9999
vn 0.0220 -0.0036 0.9998
vn 0.0072 -0.0008 -1.0000
vn -0.0087 -0.0012 1.0000
vn 0.0023 -1.0000 0.0004
vn 0.0022 -1.0000 -0.0004
vn 0.0143 -0.0017 -0.9999
vn 0.0233 -0.0036 0.9997
vn 0.0021 1.0000 -0.0000
vn 0.0021 -1.0000 -0.0000
vn 0.0078 -0.0008 -1.0000
vn 0.0093 -0.0013 1.0000
vn 0.0032 -1.0000 0.0005
vn 0.0032 -1.0000 -0.0006
vn 1.0000 0.0003 -0.0003
vn 1.0000 -0.0000 -0.0006
vn 1.0000 -0.0001 -0.0002
vn 0.0223 -0.0001 0.9998
vn 1.0000 0.0057 -0.0000
vn 0.0268 -0.0000 0.9996
vn 0.0174 -0.0002 -0.9998
vn 1.0000 0.0054 -0.0006
vn 0.0257 -0.0000 0.9997
vn 0.0127 -0.0001 -0.9999
vn 0.0742 -0.9972 -0.0000
vn 0.0030 0.9803 -0.1977
vn -0.0000 0.9812 0.1930
vn 0.0312 -0.2977 0.9542
vn 0.0161 -0.2978 -0.9545
vn 0.9742 -0.2256 -0.0000
vn 0.9756 -0.2195 -0.0000
vn 0.0074 -0.0027 1.0000
vn 0.1097 -0.0000 -0.9940
vn 1.0000 0.0022 -0.0000
vn 0.0321 -0.0001 -0.9995
vn 1.0000 0.0015 -0.0012
vn 0.0451 -0.0000 0.9990
vn 0.1097 0.0002 -0.9940
vn 1.0000 -0.0030 -0.0000
vn -0.0000 1.0000 0.0003
vn 1.0000 0.0005 -0.0007
vn -0.0019 -1.0000 -0.0000
vn 1.0000 -0.0004 -0.0005
vn 1.0000 -0.0000 0.0015
vn 1.0000 -0.0001 0.0003
vn 0.0127 -0.9999 -0.0000
vn 0.0128 -0.9999 -0.0000
vn 1.0000 -0.0000 -0.0011
vn -0.0025 -1.0000 -0.0001
vn 1.0000 0.0015 -0.0017
vn -0.0000 1.0000 0.0053
vn -0.0033 -0.9992 0.0400
vn -0.0003 -1.0000 0.0043
vn -0.0000 -1.0000 -0.0011
vn -1.0000 0.0003 -0.0025
vn 0.0292 0.5700 -0.8211
vn -0.0016 0.0304 -0.9995
vn -0.0017 0.0291 -0.9996
vn 0.0001 0.0010 -1.0000
vn 0.0004 -0.0069 -1.0000
vn -0.0170 0.9998 -0.0120
vn -0.2495 0.9684 0.0055
vn 0.2496 0.9683 0.0111
vn 0.9729 -0.2308 -0.0110
vn 0.9822 -0.1871 -0.0180
vn 0.0171 0.9997 -0.0197
vn -0.0000 -1.0000 -0.0021
vn -1.0000 -0.0013 -0.0024
vn 0.9998 -0.0028 -0.0184
vn -0.0000 -1.0000 -0.0012
vn -1.0000 -0.0006 -0.0058
vn 0.9999 0.0009 -0.0127
vn 0.0003 -1.0000 -0.0014
vn -0.0003 -1.0000 -0.0014
vn -0.0000 -0.9994 -0.0335
vn -1.0000 -0.0000 -0.0026
vn 0.9998 -0.0028 -0.0199
vn -0.0000 -0.9995 0.0305
vn -1.0000 -0.0006 -0.0032
vn 1.0000 -0.0010 -0.0086
vn 0.0005 -1.0000 -0.0022
vn -0.0000 -1.0000 -0.0025
vn -0.9999 -0.0048 -0.0105
vn 0.9999 -0.0028 -0.0171
vn -1.0000 -0.0006 -0.0055
vn 1.0000 -0.0009 0.0067
vn 0.0005 -1.0000 -0.0023
vn -0.0009 -1.0000 -0.0022
vn -0.0022 -0.0001 -1.0000
vn -0.0003 0.0003 -1.0000
vn 0.0003 0.0001 -1.0000
vn 0.9998 -0.0001 -0.0191
vn -0.0007 0.0057 -1.0000
vn 0.9997 -0.0000 -0.0229
vn -0.9999 -0.0001 -0.0148
vn -0.0007 0.0054 -1.0000
vn 0.9998 -0.0000 -0.0219
vn -0.9999 -0.0001 -0.0109
vn -0.0167 0.9996 -0.0215
vn -0.2519 0.9677 -0.0030
vn 0.2461 0.9692 -0.0000
vn 0.9717 -0.2348 -0.0247
vn -0.9815 -0.1904 -0.0197
vn 0.9813 -0.1904 -0.0280
vn -0.9719 -0.2349 -0.0127
vn 0.0167 0.9995 -0.0267
vn 1.0000 -0.0021 -0.0056
vn -0.9964 -0.0000 -0.0851
vn -0.0000 0.0022 -1.0000
vn -0.9997 -0.0000 -0.0250
vn -0.0016 0.0015 -1.0000
vn 0.9994 -0.0000 -0.0350
vn -0.9964 0.0002 -0.0852
vn -0.0008 -0.0000 -1.0000
vn -0.0000 0.0094 -1.0000
vn 0.0004 -0.0001 -1.0000
vn -0.0014 -0.0000 -1.0000
vn -0.0010 1.0000 -0.0000
vn 0.0010 -1.0000 -0.0000
vn -0.0022 0.0014 -1.0000
vn -0.0001 -0.9827 -0.1849
vn 0.0019 0.0288 -0.9996
vn 0.0138 -0.0000 -0.9999
vn -0.0000 -1.0000 0.0043
vn -0.0005 -1.0000 0.0019
vn 0.0008 1.0000 0.0053
vn -0.0000 -1.0000 0.0018
vn 0.0004 -0.4251 -0.9051
vn -0.9757 -0.2192 -0.0000
vn -1.0000 -0.0059 -0.0001
vn -0.0000 -0.9997 -0.0227
vn -0.0000 -1.0000 0.0011
vn -1.0000 0.0003 0.0025
vn -0.0070 -0.1263 0.9920
vn 0.0292 0.5701 0.8211
vn -0.0000 0.9996 0.0278
vn 0.0001 0.0015 1.0000
vn -0.0171 0.9998 0.0121
vn -0.2495 0.9684 -0.0055
vn 0.2496 0.9683 -0.0111
vn 0.9729 -0.2308 0.0111
vn 0.9822 -0.1871 0.0180
vn 0.0170 0.9997 0.0196
vn -0.0000 -1.0000 0.0021
vn -0.9999 0.0008 0.0146
vn -0.0000 -1.0000 0.0012
vn -1.0000 -0.0006 0.0058
vn 0.9999 0.0009 0.0127
vn 0.0003 -1.0000 0.0014
vn -0.0003 -1.0000 0.0014
vn -0.0000 -0.9994 0.0335
vn -1.0000 -0.0000 0.0026
vn 1.0000 -0.0000 0.0040
vn -0.0000 1.0000 0.0007
vn -0.0000 -0.9995 -0.0305
vn -1.0000 -0.0000 0.0067
vn 1.0000 -0.0000 0.0030
vn 0.0005 -1.0000 0.0022
vn 1.0000 0.0003 0.0025
vn -0.9999 -0.0048 0.0105
vn 1.0000 -0.0000 0.0017
vn -1.0000 -0.0006 0.0055
vn 1.0000 -0.0035 0.0076
vn 0.0005 -1.0000 0.0023
vn -0.0009 -1.0000 0.0022
vn -0.0022 -0.0001 1.0000
vn -0.0003 0.0003 1.0000
vn 0.0023 0.0006 1.0000
vn 0.9998 -0.0001 0.0191
vn -1.0000 -0.0002 0.0048
vn -0.0007 0.0057 1.0000
vn 0.9997 -0.0000 0.0229
vn -0.9999 -0.0001 0.0148
vn -0.0007 0.0054 1.0000
vn 0.9998 -0.0000 0.0219
vn -0.9999 -0.0001 0.0109
vn -0.0168 0.9996 0.0216
vn -0.2519 0.9677 0.0030
vn 0.9717 -0.2348 0.0246
vn 0.9813 -0.1904 0.0280
vn 0.0167 0.9995 0.0266
vn 1.0000 -0.0021 0.0056
vn -0.9997 -0.0141 -0.0215
vn -0.0016 0.0020 1.0000
vn 0.9997 -0.0000 0.0230
vn -0.9996 -0.0000 0.0268
vn -0.0016 0.0015 1.0000
vn 0.9994 -0.0000 0.0350
vn -0.9971 -0.0000 0.0767
vn -0.0000 -0.0023 1.0000
vn 0.0009 0.0037 1.0000
vn 0.0001 -0.0002 1.0000
vn -0.0024 0.0015 1.0000
vn 0.0105 -0.0000 0.9999
vn -0.0017 -0.0671 0.9977
vn -0.0008 -1.0000 -0.0005
vn 0.0008 1.0000 -0.0053
vn -0.0000 0.0029 1.0000
vn -0.0000 -1.0000 -0.0018
vn 0.0004 -0.4247 0.9053
vn -0.0004 0.5832 -0.8123
vn -0.0005 -0.0039 -1.0000
vn -0.0000 0.8919 0.4522
vn 0.0011 0.8921 -0.4519
vn -0.0000 1.0000 -0.0052
vn -0.0000 0.8969 -0.4422
vn -0.0000 0.8892 -0.4576
vn -0.9999 -0.0107 -0.0000
vn -0.0003 0.5833 0.8122
vn 0.3065 0.9519 0.0006
vn 1.0000 0.0003 -0.0002
vn 0.0023 0.0002 1.0000
vn -0.0013 -0.0001 1.0000
vn 1.0000 -0.0001 0.0010
vn 1.0000 0.0002 -0.0019
vn 0.9999 -0.0123 -0.0012
vn 0.9999 -0.0111 -0.0012
vn 1.0000 -0.0074 -0.0012
vn 1.0000 -0.0062 -0.0012
vn -0.0000 -0.9998 0.0206
vn 0.0194 -0.9998 -0.0000
vn -0.0000 -0.9998 -0.0206
vn 0.0006 -1.0000 -0.0000
vn -0.0000 -1.0000 -0.0039
vn -0.0000 0.0026 -1.0000
vn -0.0000 1.0000 0.0078
vn -1.0000 -0.0005 0.0047
vn -0.0000 -1.0000 0.0003
vn 0.0007 1.0000 -0.0000
vn -1.0000 -0.0005 -0.0047
vn -0.0000 -1.0000 -0.0007
vn 0.0005 -1.0000 -0.0000
vn -1.0000 -0.0002 -0.0000
vn -0.0000 -1.0000 0.0007
vn 0.0009 1.0000 0.0038
vn -0.0001 -0.0001 -1.0000
vn -0.0000 -1.0000 -0.0003
vn -0.0001 -0.0001 1.0000
vn -0.0000 -0.8616 -0.5075
vn -0.0000 -0.8616 -0.5076
vn -0.0000 -0.8615 -0.5077
vn -0.0001 -0.8615 -0.5077
vn -0.0000 -0.8616 0.5076
vn -0.0000 -0.8615 0.5077
vn 0.0001 -0.8616 0.5076
vn -0.0002 -0.8615 -0.5077
vn 0.0001 -0.8616 -0.5076
vn -0.0000 -0.8616 0.5075
vn 0.0001 -0.8616 -0.5075
vn -0.7909 -0.1005 0.6036
vn -0.0153 -0.1115 0.9936
vn 0.7708 -0.0388 0.6359
vn 0.9777 0.0625 -0.2007
vn 0.4481 0.1006 -0.8883
vn -0.4188 0.0635 -0.9059
vn -0.9701 -0.0171 -0.2420
vn -0.7937 -0.0201 0.6080
vn -0.0179 -0.0223 0.9996
vn 0.7706 -0.0077 0.6372
vn 0.9793 0.0126 -0.2021
vn 0.4514 0.0235 -0.8920
vn -0.4173 0.0166 -0.9086
vn -0.9705 -0.0027 -0.2412
vn -0.7937 0.0011 0.6083
vn -0.0258 0.0127 0.9996
vn 0.7746 0.0151 0.6323
vn 0.9807 0.0063 -0.1953
vn 0.4650 -0.0080 -0.8853
vn -0.4153 -0.0165 -0.9095
vn -0.9700 -0.0120 -0.2428
vn -0.7946 -0.0242 0.6066
vn -0.0167 -0.0420 0.9990
vn 0.7716 -0.0281 0.6355
vn 0.9792 0.0068 -0.2028
vn 0.4512 0.0368 -0.8916
vn -0.4201 0.0389 -0.9067
vn -0.9707 0.0118 -0.2398
vn -0.7897 0.0548 0.6111
vn -0.0208 0.0812 0.9965
vn 0.7658 0.0472 0.6413
vn 0.9783 -0.0227 -0.2058
vn 0.4481 -0.0748 -0.8908
vn -0.4134 -0.0711 -0.9078
vn -0.9700 -0.0137 -0.2426
vn -0.7908 0.1818 0.5844
vn -0.0202 0.2707 0.9624
vn 0.7548 0.1584 0.6365
vn 0.9754 -0.0821 -0.2045
vn 0.4346 -0.2444 -0.8668
vn -0.4151 -0.2241 -0.8818
vn -0.9704 -0.0390 -0.2383
vn -0.8007 -0.0273 0.5985
vn -0.0173 -0.0810 0.9966
vn 0.7664 -0.0725 0.6383
vn 0.9837 -0.0096 -0.1794
vn 0.4765 0.0613 -0.8770
vn -0.4106 0.0870 -0.9077
vn -0.9667 0.0474 -0.2515
vn -0.6645 -0.5467 0.5095
vn -0.0161 -0.5329 0.8460
vn 0.6018 -0.5521 0.5771
vn 0.8355 -0.5188 -0.1812
vn 0.3896 -0.5038 -0.7710
vn -0.3590 -0.5074 -0.7833
vn -0.8188 -0.5369 -0.2034
vn -0.5919 0.6204 0.5145
vn 0.0172 0.2049 0.9786
vn 0.6688 -0.4256 0.6095
vn 0.7356 -0.6578 -0.1617
vn 0.3232 -0.4641 -0.8247
vn -0.4013 0.1364 -0.9058
vn -0.7661 0.6141 -0.1897
vn 0.7894 -0.1208 0.6019
vn 0.0167 -0.1121 0.9936
vn -0.7704 -0.0190 0.6372
vn -0.9760 0.0882 -0.1991
vn -0.4474 0.1128 -0.8872
vn 0.4185 0.0519 -0.9067
vn 0.9690 -0.0429 -0.2433
vn 0.7936 -0.0311 0.6076
vn 0.0183 -0.0226 0.9996
vn -0.7700 0.0030 0.6381
vn -0.9789 0.0263 -0.2026
vn -0.4505 0.0297 -0.8923
vn 0.4171 0.0108 -0.9088
vn 0.9701 -0.0162 -0.2420
vn 0.7937 0.0011 0.6083
vn 0.0196 0.0126 0.9997
vn -0.7746 0.0151 0.6323
vn -0.9807 0.0063 -0.1954
vn -0.4510 -0.0086 -0.8925
vn 0.4153 -0.0165 -0.9095
vn 0.9700 -0.0120 -0.2428
vn 0.7934 0.0078 0.6086
vn 0.0167 -0.0413 0.9990
vn -0.7728 -0.0590 0.6319
vn -0.9779 -0.0324 -0.2064
vn -0.4511 0.0186 -0.8923
vn 0.4210 0.0558 -0.9053
vn 0.9707 0.0507 -0.2349
vn 0.7897 0.0548 0.6110
vn 0.0208 0.0812 0.9965
vn -0.7659 0.0472 0.6413
vn -0.9783 -0.0227 -0.2057
vn -0.4481 -0.0748 -0.8908
vn 0.4135 -0.0710 -0.9077
vn 0.9700 -0.0137 -0.2426
vn 0.7909 0.1818 0.5843
vn 0.0195 0.2706 0.9625
vn -0.7549 0.1584 0.6364
vn -0.9754 -0.0820 -0.2045
vn -0.4346 -0.2444 -0.8668
vn 0.4151 -0.2241 -0.8818
vn 0.9704 -0.0390 -0.2382
vn 0.8007 -0.0273 0.5984
vn 0.0173 -0.0810 0.9966
vn -0.7759 -0.0711 0.6268
vn -0.9837 -0.0096 -0.1795
vn -0.4581 0.0617 -0.8868
vn 0.4254 0.0862 -0.9009
vn 0.9707 0.0456 -0.2359
vn 0.6826 -0.5723 0.4545
vn 0.1178 -0.5769 0.8083
vn -0.6018 -0.5521 0.5771
vn -0.8355 -0.5187 -0.1812
vn -0.3160 -0.5347 -0.7837
vn 0.4380 -0.5550 -0.7072
vn 0.8188 -0.5369 -0.2034
vn 0.5756 0.6075 0.5473
vn -0.0219 0.2002 0.9795
vn -0.6738 -0.4349 0.5974
vn -0.7217 -0.6622 -0.2013
vn -0.3232 -0.4641 -0.8247
vn 0.4013 0.1364 -0.9057
vn 0.7661 0.6141 -0.1898
vn -0.7936 -0.0330 -0.6076
vn -0.0155 -0.1103 -0.9938
vn 0.7698 -0.1039 -0.6298
vn 0.9785 -0.0230 0.2048
vn 0.4497 0.0599 0.8912
vn -0.4193 0.1017 0.9021
vn -0.9692 0.0682 0.2366
vn -0.7934 -0.0415 -0.6073
vn -0.0184 -0.0228 -0.9996
vn 0.7694 0.0131 -0.6387
vn 0.9786 0.0390 0.2020
vn 0.4504 0.0356 0.8921
vn -0.4169 0.0054 0.9089
vn -0.9697 -0.0288 0.2426
vn -0.7937 0.0011 -0.6083
vn -0.0196 0.0126 -0.9997
vn 0.7745 0.0151 -0.6324
vn 0.9807 0.0063 0.1954
vn 0.4511 -0.0086 0.8925
vn -0.4153 -0.0165 0.9095
vn -0.9700 -0.0120 0.2428
vn -0.7946 -0.0242 -0.6066
vn -0.0167 -0.0420 -0.9990
vn 0.7716 -0.0281 -0.6355
vn 0.9792 0.0068 0.2028
vn 0.4511 0.0368 0.8917
vn -0.4201 0.0389 0.9067
vn -0.9707 0.0118 0.2399
vn -0.7897 0.0547 -0.6111
vn -0.0208 0.0812 -0.9965
vn 0.7659 0.0472 -0.6413
vn 0.9784 -0.0227 0.2056
vn 0.4480 -0.0749 0.8909
vn -0.4134 -0.0711 0.9078
vn -0.9700 -0.0137 0.2427
vn -0.7910 0.1818 -0.5843
vn -0.0195 0.2706 -0.9625
vn 0.7548 0.1584 -0.6365
vn 0.9754 -0.0820 0.2045
vn 0.4346 -0.2444 0.8668
vn -0.4150 -0.2241 0.8818
vn -0.9704 -0.0390 0.2382
vn -0.8007 -0.0273 -0.5984
vn -0.0173 -0.0810 -0.9966
vn 0.7759 -0.0711 -0.6269
vn 0.9837 -0.0096 0.1796
vn 0.4581 0.0617 0.8868
vn -0.4254 0.0862 0.9009
vn -0.9707 0.0456 0.2359
vn -0.6826 -0.5723 -0.4546
vn -0.1177 -0.5769 -0.8083
vn 0.6018 -0.5521 -0.5771
vn 0.8355 -0.5187 0.1812
vn 0.3160 -0.5347 0.7837
vn -0.4380 -0.5550 0.7071
vn -0.8188 -0.5369 0.2034
vn -0.5756 0.6075 -0.5473
vn 0.0219 0.2002 -0.9795
vn 0.6738 -0.4350 -0.5973
vn 0.7217 -0.6622 0.2013
vn 0.3233 -0.4642 0.8246
vn -0.4014 0.1365 0.9057
vn -0.7661 0.6141 0.1898
vn 0.7909 -0.1005 0.6036
vn 0.0167 -0.1117 0.9936
vn -0.7708 -0.0388 0.6359
vn -0.9777 0.0625 -0.2007
vn -0.4480 0.1006 -0.8883
vn 0.4188 0.0635 -0.9059
vn 0.9701 -0.0171 -0.2420
vn 0.7937 -0.0201 0.6080
vn 0.0183 -0.0223 0.9996
vn -0.7706 -0.0077 0.6373
vn -0.9790 0.0126 -0.2032
vn -0.4506 0.0234 -0.8924
vn 0.4174 0.0166 -0.9086
vn 0.9705 -0.0027 -0.2412
vn 0.7932 0.0144 0.6087
vn 0.0196 0.0130 0.9997
vn -0.7744 0.0021 0.6327
vn -0.9808 -0.0102 -0.1950
vn -0.4508 -0.0162 -0.8925
vn 0.4159 -0.0095 -0.9094
vn 0.9705 0.0043 -0.2409
vn 0.7950 -0.0461 0.6049
vn 0.0167 -0.0424 0.9990
vn -0.7702 -0.0068 0.6377
vn -0.9792 0.0338 -0.2002
vn -0.4511 0.0493 -0.8911
vn 0.4194 0.0273 -0.9074
vn 0.9699 -0.0150 -0.2430
vn 0.7897 0.0547 0.6110
vn -0.7658 0.0472 0.6413
vn -0.4480 -0.0748 -0.8909
vn 0.4134 -0.0711 -0.9078
vn -0.7548 0.1584 0.6365
vn -0.9754 -0.0821 -0.2045
vn 0.4149 -0.2241 -0.8818
vn 0.9705 -0.0389 -0.2380
vn -0.7759 -0.0711 0.6269
vn -0.9837 -0.0096 -0.1794
vn -0.4581 0.0618 -0.8868
vn 0.9707 0.0456 -0.2360
vn 0.6826 -0.5723 0.4546
vn -0.6017 -0.5521 0.5771
vn -0.8355 -0.5187 -0.1813
vn -0.6738 -0.4350 0.5973
vn -0.7218 -0.6622 -0.2012
vn 0.7660 0.6141 -0.1897
vn -0.7575 -0.0991 0.6453
vn -0.0167 -0.1117 0.9936
vn 0.7168 -0.0407 0.6961
vn 0.9758 0.0626 -0.2093
vn 0.4030 0.0959 -0.9101
vn -0.3652 0.0625 -0.9288
vn -0.9548 -0.0160 -0.2968
vn -0.7946 -0.0201 0.6069
vn -0.0183 -0.0223 0.9996
vn 0.7701 -0.0077 0.6379
vn 0.9790 0.0126 -0.2033
vn 0.4507 0.0234 -0.8924
vn -0.4184 0.0166 -0.9081
vn -0.9704 -0.0027 -0.2415
vn -0.8035 0.0005 0.5953
vn -0.0196 0.0126 0.9997
vn 0.7685 0.0154 0.6396
vn 0.9792 0.0060 -0.2029
vn 0.4510 -0.0086 -0.8925
vn -0.4202 -0.0164 -0.9073
vn -0.9709 -0.0119 -0.2392
vn -0.7943 -0.0242 0.6071
vn -0.0168 -0.0420 0.9990
vn 0.7719 -0.0281 0.6352
vn 0.9792 0.0068 -0.2026
vn 0.4507 0.0368 -0.8919
vn -0.4197 0.0389 -0.9068
vn -0.9707 0.0118 -0.2401
vn -0.7902 0.0546 0.6104
vn -0.0181 0.0809 0.9966
vn 0.7667 0.0470 0.6402
vn 0.9783 -0.0227 -0.2057
vn 0.4462 -0.0751 -0.8918
vn -0.4111 -0.0714 -0.9088
vn -0.9700 -0.0138 -0.2429
vn -0.7761 0.1896 0.6014
vn -0.0195 0.2706 0.9625
vn 0.7685 0.1509 0.6218
vn 0.9781 -0.0773 -0.1932
vn 0.4498 -0.2405 -0.8601
vn -0.3998 -0.2285 -0.8877
vn -0.9686 -0.0420 -0.2451
vn -0.8129 -0.0265 0.5818
vn -0.0358 -0.0813 0.9960
vn 0.7759 -0.0711 0.6269
vn 0.9802 -0.0088 -0.1978
vn 0.4581 0.0617 -0.8868
vn -0.4254 0.0862 -0.9009
vn -0.9707 0.0456 -0.2360
vn -0.6826 -0.5723 0.4546
vn -0.1178 -0.5769 0.8083
vn 0.6549 -0.5256 0.5430
vn 0.8349 -0.5222 -0.1739
vn 0.3160 -0.5347 -0.7837
vn -0.4380 -0.5550 -0.7072
vn -0.8135 -0.5609 -0.1539
vn -0.5756 0.6075 0.5473
vn 0.0219 0.2002 0.9795
vn 0.6738 -0.4350 0.5973
vn 0.7218 -0.6622 -0.2012
vn 0.3389 -0.4782 -0.8102
vn -0.4005 0.1355 -0.9062
vn -0.7670 0.6019 -0.2223
vn 0.7614 -0.1189 0.6373
vn 0.0153 -0.1119 0.9936
vn -0.7119 -0.0226 0.7019
vn -0.9769 0.0883 -0.1946
vn -0.4050 0.1073 -0.9080
vn 0.3635 0.0524 -0.9301
vn 0.9498 -0.0410 -0.3100
vn 0.7950 -0.0312 0.6059
vn 0.0179 -0.0226 0.9996
vn -0.7697 0.0030 0.6384
vn -0.9793 0.0263 -0.2006
vn -0.4515 0.0298 -0.8918
vn 0.4182 0.0108 -0.9083
vn 0.9699 -0.0162 -0.2429
vn 0.8036 0.0005 0.5952
vn 0.0257 0.0127 0.9996
vn -0.7685 0.0154 0.6397
vn -0.9792 0.0060 -0.2030
vn -0.4650 -0.0080 -0.8853
vn 0.4202 -0.0164 -0.9073
vn 0.9709 -0.0119 -0.2391
vn 0.7935 0.0078 0.6085
vn 0.0168 -0.0413 0.9990
vn -0.7731 -0.0590 0.6316
vn -0.9779 -0.0324 -0.2067
vn -0.4509 0.0186 -0.8924
vn 0.4209 0.0558 -0.9054
vn 0.9706 0.0507 -0.2354
vn 0.7902 0.0546 0.6104
vn 0.0181 0.0809 0.9966
vn -0.7667 0.0470 0.6403
vn -0.9783 -0.0227 -0.2058
vn -0.4462 -0.0751 -0.8918
vn 0.4111 -0.0714 -0.9088
vn 0.9700 -0.0138 -0.2429
vn 0.7762 0.1896 0.6014
vn 0.0202 0.2707 0.9624
vn -0.7685 0.1509 0.6218
vn -0.9781 -0.0773 -0.1933
vn -0.4498 -0.2405 -0.8601
vn 0.3998 -0.2285 -0.8877
vn 0.9686 -0.0420 -0.2450
vn 0.8129 -0.0265 0.5818
vn 0.0358 -0.0813 0.9960
vn -0.7664 -0.0725 0.6383
vn -0.9802 -0.0088 -0.1978
vn -0.4765 0.0613 -0.8770
vn 0.4106 0.0870 -0.9076
vn 0.9667 0.0474 -0.2517
vn 0.6645 -0.5467 0.5095
vn 0.0161 -0.5329 0.8460
vn -0.6549 -0.5256 0.5430
vn -0.8349 -0.5222 -0.1739
vn -0.3896 -0.5038 -0.7710
vn 0.3590 -0.5074 -0.7833
vn 0.8135 -0.5609 -0.1538
vn 0.5919 0.6204 0.5145
vn -0.0172 0.2049 0.9786
vn -0.6688 -0.4256 0.6095
vn -0.7356 -0.6578 -0.1617
vn -0.3389 -0.4782 -0.8102
vn 0.4005 0.1354 -0.9062
vn 0.7670 0.6020 -0.2222
vn -0.7425 -0.0351 -0.6689
vn -0.0167 -0.1101 -0.9938
vn 0.7312 -0.1021 -0.6744
vn 0.9663 -0.0219 0.2566
vn 0.3966 0.0591 0.9161
vn -0.3709 0.0964 0.9237
vn -0.9657 0.0682 0.2504
vn -0.7951 -0.0416 -0.6050
vn -0.0180 -0.0228 -0.9996
vn 0.7692 0.0131 -0.6388
vn 0.9792 0.0390 0.1993
vn 0.4518 0.0356 0.8914
vn -0.4179 0.0054 0.9085
vn -0.9693 -0.0288 0.2442
vn -0.8036 0.0005 -0.5951
vn -0.0258 0.0127 -0.9996
vn 0.7686 0.0154 -0.6396
vn 0.9792 0.0060 0.2029
vn 0.4650 -0.0080 0.8853
vn -0.4201 -0.0164 0.9073
vn -0.9709 -0.0119 0.2391
vn -0.7943 -0.0242 -0.6071
vn -0.0168 -0.0420 -0.9990
vn 0.7719 -0.0281 -0.6352
vn 0.9793 0.0068 0.2025
vn 0.4508 0.0368 0.8919
vn -0.4197 0.0389 0.9068
vn -0.9707 0.0118 0.2402
vn -0.7902 0.0546 -0.6104
vn -0.0182 0.0809 -0.9966
vn 0.7667 0.0470 -0.6403
vn 0.9783 -0.0228 0.2059
vn 0.4462 -0.0751 0.8918
vn -0.4111 -0.0714 0.9088
vn -0.9700 -0.0138 0.2429
vn -0.7761 0.1896 -0.6014
vn -0.0202 0.2707 -0.9624
vn 0.7685 0.1509 -0.6218
vn 0.9781 -0.0773 0.1933
vn 0.4498 -0.2405 0.8601
vn -0.3998 -0.2285 0.8877
vn -0.9686 -0.0420 0.2450
vn -0.8129 -0.0265 -0.5818
vn -0.0358 -0.0813 -0.9960
vn 0.7664 -0.0725 -0.6383
vn 0.9802 -0.0088 0.1978
vn 0.4766 0.0613 0.8770
vn -0.4107 0.0870 0.9076
vn -0.9667 0.0474 0.2516
vn -0.6645 -0.5467 -0.5095
vn -0.0161 -0.5329 -0.8460
vn 0.6549 -0.5256 -0.5430
vn 0.8349 -0.5222 0.1739
vn 0.3896 -0.5038 0.7710
vn -0.3590 -0.5074 0.7834
vn -0.8135 -0.5608 0.1539
vn -0.5919 0.6204 -0.5145
vn 0.0172 0.2049 -0.9786
vn 0.6688 -0.4256 -0.6096
vn 0.7356 -0.6578 0.1617
vn 0.3389 -0.4782 0.8102
vn -0.4006 0.1355 0.9062
vn -0.7670 0.6019 0.2223
vn 0.7575 -0.0991 0.6453
vn 0.0153 -0.1115 0.9936
vn -0.7167 -0.0407 0.6962
vn -0.9758 0.0626 -0.2094
vn -0.4032 0.0959 -0.9101
vn 0.3653 0.0625 -0.9288
vn 0.9548 -0.0160 -0.2968
vn 0.7946 -0.0201 0.6068
vn 0.0179 -0.0223 0.9996
vn -0.7701 -0.0077 0.6379
vn -0.9793 0.0126 -0.2021
vn -0.4514 0.0235 -0.8920
vn 0.4184 0.0166 -0.9081
vn 0.9704 -0.0027 -0.2415
vn 0.8036 0.0139 0.5951
vn 0.0257 0.0131 0.9996
vn -0.7696 0.0024 0.6386
vn -0.9788 -0.0106 -0.2043
vn -0.4649 -0.0159 -0.8852
vn 0.4199 -0.0094 -0.9075
vn 0.9709 0.0044 -0.2394
vn 0.7944 -0.0461 0.6057
vn -0.7706 -0.0068 0.6373
vn -0.9793 0.0338 -0.1997
vn -0.4504 0.0492 -0.8915
vn 0.4189 0.0273 -0.9076
vn 0.9699 -0.0150 -0.2431
vn 0.4112 -0.0714 -0.9088
vn -0.9781 -0.0773 -0.1931
vn 0.9686 -0.0420 -0.2451
vn -0.4764 0.0613 -0.8771
vn 0.4106 0.0870 -0.9077
vn 0.9667 0.0474 -0.2515
vn -0.6687 -0.4256 0.6096
vn -0.7356 -0.6578 -0.1618
vt 0.196200 0.012900
vt 0.196300 0.048000
vt 0.119400 0.081300
vt 0.991700 0.001500
vt 0.685100 0.001500
vt 0.685500 0.081500
vt 0.930700 0.080100
vt 0.819800 0.080100
vt 0.816900 0.001500
vt 0.564000 0.081500
vt 0.564000 0.001500
vt 0.637200 0.001500
vt 0.725600 0.081500
vt 0.725600 0.001500
vt 0.801300 0.001500
vt 0.279100 0.786300
vt 0.326300 0.786300
vt 0.326300 0.706700
vt 0.801300 0.081500
vt 0.637200 0.081500
vt 0.930700 0.001500
vt 0.992700 0.001500
vt 0.992700 0.082000
vt 0.685100 0.082000
vt 0.042600 0.081500
vt 0.234300 0.047800
vt 0.196400 0.047800
vt 0.990200 0.598100
vt 0.990200 0.496600
vt 0.990200 0.484400
vt 0.990200 0.083500
vt 0.686500 0.084500
vt 0.990200 0.213900
vt 0.932100 0.083000
vt 0.932100 0.597700
vt 0.817900 0.597700
vt 0.394000 0.083500
vt 0.121100 0.083500
vt 0.515800 0.081100
vt 0.515800 0.083300
vt 0.496900 0.083300
vt 0.686500 0.083500
vt 0.816900 0.080100
vt 0.562500 0.083000
vt 0.638700 0.083000
vt 0.723600 0.083500
vt 0.799800 0.083500
vt 0.279400 0.787800
vt 0.325300 0.787800
vt 0.820300 0.082000
vt 0.991700 0.081500
vt 0.159800 0.496500
vt 0.008200 0.485400
vt 0.514900 0.485400
vt 0.638700 0.596200
vt 0.562500 0.596200
vt 0.799800 0.223900
vt 0.799800 0.598100
vt 0.723600 0.598100
vt 0.817900 0.083000
vt 0.991200 0.083500
vt 0.991200 0.202100
vt 0.991200 0.213900
vt 0.991200 0.484400
vt 0.991200 0.496600
vt 0.991200 0.598100
vt 0.686500 0.598100
vt 0.193100 0.511800
vt 0.043900 0.496500
vt 0.043900 0.597500
vt 0.998500 0.606000
vt 0.994600 0.598100
vt 0.682600 0.598100
vt 0.810500 0.606000
vt 0.814000 0.597700
vt 0.927700 0.597700
vt 0.631300 0.604000
vt 0.570300 0.604000
vt 0.566900 0.596200
vt 0.807600 0.606000
vt 0.731400 0.606000
vt 0.728000 0.598100
vt 0.517100 0.606000
vt 0.684100 0.606000
vt 0.681200 0.597200
vt 0.803700 0.598100
vt 0.635300 0.596200
vt 0.565900 0.596200
vt 0.811000 0.606000
vt 0.924800 0.606000
vt 0.679200 0.606000
vt 0.995600 0.598100
vt 0.008200 0.597500
vt 0.515300 0.597500
vt 0.514800 0.605800
vt 0.458200 0.605800
vt 0.008200 0.605800
vt 0.223900 0.489100
vt 0.077800 0.485000
vt 0.514900 0.485000
vt 0.000800 0.999100
vt 0.000800 0.983400
vt 0.286000 0.983400
vt 0.800800 0.982200
vt 0.801200 0.933700
vt 0.997100 0.899200
vt 0.991200 0.601600
vt 0.686500 0.601600
vt 0.931600 0.593800
vt 0.638700 0.592300
vt 0.724100 0.594200
vt 0.799800 0.594200
vt 0.525400 0.600600
vt 0.521500 0.597200
vt 0.724100 0.601600
vt 0.562000 0.599600
vt 0.931600 0.601100
vt 0.817900 0.601100
vt 0.991700 0.594200
vt 0.516400 0.597400
vt 0.005500 0.597400
vt 0.000700 0.587600
vt 0.213200 0.492700
vt 0.000700 0.492700
vt 0.000700 0.485500
vt 0.004500 0.203400
vt 0.163100 0.203400
vt 0.163200 0.213700
vt 0.297300 0.998200
vt 0.000800 0.996900
vt 0.000800 0.983000
vt 0.504200 0.492400
vt 0.504200 0.486000
vt 0.323500 0.486000
vt 0.997100 0.798200
vt 0.925800 0.798200
vt 0.787600 0.899200
vt 0.974100 0.760500
vt 0.925800 0.760500
vt 0.880400 0.707300
vt 0.752800 0.715200
vt 0.678900 0.715200
vt 0.628400 0.744600
vt 0.628400 0.999800
vt 0.997100 0.798600
vt 0.999000 0.606000
vt 0.838900 0.696300
vt 0.925800 0.798600
vt 0.925800 0.760600
vt 0.974100 0.760600
vt 0.601100 0.650400
vt 0.997600 0.496600
vt 0.997600 0.484400
vt 0.990200 0.202100
vt 0.994600 0.213900
vt 0.787600 0.707600
vt 0.006800 0.081100
vt 0.234500 0.048100
vt 0.427800 0.081100
vt 0.427800 0.083300
vt 0.008200 0.083300
vt 0.427800 0.001500
vt 0.308300 0.001500
vt 0.308300 0.079100
vt 0.305400 0.081200
vt 0.392100 0.001500
vt 0.389700 0.001500
vt 0.389700 0.081700
vt 0.005300 0.817500
vt 0.037500 0.818500
vt 0.036600 0.857600
vt 0.001400 0.981600
vt 0.001400 0.872200
vt 0.038500 0.872200
vt 0.001400 0.867300
vt 0.001400 0.757900
vt 0.041500 0.757900
vt 0.041500 0.867300
vt 0.089300 0.757900
vt 0.104100 0.506800
vt 0.037500 0.506800
vt 0.037500 0.547000
vt 0.091700 0.912900
vt 0.091700 0.856000
vt 0.163600 0.856000
vt 0.149300 0.720500
vt 0.007900 0.720500
vt 0.007900 0.704000
vt 0.156500 0.734600
vt 0.007000 0.734600
vt 0.007000 0.725300
vt 0.149300 0.704000
vt 0.163600 0.969700
vt 0.163600 0.977000
vt 0.091700 0.977000
vt 0.148100 0.741200
vt 0.081700 0.753800
vt 0.015400 0.741200
vt 0.091700 0.848800
vt 0.091700 0.969700
vt 0.371200 0.175200
vt 0.336900 0.175300
vt 0.336900 0.107500
vt 0.337000 0.175200
vt 0.372000 0.175200
vt 0.372000 0.107500
vt 0.245900 0.107500
vt 0.246800 0.150100
vt 0.187000 0.107400
vt 0.335800 0.107500
vt 0.371500 0.107500
vt 0.371500 0.175200
vt 0.335800 0.175200
vt 0.247000 0.149200
vt 0.247100 0.107500
vt 0.198800 0.169800
vt 0.235900 0.169600
vt 0.217700 0.175700
vt 0.201100 0.171000
vt 0.126300 0.201900
vt 0.217000 0.175900
vt 0.232500 0.171800
vt 0.186900 0.107500
vt 0.126300 0.083500
vt 0.192500 0.163000
vt 0.187300 0.150000
vt 0.242200 0.162700
vt 0.243900 0.160900
vt 0.121100 0.201900
vt 0.191900 0.162800
vt 0.187600 0.149500
vt 0.174400 0.608900
vt 0.174400 0.623700
vt 0.274500 0.623700
vt 0.285700 0.437800
vt 0.311500 0.437800
vt 0.311500 0.297600
vt 0.274500 0.608900
vt 0.285700 0.441400
vt 0.311500 0.441400
vt 0.311500 0.295800
vt 0.285700 0.431000
vt 0.311500 0.431000
vt 0.311500 0.320000
vt 0.311500 0.277000
vt 0.285700 0.446700
vt 0.311500 0.446700
vt 0.311500 0.253400
vt 0.285700 0.436300
vt 0.311500 0.436300
vt 0.311500 0.332700
vt 0.285700 0.436100
vt 0.311500 0.436100
vt 0.311500 0.283800
vt 0.285700 0.437500
vt 0.311500 0.437500
vt 0.311500 0.304400
vt 0.172400 0.608900
vt 0.172400 0.623700
vt 0.278000 0.623700
vt 0.171400 0.608900
vt 0.171400 0.623700
vt 0.276100 0.623700
vt 0.311500 0.297800
vt 0.285700 0.444100
vt 0.311500 0.444100
vt 0.311500 0.293500
vt 0.285700 0.428000
vt 0.311500 0.428000
vt 0.311500 0.297900
vt 0.285700 0.446200
vt 0.311500 0.446200
vt 0.311500 0.281000
vt 0.311500 0.271800
vt 0.285700 0.426500
vt 0.311500 0.426500
vt 0.311500 0.279200
vt 0.285700 0.441600
vt 0.311500 0.441600
vt 0.311500 0.301300
vt 0.234200 0.013000
vt 0.234200 0.047700
vt 0.335200 0.013100
vt 0.335200 0.047800
vt 0.373100 0.013100
vt 0.373100 0.047900
vt 0.288900 0.001300
vt 0.402200 0.001400
vt 0.373200 0.013200
vt 0.335300 0.047900
vt 0.335300 0.013200
vt 0.373100 0.013200
vt 0.397900 0.001600
vt 0.123700 0.001700
vt 0.196200 0.013400
vt 0.234200 0.013400
vt 0.334800 0.013300
vt 0.373400 0.013000
vt 0.373400 0.013200
vt 0.334800 0.047700
vt 0.234200 0.047800
vt 0.196200 0.047800
vt 0.196300 0.047800
vt 0.234300 0.013200
vt 0.335000 0.047700
vt 0.335000 0.013200
vt 0.373200 0.047700
vt 0.373300 0.013200
vt 0.373300 0.048100
vt 0.334700 0.048100
vt 0.234500 0.013200
vt 0.196100 0.048100
vt 0.196100 0.013200
vt 0.006800 0.001500
vt 0.334700 0.013200
vt 0.196300 0.013200
vt 0.123700 0.081300
vt 0.113900 0.001800
vt 0.105600 0.001800
vt 0.105600 0.068400
vt 0.174800 0.611900
vt 0.174800 0.623400
vt 0.274500 0.623400
vt 0.113900 0.068400
vt 0.103200 0.063100
vt 0.103200 0.054900
vt 0.168700 0.054900
vt 0.105600 0.068600
vt 0.113900 0.068600
vt 0.101400 0.063100
vt 0.101400 0.054900
vt 0.165700 0.054900
vt 0.105600 0.068100
vt 0.274500 0.611900
vt 0.113900 0.068100
vt 0.102600 0.063100
vt 0.102600 0.054800
vt 0.166700 0.054900
vt 0.105600 0.068200
vt 0.113900 0.068200
vt 0.170700 0.063100
vt 0.102800 0.063100
vt 0.102800 0.054900
vt 0.113900 0.067500
vt 0.105600 0.067500
vt 0.113900 0.067300
vt 0.105600 0.067300
vt 0.099200 0.063100
vt 0.099200 0.054900
vt 0.163900 0.054900
vt 0.113900 0.068000
vt 0.105600 0.068000
vt 0.100900 0.063100
vt 0.100900 0.054900
vt 0.165500 0.054900
vt 0.101000 0.063100
vt 0.101000 0.054900
vt 0.165000 0.054900
vt 0.246500 0.107200
vt 0.246800 0.151100
vt 0.371300 0.175200
vt 0.371300 0.107200
vt 0.489400 0.159900
vt 0.477400 0.171300
vt 0.445300 0.170500
vt 0.371600 0.175200
vt 0.336500 0.175200
vt 0.336500 0.107200
vt 0.246700 0.156100
vt 0.246700 0.107200
vt 0.203900 0.172200
vt 0.229200 0.172800
vt 0.217200 0.175800
vt 0.435200 0.160600
vt 0.371600 0.175100
vt 0.371600 0.107200
vt 0.230600 0.171800
vt 0.201300 0.170800
vt 0.217300 0.175400
vt 0.187600 0.107200
vt 0.043900 0.083600
vt 0.043900 0.201900
vt 0.191400 0.161400
vt 0.187700 0.153000
vt 0.242500 0.162400
vt 0.268900 0.182000
vt 0.515800 0.201600
vt 0.462100 0.175500
vt 0.432300 0.144600
vt 0.239200 0.166600
vt 0.255800 0.181900
vt 0.008200 0.201600
vt 0.167400 0.181900
vt 0.162300 0.201600
vt 0.172500 0.608900
vt 0.172500 0.623700
vt 0.277500 0.623700
vt 0.285700 0.435300
vt 0.311500 0.435300
vt 0.311500 0.296100
vt 0.311500 0.289100
vt 0.285700 0.443000
vt 0.311500 0.443000
vt 0.285700 0.444600
vt 0.311500 0.444600
vt 0.311500 0.302600
vt 0.285700 0.440500
vt 0.311500 0.440500
vt 0.311500 0.299900
vt 0.311500 0.294300
vt 0.285700 0.442800
vt 0.311500 0.442800
vt 0.311500 0.301700
vt 0.173600 0.608900
vt 0.173600 0.623700
vt 0.275400 0.623700
vt 0.285700 0.434500
vt 0.311500 0.434500
vt 0.311500 0.294500
vt 0.311500 0.294100
vt 0.285700 0.441900
vt 0.311500 0.441900
vt 0.285700 0.439400
vt 0.311500 0.439400
vt 0.311500 0.300500
vt 0.243100 0.252200
vt 0.193000 0.252200
vt 0.193000 0.313900
vt 0.243000 0.380100
vt 0.192900 0.380100
vt 0.192900 0.441900
vt 0.243300 0.511800
vt 0.193100 0.573600
vt 0.250900 0.421700
vt 0.243100 0.313900
vt 0.336500 0.511600
vt 0.243300 0.511700
vt 0.243300 0.573600
vt 0.371300 0.252000
vt 0.336600 0.252000
vt 0.336600 0.313700
vt 0.371400 0.380000
vt 0.336600 0.380000
vt 0.336600 0.441800
vt 0.371500 0.511700
vt 0.336500 0.511700
vt 0.336500 0.573600
vt 0.281600 0.496500
vt 0.442900 0.313800
vt 0.442900 0.252000
vt 0.477900 0.252000
vt 0.442900 0.380000
vt 0.478000 0.380000
vt 0.478000 0.441800
vt 0.442900 0.511800
vt 0.477900 0.511800
vt 0.477900 0.573700
vt 0.442900 0.441800
vt 0.371400 0.573600
vt 0.371400 0.512000
vt 0.336400 0.252000
vt 0.371400 0.252000
vt 0.371400 0.314000
vt 0.336400 0.380000
vt 0.371400 0.441800
vt 0.336400 0.512000
vt 0.371400 0.308100
vt 0.375100 0.308100
vt 0.243000 0.511700
vt 0.336400 0.573600
vt 0.193000 0.252100
vt 0.243200 0.252100
vt 0.243200 0.313800
vt 0.192900 0.379800
vt 0.243000 0.379800
vt 0.243000 0.441900
vt 0.243000 0.511800
vt 0.243000 0.573500
vt 0.008200 0.496500
vt 0.311500 0.435600
vt 0.285700 0.435600
vt 0.285700 0.296100
vt 0.311500 0.295700
vt 0.285700 0.299900
vt 0.311500 0.439300
vt 0.173100 0.608900
vt 0.173100 0.623700
vt 0.274200 0.623700
vt 0.311500 0.437100
vt 0.285700 0.437100
vt 0.285700 0.296200
vt 0.311500 0.439200
vt 0.285700 0.439200
vt 0.285700 0.298300
vt 0.173300 0.608900
vt 0.173300 0.623700
vt 0.285700 0.296700
vt 0.311500 0.437300
vt 0.285700 0.437300
vt 0.285700 0.295200
vt 0.311500 0.438700
vt 0.285700 0.438700
vt 0.311500 0.296600
vt 0.285700 0.309200
vt 0.285700 0.296600
vt 0.311500 0.297300
vt 0.311500 0.438600
vt 0.285700 0.438600
vt 0.311500 0.438800
vt 0.285700 0.426400
vt 0.285700 0.299600
vt 0.174200 0.608900
vt 0.174200 0.623700
vt 0.275000 0.623700
vt 0.285700 0.296300
vt 0.311500 0.439100
vt 0.285700 0.439100
vt 0.285700 0.298100
vt 0.173700 0.608900
vt 0.173700 0.623700
vt 0.285700 0.296800
vt 0.285700 0.297000
vt 0.311500 0.296500
vt 0.285700 0.308700
vt 0.285700 0.296500
vt 0.311500 0.296800
vt 0.311500 0.435200
vt 0.285700 0.435200
vt 0.311500 0.438900
vt 0.285700 0.425900
vt 0.285700 0.299500
vt 0.173800 0.608900
vt 0.173800 0.623700
vt 0.272600 0.623700
vt 0.311500 0.437400
vt 0.285700 0.437400
vt 0.285700 0.296400
vt 0.285700 0.296900
vt 0.311500 0.439000
vt 0.285700 0.439000
vt 0.285700 0.298000
vt 0.173900 0.608900
vt 0.173900 0.623700
vt 0.272900 0.623700
vt 0.311500 0.437000
vt 0.285700 0.437000
vt 0.285700 0.438900
vt 0.285700 0.298400
vt 0.174000 0.608900
vt 0.174000 0.623700
vt 0.311500 0.296000
vt 0.285700 0.296000
vt 0.285700 0.297600
vt 0.311500 0.299600
vt 0.274400 0.623700
vt 0.311500 0.436700
vt 0.285700 0.436700
vt 0.285700 0.298800
vt 0.285700 0.435700
vt 0.285700 0.299700
vt 0.311500 0.299700
vt 0.285700 0.295800
vt 0.173200 0.608900
vt 0.173200 0.623700
vt 0.274100 0.623700
vt 0.274000 0.608900
vt 0.222700 0.623700
vt 0.274000 0.623700
vt 0.496900 0.001500
vt 0.515800 0.001500
vt 0.404100 0.083300
vt 0.405000 0.496500
vt 0.405000 0.485400
vt 0.043900 0.485400
vt 0.159300 0.496500
vt 0.284700 0.496500
vt 0.043900 0.605800
vt 0.405000 0.605800
vt 0.404600 0.597500
vt 0.516400 0.485100
vt 0.274100 0.488800
vt 0.274100 0.492600
vt 0.201300 0.983800
vt 0.201400 0.999300
vt 0.001600 0.999300
vt 0.274600 0.203200
vt 0.275100 0.213700
vt 0.404600 0.213700
vt 0.401400 0.998400
vt 0.400800 0.982900
vt 0.622800 0.982900
vt 0.516600 0.492400
vt 0.516600 0.486200
vt 0.273000 0.485600
vt 0.371300 0.107300
vt 0.404100 0.201600
vt 0.515800 0.496500
vt 0.515800 0.597500
vt 0.337000 0.107200
vt 0.404100 0.081100
vt 0.404100 0.001500
vt 0.042600 0.000900
vt 0.371500 0.573600
vt 0.404100 0.597500
vt 0.069700 0.308200
vt 0.028200 0.213500
vt 0.146400 0.213600
vt 0.184100 0.421700
vt 0.372000 0.107100
vt 0.372100 0.174800
vt 0.398400 0.201500
vt 0.402400 0.081100
vt 0.398400 0.083500
vt 0.371300 0.107400
vt 0.401800 0.083400
vt 0.401900 0.201500
vt 0.337000 0.107500
vt 0.398100 0.081200
vt 0.373400 0.047700
vt 0.334900 0.047700
vt 0.491400 0.143700
vt 0.187700 0.107200
vt 0.373300 0.048000
vt 0.288600 0.083500
vt 0.288900 0.081300
vt 0.336900 0.175400
vt 0.288600 0.201900
vt 0.394300 0.001300
vt 0.394300 0.081300
vt 0.373200 0.048000
vt 0.335300 0.013100
vt 0.233800 0.048000
vt 0.119400 0.001000
vt 0.371300 0.175300
vt 0.515800 0.484300
vt 0.243200 0.313900
vt 0.336400 0.441800
vt 0.404100 0.213600
vt 0.274800 0.213700
vt 0.371600 0.380000
vt 0.404100 0.484300
vt 0.442900 0.573700
vt 0.193100 0.573500
vt 0.516500 0.587300
vt 0.512800 0.596800
vt 0.000700 0.596800
vt 0.206000 0.485400
vt 0.301300 0.492700
vt 0.336400 0.308500
vt 0.336400 0.330000
vt 0.332100 0.330000
vt 0.336400 0.312600
vt 0.332100 0.312600
vt 0.332100 0.308500
vt 0.323800 0.335800
vt 0.323800 0.330400
vt 0.384600 0.330400
vt 0.331900 0.330700
vt 0.335700 0.330700
vt 0.370900 0.330700
vt 0.324700 0.331700
vt 0.374600 0.330700
vt 0.346000 0.330400
vt 0.342100 0.330400
vt 0.342100 0.335900
vt 0.229800 0.988800
vt 0.229800 0.998200
vt 0.164200 0.998200
vt 0.281400 0.453300
vt 0.244200 0.451700
vt 0.273400 0.453400
vt 0.264500 0.369400
vt 0.264500 0.321500
vt 0.261800 0.321500
vt 0.264500 0.288000
vt 0.264500 0.295200
vt 0.261800 0.295200
vt 0.359600 0.987000
vt 0.445000 0.987000
vt 0.445000 0.991400
vt 0.161800 0.497300
vt 0.217600 0.512600
vt 0.273400 0.497300
vt 0.273400 0.421700
vt 0.250300 0.421700
vt 0.173000 0.453500
vt 0.173000 0.421800
vt 0.179700 0.421800
vt 0.179700 0.451800
vt 0.184800 0.421700
vt 0.161800 0.421700
vt 0.153700 0.453300
vt 0.264500 0.402900
vt 0.261800 0.402900
vt 0.261800 0.395600
vt 0.191000 0.451700
vt 0.161800 0.453400
vt 0.161800 0.484200
vt 0.273400 0.484200
vt 0.268200 0.183000
vt 0.255400 0.183000
vt 0.250300 0.202500
vt 0.173000 0.202600
vt 0.173000 0.183100
vt 0.179700 0.202600
vt 0.166900 0.183000
vt 0.161800 0.202500
vt 0.184800 0.202500
vt 0.584200 0.313800
vt 0.619300 0.313800
vt 0.619300 0.252000
vt 0.584200 0.377500
vt 0.584200 0.439300
vt 0.619300 0.439300
vt 0.584200 0.573700
vt 0.619300 0.573700
vt 0.619300 0.511500
vt 0.577400 0.313900
vt 0.584200 0.313900
vt 0.584200 0.252100
vt 0.578100 0.580000
vt 0.578100 0.574800
vt 0.622800 0.574800
vt 0.577400 0.252100
vt 0.577400 0.439400
vt 0.584200 0.439400
vt 0.577400 0.377500
vt 0.577400 0.573700
vt 0.584200 0.511500
vt 0.577400 0.511500
vt 0.525400 0.597200
vt 0.676800 0.597200
vt 0.676800 0.223600
vt 0.619300 0.377500
vt 0.174000 0.927900
vt 0.325300 0.927900
vt 0.210100 0.787800
vt 0.174000 0.787800
vt 0.584200 0.252000
vt 0.525400 0.223600
vt 0.279100 0.706700
vt 0.172500 0.786300
vt 0.209900 0.786300
vt 0.209900 0.706700
vt 0.278400 0.706700
vt 0.331200 0.643700
vt 0.331200 0.651300
vt 0.280600 0.651300
vt 0.488900 0.643700
vt 0.488900 0.651300
vt 0.275900 0.651300
vt 0.484900 0.643700
vt 0.484900 0.651300
vt 0.301300 0.651300
vt 0.459300 0.643700
vt 0.459300 0.651300
vt 0.295600 0.651300
vt 0.461600 0.643700
vt 0.461600 0.651300
vt 0.306700 0.651300
vt 0.470000 0.643700
vt 0.470000 0.651300
vt 0.344600 0.651300
vt 0.516000 0.643700
vt 0.516000 0.651300
vt 0.327400 0.651300
vt 0.470800 0.643700
vt 0.470800 0.651300
vt 0.513700 0.643700
vt 0.513700 0.651300
vt 0.290100 0.651300
vt 0.468900 0.666700
vt 0.468900 0.697900
vt 0.457700 0.691400
vt 0.280700 0.666300
vt 0.319100 0.666200
vt 0.405900 0.666300
vt 0.280700 0.700800
vt 0.444900 0.666300
vt 0.476900 0.643700
vt 0.476900 0.651300
vt 0.276800 0.651300
vt 0.499500 0.643700
vt 0.499500 0.651300
vt 0.289200 0.651300
vt 0.515100 0.643700
vt 0.515100 0.651300
vt 0.294800 0.651300
vt 0.460800 0.643700
vt 0.460800 0.651300
vt 0.306500 0.651300
vt 0.473400 0.643700
vt 0.473400 0.651300
vt 0.316800 0.651300
vt 0.480700 0.643700
vt 0.480700 0.651300
vt 0.332400 0.651300
vt 0.472800 0.643700
vt 0.472800 0.651300
vt 0.286600 0.651300
vt 0.319700 0.666200
vt 0.405500 0.666300
vt 0.374600 0.328300
vt 0.383300 0.328300
vt 0.383300 0.331700
vt 0.335700 0.328300
vt 0.370900 0.328300
vt 0.324700 0.328300
vt 0.331900 0.328300
vt 0.336400 0.314600
vt 0.346000 0.335900
vt 0.069200 0.328500
vt 0.069200 0.308200
vt 0.104900 0.308200
vt 0.008200 0.484300
vt 0.008200 0.213600
vt 0.058100 0.328500
vt 0.336400 0.314400
vt 0.383700 0.328600
vt 0.375100 0.328600
vt 0.336400 0.328600
vt 0.336400 0.314000
vt 0.325400 0.335500
vt 0.383700 0.335400
vt 0.332600 0.308200
vt 0.332600 0.328600
vt 0.325400 0.328600
vt 0.336400 0.314700
vt 0.285700 0.435900
vt 0.164200 0.988800
vt 0.336400 0.314100
vt 0.481600 0.308400
vt 0.490200 0.328500
vt 0.481600 0.328500
vt 0.477900 0.313800
vt 0.477900 0.328500
vt 0.431900 0.335400
vt 0.490200 0.335400
vt 0.515800 0.213600
vt 0.477900 0.308400
vt 0.336400 0.314300
vt 0.336600 0.328500
vt 0.371200 0.328500
vt 0.371300 0.313700
vt 0.382000 0.335400
vt 0.324500 0.335400
vt 0.324500 0.328500
vt 0.333000 0.328500
vt 0.333000 0.308300
vt 0.382000 0.328500
vt 0.374900 0.308200
vt 0.374900 0.328500
vt 0.371300 0.308200
vt 0.336400 0.313800
vt 0.104700 0.308100
vt 0.104700 0.328500
vt 0.069700 0.328500
vt 0.065900 0.328500
vt 0.058700 0.328500
vt 0.065900 0.308200
vt 0.117100 0.328500
vt 0.108400 0.308100
vt 0.058700 0.335400
vt 0.117100 0.335400
vt 0.036300 0.453500
vt 0.146400 0.484300
vt 0.108400 0.328500
vt 0.173000 0.484200
vt 0.173000 0.453600
vt 0.179700 0.453600
vt 0.179700 0.484200
vt 0.273400 0.214700
vt 0.250300 0.214700
vt 0.179700 0.214800
vt 0.173000 0.214800
vt 0.161800 0.214700
vt 0.273400 0.202500
vt 0.185500 0.201600
vt 0.180300 0.181900
vt 0.268700 0.181900
vt 0.273900 0.201600
vt 0.249800 0.486200
vt 0.184000 0.486100
vt 0.183700 0.493100
vt 0.160300 0.493100
vt 0.160900 0.486000
vt 0.001200 0.485600
vt 0.188300 0.154600
vt 0.193400 0.164100
vt 0.273900 0.213600
vt 0.162300 0.453600
vt 0.162300 0.484300
vt 0.325300 0.998400
vt 0.326000 0.983000
vt 0.405800 0.983000
vt 0.434300 0.983000
vt 0.623200 0.983000
vt 0.627800 0.999700
vt 0.193000 0.313800
vt 0.185600 0.421300
vt 0.185600 0.213600
vt 0.244600 0.451400
vt 0.191700 0.451400
vt 0.250600 0.421700
vt 0.058100 0.335400
vt 0.117400 0.335400
vt 0.162300 0.421900
vt 0.154300 0.453500
vt 0.000600 0.485100
vt 0.008100 0.492600
vt 0.162300 0.492600
vt 0.162500 0.488800
vt 0.162300 0.213600
vt 0.117400 0.328500
vt 0.108600 0.328500
vt 0.108600 0.308100
vt 0.065400 0.308200
vt 0.065400 0.328500
vt 0.336400 0.252100
vt 0.431900 0.328500
vt 0.439100 0.308000
vt 0.439100 0.328500
vt 0.442900 0.308000
vt 0.336400 0.308200
vt 0.281900 0.453400
vt 0.273900 0.421500
vt 0.273900 0.484300
vt 0.273900 0.453600
vt 0.439600 0.983400
vt 0.618100 0.983400
vt 0.627100 0.999100
vt 0.217500 0.511800
vt 0.155000 0.496500
vt 0.173500 0.608900
vt 0.173500 0.623700
vt 0.514900 0.496500
vt 0.284100 0.496500
vt 0.218500 0.511800
vt 0.281300 0.496500
vt 0.291900 0.492000
vt 0.291100 0.486000
vt 0.199600 0.486000
vt 0.167200 0.486000
vt 0.003400 0.486000
vt 0.000000 0.491500
vt 0.179800 0.182000
vt 0.185000 0.201800
vt 0.250800 0.201700
vt 0.283100 0.453400
vt 0.274800 0.453600
vt 0.274800 0.421500
vt 0.246300 0.997800
vt 0.245200 0.982900
vt 0.359800 0.982900
vt 0.000500 0.996800
vt 0.004600 0.982900
vt 0.203600 0.982900
vt 0.224000 0.493100
vt 0.192900 0.441800
vt 0.190300 0.451400
vt 0.243100 0.252300
vt 0.250900 0.213700
vt 0.184100 0.213700
vt 0.244700 0.451400
vt 0.360800 0.493100
vt 0.360800 0.489100
vt 0.336600 0.308300
vt 0.028200 0.453700
vt 0.154400 0.496500
vt 0.217300 0.511700
vt 0.626700 0.999300
vt 0.418400 0.999300
vt 0.418000 0.983800
vt 0.113900 0.485400
vt 0.185800 0.485000
vt 0.392900 0.496500
vt 0.392900 0.485400
vt 0.278800 0.496500
vt 0.392800 0.201900
vt 0.125300 0.201900
vt 0.125300 0.213700
vt 0.160600 0.213700
vt 0.184300 0.213700
vt 0.251500 0.213700
vt 0.392800 0.213700
vt 0.392700 0.597500
vt 0.392700 0.213600
vt 0.392700 0.484300
vt 0.160300 0.213500
vt 0.124800 0.213500
vt 0.124800 0.484400
vt 0.152200 0.453500
vt 0.160300 0.422900
vt 0.119600 0.484300
vt 0.143800 0.982900
vt 0.205800 0.997600
vt 0.125000 0.597500
vt 0.125100 0.496500
vt 0.124300 0.597400
vt 0.124300 0.587600
vt 0.151300 0.999300
vt 0.151400 0.983800
vt 0.274400 0.213700
vt 0.186000 0.213700
vt 0.516400 0.213700
vt 0.115700 0.203200
vt 0.115700 0.213700
vt 0.000700 0.587300
vt 0.400300 0.587300
vt 0.486700 0.983000
vt 0.486000 0.999100
vt 0.119700 0.485100
vt 0.119600 0.213600
vt 0.482700 0.983400
vt 0.482800 0.999100
vt 0.160300 0.453700
vt 0.113800 0.496500
vt 0.119600 0.496500
vt 0.119800 0.597500
vt 0.516600 0.606000
vt 0.000000 0.606000
vt 0.003400 0.597700
vt 0.308700 0.597700
vt 0.513700 0.597700
vt 0.994600 0.202100
vt 0.246400 0.107500
vt 0.187200 0.107400
vt 0.246000 0.107500
vt 0.246300 0.149200
vt 0.244700 0.158200
vt 0.191000 0.160300
vt 0.201700 0.170800
vt 0.201200 0.171200
vt 0.217000 0.175700
vt 0.192000 0.162000
vt 0.244000 0.160500
vt 0.188500 0.107500
vt 0.188300 0.149900
vt 0.233900 0.170300
vt 0.246700 0.149100
vt 0.217900 0.175000
vt 0.233600 0.169700
vt 0.187700 0.149300
vt 0.311500 0.292400
vt 0.311500 0.447700
vt 0.285700 0.447700
vt 0.311500 0.442200
vt 0.285700 0.442200
vt 0.311500 0.272400
vt 0.311500 0.443900
vt 0.285700 0.443900
vt 0.311500 0.273400
vt 0.311500 0.317300
vt 0.311500 0.439900
vt 0.285700 0.439900
vt 0.311500 0.305000
vt 0.311500 0.437600
vt 0.285700 0.437600
vt 0.277600 0.623700
vt 0.277000 0.623700
vt 0.174300 0.623700
vt 0.174300 0.608900
vt 0.311500 0.431300
vt 0.285700 0.431300
vt 0.311500 0.286600
vt 0.311500 0.431200
vt 0.285700 0.431200
vt 0.311500 0.284500
vt 0.311500 0.445500
vt 0.285700 0.445500
vt 0.311500 0.261800
vt 0.311500 0.444700
vt 0.285700 0.444700
vt 0.311500 0.293200
vt 0.311500 0.322500
vt 0.311500 0.439800
vt 0.285700 0.439800
vt 0.311500 0.304300
vt 0.311500 0.437700
vt 0.285700 0.437700
vt 0.335200 0.047900
vt 0.170700 0.054900
vt 0.516600 0.485600
vt 0.297500 0.983000
vt 0.226200 0.623700
vt 0.285700 0.435800
vt 0.285700 0.297300
vt 0.311500 0.435700
vt 0.118400 0.496500
vt 0.118100 0.485400
vt 0.125300 0.203100
vt 0.392800 0.203100
vt 0.622800 0.999300
vt 0.392700 0.496500
vt 0.261800 0.288000
vt 0.179700 0.453500
vt 0.173000 0.451800
vt 0.264500 0.395600
vt 0.371400 0.328600
vt 0.311500 0.435900
vt 0.405500 0.998700
vt 0.250600 0.213600
vt 0.361000 0.998200
vt 0.125100 0.597500
vt 0.516400 0.203200
vt 0.400200 0.596800
vt 0.494200 0.899800
vt 0.494200 0.946300
vt 0.464400 0.946300
vt 0.500300 0.895700
vt 0.500300 0.977500
vt 0.537400 0.977500
vt 0.537400 0.895700
vt 0.498900 0.895700
vt 0.498900 0.977500
vt 0.377100 0.977500
vt 0.329900 0.661800
vt 0.394500 0.661700
vt 0.344100 0.656400
vt 0.379900 0.656300
vt 0.362500 0.654200
vt 0.453400 0.682300
vt 0.457700 0.673200
vt 0.484700 0.664300
vt 0.484700 0.700400
vt 0.500600 0.666700
vt 0.500600 0.697900
vt 0.511800 0.673200
vt 0.511800 0.691400
vt 0.516100 0.682300
vt 0.330900 0.661400
vt 0.391700 0.661200
vt 0.379800 0.656800
vt 0.343400 0.656900
vt 0.362100 0.654900
vt 0.704100 0.774900
vt 0.767100 0.774900
vt 0.767100 0.813500
vt 0.518100 0.653300
vt 0.599100 0.653300
vt 0.599100 0.776400
vt 0.767100 0.842800
vt 0.704100 0.813500
vt 0.767100 0.742700
vt 0.704500 0.711400
vt 0.704500 0.897300
vt 0.675600 0.897300
vt 0.542400 0.883800
vt 0.536200 0.889200
vt 0.585100 0.889200
vt 0.542400 0.894300
vt 0.579000 0.894300
vt 0.343400 0.883700
vt 0.616900 0.883700
vt 0.620500 0.889200
vt 0.616900 0.894300
vt 0.343400 0.894300
vt 0.536200 0.838600
vt 0.585100 0.838600
vt 0.579000 0.844900
vt 0.579000 0.883800
vt 0.414100 0.844900
vt 0.616900 0.844900
vt 0.620700 0.838600
vt 0.343400 0.872800
vt 0.343400 0.889200
vt 0.628400 0.999300
vt 0.775700 0.933600
vt 0.775400 0.982200
vt 0.997100 0.999300
vt 0.518100 0.776400
vt 0.556700 0.872800
vt 0.542400 0.872800
vt 0.620700 0.778700
vt 0.432200 0.838600
vt 0.557100 0.778600
vt 0.585100 0.778600
vt 0.787600 0.711300
vt 0.759900 0.711400
vt 0.579000 0.872800
vt 0.536200 0.778600
vt 0.678900 0.707800
vt 0.628400 0.707800
vt 0.678900 0.713300
vt 0.752800 0.713100
vt 0.759900 0.713500
vt 0.787600 0.713500
vt 0.161800 0.201800
vt 0.166900 0.182000
vt 0.256000 0.182000
vt 0.274200 0.201700
vt 0.285700 0.438800
vt 0.311500 0.435800
vt 0.394000 0.201900
vt 0.514100 0.492700
vt 0.148100 0.496500
vt 0.040500 0.213700
vt 0.162100 0.203200
vt 0.185400 0.203200
vt 0.251300 0.203200
vt 0.516400 0.203400
vt 0.274400 0.203400
vt 0.251500 0.203400
vt 0.186100 0.203400
vt 0.496900 0.081100
vt 0.569800 0.604000
vt 0.286100 0.999100
vt 0.817900 0.593800
vt 0.563000 0.592300
vt 0.677700 0.600600
vt 0.799800 0.601600
vt 0.638700 0.599600
vt 0.686500 0.594200
vt 0.516400 0.587600
vt 0.004500 0.213700
vt 0.324100 0.492100
vt 0.974100 0.707300
vt 0.305400 0.001500
vt 0.392100 0.079600
vt 0.004300 0.856600
vt 0.038500 0.981600
vt 0.089300 0.867300
vt 0.104100 0.547000
vt 0.163600 0.912900
vt 0.156500 0.725300
vt 0.163600 0.848800
vt 0.371200 0.107500
vt 0.285700 0.320000
vt 0.285700 0.277000
vt 0.285700 0.253400
vt 0.285700 0.332700
vt 0.285700 0.283800
vt 0.285700 0.304400
vt 0.278000 0.608900
vt 0.276100 0.608900
vt 0.285700 0.297800
vt 0.285700 0.293500
vt 0.285700 0.297900
vt 0.285700 0.281000
vt 0.285700 0.271800
vt 0.285700 0.279200
vt 0.285700 0.301300
vt 0.196200 0.047700
vt 0.168700 0.063100
vt 0.165700 0.063100
vt 0.166700 0.063200
vt 0.163900 0.063100
vt 0.165500 0.063100
vt 0.165000 0.063100
vt 0.277500 0.608900
vt 0.285700 0.289100
vt 0.285700 0.302600
vt 0.285700 0.294300
vt 0.285700 0.301700
vt 0.275400 0.608900
vt 0.285700 0.294500
vt 0.285700 0.294100
vt 0.285700 0.300500
vt 0.404100 0.496500
vt 0.285700 0.295700
vt 0.285700 0.439300
vt 0.274200 0.608900
vt 0.311500 0.296200
vt 0.311500 0.298300
vt 0.311500 0.296700
vt 0.311500 0.295200
vt 0.275000 0.608900
vt 0.311500 0.296300
vt 0.311500 0.298100
vt 0.311500 0.297000
vt 0.311500 0.299500
vt 0.272600 0.608900
vt 0.311500 0.296400
vt 0.311500 0.296900
vt 0.311500 0.298000
vt 0.272900 0.608900
vt 0.311500 0.298400
vt 0.274400 0.608900
vt 0.311500 0.298800
vt 0.274100 0.608900
vt 0.516400 0.492600
vt 0.013200 0.983800
vt 0.404600 0.203200
vt 0.272800 0.492400
vt 0.384600 0.335800
vt 0.261800 0.369400
vt 0.359600 0.993300
vt 0.179700 0.183000
vt 0.622800 0.580000
vt 0.172500 0.706700
vt 0.210600 0.706700
vt 0.280600 0.643700
vt 0.275900 0.643700
vt 0.301300 0.643700
vt 0.295600 0.643700
vt 0.306700 0.643700
vt 0.344600 0.643700
vt 0.327400 0.643700
vt 0.290100 0.643700
vt 0.444900 0.700800
vt 0.276800 0.643700
vt 0.289200 0.643700
vt 0.294800 0.643700
vt 0.306500 0.643700
vt 0.316800 0.643700
vt 0.332400 0.643700
vt 0.286600 0.643700
vt 0.104900 0.328500
vt 0.442900 0.328500
vt 0.336600 0.313900
vt 0.028200 0.422900
vt 0.184800 0.214700
vt 0.250700 0.201600
vt 0.249400 0.493100
vt 0.005000 0.493100
vt 0.433500 0.998800
vt 0.439700 0.999100
vt 0.200600 0.491800
vt 0.168400 0.491800
vt 0.274800 0.484300
vt 0.085900 0.493100
vt 0.514900 0.493100
vt 0.028200 0.484500
vt 0.626700 0.983800
vt 0.145500 0.997400
vt 0.182500 0.493100
vt 0.119600 0.492600
vt 0.160300 0.484500
vt 0.285700 0.292400
vt 0.285700 0.272400
vt 0.285700 0.273400
vt 0.285700 0.317300
vt 0.285700 0.305000
vt 0.277600 0.608900
vt 0.277000 0.608900
vt 0.285700 0.286600
vt 0.285700 0.284500
vt 0.285700 0.261800
vt 0.285700 0.293200
vt 0.285700 0.322500
vt 0.285700 0.304300
vt 0.464400 0.899800
vt 0.377100 0.895700
vt 0.675600 0.711400
vt 0.542400 0.844900
vt 0.040500 0.203200
vt 0.995500 0.681200
vt 0.700000 0.681200
vt 0.700000 0.011200
vt 0.021400 0.649500
vt 0.021400 0.035800
vt 0.107900 0.133100
vt 0.327000 0.002100
vt 0.344100 0.001300
vt 0.344100 0.826500
vt 0.003000 0.826500
vt 0.020500 0.649600
vt 0.003000 0.001300
vt 0.020400 0.002100
vt 0.994000 0.653700
vt 0.738100 0.649500
vt 0.706400 0.687600
vt 0.738700 0.047900
vt 0.706400 0.011200
vt 0.994000 0.048300
vt 0.983300 0.014600
vt 0.982700 0.678200
vt 0.995200 0.678100
vt 0.021400 0.002400
vt 0.324500 0.002300
vt 0.229700 0.474200
vt 0.107900 0.472400
vt 0.851000 0.686200
vt 0.851000 0.815800
vt 0.717300 0.815800
vt 0.868500 0.686600
vt 0.868500 0.817700
vt 0.701200 0.817700
vt 0.717300 0.686200
vt 0.850400 0.815800
vt 0.700800 0.686600
vt 0.700800 0.817700
vt 0.867500 0.817700
vt 0.324600 0.035600
vt 0.230200 0.134100
vt 0.324600 0.648000
vt 0.686700 0.828200
vt 0.672700 0.651200
vt 0.673200 0.035600
vt 0.344500 0.828200
vt 0.366600 0.650600
vt 0.366600 0.035900
vt 0.344500 0.001800
vt 0.330400 0.648800
vt 0.349300 0.647900
vt 0.349200 0.003500
vt 0.327900 0.010900
vt 0.327900 0.530800
vt 0.345600 0.530700
vt 0.330400 0.003900
vt 0.349100 0.004000
vt 0.349100 0.647600
vt 0.327900 0.010000
vt 0.345400 0.010000
vt 0.676500 0.031900
vt 0.676000 0.658100
vt 0.364400 0.657600
vt 0.402100 0.037300
vt 0.674600 0.036700
vt 0.686600 0.002600
vt 0.673400 0.672800
vt 0.686600 0.673300
vt 0.363900 0.035600
vt 0.364500 0.651200
vt 0.350400 0.828200
vt 0.670500 0.650600
vt 0.692700 0.828200
vt 0.670500 0.035900
vt 0.692700 0.001800
vt 0.345200 0.012200
vt 0.345000 0.530700
vt 0.330400 0.648200
vt 0.348500 0.647600
vt 0.348500 0.004000
vt 0.344800 0.530800
vt 0.360600 0.031900
vt 0.672700 0.032200
vt 0.672700 0.657600
vt 0.402100 0.002600
vt 0.702100 0.014100
vt 0.701900 0.675500
vt 0.327100 0.649600
vt 0.686700 0.001800
vt 0.995500 0.011200
vt 0.994000 0.687600
vt 0.994000 0.011200
vt 0.995100 0.014200
vt 0.701200 0.686600
vt 0.850400 0.686200
vt 0.867500 0.686600
vt 0.330400 0.003500
vt 0.345200 0.012300
vt 0.345300 0.530800
vt 0.364400 0.032200
vt 0.350400 0.001800
vt 0.361200 0.658100
vt 0.258600 0.832200
vt 0.258600 0.996500
vt 0.001900 0.996500
vt 0.509800 0.832000
vt 0.509800 0.996100
vt 0.002000 0.996100
vt 0.001900 0.832200
vt 0.002000 0.832000
vt 0.611300 0.743500
vt 0.618500 0.744700
vt 0.623200 0.734400
vt 0.623200 0.740600
vt 0.611300 0.731400
vt 0.608800 0.737300
vt 0.622600 0.741300
vt 0.617200 0.743600
vt 0.614600 0.730500
vt 0.612100 0.741300
vt 0.611000 0.734700
vt 0.623700 0.734700
vt 0.620100 0.730500
vt 0.620800 0.738100
vt 0.616300 0.740000
vt 0.614100 0.729100
vt 0.612000 0.738100
vt 0.611100 0.732600
vt 0.621700 0.732600
vt 0.618700 0.729100
vt 0.621300 0.741300
vt 0.615800 0.743600
vt 0.613300 0.730500
vt 0.610700 0.741300
vt 0.609600 0.734700
vt 0.622300 0.734700
vt 0.618700 0.730500
vt 0.618500 0.730200
vt 0.481000 0.639000
vt 0.449400 0.639000
vt 0.449300 0.636700
vt 0.481000 0.641300
vt 0.449300 0.641300
vt 0.449100 0.628000
vt 0.449300 0.625100
vt 0.481000 0.625100
vt 0.449000 0.629200
vt 0.481000 0.628000
vt 0.449000 0.631500
vt 0.481000 0.629200
vt 0.481000 0.634400
vt 0.449200 0.634400
vt 0.481000 0.636700
vt 0.622500 0.742400
vt 0.615900 0.745000
vt 0.609700 0.742400
vt 0.608400 0.735000
vt 0.612800 0.730200
vt 0.619400 0.730200
vt 0.623900 0.735000
vt 0.350900 0.636700
vt 0.351100 0.641300
vt 0.351100 0.639000
vt 0.350900 0.628000
vt 0.351100 0.625100
vt 0.350600 0.629200
vt 0.350400 0.631500
vt 0.350600 0.634400
vt 0.132800 0.636700
vt 0.254100 0.636700
vt 0.254200 0.639000
vt 0.133300 0.641300
vt 0.133200 0.639000
vt 0.133000 0.628000
vt 0.133300 0.625100
vt 0.254100 0.625100
vt 0.132500 0.629200
vt 0.253700 0.628000
vt 0.132200 0.631500
vt 0.253500 0.629200
vt 0.253500 0.631500
vt 0.253700 0.634400
vt 0.132300 0.634400
vt 0.327500 0.636700
vt 0.327700 0.639000
vt 0.254100 0.641300
vt 0.327600 0.625100
vt 0.327300 0.628000
vt 0.327000 0.629200
vt 0.327000 0.631500
vt 0.327200 0.634400
vt 0.327600 0.641300
vt 0.114900 0.636700
vt 0.115200 0.641300
vt 0.115300 0.639000
vt 0.114800 0.628000
vt 0.115200 0.625100
vt 0.114400 0.629200
vt 0.114200 0.631500
vt 0.114400 0.634400
vt 0.050300 0.636700
vt 0.050400 0.639000
vt 0.050200 0.628000
vt 0.050400 0.625100
vt 0.050000 0.629200
vt 0.049900 0.631500
vt 0.050000 0.634400
vt 0.027600 0.639000
vt 0.021200 0.639000
vt 0.021200 0.636700
vt 0.027600 0.641300
vt 0.021200 0.641300
vt 0.021200 0.625100
vt 0.027600 0.625100
vt 0.027600 0.628000
vt 0.021200 0.628000
vt 0.027700 0.629200
vt 0.021200 0.631500
vt 0.021200 0.629200
vt 0.021200 0.634400
vt 0.027700 0.631500
vt 0.027700 0.634400
vt 0.027600 0.636700
vt 0.091400 0.629500
vt 0.091400 0.627200
vt 0.061200 0.627200
vt 0.061200 0.624900
vt 0.061200 0.641200
vt 0.091500 0.641200
vt 0.091600 0.638300
vt 0.061200 0.638300
vt 0.091700 0.637100
vt 0.061200 0.637100
vt 0.091700 0.634800
vt 0.091600 0.631900
vt 0.061200 0.631900
vt 0.061200 0.629500
vt 0.615900 0.745300
vt 0.622700 0.742400
vt 0.612700 0.728800
vt 0.619600 0.728800
vt 0.609500 0.742400
vt 0.608200 0.734100
vt 0.185300 0.629500
vt 0.091500 0.624900
vt 0.185100 0.627200
vt 0.185100 0.641200
vt 0.185400 0.638300
vt 0.185600 0.637100
vt 0.185700 0.634800
vt 0.185600 0.631900
vt 0.277500 0.627200
vt 0.277700 0.629500
vt 0.393300 0.629500
vt 0.392900 0.624900
vt 0.277700 0.624900
vt 0.277700 0.641200
vt 0.392900 0.641200
vt 0.393200 0.638300
vt 0.278000 0.638300
vt 0.393600 0.637100
vt 0.393900 0.634800
vt 0.278200 0.634800
vt 0.278200 0.637100
vt 0.278000 0.631900
vt 0.393800 0.631900
vt 0.207400 0.627200
vt 0.207600 0.629500
vt 0.207500 0.641200
vt 0.207800 0.638300
vt 0.208100 0.634800
vt 0.208100 0.637100
vt 0.207900 0.631900
vt 0.207500 0.624900
vt 0.392900 0.627200
vt 0.410400 0.629500
vt 0.410100 0.624900
vt 0.410100 0.641200
vt 0.410500 0.638300
vt 0.410900 0.637100
vt 0.411100 0.634800
vt 0.410900 0.631900
vt 0.410100 0.627200
vt 0.472100 0.629500
vt 0.471900 0.627200
vt 0.471900 0.641200
vt 0.472100 0.638300
vt 0.472300 0.637100
vt 0.472400 0.634800
vt 0.472300 0.631900
vt 0.493700 0.627200
vt 0.493700 0.629500
vt 0.499800 0.629500
vt 0.493700 0.624900
vt 0.499800 0.627200
vt 0.493700 0.638300
vt 0.493700 0.641200
vt 0.499800 0.641200
vt 0.493600 0.637100
vt 0.499800 0.638300
vt 0.499800 0.634800
vt 0.493600 0.634800
vt 0.499800 0.631900
vt 0.493600 0.631900
vt 0.471900 0.624900
vt 0.030900 0.629500
vt 0.030900 0.627200
vt 0.000700 0.627200
vt 0.000700 0.624900
vt 0.000700 0.641200
vt 0.031000 0.641200
vt 0.031100 0.638300
vt 0.000700 0.638300
vt 0.031300 0.637100
vt 0.000700 0.637100
vt 0.031200 0.634800
vt 0.031100 0.631900
vt 0.000700 0.631900
vt 0.000700 0.629500
vt 0.124800 0.629500
vt 0.124600 0.624900
vt 0.031000 0.624900
vt 0.124600 0.641200
vt 0.124900 0.638300
vt 0.125100 0.637100
vt 0.125300 0.634800
vt 0.125100 0.631900
vt 0.217100 0.627200
vt 0.217200 0.629500
vt 0.332800 0.629500
vt 0.332400 0.624900
vt 0.217200 0.624900
vt 0.217200 0.641200
vt 0.332400 0.641200
vt 0.332700 0.638300
vt 0.217500 0.638300
vt 0.333100 0.637100
vt 0.333400 0.634800
vt 0.217700 0.634800
vt 0.217700 0.637100
vt 0.217500 0.631900
vt 0.333300 0.631900
vt 0.146900 0.627200
vt 0.147100 0.629500
vt 0.147000 0.641200
vt 0.147300 0.638300
vt 0.147600 0.634800
vt 0.147600 0.637100
vt 0.147400 0.631900
vt 0.124600 0.627200
vt 0.147000 0.624900
vt 0.332400 0.627200
vt 0.349900 0.629500
vt 0.349600 0.624900
vt 0.349600 0.641200
vt 0.350000 0.638300
vt 0.350400 0.637100
vt 0.350600 0.634800
vt 0.350400 0.631900
vt 0.349600 0.627200
vt 0.411600 0.629500
vt 0.411400 0.627200
vt 0.411400 0.641200
vt 0.411600 0.638300
vt 0.411800 0.637100
vt 0.411900 0.634800
vt 0.411800 0.631900
vt 0.433200 0.627200
vt 0.433200 0.629500
vt 0.439300 0.629500
vt 0.433200 0.624900
vt 0.439300 0.627200
vt 0.433200 0.638300
vt 0.433200 0.641200
vt 0.439300 0.641200
vt 0.433100 0.637100
vt 0.439300 0.638300
vt 0.439300 0.634800
vt 0.433100 0.634800
vt 0.439300 0.631900
vt 0.433100 0.631900
vt 0.411400 0.624900
vt 0.481000 0.631500
vt 0.050400 0.641300
vt 0.061200 0.634800
vt 0.624100 0.734100
vt 0.185100 0.624900
vt 0.499800 0.624900
vt 0.499800 0.637100
vt 0.000700 0.634800
vt 0.439300 0.624900
vt 0.439300 0.637100
s 0
usemtl mat_main_iron
f 1/1/1 2/2/1 3/3/1
f 4/4/2 5/5/2 6/6/2
f 7/7/3 8/8/3 9/9/3
f 10/10/4 11/11/4 12/12/4
f 13/13/1 14/14/1 15/15/1
f 16/16/4 17/17/4 18/18/4
f 19/19/3 20/15/3 21/14/3
f 22/20/4 23/12/4 24/11/4
f 25/7/1 26/21/1 27/9/1
f 28/22/4 29/23/4 30/24/4
f 31/25/5 32/26/5 33/27/5
f 34/28/6 35/29/6 36/30/6
f 37/31/7 38/32/7 39/33/7
f 36/30/7 39/33/7 38/32/7
f 40/34/3 41/35/3 42/36/3
f 43/37/8 44/38/8 3/3/8
f 45/39/9 46/40/9 47/41/9
f 48/42/10 30/24/10 29/23/10
f 49/34/11 25/7/11 50/43/11
f 51/44/12 52/45/12 22/20/12
f 53/46/13 54/47/13 19/19/13
f 55/48/10 56/49/10 17/17/10
f 57/46/11 13/13/11 58/19/11
f 59/45/12 60/44/12 10/10/12
f 40/34/14 61/50/14 8/8/14
f 37/31/15 62/51/15 6/6/15
f 63/52/5 64/53/5 65/54/5
f 59/45/4 66/55/4 67/56/4
f 68/47/16 69/57/16 70/58/16
f 57/46/1 70/58/1 71/59/1
f 72/58/17 73/57/17 54/47/17
f 74/59/3 54/47/3 53/46/3
f 51/44/4 75/56/4 76/55/4
f 77/60/1 78/36/1 79/35/1
f 80/61/18 81/62/18 82/63/18
f 82/63/19 83/64/19 84/65/19
f 85/66/4 86/67/4 48/42/4
f 87/68/5 88/69/5 89/70/5
f 90/71/20 91/72/20 92/73/20
f 93/74/21 94/75/21 95/76/21
f 96/77/22 97/78/22 98/79/22
f 99/80/23 100/81/23 101/82/23
f 102/83/24 103/84/24 104/85/24
f 105/80/25 106/86/25 107/82/25
f 108/77/26 109/87/26 110/88/26
f 111/89/27 112/90/27 113/76/27
f 114/91/28 115/73/28 116/92/28
f 117/93/29 118/94/29 119/95/29
f 117/93/29 120/96/29 121/97/29
f 122/98/30 123/99/30 124/100/30
f 125/101/31 126/102/31 127/103/31
f 128/104/32 129/105/32 130/106/32
f 131/107/30 132/108/30 92/73/30
f 133/109/30 95/76/30 94/75/30
f 134/110/30 135/87/30 98/79/30
f 136/111/30 137/112/30 138/86/30
f 139/113/30 140/114/30 104/85/30
f 141/115/30 107/82/30 106/86/30
f 142/116/30 110/88/30 109/87/30
f 143/117/30 144/118/30 145/75/30
f 146/119/30 116/92/30 115/73/30
f 147/120/33 148/121/33 149/122/33
f 150/123/30 151/124/30 152/125/30
f 153/126/34 154/127/34 155/128/34
f 156/129/35 157/130/35 158/131/35
f 159/132/36 160/133/36 161/134/36
f 162/135/37 163/136/37 164/137/37
f 165/138/38 166/139/38 167/140/38
f 168/141/39 169/142/39 170/143/39
f 164/137/40 170/143/40 171/144/40
f 172/145/41 130/106/41 173/137/41
f 174/146/42 175/147/42 114/91/42
f 176/91/4 177/147/4 90/71/4
f 166/139/43 178/148/43 173/137/43
f 167/140/44 179/149/44 180/150/44
f 102/83/4 181/151/4 103/84/4
f 35/29/4 182/152/4 183/153/4
f 184/154/4 39/33/4 185/155/4
f 186/156/45 167/140/45 173/137/45
f 164/137/43 163/136/43 179/149/43
f 187/157/5 188/158/5 189/159/5
f 190/160/9 191/161/9 187/157/9
f 47/41/5 190/160/5 192/162/5
f 193/163/3 194/164/3 195/165/3
f 196/166/1 197/167/1 198/168/1
f 199/169/46 200/170/46 201/171/46
f 202/172/4 203/173/4 204/174/4
f 205/175/5 206/176/5 207/177/5
f 208/178/1 207/177/1 209/179/1
f 210/180/30 211/181/30 212/182/30
f 213/183/47 214/184/47 215/185/47
f 216/186/3 217/187/3 218/188/3
f 219/189/5 220/190/5 221/191/5
f 222/187/1 223/186/1 224/192/1
f 225/193/48 226/194/48 227/195/48
f 228/196/5 229/197/5 230/198/5
f 215/185/49 214/184/49 231/199/49
f 225/193/50 232/200/50 213/183/50
f 220/190/51 219/189/51 228/196/51
f 233/201/1 234/202/1 235/203/1
f 236/204/52 237/205/52 238/206/52
f 239/207/1 240/208/1 241/204/1
f 242/209/1 44/38/1 243/210/1
f 44/38/1 43/37/1 244/211/1
f 245/212/1 246/213/1 247/210/1
f 248/213/1 249/214/1 250/215/1
f 251/216/1 252/217/1 253/218/1
f 254/219/1 255/220/1 256/221/1
f 257/222/1 258/219/1 259/221/1
f 260/223/1 261/224/1 255/220/1
f 262/225/1 263/226/1 255/220/1
f 254/219/1 262/225/1 255/220/1
f 241/204/1 264/222/1 256/221/1
f 241/204/1 265/227/1 264/222/1
f 241/204/1 240/208/1 265/227/1
f 266/218/1 267/217/1 248/213/1
f 267/217/1 268/228/1 248/213/1
f 268/228/1 249/214/1 248/213/1
f 269/229/1 270/216/1 266/218/1
f 269/229/1 271/230/1 270/216/1
f 269/229/1 272/231/1 271/230/1
f 269/229/1 44/38/1 242/209/1
f 273/232/46 274/233/46 275/234/46
f 276/235/5 277/236/5 278/237/5
f 279/235/30 280/236/30 281/237/30
f 282/235/4 283/236/4 284/237/4
f 285/238/46 286/232/46 287/233/46
f 288/235/5 289/236/5 290/237/5
f 291/235/30 292/236/30 293/237/30
f 294/235/4 295/236/4 296/237/4
f 297/235/5 298/236/5 299/237/5
f 300/235/30 301/236/30 302/237/30
f 303/235/4 304/236/4 305/237/4
f 306/232/46 307/233/46 308/234/46
f 309/235/53 310/236/53 311/237/53
f 312/239/54 313/240/54 314/241/54
f 315/242/55 316/243/55 317/244/55
f 318/235/56 319/236/56 320/245/56
f 321/246/57 322/247/57 323/248/57
f 324/249/58 325/250/58 326/251/58
f 327/252/59 328/253/59 329/254/59
f 330/255/60 331/256/60 332/257/60
f 333/258/46 334/259/46 335/260/46
f 336/261/46 337/262/46 338/263/46
f 339/235/61 340/236/61 341/264/61
f 342/265/62 343/266/62 344/267/62
f 345/268/63 346/269/63 347/270/63
f 348/271/64 349/272/64 350/273/64
f 351/255/65 352/256/65 353/274/65
f 354/275/66 355/276/66 356/277/66
f 357/278/67 358/279/67 359/270/67
f 360/235/68 361/236/68 362/280/68
f 363/1/1 364/281/1 365/282/1
f 366/281/1 367/283/1 368/284/1
f 369/283/1 370/285/1 371/286/1
f 372/287/1 373/288/1 374/289/1
f 375/290/1 376/291/1 377/292/1
f 378/293/1 379/294/1 380/295/1
f 381/296/46 382/297/46 383/298/46
f 384/299/69 385/297/69 386/300/69
f 382/297/1 381/296/1 387/301/1
f 388/296/1 389/295/1 390/302/1
f 391/303/5 392/26/5 393/304/5
f 32/26/5 394/305/5 395/306/5
f 396/305/5 397/307/5 398/289/5
f 399/308/5 400/309/5 401/310/5
f 402/310/5 188/158/5 403/311/5
f 404/158/5 405/312/5 406/313/5
f 187/157/5 407/314/5 408/313/5
f 409/308/5 410/162/5 189/159/5
f 407/314/5 410/162/5 409/308/5
f 411/315/5 403/311/5 408/313/5
f 31/25/5 33/27/5 412/316/5
f 413/317/1 414/303/1 380/295/1
f 415/318/4 416/319/4 417/320/4
f 418/321/46 419/322/46 420/323/46
f 421/324/5 422/320/5 423/319/5
f 424/325/30 425/326/30 426/327/30
f 427/318/4 428/319/4 429/328/4
f 430/321/46 431/322/46 432/323/46
f 433/329/5 434/328/5 435/319/5
f 436/330/30 437/331/30 438/332/30
f 439/318/4 440/319/4 441/328/4
f 442/321/46 443/322/46 444/323/46
f 445/329/5 446/328/5 447/319/5
f 448/325/30 449/326/30 450/332/30
f 451/318/4 452/319/4 453/333/4
f 454/334/46 455/321/46 456/322/46
f 457/335/5 458/333/5 459/319/5
f 460/336/30 461/337/30 462/338/30
f 463/318/4 464/319/4 465/339/4
f 466/321/46 467/322/46 468/323/46
f 469/340/5 470/339/5 471/319/5
f 472/341/30 473/342/30 474/343/30
f 475/344/3 476/345/3 477/319/3
f 478/325/30 479/326/30 480/332/30
f 481/318/1 482/319/1 483/345/1
f 484/321/46 485/322/46 486/323/46
f 487/346/3 488/347/3 489/319/3
f 490/348/30 491/349/30 492/350/30
f 493/318/1 494/319/1 495/347/1
f 496/321/46 497/322/46 498/323/46
f 499/351/3 500/352/3 501/319/3
f 502/353/30 503/354/30 504/355/30
f 505/318/1 506/319/1 507/352/1
f 508/321/46 509/322/46 510/323/46
f 511/351/3 512/352/3 513/319/3
f 514/356/30 515/357/30 516/358/30
f 517/318/1 518/319/1 519/352/1
f 520/321/46 521/322/46 522/323/46
f 523/359/5 524/360/5 525/204/5
f 526/204/5 527/361/5 528/362/5
f 529/363/5 530/364/5 531/365/5
f 532/366/5 533/367/5 534/368/5
f 535/367/5 536/369/5 537/370/5
f 538/371/5 539/372/5 540/373/5
f 541/374/5 542/375/5 543/376/5
f 544/377/5 545/378/5 546/379/5
f 547/380/5 548/381/5 549/382/5
f 550/383/5 551/384/5 549/382/5
f 552/378/5 550/383/5 549/382/5
f 525/204/5 524/360/5 553/385/5
f 525/204/5 553/385/5 554/377/5
f 555/386/70 554/377/70 556/379/70
f 46/40/5 557/387/5 558/363/5
f 542/375/5 559/365/5 560/388/5
f 543/376/5 561/389/5 541/374/5
f 562/390/71 563/391/71 564/372/71
f 565/392/72 566/393/72 567/394/72
f 568/235/3 569/236/3 570/237/3
f 571/235/30 572/236/30 573/237/30
f 574/235/1 575/236/1 576/237/1
f 577/232/46 578/233/46 579/234/46
f 580/395/73 581/396/73 582/397/73
f 583/398/74 584/399/74 585/400/74
f 586/235/75 587/236/75 588/401/75
f 589/235/76 590/236/76 591/237/76
f 592/402/77 593/403/77 594/237/77
f 595/404/78 596/405/78 597/406/78
f 598/407/79 599/408/79 600/409/79
f 601/235/3 602/236/3 603/237/3
f 604/235/30 605/236/30 606/237/30
f 607/235/1 608/236/1 609/237/1
f 610/232/46 611/233/46 612/234/46
f 613/235/3 614/236/3 615/237/3
f 616/235/80 617/236/80 618/410/80
f 619/235/81 620/236/81 621/237/81
f 622/235/82 623/236/82 624/237/82
f 625/235/83 626/236/83 627/237/83
f 628/411/84 629/412/84 630/237/84
f 631/235/85 632/236/85 633/413/85
f 634/235/86 635/236/86 636/237/86
f 637/414/46 638/415/46 639/416/46
f 640/235/87 641/236/87 642/237/87
f 643/417/88 644/418/88 645/419/88
f 646/235/89 647/236/89 648/420/89
f 649/235/90 650/236/90 651/237/90
f 652/235/91 653/236/91 654/237/91
f 655/421/92 656/422/92 657/237/92
f 658/423/93 659/424/93 660/425/93
f 661/235/94 662/236/94 663/237/94
f 664/414/46 665/415/46 666/416/46
f 667/426/5 668/427/5 669/428/5
f 670/429/5 671/430/5 672/431/5
f 673/432/5 674/68/5 675/433/5
f 676/429/5 677/434/5 678/435/5
f 679/436/5 680/437/5 681/438/5
f 682/439/5 683/440/5 684/441/5
f 685/442/5 686/443/5 687/444/5
f 688/445/5 689/446/5 690/447/5
f 691/448/5 679/436/5 692/445/5
f 693/449/5 694/450/5 695/451/5
f 696/452/5 697/453/5 698/454/5
f 699/455/5 700/456/5 701/457/5
f 702/442/5 703/452/5 704/458/5
f 705/459/5 706/460/5 707/455/5
f 708/461/5 709/462/5 710/463/5
f 711/464/5 712/442/5 713/465/5
f 714/466/5 715/460/5 716/459/5
f 717/467/95 718/462/95 719/468/95
f 720/469/5 721/466/5 722/470/5
f 723/471/5 724/472/5 725/473/5
f 726/474/5 727/475/5 728/476/5
f 729/68/5 730/477/5 731/478/5
f 732/93/5 733/479/5 734/68/5
f 735/480/3 736/481/3 737/482/3
f 738/255/30 739/256/30 740/483/30
f 741/484/1 742/409/1 743/485/1
f 744/486/46 745/487/46 746/488/46
f 747/489/3 748/490/3 749/491/3
f 750/236/30 751/235/30 752/482/30
f 753/492/1 754/493/1 755/494/1
f 756/495/46 757/496/46 758/234/46
f 759/489/3 760/490/3 761/497/3
f 762/498/30 763/499/30 764/500/30
f 765/501/1 766/502/1 767/494/1
f 768/234/46 769/238/46 770/233/46
f 770/233/46 769/238/46 771/232/46
f 772/503/96 773/504/96 774/505/96
f 775/506/97 776/507/97 777/508/97
f 778/509/98 779/510/98 780/511/98
f 781/512/46 782/513/46 783/514/46
f 784/498/3 785/499/3 786/515/3
f 787/507/30 788/508/30 789/505/30
f 790/516/1 791/517/1 792/518/1
f 793/519/46 794/520/46 795/514/46
f 796/498/3 797/499/3 798/521/3
f 799/399/30 800/398/30 801/522/30
f 802/501/1 803/502/1 804/518/1
f 805/495/46 806/496/46 807/234/46
f 808/523/99 809/524/99 810/525/99
f 811/526/100 812/527/100 813/528/100
f 814/529/101 815/530/101 816/531/101
f 817/532/46 818/533/46 819/534/46
f 820/535/3 821/536/3 822/537/3
f 823/480/30 824/481/30 825/538/30
f 826/539/1 827/540/1 828/541/1
f 829/542/46 830/543/46 831/544/46
f 832/545/3 833/546/3 834/525/3
f 835/399/30 836/398/30 837/522/30
f 838/529/1 839/547/1 840/548/1
f 841/549/46 842/550/46 843/534/46
f 844/551/102 845/504/102 846/552/102
f 847/236/103 848/235/103 849/553/103
f 850/511/1 851/554/1 852/424/1
f 853/232/46 854/233/46 855/555/46
f 856/535/3 857/536/3 858/537/3
f 859/236/30 860/235/30 861/553/30
f 862/539/1 863/540/1 864/541/1
f 865/232/46 866/233/46 867/234/46
f 868/556/3 869/557/3 870/497/3
f 871/236/30 872/235/30 873/553/30
f 874/501/1 875/502/1 876/558/1
f 877/232/46 878/233/46 879/234/46
f 880/559/3 881/525/3 882/523/3
f 883/236/30 884/235/30 885/552/30
f 886/560/1 887/561/1 888/529/1
f 889/495/46 890/496/46 891/234/46
f 892/236/3 893/235/3 894/491/3
f 895/535/30 896/536/30 897/562/30
f 898/492/1 899/493/1 900/553/1
f 901/563/46 902/564/46 903/565/46
f 904/545/3 905/546/3 906/538/3
f 907/489/30 908/490/30 909/515/30
f 910/507/1 911/508/1 912/548/1
f 913/566/46 914/567/46 915/568/46
f 164/137/104 167/140/104 186/156/104
f 916/569/5 917/570/5 45/39/5
f 31/25/9 548/381/9 918/571/9
f 919/572/5 920/573/5 921/574/5
f 922/69/5 923/575/5 924/576/5
f 925/577/29 926/578/29 927/579/29
f 928/580/30 929/581/30 930/582/30
f 931/583/46 932/584/46 933/585/46
f 934/586/105 935/587/105 936/588/105
f 937/589/46 938/590/46 939/591/46
f 940/592/30 941/593/30 942/594/30
f 943/595/5 944/361/5 945/596/5
f 946/456/5 947/597/5 948/598/5
f 918/571/5 548/381/5 547/380/5
f 523/359/5 949/599/5 943/595/5
f 950/600/5 951/601/5 952/289/5
f 951/601/5 953/602/5 412/316/5
f 954/304/5 395/306/5 952/289/5
f 692/445/5 955/603/5 956/604/5
f 955/603/5 957/470/5 956/604/5
f 958/605/106 959/606/106 960/607/106
f 961/608/5 962/428/5 963/471/5
f 964/609/1 965/610/1 966/611/1
f 374/289/1 373/288/1 967/612/1
f 413/317/8 261/224/8 968/613/8
f 255/220/1 966/611/1 256/221/1
f 969/614/1 970/615/1 971/616/1
f 968/613/1 261/224/1 260/223/1
f 239/207/30 972/617/30 964/609/30
f 413/317/1 973/618/1 974/619/1
f 975/620/107 387/301/107 414/303/107
f 973/618/1 378/293/1 383/298/1
f 541/374/5 559/365/5 542/375/5
f 561/389/5 190/160/5 47/41/5
f 976/621/5 47/41/5 46/40/5
f 557/387/5 977/364/5 558/363/5
f 557/387/5 560/388/5 977/364/5
f 561/389/4 543/376/4 191/161/4
f 978/622/5 191/161/5 979/368/5
f 543/376/5 979/368/5 191/161/5
f 950/600/5 980/307/5 394/305/5
f 950/600/5 394/305/5 32/26/5
f 31/25/5 950/600/5 32/26/5
f 402/310/5 981/623/5 189/159/5
f 187/157/5 982/312/5 188/158/5
f 188/158/5 402/310/5 189/159/5
f 89/70/5 956/604/5 957/470/5
f 89/70/5 681/438/5 983/433/5
f 970/615/8 984/624/8 985/625/8
f 986/203/1 987/626/1 988/627/1
f 989/285/1 990/628/1 991/629/1
f 992/630/1 967/612/1 985/625/1
f 993/631/1 994/290/1 985/625/1
f 991/629/1 3/3/1 2/2/1
f 995/632/108 368/284/108 996/286/108
f 997/633/1 990/628/1 989/285/1
f 367/283/30 366/281/30 998/1/30
f 999/634/1 971/616/1 988/627/1
f 984/624/1 970/615/1 969/614/1
f 1000/635/5 704/458/5 1001/454/5
f 1000/635/5 1001/454/5 1002/453/5
f 1003/636/5 1004/475/5 1005/474/5
f 1000/635/5 1006/465/5 704/458/5
f 1000/635/5 1007/637/5 1006/465/5
f 678/435/5 962/428/5 1008/430/5
f 1009/638/5 1010/639/5 1011/440/5
f 1011/440/5 1012/439/5 1009/638/5
f 1013/640/5 1014/465/5 1015/641/5
f 1015/641/5 1014/465/5 1016/444/5
f 948/598/5 1017/642/5 1018/457/5
f 948/598/5 705/459/5 1017/642/5
f 948/598/5 722/470/5 705/459/5
f 948/598/5 732/93/5 722/470/5
f 732/93/5 1019/478/5 722/470/5
f 732/93/5 1020/643/5 1019/478/5
f 947/597/5 721/466/5 720/469/5
f 706/460/5 721/466/5 947/597/5
f 707/455/5 706/460/5 947/597/5
f 946/456/5 707/455/5 947/597/5
f 1021/644/109 1022/645/109 1023/646/109
f 1024/647/30 1025/648/30 150/123/30
f 1026/649/110 1027/650/110 1028/651/110
f 1029/652/111 1030/653/111 1031/654/111
f 1032/649/112 1033/650/112 1034/651/112
f 1028/651/113 1035/650/113 1036/649/113
f 1037/655/5 1038/656/5 1039/657/5
f 1040/658/46 1041/659/46 1042/660/46
f 1043/661/114 1042/660/114 1044/662/114
f 1045/663/115 1046/664/115 1047/665/115
f 1048/666/116 1049/667/116 1050/668/116
f 1051/665/117 1052/664/117 1053/663/117
f 1054/649/110 1055/650/110 1056/651/110
f 1057/652/111 1058/653/111 1059/654/111
f 1060/649/112 1061/650/112 1062/651/112
f 1056/651/99 1063/650/99 1064/649/99
f 1065/669/5 1066/670/5 1067/671/5
f 1068/672/118 1069/673/118 1070/674/118
f 1071/675/119 1072/676/119 1073/677/119
f 1074/678/120 1075/679/120 1076/680/120
f 1077/678/121 1078/679/121 1079/680/121
f 1080/681/5 1081/682/5 1082/683/5
f 1065/669/5 1083/684/5 1084/685/5
f 1085/686/122 1086/687/122 1087/688/122
f 1088/689/123 1089/688/123 1090/687/123
f 1091/690/5 1092/691/5 1093/692/5
f 1094/687/124 1095/688/124 1096/689/124
f 1097/688/125 1098/687/125 1099/686/125
f 1100/693/126 1101/694/126 1102/695/126
f 1067/671/5 1066/670/5 1103/696/5
f 1103/696/127 1104/697/127 1105/698/127
f 1067/671/127 1105/698/127 1106/699/127
f 1103/696/5 1093/692/5 1104/697/5
f 1107/700/128 1108/701/128 1109/702/128
f 1110/703/129 1111/704/129 1112/705/129
f 1113/705/130 1114/704/130 1115/703/130
f 1116/706/131 1117/707/131 1118/708/131
f 1119/703/132 1120/704/132 1121/705/132
f 1122/705/133 1123/704/133 1124/703/133
f 966/611/1 241/204/1 256/221/1
f 966/611/1 965/610/1 241/204/1
f 1125/709/4 1126/710/4 1127/711/4
f 1128/712/4 1129/713/4 1130/714/4
f 1131/715/4 1132/716/4 1133/717/4
f 1134/234/46 1135/238/46 1136/232/46
f 1137/718/1 1138/719/1 1139/720/1
f 1140/721/30 1141/722/30 1142/723/30
f 1143/724/3 1144/720/3 1145/719/3
f 1146/234/46 1147/238/46 1148/232/46
f 1149/725/1 1150/726/1 1128/712/1
f 1151/721/30 1152/722/30 1153/723/30
f 1154/727/3 1155/712/3 1156/726/3
f 1157/234/46 1158/238/46 1159/232/46
f 1160/728/1 1131/715/1 1161/729/1
f 1162/721/30 1163/722/30 1164/723/30
f 1165/730/3 1166/729/3 1167/715/3
f 1168/716/4 1169/715/4 1170/731/4
f 1171/732/4 1172/717/4 1168/716/4
f 1170/731/4 1169/715/4 1173/729/4
f 1171/732/4 1174/714/4 1172/717/4
f 1175/713/4 1170/731/4 1173/729/4
f 1173/729/4 1172/717/4 1174/714/4
f 1171/732/4 1176/733/4 1177/711/4
f 1178/710/134 1179/734/134 1174/714/134
f 1179/734/4 1178/710/4 1180/709/4
f 1181/735/4 1182/736/4 56/49/4
f 55/48/46 1183/737/46 1184/738/46
f 1170/731/4 1175/713/4 1185/712/4
f 1185/712/135 1180/709/135 1186/739/135
f 1187/740/4 1186/739/4 1177/711/4
f 55/48/3 16/16/3 1188/741/3
f 1189/742/4 1190/743/4 1191/744/4
f 1189/742/10 1184/738/10 1183/737/10
f 1183/737/4 55/48/4 1192/745/4
f 1191/744/1 1190/743/1 1183/737/1
f 1193/746/136 1194/747/136 1195/748/136
f 1196/746/137 1197/747/137 1198/748/137
f 1199/746/138 1200/747/138 1201/748/138
f 1202/746/139 1203/747/139 1204/748/139
f 1205/746/140 1206/747/140 1207/748/140
f 1208/746/141 1209/747/141 1210/748/141
f 1211/746/142 1212/747/142 1213/748/142
f 1214/746/143 1215/747/143 1216/748/143
f 1217/746/144 1218/747/144 1219/748/144
f 1220/746/145 1221/747/145 1222/748/145
f 1223/746/146 1224/747/146 1225/748/146
f 1226/746/147 1227/747/147 1228/748/147
f 1229/749/148 1230/750/148 1231/751/148
f 1232/752/149 1233/753/149 1234/754/149
f 1235/755/150 1236/756/150 1237/757/150
f 1238/758/151 1239/759/151 1240/760/151
f 1241/761/152 1242/762/152 1243/763/152
f 1244/764/153 1245/765/153 1246/766/153
f 1247/767/30 1248/768/30 1249/748/30
f 1250/769/4 1251/770/4 1252/748/4
f 1253/769/46 1254/770/46 1255/748/46
f 1256/769/5 1257/770/5 1258/748/5
f 1259/769/30 1260/770/30 1261/771/30
f 1262/772/1 1263/773/1 1264/774/1
f 1265/775/46 1266/776/46 1267/777/46
f 1268/778/1 1267/777/1 1269/779/1
f 1270/746/154 1271/747/154 1272/748/154
f 1273/746/155 1274/747/155 1275/748/155
f 1276/746/156 1277/747/156 1278/748/156
f 1279/746/157 1280/747/157 1281/748/157
f 1282/746/158 1283/747/158 1284/748/158
f 1285/746/159 1286/747/159 1287/748/159
f 1288/746/160 1289/747/160 1290/748/160
f 1291/746/161 1292/747/161 1293/748/161
f 1294/746/162 1295/747/162 1296/748/162
f 1297/746/163 1298/747/163 1299/748/163
f 1300/746/164 1301/747/164 1302/748/164
f 1303/746/165 1304/747/165 1305/748/165
f 1306/780/166 1307/781/166 1308/782/166
f 1309/783/167 1310/784/167 1311/785/167
f 1312/786/168 1313/787/168 1314/788/168
f 1315/789/169 1316/790/169 1317/791/169
f 1318/792/170 1319/793/170 1320/794/170
f 1321/795/171 1322/796/171 1323/797/171
f 1324/798/30 1325/799/30 1326/748/30
f 1327/769/1 1328/770/1 1329/748/1
f 1330/769/46 1331/770/46 1332/748/46
f 1333/769/3 1334/770/3 1335/748/3
f 1336/769/30 1337/770/30 1338/800/30
f 1339/772/5 1340/773/5 1341/774/5
f 1342/775/46 1343/801/46 1344/802/46
f 1345/778/5 1344/802/5 1346/779/5
f 1347/803/172 1348/804/172 1349/805/172
f 1350/806/173 1351/807/173 1042/660/173
f 1043/661/172 1352/808/172 1353/809/172
f 1354/649/110 1355/650/110 1356/651/110
f 1357/652/174 1358/653/174 1359/654/174
f 1359/654/175 1360/810/175 1361/650/175
f 1356/651/176 1362/650/176 1363/649/176
f 1364/655/5 1365/656/5 1366/657/5
f 1367/658/46 1368/659/46 1369/660/46
f 1370/661/30 1369/660/30 1371/662/30
f 1372/664/177 1373/665/177 1374/811/177
f 1375/666/178 1376/667/178 1377/668/178
f 1378/811/179 1379/665/179 1380/664/179
f 1381/649/110 1382/650/110 1383/651/110
f 1384/652/180 1385/653/180 1386/654/180
f 1387/649/181 1388/650/181 1389/651/181
f 1390/654/182 1383/651/182 1391/650/182
f 1392/803/183 1393/804/183 1394/805/183
f 1368/659/184 1395/806/184 1396/807/184
f 1370/661/183 1397/808/183 1398/809/183
f 1399/812/5 1400/813/5 1401/814/5
f 1402/815/185 1403/816/185 1404/817/185
f 1405/649/110 1406/650/110 1407/651/110
f 1408/652/186 1409/653/186 1410/654/186
f 1411/651/187 1410/654/187 1412/649/187
f 1407/651/188 1413/650/188 1414/649/188
f 1415/655/5 1416/656/5 1417/657/5
f 1418/658/46 1419/659/46 1420/660/46
f 1421/661/189 1420/660/189 1422/662/189
f 1423/664/190 1424/665/190 1425/811/190
f 1426/666/191 1427/667/191 1428/668/191
f 1429/811/176 1430/665/176 1431/664/176
f 1432/649/110 1433/650/110 1434/651/110
f 1435/652/192 1436/653/192 1437/654/192
f 1437/654/193 1438/649/193 1439/650/193
f 1434/651/194 1440/818/194 1441/649/194
f 1442/803/195 1443/804/195 1444/805/195
f 1419/659/196 1445/806/196 1446/807/196
f 1421/661/197 1447/808/197 1448/809/197
f 719/468/5 1449/819/5 1450/820/5
f 1451/821/198 1452/822/198 1453/463/198
f 1454/464/199 1455/823/199 1456/824/199
f 1457/825/5 1458/826/5 1459/827/5
f 1359/654/200 1460/649/200 1360/810/200
f 1461/828/201 1462/649/201 1390/654/201
f 852/424/202 1463/423/202 1464/510/202
f 1465/829/203 845/504/203 844/551/203
f 1466/649/110 1467/650/110 1468/651/110
f 1469/652/204 1470/653/204 1471/654/204
f 1472/651/205 1471/654/205 1473/649/205
f 1468/651/206 1474/650/206 1475/649/206
f 1476/655/5 1477/656/5 1478/657/5
f 1479/658/46 1480/659/46 1481/660/46
f 1482/661/189 1481/660/189 1483/662/189
f 1484/664/207 1485/665/207 1486/811/207
f 1487/667/191 1488/668/191 1489/830/191
f 1490/811/208 1491/665/208 1492/664/208
f 1493/649/110 1494/650/110 1495/651/110
f 1496/649/209 1497/652/209 1498/653/209
f 1499/649/210 1500/650/210 1501/651/210
f 1495/651/211 1502/831/211 1503/649/211
f 1504/803/212 1505/804/212 1506/805/212
f 1507/806/213 1508/807/213 1481/660/213
f 1482/661/195 1509/808/195 1510/809/195
f 1511/649/110 1512/650/110 1513/651/110
f 1514/652/214 1515/653/214 1516/654/214
f 1517/649/215 1518/650/215 1519/651/215
f 1513/651/194 1520/650/194 1521/649/194
f 1522/655/5 1523/656/5 1524/657/5
f 1525/658/5 1526/659/5 1527/660/5
f 1528/661/216 1527/660/216 1529/662/216
f 1530/664/217 1531/665/217 1532/811/217
f 1533/666/116 1534/667/116 1535/668/116
f 1536/811/218 1537/665/218 1538/664/218
f 1539/649/110 1540/650/110 1541/651/110
f 1542/652/219 1543/653/219 1544/654/219
f 1545/649/220 1546/650/220 1547/651/220
f 1541/651/206 1548/650/206 1549/649/206
f 1550/803/196 1551/804/196 1552/805/196
f 1526/659/221 1553/806/221 1554/807/221
f 1528/661/196 1555/808/196 1556/809/196
f 1557/832/5 1558/833/5 1559/834/5
f 1560/449/5 1561/835/5 1562/836/5
f 1563/837/5 1456/824/5 1449/819/5
f 1563/837/222 703/452/222 702/442/222
f 1564/838/199 1002/453/199 703/452/199
f 1557/832/223 1565/839/223 1558/833/223
f 1558/833/224 1565/839/224 1000/635/224
f 1565/839/106 1557/832/106 1566/840/106
f 1000/635/225 1002/453/225 1564/838/225
f 1567/841/226 1568/650/226 1411/651/226
f 1434/651/227 1569/650/227 1440/818/227
f 1570/842/5 1571/843/5 1572/844/5
f 1013/640/228 1015/641/228 1573/845/228
f 1574/846/199 1575/443/199 1013/640/199
f 1576/847/5 1577/848/5 1578/849/5
f 1579/850/229 1573/845/229 1015/641/229
f 1009/638/230 1580/851/230 1579/850/230
f 1580/851/5 1581/852/5 1579/850/5
f 1582/853/231 1580/851/231 1009/638/231
f 1495/651/232 1583/650/232 1502/831/232
f 1584/854/233 1585/650/233 1472/651/233
f 1586/855/5 1587/856/5 1588/857/5
f 1589/858/5 1590/859/5 1591/860/5
f 960/607/223 1592/861/223 1593/862/223
f 1594/863/234 1595/864/234 1596/865/234
f 1597/866/234 1596/865/234 1595/864/234
f 1591/860/230 1590/859/230 959/606/230
f 1592/861/5 1598/867/5 1593/862/5
f 958/605/106 1591/860/106 959/606/106
f 960/607/106 1593/862/106 1586/855/106
f 1597/866/224 1595/864/224 1592/861/224
f 1599/868/235 1600/869/235 1601/870/235
f 1602/868/236 1603/871/236 1604/870/236
f 1605/872/237 1606/873/237 1084/685/237
f 1607/874/238 1087/688/238 1086/687/238
f 1608/875/239 1090/687/239 1089/688/239
f 1609/876/240 1092/691/240 1091/690/240
f 1610/874/238 1095/688/238 1094/687/238
f 1611/875/241 1098/687/241 1097/688/241
f 1612/669/5 1613/670/5 1614/671/5
f 1615/672/242 1616/673/242 1617/674/242
f 1618/675/243 1619/676/243 1620/677/243
f 1621/678/244 1622/679/244 1623/680/244
f 1624/678/245 1625/679/245 1626/680/245
f 1627/681/5 1628/682/5 1629/683/5
f 1612/669/5 1630/684/5 1631/685/5
f 1632/686/246 1633/687/246 1634/688/246
f 1635/689/247 1636/688/247 1637/687/247
f 1638/690/5 1639/691/5 1640/692/5
f 1641/687/248 1642/688/248 1643/689/248
f 1644/688/249 1645/687/249 1646/686/249
f 1647/693/250 1648/694/250 1649/695/250
f 1614/671/5 1613/670/5 1650/696/5
f 1650/696/222 1651/697/222 1652/698/222
f 1614/671/222 1652/698/222 1653/699/222
f 1650/696/5 1640/692/5 1651/697/5
f 1654/701/251 1655/702/251 1656/877/251
f 1657/703/252 1658/704/252 1659/705/252
f 1660/705/253 1661/704/253 1662/703/253
f 1663/706/254 1664/707/254 1665/708/254
f 1666/703/255 1667/704/255 1668/705/255
f 1669/705/256 1670/704/256 1671/703/256
f 1672/868/257 1673/869/257 1674/870/257
f 1675/868/258 1676/871/258 1677/870/258
f 1678/872/259 1679/873/259 1631/685/259
f 1680/875/260 1681/874/260 1634/688/260
f 1682/874/261 1683/875/261 1637/687/261
f 1684/876/262 1639/691/262 1638/690/262
f 1685/874/263 1642/688/263 1641/687/263
f 1686/874/264 1687/875/264 1645/687/264
f 1688/878/72 1689/879/72 563/391/72
f 1690/880/265 535/367/265 1691/881/265
f 1692/882/30 1693/883/30 1694/884/30
f 1695/885/30 1696/886/30 1697/887/30
f 1698/888/266 1699/889/266 1689/879/266
f 1699/889/267 1700/371/267 1689/879/267
f 1700/371/268 1701/373/268 1689/879/268
f 1701/373/269 563/391/269 1689/879/269
f 563/391/270 1701/373/270 564/372/270
f 562/390/271 536/369/271 563/391/271
f 563/391/272 536/369/272 535/367/272
f 542/375/5 560/388/5 557/387/5
f 535/367/5 542/375/5 557/387/5
f 1698/888/273 1689/879/273 566/393/273
f 978/622/274 1698/888/274 566/393/274
f 978/622/275 566/393/275 565/392/275
f 1702/890/276 1459/827/276 1455/823/276
f 1703/891/229 1704/892/229 1402/815/229
f 1705/893/46 1706/894/46 1707/895/46
f 1708/896/277 1709/897/277 1710/898/277
f 1711/471/278 1712/899/278 1713/900/278
f 1714/472/279 1711/471/279 1715/901/279
f 1716/902/280 1717/903/280 1718/431/280
f 1719/476/281 1720/904/281 1716/902/281
f 1004/475/282 1003/636/282 1720/904/282
f 1005/474/278 1718/431/278 1713/900/278
f 1712/899/283 1005/474/283 1713/900/283
f 1720/904/284 1003/636/284 1714/472/284
f 1402/815/234 1721/905/234 1722/906/234
f 1402/815/285 1723/907/285 1724/908/285
f 1725/909/286 1726/910/286 1727/911/286
f 928/580/287 1725/909/287 1728/912/287
f 1729/913/288 1723/907/288 1722/906/288
f 1730/914/5 1731/915/5 1732/916/5
f 1732/916/289 1401/814/289 1729/913/289
f 1401/814/106 1400/813/106 1403/816/106
f 1400/813/106 1733/917/106 1403/816/106
f 1733/917/5 1734/918/5 1404/817/5
f 1403/816/230 1733/917/230 1404/817/230
f 1730/914/290 1732/916/290 1729/913/290
f 1718/431/291 1717/903/291 1713/900/291
f 1719/476/292 1004/475/292 1720/904/292
f 1702/890/279 718/462/279 1735/919/279
f 1702/890/293 1565/839/293 1736/450/293
f 1565/839/5 1737/451/5 1736/450/5
f 1738/920/5 1449/819/5 719/468/5
f 1739/921/294 1740/922/294 1738/920/294
f 1736/450/295 1741/923/295 1739/921/295
f 719/468/95 718/462/95 1736/450/95
f 1735/919/95 1742/924/95 1457/825/95
f 1702/890/296 1735/919/296 1457/825/296
f 1702/890/297 1457/825/297 1459/827/297
f 1455/823/276 1454/464/276 1007/637/276
f 1455/823/298 1743/925/298 1744/926/298
f 1743/925/299 1007/637/299 1000/635/299
f 1745/927/5 1746/928/5 1743/925/5
f 1747/929/300 1748/930/300 1749/931/300
f 1750/932/301 734/68/301 1751/933/301
f 1752/934/46 1753/935/46 914/567/46
f 913/566/46 1752/934/46 914/567/46
f 63/52/5 1754/479/5 64/53/5
f 65/54/5 1755/936/5 1756/937/5
f 720/469/301 1757/938/301 1758/939/301
f 734/68/302 733/479/302 1751/933/302
f 1759/940/303 1760/941/303 1761/942/303
f 1762/943/304 1763/944/304 1764/945/304
f 1765/946/5 1766/947/5 1767/948/5
f 1015/641/5 1768/949/5 1769/950/5
f 1574/846/127 1770/951/127 1016/444/127
f 1768/949/5 1016/444/5 1770/951/5
f 1771/952/46 1772/953/46 1773/954/46
f 1774/955/46 1775/956/46 1776/957/46
f 123/99/30 122/98/30 1777/958/30
f 1778/476/5 1779/959/5 1780/960/5
f 1781/961/5 1782/962/5 1783/963/5
f 1008/430/5 961/608/5 1780/960/5
f 1784/964/5 677/434/5 676/429/5
f 961/608/5 1008/430/5 962/428/5
f 1781/961/5 678/435/5 677/434/5
f 1785/965/30 1786/966/30 124/100/30
f 1015/641/5 1016/444/5 1768/949/5
f 1574/846/6 1576/847/6 1010/639/6
f 1787/967/305 1011/440/305 1010/639/305
f 1576/847/306 1578/849/306 1010/639/306
f 1788/968/5 1596/865/5 1597/866/5
f 959/606/307 1590/859/307 1594/863/307
f 1789/969/5 87/68/5 1790/970/5
f 1791/971/46 1792/972/46 1793/973/46
f 691/448/5 680/437/5 679/436/5
f 1789/969/5 88/69/5 87/68/5
f 691/448/5 1790/970/5 680/437/5
f 1794/52/308 1795/974/308 1796/54/308
f 1797/98/309 1798/975/309 1799/100/309
f 1800/101/310 1801/102/310 1802/103/310
f 1803/129/311 1804/130/311 1805/131/311
f 1806/435/1 1807/426/1 1808/427/1
f 1809/429/1 1810/430/1 1811/431/1
f 1812/438/1 1813/432/1 1814/68/1
f 1815/429/1 1816/434/1 1817/435/1
f 1818/436/1 1819/437/1 1820/438/1
f 1821/439/1 1822/440/1 1823/441/1
f 1824/465/1 1825/442/1 1826/443/1
f 1827/603/1 1828/445/1 1829/446/1
f 1830/448/1 1818/436/1 1831/445/1
f 1832/449/1 1833/450/1 1834/451/1
f 1835/458/1 1836/452/1 1837/453/1
f 1838/642/1 1839/455/1 1840/456/1
f 1841/442/1 1842/452/1 1843/458/1
f 1844/459/1 1845/460/1 1846/455/1
f 1847/461/1 1848/462/1 1849/463/1
f 1850/464/1 1851/442/1 1852/465/1
f 1853/466/1 1854/460/1 1855/459/1
f 1856/467/312 1857/462/312 1858/468/312
f 1859/469/1 1860/466/1 1861/470/1
f 1862/899/1 1863/471/1 1864/472/1
f 1865/431/1 1866/474/1 1867/475/1
f 1868/643/1 1869/68/1 1870/477/1
f 1871/480/5 1872/481/5 1873/482/5
f 1874/255/30 1875/256/30 1876/483/30
f 1877/484/4 1878/409/4 1879/485/4
f 1880/486/46 1881/487/46 1882/488/46
f 1883/489/5 1884/490/5 1885/491/5
f 1886/236/30 1887/235/30 1888/482/30
f 1889/492/4 1890/493/4 1891/494/4
f 1892/495/46 1893/496/46 1894/234/46
f 1895/489/5 1896/490/5 1897/497/5
f 1898/498/30 1899/499/30 1900/500/30
f 1901/501/4 1902/502/4 1903/494/4
f 1904/234/46 1905/238/46 1906/233/46
f 1906/233/46 1905/238/46 1907/232/46
f 1908/503/313 1909/504/313 1910/505/313
f 1911/506/314 1912/507/314 1913/508/314
f 1914/509/315 1915/510/315 1916/511/315
f 1917/512/46 1918/513/46 1919/514/46
f 1920/498/5 1921/499/5 1922/515/5
f 1923/507/30 1924/508/30 1925/505/30
f 1926/516/4 1927/517/4 1928/518/4
f 1929/519/46 1930/520/46 1931/514/46
f 1932/498/5 1933/499/5 1934/521/5
f 1935/399/30 1936/398/30 1937/522/30
f 1938/501/4 1939/502/4 1940/518/4
f 1941/495/46 1942/496/46 1943/234/46
f 1944/523/316 1945/524/316 1946/525/316
f 1947/526/317 1948/527/317 1949/528/317
f 1950/529/318 1951/530/318 1952/531/318
f 1953/532/46 1954/533/46 1955/534/46
f 1956/535/5 1957/536/5 1958/537/5
f 1959/480/30 1960/481/30 1961/538/30
f 1962/539/4 1963/540/4 1964/541/4
f 1965/542/46 1966/543/46 1967/544/46
f 1968/545/5 1969/546/5 1970/525/5
f 1971/399/30 1972/398/30 1973/522/30
f 1974/529/4 1975/547/4 1976/548/4
f 1977/549/46 1978/550/46 1979/534/46
f 1980/551/319 1981/504/319 1982/552/319
f 1983/236/320 1984/235/320 1985/553/320
f 1986/511/4 1987/554/4 1988/424/4
f 1989/232/46 1990/233/46 1991/555/46
f 1992/535/5 1993/536/5 1994/537/5
f 1995/236/30 1996/235/30 1997/553/30
f 1998/539/4 1999/540/4 2000/541/4
f 2001/232/46 2002/233/46 2003/234/46
f 2004/556/5 2005/557/5 2006/497/5
f 2007/236/30 2008/235/30 2009/553/30
f 2010/501/4 2011/502/4 2012/558/4
f 2013/232/46 2014/233/46 2015/234/46
f 2016/559/5 2017/525/5 2018/523/5
f 2019/551/30 2020/236/30 2021/235/30
f 2022/560/4 2023/561/4 2024/529/4
f 2025/495/46 2026/496/46 2027/234/46
f 2028/236/5 2029/235/5 2030/491/5
f 2031/535/30 2032/536/30 2033/562/30
f 2034/492/4 2035/493/4 2036/553/4
f 2037/563/46 2038/564/46 2039/565/46
f 2040/545/5 2041/546/5 2042/538/5
f 2043/489/30 2044/490/30 2045/515/30
f 2046/507/4 2047/508/4 2048/548/4
f 2049/566/46 2050/567/46 2051/568/46
f 2052/976/1 2053/977/1 2054/978/1
f 2055/580/30 2056/581/30 2057/582/30
f 2058/979/207 2059/980/207 2060/981/207
f 2061/982/321 2062/983/321 2063/984/321
f 2063/984/322 2064/587/322 2065/985/322
f 2066/589/46 2067/590/46 2068/591/46
f 2069/456/1 2070/597/1 2071/598/1
f 1831/445/1 2072/603/1 2073/986/1
f 2072/603/1 2074/470/1 2073/986/1
f 2075/608/1 2076/428/1 2077/471/1
f 2078/635/1 1843/458/1 2079/454/1
f 2078/635/1 2079/454/1 2080/453/1
f 2081/636/1 2082/475/1 2083/474/1
f 2078/635/1 2084/465/1 1843/458/1
f 2078/635/1 2085/637/1 2084/465/1
f 1817/435/1 2076/428/1 2086/430/1
f 2087/987/1 2088/639/1 2089/440/1
f 2089/440/1 2090/439/1 2087/987/1
f 2091/640/1 2092/465/1 2093/988/1
f 2093/988/1 2092/465/1 2094/444/1
f 2071/598/1 2095/642/1 2096/457/1
f 2071/598/1 1844/459/1 2095/642/1
f 2071/598/1 1861/470/1 1844/459/1
f 2097/478/1 1861/470/1 2071/598/1
f 2070/597/1 1860/466/1 1859/469/1
f 1845/460/1 1860/466/1 2070/597/1
f 1846/455/1 1845/460/1 2070/597/1
f 2069/456/1 1846/455/1 2070/597/1
f 2098/669/1 2099/670/1 2100/671/1
f 2101/672/323 2102/673/323 2103/674/323
f 2104/675/324 2105/676/324 2106/677/324
f 2107/678/325 2108/679/325 2109/680/325
f 2110/678/326 2111/679/326 2112/680/326
f 2113/681/1 2114/682/1 2115/683/1
f 2098/669/1 2116/684/1 2117/685/1
f 2118/686/327 2119/687/327 2120/688/327
f 2121/689/328 2122/688/328 2123/687/328
f 2124/690/1 2125/691/1 2126/692/1
f 2127/687/329 2128/688/329 2129/689/329
f 2130/688/330 2131/687/330 2132/686/330
f 2133/693/331 2134/694/331 2135/695/331
f 2100/671/332 2099/670/332 2136/696/332
f 2136/696/333 2137/697/333 2138/698/333
f 2100/671/333 2138/698/333 2139/699/333
f 2136/696/1 2126/692/1 2137/697/1
f 2140/649/334 2141/650/334 2142/651/334
f 2143/652/335 2144/653/335 2145/654/335
f 2145/654/336 2146/810/336 2147/650/336
f 2142/651/337 2148/650/337 2149/649/337
f 2150/655/1 2151/656/1 2152/657/1
f 2153/658/46 2154/659/46 2155/660/46
f 2156/661/30 2155/660/30 2157/662/30
f 2158/664/338 2159/665/338 2160/811/338
f 2161/666/339 2162/667/339 2163/668/339
f 2164/811/340 2165/665/340 2166/664/340
f 2167/649/334 2168/650/334 2169/651/334
f 2170/652/341 2171/653/341 2172/654/341
f 2173/649/342 2174/650/342 2175/651/342
f 2176/654/343 2169/651/343 2177/650/343
f 2178/803/344 2179/804/344 2180/805/344
f 2154/659/345 2181/806/345 2182/807/345
f 2156/661/344 2183/808/344 2184/809/344
f 2185/649/334 2186/650/334 2187/651/334
f 2188/652/346 2189/653/346 2190/654/346
f 2191/651/347 2190/654/347 2192/649/347
f 2187/651/348 2193/650/348 2194/649/348
f 2195/655/1 2196/656/1 2197/657/1
f 2198/658/30 2199/659/30 2200/660/30
f 2201/661/30 2200/660/30 2202/662/30
f 2203/664/349 2204/665/349 2205/811/349
f 2206/666/350 2207/667/350 2208/668/350
f 2209/811/337 2210/665/337 2211/664/337
f 2212/649/334 2213/650/334 2214/651/334
f 2215/652/351 2216/653/351 2217/654/351
f 2217/654/352 2218/649/352 2219/650/352
f 2214/651/353 2220/818/353 2221/649/353
f 2222/803/354 2223/804/354 2224/805/354
f 2199/659/355 2225/806/355 2226/807/355
f 2201/661/356 2227/808/356 2228/809/356
f 1858/468/1 2229/819/1 2230/820/1
f 2231/821/357 2232/822/357 2233/463/357
f 2234/464/358 2235/823/358 2236/824/358
f 2237/825/1 2238/826/1 2239/827/1
f 2145/654/359 2240/649/359 2146/810/359
f 2241/828/360 2242/649/360 2176/654/360
f 1988/424/361 2243/423/361 2244/510/361
f 2245/829/362 1981/504/362 1980/551/362
f 2246/649/334 2247/650/334 2248/651/334
f 2249/652/363 2250/653/363 2251/654/363
f 2252/651/364 2251/654/364 2253/649/364
f 2248/651/365 2254/650/365 2255/649/365
f 2256/655/1 2257/656/1 2258/657/1
f 2259/658/46 2260/659/46 2261/660/46
f 2262/661/30 2261/660/30 2263/662/30
f 2264/664/366 2265/665/366 2266/811/366
f 2267/667/367 2268/668/367 2269/830/367
f 2270/811/105 2271/665/105 2272/664/105
f 2273/649/334 2274/650/334 2275/651/334
f 2276/649/368 2277/652/368 2278/653/368
f 2279/649/369 2280/650/369 2281/651/369
f 2275/651/370 2282/831/370 2283/649/370
f 2284/803/371 2285/804/371 2286/805/371
f 2287/806/372 2288/807/372 2261/660/372
f 2262/661/354 2289/808/354 2290/809/354
f 2291/989/373 2292/990/373 2293/991/373
f 2291/989/1 2294/992/1 2295/993/1
f 2296/832/1 2297/833/1 2298/834/1
f 2299/449/1 2300/835/1 2301/836/1
f 2302/837/1 2236/824/1 2229/819/1
f 2302/837/374 1842/452/374 1841/442/374
f 2303/838/358 2080/453/358 1842/452/358
f 2296/832/375 2304/839/375 2297/833/375
f 2297/833/376 2304/839/376 2078/635/376
f 2304/839/377 2296/832/377 2305/840/377
f 2078/635/378 2080/453/378 2303/838/378
f 2306/841/379 2307/650/379 2191/651/379
f 2214/651/380 2308/650/380 2220/818/380
f 2309/842/1 2310/843/1 2311/844/1
f 2091/640/381 2093/988/381 2312/845/381
f 2313/846/358 2314/443/358 2091/640/358
f 2315/847/1 2316/848/1 2317/849/1
f 2318/850/382 2312/845/382 2093/988/382
f 2087/987/383 2319/851/383 2318/850/383
f 2319/851/1 2320/852/1 2318/850/1
f 2321/853/384 2319/851/384 2087/987/384
f 2275/651/385 2322/650/385 2282/831/385
f 2323/854/386 2324/650/386 2252/651/386
f 2325/868/387 2326/869/387 2327/870/387
f 2328/868/388 2329/871/388 2330/870/388
f 2331/873/389 2117/685/389 2116/684/389
f 2332/874/390 2120/688/390 2119/687/390
f 2333/875/391 2123/687/391 2122/688/391
f 2334/876/392 2125/691/392 2124/690/392
f 2335/874/390 2128/688/390 2127/687/390
f 2336/875/393 2131/687/393 2130/688/393
f 2337/669/394 2338/670/394 2339/671/394
f 2340/672/395 2341/673/395 2342/674/395
f 2343/675/396 2344/676/396 2345/677/396
f 2346/678/397 2347/679/397 2348/680/397
f 2349/678/398 2350/679/398 2351/680/398
f 2352/681/1 2353/682/1 2354/683/1
f 2337/669/1 2355/684/1 2356/685/1
f 2357/686/399 2358/687/399 2359/688/399
f 2360/689/400 2361/688/400 2362/687/400
f 2363/690/1 2364/691/1 2365/692/1
f 2366/687/401 2367/688/401 2368/689/401
f 2369/688/402 2370/687/402 2371/686/402
f 2372/693/403 2373/694/403 2374/695/403
f 2339/671/1 2338/670/1 2375/696/1
f 2375/696/374 2376/697/374 2377/698/374
f 2339/671/374 2377/698/374 2378/699/374
f 2375/696/1 2365/692/1 2376/697/1
f 2379/868/404 2380/869/404 2381/870/404
f 2382/868/405 2383/871/405 2384/870/405
f 2385/872/406 2386/873/406 2356/685/406
f 2387/875/407 2388/874/407 2359/688/407
f 2389/874/408 2390/875/408 2362/687/408
f 2391/876/409 2364/691/409 2363/690/409
f 2392/874/410 2367/688/410 2366/687/410
f 2393/874/411 2394/875/411 2370/687/411
f 2395/890/412 2239/827/412 2235/823/412
f 2396/994/413 2397/908/413 2398/891/413
f 2399/893/46 2400/894/46 2401/895/46
f 2402/471/414 2403/899/414 2404/900/414
f 2405/472/415 2402/471/415 2406/901/415
f 2407/902/416 2408/903/416 2409/431/416
f 2410/476/417 2411/904/417 2407/902/417
f 2082/475/418 2081/636/418 2411/904/418
f 2083/474/419 2409/431/419 2404/900/419
f 2403/899/420 2083/474/420 2404/900/420
f 2411/904/421 2081/636/421 2405/472/421
f 2409/431/422 2408/903/422 2404/900/422
f 2410/476/423 2082/475/423 2411/904/423
f 2395/890/415 1857/462/415 2412/919/415
f 2395/890/424 2304/839/424 2413/450/424
f 2304/839/1 2414/451/1 2413/450/1
f 2415/920/1 2229/819/1 1858/468/1
f 2416/921/425 2417/922/425 2415/920/425
f 2413/450/426 2418/923/426 2416/921/426
f 1858/468/312 1857/462/312 2413/450/312
f 2412/919/312 2419/924/312 2237/825/312
f 2395/890/427 2412/919/427 2237/825/427
f 2395/890/428 2237/825/428 2239/827/428
f 2235/823/429 2234/464/429 2085/637/429
f 2235/823/430 2420/925/430 2421/926/430
f 2420/925/431 2085/637/431 2078/635/431
f 2422/927/1 2423/928/1 2420/925/1
f 2424/932/432 2425/68/432 2426/933/432
f 2427/934/46 2428/935/46 2050/567/46
f 2049/566/46 2427/934/46 2050/567/46
f 1796/54/1 2429/936/1 2430/937/1
f 1859/469/432 2431/938/432 2432/939/432
f 2093/988/1 2433/949/1 2434/950/1
f 2313/846/433 2435/951/433 2094/444/433
f 2433/949/1 2094/444/1 2435/951/1
f 2436/952/46 2437/953/46 2438/954/46
f 2439/995/434 2440/957/434 2441/996/434
f 1798/975/435 1797/98/435 2442/958/435
f 2443/476/1 2444/959/1 2445/960/1
f 2446/961/1 2447/962/1 2448/963/1
f 2086/430/1 2075/608/1 2445/960/1
f 2449/964/1 1816/434/1 1815/429/1
f 2075/608/1 2086/430/1 2076/428/1
f 2446/961/1 1817/435/1 1816/434/1
f 2450/965/30 2451/966/30 1799/100/30
f 2093/988/1 2094/444/1 2433/949/1
f 2313/846/436 2315/847/436 2088/639/436
f 2452/967/437 2089/440/437 2088/639/437
f 2315/847/375 2317/849/375 2088/639/375
f 2453/969/1 2454/68/1 2455/970/1
f 2456/971/46 2457/972/46 2458/973/46
f 1830/448/1 1819/437/1 1818/436/1
f 1830/448/1 2455/970/1 1819/437/1
f 2459/997/438 2460/433/438 2454/68/438
f 2459/997/439 2453/969/439 2461/998/439
f 2462/120/440 2463/999/440 2464/1000/440
f 2465/584/441 2466/1001/441 2467/1002/441
f 2468/1003/30 2469/984/30 2470/1004/30
f 2471/1005/442 2470/1004/442 2472/1006/442
f 2470/1004/443 2473/128/443 2474/1007/443
f 2475/646/114 2476/1008/114 2477/1009/114
f 2478/896/444 2479/1010/444 2480/1011/444
f 2481/911/445 2482/912/445 2483/1012/445
f 2484/913/1 2485/907/1 2397/908/1
f 2486/1013/446 2397/908/446 2396/994/446
f 2487/929/447 2488/1014/447 2489/1015/447
f 2490/1016/448 2294/992/448 2293/991/448
f 2459/997/449 2073/986/449 2074/470/449
f 2459/997/450 1820/438/450 2460/433/450
f 2055/580/451 2483/1012/451 2482/912/451
f 1794/52/452 2491/1017/452 1795/974/452
f 2492/1018/453 2426/933/453 2425/68/453
f 2493/1019/115 2425/68/115 2494/643/115
f 2493/1019/409 2494/643/409 2097/478/409
f 2495/1020/454 2496/1021/454 2497/1022/454
f 2498/1023/455 2499/1024/455 2495/1020/455
f 2500/3/3 2501/2/3 2502/1/3
f 2500/3/456 2503/38/456 2504/37/456
f 2505/125/30 2506/124/30 2507/123/30
f 2508/153/4 2509/152/4 2510/29/4
f 2511/154/4 2512/1025/4 2513/155/4
f 2514/203/3 2515/202/3 2516/201/3
f 2517/206/457 2518/205/457 2519/204/457
f 2520/1026/3 2521/617/3 2522/204/3
f 2523/211/3 2504/37/3 2503/38/3
f 2524/210/3 2503/38/3 2525/1027/3
f 2526/210/3 2527/213/3 2528/212/3
f 2529/1028/3 2530/1029/3 2531/213/3
f 2532/1030/3 2533/1031/3 2534/1032/3
f 2535/1033/3 2536/1034/3 2537/220/3
f 2538/1033/3 2539/1035/3 2540/1036/3
f 2537/220/3 2541/224/3 2542/1037/3
f 2543/1035/3 2537/220/3 2544/1038/3
f 2535/1033/3 2537/220/3 2543/1035/3
f 2522/204/3 2536/1034/3 2545/1039/3
f 2522/204/3 2545/1039/3 2546/1036/3
f 2522/204/3 2546/1036/3 2547/1040/3
f 2548/1041/3 2531/213/3 2549/1042/3
f 2549/1042/3 2531/213/3 2550/1030/3
f 2550/1030/3 2531/213/3 2530/1029/3
f 2551/229/3 2548/1041/3 2552/1032/3
f 2551/229/3 2552/1032/3 2553/1031/3
f 2551/229/3 2553/1031/3 2554/1043/3
f 2551/229/3 2554/1043/3 2525/1027/3
f 2555/234/46 2556/233/46 2557/232/46
f 2558/237/5 2559/236/5 2560/235/5
f 2561/237/30 2562/236/30 2563/235/30
f 2564/237/4 2565/236/4 2566/235/4
f 2567/238/46 2568/234/46 2569/233/46
f 2570/237/5 2571/236/5 2572/235/5
f 2573/237/30 2574/236/30 2575/235/30
f 2576/237/4 2577/236/4 2578/235/4
f 2579/237/5 2580/236/5 2581/235/5
f 2582/237/30 2583/236/30 2584/235/30
f 2585/237/4 2586/236/4 2587/235/4
f 2588/234/46 2589/233/46 2590/232/46
f 2591/237/5 2592/236/5 2593/235/5
f 2594/237/458 2595/399/458 2596/398/458
f 2597/1044/459 2598/1045/459 2599/1046/459
f 2600/406/460 2601/1047/460 2602/1048/460
f 2603/1049/461 2604/1050/461 2605/1051/461
f 2606/1052/462 2607/535/462 2608/536/462
f 2609/1053/463 2610/1054/463 2611/1055/463
f 2612/1056/464 2613/1057/464 2614/1058/464
f 2615/1059/46 2616/233/46 2617/232/46
f 2618/1060/46 2619/1061/46 2620/1062/46
f 2621/237/465 2622/236/465 2623/235/465
f 2624/551/466 2625/1063/466 2626/1064/466
f 2627/1065/467 2628/1066/467 2629/1067/467
f 2630/1068/468 2631/1069/468 2632/1070/468
f 2633/1071/469 2634/1072/469 2635/1073/469
f 2636/1074/470 2637/412/470 2638/411/470
f 2639/1075/471 2640/1076/471 2641/1077/471
f 2642/1078/472 2643/1079/472 2644/1080/472
f 2645/282/3 2646/281/3 2647/1/3
f 2648/284/3 2649/283/3 2650/281/3
f 2651/1081/3 2652/286/3 2653/285/3
f 2654/289/3 2655/288/3 2656/287/3
f 2657/286/3 2658/292/3 2659/291/3
f 2660/298/30 2661/297/30 2662/296/30
f 2663/293/3 2662/296/3 2664/295/3
f 2665/300/473 2666/297/473 2667/299/473
f 2668/301/3 2662/296/3 2661/297/3
f 2669/302/3 2670/295/3 2671/296/3
f 2664/295/3 2672/303/3 2673/317/3
f 2674/320/4 2675/319/4 2676/318/4
f 2677/323/46 2678/322/46 2679/321/46
f 2680/319/5 2681/320/5 2682/324/5
f 2683/327/30 2684/326/30 2685/325/30
f 2686/328/4 2687/319/4 2688/318/4
f 2689/323/46 2690/322/46 2691/321/46
f 2692/319/5 2693/328/5 2694/329/5
f 2695/332/30 2696/331/30 2697/330/30
f 2698/328/4 2699/319/4 2700/318/4
f 2701/323/46 2702/322/46 2703/321/46
f 2704/319/5 2705/328/5 2706/329/5
f 2707/332/30 2708/326/30 2709/325/30
f 2710/333/4 2711/319/4 2712/318/4
f 2713/334/46 2714/323/46 2715/322/46
f 2716/319/5 2717/333/5 2718/335/5
f 2719/338/30 2720/337/30 2721/336/30
f 2722/339/4 2723/319/4 2724/318/4
f 2725/323/46 2726/322/46 2727/321/46
f 2728/319/5 2729/339/5 2730/340/5
f 2731/341/30 2732/1082/30 2733/343/30
f 2734/609/3 2735/613/3 2736/611/3
f 2737/612/3 2655/288/3 2654/289/3
f 2735/613/456 2541/224/456 2673/317/456
f 2537/220/3 2536/1034/3 2736/611/3
f 2738/614/3 2739/634/3 2740/616/3
f 2734/609/46 2521/617/46 2520/1026/46
f 2735/613/3 2520/1026/3 2542/1037/3
f 2672/303/474 2668/301/474 2741/620/474
f 2673/317/3 2741/620/3 2742/619/3
f 2660/298/3 2663/293/3 2743/618/3
f 2744/625/475 2745/624/475 2746/615/475
f 2747/203/3 2745/624/3 2748/627/3
f 2749/629/3 2750/628/3 2751/285/3
f 2744/625/3 2737/612/3 2752/630/3
f 2753/631/3 2656/287/3 2744/625/3
f 2754/286/476 2648/284/476 2755/632/476
f 2749/629/3 2755/632/3 2501/2/3
f 2502/1/46 2650/281/46 2649/283/46
f 2756/633/3 2649/283/3 2751/285/3
f 2748/627/3 2740/616/3 2739/634/3
f 2745/624/3 2747/203/3 2738/614/3
f 2757/647/30 2758/648/30 2759/1083/30
f 2736/611/3 2536/1034/3 2522/204/3
f 2736/611/3 2522/204/3 2760/610/3
f 2761/54/477 2762/974/477 2763/52/477
f 2764/100/478 2765/975/478 2766/98/478
f 2767/103/310 2768/102/310 2769/101/310
f 2770/129/311 2771/1084/311 2772/131/311
f 2773/435/3 2774/428/3 2775/427/3
f 2776/431/3 2777/430/3 2778/429/3
f 2779/438/3 2780/433/3 2781/68/3
f 2782/429/3 2783/435/3 2784/434/3
f 2785/438/3 2786/437/3 2787/436/3
f 2788/441/3 2789/440/3 2790/439/3
f 2791/465/3 2792/444/3 2793/443/3
f 2794/603/3 2795/447/3 2796/446/3
f 2797/445/3 2787/436/3 2798/448/3
f 2799/449/3 2800/835/3 2801/451/3
f 2802/458/3 2803/454/3 2804/453/3
f 2805/642/3 2806/457/3 2807/456/3
f 2808/458/3 2809/452/3 2810/442/3
f 2811/459/3 2812/642/3 2813/455/3
f 2814/463/3 2815/462/3 2816/461/3
f 2817/465/3 2818/442/3 2819/464/3
f 2820/459/3 2821/460/3 2822/466/3
f 2823/467/479 2824/468/479 2825/462/479
f 2826/470/3 2827/466/3 2828/469/3
f 2829/899/3 2830/473/3 2831/472/3
f 2832/431/3 2833/476/3 2834/475/3
f 2835/643/3 2836/478/3 2837/477/3
f 2838/482/5 2839/481/5 2840/480/5
f 2841/483/30 2842/256/30 2843/255/30
f 2844/485/4 2845/409/4 2846/484/4
f 2847/488/46 2848/487/46 2849/486/46
f 2850/491/5 2851/490/5 2852/489/5
f 2853/482/30 2854/235/30 2855/236/30
f 2856/494/4 2857/493/4 2858/492/4
f 2859/234/46 2860/496/46 2861/495/46
f 2862/497/5 2863/490/5 2864/489/5
f 2865/500/30 2866/499/30 2867/498/30
f 2868/494/4 2869/502/4 2870/501/4
f 2871/233/46 2872/232/46 2873/238/46
f 2873/238/46 2874/234/46 2875/1085/46
f 2876/503/480 2877/504/480 2878/1086/480
f 2879/506/481 2880/1087/481 2881/508/481
f 2882/511/482 2883/510/482 2884/509/482
f 2885/514/46 2886/513/46 2887/512/46
f 2888/515/5 2889/499/5 2890/498/5
f 2891/505/30 2892/508/30 2893/507/30
f 2894/518/4 2895/517/4 2896/516/4
f 2897/514/46 2898/520/46 2899/519/46
f 2900/521/5 2901/499/5 2902/498/5
f 2903/522/30 2904/398/30 2905/399/30
f 2906/518/4 2907/502/4 2908/501/4
f 2909/234/46 2910/496/46 2911/495/46
f 2912/523/483 2913/524/483 2914/829/483
f 2915/526/484 2916/521/484 2917/528/484
f 2918/531/485 2919/530/485 2920/529/485
f 2921/534/46 2922/533/46 2923/532/46
f 2924/537/5 2925/536/5 2926/535/5
f 2927/538/30 2928/481/30 2929/480/30
f 2930/541/4 2931/540/4 2932/539/4
f 2933/544/46 2934/543/46 2935/542/46
f 2936/525/5 2937/546/5 2938/545/5
f 2939/522/30 2940/398/30 2941/399/30
f 2942/548/4 2943/547/4 2944/529/4
f 2945/534/46 2946/550/46 2947/549/46
f 2948/551/486 2949/552/486 2950/504/486
f 2951/553/487 2952/235/487 2953/236/487
f 2954/424/4 2955/554/4 2956/511/4
f 2957/555/46 2958/233/46 2959/232/46
f 2960/537/5 2961/536/5 2962/535/5
f 2963/553/30 2964/235/30 2965/236/30
f 2966/541/4 2967/540/4 2968/539/4
f 2969/234/46 2970/233/46 2971/232/46
f 2972/497/5 2973/557/5 2974/556/5
f 2975/553/30 2976/235/30 2977/236/30
f 2978/558/4 2979/502/4 2980/501/4
f 2981/234/46 2982/233/46 2983/232/46
f 2984/559/5 2985/1088/5 2986/523/5
f 2987/551/30 2988/552/30 2989/235/30
f 2990/529/4 2991/561/4 2992/560/4
f 2993/234/46 2994/496/46 2995/495/46
f 2996/491/5 2997/235/5 2998/236/5
f 2999/562/30 3000/536/30 3001/535/30
f 3002/553/4 3003/493/4 3004/492/4
f 3005/565/46 3006/564/46 3007/563/46
f 3008/538/5 3009/546/5 3010/545/5
f 3011/515/30 3012/490/30 3013/489/30
f 3014/548/4 3015/508/4 3016/507/4
f 3017/566/46 3018/568/46 3019/567/46
f 3020/1089/488 3021/1090/488 3022/977/488
f 3023/575/3 3022/977/3 3024/976/3
f 3025/582/30 3026/581/30 3027/580/30
f 3028/981/489 3029/1091/489 3030/1092/489
f 3031/982/490 3030/1092/490 3032/984/490
f 3032/984/491 3030/1092/491 3033/985/491
f 3034/589/46 3035/1093/46 3036/591/46
f 3037/598/3 3038/597/3 3039/456/3
f 2797/445/3 3040/1094/3 3041/986/3
f 3042/603/3 3041/986/3 3043/470/3
f 3044/471/3 3045/428/3 3046/608/3
f 3047/635/3 3048/454/3 2808/458/3
f 3047/635/3 3049/453/3 3048/454/3
f 3050/636/3 3051/899/3 3052/474/3
f 3047/635/3 2808/458/3 3053/465/3
f 3047/635/3 3053/465/3 3054/637/3
f 3055/430/3 3045/428/3 2783/435/3
f 3056/987/3 3057/440/3 3058/639/3
f 3057/440/3 3056/987/3 3059/439/3
f 3060/640/3 3061/988/3 3062/465/3
f 3061/988/3 3063/444/3 3062/465/3
f 3037/598/3 3064/457/3 2812/642/3
f 3037/598/3 2812/642/3 2811/459/3
f 3037/598/3 2811/459/3 2826/470/3
f 3037/598/3 2826/470/3 3065/478/3
f 3038/597/492 3066/939/492 2828/469/492
f 3067/460/3 3038/597/3 2827/466/3
f 2813/455/3 3038/597/3 3067/460/3
f 3039/456/3 3038/597/3 2813/455/3
f 3068/669/3 3069/671/3 3070/670/3
f 3071/674/493 3072/673/493 3073/672/493
f 3074/675/494 3075/1095/494 3076/677/494
f 3077/680/495 3078/679/495 3079/678/495
f 3080/680/496 3081/679/496 3082/678/496
f 3083/681/3 3084/683/3 3085/682/3
f 3068/669/3 3070/670/3 3086/685/3
f 3087/686/497 3088/1096/497 3089/688/497
f 3090/689/498 3091/1097/498 3092/687/498
f 3093/692/3 3094/691/3 3095/690/3
f 3096/689/499 3097/688/499 3098/687/499
f 3099/686/500 3100/687/500 3101/688/500
f 3102/693/501 3103/1098/501 3104/695/501
f 3069/671/502 3105/699/502 3106/698/502
f 3106/698/502 3107/697/502 3108/696/502
f 3069/671/3 3108/696/3 3070/670/3
f 3108/696/3 3107/697/3 3093/692/3
f 3109/651/503 3110/650/503 3111/649/503
f 3112/654/504 3113/653/504 3114/652/504
f 3112/654/505 3115/651/505 3116/650/505
f 3109/651/506 3117/654/506 3118/649/506
f 3119/657/3 3120/656/3 3121/655/3
f 3122/661/30 3123/805/30 3124/662/30
f 3125/660/46 3126/659/46 3127/658/46
f 3128/811/507 3129/665/507 3130/664/507
f 3131/666/508 3132/830/508 3133/668/508
f 3134/811/509 3135/663/509 3136/664/509
f 3137/651/503 3138/650/503 3139/649/503
f 3140/654/510 3141/653/510 3142/652/510
f 3143/651/511 3144/650/511 3145/649/511
f 3146/650/512 3137/651/512 3147/654/512
f 3123/805/513 3148/804/513 3149/803/513
f 3126/659/514 3125/660/514 3150/807/514
f 3151/809/513 3152/808/513 3122/661/513
f 3153/651/503 3154/650/503 3155/649/503
f 3156/654/515 3157/653/515 3158/652/515
f 3159/649/516 3156/654/516 3160/651/516
f 3153/651/517 3161/654/517 3162/649/517
f 3163/657/3 3164/656/3 3165/655/3
f 3166/661/30 3167/805/30 3168/662/30
f 3169/660/30 3170/659/30 3171/658/30
f 3172/811/518 3173/665/518 3174/664/518
f 3175/666/508 3176/830/508 3177/668/508
f 3178/811/519 3179/663/519 3180/664/519
f 3181/651/503 3182/650/503 3183/649/503
f 3184/654/520 3185/653/520 3186/652/520
f 3184/654/521 3187/651/521 3188/650/521
f 3181/651/522 3189/654/522 3190/649/522
f 3167/805/523 3191/804/523 3192/803/523
f 3170/659/524 3169/660/524 3193/807/524
f 3194/809/525 3195/808/525 3166/661/525
f 2824/468/3 3196/820/3 3197/819/3
f 3198/821/526 3199/1099/526 3200/463/526
f 3201/824/527 3202/823/527 3203/464/527
f 3204/825/3 3205/827/3 3206/826/3
f 3112/654/528 3207/810/528 3208/649/528
f 3209/828/529 3147/654/529 3210/649/529
f 2954/424/530 3211/510/530 3212/423/530
f 3213/829/5 3214/1100/5 2948/551/5
f 3215/651/503 3216/650/503 3217/649/503
f 3218/654/531 3219/653/531 3220/652/531
f 3221/649/532 3218/654/532 3222/651/532
f 3215/651/533 3223/654/533 3224/649/533
f 3225/657/3 3226/656/3 3227/655/3
f 3228/661/30 3229/805/30 3230/662/30
f 3231/660/46 3232/659/46 3233/658/46
f 3234/811/534 3235/665/534 3236/664/534
f 3237/830/535 3238/668/535 3239/667/535
f 3240/811/536 3241/663/536 3242/664/536
f 3243/651/503 3244/650/503 3245/649/503
f 3246/649/537 3247/654/537 3248/653/537
f 3249/651/538 3250/650/538 3251/649/538
f 3243/651/539 3252/654/539 3253/649/539
f 3229/805/540 3254/804/540 3255/803/540
f 3231/660/541 3256/807/541 3257/806/541
f 3258/809/523 3259/808/523 3228/661/523
f 3260/989/3 3261/993/3 3262/992/3
f 3260/989/542 3263/991/542 3264/990/542
f 3265/832/3 3266/834/3 3267/833/3
f 3268/836/3 3269/835/3 3270/449/3
f 3197/819/3 3201/824/3 3271/837/3
f 2810/442/543 2809/452/543 3271/837/543
f 2809/452/527 3049/453/527 3272/838/527
f 3265/832/544 3267/833/544 3273/839/544
f 3047/635/545 3273/839/545 3267/833/545
f 3274/840/546 3265/832/546 3273/839/546
f 3047/635/547 3272/838/547 3049/453/547
f 3275/841/548 3160/651/548 3276/650/548
f 3181/651/549 3277/818/549 3278/650/549
f 3279/844/3 3280/843/3 3281/842/3
f 3060/640/550 3282/845/550 3061/988/550
f 3060/640/527 3283/443/527 3284/846/527
f 3285/847/3 3286/849/3 3287/848/3
f 3288/850/551 3056/987/551 3061/988/551
f 3056/987/552 3288/850/552 3289/851/552
f 3289/851/3 3288/850/3 3290/852/3
f 3291/853/553 3059/439/553 3056/987/553
f 3243/651/554 3292/831/554 3293/650/554
f 3294/854/555 3222/651/555 3295/650/555
f 3296/870/556 3297/869/556 3298/868/556
f 3299/868/557 3300/869/557 3301/870/557
f 3302/684/558 3086/685/558 3303/873/558
f 3304/687/559 3089/688/559 3305/874/559
f 3306/688/560 3092/687/560 3307/875/560
f 3095/690/561 3094/691/561 3308/876/561
f 3098/687/559 3097/688/559 3309/874/559
f 3101/688/557 3100/687/557 3310/875/557
f 3311/669/562 3312/671/562 3313/670/562
f 3314/674/563 3315/673/563 3316/672/563
f 3317/675/564 3318/1095/564 3319/677/564
f 3320/680/397 3321/679/397 3322/678/397
f 3323/680/565 3324/679/565 3325/678/565
f 3326/681/3 3327/683/3 3328/682/3
f 3311/669/3 3313/670/3 3329/685/3
f 3330/686/566 3331/1096/566 3332/688/566
f 3333/689/567 3334/1097/567 3335/687/567
f 3336/692/3 3337/691/3 3338/690/3
f 3339/689/568 3340/688/568 3341/687/568
f 3342/686/569 3343/687/569 3344/688/569
f 3345/693/570 3346/1098/570 3347/695/570
f 3312/671/543 3348/699/543 3349/698/543
f 3349/698/543 3350/697/543 3351/696/543
f 3312/671/3 3351/696/3 3313/670/3
f 3351/696/571 3350/697/571 3336/692/571
f 3352/870/572 3353/869/572 3354/868/572
f 3355/868/573 3356/869/573 3357/870/573
f 3358/872/574 3359/684/574 3329/685/574
f 3360/875/572 3361/687/572 3332/688/572
f 3362/874/575 3363/688/575 3335/687/575
f 3338/690/576 3337/691/576 3364/876/576
f 3341/687/577 3340/688/577 3365/874/577
f 3366/874/578 3344/688/578 3343/687/578
f 3202/823/579 3205/827/579 3367/890/579
f 3368/891/580 3369/908/580 3370/994/580
f 3371/893/46 3372/1101/46 3373/895/46
f 3374/900/581 3051/899/581 3375/471/581
f 3376/901/582 3375/471/582 3377/472/582
f 3378/902/583 3379/476/583 3380/431/583
f 3379/476/584 3378/902/584 3381/904/584
f 3382/475/585 3381/904/585 3050/636/585
f 3052/474/586 3374/900/586 3380/431/586
f 3051/899/586 3374/900/586 3052/474/586
f 3381/904/587 3383/1102/587 3377/472/587
f 3380/431/588 3374/900/588 3384/903/588
f 3379/476/589 3381/904/589 3382/475/589
f 3367/890/582 3385/919/582 2825/462/582
f 3386/450/590 3273/839/590 3367/890/590
f 3273/839/3 3386/450/3 3387/451/3
f 3388/920/3 3389/921/3 2824/468/3
f 3389/921/591 3388/920/591 3390/922/591
f 3386/450/592 3389/921/592 3391/923/592
f 3386/450/479 2825/462/479 2824/468/479
f 3385/919/479 3204/825/479 3392/924/479
f 3367/890/593 3204/825/593 3385/919/593
f 3367/890/594 3205/827/594 3204/825/594
f 3202/823/595 3393/926/595 3394/925/595
f 3202/823/579 3054/637/579 3203/464/579
f 3394/925/596 3395/927/596 3047/635/596
f 3395/927/3 3394/925/3 3396/928/3
f 3397/932/597 3398/933/597 3399/68/597
f 3400/934/46 3019/567/46 3401/935/46
f 3017/566/46 3019/567/46 3400/934/46
f 2761/54/3 3402/937/3 3403/936/3
f 2828/469/597 3066/939/597 3404/938/597
f 3405/950/3 3406/949/3 3061/988/3
f 3284/846/598 3283/443/598 3063/444/598
f 3406/949/3 3407/951/3 3063/444/3
f 3408/952/46 3409/1103/46 3410/954/46
f 3411/996/599 3412/957/599 3413/995/599
f 3414/958/435 2766/98/435 2765/975/435
f 3415/960/3 3416/959/3 3417/476/3
f 3418/961/3 3044/471/3 3419/963/3
f 3415/960/591 3046/608/591 3055/430/591
f 2782/429/3 2784/434/3 3420/964/3
f 3046/608/3 3045/428/3 3055/430/3
f 2784/434/3 2783/435/3 3418/961/3
f 2764/100/30 3421/966/30 3422/965/30
f 3061/988/3 3406/949/3 3063/444/3
f 3284/846/600 3407/951/600 3058/639/600
f 3058/639/601 3057/440/601 3423/967/601
f 3285/847/544 3058/639/544 3286/849/544
f 3424/969/3 3425/970/3 3426/68/3
f 3427/973/46 3428/972/46 3429/971/46
f 2798/448/3 2787/436/3 2786/437/3
f 2798/448/3 2786/437/3 3425/970/3
f 3430/998/602 3424/969/602 3426/68/602
f 3431/1104/603 3426/68/603 3432/433/603
f 3433/1000/604 3434/999/604 3435/120/604
f 3436/1002/441 3437/1001/441 3438/584/441
f 3439/1007/605 3440/128/605 3441/1004/605
f 3442/1003/606 3443/1005/606 3441/1004/606
f 3443/1005/607 3444/1105/607 3445/1006/607
f 3446/646/608 3447/1106/608 3448/1009/608
f 3449/1011/609 3450/1010/609 3451/896/609
f 3452/1012/445 3453/912/445 3454/911/445
f 3455/1013/603 3370/994/603 3369/908/603
f 3455/1013/610 3456/907/610 3457/913/610
f 3458/1015/277 3459/1014/277 3460/929/277
f 3263/991/611 3262/992/611 3461/1016/611
f 3432/433/612 2785/438/612 3043/470/612
f 3431/1104/613 3043/470/613 3041/986/613
f 3453/912/614 3452/1012/614 3027/580/614
f 2763/52/615 2762/974/615 3462/1017/615
f 3463/1019/616 3464/643/616 3399/68/616
f 3399/68/617 3398/933/617 3465/1018/617
f 3463/1019/574 3065/478/574 3464/643/574
f 3466/1022/618 3467/1021/618 3468/1020/618
f 3469/1023/619 3468/1020/619 3470/1024/619
f 3471/1107/46 3472/1108/46 3473/1109/46
f 3474/1110/4 3475/1111/4 3476/1112/4
f 3477/1110/5 3478/1113/5 3479/1112/5
f 3480/1114/1 3481/1115/1 3482/1116/1
f 3483/1109/30 3484/1108/30 3485/1107/30
f 3486/1117/5 3487/1118/5 1344/802/5
f 3488/1119/5 3489/1120/5 3487/1118/5
f 3488/1119/5 3490/1121/5 3489/1120/5
f 1341/774/5 3491/1122/5 3492/1123/5
f 3493/1124/5 3494/1125/5 1340/773/5
f 3495/1126/5 3496/1127/5 3494/1125/5
f 3495/1126/5 3497/1128/5 3498/1129/5
f 3497/1128/5 3499/1130/5 3498/1129/5
f 3500/1131/1 3501/1132/1 1267/777/1
f 3502/1133/1 3501/1132/1 3500/1131/1
f 3503/1134/332 3504/1135/332 3502/1133/332
f 1264/774/1 3505/1122/1 3506/1123/1
f 3507/1124/1 3508/1125/1 1263/773/1
f 3509/1126/1 3510/1127/1 3508/1125/1
f 3509/1126/1 3511/1128/1 3512/1129/1
f 3511/1128/1 3513/1130/1 3512/1129/1
f 3514/1136/620 3515/1137/620 3516/1138/620
f 3517/1139/546 3518/1140/546 3519/1141/546
f 3520/1142/621 3521/1143/621 3516/1138/621
f 3522/1144/622 3515/1137/622 3514/1136/622
f 3523/1145/46 3524/1146/46 3525/1147/46
f 3526/1148/4 3527/1149/4 3528/1150/4
f 3527/1149/4 3529/1151/4 3530/1152/4
f 3531/1153/623 3532/1154/623 3533/1155/623
f 3533/1155/624 3534/1156/624 3535/1157/624
f 3536/1158/625 3537/1159/625 3538/1160/625
f 3538/1160/5 3539/1161/5 3540/1148/5
f 3539/1161/626 3541/1150/626 3542/1149/626
f 3542/1149/627 3541/1150/627 3543/1152/627
f 3544/1162/628 3545/1163/628 3546/1164/628
f 3545/1163/629 3544/1162/629 3547/1165/629
f 3545/1163/1 3548/1153/1 3549/1154/1
f 3548/1153/630 3550/1166/630 3551/1155/630
f 3551/1155/631 3550/1166/631 3552/1157/631
f 3553/1167/632 3554/1168/632 3555/1169/632
f 3556/1170/633 3553/1167/633 3555/1169/633
f 3554/1168/634 173/137/634 130/106/634
f 3554/1168/635 3553/1167/635 173/137/635
f 3557/106/636 3558/105/636 3559/104/636
f 3560/1136/637 3561/1143/637 3562/1138/637
f 3563/1139/377 3564/1171/377 3565/1141/377
f 3566/1142/638 3562/1138/638 3561/1143/638
f 3567/1144/639 3560/1136/639 3568/1137/639
f 3569/1167/640 3570/1169/640 3571/1168/640
f 3572/1170/641 3559/104/641 3570/1169/641
f 3557/106/642 164/137/642 3571/1168/642
f 3571/1168/643 164/137/643 3569/1167/643
f 3573/1161/644 3574/1172/644 3575/1173/644
f 3576/1174/645 3577/1164/645 3578/1175/645
f 3577/1164/646 3579/1163/646 3580/1162/646
f 3531/1153/647 3581/1165/647 3579/1163/647
f 3580/1162/648 3579/1163/648 3581/1165/648
f 3536/1158/649 3582/1176/649 3583/1177/649
f 3584/1175/650 3546/1164/650 3585/1174/650
f 3586/1178/651 173/137/651 3587/1179/651
f 3573/1161/652 3588/1180/652 3574/1172/652
f 3536/1158/653 3589/1181/653 3582/1176/653
f 3590/1182/654 3591/1183/654 170/143/654
f 3590/1182/655 3592/1184/655 3553/1167/655
f 3553/1167/651 3592/1184/651 3593/1185/651
f 173/137/656 3593/1185/656 3587/1179/656
f 164/137/657 3594/1186/657 168/141/657
f 164/137/658 3595/1187/658 3594/1186/658
f 3596/389/5 3597/621/5 529/363/5
f 530/364/5 3598/388/5 531/365/5
f 3599/622/5 3600/370/5 3601/369/5
f 3601/369/5 3602/390/5 3603/889/5
f 538/371/5 3603/889/5 3602/390/5
f 3604/359/5 3605/380/5 3606/384/5
f 3607/385/5 3608/360/5 3606/384/5
f 3607/385/5 3609/383/5 545/378/5
f 549/382/223 3610/1188/223 3611/1189/223
f 556/379/659 552/378/659 3611/1189/659
f 552/378/660 549/382/660 3611/1189/660
f 556/379/661 1765/946/661 3612/1190/661
f 555/386/662 525/204/662 554/377/662
f 555/386/230 3613/1191/230 945/596/230
f 555/386/663 944/361/663 525/204/663
f 3614/215/1 3615/214/1 3616/231/1
f 3616/231/1 3615/214/1 3617/228/1
f 3618/230/1 3617/228/1 252/217/1
f 3619/223/1 3620/226/1 3621/208/1
f 3622/227/1 3621/208/1 3620/226/1
f 3623/225/1 258/219/1 257/222/1
f 3624/1028/3 3625/1027/3 3626/1043/3
f 3626/1043/3 2533/1031/3 2532/1030/3
f 2534/1032/3 3627/1041/3 3628/1042/3
f 3629/1038/3 3630/1037/3 3631/1026/3
f 3629/1038/3 3632/1040/3 2540/1036/3
f 3633/1039/3 3634/1034/3 2538/1033/3
f 2876/503/664 3635/505/664 2877/504/664
f 2883/510/665 3636/1192/665 2884/509/665
f 2919/530/534 3637/547/534 2920/529/534
f 2912/523/666 3638/525/666 2913/524/666
f 808/523/3 3639/1100/3 3640/829/3
f 772/503/3 3641/1193/3 3642/1086/3
f 778/509/667 3643/1192/667 779/510/667
f 814/529/177 3644/547/177 815/530/177
f 1908/503/5 3645/1193/5 3646/1086/5
f 1944/523/5 3647/1100/5 3648/829/5
f 1950/529/366 3649/547/366 1951/530/366
f 1914/509/668 3650/1192/668 1915/510/668
f 3651/1194/3 2504/37/3 2523/211/3
f 2551/229/3 3651/1194/3 2531/213/3
f 3652/212/3 2531/213/3 3651/1194/3
f 2757/647/30 2507/123/30 2758/648/30
f 2758/648/30 3653/1195/30 2759/1083/30
f 269/229/1 266/218/1 248/213/1
f 3654/1194/1 248/213/1 3655/212/1
f 3654/1194/1 3655/212/1 244/211/1
f 3656/1083/30 3657/1195/30 1025/648/30
f 1024/647/30 3656/1083/30 1025/648/30
f 3658/1090/669 3659/1089/669 3660/1196/669
f 2053/977/670 3658/1090/670 3660/1196/670
f 3661/1197/105 3662/982/105 3663/1198/105
f 3662/982/105 3664/983/105 3665/1199/105
f 3664/983/105 3666/984/105 3667/1200/105
f 3667/1200/105 3666/984/105 935/587/105
f 3668/1201/316 3669/1005/316 3670/1003/316
f 3671/1202/671 3670/1003/671 3672/984/671
f 3673/1203/672 3672/984/672 3674/1004/672
f 3675/1204/302 3674/1004/302 155/128/302
f 997/633/1 3676/1/1 3/3/1
f 62/51/673 4/4/673 6/6/673
f 3677/21/3 7/7/3 9/9/3
f 3678/20/4 10/10/4 12/12/4
f 58/19/1 13/13/1 15/15/1
f 1188/741/4 16/16/4 18/18/4
f 3679/13/3 19/19/3 21/14/3
f 3680/10/4 22/20/4 24/11/4
f 50/43/1 25/7/1 27/9/1
f 3681/5/4 28/22/4 30/24/4
f 3682/67/4 34/28/4 36/30/4
f 184/154/5 37/31/5 39/33/5
f 3682/67/674 36/30/674 38/32/674
f 61/50/3 40/34/3 42/36/3
f 991/629/675 43/37/675 3/3/675
f 3683/1205/9 45/39/9 47/41/9
f 80/61/10 48/42/10 29/23/10
f 77/60/11 49/34/11 50/43/11
f 3680/10/12 51/44/12 22/20/12
f 3679/13/13 53/46/13 19/19/13
f 16/16/10 55/48/10 17/17/10
f 68/47/11 57/46/11 58/19/11
f 3678/20/12 59/45/12 10/10/12
f 7/7/14 40/34/14 8/8/14
f 38/32/676 37/31/676 6/6/676
f 1756/937/5 63/52/5 65/54/5
f 60/44/4 59/45/4 67/56/4
f 57/46/1 68/47/1 70/58/1
f 74/59/3 72/58/3 54/47/3
f 52/45/4 51/44/4 76/55/4
f 49/34/1 77/60/1 79/35/1
f 48/42/4 80/61/4 82/63/4
f 48/42/4 82/63/4 84/65/4
f 84/65/4 85/66/4 48/42/4
f 983/433/5 87/68/5 89/70/5
f 176/91/20 90/71/20 92/73/20
f 3684/90/21 93/74/21 95/76/21
f 135/87/22 96/77/22 98/79/22
f 138/86/23 99/80/23 101/82/23
f 140/114/24 102/83/24 104/85/24
f 3685/81/25 105/80/25 107/82/25
f 3686/1206/26 108/77/26 110/88/26
f 145/75/27 111/89/27 113/76/27
f 174/146/677 114/91/677 116/92/677
f 120/96/29 117/93/29 119/95/29
f 1786/966/30 122/98/30 124/100/30
f 3687/1207/678 125/101/678 127/103/678
f 3556/1170/679 128/104/679 130/106/679
f 91/72/30 131/107/30 92/73/30
f 3688/1208/30 133/109/30 94/75/30
f 3689/1209/30 134/110/30 98/79/30
f 101/82/30 136/111/30 138/86/30
f 3690/1210/30 139/113/30 104/85/30
f 3691/1211/30 141/115/30 106/86/30
f 3692/1212/30 142/116/30 109/87/30
f 113/76/30 143/117/30 145/75/30
f 3693/1213/30 146/119/30 115/73/30
f 3694/1214/30 147/120/30 149/122/30
f 1024/647/30 150/123/30 152/125/30
f 3695/1215/509 153/126/509 155/128/509
f 3696/1084/35 156/129/35 158/131/35
f 3697/1216/680 159/132/680 161/134/680
f 3557/106/681 162/135/681 164/137/681
f 3698/1217/682 165/138/682 167/140/682
f 164/137/683 168/141/683 170/143/683
f 178/148/684 172/145/684 173/137/684
f 167/140/685 166/139/685 173/137/685
f 3698/1217/686 167/140/686 180/150/686
f 36/30/4 35/29/4 183/153/4
f 3699/1025/4 184/154/4 185/155/4
f 3586/1178/687 186/156/687 173/137/687
f 167/140/688 164/137/688 179/149/688
f 189/159/9 190/160/9 187/157/9
f 3700/569/5 47/41/5 192/162/5
f 3701/1218/3 193/163/3 195/165/3
f 3702/1219/1 196/166/1 198/168/1
f 3703/1220/46 199/169/46 201/171/46
f 3704/1221/4 202/172/4 204/174/4
f 208/178/5 205/175/5 207/177/5
f 3705/1222/1 208/178/1 209/179/1
f 3706/1223/30 210/180/30 212/182/30
f 3707/1224/47 213/183/47 215/185/47
f 3708/192/3 216/186/3 218/188/3
f 3709/1225/5 219/189/5 221/191/5
f 3710/188/1 222/187/1 224/192/1
f 232/200/48 225/193/48 227/195/48
f 3711/1226/49 215/185/49 231/199/49
f 3707/1224/50 225/193/50 213/183/50
f 230/198/51 220/190/51 228/196/51
f 3712/1227/1 233/201/1 235/203/1
f 3713/617/52 236/204/52 238/206/52
f 972/617/1 239/207/1 241/204/1
f 250/215/30 242/209/30 243/210/30
f 243/210/1 44/38/1 244/211/1
f 3714/211/1 245/212/1 247/210/1
f 243/210/1 248/213/1 250/215/1
f 263/226/1 260/223/1 255/220/1
f 272/231/1 269/229/1 242/209/1
f 3715/238/46 273/232/46 275/234/46
f 3716/553/5 276/235/5 278/237/5
f 3717/553/30 279/235/30 281/237/30
f 3718/553/4 282/235/4 284/237/4
f 3719/234/46 285/238/46 287/233/46
f 3720/553/5 288/235/5 290/237/5
f 3721/553/30 291/235/30 293/237/30
f 3722/553/4 294/235/4 296/237/4
f 3723/553/5 297/235/5 299/237/5
f 3724/553/30 300/235/30 302/237/30
f 3725/553/4 303/235/4 305/237/4
f 3726/238/46 306/232/46 308/234/46
f 3727/553/53 309/235/53 311/237/53
f 3728/562/54 312/239/54 314/241/54
f 3729/1228/55 315/242/55 317/244/55
f 3730/1229/56 318/235/56 320/245/56
f 3731/1230/57 321/246/57 323/248/57
f 3732/1231/58 324/249/58 326/251/58
f 3733/1232/59 327/252/59 329/254/59
f 3734/1233/60 330/255/60 332/257/60
f 3735/1234/46 333/258/46 335/260/46
f 3736/1235/46 336/261/46 338/263/46
f 3737/1236/61 339/235/61 341/264/61
f 3738/1237/62 342/265/62 344/267/62
f 3739/1238/63 345/268/63 347/270/63
f 3740/1239/64 348/271/64 350/273/64
f 3741/1240/65 351/255/65 353/274/65
f 3742/1241/66 354/275/66 356/277/66
f 3743/1238/67 357/278/67 359/270/67
f 3744/1242/68 360/235/68 362/280/68
f 3745/1243/1 363/1/1 365/282/1
f 995/632/1 366/281/1 368/284/1
f 3746/1081/1 369/283/1 371/286/1
f 993/631/1 372/287/1 374/289/1
f 3747/286/1 375/290/1 377/292/1
f 381/296/1 378/293/1 380/295/1
f 378/293/1 381/296/1 383/298/1
f 3748/619/69 384/299/69 386/300/69
f 975/620/1 382/297/1 387/301/1
f 3749/301/1 388/296/1 390/302/1
f 3750/316/5 391/303/5 393/304/5
f 954/304/5 32/26/5 395/306/5
f 3751/306/5 396/305/5 398/289/5
f 3752/315/5 399/308/5 401/310/5
f 411/315/5 402/310/5 403/311/5
f 3753/311/5 404/158/5 406/313/5
f 982/312/5 187/157/5 408/313/5
f 981/623/5 409/308/5 189/159/5
f 411/315/5 407/314/5 409/308/5
f 407/314/5 411/315/5 408/313/5
f 953/602/5 31/25/5 412/316/5
f 379/294/1 413/317/1 380/295/1
f 3754/324/4 415/318/4 417/320/4
f 3755/334/46 418/321/46 420/323/46
f 3756/318/5 421/324/5 423/319/5
f 3757/1244/30 424/325/30 426/327/30
f 3758/329/4 427/318/4 429/328/4
f 3759/334/46 430/321/46 432/323/46
f 3760/318/5 433/329/5 435/319/5
f 3761/1245/30 436/330/30 438/332/30
f 3762/329/4 439/318/4 441/328/4
f 3763/334/46 442/321/46 444/323/46
f 3764/318/5 445/329/5 447/319/5
f 3765/1245/30 448/325/30 450/332/30
f 3766/335/4 451/318/4 453/333/4
f 3767/323/46 454/334/46 456/322/46
f 3768/318/5 457/335/5 459/319/5
f 3769/1246/30 460/336/30 462/338/30
f 3770/340/4 463/318/4 465/339/4
f 3771/334/46 466/321/46 468/323/46
f 3772/318/5 469/340/5 471/319/5
f 3773/1082/30 472/341/30 474/343/30
f 3774/318/3 475/344/3 477/319/3
f 3775/1245/30 478/325/30 480/332/30
f 3776/344/1 481/318/1 483/345/1
f 3777/334/46 484/321/46 486/323/46
f 3778/318/3 487/346/3 489/319/3
f 3779/1247/30 490/348/30 492/350/30
f 3780/346/1 493/318/1 495/347/1
f 3781/334/46 496/321/46 498/323/46
f 3782/318/3 499/351/3 501/319/3
f 3783/1248/30 502/353/30 504/355/30
f 3784/351/1 505/318/1 507/352/1
f 3785/334/46 508/321/46 510/323/46
f 3786/318/3 511/351/3 513/319/3
f 3787/1249/30 514/356/30 516/358/30
f 3788/351/1 517/318/1 519/352/1
f 3789/334/46 520/321/46 522/323/46
f 949/599/5 523/359/5 525/204/5
f 3790/599/5 526/204/5 528/362/5
f 3791/374/5 529/363/5 531/365/5
f 3792/376/5 532/366/5 534/368/5
f 979/368/5 535/367/5 537/370/5
f 551/384/5 547/380/5 549/382/5
f 3612/1190/661 555/386/661 556/379/661
f 976/621/5 46/40/5 558/363/5
f 3793/553/3 568/235/3 570/237/3
f 3794/553/30 571/235/30 573/237/30
f 3795/553/1 574/235/1 576/237/1
f 3796/238/46 577/232/46 579/234/46
f 3797/1250/73 580/395/73 582/397/73
f 3798/482/74 583/398/74 585/400/74
f 3799/1251/75 586/235/75 588/401/75
f 3800/553/76 589/235/76 591/237/76
f 3801/553/77 592/402/77 594/237/77
f 3802/1252/78 595/404/78 597/406/78
f 3803/484/689 598/407/689 600/409/689
f 3804/553/3 601/235/3 603/237/3
f 3805/553/30 604/235/30 606/237/30
f 3806/553/1 607/235/1 609/237/1
f 3807/238/46 610/232/46 612/234/46
f 3808/553/3 613/235/3 615/237/3
f 3809/1253/80 616/235/80 618/410/80
f 3810/553/81 619/235/81 621/237/81
f 3811/553/82 622/235/82 624/237/82
f 3812/553/83 625/235/83 627/237/83
f 3813/553/84 628/411/84 630/237/84
f 3814/1254/85 631/235/85 633/413/85
f 3815/553/86 634/235/86 636/237/86
f 3816/1255/46 637/414/46 639/416/46
f 3817/553/87 640/235/87 642/237/87
f 3818/1256/88 643/417/88 645/419/88
f 3819/1257/89 646/235/89 648/420/89
f 3820/553/90 649/235/90 651/237/90
f 3821/553/91 652/235/91 654/237/91
f 3822/553/92 655/421/92 657/237/92
f 3823/1258/93 658/423/93 660/425/93
f 3824/553/94 661/235/94 663/237/94
f 3825/1255/46 664/414/46 666/416/46
f 3826/435/5 667/426/5 669/428/5
f 3827/476/5 670/429/5 672/431/5
f 3828/438/5 673/432/5 675/433/5
f 957/470/5 679/436/5 681/438/5
f 3829/844/5 682/439/5 684/441/5
f 3830/465/5 685/442/5 687/444/5
f 3831/603/5 688/445/5 690/447/5
f 3832/1259/5 691/448/5 692/445/5
f 3833/835/5 693/449/5 695/451/5
f 3834/458/5 696/452/5 698/454/5
f 3835/642/5 699/455/5 701/457/5
f 1006/465/5 702/442/5 704/458/5
f 1017/642/5 705/459/5 707/455/5
f 3836/822/5 708/461/5 710/463/5
f 3837/637/5 711/464/5 713/465/5
f 3838/470/5 714/466/5 716/459/5
f 1019/478/5 720/469/5 722/470/5
f 3839/899/5 723/471/5 725/473/5
f 3840/431/5 726/474/5 728/476/5
f 3841/643/5 729/68/5 731/478/5
f 1020/643/5 732/93/5 734/68/5
f 3842/400/3 735/480/3 737/482/3
f 3843/1260/30 738/255/30 740/483/30
f 3844/1261/1 741/484/1 743/485/1
f 3845/1262/46 744/486/46 746/488/46
f 3846/1263/3 747/489/3 749/491/3
f 3847/400/30 750/236/30 752/482/30
f 3848/1264/1 753/492/1 755/494/1
f 3849/238/46 756/495/46 758/234/46
f 3850/1265/3 759/489/3 761/497/3
f 3851/1266/30 762/498/30 764/500/30
f 3852/1264/1 765/501/1 767/494/1
f 3853/1085/46 768/234/46 770/233/46
f 3854/1087/690 775/506/690 777/508/690
f 3855/554/1 778/509/1 780/511/1
f 3856/1267/46 781/512/46 783/514/46
f 3857/1268/3 784/498/3 786/515/3
f 3858/503/30 787/507/30 789/505/30
f 3859/1269/1 790/516/1 792/518/1
f 3860/1267/46 793/519/46 795/514/46
f 3861/526/3 796/498/3 798/521/3
f 3862/1270/30 799/399/30 801/522/30
f 3863/1269/1 802/501/1 804/518/1
f 3864/238/46 805/495/46 807/234/46
f 3865/521/691 811/526/691 813/528/691
f 3866/1271/1 814/529/1 816/531/1
f 3867/1272/46 817/532/46 819/534/46
f 3868/1273/3 820/535/3 822/537/3
f 3869/1274/30 823/480/30 825/538/30
f 3870/1275/1 826/539/1 828/541/1
f 3871/1276/46 829/542/46 831/544/46
f 3872/523/3 832/545/3 834/525/3
f 3873/1270/30 835/399/30 837/522/30
f 3874/1277/1 838/529/1 840/548/1
f 3875/1272/46 841/549/46 843/534/46
f 3876/237/692 847/236/692 849/553/692
f 1464/510/693 850/511/693 852/424/693
f 3877/1278/46 853/232/46 855/555/46
f 3878/1273/3 856/535/3 858/537/3
f 3879/237/30 859/236/30 861/553/30
f 3880/1275/1 862/539/1 864/541/1
f 3881/238/46 865/232/46 867/234/46
f 3882/1265/3 868/556/3 870/497/3
f 3883/237/30 871/236/30 873/553/30
f 3884/1279/1 874/501/1 876/558/1
f 3885/238/46 877/232/46 879/234/46
f 3886/1088/3 880/559/3 882/523/3
f 3887/551/30 883/236/30 885/552/30
f 3888/547/1 886/560/1 888/529/1
f 3889/238/46 889/495/46 891/234/46
f 3890/1263/3 892/236/3 894/491/3
f 3891/241/30 895/535/30 897/562/30
f 3892/237/1 898/492/1 900/553/1
f 3893/1280/46 901/563/46 903/565/46
f 3894/1274/3 904/545/3 906/538/3
f 3895/1268/30 907/489/30 909/515/30
f 3896/1277/1 910/507/1 912/548/1
f 3595/1187/694 164/137/694 186/156/694
f 3683/1205/5 916/569/5 45/39/5
f 950/600/9 31/25/9 918/571/9
f 924/576/5 919/572/5 921/574/5
f 921/574/5 922/69/5 924/576/5
f 3897/70/29 925/577/29 927/579/29
f 3898/1281/30 928/580/30 930/582/30
f 3899/1282/46 931/583/46 933/585/46
f 3900/1283/105 934/586/105 936/588/105
f 3901/1093/46 937/589/46 939/591/46
f 3902/1284/30 940/592/30 942/594/30
f 918/571/5 943/595/5 945/596/5
f 1018/457/5 946/456/5 948/598/5
f 523/359/5 918/571/5 547/380/5
f 918/571/5 523/359/5 943/595/5
f 980/307/5 950/600/5 952/289/5
f 954/304/5 951/601/5 412/316/5
f 951/601/5 954/304/5 952/289/5
f 3832/1259/5 692/445/5 956/604/5
f 1586/855/106 958/605/106 960/607/106
f 1783/963/5 961/608/5 963/471/5
f 968/613/1 964/609/1 966/611/1
f 992/630/1 374/289/1 967/612/1
f 973/618/675 413/317/675 968/613/675
f 999/634/1 969/614/1 971/616/1
f 239/207/1 968/613/1 260/223/1
f 968/613/1 239/207/1 964/609/1
f 975/620/1 413/317/1 974/619/1
f 413/317/1 975/620/1 414/303/1
f 974/619/1 973/618/1 383/298/1
f 976/621/5 561/389/5 47/41/5
f 190/160/5 561/389/5 191/161/5
f 537/370/46 978/622/46 979/368/46
f 681/438/5 89/70/5 957/470/5
f 967/612/675 970/615/675 985/625/675
f 984/624/1 986/203/1 988/627/1
f 996/286/1 989/285/1 991/629/1
f 994/290/1 992/630/1 985/625/1
f 372/287/1 993/631/1 985/625/1
f 995/632/1 991/629/1 2/2/1
f 991/629/1 995/632/1 996/286/1
f 367/283/332 997/633/332 989/285/332
f 997/633/1 367/283/1 3903/1/1
f 987/626/1 999/634/1 988/627/1
f 986/203/1 984/624/1 969/614/1
f 1712/899/5 1003/636/5 1005/474/5
f 676/429/5 678/435/5 1008/430/5
f 1758/939/695 947/597/695 720/469/695
f 3904/1008/30 1021/644/30 1023/646/30
f 3905/654/110 1026/649/110 1028/651/110
f 3906/649/696 1029/652/696 1031/654/696
f 1031/654/697 1032/649/697 1034/651/697
f 3905/654/698 1028/651/698 1036/649/698
f 3907/1285/5 1037/655/5 1039/657/5
f 1043/661/30 1040/658/30 1042/660/30
f 1349/805/30 1043/661/30 1044/662/30
f 3908/811/115 1045/663/115 1047/665/115
f 3909/830/699 1048/666/699 1050/668/699
f 3910/811/117 1051/665/117 1053/663/117
f 3911/654/110 1054/649/110 1056/651/110
f 3912/649/696 1057/652/696 1059/654/696
f 1059/654/700 1060/649/700 1062/651/700
f 3911/654/701 1056/651/701 1064/649/701
f 3913/1286/702 1068/672/702 1070/674/702
f 3914/1095/703 1071/675/703 1073/677/703
f 3915/1287/704 1074/678/704 1076/680/704
f 3916/1287/705 1077/678/705 1079/680/705
f 1066/670/5 1065/669/5 1084/685/5
f 3917/1096/122 1085/686/122 1087/688/122
f 3918/1097/706 1088/689/706 1090/687/706
f 1103/696/5 1091/690/5 1093/692/5
f 3919/1097/124 1094/687/124 1096/689/124
f 3920/1096/125 1097/688/125 1099/686/125
f 3921/1098/126 1100/693/126 1102/695/126
f 1105/698/127 1067/671/127 1103/696/127
f 3922/877/707 1107/700/707 1109/702/707
f 3923/1288/708 1116/706/708 1118/708/708
f 3924/739/4 1125/709/4 1127/711/4
f 3925/734/4 1128/712/4 1130/714/4
f 1161/729/4 1131/715/4 1133/717/4
f 3926/233/46 1134/234/46 1136/232/46
f 3927/724/1 1137/718/1 1139/720/1
f 3928/1289/30 1140/721/30 1142/723/30
f 3929/718/3 1143/724/3 1145/719/3
f 3930/233/46 1146/234/46 1148/232/46
f 3931/727/1 1149/725/1 1128/712/1
f 3932/1289/30 1151/721/30 1153/723/30
f 3933/725/3 1154/727/3 1156/726/3
f 3934/233/46 1157/234/46 1159/232/46
f 3935/730/1 1160/728/1 1161/729/1
f 3936/1289/30 1162/721/30 1164/723/30
f 3937/728/3 1165/730/3 1167/715/3
f 1171/732/4 1168/716/4 1170/731/4
f 1175/713/4 1173/729/4 1174/714/4
f 1178/710/4 1171/732/4 1177/711/4
f 1171/732/4 1178/710/4 1174/714/4
f 1185/712/4 1179/734/4 1180/709/4
f 55/48/4 1181/735/4 56/49/4
f 1181/735/4 55/48/4 1184/738/4
f 1187/740/4 1170/731/4 1185/712/4
f 1187/740/4 1185/712/4 1186/739/4
f 1176/733/4 1187/740/4 1177/711/4
f 1192/745/709 55/48/709 1188/741/709
f 3938/1290/4 1189/742/4 1191/744/4
f 1190/743/10 1189/742/10 1183/737/10
f 3939/1291/4 1183/737/4 1192/745/4
f 3939/1291/710 1191/744/710 1183/737/710
f 3940/1292/136 1193/746/136 1195/748/136
f 3941/1292/137 1196/746/137 1198/748/137
f 3942/1292/138 1199/746/138 1201/748/138
f 3943/1292/711 1202/746/711 1204/748/711
f 3944/1292/140 1205/746/140 1207/748/140
f 3945/1292/141 1208/746/141 1210/748/141
f 3946/1292/142 1211/746/142 1213/748/142
f 3947/1292/143 1214/746/143 1216/748/143
f 3948/1292/144 1217/746/144 1219/748/144
f 3949/1292/145 1220/746/145 1222/748/145
f 3950/1292/146 1223/746/146 1225/748/146
f 3951/1292/147 1226/746/147 1228/748/147
f 3952/1293/148 1229/749/148 1231/751/148
f 3953/1294/712 1232/752/712 1234/754/712
f 3954/1295/150 1235/755/150 1237/757/150
f 3955/1296/151 1238/758/151 1240/760/151
f 3956/1297/152 1241/761/152 1243/763/152
f 3957/1298/153 1244/764/153 1246/766/153
f 3958/1292/30 1247/767/30 1249/748/30
f 3959/1292/4 1250/769/4 1252/748/4
f 3960/1292/46 1253/769/46 1255/748/46
f 3961/1292/5 1256/769/5 1258/748/5
f 3962/1299/30 1259/769/30 1261/771/30
f 3506/1123/1 1262/772/1 1264/774/1
f 1268/778/1 1265/775/1 1267/777/1
f 3963/1300/1 1268/778/1 1269/779/1
f 3964/1292/154 1270/746/154 1272/748/154
f 3965/1292/155 1273/746/155 1275/748/155
f 3966/1292/156 1276/746/156 1278/748/156
f 3967/1292/157 1279/746/157 1281/748/157
f 3968/1292/158 1282/746/158 1284/748/158
f 3969/1292/159 1285/746/159 1287/748/159
f 3970/1292/160 1288/746/160 1290/748/160
f 3971/1292/161 1291/746/161 1293/748/161
f 3972/1292/162 1294/746/162 1296/748/162
f 3973/1292/163 1297/746/163 1299/748/163
f 3974/1292/164 1300/746/164 1302/748/164
f 3975/1292/165 1303/746/165 1305/748/165
f 3976/1301/166 1306/780/166 1308/782/166
f 3977/1302/167 1309/783/167 1311/785/167
f 3978/1303/168 1312/786/168 1314/788/168
f 3979/1304/713 1315/789/713 1317/791/713
f 3980/1305/170 1318/792/170 1320/794/170
f 3981/1306/171 1321/795/171 1323/797/171
f 3982/1292/30 1324/798/30 1326/748/30
f 3983/1292/1 1327/769/1 1329/748/1
f 3984/1292/46 1330/769/46 1332/748/46
f 3985/1292/3 1333/769/3 1335/748/3
f 3986/1307/30 1336/769/30 1338/800/30
f 3492/1123/5 1339/772/5 1341/774/5
f 1345/778/5 1342/775/5 1344/802/5
f 3987/1300/5 1345/778/5 1346/779/5
f 1044/662/714 1347/803/714 1349/805/714
f 1041/659/173 1350/806/173 1042/660/173
f 1040/658/715 1043/661/715 1353/809/715
f 3988/654/110 1354/649/110 1356/651/110
f 3989/649/196 1357/652/196 1359/654/196
f 3990/651/716 1359/654/716 1361/650/716
f 3988/654/717 1356/651/717 1363/649/717
f 3991/1285/5 1364/655/5 1366/657/5
f 1370/661/30 1367/658/30 1369/660/30
f 1394/805/30 1370/661/30 1371/662/30
f 3992/663/177 1372/664/177 1374/811/177
f 3993/830/178 1375/666/178 1377/668/178
f 3994/663/176 1378/811/176 1380/664/176
f 1390/654/110 1381/649/110 1383/651/110
f 3995/649/692 1384/652/692 1386/654/692
f 1386/654/718 1387/649/718 1389/651/718
f 1461/828/719 1390/654/719 1391/650/719
f 1371/662/720 1392/803/720 1394/805/720
f 1369/660/184 1368/659/184 1396/807/184
f 1367/658/721 1370/661/721 1398/809/721
f 3996/1308/5 1399/812/5 1401/814/5
f 1721/905/185 1402/815/185 1404/817/185
f 3997/654/110 1405/649/110 1407/651/110
f 3998/649/722 1408/652/722 1410/654/722
f 1567/841/723 1411/651/723 1412/649/723
f 3997/654/724 1407/651/724 1414/649/724
f 3999/1285/5 1415/655/5 1417/657/5
f 1421/661/30 1418/658/30 1420/660/30
f 1444/805/30 1421/661/30 1422/662/30
f 4000/663/190 1423/664/190 1425/811/190
f 4001/830/178 1426/666/178 1428/668/178
f 4002/663/176 1429/811/176 1431/664/176
f 4003/654/110 1432/649/110 1434/651/110
f 4004/649/725 1435/652/725 1437/654/725
f 4005/651/726 1437/654/726 1439/650/726
f 4003/654/727 1434/651/727 1441/649/727
f 1422/662/728 1442/803/728 1444/805/728
f 1420/660/196 1419/659/196 1446/807/196
f 1418/658/721 1421/661/721 1448/809/721
f 4006/1099/198 1451/821/198 1453/463/198
f 702/442/199 1454/464/199 1456/824/199
f 4007/1100/3 1465/829/3 844/551/3
f 4008/654/110 1466/649/110 1468/651/110
f 4009/649/729 1469/652/729 1471/654/729
f 1584/854/730 1472/651/730 1473/649/730
f 4008/654/731 1468/651/731 1475/649/731
f 4010/1285/5 1476/655/5 1478/657/5
f 1482/661/30 1479/658/30 1481/660/30
f 1506/805/30 1482/661/30 1483/662/30
f 4011/663/207 1484/664/207 1486/811/207
f 4012/666/191 1487/667/191 1489/830/191
f 4013/663/208 1490/811/208 1492/664/208
f 4014/654/110 1493/649/110 1495/651/110
f 4015/654/209 1496/649/209 1498/653/209
f 4015/654/732 1499/649/732 1501/651/732
f 4014/654/733 1495/651/733 1503/649/733
f 1483/662/734 1504/803/734 1506/805/734
f 1480/659/196 1507/806/196 1481/660/196
f 1479/658/735 1482/661/735 1510/809/735
f 4016/654/110 1511/649/110 1513/651/110
f 4017/649/221 1514/652/221 1516/654/221
f 1516/654/736 1517/649/736 1519/651/736
f 4016/654/737 1513/651/737 1521/649/737
f 4018/1285/5 1522/655/5 1524/657/5
f 1528/661/30 1525/658/30 1527/660/30
f 1552/805/30 1528/661/30 1529/662/30
f 4019/663/217 1530/664/217 1532/811/217
f 4020/830/738 1533/666/738 1535/668/738
f 4021/663/218 1536/811/218 1538/664/218
f 4022/654/110 1539/649/110 1541/651/110
f 4023/649/739 1542/652/739 1544/654/739
f 1544/654/740 1545/649/740 1547/651/740
f 4022/654/741 1541/651/741 1549/649/741
f 1529/662/742 1550/803/742 1552/805/742
f 1527/660/221 1526/659/221 1554/807/221
f 1525/658/743 1528/661/743 1556/809/743
f 4024/1309/5 1560/449/5 1562/836/5
f 1738/920/5 1563/837/5 1449/819/5
f 1456/824/199 1563/837/199 702/442/199
f 1563/837/222 1564/838/222 703/452/222
f 1564/838/224 1558/833/224 1000/635/224
f 1737/451/744 1565/839/744 1566/840/744
f 4025/1310/5 1570/842/5 1572/844/5
f 1573/845/199 1574/846/199 1013/640/199
f 1009/638/745 1579/850/745 1015/641/745
f 1012/439/306 1582/853/306 1009/638/306
f 958/605/5 1586/855/5 1588/857/5
f 4026/1311/746 1594/863/746 1596/865/746
f 960/607/18 1597/866/18 1592/861/18
f 4027/871/747 1599/868/747 1601/870/747
f 4028/869/241 1602/868/241 1604/870/241
f 1083/684/748 1605/872/748 1084/685/748
f 4029/875/749 1607/874/749 1086/687/749
f 4030/874/750 1608/875/750 1089/688/750
f 4031/1312/751 1609/876/751 1091/690/751
f 4032/875/752 1610/874/752 1094/687/752
f 4033/874/753 1611/875/753 1097/688/753
f 4034/1286/754 1615/672/754 1617/674/754
f 4035/1095/243 1618/675/243 1620/677/243
f 4036/1287/755 1621/678/755 1623/680/755
f 4037/1287/756 1624/678/756 1626/680/756
f 1613/670/5 1612/669/5 1631/685/5
f 4038/1096/757 1632/686/757 1634/688/757
f 4039/1097/247 1635/689/247 1637/687/247
f 1650/696/5 1638/690/5 1640/692/5
f 4040/1097/248 1641/687/248 1643/689/248
f 4041/1096/758 1644/688/758 1646/686/758
f 4042/1098/250 1647/693/250 1649/695/250
f 1652/698/222 1614/671/222 1650/696/222
f 4043/700/759 1654/701/759 1656/877/759
f 4044/1288/760 1663/706/760 1665/708/760
f 4045/871/761 1672/868/761 1674/870/761
f 4046/869/762 1675/868/762 1677/870/762
f 1630/684/763 1678/872/763 1631/685/763
f 1633/687/257 1680/875/257 1634/688/257
f 1636/688/764 1682/874/764 1637/687/764
f 4047/1312/765 1684/876/765 1638/690/765
f 4048/875/766 1685/874/766 1641/687/766
f 1644/688/767 1686/874/767 1645/687/767
f 4049/1313/72 1688/878/72 563/391/72
f 4050/1314/30 1692/882/30 1694/884/30
f 4051/1315/30 1695/885/30 1697/887/30
f 1690/880/663 563/391/663 535/367/663
f 1691/881/5 535/367/5 557/387/5
f 191/161/5 978/622/5 565/392/5
f 1744/926/276 1702/890/276 1455/823/276
f 1724/908/768 1703/891/768 1402/815/768
f 4052/1101/46 1705/893/46 1707/895/46
f 4053/1316/769 1708/896/769 1710/898/769
f 1715/901/278 1711/471/278 1713/900/278
f 4054/1102/279 1714/472/279 1715/901/279
f 1719/476/280 1716/902/280 1718/431/280
f 4054/1102/284 1720/904/284 1714/472/284
f 1723/907/770 1402/815/770 1722/906/770
f 1728/912/30 1725/909/30 1727/911/30
f 929/581/771 928/580/771 1728/912/771
f 1730/914/288 1729/913/288 1722/906/288
f 1729/913/772 1401/814/772 1403/816/772
f 718/462/279 1702/890/279 1736/450/279
f 1739/921/5 1738/920/5 719/468/5
f 1739/921/95 719/468/95 1736/450/95
f 1743/925/773 1455/823/773 1007/637/773
f 1745/927/774 1743/925/774 1000/635/774
f 4055/1317/678 1747/929/678 1749/931/678
f 4056/1318/775 1759/940/775 1761/942/775
f 4057/1319/776 1762/943/776 1764/945/776
f 3612/1190/5 1765/946/5 1767/948/5
f 4058/1320/5 1015/641/5 1769/950/5
f 1575/443/777 1574/846/777 1016/444/777
f 4059/1103/46 1771/952/46 1773/954/46
f 4060/996/46 1774/955/46 1776/957/46
f 4061/1321/778 123/99/778 1777/958/778
f 1784/964/5 1778/476/5 1780/960/5
f 963/471/5 1781/961/5 1783/963/5
f 1779/959/5 1008/430/5 1780/960/5
f 1778/476/5 1784/964/5 676/429/5
f 1782/962/5 1781/961/5 677/434/5
f 4062/1322/30 1785/965/30 124/100/30
f 1770/951/6 1574/846/6 1010/639/6
f 1578/849/779 1787/967/779 1010/639/779
f 4063/1323/5 1788/968/5 1597/866/5
f 4026/1311/307 959/606/307 1594/863/307
f 4064/1324/46 1791/971/46 1793/973/46
f 2430/937/1 1794/52/1 1796/54/1
f 2451/966/30 1797/98/30 1799/100/30
f 4065/1207/780 1800/101/780 1802/103/780
f 4066/1084/311 1803/129/311 1805/131/311
f 4067/428/1 1806/435/1 1808/427/1
f 4068/476/1 1809/429/1 1811/431/1
f 4069/433/1 1812/438/1 1814/68/1
f 2074/470/1 1818/436/1 1820/438/1
f 4070/844/1 1821/439/1 1823/441/1
f 4071/444/1 1824/465/1 1826/443/1
f 4072/447/1 1827/603/1 1829/446/1
f 4073/1094/1 1830/448/1 1831/445/1
f 4074/835/1 1832/449/1 1834/451/1
f 4075/454/1 1835/458/1 1837/453/1
f 4076/457/1 1838/642/1 1840/456/1
f 2084/465/1 1841/442/1 1843/458/1
f 2095/642/1 1844/459/1 1846/455/1
f 4077/822/1 1847/461/1 1849/463/1
f 4078/637/1 1850/464/1 1852/465/1
f 4079/470/1 1853/466/1 1855/459/1
f 2097/478/1 1859/469/1 1861/470/1
f 4080/473/1 1862/899/1 1864/472/1
f 4081/476/1 1865/431/1 1867/475/1
f 4082/478/1 1868/643/1 1870/477/1
f 4083/400/5 1871/480/5 1873/482/5
f 4084/1260/30 1874/255/30 1876/483/30
f 4085/1261/4 1877/484/4 1879/485/4
f 4086/1262/46 1880/486/46 1882/488/46
f 4087/1263/5 1883/489/5 1885/491/5
f 4088/400/30 1886/236/30 1888/482/30
f 4089/1264/4 1889/492/4 1891/494/4
f 4090/238/46 1892/495/46 1894/234/46
f 4091/1265/5 1895/489/5 1897/497/5
f 4092/1266/30 1898/498/30 1900/500/30
f 4093/1264/4 1901/501/4 1903/494/4
f 4094/1085/46 1904/234/46 1906/233/46
f 4095/1087/781 1911/506/781 1913/508/781
f 4096/554/4 1914/509/4 1916/511/4
f 4097/1267/46 1917/512/46 1919/514/46
f 4098/1268/5 1920/498/5 1922/515/5
f 4099/503/30 1923/507/30 1925/505/30
f 4100/1269/4 1926/516/4 1928/518/4
f 4101/1267/46 1929/519/46 1931/514/46
f 4102/526/5 1932/498/5 1934/521/5
f 4103/1270/30 1935/399/30 1937/522/30
f 4104/1269/4 1938/501/4 1940/518/4
f 4105/238/46 1941/495/46 1943/234/46
f 4106/521/782 1947/526/782 1949/528/782
f 4107/1271/4 1950/529/4 1952/531/4
f 4108/1272/46 1953/532/46 1955/534/46
f 4109/1273/5 1956/535/5 1958/537/5
f 4110/1274/30 1959/480/30 1961/538/30
f 4111/1275/4 1962/539/4 1964/541/4
f 4112/1276/46 1965/542/46 1967/544/46
f 4113/523/5 1968/545/5 1970/525/5
f 4114/1270/30 1971/399/30 1973/522/30
f 4115/1277/4 1974/529/4 1976/548/4
f 4116/1272/46 1977/549/46 1979/534/46
f 4117/237/783 1983/236/783 1985/553/783
f 2244/510/784 1986/511/784 1988/424/784
f 4118/1278/46 1989/232/46 1991/555/46
f 4119/1273/5 1992/535/5 1994/537/5
f 4120/237/30 1995/236/30 1997/553/30
f 4121/1275/4 1998/539/4 2000/541/4
f 4122/238/46 2001/232/46 2003/234/46
f 4123/1265/5 2004/556/5 2006/497/5
f 4124/237/30 2007/236/30 2009/553/30
f 4125/1279/4 2010/501/4 2012/558/4
f 4126/238/46 2013/232/46 2015/234/46
f 4127/1088/5 2016/559/5 2018/523/5
f 4128/552/30 2019/551/30 2021/235/30
f 4129/547/4 2022/560/4 2024/529/4
f 4130/238/46 2025/495/46 2027/234/46
f 4131/1263/5 2028/236/5 2030/491/5
f 4132/241/30 2031/535/30 2033/562/30
f 4133/237/4 2034/492/4 2036/553/4
f 4134/1280/46 2037/563/46 2039/565/46
f 4135/1274/5 2040/545/5 2042/538/5
f 4136/1268/30 2043/489/30 2045/515/30
f 4137/1277/4 2046/507/4 2048/548/4
f 4138/1281/30 2055/580/30 2057/582/30
f 2061/982/785 2058/979/785 2060/981/785
f 2058/979/786 2061/982/786 2063/984/786
f 2058/979/787 2063/984/787 2065/985/787
f 4139/1093/46 2066/589/46 2068/591/46
f 2096/457/1 2069/456/1 2071/598/1
f 4073/1094/1 1831/445/1 2073/986/1
f 2448/963/1 2075/608/1 2077/471/1
f 2403/899/1 2081/636/1 2083/474/1
f 1815/429/1 1817/435/1 2086/430/1
f 2493/1019/788 2097/478/788 2071/598/788
f 2432/939/789 2070/597/789 1859/469/789
f 4140/1286/323 2101/672/323 2103/674/323
f 4141/1095/790 2104/675/790 2106/677/790
f 4142/1287/791 2107/678/791 2109/680/791
f 4143/1287/792 2110/678/792 2112/680/792
f 2099/670/1 2098/669/1 2117/685/1
f 4144/1096/793 2118/686/793 2120/688/793
f 4145/1097/328 2121/689/328 2123/687/328
f 2136/696/1 2124/690/1 2126/692/1
f 4146/1097/794 2127/687/794 2129/689/794
f 4147/1096/330 2130/688/330 2132/686/330
f 4148/1098/795 2133/693/795 2135/695/795
f 2138/698/333 2100/671/333 2136/696/333
f 4149/654/334 2140/649/334 2142/651/334
f 4150/649/796 2143/652/796 2145/654/796
f 4151/651/797 2145/654/797 2147/650/797
f 4149/654/798 2142/651/798 2149/649/798
f 4152/1285/1 2150/655/1 2152/657/1
f 2156/661/30 2153/658/30 2155/660/30
f 2180/805/30 2156/661/30 2157/662/30
f 4153/663/338 2158/664/338 2160/811/338
f 4154/830/339 2161/666/339 2163/668/339
f 4155/663/340 2164/811/340 2166/664/340
f 2176/654/334 2167/649/334 2169/651/334
f 4156/649/799 2170/652/799 2172/654/799
f 2172/654/800 2173/649/800 2175/651/800
f 2241/828/801 2176/654/801 2177/650/801
f 2157/662/802 2178/803/802 2180/805/802
f 2155/660/345 2154/659/345 2182/807/345
f 2153/658/803 2156/661/803 2184/809/803
f 4157/654/334 2185/649/334 2187/651/334
f 4158/649/804 2188/652/804 2190/654/804
f 2306/841/805 2191/651/805 2192/649/805
f 4157/654/806 2187/651/806 2194/649/806
f 4159/1285/1 2195/655/1 2197/657/1
f 2201/661/30 2198/658/30 2200/660/30
f 2224/805/30 2201/661/30 2202/662/30
f 4160/663/349 2203/664/349 2205/811/349
f 4161/830/339 2206/666/339 2208/668/339
f 4162/663/337 2209/811/337 2211/664/337
f 4163/654/334 2212/649/334 2214/651/334
f 4164/649/807 2215/652/807 2217/654/807
f 4165/651/808 2217/654/808 2219/650/808
f 4163/654/809 2214/651/809 2221/649/809
f 2202/662/810 2222/803/810 2224/805/810
f 2200/660/355 2199/659/355 2226/807/355
f 2198/658/803 2201/661/803 2228/809/803
f 4166/1099/357 2231/821/357 2233/463/357
f 1841/442/358 2234/464/358 2236/824/358
f 4167/1100/5 2245/829/5 1980/551/5
f 4168/654/334 2246/649/334 2248/651/334
f 4169/649/811 2249/652/811 2251/654/811
f 2323/854/812 2252/651/812 2253/649/812
f 4168/654/813 2248/651/813 2255/649/813
f 4170/1285/1 2256/655/1 2258/657/1
f 2262/661/30 2259/658/30 2261/660/30
f 2286/805/30 2262/661/30 2263/662/30
f 4171/663/366 2264/664/366 2266/811/366
f 4172/666/367 2267/667/367 2269/830/367
f 4173/663/105 2270/811/105 2272/664/105
f 4174/654/334 2273/649/334 2275/651/334
f 4175/654/368 2276/649/368 2278/653/368
f 4175/654/814 2279/649/814 2281/651/814
f 4174/654/815 2275/651/815 2283/649/815
f 2263/662/816 2284/803/816 2286/805/816
f 2260/659/355 2287/806/355 2261/660/355
f 2259/658/817 2262/661/817 2290/809/817
f 2294/992/818 2291/989/818 2293/991/818
f 4176/1309/1 2299/449/1 2301/836/1
f 2415/920/1 2302/837/1 2229/819/1
f 2236/824/358 2302/837/358 1841/442/358
f 2302/837/374 2303/838/374 1842/452/374
f 2303/838/376 2297/833/376 2078/635/376
f 2414/451/819 2304/839/819 2305/840/819
f 4177/1310/1 2309/842/1 2311/844/1
f 2312/845/358 2313/846/358 2091/640/358
f 2087/987/382 2318/850/382 2093/988/382
f 2090/439/820 2321/853/820 2087/987/820
f 4178/871/821 2325/868/821 2327/870/821
f 4179/869/393 2328/868/393 2330/870/393
f 4180/872/822 2331/873/822 2116/684/822
f 4181/875/823 2332/874/823 2119/687/823
f 4182/874/824 2333/875/824 2122/688/824
f 4183/1312/825 2334/876/825 2124/690/825
f 4184/875/826 2335/874/826 2127/687/826
f 4185/874/827 2336/875/827 2130/688/827
f 4186/1286/395 2340/672/395 2342/674/395
f 4187/1095/828 2343/675/828 2345/677/828
f 4188/1287/829 2346/678/829 2348/680/829
f 4189/1287/830 2349/678/830 2351/680/830
f 2338/670/1 2337/669/1 2356/685/1
f 4190/1096/831 2357/686/831 2359/688/831
f 4191/1097/832 2360/689/832 2362/687/832
f 2375/696/1 2363/690/1 2365/692/1
f 4192/1097/833 2366/687/833 2368/689/833
f 4193/1096/834 2369/688/834 2371/686/834
f 4194/1098/835 2372/693/835 2374/695/835
f 2377/698/374 2339/671/374 2375/696/374
f 4195/871/836 2379/868/836 2381/870/836
f 4196/869/837 2382/868/837 2384/870/837
f 2355/684/838 2385/872/838 2356/685/838
f 2358/687/404 2387/875/404 2359/688/404
f 2361/688/839 2389/874/839 2362/687/839
f 4197/1312/840 2391/876/840 2363/690/840
f 4198/875/841 2392/874/841 2366/687/841
f 2369/688/842 2393/874/842 2370/687/842
f 2421/926/412 2395/890/412 2235/823/412
f 4199/892/843 2396/994/843 2398/891/843
f 4200/1101/46 2399/893/46 2401/895/46
f 2406/901/414 2402/471/414 2404/900/414
f 4201/1102/415 2405/472/415 2406/901/415
f 2410/476/844 2407/902/844 2409/431/844
f 4201/1102/421 2411/904/421 2405/472/421
f 1857/462/415 2395/890/415 2413/450/415
f 2416/921/1 2415/920/1 1858/468/1
f 2416/921/312 1858/468/312 2413/450/312
f 2420/925/177 2235/823/177 2085/637/177
f 2422/927/845 2420/925/845 2078/635/845
f 4202/1320/1 2093/988/1 2434/950/1
f 2314/443/846 2313/846/846 2094/444/846
f 4203/1103/46 2436/952/46 2438/954/46
f 4204/1325/847 2439/995/847 2441/996/847
f 4205/1326/848 1798/975/848 2442/958/848
f 2449/964/1 2443/476/1 2445/960/1
f 2077/471/1 2446/961/1 2448/963/1
f 2444/959/1 2086/430/1 2445/960/1
f 2443/476/1 2449/964/1 1815/429/1
f 2447/962/1 2446/961/1 1816/434/1
f 4206/1322/30 2450/965/30 1799/100/30
f 2435/951/436 2313/846/436 2088/639/436
f 2317/849/849 2452/967/849 2088/639/849
f 4207/1324/46 2456/971/46 2458/973/46
f 2453/969/449 2459/997/449 2454/68/449
f 4208/1214/216 2462/120/216 2464/1000/216
f 4209/583/441 2465/584/441 2467/1002/441
f 2471/1005/850 2468/1003/850 2470/1004/850
f 4210/1105/851 2471/1005/851 2472/1006/851
f 2472/1006/852 2470/1004/852 2474/1007/852
f 4211/1106/853 2475/646/853 2477/1009/853
f 4212/1316/738 2478/896/738 2480/1011/738
f 4213/1327/854 2481/911/854 2483/1012/854
f 2486/1013/446 2484/913/446 2397/908/446
f 4214/1317/855 2487/929/855 2489/1015/855
f 4215/1328/373 2490/1016/373 2293/991/373
f 1820/438/450 2459/997/450 2074/470/450
f 2056/581/856 2055/580/856 2482/912/856
f 2493/1019/428 2492/1018/428 2425/68/428
f 2498/1023/857 2495/1020/857 2497/1022/857
f 2756/633/3 2500/3/3 2502/1/3
f 2749/629/456 2500/3/456 2504/37/456
f 2757/647/30 2505/125/30 2507/123/30
f 4216/30/4 2508/153/4 2510/29/4
f 4217/33/4 2511/154/4 2513/155/4
f 4218/1227/3 2514/203/3 2516/201/3
f 4219/617/457 2517/206/457 2519/204/457
f 2547/1040/3 2520/1026/3 2522/204/3
f 2524/210/3 2523/211/3 2503/38/3
f 2529/1028/30 2524/210/30 2525/1027/30
f 4220/211/3 2526/210/3 2528/212/3
f 2524/210/3 2529/1028/3 2531/213/3
f 3628/1042/3 2532/1030/3 2534/1032/3
f 3633/1039/3 2538/1033/3 2540/1036/3
f 2544/1038/3 2537/220/3 2542/1037/3
f 2503/38/3 2551/229/3 2525/1027/3
f 4221/238/46 2555/234/46 2557/232/46
f 4222/553/5 2558/237/5 2560/235/5
f 4223/553/30 2561/237/30 2563/235/30
f 4224/553/4 2564/237/4 2566/235/4
f 4225/232/46 2567/238/46 2569/233/46
f 4226/553/5 2570/237/5 2572/235/5
f 4227/553/30 2573/237/30 2575/235/30
f 4228/553/4 2576/237/4 2578/235/4
f 4229/553/5 2579/237/5 2581/235/5
f 4230/553/30 2582/237/30 2584/235/30
f 4231/553/4 2585/237/4 2587/235/4
f 4232/238/46 2588/234/46 2590/232/46
f 4233/553/5 2591/237/5 2593/235/5
f 4234/553/458 2594/237/458 2596/398/458
f 4235/1329/459 2597/1044/459 2599/1046/459
f 4236/1252/460 2600/406/460 2602/1048/460
f 4237/1330/461 2603/1049/461 2605/1051/461
f 4238/1331/462 2606/1052/462 2608/536/462
f 4239/1332/463 2609/1053/463 2611/1055/463
f 4240/1333/464 2612/1056/464 2614/1058/464
f 4241/1334/46 2615/1059/46 2617/232/46
f 4242/1335/46 2618/1060/46 2620/1062/46
f 4243/553/465 2621/237/465 2623/235/465
f 4244/552/466 2624/551/466 2626/1064/466
f 4245/1336/467 2627/1065/467 2629/1067/467
f 4246/1337/468 2630/1068/468 2632/1070/468
f 4247/1338/469 2633/1071/469 2635/1073/469
f 4248/1339/470 2636/1074/470 2638/411/470
f 4249/1340/858 2639/1075/858 2641/1077/858
f 4250/1341/859 2642/1078/859 2644/1080/859
f 4251/1243/3 2645/282/3 2647/1/3
f 2755/632/3 2648/284/3 2650/281/3
f 4252/283/3 2651/1081/3 2653/285/3
f 2753/631/3 2654/289/3 2656/287/3
f 4253/290/3 2657/286/3 2659/291/3
f 2663/293/3 2660/298/3 2662/296/3
f 4254/294/3 2663/293/3 2664/295/3
f 4255/619/473 2665/300/473 2667/299/473
f 2741/620/3 2668/301/3 2661/297/3
f 4256/301/3 2669/302/3 2671/296/3
f 4254/294/3 2664/295/3 2673/317/3
f 4257/324/4 2674/320/4 2676/318/4
f 4258/334/46 2677/323/46 2679/321/46
f 4259/318/5 2680/319/5 2682/324/5
f 4260/1244/30 2683/327/30 2685/325/30
f 4261/329/4 2686/328/4 2688/318/4
f 4262/334/46 2689/323/46 2691/321/46
f 4263/318/5 2692/319/5 2694/329/5
f 4264/1245/30 2695/332/30 2697/330/30
f 4265/329/4 2698/328/4 2700/318/4
f 4266/334/46 2701/323/46 2703/321/46
f 4267/318/5 2704/319/5 2706/329/5
f 4268/1245/30 2707/332/30 2709/325/30
f 4269/335/4 2710/333/4 2712/318/4
f 4270/321/46 2713/334/46 2715/322/46
f 4271/318/5 2716/319/5 2718/335/5
f 4272/1246/30 2719/338/30 2721/336/30
f 4273/340/4 2722/339/4 2724/318/4
f 4274/334/46 2725/323/46 2727/321/46
f 4275/318/5 2728/319/5 2730/340/5
f 4276/342/30 2731/341/30 2733/343/30
f 2760/610/3 2734/609/3 2736/611/3
f 2752/630/3 2737/612/3 2654/289/3
f 2743/618/456 2735/613/456 2673/317/456
f 2746/615/3 2738/614/3 2740/616/3
f 2735/613/3 2734/609/3 2520/1026/3
f 2541/224/3 2735/613/3 2542/1037/3
f 2673/317/3 2672/303/3 2741/620/3
f 2743/618/3 2673/317/3 2742/619/3
f 2742/619/3 2660/298/3 2743/618/3
f 2737/612/456 2744/625/456 2746/615/456
f 4277/626/3 2747/203/3 2748/627/3
f 2754/286/3 2749/629/3 2751/285/3
f 4278/290/3 2744/625/3 2752/630/3
f 4278/290/3 2753/631/3 2744/625/3
f 2749/629/3 2754/286/3 2755/632/3
f 2500/3/3 2749/629/3 2501/2/3
f 2756/633/3 2502/1/3 2649/283/3
f 2750/628/3 2756/633/3 2751/285/3
f 4277/626/3 2748/627/3 2739/634/3
f 2746/615/3 2745/624/3 2738/614/3
f 3402/937/3 2761/54/3 2763/52/3
f 3421/966/30 2764/100/30 2766/98/30
f 4279/1207/637 2767/103/637 2769/101/637
f 4280/130/311 2770/129/311 2772/131/311
f 4281/426/3 2773/435/3 2775/427/3
f 4282/476/3 2776/431/3 2778/429/3
f 4283/432/3 2779/438/3 2781/68/3
f 3043/470/3 2785/438/3 2787/436/3
f 4284/844/3 2788/441/3 2790/439/3
f 4285/442/3 2791/465/3 2793/443/3
f 4286/445/3 2794/603/3 2796/446/3
f 3040/1094/3 2797/445/3 2798/448/3
f 4287/450/3 2799/449/3 2801/451/3
f 4288/452/3 2802/458/3 2804/453/3
f 4289/455/3 2805/642/3 2807/456/3
f 3053/465/3 2808/458/3 2810/442/3
f 3067/460/3 2811/459/3 2813/455/3
f 4290/822/3 2814/463/3 2816/461/3
f 4291/637/3 2817/465/3 2819/464/3
f 4292/470/3 2820/459/3 2822/466/3
f 3065/478/3 2826/470/3 2828/469/3
f 4293/471/3 2829/899/3 2831/472/3
f 4294/474/3 2832/431/3 2834/475/3
f 4295/68/3 2835/643/3 2837/477/3
f 4296/400/5 2838/482/5 2840/480/5
f 4297/1260/30 2841/483/30 2843/255/30
f 4298/1261/4 2844/485/4 2846/484/4
f 4299/1262/46 2847/488/46 2849/486/46
f 4300/1263/5 2850/491/5 2852/489/5
f 4301/400/30 2853/482/30 2855/236/30
f 4302/1264/4 2856/494/4 2858/492/4
f 4303/238/46 2859/234/46 2861/495/46
f 4304/1265/5 2862/497/5 2864/489/5
f 4305/1266/30 2865/500/30 2867/498/30
f 4306/1264/4 2868/494/4 2870/501/4
f 2875/1085/46 2871/233/46 2873/238/46
f 4307/1193/5 2876/503/5 2878/1086/5
f 4308/507/860 2879/506/860 2881/508/860
f 4309/554/4 2882/511/4 2884/509/4
f 4310/1267/46 2885/514/46 2887/512/46
f 4311/1268/5 2888/515/5 2890/498/5
f 4312/503/30 2891/505/30 2893/507/30
f 4313/1269/4 2894/518/4 2896/516/4
f 4314/1267/46 2897/514/46 2899/519/46
f 4315/526/5 2900/521/5 2902/498/5
f 4316/1270/30 2903/522/30 2905/399/30
f 4317/1269/4 2906/518/4 2908/501/4
f 4318/238/46 2909/234/46 2911/495/46
f 4319/1100/5 2912/523/5 2914/829/5
f 4320/527/811 2915/526/811 2917/528/811
f 4321/1271/4 2918/531/4 2920/529/4
f 4322/1272/46 2921/534/46 2923/532/46
f 4323/1273/5 2924/537/5 2926/535/5
f 4324/1274/30 2927/538/30 2929/480/30
f 4325/1275/4 2930/541/4 2932/539/4
f 4326/1276/46 2933/544/46 2935/542/46
f 4327/523/5 2936/525/5 2938/545/5
f 4328/1270/30 2939/522/30 2941/399/30
f 4329/1277/4 2942/548/4 2944/529/4
f 4330/1272/46 2945/534/46 2947/549/46
f 4331/237/861 2951/553/861 2953/236/861
f 3211/510/862 2954/424/862 2956/511/862
f 4332/1278/46 2957/555/46 2959/232/46
f 4333/1273/5 2960/537/5 2962/535/5
f 4334/237/30 2963/553/30 2965/236/30
f 4335/1275/4 2966/541/4 2968/539/4
f 4336/238/46 2969/234/46 2971/232/46
f 4337/1265/5 2972/497/5 2974/556/5
f 4338/237/30 2975/553/30 2977/236/30
f 4339/1279/4 2978/558/4 2980/501/4
f 4340/238/46 2981/234/46 2983/232/46
f 4341/525/5 2984/559/5 2986/523/5
f 4342/236/30 2987/551/30 2989/235/30
f 4343/547/4 2990/529/4 2992/560/4
f 4344/238/46 2993/234/46 2995/495/46
f 4345/1263/5 2996/491/5 2998/236/5
f 4346/241/30 2999/562/30 3001/535/30
f 4347/237/4 3002/553/4 3004/492/4
f 4348/1280/46 3005/565/46 3007/563/46
f 4349/1274/5 3008/538/5 3010/545/5
f 4350/1268/30 3011/515/30 3013/489/30
f 4351/1277/4 3014/548/4 3016/507/4
f 3023/575/863 3020/1089/863 3022/977/863
f 4352/576/30 3023/575/30 3024/976/30
f 4353/1281/30 3025/582/30 3027/580/30
f 3031/982/864 3028/981/864 3030/1092/864
f 4354/983/30 3031/982/30 3032/984/30
f 4355/587/865 3032/984/865 3033/985/865
f 4356/590/46 3034/589/46 3036/591/46
f 3064/457/3 3037/598/3 3039/456/3
f 3042/603/3 2797/445/3 3041/986/3
f 3419/963/3 3044/471/3 3046/608/3
f 3382/475/3 3050/636/3 3052/474/3
f 2782/429/3 3055/430/3 2783/435/3
f 3463/1019/866 3037/598/866 3065/478/866
f 2827/466/3 3038/597/3 2828/469/3
f 4357/1286/493 3071/674/493 3073/672/493
f 4358/676/867 3074/675/867 3076/677/867
f 4359/1287/868 3077/680/868 3079/678/868
f 4360/1287/869 3080/680/869 3082/678/869
f 3302/684/3 3068/669/3 3086/685/3
f 3304/687/870 3087/686/870 3089/688/870
f 3306/688/498 3090/689/498 3092/687/498
f 3108/696/3 3093/692/3 3095/690/3
f 4361/1097/871 3096/689/871 3098/687/871
f 4362/1096/500 3099/686/500 3101/688/500
f 4363/694/872 3102/693/872 3104/695/872
f 3108/696/502 3069/671/502 3106/698/502
f 3117/654/503 3109/651/503 3111/649/503
f 4364/649/873 3112/654/873 3114/652/873
f 3207/810/874 3112/654/874 3116/650/874
f 4365/650/519 3109/651/519 3118/649/519
f 4366/1285/3 3119/657/3 3121/655/3
f 3125/660/30 3122/661/30 3124/662/30
f 3122/661/30 3125/660/30 3127/658/30
f 4367/663/507 3128/811/507 3130/664/507
f 4368/667/508 3131/666/508 3133/668/508
f 4369/665/509 3134/811/509 3136/664/509
f 3147/654/503 3137/651/503 3139/649/503
f 4370/649/875 3140/654/875 3142/652/875
f 3140/654/876 3143/651/876 3145/649/876
f 3209/828/877 3146/650/877 3147/654/877
f 3124/662/878 3123/805/878 3149/803/878
f 4371/806/514 3126/659/514 3150/807/514
f 3127/658/879 3151/809/879 3122/661/879
f 3161/654/503 3153/651/503 3155/649/503
f 4372/649/880 3156/654/880 3158/652/880
f 3275/841/881 3159/649/881 3160/651/881
f 4373/650/882 3153/651/882 3162/649/882
f 4374/1285/3 3163/657/3 3165/655/3
f 3169/660/30 3166/661/30 3168/662/30
f 3166/661/30 3169/660/30 3171/658/30
f 4375/663/518 3172/811/518 3174/664/518
f 4376/667/883 3175/666/883 3177/668/883
f 4377/665/519 3178/811/519 3180/664/519
f 3189/654/503 3181/651/503 3183/649/503
f 4378/649/884 3184/654/884 3186/652/884
f 4379/649/885 3184/654/885 3188/650/885
f 3277/818/886 3181/651/886 3190/649/886
f 3168/662/887 3167/805/887 3192/803/887
f 4380/806/524 3170/659/524 3193/807/524
f 3171/658/879 3194/809/879 3166/661/879
f 4381/822/526 3198/821/526 3200/463/526
f 2810/442/527 3201/824/527 3203/464/527
f 2950/504/888 3213/829/888 2948/551/888
f 3223/654/503 3215/651/503 3217/649/503
f 4382/649/317 3218/654/317 3220/652/317
f 3294/854/889 3221/649/889 3222/651/889
f 4383/650/890 3215/651/890 3224/649/890
f 4384/1285/3 3225/657/3 3227/655/3
f 3231/660/30 3228/661/30 3230/662/30
f 3228/661/30 3231/660/30 3233/658/30
f 4385/663/534 3234/811/534 3236/664/534
f 4386/666/535 3237/830/535 3239/667/535
f 4387/665/536 3240/811/536 3242/664/536
f 3252/654/503 3243/651/503 3245/649/503
f 4388/652/537 3246/649/537 3248/653/537
f 3247/654/891 3249/651/891 3251/649/891
f 3292/831/892 3243/651/892 3253/649/892
f 3230/662/893 3229/805/893 3255/803/893
f 3232/659/524 3231/660/524 3257/806/524
f 3233/658/894 3258/809/894 3228/661/894
f 3263/991/895 3260/989/895 3262/992/895
f 4389/1309/3 3268/836/3 3270/449/3
f 3388/920/3 3197/819/3 3271/837/3
f 3201/824/527 2810/442/527 3271/837/527
f 3271/837/543 2809/452/543 3272/838/543
f 3272/838/545 3047/635/545 3267/833/545
f 3387/451/896 3274/840/896 3273/839/896
f 4390/1310/3 3279/844/3 3281/842/3
f 3282/845/527 3060/640/527 3284/846/527
f 3282/845/551 3288/850/551 3061/988/551
f 3289/851/897 3291/853/897 3056/987/897
f 4391/871/898 3296/870/898 3298/868/898
f 4392/871/899 3299/868/899 3301/870/899
f 4393/872/900 3302/684/900 3303/873/900
f 4394/875/901 3304/687/901 3305/874/901
f 4395/874/902 3306/688/902 3307/875/902
f 4396/1312/903 3095/690/903 3308/876/903
f 4397/875/904 3098/687/904 3309/874/904
f 4398/874/905 3101/688/905 3310/875/905
f 4399/1286/563 3314/674/563 3316/672/563
f 4400/676/906 3317/675/906 3319/677/906
f 4401/1287/907 3320/680/907 3322/678/907
f 4402/1287/830 3323/680/830 3325/678/830
f 3359/684/3 3311/669/3 3329/685/3
f 3361/687/908 3330/686/908 3332/688/908
f 3363/688/567 3333/689/567 3335/687/567
f 3351/696/3 3336/692/3 3338/690/3
f 4403/1097/909 3339/689/909 3341/687/909
f 4404/1096/569 3342/686/569 3344/688/569
f 4405/694/910 3345/693/910 3347/695/910
f 3351/696/543 3312/671/543 3349/698/543
f 4406/871/911 3352/870/911 3354/868/911
f 4407/871/912 3355/868/912 3357/870/912
f 4408/873/913 3358/872/913 3329/685/913
f 4409/874/914 3360/875/914 3332/688/914
f 4410/875/915 3362/874/915 3335/687/915
f 4411/1312/916 3338/690/916 3364/876/916
f 4412/875/917 3341/687/917 3365/874/917
f 4413/875/918 3366/874/918 3343/687/918
f 3393/926/579 3202/823/579 3367/890/579
f 4414/892/610 3368/891/610 3370/994/610
f 4415/894/46 3371/893/46 3373/895/46
f 3376/901/581 3374/900/581 3375/471/581
f 3383/1102/582 3376/901/582 3377/472/582
f 3384/903/583 3378/902/583 3380/431/583
f 3050/636/587 3381/904/587 3377/472/587
f 2825/462/919 3386/450/919 3367/890/919
f 3197/819/3 3388/920/3 2824/468/3
f 3389/921/479 3386/450/479 2824/468/479
f 3054/637/117 3202/823/117 3394/925/117
f 3054/637/920 3394/925/920 3047/635/920
f 4416/1320/3 3405/950/3 3061/988/3
f 3407/951/921 3284/846/921 3063/444/921
f 4417/953/46 3408/952/46 3410/954/46
f 4418/1325/847 3411/996/847 3413/995/847
f 4419/1326/848 3414/958/848 2765/975/848
f 3420/964/3 3415/960/3 3417/476/3
f 4420/962/3 3418/961/3 3419/963/3
f 3416/959/3 3415/960/3 3055/430/3
f 3417/476/3 2782/429/3 3420/964/3
f 4420/962/3 2784/434/3 3418/961/3
f 4421/1322/30 2764/100/30 3422/965/30
f 3285/847/600 3284/846/600 3058/639/600
f 3286/849/922 3058/639/922 3423/967/922
f 4422/1324/46 3427/973/46 3429/971/46
f 3431/1104/603 3430/998/603 3426/68/603
f 4423/1214/216 3433/1000/216 3435/120/216
f 4424/583/441 3436/1002/441 3438/584/441
f 3445/1006/923 3439/1007/923 3441/1004/923
f 4425/984/46 3442/1003/46 3441/1004/46
f 3441/1004/924 3443/1005/924 3445/1006/924
f 4426/1008/114 3446/646/114 3448/1009/114
f 4427/1316/116 3449/1011/116 3451/896/116
f 4428/1327/925 3452/1012/925 3454/911/925
f 3456/907/552 3455/1013/552 3369/908/552
f 4429/1317/926 3458/1015/926 3460/929/926
f 4430/1328/542 3263/991/542 3461/1016/542
f 3431/1104/927 3432/433/927 3043/470/927
f 3026/581/928 3453/912/928 3027/580/928
f 3465/1018/550 3463/1019/550 3399/68/550
f 3469/1023/929 3466/1022/929 3468/1020/929
f 4431/1342/46 3471/1107/46 3473/1109/46
f 4432/1113/4 3474/1110/4 3476/1112/4
f 4433/1111/5 3477/1110/5 3479/1112/5
f 4434/1343/1 3480/1114/1 3482/1116/1
f 4435/1342/30 3483/1109/30 3485/1107/30
f 1343/801/5 3486/1117/5 1344/802/5
f 3486/1117/5 3488/1119/5 3487/1118/5
f 1339/772/5 3493/1124/5 1340/773/5
f 3493/1124/5 3495/1126/5 3494/1125/5
f 3496/1127/5 3495/1126/5 3498/1129/5
f 1266/776/1 3500/1131/1 1267/777/1
f 3503/1134/1 3502/1133/1 3500/1131/1
f 1262/772/1 3507/1124/1 1263/773/1
f 3507/1124/1 3509/1126/1 3508/1125/1
f 3510/1127/1 3509/1126/1 3512/1129/1
f 3521/1143/780 3514/1136/780 3516/1138/780
f 4436/1171/546 3517/1139/546 3519/1141/546
f 4437/1344/46 3523/1145/46 3525/1147/46
f 3573/1161/4 3526/1148/4 3528/1150/4
f 3528/1150/4 3527/1149/4 3530/1152/4
f 4438/1166/623 3531/1153/623 3533/1155/623
f 4438/1166/624 3533/1155/624 3535/1157/624
f 4439/1345/625 3536/1158/625 3538/1160/625
f 4439/1345/5 3538/1160/5 3540/1148/5
f 3540/1148/626 3539/1161/626 3542/1149/626
f 4440/1151/627 3542/1149/627 3543/1152/627
f 3584/1175/930 3544/1162/930 3546/1164/930
f 3548/1153/931 3545/1163/931 3547/1165/931
f 3549/1154/630 3548/1153/630 3551/1155/630
f 4441/1156/631 3551/1155/631 3552/1157/631
f 128/104/632 3556/1170/632 3555/1169/632
f 129/105/932 3554/1168/932 130/106/932
f 3572/1170/933 3557/106/933 3559/104/933
f 3568/1137/934 3560/1136/934 3562/1138/934
f 4442/1140/377 3563/1139/377 3565/1141/377
f 3569/1167/935 3572/1170/935 3570/1169/935
f 3558/105/936 3557/106/936 3571/1168/936
f 3526/1148/937 3573/1161/937 3575/1173/937
f 3578/1175/938 3577/1164/938 3580/1162/938
f 3532/1154/3 3531/1153/3 3579/1163/3
f 3537/1159/199 3536/1158/199 3583/1177/199
f 169/142/939 3590/1182/939 170/143/939
f 3591/1183/654 3590/1182/654 3553/1167/654
f 173/137/656 3553/1167/656 3593/1185/656
f 3791/374/5 3596/389/5 529/363/5
f 4443/888/5 3599/622/5 3601/369/5
f 4443/888/5 3601/369/5 3603/889/5
f 539/372/5 538/371/5 3602/390/5
f 3608/360/5 3604/359/5 3606/384/5
f 3609/383/5 3607/385/5 3606/384/5
f 544/377/5 3607/385/5 545/378/5
f 1765/946/661 556/379/661 3611/1189/661
f 944/361/940 555/386/940 945/596/940
f 4444/209/1 3614/215/1 3616/231/1
f 3618/230/1 3616/231/1 3617/228/1
f 251/216/1 3618/230/1 252/217/1
f 4445/207/1 3619/223/1 3621/208/1
f 3623/225/1 3622/227/1 3620/226/1
f 3622/227/1 3623/225/1 257/222/1
f 4446/1029/3 3624/1028/3 3626/1043/3
f 4446/1029/3 3626/1043/3 2532/1030/3
f 3632/1040/3 3629/1038/3 3631/1026/3
f 2539/1035/3 3629/1038/3 2540/1036/3
f 809/524/941 808/523/941 3640/829/941
f 773/504/942 772/503/942 3642/1086/942
f 1909/504/943 1908/503/943 3646/1086/943
f 1945/524/944 1944/523/944 3648/829/944
f 3652/212/3 3651/1194/3 2523/211/3
f 2548/1041/3 2551/229/3 2531/213/3
f 3654/1194/1 269/229/1 248/213/1
f 43/37/1 3654/1194/1 244/211/1
f 2054/978/1 2053/977/1 3660/1196/1
f 4447/1346/105 3661/1197/105 3663/1198/105
f 3663/1198/105 3662/982/105 3665/1199/105
f 3665/1199/105 3664/983/105 3667/1200/105
f 934/586/105 3667/1200/105 935/587/105
f 3671/1202/945 3668/1201/945 3670/1003/945
f 3673/1203/946 3671/1202/946 3672/984/946
f 3675/1204/947 3673/1203/947 3674/1004/947
f 154/127/948 3675/1204/948 155/128/948
usemtl mat_details
f 4448/1347/46 4449/1348/46 4450/1349/46
f 4451/1350/5 4452/1351/5 4453/1352/5
f 4454/1353/5 4455/1354/5 4456/1355/5
f 4456/1355/5 4457/1356/5 4458/1357/5
f 4457/1356/5 4459/1358/5 4460/1359/5
f 4461/1360/949 4462/1361/949 4463/1362/949
f 4463/1362/950 4462/1361/950 4464/1363/950
f 4465/1364/951 4464/1363/951 4466/1365/951
f 4467/1366/952 4468/1367/952 4469/1368/952
f 4453/1352/5 4470/1369/5 4471/1370/5
f 4472/1371/5 4473/1372/5 4474/1352/5
f 4475/1373/953 4476/1374/953 4477/1375/953
f 4478/1376/954 4479/1377/954 4480/1378/954
f 4481/1379/955 4482/1375/955 4483/1380/955
f 4484/1381/3 4485/1382/3 4486/1383/3
f 4471/1370/5 4487/1384/5 4488/1385/5
f 4489/1372/5 4490/1371/5 4491/1386/5
f 4492/1387/3 4493/1388/3 4494/1389/3
f 4495/1390/3 4496/1391/3 4493/1388/3
f 4497/1392/3 4496/1391/3 4495/1390/3
f 4494/1389/3 4497/1392/3 4498/1393/3
f 4499/1394/956 4500/1395/956 4501/1396/956
f 4502/1397/957 4503/1398/957 4504/1399/957
f 4505/1400/5 4506/1401/5 4507/1402/5
f 4508/1398/958 4509/1403/958 4510/1404/958
f 4511/1405/3 4512/1406/3 4513/1407/3
f 4452/1351/5 4470/1369/5 4453/1352/5
f 4514/1408/1 4515/1409/1 4516/1410/1
f 4517/1411/207 4518/1412/207 4516/1410/207
f 4519/1413/1 4520/1414/1 4521/1415/1
f 4520/1414/1 4522/1416/1 4523/1417/1
f 4523/1417/1 4522/1416/1 4524/1418/1
f 4525/1419/1 4524/1418/1 4519/1413/1
f 4526/1396/959 4527/1395/959 4528/1394/959
f 4529/1397/960 4530/1420/960 4531/1421/960
f 4532/1422/5 4533/1423/5 4534/1424/5
f 4535/1425/958 4536/1404/958 4537/1403/958
f 4538/1426/1 4539/1427/1 4540/1428/1
f 4541/1408/3 4542/1429/3 4543/1410/3
f 4543/1410/206 4544/1412/206 4545/1411/206
f 4491/1386/5 4490/1371/5 4488/1385/5
f 4546/1430/30 4547/1431/30 4468/1367/30
f 4548/1347/46 4549/1348/46 4550/1349/46
f 4551/1350/5 4552/1351/5 4553/1352/5
f 4554/1353/5 4555/1354/5 4556/1355/5
f 4557/1357/5 4558/1432/5 4556/1355/5
f 4559/1359/5 4557/1357/5 4560/1356/5
f 4561/1360/949 4562/1361/949 4563/1362/949
f 4563/1362/950 4562/1361/950 4564/1363/950
f 4565/1364/951 4564/1363/951 4566/1365/951
f 4567/1366/961 4568/1367/961 4569/1368/961
f 4553/1352/5 4570/1369/5 4571/1370/5
f 4572/1371/5 4573/1372/5 4574/1352/5
f 4575/1373/953 4576/1374/953 4577/1375/953
f 4578/1376/954 4579/1377/954 4580/1378/954
f 4581/1379/955 4582/1375/955 4583/1380/955
f 4584/1381/3 4585/1382/3 4586/1383/3
f 4571/1370/5 4587/1384/5 4588/1385/5
f 4589/1372/5 4590/1371/5 4591/1386/5
f 4592/1389/3 4593/1433/3 4594/1387/3
f 4595/1390/3 4596/1391/3 4597/1388/3
f 4598/1392/3 4596/1391/3 4595/1390/3
f 4592/1389/3 4598/1392/3 4599/1393/3
f 4600/1394/956 4601/1395/956 4602/1396/956
f 4603/1397/957 4604/1398/957 4605/1399/957
f 4606/1400/5 4607/1401/5 4608/1402/5
f 4609/1398/958 4610/1403/958 4611/1404/958
f 4612/1405/3 4613/1406/3 4614/1407/3
f 4552/1351/5 4570/1369/5 4553/1352/5
f 4615/1408/1 4616/1409/1 4617/1410/1
f 4618/1411/207 4619/1412/207 4617/1410/207
f 4620/1413/1 4621/1414/1 4622/1415/1
f 4621/1414/1 4623/1416/1 4624/1417/1
f 4624/1417/1 4623/1416/1 4625/1418/1
f 4626/1419/1 4625/1418/1 4620/1413/1
f 4627/1396/959 4628/1395/959 4629/1394/959
f 4630/1397/960 4631/1420/960 4632/1421/960
f 4633/1422/5 4634/1423/5 4635/1424/5
f 4636/1425/958 4637/1404/958 4638/1403/958
f 4639/1426/1 4640/1427/1 4641/1428/1
f 4642/1408/3 4643/1429/3 4644/1410/3
f 4644/1410/99 4645/1412/99 4646/1411/99
f 4591/1386/5 4590/1371/5 4588/1385/5
f 4647/1430/30 4648/1431/30 4568/1367/30
f 4649/1434/46 4448/1347/46 4450/1349/46
f 4489/1372/5 4451/1350/5 4453/1352/5
f 4650/1432/5 4454/1353/5 4456/1355/5
f 4650/1432/5 4456/1355/5 4458/1357/5
f 4458/1357/5 4457/1356/5 4460/1359/5
f 4651/1435/949 4461/1360/949 4463/1362/949
f 4465/1364/950 4463/1362/950 4464/1363/950
f 4652/1436/951 4465/1364/951 4466/1365/951
f 4653/1437/961 4467/1366/961 4469/1368/961
f 4488/1385/5 4453/1352/5 4471/1370/5
f 4654/1385/5 4472/1371/5 4474/1352/5
f 4655/1379/953 4475/1373/953 4477/1375/953
f 4656/1438/954 4478/1376/954 4480/1378/954
f 4657/1439/955 4481/1379/955 4483/1380/955
f 4658/1440/3 4484/1381/3 4486/1383/3
f 4451/1350/5 4489/1372/5 4491/1386/5
f 4659/1433/3 4492/1387/3 4494/1389/3
f 4492/1387/3 4495/1390/3 4493/1388/3
f 4498/1393/3 4497/1392/3 4495/1390/3
f 4659/1433/3 4494/1389/3 4498/1393/3
f 4660/1441/962 4499/1394/962 4501/1396/962
f 4661/1442/963 4502/1397/963 4504/1399/963
f 4662/1422/5 4505/1400/5 4507/1402/5
f 4663/1443/964 4508/1398/964 4510/1404/964
f 4664/1444/3 4511/1405/3 4513/1407/3
f 4665/1429/1 4514/1408/1 4516/1410/1
f 4515/1409/965 4517/1411/965 4516/1410/965
f 4666/1445/1 4519/1413/1 4521/1415/1
f 4521/1415/1 4520/1414/1 4523/1417/1
f 4525/1419/1 4523/1417/1 4524/1418/1
f 4666/1445/1 4525/1419/1 4519/1413/1
f 4667/1441/962 4526/1396/962 4528/1394/962
f 4668/1398/966 4529/1397/966 4531/1421/966
f 4669/1400/5 4532/1422/5 4534/1424/5
f 4670/1398/958 4535/1425/958 4537/1403/958
f 4671/1446/1 4538/1426/1 4540/1428/1
f 4672/1409/3 4541/1408/3 4543/1410/3
f 4672/1409/967 4543/1410/967 4545/1411/967
f 4487/1384/5 4491/1386/5 4488/1385/5
f 4467/1366/30 4546/1430/30 4468/1367/30
f 4673/1434/46 4548/1347/46 4550/1349/46
f 4589/1372/5 4551/1350/5 4553/1352/5
f 4558/1432/5 4554/1353/5 4556/1355/5
f 4560/1356/5 4557/1357/5 4556/1355/5
f 4674/1358/5 4559/1359/5 4560/1356/5
f 4675/1435/949 4561/1360/949 4563/1362/949
f 4565/1364/950 4563/1362/950 4564/1363/950
f 4676/1436/951 4565/1364/951 4566/1365/951
f 4677/1437/961 4567/1366/961 4569/1368/961
f 4588/1385/5 4553/1352/5 4571/1370/5
f 4678/1385/5 4572/1371/5 4574/1352/5
f 4679/1379/953 4575/1373/953 4577/1375/953
f 4680/1438/954 4578/1376/954 4580/1378/954
f 4681/1439/955 4581/1379/955 4583/1380/955
f 4682/1440/3 4584/1381/3 4586/1383/3
f 4551/1350/5 4589/1372/5 4591/1386/5
f 4597/1388/3 4592/1389/3 4594/1387/3
f 4594/1387/3 4595/1390/3 4597/1388/3
f 4599/1393/3 4598/1392/3 4595/1390/3
f 4593/1433/3 4592/1389/3 4599/1393/3
f 4683/1441/962 4600/1394/962 4602/1396/962
f 4684/1442/963 4603/1397/963 4605/1399/963
f 4685/1422/5 4606/1400/5 4608/1402/5
f 4686/1443/964 4609/1398/964 4611/1404/964
f 4687/1444/3 4612/1405/3 4614/1407/3
f 4688/1429/1 4615/1408/1 4617/1410/1
f 4616/1409/965 4618/1411/965 4617/1410/965
f 4689/1445/1 4620/1413/1 4622/1415/1
f 4622/1415/1 4621/1414/1 4624/1417/1
f 4626/1419/1 4624/1417/1 4625/1418/1
f 4689/1445/1 4626/1419/1 4620/1413/1
f 4690/1441/962 4627/1396/962 4629/1394/962
f 4691/1398/966 4630/1397/966 4632/1421/966
f 4692/1400/5 4633/1422/5 4635/1424/5
f 4693/1398/958 4636/1425/958 4638/1403/958
f 4694/1446/1 4639/1426/1 4641/1428/1
f 4695/1409/3 4642/1408/3 4644/1410/3
f 4695/1409/967 4644/1410/967 4646/1411/967
f 4587/1384/5 4591/1386/5 4588/1385/5
f 4567/1366/30 4647/1430/30 4568/1367/30
f 4696/1447/1 4697/1448/1 4698/1449/1
f 4699/1447/3 4700/1448/3 4701/1449/3
f 4702/1450/5 4703/1451/5 4704/1452/5
f 4705/1453/1 4696/1447/1 4698/1449/1
f 4706/1453/3 4699/1447/3 4701/1449/3
f 4707/1454/5 4702/1450/5 4704/1452/5
usemtl mat_main_iron
f 4708/1455/968 4709/1456/968 4710/1457/968
f 4709/1456/969 4711/1458/969 4710/1457/969
f 4712/1459/969 4713/1460/969 4710/1457/969
f 4714/1461/970 4715/1462/970 4716/1463/970
f 4717/1464/969 4718/1465/969 4716/1463/969
f 4719/1466/971 4716/1463/971 4720/1467/971
f 4721/1468/972 4722/1469/972 4723/1470/972
f 4724/1471/973 4725/1472/973 4723/1470/973
f 4726/1473/974 4723/1470/974 4727/1474/974
f 4728/1475/970 4729/1476/970 4730/1477/970
f 4731/1478/968 4732/1479/968 4730/1477/968
f 4733/1480/975 4730/1477/975 4734/1481/975
f 4713/1460/970 4708/1455/970 4710/1457/970
f 4735/1482/970 4712/1459/970 4710/1457/970
f 4719/1466/976 4714/1461/976 4716/1463/976
f 4715/1462/968 4717/1464/968 4716/1463/968
f 4726/1473/977 4721/1468/977 4723/1470/977
f 4722/1469/972 4724/1471/972 4723/1470/972
f 4733/1480/978 4728/1475/978 4730/1477/978
f 4729/1476/968 4731/1478/968 4730/1477/968
f 4736/1483/979 4737/1484/979 4738/1485/979
f 4739/1486/980 4740/1487/980 4737/1484/980
f 4741/1488/981 4742/1489/981 4743/1490/981
f 4744/1491/982 4741/1488/982 4745/1492/982
f 4746/1493/983 4744/1491/983 4747/1494/983
f 4748/1495/984 4749/1496/984 4746/1493/984
f 4750/1497/985 4738/1485/985 4749/1496/985
f 4751/1498/46 4752/1499/46 4753/1500/46
f 4753/1500/46 4754/1501/46 4755/1502/46
f 4755/1502/46 4756/1503/46 4757/1504/46
f 4758/1505/986 4738/1485/986 4737/1484/986
f 4759/1506/987 4760/1507/987 4737/1484/987
f 4761/1508/988 4762/1509/988 4742/1489/988
f 4763/1510/989 4761/1508/989 4741/1488/989
f 4764/1511/990 4763/1510/990 4744/1491/990
f 4764/1511/991 4746/1493/991 4749/1496/991
f 4765/1512/992 4749/1496/992 4738/1485/992
f 4766/1513/993 4767/1514/993 4768/1515/993
f 4769/1516/994 4770/1517/994 4768/1515/994
f 4771/1518/995 4772/1519/995 4773/1520/995
f 4774/1521/996 4771/1518/996 4775/1522/996
f 4776/1523/997 4774/1521/997 4777/1524/997
f 4776/1523/998 4778/1525/998 4779/1526/998
f 4780/1527/999 4779/1526/999 4767/1514/999
f 4767/1514/1000 4781/1528/1000 4782/1529/1000
f 4783/1530/1001 4768/1515/1001 4782/1529/1001
f 4775/1522/1002 4773/1520/1002 4784/1531/1002
f 4777/1524/1003 4775/1522/1003 4785/1532/1003
f 4777/1524/1004 4786/1533/1004 4787/1534/1004
f 4778/1525/1005 4787/1534/1005 4788/1535/1005
f 4779/1526/1006 4788/1535/1006 4781/1528/1006
f 4781/1528/1007 4758/1505/1007 4760/1507/1007
f 4789/1536/1008 4782/1529/1008 4760/1507/1008
f 4785/1532/1009 4784/1531/1009 4762/1509/1009
f 4786/1533/1010 4785/1532/1010 4761/1508/1010
f 4787/1534/1011 4786/1533/1011 4763/1510/1011
f 4787/1534/1012 4764/1511/1012 4765/1512/1012
f 4788/1535/1013 4765/1512/1013 4758/1505/1013
f 4790/1537/1014 4766/1513/1014 4770/1517/1014
f 4791/1538/1015 4792/1539/1015 4770/1517/1015
f 4793/1540/1016 4794/1541/1016 4772/1519/1016
f 4795/1542/1017 4793/1540/1017 4771/1518/1017
f 4796/1543/1018 4795/1542/1018 4774/1521/1018
f 4796/1543/1019 4776/1523/1019 4780/1527/1019
f 4797/1544/1020 4780/1527/1020 4766/1513/1020
f 4798/1545/1021 4790/1537/1021 4792/1539/1021
f 4799/1546/1022 4792/1539/1022 4791/1538/1022
f 4793/1540/1023 4800/1547/1023 4801/1548/1023
f 4802/1549/1024 4800/1547/1024 4793/1540/1024
f 4803/1550/1025 4802/1549/1025 4795/1542/1025
f 4804/1551/1026 4803/1550/1026 4796/1543/1026
f 4798/1545/1027 4804/1551/1027 4797/1544/1027
f 4805/1552/1028 4806/1553/1028 4807/1554/1028
f 4808/1555/1029 4809/1556/1029 4806/1553/1029
f 4810/1557/1030 4811/1558/1030 4812/1559/1030
f 4813/1560/1031 4812/1559/1031 4814/1561/1031
f 4815/1562/1032 4816/1563/1032 4814/1561/1032
f 4817/1564/1033 4815/1562/1033 4818/1565/1033
f 4807/1554/1034 4817/1564/1034 4819/1566/1034
f 4805/1552/1035 4820/1567/1035 4798/1545/1035
f 4808/1555/1036 4805/1552/1036 4799/1546/1036
f 4812/1559/1037 4811/1558/1037 4801/1548/1037
f 4814/1561/1038 4812/1559/1038 4800/1547/1038
f 4814/1561/1039 4802/1549/1039 4803/1550/1039
f 4818/1565/1040 4803/1550/1040 4804/1551/1040
f 4819/1566/1041 4804/1551/1041 4798/1545/1041
f 4821/1568/1042 4822/1569/1042 4823/1570/1042
f 4824/1571/1043 4823/1570/1043 4822/1569/1043
f 4825/1572/1044 4826/1573/1044 4827/1574/1044
f 4828/1575/1045 4827/1574/1045 4829/1576/1045
f 4830/1577/1046 4829/1576/1046 4831/1578/1046
f 4831/1578/1047 4832/1579/1047 4833/1580/1047
f 4832/1579/1048 4821/1568/1048 4834/1581/1048
f 4835/1582/46 4836/1583/46 4837/1584/46
f 4838/1585/46 4837/1584/46 4836/1583/46
f 4839/1586/46 4837/1584/46 4840/1587/46
f 4822/1569/1049 4821/1568/1049 4841/1588/1049
f 4842/1589/1050 4822/1569/1050 4843/1590/1050
f 4826/1573/1051 4844/1591/1051 4845/1592/1051
f 4846/1593/1052 4829/1576/1052 4827/1574/1052
f 4847/1594/1053 4831/1578/1053 4829/1576/1053
f 4832/1579/1054 4831/1578/1054 4847/1594/1054
f 4821/1568/1055 4832/1579/1055 4848/1595/1055
f 4849/1596/1056 4850/1597/1056 4851/1598/1056
f 4852/1599/1057 4853/1600/1057 4849/1596/1057
f 4854/1601/1058 4855/1602/1058 4856/1603/1058
f 4857/1604/1059 4856/1603/1059 4858/1605/1059
f 4859/1606/1060 4860/1607/1060 4861/1608/1060
f 4862/1609/1061 4860/1607/1061 4859/1606/1061
f 4850/1597/1062 4862/1609/1062 4863/1610/1062
f 4864/1611/1063 4865/1612/1063 4850/1597/1063
f 4864/1611/1064 4849/1596/1064 4853/1600/1064
f 4866/1613/1065 4854/1601/1065 4857/1604/1065
f 4867/1614/1066 4857/1604/1066 4861/1608/1066
f 4868/1615/1067 4869/1616/1067 4861/1608/1067
f 4870/1617/1068 4868/1615/1068 4860/1607/1068
f 4865/1612/1069 4870/1617/1069 4862/1609/1069
f 4843/1590/1070 4841/1588/1070 4865/1612/1070
f 4843/1590/1071 4864/1611/1071 4871/1618/1071
f 4844/1591/1072 4866/1613/1072 4867/1614/1072
f 4845/1592/1073 4867/1614/1073 4869/1616/1073
f 4846/1593/1074 4869/1616/1074 4868/1615/1074
f 4848/1595/1075 4847/1594/1075 4868/1615/1075
f 4841/1588/1076 4848/1595/1076 4870/1617/1076
f 4872/1619/1077 4851/1598/1077 4873/1620/1077
f 4874/1621/1078 4852/1599/1078 4872/1619/1078
f 4855/1602/1079 4875/1622/1079 4876/1623/1079
f 4856/1603/1080 4876/1623/1080 4877/1624/1080
f 4858/1605/1081 4877/1624/1081 4878/1625/1081
f 4863/1610/1082 4859/1606/1082 4878/1625/1082
f 4851/1598/1083 4863/1610/1083 4879/1626/1083
f 4880/1627/1084 4873/1620/1084 4881/1628/1084
f 4874/1621/1085 4880/1627/1085 4882/1629/1085
f 4876/1623/1086 4875/1622/1086 4883/1630/1086
f 4876/1623/1087 4884/1631/1087 4885/1632/1087
f 4886/1633/1088 4878/1625/1088 4877/1624/1088
f 4887/1634/1089 4879/1626/1089 4878/1625/1089
f 4881/1628/1090 4873/1620/1090 4879/1626/1090
f 4888/1635/1091 4889/1636/1091 4890/1637/1091
f 4891/1638/1092 4888/1635/1092 4892/1639/1092
f 4893/1640/1093 4894/1641/1093 4895/1642/1093
f 4896/1643/1094 4893/1640/1094 4897/1644/1094
f 4898/1645/1095 4899/1646/1095 4896/1643/1095
f 4900/1647/1096 4901/1648/1096 4899/1646/1096
f 4901/1648/1097 4900/1647/1097 4890/1637/1097
f 4888/1635/1098 4882/1629/1098 4881/1628/1098
f 4891/1638/1099 4902/1649/1099 4882/1629/1099
f 4893/1640/1100 4884/1631/1100 4883/1630/1100
f 4896/1643/1101 4885/1632/1101 4884/1631/1101
f 4886/1633/1102 4885/1632/1102 4896/1643/1102
f 4887/1634/1103 4886/1633/1103 4899/1646/1103
f 4881/1628/1104 4887/1634/1104 4901/1648/1104
f 4903/1568/1105 4904/1569/1105 4905/1570/1105
f 4905/1570/1106 4904/1569/1106 4906/1589/1106
f 4907/1572/1107 4908/1573/1107 4909/1574/1107
f 4910/1575/1108 4909/1574/1108 4911/1576/1108
f 4912/1577/1109 4911/1576/1109 4913/1578/1109
f 4913/1578/1110 4914/1579/1110 4915/1580/1110
f 4914/1579/1111 4903/1568/1111 4916/1581/1111
f 4917/1586/46 4918/1582/46 4919/1583/46
f 4920/1585/46 4921/1584/46 4919/1583/46
f 4917/1586/46 4921/1584/46 4922/1587/46
f 4904/1569/1112 4903/1568/1112 4923/1588/1112
f 4906/1589/1113 4904/1569/1113 4924/1590/1113
f 4908/1573/1114 4925/1591/1114 4926/1592/1114
f 4927/1593/1115 4911/1576/1115 4909/1574/1115
f 4928/1594/1116 4913/1578/1116 4911/1576/1116
f 4914/1579/1117 4913/1578/1117 4928/1594/1117
f 4903/1568/1118 4914/1579/1118 4929/1595/1118
f 4930/1596/1119 4931/1597/1119 4932/1598/1119
f 4933/1599/1120 4934/1600/1120 4930/1596/1120
f 4935/1601/1121 4936/1602/1121 4937/1603/1121
f 4938/1604/1122 4937/1603/1122 4939/1605/1122
f 4940/1606/1123 4941/1607/1123 4942/1608/1123
f 4943/1609/1124 4941/1607/1124 4940/1606/1124
f 4931/1597/1125 4943/1609/1125 4944/1610/1125
f 4945/1611/1126 4946/1612/1126 4931/1597/1126
f 4945/1611/1127 4930/1596/1127 4934/1600/1127
f 4947/1613/1128 4935/1601/1128 4938/1604/1128
f 4948/1614/1129 4938/1604/1129 4942/1608/1129
f 4949/1615/1130 4950/1616/1130 4942/1608/1130
f 4951/1617/1131 4949/1615/1131 4941/1607/1131
f 4946/1612/1132 4951/1617/1132 4943/1609/1132
f 4924/1590/1133 4923/1588/1133 4946/1612/1133
f 4924/1590/1134 4945/1611/1134 4952/1618/1134
f 4925/1591/1135 4947/1613/1135 4948/1614/1135
f 4926/1592/1136 4948/1614/1136 4950/1616/1136
f 4927/1593/1137 4950/1616/1137 4949/1615/1137
f 4929/1595/1138 4928/1594/1138 4949/1615/1138
f 4923/1588/1139 4929/1595/1139 4951/1617/1139
f 4953/1619/1140 4932/1598/1140 4954/1620/1140
f 4955/1621/1141 4933/1599/1141 4953/1619/1141
f 4936/1602/1142 4956/1622/1142 4957/1623/1142
f 4937/1603/1143 4957/1623/1143 4958/1624/1143
f 4939/1605/1144 4958/1624/1144 4959/1625/1144
f 4944/1610/1145 4940/1606/1145 4959/1625/1145
f 4932/1598/1146 4944/1610/1146 4960/1626/1146
f 4961/1627/1147 4954/1620/1147 4962/1628/1147
f 4955/1621/1148 4961/1627/1148 4963/1629/1148
f 4957/1623/1149 4956/1622/1149 4964/1630/1149
f 4957/1623/1150 4965/1631/1150 4966/1632/1150
f 4967/1633/1151 4959/1625/1151 4958/1624/1151
f 4968/1634/1152 4960/1626/1152 4959/1625/1152
f 4962/1628/1153 4954/1620/1153 4960/1626/1153
f 4969/1635/1154 4970/1636/1154 4971/1637/1154
f 4972/1638/1155 4969/1635/1155 4973/1639/1155
f 4974/1640/1156 4975/1641/1156 4976/1642/1156
f 4977/1643/1157 4974/1640/1157 4978/1644/1157
f 4979/1645/1158 4980/1646/1158 4977/1643/1158
f 4981/1647/1159 4982/1648/1159 4980/1646/1159
f 4982/1648/1160 4981/1647/1160 4971/1637/1160
f 4969/1635/1161 4963/1629/1161 4962/1628/1161
f 4972/1638/1162 4983/1649/1162 4963/1629/1162
f 4974/1640/1163 4965/1631/1163 4964/1630/1163
f 4977/1643/1164 4966/1632/1164 4965/1631/1164
f 4967/1633/1165 4966/1632/1165 4977/1643/1165
f 4968/1634/1166 4967/1633/1166 4980/1646/1166
f 4962/1628/1167 4968/1634/1167 4982/1648/1167
f 4984/1650/1168 4985/1651/1168 4986/1652/1168
f 4987/1653/1169 4986/1652/1169 4985/1651/1169
f 4988/1654/1170 4989/1655/1170 4990/1656/1170
f 4991/1657/1171 4990/1656/1171 4992/1658/1171
f 4993/1659/1172 4992/1658/1172 4994/1660/1172
f 4994/1660/1173 4995/1661/1173 4996/1662/1173
f 4995/1661/1174 4984/1650/1174 4997/1663/1174
f 4998/1582/46 4999/1583/46 5000/1584/46
f 5001/1585/46 5000/1584/46 4999/1583/46
f 5002/1586/46 5000/1584/46 5003/1587/46
f 4985/1651/1175 4984/1650/1175 5004/1664/1175
f 5005/1665/1176 5006/1666/1176 4985/1651/1176
f 4989/1655/1177 5007/1667/1177 5008/1668/1177
f 5009/1669/1178 4992/1658/1178 4990/1656/1178
f 5010/1670/1179 4994/1660/1179 4992/1658/1179
f 4995/1661/1180 4994/1660/1180 5010/1670/1180
f 4984/1650/1181 4995/1661/1181 5011/1671/1181
f 5012/1672/1182 5013/1673/1182 5014/1674/1182
f 5015/1675/1183 5016/1676/1183 5012/1672/1183
f 5017/1677/1184 5018/1678/1184 5019/1679/1184
f 5020/1680/1185 5019/1679/1185 5021/1681/1185
f 5022/1682/1186 5023/1683/1186 5024/1684/1186
f 5025/1685/1187 5023/1683/1187 5022/1682/1187
f 5013/1673/1188 5025/1685/1188 5026/1686/1188
f 5027/1687/1189 5028/1688/1189 5013/1673/1189
f 5027/1687/1190 5012/1672/1190 5016/1676/1190
f 5029/1689/1191 5017/1677/1191 5020/1680/1191
f 5030/1690/1192 5020/1680/1192 5024/1684/1192
f 5023/1683/1193 5031/1691/1193 5032/1692/1193
f 5033/1693/1194 5031/1691/1194 5023/1683/1194
f 5028/1688/1195 5033/1693/1195 5025/1685/1195
f 5034/1694/1196 5004/1664/1196 5028/1688/1196
f 5034/1694/1071 5027/1687/1071 5035/1695/1071
f 5007/1667/1197 5029/1689/1197 5030/1690/1197
f 5008/1668/1073 5030/1690/1073 5032/1692/1073
f 5009/1669/1198 5032/1692/1198 5031/1691/1198
f 5011/1671/1199 5010/1670/1199 5031/1691/1199
f 5004/1664/1076 5011/1671/1076 5033/1693/1076
f 5036/1696/1077 5014/1674/1077 5037/1697/1077
f 5038/1698/1078 5015/1675/1078 5036/1696/1078
f 5018/1678/1200 5039/1699/1200 5040/1700/1200
f 5019/1679/1201 5040/1700/1201 5041/1701/1201
f 5021/1681/1081 5041/1701/1081 5042/1702/1081
f 5026/1686/1202 5022/1682/1202 5042/1702/1202
f 5014/1674/1203 5026/1686/1203 5043/1703/1203
f 5044/1704/1084 5037/1697/1084 5045/1705/1084
f 5038/1698/1085 5044/1704/1085 5046/1706/1085
f 5040/1700/1204 5039/1699/1204 5047/1707/1204
f 5040/1700/1205 5048/1708/1205 5049/1709/1205
f 5050/1710/1206 5042/1702/1206 5041/1701/1206
f 5051/1711/1089 5043/1703/1089 5042/1702/1089
f 5045/1705/1207 5037/1697/1207 5043/1703/1207
f 5052/1712/1208 5053/1713/1208 5054/1714/1208
f 5055/1715/1092 5052/1712/1092 5056/1716/1092
f 5057/1717/1209 5058/1718/1209 5059/1719/1209
f 5060/1720/1210 5057/1717/1210 5061/1721/1210
f 5062/1722/1095 5063/1723/1095 5060/1720/1095
f 5064/1724/1096 5065/1725/1096 5063/1723/1096
f 5065/1725/1097 5064/1724/1097 5054/1714/1097
f 5052/1712/1098 5046/1706/1098 5045/1705/1098
f 5055/1715/1099 5066/1726/1099 5046/1706/1099
f 5057/1717/1211 5048/1708/1211 5047/1707/1211
f 5060/1720/1212 5049/1709/1212 5048/1708/1212
f 5050/1710/1102 5049/1709/1102 5060/1720/1102
f 5051/1711/1103 5050/1710/1103 5063/1723/1103
f 5045/1705/1213 5051/1711/1213 5065/1725/1213
f 4750/1497/1214 4736/1483/1214 4738/1485/1214
f 4736/1483/1215 4739/1486/1215 4737/1484/1215
f 4745/1492/1216 4741/1488/1216 4743/1490/1216
f 4747/1494/1217 4744/1491/1217 4745/1492/1217
f 5067/1727/1218 4746/1493/1218 4747/1494/1218
f 5067/1727/1219 4748/1495/1219 4746/1493/1219
f 4748/1495/1220 4750/1497/1220 4749/1496/1220
f 4755/1502/46 4751/1498/46 4753/1500/46
f 4751/1498/46 4755/1502/46 4757/1504/46
f 4760/1507/1221 4758/1505/1221 4737/1484/1221
f 4740/1487/1222 4759/1506/1222 4737/1484/1222
f 4741/1488/1223 4761/1508/1223 4742/1489/1223
f 4744/1491/1224 4763/1510/1224 4741/1488/1224
f 4746/1493/1225 4764/1511/1225 4744/1491/1225
f 4765/1512/1226 4764/1511/1226 4749/1496/1226
f 4758/1505/1227 4765/1512/1227 4738/1485/1227
f 4770/1517/1228 4766/1513/1228 4768/1515/1228
f 4783/1530/1229 4769/1516/1229 4768/1515/1229
f 4775/1522/1230 4771/1518/1230 4773/1520/1230
f 4777/1524/1231 4774/1521/1231 4775/1522/1231
f 4778/1525/1232 4776/1523/1232 4777/1524/1232
f 4780/1527/1233 4776/1523/1233 4779/1526/1233
f 4766/1513/1234 4780/1527/1234 4767/1514/1234
f 4768/1515/1235 4767/1514/1235 4782/1529/1235
f 4789/1536/1236 4783/1530/1236 4782/1529/1236
f 4785/1532/1237 4775/1522/1237 4784/1531/1237
f 4786/1533/1238 4777/1524/1238 4785/1532/1238
f 4778/1525/1239 4777/1524/1239 4787/1534/1239
f 4779/1526/1240 4778/1525/1240 4788/1535/1240
f 4767/1514/1241 4779/1526/1241 4781/1528/1241
f 4782/1529/1242 4781/1528/1242 4760/1507/1242
f 4759/1506/1243 4789/1536/1243 4760/1507/1243
f 4761/1508/1244 4785/1532/1244 4762/1509/1244
f 4763/1510/1245 4786/1533/1245 4761/1508/1245
f 4764/1511/1246 4787/1534/1246 4763/1510/1246
f 4788/1535/1247 4787/1534/1247 4765/1512/1247
f 4781/1528/1248 4788/1535/1248 4758/1505/1248
f 4792/1539/1249 4790/1537/1249 4770/1517/1249
f 4769/1516/1250 4791/1538/1250 4770/1517/1250
f 4771/1518/1251 4793/1540/1251 4772/1519/1251
f 4774/1521/1252 4795/1542/1252 4771/1518/1252
f 4776/1523/1253 4796/1543/1253 4774/1521/1253
f 4797/1544/1254 4796/1543/1254 4780/1527/1254
f 4790/1537/1255 4797/1544/1255 4766/1513/1255
f 4799/1546/1256 4798/1545/1256 4792/1539/1256
f 5068/1728/1257 4799/1546/1257 4791/1538/1257
f 4794/1541/1258 4793/1540/1258 4801/1548/1258
f 4795/1542/1259 4802/1549/1259 4793/1540/1259
f 4796/1543/1260 4803/1550/1260 4795/1542/1260
f 4797/1544/1261 4804/1551/1261 4796/1543/1261
f 4790/1537/1262 4798/1545/1262 4797/1544/1262
f 4820/1567/1263 4805/1552/1263 4807/1554/1263
f 4805/1552/1264 4808/1555/1264 4806/1553/1264
f 4813/1560/1265 4810/1557/1265 4812/1559/1265
f 4816/1563/1266 4813/1560/1266 4814/1561/1266
f 4818/1565/1267 4815/1562/1267 4814/1561/1267
f 4819/1566/1268 4817/1564/1268 4818/1565/1268
f 4820/1567/1269 4807/1554/1269 4819/1566/1269
f 4799/1546/1270 4805/1552/1270 4798/1545/1270
f 5068/1728/1271 4808/1555/1271 4799/1546/1271
f 4800/1547/1272 4812/1559/1272 4801/1548/1272
f 4802/1549/1273 4814/1561/1273 4800/1547/1273
f 4818/1565/1274 4814/1561/1274 4803/1550/1274
f 4819/1566/1275 4818/1565/1275 4804/1551/1275
f 4820/1567/1276 4819/1566/1276 4798/1545/1276
f 4834/1581/1277 4821/1568/1277 4823/1570/1277
f 4842/1589/1278 4824/1571/1278 4822/1569/1278
f 4828/1575/1279 4825/1572/1279 4827/1574/1279
f 4830/1577/1280 4828/1575/1280 4829/1576/1280
f 5069/1729/1281 4830/1577/1281 4831/1578/1281
f 5069/1729/1282 4831/1578/1282 4833/1580/1282
f 4833/1580/1283 4832/1579/1283 4834/1581/1283
f 4839/1586/46 4835/1582/46 4837/1584/46
f 5070/1730/46 4838/1585/46 4836/1583/46
f 4843/1590/1284 4822/1569/1284 4841/1588/1284
f 5071/1731/1285 4842/1589/1285 4843/1590/1285
f 4827/1574/1286 4826/1573/1286 4845/1592/1286
f 4845/1592/1287 4846/1593/1287 4827/1574/1287
f 4846/1593/1288 4847/1594/1288 4829/1576/1288
f 4848/1595/1289 4832/1579/1289 4847/1594/1289
f 4841/1588/1290 4821/1568/1290 4848/1595/1290
f 4872/1619/1291 4849/1596/1291 4851/1598/1291
f 4872/1619/1292 4852/1599/1292 4849/1596/1292
f 4857/1604/1293 4854/1601/1293 4856/1603/1293
f 4861/1608/1294 4857/1604/1294 4858/1605/1294
f 4858/1605/1295 4859/1606/1295 4861/1608/1295
f 4863/1610/1296 4862/1609/1296 4859/1606/1296
f 4851/1598/1297 4850/1597/1297 4863/1610/1297
f 4849/1596/1298 4864/1611/1298 4850/1597/1298
f 4871/1618/1299 4864/1611/1299 4853/1600/1299
f 4867/1614/1300 4866/1613/1300 4857/1604/1300
f 4869/1616/1301 4867/1614/1301 4861/1608/1301
f 4860/1607/1302 4868/1615/1302 4861/1608/1302
f 4862/1609/1303 4870/1617/1303 4860/1607/1303
f 4850/1597/1304 4865/1612/1304 4862/1609/1304
f 4864/1611/1305 4843/1590/1305 4865/1612/1305
f 5071/1731/1306 4843/1590/1306 4871/1618/1306
f 4845/1592/1307 4844/1591/1307 4867/1614/1307
f 4846/1593/1308 4845/1592/1308 4869/1616/1308
f 4847/1594/1309 4846/1593/1309 4868/1615/1309
f 4870/1617/1310 4848/1595/1310 4868/1615/1310
f 4865/1612/1311 4841/1588/1311 4870/1617/1311
f 4880/1627/1312 4872/1619/1312 4873/1620/1312
f 4880/1627/1313 4874/1621/1313 4872/1619/1313
f 4856/1603/1314 4855/1602/1314 4876/1623/1314
f 4858/1605/1315 4856/1603/1315 4877/1624/1315
f 4859/1606/1316 4858/1605/1316 4878/1625/1316
f 4879/1626/1317 4863/1610/1317 4878/1625/1317
f 4873/1620/1318 4851/1598/1318 4879/1626/1318
f 4882/1629/1319 4880/1627/1319 4881/1628/1319
f 4902/1649/1320 4874/1621/1320 4882/1629/1320
f 4884/1631/1321 4876/1623/1321 4883/1630/1321
f 4877/1624/1322 4876/1623/1322 4885/1632/1322
f 4885/1632/1323 4886/1633/1323 4877/1624/1323
f 4886/1633/1324 4887/1634/1324 4878/1625/1324
f 4887/1634/1325 4881/1628/1325 4879/1626/1325
f 4892/1639/1326 4888/1635/1326 4890/1637/1326
f 5072/1732/1327 4891/1638/1327 4892/1639/1327
f 4897/1644/1328 4893/1640/1328 4895/1642/1328
f 5073/1733/1329 4896/1643/1329 4897/1644/1329
f 5073/1733/1330 4898/1645/1330 4896/1643/1330
f 4898/1645/1331 4900/1647/1331 4899/1646/1331
f 4889/1636/1332 4901/1648/1332 4890/1637/1332
f 4889/1636/1333 4888/1635/1333 4881/1628/1333
f 4888/1635/1334 4891/1638/1334 4882/1629/1334
f 4894/1641/1335 4893/1640/1335 4883/1630/1335
f 4893/1640/1336 4896/1643/1336 4884/1631/1336
f 4899/1646/1337 4886/1633/1337 4896/1643/1337
f 4901/1648/1338 4887/1634/1338 4899/1646/1338
f 4889/1636/1339 4881/1628/1339 4901/1648/1339
f 4916/1581/1340 4903/1568/1340 4905/1570/1340
f 5074/1571/1341 4905/1570/1341 4906/1589/1341
f 4910/1575/1342 4907/1572/1342 4909/1574/1342
f 4912/1577/1343 4910/1575/1343 4911/1576/1343
f 5075/1729/1344 4912/1577/1344 4913/1578/1344
f 5075/1729/1345 4913/1578/1345 4915/1580/1345
f 4915/1580/1346 4914/1579/1346 4916/1581/1346
f 4921/1584/46 4917/1586/46 4919/1583/46
f 5076/1730/46 4920/1585/46 4919/1583/46
f 4924/1590/1347 4904/1569/1347 4923/1588/1347
f 5077/1731/1348 4906/1589/1348 4924/1590/1348
f 4909/1574/1349 4908/1573/1349 4926/1592/1349
f 4926/1592/1350 4927/1593/1350 4909/1574/1350
f 4927/1593/1351 4928/1594/1351 4911/1576/1351
f 4929/1595/1352 4914/1579/1352 4928/1594/1352
f 4923/1588/1353 4903/1568/1353 4929/1595/1353
f 4953/1619/1354 4930/1596/1354 4932/1598/1354
f 4953/1619/1355 4933/1599/1355 4930/1596/1355
f 4938/1604/1356 4935/1601/1356 4937/1603/1356
f 4942/1608/1357 4938/1604/1357 4939/1605/1357
f 4939/1605/1358 4940/1606/1358 4942/1608/1358
f 4944/1610/1359 4943/1609/1359 4940/1606/1359
f 4932/1598/1360 4931/1597/1360 4944/1610/1360
f 4930/1596/1361 4945/1611/1361 4931/1597/1361
f 4952/1618/1362 4945/1611/1362 4934/1600/1362
f 4948/1614/1363 4947/1613/1363 4938/1604/1363
f 4950/1616/1364 4948/1614/1364 4942/1608/1364
f 4941/1607/1365 4949/1615/1365 4942/1608/1365
f 4943/1609/1366 4951/1617/1366 4941/1607/1366
f 4931/1597/1367 4946/1612/1367 4943/1609/1367
f 4945/1611/1368 4924/1590/1368 4946/1612/1368
f 5077/1731/1369 4924/1590/1369 4952/1618/1369
f 4926/1592/1370 4925/1591/1370 4948/1614/1370
f 4927/1593/1371 4926/1592/1371 4950/1616/1371
f 4928/1594/1372 4927/1593/1372 4949/1615/1372
f 4951/1617/1373 4929/1595/1373 4949/1615/1373
f 4946/1612/1374 4923/1588/1374 4951/1617/1374
f 4961/1627/1375 4953/1619/1375 4954/1620/1375
f 4961/1627/1376 4955/1621/1376 4953/1619/1376
f 4937/1603/1377 4936/1602/1377 4957/1623/1377
f 4939/1605/1378 4937/1603/1378 4958/1624/1378
f 4940/1606/1379 4939/1605/1379 4959/1625/1379
f 4960/1626/1380 4944/1610/1380 4959/1625/1380
f 4954/1620/1381 4932/1598/1381 4960/1626/1381
f 4963/1629/1382 4961/1627/1382 4962/1628/1382
f 4983/1649/1383 4955/1621/1383 4963/1629/1383
f 4965/1631/1384 4957/1623/1384 4964/1630/1384
f 4958/1624/1385 4957/1623/1385 4966/1632/1385
f 4966/1632/1386 4967/1633/1386 4958/1624/1386
f 4967/1633/1387 4968/1634/1387 4959/1625/1387
f 4968/1634/1388 4962/1628/1388 4960/1626/1388
f 4973/1639/1389 4969/1635/1389 4971/1637/1389
f 5078/1732/1390 4972/1638/1390 4973/1639/1390
f 4978/1644/1391 4974/1640/1391 4976/1642/1391
f 5079/1733/1392 4977/1643/1392 4978/1644/1392
f 5079/1733/1393 4979/1645/1393 4977/1643/1393
f 4979/1645/1394 4981/1647/1394 4980/1646/1394
f 4970/1636/1395 4982/1648/1395 4971/1637/1395
f 4970/1636/1396 4969/1635/1396 4962/1628/1396
f 4969/1635/1397 4972/1638/1397 4963/1629/1397
f 4975/1641/1398 4974/1640/1398 4964/1630/1398
f 4974/1640/1399 4977/1643/1399 4965/1631/1399
f 4980/1646/1400 4967/1633/1400 4977/1643/1400
f 4982/1648/1401 4968/1634/1401 4980/1646/1401
f 4970/1636/1402 4962/1628/1402 4982/1648/1402
f 4997/1663/1403 4984/1650/1403 4986/1652/1403
f 5006/1666/1404 4987/1653/1404 4985/1651/1404
f 4991/1657/1405 4988/1654/1405 4990/1656/1405
f 4993/1659/1406 4991/1657/1406 4992/1658/1406
f 5080/1734/1407 4993/1659/1407 4994/1660/1407
f 5080/1734/1408 4994/1660/1408 4996/1662/1408
f 4996/1662/1409 4995/1661/1409 4997/1663/1409
f 5002/1586/46 4998/1582/46 5000/1584/46
f 5081/1730/46 5001/1585/46 4999/1583/46
f 5034/1694/1410 4985/1651/1410 5004/1664/1410
f 5034/1694/1411 5005/1665/1411 4985/1651/1411
f 4990/1656/1412 4989/1655/1412 5008/1668/1412
f 5008/1668/1413 5009/1669/1413 4990/1656/1413
f 5009/1669/1414 5010/1670/1414 4992/1658/1414
f 5011/1671/1415 4995/1661/1415 5010/1670/1415
f 5004/1664/1416 4984/1650/1416 5011/1671/1416
f 5036/1696/1417 5012/1672/1417 5014/1674/1417
f 5036/1696/1418 5015/1675/1418 5012/1672/1418
f 5020/1680/1419 5017/1677/1419 5019/1679/1419
f 5024/1684/1420 5020/1680/1420 5021/1681/1420
f 5021/1681/1421 5022/1682/1421 5024/1684/1421
f 5026/1686/1422 5025/1685/1422 5022/1682/1422
f 5014/1674/1423 5013/1673/1423 5026/1686/1423
f 5012/1672/1424 5027/1687/1424 5013/1673/1424
f 5035/1695/1190 5027/1687/1190 5016/1676/1190
f 5030/1690/1425 5029/1689/1425 5020/1680/1425
f 5032/1692/1426 5030/1690/1426 5024/1684/1426
f 5024/1684/1427 5023/1683/1427 5032/1692/1427
f 5025/1685/1428 5033/1693/1428 5023/1683/1428
f 5013/1673/1429 5028/1688/1429 5025/1685/1429
f 5027/1687/1305 5034/1694/1305 5028/1688/1305
f 5005/1665/1306 5034/1694/1306 5035/1695/1306
f 5008/1668/1307 5007/1667/1307 5030/1690/1307
f 5009/1669/1308 5008/1668/1308 5032/1692/1308
f 5010/1670/1309 5009/1669/1309 5031/1691/1309
f 5033/1693/1430 5011/1671/1430 5031/1691/1430
f 5028/1688/1311 5004/1664/1311 5033/1693/1311
f 5044/1704/1312 5036/1696/1312 5037/1697/1312
f 5044/1704/1313 5038/1698/1313 5036/1696/1313
f 5019/1679/1314 5018/1678/1314 5040/1700/1314
f 5021/1681/1431 5019/1679/1431 5041/1701/1431
f 5022/1682/1316 5021/1681/1316 5042/1702/1316
f 5043/1703/1317 5026/1686/1317 5042/1702/1317
f 5037/1697/1432 5014/1674/1432 5043/1703/1432
f 5046/1706/1319 5044/1704/1319 5045/1705/1319
f 5066/1726/1320 5038/1698/1320 5046/1706/1320
f 5048/1708/1321 5040/1700/1321 5047/1707/1321
f 5041/1701/1322 5040/1700/1322 5049/1709/1322
f 5049/1709/1433 5050/1710/1433 5041/1701/1433
f 5050/1710/1434 5051/1711/1434 5042/1702/1434
f 5051/1711/1435 5045/1705/1435 5043/1703/1435
f 5056/1716/1326 5052/1712/1326 5054/1714/1326
f 5082/1735/1327 5055/1715/1327 5056/1716/1327
f 5061/1721/1328 5057/1717/1328 5059/1719/1328
f 5083/1736/1329 5060/1720/1329 5061/1721/1329
f 5083/1736/1330 5062/1722/1330 5060/1720/1330
f 5062/1722/1331 5064/1724/1331 5063/1723/1331
f 5053/1713/1332 5065/1725/1332 5054/1714/1332
f 5053/1713/1333 5052/1712/1333 5045/1705/1333
f 5052/1712/1334 5055/1715/1334 5046/1706/1334
f 5058/1718/1436 5057/1717/1436 5047/1707/1436
f 5057/1717/1437 5060/1720/1437 5048/1708/1437
f 5063/1723/1337 5050/1710/1337 5060/1720/1337
f 5065/1725/1338 5051/1711/1338 5063/1723/1338
f 5053/1713/1339 5045/1705/1339 5065/1725/1339
