# Blender 5.0.1
# www.blender.org
mtllib old_mig.mtl
o old_mig_body
v 1.638394 0.579052 -1.370190
v 1.605801 1.464297 -1.389955
v 1.638394 1.463619 -1.352127
v 1.605801 0.579838 -1.408015
v 1.638394 0.579052 -1.370190
v 1.540193 0.578666 -1.351643
v 1.572785 1.462445 -1.295648
v 1.540193 1.463231 -1.333473
v 1.572785 0.577878 -1.313710
v 1.609569 1.111809 -1.447383
v 1.569643 1.180881 -1.411565
v 1.609569 1.181595 -1.445933
v 1.569643 1.111095 -1.413015
v 1.669412 0.651690 -1.359663
v 1.593434 0.710996 -1.293023
v 1.601293 0.723082 -1.299481
v 1.657361 0.633135 -1.349569
v 1.648661 1.178976 -1.319883
v 1.556543 1.180363 -1.386628
v 1.622044 1.178784 -1.310660
v 1.569643 1.180881 -1.411565
v 1.688594 1.179690 -1.354251
v 1.609569 1.181595 -1.445933
v 1.590184 1.229319 -1.280887
v 1.648661 1.178976 -1.319883
v 1.648453 1.126582 -1.320763
v 1.601609 1.240789 -1.288092
v 1.648661 1.178976 -1.319883
v 1.622044 1.108999 -1.312110
v 1.648661 1.109191 -1.321333
v 1.622044 1.178784 -1.310660
v 1.648661 1.109191 -1.321333
v 1.609569 1.111809 -1.447383
v 1.688594 1.109905 -1.355701
v 1.569643 1.111095 -1.413015
v 1.622044 1.108999 -1.312110
v 1.556543 1.110577 -1.388078
v 1.594168 1.039253 -1.290187
v 1.607578 1.039495 -1.301817
v 1.595110 0.949189 -1.304528
v 1.594168 1.237395 -1.286070
v 1.607578 1.237637 -1.297700
v 1.621936 1.462639 -1.304971
v 1.621936 0.578072 -1.323040
v 1.533800 1.541149 -1.405654
v 1.611352 1.512411 -1.248489
v 1.644893 1.538578 -1.276770
v 1.500367 1.515091 -1.377472
v 1.611352 1.461488 -1.249548
v 1.500367 1.464058 -1.378425
v 1.644893 1.436515 -1.278783
v 1.533800 1.439195 -1.407772
v 1.678320 1.462683 -1.307070
v 1.567335 1.465255 -1.436055
v 1.678320 1.513606 -1.306012
v 1.567335 1.516286 -1.434995
v 1.556751 0.579646 -1.398793
v 1.556751 1.464104 -1.380625
v 1.688594 1.179690 -1.354251
v 1.688594 1.109905 -1.355701
v 1.638394 1.463619 -1.352127
v 1.638394 0.579052 -1.370190
v 1.669627 0.635348 -1.360217
v 1.606636 0.948911 -1.291121
v 1.594168 0.753093 -1.296025
v 1.606636 0.753073 -1.295083
v 1.607578 0.753335 -1.307655
v 1.556543 1.110577 -1.388078
v 1.556543 1.180363 -1.386628
v 1.595110 0.753354 -1.308597
v 1.567335 1.516286 -1.434995
v 1.678320 1.513606 -1.306012
v 1.610303 0.706758 -1.310931
v 1.600876 0.805396 -1.300806
v 1.591443 0.706420 -1.294686
v 0.182044 0.812220 3.542195
v 0.168318 0.887109 3.615767
v 0.186969 0.889044 3.608465
v 0.166952 0.831620 3.566913
v 0.142952 0.845842 4.653522
v 0.186868 0.888182 4.643709
v 0.168318 0.886187 4.633814
v 0.146309 0.827745 4.671701
v 0.141694 0.835116 4.639880
v 0.144735 0.817786 4.656714
v 0.168735 0.830495 4.544502
v 0.183928 0.811007 4.544097
v 0.118326 0.958944 3.962657
v 0.151234 0.827855 3.970310
v 0.118326 0.958730 3.972929
v 0.151234 0.828071 3.959937
v 0.161186 0.826597 3.970284
v 0.161186 0.826813 3.959911
v 0.168627 0.833513 3.970428
v 0.168627 0.833728 3.960055
v -0.046217 0.419643 3.668427
v 0.046116 0.410297 3.694540
v -0.046217 0.410297 3.694540
v 0.046116 0.419643 3.668427
v -0.046217 0.445764 3.677665
v 0.046116 0.445764 3.677665
v 0.122827 0.263063 3.278570
v 0.138134 0.320929 3.566054
v 0.122827 0.215525 3.301171
v 0.138134 0.402345 3.527286
v 0.090759 0.427959 3.581065
v 0.090759 0.346543 3.619839
v 0.067910 0.445918 3.655029
v 0.067910 0.392664 3.680337
v 0.067910 0.455751 3.691291
v 0.067910 0.414568 3.710881
v 0.067910 0.440032 3.711303
v -0.122935 0.263063 3.278570
v -0.094951 0.392902 3.507586
v -0.108469 0.263485 3.278370
v -0.138235 0.402345 3.527286
v -0.046951 0.415908 3.555658
v -0.090867 0.427959 3.581065
v -0.046951 0.445918 3.655029
v -0.068017 0.445918 3.655029
v -0.046951 0.455751 3.691291
v -0.068017 0.455751 3.691291
v -0.046951 0.440032 3.711303
v -0.068017 0.440032 3.711303
v -0.138235 0.320929 3.566054
v -0.122935 0.263063 3.278570
v -0.122935 0.215525 3.301171
v -0.138235 0.402345 3.527286
v -0.090867 0.427959 3.581065
v -0.090867 0.346543 3.619839
v -0.068017 0.445918 3.655029
v -0.068017 0.392664 3.680337
v -0.068017 0.455751 3.691291
v -0.068017 0.414568 3.710881
v -0.068017 0.440032 3.711303
v 0.067910 0.455751 3.691291
v 0.046850 0.440032 3.711303
v 0.067910 0.440032 3.711303
v 0.046850 0.455751 3.691291
v 0.067910 0.445918 3.655029
v 0.046850 0.445918 3.655029
v 0.090759 0.427959 3.581065
v 0.046850 0.415908 3.555658
v 0.138134 0.402345 3.527286
v 0.094850 0.392902 3.507586
v 0.122827 0.263063 3.278570
v 0.108368 0.263485 3.278370
v 0.046850 0.455751 3.691291
v 0.046850 0.414568 3.710881
v 0.046850 0.440032 3.711303
v 0.046850 0.415908 3.555658
v 0.046850 0.334385 3.594424
v 0.094850 0.392902 3.507586
v 0.094850 0.311486 3.546361
v 0.108368 0.263485 3.278370
v 0.108368 0.215103 3.301371
v -0.046951 0.414568 3.710881
v -0.046951 0.455751 3.691291
v -0.046951 0.440032 3.711303
v -0.046951 0.415908 3.555658
v -0.046951 0.334385 3.594424
v -0.094951 0.392902 3.507586
v -0.094951 0.311486 3.546361
v -0.108469 0.263485 3.278370
v 0.046116 0.436518 3.703894
v -0.046217 0.410297 3.694540
v 0.046116 0.410297 3.694540
v -0.046217 0.436518 3.703894
v 0.046116 0.445764 3.677665
v -0.046217 0.445764 3.677665
v 0.046850 0.414568 3.710881
v 0.067910 0.440032 3.711303
v 0.046850 0.440032 3.711303
v 0.067910 0.414568 3.710881
v 0.046850 0.392664 3.680337
v 0.067910 0.392664 3.680337
v 0.090759 0.346543 3.619839
v 0.046850 0.334385 3.594424
v 0.094850 0.311486 3.546361
v 0.138134 0.320929 3.566054
v 0.108368 0.215103 3.301371
v 0.122827 0.215525 3.301171
v -0.108469 0.215103 3.301371
v -0.138235 0.320929 3.566054
v -0.122935 0.215525 3.301171
v -0.094951 0.311486 3.546361
v -0.090867 0.346543 3.619839
v -0.046951 0.334385 3.594424
v -0.046951 0.392664 3.680337
v -0.068017 0.392664 3.680337
v -0.068017 0.414568 3.710881
v -0.046951 0.414568 3.710881
v -0.068017 0.440032 3.711303
v -0.046951 0.440032 3.711303
v -0.108469 0.215103 3.301371
v 0.012367 0.899466 -1.862820
v -0.024841 0.921042 -1.861847
v -0.012474 0.899466 -1.862820
v 0.024841 0.921042 -1.861847
v 0.012367 0.942508 -1.860769
v -0.024841 0.931413 -2.088576
v 0.012367 0.952881 -2.087612
v 0.024841 0.931413 -2.088576
v -0.012474 0.952881 -2.087612
v -0.012474 0.909837 -2.089550
v 0.012367 0.909837 -2.089550
v -0.012474 0.942508 -1.860769
v -0.326146 1.122618 -0.080539
v -0.326146 1.271062 -0.056074
v -0.326146 1.122172 -0.059060
v -0.326146 1.271506 -0.077446
v -0.344696 1.271284 -0.066763
v -0.326146 1.122172 -0.059060
v -0.326146 1.271062 -0.056074
v -0.344696 1.122394 -0.069749
v -0.344696 1.122394 -0.069749
v -0.326146 1.122618 -0.080539
v -0.326146 1.122172 -0.059060
v -0.199753 0.976933 1.850474
v -0.233085 0.974299 1.977257
v -0.211077 0.957118 1.976900
v -0.238953 0.989750 1.929991
v -0.325103 1.056811 1.931384
v -0.351405 1.095334 1.852934
v -0.191268 0.977224 1.508643
v -0.350146 1.101494 1.511118
v -0.499914 1.185952 1.825360
v -0.499914 1.194681 1.400369
v -0.363980 1.076568 1.979382
v -0.339879 1.057706 1.978990
v -0.106793 0.886641 1.080432
v -0.109834 0.882017 0.974879
v -0.151127 0.914860 1.160054
v -0.101868 0.905099 1.196124
v -0.210128 0.942061 0.976126
v -0.295438 0.985336 0.977026
v -0.417854 1.093781 0.979279
v -0.094743 0.903180 1.394414
v -0.078285 0.898664 1.848848
v -0.478221 1.156421 1.854203
v -0.434937 1.116626 0.979753
v -1.857013 1.725863 -6.279792
v -1.893696 1.704694 -6.280232
v -1.857013 1.641097 -6.281553
v -1.827455 1.677398 -6.817929
v -1.820330 1.662368 -6.281112
v -1.857013 1.714490 -6.201720
v -1.885313 1.698143 -6.202060
v -0.640558 1.775942 -5.446114
v -0.581031 1.747547 -5.446704
v -0.592140 1.743383 -5.669966
v -0.618657 1.746420 -5.412560
v -1.820330 1.704694 -6.280232
v -1.827455 1.711557 -6.817219
v -1.828821 1.698143 -6.202060
v -1.857538 1.709671 -7.558903
v -0.618340 1.749402 -5.031345
v -0.566882 1.643293 -5.448870
v -0.618657 1.746420 -5.412560
v -0.598007 1.640008 -5.411937
v -0.581031 1.747547 -5.446704
v -1.857013 1.649319 -6.203074
v -1.828821 1.665558 -6.202737
v -1.885313 1.665558 -6.202737
v -1.893696 1.662368 -6.281112
v -0.524963 1.731308 -6.557050
v -0.524963 1.672736 -6.558267
v -0.563948 1.705464 -6.725726
v -0.603565 1.642303 -4.679889
v -0.618340 1.725018 -4.710562
v -0.611531 1.685013 -4.631725
v -1.825571 1.702548 -6.666348
v -1.824212 1.688969 -6.567675
v -1.792138 1.690042 -6.573945
v -0.563948 1.705464 -6.725726
v -1.796020 1.710431 -7.595470
v -0.524963 1.731308 -6.557050
v -0.599683 1.628694 -4.993393
v -1.825571 1.679185 -6.666833
v -1.824212 1.688969 -6.567675
v -1.792138 1.690042 -6.573945
v -0.524963 1.672736 -6.558267
v -1.796020 1.710431 -7.595470
v -0.563948 1.705464 -6.725726
v -0.618340 1.725018 -4.710562
v -0.598007 1.640008 -5.411937
v -0.603565 1.642303 -4.679889
v -0.611531 1.685013 -4.631725
v -1.857538 1.709671 -7.558903
v -0.611531 1.685013 -4.631725
v -0.566882 1.643293 -5.448870
v -1.857013 1.680574 -6.138376
v -1.857013 1.680574 -6.138376
v -0.640558 1.755326 -5.064138
v -0.640558 1.739479 -4.942448
v -0.688975 1.742542 -5.669983
v -0.712350 1.744722 -5.446763
v -0.640558 1.739606 -5.902130
v -0.689292 1.747180 -5.136222
v -0.640558 1.622118 -5.116074
v -0.640558 1.612275 -5.449514
v -0.599683 1.632073 -5.115867
v -0.688975 1.647194 -5.671964
v -0.640558 1.654006 -5.903908
v -0.592140 1.647403 -5.671960
v -0.712350 1.640985 -5.448918
v -0.689292 1.632390 -5.115860
v -0.640558 1.634806 -4.944521
v -0.620123 1.629585 -5.021364
v 0.199652 0.976933 1.850474
v 0.232978 0.974299 1.977257
v 0.238845 0.989750 1.929991
v 0.210969 0.957118 1.976900
v 0.350146 1.101491 1.511225
v 0.499806 1.185952 1.825360
v 0.499914 1.194681 1.400369
v 0.351303 1.095334 1.852934
v 0.191161 0.977224 1.508643
v 0.324995 1.056811 1.931384
v 0.363879 1.076568 1.979382
v 0.339771 1.057706 1.978990
v 0.109727 0.882017 0.974879
v 0.106793 0.886641 1.080432
v 0.151019 0.914860 1.160054
v 0.101767 0.905099 1.196124
v 0.210027 0.942061 0.976126
v 0.295444 0.985336 0.977026
v 0.417747 1.093781 0.979279
v 0.094635 0.903180 1.394414
v 0.078292 0.898664 1.848848
v 0.478114 1.156421 1.854203
v 0.434830 1.116626 0.979753
v 0.076717 2.364066 3.239305
v -0.076818 2.278071 3.321904
v 0.076717 2.278071 3.321904
v -0.076818 2.364066 3.239305
v 0.056283 2.394657 3.209965
v -0.056384 2.394657 3.209965
v 0.000000 2.407710 3.197443
v 0.000000 1.130950 3.685824
v 0.000000 1.100053 3.699436
v -0.016875 1.115498 3.692630
v 0.016767 1.115498 3.692630
v -0.016875 1.223428 3.937019
v 0.016767 1.223428 3.937019
v 0.000000 1.238873 3.930213
v 0.000000 1.207976 3.943831
v 0.000000 0.891373 -1.644632
v -0.042550 0.902978 -1.577725
v -0.014567 0.882247 -2.048195
v 0.014567 0.882247 -2.048195
v 0.000000 0.904664 -2.143119
v 0.013726 0.873542 -1.659364
v -0.013732 0.873542 -1.659364
v 0.000000 0.926641 -2.297806
v 0.090443 0.938999 -2.307300
v 0.102709 0.919636 -1.476431
v 0.042550 0.909162 -1.476648
v 0.042550 0.902978 -1.577725
v 0.107318 0.911069 -1.644222
v 0.130794 0.921477 -1.670946
v 0.201852 0.987680 -2.334696
v 0.099143 0.924361 -2.142709
v 0.234445 0.991529 -2.141314
v 0.286321 1.051831 -2.369738
v 0.337046 1.092195 -2.163335
v 0.235911 0.985791 -1.976229
v 0.337046 1.080395 -1.721422
v 0.000000 0.895538 -1.577879
v 0.203319 0.968110 -1.998192
v 0.201643 0.973371 -2.120203
v 0.236019 0.984791 -1.933272
v 0.236019 0.980637 -1.698022
v 0.167578 0.957996 -2.142011
v 0.170619 0.949640 -1.976980
v 0.166636 0.960357 -2.185046
v 0.203426 0.966112 -1.912064
v 0.170828 0.948430 -1.933920
v 0.232978 0.994833 -2.184330
v -0.090443 0.938999 -2.307300
v -0.042550 0.909162 -1.476648
v -0.102810 0.919636 -1.476431
v -0.107318 0.911069 -1.644222
v -0.130794 0.921477 -1.670946
v -0.099143 0.924361 -2.142709
v -0.201852 0.987680 -2.334696
v -0.286428 1.051831 -2.369738
v -0.234445 0.991529 -2.141314
v -0.337046 1.092195 -2.163335
v -0.236019 0.985791 -1.976229
v -0.236019 0.980637 -1.698022
v -0.203528 0.966112 -1.912064
v -0.201643 0.973371 -2.120203
v -0.203319 0.968110 -1.998192
v -0.337046 1.080395 -1.721422
v -0.236019 0.984791 -1.933272
v -0.167578 0.957996 -2.142011
v -0.166636 0.960357 -2.185046
v -0.170619 0.949640 -1.976980
v -0.170828 0.948432 -1.934028
v -0.232978 0.994833 -2.184330
v 0.000000 0.924375 -2.274581
v 0.018443 0.926411 -2.271497
v -0.032068 0.897239 -1.644510
v -0.036892 0.897835 -1.839684
v 0.036892 0.897936 -1.839682
v 0.032068 0.897239 -1.644510
v -0.012683 0.895586 -1.605444
v 0.000000 0.893968 -1.603068
v 0.012683 0.896009 -1.605435
v -0.018443 0.926411 -2.271497
v -1.550043 0.472142 -1.355640
v -1.576142 0.836883 -1.317872
v -1.576142 0.471620 -1.325353
v -1.550043 0.837512 -1.348150
v -1.601084 0.384447 -1.428321
v -1.640177 0.371514 -1.355840
v -1.653694 0.383178 -1.367234
v -1.587668 0.372783 -1.416927
v -1.665852 0.420621 -1.358070
v -1.591443 0.540625 -1.291529
v -1.580853 0.525663 -1.282721
v -1.676436 0.435475 -1.366881
v -1.595318 0.473509 -1.421443
v -1.533168 0.421058 -1.369071
v -1.568069 0.421681 -1.399039
v -1.533168 0.472399 -1.368004
v -1.587668 0.372783 -1.416927
v -1.625395 0.378998 -1.342898
v -1.640177 0.371514 -1.355840
v -1.572785 0.380268 -1.403985
v -1.533168 0.421058 -1.369071
v -1.572052 0.434417 -1.295835
v -1.585784 0.419789 -1.307984
v -1.519442 0.435585 -1.356925
v -1.595318 0.473509 -1.421443
v -1.647928 0.472240 -1.360356
v -1.628644 0.837821 -1.363030
v -1.615443 0.471774 -1.332793
v -1.615443 0.837037 -1.325312
v -1.628644 0.472451 -1.370520
v -1.620678 0.420412 -1.337952
v -1.568069 0.421681 -1.399039
v -1.585784 0.419789 -1.307984
v -1.647928 0.472240 -1.360356
v -1.620678 0.420412 -1.337952
v -1.585784 0.471237 -1.306915
v -1.568069 0.421681 -1.399039
v -1.620678 0.420412 -1.337952
v -1.597626 0.494074 -1.301198
v -1.577919 0.490055 -1.284302
v -1.587144 0.497660 -1.292105
v -1.584836 0.425733 -1.291506
v -1.533168 0.472399 -1.368004
v -1.585784 0.471237 -1.306915
v -1.580751 0.478024 -1.285702
v -1.598884 0.536086 -1.300116
v -1.585152 0.537515 -1.288242
v -1.594585 0.476494 -1.297579
v -1.519442 0.435585 -1.356925
v -1.572052 0.434417 -1.295835
v -1.602551 0.838450 -1.393314
v -1.602551 0.473080 -1.400798
v -1.563251 0.838296 -1.385874
v -1.563251 0.472925 -1.393358
v -1.563251 0.472925 -1.393358
v -1.563251 0.838296 -1.385874
v -1.570692 0.490231 -1.292784
v -1.590393 0.494248 -1.309579
v -1.579911 0.497836 -1.300594
v -1.577502 0.425909 -1.299989
v -1.597203 0.429928 -1.316892
v -1.604543 0.429752 -1.308402
v -1.519442 0.435585 -1.356925
v -1.572785 0.380268 -1.403985
v -1.601084 0.384447 -1.428321
v -1.653694 0.383178 -1.367234
v -1.640177 0.371514 -1.355840
v -1.625395 0.378998 -1.342898
v -1.587668 0.372783 -1.416927
v -1.572052 0.434417 -1.295835
v 0.314936 1.910975 -5.174329
v 0.313988 1.282266 -5.186342
v -0.313887 1.911829 -5.175253
v -0.314728 1.283126 -5.187266
v -0.328454 1.133462 -0.062810
v -0.328454 0.931625 -0.080524
v -0.328454 1.133743 -0.076324
v -0.328454 0.931342 -0.066908
v -0.328454 0.931342 -0.066908
v -0.340195 1.133604 -0.069624
v -0.340195 0.931483 -0.073716
v -0.328454 1.133462 -0.062810
v -0.345537 0.929864 -0.066414
v -0.345537 0.952590 -0.080613
v -0.345537 0.930169 -0.081079
v -0.345537 0.952285 -0.065948
v -0.294078 0.930169 -0.081079
v -0.294078 0.929864 -0.066414
v -0.295229 0.952285 -0.065948
v -0.295229 0.952590 -0.080613
v -0.359580 0.639409 -0.894911
v -0.381487 0.633106 -0.914438
v -0.376562 0.596247 -0.906084
v -0.339461 0.719691 -0.904354
v -0.286011 0.753015 -0.863411
v -0.307286 0.833643 -0.859111
v -0.250270 0.840654 -0.787790
v -0.335055 0.993672 -0.756097
v -0.335055 0.984399 -0.299776
v -0.250687 0.830195 -0.274358
v -0.307286 0.820228 -0.203390
v -0.284544 0.727825 -0.195875
v -0.339354 0.697476 -0.162963
v -0.381487 0.617456 -0.151207
v -0.362412 0.614519 -0.165946
v -0.376562 0.581003 -0.162342
v -0.381588 0.616380 -0.094207
v -0.376562 0.580455 -0.131113
v -0.339461 0.696013 -0.092552
v -0.307286 0.817811 -0.087081
v -0.335055 0.979910 -0.083713
v -0.362722 0.611256 -0.069467
v -0.376347 0.598241 -1.002058
v -0.357171 0.642985 -1.001236
v -0.376562 0.579186 -0.070026
v -0.297745 1.023026 -0.993447
v -0.293971 0.929577 -0.062960
v -0.297745 1.003870 -0.061417
v -0.294395 0.956591 -0.994828
v -0.376454 0.579188 -0.070133
v -0.334637 0.536369 -0.355312
v -0.335371 0.530569 -0.116321
v -0.376454 0.598244 -1.002166
v -0.335263 0.542254 -0.673862
v -0.337470 0.545464 -0.939107
v -0.310428 0.512709 -0.674476
v -0.309170 0.508123 -0.388290
v -0.318186 1.048638 -0.974880
v -0.297429 1.010079 -0.975681
v -0.299320 1.057020 -0.974705
v -0.335055 0.998239 -0.975927
v -0.250795 0.883684 -0.063807
v -0.254778 0.913424 -0.995725
v -0.238636 0.816939 -0.065193
v -0.254569 0.832530 -0.997298
v -0.288521 0.755621 -0.998896
v -0.272386 0.738879 -0.066815
v -0.357171 0.642985 -1.001236
v -0.362621 0.611256 -0.069467
v -0.295229 0.952590 -0.080613
v -0.345537 0.930169 -0.081079
v -0.345537 0.952590 -0.080613
v -0.294078 0.930169 -0.081079
v -0.294078 0.929864 -0.066414
v -0.345537 0.952285 -0.065948
v -0.345537 0.929864 -0.066414
v -0.295229 0.952285 -0.065948
v -0.376562 0.597125 -0.948310
v -0.381487 0.634403 -0.976884
v -0.339461 0.721161 -0.975082
v -0.307286 0.836036 -0.974269
v -0.297429 0.991851 -0.083465
v -0.318186 1.030410 -0.082664
v -0.299212 1.038798 -0.082490
v -0.335055 0.979910 -0.083713
v -0.318186 1.048536 -0.969955
v -0.297429 1.009974 -0.970656
v -0.335055 0.998135 -0.970901
v -0.299320 1.056917 -0.969781
v -0.336212 1.008808 -0.712704
v -0.336212 1.001217 -0.342511
v -0.293971 0.929575 -0.062853
v -0.295337 0.963826 -0.460064
v -0.250902 0.883791 -0.063804
v -0.272487 0.738879 -0.066815
v -0.238744 0.817040 -0.065191
v -0.294287 0.956490 -0.994830
v -0.254670 0.913314 -0.995619
v -0.254462 0.832530 -0.997298
v -0.236645 0.838216 -0.756291
v -0.288420 0.755520 -0.998898
v -0.335162 0.542254 -0.673862
v -0.337362 0.545464 -0.939107
v -0.376347 0.598241 -1.002058
v -0.334637 0.536369 -0.355312
v -0.335478 0.530670 -0.116319
v -0.376562 0.579186 -0.070026
v -0.310428 0.512709 -0.674476
v -0.297745 1.022919 -0.993450
v -0.297853 1.003977 -0.061415
v -0.335055 0.998135 -0.970901
v -0.220820 0.990752 1.977599
v -0.264628 0.955483 1.929279
v -0.231403 0.999914 1.930202
v -0.252053 0.949046 1.976732
v 0.000000 4.164393 -7.140692
v 0.000000 4.039615 -7.129031
v 0.000000 4.164097 -7.126444
v 0.000000 4.039908 -7.143177
v -0.292087 1.323424 -6.092550
v -0.345955 1.415538 -6.080993
v -0.282445 1.332756 -6.082713
v -0.357695 1.408924 -6.090774
v 0.000000 4.041470 -7.218304
v 0.000000 4.146235 -7.230381
v 0.000000 4.145939 -7.216133
v 0.000000 4.041763 -7.232451
v 0.000000 2.014678 -6.068753
v -0.106901 2.014354 -6.078403
v 0.000000 2.028393 -6.078111
v -0.103335 2.001056 -6.069036
v -0.426547 1.615248 -6.076843
v -0.398988 1.722328 -6.084363
v -0.413030 1.615448 -6.086483
v -0.412088 1.725585 -6.074651
v -0.213277 1.984600 -6.069270
v -0.106901 2.014354 -6.078403
v -0.206461 1.973068 -6.079153
v -0.110359 2.027251 -6.068491
v 0.000000 4.098895 -7.307992
v 0.000000 4.043061 -7.294898
v 0.000000 4.043256 -7.309147
v 0.000000 4.098598 -7.293744
v -0.123877 1.063350 1.510433
v -0.196295 0.975212 1.802111
v -0.162760 1.018177 1.803004
v -0.191268 0.977224 1.508643
v 0.282553 1.332756 -6.082713
v 0.357695 1.408924 -6.090774
v 0.292087 1.323422 -6.092443
v 0.345955 1.415538 -6.080993
v 0.398988 1.508570 -6.088703
v 0.345955 1.415538 -6.080993
v 0.385887 1.511828 -6.078992
v 0.357695 1.408924 -6.090774
v 0.005867 3.843205 -7.846873
v -0.002308 3.845579 -7.829946
v -0.005867 3.843205 -7.846873
v 0.002409 3.845579 -7.829946
v 0.412088 1.724060 -5.996381
v 0.426655 1.615248 -6.076843
v 0.412088 1.725585 -6.074651
v 0.426655 1.613624 -5.998676
v -2.651106 1.211136 -2.070610
v -2.576905 1.232605 -2.069639
v -2.576905 1.211136 -2.070610
v -2.651106 1.232605 -2.069639
v 0.399512 1.615248 -6.076843
v 0.398988 1.722328 -6.084363
v 0.413030 1.615448 -6.086483
v 0.385887 1.718562 -6.074797
v 0.385887 1.718562 -6.074797
v 0.357695 1.821867 -6.082295
v 0.398988 1.722328 -6.084363
v 0.345955 1.814960 -6.072794
v 0.345955 1.814960 -6.072794
v 0.292087 1.907474 -6.080516
v 0.357695 1.821867 -6.082295
v 0.282553 1.897634 -6.071077
v 0.282553 1.897634 -6.071077
v 0.206569 1.973068 -6.079153
v 0.292087 1.907474 -6.080516
v 0.199753 1.961130 -6.069757
v -2.655507 1.082523 -2.550342
v -2.655507 1.241498 -2.719586
v -2.655507 1.117191 -2.725418
v -2.655507 1.154664 -0.861041
v -2.655507 1.077861 -2.452008
v -2.655507 0.990976 -0.868635
v -2.655507 1.062171 -2.393212
v -2.655507 0.978720 -0.869200
v 0.300679 1.343102 -5.107509
v 0.196193 1.270414 -5.836720
v 0.196193 1.255510 -5.109329
v 0.300679 1.358006 -5.834899
v 0.368804 1.461086 -5.105058
v 0.368804 1.475990 -5.832448
v 0.392488 1.595317 -5.102370
v 0.392488 1.610215 -5.829767
v 0.011842 1.203695 -6.096815
v -0.011741 1.215226 -6.086622
v 0.011842 1.215226 -6.086622
v -0.011741 1.203695 -6.096815
v 0.011842 1.190082 -6.092380
v -0.011741 1.190082 -6.092380
v 0.011842 1.164876 -6.049826
v -0.011741 1.164876 -6.049826
v -0.005867 3.838811 -7.630499
v 0.005867 3.838811 -7.630499
v -2.655507 1.082523 -2.550342
v -2.572505 1.077861 -2.452008
v -2.655507 1.077861 -2.452008
v -2.572505 1.082523 -2.550342
v -2.572505 1.117191 -2.725418
v -2.655507 1.117191 -2.725418
v -2.614006 1.132973 -2.804127
v 0.300679 1.862431 -5.824627
v 0.196193 1.935118 -5.095417
v 0.196193 1.949921 -5.822810
v 0.300679 1.847526 -5.097238
v 0.368804 1.744337 -5.826980
v 0.368804 1.729433 -5.099584
v 0.374355 1.817826 -6.079546
v 0.398672 1.857574 -6.004819
v 0.410412 1.837144 -6.005244
v 0.362513 1.838262 -6.079122
v 0.362621 1.811116 -6.084409
v 0.350779 1.831546 -6.083985
v 0.352454 1.805043 -6.074576
v 0.340612 1.825473 -6.074151
v 0.301729 1.313584 -6.083111
v 0.369430 1.400391 -6.002998
v 0.301729 1.312059 -6.004834
v 0.369430 1.402017 -6.081274
v 2.576905 1.207891 -2.000230
v 2.651106 1.229258 -1.999267
v 2.576905 1.229258 -1.999267
v 2.651106 1.207891 -2.000230
v 2.576905 1.204488 -1.468204
v 2.651106 1.183128 -1.469173
v 2.576905 1.183128 -1.469173
v 2.651106 1.204488 -1.468204
v -0.009433 4.047514 -7.615152
v 0.000000 4.060799 -7.800418
v -0.009433 4.051267 -7.800617
v 0.000000 4.056946 -7.614956
v 0.009534 4.047514 -7.615152
v -0.362513 1.811116 -6.084409
v -0.340612 1.825473 -6.074151
v -0.352454 1.805043 -6.074576
v -0.350779 1.831546 -6.083985
v -0.374254 1.817826 -6.079546
v -0.362513 1.838262 -6.079122
v -0.410412 1.837144 -6.005244
v -0.398570 1.857574 -6.004819
v 2.655507 1.241498 -2.719586
v 2.655507 1.082523 -2.550342
v 2.655507 1.117191 -2.725418
v 2.655507 1.154664 -0.861041
v 2.655507 1.077861 -2.452008
v 2.655507 0.990976 -0.868635
v 2.655507 1.062171 -2.393212
v 2.655507 0.978720 -0.869206
v 2.655507 1.049921 -2.393783
v 2.572505 0.990976 -0.868635
v 2.583089 1.132083 -0.717794
v 2.572505 1.154664 -0.861041
v 2.583089 1.005785 -0.723669
v 2.598497 1.083431 -0.636412
v 2.614006 1.014546 -0.575262
v 0.000000 4.052007 -7.836243
v 0.009534 4.051267 -7.800617
v 2.651106 1.203178 -1.440457
v 2.576905 1.181817 -1.441419
v 2.651106 1.181817 -1.441419
v 2.576905 1.203178 -1.440457
v 0.000000 4.041836 -7.800813
v 0.000000 4.037982 -7.615351
v -0.300578 1.358006 -5.834899
v -0.196193 1.255510 -5.109329
v -0.196193 1.270414 -5.836720
v -0.300578 1.343102 -5.107509
v -0.368804 1.475990 -5.832448
v -0.368804 1.461086 -5.105058
v -0.392387 1.610215 -5.829767
v -0.392387 1.595317 -5.102370
v 0.016559 0.955073 -2.066805
v -0.011633 0.921843 -2.092133
v 0.011633 0.921843 -2.092133
v -0.016559 0.955073 -2.066805
v -0.011633 0.923090 -2.152171
v 0.011633 0.923090 -2.152171
v 0.412088 1.503288 -6.000968
v 0.412088 1.504805 -6.079138
v 0.012474 0.841725 5.906004
v -0.000107 0.863895 5.701844
v -0.000107 0.854291 5.906581
v 0.012474 0.851329 5.701273
v -0.000107 0.838756 5.700695
v -0.000107 0.829266 5.905429
v -0.000107 0.838895 5.966434
v -0.016559 0.957701 -2.193278
v 0.016559 0.957701 -2.193278
v -0.012683 0.841725 5.906004
v -0.012683 0.851329 5.701273
v -0.412088 1.503288 -6.000968
v -0.412088 1.504805 -6.079138
v -0.426547 1.613624 -5.998676
v -0.514689 1.886406 4.287186
v -0.526949 1.881303 4.608579
v -0.527265 1.896358 4.287601
v -0.513539 1.870829 4.608045
v -0.503056 1.884236 4.608639
v -0.517414 1.908924 4.288172
v -0.516472 1.894710 4.609173
v -0.504731 1.899080 4.287759
v 0.000000 1.187058 -6.007431
v -0.110359 1.203246 -6.085296
v 0.000000 1.188683 -6.085598
v -0.110359 1.201622 -6.007128
v -0.301627 1.312059 -6.004834
v -0.369430 1.402017 -6.081274
v -0.301627 1.313584 -6.083111
v -0.369430 1.400391 -6.002998
v -0.213277 1.982976 -5.991103
v -0.110359 2.025625 -5.990217
v 0.000000 2.040189 -5.989914
v 0.110460 2.027251 -6.068491
v 0.000000 2.041815 -6.068189
v 0.110460 2.025625 -5.990217
v 0.086359 0.886873 4.908474
v 0.104384 0.772981 4.916068
v 0.086359 0.886667 4.918430
v 0.104384 0.773188 4.906112
v 0.213277 1.984600 -6.069270
v 0.213277 1.982976 -5.991103
v 0.102918 0.780526 5.001869
v 0.084892 0.894427 4.994167
v 0.084892 0.894220 5.004123
v 0.102918 0.780733 4.991913
v -0.301627 1.915182 -5.992511
v -0.301627 1.916806 -6.070678
v 0.084892 0.892916 5.066886
v 0.095792 0.823710 5.078032
v 0.095792 0.823972 5.065454
v 0.084892 0.892655 5.079465
v 0.369430 1.826854 -5.994246
v 0.369430 1.828481 -6.072514
v 0.588366 1.360043 5.191901
v 0.663616 1.349547 5.232882
v 0.593816 1.358266 5.226879
v 0.666657 1.350259 5.198616
v 0.560490 1.402405 5.337756
v 0.559440 1.321861 5.188173
v 0.570131 1.405369 5.189909
v 0.549798 1.318789 5.336019
v 0.527998 1.406995 5.333557
v 0.570131 1.405369 5.189909
v 0.538064 1.410062 5.185920
v 0.560490 1.402405 5.337756
v 0.000000 4.050540 -7.765623
v 0.000000 4.051027 -7.789093
v -0.055126 4.049866 -7.728313
v 0.055233 4.049866 -7.728313
v -2.644923 1.005785 -0.723663
v -2.583196 1.005785 -0.723663
v -2.614006 1.014548 -0.575363
v -2.572505 0.990976 -0.868635
v -0.016559 0.957701 -2.193278
v -0.011633 0.921843 -2.092133
v -0.016559 0.955073 -2.066805
v -0.011633 0.923090 -2.152171
v 0.549798 1.318789 5.336019
v 0.528523 1.326446 5.184183
v 0.559440 1.321861 5.188173
v 0.518881 1.323379 5.331820
v -0.357695 1.821867 -6.082295
v -0.282445 1.897634 -6.071077
v -0.345955 1.814960 -6.072794
v -0.292087 1.907474 -6.080516
v -2.583196 1.005785 -0.723663
v -2.598604 1.083431 -0.636412
v -2.614006 1.014548 -0.575363
v -2.583196 1.132083 -0.717794
v -2.572505 0.990976 -0.868635
v -2.572505 1.154664 -0.861041
v -0.398988 1.508570 -6.088703
v -0.399512 1.615248 -6.076843
v -0.385887 1.511828 -6.078992
v -0.413030 1.615448 -6.086483
v -0.237694 1.909089 7.539357
v -0.214535 1.906266 7.539197
v -0.214535 1.906266 7.539197
v -0.205412 1.884903 7.538019
v -0.282445 1.332756 -6.082713
v -0.206461 1.257828 -6.093806
v -0.292087 1.323424 -6.092550
v -0.199753 1.269366 -6.083922
v -0.292087 1.907474 -6.080516
v -0.199753 1.961130 -6.069757
v -0.282445 1.897634 -6.071077
v -0.206461 1.973068 -6.079153
v -0.233186 1.881044 7.854936
v -0.220820 1.892479 7.637549
v -0.233604 1.894051 7.637690
v -0.221452 1.879580 7.854797
v -0.215894 1.880648 7.636887
v -0.221452 1.879580 7.854797
v -0.216836 1.868796 7.854258
v -0.220820 1.892479 7.637549
v -0.216836 1.868796 7.854258
v -0.215894 1.880648 7.636887
v -0.223962 1.859371 7.853745
v -0.223962 1.859371 7.853745
v -0.235703 1.860730 7.853774
v -0.103335 2.001056 -6.069036
v -0.199753 1.961130 -6.069757
v -0.235703 1.860730 7.853774
v -0.241260 1.883794 7.637053
v -0.240312 1.871619 7.854424
v -0.241260 1.883794 7.637053
v -0.237694 1.909089 7.539357
v -0.251635 1.890558 7.538238
v -0.233604 1.894051 7.637690
v 0.000000 1.215819 -6.085034
v 0.106901 1.216544 -6.094663
v 0.000000 1.202505 -6.094955
v 0.103442 1.229441 -6.084752
v -0.205412 1.884903 7.538019
v -0.251635 1.890558 7.538238
v 0.000000 4.049613 -7.716164
v 0.000000 4.049384 -7.705159
v 0.069484 4.049498 -7.710608
v -0.069484 4.049498 -7.710608
v -0.200177 1.930072 5.611519
v -0.212436 1.958991 5.612120
v -0.300578 1.847526 -5.097238
v -0.196193 1.949921 -5.822810
v -0.196193 1.935118 -5.095417
v -0.300578 1.862431 -5.824627
v -0.368804 1.729433 -5.099584
v -0.368804 1.744337 -5.826980
v -0.250270 1.908801 5.611077
v -0.219144 1.904920 5.610997
v -0.262637 1.937720 5.611678
v -0.228577 1.900371 7.298186
v -0.228577 1.819664 7.222185
v -0.228577 1.821327 7.192345
v -0.228577 1.898382 7.333362
v 0.068125 1.981642 -5.094451
v 0.068125 1.996546 -5.821841
v -0.068125 1.981642 -5.094451
v -0.068125 1.996546 -5.821841
v -0.143793 1.899446 7.317454
v -0.228577 1.891896 7.453779
v -0.228577 1.893885 7.418596
v -0.143793 1.897776 7.347293
v -0.228577 1.893885 7.418596
v -0.313362 1.897776 7.347293
v -0.228577 1.891896 7.453779
v -0.313362 1.899446 7.317454
v 2.655507 0.978720 -0.869206
v 2.572505 1.049921 -2.393783
v 2.655507 1.049921 -2.393783
v 2.572505 0.978720 -0.869206
v 2.655507 1.064979 -2.452592
v 2.572505 1.062171 -2.393212
v 2.572505 1.064979 -2.452592
v 2.655507 1.062171 -2.393212
v -2.655507 0.978720 -0.869200
v -2.572505 1.049921 -2.393783
v -2.572505 0.978720 -0.869200
v -2.655507 1.049921 -2.393783
v -0.228577 1.990536 7.201730
v -0.228577 1.898382 7.333362
v -0.228577 1.900371 7.298186
v -0.228577 1.988866 7.231568
v -0.196819 0.971998 1.977209
v -0.224177 0.936896 1.976480
v -2.572505 1.077861 -2.452008
v -2.572505 1.062171 -2.393212
v -2.572505 1.064981 -2.452693
v -2.572505 1.241498 -2.719586
v -2.572505 1.082523 -2.550342
v -2.572505 1.117191 -2.725418
v -2.572505 1.049921 -2.393783
v -2.572505 0.978720 -0.869200
v -0.068125 1.208876 -5.110190
v -0.068125 1.223783 -5.837688
v 0.068125 1.208876 -5.110190
v 0.068125 1.223783 -5.837688
v -2.572505 1.062171 -2.393212
v -2.655507 1.064981 -2.452693
v -2.572505 1.064981 -2.452693
v -2.655507 1.062171 -2.393212
v 0.016559 0.955073 -2.066805
v 0.011633 0.923090 -2.152171
v 0.016559 0.957701 -2.193278
v 0.011633 0.921843 -2.092133
v 0.251945 0.949046 1.976732
v 0.196718 0.971998 1.977209
v 0.220718 0.990752 1.977599
v 0.224069 0.936896 1.976480
v -2.651106 1.229258 -1.999261
v -2.576905 1.207893 -2.000337
v -2.576905 1.229258 -1.999261
v -2.651106 1.207893 -2.000337
v 2.651106 1.211136 -2.070610
v 2.576905 1.232605 -2.069639
v 2.651106 1.232605 -2.069639
v 2.576905 1.211136 -2.070610
v 0.292087 1.323422 -6.092443
v 0.199753 1.269366 -6.083922
v 0.282553 1.332756 -6.082713
v 0.206569 1.257828 -6.093806
v -0.224177 0.936896 1.976480
v -0.196819 0.974524 1.850424
v -0.224177 0.939524 1.849697
v -0.196819 0.971998 1.977209
v -0.243669 1.962866 5.612201
v 0.206569 1.257828 -6.093806
v 0.103442 1.229441 -6.084752
v 0.199753 1.269366 -6.083922
v 0.106901 1.216544 -6.094663
v 0.345955 1.813334 -5.994526
v 0.385887 1.717044 -5.996527
v -0.196819 0.971998 1.977209
v -0.351405 1.092700 1.979717
v 0.199753 1.959506 -5.991590
v 0.282553 1.896117 -5.992908
v -0.103335 1.229441 -6.084752
v -0.106901 1.216544 -6.094663
v -0.106901 1.216544 -6.094663
v -0.199753 1.269366 -6.083922
v -0.103335 1.229441 -6.084752
v -0.206461 1.257828 -6.093806
v 0.301729 1.916806 -6.070678
v 0.106901 2.014354 -6.078403
v -0.000107 1.814491 5.619388
v -0.108260 1.827095 5.042902
v -0.000107 1.841343 5.043514
v -0.108260 1.800252 5.618675
v -0.209085 1.785416 5.040986
v -0.209085 1.758567 5.616759
v -0.295653 1.719126 5.037825
v -0.295653 1.692175 5.613603
v -0.361988 1.632622 5.033826
v -0.361988 1.605779 5.609607
v -0.403805 1.531880 5.029116
v -0.403805 1.505031 5.604889
v -0.418063 1.423803 5.024036
v -0.418063 1.396960 5.599811
v -0.403805 1.315832 5.019068
v -0.403805 1.288881 5.594846
v -0.361988 1.215089 5.014357
v -0.361988 1.188240 5.590131
v -0.295653 1.128588 5.010251
v -0.295653 1.101739 5.586031
v -0.209085 1.062295 5.007198
v -0.209085 1.035345 5.582970
v -0.108260 1.020509 5.005280
v -0.108260 0.993660 5.581054
v -0.000107 1.006371 5.004569
v -0.000107 0.979421 5.580341
v -0.282445 1.331237 -6.004435
v -0.345955 1.413911 -6.002717
v 0.213277 1.245889 -6.084410
v 0.110460 1.203246 -6.085296
v 0.398988 1.508570 -6.088703
v 0.413030 1.615448 -6.086483
v -0.399512 1.613624 -5.998676
v -0.385887 1.718562 -6.074797
v -0.385887 1.717044 -5.996527
v -0.399512 1.615248 -6.076843
v -0.199753 1.267741 -6.005754
v -0.282445 1.331237 -6.004435
v 0.000000 1.214195 -6.006867
v -0.103335 1.227817 -6.006584
v 0.282553 1.331237 -6.004435
v 0.199753 1.267741 -6.005754
v 0.345955 1.413911 -6.002717
v 0.282553 1.331237 -6.004435
v 0.199753 1.961130 -6.069757
v 0.103442 1.999430 -5.990761
v 0.103442 2.001056 -6.069036
v 0.199753 1.959506 -5.991590
v 0.385887 1.717044 -5.996527
v 0.399512 1.613624 -5.998676
v -0.103335 1.999430 -5.990761
v 0.000000 2.013052 -5.990478
v -0.032592 1.169588 -6.236105
v 0.044959 1.155871 -6.135966
v 0.032592 1.169588 -6.236105
v -0.044858 1.155871 -6.135966
v -0.345955 1.413911 -6.002717
v -0.385887 1.511828 -6.078992
v -0.385887 1.510203 -6.000824
v -0.345955 1.415538 -6.080993
v -0.199753 1.959506 -5.991590
v -0.103335 1.999430 -5.990761
v -3.236538 1.420513 -2.738404
v -3.230778 1.263413 -2.755296
v -3.236538 1.263130 -2.741674
v -3.230778 1.420799 -2.752127
v -3.225012 1.263130 -2.741674
v -3.225012 1.420513 -2.738404
v -3.236538 1.420267 -2.726565
v -3.230778 1.262599 -2.716105
v -3.230778 1.419984 -2.712943
v -3.236538 1.262884 -2.729835
v -3.225012 1.262884 -2.729835
v -3.225012 1.420267 -2.726565
v -0.351405 1.092700 1.979717
v -0.387146 1.049550 1.851983
v -0.351405 1.095334 1.852934
v -0.387146 1.046916 1.978765
v -3.230778 1.259374 -2.560928
v -3.218304 1.260478 -2.614050
v -3.230778 1.272950 -2.613791
v -3.230778 1.248013 -2.614310
v -3.218304 1.265548 -2.858084
v -3.230778 1.265928 -2.881241
v -3.230778 1.277913 -2.857827
v -3.230778 1.253083 -2.858343
v -2.576905 1.181817 -1.441419
v -2.651106 1.203178 -1.440450
v -2.651106 1.181817 -1.441419
v -2.576905 1.203178 -1.440450
v -3.243247 1.260478 -2.614050
v -3.243247 1.265548 -2.858084
v 3.223128 1.417064 -2.754089
v 3.238321 1.416176 -2.711340
v 3.223128 1.416176 -2.711340
v 3.238321 1.417064 -2.754089
v 3.230778 1.263413 -2.755296
v 3.236538 1.420513 -2.738404
v 3.236538 1.263128 -2.741567
v 3.230778 1.420796 -2.752026
v 3.225012 1.263128 -2.741567
v 3.225012 1.420513 -2.738404
v 2.572505 1.082523 -2.550342
v 2.572505 1.241498 -2.719586
v 2.572505 1.117191 -2.725418
v 2.572505 1.077861 -2.452008
v 2.572505 1.062171 -2.393212
v 2.572505 1.049921 -2.393783
v 2.572505 0.978720 -0.869206
v 3.218304 1.260478 -2.614050
v 3.230778 1.259374 -2.560928
v 3.230778 1.272950 -2.613791
v 3.230778 1.248013 -2.614310
v 3.230778 1.265928 -2.881241
v 3.218304 1.265548 -2.858084
v 3.230778 1.277913 -2.857827
v 3.230778 1.253083 -2.858343
v 3.243145 1.260478 -2.614050
v 3.243145 1.265548 -2.858084
v 0.351303 1.092700 1.979717
v 0.387146 1.049550 1.851983
v 0.387038 1.046916 1.978765
v 0.351303 1.095334 1.852934
v 2.583089 1.005785 -0.723669
v 2.644923 1.005785 -0.723669
v 2.614006 1.014546 -0.575262
v 2.572505 0.990976 -0.868635
v 2.655507 0.990976 -0.868635
v 0.213277 1.244265 -6.006242
v 0.110460 1.201622 -6.007128
v 3.623893 1.447810 -3.456835
v 3.629134 1.441020 -3.306867
v 3.627560 1.444137 -3.456912
v 3.623893 1.446260 -3.306758
v 3.618759 1.441020 -3.306867
v 3.620333 1.444137 -3.456912
v -0.213277 1.244265 -6.006242
v -0.213277 1.245889 -6.084410
v -0.518255 1.920844 4.057491
v -0.504314 1.909955 4.056848
v -0.516997 1.912303 3.974288
v -0.492156 1.901824 4.261610
v -0.521081 1.901707 4.105939
v -0.448038 1.854035 4.144998
v -0.516788 1.906481 4.153423
v -0.452438 1.849575 4.087251
v -0.448038 1.856596 4.021773
v -0.516788 1.908470 4.052833
v -0.540049 1.895958 4.261488
v -0.515214 1.895922 4.056240
v -0.513115 1.874909 4.260425
v -0.529256 1.906921 4.056785
v 0.588049 1.356890 5.293100
v 0.548749 1.361884 5.289845
v 0.067284 2.512268 2.897405
v 0.000000 2.538080 2.719734
v 0.067284 2.528382 2.737252
v 0.000000 2.513209 2.947952
v -0.067392 2.512268 2.897405
v -0.398988 1.722328 -6.084363
v -0.345955 1.814960 -6.072794
v -0.385887 1.718562 -6.074797
v -0.357695 1.821867 -6.082295
v -0.240312 1.871619 7.854424
v -0.233186 1.881044 7.854936
v -0.350146 1.101494 1.511118
v -0.499914 1.185952 1.825360
v -0.499914 1.194681 1.400369
v -0.412088 1.724060 -5.996381
v -0.369430 1.828481 -6.072514
v -0.369430 1.826854 -5.994246
v 3.623893 1.440471 -3.456988
v 3.623893 1.435887 -3.306973
v 0.301729 1.915182 -5.992511
v -0.353813 1.019086 1.930600
v -0.317238 1.067076 1.931597
v -0.295438 0.968789 1.929555
v -0.385887 1.510203 -6.000824
v -0.399512 1.613624 -5.998676
v -0.103335 1.227817 -6.006584
v -0.199753 1.267741 -6.005754
v -3.623893 1.440471 -3.456988
v -3.629134 1.441022 -3.306974
v -3.627560 1.444137 -3.456912
v -3.623893 1.435889 -3.307081
v -3.618759 1.441022 -3.306974
v -3.620333 1.444137 -3.456912
v 0.000000 2.509619 2.989596
v 0.044542 2.527678 2.791534
v 0.031543 2.516722 2.900014
v 0.000000 2.523239 2.868802
v -0.044542 2.527678 2.791534
v -0.031650 2.516722 2.900014
v 0.351196 1.096236 1.804626
v 0.162760 1.018177 1.803004
v 0.317661 1.139404 1.805523
v 0.196193 0.975212 1.802111
v -2.651106 1.183130 -1.469280
v -2.576905 1.204488 -1.468204
v -2.576905 1.183130 -1.469280
v -2.651106 1.204488 -1.468204
v 0.199753 1.267741 -6.005754
v 0.103442 1.227817 -6.006584
v 0.103442 2.001056 -6.069036
v 0.103442 1.999430 -5.990761
v 0.385887 1.510203 -6.000824
v 0.345955 1.413911 -6.002717
v 0.282761 1.187626 1.512908
v 0.123776 1.063350 1.510433
v 0.108159 0.993660 5.581054
v 0.108159 1.020509 5.005280
v 0.208876 1.035345 5.582970
v 0.208978 1.062295 5.007198
v 0.295444 1.101739 5.586031
v 0.295444 1.128588 5.010251
v 0.361887 1.188240 5.590131
v 0.361887 1.215089 5.014357
v 0.403704 1.288881 5.594846
v 0.403704 1.315832 5.019068
v 0.417955 1.396960 5.599811
v 0.417955 1.423803 5.024036
v 0.403704 1.505031 5.604889
v 0.403704 1.531880 5.029116
v 0.361887 1.605779 5.609607
v 0.361887 1.632622 5.033826
v 0.295444 1.692175 5.613603
v 0.295444 1.719126 5.037825
v 0.208876 1.758567 5.616759
v 0.208978 1.785416 5.040986
v 0.108159 1.800252 5.618675
v 0.108159 1.827095 5.042902
v -3.223229 1.417064 -2.754089
v -3.238321 1.416178 -2.711447
v -3.238321 1.417064 -2.754089
v -3.223229 1.416178 -2.711447
v 2.644923 1.132083 -0.717794
v 2.644923 1.005785 -0.723669
v 2.629414 1.083431 -0.636412
v -0.512382 1.913123 4.106177
v -0.443738 1.860998 4.087488
v 0.327303 1.074052 1.979329
v 0.387038 1.046916 1.978765
v 0.363563 1.026587 1.978343
v 0.351303 1.092700 1.979717
v -3.623893 1.447810 -3.456835
v -3.623893 1.446262 -3.306865
v -0.327404 1.074052 1.979329
v -0.387146 1.046916 1.978765
v -0.351405 1.092700 1.979717
v -0.363563 1.026587 1.978343
v 0.385887 1.511828 -6.078992
v 0.399512 1.615248 -6.076843
v -0.351303 1.096236 1.804626
v -0.162760 1.018177 1.803004
v -0.196295 0.975212 1.802111
v -0.317661 1.139404 1.805523
v 0.317661 1.139404 1.805523
v 0.350146 1.101491 1.511225
v 0.351196 1.096236 1.804626
v 0.282761 1.187626 1.512908
v 0.196193 0.975212 1.802111
v 0.123776 1.063350 1.510433
v 0.162760 1.018177 1.803004
v 0.191161 0.977224 1.508643
v -0.282445 1.896117 -5.992908
v -0.199753 1.959506 -5.991590
v -0.385887 1.717044 -5.996527
v -0.345955 1.813334 -5.994526
v 0.106901 2.014354 -6.078403
v 0.206569 1.973068 -6.079153
v 0.056277 1.146461 -5.839503
v -0.056283 1.146461 -5.839503
v -0.282862 1.187626 1.512908
v -0.191268 0.977224 1.508643
v -0.123877 1.063350 1.510433
v -0.350146 1.101494 1.511118
v 0.350146 1.101491 1.511225
v 0.499806 1.185952 1.825360
v 0.499914 1.194681 1.400369
v 3.230778 1.419982 -2.712835
v 3.225012 1.262884 -2.729835
v 3.230778 1.262599 -2.716105
v 3.225012 1.420267 -2.726565
v -0.357695 1.408924 -6.090774
v -0.398988 1.508570 -6.088703
v 3.236538 1.420267 -2.726565
v 3.236538 1.262884 -2.729835
v 2.572505 1.077861 -2.452008
v 2.655507 1.082523 -2.550342
v 2.655507 1.077861 -2.452008
v 2.572505 1.082523 -2.550342
v 2.572505 1.117191 -2.725418
v 2.655507 1.117191 -2.725418
v 2.614006 1.132973 -2.804127
v -0.345955 1.813334 -5.994526
v -0.282445 1.896117 -5.992908
v -2.644923 1.132083 -0.717794
v -2.644923 1.005785 -0.723663
v -2.629521 1.083431 -0.636412
v 0.196718 0.974524 1.850424
v 0.224069 0.936896 1.976480
v 0.224069 0.939524 1.849697
v 0.196718 0.971998 1.977209
v 0.282553 1.896117 -5.992908
v 0.345955 1.813334 -5.994526
v 0.317137 1.067076 1.931597
v 0.353712 1.019086 1.930600
v 0.399512 1.613624 -5.998676
v 0.385887 1.510203 -6.000824
v -0.243669 1.962866 5.612201
v -0.350146 1.101494 1.511118
v -0.317661 1.139404 1.805523
v -0.351303 1.096236 1.804626
v -0.282862 1.187626 1.512908
v 0.196718 0.971998 1.977209
v 0.351303 1.092700 1.979717
v 0.103442 1.227817 -6.006584
v 0.264527 0.955483 1.929279
v 0.231302 0.999914 1.930202
v -0.282862 1.187626 1.512908
v -0.123877 1.063350 1.510433
v 0.191161 0.977224 1.508643
v 0.282761 1.187626 1.512908
v 0.123776 1.063350 1.510433
v 0.350146 1.101491 1.511225
v 0.295337 0.968789 1.929555
v -0.397097 1.155241 5.861681
v -0.432105 1.245043 5.015713
v -0.442897 1.265724 5.866911
v -0.330762 1.754207 5.039496
v -0.397097 1.613300 5.883144
v -0.432105 1.602570 5.032368
v -0.324262 1.708080 5.887528
v -0.229311 1.780860 5.890925
v -0.179003 1.855373 5.044222
v -0.118743 1.826626 5.893027
v -0.000107 1.890980 5.045905
v -0.000107 1.842231 5.893775
v -0.000107 0.956732 5.002279
v -0.118743 0.941914 5.851797
v -0.000107 0.926310 5.851049
v -0.179003 0.992237 5.003959
v -0.229311 0.987681 5.853899
v -0.330762 1.093504 5.008687
v -0.324262 1.060461 5.857296
v -0.467631 1.423803 5.024036
v -0.442897 1.502817 5.877914
v -0.458514 1.384271 5.872409
v -0.293870 0.994552 0.977217
v -0.434937 1.116626 0.979753
v -0.351405 1.095334 1.852934
v -0.465747 1.164597 1.854266
v -0.191161 0.941537 0.976116
v -0.105744 0.906198 1.087548
v -0.191268 0.977224 1.508643
v -0.196819 0.974524 1.850424
v -0.078285 0.898664 1.848848
v -0.109834 0.882017 0.974879
v -0.108368 0.885801 1.035022
v 0.431997 1.245043 5.015713
v 0.396996 1.155241 5.861681
v 0.442796 1.265724 5.866911
v 0.396996 1.613300 5.883144
v 0.330654 1.754207 5.039496
v 0.431997 1.602570 5.032368
v 0.324155 1.708080 5.887528
v 0.229203 1.780860 5.890925
v 0.178901 1.855373 5.044222
v 0.118635 1.826626 5.893027
v 0.118635 0.941914 5.851797
v 0.178901 0.992237 5.003959
v 0.229203 0.987681 5.853899
v 0.330654 1.093504 5.008687
v 0.324155 1.060461 5.857296
v 0.442796 1.502817 5.877914
v 0.467530 1.423803 5.024036
v 0.458413 1.384271 5.872409
v 0.293762 0.994552 0.977217
v 0.434830 1.116626 0.979753
v 0.351303 1.095334 1.852934
v 0.465639 1.164595 1.854373
v 0.105744 0.906198 1.087548
v 0.191161 0.941537 0.976116
v 0.191161 0.977224 1.508643
v 0.196718 0.974524 1.850424
v 0.078285 0.898664 1.848848
v 0.109727 0.882017 0.974879
v 0.108260 0.885801 1.035022
v 0.467530 1.423803 5.024036
v 0.403704 1.505031 5.604889
v 0.417955 1.396960 5.599811
v 0.431997 1.602570 5.032368
v 0.403704 1.288881 5.594846
v 0.431997 1.245043 5.015713
v 0.361887 1.188240 5.590131
v 0.330654 1.093504 5.008687
v 0.295444 1.101739 5.586031
v 0.208876 1.035345 5.582970
v 0.178901 0.992237 5.003959
v 0.108159 0.993660 5.581054
v -0.000107 0.956732 5.002279
v -0.000107 0.979421 5.580341
v 0.108159 1.800252 5.618675
v -0.000107 1.890980 5.045905
v -0.000107 1.814491 5.619388
v 0.178901 1.855373 5.044222
v 0.208876 1.758567 5.616759
v 0.330654 1.754207 5.039496
v 0.295444 1.692175 5.613603
v 0.361887 1.605779 5.609607
v -0.403805 1.505031 5.604889
v -0.467631 1.423803 5.024036
v -0.418063 1.396960 5.599811
v -0.432105 1.602570 5.032368
v -0.403805 1.288881 5.594846
v -0.432105 1.245043 5.015713
v -0.361988 1.188240 5.590131
v -0.330762 1.093504 5.008687
v -0.295653 1.101739 5.586031
v -0.209085 1.035345 5.582970
v -0.179003 0.992237 5.003959
v -0.108260 0.993660 5.581054
v -0.108260 1.800252 5.618675
v -0.179003 1.855373 5.044222
v -0.209085 1.758567 5.616759
v -0.330762 1.754207 5.039496
v -0.295653 1.692175 5.613603
v -0.361988 1.605779 5.609607
v 0.057958 3.954394 -7.482073
v 0.061309 3.943123 -7.494778
v 0.046850 3.942925 -7.485245
v 0.057958 3.931442 -7.482550
v 0.068960 3.942803 -7.479379
v -0.061208 3.990907 -7.493893
v -0.057851 4.002068 -7.481082
v -0.046850 3.990707 -7.484252
v -0.057851 3.979122 -7.481559
v -0.068960 3.990585 -7.478386
v 0.000000 3.853369 -7.846662
v 0.000000 3.850396 -7.829845
v 0.000000 3.850396 -7.829845
v 0.000000 3.848975 -7.630288
v 0.000000 3.853369 -7.846662
v 0.000000 3.848975 -7.630288
v 0.066026 3.271214 -5.694833
v 0.079335 3.260347 -5.696526
v 0.064768 3.259388 -5.705766
v 0.067075 3.248343 -5.694049
v 0.068334 3.260277 -5.683108
v -0.079335 3.260347 -5.696526
v -0.066026 3.271214 -5.694833
v -0.064768 3.259388 -5.705766
v -0.067075 3.248343 -5.694049
v -0.068334 3.260277 -5.683108
v -0.228577 1.867595 7.902035
v -0.228577 1.867595 7.902035
v -0.228577 1.867595 7.902035
v -0.228577 1.867595 7.902035
v -0.228577 1.867595 7.902035
v -0.228577 1.867595 7.902035
v -0.067392 2.528382 2.737252
v -0.519090 1.922873 4.262680
v -0.515948 1.896061 4.321978
v -0.514898 1.881654 4.632174
v 2.572505 1.064979 -2.452592
v 2.655507 1.064979 -2.452592
v -2.655507 1.049921 -2.393783
v -2.655507 1.064981 -2.452693
v -2.655507 0.990976 -0.868635
v 0.387354 1.844463 -6.347453
v 0.431997 1.736644 -6.349693
v 0.424556 1.764666 -5.826558
v 0.309904 1.932163 -6.416287
v 0.344804 1.886797 -6.417230
v 0.346062 1.900465 -5.823837
v 0.225852 2.001369 -5.821741
v 0.078500 2.055017 -5.820626
v 0.219144 2.001848 -6.414840
v 0.113502 2.045542 -6.414033
v 0.000000 2.060523 -6.413722
v -0.078393 2.055017 -5.820626
v -0.113400 2.045542 -6.414033
v -0.219144 2.001848 -6.414840
v -0.225852 2.001369 -5.821741
v -0.309904 1.932163 -6.416287
v -0.225852 2.001369 -5.821741
v -0.346062 1.900465 -5.823837
v -0.387354 1.844463 -6.347453
v -0.344696 1.886797 -6.417230
v -0.424455 1.764666 -5.826558
v -0.431997 1.736644 -6.349693
v -0.451705 1.610215 -5.829767
v -0.447197 1.620857 -6.351998
v -0.431997 1.505079 -6.354403
v -0.424455 1.455661 -5.832870
v -0.387354 1.397260 -6.356644
v -0.346062 1.319871 -5.835692
v -0.351828 1.350945 -6.357606
v -0.309904 1.312486 -6.428954
v -0.225852 1.218966 -5.837788
v -0.219144 1.242808 -6.430401
v -0.225852 1.218966 -5.837788
v -0.113400 1.199009 -6.431312
v -0.219144 1.242808 -6.430401
v -0.078393 1.165319 -5.838903
v -0.066026 1.174727 -6.135259
v 0.038675 1.181414 -6.260497
v 0.113502 1.199009 -6.431312
v 0.000000 1.184129 -6.431621
v 0.219144 1.242808 -6.430401
v 0.225852 1.218966 -5.837788
v 0.078500 1.165319 -5.838903
v 0.309904 1.312486 -6.428954
v 0.346062 1.319871 -5.835692
v 0.387354 1.397260 -6.356644
v 0.351828 1.350942 -6.357498
v 0.424556 1.455661 -5.832870
v 0.431997 1.505079 -6.354403
v 0.451806 1.610215 -5.829767
v 0.447298 1.620857 -6.351998
v -0.219144 2.001848 -6.414840
v 0.000000 1.176988 -6.274527
v -0.038675 1.181414 -6.260497
v 0.066133 1.174727 -6.135259
v 0.650832 1.487255 -2.630928
v 0.650832 1.538969 -2.980816
v 0.650832 1.559547 -2.629325
v 0.650832 1.505334 -2.981514
v 2.729606 1.482824 -2.997811
v 2.754233 1.432843 -2.898110
v 2.729606 1.440593 -2.998688
v 2.754233 1.487647 -2.896971
v 0.042550 0.916219 -1.372512
v 0.099877 0.953526 -1.371737
v 0.099877 0.925966 -1.372309
v 0.042550 0.945138 -1.371911
v -0.408838 1.147424 -1.436056
v -0.464173 1.153191 -1.436044
v -0.439338 1.177920 -1.435530
v -0.433679 1.122696 -1.436570
v -3.628609 1.443693 -3.273895
v -3.628609 1.441129 -3.306972
v -3.628609 1.439712 -2.900585
v -3.628609 1.425774 -2.900875
v -3.628609 1.432032 -2.869088
v 1.902390 1.508821 -2.937516
v 1.921888 1.464719 -2.938749
v 1.902390 1.465243 -2.938738
v 1.921888 1.508296 -2.937527
v 3.232347 1.428153 -3.080816
v 3.171770 1.469966 -2.999545
v 3.232347 1.464088 -3.080069
v 3.171770 1.424489 -3.000383
v 2.725940 1.488758 -2.890138
v 2.701307 1.441081 -2.991760
v 2.725940 1.433433 -2.891180
v 2.701307 1.483932 -2.990869
v 0.201852 0.987680 -2.334696
v 0.090342 0.970963 -2.306845
v 0.090443 0.938999 -2.307300
v 0.193570 1.002728 -2.332391
v 0.236019 0.980637 -1.698022
v 0.130794 0.962552 -1.670092
v 0.337046 1.080395 -1.721422
v 0.130794 0.921477 -1.670946
v 0.107318 0.911069 -1.644222
v 0.107318 0.958952 -1.643228
v 0.102709 0.919636 -1.476431
v -2.729606 1.482826 -2.997912
v -2.754233 1.432845 -2.898218
v -2.754233 1.487650 -2.897079
v -2.729606 1.440595 -2.998790
v 0.221553 1.013062 -2.183951
v 0.166636 0.960357 -2.185046
v 0.155002 0.978903 -2.184661
v 0.232978 0.994833 -2.184330
v 0.155002 0.978008 -2.141595
v 0.167578 0.957996 -2.142011
v 0.188436 0.994433 -2.119765
v 0.221661 1.012060 -2.140887
v 0.234445 0.991529 -2.141314
v 0.042550 0.902978 -1.577725
v -0.042550 0.948977 -1.576769
v 0.042550 0.948977 -1.576769
v -0.042550 0.902978 -1.577725
v -2.725940 1.488758 -2.890138
v -2.701307 1.441083 -2.991861
v -2.701307 1.483934 -2.990970
v -2.725940 1.433435 -2.891287
v -0.042550 0.916219 -1.372512
v -0.042550 0.945138 -1.371911
v 1.397974 1.342239 -2.664239
v 1.315074 1.465875 -2.631271
v 1.408874 1.462840 -2.631334
v 1.325974 1.342239 -2.664239
v -1.315181 1.465875 -2.631271
v -1.397974 1.342239 -2.664239
v -1.408874 1.462840 -2.631334
v -1.325974 1.342239 -2.664239
v -1.362025 1.301388 -2.675883
v 1.902390 1.524136 -2.630061
v 1.902390 1.446924 -2.632291
v 0.037625 3.849669 -7.012950
v -0.044333 2.997575 -6.172127
v -0.037518 3.849669 -7.012950
v 0.044333 2.997575 -6.172127
v -1.902390 1.524136 -2.630061
v -0.650832 1.487255 -2.630928
v -1.902390 1.446924 -2.632291
v -0.650832 1.559547 -2.629325
v -0.433679 1.125157 -1.559898
v -0.464173 1.155644 -1.559264
v -0.433679 1.155644 -1.559264
v -0.464173 1.125157 -1.559898
v 0.044542 2.969535 -6.144410
v -0.048000 2.525292 -5.705929
v -0.044542 2.969535 -6.144410
v 0.048102 2.525292 -5.705929
v -0.045168 2.469337 -5.707092
v 0.045168 2.469337 -5.707092
v -0.039617 2.412433 -5.753243
v 0.039617 2.412433 -5.753243
v -0.033225 2.380772 -5.813649
v 0.033326 2.380772 -5.813649
v -0.557240 1.541276 -2.980768
v -0.650832 1.505334 -2.981514
v -0.650832 1.538969 -2.980816
v -0.552631 1.507325 -2.981473
v -0.130794 0.962552 -1.670092
v -0.236019 0.980637 -1.698022
v -0.337046 1.080395 -1.721422
v -0.130794 0.921477 -1.670946
v -0.107318 0.911069 -1.644222
v -0.107318 0.958952 -1.643228
v -0.099984 0.925966 -1.372309
v -0.021168 0.886465 5.639732
v 0.021067 0.873052 5.639453
v 0.021067 0.886465 5.639732
v -0.021168 0.873052 5.639453
v -0.021168 0.870174 5.702183
v 0.021067 0.870174 5.702183
v 0.021067 0.843678 5.700899
v -0.021168 0.843678 5.700899
v -0.000107 0.832060 5.700347
v 0.464071 1.153189 -1.435937
v 0.408838 1.147424 -1.436056
v 0.439338 1.177920 -1.435530
v 0.433679 1.122696 -1.436570
v 0.038675 3.954918 -7.487197
v 0.037518 3.931138 -7.488008
v 0.037518 3.954925 -7.487514
v 0.038675 3.931131 -7.487691
v 0.464071 1.155644 -1.559264
v 0.433679 1.125157 -1.559898
v 0.433679 1.155644 -1.559264
v 0.464071 1.125157 -1.559898
v -0.234445 0.991529 -2.141314
v -0.221553 1.013062 -2.183951
v -0.232978 0.994833 -2.184330
v -0.221661 1.012063 -2.140995
v -0.188436 0.994433 -2.119765
v -0.167578 0.957996 -2.142011
v -0.155002 0.978008 -2.141595
v -0.166636 0.960357 -2.185046
v -0.155002 0.978903 -2.184661
v -2.078149 1.516385 -2.731170
v -3.171770 1.424492 -3.000490
v -3.171770 1.469966 -2.999545
v -2.078149 1.446281 -2.732519
v 0.020542 3.856637 -7.353175
v -0.020542 3.856637 -7.353175
v 0.034584 2.877079 -6.240253
v -0.034483 2.877079 -6.240253
v -0.033225 2.880642 -6.265335
v 0.033326 2.880642 -6.265335
v 0.034375 2.905748 -6.268064
v -0.034375 2.905748 -6.268064
v -0.038675 4.002592 -7.486206
v -0.037417 3.978812 -7.487017
v -0.038675 3.978806 -7.486701
v -0.037417 4.002599 -7.486523
v 0.557240 1.541276 -2.980768
v 0.552631 1.507325 -2.981473
v -1.902390 1.465246 -2.938845
v -1.902390 1.508821 -2.937516
v -1.921888 1.464721 -2.938856
v -1.921888 1.508296 -2.937527
v 3.628609 1.425771 -2.900774
v 3.628609 1.439710 -2.900485
v 3.628609 1.432032 -2.869088
v 3.628609 1.443693 -3.273895
v 3.628609 1.441127 -3.306865
v -0.201852 0.987680 -2.334696
v -0.193570 1.002728 -2.332391
v -0.286428 1.051831 -2.369738
v -0.090443 0.970963 -2.306845
v 2.010232 1.451912 -2.781671
v 2.010232 1.514782 -2.780365
v -0.017709 4.060719 -7.614878
v 0.017709 4.025094 -7.615618
v -0.017709 4.025094 -7.615618
v 0.017709 4.060719 -7.614878
v -2.010232 1.451912 -2.781671
v -2.010232 1.514782 -2.780365
v 2.078149 1.446281 -2.732519
v 2.078149 1.516382 -2.731062
v -3.232347 1.428153 -3.080816
v -3.232347 1.464088 -3.080069
v -0.099984 0.953526 -1.371737
v 0.236019 0.984791 -1.933272
v 0.221869 1.008212 -1.975763
v 0.221977 1.007319 -1.932804
v 0.188543 0.991789 -1.997700
v 0.203319 0.968110 -1.998192
v 0.155110 0.974369 -1.976466
v 0.155211 0.973476 -1.933507
v 0.170828 0.948430 -1.933920
v 0.188543 0.989899 -1.911570
v 0.203426 0.966112 -1.912064
v -0.203528 0.966112 -1.912064
v -0.188644 0.989899 -1.911570
v -0.221977 1.007319 -1.932804
v -0.170828 0.948432 -1.934028
v -0.155211 0.973476 -1.933507
v -0.155211 0.974369 -1.976466
v -0.203319 0.968110 -1.998192
v -0.188543 0.991789 -1.997700
v -0.221977 1.008212 -1.975763
v -0.236019 0.984791 -1.933272
v 1.921888 1.492087 -3.332853
v 2.010232 1.489787 -3.332901
v 3.232347 1.449127 -3.333638
v 1.362025 1.301388 -2.675883
v -1.921888 1.492087 -3.332853
v -2.010232 1.489787 -3.332901
v -3.232347 1.449129 -3.333745
v 0.000000 3.836882 -7.572985
v 0.000000 4.076225 -7.614556
v 0.440906 1.702242 -6.540567
v 0.452963 1.685318 -6.240693
v 0.445831 1.717596 -6.240129
v -0.452855 1.685318 -6.240693
v -0.440805 1.702242 -6.540567
v -0.445730 1.717596 -6.240129
v 0.000000 0.895538 -1.577879
v -0.090443 0.977099 -2.647820
v -0.090443 0.938999 -2.307300
v 0.090342 0.977099 -2.647820
v 0.286321 1.051831 -2.369738
v 2.071232 0.972767 -0.360499
v 1.949132 0.956113 -0.361269
v 2.071232 0.956113 -0.361269
v 1.949132 0.972767 -0.360499
v 1.949239 1.057972 -2.185952
v 2.071232 1.041318 -2.186722
v 1.949239 1.041318 -2.186722
v 2.071232 1.057972 -2.185952
v -1.949239 1.041318 -2.186716
v -2.071232 1.057972 -2.185952
v -1.949239 1.057972 -2.185952
v -2.071232 1.041318 -2.186716
v -1.949239 0.972767 -0.360499
v -2.071232 0.956113 -0.361269
v -1.949239 0.956113 -0.361269
v -2.071232 0.972767 -0.360499
v -0.047160 0.477004 3.601896
v 0.023583 0.479724 3.642628
v -0.023583 0.479724 3.642628
v 0.047160 0.477004 3.601896
v -0.023583 0.474283 3.561171
v 0.023583 0.474283 3.561171
v 0.028609 0.640040 3.640824
v -0.057434 0.636662 3.591276
v -0.028717 0.640040 3.640824
v 0.057326 0.636662 3.591276
v 0.028609 0.633399 3.541623
v 0.057326 0.510609 3.659414
v -0.057434 0.506711 3.599895
v 0.057326 0.506711 3.599895
v -0.057434 0.510609 3.659414
v -0.057434 0.506711 3.599895
v 0.028609 0.509979 3.649543
v -0.028717 0.509979 3.649543
v 0.057326 0.506711 3.599895
v -0.028717 0.503339 3.550347
v 0.028609 0.503339 3.550347
v -0.028717 0.633399 3.541623
v -0.042867 2.953460 -6.157841
v -0.039617 2.417233 -5.757229
v -0.044435 2.468141 -5.714971
v -0.034793 2.874864 -6.239565
v 0.042968 2.953460 -6.157841
v 0.039617 2.417233 -5.757229
v 0.034793 2.874864 -6.239565
v 0.044435 2.468141 -5.714971
v 0.000000 3.833501 -7.571589
v 0.020643 3.853416 -7.349466
v 0.000000 2.395957 -6.403293
v -0.020542 3.853416 -7.349466
v 0.000000 2.395957 -6.403293
v -0.033433 2.878897 -6.267155
v 0.042759 2.984495 -6.188436
v 0.036051 3.847082 -7.039735
v 0.022116 3.846460 -7.009766
v -0.046742 2.503976 -5.714227
v -0.026099 2.967934 -6.142868
v 0.033433 2.878897 -6.267155
v -0.042759 2.984495 -6.188436
v -0.035950 3.847082 -7.039735
v -0.025992 2.998967 -6.173356
v -0.022009 3.846460 -7.009766
v -0.033535 2.386589 -5.816045
v 0.028192 2.533104 -5.713622
v 0.046742 2.503976 -5.714227
v 0.026200 2.967934 -6.142868
v 0.034584 2.906524 -6.270141
v -0.034483 2.906524 -6.270141
v 0.033535 2.386589 -5.816045
v 0.000000 3.833501 -7.571589
v 0.025992 2.998967 -6.173356
v -0.028192 2.533104 -5.713622
v 0.960312 1.233214 -1.039500
v 0.808243 1.233444 -1.045364
v 0.884334 1.201851 -1.043611
v 0.991754 1.309231 -1.035404
v 0.776593 1.309398 -1.043470
v 0.808142 1.385522 -1.039371
v 0.960211 1.385301 -1.033615
v 0.884119 1.416887 -1.035368
v -0.808351 1.233444 -1.045364
v -0.960312 1.233214 -1.039500
v -0.884334 1.201851 -1.043611
v -0.991754 1.309231 -1.035404
v -0.776700 1.309398 -1.043470
v -0.808142 1.385522 -1.039371
v -0.960211 1.385301 -1.033615
v -0.884227 1.416887 -1.035368
v -0.860435 1.312478 -1.121082
v -0.914202 1.312434 -1.118990
v -0.887369 1.339382 -1.119056
v -0.887369 1.285539 -1.121117
v 0.860435 1.312478 -1.121082
v 0.914202 1.312434 -1.118990
v 0.887369 1.285539 -1.121117
v 0.887268 1.339382 -1.119056
v 0.808243 1.233444 -1.045364
v 0.884334 1.201851 -1.043611
v 0.776593 1.309398 -1.043470
v 0.808142 1.385522 -1.039371
v 0.884119 1.416887 -1.035368
v 0.960211 1.385301 -1.033615
v 0.991754 1.309231 -1.035404
v 0.960312 1.233214 -1.039500
v -0.960211 1.385301 -1.033615
v -0.884227 1.416887 -1.035368
v -0.808142 1.385522 -1.039371
v -0.776700 1.309398 -1.043470
v -0.808351 1.233444 -1.045364
v -0.884334 1.201851 -1.043611
v -0.960312 1.233214 -1.039500
v -0.991754 1.309231 -1.035404
v -0.387146 1.049550 1.851983
v -0.387146 1.046916 1.978765
v -0.417747 1.075953 1.852531
v -2.574813 1.251298 -2.469893
v -2.653205 1.201606 -1.405265
v -2.653205 1.251298 -2.469893
v -2.574813 1.201606 -1.405265
v -2.574813 1.427978 -1.589247
v -2.574813 1.251298 -2.469893
v -2.574813 1.418757 -2.462120
v -2.574813 1.201606 -1.405265
v 2.653205 1.251298 -2.469893
v 2.574813 1.251298 -2.469893
v 2.614006 1.255123 -2.552940
v 2.653205 1.201606 -1.405265
v 2.574813 1.201606 -1.405265
v 2.614006 1.187061 -1.093605
v -0.326045 1.033382 -0.119502
v -0.295545 1.022431 -0.934648
v -0.295545 1.005822 -0.120074
v -0.326146 1.050092 -0.934073
v -0.339354 2.069979 -5.350066
v -0.362621 2.110280 -5.352479
v 0.227736 0.847921 4.008360
v 0.227736 0.872864 4.008879
v 0.215268 0.860392 4.008620
v 0.240103 0.860392 4.008620
v 0.215268 0.860392 4.008620
v 0.227736 0.849906 3.912804
v 0.227736 0.847921 4.008360
v 0.215268 0.862378 3.913063
v 0.227736 0.874742 3.913320
v 0.227736 0.872864 4.008879
v -0.352770 1.143613 -3.235262
v -0.357171 1.088066 -3.281284
v -0.326671 1.118451 -3.280653
v -0.369645 1.126843 -3.235611
v -0.426029 1.121822 -3.200599
v -0.407264 1.094508 -3.500658
v -0.413555 1.082214 -3.201422
v -0.419738 1.134224 -3.499833
v -0.590465 1.639961 -5.409636
v -0.560174 1.747705 -5.449116
v -0.546972 1.645859 -5.451232
v -0.610899 1.746206 -5.407429
v 0.326045 1.033382 -0.119502
v 0.295438 1.022431 -0.934648
v 0.326045 1.050092 -0.934073
v 0.295438 1.005822 -0.120074
v 0.433679 1.155644 -1.559264
v 0.464071 1.153189 -1.435937
v 0.464071 1.155644 -1.559264
v 0.433679 1.153189 -1.435937
v -0.464173 1.153191 -1.436044
v -0.433679 1.153191 -1.436044
v -0.650832 1.559547 -2.629325
v 0.548015 1.362329 4.895289
v 0.601156 1.377008 5.036168
v 0.598216 1.353254 5.034416
v 0.550848 1.385980 4.897147
v -0.511863 1.259203 -0.988540
v 0.594024 1.383240 5.140079
v 0.588157 1.337659 5.139132
v -0.067392 2.513317 2.897427
v 0.000000 2.539123 2.719756
v -0.067392 2.529431 2.737274
v 0.000000 2.514259 2.947974
v 0.067284 2.513317 2.897427
v -0.353813 1.019086 1.930594
v -0.295438 0.968789 1.929549
v -0.363563 1.026587 1.978343
v -0.044542 2.527678 2.791534
v -0.044542 2.545908 2.791913
v -0.031758 2.533092 2.747936
v -0.044542 2.608336 2.865018
v -0.031650 2.516722 2.900014
v 0.000000 2.509619 2.989596
v 2.653205 1.418757 -2.462120
v 2.653205 1.201606 -1.405265
v 2.653205 1.251298 -2.469893
v 2.653205 1.427978 -1.589247
v 2.574813 1.427978 -1.589247
v 2.574813 1.251298 -2.469893
v 2.574813 1.201606 -1.405265
v 2.574813 1.418757 -2.462120
v 2.614006 1.422683 -2.545165
v 2.614006 1.255123 -2.552940
v -0.232561 1.853995 5.610040
v -0.219144 1.904310 5.640334
v -0.268403 1.938453 5.611693
v -0.202794 1.865960 5.639537
v -0.109834 0.858407 0.557393
v -0.109834 0.850915 0.922870
v -0.109834 0.914046 0.558549
v -0.043075 1.159872 -6.182427
v -0.043075 1.109089 -5.983263
v -0.072108 1.139683 -5.982627
v 0.000000 1.097458 -5.983504
v -2.775717 1.427545 -1.583596
v -2.775717 1.464288 -1.606212
v -2.775717 1.425097 -1.607027
v -2.775717 1.461179 -1.582898
v -0.299004 2.200557 -2.089254
v -0.401188 2.125943 -0.309391
v 0.523705 1.223575 2.360647
v -1.639753 1.405166 -1.354176
v -1.596994 1.407456 -1.403815
v 0.021067 0.843678 5.700899
v 0.021067 0.881976 5.199896
v 0.021067 0.873052 5.639453
v 0.021067 0.867109 5.198955
v 0.557132 1.073590 2.410367
v 0.507665 1.096007 2.865146
v 0.507665 1.107143 2.323953
v 0.557132 1.066172 2.777421
v -0.436923 2.007030 -3.748167
v -0.451281 2.008686 -3.656513
v -0.441121 2.002820 -3.656635
v -0.467947 2.024091 -3.656193
v -0.469730 2.012049 -3.535581
v -0.497397 2.003515 -3.523597
v -0.432630 2.003142 -3.979809
v -0.476963 1.996226 -3.979952
v -0.501905 2.008902 -3.656824
v -0.500331 1.955777 -3.980793
v -0.529573 1.961126 -3.657817
v -0.525697 1.924027 -3.658272
v -0.524963 1.955734 -3.524590
v -0.518255 1.927908 -3.537329
v -1.993465 1.598068 -2.581039
v -1.968422 1.600995 -2.439462
v -1.968422 1.619023 -2.580603
v -1.991265 1.581823 -2.439861
v -0.254670 1.922567 4.802105
v -0.282970 1.989312 4.803492
v -2.653205 1.201606 -1.405265
v -2.653205 1.418757 -2.462120
v -2.653205 1.251298 -2.469893
v -2.653205 1.427978 -1.589247
v -0.460822 1.988109 -3.549074
v -0.503998 1.917321 -3.658411
v -0.451281 2.008686 -3.656513
v -0.492788 1.932577 -3.550228
v -0.352663 2.080634 -5.217031
v -0.330129 2.048609 -5.088551
v -0.348370 2.080412 -5.090406
v -1.323874 1.336257 -2.633857
v -1.362025 1.292831 -2.435697
v -1.362025 1.292566 -2.634765
v -0.223545 2.014568 4.803910
v -0.173028 1.879142 5.610461
v -0.195251 1.948029 4.802634
v -0.208978 1.963700 5.612218
v 0.351828 1.350942 -6.357498
v 0.453797 1.350152 -5.628240
v 0.370587 1.241597 -5.630395
v 0.387354 1.397260 -6.356644
v -0.477064 1.961070 -3.579617
v -0.441121 2.002820 -3.656635
v -0.451281 2.008686 -3.656513
v -0.467530 1.955520 -3.579732
v 0.590673 1.538452 0.666595
v 0.570757 1.388210 -0.053533
v -0.550007 1.311565 -2.419061
v -0.530515 1.382335 -2.419684
v -0.506514 1.322877 -2.418719
v -0.569714 1.360226 -2.419935
v 0.431997 1.505079 -6.354403
v 0.506198 1.476518 -5.625615
v 0.348996 1.114321 -3.924369
v 0.318287 0.990797 -3.594427
v 0.318287 1.004509 -3.926549
v 0.348996 1.101234 -3.592132
v 0.447298 1.620857 -6.351998
v 0.524015 1.612102 -5.622905
v -1.998915 1.530376 -2.440930
v -0.458305 1.127353 2.884984
v -0.507773 1.107143 2.323953
v -0.458305 1.139186 2.305432
v -0.507773 1.096007 2.865146
v -0.464173 1.125157 -1.559898
v -0.464173 1.122696 -1.436570
v 0.431997 1.736644 -6.349693
v 0.506198 1.747690 -5.620088
v 0.433679 1.155644 -1.559264
v 0.433679 1.122696 -1.436570
v 0.433679 1.153189 -1.435937
v 0.433679 1.125157 -1.559898
v 0.464071 1.125157 -1.559898
v 0.464071 1.122696 -1.436570
v -0.018133 2.607835 0.643845
v 0.000000 2.575788 0.687838
v 0.000000 2.587527 0.688082
v -0.018133 2.573781 0.643245
v 0.132469 0.892462 4.781019
v 0.146935 0.898462 4.688897
v 0.132469 0.895884 5.630183
v -0.540997 1.626349 -4.905806
v -0.596016 1.642046 -4.667525
v -0.591299 1.628363 -4.977464
v -0.546447 1.640583 -4.587046
v -0.373837 1.069742 -3.201681
v -0.357171 1.088066 -3.281284
v -0.357171 1.086405 -3.201334
v -0.367546 1.082043 -3.500917
v -0.673258 1.396604 -0.169926
v -0.977395 1.402039 -0.653690
v 0.339354 2.069979 -5.350066
v 0.321012 2.038283 -5.348208
v 0.352663 2.080634 -5.217031
v 0.100610 2.190602 3.783208
v -0.063617 2.092773 3.956031
v 0.063510 2.092773 3.956031
v -0.100717 2.190602 3.783208
v 0.067392 2.016962 4.587601
v -0.000107 1.979673 4.803292
v 0.596016 1.642046 -4.667525
v 0.540997 1.626349 -4.905806
v 0.591299 1.628363 -4.977464
v 0.546548 1.640583 -4.587046
v -0.376562 2.129320 -5.093375
v -0.334321 2.104846 -5.090949
v -0.348370 2.129300 -5.092432
v -0.348370 2.080412 -5.090406
v -0.344279 2.085451 -5.216931
v -0.321012 2.038283 -5.348208
v -0.339354 2.069979 -5.350066
v 1.943372 1.598068 -2.581039
v 1.968422 1.615465 -2.762444
v 1.946198 1.596919 -2.762830
v 1.968422 1.619023 -2.580603
v 0.396054 2.265722 -0.306486
v -0.132576 0.892462 4.781019
v -0.147036 0.898462 4.688897
v -0.132576 0.895884 5.630183
v 0.227736 0.849906 3.912804
v 0.227736 0.874742 3.913320
v 0.240103 0.862378 3.913063
v 0.215268 0.862378 3.913063
v -0.021168 0.881976 5.199896
v -0.021168 0.843678 5.700899
v -0.021168 0.873052 5.639453
v -0.021168 0.867109 5.198955
v -0.525589 1.752236 -4.895329
v -0.610899 1.725191 -4.698505
v -0.536072 1.726547 -4.577191
v -0.610899 1.749588 -5.020231
v -0.409255 1.138586 -3.200250
v -0.409255 1.140139 -3.280202
v 0.000000 0.897187 0.653486
v -0.152910 0.917725 0.653913
v 0.152910 0.917725 0.653913
v 0.255928 0.947512 5.632615
v -2.804123 1.457781 -1.621126
v -2.804123 1.428545 -1.621734
v 0.417747 1.093781 0.979279
v -2.614006 1.255126 -2.553048
v -2.614006 1.422683 -2.545165
v -0.405588 2.010526 3.207221
v -0.415439 1.920408 3.952449
v 1.991164 1.581823 -2.439861
v 1.998915 1.530376 -2.440930
v 1.993465 1.598068 -2.581039
v 0.044542 2.545908 2.791913
v 0.044542 2.527678 2.791534
v 0.031650 2.533092 2.747936
v 0.044542 2.608336 2.865018
v 0.031543 2.516722 2.900014
v 0.348471 2.080412 -5.090406
v 0.344279 2.085451 -5.216931
v 0.330129 2.048609 -5.088551
v -0.041400 0.813708 1.008576
v 0.052085 0.822990 0.556657
v 0.041292 0.813708 1.008576
v -0.052192 0.822990 0.556657
v 0.109727 0.858407 0.557393
v 0.109727 0.850915 0.922870
v 0.109727 0.914046 0.558549
v 0.373521 2.151520 -0.970310
v -0.478221 1.156421 1.854203
v 0.334321 2.104846 -5.090949
v 0.348363 2.129300 -5.092432
v 0.109727 0.914046 0.558549
v -0.109834 0.858407 0.557393
v -0.109834 0.914046 0.558549
v 0.109727 0.858407 0.557393
v 0.052085 0.822990 0.556657
v -0.348370 2.080412 -5.090406
v -0.330129 2.048609 -5.088551
v 0.110252 2.030793 4.587888
v 0.154168 1.999369 4.803701
v 0.063510 2.045573 4.467017
v 0.109202 0.756313 1.122067
v 0.062567 0.851837 0.974359
v 0.132159 0.779259 1.122543
v 0.039617 0.828999 0.973885
v 0.054917 0.824009 2.142381
v -0.054917 0.824009 2.142381
v -0.132260 0.779259 1.122543
v -0.062675 0.846019 1.259571
v -0.062675 0.851837 0.974359
v -0.132260 0.776440 1.258233
v -0.000107 1.979673 4.803292
v -0.067493 2.016962 4.587601
v 0.146935 0.899478 3.615809
v 0.579881 1.418238 2.542272
v -2.729606 1.482826 -2.997912
v -2.725940 1.488758 -2.890138
v -2.701307 1.483934 -2.990970
v -2.754233 1.487650 -2.897079
v -0.557240 1.073590 2.410367
v -0.507773 1.096007 2.865146
v -0.507773 1.107143 2.323953
v -0.557240 1.066172 2.777421
v 0.109727 0.886498 0.653264
v 0.210027 0.946644 0.654514
v 0.109727 0.882017 0.974879
v 0.152910 0.921993 0.443297
v -0.110359 2.030793 4.587888
v -0.063617 2.045573 4.467017
v -0.154269 1.999367 4.803808
v 0.068017 0.994250 -5.107732
v 0.005659 1.044752 -5.106790
v 0.005867 0.994252 -5.107839
v 0.068017 1.044752 -5.106790
v -2.953259 1.599250 -2.703659
v -2.952001 1.569524 -1.954140
v -2.953784 1.592434 -2.022221
v -2.951792 1.583742 -2.754402
v -2.948017 1.523211 -1.904682
v -2.948017 1.541622 -2.805697
v -2.942042 1.454525 -1.883255
v -2.942042 1.474234 -2.846722
v 0.460822 1.988109 -3.549074
v 0.518255 1.927908 -3.537329
v 0.469730 2.012049 -3.535581
v 0.492788 1.932577 -3.550228
v -2.951792 1.583742 -2.754402
v -2.953784 1.592434 -2.022221
v -2.952001 1.569524 -1.954140
v -2.953259 1.599250 -2.703659
v -0.503998 1.917321 -3.658411
v -0.493939 1.907068 -3.750244
v -0.493831 1.911556 -3.658531
v -0.487022 1.915651 -3.981627
v -0.471722 1.935531 -4.111194
v -0.454322 1.961141 -4.168317
v -0.440596 1.985405 -4.110158
v 0.467530 1.955520 -3.579732
v 0.503998 1.917321 -3.658411
v 0.477064 1.961070 -3.579617
v 0.493831 1.911556 -3.658531
v 1.921888 1.508296 -2.937527
v 2.010232 1.514782 -2.780365
v 2.010232 1.489787 -3.332901
v -0.060367 3.978686 -7.480936
v -0.043809 3.988743 -7.389740
v -0.070325 3.990576 -7.477963
v -0.042234 3.977427 -7.420373
v 1.400067 1.336257 -2.633857
v 1.408874 1.462840 -2.631334
v -0.492788 1.932577 -3.550228
v 0.060367 3.954798 -7.481432
v 0.060367 3.931012 -7.481926
v 1.323874 1.336257 -2.633857
v 1.362025 1.292831 -2.435697
v 1.362025 1.292566 -2.634765
v 0.328138 2.159768 -2.931125
v 0.388714 2.048097 -4.639908
v 2.729606 1.482824 -2.997811
v 2.725940 1.488758 -2.890138
v 2.754233 1.487647 -2.896971
v 2.701307 1.483932 -2.990869
v 0.511547 1.192988 2.390101
v 0.510814 1.189925 2.537529
v 1.990639 1.596919 -2.762830
v 1.968422 1.619023 -2.580603
v 1.968422 1.615465 -2.762444
v 1.639652 1.405166 -1.354176
v 2.010232 1.403522 -1.592797
v 1.596994 1.407456 -1.403815
v 0.013208 3.871615 -7.443434
v 0.000000 3.890668 -7.633924
v 0.000000 3.884712 -7.443162
v 0.015199 3.875472 -7.634246
v -0.083425 2.262352 -6.743505
v -0.016976 2.299707 -6.997668
v -0.016976 2.280011 -6.998077
v -0.083425 2.316524 -6.742379
v -0.100085 2.251871 -6.496232
v -0.051566 2.218451 -6.744417
v -0.061834 2.199165 -6.497326
v -0.083425 2.262352 -6.743505
v -0.147036 0.899478 3.615809
v 0.580089 1.421303 2.394737
v 0.088768 2.206839 -4.636610
v 0.100193 2.275799 -5.256478
v -0.219144 2.001848 -6.414840
v -0.113400 2.045542 -6.414033
v 0.650832 1.559547 -2.629325
v -0.113400 1.199009 -6.431312
v -0.262011 1.158398 -5.632123
v -0.219144 1.242808 -6.430401
v -0.135618 1.106009 -5.633212
v 0.051560 2.218451 -6.744417
v 0.100193 2.251871 -6.496232
v 0.061942 2.199165 -6.497326
v 0.083425 2.262352 -6.743505
v 0.100193 2.316940 -6.494880
v 0.100193 2.291513 -5.256152
v 0.083002 2.334579 -5.255257
v 0.023159 3.998769 -7.766382
v 0.000000 3.970815 -7.863927
v 0.000000 3.983811 -7.863657
v 0.023159 3.957484 -7.767133
v 0.061942 2.369541 -6.493887
v 0.000000 2.377194 -6.741118
v 0.051560 2.360431 -6.741467
v -0.370479 1.241599 -5.630496
v 0.083425 2.262352 -6.743505
v 0.083425 2.316524 -6.742379
v 0.044333 2.997575 -6.172127
v 0.034584 2.877079 -6.240253
v 0.044542 2.969535 -6.144410
v -0.524015 1.612102 -5.622905
v -0.431997 1.736644 -6.349693
v -0.447197 1.620857 -6.351998
v -0.506097 1.747690 -5.620088
v 0.000000 3.970815 -7.863927
v -0.023058 3.998769 -7.766382
v 0.000000 3.983811 -7.863657
v -0.023058 3.957484 -7.767133
v 0.511863 1.259203 -0.988540
v -0.040451 2.091669 -6.177321
v -0.040451 2.188493 -6.175416
v -0.022641 2.081416 -6.470633
v 0.590673 1.572183 -0.982139
v 0.564998 1.612286 -2.942393
v -0.100085 2.316940 -6.494880
v -0.035317 3.937408 -7.628450
v -0.046850 3.925689 -7.351740
v -0.035317 4.015474 -7.626828
v 1.362025 1.292566 -2.634765
v 1.362025 1.292831 -2.435697
v -0.531039 1.764345 -4.645696
v -0.564998 1.612286 -2.942393
v 0.043910 3.941067 -7.390628
v 0.070325 3.942795 -7.478956
v 0.042234 3.929753 -7.421364
v 0.000000 4.076225 -7.614556
v -0.017709 4.052794 -7.455289
v 0.000000 4.068299 -7.454967
v -0.017709 4.060719 -7.614878
v 0.017709 4.060719 -7.614878
v 0.017709 4.030998 -7.455742
v 0.017709 4.025094 -7.615618
v 0.017709 4.052794 -7.455289
v 1.968422 1.600995 -2.439462
v 2.002582 1.515709 -2.764416
v 0.485657 1.161227 4.786496
v 0.443321 1.136753 5.641473
v -0.051566 2.360431 -6.741467
v -0.061834 2.369541 -6.493887
v -0.083425 2.316524 -6.742379
v -0.373622 2.151520 -0.970310
v 0.083425 2.316524 -6.742379
v -0.259494 2.016765 4.804062
v -0.244927 1.965799 5.612262
v -0.518255 1.927908 -3.537329
v -0.497397 2.003515 -3.523597
v -0.524963 1.955734 -3.524590
v -0.469730 2.012049 -3.535581
v -1.400067 1.336257 -2.633857
v -1.408874 1.462840 -2.631334
v -1.362025 1.292566 -2.634765
v -1.362025 1.292831 -2.435697
v -0.546340 1.831411 1.994857
v 0.127127 2.083867 3.955846
v 0.415338 1.920408 3.952449
v 0.332753 2.055599 3.474942
v -0.093902 2.534523 2.315660
v -0.093168 2.535668 2.245350
v -0.179844 2.499416 2.244597
v 0.000000 2.546995 2.315920
v 0.499806 1.185952 1.825360
v 0.499914 1.194681 1.400369
v -0.503998 1.917321 -3.658411
v -0.467530 1.955520 -3.579732
v -0.477064 1.961070 -3.579617
v -0.493831 1.911556 -3.658531
v 0.416280 1.135436 -1.156734
v 0.433989 1.098361 -0.991882
v 0.375512 1.095846 -0.991934
v 0.460088 1.194588 -1.223644
v 0.491321 1.155365 -0.990698
v 0.509347 1.262170 -1.222342
v 0.521714 1.233842 -0.989067
v 0.533872 1.322573 -1.152846
v 0.552839 1.361993 -0.986506
v 0.503998 1.917321 -3.658411
v 0.460822 1.988109 -3.549074
v 0.451281 2.008686 -3.656513
v 0.492788 1.932577 -3.550228
v -0.531457 1.201696 -0.057307
v -0.553364 1.341241 0.047590
v -0.557866 1.355725 -0.054207
v -0.529781 1.206702 0.044795
v -0.541623 1.309964 0.140344
v -0.511756 1.234426 0.218860
v -0.499490 1.130317 0.043208
v -0.500015 1.122587 -0.058950
v -0.469939 1.178753 0.209318
v -0.418164 1.111188 0.136315
v -0.443738 1.091758 0.042407
v -0.444263 1.084028 -0.059751
v -0.392596 1.090081 0.042479
v -0.381171 1.082037 -0.059793
v -1.990639 1.596919 -2.762830
v -1.968422 1.615465 -2.762444
v 0.441121 2.002820 -3.656635
v 0.477064 1.961070 -3.579617
v 0.451281 2.008686 -3.656513
v 0.467530 1.955520 -3.579732
v -0.523806 1.223575 2.360647
v -0.202794 1.865960 5.639537
v -0.219144 1.904310 5.640334
v 0.387354 1.844463 -6.347453
v 0.453797 1.874056 -5.617463
v -0.044542 2.545908 2.791913
v 0.000000 2.536968 2.748017
v -0.031758 2.533092 2.747936
v 0.044542 2.545908 2.791913
v 0.031650 2.533092 2.747936
v 0.560490 1.402399 5.337756
v 0.508297 1.347834 5.602990
v 0.549798 1.318789 5.336019
v 0.511338 1.371513 5.603481
v 0.348996 1.101234 -3.592132
v 0.310011 1.126787 -3.924110
v 0.310011 1.113699 -3.591880
v 0.348996 1.114321 -3.924369
v 0.093067 2.535668 2.245350
v 0.093801 2.534523 2.315660
v 0.179736 2.499416 2.244597
v -0.417854 1.093781 0.979279
v 0.018025 2.607835 0.643845
v 0.000000 2.575788 0.687838
v 0.018025 2.573781 0.643245
v 0.000000 2.587527 0.688082
v 0.610899 1.725191 -4.698505
v 0.525589 1.752236 -4.895329
v 0.536072 1.726547 -4.577191
v 0.610899 1.749588 -5.020231
v 0.083634 2.528912 -2.923556
v 0.153536 2.527792 -2.082562
v 0.080909 2.469898 -4.603990
v -0.434937 1.116626 0.979753
v 0.240103 0.860392 4.008620
v 0.240103 0.862378 3.913063
v 0.103752 2.567281 -0.300328
v -0.252053 0.949046 1.976732
v -0.332854 2.055599 3.474942
v 0.000000 2.548140 2.245610
v 0.390813 2.104888 -5.092940
v 0.376663 2.080434 -5.091455
v 0.226586 2.474878 -2.083662
v -0.000107 0.855487 5.198296
v -0.000107 0.832054 5.700347
v -2.002582 1.515712 -2.764517
v 0.497397 2.003515 -3.523597
v 0.524957 1.955734 -3.524590
v -0.062675 0.851837 0.974359
v -0.109310 0.756313 1.122067
v -0.132260 0.779259 1.122543
v -0.039718 0.828999 0.973885
v 0.507665 1.107143 2.323953
v 0.458305 1.127353 2.884984
v 0.507665 1.096007 2.865146
v 0.458305 1.139186 2.305432
v 0.405487 2.010526 3.207221
v -0.576523 1.391856 2.364144
v -1.946198 1.596919 -2.762830
v -1.934255 1.516761 -2.764495
v -1.943473 1.598068 -2.581039
v 0.353712 1.019086 1.930594
v 0.363563 1.026587 1.978343
v 0.295337 0.968789 1.929549
v 0.451281 2.008686 -3.656513
v 0.436923 2.007030 -3.748167
v 0.441121 2.002820 -3.656635
v 0.467947 2.024091 -3.656193
v 0.432630 2.003142 -3.979809
v 0.476963 1.996226 -3.979952
v 0.440596 1.985405 -4.110158
v 0.454322 1.961141 -4.168317
v 0.501905 2.008902 -3.656824
v 0.500331 1.955777 -3.980793
v 0.471722 1.935531 -4.111194
v 0.497397 2.003515 -3.523597
v 0.529573 1.961126 -3.657817
v 0.525697 1.924027 -3.658272
v 0.487123 1.915651 -3.981627
v 0.493939 1.907169 -3.750242
v 0.524957 1.955734 -3.524590
v 0.518255 1.927908 -3.537329
v 0.503998 1.917321 -3.658411
v 0.493831 1.911556 -3.658531
v -0.210128 0.946644 0.654514
v -0.109834 0.886498 0.653264
v -0.109834 0.882017 0.974879
v -0.152910 0.921993 0.443297
v 0.334321 2.104846 -5.090949
v 0.376663 2.129320 -5.093375
v 0.348363 2.129300 -5.092432
v 0.348471 2.080412 -5.090406
v 0.376663 2.080434 -5.091455
v -0.109310 0.753602 1.257758
v -0.039718 0.828999 0.973885
v -0.039718 0.823172 1.259204
v -0.109310 0.756313 1.122067
v -0.109310 0.753602 1.257758
v -0.132260 0.776440 1.258233
v 0.109209 0.753602 1.257758
v 0.039617 0.828999 0.973885
v 0.109202 0.756313 1.122067
v 0.039617 0.823172 1.259204
v 0.387146 1.049550 1.851983
v 0.387038 1.046916 1.978765
v 0.417639 1.075953 1.852531
v 0.251945 0.949046 1.976732
v -0.075042 0.899369 1.936075
v 0.000000 0.866665 2.132573
v 0.000000 0.885944 2.132974
v -0.075042 0.870760 1.935480
v 0.039617 0.823172 1.259204
v 0.132159 0.776440 1.258233
v 0.062567 0.846019 1.259571
v 0.109209 0.753602 1.257758
v 0.330129 2.048609 -5.088551
v 0.348471 2.080412 -5.090406
v 0.339354 2.069979 -5.350066
v 0.362621 2.110280 -5.352479
v 0.560281 1.747705 -5.449116
v 0.590465 1.639961 -5.409636
v 0.546972 1.645859 -5.451232
v 0.610899 1.746206 -5.407429
v 0.000000 0.885944 2.132974
v 0.074934 0.870760 1.935480
v 0.074934 0.899369 1.936075
v 0.000000 0.866665 2.132573
v -0.328138 2.159768 -2.931125
v -0.388714 2.048097 -4.639908
v 0.361887 1.761015 5.670588
v -0.264628 0.955483 1.929273
v -0.413555 1.082214 -3.201422
v -0.357171 1.086405 -3.201334
v -0.369645 1.126114 -3.200510
v -0.373837 1.069742 -3.201681
v -0.378863 1.170632 -3.279569
v -0.369645 1.126843 -3.235611
v -0.352770 1.143613 -3.235262
v -0.409255 1.140139 -3.280202
v -0.381380 1.112540 -3.667272
v -0.358429 1.159251 -3.725524
v -0.347112 1.148037 -3.725757
v -0.392697 1.123863 -3.667137
v -1.968422 1.619023 -2.580603
v -1.945673 1.581823 -2.439861
v -1.968422 1.600995 -2.439462
v -0.390705 2.104888 -5.092940
v -0.376663 2.080434 -5.091455
v 0.530515 1.382335 -2.419684
v 0.550007 1.311565 -2.419061
v 0.506514 1.322875 -2.418611
v 0.569714 1.360226 -2.419935
v 0.570131 1.405369 5.189909
v 0.559440 1.321861 5.188173
v 0.000000 2.189290 -6.672797
v 0.022742 2.081416 -6.470633
v 0.000000 2.167912 -6.673242
v -0.334321 2.104846 -5.090949
v -0.348370 2.129300 -5.092432
v 0.321012 2.038283 -5.348208
v 0.339354 2.069979 -5.350066
v 0.478114 1.156421 1.854203
v -0.054917 0.868126 2.143190
v 0.074934 0.870760 1.935480
v -0.075042 0.870760 1.935480
v 0.054917 0.868126 2.143190
v -0.614250 1.413189 1.095147
v -0.614250 1.579270 1.098598
v -0.584174 1.465948 2.460870
v 0.401080 2.125943 -0.309391
v -0.580191 1.421303 2.394737
v -0.590774 1.538452 0.666595
v -0.460822 1.988109 -3.549074
v -0.492788 1.932577 -3.550228
v -0.590774 1.572183 -0.982139
v 0.434830 1.116626 0.979753
v 0.469730 2.012049 -3.535581
v 0.460822 1.988109 -3.549074
v 0.000000 0.888083 1.848628
v -1.968422 1.615465 -2.762444
v 0.224069 0.939524 1.849697
v 0.152910 0.908721 1.849057
v 0.224069 0.936890 1.976480
v -0.339354 2.069979 -5.350066
v -0.321012 2.038283 -5.348208
v -0.579982 1.418238 2.542272
v -0.044542 2.608336 2.865018
v 0.044542 2.608336 2.865018
v -0.313994 0.979098 -3.384705
v -0.313994 1.118391 -3.726689
v -0.313994 0.993808 -3.729278
v -0.313994 1.111330 -3.381958
v -0.376663 2.080434 -5.091455
v -0.390705 2.104888 -5.092940
v -0.485764 1.161227 4.786496
v -0.443422 1.136753 5.641473
v -1.938023 1.531735 -2.440902
v 0.309904 1.932163 -6.416287
v 0.219144 2.001848 -6.414840
v -0.426029 1.121822 -3.200599
v -0.409255 1.138586 -3.200250
v 1.934255 1.516759 -2.764394
v -0.596016 1.642046 -4.667525
v -0.610899 1.725191 -4.698505
v -0.433679 1.155644 -1.559264
v -0.433679 1.122696 -1.436570
v -0.433679 1.125157 -1.559898
v -0.433679 1.153191 -1.436044
v 1.323874 1.355049 -2.196032
v 1.318115 1.444948 -2.194164
v -0.154269 1.999369 4.803701
v 0.154168 1.999369 4.803701
v -0.000107 1.974013 4.803282
v -0.137502 2.034340 4.800653
v 0.137401 2.034340 4.800653
v 0.113502 2.045542 -6.414033
v 0.344804 1.886797 -6.417230
v 0.000000 1.184129 -6.431621
v 0.000000 1.088196 -5.633582
v 0.507147 1.434979 -5.417563
v 0.497714 1.409924 -5.417559
v 0.487231 1.427686 -5.581243
v 0.532089 1.400633 -3.502158
v 0.541623 1.425691 -3.502270
v 0.527581 1.416701 -3.362408
v 0.298903 2.200557 -2.089254
v -0.434097 1.098361 -0.991882
v -0.416280 1.135436 -1.156734
v -0.375512 1.095846 -0.991934
v -0.460088 1.194588 -1.223644
v -0.491423 1.155365 -0.990698
v -0.509347 1.262170 -1.222342
v -0.521815 1.233842 -0.989067
v -0.533872 1.322575 -1.152953
v -0.127234 2.083867 3.955846
v 1.945673 1.581823 -2.439861
v 1.938023 1.531735 -2.440902
v 1.968422 1.600995 -2.439462
v -0.038675 3.978806 -7.486701
v -0.060367 4.002472 -7.480442
v 1.315074 1.465875 -2.631271
v 2.804016 1.457779 -1.621019
v 2.804016 1.428543 -1.621626
v 2.811141 1.443614 -1.625297
v 2.775717 1.425097 -1.607027
v -0.088768 2.206839 -4.636610
v -0.036051 3.901794 -7.064596
v -0.028300 4.001152 -6.175704
v 0.040451 2.188493 -6.175416
v 0.040451 2.091669 -6.177321
v 0.100193 2.291513 -5.256152
v 0.088768 2.289092 -4.635002
v -0.506097 1.476518 -5.625615
v -0.431997 1.505079 -6.354403
v 0.057535 2.219803 -5.795613
v 0.075876 2.246718 -5.567369
v -0.153536 2.527792 -2.082562
v -0.226687 2.474878 -2.083662
v -0.351828 1.350945 -6.357606
v -0.453797 1.350152 -5.628240
v -0.387354 1.397260 -6.356644
v 0.000000 2.189290 -6.672797
v 0.000000 2.167912 -6.673242
v 0.035425 3.937408 -7.628450
v 0.046850 3.925689 -7.351740
v 0.035425 4.015474 -7.626828
v 0.040451 2.077004 -6.177626
v -0.040451 2.091669 -6.177321
v 0.040451 2.091669 -6.177321
v -0.040451 2.077004 -6.177626
v 0.135618 1.106009 -5.633212
v -0.034375 2.905748 -6.268064
v -0.044542 2.969535 -6.144410
v -0.044333 2.997575 -6.172127
v -0.034483 2.877079 -6.240253
v 1.400067 1.355049 -2.196032
v 1.405833 1.441699 -2.194232
v -0.309904 1.932163 -6.416287
v -0.453797 1.874056 -5.617463
v -0.344696 1.886797 -6.417230
v -0.396054 2.265722 -0.306486
v 0.000000 4.076225 -7.614556
v 0.000000 4.068299 -7.454967
v -0.510915 1.189925 2.537529
v 0.650832 1.487255 -2.630928
v 0.552631 1.507325 -2.981473
v -0.358954 2.381715 -0.304076
v 0.000000 2.136013 -5.612121
v 0.000000 2.060523 -6.413722
v 0.584073 1.465948 2.460870
v 0.614149 1.579270 1.098598
v -0.511547 1.192988 2.390101
v 0.113502 1.199009 -6.431312
v 0.262011 1.158398 -5.632123
v 0.219144 1.242808 -6.430401
v 0.000000 3.860280 -7.634455
v 0.000000 3.858410 -7.443709
v -0.005557 1.044752 -5.106790
v -0.068017 0.994250 -5.107732
v -0.005766 0.994252 -5.107839
v -0.068017 1.044752 -5.106790
v -0.089710 1.019505 -5.107315
v -0.069800 0.837732 2.142666
v -0.054917 0.868126 2.143190
v -0.069800 0.857013 2.142959
v -0.054917 0.824009 2.142381
v 0.054917 0.824009 2.142381
v 0.054917 0.868126 2.143190
v 0.069693 0.837732 2.142666
v 0.069693 0.857013 2.142959
v 0.042234 3.953540 -7.420870
v -0.044542 4.019361 -7.062153
v 0.000000 4.025149 -6.175307
v -0.100193 2.291513 -5.256152
v -0.083002 2.334579 -5.255257
v 0.673258 1.396604 -0.169926
v 0.977395 1.402039 -0.653690
v 0.017083 2.299707 -6.997668
v 0.017083 2.280011 -6.998077
v 2.951893 1.569524 -1.954140
v 2.953151 1.599250 -2.703659
v 2.953784 1.592432 -2.022120
v 2.951792 1.583742 -2.754402
v 2.947910 1.523211 -1.904682
v 2.948017 1.541622 -2.805697
v 2.942042 1.454525 -1.883255
v 2.942042 1.474234 -2.846722
v -1.400067 1.355049 -2.196032
v -1.405833 1.441699 -2.194226
v -0.022641 2.081416 -6.470633
v 0.040451 2.091669 -6.177321
v -0.040451 2.091669 -6.177321
v 0.022742 2.081416 -6.470633
v -0.362621 2.110280 -5.352479
v -0.339354 2.069979 -5.350066
v 2.951792 1.583742 -2.754402
v 2.953784 1.592432 -2.022120
v 2.953151 1.599250 -2.703659
v 2.951893 1.569524 -1.954140
v -0.132260 0.776440 1.258233
v -0.039718 0.823172 1.259204
v -0.062675 0.846019 1.259571
v -0.109310 0.753602 1.257758
v -0.155211 1.013573 -3.383989
v -0.313994 0.993808 -3.729278
v -0.155211 1.028277 -3.728561
v -0.313994 0.979098 -3.384705
v 2.775717 1.464288 -1.606212
v 2.775717 1.427545 -1.583596
v 2.775717 1.461179 -1.582898
v 2.775717 1.444062 -1.571409
v -0.017709 4.025094 -7.615618
v -0.017709 4.030998 -7.455742
v -0.100193 2.291513 -5.256152
v -0.088768 2.289092 -4.635002
v 0.531039 1.764345 -4.645696
v -0.042234 4.001214 -7.419879
v -0.132576 1.894850 5.676828
v -0.000107 1.912446 5.677611
v -0.000107 1.976326 5.201455
v 0.264527 0.955483 1.929273
v 0.000000 3.890668 -7.633924
v -0.013100 3.871615 -7.443434
v 0.000000 3.884712 -7.443162
v -0.015092 3.875472 -7.634246
v -0.387354 1.844463 -6.347453
v 0.132159 0.779259 1.122543
v 0.062567 0.846019 1.259571
v 0.132159 0.776440 1.258233
v 0.062567 0.851837 0.974359
v 0.381272 1.082037 -0.059793
v 0.518357 1.398539 -3.502100
v 0.483665 1.407937 -5.417493
v 0.000000 2.136013 -5.612121
v 0.000000 2.060523 -6.413722
v 0.362621 2.110280 -5.352479
v 0.339354 2.069979 -5.350066
v 0.109209 0.753602 1.257758
v 0.132159 0.776440 1.258233
v 0.088768 2.356987 -4.633592
v 0.037625 3.849669 -7.012950
v -0.011633 0.976892 -2.990919
v 0.000000 0.803696 -3.065592
v 0.000525 0.980125 -2.954794
v -0.009433 0.818510 -3.092224
v 0.000000 0.693558 -3.233502
v -0.007442 0.714612 -3.253086
v 0.000000 0.628533 -3.469247
v -0.006601 0.651677 -3.473168
v 0.000000 0.621323 -3.813434
v -0.002934 1.118006 -6.024068
v -0.570865 1.388210 -0.053533
v -0.119577 2.008928 5.060099
v -0.137818 1.970053 5.059291
v -0.083217 1.964203 5.184432
v -0.154269 1.999369 4.803701
v 0.532924 1.436274 -3.502151
v 0.499073 1.445356 -5.417556
v 0.000000 3.860280 -7.634455
v 0.000000 3.858410 -7.443709
v 0.546239 1.831411 1.994857
v -0.650832 1.487255 -2.630928
v -0.552631 1.507325 -2.981473
v 0.132469 1.894850 5.676828
v -0.000107 1.912446 5.677611
v -0.000107 1.976326 5.201455
v 0.295545 1.023652 -0.993434
v -0.136661 2.188718 3.783169
v -0.063617 2.092773 3.956031
v -0.166952 2.277637 3.610377
v -0.083634 2.528912 -2.923556
v -0.080909 2.469898 -4.603990
v 0.309904 1.312486 -6.428954
v -0.499914 1.185952 1.825360
v -0.499914 1.194681 1.400369
v -0.103860 2.567281 -0.300328
v 0.614149 1.413189 1.095147
v 0.574216 1.393283 1.094734
v 0.570757 1.388210 -0.053533
v 0.614149 1.413834 1.488050
v 0.318287 1.004509 -3.926549
v 0.155211 1.021916 -3.593780
v 0.155211 1.035628 -3.925903
v 0.318287 0.990797 -3.594427
v -0.224177 0.939524 1.849697
v -0.224177 0.936890 1.976480
v -0.152910 0.908721 1.849057
v -0.309904 1.312486 -6.428954
v 0.444263 1.084028 -0.059751
v 0.392488 1.090081 0.042479
v 0.443631 1.091756 0.042514
v 0.418063 1.111188 0.136315
v 0.499490 1.130317 0.043208
v 0.469939 1.178753 0.209318
v 0.511648 1.234426 0.218860
v 0.500015 1.122587 -0.058950
v 0.531457 1.201696 -0.057307
v 0.529674 1.206702 0.044795
v 0.541623 1.309964 0.140344
v 0.553257 1.341241 0.047590
v 0.557866 1.355725 -0.054207
v 0.596016 1.642046 -4.667525
v 0.610899 1.725191 -4.698505
v -1.323874 1.355049 -2.196032
v -1.318115 1.444948 -2.194158
v -0.252679 2.438333 2.313770
v -0.250586 2.439795 2.243358
v -0.301204 2.364881 2.312243
v -0.181310 2.498272 2.314907
v -0.362096 1.761015 5.670588
v 0.576416 1.391856 2.364144
v -0.295545 1.023652 -0.993434
v 0.000000 0.975350 -5.943905
v -0.002934 1.023590 -5.995106
v 0.000000 1.014126 -6.008931
v 0.000000 1.118289 -6.037691
v 0.175968 0.887366 -0.286381
v 0.098618 0.930116 -0.285492
v 0.175968 0.893174 -0.571074
v 0.257395 0.920268 -0.285697
v 0.275737 0.999794 -0.284045
v 0.245136 0.927815 -0.023473
v 0.175753 0.899736 -0.024056
v 0.116960 0.926766 -0.023495
v 0.255619 0.983561 -0.022315
v 0.186343 0.940922 0.344633
v 0.152910 0.927662 0.170451
v 0.255827 1.000847 -0.854277
v 0.243144 0.941327 -0.855514
v 0.234236 0.992741 -0.994077
v 0.186343 0.973551 -1.225821
v 0.185395 0.917964 -0.855999
v 0.116751 0.944475 -0.855449
v 0.152594 0.952838 -1.061363
v -0.604507 1.746489 -0.698528
v -0.587316 1.682242 -0.880687
v -0.607333 1.738734 -0.502137
v -0.573691 1.867203 -0.303023
v -0.595700 1.742725 -0.103720
v -0.565832 1.780819 0.101168
v -0.546548 1.858495 0.060646
v -0.588049 1.649885 -0.503983
v -0.595390 1.656700 -0.307296
v -0.586374 1.666340 -0.105307
v -0.583649 1.712848 0.057721
v -0.528523 1.903562 -0.100480
v -0.519298 1.931746 -0.498234
v -0.573691 1.875265 -0.695953
v -0.526848 1.919464 -0.875866
v -0.534814 1.903818 -0.975356
v -0.544981 1.881148 -1.044801
v -0.564473 1.804876 -1.077101
v -0.595706 1.758626 -0.879100
v -0.582290 1.735500 -1.047720
v 0.444263 1.908039 -5.355948
v 0.480839 1.942874 -5.095256
v 0.465747 1.892265 -5.096200
v 0.447197 1.992438 -5.094227
v 0.387247 1.984009 -5.354477
v 0.401814 1.943957 -5.722618
v 0.449289 1.953274 -4.561578
v 0.413346 1.991404 -4.883126
v 0.392905 2.001345 -5.094041
v -0.480731 1.942874 -5.095256
v -0.465747 1.892267 -5.096308
v -0.447197 1.992438 -5.094227
v -0.413346 1.991404 -4.883126
v -0.449289 1.953274 -4.561578
v -0.444263 1.908039 -5.355948
v -0.401814 1.943957 -5.722618
v -0.387247 1.984009 -5.354477
v -0.392804 2.001345 -5.094041
v 0.519298 1.931746 -0.498234
v 0.573691 1.867203 -0.303023
v 0.595390 1.656700 -0.307296
v 0.586273 1.666340 -0.105307
v 0.528422 1.903562 -0.100480
v 0.564890 1.854630 -0.101496
v 0.565832 1.780819 0.101168
v 0.583649 1.712848 0.057721
v 0.546548 1.858495 0.060646
v 0.573691 1.875265 -0.695953
v 0.526848 1.919464 -0.875866
v 0.534814 1.903818 -0.975356
v 0.544981 1.881148 -1.044801
v 0.604399 1.746489 -0.698528
v 0.595598 1.758626 -0.879100
v 0.564365 1.804876 -1.077101
v 0.587316 1.682242 -0.880687
v 0.582290 1.735500 -1.047720
v 0.607232 1.738734 -0.502137
v 0.587948 1.649885 -0.503983
v -0.508822 1.790692 3.949754
v -0.566566 1.637289 3.946668
v -0.063617 2.092773 3.956031
v -0.148610 2.202225 -4.636706
v -0.088768 2.206839 -4.636610
v -0.476963 1.967943 1.997586
v -0.376454 2.111846 2.094504
v -0.381696 2.089802 2.000118
v -0.570131 1.338733 2.363040
v -0.504422 1.927574 -2.935949
v -0.417955 1.134196 -0.991138
v -0.552839 1.361993 -0.986506
v -0.570865 1.407259 -0.985565
v -0.221452 2.207967 -2.930124
v -0.332962 2.173879 2.040231
v -0.337255 2.149174 1.897368
v -0.417854 1.115040 -0.059107
v -0.511756 1.240148 -0.056508
v -0.494565 1.529261 5.659797
v -0.443422 1.653880 5.665529
v -0.256036 1.843222 5.674389
v -0.000107 0.878295 5.629393
v -0.256036 0.947512 5.632615
v -0.362096 1.029725 5.636423
v -0.494565 1.261479 5.647207
v -0.511964 1.395319 5.653554
v -0.295438 0.985336 0.977026
v -0.340505 2.177630 2.238013
v -0.405696 2.063719 2.624867
v -0.379495 2.080056 3.014004
v -0.359371 2.121999 3.033638
v -0.368071 2.149497 2.638494
v -0.326254 2.105140 3.244828
v -0.000107 0.879184 4.784303
v -0.000107 2.032576 4.466747
v -0.000107 2.054256 4.372017
v 0.000000 0.882568 3.481284
v -0.569714 1.335990 2.570539
v -0.576106 1.387647 2.571612
v -0.524123 1.219370 2.568223
v -0.295438 1.004603 -0.061402
v -0.210128 0.942061 0.976126
v -0.083217 0.942861 4.782066
v -0.063617 2.092773 3.956031
v -0.000107 2.054256 4.372017
v 0.063510 2.092773 3.956031
v 0.508715 1.790692 3.949754
v 0.566464 1.637289 3.946668
v 0.148610 2.202225 -4.636706
v 0.088768 2.206839 -4.636610
v 0.476856 1.967943 1.997586
v 0.381696 2.089802 2.000118
v 0.376347 2.111846 2.094504
v 0.570024 1.338733 2.363040
v 0.504422 1.927574 -2.935949
v 0.417854 1.134196 -0.991138
v 0.570865 1.407259 -0.985565
v 0.221452 2.207967 -2.930124
v 0.337154 2.149174 1.897368
v 0.332962 2.173879 2.040231
v 0.417854 1.115040 -0.059107
v 0.511756 1.240148 -0.056508
v 0.494464 1.529261 5.659797
v 0.443321 1.653878 5.665637
v 0.255928 1.843222 5.674389
v 0.361887 1.029725 5.636423
v 0.494464 1.261477 5.647315
v 0.511863 1.395319 5.653554
v 0.295444 0.985336 0.977026
v 0.340403 2.177630 2.238013
v 0.379388 2.080056 3.014004
v 0.405588 2.063719 2.624867
v 0.359371 2.121999 3.033638
v 0.368071 2.149495 2.638601
v 0.326146 2.105140 3.244828
v -0.000107 2.032576 4.466747
v 0.569714 1.335990 2.570539
v 0.575999 1.387647 2.571612
v 0.524015 1.219370 2.568223
v 0.295438 1.004603 -0.061402
v 0.210027 0.942061 0.976126
v 0.083109 0.942861 4.782066
v 0.888311 1.528368 -1.138717
v 0.991754 1.416820 -1.142919
v 0.960211 1.415132 -1.066853
v 0.960312 1.421018 -1.218940
v 0.884334 1.425128 -1.250303
v 0.808243 1.426884 -1.218818
v 0.776593 1.424987 -1.142750
v 0.808142 1.420897 -1.066733
v 0.884119 1.416887 -1.035368
v 3.591926 1.442313 -3.333780
v 3.232347 1.464088 -3.080069
v 3.171770 1.469966 -2.999545
v 0.570865 1.407259 -0.985565
v 0.565940 1.430859 -1.546210
v 0.673258 1.446783 -1.601333
v 2.010232 1.432641 -0.441306
v 2.010232 1.478533 -0.440352
v 0.614149 1.501328 1.681487
v 0.614149 1.453753 1.680606
v 0.644857 1.453468 1.633740
v 0.614149 1.433006 1.488448
v 0.614149 1.579270 1.098598
v 0.580614 1.427102 2.024924
v 0.614149 1.560314 1.491093
v 0.589832 1.530415 2.027071
v 0.711825 1.606970 -0.163980
v 0.587423 1.619584 -0.029646
v 0.588574 1.621431 -0.981115
v 0.565832 1.571602 -2.629075
v 0.650832 1.538969 -2.980816
v 3.628609 1.443693 -3.273895
v 3.171770 1.424489 -3.000383
v 3.618866 1.441235 -3.306862
v 0.584073 1.465948 2.460870
v 0.584073 1.465948 2.460870
v 2.767858 1.460106 -1.591830
v 2.775717 1.444062 -1.571409
v 1.902390 1.508821 -2.937516
v 1.902390 1.524136 -2.630061
v 2.078149 1.446281 -2.732519
v 1.147704 1.398490 -0.674626
v 1.407932 1.399526 -0.951552
v 3.628609 1.439710 -2.900485
v 3.628609 1.424214 -2.997454
v 2.775717 1.427545 -1.583596
v 2.775717 1.444062 -1.571409
v 2.767858 1.429304 -1.592470
v 3.618866 1.441235 -3.306862
v 3.628609 1.443693 -3.273895
v 3.628609 1.441127 -3.306865
v 3.591926 1.442313 -3.333780
v 3.628609 1.437093 -3.274032
v 3.232347 1.449127 -3.333638
v 3.232347 1.449127 -3.333638
v 2.078149 1.516382 -2.731062
v 2.775717 1.466810 -1.646936
v 1.921888 1.492087 -3.332853
v 1.531493 1.408922 -1.403785
v 0.914411 1.409180 -0.866232
v 0.789901 1.402424 -0.495712
v 0.789901 1.401645 -0.468263
v 0.673258 1.409531 -0.656051
v 3.628609 1.425771 -2.900774
v 2.775717 1.427727 -1.647748
v 1.902390 1.465243 -2.938738
v 0.614149 1.476786 1.717352
v 0.557240 1.541276 -2.980768
v 0.614149 1.476786 1.717352
v 2.804016 1.459471 -1.647089
v 3.628609 1.432032 -2.869088
v 2.811141 1.443614 -1.625297
v 2.804016 1.429294 -1.647716
v 2.811141 1.443614 -1.625297
v 2.804016 1.428543 -1.621626
v 2.775717 1.461179 -1.582898
v 2.775717 1.464288 -1.606212
v 2.804016 1.457779 -1.621019
v 3.628609 1.432032 -2.869088
v 2.775717 1.425097 -1.607027
v 0.634792 1.414727 -0.921362
v 0.634792 1.406181 -0.656121
v 0.634792 1.395123 -0.098674
v 1.639652 1.404034 -1.309756
v 0.634792 1.398832 -0.337709
v 0.614149 1.413189 1.095147
v 2.729606 1.440593 -2.998688
v 3.629134 1.441020 -3.306867
v 3.623893 1.439856 -3.245676
v 3.623893 1.435887 -3.306973
v 3.629134 1.441020 -3.306867
v 3.623893 1.446260 -3.306758
v 3.623893 1.439856 -3.245676
v 3.618759 1.441020 -3.306867
v 3.618759 1.441020 -3.306867
v 1.384975 1.379232 -2.108728
v 1.390425 1.439325 -2.120165
v 1.362025 1.437088 -2.032892
v 1.362025 1.437088 -2.032892
v 1.333624 1.441418 -2.120122
v 1.339074 1.379232 -2.108728
v 1.362025 1.399369 -2.053697
v 1.362025 1.399369 -2.053697
v 1.362025 1.319733 -2.196766
v 1.362025 1.319733 -2.196766
v 1.362025 1.356070 -2.103973
v 1.362025 1.356070 -2.103973
v 1.325974 1.342239 -2.664239
v 1.362025 1.301388 -2.675883
v 1.362025 1.301388 -2.675883
v 1.983507 1.561505 -2.910115
v 1.968422 1.501877 -3.067439
v 1.968422 1.501877 -3.067439
v 1.953330 1.561505 -2.910115
v 1.968422 1.578167 -2.914903
v 1.968422 1.578167 -2.914903
v 1.968422 1.538003 -2.283636
v 1.968422 1.538003 -2.283636
v 1.968422 1.574320 -2.351439
v 1.968422 1.574320 -2.351439
v -0.991754 1.416820 -1.142919
v -0.888419 1.528368 -1.138717
v -0.960211 1.415132 -1.066853
v -0.960312 1.421018 -1.218940
v -0.884334 1.425128 -1.250303
v -0.808351 1.426884 -1.218818
v -0.776700 1.424987 -1.142750
v -0.808142 1.420897 -1.066733
v -0.884227 1.416887 -1.035368
v -3.232347 1.464088 -3.080069
v -3.591926 1.442315 -3.333887
v -3.171770 1.469966 -2.999545
v -0.565940 1.430859 -1.546210
v -0.570865 1.407259 -0.985565
v -0.673258 1.446783 -1.601333
v -2.010232 1.432641 -0.441306
v -2.010232 1.478533 -0.440352
v -0.614250 1.501328 1.681487
v -0.644958 1.453468 1.633740
v -0.614250 1.453755 1.680498
v -0.614250 1.433006 1.488448
v -0.614250 1.413189 1.095147
v -0.614250 1.579270 1.098598
v -0.580715 1.427102 2.024924
v -0.614250 1.413834 1.488050
v -0.589940 1.530415 2.027071
v -0.614250 1.560316 1.490986
v -0.711932 1.606970 -0.163980
v -0.587423 1.619584 -0.029646
v -0.588682 1.621431 -0.981115
v -0.565832 1.571602 -2.629075
v -0.650832 1.538969 -2.980816
v -3.628609 1.443693 -3.273895
v -3.232347 1.428153 -3.080816
v -3.618866 1.441237 -3.306970
v -0.584174 1.465948 2.460870
v -0.584174 1.465948 2.460870
v -2.767858 1.460109 -1.591938
v -2.775717 1.444062 -1.571409
v -1.902390 1.508821 -2.937516
v -1.921888 1.508296 -2.937527
v -1.902390 1.524136 -2.630061
v -2.078149 1.446281 -2.732519
v -1.147806 1.398490 -0.674626
v -1.407932 1.399528 -0.951659
v -3.628609 1.424216 -2.997561
v -0.574216 1.393283 1.094734
v -0.570865 1.388210 -0.053533
v -2.775717 1.444062 -1.571409
v -2.775717 1.427545 -1.583596
v -2.767858 1.429306 -1.592578
v -3.618866 1.441237 -3.306970
v -3.591926 1.442315 -3.333887
v -3.628609 1.437093 -3.274032
v -3.232347 1.449129 -3.333745
v -3.232347 1.449129 -3.333745
v -2.010232 1.514782 -2.780365
v -2.078149 1.516385 -2.731170
v -2.775717 1.466812 -1.647037
v -2.010232 1.489787 -3.332901
v -1.921888 1.492087 -3.332853
v -1.531600 1.408922 -1.403785
v -0.914518 1.409180 -0.866232
v -0.789901 1.402424 -0.495712
v -0.789901 1.401647 -0.468364
v -0.673258 1.409531 -0.656051
v -1.921888 1.464721 -2.938856
v -3.628609 1.425774 -2.900875
v -2.775717 1.427729 -1.647849
v -1.902390 1.465246 -2.938845
v -0.614250 1.476786 1.717352
v -0.557240 1.541276 -2.980768
v -0.614250 1.476786 1.717352
v -2.804123 1.459473 -1.647190
v -2.811141 1.443614 -1.625297
v -2.775717 1.444062 -1.571409
v -2.811141 1.443614 -1.625297
v -2.804123 1.429296 -1.647817
v -2.804123 1.428545 -1.621734
v -2.775717 1.464288 -1.606212
v -2.775717 1.461179 -1.582898
v -2.804123 1.457781 -1.621126
v -3.628609 1.432032 -2.869088
v -2.775717 1.425097 -1.607027
v -2.811141 1.443614 -1.625297
v -0.634792 1.414727 -0.921362
v -0.634792 1.406181 -0.656121
v -0.634899 1.395123 -0.098674
v -3.628609 1.441129 -3.306972
v -1.639753 1.404034 -1.309756
v -0.634792 1.398832 -0.337709
v -2.729606 1.440595 -2.998790
v -3.623893 1.439856 -3.245676
v -3.629134 1.441022 -3.306974
v -3.623893 1.435889 -3.307081
v -3.623893 1.446262 -3.306865
v -3.629134 1.441022 -3.306974
v -3.623893 1.439856 -3.245676
v -3.618759 1.441022 -3.306974
v -3.618759 1.441022 -3.306974
v -1.390425 1.439327 -2.120273
v -1.384975 1.379232 -2.108728
v -1.362025 1.437088 -2.032892
v -1.333624 1.441420 -2.120229
v -1.362025 1.437088 -2.032892
v -1.339074 1.379232 -2.108728
v -1.362025 1.399371 -2.053804
v -1.362025 1.399371 -2.053804
v -1.362025 1.319733 -2.196766
v -1.362025 1.319733 -2.196766
v -1.362025 1.356073 -2.104075
v -1.362025 1.356073 -2.104075
v -1.362025 1.301388 -2.675883
v -1.362025 1.301388 -2.675883
v -1.397974 1.342239 -2.664239
v -1.983514 1.561505 -2.910115
v -1.968422 1.501877 -3.067439
v -1.968422 1.501877 -3.067439
v -1.953330 1.561505 -2.910115
v -1.968422 1.578169 -2.915004
v -1.968422 1.578169 -2.915004
v -1.968422 1.538006 -2.283743
v -1.968422 1.538006 -2.283743
v -1.968422 1.574320 -2.351439
v -1.968422 1.574320 -2.351439
v 0.277937 2.395244 -2.085316
v 0.358954 2.381715 -0.304076
v 0.298479 2.366342 2.241934
v 0.331704 2.277181 2.310421
v 0.329080 2.278642 2.240111
v 0.301103 2.364881 2.312243
v 0.250478 2.439795 2.243358
v 0.252578 2.438333 2.313770
v 0.181203 2.498272 2.314907
v 0.343230 2.210854 2.309043
v 0.340403 2.177630 2.238013
v 0.368071 2.149495 2.638601
v 0.360212 2.159849 2.962624
v 0.359371 2.121999 3.033638
v 0.083109 2.443852 -4.631787
v 0.088768 2.206839 -4.636610
v 0.350671 2.220665 3.078039
v 0.353921 2.118435 3.079165
v 0.359371 2.121999 3.033638
v 0.345120 2.210242 3.120382
v 0.144526 2.435580 3.273814
v 0.114652 2.460128 3.232498
v 0.121152 2.443426 3.284563
v 0.319021 2.129752 3.255824
v 0.241994 2.099344 3.528680
v 0.326146 2.105140 3.244828
v 0.235810 2.122506 3.539121
v 0.000000 2.487581 3.197743
v 0.066342 2.476324 3.214805
v 0.096209 2.478753 3.193784
v 0.063510 2.092773 3.956031
v 0.136560 2.188718 3.783169
v 0.235810 2.122506 3.539121
v 0.127127 2.083867 3.955846
v 0.241994 2.099344 3.528680
v 0.226902 2.182297 3.567512
v 0.321954 2.302298 3.114643
v 0.316504 2.290835 3.156547
v 0.000000 2.546200 -2.923197
v 0.329080 2.278642 2.240111
v 0.334846 2.276652 2.007775
v 0.298479 2.366342 2.241934
v 0.250478 2.439795 2.243358
v 0.182568 2.502851 1.938050
v 0.179736 2.499416 2.244597
v 0.093067 2.535668 2.245350
v 0.000000 2.548140 2.245610
v 0.340403 2.177630 2.238013
v 0.332962 2.173879 2.040231
v 0.337154 2.149174 1.897368
v 0.257819 2.372573 3.193254
v 0.185818 2.443853 3.178173
v 0.179003 2.433437 3.220516
v 0.262845 2.383931 3.151247
v 0.166844 2.277637 3.610377
v 0.132368 2.277637 3.610377
v 0.169569 2.334140 3.499283
v 0.133727 2.331404 3.504678
v 0.154060 2.396978 3.375844
v 0.120210 2.393258 3.383210
v 0.092859 2.437411 3.296491
v 0.040451 2.467875 3.232766
v 0.353504 2.229954 2.994061
v 0.321954 2.302298 3.114643
v 0.350671 2.220665 3.078039
v 0.322903 2.311899 3.030880
v 0.262845 2.383931 3.151247
v 0.263579 2.391870 3.066817
v 0.185818 2.443853 3.178173
v 0.186343 2.451274 3.093417
v 0.096418 2.487107 3.109471
v 0.096209 2.478753 3.193784
v 0.000000 2.496455 3.113643
v 0.000000 2.487581 3.197743
v 0.360212 2.159849 2.962624
v 0.359371 2.121999 3.033638
v 0.340403 2.177630 2.238013
v 0.114652 2.460128 3.232498
v 0.096209 2.478753 3.193784
v 0.164119 2.412624 3.314012
v 0.184661 2.381295 3.368809
v 0.192210 2.259382 3.595952
v 0.127127 2.083867 3.955846
v 0.192210 2.259382 3.595952
v 0.351721 2.141699 3.089609
v 0.353921 2.118435 3.079165
v 0.199443 2.316501 3.490531
v 0.000000 2.474354 3.223776
v 0.343230 2.210854 2.309043
v -0.277937 2.395244 -2.085316
v -0.331704 2.277181 2.310421
v -0.298586 2.366342 2.241934
v -0.329187 2.278642 2.240111
v -0.343337 2.210854 2.309043
v -0.340505 2.177630 2.238013
v -0.360313 2.159849 2.962624
v -0.368071 2.149497 2.638494
v -0.359371 2.121999 3.033638
v -0.083109 2.443852 -4.631787
v -0.088768 2.206839 -4.636610
v -0.354028 2.118435 3.079165
v -0.350779 2.220667 3.077938
v -0.359371 2.121999 3.033638
v -0.345120 2.210242 3.120382
v -0.114760 2.460128 3.232498
v -0.144627 2.435580 3.273814
v -0.121259 2.443426 3.284563
v -0.242095 2.099344 3.528680
v -0.319128 2.129752 3.255824
v -0.326254 2.105140 3.244828
v -0.235911 2.122506 3.539121
v -0.066443 2.476324 3.214805
v 0.000000 2.487581 3.197743
v -0.096317 2.478753 3.193784
v -0.127234 2.083867 3.955846
v -0.235911 2.122506 3.539121
v -0.242095 2.099344 3.528680
v -0.226902 2.182297 3.567512
v -0.321954 2.302298 3.114643
v -0.316612 2.290835 3.156547
v -0.329187 2.278642 2.240111
v -0.334953 2.276652 2.007775
v -0.298586 2.366342 2.241934
v -0.250586 2.439795 2.243358
v -0.182670 2.502851 1.938050
v -0.179844 2.499416 2.244597
v -0.093168 2.535668 2.245350
v -0.340505 2.177630 2.238013
v -0.332962 2.173879 2.040231
v -0.337255 2.149174 1.897368
v -0.185919 2.443853 3.178173
v -0.257819 2.372573 3.193254
v -0.179110 2.433437 3.220516
v -0.262953 2.383931 3.151247
v -0.132469 2.277637 3.610377
v -0.169677 2.334140 3.499283
v -0.133835 2.331404 3.504678
v -0.154168 2.396978 3.375844
v -0.120317 2.393258 3.383210
v -0.092859 2.437411 3.296491
v -0.040559 2.467875 3.232766
v -0.321954 2.302298 3.114643
v -0.353504 2.229954 2.994061
v -0.350779 2.220667 3.077938
v -0.323004 2.311899 3.030880
v -0.262953 2.383931 3.151247
v -0.263686 2.391870 3.066817
v -0.185919 2.443853 3.178173
v -0.186444 2.451274 3.093417
v -0.096526 2.487107 3.109471
v -0.096317 2.478753 3.193784
v -0.360313 2.159849 2.962624
v -0.359371 2.121999 3.033638
v -0.340505 2.177630 2.238013
v -0.114760 2.460128 3.232498
v -0.096317 2.478753 3.193784
v -0.164227 2.412624 3.314012
v -0.184769 2.381295 3.368809
v -0.192311 2.259382 3.595952
v -0.127234 2.083867 3.955846
v -0.192311 2.259382 3.595952
v -0.351828 2.141699 3.089609
v -0.354028 2.118435 3.079165
v -0.199544 2.316501 3.490531
v 0.000000 2.474354 3.223776
v -0.343337 2.210854 2.309043
v 0.021800 3.874734 -5.646228
v 0.000000 3.896524 -5.625128
v 0.000000 2.524026 -2.754153
v 0.036051 3.901794 -7.064596
v 0.000000 3.937364 -7.767551
v 0.028300 4.001152 -6.175704
v 0.000000 3.987418 -5.888134
v 0.024108 3.968052 -5.914533
v 0.000000 4.036115 -7.626500
v 0.000000 4.018049 -7.765982
v 0.045168 2.469337 -5.707086
v 0.033326 2.380772 -5.813649
v 0.000000 2.391108 -6.401825
v 0.000000 2.309454 -6.997466
v 0.017083 2.299707 -6.997668
v 0.000000 2.289760 -7.023241
v 0.044643 4.019361 -7.062153
v 0.000000 4.025149 -6.175307
v 0.039617 2.412433 -5.753243
v 0.022217 3.898761 -7.352299
v 0.000000 3.910903 -7.629001
v 0.017083 2.280011 -6.998077
v 0.040451 2.188493 -6.175416
v 0.000000 2.270162 -6.998282
v 0.000000 2.201789 -6.744763
v 0.000000 2.189290 -6.672797
v 0.023374 2.518015 -2.817909
v 0.033326 2.380772 -5.813649
v 0.077659 2.338070 -4.858102
v 0.083002 2.334579 -5.255257
v 0.060993 2.359939 -5.254730
v 0.000000 2.289760 -7.023241
v 0.000000 2.289760 -7.023241
v 0.040451 2.077004 -6.177626
v 0.060993 2.359939 -5.254730
v 0.075876 2.246718 -5.567369
v 0.048102 2.525292 -5.705923
v 0.088768 2.356987 -4.633592
v 0.000000 3.838078 -7.630514
v 0.000000 2.524026 -2.754153
v 0.000000 3.896524 -5.625128
v -0.021800 3.874734 -5.646228
v -0.037518 3.849669 -7.012950
v 0.000000 3.937364 -7.767551
v 0.000000 3.987418 -5.888134
v -0.024108 3.968052 -5.914533
v 0.000000 4.036115 -7.626500
v 0.000000 4.018049 -7.765982
v -0.088768 2.356987 -4.633592
v -0.045168 2.469337 -5.707086
v -0.033225 2.380772 -5.813649
v -0.016976 2.299707 -6.997668
v -0.039617 2.412433 -5.753243
v -0.022116 3.898761 -7.352299
v 0.000000 3.910903 -7.629001
v -0.016976 2.280011 -6.998077
v -0.040451 2.188493 -6.175416
v 0.000000 2.167912 -6.673242
v 0.000000 2.270162 -6.998282
v 0.000000 2.201789 -6.744763
v 0.000000 2.189290 -6.672797
v -0.023374 2.518015 -2.817909
v -0.033225 2.380772 -5.813649
v -0.083002 2.334579 -5.255257
v -0.077659 2.338070 -4.858102
v -0.060993 2.359939 -5.254730
v 0.000000 2.289760 -7.023241
v 0.000000 2.289760 -7.023241
v -0.040451 2.077004 -6.177626
v -0.060993 2.359939 -5.254730
v -0.075775 2.246718 -5.567369
v -0.048000 2.525292 -5.705923
v -0.088768 2.356987 -4.633592
v -0.020542 3.856637 -7.353175
v 0.033326 2.880642 -6.265335
v -0.033225 2.880642 -6.265335
v 0.020542 3.856637 -7.353175
v 0.000000 3.836882 -7.572985
v 0.000000 3.838078 -7.630514
v 0.000000 3.836882 -7.572985
v 0.000000 4.046869 -7.397233
v 0.000000 4.046869 -7.397233
v 0.076610 3.267858 -5.442586
v 0.049151 3.292457 -5.324774
v 0.051459 3.250812 -5.323438
v 0.076610 3.326884 -5.538742
v 0.051250 3.343876 -5.539330
v 0.076610 3.261816 -5.630872
v 0.058900 3.237219 -5.748785
v 0.057010 3.278864 -5.750128
v 0.076610 3.202691 -5.534821
v 0.059425 3.185800 -5.534230
v -0.049151 3.292457 -5.324774
v -0.076509 3.267858 -5.442586
v -0.051459 3.250812 -5.323438
v -0.076509 3.326884 -5.538742
v -0.051143 3.343876 -5.539330
v -0.058900 3.237219 -5.748785
v -0.076509 3.261816 -5.630872
v -0.057016 3.278864 -5.750128
v -0.076509 3.202691 -5.534821
v -0.059425 3.185800 -5.534230
v 0.083002 1.964203 5.184432
v 0.119476 2.008928 5.060099
v -0.000107 1.976326 5.201455
v 0.137710 1.970477 5.059299
v -0.137502 2.034340 4.800653
v -0.000107 2.065226 4.787249
v -0.096209 2.053911 4.787014
v 0.154168 1.999369 4.803701
v 0.137401 2.034340 4.800653
v -0.000107 2.022234 5.060375
v 0.096102 2.053911 4.787014
v -0.000107 2.065226 4.787249
v 0.096102 2.053911 4.787014
v -0.096209 2.053911 4.787014
v -0.244403 1.986645 4.528266
v -0.244403 1.986645 4.528266
v 0.000000 2.509619 2.989596
v 0.067284 2.529431 2.737274
v 0.560490 1.402399 5.337756
v 0.527998 1.406995 5.333557
v 0.511338 1.371513 5.603481
v 0.541522 1.345543 4.981527
v 0.548015 1.362329 4.895289
v 0.598216 1.353254 5.034416
v 0.570131 1.405369 5.189909
v 0.601156 1.377008 5.036168
v 0.547914 1.399178 4.983274
v 0.549798 1.318789 5.336019
v 0.508297 1.347834 5.602990
v 0.518881 1.323379 5.331820
v 0.550848 1.385980 4.897147
v 0.559440 1.321861 5.188173
v 0.594024 1.383240 5.140079
v 0.588157 1.337659 5.139132
v 0.538064 1.410062 5.185920
v 0.528523 1.326446 5.184183
v 0.000000 2.596676 0.530195
v 0.000000 2.624930 0.608142
v 0.000000 2.576341 0.520021
v 0.000000 2.576341 0.520021
v 0.000000 2.596676 0.530195
v -0.020125 2.606524 0.706924
v 0.000000 2.587255 0.701180
v 0.000000 2.625690 0.712773
v 0.020017 2.606524 0.706924
v -0.020125 2.606524 0.706924
v 0.000000 2.625690 0.712773
v 0.020017 2.606524 0.706924
v 0.000000 2.624930 0.608142
v 0.000000 2.587255 0.701180
v 0.000000 2.587255 0.701180
v -0.378863 1.175090 -3.498984
v -0.358429 1.159251 -3.725524
v -0.392697 1.123863 -3.667137
v -0.369645 1.126114 -3.200510
v -0.369645 1.126114 -3.200510
v -0.369645 1.126843 -3.235611
v -0.369645 1.126843 -3.235611
v -0.378863 1.170632 -3.279569
v -0.326671 1.122909 -3.500068
v -0.326671 1.118451 -3.280653
v -0.381380 1.112540 -3.667272
v -0.381380 1.112540 -3.667272
v -0.347112 1.148037 -3.725757
v -0.392697 1.123863 -3.667137
v -0.000107 0.878798 5.130641
v -0.000107 0.878798 5.130641
v -0.021168 0.870174 5.702183
v 0.021067 0.870174 5.702183
v 0.021067 0.886465 5.639732
v -0.021168 0.886465 5.639732
v 0.108785 0.870390 1.009754
v 0.074934 0.870760 1.935480
v -0.108785 0.870390 1.009754
v -0.075042 0.870760 1.935480
v 0.069693 0.857013 2.142959
v -0.069800 0.837732 2.142666
v -0.069800 0.857013 2.142959
v 0.069693 0.837732 2.142666
v -0.054917 0.868126 2.143190
v 0.054917 0.868126 2.143190
v -0.052192 0.822990 0.556657
v -0.075042 0.899369 1.936075
v 0.074934 0.899369 1.936075
v 0.109727 0.916234 0.443177
v 0.109727 0.914046 0.558549
v -0.109834 0.916234 0.443177
v -0.109834 0.914046 0.558549
v 0.492788 1.932577 -3.550228
v -0.460822 1.988109 -3.549074
v 0.000000 1.077367 -5.414926
v 0.005659 1.044752 -5.106790
v 0.068017 1.044752 -5.106790
v 0.043075 1.027385 -5.415964
v 0.068017 0.994250 -5.107732
v 0.004609 1.019838 -5.416121
v 0.073885 1.051166 -5.415470
v 0.089710 1.019505 -5.107315
v 0.089710 1.089099 -5.414682
v 0.068017 1.044752 -5.106790
v 0.089710 1.019505 -5.107315
v 0.005867 0.994252 -5.107839
v 0.043075 1.109089 -5.983263
v 0.003983 1.043872 -5.634503
v 0.072102 1.139683 -5.982627
v 0.051351 1.058019 -5.634209
v 0.085417 1.099409 -5.633349
v 0.043075 1.159872 -6.182427
v 0.000000 1.154214 -6.182545
v 0.089710 1.089099 -5.414682
v -0.005557 1.044752 -5.106790
v -0.068017 1.044752 -5.106790
v -0.068017 0.994250 -5.107732
v -0.043075 1.027385 -5.415964
v -0.004609 1.019838 -5.416121
v -0.089710 1.019505 -5.107315
v -0.073885 1.051166 -5.415470
v -0.068017 1.044752 -5.106790
v -0.089710 1.089099 -5.414682
v -0.005766 0.994252 -5.107839
v -0.003983 1.043872 -5.634503
v -0.051351 1.058019 -5.634209
v -0.085417 1.099409 -5.633349
v -0.089710 1.089099 -5.414682
v 0.011633 0.976892 -2.990919
v 0.000000 0.803696 -3.065592
v 0.009433 0.818510 -3.092224
v -0.000626 0.980125 -2.954794
v 0.003041 1.023590 -5.995106
v 0.000000 1.118289 -6.037691
v 0.003041 1.118006 -6.024068
v 0.000000 1.014126 -6.008931
v 0.000000 0.621323 -3.813434
v 0.000000 0.975350 -5.943905
v 0.006601 0.651677 -3.473168
v 0.000000 0.628533 -3.469247
v 0.007442 0.714612 -3.253086
v 0.000000 0.693558 -3.233502
v 0.343021 2.074208 -5.245887
v 0.343021 2.074208 -5.245887
v 0.390813 2.104888 -5.092940
v 0.376663 2.129320 -5.093375
v 0.348471 2.080412 -5.090406
v 0.348471 2.080412 -5.090406
v 0.376663 2.129320 -5.093375
v -0.343021 2.074208 -5.245887
v -0.343021 2.074208 -5.245887
v -0.376562 2.129320 -5.093375
v -0.348370 2.080412 -5.090406
v -0.348370 2.080412 -5.090406
v -0.376562 2.129320 -5.093375
v 0.604090 1.685072 -4.619354
v 0.541731 1.684730 -4.517054
v 0.610899 1.746206 -5.407429
v 0.440906 1.702242 -6.540567
v 0.512698 1.717805 -6.240125
v 0.484613 1.701301 -6.540586
v 0.528106 1.637551 -5.339030
v 0.590465 1.639961 -5.409636
v 0.604090 1.685072 -4.619354
v 0.510605 1.685325 -6.241009
v 0.440906 1.702242 -6.540567
v 0.484613 1.701301 -6.540586
v 0.506198 1.747690 -5.620088
v 0.560281 1.747705 -5.449116
v 0.546972 1.645859 -5.451232
v 0.519298 1.647728 -5.622165
v 0.604090 1.685072 -4.619354
v 0.484613 1.701301 -6.540586
v 0.541731 1.684730 -4.517054
v -0.604090 1.685072 -4.619354
v -0.541731 1.684730 -4.517054
v -0.610899 1.746206 -5.407429
v -0.512698 1.717805 -6.240125
v -0.440805 1.702242 -6.540567
v -0.484613 1.701301 -6.540586
v -0.590465 1.639961 -5.409636
v -0.528106 1.637551 -5.339030
v -0.604090 1.685072 -4.619354
v -0.440805 1.702242 -6.540567
v -0.510605 1.685325 -6.241009
v -0.484613 1.701301 -6.540586
v -0.506097 1.747690 -5.620088
v -0.560174 1.747705 -5.449116
v -0.546972 1.645859 -5.451232
v -0.519298 1.647728 -5.622165
v -0.604090 1.685072 -4.619354
v -0.484613 1.701301 -6.540586
v -0.541731 1.684730 -4.517054
v -0.151968 0.957775 -1.303825
v -0.107318 0.911069 -1.644222
v -0.042550 0.941273 -1.226074
v -0.261587 1.016365 -1.439829
v -0.291979 1.034582 -1.524355
v 0.000000 0.935461 -1.218752
v 0.000000 0.909619 -1.372649
v 0.000000 0.895538 -1.577879
v -0.149135 0.984882 -2.618834
v -0.201852 0.987680 -2.334696
v -0.286428 1.051831 -2.369738
v -0.090443 0.938999 -2.307300
v -0.090443 0.977099 -2.647820
v -0.337046 1.080395 -1.721422
v -0.042550 0.902978 -1.577725
v 0.151860 0.957775 -1.303825
v 0.107318 0.911069 -1.644222
v 0.042550 0.941273 -1.226074
v 0.042550 0.916219 -1.372512
v 0.291979 1.034582 -1.524355
v 0.261486 1.016365 -1.439829
v 0.201852 0.987680 -2.334696
v 0.149135 0.984882 -2.618834
v 0.286321 1.051831 -2.369738
v 0.090443 0.938999 -2.307300
v 0.090342 0.977099 -2.647820
v 0.337046 1.080395 -1.721422
v 0.042550 0.902978 -1.577725
v 0.167578 0.957996 -2.142011
v 0.166636 0.960357 -2.185046
v 0.232978 0.994833 -2.184330
v 0.234445 0.991523 -2.141314
v -0.166636 0.960357 -2.185046
v -0.167578 0.957996 -2.142011
v -0.232978 0.994833 -2.184330
v -0.234445 0.991523 -2.141314
v -0.000107 0.878831 5.093748
v -0.043176 0.854112 4.780222
v 0.043075 0.854213 4.780224
v 0.043075 0.854213 4.780224
v -0.043176 0.854112 4.780222
v -0.000107 0.970838 4.782647
v -0.082167 0.889606 5.029291
v 0.081959 0.889606 5.029291
v -0.132576 0.892462 4.781019
v 0.132469 0.892462 4.781019
v -0.083217 0.942861 4.782066
v 0.132469 0.892462 4.781019
v 0.083109 0.942861 4.782066
v -0.132576 0.892462 4.781019
v 0.424139 1.161311 -1.367843
v 0.424139 1.161311 -1.367843
v 0.439338 1.177920 -1.435530
v 0.408838 1.147424 -1.436056
v -0.424139 1.161311 -1.367843
v -0.424139 1.161311 -1.367843
v -0.439338 1.177920 -1.435530
v -0.408838 1.147424 -1.436056
v 0.529781 1.378083 -2.295660
v 0.569714 1.360226 -2.419935
v 0.530515 1.382335 -2.419684
v 0.521922 1.355681 -2.161004
v 0.550007 1.311565 -2.419061
v 0.510390 1.330055 -2.294875
v 0.506514 1.322875 -2.418611
v 0.580823 1.327406 -2.419674
v 0.580823 1.327406 -2.419674
v -0.569714 1.360226 -2.419935
v -0.529781 1.378083 -2.295660
v -0.530515 1.382335 -2.419684
v -0.521922 1.355681 -2.161004
v -0.510390 1.330055 -2.294875
v -0.550007 1.311565 -2.419061
v -0.506514 1.322877 -2.418719
v -0.580823 1.327406 -2.419674
v -0.580823 1.327406 -2.419674
v 0.197869 1.066001 -4.197084
v 0.197869 1.066001 -4.197084
v 0.198495 1.029731 -3.233335
v 0.198495 1.029731 -3.233335
v 0.198495 1.029731 -3.233335
v 0.318287 0.990797 -3.594427
v 0.348996 1.101234 -3.592132
v 0.348996 1.114321 -3.924369
v 0.318287 1.004509 -3.926549
v 0.197869 1.066001 -4.197084
v -0.211386 1.067990 -4.095886
v -0.216211 1.034146 -3.107974
v -0.313994 0.979098 -3.384705
v -0.216211 1.034146 -3.107974
v -0.313994 1.111330 -3.381958
v -0.313994 0.993808 -3.729278
v -0.313994 1.118391 -3.726689
v -0.211386 1.067990 -4.095886
v 2.614006 1.187061 -1.093605
v 2.614006 1.446100 -1.341380
v -2.614006 1.187061 -1.093605
v -2.614006 1.446100 -1.341380
v -2.614006 1.187061 -1.093605
v -2.614006 1.255126 -2.553048
v -0.225953 1.070661 1.703671
v -0.228160 1.145090 1.496511
v -0.260019 1.093708 1.704150
v -0.194094 1.122037 1.496032
v -0.194094 1.122037 1.496032
v -0.228053 1.030932 1.693411
v -0.196295 1.082313 1.485879
v -0.225953 1.070661 1.703671
v -0.264420 1.128312 1.486835
v -0.296279 1.076931 1.694366
v -0.266620 1.088583 1.476574
v -0.298378 1.037207 1.684213
v -0.232561 1.065537 1.476095
v -0.264312 1.014154 1.683734
v 0.023583 0.474283 3.561171
v -0.023583 0.978364 3.527403
v 0.023583 0.978364 3.527403
v -0.023583 0.474283 3.561171
v -0.023583 0.479724 3.642628
v 0.023583 0.983797 3.608967
v -0.023583 0.983797 3.608967
v 0.023583 0.479724 3.642628
v -0.085727 0.641352 3.547239
v 0.085626 0.628497 3.515207
v 0.085626 0.641352 3.547239
v -0.085727 0.628497 3.515207
v 0.057326 0.506711 3.599895
v 0.057326 0.528014 3.664494
v 0.057326 0.510609 3.659414
v 0.057326 0.636769 3.591278
v -0.057434 0.528014 3.664494
v 0.057326 0.636769 3.591278
v -0.057434 0.636769 3.591278
v 0.057326 0.528014 3.664494
v -0.057434 0.510609 3.659414
v 0.057326 0.510609 3.659414
v 0.085626 0.655057 3.493012
v -0.085727 0.628497 3.515207
v -0.085727 0.655057 3.493012
v 0.085626 0.628497 3.515207
v 0.000000 0.563090 3.494776
v 0.000000 0.563907 3.455477
v 0.019600 0.563500 3.475072
v -0.019701 0.563500 3.475072
v 0.057326 0.506711 3.599895
v 0.028609 0.633399 3.541623
v 0.057326 0.636662 3.591276
v 0.028609 0.503339 3.550347
v 0.028609 0.640040 3.640824
v -0.028717 0.509979 3.649543
v 0.028609 0.509979 3.649543
v -0.028717 0.640040 3.640824
v -0.057434 0.506711 3.599895
v -0.057434 0.636662 3.591276
v -0.028717 0.503339 3.550347
v -0.028717 0.633399 3.541623
v 0.028609 0.503339 3.550347
v 0.028609 0.633399 3.541623
v 0.146935 0.978364 3.527403
v -0.147036 1.021808 3.565521
v 0.146935 1.021808 3.565521
v -0.147036 0.978364 3.527403
v 0.085626 0.684339 3.511441
v -0.085727 0.655057 3.493012
v -0.085727 0.684339 3.511441
v 0.085626 0.655057 3.493012
v 0.019600 0.563500 3.475072
v 0.000000 0.628579 3.496028
v 0.000000 0.563090 3.494776
v 0.019600 0.628986 3.476433
v 0.000000 0.563907 3.455477
v 0.000000 0.629394 3.456837
v -0.019701 0.563500 3.475072
v -0.019701 0.628986 3.476433
v 0.000000 0.563090 3.494776
v 0.000000 0.628579 3.496028
v -0.027983 0.733015 3.479436
v 0.027876 0.733015 3.479436
v 0.000000 0.733437 3.459107
v 0.017191 0.732331 3.512337
v -0.085727 0.684339 3.511441
v -0.085727 0.641352 3.547239
v -0.085727 0.675781 3.545020
v -0.085727 0.628497 3.515207
v -0.027983 0.628969 3.477274
v 0.017191 0.628285 3.510175
v -0.017292 0.628393 3.510177
v 0.027876 0.628969 3.477274
v 0.027876 0.628969 3.477274
v 0.000000 0.733437 3.459107
v 0.027876 0.733015 3.479436
v 0.000000 0.629389 3.457052
v -0.017292 0.628393 3.510177
v 0.017191 0.732331 3.512337
v -0.017292 0.732331 3.512337
v 0.017191 0.628285 3.510175
v 0.085626 0.684339 3.511441
v 0.085626 0.628497 3.515207
v 0.085626 0.655057 3.493012
v 0.085626 0.641352 3.547239
v -0.017292 0.732331 3.512337
v -0.027983 0.628969 3.477274
v -0.017292 0.628393 3.510177
v -0.027983 0.733015 3.479436
v 0.146935 0.940351 3.570956
v -0.147036 0.978364 3.527403
v 0.146935 0.978364 3.527403
v -0.147036 0.940351 3.570956
v 0.047160 0.981076 3.568242
v 0.047160 0.477004 3.601896
v -0.085727 0.675781 3.545020
v 0.085626 0.641352 3.547239
v 0.085626 0.675781 3.545020
v -0.085727 0.641352 3.547239
v -0.085727 0.684339 3.511441
v 0.085626 0.675781 3.545020
v 0.085626 0.684339 3.511441
v -0.085727 0.675781 3.545020
v 0.146935 0.983797 3.608967
v -0.147036 0.940351 3.570956
v 0.146935 0.940351 3.570956
v -0.147036 0.983797 3.608967
v 0.023583 1.021808 3.565521
v -0.023583 1.115602 3.692841
v 0.023583 1.115602 3.692841
v -0.023583 1.021808 3.565521
v -0.023583 0.943065 3.611687
v 0.023583 1.115602 3.692841
v -0.023583 1.115602 3.692841
v 0.023583 0.943065 3.611687
v -0.147036 0.983797 3.608967
v 0.146935 1.021808 3.565521
v -0.147036 1.021808 3.565521
v 0.146935 0.983797 3.608967
v -0.047160 0.981076 3.568242
v -0.047160 0.477004 3.601896
v 0.023583 0.978364 3.527403
v 0.023583 0.474283 3.561171
v -0.057434 0.506711 3.599895
v -0.057434 0.528014 3.664494
v -0.057434 0.636769 3.591278
v -0.057434 0.510609 3.659414
v 0.023583 0.943065 3.611687
v 0.023583 1.021808 3.565521
v 0.023583 1.115602 3.692841
v -0.023583 1.115602 3.692841
v -0.023583 1.021808 3.565521
v -0.023583 0.943065 3.611687
v -0.085727 0.655057 3.493012
v 0.085626 0.675781 3.545020
v 0.000000 0.629389 3.457052
v -0.017292 0.732331 3.512337
v 0.000000 3.846275 -7.000860
v 0.000000 3.003277 -6.168966
v -0.028192 2.533104 -5.713622
v 0.000000 2.541801 -5.713441
v -0.046742 2.503976 -5.714227
v -0.044435 2.468141 -5.714971
v -0.039617 2.417233 -5.757229
v -0.033535 2.386589 -5.816045
v 0.000000 2.972344 -6.138375
v 0.000000 2.541801 -5.713441
v -0.026099 2.967934 -6.142868
v 0.000000 2.972344 -6.138375
v -0.042867 2.953460 -6.157841
v -0.034793 2.874864 -6.239565
v -0.033433 2.878897 -6.267155
v -0.034483 2.906524 -6.270141
v -0.042759 2.984495 -6.188436
v -0.025992 2.998967 -6.173356
v 0.000000 3.003277 -6.168966
v 0.000000 3.846275 -7.000860
v -0.020542 3.853416 -7.349466
v -0.035950 3.847082 -7.039735
v -0.022009 3.846460 -7.009766
v 0.046116 0.532420 3.639005
v -0.046217 0.538467 3.655693
v 0.046116 0.538467 3.655693
v -0.046217 0.532420 3.639005
v -0.046217 0.415922 3.681029
v 0.046116 0.421966 3.697824
v -0.046217 0.421966 3.697824
v 0.046116 0.415922 3.681029
v -2.800558 1.454827 -1.590055
v -2.775717 1.444062 -1.571409
v -2.775717 1.461179 -1.582898
v -2.800558 1.432722 -1.590515
v -2.775717 1.427545 -1.583596
v -2.775717 1.425097 -1.607027
v -2.775717 1.464288 -1.606212
v -2.804123 1.457781 -1.621126
v -2.804123 1.428545 -1.621734
v -1.736595 0.477520 -1.508572
v -1.763004 0.487377 -1.493588
v -1.744453 0.487824 -1.515068
v -1.755145 0.477181 -1.487091
v -1.698653 0.513257 -1.538437
v -1.869797 0.392065 -1.467162
v -1.879022 0.402395 -1.474916
v -1.689328 0.502719 -1.530694
v -1.595843 0.651857 -1.448661
v -1.596577 0.675766 -1.448898
v -1.747286 0.614805 -1.355503
v -1.738378 0.645017 -1.295962
v -1.747703 0.668519 -1.286987
v -1.737954 0.604265 -1.347652
v -1.394099 1.348443 -2.649957
v -1.362448 1.314283 -2.590078
v -1.397241 1.355089 -2.596673
v -1.361607 1.309926 -2.653066
v -0.548648 1.372343 -2.942869
v -0.548648 1.245714 -3.270673
v -0.646741 1.370260 -2.943336
v -1.361607 1.309926 -2.653066
v -1.327649 1.355280 -2.595829
v -1.362448 1.314283 -2.590078
v -1.329432 1.348634 -2.649119
v -0.553048 1.403343 -2.956586
v -0.548648 1.245714 -3.270673
v -1.898931 1.348891 -2.903731
v -0.651249 1.500371 -2.621537
v -1.902813 1.460127 -2.621854
v -1.913290 1.206650 -3.272427
v -0.646741 1.401047 -2.956843
v -1.913290 1.206650 -3.272427
v -1.898830 1.388875 -2.921037
v -0.651040 1.566597 -2.650566
v -1.918322 1.388351 -2.921048
v -1.902605 1.531096 -2.652455
v -1.918430 1.348368 -2.903849
v -1.395666 1.431208 -2.733566
v -1.407300 1.480399 -2.619018
v -1.326081 1.433517 -2.733625
v -1.317691 1.480590 -2.617863
v -1.360665 1.329046 -2.730553
v -1.360665 1.329046 -2.730553
v -1.359198 1.388234 -2.844841
v -1.359198 1.388234 -2.844841
v -0.362722 0.612081 -0.094296
v -0.381588 0.616380 -0.094207
v -0.376562 0.580455 -0.131113
v -0.339461 0.696013 -0.092552
v -0.272911 0.739395 -0.091651
v -0.239161 0.817394 -0.087090
v -0.251111 0.884347 -0.085699
v -0.294186 0.930138 -0.084747
v -0.297429 0.991851 -0.083465
v -0.298062 1.009599 -0.342337
v -0.336212 1.008808 -0.712704
v -0.298062 1.017190 -0.712530
v -0.357904 0.642157 -0.976622
v -0.376562 0.597125 -0.948310
v -0.289254 0.755105 -0.974060
v -0.254885 0.832161 -0.974350
v -0.254885 0.912736 -0.972676
v -0.294395 0.955903 -0.971779
v -0.335055 0.998135 -0.970901
v -0.297429 1.009974 -0.970656
v -0.297429 1.005613 -0.755848
v -0.335055 0.993672 -0.756097
v -0.297429 0.996239 -0.299530
v 1.857013 1.725863 -6.279792
v 1.893797 1.704694 -6.280232
v 1.857013 1.714490 -6.201720
v 1.885313 1.698143 -6.202060
v 1.885313 1.665558 -6.202737
v 1.857013 1.641095 -6.281446
v 1.893797 1.662368 -6.281112
v 1.857013 1.649319 -6.203074
v 0.618340 1.725018 -4.710562
v 0.603666 1.642303 -4.679889
v 0.611531 1.685013 -4.631725
v 0.598115 1.640008 -5.411937
v 1.820330 1.662368 -6.281112
v 1.828821 1.665558 -6.202737
v 1.857639 1.709671 -7.558903
v 1.827455 1.711557 -6.817219
v 0.618340 1.749402 -5.031345
v 0.524957 1.731308 -6.557050
v 0.566989 1.643293 -5.448870
v 0.581031 1.747547 -5.446704
v 0.524957 1.672736 -6.558267
v 0.618657 1.746420 -5.412560
v 1.827455 1.677398 -6.817929
v 1.828821 1.698143 -6.202060
v 1.820330 1.704694 -6.280232
v 1.824313 1.688969 -6.567675
v 1.825571 1.702548 -6.666348
v 1.792245 1.690042 -6.573945
v 1.796121 1.710431 -7.595470
v 0.564049 1.705464 -6.725726
v 0.524957 1.731308 -6.557050
v 0.599683 1.628694 -4.993393
v 1.825571 1.679185 -6.666833
v 1.824313 1.688969 -6.567675
v 1.792245 1.690042 -6.573945
v 1.796121 1.710431 -7.595470
v 0.524957 1.672736 -6.558267
v 0.564049 1.705464 -6.725726
v 0.618340 1.725018 -4.710562
v 0.598115 1.640008 -5.411937
v 0.603666 1.642303 -4.679889
v 0.564049 1.705464 -6.725726
v 0.611531 1.685013 -4.631725
v 1.857639 1.709671 -7.558903
v 0.611531 1.685013 -4.631725
v 0.581031 1.747547 -5.446704
v 0.618657 1.746420 -5.412560
v 0.566989 1.643293 -5.448870
v 0.640558 1.739479 -4.942448
v 0.640665 1.755324 -5.064037
v 0.712451 1.744722 -5.446763
v 0.689083 1.742542 -5.669983
v 0.640665 1.775942 -5.446114
v 0.640665 1.739606 -5.902130
v 0.592140 1.743383 -5.669966
v 0.689399 1.747180 -5.136222
v 0.640665 1.612275 -5.449514
v 0.640665 1.622118 -5.116074
v 0.599683 1.632073 -5.115867
v 0.640665 1.654006 -5.903908
v 0.689083 1.647194 -5.671964
v 0.592140 1.647403 -5.671960
v 0.712451 1.640985 -5.448918
v 0.689399 1.632390 -5.115860
v 0.640558 1.634806 -4.944521
v 0.620123 1.629585 -5.021364
v 1.857013 1.680574 -6.138376
v 1.857013 1.680574 -6.138376
v 0.317971 2.111142 3.177869
v 0.315771 2.105140 3.244828
v 0.340928 2.118435 3.079165
v 0.222185 2.122504 3.539229
v -0.360313 2.159849 2.962624
v -0.345645 2.159849 2.962624
v -0.343337 2.210854 2.309043
v -0.325938 2.210854 2.309043
v 0.000000 3.860280 -7.634455
v 0.015199 3.875472 -7.634240
v -0.015092 3.875472 -7.634240
v -0.540049 1.895958 4.261488
v -0.519090 1.922873 4.262680
v -0.529256 1.906921 4.056785
v -0.515214 1.895922 4.056240
v -0.492156 1.901824 4.261610
v -0.513115 1.874909 4.260425
v -0.504314 1.909955 4.056848
v -0.458198 1.460489 2.365361
v -0.394372 1.223274 2.602162
v -0.458198 1.455576 2.606989
v -0.394372 1.228191 2.360642
v -0.315771 2.105140 3.244828
v -0.308753 2.111142 3.177869
v -0.341029 2.118435 3.079165
v -0.222286 2.122504 3.539229
v -0.514689 1.886406 4.287186
v -0.504731 1.899080 4.287759
v -0.513539 1.870829 4.608045
v -0.526949 1.881303 4.608579
v -0.517414 1.908924 4.288172
v -0.527265 1.896358 4.287601
v -0.516472 1.894710 4.609173
v 2.655507 1.049921 -2.393783
v 2.572505 1.062171 -2.393212
v 2.655507 1.062171 -2.393212
v 2.572505 1.049921 -2.393783
v 2.655507 0.990976 -0.868635
v 2.572505 0.990976 -0.868635
v 0.331704 2.277181 2.310421
v 0.325938 2.210854 2.309043
v 0.343230 2.210854 2.309043
v 0.315461 2.273092 2.310336
v 0.301103 2.364881 2.312243
v 0.285695 2.356708 2.312073
v 0.252578 2.438333 2.313770
v 0.240837 2.428276 2.313560
v 0.181203 2.498272 2.314907
v 0.173344 2.483282 2.314703
v 0.093801 2.534523 2.315660
v 0.087409 2.519643 2.315351
v 0.000000 2.546995 2.315920
v 0.000000 2.532008 2.315608
v -0.087510 2.519643 2.315351
v -0.093902 2.534523 2.315660
v -0.173451 2.483284 2.314596
v -0.181310 2.498272 2.314907
v -0.240944 2.428276 2.313560
v -0.252679 2.438333 2.313770
v -0.285796 2.356708 2.312073
v -0.301204 2.364881 2.312243
v -0.315562 2.273092 2.310336
v -0.331704 2.277181 2.310421
v -0.325938 2.210854 2.309043
v -0.343337 2.210854 2.309043
v 0.351721 2.141699 3.089609
v 0.331704 2.210242 3.120382
v 0.338620 2.141593 3.089499
v 0.345120 2.210242 3.120382
v 0.306129 2.285227 3.154021
v 0.316504 2.290835 3.156547
v 0.257819 2.372573 3.193254
v 0.248702 2.364786 3.189741
v 0.173761 2.422530 3.215572
v 0.179003 2.433437 3.220516
v 0.114652 2.460128 3.232498
v 0.110985 2.448700 3.227334
v 2.614006 1.132973 -2.804127
v 2.572505 1.117191 -2.725418
v 2.614006 1.245138 -2.798862
v 2.655507 1.117191 -2.725418
v -2.651106 1.232605 -2.069639
v -2.651106 1.207893 -2.000337
v -2.651106 1.229258 -1.999261
v -2.651106 1.211136 -2.070610
v 2.629414 1.083431 -0.636412
v 2.598497 1.083431 -0.636412
v 2.614006 1.014546 -0.575262
v 2.644923 1.132083 -0.717794
v 2.583089 1.132083 -0.717794
v 2.572505 1.154664 -0.861041
v 2.655507 1.154664 -0.861041
v 2.655507 1.241498 -2.719586
v 2.572505 1.241498 -2.719586
v 2.614006 1.245138 -2.798862
v 0.097676 2.177254 3.779788
v -0.100717 2.190602 3.783208
v 0.100610 2.190602 3.783208
v -0.097784 2.177254 3.779788
v 2.572505 1.064979 -2.452592
v 2.655507 1.077861 -2.452008
v 2.655507 1.064979 -2.452592
v 2.572505 1.077861 -2.452008
v 2.651106 1.204488 -1.468204
v 2.651106 1.181817 -1.441419
v 2.651106 1.183128 -1.469173
v 2.651106 1.203178 -1.440457
v 2.576905 1.203178 -1.440457
v 2.576905 1.183128 -1.469173
v 2.576905 1.181817 -1.441419
v 2.576905 1.204488 -1.468204
v -2.651106 1.204488 -1.468204
v -2.651106 1.181817 -1.441419
v -2.651106 1.203178 -1.440450
v -2.651106 1.183130 -1.469280
v 2.651106 1.232605 -2.069639
v 2.651106 1.207891 -2.000230
v 2.651106 1.211136 -2.070610
v 2.651106 1.229258 -1.999261
v 0.129959 2.265893 3.605523
v 0.132368 2.277637 3.610377
v 0.133727 2.331404 3.504678
v 0.131318 2.319440 3.500344
v 0.120210 2.393258 3.383210
v 0.117902 2.382675 3.378172
v 0.092859 2.437411 3.296491
v 0.090759 2.427331 3.292197
v 0.040451 2.467875 3.232766
v 0.040451 2.456799 3.231069
v -2.655507 1.049921 -2.393783
v -2.572505 1.062171 -2.393212
v -2.572505 1.049921 -2.393783
v -2.655507 1.062171 -2.393212
v -2.655507 0.990976 -0.868635
v -2.655507 0.978720 -0.869200
v -2.572505 0.990976 -0.868635
v -2.614006 1.132973 -2.804127
v -2.572505 1.241498 -2.719586
v -2.572505 1.117191 -2.725418
v -2.614006 1.245140 -2.798969
v -2.655507 1.117191 -2.725418
v -2.655507 1.241498 -2.719586
v -2.655507 1.241498 -2.719586
v -2.572505 1.241498 -2.719586
v -2.614006 1.245140 -2.798969
v -2.572505 1.154664 -0.861041
v -2.655507 1.154664 -0.861041
v -2.644923 1.132083 -0.717794
v -2.583196 1.132083 -0.717794
v -2.598604 1.083431 -0.636412
v -2.629521 1.083431 -0.636412
v -2.614006 1.014548 -0.575363
v 2.576905 1.229258 -1.999261
v 2.576905 1.211136 -2.070610
v 2.576905 1.207891 -2.000230
v 2.576905 1.232605 -2.069639
v 0.398672 1.857574 -6.004819
v 0.340612 1.825473 -6.074151
v 0.340403 1.823939 -6.005518
v 0.362513 1.838262 -6.079128
v 0.350779 1.831546 -6.083979
v -2.655507 1.077861 -2.452008
v -2.572505 1.064981 -2.452693
v -2.655507 1.064981 -2.452693
v -2.572505 1.077861 -2.452008
v 0.343230 2.210854 2.309043
v 0.325938 2.210854 2.309043
v 0.360212 2.159849 2.962624
v 0.345537 2.159849 2.962624
v 0.338620 2.141593 3.089499
v 0.319021 2.129752 3.255824
v 0.351721 2.141699 3.089609
v 0.308020 2.129813 3.252891
v 0.235810 2.122506 3.539121
v 0.222185 2.122504 3.539229
v -2.576905 1.211136 -2.070610
v -2.576905 1.229258 -1.999261
v -2.576905 1.207893 -2.000337
v -2.576905 1.232605 -2.069639
v -0.011741 1.215226 -6.086622
v -0.011741 1.164236 -6.019016
v -0.011741 1.214009 -6.017982
v -0.011741 1.164876 -6.049826
v -0.011741 1.190082 -6.092386
v -0.011741 1.203695 -6.096815
v 0.141694 0.949610 5.304867
v -0.000107 0.980381 5.559397
v -0.000107 0.931351 5.577982
v 0.141694 0.992962 5.306919
v -0.130060 2.265893 3.605523
v -0.132469 2.277637 3.610377
v -0.133835 2.331404 3.504678
v -0.131426 2.319440 3.500344
v -0.120317 2.393258 3.383210
v -0.117902 2.382675 3.378172
v -0.092859 2.437411 3.296491
v -0.090867 2.427331 3.292197
v -0.040559 2.467875 3.232766
v -0.040559 2.456799 3.231069
v 0.191578 2.306134 3.484865
v 0.192210 2.259382 3.595952
v 0.184244 2.248141 3.591842
v 0.199443 2.316501 3.490531
v 0.176385 2.369982 3.363338
v 0.184661 2.381295 3.368809
v 0.164119 2.412624 3.314012
v 0.140227 2.424069 3.267807
v 0.144526 2.435580 3.273814
v 0.114652 2.460128 3.232498
v -0.418271 1.403051 5.579082
v -0.463863 1.392783 5.578659
v -0.463863 1.403051 5.579082
v -0.418271 1.392783 5.578659
v -3.238321 1.420838 -2.754011
v -3.238321 1.419952 -2.711369
v -3.225012 1.420267 -2.726558
v -3.236538 1.420267 -2.726558
v 0.418164 1.392783 5.578659
v 0.463755 1.398227 5.463039
v 0.428438 1.398227 5.463039
v 0.463755 1.392783 5.578659
v 0.000000 2.474354 3.223776
v 0.040451 2.456799 3.231069
v 0.040451 2.467875 3.232766
v 0.000000 2.463698 3.221986
v 0.374355 1.817826 -6.079552
v 0.352454 1.805043 -6.074576
v 0.362621 1.811116 -6.084403
v 0.410412 1.837144 -6.005244
v 0.352245 1.803509 -6.005942
v -0.410412 1.837144 -6.005244
v -0.352454 1.805043 -6.074576
v -0.352245 1.803509 -6.005942
v -0.374254 1.817826 -6.079552
v -0.362513 1.811116 -6.084403
v -0.340612 1.825473 -6.074151
v -0.398570 1.857574 -6.004819
v -0.340403 1.823939 -6.005518
v -0.362513 1.838262 -6.079128
v 3.225012 1.420513 -2.738404
v 3.236538 1.263128 -2.741567
v 3.236538 1.420513 -2.738404
v 3.225012 1.263128 -2.741567
v 3.223128 1.417064 -2.754096
v 3.223128 1.419950 -2.711261
v 3.223128 1.420838 -2.754017
v 3.238321 1.420838 -2.754017
v 3.238321 1.417064 -2.754096
v 3.238321 1.419950 -2.711261
v -0.360313 2.159849 2.962624
v -0.337988 2.227460 2.992960
v -0.345645 2.159849 2.962624
v -0.353504 2.229954 2.994061
v -0.309379 2.304524 3.027578
v -0.323004 2.311899 3.030880
v -0.249435 2.382105 3.062314
v -0.263686 2.391870 3.066817
v -0.174710 2.438399 3.087597
v -0.186444 2.451274 3.093423
v -0.089293 2.471736 3.102651
v -0.096526 2.487107 3.109471
v 0.000000 2.480252 3.106388
v 0.000000 2.496455 3.113643
v -0.331805 2.210242 3.120382
v -0.351828 2.141699 3.089609
v -0.338722 2.141593 3.089499
v -0.345120 2.210242 3.120382
v -0.306237 2.285227 3.154021
v -0.316612 2.290835 3.156547
v -0.257819 2.372573 3.193254
v -0.248803 2.364786 3.189741
v -0.173869 2.422530 3.215572
v -0.179110 2.433437 3.220516
v -0.114760 2.460128 3.232498
v -0.308121 2.129813 3.252891
v -0.235911 2.122506 3.539121
v -0.222286 2.122504 3.539229
v -0.319128 2.129752 3.255824
v -0.338722 2.141593 3.089499
v -0.351828 2.141699 3.089609
v -0.351405 1.095334 1.852934
v -0.478221 1.156421 1.854203
v -0.417747 1.075953 1.852531
v 0.428438 1.408486 5.463569
v 0.463755 1.403051 5.579082
v 0.418164 1.403051 5.579082
v 0.463755 1.408486 5.463569
v 0.458198 1.460489 2.365361
v 0.394271 1.223272 2.602270
v 0.394271 1.228191 2.360642
v 0.458097 1.455576 2.606989
v 0.222185 2.122504 3.539229
v 0.226902 2.182297 3.567512
v 0.235810 2.122506 3.539121
v 0.214320 2.180839 3.567064
v -0.152910 0.908721 1.849057
v -0.196819 0.974524 1.850424
v -0.078285 0.898664 1.848848
v -0.224177 0.939531 1.849697
v -3.223229 1.419952 -2.711369
v 3.620333 1.444137 -3.456912
v 3.627560 1.444137 -3.456912
v 3.623893 1.440471 -3.456988
v 3.623893 1.447810 -3.456835
v 0.337887 2.227460 2.992960
v 0.360212 2.159849 2.962624
v 0.345537 2.159849 2.962624
v 0.353504 2.229954 2.994061
v 0.309278 2.304524 3.027578
v 0.322903 2.311899 3.030880
v 0.249328 2.382105 3.062314
v 0.263579 2.391870 3.066817
v 0.174602 2.438399 3.087597
v 0.186343 2.451274 3.093423
v 0.089185 2.471736 3.102651
v 0.096418 2.487107 3.109471
v -0.424455 1.764666 -5.826558
v -0.392387 1.610215 -5.829767
v -0.451705 1.610215 -5.829767
v -0.368804 1.744337 -5.826980
v -0.346062 1.900465 -5.823837
v -0.300578 1.862431 -5.824627
v -0.225852 2.001369 -5.821741
v -0.196193 1.949921 -5.822810
v -0.078393 2.055017 -5.820626
v -0.068125 1.996546 -5.821841
v 0.078500 2.055017 -5.820626
v 0.068125 1.996546 -5.821841
v 0.225852 2.001369 -5.821741
v 0.196193 1.949921 -5.822810
v 0.346062 1.900465 -5.823837
v 0.300679 1.862431 -5.824627
v 0.424556 1.764666 -5.826558
v 0.368804 1.744337 -5.826980
v 0.451806 1.610215 -5.829767
v 0.392488 1.610215 -5.829767
v 0.424556 1.455661 -5.832870
v 0.368804 1.475990 -5.832448
v 0.346062 1.319871 -5.835692
v 0.300679 1.358006 -5.834899
v 0.225852 1.218966 -5.837788
v 0.196193 1.270414 -5.836720
v 0.056277 1.146455 -5.839194
v 0.068125 1.223783 -5.837688
v -0.056283 1.146455 -5.839194
v -0.068125 1.223783 -5.837688
v -0.225852 1.218966 -5.837788
v -0.196193 1.270414 -5.836720
v -0.346062 1.319871 -5.835692
v -0.300578 1.358006 -5.834899
v -0.424455 1.455661 -5.832870
v -0.368804 1.475990 -5.832448
v 0.018759 2.477980 2.050325
v -0.037726 2.485816 2.081937
v 0.037625 2.485816 2.081937
v -0.018866 2.477980 2.050325
v 0.141694 1.869819 5.347891
v 0.141694 1.826467 5.345833
v 0.330654 1.754207 5.039496
v -0.000107 1.815453 5.598343
v -3.225012 1.420513 -2.738404
v -3.236538 1.420513 -2.738404
v -0.428539 1.408486 5.463569
v -0.463863 1.408486 5.463569
v -0.140334 2.424069 3.267807
v -0.114760 2.460128 3.232498
v -0.111093 2.448700 3.227334
v -0.144627 2.435580 3.273814
v -0.164227 2.412624 3.314012
v -0.176486 2.369982 3.363338
v -0.184769 2.381295 3.368809
v -0.199544 2.316501 3.490531
v -0.191686 2.306134 3.484865
v -0.192311 2.259382 3.595952
v -0.141902 1.869819 5.347891
v -0.000107 1.862567 5.621437
v -0.141902 1.826467 5.345833
v -3.223229 1.420838 -2.754011
v 0.295438 0.985336 0.977026
v 0.434830 1.116626 0.979753
v 0.417747 1.093781 0.979279
v -0.141902 0.949610 5.304867
v -0.141902 0.992962 5.306919
v -0.330762 1.093506 5.008580
v -3.620333 1.444137 -3.456912
v -3.627560 1.444137 -3.456912
v -3.623893 1.447810 -3.456835
v -3.623893 1.440471 -3.456988
v -0.040559 2.456799 3.231069
v -0.040559 2.467875 3.232766
v -2.576905 1.183130 -1.469280
v -2.576905 1.203178 -1.440450
v -2.576905 1.181817 -1.441419
v -2.576905 1.204488 -1.468204
v -0.295438 0.985336 0.977026
v -0.434937 1.116626 0.979753
v -0.417854 1.093781 0.979279
v 0.011842 1.164236 -6.019016
v 0.011842 1.215226 -6.086622
v 0.011842 1.214009 -6.017982
v 0.011842 1.164876 -6.049826
v 0.011842 1.190082 -6.092386
v 0.478114 1.156421 1.854203
v 0.351303 1.095334 1.852934
v 0.465639 1.164595 1.854373
v 0.417639 1.075953 1.852531
v 0.387146 1.049550 1.851983
v -0.214428 2.180839 3.567064
v -0.184244 2.248141 3.591842
v -0.226902 2.182297 3.567512
v -0.222286 2.122504 3.539229
v -0.235911 2.122506 3.539121
v 0.152910 0.908721 1.849057
v 0.196718 0.974524 1.850424
v 0.224069 0.939531 1.849697
v -0.463863 1.398227 5.463039
v -0.428539 1.398227 5.463039
v 0.402237 1.257106 2.361452
v 0.511547 1.192988 2.390101
v 0.523705 1.223575 2.360647
v 0.394271 1.227567 2.390712
v 0.510814 1.189925 2.537529
v 0.524015 1.219370 2.568223
v 0.569714 1.335990 2.570539
v 0.575999 1.387647 2.571612
v 0.579874 1.418238 2.542272
v 0.580089 1.421303 2.394737
v 0.458198 1.459864 2.395437
v 0.451281 1.435550 2.364950
v 0.576416 1.391856 2.364144
v 0.570024 1.338733 2.363040
v -0.521505 1.715215 -5.540254
v -0.678600 1.701752 -5.639173
v -0.556298 1.714366 -5.499387
v -0.538898 1.668369 -5.520789
v 0.556298 1.714366 -5.499387
v 0.678708 1.701752 -5.639173
v 0.521499 1.715213 -5.540153
v 0.538898 1.668369 -5.520789
v -0.569714 1.335990 2.570539
v -0.524123 1.219370 2.568223
v -0.576106 1.387647 2.571612
v -0.579982 1.418238 2.542272
v -0.580191 1.421303 2.394737
v -0.510915 1.189925 2.537529
v -0.394372 1.227567 2.390712
v -0.511547 1.192988 2.390101
v -0.402339 1.257106 2.361452
v -0.523806 1.223575 2.360647
v -0.451389 1.435552 2.364843
v -0.570131 1.338733 2.363040
v -0.576523 1.391856 2.364144
v -0.458198 1.459864 2.395437
v -0.387146 1.049550 1.851983
v -0.499914 1.185952 1.825360
v -0.109834 0.882017 0.974879
v 0.499806 1.185952 1.825360
v 0.109727 0.882017 0.974879
v -0.111093 2.448700 3.227334
v 0.110985 2.448700 3.227334
v -0.330762 1.754207 5.039496
v 0.330654 1.093506 5.008580
v -0.005867 3.843205 -7.846873
v 0.000000 3.853369 -7.846662
v 0.005867 3.843205 -7.846873
v 0.000000 3.848975 -7.630288
v -0.005867 3.838811 -7.630499
v 0.005867 3.838811 -7.630499
v -0.514898 1.881648 4.632174
v 0.011842 1.203695 -6.096815
v -0.350779 1.831546 -6.083979
v -1.782604 1.713054 -7.575603
v -1.793295 1.716394 -7.736337
v -1.793295 1.713054 -7.575603
v -1.782604 1.716394 -7.736337
v -1.787946 1.707177 -7.736528
v -1.787946 1.703838 -7.575795
v -1.782604 1.716394 -7.736337
v -1.782604 1.713054 -7.575603
v 0.220718 1.153973 -5.111439
v 0.441431 1.815982 -5.097785
v 0.441431 1.374644 -5.106854
v 0.220718 2.036547 -5.093310
v -0.220718 2.036547 -5.093310
v -0.220718 1.153973 -5.111439
v -0.441431 1.374644 -5.106854
v -0.441431 1.815982 -5.097785
v 1.563560 0.376330 -1.219366
v 1.531910 0.409757 -1.218671
v 1.531910 0.376330 -1.219366
v 1.563560 0.409757 -1.218671
v 1.599826 0.419018 -1.301290
v 1.611668 0.419621 -1.330317
v 1.590494 0.419242 -1.312080
v 1.620994 0.419397 -1.319520
v 1.517659 0.308905 -1.520986
v 1.531910 0.398466 -1.543023
v 1.531910 0.308905 -1.520986
v 1.517659 0.398466 -1.543023
v 1.531910 0.242372 -1.457062
v 1.517659 0.216634 -1.368493
v 1.517659 0.242372 -1.457062
v 1.531910 0.216634 -1.368493
v 1.517659 0.238671 -1.278932
v 1.531910 0.238671 -1.278932
v 1.517659 0.302593 -1.212298
v 1.531910 0.302593 -1.212298
v 1.517659 0.391163 -1.186667
v 1.531910 0.391163 -1.186667
v 1.517659 0.480832 -1.208701
v 1.531910 0.480832 -1.208701
v 1.517659 0.547359 -1.272626
v 1.531910 0.547359 -1.272626
v 1.517659 0.572996 -1.361197
v 1.531910 0.572996 -1.361197
v 1.517659 0.550953 -1.450758
v 1.531910 0.550953 -1.450758
v 1.563560 0.369473 -1.388798
v 1.531910 0.369473 -1.388798
v 1.531910 0.487136 -1.517283
v 1.517659 0.487136 -1.517283
v 1.531910 0.420814 -1.387731
v 1.563560 0.420814 -1.387731
v 1.590494 0.399229 -1.312496
v 1.611668 0.399608 -1.330732
v -0.199753 0.976933 1.850474
v -0.152910 0.908721 1.849057
v -0.078285 0.898664 1.848848
v -0.224177 0.939524 1.849697
v -0.339879 1.057706 1.978990
v -0.353813 1.019086 1.930594
v -0.325103 1.056811 1.931378
v -0.363563 1.026587 1.978343
v -0.351405 1.095334 1.852934
v -0.387146 1.046916 1.978765
v -0.363980 1.076568 1.979382
v -0.387146 1.049550 1.851983
v -0.478221 1.156421 1.854203
v -0.417747 1.075953 1.852531
v -0.252053 0.949046 1.976732
v -0.238953 0.989750 1.929984
v -0.264628 0.955483 1.929273
v -0.233085 0.974299 1.977257
v -0.224177 0.936890 1.976480
v -0.211077 0.957118 1.976900
v -0.295438 0.968789 1.929549
v 1.319790 1.301786 -0.984822
v 1.372716 1.300752 -0.935050
v 1.340123 1.276304 -0.953903
v 1.339915 1.341836 -0.985141
v 1.372608 1.341198 -0.954440
v -0.012474 0.942508 -1.860769
v 0.012367 0.952881 -2.087612
v -0.012474 0.952881 -2.087612
v 0.012367 0.942508 -1.860769
v -0.012474 0.952881 -2.087612
v -0.024841 0.921042 -1.861847
v -0.012474 0.942508 -1.860769
v -0.024841 0.931413 -2.088576
v 0.024841 0.931413 -2.088576
v 0.012367 0.942508 -1.860769
v 0.024841 0.921042 -1.861847
v 0.012367 0.952881 -2.087612
v 0.012367 0.909837 -2.089550
v 0.012367 0.899466 -1.862820
v -0.012474 0.909837 -2.089550
v -0.012474 0.899466 -1.862820
v 1.770970 0.665879 -1.280750
v 1.771912 1.105526 -1.270989
v 1.798637 0.727062 -1.248763
v 1.713954 1.401085 -1.329105
v 1.597203 1.403690 -1.459664
v 1.599928 0.679793 -1.471353
v 0.548648 1.372343 -2.942869
v 0.646640 1.401047 -2.956843
v 0.553048 1.403343 -2.956586
v 0.646741 1.370260 -2.943336
v 1.898830 1.388875 -2.921037
v 1.902813 1.460124 -2.621747
v 1.898931 1.348891 -2.903731
v 1.902605 1.531096 -2.652455
v 1.902390 1.524136 -2.630061
v 1.918322 1.388351 -2.921048
v 1.918430 1.348366 -2.903742
v 0.651040 1.566597 -2.650560
v 0.651249 1.500371 -2.621537
v 0.650832 1.559547 -2.629325
v 0.650516 1.547694 -2.618878
v 0.650832 1.559547 -2.629325
v 1.902605 1.531096 -2.652455
v 0.651040 1.566597 -2.650560
v 1.902390 1.524136 -2.630061
v 0.650516 1.547694 -2.618878
v 1.902080 1.512058 -2.618783
v 1.902080 1.512058 -2.618783
v 0.548648 1.245714 -3.270673
v 1.913290 1.206650 -3.272427
v -2.730447 1.440522 -3.000157
v -2.699948 1.484059 -2.991809
v -2.730447 1.482855 -2.999278
v -2.699948 1.441098 -2.992594
v -3.171037 1.463325 -3.002826
v -2.754656 1.440039 -2.901420
v -2.754656 1.481013 -2.900568
v -3.171037 1.431780 -3.003380
v -3.185712 1.425581 -3.022797
v -3.185712 1.468439 -3.021906
v -3.230462 1.428170 -3.081656
v -3.230462 1.464106 -3.080909
v -2.750882 1.434170 -2.916637
v -2.750882 1.486775 -2.915544
v -2.012856 1.514707 -2.781625
v -2.058340 1.448313 -2.749671
v -2.012856 1.451936 -2.782821
v -2.058340 1.515791 -2.748269
v -2.077415 1.509741 -2.734350
v -2.720382 1.434749 -2.909182
v -2.720382 1.488087 -2.908073
v -2.724049 1.482324 -2.893098
v -2.724049 1.440725 -2.893962
v -2.077415 1.453578 -2.735517
v -3.230462 1.449236 -3.333743
v -2.012856 1.489679 -3.332903
v 0.326045 1.122618 -0.080539
v 0.326045 1.271062 -0.056074
v 0.326045 1.271506 -0.077446
v 0.326045 1.122172 -0.059060
v 0.344696 1.271284 -0.066763
v 0.326045 1.122172 -0.059060
v 0.344696 1.122394 -0.069749
v 0.326045 1.271062 -0.056074
v 0.326045 1.122618 -0.080539
v 0.344696 1.122394 -0.069749
v 0.326045 1.122172 -0.059060
v -0.564574 1.422915 2.549389
v -0.475597 1.422499 2.392878
v -0.574431 1.388160 2.572147
v -0.494356 1.447259 2.422007
v -0.522447 1.219886 2.568651
v -0.425504 1.218957 2.416423
v -0.495298 1.194609 2.544019
v -0.422988 1.254108 2.389796
v -0.566882 1.336916 2.566473
v -0.467947 1.369786 2.386957
v -1.714687 0.578146 -1.402391
v -1.579285 0.530251 -1.286818
v -1.709971 0.595141 -1.397946
v -1.584102 0.513153 -1.291157
v 0.298378 1.037207 1.684213
v 0.228053 1.030932 1.693411
v 0.264312 1.014154 1.683734
v 0.296178 1.076931 1.694366
v 0.259912 1.093708 1.704150
v 0.225852 1.070661 1.703671
v -1.583369 0.681596 -1.457055
v -1.761221 0.611330 -1.344673
v -1.758395 0.673194 -1.269695
v -1.876821 0.423296 -1.451519
v -1.692053 0.508512 -1.552372
v -1.927231 0.363916 -1.469524
v -1.899146 0.409504 -1.443629
v 0.499914 1.194681 1.400369
v 0.478114 1.156421 1.854203
v 0.434830 1.116626 0.979753
v 0.499806 1.185952 1.825360
v 0.353712 1.019086 1.930600
v 0.387038 1.046916 1.978765
v 0.363563 1.026587 1.978343
v 0.387146 1.049550 1.851983
v 0.417639 1.075953 1.852531
v 0.417747 1.093781 0.979279
v 0.224069 0.936890 1.976480
v 0.264527 0.955483 1.929279
v 0.251945 0.949046 1.976732
v 0.224069 0.939524 1.849697
v 0.295337 0.968789 1.929555
v 0.152910 0.908721 1.849057
v 0.101767 0.905099 1.196124
v 0.152910 0.912136 1.159997
v 0.078292 0.898664 1.848848
v 0.106793 0.886641 1.080432
v 0.109727 0.882017 0.974879
v 0.210027 0.942061 0.976126
v 0.295444 0.985336 0.977026
v 0.236645 0.838216 -0.756291
v 0.254462 0.832530 -0.997298
v 0.345537 0.929858 -0.066414
v 0.345537 0.952590 -0.080613
v 0.345537 0.952285 -0.065948
v 0.345537 0.930163 -0.081079
v 0.293971 0.930163 -0.081079
v 0.293971 0.929858 -0.066414
v 0.362621 0.611256 -0.069467
v 0.376454 0.598244 -1.002166
v 0.376454 0.579188 -0.070133
v 0.357171 0.642985 -1.001236
v 0.345537 0.952285 -0.065948
v 0.293971 0.929858 -0.066414
v 0.345537 0.929858 -0.066414
v 0.295128 0.952285 -0.065948
v 0.345537 0.930163 -0.081079
v 0.295128 0.952590 -0.080613
v 0.345537 0.952590 -0.080613
v 0.293971 0.930163 -0.081079
v 0.254778 0.913422 -0.995617
v 0.295128 0.952285 -0.065948
v 0.295128 0.952590 -0.080613
v 0.318186 1.048536 -0.969955
v 0.297429 1.009974 -0.970656
v 0.299212 1.056917 -0.969781
v 0.335055 0.998129 -0.970902
v 0.318079 1.030410 -0.082664
v 0.297429 0.991851 -0.083465
v 0.299212 1.038798 -0.082490
v 0.335055 0.979910 -0.083713
v 0.318186 1.048638 -0.974880
v 0.297429 1.010079 -0.975681
v 0.335055 0.998233 -0.975927
v 0.299212 1.057020 -0.974705
v 0.307179 0.817811 -0.087081
v 0.335055 0.984397 -0.299668
v 0.335055 0.979910 -0.083713
v 0.307179 0.820228 -0.203390
v 0.339461 0.696013 -0.092552
v 0.339354 0.697476 -0.162963
v 0.381487 0.616380 -0.094207
v 0.381487 0.617564 -0.151205
v 0.376454 0.581003 -0.162342
v 0.376454 0.580455 -0.131113
v 0.362305 0.614519 -0.165946
v 0.284437 0.727825 -0.195875
v 0.250687 0.830195 -0.274358
v 0.250270 0.840654 -0.787790
v 0.335055 0.993773 -0.756094
v 0.307286 0.833643 -0.859111
v 0.285903 0.753015 -0.863411
v 0.339461 0.719691 -0.904354
v 0.359580 0.639409 -0.894911
v 0.381487 0.633106 -0.914438
v 0.376562 0.596247 -0.906078
v 0.307286 0.836036 -0.974269
v 0.335055 0.998129 -0.970902
v 0.339461 0.721161 -0.975082
v 0.381487 0.634403 -0.976884
v 0.376562 0.597125 -0.948310
v 0.336212 1.008808 -0.712698
v 0.336212 1.001217 -0.342511
v 0.293870 0.929577 -0.062960
v 0.295337 0.963826 -0.460064
v 0.250795 0.883684 -0.063807
v 0.272278 0.738879 -0.066815
v 0.238636 0.816939 -0.065193
v 0.294395 0.956591 -0.994828
v 0.288521 0.755621 -0.998896
v 0.337470 0.545464 -0.939107
v 0.335162 0.542254 -0.673862
v 0.376454 0.598244 -1.002166
v 0.334530 0.536369 -0.355312
v 0.335371 0.530569 -0.116321
v 0.376454 0.579188 -0.070133
v 0.309063 0.508123 -0.388290
v 0.310428 0.512709 -0.674476
v 0.297745 1.003870 -0.061417
v 0.297745 1.023026 -0.993447
v 0.272278 0.738879 -0.066815
v 0.357171 0.642985 -1.001236
v 0.288521 0.755621 -0.998896
v 0.362621 0.611256 -0.069467
v 0.250795 0.883684 -0.063807
v 0.294395 0.956591 -0.994828
v 0.293870 0.929577 -0.062960
v 0.254778 0.913422 -0.995617
v 0.238636 0.816939 -0.065193
v 0.254462 0.832530 -0.997298
v 0.376454 0.579188 -0.070133
v 0.376454 0.598244 -1.002166
v -1.771071 0.665879 -1.280750
v -1.771912 1.105526 -1.270989
v -1.798637 0.727062 -1.248763
v -1.713954 1.401087 -1.329212
v -1.597203 1.403690 -1.459664
v -1.600035 0.679793 -1.471353
v -1.740787 0.682947 -1.264883
v -1.735020 1.102918 -1.261709
v -1.762587 0.732216 -1.239645
v -1.679894 1.392388 -1.319325
v -1.583578 1.393188 -1.428433
v -1.585468 0.695162 -1.438851
v -1.704103 1.393239 -1.340170
v -1.583578 1.393188 -1.428433
v -1.607059 1.394023 -1.448545
v -1.679894 1.392388 -1.319325
v -1.760386 1.103794 -1.283495
v -1.735020 1.102918 -1.261709
v -1.787421 0.733078 -1.261008
v -1.762587 0.732216 -1.239645
v -1.740787 0.682947 -1.264883
v -1.765312 0.683808 -1.285936
v -1.585468 0.695162 -1.438851
v -1.609784 0.696014 -1.459797
v 0.108368 0.263485 3.278370
v 0.122827 0.263063 3.278570
v 0.108368 0.215103 3.301371
v -0.108469 0.263485 3.278370
v -0.122935 0.263063 3.278570
v -0.108469 0.215103 3.301371
v 2.775717 1.444062 -1.571409
v 2.800558 1.454827 -1.590055
v 2.775717 1.461179 -1.582898
v 2.800558 1.432722 -1.590515
v 2.804016 1.457779 -1.621019
v 2.804016 1.428543 -1.621626
v 2.775717 1.427545 -1.583596
v 2.775717 1.425097 -1.607027
v 2.775717 1.464288 -1.606212
v -1.372608 1.341198 -0.954440
v -1.004753 1.512770 -0.625076
v -1.339915 1.341836 -0.985141
v -1.037453 1.512132 -0.594380
v -1.037453 1.512132 -0.594380
v -1.372716 1.300754 -0.935157
v -1.037554 1.471579 -0.574986
v -1.372608 1.341198 -0.954440
v -0.984628 1.472613 -0.624759
v -1.319898 1.301786 -0.984822
v -1.004961 1.447231 -0.593838
v -1.340123 1.276304 -0.953903
v 0.288211 1.041507 1.779799
v 0.266727 1.045196 1.783961
v 0.262219 1.023903 1.779433
v 1.820330 1.662368 -6.281112
v 1.827455 1.711557 -6.817219
v 1.827455 1.677398 -6.817929
v 1.820330 1.704694 -6.280232
v 1.828821 1.665558 -6.202737
v 1.828821 1.698143 -6.202060
v 1.885306 1.665558 -6.202737
v 1.885306 1.698143 -6.202060
v 1.857013 1.680574 -6.138376
v 1.893797 1.662368 -6.281112
v 1.893797 1.704694 -6.280232
v 1.857639 1.709671 -7.558903
v 1.827455 1.711557 -6.817219
v 1.857639 1.709671 -7.558903
v 1.827455 1.677398 -6.817929
v -1.655894 1.171480 -1.312488
v -1.304698 1.318962 -0.948616
v -1.643319 1.146322 -1.312385
v -1.317274 1.344123 -0.948826
v -1.676436 1.171187 -1.293206
v -1.337816 1.343827 -0.929437
v -1.652436 1.183408 -1.321365
v -1.714586 1.167993 -1.321161
v -1.685661 1.182759 -1.290139
v -1.681361 1.168641 -1.352381
v -1.666478 1.108591 -1.337800
v -1.714586 1.167993 -1.321161
v -1.681361 1.168641 -1.352381
v -1.699703 1.107942 -1.306580
v -1.670778 1.122706 -1.275451
v -1.652436 1.183408 -1.321365
v -1.685661 1.182759 -1.290139
v -1.637553 1.123248 -1.306679
v -1.666478 1.108591 -1.337800
v -1.670778 1.122706 -1.275451
v -1.699703 1.107942 -1.306580
v -1.637553 1.123248 -1.306679
v -1.681361 1.168641 -1.352381
v -1.666478 1.108591 -1.337800
v -1.317381 1.303045 -0.929134
v -1.656002 1.130404 -1.292903
v -1.643319 1.146322 -1.312385
v -1.676436 1.171187 -1.293206
v -1.655894 1.171480 -1.312488
v -1.676436 1.145673 -1.281158
v -1.676436 1.145673 -1.281158
v -1.337816 1.343827 -0.929437
v -1.676436 1.171187 -1.293206
v -1.337923 1.318313 -0.917389
v -1.656002 1.130404 -1.292903
v -1.736595 0.477520 -1.508572
v -1.657361 0.635361 -1.350782
v -1.755145 0.477181 -1.487091
v -1.590494 0.636974 -1.428424
v -1.927231 0.363916 -1.469530
v -1.876821 0.423290 -1.451519
v -1.899146 0.409504 -1.443629
v -1.692053 0.508512 -1.552372
v -1.583369 0.681596 -1.457055
v -1.761221 0.611330 -1.344673
v -1.758395 0.673194 -1.269695
v -1.596577 0.675766 -1.448898
v -1.738378 0.645017 -1.295962
v -1.595843 0.651857 -1.448661
v -1.747703 0.668519 -1.286987
v -1.737954 0.604265 -1.347652
v -1.689328 0.502719 -1.530694
v -1.656210 0.651262 -1.349402
v -1.589344 0.652877 -1.427145
v -1.736595 0.477520 -1.508572
v -1.601394 0.651102 -1.437566
v -1.590494 0.636974 -1.428424
v -1.744453 0.487824 -1.515068
v -1.601394 0.651102 -1.437566
v -1.763004 0.487377 -1.493588
v -1.668261 0.649486 -1.359816
v -1.744453 0.487824 -1.515068
v -1.657361 0.635361 -1.350782
v -1.763004 0.487377 -1.493588
v -1.755145 0.477181 -1.487091
v -1.668261 0.649486 -1.359816
v -1.589344 0.652877 -1.427145
v -1.656210 0.651262 -1.349402
v -1.589344 0.652877 -1.427145
v -1.656210 0.651262 -1.349402
v -1.869797 0.392065 -1.467162
v -3.230462 1.464106 -3.080909
v -2.730447 1.482855 -2.999278
v -2.720382 1.488087 -2.908073
v -2.077415 1.509741 -2.734350
v -2.058340 1.515791 -2.748269
v -2.754656 1.481013 -2.900568
v -2.750882 1.486775 -2.915544
v -3.185712 1.468439 -3.021906
v -3.230462 1.449236 -3.333743
v -2.012856 1.514707 -2.781625
v -2.699948 1.484059 -2.991809
v -2.012856 1.489679 -3.332903
v -2.724049 1.482324 -2.893098
v -3.171037 1.463325 -3.002826
v 1.394099 1.348443 -2.649957
v 1.362442 1.314281 -2.589977
v 1.361607 1.309926 -2.653066
v 1.397241 1.355089 -2.596673
v 1.361607 1.309926 -2.653066
v 1.327649 1.355280 -2.595829
v 1.329432 1.348634 -2.649119
v 1.362442 1.314281 -2.589977
v 0.553048 1.403343 -2.956586
v 0.548648 1.245714 -3.270673
v 1.913290 1.206650 -3.272427
v 0.646640 1.401047 -2.956843
v 1.898830 1.388875 -2.921037
v 0.651040 1.566597 -2.650566
v 1.918322 1.388351 -2.921048
v 1.395666 1.431208 -2.733566
v 1.407300 1.480397 -2.618916
v 1.317590 1.480590 -2.617863
v 1.326081 1.433517 -2.733625
v 1.360665 1.329044 -2.730452
v 1.360665 1.329044 -2.730452
v 1.359300 1.388234 -2.844841
v 1.359300 1.388234 -2.844841
v 0.227844 1.108013 1.530332
v 0.262219 1.023903 1.779433
v 0.266727 1.045196 1.783961
v 0.223336 1.086728 1.525697
v 0.244820 1.083039 1.521529
v 0.288211 1.041507 1.779799
v 0.283703 1.020222 1.775164
v 0.249435 1.104332 1.526063
v 0.262219 1.023903 1.779433
v 0.244820 1.083039 1.521529
v 0.283703 1.020222 1.775164
v 0.223336 1.086728 1.525697
v 0.227844 1.108013 1.530332
v 0.288211 1.041507 1.779799
v 0.249435 1.104332 1.526063
v 0.266727 1.045196 1.783961
v -1.771912 1.105526 -1.270989
v -1.771071 0.665879 -1.280750
v -1.798637 0.727062 -1.248763
v -1.713954 1.401087 -1.329212
v -1.597203 1.403690 -1.459664
v -1.600035 0.679793 -1.471353
v -1.517767 0.206552 -1.095107
v -1.474900 0.069996 -1.157275
v -1.474900 0.174139 -1.048712
v -1.517767 0.117590 -1.187734
v -1.517767 0.073579 -1.435621
v -1.474900 0.078786 -1.585521
v -1.474900 0.018377 -1.447772
v -1.517767 0.125076 -1.553212
v -1.517767 0.324036 -1.043605
v -1.474900 0.174139 -1.048712
v -1.474900 0.311883 -0.988303
v -1.517767 0.206552 -1.095107
v -1.294639 0.324036 -1.043605
v -1.294639 0.583185 -1.634580
v -1.294639 0.452393 -1.040939
v -1.294639 0.465588 -1.686078
v -1.337499 0.602487 -1.039919
v -1.474900 0.710945 -1.144166
v -1.474900 0.602489 -1.040027
v -1.337499 0.710945 -1.144166
v -1.294639 0.125076 -1.553212
v -1.294639 0.117698 -1.187732
v -1.294639 0.070912 -1.307264
v -1.294639 0.217708 -1.642067
v -1.294639 0.206552 -1.095107
v -1.294639 0.337339 -1.688743
v -1.517767 0.452393 -1.040939
v -1.517767 0.672040 -1.541955
v -1.517767 0.583185 -1.634580
v -1.517767 0.572030 -1.087621
v -1.517767 0.465588 -1.686078
v -1.517767 0.324036 -1.043605
v -1.474900 0.719735 -1.572413
v -1.337499 0.774478 -1.432277
v -1.337499 0.719735 -1.572413
v -1.474900 0.774478 -1.432277
v -1.517767 0.070912 -1.307264
v -1.517767 0.217708 -1.642067
v -1.517767 0.125076 -1.553212
v -1.517767 0.117590 -1.187734
v -1.517767 0.206552 -1.095107
v -1.517767 0.337339 -1.688743
v -1.517767 0.718718 -1.422426
v -1.517767 0.664547 -1.176478
v -1.294639 0.206552 -1.095107
v -1.337499 0.311883 -0.988303
v -1.337499 0.174139 -1.048712
v -1.294639 0.324036 -1.043605
v -1.294639 0.324036 -1.043605
v -1.337499 0.462347 -0.985278
v -1.337499 0.311883 -0.988303
v -1.294639 0.452393 -1.040939
v -1.294639 0.452393 -1.040939
v -1.337499 0.602487 -1.039919
v -1.337499 0.462347 -0.985278
v -1.294639 0.572030 -1.087621
v -1.294639 0.572030 -1.087621
v -1.294639 0.664547 -1.176478
v -1.294639 0.664547 -1.176478
v -1.337499 0.771354 -1.281916
v -1.337499 0.710945 -1.144166
v -1.294639 0.716152 -1.294066
v -1.294639 0.716152 -1.294066
v -1.337499 0.774478 -1.432277
v -1.337499 0.771354 -1.281916
v -1.294639 0.718718 -1.422426
v -1.294639 0.718718 -1.422426
v -1.294639 0.672040 -1.541955
v -1.294639 0.672040 -1.541955
v -1.337499 0.615592 -1.680976
v -1.337499 0.719735 -1.572413
v -1.294639 0.583185 -1.634580
v -1.294639 0.583185 -1.634580
v -1.337499 0.477848 -1.741385
v -1.337499 0.615592 -1.680976
v -1.294639 0.465588 -1.686078
v -1.294639 0.465588 -1.686078
v -1.337499 0.327384 -1.744403
v -1.337499 0.477848 -1.741385
v -1.294639 0.337339 -1.688743
v -1.294639 0.337339 -1.688743
v -1.337499 0.187250 -1.689768
v -1.337499 0.327384 -1.744403
v -1.294639 0.217708 -1.642067
v -1.294639 0.217708 -1.642067
v -1.337499 0.078786 -1.585521
v -1.337499 0.187250 -1.689768
v -1.294639 0.125076 -1.553212
v -1.294639 0.125076 -1.553212
v -1.337499 0.018377 -1.447772
v -1.337499 0.078786 -1.585521
v -1.294639 0.073579 -1.435621
v -1.294639 0.073579 -1.435621
v -1.337499 0.015253 -1.297411
v -1.337499 0.018377 -1.447772
v -1.294639 0.070912 -1.307264
v -1.294639 0.070912 -1.307264
v -1.337499 0.069996 -1.157275
v -1.337499 0.015253 -1.297411
v -1.294639 0.117698 -1.187732
v -1.294639 0.117698 -1.187732
v -1.337499 0.174139 -1.048712
v -1.337499 0.069996 -1.157275
v -1.294639 0.206552 -1.095107
v -1.474900 0.615592 -1.680976
v -1.517767 0.465588 -1.686078
v -1.517767 0.583185 -1.634580
v -1.474900 0.477848 -1.741385
v -1.517767 0.117590 -1.187734
v -1.474900 0.015253 -1.297411
v -1.474900 0.069996 -1.157275
v -1.517767 0.070912 -1.307264
v -1.474900 0.771354 -1.281916
v -1.474900 0.710945 -1.144166
v -1.474900 0.774478 -1.432277
v -1.474900 0.771354 -1.281916
v -1.474900 0.462347 -0.985278
v -1.517767 0.572030 -1.087621
v -1.517767 0.452393 -1.040939
v -1.474900 0.602489 -1.040027
v -1.474900 0.615592 -1.680976
v -1.474900 0.719735 -1.572413
v -1.474900 0.327384 -1.744403
v -1.474900 0.477848 -1.741385
v -1.474900 0.187250 -1.689768
v -1.474900 0.327384 -1.744403
v -1.474900 0.078786 -1.585521
v -1.474900 0.187250 -1.689768
v -1.474900 0.015253 -1.297411
v -1.474900 0.018377 -1.447772
v -1.294639 0.572030 -1.087621
v -1.294639 0.672040 -1.541955
v -1.517767 0.452393 -1.040939
v -1.474900 0.311883 -0.988303
v -1.474900 0.462347 -0.985278
v -1.517767 0.324036 -1.043605
v -1.517767 0.337339 -1.688743
v -1.517767 0.465588 -1.686078
v -1.517767 0.664547 -1.176478
v -1.517767 0.572030 -1.087621
v -1.517767 0.716152 -1.294066
v -1.517767 0.664547 -1.176478
v -1.517767 0.718718 -1.422426
v -1.517767 0.716152 -1.294066
v -1.517767 0.672040 -1.541955
v -1.517767 0.718718 -1.422426
v -1.517767 0.583185 -1.634580
v -1.517767 0.672040 -1.541955
v -1.294639 0.664547 -1.176478
v -1.294639 0.718718 -1.422426
v -1.517767 0.125076 -1.553212
v -1.517767 0.217708 -1.642067
v -1.517767 0.070912 -1.307264
v -1.517767 0.073579 -1.435621
v -1.517767 0.217708 -1.642067
v -1.517767 0.337339 -1.688743
v -1.517767 0.073579 -1.435621
v -1.517767 0.716152 -1.294066
v -1.294639 0.073579 -1.435621
v -1.294639 0.716152 -1.294066
v 0.102709 0.919636 -1.476431
v 0.102500 0.943130 -1.643556
v 0.099560 0.940907 -1.475989
v 0.107318 0.911069 -1.644222
v 0.130794 0.953647 -1.675520
v 0.130794 0.921477 -1.670946
v 0.224594 0.998678 -1.698590
v 0.236019 0.980637 -1.698022
v 0.337046 1.080395 -1.721422
v 0.201643 0.973371 -2.120203
v 0.154794 0.965564 -2.137977
v 0.195036 0.983691 -2.112229
v 0.167578 0.957996 -2.142011
v 0.154376 0.967353 -2.188777
v 0.166636 0.960357 -2.185046
v 0.194518 0.986634 -2.213748
v 0.232978 0.994833 -2.184330
v 0.232870 1.007802 -2.187937
v 0.234445 0.991529 -2.141314
v 0.233186 1.006116 -2.137235
v -0.099560 0.940907 -1.475989
v -0.042550 0.909162 -1.476648
v -0.054392 0.941640 -1.475973
v -0.102810 0.919636 -1.476431
v 0.042550 0.909162 -1.476648
v 0.054392 0.941640 -1.475973
v 0.057117 0.944975 -2.267133
v 0.000000 0.927795 -2.267490
v 0.000000 0.941941 -2.267196
v 0.057117 0.934811 -2.267344
v 0.102500 0.951581 -2.266996
v 0.102500 0.943509 -2.267164
v -0.102500 0.943130 -1.643556
v -0.107318 0.911069 -1.644222
v -0.130794 0.953647 -1.675520
v -0.130794 0.921477 -1.670946
v -0.224594 0.998678 -1.698590
v -0.236019 0.980637 -1.698022
v -0.042550 0.902978 -1.577725
v 0.057117 0.942902 -1.576895
v -0.057117 0.942902 -1.576895
v 0.042550 0.902978 -1.577725
v -0.166636 0.960357 -2.185046
v -0.232978 0.994833 -2.184330
v -0.194518 0.986634 -2.213748
v -0.232870 1.007802 -2.187937
v -0.154376 0.967353 -2.188777
v -0.167578 0.957996 -2.142011
v -0.154794 0.965564 -2.137977
v -0.201643 0.973371 -2.120203
v -0.195036 0.983691 -2.112229
v -0.233294 1.006116 -2.137235
v -0.234445 0.991529 -2.141314
v 0.000000 0.941658 -2.253574
v -0.057117 0.930027 -2.253816
v 0.057117 0.930027 -2.253816
v -0.057117 0.944692 -2.253511
v 0.057117 0.942894 -1.838855
v 0.057117 0.944692 -2.253511
v 0.057117 0.912703 -1.934663
v -0.057117 0.942894 -1.838855
v -0.057117 0.912703 -1.934663
v -0.057117 0.944975 -2.267133
v -0.057117 0.934811 -2.267344
v -0.102500 0.951581 -2.266996
v -0.102500 0.943509 -2.267164
v -0.197869 0.987207 -2.266256
v 0.156052 0.960302 -1.980635
v 0.170828 0.948430 -1.933920
v 0.170619 0.949640 -1.976980
v 0.156159 0.959148 -1.929922
v 0.203426 0.966112 -1.912064
v 0.195669 0.978423 -1.904049
v 0.234236 1.000324 -1.929067
v 0.236019 0.984791 -1.933272
v 0.234027 1.001586 -1.979777
v 0.235911 0.985791 -1.976229
v 0.195877 0.980218 -2.005694
v 0.203319 0.968110 -1.998192
v -0.236019 0.984791 -1.933272
v -0.234027 1.001586 -1.979777
v -0.234236 1.000324 -1.929067
v -0.236019 0.985791 -1.976229
v -0.195877 0.980218 -2.005694
v -0.203319 0.968110 -1.998192
v -0.170619 0.949640 -1.976980
v -0.156159 0.960302 -1.980635
v -0.170828 0.948432 -1.934028
v -0.156159 0.959148 -1.929922
v -0.203528 0.966112 -1.912064
v -0.195669 0.978423 -1.904049
v 0.197869 0.987207 -2.266256
v -0.337046 1.080395 -1.721422
v 0.000000 0.895538 -1.577879
v 1.704103 1.393239 -1.340170
v 1.583578 1.393186 -1.428332
v 1.679894 1.392388 -1.319325
v 1.607059 1.394023 -1.448545
v 1.787320 0.733075 -1.260907
v 1.740787 0.682947 -1.264883
v 1.765204 0.683808 -1.285936
v 1.762587 0.732216 -1.239645
v 1.735020 1.102916 -1.261608
v 1.760386 1.103792 -1.283394
v 1.585468 0.695155 -1.438851
v 1.609784 0.696014 -1.459797
v -0.651040 1.566597 -2.650566
v -0.646741 1.401047 -2.956843
v -0.650832 1.559547 -2.629325
v -0.650516 1.547694 -2.618878
v -1.902390 1.524136 -2.630061
v -1.902080 1.512058 -2.618783
v -1.902605 1.531096 -2.652455
v -1.898830 1.388875 -2.921037
v -1.918322 1.388351 -2.921048
v -0.650516 1.547694 -2.618878
v -1.902390 1.524136 -2.630061
v -1.902080 1.512058 -2.618783
v -0.650832 1.559547 -2.629325
v -0.548648 1.372343 -2.942869
v -0.553048 1.403343 -2.956586
v 0.186760 0.850320 4.559168
v 0.182568 0.759835 4.524581
v 0.188752 0.907897 4.688878
v 0.188752 0.908806 3.615794
v 0.180052 0.761284 3.481174
v 0.118326 0.958944 3.962657
v 0.161186 0.826813 3.959911
v 0.151234 0.828071 3.959937
v 0.168627 0.833728 3.960055
v 0.166952 0.831620 3.566913
v 0.168318 0.887109 3.615761
v 0.168735 0.830495 4.544502
v 0.168318 0.886187 4.633814
v 0.142952 0.845842 4.653522
v 0.186760 0.850320 4.559168
v 0.091910 0.775656 4.782468
v 0.188752 0.907897 4.688878
v 0.182568 0.759835 4.524581
v 0.093276 0.949905 3.630693
v 0.146935 0.918053 3.630032
v 0.146935 0.962269 3.630950
v 0.133835 0.902964 3.629718
v 0.080176 0.905056 3.629762
v 0.168103 0.887035 3.629387
v 0.166952 0.831605 3.628236
v 0.151234 0.827855 3.970310
v 0.168627 0.833513 3.970428
v 0.118326 0.958730 3.972929
v 0.161186 0.826597 3.970284
v 0.091910 0.775656 4.782468
v 0.133835 0.852710 4.781976
v 0.141694 0.835116 4.639880
v 1.726428 0.480885 -1.534184
v 1.775895 0.493493 -1.470190
v 1.779038 0.479719 -1.473201
v 1.723286 0.494659 -1.531172
v -0.227945 1.108013 1.530332
v -0.262219 1.023903 1.779433
v -0.223443 1.086728 1.525697
v -0.266828 1.045196 1.783961
v -0.244927 1.083039 1.521529
v -0.288312 1.041507 1.779799
v -0.249435 1.104332 1.526063
v -0.283811 1.020222 1.775164
v -0.262219 1.023903 1.779433
v -0.244927 1.083039 1.521529
v -0.223443 1.086728 1.525697
v -0.283811 1.020222 1.775164
v -0.227945 1.108013 1.530332
v -0.288312 1.041507 1.779799
v -0.266828 1.045196 1.783961
v -0.249435 1.104332 1.526063
v -0.499914 1.194681 1.400369
v -0.499914 1.185952 1.825360
v -0.434937 1.116626 0.979753
v -0.353813 1.019086 1.930600
v -0.387146 1.046916 1.978765
v -0.387146 1.049550 1.851983
v -0.363563 1.026587 1.978343
v -0.417747 1.075953 1.852531
v -0.417854 1.093781 0.979279
v -0.224177 0.936890 1.976480
v -0.264628 0.955483 1.929279
v -0.224177 0.939524 1.849697
v -0.252053 0.949046 1.976732
v -0.295438 0.968789 1.929555
v -0.152910 0.908721 1.849057
v -0.101868 0.905099 1.196124
v -0.078285 0.898664 1.848848
v -0.152910 0.912136 1.159997
v -0.109834 0.882017 0.974879
v -0.106793 0.886641 1.080432
v -0.210128 0.942061 0.976126
v -0.295438 0.985336 0.977026
v 1.949239 1.063691 -2.309952
v 1.988331 1.141796 -2.375938
v 1.988331 1.091532 -2.353293
v 1.949239 1.213445 -2.302856
v 1.988331 1.189866 -2.348632
v 2.071232 1.057972 -2.185952
v 1.949239 1.063691 -2.309952
v 2.071232 1.063691 -2.309952
v 1.949239 1.057972 -2.185952
v 2.039265 0.981041 0.144305
v 1.949138 0.955799 0.002056
v 2.071232 0.955799 0.002056
v 1.981098 0.981041 0.144305
v 2.071232 1.163613 -2.023479
v 2.010232 1.357898 -2.136535
v 2.071232 1.352222 -2.014634
v 2.010232 1.205945 -2.143676
v -2.071232 1.091022 -0.466958
v -2.010232 1.273456 -0.327419
v -2.071232 1.287064 -0.619286
v -2.010232 1.077271 -0.173418
v -1.949239 1.091022 -0.466958
v -1.949239 1.287064 -0.619286
v -2.010232 1.118276 -1.052159
v -2.071232 1.294776 -0.783490
v -2.010232 1.301425 -0.926967
v -2.071232 1.111638 -0.909213
v -1.949239 1.294776 -0.783490
v -1.949239 1.111638 -0.909213
v -2.010232 1.140939 -1.537557
v -1.949239 1.339768 -1.748215
v -2.010232 1.334093 -1.626314
v -1.949239 1.146612 -1.659350
v -2.010232 1.357900 -2.136636
v -2.071232 1.163613 -2.023479
v -2.071232 1.352222 -2.014634
v -2.010232 1.205945 -2.143676
v 1.949239 1.163613 -2.023479
v 1.949239 1.352222 -2.014634
v -2.071232 1.339768 -1.748215
v -2.071232 1.146612 -1.659350
v -1.949239 1.352222 -2.014634
v -1.949239 1.163613 -2.023479
v 1.949239 1.339768 -1.748215
v 2.010232 1.140939 -1.537557
v 2.010232 1.334090 -1.626213
v 1.949239 1.146612 -1.659350
v -2.071232 0.972767 -0.360499
v -2.071232 1.041318 -2.186716
v -2.071232 0.956113 -0.361269
v -2.071232 1.057972 -2.185952
v -2.071232 1.163613 -2.023479
v -2.071232 1.213445 -2.302856
v -2.071232 1.063691 -2.309952
v -2.071232 1.068798 0.007338
v -2.071232 0.955799 0.002056
v 2.071232 1.091022 -0.466958
v 2.010232 1.273456 -0.327419
v 2.010232 1.077271 -0.173418
v 2.071232 1.287062 -0.619179
v 1.949138 1.111638 -0.909213
v 1.949138 1.287062 -0.619179
v 1.949138 1.294776 -0.783490
v 1.949138 1.091022 -0.466958
v -1.949239 0.972767 -0.360499
v -1.949239 1.068798 0.007338
v -1.949239 0.955799 0.002056
v -1.949239 1.163613 -2.023479
v -1.949239 1.057972 -2.185952
v -1.949239 1.063691 -2.309952
v -1.949239 1.213445 -2.302856
v -1.949239 1.041318 -2.186716
v -1.949239 0.956113 -0.361269
v -2.039265 0.981043 0.144197
v -1.981098 0.981043 0.144197
v -2.010232 0.978979 0.188181
v -2.071232 0.955799 0.002056
v -1.949239 0.955799 0.002056
v -1.988647 1.091532 -2.353293
v -2.032032 1.141796 -2.375938
v -1.988647 1.141796 -2.375938
v -2.032032 1.091532 -2.353293
v -2.071232 1.063691 -2.309952
v -1.949239 1.063691 -2.309952
v -1.949239 1.213445 -2.302856
v -2.032032 1.189866 -2.348632
v -2.071232 1.213445 -2.302856
v -1.988647 1.189866 -2.348632
v -2.032032 1.141796 -2.375938
v -1.988647 1.141796 -2.375938
v 2.071232 1.294776 -0.783490
v 2.071232 1.111638 -0.909213
v 2.071232 1.041318 -2.186716
v 1.949138 0.956113 -0.361269
v 1.949239 1.041318 -2.186716
v 2.071232 0.956113 -0.361269
v 2.010232 1.118273 -1.052057
v 2.010232 1.301425 -0.926967
v -2.071232 1.200269 -2.021775
v -1.949239 1.200269 -2.021775
v 2.062324 1.054299 0.079369
v 2.071232 0.955799 0.002056
v 2.071232 1.068798 0.007338
v 2.039265 0.981041 0.144305
v 2.043356 1.026124 0.138848
v 2.010232 0.978979 0.188181
v 1.949138 0.955799 0.002056
v 1.958040 1.054299 0.079369
v 1.949138 1.068798 0.007338
v 1.981098 0.981041 0.144305
v 1.977115 1.026124 0.138848
v -1.949239 1.057972 -2.185952
v -2.071232 1.057972 -2.185952
v 1.949138 0.972767 -0.360499
v 2.071232 0.972767 -0.360499
v 2.043356 1.026124 0.138848
v 1.977115 1.026124 0.138848
v 2.010232 0.978979 0.188181
v 1.958040 1.054299 0.079369
v 2.062324 1.054299 0.079369
v 1.949138 1.068798 0.007338
v 2.071232 1.068798 0.007338
v 1.949239 1.163613 -2.023479
v -2.032032 1.141796 -2.375938
v -2.032032 1.091532 -2.353293
v -2.032032 1.189866 -2.348632
v 2.071232 1.146612 -1.659350
v 2.071232 1.339768 -1.748215
v -2.071232 1.163613 -2.023479
v -1.949239 1.068798 0.007338
v -1.949239 1.163613 -2.023479
v -2.071232 1.068798 0.007338
v -1.958040 1.054301 0.079262
v -2.062425 1.054301 0.079262
v -1.977115 1.026124 0.138848
v -2.043356 1.026124 0.138848
v -2.010232 0.978979 0.188181
v 2.071232 1.041318 -2.186716
v 2.071232 0.972767 -0.360499
v 2.071232 0.956113 -0.361269
v 2.071232 1.057972 -2.185952
v 2.071232 1.163613 -2.023479
v 2.071232 1.063691 -2.309952
v 2.071232 1.213445 -2.302856
v -1.988647 1.141796 -2.375938
v -1.988647 1.189866 -2.348632
v -1.988647 1.091532 -2.353293
v 1.949239 1.163613 -2.023479
v 1.949239 1.200269 -2.021775
v 1.949239 1.057972 -2.185952
v 1.949138 0.972767 -0.360499
v 1.949239 1.041318 -2.186716
v 1.949138 0.956113 -0.361269
v 1.988331 1.141796 -2.375938
v 2.031824 1.189866 -2.348632
v 2.031824 1.141796 -2.375938
v 1.988331 1.189866 -2.348632
v 2.071232 1.213445 -2.302856
v 1.949239 1.213445 -2.302856
v 2.031824 1.141796 -2.375938
v 2.031824 1.189866 -2.348632
v 2.031824 1.091532 -2.353293
v 2.031824 1.091532 -2.353293
v 1.988331 1.091532 -2.353293
v 1.988331 1.141796 -2.375938
v -1.981098 0.981043 0.144197
v -1.977115 1.026124 0.138848
v -2.010232 0.978979 0.188181
v -1.958040 1.054301 0.079262
v -2.071232 0.972767 -0.360499
v -1.949239 0.972767 -0.360499
v -2.043356 1.026124 0.138848
v -2.039265 0.981043 0.144197
v -2.062425 1.054301 0.079262
v 1.949239 1.200269 -2.021775
v 2.071232 1.200269 -2.021775
v -2.071232 0.956113 -0.361269
v -1.949239 1.041318 -2.186716
v -1.949239 0.956113 -0.361269
v -2.071232 1.041318 -2.186716
v 2.031824 1.141796 -2.375938
v 2.071232 1.163613 -2.023479
v 2.010232 0.978979 0.188181
v 2.071232 1.200269 -2.021775
v -2.071232 1.200269 -2.021775
v -1.949239 1.200269 -2.021775
v -0.086252 2.266060 3.355202
v 0.080593 2.266067 3.354887
v 0.079758 2.356253 3.282335
v 0.077552 2.364678 3.275591
v 0.074093 2.372780 3.269158
v 0.069168 2.380451 3.263025
v 0.063092 2.387489 3.257302
v 0.055967 2.393990 3.252087
v 0.047684 2.399535 3.247592
v 0.038675 2.404331 3.243816
v -0.085727 2.356247 3.282650
v -0.083634 2.364671 3.275908
v -0.080068 2.372775 3.269366
v -0.075250 2.380447 3.263233
v -0.069276 2.387484 3.257511
v -0.062043 2.393986 3.252296
v -0.053868 2.399531 3.247801
v -0.044751 2.404329 3.243917
v -0.035001 2.408067 3.240852
v -0.024734 2.410830 3.238708
v -0.013941 2.412542 3.237277
v -0.003142 2.413076 3.236864
v 0.007758 2.412542 3.237277
v 0.018550 2.410833 3.238601
v 0.028824 2.408069 3.240744
v 1.602551 0.838450 -1.393314
v 1.628644 0.472451 -1.370520
v 1.602551 0.473080 -1.400798
v 1.628644 0.837821 -1.363030
v 1.615443 0.471774 -1.332793
v 1.615443 0.837037 -1.325312
v 1.550043 0.472142 -1.355640
v 1.576142 0.836883 -1.317872
v 1.550043 0.837512 -1.348150
v 1.576142 0.471620 -1.325353
v 1.640177 0.371514 -1.355840
v 1.601084 0.384445 -1.428220
v 1.653694 0.383176 -1.367132
v 1.587561 0.372783 -1.416927
v 1.591443 0.540625 -1.291529
v 1.665852 0.420621 -1.358070
v 1.580853 0.525663 -1.282721
v 1.676436 0.435475 -1.366881
v 1.585677 0.419789 -1.307984
v 1.585677 0.471237 -1.306915
v 1.571944 0.434417 -1.295835
v 1.647827 0.472240 -1.360356
v 1.620577 0.420412 -1.337952
v 1.653694 0.383176 -1.367132
v 1.625395 0.378998 -1.342898
v 1.640177 0.371514 -1.355840
v 1.572785 0.380268 -1.403985
v 1.620577 0.420412 -1.337952
v 1.568069 0.421681 -1.399039
v 1.625395 0.378998 -1.342898
v 1.572785 0.380268 -1.403985
v 1.601084 0.384445 -1.428220
v 1.587561 0.372783 -1.416927
v 1.568069 0.421681 -1.399039
v 1.595318 0.473509 -1.421443
v 1.533168 0.421056 -1.368963
v 1.533168 0.472399 -1.368004
v 1.519442 0.435686 -1.356922
v 1.585677 0.471237 -1.306915
v 1.519442 0.435686 -1.356922
v 1.571944 0.434417 -1.295835
v 1.533168 0.472399 -1.368004
v 1.595318 0.473509 -1.421443
v 1.647827 0.472240 -1.360356
v 1.587561 0.372783 -1.416927
v 1.640177 0.371514 -1.355840
v 1.585677 0.419789 -1.307984
v 1.568069 0.421681 -1.399039
v 1.620577 0.420412 -1.337952
v 1.533168 0.421056 -1.368963
v 1.571944 0.434417 -1.295835
v 1.519442 0.435686 -1.356922
v 1.580751 0.478024 -1.285702
v 1.598884 0.536086 -1.300116
v 1.594478 0.476494 -1.297579
v 1.585051 0.537515 -1.288242
v 1.577502 0.425909 -1.299996
v 1.590286 0.494248 -1.309579
v 1.597203 0.429926 -1.316784
v 1.570585 0.490229 -1.292683
v 1.579911 0.497834 -1.300487
v 1.597626 0.494074 -1.301198
v 1.584734 0.425733 -1.291506
v 1.604435 0.429752 -1.308402
v 1.577919 0.490055 -1.284302
v 1.563251 0.838296 -1.385874
v 1.563251 0.472925 -1.393358
v 1.563251 0.472925 -1.393358
v 1.563251 0.838296 -1.385874
v 1.587144 0.497660 -1.292105
v 0.225852 1.070661 1.703671
v 0.228160 1.145090 1.496511
v 0.194094 1.122037 1.496032
v 0.259912 1.093708 1.704150
v 0.194094 1.122037 1.496032
v 0.228053 1.030932 1.693411
v 0.225852 1.070661 1.703671
v 0.196193 1.082313 1.485879
v 0.264312 1.128312 1.486835
v 0.296178 1.076931 1.694366
v 0.266512 1.088583 1.476574
v 0.298378 1.037207 1.684213
v 0.232453 1.065537 1.476095
v 0.264312 1.014154 1.683734
v 1.782705 1.713054 -7.575603
v 1.793295 1.716394 -7.736337
v 1.782705 1.716394 -7.736337
v 1.793295 1.713054 -7.575603
v 1.782705 1.716394 -7.736337
v 1.787946 1.703838 -7.575795
v 1.782705 1.713054 -7.575603
v 1.787946 1.707177 -7.736528
v -0.182145 0.812220 3.542195
v -0.168419 0.887109 3.615767
v -0.167059 0.831620 3.566913
v -0.187076 0.889046 3.608364
v -0.186969 0.888182 4.643709
v -0.143059 0.845842 4.653522
v -0.168419 0.886187 4.633814
v -0.146410 0.827745 4.671701
v -0.141801 0.835116 4.639880
v -0.144836 0.817786 4.656714
v -0.168836 0.830495 4.544502
v -0.184035 0.811007 4.544097
v -0.118427 0.958944 3.962657
v -0.168735 0.833513 3.970428
v -0.118427 0.958730 3.972929
v -0.168735 0.833728 3.960055
v -0.161293 0.826813 3.959911
v -0.161293 0.826597 3.970284
v -0.151335 0.828071 3.959937
v -0.151335 0.827855 3.970310
v 1.775895 0.493493 -1.470190
v 1.593744 0.446853 -1.435100
v 1.660611 0.445240 -1.357457
v 1.723286 0.494659 -1.531172
v 1.726428 0.480885 -1.534184
v 1.665011 0.426140 -1.361623
v 1.598151 0.427753 -1.439266
v 1.779038 0.479719 -1.473201
v 1.660611 0.445240 -1.357457
v 1.779038 0.479719 -1.473201
v 1.775895 0.493493 -1.470190
v 1.665011 0.426140 -1.361623
v 1.589344 0.434512 -1.431581
v 1.656210 0.432896 -1.353831
v 1.593744 0.446853 -1.435100
v 1.598151 0.427753 -1.439266
v 1.589344 0.434512 -1.431581
v 1.726428 0.480885 -1.534184
v 1.656210 0.432896 -1.353831
v 1.589344 0.434512 -1.431581
v 1.656210 0.432896 -1.353831
v 1.723286 0.494659 -1.531172
v 1.771912 1.105526 -1.270989
v 1.770970 0.665879 -1.280750
v 1.798637 0.727062 -1.248763
v 1.713954 1.401085 -1.329105
v 1.597203 1.403690 -1.459664
v 1.599928 0.679793 -1.471353
v -1.563560 0.376330 -1.219366
v -1.531910 0.409757 -1.218671
v -1.563560 0.409757 -1.218671
v -1.531910 0.376330 -1.219366
v -1.599826 0.419018 -1.301290
v -1.611668 0.419621 -1.330317
v -1.620994 0.419397 -1.319520
v -1.590494 0.419242 -1.312080
v -1.517767 0.308905 -1.520986
v -1.531910 0.398466 -1.543023
v -1.517767 0.398466 -1.543023
v -1.531910 0.308905 -1.520986
v -1.531910 0.487138 -1.517390
v -1.517767 0.487138 -1.517390
v -1.563560 0.369473 -1.388798
v -1.531910 0.369473 -1.388798
v -1.531910 0.550953 -1.450758
v -1.517767 0.550953 -1.450758
v -1.590494 0.399229 -1.312496
v -1.611668 0.399608 -1.330732
v -1.531910 0.420814 -1.387731
v -1.563560 0.420814 -1.387731
v -1.531910 0.572996 -1.361197
v -1.517767 0.572996 -1.361197
v -1.531910 0.547359 -1.272626
v -1.517767 0.547359 -1.272626
v -1.531910 0.480832 -1.208701
v -1.517767 0.480832 -1.208701
v -1.531910 0.391163 -1.186667
v -1.517767 0.391163 -1.186667
v -1.531910 0.302595 -1.212405
v -1.517767 0.302595 -1.212405
v -1.531910 0.238671 -1.278932
v -1.517767 0.238671 -1.278932
v -1.531910 0.216634 -1.368493
v -1.517767 0.216634 -1.368493
v -1.531910 0.242372 -1.457062
v -1.517767 0.242372 -1.457062
v 0.328346 1.133462 -0.062810
v 0.328346 0.931625 -0.080524
v 0.328346 0.931342 -0.066908
v 0.328346 1.133743 -0.076324
v 0.328346 0.931342 -0.066908
v 0.340195 1.133604 -0.069624
v 0.328346 1.133462 -0.062810
v 0.340195 0.931483 -0.073716
v 0.000000 3.890668 -7.633924
v 0.000000 3.875827 -7.651320
v -0.015092 3.875472 -7.634240
v 0.015199 3.875472 -7.634240
v 0.000000 3.860280 -7.634455
v 1.707669 0.598402 -1.393268
v 1.771179 0.473356 -1.464632
v 1.781345 0.486009 -1.473071
v 1.697604 0.585749 -1.384829
v -0.233294 1.006116 -2.137235
v -0.337046 1.092195 -2.163335
v 0.102500 0.942894 -1.838855
v -0.102500 0.942894 -1.838855
v 0.156159 0.959148 -1.929922
v 0.102500 0.943509 -2.267164
v 0.090443 0.938999 -2.307300
v 0.234236 1.000324 -1.929067
v 0.156052 0.960302 -1.980635
v 0.232870 1.007802 -2.187937
v 0.337046 1.092195 -2.163335
v 0.201852 0.987680 -2.334696
v 0.252995 1.024818 -2.265474
v 0.154794 0.965564 -2.137977
v 0.000000 0.926641 -2.297806
v 0.286321 1.051831 -2.369738
v -0.156159 0.959148 -1.929922
v -0.102500 0.943509 -2.267164
v -0.090443 0.938999 -2.307300
v -0.337046 1.080395 -1.721422
v -0.156159 0.960302 -1.980635
v -0.201852 0.987680 -2.334696
v -0.252995 1.024818 -2.265474
v -0.154794 0.965564 -2.137977
v -0.232870 1.007802 -2.187937
v -0.286428 1.051831 -2.369738
v 0.199652 0.976933 1.850474
v 0.152910 0.908721 1.849057
v 0.224069 0.939524 1.849697
v 0.078285 0.898664 1.848848
v 0.339771 1.057706 1.978990
v 0.353712 1.019086 1.930594
v 0.363563 1.026587 1.978343
v 0.324995 1.056811 1.931378
v 0.351303 1.095334 1.852934
v 0.387038 1.046916 1.978765
v 0.387146 1.049550 1.851983
v 0.363879 1.076568 1.979382
v 0.417639 1.075953 1.852531
v 0.478114 1.156421 1.854203
v 0.251945 0.949046 1.976732
v 0.238845 0.989750 1.929984
v 0.232978 0.974299 1.977257
v 0.264527 0.955483 1.929273
v 0.224069 0.936890 1.976480
v 0.210969 0.957118 1.976900
v 0.295337 0.968789 1.929549
v 2.730447 1.440520 -3.000050
v 2.699948 1.484057 -2.991708
v 2.699948 1.441099 -2.992601
v 2.730447 1.482855 -2.999278
v 3.170936 1.463322 -3.002725
v 2.754656 1.440039 -2.901420
v 3.170936 1.431780 -3.003380
v 2.754656 1.481013 -2.900568
v 2.058233 1.448313 -2.749671
v 2.012856 1.514705 -2.781523
v 2.012856 1.451936 -2.782828
v 2.058233 1.515791 -2.748269
v 2.077415 1.509741 -2.734350
v 2.077415 1.453578 -2.735517
v 3.185712 1.468439 -3.021906
v 3.230462 1.428168 -3.081549
v 3.230462 1.464103 -3.080802
v 3.185712 1.425581 -3.022797
v 2.750882 1.434168 -2.916536
v 2.750882 1.486775 -2.915544
v 2.012856 1.489679 -3.332903
v 2.724049 1.482322 -2.892997
v 2.724049 1.440723 -2.893861
v 2.720382 1.434747 -2.909081
v 2.720382 1.488085 -2.907972
v 3.230462 1.449234 -3.333636
v 1.600661 0.723552 -1.296847
v 1.712070 0.571726 -1.395922
v 1.718879 0.581485 -1.401480
v 1.593953 0.713793 -1.291289
v 0.378237 1.419081 5.125310
v 0.321954 1.502182 5.197163
v 0.333278 1.415995 5.193171
v 0.365346 1.516893 5.129853
v 0.333278 1.415995 5.193171
v 0.365346 1.321270 5.120761
v 0.378237 1.419081 5.125310
v 0.321954 1.329802 5.189179
v -0.000107 1.748915 5.208682
v 0.097885 1.784152 5.142324
v -0.000107 1.797034 5.142909
v 0.086252 1.737598 5.208238
v -0.000107 1.841343 5.043514
v 0.108159 1.839892 4.770305
v -0.000107 1.854131 4.771018
v 0.108159 1.827095 5.042902
v -0.361988 1.632622 5.033826
v -0.403805 1.544671 4.756519
v -0.403805 1.531880 5.029116
v -0.361988 1.645312 4.761228
v -0.295653 1.719126 5.037825
v -0.295653 1.731813 4.765334
v -0.209085 1.785416 5.040986
v -0.209085 1.798207 4.768389
v -0.108260 1.827095 5.042902
v -0.108260 1.839892 4.770305
v -0.000107 1.841343 5.043514
v -0.000107 1.854131 4.771018
v -0.108260 1.020509 5.005280
v -0.000107 1.019061 4.731970
v -0.000107 1.006371 5.004569
v -0.108260 1.033300 4.732684
v -0.209085 1.062295 5.007198
v -0.209085 1.074985 4.734600
v -0.295653 1.128588 5.010251
v -0.295653 1.141377 4.737762
v -0.361988 1.215089 5.014357
v -0.361988 1.227772 4.741758
v -0.403805 1.315832 5.019068
v -0.403805 1.328521 4.746469
v -0.418063 1.423803 5.024036
v -0.418063 1.436592 4.751548
v -0.327720 1.608109 5.134056
v -0.365447 1.516893 5.129853
v -0.267562 1.686340 5.137782
v -0.327720 1.608109 5.134056
v -0.189169 1.746447 5.140598
v -0.267562 1.686340 5.137782
v -0.097992 1.784152 5.142324
v -0.189169 1.746447 5.140598
v -0.000107 1.797034 5.142909
v -0.097992 1.784152 5.142324
v -0.097992 1.054120 5.108184
v -0.000107 1.041238 5.107601
v -0.189169 1.091816 5.110018
v -0.097992 1.054120 5.108184
v -0.267562 1.151929 5.112835
v -0.189169 1.091816 5.110018
v -0.327720 1.230156 5.116452
v -0.267562 1.151929 5.112835
v -0.365447 1.321270 5.120761
v -0.327720 1.230156 5.116452
v -0.378338 1.419081 5.125310
v -0.365447 1.321270 5.120761
v -0.365447 1.516893 5.129853
v -0.378338 1.419081 5.125310
v -0.288736 1.582398 5.200929
v -0.322062 1.502182 5.197163
v -0.235810 1.651413 5.204139
v -0.288736 1.582398 5.200929
v -0.166743 1.704299 5.206604
v -0.235810 1.651413 5.204139
v -0.086359 1.737598 5.208238
v -0.166743 1.704299 5.206604
v -0.000107 1.748915 5.208682
v -0.086359 1.737598 5.208238
v -0.086359 1.094276 5.178202
v -0.000107 1.082968 5.177658
v -0.166743 1.127584 5.179735
v -0.086359 1.094276 5.178202
v -0.235810 1.180470 5.182200
v -0.166743 1.127584 5.179735
v -0.288736 1.249478 5.185411
v -0.235810 1.180470 5.182200
v -0.322062 1.329802 5.189179
v -0.288736 1.249478 5.185411
v -0.333379 1.415995 5.193171
v -0.322062 1.329802 5.189179
v -0.322062 1.502182 5.197163
v -0.333379 1.415995 5.193171
v 0.403704 1.544671 4.756519
v 0.361887 1.632622 5.033826
v 0.403704 1.531880 5.029116
v 0.361887 1.645312 4.761228
v 0.295444 1.719126 5.037825
v 0.295444 1.731813 4.765334
v 0.208978 1.785416 5.040986
v 0.208978 1.798207 4.768389
v 0.108159 1.020509 5.005280
v -0.000107 1.019061 4.731970
v 0.108159 1.033300 4.732684
v -0.000107 1.006371 5.004569
v 0.208978 1.062295 5.007198
v 0.208978 1.074985 4.734600
v 0.295444 1.128588 5.010251
v 0.295444 1.141377 4.737762
v 0.361887 1.215089 5.014357
v 0.361887 1.227772 4.741758
v 0.403704 1.315832 5.019068
v 0.403704 1.328521 4.746469
v 0.417955 1.423803 5.024036
v 0.417955 1.436592 4.751548
v 0.327613 1.608109 5.134056
v 0.365346 1.516893 5.129853
v 0.267461 1.686340 5.137782
v 0.327613 1.608109 5.134056
v 0.189068 1.746447 5.140598
v 0.267461 1.686340 5.137782
v 0.097885 1.784152 5.142324
v 0.189068 1.746447 5.140598
v 0.097885 1.054120 5.108184
v -0.000107 1.041238 5.107601
v 0.189068 1.091816 5.110018
v 0.097885 1.054120 5.108184
v 0.267461 1.151929 5.112835
v 0.189068 1.091816 5.110018
v 0.267461 1.151929 5.112835
v 0.288628 1.249478 5.185411
v 0.235602 1.180470 5.182200
v 0.327613 1.230156 5.116452
v 0.365346 1.321270 5.120761
v 0.327613 1.230156 5.116452
v 0.288628 1.582398 5.200929
v 0.321954 1.502182 5.197163
v 0.235602 1.651413 5.204139
v 0.288628 1.582398 5.200929
v 0.166636 1.704299 5.206604
v 0.235602 1.651413 5.204139
v 0.086252 1.737598 5.208238
v 0.166636 1.704299 5.206604
v 0.086252 1.094276 5.178202
v -0.000107 1.082968 5.177658
v 0.166636 1.127584 5.179735
v 0.086252 1.094276 5.178202
v 0.235602 1.180470 5.182200
v 0.166636 1.127584 5.179735
v 0.321954 1.329802 5.189179
v 0.288628 1.249478 5.185411
v -0.016666 0.731948 3.556039
v 0.016559 0.407164 3.577806
v -0.016666 0.407164 3.577806
v 0.016559 0.731948 3.556039
v -0.033225 0.733870 3.584695
v -0.033225 0.409085 3.606462
v -0.046217 0.353979 3.610142
v 0.046116 0.370179 3.577037
v 0.046116 0.353979 3.610142
v -0.046217 0.370179 3.577037
v 0.046116 0.406920 3.574651
v -0.046217 0.406920 3.574651
v 0.046116 0.427456 3.605275
v -0.046217 0.427456 3.605275
v 0.046116 0.411150 3.638269
v -0.046217 0.411150 3.638269
v 0.046116 0.374408 3.640756
v -0.046217 0.374408 3.640756
v 0.046116 0.353979 3.610142
v -0.046217 0.353979 3.610142
v 0.033117 0.733870 3.584695
v 0.016559 0.411007 3.635117
v 0.033117 0.409085 3.606462
v 0.016559 0.735791 3.613357
v 0.016559 0.731948 3.556039
v 0.016559 0.407164 3.577806
v 0.016559 0.735791 3.613357
v -0.016666 0.411007 3.635117
v 0.016559 0.411007 3.635117
v -0.016666 0.735791 3.613357
v -1.605801 1.464297 -1.389955
v -1.638394 0.579052 -1.370190
v -1.638394 1.463619 -1.352127
v -1.605801 0.579840 -1.408123
v -1.556751 1.464104 -1.380625
v -1.556751 0.579646 -1.398793
v -1.609677 1.111809 -1.447383
v -1.569643 1.180883 -1.411672
v -1.569643 1.111095 -1.413015
v -1.609677 1.181597 -1.446040
v -1.669412 0.651690 -1.359663
v -1.593434 0.710996 -1.293023
v -1.601293 0.723082 -1.299481
v -1.657361 0.633137 -1.349671
v -1.590184 1.229319 -1.280887
v -1.648661 1.178976 -1.319883
v -1.601609 1.240789 -1.288092
v -1.648453 1.126584 -1.320864
v -1.648661 1.109191 -1.321333
v -1.609677 1.111809 -1.447383
v -1.569643 1.111095 -1.413015
v -1.688594 1.109905 -1.355701
v -1.607685 0.753335 -1.307655
v -1.595110 0.949191 -1.304636
v -1.595110 0.753354 -1.308597
v -1.607578 1.039495 -1.301817
v -1.594168 1.237397 -1.286171
v -1.594168 1.039253 -1.290187
v -1.607578 1.237637 -1.297700
v -1.678320 1.462685 -1.307171
v -1.533800 1.439195 -1.407772
v -1.644893 1.436517 -1.278891
v -1.567335 1.465255 -1.436055
v -1.594168 0.753093 -1.296025
v -1.606743 0.948911 -1.291121
v -1.606743 0.753073 -1.295083
v -1.556644 1.110577 -1.388078
v -1.556644 1.180363 -1.386628
v -1.622044 1.108999 -1.312110
v -1.556644 1.110577 -1.388078
v -1.648661 1.178976 -1.319883
v -1.622044 1.108999 -1.312110
v -1.622044 1.178784 -1.310660
v -1.648661 1.109191 -1.321333
v -1.611352 1.512411 -1.248489
v -1.533800 1.541151 -1.405755
v -1.644893 1.538578 -1.276770
v -1.500367 1.515091 -1.377472
v -1.567335 1.516286 -1.434995
v -1.678320 1.513608 -1.306113
v -1.678320 1.513608 -1.306113
v -1.567335 1.516286 -1.434995
v -1.540294 1.463231 -1.333473
v -1.540294 0.578666 -1.351643
v -1.688594 1.179690 -1.354251
v -1.569643 1.180883 -1.411672
v -1.609677 1.181597 -1.446040
v -1.648661 1.178976 -1.319883
v -1.500367 1.464060 -1.378533
v -1.611352 1.461488 -1.249548
v -1.621936 1.462639 -1.304971
v -1.572893 0.577880 -1.313818
v -1.572893 1.462445 -1.295648
v -1.621936 0.578072 -1.323040
v -1.688594 1.179690 -1.354251
v -1.688594 1.109905 -1.355701
v -1.669728 0.635348 -1.360217
v -1.638394 1.463619 -1.352127
v -1.638394 0.579052 -1.370190
v -1.556644 1.180363 -1.386628
v -1.622044 1.178784 -1.310660
v -1.600876 0.805396 -1.300806
v -1.610303 0.706758 -1.310931
v -1.591443 0.706420 -1.294692
v -0.262219 1.023903 1.779433
v -0.266828 1.045196 1.783961
v -0.288312 1.041507 1.779799
v 2.010232 1.357898 -2.136535
v 1.949239 1.446995 -2.010256
v 2.010232 1.452677 -2.132156
v 1.949239 1.352222 -2.014634
v 1.949132 1.441614 -0.691759
v 1.949132 1.287062 -0.619179
v 2.010232 1.273456 -0.327419
v 1.989482 1.450392 -0.447963
v 2.010232 1.454877 -0.406670
v 2.071232 1.352222 -2.014634
v 1.949239 1.352222 -2.014634
v 2.010232 1.357898 -2.136535
v 2.071232 1.287062 -0.619179
v 1.949132 1.287062 -0.619179
v 2.010232 1.273456 -0.327419
v -2.010232 1.273456 -0.327419
v -1.989590 1.450394 -0.448064
v -2.010232 1.454877 -0.406670
v -1.949239 1.441614 -0.691759
v -1.949239 1.287064 -0.619286
v -1.949239 1.446995 -2.010256
v -1.949239 1.352222 -2.014634
v -2.010232 1.452677 -2.132156
v -2.010232 1.357900 -2.136636
v -2.071232 1.446995 -2.010256
v -2.071232 1.352222 -2.014634
v -2.071232 1.441614 -0.691759
v -2.071232 1.287064 -0.619286
v -2.030882 1.450394 -0.448064
v -1.949239 1.352222 -2.014634
v -2.071232 1.352222 -2.014634
v -2.010232 1.357900 -2.136636
v -1.949239 1.287064 -0.619286
v -2.071232 1.287064 -0.619286
v -2.010232 1.273456 -0.327419
v 2.071232 1.352222 -2.014634
v 2.071232 1.446995 -2.010256
v 2.071232 1.287062 -0.619179
v 2.071232 1.441614 -0.691759
v 2.030882 1.450392 -0.447963
v -1.726529 0.480887 -1.534291
v -1.775895 0.493493 -1.470190
v -1.723286 0.494661 -1.531279
v -1.779038 0.479719 -1.473201
v -0.046217 0.532420 3.639005
v 0.046116 0.415922 3.681029
v -0.046217 0.415922 3.681029
v 0.046116 0.532420 3.639005
v 0.475597 1.422499 2.392878
v 0.564473 1.422915 2.549389
v 0.574323 1.388160 2.572147
v 0.494255 1.447259 2.422007
v 0.425397 1.218957 2.416423
v 0.522340 1.219886 2.568651
v 0.495298 1.194609 2.544019
v 0.422880 1.254108 2.389796
v 0.566774 1.336916 2.566473
v 0.467947 1.369786 2.386957
v 0.000000 1.089898 3.703943
v 0.000000 1.141105 3.681317
v 0.027876 1.115498 3.692630
v -0.027983 1.115498 3.692630
v 0.000000 1.202130 3.957964
v 0.027876 1.227629 3.946649
v -0.027983 1.227629 3.946649
v -1.600661 0.723554 -1.296954
v -1.712070 0.571726 -1.395922
v -1.593953 0.713793 -1.291289
v -1.718879 0.581487 -1.401588
v 3.230462 1.464103 -3.080802
v 2.730447 1.482855 -2.999278
v 2.077415 1.509741 -2.734350
v 2.720382 1.488085 -2.907972
v 2.058233 1.515791 -2.748269
v 3.185712 1.468439 -3.021906
v 2.750882 1.486775 -2.915544
v 2.754656 1.481013 -2.900568
v 3.230462 1.449234 -3.333636
v 2.012856 1.514705 -2.781523
v 2.699948 1.484057 -2.991708
v 2.012856 1.489679 -3.332903
v 2.724049 1.482322 -2.892997
v 3.170936 1.463322 -3.002725
v 1.761120 0.611330 -1.344673
v 1.583369 0.681596 -1.457055
v 1.758395 0.673194 -1.269695
v 1.876821 0.423288 -1.451418
v 1.692053 0.508512 -1.552372
v 1.927130 0.363914 -1.469423
v 1.899146 0.409502 -1.443528
v -1.726529 0.480887 -1.534291
v -1.665011 0.426140 -1.361623
v -1.779038 0.479719 -1.473201
v -1.598151 0.427755 -1.439373
v -1.660611 0.445240 -1.357457
v -1.779038 0.479719 -1.473201
v -1.665011 0.426140 -1.361623
v -1.775895 0.493493 -1.470190
v -1.726529 0.480887 -1.534291
v -1.593744 0.446855 -1.435201
v -1.598151 0.427755 -1.439373
v -1.723286 0.494661 -1.531279
v -1.593744 0.446855 -1.435201
v -1.775895 0.493493 -1.470190
v -1.660611 0.445240 -1.357457
v -1.723286 0.494661 -1.531279
v -1.589344 0.434512 -1.431581
v -1.656210 0.432898 -1.353939
v -1.656210 0.432898 -1.353939
v -1.589344 0.434512 -1.431581
v -1.589344 0.434512 -1.431581
v -1.656210 0.432898 -1.353939
v 0.381487 0.616380 -0.094207
v 0.362722 0.612081 -0.094296
v 0.376454 0.580455 -0.131113
v 0.339461 0.696013 -0.092552
v 0.272911 0.739395 -0.091651
v 0.307179 0.817811 -0.087081
v 0.239054 0.817394 -0.087090
v 0.251111 0.884347 -0.085699
v 0.294078 0.930138 -0.084747
v 0.335055 0.979910 -0.083713
v 0.297429 0.991851 -0.083465
v 0.335055 0.998135 -0.970901
v 0.294395 0.955903 -0.971779
v 0.297429 1.009974 -0.970656
v 0.307286 0.836036 -0.974269
v 0.254879 0.912736 -0.972676
v 0.254778 0.832161 -0.974350
v 0.289254 0.755105 -0.974060
v 0.339461 0.721161 -0.975082
v 0.381487 0.634403 -0.976884
v 0.357797 0.642157 -0.976622
v 0.376555 0.597125 -0.948310
v 0.297954 1.009599 -0.342337
v 0.336212 1.008808 -0.712704
v 0.297954 1.017190 -0.712530
v 0.336212 1.001217 -0.342511
v 0.335055 0.984397 -0.299668
v 0.297429 0.996239 -0.299530
v 0.297429 1.005613 -0.755848
v 0.335055 0.993773 -0.756094
v 1.655894 1.171480 -1.312488
v 1.304591 1.318962 -0.948616
v 1.317274 1.344121 -0.948719
v 1.643211 1.146320 -1.312277
v 1.676436 1.171187 -1.293206
v 1.337816 1.343827 -0.929437
v 1.652436 1.183408 -1.321365
v 1.714586 1.167993 -1.321161
v 1.681361 1.168641 -1.352381
v 1.685661 1.182759 -1.290139
v 1.666377 1.108588 -1.337699
v 1.714586 1.167993 -1.321161
v 1.699595 1.107940 -1.306472
v 1.681361 1.168641 -1.352381
v 1.652436 1.183408 -1.321365
v 1.670778 1.122706 -1.275451
v 1.685661 1.182759 -1.290139
v 1.637553 1.123248 -1.306679
v 1.670778 1.122706 -1.275451
v 1.666377 1.108588 -1.337699
v 1.699595 1.107940 -1.306472
v 1.637553 1.123248 -1.306679
v 1.637553 1.123248 -1.306679
v 1.681361 1.168641 -1.352381
v 1.666377 1.108588 -1.337699
v 1.652436 1.183408 -1.321365
v 1.643211 1.146320 -1.312277
v 1.676436 1.145671 -1.281057
v 1.656002 1.130404 -1.292903
v 1.676436 1.171187 -1.293206
v 1.337816 1.343827 -0.929437
v 1.676436 1.145671 -1.281057
v 1.676436 1.171187 -1.293206
v 1.337816 1.318311 -0.917288
v 1.317381 1.303039 -0.929134
v 1.656002 1.130404 -1.292903
v 1.655894 1.171480 -1.312488
v 0.166636 1.127584 5.179735
v 0.198286 1.211982 5.310319
v 0.140227 1.167366 5.308240
v 0.235602 1.180470 5.182200
v 0.242828 1.269996 5.313098
v 0.288628 1.249478 5.185411
v -0.322062 1.329802 5.189179
v -0.280561 1.410011 5.319574
v -0.333379 1.415995 5.193171
v -0.271020 1.337540 5.316178
v -0.140334 1.167366 5.308240
v -0.086359 1.094276 5.178202
v -0.072627 1.139404 5.306926
v -0.166743 1.127584 5.179735
v -0.000107 1.082968 5.177658
v -0.000107 1.129876 5.306520
v -0.000107 1.690251 5.332733
v -0.086359 1.737598 5.208238
v -0.072627 1.680726 5.332218
v -0.000107 1.748915 5.208682
v -0.235810 1.651413 5.204139
v -0.140334 1.652764 5.330904
v -0.166743 1.704299 5.206604
v -0.198394 1.608255 5.328828
v -0.288736 1.582398 5.200929
v -0.243037 1.550239 5.326156
v -0.322062 1.502182 5.197163
v -0.271020 1.482589 5.322967
v 0.288628 1.582398 5.200929
v 0.198286 1.608255 5.328828
v 0.242828 1.550239 5.326156
v 0.235602 1.651413 5.204139
v -0.243037 1.269996 5.313098
v -0.235810 1.180470 5.182200
v -0.198394 1.211982 5.310319
v -0.288736 1.249478 5.185411
v 0.072525 1.680726 5.332218
v 0.166636 1.704299 5.206604
v 0.086252 1.737598 5.208238
v 0.140227 1.652764 5.330904
v -0.000107 1.082968 5.177658
v 0.072525 1.139404 5.306926
v -0.000107 1.129876 5.306520
v 0.086252 1.094276 5.178202
v 0.280453 1.410011 5.319574
v 0.321954 1.329802 5.189179
v 0.333278 1.415995 5.193171
v 0.270919 1.337540 5.316178
v 0.321954 1.502182 5.197163
v 0.270919 1.482589 5.322967
v -0.000107 1.690251 5.332733
v -0.000107 1.748915 5.208682
v -0.000107 1.362392 6.340110
v -0.000107 1.362392 6.340110
v 0.419839 2.015548 -5.172264
v 0.418689 1.177272 -5.188214
v -0.418587 2.016722 -5.173390
v -0.419738 1.178446 -5.189340
v -1.372716 1.300754 -0.935157
v -1.319898 1.301786 -0.984822
v -1.340123 1.276304 -0.953903
v -1.339915 1.341836 -0.985141
v -1.372608 1.341198 -0.954440
v -1.604543 0.429752 -1.308402
v -1.577502 0.425909 -1.299996
v -1.584836 0.425733 -1.291506
v -1.597203 0.429928 -1.316892
v -1.570692 0.490231 -1.292784
v -1.577919 0.490055 -1.284302
v -1.579911 0.497836 -1.300594
v -1.587144 0.497660 -1.292105
v -1.590393 0.494248 -1.309579
v -1.597626 0.494074 -1.301198
v -0.186861 0.850320 4.559168
v -0.183719 0.760217 3.930962
v -0.182670 0.759835 4.524581
v -0.189378 0.908430 3.931524
v -0.188853 0.908806 3.615794
v -0.147036 0.918053 3.630032
v -0.093377 0.949905 3.630693
v -0.147036 0.962269 3.630950
v -0.133936 0.902964 3.629718
v -0.080277 0.905056 3.629762
v -0.168210 0.887035 3.629387
v -0.167059 0.831605 3.628236
v -0.188853 0.908806 3.615794
v -0.183719 0.760217 3.930962
v -0.180160 0.761284 3.481174
v -0.188853 0.907897 4.688878
v -0.186861 0.850320 4.559168
v -0.189378 0.908430 3.931524
v -0.151335 0.827855 3.970310
v -0.168735 0.833513 3.970428
v -0.161293 0.826597 3.970284
v -0.118427 0.958730 3.972929
v -0.121051 0.921312 4.507390
v -0.167268 0.913033 4.507117
v -0.154693 0.928960 4.507549
v -0.133936 0.898676 4.506920
v -0.108469 0.898676 4.506920
v -0.121051 0.876046 4.506450
v -0.169152 0.886211 4.506661
v -0.169045 0.859807 4.506112
v -0.167059 0.831620 3.566913
v -0.168419 0.887109 3.615761
v -0.168836 0.830495 4.544502
v -0.168419 0.886187 4.633814
v -0.143059 0.845842 4.653522
v -0.141801 0.835116 4.639880
v -0.092018 0.775656 4.782468
v -0.182670 0.759835 4.524581
v -0.118427 0.958944 3.962657
v -0.161293 0.826813 3.959911
v -0.168735 0.833728 3.960055
v -0.151335 0.828071 3.959937
v -0.188853 0.907897 4.688878
v -0.092018 0.775656 4.782468
v -0.134043 0.852710 4.781976
v 1.590494 0.399229 -1.312496
v 1.599826 0.419018 -1.301290
v 1.590494 0.419242 -1.312080
v 1.599826 0.389264 -1.301908
v 1.579285 0.370896 -1.326086
v 1.563560 0.371277 -1.344418
v 1.599826 0.389264 -1.301908
v 1.620994 0.419397 -1.319520
v 1.599826 0.419018 -1.301290
v 1.620994 0.389643 -1.320138
v 1.563560 0.369473 -1.388798
v 1.563560 0.409757 -1.218671
v 1.563560 0.376330 -1.219366
v 1.563560 0.420814 -1.387731
v 1.603595 0.418549 -1.409899
v 1.600452 0.399878 -1.343722
v 1.635144 0.417787 -1.373224
v 1.563560 0.400544 -1.375783
v 1.563560 0.399880 -1.343824
v 1.590494 0.399229 -1.312496
v 1.611668 0.399608 -1.330732
v 1.645310 0.395230 -1.382394
v 1.613761 0.395992 -1.419070
v 1.635144 0.417787 -1.373224
v 1.635144 0.371895 -1.374178
v 1.645310 0.395230 -1.382394
v 1.600452 0.371275 -1.344317
v 1.600452 0.371275 -1.344317
v 1.579285 0.370896 -1.326086
v 1.563560 0.400544 -1.375783
v 1.603595 0.372657 -1.410853
v 1.563560 0.371941 -1.376377
v 1.603595 0.418549 -1.409899
v 1.613761 0.395992 -1.419070
v 1.531910 0.242372 -1.457062
v 1.531910 0.238671 -1.278932
v 1.531910 0.216634 -1.368493
v 1.531910 0.308905 -1.520986
v 1.531910 0.302593 -1.212298
v 1.531910 0.398466 -1.543023
v 1.531910 0.391163 -1.186667
v 1.531910 0.480832 -1.208701
v 1.531910 0.487136 -1.517283
v 1.531910 0.550953 -1.450758
v 1.531910 0.547359 -1.272626
v 1.531910 0.572996 -1.361197
v 1.563560 0.371277 -1.344418
v 1.579285 0.370896 -1.326086
v 1.563560 0.371941 -1.376377
v 1.603595 0.372657 -1.410853
v 1.635144 0.371895 -1.374178
v 1.620994 0.389643 -1.320138
v 1.611668 0.419621 -1.330317
v 1.620994 0.419397 -1.319520
v 1.611668 0.399608 -1.330732
v 1.600452 0.399878 -1.343722
v 1.600452 0.371275 -1.344317
v 1.600452 0.399878 -1.343722
v 1.563560 0.399880 -1.343824
v 1.556751 0.579646 -1.398793
v 1.572785 0.577878 -1.313710
v 1.540193 0.578666 -1.351643
v 1.621936 0.578072 -1.323040
v 1.605801 0.579838 -1.408015
v 1.638394 0.579052 -1.370190
v 1.595110 0.753354 -1.308597
v 1.606636 0.753073 -1.295083
v 1.594168 0.753093 -1.296025
v 1.607578 0.753335 -1.307655
v 0.146619 1.298772 3.574735
v -0.146726 1.275779 4.696629
v -0.146726 1.298772 3.574735
v 0.146619 1.275779 4.696629
v 0.673258 1.409531 -0.656051
v 0.634792 1.537265 -0.653505
v 0.634792 1.406181 -0.656121
v 0.673258 1.534540 -0.653561
v 1.531493 1.541995 -1.401020
v 1.531493 1.408922 -1.403785
v 1.596994 1.407456 -1.403815
v 1.596994 1.541160 -1.401037
v 1.639652 1.405166 -1.354176
v 1.639652 1.538763 -1.351400
v 1.639652 1.404034 -1.309756
v 1.639652 1.537947 -1.306973
v 0.392488 1.543997 -0.982724
v 0.295438 1.266974 -0.055950
v 0.295545 1.286023 -0.987983
v 0.392387 1.524841 -0.050694
v -0.295545 1.286026 -0.988084
v -0.295545 1.023652 -0.993434
v -0.375512 1.095846 -0.991934
v -0.434097 1.098361 -0.991882
v -0.491423 1.155365 -0.990698
v -0.521815 1.233842 -0.989067
v -0.552839 1.361993 -0.986506
v -0.570865 1.407259 -0.985565
v -0.392488 1.543997 -0.982724
v 0.146619 1.275779 4.696629
v 0.146935 0.898462 4.688897
v 0.146619 1.298772 3.574735
v 0.146935 0.899478 3.615809
v -1.639753 1.404034 -1.309756
v -1.639753 1.538763 -1.351400
v -1.639753 1.537950 -1.307081
v -1.639753 1.405166 -1.354176
v -1.596994 1.541160 -1.401037
v -1.596994 1.407456 -1.403815
v -1.531600 1.541995 -1.401020
v -1.531600 1.408922 -1.403785
v -0.673258 1.534540 -0.653561
v -0.673258 1.409531 -0.656051
v -0.634792 1.537265 -0.653505
v -0.634792 1.406181 -0.656121
v -0.392488 1.543997 -0.982724
v -0.634899 1.525781 -0.095959
v -0.634792 1.542667 -0.918704
v -0.392387 1.524841 -0.050694
v -0.634792 1.542667 -0.918704
v -0.634792 1.414727 -0.921362
v -1.639753 1.537950 -1.307081
v -1.639753 1.404034 -1.309756
v -1.407932 1.399528 -0.951659
v -1.407932 1.531242 -0.948923
v -1.147806 1.398490 -0.674626
v -1.147806 1.527481 -0.672047
v -0.977395 1.401458 -0.625712
v -0.977395 1.529397 -0.623054
v -0.634899 1.530646 -0.334970
v -0.634792 1.398832 -0.337709
v 0.080802 1.022101 3.934936
v 0.146619 0.899870 4.000530
v 0.080802 1.020787 4.003042
v 0.146619 0.901283 3.932527
v -1.531600 1.541995 -1.401020
v -1.407932 1.531242 -0.948923
v -1.700752 1.539694 -1.401068
v -1.147806 1.527481 -0.672047
v -0.634899 1.530646 -0.334970
v -0.634899 1.530646 -0.334970
v -0.634899 1.395123 -0.098674
v -0.634792 1.398832 -0.337709
v -0.634899 1.525781 -0.095959
v 0.634792 1.530646 -0.334970
v 0.634792 1.398832 -0.337709
v 0.977395 1.529397 -0.623054
v 0.977395 1.401458 -0.625712
v 1.147704 1.527481 -0.672047
v 1.147704 1.398490 -0.674626
v 1.407932 1.531242 -0.948923
v 1.407932 1.399526 -0.951552
v 1.639652 1.537947 -1.306973
v 1.639652 1.404034 -1.309756
v -0.634899 1.525781 -0.095959
v -0.570865 1.388210 -0.053533
v -0.634899 1.395123 -0.098674
v -0.392387 1.524841 -0.050694
v -0.295545 1.266974 -0.055950
v -0.295444 1.004603 -0.061402
v -0.381272 1.082037 -0.059793
v -0.444263 1.084028 -0.059751
v -0.500015 1.122587 -0.058950
v -0.531457 1.201696 -0.057307
v -0.557866 1.355725 -0.054207
v 0.634792 1.525781 -0.095959
v 0.392488 1.543997 -0.982724
v 0.634792 1.542667 -0.918704
v 0.392387 1.524841 -0.050694
v 0.570757 1.388210 -0.053533
v 0.295438 1.266974 -0.055950
v 0.392387 1.524841 -0.050694
v 0.557866 1.355725 -0.054207
v 0.531457 1.201696 -0.057307
v 0.500015 1.122587 -0.058950
v 0.444263 1.084028 -0.059751
v 0.381272 1.082037 -0.059793
v 0.295438 1.004603 -0.061402
v -0.392488 1.543997 -0.982724
v -0.295545 1.266974 -0.055950
v -0.392387 1.524841 -0.050694
v -0.295545 1.286026 -0.988084
v -0.634792 1.406181 -0.656121
v -0.634792 1.542667 -0.918704
v -0.634792 1.537265 -0.653505
v -0.634792 1.414727 -0.921362
v 0.295438 1.004603 -0.061402
v 0.295545 1.023652 -0.993434
v -0.295444 1.004603 -0.061402
v -0.295545 1.023652 -0.993434
v 0.634792 1.542667 -0.918704
v 0.634792 1.406181 -0.656121
v 0.634792 1.537265 -0.653505
v 0.634792 1.414727 -0.921362
v 0.634792 1.530646 -0.334970
v 0.634792 1.395123 -0.098674
v 0.634792 1.525781 -0.095959
v 0.634792 1.398832 -0.337709
v 0.634792 1.525781 -0.095959
v 0.634792 1.395123 -0.098674
v 0.083109 0.942861 4.782066
v 0.146619 1.275779 4.696629
v 0.146935 0.898462 4.688897
v -0.000107 0.970838 4.782647
v -0.146726 1.275779 4.696629
v -0.083217 0.942861 4.782066
v -0.147036 0.898462 4.688897
v -0.080909 1.022101 3.934936
v -0.146726 0.899870 4.000530
v -0.146726 0.901283 3.932527
v -0.080909 1.020787 4.003042
v 0.000000 0.882568 3.481284
v -0.146726 1.298772 3.574735
v -0.147036 0.899478 3.615809
v 0.146619 1.298772 3.574735
v 0.091392 1.296066 3.704975
v -0.091493 1.210821 3.988651
v -0.091493 1.296066 3.704975
v 0.091392 1.210821 3.988651
v 0.091392 1.289270 4.037242
v -0.091493 1.289270 4.037242
v -0.146726 1.298772 3.574735
v -0.147036 0.899478 3.615809
v -0.146726 1.275779 4.696629
v -0.147036 0.898462 4.688897
v 0.634792 1.530646 -0.334970
v 0.634792 1.537265 -0.653505
v 1.147704 1.527481 -0.672047
v 1.531493 1.541995 -1.401020
v 1.407932 1.531242 -0.948923
v 0.295545 1.286023 -0.987983
v 0.570865 1.407259 -0.985565
v 0.392488 1.543997 -0.982724
v 0.552839 1.361993 -0.986506
v 0.521714 1.233842 -0.989067
v 0.491321 1.155365 -0.990698
v 0.433989 1.098361 -0.991882
v 0.375512 1.095846 -0.991934
v 0.295545 1.023652 -0.993434
v 0.634792 1.542667 -0.918704
v 0.634792 1.414727 -0.921362
v 0.146935 0.899478 3.615809
v 0.146619 1.048031 4.003608
v 0.080802 1.020787 4.003042
v 0.146619 0.899870 4.000530
v 0.146619 1.049338 3.935502
v 0.146619 0.901283 3.932527
v 0.080802 1.022101 3.934936
v -0.080909 1.020787 4.003042
v -0.146726 1.048031 4.003608
v -0.146726 0.899870 4.000530
v -0.146726 0.901283 3.932527
v -0.146726 1.049338 3.935502
v -0.080909 1.022101 3.934936
v 1.700752 1.539694 -1.401068
v -0.634792 1.537265 -0.653505
v 0.041292 1.935958 -6.094285
v -0.041191 1.914977 -6.093464
v -0.041191 1.935958 -6.094285
v 0.041292 1.914977 -6.093464
v -0.044435 1.952702 -6.042468
v 0.041292 1.935958 -6.094285
v -0.041191 1.935958 -6.094285
v 0.044542 1.952702 -6.042468
v -0.089710 2.002375 -5.971203
v -0.199127 1.997199 -5.868478
v -0.095584 2.034816 -5.867697
v -0.181418 1.968949 -5.971898
v -0.157418 1.917076 -6.043209
v -0.073784 1.947462 -6.042577
v -0.398880 1.592470 -5.979511
v -0.414813 1.481991 -5.878974
v -0.433989 1.590543 -5.876719
v -0.381904 1.496383 -5.981508
v -0.325204 1.512199 -6.051519
v -0.340612 1.599797 -6.049699
v 0.141169 1.348526 -6.105131
v 0.157411 1.312278 -6.055566
v 0.148294 1.328853 -6.106691
v 0.190219 1.258937 -5.814211
v 0.181411 1.257480 -5.986364
v 0.199228 1.225066 -5.884205
v 0.089293 1.900534 -6.094712
v 0.042342 1.996744 -5.821318
v 0.013518 1.913840 -6.094436
v 0.092542 1.987945 -5.821501
v 0.090652 1.908345 -6.097168
v 0.014883 1.921651 -6.096891
v 0.089817 2.002375 -5.971203
v 0.079758 2.000690 -5.799116
v 0.095584 2.034816 -5.867697
v 0.073885 1.947462 -6.042577
v 0.063617 1.911096 -6.093544
v 0.070844 1.930825 -6.094392
v 0.181411 1.378621 -6.105449
v 0.118635 1.333408 -6.108905
v 0.114760 1.340163 -6.106248
v 0.185293 1.371859 -6.108106
v 0.216103 1.286750 -5.835855
v 0.172086 1.261389 -5.836382
v 0.079758 2.000690 -5.799116
v 0.141169 1.882910 -6.094130
v 0.190219 1.960448 -5.799844
v 0.063617 1.911096 -6.093544
v 0.157411 1.917076 -6.043209
v 0.141169 1.882910 -6.094130
v 0.148294 1.902639 -6.094978
v 0.190219 1.960448 -5.799844
v 0.181411 1.968947 -5.971797
v 0.199228 1.997199 -5.868478
v 0.063617 1.911096 -6.093544
v 0.148294 1.902639 -6.094978
v 0.141169 1.882910 -6.094130
v 0.070844 1.930825 -6.094392
v 0.172086 1.959026 -5.822102
v 0.181411 1.852860 -6.095703
v 0.216103 1.933564 -5.822631
v 0.114760 1.891312 -6.094904
v 0.185293 1.859621 -6.098180
v 0.118635 1.898180 -6.097379
v 0.298795 1.874215 -5.801636
v 0.292194 1.885546 -5.973529
v 0.319229 1.905724 -5.870272
v 0.251421 1.844988 -6.044605
v 0.224069 1.818473 -6.095469
v 0.237486 1.834527 -6.096292
v -0.208036 1.840551 -6.098577
v -0.251528 1.776476 -6.097290
v -0.257503 1.781562 -6.099802
v -0.202061 1.835465 -6.096064
v -0.381904 1.496383 -5.981508
v -0.378553 1.483276 -5.809657
v -0.414813 1.481991 -5.878974
v -0.325204 1.512199 -6.051519
v -0.287686 1.523090 -6.101504
v -0.308329 1.519557 -6.102837
v 0.114760 1.340163 -6.106248
v 0.218411 1.282860 -5.835518
v 0.174286 1.257396 -5.835940
v 0.181411 1.378621 -6.105449
v 0.174394 1.343834 -6.106380
v 0.224069 1.412862 -6.103795
v 0.237486 1.396856 -6.105278
v 0.160876 1.359948 -6.104894
v 0.208769 1.949759 -5.800066
v 0.224069 1.818473 -6.095469
v 0.298795 1.874215 -5.801636
v 0.160876 1.871494 -6.094367
v 0.183302 1.902196 -6.043518
v 0.237486 1.834527 -6.096292
v 0.174394 1.887551 -6.095292
v 0.251421 1.844988 -6.044605
v 0.160876 1.871494 -6.094367
v 0.237486 1.834527 -6.096292
v 0.224069 1.818473 -6.095469
v 0.174394 1.887551 -6.095292
v 0.284437 1.881998 -5.823177
v 0.251528 1.776476 -6.097290
v 0.202061 1.835465 -6.096064
v 0.317238 1.843022 -5.823987
v 0.238636 1.801077 -6.095830
v 0.270496 1.822143 -6.045080
v 0.256871 1.811581 -6.096769
v 0.312521 1.857976 -5.801973
v 0.318920 1.853586 -5.974193
v 0.345638 1.874289 -5.870924
v 0.292194 1.885546 -5.973529
v 0.217469 1.948201 -5.972228
v 0.234761 1.976558 -5.868800
v 0.183302 1.327158 -6.055257
v 0.160876 1.359948 -6.104894
v 0.174394 1.343834 -6.106380
v 0.208769 1.269626 -5.813989
v 0.217469 1.278234 -5.986040
v 0.234761 1.245603 -5.883779
v 0.371213 1.756130 -5.804089
v 0.367755 1.769130 -5.975948
v 0.400771 1.778839 -5.872908
v 0.315038 1.745126 -6.046680
v 0.279929 1.729616 -6.097315
v 0.298062 1.740121 -6.098254
v -0.398880 1.599060 -5.807251
v -0.398880 1.592470 -5.979511
v -0.433989 1.590543 -5.876719
v -0.340612 1.599797 -6.049699
v -0.301937 1.604298 -6.099817
v -0.322587 1.600658 -6.101151
v 0.298062 1.740121 -6.098254
v 0.270496 1.822143 -6.045080
v 0.315038 1.745126 -6.046680
v 0.256871 1.811581 -6.096769
v 0.238636 1.801077 -6.095830
v 0.298062 1.740121 -6.098254
v 0.279929 1.729616 -6.097315
v 0.256871 1.811581 -6.096769
v 0.356020 1.766855 -5.825987
v 0.291353 1.680812 -6.099277
v 0.373521 1.718972 -5.826982
v 0.265046 1.753106 -6.097775
v 0.279929 1.729616 -6.097315
v 0.312521 1.857976 -5.801973
v 0.238636 1.801077 -6.095830
v 0.371213 1.756130 -5.804089
v 0.160876 1.359948 -6.104894
v 0.298795 1.345172 -5.812527
v 0.224069 1.412862 -6.103795
v 0.208769 1.269626 -5.813989
v 0.381904 1.730046 -5.976760
v 0.378547 1.736111 -5.804505
v 0.414813 1.740173 -5.873711
v 0.325204 1.717149 -6.047261
v 0.287686 1.708245 -6.097759
v 0.308329 1.711935 -6.098840
v 0.325204 1.717149 -6.047261
v 0.398880 1.634072 -5.978754
v 0.340713 1.629557 -6.049081
v 0.381904 1.730046 -5.976760
v 0.414813 1.740173 -5.873711
v 0.280978 1.879076 -5.823763
v 0.251528 1.776476 -6.097290
v 0.313779 1.840100 -5.824573
v 0.202061 1.835465 -6.096064
v 0.287686 1.708245 -6.097759
v 0.322688 1.630727 -6.100527
v 0.302045 1.627037 -6.099446
v 0.308329 1.711935 -6.098840
v 0.392697 1.635554 -5.828190
v 0.296070 1.577282 -6.101321
v 0.296070 1.654193 -6.099831
v 0.392697 1.584732 -5.829246
v 0.388189 1.635565 -5.828715
v 0.296070 1.577282 -6.101321
v 0.388189 1.584743 -5.829771
v 0.296070 1.654193 -6.099831
v 0.302045 1.604298 -6.099817
v 0.340713 1.599797 -6.049699
v 0.322688 1.600658 -6.101151
v 0.398988 1.599060 -5.807251
v 0.398880 1.592470 -5.979511
v 0.433989 1.590543 -5.876719
v 0.378547 1.736111 -5.804505
v 0.302045 1.627037 -6.099446
v 0.398988 1.620331 -5.806809
v 0.287686 1.708245 -6.097759
v 0.322688 1.630727 -6.100527
v 0.308329 1.711935 -6.098840
v 0.340713 1.629557 -6.049081
v 0.302045 1.627037 -6.099446
v 0.322688 1.630727 -6.100527
v 0.398988 1.620331 -5.806809
v 0.398880 1.634072 -5.978754
v 0.433989 1.631719 -5.875864
v 0.257604 1.781562 -6.099802
v 0.208036 1.840551 -6.098577
v -0.148294 1.328853 -6.106691
v -0.063617 1.320340 -6.105717
v -0.070850 1.300667 -6.107277
v -0.141068 1.348526 -6.105131
v 0.302045 1.604298 -6.099817
v 0.308329 1.519555 -6.102729
v 0.287686 1.523090 -6.101504
v 0.322688 1.600658 -6.101151
v 0.377712 1.499757 -5.831012
v 0.265046 1.478369 -6.103376
v 0.291353 1.550670 -6.101874
v 0.360313 1.451975 -5.832005
v -0.298688 1.548000 -6.104548
v -0.265046 1.478369 -6.103376
v -0.272386 1.475699 -6.106050
v -0.291353 1.550670 -6.101874
v 0.287686 1.523090 -6.101504
v 0.398988 1.599060 -5.807251
v 0.302045 1.604298 -6.099817
v 0.378547 1.483276 -5.809657
v 0.308329 1.519555 -6.102729
v 0.340713 1.599797 -6.049699
v 0.325204 1.512199 -6.051519
v 0.322688 1.600658 -6.101151
v 0.373521 1.501342 -5.831504
v 0.265046 1.478369 -6.103376
v 0.356020 1.453560 -5.832497
v 0.291353 1.550670 -6.101874
v 0.272386 1.475699 -6.106050
v 0.298795 1.548000 -6.104548
v 0.043176 2.001242 -5.820801
v 0.089293 1.900534 -6.094712
v 0.013518 1.913840 -6.094436
v 0.093276 1.992336 -5.820986
v -0.356020 1.453560 -5.832497
v -0.373413 1.501342 -5.831504
v 0.224069 1.412862 -6.103795
v 0.251421 1.384364 -6.054068
v 0.237486 1.396856 -6.105278
v 0.298795 1.345172 -5.812527
v 0.292194 1.340997 -5.984736
v 0.319229 1.316541 -5.882412
v 0.315038 1.484219 -6.051993
v 0.318920 1.372849 -5.984075
v 0.270496 1.407209 -6.053594
v 0.367755 1.457299 -5.982320
v 0.400771 1.443432 -5.879776
v 0.238636 1.430359 -6.103431
v 0.371213 1.463263 -5.810073
v 0.279929 1.501718 -6.101948
v 0.312521 1.361518 -5.812187
v 0.256871 1.419909 -6.104799
v 0.298062 1.491262 -6.103317
v 0.256871 1.419909 -6.104799
v 0.279929 1.501718 -6.101948
v 0.298062 1.491262 -6.103317
v 0.238636 1.430359 -6.103431
v 0.317238 1.377266 -5.833557
v 0.202061 1.396011 -6.105087
v 0.251528 1.454898 -6.103864
v 0.284437 1.338290 -5.834366
v 0.202061 1.396011 -6.105087
v 0.313779 1.380214 -5.833913
v 0.251528 1.454898 -6.103864
v 0.280978 1.341232 -5.834723
v 0.270496 1.407209 -6.053594
v 0.238636 1.430359 -6.103431
v 0.256871 1.419909 -6.104799
v 0.312521 1.361518 -5.812187
v 0.318920 1.372849 -5.984075
v 0.345638 1.347976 -5.881759
v -0.360313 1.451975 -5.832005
v -0.291353 1.550670 -6.101874
v -0.265046 1.478369 -6.103376
v -0.377712 1.499757 -5.831012
v 0.208036 1.391038 -6.107708
v 0.257604 1.449927 -6.106585
v -0.041191 1.914977 -6.093464
v -0.044435 1.952702 -6.042468
v -0.041191 1.935958 -6.094285
v -0.058793 2.004357 -5.799039
v -0.048734 2.009607 -5.971053
v -0.055126 2.041946 -5.867548
v -0.298062 1.491262 -6.103317
v -0.238636 1.430359 -6.103431
v -0.256769 1.419909 -6.104799
v -0.279828 1.501718 -6.101948
v -0.256769 1.811581 -6.096769
v -0.279828 1.729616 -6.097315
v -0.298062 1.740121 -6.098254
v -0.238636 1.801077 -6.095830
v -0.314936 1.484219 -6.051993
v -0.279828 1.501718 -6.101948
v -0.298062 1.491262 -6.103317
v -0.371213 1.463263 -5.810073
v -0.367653 1.457299 -5.982320
v -0.400771 1.443432 -5.879776
v -0.181418 1.968949 -5.971898
v -0.190219 1.960450 -5.799952
v -0.199127 1.997199 -5.868478
v -0.157418 1.917076 -6.043209
v -0.141068 1.882910 -6.094130
v -0.148294 1.902639 -6.094978
v -0.270496 1.407209 -6.053594
v -0.298062 1.491262 -6.103317
v -0.256769 1.419909 -6.104799
v -0.314936 1.484219 -6.051993
v -0.378553 1.483276 -5.809657
v -0.301937 1.604298 -6.099817
v -0.398880 1.599060 -5.807251
v -0.287686 1.523090 -6.101504
v -0.312420 1.361518 -5.812187
v -0.279828 1.501718 -6.101948
v -0.371213 1.463263 -5.810073
v -0.238636 1.430359 -6.103431
v 0.063617 1.320340 -6.105717
v 0.190219 1.258937 -5.814211
v 0.141169 1.348526 -6.105131
v 0.079758 1.218703 -5.815047
v 0.070844 1.300667 -6.107277
v 0.157411 1.312278 -6.055566
v 0.073885 1.281893 -6.056197
v 0.148294 1.328853 -6.106691
v 0.073885 1.281893 -6.056197
v 0.063617 1.320340 -6.105717
v 0.070844 1.300667 -6.107277
v 0.079758 1.218703 -5.815047
v 0.089817 1.224161 -5.987056
v 0.095584 1.187449 -5.884987
v 0.141169 1.348526 -6.105131
v 0.070844 1.300667 -6.107277
v 0.063617 1.320340 -6.105717
v 0.148294 1.328853 -6.106691
v -0.270496 1.822143 -6.045080
v -0.238636 1.801077 -6.095830
v -0.256769 1.811581 -6.096769
v -0.312420 1.857976 -5.801973
v -0.318920 1.853586 -5.974193
v -0.345645 1.874289 -5.870924
v 0.092542 1.232363 -5.836985
v 0.013518 1.317534 -6.106718
v 0.042342 1.223564 -5.837168
v 0.089293 1.330947 -6.106439
v 0.041292 1.316357 -6.105800
v 0.044542 1.276652 -6.056306
v 0.041292 1.295427 -6.107386
v 0.058793 1.215036 -5.815123
v 0.048835 1.216930 -5.987206
v 0.055126 1.180217 -5.885137
v -0.367653 1.457299 -5.982320
v -0.345645 1.347976 -5.881759
v -0.400771 1.443432 -5.879776
v -0.318920 1.372849 -5.984075
v 0.279929 1.501718 -6.101948
v 0.315038 1.484219 -6.051993
v 0.298062 1.491262 -6.103317
v 0.371213 1.463263 -5.810073
v 0.367755 1.457299 -5.982320
v 0.400771 1.443432 -5.879776
v -0.314936 1.745126 -6.046680
v -0.256769 1.811581 -6.096769
v -0.298062 1.740121 -6.098254
v -0.270496 1.822143 -6.045080
v -0.041191 1.295427 -6.107386
v 0.041292 1.316357 -6.105800
v 0.041292 1.295427 -6.107386
v -0.041191 1.316357 -6.105800
v -0.089293 1.330947 -6.106439
v -0.043075 1.219046 -5.836737
v -0.093276 1.227952 -5.836552
v -0.013518 1.317534 -6.106718
v -0.042342 1.223564 -5.837168
v -0.089293 1.330947 -6.106439
v -0.092435 1.232363 -5.836985
v -0.013518 1.317534 -6.106718
v -0.090658 1.323243 -6.109116
v -0.014883 1.309830 -6.109395
v 0.073885 1.947462 -6.042577
v 0.181411 1.968947 -5.971797
v 0.157411 1.917076 -6.043209
v 0.089817 2.002375 -5.971203
v 0.095584 2.034816 -5.867697
v 0.148294 1.902639 -6.094978
v 0.070844 1.930825 -6.094392
v 0.181411 1.852860 -6.095703
v 0.174286 1.962890 -5.821497
v 0.218411 1.937428 -5.822026
v 0.114760 1.891312 -6.094904
v -0.181418 1.257480 -5.986364
v -0.095584 1.187449 -5.884987
v -0.199127 1.225066 -5.884205
v -0.089710 1.224161 -5.987056
v -0.073784 1.281893 -6.056197
v -0.157418 1.312278 -6.055566
v -0.079758 1.218703 -5.815047
v -0.141068 1.348526 -6.105131
v -0.190219 1.258939 -5.814318
v -0.063617 1.320340 -6.105717
v -0.148294 1.328853 -6.106691
v -0.070850 1.300667 -6.107277
v -0.181310 1.378621 -6.105449
v -0.174286 1.257396 -5.835940
v -0.218411 1.282860 -5.835518
v -0.114652 1.340163 -6.106248
v -0.265046 1.753106 -6.097775
v -0.377712 1.720531 -5.826532
v -0.360313 1.768313 -5.825540
v -0.291353 1.680812 -6.099277
v -0.181310 1.378621 -6.105449
v -0.171985 1.261389 -5.836382
v -0.114652 1.340163 -6.106248
v -0.216103 1.286750 -5.835855
v -0.185293 1.371859 -6.108106
v -0.118635 1.333408 -6.108905
v -0.160876 1.359948 -6.104894
v -0.183194 1.327158 -6.055257
v -0.174286 1.343834 -6.106380
v -0.208661 1.269628 -5.814096
v -0.217469 1.278234 -5.986040
v -0.234761 1.245603 -5.883779
v 0.367755 1.769130 -5.975948
v 0.345638 1.874289 -5.870924
v 0.400771 1.778839 -5.872908
v 0.318920 1.853586 -5.974193
v -0.298688 1.345172 -5.812527
v -0.292194 1.340997 -5.984736
v -0.319229 1.316541 -5.882412
v -0.251319 1.384364 -6.054068
v -0.223968 1.412862 -6.103795
v -0.237486 1.396856 -6.105278
v 0.291353 1.680812 -6.099277
v 0.360313 1.768313 -5.825540
v 0.377712 1.720531 -5.826532
v 0.265046 1.753106 -6.097775
v -0.183194 1.327158 -6.055257
v -0.292194 1.340997 -5.984736
v -0.251319 1.384364 -6.054068
v -0.217469 1.278234 -5.986040
v -0.234761 1.245603 -5.883779
v -0.237486 1.396856 -6.105278
v -0.174286 1.343834 -6.106380
v -0.237486 1.396856 -6.105278
v -0.160876 1.359948 -6.104894
v -0.174286 1.343834 -6.106380
v -0.223968 1.412862 -6.103795
v -0.284437 1.338290 -5.834366
v -0.251528 1.454898 -6.103864
v -0.202061 1.396011 -6.105087
v -0.317137 1.377266 -5.833557
v 0.303929 1.577336 -6.103938
v 0.303929 1.654245 -6.102340
v -0.238636 1.430359 -6.103431
v -0.270496 1.407209 -6.053594
v -0.256769 1.419909 -6.104799
v -0.312420 1.361518 -5.812187
v -0.318920 1.372849 -5.984075
v -0.345645 1.347976 -5.881759
v -0.014883 1.921651 -6.096891
v -0.089293 1.900534 -6.094712
v -0.090658 1.908345 -6.097168
v -0.013518 1.913840 -6.094436
v -0.238636 1.801077 -6.095830
v -0.371213 1.756130 -5.804089
v -0.279828 1.729616 -6.097315
v -0.312420 1.857976 -5.801973
v -0.223968 1.412862 -6.103795
v -0.208661 1.269628 -5.814096
v -0.160876 1.359948 -6.104894
v -0.298688 1.345172 -5.812527
v -0.063617 1.320340 -6.105717
v -0.073784 1.281893 -6.056197
v -0.070850 1.300667 -6.107277
v -0.079758 1.218703 -5.815047
v -0.089710 1.224161 -5.987056
v -0.095584 1.187449 -5.884987
v 0.298795 1.683588 -6.101730
v 0.272386 1.755885 -6.100336
v -0.308329 1.711935 -6.098840
v -0.301937 1.627037 -6.099446
v -0.322587 1.630727 -6.100527
v -0.287686 1.708245 -6.097759
v -0.044435 1.276652 -6.056306
v -0.041191 1.316357 -6.105800
v -0.041191 1.295427 -6.107386
v -0.058793 1.215036 -5.815123
v -0.048734 1.216930 -5.987206
v -0.055126 1.180217 -5.885137
v -0.313678 1.840100 -5.824573
v -0.280978 1.879076 -5.823763
v -0.079758 2.000690 -5.799116
v -0.089710 2.002375 -5.971203
v -0.095584 2.034816 -5.867697
v -0.073784 1.947462 -6.042577
v -0.063617 1.911096 -6.093544
v -0.070850 1.930825 -6.094392
v -0.041191 1.316357 -6.105800
v 0.058793 1.215036 -5.815123
v 0.041292 1.316357 -6.105800
v -0.058793 1.215036 -5.815123
v 0.174394 1.343834 -6.106380
v 0.251421 1.384364 -6.054068
v 0.183302 1.327158 -6.055257
v 0.237486 1.396856 -6.105278
v -0.318920 1.853586 -5.974193
v -0.400771 1.778839 -5.872908
v -0.345645 1.874289 -5.870924
v -0.367653 1.769130 -5.975948
v -0.063617 1.911096 -6.093544
v -0.190219 1.960450 -5.799952
v -0.141068 1.882910 -6.094130
v -0.079758 2.000690 -5.799116
v 0.013518 1.317534 -6.106718
v 0.093276 1.227952 -5.836552
v 0.043176 1.219046 -5.836737
v 0.089293 1.330947 -6.106439
v 0.014883 1.309830 -6.109395
v 0.090652 1.323243 -6.109116
v -0.388195 1.584743 -5.829771
v -0.296070 1.654193 -6.099831
v -0.388195 1.635565 -5.828715
v -0.296070 1.577284 -6.101429
v -0.301937 1.627037 -6.099446
v -0.340612 1.629557 -6.049081
v -0.322587 1.630727 -6.100527
v -0.398880 1.620333 -5.806911
v -0.398880 1.634072 -5.978754
v -0.433989 1.631721 -5.875965
v 0.044542 1.276652 -6.056306
v -0.048734 1.216930 -5.987206
v -0.044435 1.276652 -6.056306
v 0.048835 1.216930 -5.987206
v 0.055126 1.180217 -5.885137
v -0.298688 1.874215 -5.801636
v -0.160876 1.871494 -6.094367
v -0.208661 1.949759 -5.800066
v -0.223968 1.818473 -6.095469
v -0.381904 1.730046 -5.976760
v -0.433989 1.631721 -5.875965
v -0.414813 1.740173 -5.873711
v -0.398880 1.634072 -5.978754
v -0.340612 1.629557 -6.049081
v -0.325204 1.717149 -6.047261
v -0.287686 1.708245 -6.097759
v -0.398880 1.620333 -5.806911
v -0.301937 1.627037 -6.099446
v -0.378553 1.736111 -5.804505
v -0.308329 1.711935 -6.098840
v -0.322587 1.630727 -6.100527
v 0.160876 1.871494 -6.094367
v 0.183302 1.902196 -6.043518
v 0.174394 1.887551 -6.095292
v 0.208769 1.949759 -5.800066
v 0.217469 1.948201 -5.972228
v 0.234761 1.976558 -5.868800
v -0.218411 1.937428 -5.822026
v -0.114652 1.891312 -6.094904
v -0.181310 1.852860 -6.095703
v -0.174286 1.962890 -5.821497
v -0.373413 1.718972 -5.826982
v -0.265046 1.753106 -6.097775
v -0.356020 1.766855 -5.825987
v -0.291353 1.680812 -6.099277
v -0.279828 1.729616 -6.097315
v -0.314936 1.745126 -6.046680
v -0.298062 1.740121 -6.098254
v -0.371213 1.756130 -5.804089
v -0.367653 1.769130 -5.975948
v -0.400771 1.778839 -5.872908
v -0.223968 1.818473 -6.095469
v -0.251319 1.844988 -6.044605
v -0.237486 1.834527 -6.096292
v -0.298688 1.874215 -5.801636
v -0.292194 1.885546 -5.973529
v -0.319229 1.905724 -5.870272
v -0.092435 1.987945 -5.821501
v -0.042342 1.996744 -5.821318
v -0.118635 1.898180 -6.097379
v -0.181310 1.852860 -6.095703
v -0.185293 1.859621 -6.098180
v -0.114652 1.891312 -6.094904
v -0.251528 1.454898 -6.103864
v -0.280978 1.341232 -5.834723
v -0.202061 1.396011 -6.105087
v -0.313678 1.380214 -5.833913
v -0.325204 1.717149 -6.047261
v -0.287686 1.708245 -6.097759
v -0.308329 1.711935 -6.098840
v -0.378553 1.736111 -5.804505
v -0.381904 1.730046 -5.976760
v -0.414813 1.740173 -5.873711
v -0.257503 1.449927 -6.106585
v -0.208036 1.391038 -6.107708
v -0.251319 1.844988 -6.044605
v -0.174286 1.887551 -6.095292
v -0.237486 1.834527 -6.096292
v -0.183194 1.902196 -6.043518
v -0.303929 1.654245 -6.102340
v -0.303929 1.577336 -6.103938
v -0.322587 1.600658 -6.101151
v -0.308329 1.519557 -6.102837
v 0.381904 1.496383 -5.981508
v 0.398880 1.592470 -5.979511
v 0.433989 1.590543 -5.876719
v 0.058793 2.004357 -5.799039
v 0.048835 2.009607 -5.971053
v 0.055126 2.041946 -5.867548
v 0.044542 1.952702 -6.042468
v 0.041292 1.914977 -6.093464
v 0.041292 1.935958 -6.094285
v -0.041191 1.295427 -6.107386
v 0.041292 1.295427 -6.107386
v 0.325204 1.512199 -6.051519
v 0.287686 1.523090 -6.101504
v 0.308329 1.519555 -6.102729
v 0.378547 1.483276 -5.809657
v 0.381904 1.496383 -5.981508
v 0.414813 1.481991 -5.878974
v -0.183194 1.902196 -6.043518
v -0.160876 1.871494 -6.094367
v -0.174286 1.887551 -6.095292
v -0.208661 1.949759 -5.800066
v -0.217469 1.948201 -5.972228
v -0.234761 1.976558 -5.868800
v -0.190219 1.258939 -5.814318
v -0.181418 1.257480 -5.986364
v -0.199127 1.225066 -5.884205
v -0.157418 1.312278 -6.055566
v -0.141068 1.348526 -6.105131
v -0.148294 1.328853 -6.106691
v -0.272386 1.755885 -6.100336
v -0.298688 1.683588 -6.101730
v -0.217469 1.948201 -5.972228
v -0.292194 1.885546 -5.973529
v -0.319229 1.905724 -5.870272
v -0.216103 1.933564 -5.822631
v -0.171985 1.959026 -5.822102
v 0.089817 1.224161 -5.987056
v 0.199228 1.225066 -5.884205
v 0.095584 1.187449 -5.884987
v 0.181411 1.257480 -5.986364
v -0.202061 1.835465 -6.096064
v -0.317137 1.843022 -5.823987
v -0.284437 1.881998 -5.823177
v -0.251528 1.776476 -6.097290
v -0.392697 1.584732 -5.829246
v -0.296070 1.654193 -6.099831
v -0.296070 1.577284 -6.101429
v -0.392697 1.635556 -5.828298
v -0.322587 1.600658 -6.101151
v -0.287686 1.523090 -6.101504
v -0.308329 1.519557 -6.102837
v -0.301937 1.604298 -6.099817
v 0.048835 2.009607 -5.971053
v -0.055126 2.041946 -5.867548
v 0.055126 2.041946 -5.867548
v -0.048734 2.009607 -5.971053
v -0.070850 1.930825 -6.094392
v -0.148294 1.902639 -6.094978
v 0.217469 1.278234 -5.986040
v 0.319229 1.316541 -5.882412
v 0.234761 1.245603 -5.883779
v 0.292194 1.340997 -5.984736
v -0.223968 1.818473 -6.095469
v -0.174286 1.887551 -6.095292
v -0.160876 1.871494 -6.094367
v -0.237486 1.834527 -6.096292
v -0.141068 1.882910 -6.094130
v -0.070850 1.930825 -6.094392
v -0.063617 1.911096 -6.093544
v -0.148294 1.902639 -6.094978
v -0.058793 2.004357 -5.799039
v 0.041292 1.914977 -6.093464
v 0.058793 2.004357 -5.799039
v -0.041191 1.914977 -6.093464
v -0.013518 1.913840 -6.094436
v -0.093276 1.992336 -5.820986
v -0.043075 2.001242 -5.820801
v -0.089293 1.900534 -6.094712
v -0.234761 1.976558 -5.868800
v -0.319229 1.316541 -5.882412
v -0.055126 1.180217 -5.885137
v 0.345638 1.347976 -5.881759
v 0.414813 1.481991 -5.878974
v 0.433989 1.631719 -5.875864
v 0.319229 1.905724 -5.870272
v 0.199228 1.997199 -5.868478
v 1.714687 0.578144 -1.402283
v 1.579285 0.530251 -1.286818
v 1.584001 0.513153 -1.291157
v 1.709971 0.595141 -1.397946
v 0.027876 1.115498 3.692630
v 0.000000 1.202130 3.957964
v 0.000000 1.089898 3.703943
v 0.027876 1.227629 3.946649
v 0.027876 1.227629 3.946649
v 0.000000 1.141105 3.681317
v 0.000000 1.253229 3.935337
v 0.027876 1.115498 3.692630
v -0.027983 1.227629 3.946649
v -0.027983 1.115498 3.692630
v -1.707770 0.598404 -1.393376
v -1.771179 0.473356 -1.464632
v -1.697604 0.585752 -1.384937
v -1.781345 0.486009 -1.473071
v 0.091392 1.296066 3.704975
v 0.091392 1.289270 4.037242
v 0.091392 1.210821 3.988651
v -0.091493 1.210821 3.988651
v -0.091493 1.289270 4.037242
v -0.091493 1.296066 3.704975
v -0.228053 1.030932 1.693411
v -0.298378 1.037207 1.684213
v -0.264312 1.014154 1.683734
v -0.296279 1.076931 1.694366
v -0.260019 1.093708 1.704150
v -0.225953 1.070661 1.703671
v 1.869797 0.392065 -1.467162
v 1.698653 0.513257 -1.538437
v 1.879022 0.402395 -1.474916
v 1.689328 0.502716 -1.530587
v 1.595843 0.651855 -1.448554
v 1.596577 0.675764 -1.448791
v 1.762896 0.487377 -1.493588
v 1.736595 0.477627 -1.508570
v 1.744453 0.487824 -1.515068
v 1.755145 0.477179 -1.486983
v 1.737954 0.604265 -1.347652
v 1.747286 0.614805 -1.355503
v 1.738270 0.645017 -1.295962
v 1.747703 0.668519 -1.286987
v 0.016767 1.115498 3.692630
v 0.000000 1.207976 3.943831
v 0.000000 1.100053 3.699436
v 0.016767 1.223428 3.937019
v 0.016767 1.223428 3.937019
v 0.000000 1.130950 3.685824
v 0.000000 1.238873 3.930213
v 0.016767 1.115498 3.692630
v -0.016875 1.115498 3.692630
v -0.016875 1.223428 3.937019
v 0.000000 0.904995 -1.856521
v -0.015718 0.930899 -2.079051
v 0.000000 0.915193 -2.079794
v -0.015718 0.920707 -1.855771
v 0.000000 0.936413 -1.855027
v 0.015718 0.930899 -2.079051
v 0.000000 0.946613 -2.078408
v 0.015718 0.920707 -1.855771
v -0.090134 0.396888 3.164473
v -0.053767 0.495564 3.243358
v -0.053767 0.419682 3.136958
v -0.090134 0.462072 3.255873
v -0.090134 0.426396 3.469707
v -0.053868 0.347614 3.568285
v -0.053868 0.453914 3.492399
v -0.090134 0.335097 3.534899
v 0.053767 0.300672 3.082806
v -0.053767 0.419682 3.136958
v 0.053767 0.419682 3.136958
v -0.053767 0.300672 3.082806
v -0.090134 0.121265 3.499116
v -0.090134 0.091749 3.193983
v -0.090134 0.056072 3.407817
v -0.090134 0.183155 3.128793
v 0.053767 0.170638 3.095408
v 0.090026 0.294806 3.118009
v 0.090026 0.183155 3.128793
v 0.053767 0.300672 3.082806
v 0.090026 0.335097 3.534899
v 0.090026 0.462072 3.255873
v 0.090026 0.426396 3.469707
v 0.090026 0.396888 3.164473
v 0.090026 0.294806 3.118009
v 0.090026 0.223339 3.545681
v 0.090026 0.462072 3.255873
v 0.053767 0.419682 3.136958
v 0.053767 0.495564 3.243358
v 0.090026 0.396888 3.164473
v -0.090134 0.294806 3.118009
v -0.090134 0.335097 3.534899
v -0.090134 0.396888 3.164473
v -0.090134 0.223339 3.545681
v 0.090026 0.426396 3.469707
v 0.053767 0.508166 3.373392
v 0.053767 0.453914 3.492399
v 0.090026 0.472856 3.367524
v 0.053767 0.098571 3.526735
v -0.053868 0.022581 3.420332
v 0.053767 0.022581 3.420332
v -0.053868 0.098571 3.526735
v -0.053767 0.010088 3.290192
v 0.053767 0.022581 3.420332
v -0.053868 0.022581 3.420332
v 0.053767 0.010088 3.290192
v -0.053767 0.064237 3.171291
v 0.053767 0.010088 3.290192
v -0.053767 0.010088 3.290192
v 0.053767 0.064237 3.171291
v -0.053767 0.170638 3.095408
v 0.053767 0.064237 3.171291
v -0.053767 0.064237 3.171291
v 0.053767 0.170638 3.095408
v -0.053767 0.300672 3.082806
v -0.053767 0.170638 3.095408
v 0.053767 0.495564 3.243358
v -0.053868 0.508166 3.373392
v 0.053767 0.508166 3.373392
v -0.053767 0.495564 3.243358
v -0.053868 0.508166 3.373392
v -0.053868 0.453914 3.492399
v 0.053767 0.453914 3.492399
v 0.053767 0.347614 3.568285
v 0.053767 0.347614 3.568285
v -0.053868 0.217473 3.580884
v 0.053767 0.217473 3.580884
v -0.053868 0.347614 3.568285
v 0.053767 0.217473 3.580884
v -0.053868 0.098571 3.526735
v 0.053767 0.098571 3.526735
v -0.053868 0.217473 3.580884
v 0.090026 0.091749 3.193983
v 0.090026 0.045291 3.296059
v 0.090026 0.183155 3.128793
v 0.090026 0.091749 3.193983
v -0.090134 0.294806 3.118009
v -0.090134 0.396888 3.164473
v 0.090026 0.396888 3.164473
v 0.090026 0.294806 3.118009
v -0.090134 0.183155 3.128793
v -0.090134 0.294806 3.118009
v 0.090026 0.056072 3.407817
v 0.090026 0.183155 3.128793
v 0.090026 0.121265 3.499116
v 0.090026 0.091749 3.193983
v 0.090026 0.472856 3.367524
v 0.090026 0.462072 3.255873
v -0.090134 0.045291 3.296059
v -0.090134 0.091749 3.193983
v 0.090026 0.335097 3.534899
v 0.090026 0.426396 3.469707
v 0.090026 0.223339 3.545681
v 0.090026 0.335097 3.534899
v 0.090026 0.056072 3.407817
v 0.090026 0.121265 3.499116
v 0.090026 0.056072 3.407817
v 0.090026 0.045291 3.296059
v -0.090134 0.223339 3.545681
v -0.090134 0.121265 3.499116
v -0.090134 0.056072 3.407817
v -0.090134 0.045291 3.296059
v -0.090134 0.472856 3.367524
v -0.090134 0.426396 3.469707
v -0.090134 0.335097 3.534899
v -0.090134 0.223339 3.545681
v -0.090134 0.462072 3.255873
v -0.090134 0.472856 3.367524
v -0.090134 0.426396 3.469707
v -0.090134 0.462072 3.255873
v -0.090134 0.091749 3.193983
v -0.090134 0.183155 3.128793
v 0.090026 0.121265 3.499116
v 0.090026 0.223339 3.545681
v -0.090134 0.121265 3.499116
v -0.090134 0.056072 3.407817
v 0.090026 0.472856 3.367524
v 0.090026 0.045291 3.296059
v -0.090134 0.045291 3.296059
v -0.090134 0.472856 3.367524
v -1.827455 1.711557 -6.817219
v -1.820330 1.662368 -6.281112
v -1.827455 1.677398 -6.817929
v -1.820330 1.704694 -6.280232
v -1.828821 1.665558 -6.202737
v -1.828821 1.698143 -6.202060
v -1.857013 1.680574 -6.138376
v -1.885313 1.698143 -6.202060
v -1.885313 1.665558 -6.202737
v -1.893696 1.662368 -6.281112
v -1.893696 1.704694 -6.280232
v -1.857538 1.709671 -7.558903
v -1.857538 1.709671 -7.558903
v -1.827455 1.711557 -6.817219
v -1.827455 1.677398 -6.817929
v -1.600560 0.399878 -1.343722
v -1.590494 0.399229 -1.312496
v -1.563560 0.399880 -1.343830
v -1.611668 0.399608 -1.330726
v -1.563560 0.369473 -1.388798
v -1.563560 0.409757 -1.218671
v -1.563560 0.420814 -1.387731
v -1.563560 0.376330 -1.219366
v -1.599826 0.389264 -1.301908
v -1.620994 0.419397 -1.319520
v -1.620994 0.389643 -1.320138
v -1.599826 0.419018 -1.301290
v -1.531910 0.550953 -1.450758
v -1.531910 0.547359 -1.272626
v -1.531910 0.487138 -1.517390
v -1.531910 0.480832 -1.208701
v -1.531910 0.398466 -1.543023
v -1.531910 0.391163 -1.186667
v -1.531910 0.302595 -1.212405
v -1.531910 0.308905 -1.520986
v -1.531910 0.242372 -1.457062
v -1.531910 0.238671 -1.278932
v -1.531910 0.216634 -1.368493
v -1.645310 0.395230 -1.382394
v -1.603595 0.418549 -1.409899
v -1.613761 0.395992 -1.419070
v -1.635144 0.417787 -1.373224
v -1.600560 0.399878 -1.343722
v -1.620994 0.389643 -1.320138
v -1.611668 0.399608 -1.330726
v -1.600560 0.371275 -1.344317
v -1.563560 0.400544 -1.375783
v -1.603595 0.372657 -1.410853
v -1.603595 0.418549 -1.409899
v -1.563560 0.371941 -1.376377
v -1.635144 0.417787 -1.373224
v -1.600560 0.371275 -1.344317
v -1.600560 0.399878 -1.343722
v -1.635144 0.371895 -1.374178
v -1.563560 0.371277 -1.344424
v -1.563560 0.371941 -1.376377
v -1.579285 0.370896 -1.326086
v -1.611668 0.419621 -1.330310
v -1.620994 0.419397 -1.319520
v -1.600560 0.371275 -1.344317
v -1.579285 0.370896 -1.326086
v -1.635144 0.371895 -1.374178
v -1.603595 0.372657 -1.410853
v -1.599826 0.419018 -1.301290
v -1.590494 0.399229 -1.312496
v -1.590494 0.419242 -1.312080
v -1.599826 0.389264 -1.301908
v -1.563560 0.371277 -1.344424
v -1.563560 0.399880 -1.343830
v -1.579285 0.370896 -1.326086
v -1.563560 0.400544 -1.375783
v -1.645310 0.395230 -1.382394
v -1.613761 0.395992 -1.419070
v 1.517659 0.206552 -1.095107
v 1.474793 0.069996 -1.157275
v 1.517659 0.117590 -1.187734
v 1.474793 0.174139 -1.048712
v 1.517659 0.073579 -1.435621
v 1.474793 0.078786 -1.585521
v 1.517659 0.125080 -1.553111
v 1.474793 0.018377 -1.447772
v 1.517659 0.324036 -1.043605
v 1.474793 0.174139 -1.048712
v 1.517659 0.206552 -1.095107
v 1.474793 0.311883 -0.988303
v 1.294639 0.324036 -1.043605
v 1.294639 0.583185 -1.634580
v 1.294639 0.465588 -1.686084
v 1.294639 0.452393 -1.040939
v 1.337499 0.602487 -1.039919
v 1.474793 0.710945 -1.144166
v 1.337499 0.710945 -1.144166
v 1.474793 0.602487 -1.039919
v 1.294639 0.125080 -1.553111
v 1.294639 0.117698 -1.187732
v 1.294639 0.217708 -1.642067
v 1.294639 0.070912 -1.307264
v 1.337499 0.710945 -1.144166
v 1.474793 0.771354 -1.281916
v 1.337499 0.771354 -1.281916
v 1.474793 0.710945 -1.144166
v 1.294639 0.672040 -1.541955
v 1.294639 0.664547 -1.176478
v 1.294639 0.718718 -1.422426
v 1.294639 0.572030 -1.087621
v 1.517659 0.452393 -1.040939
v 1.517659 0.465588 -1.686084
v 1.517659 0.583185 -1.634580
v 1.517659 0.324036 -1.043605
v 1.517659 0.217708 -1.642067
v 1.517659 0.070912 -1.307264
v 1.517659 0.125080 -1.553111
v 1.517659 0.117590 -1.187734
v 1.517659 0.206552 -1.095107
v 1.517659 0.337339 -1.688749
v 1.294639 0.337339 -1.688749
v 1.294639 0.206552 -1.095107
v 1.517659 0.572030 -1.087621
v 1.517659 0.718718 -1.422426
v 1.517659 0.664547 -1.176478
v 1.517659 0.672040 -1.541955
v 1.337499 0.311883 -0.988303
v 1.294639 0.206552 -1.095107
v 1.337499 0.174139 -1.048712
v 1.294639 0.324036 -1.043605
v 1.337499 0.602487 -1.039919
v 1.294639 0.452393 -1.040939
v 1.337499 0.462347 -0.985284
v 1.294639 0.572030 -1.087621
v 1.294639 0.572030 -1.087621
v 1.294639 0.664547 -1.176478
v 1.294639 0.664547 -1.176478
v 1.294639 0.716152 -1.294066
v 1.337499 0.774478 -1.432277
v 1.294639 0.716152 -1.294066
v 1.337499 0.771354 -1.281916
v 1.294639 0.718718 -1.422426
v 1.337499 0.719735 -1.572413
v 1.294639 0.718718 -1.422426
v 1.337499 0.774478 -1.432277
v 1.294639 0.672040 -1.541955
v 1.337499 0.615592 -1.680976
v 1.294639 0.672040 -1.541955
v 1.337499 0.719735 -1.572413
v 1.294639 0.583185 -1.634580
v 1.337499 0.477848 -1.741385
v 1.294639 0.583185 -1.634580
v 1.337499 0.615592 -1.680976
v 1.294639 0.465588 -1.686084
v 1.337499 0.327384 -1.744403
v 1.294639 0.465588 -1.686084
v 1.337499 0.477848 -1.741385
v 1.294639 0.337339 -1.688749
v 1.337499 0.187248 -1.689667
v 1.294639 0.337339 -1.688749
v 1.337499 0.327384 -1.744403
v 1.294639 0.217708 -1.642067
v 1.337499 0.078786 -1.585521
v 1.294639 0.217708 -1.642067
v 1.337499 0.187248 -1.689667
v 1.294639 0.125080 -1.553111
v 1.337499 0.018377 -1.447772
v 1.294639 0.125080 -1.553111
v 1.337499 0.078786 -1.585521
v 1.294639 0.073579 -1.435621
v 1.337499 0.015253 -1.297417
v 1.294639 0.073579 -1.435621
v 1.337499 0.018377 -1.447772
v 1.294639 0.070912 -1.307264
v 1.337499 0.069996 -1.157275
v 1.294639 0.070912 -1.307264
v 1.337499 0.015253 -1.297417
v 1.294639 0.117698 -1.187732
v 1.337499 0.174139 -1.048712
v 1.294639 0.117698 -1.187732
v 1.337499 0.069996 -1.157275
v 1.294639 0.206552 -1.095107
v 1.474793 0.719735 -1.572413
v 1.517659 0.583185 -1.634580
v 1.474793 0.615592 -1.680976
v 1.517659 0.672040 -1.541955
v 1.474793 0.615592 -1.680976
v 1.517659 0.465588 -1.686084
v 1.474793 0.477848 -1.741385
v 1.517659 0.583185 -1.634580
v 1.474793 0.462347 -0.985284
v 1.517659 0.572030 -1.087621
v 1.474793 0.602487 -1.039919
v 1.517659 0.452393 -1.040939
v 1.474793 0.327384 -1.744403
v 1.474793 0.477848 -1.741385
v 1.474793 0.187248 -1.689667
v 1.474793 0.327384 -1.744403
v 1.474793 0.078786 -1.585521
v 1.474793 0.187248 -1.689667
v 1.474793 0.015253 -1.297417
v 1.474793 0.018377 -1.447772
v 1.474793 0.069996 -1.157275
v 1.474793 0.015253 -1.297417
v 1.517659 0.125080 -1.553111
v 1.517659 0.217708 -1.642067
v 1.517659 0.337339 -1.688749
v 1.517659 0.465588 -1.686084
v 1.517659 0.452393 -1.040939
v 1.474793 0.311883 -0.988303
v 1.517659 0.324036 -1.043605
v 1.474793 0.462347 -0.985284
v 1.337499 0.311883 -0.988303
v 1.337499 0.462347 -0.985284
v 1.294639 0.324036 -1.043605
v 1.294639 0.452393 -1.040939
v 1.517659 0.117590 -1.187734
v 1.517659 0.070912 -1.307264
v 1.517659 0.716152 -1.294066
v 1.517659 0.664547 -1.176478
v 1.517659 0.718718 -1.422426
v 1.474793 0.771354 -1.281916
v 1.517659 0.716152 -1.294066
v 1.474793 0.774478 -1.432277
v 1.517659 0.672040 -1.541955
v 1.474793 0.774478 -1.432277
v 1.517659 0.718718 -1.422426
v 1.474793 0.719735 -1.572413
v 1.517659 0.664547 -1.176478
v 1.517659 0.572030 -1.087621
v 1.517659 0.070912 -1.307264
v 1.517659 0.073579 -1.435621
v 1.517659 0.217708 -1.642067
v 1.517659 0.337339 -1.688749
v 1.517659 0.073579 -1.435621
v 1.517659 0.716152 -1.294066
v 1.294639 0.073579 -1.435621
v 1.294639 0.716152 -1.294066
v 1.372608 1.341198 -0.954440
v 1.004753 1.512770 -0.625076
v 1.037453 1.512130 -0.594273
v 1.339915 1.341836 -0.985141
v 1.037453 1.512130 -0.594273
v 1.372716 1.300752 -0.935050
v 1.372608 1.341198 -0.954440
v 1.037554 1.471585 -0.574986
v 0.984628 1.472619 -0.624759
v 1.319790 1.301786 -0.984822
v 1.004854 1.447231 -0.593838
v 1.340123 1.276304 -0.953903
v 1.583369 0.681596 -1.457055
v 1.761120 0.611330 -1.344673
v 1.758395 0.673194 -1.269695
v 1.876821 0.423288 -1.451418
v 1.692053 0.508512 -1.552372
v 1.927130 0.363914 -1.469423
v 1.899146 0.409502 -1.443528
v 1.590501 0.636974 -1.428424
v 1.656210 0.651262 -1.349402
v 1.589344 0.652877 -1.427152
v 1.657361 0.635361 -1.350782
v 1.762896 0.487377 -1.493588
v 1.657361 0.635361 -1.350782
v 1.755145 0.477179 -1.486983
v 1.668261 0.649486 -1.359816
v 1.656210 0.651262 -1.349402
v 1.589344 0.652877 -1.427152
v 1.668261 0.649486 -1.359816
v 1.601394 0.651102 -1.437566
v 1.656210 0.651262 -1.349402
v 1.601394 0.651102 -1.437566
v 1.590501 0.636974 -1.428424
v 1.589344 0.652877 -1.427152
v 1.736595 0.477627 -1.508570
v 1.736595 0.477627 -1.508570
v 1.755145 0.477179 -1.486983
v 1.762896 0.487377 -1.493588
v 1.744453 0.487824 -1.515068
v 1.738270 0.645017 -1.295962
v 1.596577 0.675764 -1.448791
v 1.595843 0.651855 -1.448554
v 1.747703 0.668519 -1.286987
v 1.737954 0.604265 -1.347652
v 1.689328 0.502716 -1.530587
v 1.869797 0.392065 -1.467162
v 1.744453 0.487824 -1.515068
v 1.793295 1.716394 -7.736337
v 1.787946 1.707177 -7.736528
v 1.782705 1.716394 -7.736337
v 1.787946 1.703838 -7.575795
v 1.793295 1.713054 -7.575603
v 1.782705 1.713054 -7.575603
v -1.787946 1.707177 -7.736528
v -1.793295 1.716394 -7.736337
v -1.782604 1.716394 -7.736337
v -1.793295 1.713054 -7.575603
v -1.787946 1.703838 -7.575795
v -1.782604 1.713054 -7.575603
vn 0.7576 0.0133 -0.6525
vn 0.3306 0.0193 -0.9436
vn -0.1568 0.0202 -0.9874
vn -0.9812 0.1188 0.1523
vn 0.0002 0.6157 0.7879
vn -0.9972 0.0457 0.0589
vn 0.0018 0.0190 -0.9998
vn -0.0000 -0.9998 -0.0208
vn -0.5778 -0.8154 0.0354
vn -0.4946 -0.8561 -0.1501
vn -0.5774 -0.8142 0.0600
vn 0.9973 0.0214 0.0706
vn 0.9733 0.0106 -0.2294
vn 0.9740 0.0105 -0.2265
vn -0.0000 -0.9322 -0.3619
vn -0.0000 -0.8926 0.4508
vn -0.4238 0.8202 0.3843
vn 0.4236 0.8353 -0.3506
vn -0.6541 0.0197 -0.7561
vn 0.5045 -0.8283 0.2438
vn -0.7069 -0.7072 -0.0141
vn 0.7069 -0.7072 -0.0141
vn -0.7874 0.6158 0.0297
vn -0.7786 0.6003 0.1827
vn -0.9986 -0.0231 -0.0485
vn -0.9501 0.1341 0.2815
vn -0.9501 0.1341 0.2816
vn -0.9365 -0.1579 -0.3131
vn -0.9365 -0.1578 -0.3131
vn 0.6530 -0.0112 0.7573
vn -0.8152 -0.3279 -0.4775
vn -0.9238 -0.3827 -0.0076
vn -0.9237 -0.3829 -0.0080
vn 0.6994 0.3201 -0.6391
vn 0.5752 0.6415 -0.5075
vn 0.5738 0.6416 -0.5090
vn 0.6527 -0.0154 0.7574
vn -0.4955 -0.7477 -0.4421
vn -0.6842 -0.4186 -0.5972
vn -0.6851 -0.4150 -0.5987
vn 0.9818 -0.1898 0.0031
vn 0.7616 0.3844 0.5217
vn 0.9024 0.2106 0.3760
vn -0.7912 -0.5986 -0.1252
vn -0.9818 -0.1901 0.0031
vn -0.9614 -0.2589 -0.0928
vn -0.7853 -0.6101 -0.1051
vn -0.0000 0.9998 0.0208
vn 0.4051 0.8830 0.2369
vn 0.2042 0.9098 0.3613
vn 0.4305 0.8569 0.2836
vn -0.0000 0.1537 0.9881
vn -0.0000 -0.2802 0.9600
vn -0.0000 -0.2801 0.9600
vn -0.2647 0.8534 -0.4491
vn -0.2874 0.8876 0.3599
vn -0.3035 0.8679 0.3934
vn -0.0001 -0.0200 0.9998
vn -0.1336 0.1946 0.9717
vn -0.1851 0.2750 0.9435
vn -0.8294 0.0619 -0.5552
vn -0.8945 -0.1677 -0.4145
vn 0.9397 -0.3420 -0.0070
vn 0.7660 -0.6428 -0.0132
vn 0.7659 -0.6428 -0.0132
vn -0.3090 0.9509 0.0198
vn 0.9759 -0.2182 -0.0045
vn -0.0000 -0.4292 -0.9032
vn -0.0000 0.3334 -0.9428
vn -0.6525 -0.0155 0.7577
vn -0.6524 -0.0157 0.7577
vn -0.5209 0.8536 0.0026
vn -0.7470 0.6647 -0.0079
vn -0.7485 0.6630 -0.0099
vn 0.0431 0.9343 -0.3539
vn 0.0542 0.9625 -0.2659
vn 0.0396 0.9273 -0.3723
vn -0.0009 0.9794 0.2018
vn 0.0864 0.9731 -0.2136
vn -0.0406 0.9308 -0.3631
vn -0.0000 0.0450 -0.9990
vn 0.8918 0.4485 0.0593
vn 0.9207 0.3741 0.1115
vn 0.7688 0.6277 0.1221
vn -0.0000 -0.3360 0.9419
vn -0.0000 0.4301 0.9028
vn -0.8774 -0.4523 0.1597
vn -0.9905 0.1354 -0.0245
vn -0.9474 0.3199 0.0135
vn -0.0390 0.9272 -0.3724
vn -0.0542 0.9625 -0.2659
vn -0.7653 -0.2790 -0.5800
vn -0.2382 0.7726 -0.5885
vn -0.2392 0.7719 -0.5890
vn 0.9259 0.1623 0.3410
vn 0.9208 0.1676 0.3521
vn 0.9261 0.1620 0.3406
vn -0.8507 -0.5159 0.1006
vn 0.8650 -0.5007 -0.0320
vn -0.8651 -0.5005 -0.0324
vn -1.0000 -0.0000 -0.0000
vn -0.9261 0.1620 0.3406
vn 0.9442 -0.0067 0.3294
vn 0.6529 -0.0155 0.7573
vn 0.6528 -0.0155 0.7574
vn -0.0000 -0.9989 -0.0463
vn -0.0000 -0.9950 -0.1000
vn -0.6525 0.0155 -0.7576
vn -0.9827 -0.0038 0.1850
vn -0.9826 -0.0038 0.1859
vn -0.6632 -0.7482 -0.0155
vn -0.0000 -0.4641 0.8858
vn -0.0000 -0.8033 0.5956
vn 0.0160 -0.8094 0.5871
vn -0.0396 -0.8731 0.4860
vn -0.0406 -0.8683 0.4944
vn -0.0581 -0.8138 0.5782
vn 1.0000 0.0001 -0.0000
vn 0.3782 0.8728 -0.3084
vn 0.0006 0.9998 0.0200
vn 0.3805 0.8715 -0.3093
vn 0.3274 -0.0196 0.9447
vn 0.4988 -0.0180 0.8665
vn 0.3275 -0.0196 0.9447
vn 0.0396 -0.8731 0.4860
vn 0.0408 -0.8680 0.4949
vn -0.5504 -0.8249 -0.1290
vn 0.0014 -0.9802 -0.1980
vn -0.2791 -0.9508 -0.1347
vn -0.8853 0.0097 -0.4649
vn -0.7827 0.0129 -0.6223
vn -0.7075 0.7059 0.0329
vn -0.8515 0.4825 0.2053
vn -0.6954 0.6857 0.2151
vn -0.0000 0.6832 0.7302
vn -0.0001 0.6731 0.7396
vn -0.0000 0.6730 0.7397
vn 0.5745 0.6375 -0.5133
vn 0.5742 0.6410 -0.5093
vn 0.5744 0.6414 -0.5086
vn -0.0000 -0.0166 0.9999
vn 0.0020 0.9998 0.0206
vn -1.0000 0.0003 -0.0005
vn 0.0020 0.9998 0.0196
vn 0.8721 -0.4892 -0.0096
vn 0.9405 -0.3399 -0.0057
vn 0.9273 -0.3743 -0.0072
vn -0.5799 -0.8097 -0.0902
vn -0.5952 -0.8012 -0.0616
vn -0.6084 -0.7740 -0.1755
vn 0.9514 0.1739 -0.2541
vn 0.0004 0.5653 -0.8249
vn 0.9883 0.0865 -0.1260
vn -0.7763 -0.4390 -0.4523
vn -0.7071 -0.7069 -0.0141
vn -0.8659 -0.5002 -0.0103
vn 0.6983 0.0030 0.7158
vn 0.7045 -0.0415 0.7085
vn 0.6963 0.0033 0.7178
vn -0.0561 -0.9984 -0.0014
vn -0.4838 -0.8752 -0.0077
vn -0.3768 -0.9219 -0.0904
vn 0.1815 0.9656 0.1862
vn 0.0185 0.9882 0.1519
vn -0.4307 0.8980 0.0904
vn -0.7925 -0.5817 0.1829
vn -0.6060 -0.7954 -0.0098
vn -0.5646 -0.8249 -0.0264
vn 0.7058 -0.7060 0.0588
vn 0.5769 -0.8164 0.0258
vn 0.6089 -0.7931 0.0169
vn -0.4583 -0.8828 0.1031
vn -0.6068 -0.7946 0.0198
vn -0.4893 -0.8699 0.0625
vn -0.5966 -0.8025 0.0080
vn -0.5415 -0.8406 0.0113
vn -0.3779 -0.7739 -0.5082
vn -0.5548 -0.8284 0.0767
vn -0.8009 -0.5987 -0.0126
vn -0.7214 -0.6921 0.0252
vn -0.8575 -0.5005 0.1190
vn -0.6866 -0.6950 0.2133
vn -0.8412 -0.4949 0.2177
vn 0.9634 -0.2680 -0.0110
vn 0.9631 -0.2688 -0.0107
vn 0.9631 -0.2691 -0.0106
vn 0.0716 0.9961 0.0517
vn 0.9219 -0.2539 0.2927
vn 0.3039 0.9500 -0.0724
vn 0.8423 -0.4920 0.2200
vn -0.7660 0.6427 0.0131
vn -0.4999 0.8659 0.0177
vn -0.7658 0.6429 0.0132
vn 0.9151 0.1370 0.3793
vn 0.9117 0.1568 0.3798
vn 0.9188 0.1799 0.3513
vn 0.8902 0.1116 0.4417
vn -0.8024 0.3238 0.5013
vn -0.7975 0.3197 0.5117
vn -0.8411 0.1989 0.5030
vn 0.9963 0.0060 -0.0856
vn 0.9962 0.0018 -0.0872
vn 0.9741 0.0047 -0.2259
vn -0.0634 -0.0209 -0.9978
vn 0.9883 0.1502 -0.0270
vn 0.8333 -0.5335 -0.1451
vn 0.7578 -0.0132 0.6523
vn -0.6554 -0.0108 0.7552
vn -0.6522 -0.0153 0.7579
vn 0.1381 -0.9866 -0.0871
vn 0.3340 -0.9103 -0.2445
vn 0.0065 -0.9906 -0.1364
vn -0.1381 -0.9866 -0.0871
vn -0.9340 -0.3058 0.1846
vn -0.0442 -0.9990 -0.0098
vn -0.1307 -0.9750 0.1796
vn -0.0273 -0.9982 0.0534
vn 0.0101 -0.9999 0.0110
vn 0.0523 -0.9939 0.0974
vn -0.0784 -0.9961 0.0415
vn -0.2991 -0.9293 0.2168
vn 0.0302 -0.9969 -0.0732
vn 0.0027 -0.9989 -0.0463
vn 0.1542 -0.9623 -0.2240
vn 0.7765 -0.4387 -0.4523
vn 0.0443 0.0022 -0.9990
vn 0.8655 -0.2231 -0.4485
vn 0.5675 -0.7478 -0.3445
vn -0.5958 -0.7195 0.3569
vn -0.6864 -0.5968 0.4157
vn -0.5009 0.8616 -0.0825
vn -0.6897 0.7240 -0.0117
vn -0.4368 0.8982 -0.0497
vn 0.6402 -0.6613 -0.3909
vn -0.8411 -0.4906 0.2277
vn 0.0255 -0.9983 0.0524
vn -0.0155 -0.9999 0.0047
vn 0.9237 -0.3110 -0.2238
vn -0.0323 -0.9967 -0.0748
vn 0.0023 -0.9994 -0.0332
vn 0.0019 0.9976 0.0693
vn -0.2507 0.9680 -0.0120
vn -0.4996 0.8639 0.0639
vn 0.9692 -0.2457 -0.0174
vn 0.9289 -0.3697 -0.0189
vn 0.8646 -0.4981 -0.0660
vn 0.0001 0.8816 0.4720
vn 0.4865 0.8336 0.2614
vn 0.0006 0.9543 0.2987
vn 0.0001 -0.9004 0.4350
vn 0.0004 -0.9659 0.2588
vn 0.4845 -0.8449 0.2266
vn -0.4828 -0.8461 0.2257
vn -0.4852 0.8345 0.2611
vn -0.0791 0.9928 0.0904
vn -0.1414 0.9817 0.1278
vn 0.9339 -0.3059 0.1850
vn -0.1312 0.4235 -0.8963
vn -0.2876 0.8832 -0.3705
vn -0.2835 0.9019 -0.3260
vn -0.0087 0.9968 -0.0794
vn -0.3157 0.9460 -0.0729
vn -0.2653 0.9624 0.0585
vn 0.2953 0.9516 0.0851
vn -0.0334 0.9994 0.0098
vn -0.0022 0.9958 0.0915
vn -0.3009 0.9499 0.0845
vn -0.5013 -0.8637 -0.0527
vn -0.7071 -0.7063 -0.0352
vn -0.7070 -0.7059 -0.0438
vn -0.9164 -0.3128 -0.2497
vn -0.9054 -0.3308 -0.2660
vn 0.0081 0.9991 -0.0414
vn -0.2190 0.9746 -0.0461
vn 0.0333 0.9994 0.0098
vn 0.0971 0.9926 -0.0734
vn -0.0528 0.9963 -0.0672
vn -0.0085 0.9991 -0.0413
vn -0.2539 0.9669 -0.0248
vn 0.6083 -0.7740 -0.1757
vn 0.5955 -0.8010 -0.0615
vn 0.5798 -0.8098 -0.0901
vn -0.0000 0.0208 -0.9998
vn -0.0001 -0.0197 0.9998
vn 0.0017 -0.0187 0.9998
vn 0.0023 -0.0184 0.9998
vn -0.3077 -0.9487 0.0731
vn -0.0324 -0.9903 0.1349
vn -0.3233 -0.9305 0.1720
vn -0.2166 -0.9422 -0.2556
vn -0.7738 -0.6236 -0.1109
vn -0.9982 -0.0404 -0.0443
vn -0.9990 0.0430 0.0144
vn -0.9980 -0.0402 -0.0482
vn -0.9931 0.1042 -0.0538
vn -0.9509 0.3036 -0.0602
vn -0.9783 0.1966 -0.0657
vn 0.4892 -0.8700 0.0624
vn 0.4583 -0.8828 0.1033
vn 0.5418 -0.8404 0.0111
vn 0.5966 -0.8025 0.0080
vn 0.4947 -0.8560 -0.1500
vn 0.3779 -0.7739 -0.5082
vn 0.5689 -0.8164 0.0991
vn 0.5595 -0.8275 0.0474
vn 0.8009 -0.5987 -0.0128
vn 0.0001 -0.3593 0.9332
vn 0.9768 0.1071 0.1855
vn 0.8303 -0.2496 0.4983
vn 0.5650 -0.8242 0.0371
vn 0.5191 -0.8545 -0.0176
vn 0.5187 -0.8548 -0.0174
vn -0.6641 0.7468 -0.0360
vn -0.7061 0.7039 -0.0773
vn 0.8396 -0.0112 0.5430
vn 0.7876 -0.0123 0.6160
vn 0.8396 -0.0113 0.5430
vn -0.0013 -0.9999 0.0156
vn -0.1868 -0.9799 -0.0697
vn -0.2721 -0.9566 -0.1040
vn 0.4993 0.0176 -0.8663
vn -1.0000 0.0005 -0.0038
vn 0.5021 0.0180 -0.8646
vn 0.9501 0.1341 0.2816
vn 0.9986 -0.0231 -0.0485
vn -0.0193 -0.9983 -0.0543
vn -0.0000 -0.9901 -0.1407
vn 0.2726 -0.9565 -0.1041
vn 0.2203 -0.9754 0.0051
vn 0.1804 -0.9818 0.0591
vn 0.0325 -0.9991 0.0263
vn 0.0758 -0.9959 0.0499
vn 0.0316 -0.9995 0.0079
vn 0.5040 -0.8599 -0.0810
vn -0.2800 -0.9594 -0.0351
vn 0.4173 -0.8323 -0.3649
vn -0.4174 -0.8322 -0.3650
vn -0.4173 -0.8323 -0.3649
vn 0.8614 0.4957 0.1110
vn 0.7051 0.7009 0.1077
vn 0.7044 0.6998 0.1188
vn -0.7708 0.6356 -0.0438
vn -0.7669 0.6399 -0.0481
vn -0.7703 0.6362 -0.0439
vn 0.8784 -0.4508 0.1587
vn 0.9940 0.0021 0.1089
vn 0.9477 0.3188 0.0134
vn 0.0395 -0.0095 -0.9992
vn 0.6327 -0.6236 -0.4592
vn 0.0355 -0.0077 -0.9993
vn 0.0193 -0.9985 -0.0518
vn 0.0178 -0.9987 -0.0480
vn 0.0203 -0.9985 -0.0515
vn 0.0454 0.0020 -0.9990
vn -0.8145 0.3473 -0.4647
vn 0.4444 -0.8943 -0.0530
vn 0.3568 -0.9333 -0.0404
vn 0.4129 -0.9104 -0.0267
vn -0.5037 -0.8601 -0.0809
vn 0.9836 -0.1770 0.0335
vn 0.9726 -0.2119 0.0958
vn 0.9575 -0.2773 0.0794
vn 0.5618 0.7537 0.3410
vn 0.6436 0.6581 0.3909
vn 0.2512 0.9571 0.1442
vn -0.2192 -0.9757 0.0047
vn -0.1746 -0.9833 0.0519
vn -0.1737 -0.9831 0.0583
vn 0.0018 -0.9996 0.0282
vn 0.4833 -0.8456 0.2267
vn -0.0008 -0.9658 0.2594
vn 0.7022 -0.0897 0.7063
vn 0.7327 -0.1243 0.6691
vn 0.7330 -0.1240 0.6688
vn -0.5480 0.7899 0.2752
vn -0.3945 0.8837 0.2520
vn -0.3885 0.8889 0.2426
vn 0.6435 -0.0159 0.7653
vn 0.4721 -0.0183 0.8814
vn -0.7379 0.6230 0.2597
vn -0.7614 0.5961 0.2550
vn -0.5176 -0.8498 -0.0995
vn -0.0000 -0.9815 -0.1913
vn 0.5179 -0.8496 -0.0994
vn -0.8675 -0.4968 0.0256
vn -0.2721 -0.9621 -0.0190
vn -0.3154 -0.9487 0.0219
vn -0.8037 0.5951 -0.0026
vn -0.8522 0.5232 0.0062
vn -0.8132 0.5797 -0.0502
vn -0.8516 0.5200 0.0662
vn -0.9882 0.1505 -0.0270
vn -0.9588 -0.2835 -0.0199
vn -0.8924 -0.4273 0.1452
vn -0.9962 -0.0870 -0.0014
vn -0.9256 -0.3650 -0.0997
vn -0.5437 0.8389 -0.0269
vn -0.3993 -0.9053 0.1449
vn -0.3176 -0.8755 0.3641
vn -0.7166 -0.6719 0.1873
vn 0.3996 -0.9050 0.1458
vn 0.0137 -0.9257 0.3780
vn 0.7147 -0.6729 0.1910
vn 0.3382 -0.8663 0.3675
vn -0.2054 -0.9608 -0.1865
vn 0.2055 -0.9607 -0.1864
vn 0.9911 -0.1129 -0.0709
vn 0.9746 -0.0650 -0.2143
vn 0.9901 -0.0415 -0.1339
vn 0.9861 0.0713 0.1499
vn 0.8788 0.2051 0.4309
vn 0.9862 0.0712 0.1498
vn 0.8739 -0.1057 -0.4744
vn -0.0483 0.0259 -0.9985
vn -0.0489 0.0262 -0.9985
vn -0.9759 -0.2182 -0.0045
vn 0.3090 0.9509 0.0198
vn 0.5400 -0.8415 -0.0172
vn 0.5391 -0.8421 -0.0173
vn 0.5401 -0.8414 -0.0172
vn -0.4479 -0.7668 -0.4597
vn -0.5001 -0.8658 -0.0180
vn 0.9638 -0.0912 -0.2506
vn 0.9802 -0.1506 -0.1289
vn 0.9807 -0.1534 -0.1215
vn 0.2412 -0.9463 -0.2151
vn 0.8026 -0.2817 -0.5259
vn 0.5528 -0.1848 -0.8125
vn -0.4177 -0.0184 0.9084
vn 0.4174 -0.0182 0.9086
vn -0.4174 -0.0182 0.9085
vn 0.4994 0.7221 0.4786
vn 0.9190 0.3916 -0.0456
vn 0.5695 0.8210 -0.0405
vn 0.7875 -0.6162 0.0095
vn 0.7880 -0.6156 0.0093
vn 0.7882 -0.6154 0.0093
vn 0.7933 0.6087 0.0122
vn 0.6995 0.5465 -0.4606
vn 0.7931 0.6090 0.0127
vn 0.2547 -0.9461 0.2003
vn 0.0438 0.0391 -0.9983
vn -0.8147 -0.3277 -0.4784
vn 0.4815 0.0343 -0.8758
vn -0.4127 0.0346 -0.9102
vn 0.0339 0.4804 -0.8764
vn -0.7747 -0.6323 0.0033
vn -0.9590 -0.2548 0.1241
vn -0.9200 -0.3919 0.0086
vn -0.9839 -0.1788 -0.0036
vn -0.9361 -0.3516 -0.0072
vn -0.9839 -0.1787 -0.0036
vn -0.0388 -0.0089 -0.9992
vn -0.6335 -0.6247 -0.4565
vn 0.2589 0.0171 -0.9657
vn 0.2426 0.3896 -0.8884
vn 0.9396 0.0053 -0.3422
vn -0.6833 0.2029 0.7014
vn -0.9291 0.1566 0.3349
vn -0.9611 -0.0677 0.2678
vn -0.9182 -0.1763 0.3548
vn -0.8802 0.2795 0.3835
vn -0.6242 -0.1272 0.7709
vn -0.8054 -0.4558 0.3790
vn -0.9268 -0.3679 0.0756
vn 0.8294 -0.5586 -0.0112
vn 0.9877 -0.0876 0.1295
vn 0.9877 -0.0858 0.1303
vn -0.8036 -0.4425 -0.3980
vn -0.9157 -0.1749 -0.3618
vn -0.9327 0.3561 0.0573
vn -0.5459 -0.1347 -0.8270
vn -0.8504 0.2589 -0.4581
vn -0.9022 0.4265 0.0650
vn -0.9742 0.2198 0.0511
vn -0.8809 0.4694 0.0611
vn 0.4598 -0.7875 0.4103
vn 0.4456 -0.7694 -0.4578
vn 0.4576 -0.7719 -0.4414
vn 0.1809 -0.0189 0.9833
vn -0.5384 -0.0175 0.8425
vn -0.5505 -0.0173 0.8347
vn -0.3252 -0.8869 -0.3282
vn 0.9786 -0.0564 0.1981
vn 0.9089 -0.0429 0.4147
vn 0.9961 -0.0257 0.0849
vn 0.8499 0.2589 -0.4588
vn 0.9531 -0.0323 -0.3009
vn 0.6734 0.2118 -0.7083
vn -0.9287 -0.3707 -0.0018
vn -0.9930 0.1172 0.0113
vn -0.8937 -0.4485 -0.0105
vn -0.9785 0.2053 0.0205
vn 0.1165 0.9915 0.0586
vn 0.0446 0.9990 0.0088
vn 0.8661 -0.4998 -0.0103
vn 0.9659 -0.2589 -0.0051
vn 0.6370 0.7650 -0.0948
vn 0.9472 0.3200 0.0179
vn 0.8635 0.4986 -0.0765
vn -0.6525 0.0157 -0.7577
vn 0.9839 -0.1787 -0.0036
vn 1.0000 -0.0000 0.0001
vn -1.0000 0.0001 -0.0000
vn -0.9397 -0.3419 -0.0070
vn 0.8006 -0.5778 -0.1590
vn 0.5575 -0.8297 -0.0296
vn 0.5884 -0.7877 -0.1823
vn -0.7760 0.4573 -0.4344
vn -0.9659 0.2587 0.0051
vn -0.8659 0.5002 0.0104
vn 0.6509 -0.0156 0.7590
vn 0.6527 -0.0151 0.7574
vn 0.6503 -0.0158 0.7595
vn 0.9382 0.2386 0.2508
vn 0.9911 -0.0101 0.1331
vn 0.9567 0.2466 0.1543
vn 0.1279 0.9326 0.3375
vn 0.4106 -0.0084 0.9118
vn 0.4409 0.8213 0.3621
vn -0.9620 0.2729 0.0073
vn -0.9588 0.2463 0.1416
vn -0.8611 0.4810 0.1647
vn 0.9737 -0.2226 -0.0483
vn 0.9217 0.3872 -0.0219
vn 0.9378 -0.3469 -0.0162
vn -0.0024 0.9976 0.0691
vn 0.2510 0.9679 -0.0120
vn -0.0931 0.9956 -0.0126
vn -0.9836 -0.1773 0.0330
vn -0.9574 -0.2776 0.0791
vn -0.9727 -0.2113 0.0957
vn 0.8685 0.4853 0.1010
vn 0.8549 -0.5088 0.1015
vn 0.8302 -0.5031 0.2401
vn -0.7334 0.2671 -0.6251
vn -0.2983 -0.0181 -0.9543
vn 0.5293 0.0138 -0.8484
vn -0.2933 -0.0150 -0.9559
vn -0.9856 -0.1688 -0.0035
vn 0.9785 0.1979 0.0577
vn 0.6712 0.7412 -0.0137
vn 0.6625 0.7459 0.0686
vn 0.2316 0.7168 0.6577
vn 0.2957 0.9369 0.1864
vn 0.2770 0.9438 0.1804
vn -0.3376 0.8241 -0.4548
vn 0.0187 -0.0245 -0.9995
vn 0.0186 -0.0237 -0.9995
vn -0.0000 0.0503 -0.9987
vn -0.6999 -0.5264 -0.4827
vn 0.0380 0.0498 -0.9980
vn -0.6999 -0.5267 -0.4824
vn 0.9268 -0.3679 0.0756
vn 0.8039 -0.4424 -0.3975
vn 0.8054 -0.4558 0.3790
vn -0.0000 -0.7376 0.6753
vn -0.0000 -0.9989 -0.0470
vn 1.0000 -0.0000 -0.0000
vn 0.9991 0.0424 0.0006
vn 0.9317 0.3631 0.0064
vn 0.5896 -0.5805 -0.5616
vn 0.6773 -0.6716 -0.3004
vn 0.5894 -0.5807 -0.5616
vn -0.8746 0.1248 -0.4685
vn 0.0478 0.0144 -0.9988
vn -0.8745 0.1249 -0.4687
vn 0.8663 0.0334 0.4984
vn 0.8664 0.0334 0.4983
vn -0.2591 0.9656 0.0201
vn -0.4484 0.7850 -0.4274
vn -0.5001 0.8658 0.0180
vn 0.3789 -0.8592 -0.3438
vn 0.8514 -0.4997 0.1595
vn 0.9659 -0.2588 -0.0121
vn 0.9496 -0.2629 0.1708
vn -0.3300 0.0193 -0.9438
vn 0.1860 0.0201 -0.9823
vn -0.0000 -0.9989 -0.0473
vn -0.0000 -0.9926 -0.1211
vn -0.0000 -0.9926 -0.1212
vn 0.1307 0.9912 0.0206
vn 0.0001 0.8901 -0.4557
vn 0.1151 0.8836 -0.4539
vn -0.0000 -0.3307 0.9437
vn -0.0000 -0.7666 0.6421
vn -0.0000 -0.7667 0.6420
vn 0.7990 -0.4790 0.3635
vn 0.6685 -0.6822 0.2960
vn 0.6526 -0.6696 0.3546
vn 0.9040 -0.3867 -0.1823
vn 0.9620 0.1168 -0.2468
vn 0.8965 0.4050 -0.1794
vn -0.7075 0.0204 -0.7064
vn -0.7298 0.0192 -0.6834
vn -0.7081 0.0198 -0.7058
vn 0.0074 0.9999 0.0101
vn 0.9999 -0.0050 -0.0105
vn 0.9999 -0.0005 -0.0100
vn -0.0000 0.9970 0.0778
vn 0.4949 -0.7487 -0.4411
vn 0.6850 -0.4153 -0.5985
vn 0.4954 -0.7477 -0.4422
vn -0.0000 0.4033 0.9151
vn -0.0000 0.4034 0.9150
vn -0.9861 0.0713 0.1499
vn -0.8788 0.2051 0.4308
vn -0.8788 0.2052 0.4309
vn -0.0025 0.9947 -0.1029
vn -0.0009 0.0199 -0.9998
vn -0.9925 -0.0000 -0.1223
vn 0.9923 -0.0000 -0.1235
vn 1.0000 -0.0000 0.0003
vn 0.9994 0.0318 0.0148
vn -1.0000 0.0028 0.0003
vn -0.0027 0.9998 0.0208
vn -0.9231 -0.3844 -0.0107
vn -0.9987 -0.0507 -0.0010
vn -0.9987 -0.0504 -0.0010
vn 0.6527 -0.0157 0.7575
vn 0.4618 -0.7177 0.5213
vn -0.0011 -0.9989 -0.0466
vn 0.8547 -0.4891 -0.1742
vn 0.8609 -0.5082 -0.0237
vn 0.4176 -0.6296 -0.6551
vn -0.4174 -0.6295 -0.6553
vn -0.4175 -0.6297 -0.6551
vn -0.7659 -0.6428 -0.0132
vn -0.5001 -0.8658 -0.0177
vn -0.0001 -0.0473 0.9989
vn 0.9952 -0.0066 0.0979
vn -0.0001 0.9895 0.1444
vn -0.0001 -0.9987 0.0508
vn -0.6893 0.7244 -0.0063
vn -0.8163 0.5585 -0.1472
vn -0.3830 0.9235 0.0192
vn 0.0012 0.9984 0.0559
vn 0.0016 0.9984 0.0564
vn 0.0017 0.9984 0.0565
vn 0.7494 -0.1620 0.6420
vn 0.5936 -0.6321 0.4981
vn 0.5933 -0.6327 0.4976
vn -0.4873 0.3483 0.8008
vn -0.0000 -0.0208 0.9998
vn -0.0000 0.0207 -0.9998
vn -1.0000 0.0007 -0.0000
vn -0.9952 -0.0066 0.0978
vn 0.8138 0.5761 -0.0756
vn 0.0002 0.9998 0.0205
vn -0.0000 -0.9989 -0.0464
vn -0.0000 -0.9989 -0.0466
vn 0.9208 0.1677 0.3521
vn 0.9987 0.0221 0.0464
vn 0.0012 -0.9954 0.0962
vn -0.0010 -0.9968 0.0799
vn -0.0499 -0.9958 0.0768
vn -0.5774 -0.5892 0.5652
vn -0.7071 0.0147 -0.7069
vn -0.5774 -0.5652 -0.5892
vn 0.9914 -0.1306 -0.0026
vn 0.8747 -0.1060 -0.4730
vn 0.9803 -0.1974 -0.0089
vn 0.9796 -0.2007 -0.0007
vn -0.6551 -0.0153 0.7554
vn -0.6522 -0.0157 0.7579
vn -0.6520 -0.0157 0.7580
vn 0.0003 -0.9998 -0.0208
vn -0.8666 0.4989 0.0104
vn -0.0198 0.0660 -0.9976
vn -0.2322 0.8746 -0.4256
vn -0.9242 0.3803 -0.0342
vn -0.7448 0.6670 0.0197
vn -0.9101 0.4133 0.0300
vn -0.7910 0.0932 -0.6047
vn -0.8835 0.0239 -0.4679
vn -0.7909 0.0927 -0.6048
vn -0.2562 -0.9456 0.2006
vn -0.4810 -0.7813 0.3978
vn -0.4823 -0.7803 0.3983
vn 0.4478 -0.7673 -0.4591
vn 0.7072 -0.7069 -0.0141
vn 0.5000 -0.8658 -0.0180
vn 0.1278 -0.9825 0.1356
vn 0.2587 -0.9649 -0.0450
vn 0.2542 -0.9572 0.1384
vn 0.1580 -0.0703 -0.9849
vn -0.5554 0.3349 -0.7612
vn -0.5562 0.3356 -0.7603
vn -0.3963 -0.4906 -0.7760
vn -0.6056 -0.7704 -0.1993
vn -0.6054 -0.7705 -0.1994
vn -0.1737 -0.9846 -0.0202
vn 0.0147 -0.2010 0.9795
vn 0.3132 -0.8915 0.3272
vn 0.6370 -0.2442 0.7312
vn -0.7616 0.3842 0.5218
vn -0.9023 0.2105 0.3762
vn -0.4998 0.8659 0.0177
vn -0.1737 0.9846 0.0201
vn -0.8863 0.0215 -0.4626
vn -0.0000 0.0465 -0.9989
vn -0.8862 0.0217 -0.4629
vn -0.0188 -0.0248 -0.9995
vn -0.0183 -0.0229 -0.9996
vn 0.8659 -0.4997 -0.0233
vn 0.8659 -0.4996 -0.0233
vn -0.0000 -0.9281 0.3724
vn -0.0025 -0.9898 -0.1428
vn -0.7071 0.7069 0.0147
vn -0.0000 0.6537 0.7567
vn -0.0000 -0.7176 0.6964
vn 0.0473 0.0481 -0.9977
vn 0.0475 0.0482 -0.9977
vn -0.0000 -0.9929 -0.1193
vn -0.9895 -0.1444 -0.0030
vn 0.0147 0.9993 -0.0347
vn 0.0154 0.9988 -0.0471
vn 0.0891 0.9960 0.0070
vn -0.0000 0.7864 0.6177
vn -0.0000 0.9800 0.1992
vn -0.5003 0.0579 0.8639
vn -0.0000 0.0668 0.9978
vn -0.9397 0.3418 0.0070
vn 0.8832 -0.0097 0.4689
vn 0.8830 -0.0094 0.4693
vn 0.7616 -0.6288 0.1569
vn 0.9611 -0.2746 0.0298
vn 0.4975 -0.8594 -0.1176
vn 0.2584 -0.9632 -0.0743
vn 0.2573 -0.9590 -0.1189
vn -0.0443 0.0022 -0.9990
vn -0.0454 0.0020 -0.9990
vn 0.6646 -0.7448 0.0599
vn 0.4381 -0.8989 0.0031
vn 0.1832 -0.9825 0.0340
vn 0.6056 -0.7704 -0.1995
vn 0.3961 -0.4903 -0.7763
vn 0.6054 -0.7705 -0.1996
vn -0.8232 0.3191 0.4696
vn -0.9496 0.2458 0.1945
vn -0.8232 0.3191 0.4697
vn 0.3376 0.8243 -0.4545
vn 0.1151 -0.8640 -0.4902
vn -0.0001 0.0670 -0.9978
vn 0.0001 -0.8704 -0.4923
vn -0.6669 -0.7217 0.1854
vn -0.9398 0.0092 -0.3415
vn -0.4810 -0.6994 -0.5287
vn 0.9777 -0.1289 0.1660
vn 0.9777 -0.1285 0.1659
vn -0.8965 0.0090 -0.4430
vn -0.9660 -0.2585 -0.0050
vn -0.9751 0.0070 -0.2216
vn -0.0001 -0.9960 0.0888
vn -0.9940 -0.0023 0.1094
vn 0.9439 -0.1276 0.3045
vn 0.8730 -0.1218 0.4723
vn 0.9430 -0.1278 0.3074
vn 0.4796 0.3421 0.8080
vn 0.5303 0.3810 0.7574
vn 0.4393 0.3110 0.8428
vn 0.2587 -0.9649 -0.0451
vn -0.0001 -0.9989 -0.0466
vn -0.0001 -0.9989 -0.0468
vn -0.0438 0.0391 -0.9983
vn 0.8147 -0.3277 -0.4784
vn -0.0456 0.0395 -0.9982
vn -0.6490 0.0023 0.7607
vn -0.9319 0.3628 0.0059
vn -0.0001 0.9989 0.0466
vn -0.2587 0.9649 0.0450
vn 0.4484 0.7854 -0.4268
vn 0.0297 0.0596 -0.9978
vn 0.0305 0.0605 -0.9977
vn 0.8152 -0.3279 -0.4775
vn 0.9238 -0.3827 -0.0076
vn 0.7395 -0.4745 0.4775
vn 0.5915 -0.3562 -0.7233
vn 0.6156 -0.3717 -0.6949
vn -0.6748 0.0153 -0.7379
vn -0.0147 -0.9583 -0.2852
vn 0.7302 0.0141 -0.6831
vn -0.0000 -0.8762 0.4820
vn 0.9643 0.2648 0.0054
vn 0.6257 -0.4297 0.6511
vn 0.9634 -0.2682 -0.0055
vn 0.6705 -0.7417 -0.0151
vn 0.6692 -0.7429 -0.0152
vn -0.9510 0.0060 -0.3092
vn 0.0009 0.0206 -0.9998
vn -0.9504 0.0065 -0.3108
vn -0.8818 -0.4082 -0.2362
vn -0.8288 0.5594 0.0116
vn -0.8822 -0.4075 -0.2358
vn -0.7876 -0.6161 0.0097
vn -0.7887 -0.6147 0.0094
vn -0.7874 -0.6163 0.0098
vn 0.9940 -0.0023 0.1094
vn -0.0001 0.9915 0.1299
vn 0.9751 0.0070 -0.2217
vn -0.0001 0.0183 -0.9998
vn -0.0001 0.9795 -0.2015
vn -0.0001 -0.9706 -0.2406
vn 0.9984 0.0361 0.0444
vn 0.9758 0.0101 -0.2183
vn 0.9767 0.0100 -0.2145
vn 0.9287 0.3093 0.2043
vn 0.9754 0.1735 0.1356
vn 0.9154 0.3981 0.0599
vn 0.8516 0.5242 -0.0082
vn 0.8980 -0.4395 0.0231
vn 0.9948 0.0061 -0.1021
vn 0.4350 -0.5422 -0.7189
vn 0.4350 -0.5421 -0.7190
vn 0.0007 -0.0208 0.9998
vn 0.0021 0.9915 0.1299
vn 0.0021 -0.9960 0.0888
vn 0.0013 0.0183 -0.9998
vn -0.9751 0.0070 -0.2217
vn 0.0020 0.9795 -0.2015
vn 0.0020 -0.9706 -0.2405
vn -1.0000 0.0008 -0.0000
vn -0.9940 0.0021 0.1095
vn -0.4068 -0.8278 0.3863
vn 0.4478 -0.7848 0.4285
vn -0.0000 0.4032 0.9151
vn -0.0000 0.6961 0.7179
vn -0.0000 -0.3593 0.9332
vn -0.0000 -0.3600 0.9330
vn -0.0027 -0.9998 -0.0203
vn 0.1543 0.8818 -0.4457
vn 0.1641 0.9259 0.3404
vn 0.1639 0.9259 0.3403
vn 0.3714 0.9280 0.0312
vn 0.7883 -0.6151 -0.0128
vn 0.3151 -0.9488 0.0218
vn 0.2721 -0.9621 -0.0190
vn -0.9759 0.0102 -0.2181
vn -0.0000 0.0466 -0.9989
vn -0.0000 0.0470 -0.9989
vn -0.7913 0.6113 0.0126
vn -0.4178 0.9083 0.0187
vn -0.7917 0.6107 0.0122
vn -0.9423 0.0064 -0.3347
vn -0.9423 0.0069 -0.3348
vn -0.9423 0.0062 -0.3347
vn -0.7910 -0.5603 -0.2457
vn -0.4174 -0.8322 -0.3649
vn -0.7911 -0.5602 -0.2456
vn 0.9199 -0.3181 -0.2292
vn 0.9115 -0.4029 -0.0829
vn 0.8396 -0.4920 -0.2302
vn 0.0294 -0.0192 -0.9994
vn -0.5358 0.7088 -0.4589
vn 0.0278 -0.0155 -0.9995
vn -0.6341 0.6431 -0.4294
vn 0.3826 -0.9237 -0.0192
vn 0.3372 -0.8055 -0.4872
vn 0.3371 -0.8048 -0.4886
vn 0.4858 -0.3865 0.7840
vn -0.4393 0.3110 0.8428
vn 0.0084 -0.4281 0.9037
vn 0.0116 -0.3907 0.9205
vn 0.0115 -0.3828 0.9238
vn -0.0055 0.2607 -0.9654
vn 0.7090 -0.1069 -0.6971
vn 0.0006 0.2662 -0.9639
vn 0.9941 -0.0023 0.1086
vn 0.6690 -0.7374 0.0931
vn 0.3940 -0.8683 -0.3013
vn 0.0498 -0.9960 0.0747
vn 0.9754 0.0070 -0.2203
vn -0.0052 -0.9995 -0.0311
vn 0.9999 -0.0004 -0.0101
vn 0.9999 -0.0049 -0.0106
vn -0.9999 -0.0005 -0.0100
vn -0.9999 -0.0050 -0.0105
vn 0.8709 0.4852 -0.0775
vn 0.9965 -0.0812 -0.0217
vn 0.9607 0.2591 -0.0992
vn -0.7571 0.0145 -0.6531
vn -0.7571 0.0140 -0.6531
vn -0.7564 0.0136 -0.6539
vn -0.0000 -0.9972 -0.0747
vn -0.2572 -0.9590 -0.1189
vn -0.0001 -0.9929 -0.1194
vn 0.2592 -0.9656 -0.0201
vn -0.9659 -0.2588 -0.0121
vn -0.9658 -0.2590 -0.0121
vn -0.7073 0.7062 0.0329
vn -0.4997 0.8652 0.0404
vn -0.7072 0.7062 0.0331
vn -0.0003 -0.0201 0.9998
vn 0.0001 -0.0203 0.9998
vn -0.0006 -0.0200 0.9998
vn 0.0002 -0.0208 0.9998
vn 0.8327 0.0115 -0.5536
vn 0.4953 -0.3935 0.7745
vn 0.4715 -0.3759 0.7978
vn 0.5001 -0.8650 -0.0404
vn 0.5004 -0.8649 -0.0404
vn -0.6801 -0.4294 -0.5943
vn -0.5123 0.7455 -0.4263
vn -0.6803 -0.4284 -0.5948
vn 0.3826 0.9237 0.0192
vn 0.3376 0.8248 -0.4536
vn 0.5007 -0.8654 -0.0179
vn 0.5011 -0.8652 -0.0176
vn 0.5014 -0.8651 -0.0176
vn 0.4295 -0.4587 0.7779
vn 0.2656 -0.9156 0.3020
vn 0.9709 -0.0058 0.2395
vn 0.9438 0.0068 -0.3304
vn 0.9825 -0.0038 0.1861
vn 0.9826 -0.0038 0.1857
vn 0.4060 -0.9064 -0.1169
vn 0.7093 -0.6899 -0.1447
vn 0.9916 -0.0115 0.1286
vn 0.9804 -0.0239 0.1955
vn 0.9779 -0.0360 0.2059
vn 0.7072 -0.7062 -0.0329
vn 0.7072 -0.7063 -0.0329
vn -0.9813 0.1180 -0.1522
vn 1.0000 0.0028 0.0003
vn 0.8745 0.1249 -0.4687
vn 0.9914 0.1306 0.0027
vn 0.7910 -0.6051 -0.0903
vn 0.3850 -0.9118 -0.1428
vn 0.5503 -0.0155 0.8348
vn 0.9431 -0.0067 0.3326
vn 0.5387 -0.0156 0.8424
vn 0.0321 -0.9903 0.1349
vn 0.3078 -0.9486 0.0734
vn 0.3228 -0.9306 0.1723
vn -0.0000 -0.9706 0.2406
vn 0.4999 0.0577 0.8642
vn -0.4999 0.0577 0.8641
vn 0.4999 0.0577 0.8641
vn -0.8324 0.4783 0.2800
vn -0.7125 0.2679 0.6485
vn -0.8323 0.4792 0.2785
vn 0.4004 0.8423 0.3609
vn 0.6793 0.4319 0.5933
vn 0.2996 -0.8137 -0.4981
vn 0.3238 -0.8842 -0.3367
vn 0.2998 -0.8137 -0.4980
vn 0.2331 -0.9449 0.2300
vn 0.2331 -0.9452 0.2285
vn -0.8293 0.5542 -0.0715
vn -0.9313 0.3642 -0.0066
vn 0.6339 0.6427 -0.4304
vn 0.7760 0.4571 -0.4345
vn 0.6058 -0.4072 0.6836
vn 0.6250 -0.4213 0.6572
vn 0.5580 -0.3797 0.7379
vn -0.0004 -0.0204 0.9998
vn -0.8739 -0.1057 -0.4744
vn 0.0464 0.0260 -0.9986
vn -0.8747 -0.1060 -0.4730
vn -0.4238 -0.9039 0.0584
vn 0.3426 -0.9376 0.0591
vn -0.2334 -0.9660 0.1113
vn -0.0922 -0.3126 -0.9454
vn 0.1307 0.4226 -0.8969
vn 0.1131 0.3412 -0.9332
vn -0.4352 -0.5425 -0.7185
vn -0.6155 -0.7880 -0.0163
vn -0.8718 -0.0088 0.4898
vn -0.6634 -0.7466 -0.0493
vn -0.8945 -0.0095 0.4469
vn 0.9845 -0.1117 -0.1350
vn 0.9856 -0.1127 -0.1258
vn 0.7072 0.7069 0.0147
vn 0.8661 0.4998 0.0104
vn -0.5388 -0.8422 -0.0173
vn -0.5403 -0.8413 -0.0171
vn -0.5408 -0.8410 -0.0170
vn 0.9770 0.2119 -0.0244
vn 0.5664 0.8131 -0.1341
vn 0.6155 -0.7880 -0.0163
vn -0.0000 0.3758 0.9267
vn -0.0000 -0.3309 0.9437
vn 0.0456 0.0395 -0.9982
vn 0.8666 0.4989 0.0104
vn 0.8666 0.4990 0.0104
vn 0.8652 0.5013 0.0109
vn 0.9240 0.3821 0.0158
vn 0.9663 0.2575 -0.0004
vn -0.8652 -0.5002 -0.0358
vn -0.9240 -0.3818 -0.0198
vn -0.2556 0.9577 0.1324
vn -0.0001 0.9926 0.1212
vn -0.3815 0.9169 0.1173
vn 0.3826 -0.9228 -0.0451
vn 0.2574 -0.9646 -0.0574
vn 0.5013 -0.8637 -0.0527
vn -0.3714 0.9280 0.0312
vn -0.2953 0.9516 0.0851
vn -0.7052 -0.7078 0.0419
vn -0.8616 -0.5035 0.0643
vn -0.9214 -0.3845 0.0567
vn 0.5013 0.8648 0.0279
vn 0.2574 0.9658 0.0326
vn 0.3825 0.9230 0.0410
vn 0.8702 0.4894 0.0563
vn 0.8586 0.4836 0.1701
vn 0.8150 0.5789 0.0251
vn -0.2574 -0.9646 -0.0574
vn 0.0001 -0.9988 -0.0488
vn -0.3825 -0.9228 -0.0451
vn -0.4998 -0.8631 -0.0723
vn -0.6703 -0.7416 -0.0264
vn -0.7380 -0.6743 -0.0242
vn 0.8652 -0.5002 -0.0358
vn 0.9663 -0.2564 -0.0244
vn 0.9240 -0.3818 -0.0198
vn -0.9663 -0.2564 -0.0243
vn -1.0000 0.0001 -0.0022
vn -0.9999 0.0005 -0.0107
vn -0.6336 -0.7696 0.0792
vn -0.5652 -0.8241 0.0372
vn -0.5477 -0.8358 0.0375
vn -0.5091 -0.8553 0.0963
vn -0.5887 -0.8057 0.0651
vn -0.6466 -0.7313 0.2169
vn -0.5287 -0.8405 0.1185
vn 0.9134 -0.4067 0.0177
vn 0.9495 0.3072 0.0638
vn 0.9884 -0.1505 0.0193
vn 1.0000 -0.0066 -0.0035
vn 0.9882 -0.1082 -0.1080
vn -0.9240 0.3821 0.0158
vn -0.8652 0.5013 0.0109
vn -0.9663 0.2575 -0.0004
vn -0.0000 -0.9996 0.0299
vn -0.1303 -0.7341 0.6665
vn -0.3053 -0.9522 0.0096
vn 0.7052 -0.7078 0.0420
vn 0.8614 -0.5038 0.0644
vn 0.7046 -0.7076 0.0531
vn 0.0001 -0.9984 -0.0574
vn 0.0001 0.9990 0.0443
vn -0.2573 0.9658 0.0326
vn -0.5013 0.8648 0.0279
vn -0.3825 0.9231 0.0410
vn -0.0001 -0.9996 0.0283
vn -0.2556 -0.9658 0.0427
vn -0.3814 -0.9239 0.0314
vn 0.6133 0.7776 0.1387
vn 0.3887 0.9209 -0.0299
vn -0.1215 0.9919 -0.0367
vn 0.0001 0.9994 0.0358
vn -0.4638 0.2891 -0.8374
vn -0.4651 0.2838 -0.8385
vn -0.4615 0.2866 -0.8396
vn 0.6336 -0.7696 0.0790
vn 0.5477 -0.8358 0.0374
vn 0.8656 0.2409 -0.4389
vn 0.9658 0.2592 0.0051
vn 0.9703 0.2419 0.0044
vn 0.7287 0.0136 -0.6847
vn 0.7279 0.0140 -0.6855
vn 0.8065 0.0235 -0.5907
vn -0.6041 0.4576 -0.6524
vn 0.6030 0.4747 -0.6412
vn 0.5882 -0.8061 0.0651
vn 0.5091 -0.8553 0.0964
vn 0.6459 -0.7322 0.2162
vn 0.5287 -0.8405 0.1184
vn -0.9334 -0.3547 -0.0536
vn -0.7910 -0.6051 -0.0903
vn -0.9973 -0.0727 0.0110
vn -0.8781 -0.1195 -0.4633
vn -0.8959 -0.1479 -0.4189
vn -0.8973 -0.1638 -0.4100
vn -0.8754 0.4832 -0.0134
vn -0.8237 0.5641 -0.0570
vn -0.9426 0.3260 -0.0721
vn -0.7071 0.7064 0.0307
vn 0.9214 -0.3845 0.0567
vn 0.9627 -0.2598 0.0756
vn 0.7071 -0.7063 -0.0352
vn -0.5000 -0.8647 0.0474
vn 0.2557 -0.9658 0.0427
vn 0.3814 -0.9239 0.0315
vn 0.5001 -0.8646 0.0475
vn 0.7071 0.7064 0.0307
vn 0.7070 -0.7058 -0.0438
vn 0.5001 0.8565 0.1278
vn 0.3815 0.9169 0.1173
vn 0.2557 0.9576 0.1325
vn -0.7051 0.7009 0.1076
vn -0.5000 0.8566 0.1278
vn 0.7651 0.6432 -0.0298
vn 0.9493 -0.3125 -0.0336
vn 0.9874 0.0033 -0.1584
vn 0.9628 0.2514 0.0995
vn 0.9215 0.3774 0.0922
vn 0.9972 -0.0035 0.0747
vn 0.9963 -0.0040 0.0856
vn -0.9627 -0.2598 0.0756
vn -0.7845 0.6053 0.1349
vn 0.1359 0.9864 -0.0923
vn 0.9898 -0.1280 -0.0632
vn 0.8781 -0.1202 -0.4631
vn 0.8986 -0.1086 -0.4252
vn -0.0001 0.9912 0.1322
vn 0.8062 0.5916 0.0123
vn 0.9560 -0.2900 -0.0440
vn -0.9215 0.3774 0.0922
vn -0.9627 0.2515 0.0995
vn -0.8615 0.4954 0.1109
vn 0.1716 0.7590 -0.6281
vn 0.2602 0.0183 -0.9654
vn -0.5505 0.0160 -0.8347
vn 0.1708 -0.7354 -0.6558
vn 0.8956 0.0079 -0.4448
vn -0.2558 0.0218 -0.9665
vn -0.1676 0.7646 -0.6223
vn 0.5575 0.0186 -0.8300
vn -0.1685 -0.7352 -0.6566
vn -0.8945 0.0106 -0.4469
vn -0.8702 0.4895 0.0563
vn -0.5129 0.8557 0.0682
vn 0.5857 -0.8096 0.0390
vn 0.5531 -0.8331 -0.0089
vn 0.7401 -0.2949 0.6044
vn 0.7321 0.6788 0.0572
vn 0.6175 0.7761 -0.1281
vn 0.9863 0.0415 -0.1596
vn 0.5357 -0.0019 -0.8444
vn 0.6893 -0.7202 -0.0787
vn 0.7719 0.0575 0.6331
vn -0.9863 0.0415 -0.1597
vn -0.6174 0.7761 -0.1281
vn -0.5357 -0.0019 -0.8444
vn -0.6893 -0.7202 -0.0787
vn -0.7719 0.0575 0.6331
vn -0.9181 -0.3879 0.0812
vn -0.9003 -0.3923 0.1887
vn -0.9160 -0.3926 0.0820
vn -0.1146 -0.9913 0.0648
vn -0.1132 -0.9812 0.1563
vn -0.1146 -0.9913 0.0643
vn 0.7939 -0.6040 0.0698
vn 0.7805 -0.5997 0.1767
vn 0.7977 -0.5991 0.0698
vn 0.9145 0.3850 0.1241
vn 0.8988 0.3731 0.2302
vn 0.9144 0.3851 0.1246
vn 0.1241 0.9797 0.1573
vn 0.1225 0.9574 0.2614
vn 0.1241 0.9798 0.1567
vn -0.7938 0.5928 0.1357
vn -0.7804 0.5769 0.2411
vn -0.7939 0.5927 0.1357
vn 0.6132 0.7775 0.1393
vn 0.5939 0.7444 0.3051
vn -0.5923 -0.7699 0.2373
vn -0.6125 -0.7873 0.0699
vn -0.6127 -0.7873 0.0692
vn 0.6093 0.7709 0.1856
vn 0.6092 0.7710 0.1855
vn 0.5805 0.7246 0.3716
vn -0.5783 -0.7560 0.3066
vn -0.6085 -0.7849 0.1172
vn -0.6084 -0.7849 0.1173
vn -0.0000 -0.9998 -0.0205
vn 0.0001 -0.9998 -0.0205
vn -0.6690 -0.7374 0.0931
vn -0.3940 -0.8683 -0.3013
vn -0.5791 -0.5544 -0.5977
vn -0.0000 -0.9989 -0.0472
vn 0.8154 0.5787 -0.0117
vn 0.9400 0.3412 0.0085
vn 0.9664 0.2570 -0.0056
vn 0.7053 0.7088 -0.0102
vn 0.7623 0.6472 0.0065
vn 0.7700 0.6378 -0.0163
vn -0.3469 -0.9373 -0.0342
vn -0.2597 -0.9647 -0.0447
vn -0.4971 -0.8666 -0.0430
vn 0.1746 0.9846 0.0063
vn 0.2605 0.9655 -0.0051
vn -0.0001 1.0000 -0.0067
vn -0.1745 0.9846 0.0063
vn -0.2604 0.9655 -0.0051
vn -0.6389 -0.7687 -0.0308
vn -0.6407 -0.7669 -0.0365
vn -0.6089 -0.7923 -0.0388
vn -0.3468 0.9379 0.0041
vn -0.3819 0.9242 -0.0036
vn -0.7624 0.6471 0.0065
vn -0.7704 0.6373 -0.0165
vn -0.8151 0.5792 -0.0117
vn -0.9401 0.3409 0.0087
vn -0.9665 0.2567 -0.0055
vn -0.3668 0.9281 0.0634
vn -0.9401 -0.3410 -0.0053
vn -0.9665 -0.2562 -0.0160
vn -0.8661 -0.4994 -0.0235
vn -0.7624 -0.6468 -0.0191
vn -0.7428 -0.6687 -0.0316
vn 0.6407 -0.7669 -0.0365
vn 0.5002 -0.8653 -0.0330
vn 0.5002 -0.8650 -0.0405
vn 0.2598 -0.9646 -0.0447
vn -0.4475 -0.8908 -0.0788
vn 0.5001 0.8660 0.0025
vn 0.4998 0.8661 -0.0050
vn 0.7622 -0.6470 -0.0191
vn 0.7429 -0.6687 -0.0316
vn 0.8661 -0.4994 -0.0236
vn 0.9400 -0.3412 -0.0054
vn 0.9664 -0.2566 -0.0161
vn -0.4745 -0.8803 0.0004
vn -0.4960 -0.8680 0.0258
vn -0.3523 -0.9349 0.0420
vn -0.6389 0.7693 0.0008
vn -0.7058 0.7083 -0.0103
vn -0.7445 0.6636 0.0725
vn -0.7154 0.6952 0.0699
vn 0.9358 -0.3278 -0.1295
vn 0.9826 0.1123 -0.1482
vn 0.7865 -0.6175 0.0114
vn -0.9137 0.4025 0.0559
vn -0.9788 0.2050 0.0034
vn -0.8248 0.5641 -0.0392
vn 0.1905 -0.9693 -0.1557
vn 0.3445 -0.9142 -0.2136
vn -0.0001 -0.9903 -0.1389
vn -0.3449 -0.9141 -0.2134
vn -0.1905 -0.9693 -0.1556
vn 0.4473 -0.8909 -0.0789
vn 0.4961 -0.8672 -0.0429
vn 0.6310 0.7746 -0.0433
vn 0.4920 0.8681 -0.0663
vn 0.6077 0.7936 -0.0290
vn -0.0000 -0.4256 0.9049
vn 0.9714 0.0049 -0.2375
vn 0.5252 0.0177 -0.8508
vn -0.4951 0.8439 0.2068
vn 0.9381 0.3409 0.0616
vn 0.9434 0.3261 0.0610
vn -0.1490 0.9877 0.0483
vn -0.8224 0.5009 0.2696
vn -0.0000 0.7213 -0.6926
vn -0.5774 0.5889 -0.5655
vn 0.7651 0.6416 -0.0544
vn 0.9229 0.3846 -0.0171
vn -0.6364 0.7552 0.1568
vn -0.9464 0.3226 0.0178
vn -0.8702 0.4739 0.1348
vn 0.6925 -0.7122 0.1149
vn 0.8722 0.0102 -0.4890
vn 0.9714 -0.0049 0.2375
vn -0.2923 -0.6294 -0.7200
vn 0.4869 0.0201 -0.8732
vn 0.1344 -0.7145 -0.6866
vn 0.4973 -0.0174 0.8674
vn 1.0000 -0.0000 0.0024
vn 1.0000 0.0006 -0.0003
vn 0.0153 -0.9579 -0.2867
vn -0.9281 0.0077 -0.3722
vn -0.9404 0.0071 -0.3399
vn -0.0000 -0.9984 0.0562
vn -0.0000 -0.9989 -0.0468
vn 0.0051 0.9999 0.0103
vn -0.9999 -0.0004 -0.0101
vn -0.9999 -0.0049 -0.0106
vn 0.9310 -0.1581 -0.3291
vn 0.8553 -0.1412 -0.4985
vn 0.9308 -0.1584 -0.3295
vn 0.9659 0.2587 0.0121
vn 1.0000 -0.0001 -0.0000
vn 0.0048 0.2622 -0.9650
vn 0.0105 0.2642 -0.9644
vn 0.0010 0.2620 -0.9651
vn 0.6527 -0.0155 0.7575
vn -0.3299 -0.0193 0.9438
vn -0.3304 -0.0193 0.9437
vn 0.6931 0.0162 -0.7206
vn -0.6823 0.0209 -0.7308
vn -1.0000 0.0017 0.0001
vn -0.5016 -0.8642 -0.0395
vn -0.5015 -0.8643 -0.0395
vn 0.7096 -0.5443 -0.4475
vn -0.5251 0.0177 -0.8508
vn -0.0398 -0.0097 -0.9992
vn -0.0000 0.0201 -0.9998
vn -0.0000 0.5177 -0.8555
vn 0.7071 0.7069 0.0147
vn 0.7071 -0.7069 -0.0147
vn 0.7071 -0.7070 -0.0147
vn 0.4960 -0.8675 0.0386
vn 0.9405 0.0070 -0.3397
vn 0.2587 0.9649 0.0453
vn 0.1283 0.9655 0.2264
vn 0.2543 0.9402 0.2268
vn 0.9397 0.3419 0.0070
vn 0.9397 0.3418 0.0070
vn 0.9282 0.0077 -0.3721
vn 0.9514 0.1739 -0.2540
vn 0.9972 0.0457 0.0588
vn 0.9812 0.1187 0.1521
vn -0.5487 0.4136 0.7265
vn 0.5032 -0.3989 0.7666
vn -0.5838 0.4418 0.6812
vn 0.6267 0.4058 -0.6653
vn 0.7296 0.4445 0.5197
vn 0.7341 0.4465 0.5116
vn 0.7069 -0.7071 -0.0145
vn 0.7070 -0.7070 -0.0146
vn -1.0000 -0.0002 -0.0005
vn -0.4998 -0.0578 -0.8642
vn -0.4996 -0.0580 -0.8643
vn -0.7882 -0.6153 -0.0126
vn -0.7887 -0.6147 -0.0124
vn -0.7889 -0.6144 -0.0122
vn -0.0000 -0.7650 -0.6441
vn 0.8143 0.3474 -0.4649
vn 0.9237 0.3829 0.0080
vn 0.2853 -0.8640 -0.4148
vn 0.7413 -0.4721 0.4771
vn 0.2804 -0.8840 0.3740
vn -0.9825 0.0038 -0.1862
vn -0.9824 0.0038 -0.1866
vn 0.8958 0.0091 -0.4443
vn 0.3243 0.8970 -0.3002
vn 0.3005 0.8332 -0.4641
vn 0.3007 0.8332 -0.4641
vn -0.8667 0.4982 0.0228
vn -1.0000 0.0013 0.0001
vn -0.1366 -0.7194 -0.6810
vn -0.0000 0.4822 0.8760
vn -0.0000 -0.0204 0.9998
vn -0.0000 0.8762 -0.4820
vn -0.0000 0.5179 -0.8555
vn 0.2983 -0.0180 -0.9543
vn 0.3501 -0.0494 -0.9354
vn 0.2933 -0.0150 -0.9559
vn -0.9877 -0.1561 -0.0032
vn -0.0000 0.7369 -0.6760
vn -0.0000 -0.7140 -0.7001
vn -0.5662 0.4274 0.7048
vn -0.5681 0.4289 0.7023
vn 0.0241 0.0058 -0.9997
vn -0.3069 -0.5113 -0.8027
vn 0.3427 0.0188 -0.9393
vn -0.0000 0.0199 -0.9998
vn -0.0001 0.0200 -0.9998
vn 0.0211 0.8779 -0.4784
vn -0.0000 0.9953 -0.0964
vn -0.7096 -0.5443 -0.4475
vn 0.5393 0.0175 -0.8419
vn 0.9895 -0.1444 -0.0030
vn -0.9732 0.1567 0.1685
vn -0.9075 0.3613 0.2143
vn -0.9788 0.1287 0.1591
vn -0.9430 -0.0069 0.3328
vn -0.0000 -0.0207 0.9998
vn 0.3018 0.9464 -0.1150
vn 0.3006 0.9365 0.1804
vn 0.3017 0.9404 0.1571
vn -0.0000 -0.9979 0.0654
vn 0.7057 -0.7084 -0.0146
vn 0.7054 -0.7086 -0.0147
vn 0.0001 0.9937 0.1118
vn 0.0941 0.9893 0.1115
vn 0.0943 0.9893 0.1112
vn 0.1201 0.8973 0.4247
vn 0.2442 0.8965 0.3696
vn 0.2386 0.8725 0.4264
vn -0.5194 -0.0172 0.8544
vn -0.4682 -0.0182 0.8835
vn -0.4720 -0.0184 0.8814
vn 0.0002 -0.9978 0.0665
vn -0.0004 -0.9978 0.0668
vn 0.0002 -0.9977 0.0671
vn -0.0954 -0.9931 -0.0683
vn -0.3122 -0.8829 -0.3506
vn -0.6849 0.0204 -0.7284
vn 0.9456 -0.0068 0.3253
vn -0.0003 -0.1634 0.9866
vn -0.2402 -0.1491 0.9592
vn -0.0003 -0.1656 0.9862
vn -0.7043 -0.0216 0.7096
vn -0.6842 -0.0222 0.7289
vn -0.9455 -0.0068 0.3256
vn -0.0000 0.9995 -0.0320
vn -0.0000 0.9960 -0.0895
vn 0.9760 0.2161 -0.0270
vn 0.9760 -0.2159 0.0270
vn -0.7220 0.0099 -0.6918
vn -0.5281 0.0121 -0.8491
vn 0.7210 0.0122 -0.6928
vn 1.0000 0.0032 0.0001
vn -0.3504 -0.0496 -0.9353
vn -1.0000 -0.0003 -0.0000
vn -1.0000 -0.0000 0.0001
vn -1.0000 0.0022 -0.0000
vn 0.0020 -0.9998 -0.0208
vn -0.0001 0.9048 -0.4258
vn -0.9659 0.2588 0.0121
vn -0.8661 0.4993 0.0233
vn 0.8552 0.1616 -0.4924
vn 0.9311 0.1715 -0.3221
vn 0.8553 0.1616 -0.4924
vn 0.8517 0.5240 0.0047
vn 0.8879 0.4600 -0.0037
vn 0.6539 -0.2986 0.6952
vn 0.9906 0.1102 -0.0807
vn -0.8855 -0.3151 -0.3415
vn -0.8854 -0.3153 -0.3415
vn -0.8854 -0.3153 -0.3416
vn -0.1860 -0.9792 -0.0807
vn -0.2674 -0.9636 0.0012
vn -0.1852 -0.9827 0.0032
vn 0.2330 -0.9719 -0.0336
vn 0.0456 -0.9981 -0.0406
vn 0.0913 -0.9951 -0.0390
vn -0.8698 0.4822 0.1046
vn -0.9014 0.4310 0.0410
vn 0.7718 0.6338 0.0518
vn 0.9820 -0.1763 -0.0673
vn 0.7875 0.6127 -0.0664
vn -0.5287 -0.6001 -0.6003
vn 0.1737 0.9846 0.0201
vn 0.4996 0.8661 0.0177
vn 0.4997 0.8660 0.0177
vn 0.9993 0.0065 0.0360
vn 0.8766 -0.4813 0.0038
vn -0.9950 -0.0759 -0.0641
vn -0.9962 -0.0540 -0.0688
vn -0.9198 -0.3054 -0.2465
vn 0.8231 -0.3618 0.4377
vn 0.7724 -0.3452 0.5332
vn 0.8233 -0.3616 0.4376
vn 0.2342 -0.9446 0.2299
vn -0.6208 -0.3045 0.7224
vn 0.2345 -0.9445 0.2301
vn -0.9536 0.1620 0.2539
vn -0.9507 0.1274 0.2826
vn -0.9509 0.1265 0.2826
vn -0.4694 -0.4687 -0.7483
vn 0.0350 -0.4117 -0.9106
vn 0.0275 -0.6798 -0.7329
vn -0.6796 0.0282 -0.7330
vn -0.4704 0.5243 -0.7099
vn 0.0265 0.7339 -0.6787
vn 0.5238 0.5236 -0.6719
vn 0.7333 0.0267 -0.6794
vn 0.5240 -0.4698 -0.7104
vn -0.5240 0.5235 -0.6718
vn -0.0348 0.4804 -0.8764
vn -0.4816 0.0339 -0.8757
vn -0.0268 0.7339 -0.6787
vn 0.4704 0.5241 -0.7099
vn 0.4129 0.0347 -0.9101
vn 0.6801 0.0278 -0.7326
vn 0.4697 -0.4689 -0.7480
vn -0.0349 -0.4117 -0.9106
vn -0.0274 -0.6798 -0.7329
vn -0.5240 -0.4698 -0.7104
vn -0.7333 0.0267 -0.6794
vn -0.0861 0.9906 0.1066
vn -0.4999 0.8651 0.0405
vn -0.4913 0.8421 0.2224
vn 0.1079 -0.9917 -0.0698
vn 0.8848 -0.0089 0.4658
vn 0.7125 -0.6222 0.3244
vn -0.6795 0.4326 0.5925
vn -0.3999 0.8429 0.3600
vn -0.3998 0.8429 0.3601
vn -0.4180 0.3648 -0.8320
vn -0.7916 0.2454 -0.5597
vn -0.4177 0.3649 -0.8321
vn 0.4304 -0.8119 -0.3945
vn 0.3598 -0.9324 -0.0341
vn 0.4287 -0.8445 0.3211
vn 0.4962 0.8660 -0.0610
vn 0.9666 0.2502 -0.0547
vn -0.7075 -0.0215 0.7064
vn 0.2927 0.7330 -0.6140
vn 0.6936 -0.2873 -0.6605
vn 0.7381 -0.2696 -0.6185
vn -0.0596 0.2225 0.9731
vn 0.9704 0.2413 0.0051
vn 0.0984 0.9894 0.1065
vn 0.0001 0.9947 0.1024
vn -0.0000 0.9941 0.1083
vn -0.7615 -0.6289 0.1568
vn -0.4613 -0.8328 0.3061
vn -0.6836 -0.6590 0.3138
vn -0.9945 -0.0271 -0.1015
vn -0.9949 0.0021 -0.1012
vn -0.9598 0.0058 -0.2807
vn -0.9834 -0.0634 0.1702
vn -0.9660 -0.0383 0.2557
vn -0.9430 -0.0056 0.3327
vn 0.8324 0.4783 0.2799
vn 0.8181 0.3984 0.4147
vn 0.8325 0.4790 0.2783
vn -0.0259 -0.9982 0.0541
vn -0.0260 -0.9982 0.0542
vn -0.0261 -0.9982 0.0542
vn -0.0002 0.0207 -0.9998
vn -0.9221 0.0078 -0.3870
vn -0.0002 0.0201 -0.9998
vn 0.2622 0.8821 0.3913
vn 0.0548 0.9072 0.4171
vn 0.0007 0.8912 0.4535
vn -0.7101 -0.6886 -0.1469
vn 0.2350 -0.9443 0.2304
vn -0.0000 0.0462 -0.9989
vn -0.0000 0.0464 -0.9989
vn 0.0020 -0.9808 -0.1952
vn 0.0001 -0.9808 -0.1950
vn 0.4856 0.8742 0.0038
vn 0.6458 0.7588 0.0842
vn 0.4995 0.8640 0.0627
vn -0.6458 0.7588 0.0842
vn -0.1424 0.9890 0.0410
vn -0.4856 0.8742 0.0038
vn -0.6624 0.7460 0.0686
vn 0.2352 0.9619 0.1392
vn 0.1424 0.9890 0.0410
vn -0.1332 0.9860 -0.0998
vn -0.5664 0.8131 -0.1341
vn -0.6712 0.7412 -0.0137
vn 0.5611 -0.1152 -0.8197
vn 0.1471 -0.9379 -0.3141
vn 0.9233 -0.1312 -0.3611
vn -0.7866 -0.6174 0.0116
vn -0.9770 0.2119 -0.0245
vn -0.9827 0.1113 -0.1482
vn -0.9785 0.1979 0.0577
vn -0.7163 -0.6897 0.1058
vn 0.0001 0.9999 0.0157
vn 0.2606 0.9653 0.0133
vn 0.0001 0.9999 0.0163
vn 0.3272 0.7229 -0.6085
vn 0.6586 -0.3805 -0.6492
vn 0.7107 -0.2807 -0.6451
vn 0.9986 0.0024 -0.0520
vn 0.9869 0.1341 -0.0894
vn 0.9795 -0.2014 -0.0061
vn -0.9911 -0.1331 -0.0028
vn -0.6683 -0.1407 -0.7305
vn -0.1237 -0.9921 -0.0205
vn -0.0000 -0.6062 0.7953
vn -0.0540 0.9673 0.2476
vn -0.5409 0.7935 0.2791
vn -0.5408 0.7935 0.2791
vn -0.6802 -0.5610 -0.4719
vn -0.2433 -0.1842 -0.9523
vn -0.2411 -0.1828 -0.9531
vn 0.1303 0.9767 0.1706
vn 0.0863 0.9905 0.1069
vn 0.1250 -0.9557 0.2666
vn 0.2613 -0.8767 -0.4039
vn 0.2592 0.9656 0.0201
vn -0.0001 0.9998 0.0208
vn -0.9994 0.0318 0.0148
vn -1.0000 -0.0000 0.0003
vn 0.0125 -0.0121 -0.9998
vn 0.0119 -0.0123 -0.9999
vn 0.0120 -0.0131 -0.9998
vn -0.9127 -0.4083 0.0178
vn -0.3686 -0.9296 0.0041
vn 0.9292 0.1566 0.3349
vn 0.9911 -0.1331 -0.0028
vn 0.9713 0.2378 0.0049
vn -0.2584 -0.9632 -0.0744
vn -0.4670 -0.8840 -0.0228
vn -0.2885 -0.9573 -0.0195
vn -0.5000 -0.8651 -0.0404
vn -0.2587 -0.9649 -0.0451
vn -0.2588 -0.9649 -0.0450
vn -0.0000 0.6159 0.7879
vn -0.9812 0.1187 0.1521
vn -0.0000 0.6175 0.7866
vn -0.9997 0.0011 -0.0230
vn -0.9994 0.0017 -0.0356
vn 0.6088 -0.7931 -0.0158
vn 0.5367 -0.6898 -0.4859
vn 0.6085 -0.7934 -0.0165
vn -0.0003 -0.9978 0.0668
vn -0.9902 0.0088 -0.1390
vn -0.8552 -0.4883 -0.1736
vn -0.3238 -0.8842 -0.3367
vn -0.2994 -0.8138 -0.4981
vn -0.2994 -0.8137 -0.4982
vn -0.6028 0.7977 0.0157
vn -0.7057 0.7068 -0.0490
vn -0.9669 0.2431 -0.0769
vn -0.7075 0.0147 -0.7065
vn 0.7075 0.0147 -0.7065
vn -0.3936 -0.4868 -0.7798
vn -0.8661 -0.4994 -0.0233
vn -0.8661 -0.4993 -0.0233
vn 0.8863 0.0215 -0.4626
vn -0.0000 0.0459 -0.9989
vn -0.7370 0.5022 0.4523
vn -0.2812 0.9515 0.1248
vn -0.8704 0.4707 0.1446
vn -0.8041 -0.5678 -0.1763
vn -0.6005 -0.7686 -0.2206
vn -0.3942 -0.8866 -0.2420
vn -0.0006 -0.4097 0.9122
vn -0.0013 -0.4101 0.9120
vn 0.8226 0.5004 0.2700
vn -0.0000 0.9998 0.0199
vn 0.9948 0.0021 -0.1021
vn 0.9944 -0.0273 -0.1023
vn 0.9591 0.0059 -0.2829
vn 0.9833 -0.0644 0.1704
vn 0.9661 -0.0396 0.2552
vn 0.9434 -0.0072 0.3316
vn -0.6774 -0.6715 -0.3003
vn -0.7057 -0.7084 -0.0146
vn -0.7054 -0.7086 -0.0147
vn -0.0000 0.4294 0.9031
vn -0.0000 0.4293 0.9031
vn 0.3201 0.7459 0.5841
vn 0.3409 0.8011 0.4920
vn 0.3407 0.8014 0.4917
vn -0.4177 -0.3649 0.8321
vn -0.7915 -0.2454 0.5597
vn -0.7914 -0.2454 0.5598
vn -0.3326 -0.9340 0.1303
vn -0.4688 -0.8812 0.0605
vn 0.4727 -0.8325 0.2890
vn 0.4617 -0.8161 0.3475
vn -0.2338 -0.9445 0.2307
vn -0.2338 -0.9445 0.2308
vn -0.2337 -0.9441 0.2323
vn 0.5127 0.7453 -0.4262
vn 0.5131 0.7454 -0.4255
vn 0.1269 -0.9910 -0.0417
vn -0.0026 -0.9996 0.0283
vn -0.0158 -0.9989 -0.0433
vn 0.2539 -0.8697 -0.4232
vn 0.1062 -0.3447 -0.9327
vn 0.7653 -0.2784 -0.5803
vn 0.7653 -0.2791 -0.5801
vn 0.8676 0.0732 0.4919
vn 0.8674 0.0747 0.4920
vn 0.8433 0.1955 0.5006
vn 0.4177 0.6557 -0.6290
vn -0.4177 0.6557 -0.6290
vn 0.7071 0.0147 -0.7069
vn 0.5774 -0.5892 0.5652
vn 0.5774 -0.5652 -0.5892
vn -0.3322 -0.9413 0.0600
vn -0.5524 -0.8328 -0.0351
vn -0.4924 -0.8693 0.0431
vn 0.3792 0.9253 0.0059
vn 0.0001 0.9999 0.0126
vn 0.2610 0.9653 0.0125
vn -0.9351 -0.3298 -0.1294
vn 1.0000 0.0028 -0.0028
vn -0.8224 0.5193 -0.2322
vn -0.9700 0.0882 -0.2265
vn -0.4918 0.8456 -0.2076
vn 0.4091 0.7313 -0.5458
vn 0.4162 0.7278 -0.5451
vn 0.4169 0.7275 -0.5450
vn 0.7442 0.0135 -0.6678
vn 0.7443 0.0134 -0.6677
vn 0.7450 0.0143 -0.6670
vn 0.2338 -0.9658 0.1120
vn -0.3090 -0.5444 0.7799
vn -0.9000 -0.1695 -0.4016
vn -0.7071 0.7070 0.0147
vn -0.4163 -0.7037 -0.5758
vn -0.4142 -0.7051 -0.5756
vn -0.4165 -0.7036 -0.5758
vn -0.1088 0.8025 0.5866
vn -0.1161 0.8613 0.4946
vn -0.1084 0.8029 0.5862
vn -0.0000 0.8763 -0.4817
vn 0.2585 -0.9603 0.1049
vn -0.0001 -0.9774 0.2112
vn -0.0001 -0.9945 0.1046
vn 0.4177 0.3649 -0.8321
vn -0.0000 -0.8857 0.4642
vn -0.0311 0.0614 -0.9976
vn -0.0290 0.0587 -0.9979
vn 0.0604 0.2228 0.9730
vn -0.6437 0.3284 0.6913
vn -0.6441 0.3280 0.6910
vn 0.2118 -0.9737 -0.0843
vn 0.2119 -0.9767 0.0333
vn 0.2120 -0.9769 0.0280
vn -0.9963 -0.0865 -0.0020
vn -0.9962 -0.0874 -0.0017
vn -0.9962 -0.0872 -0.0017
vn -0.9862 0.0712 0.1498
vn 0.9637 -0.2429 0.1111
vn 0.9627 -0.2678 0.0395
vn 0.8527 0.5224 0.0065
vn 0.9548 0.2972 0.0085
vn 1.0000 -0.0000 0.0005
vn 0.7073 -0.6652 0.2394
vn 0.5773 0.7394 0.3464
vn 0.5773 -0.3472 0.7391
vn -0.8556 -0.1401 -0.4984
vn -0.9313 -0.1569 -0.3288
vn -0.9313 -0.1569 -0.3287
vn -0.6097 -0.7193 -0.3328
vn -0.5637 -0.6610 -0.4953
vn -0.6096 -0.7195 -0.3327
vn -0.0000 0.0206 -0.9998
vn 0.9997 -0.0238 0.0012
vn 0.8373 0.0245 -0.5463
vn -1.0000 -0.0000 0.0005
vn -0.4999 0.0577 0.8642
vn -0.7581 0.0132 -0.6520
vn -0.0005 -0.9860 0.1665
vn 0.1569 -0.9786 0.1331
vn 0.5373 0.7091 -0.4566
vn 0.6087 0.7932 0.0158
vn 0.6091 0.7929 0.0165
vn 0.6512 0.0198 -0.7587
vn -0.4234 0.8354 -0.3504
vn -0.7292 0.4444 0.5204
vn 0.0240 -0.0356 0.9991
vn 0.2633 -0.9647 -0.0084
vn -0.0000 -1.0000 -0.0048
vn -0.0000 -1.0000 -0.0034
vn -0.8183 0.3982 0.4146
vn -0.7494 -0.1633 0.6416
vn -0.5933 -0.6330 0.4973
vn -0.5931 -0.6330 0.4976
vn -0.9854 0.1613 -0.0538
vn -0.3376 0.7844 0.5203
vn -0.3901 0.9204 -0.0269
vn -0.9676 0.2526 -0.0014
vn -0.9910 -0.1224 -0.0543
vn -0.9771 -0.2115 -0.0246
vn -0.2957 0.9500 0.1004
vn 0.0565 0.9864 0.1544
vn -0.1261 0.9878 0.0912
vn 0.5615 -0.3076 -0.7682
vn 0.1610 -0.0731 -0.9843
vn 0.6009 -0.7684 -0.2203
vn 0.3941 -0.8867 -0.2418
vn 0.0421 -0.9738 -0.2235
vn -0.9123 0.3649 -0.1857
vn -0.9898 0.1356 -0.0443
vn -0.8634 0.4986 -0.0765
vn 0.8817 -0.4481 -0.1477
vn 0.8041 -0.5678 -0.1759
vn 0.7514 -0.6267 -0.2063
vn 0.9485 -0.3068 -0.0788
vn -0.2694 0.9435 -0.1927
vn -0.2517 0.9476 -0.1968
vn 0.6799 -0.4297 -0.5942
vn 0.6803 -0.4284 -0.5948
vn 1.0000 0.0001 -0.0002
vn -0.8781 -0.4263 0.2174
vn 0.4177 -0.8462 0.3307
vn 0.7912 -0.5696 0.2226
vn 0.7916 -0.5690 0.2227
vn 0.7661 0.6426 0.0131
vn -0.9999 0.0019 0.0107
vn -0.7095 -0.7047 -0.0068
vn -0.7100 -0.7042 -0.0069
vn -0.0211 0.8780 -0.4782
vn 0.0001 0.9665 -0.2567
vn -0.1144 0.9443 -0.3085
vn 0.1148 0.9442 -0.3088
vn 0.9914 -0.0027 0.1305
vn 0.9078 0.4189 0.0208
vn 0.9040 0.3968 0.1589
vn 0.0063 -0.0270 -0.9996
vn -0.1152 0.8841 -0.4529
vn -1.0000 -0.0011 0.0007
vn 0.0010 -0.9148 0.4039
vn 0.0010 -0.9147 0.4041
vn -0.0000 0.5585 0.8295
vn 0.4987 0.0174 -0.8666
vn -1.0000 0.0006 -0.0003
vn 0.5004 0.0180 -0.8656
vn -0.0004 -0.0211 0.9998
vn -0.0027 -0.0226 0.9997
vn -0.7069 -0.7072 -0.0145
vn -0.7070 -0.7071 -0.0146
vn -0.7068 -0.7072 -0.0144
vn 0.1252 -0.1181 0.9851
vn -0.6091 -0.7931 0.0051
vn -0.6138 -0.7889 -0.0283
vn -0.2585 0.9417 0.2154
vn -0.1632 0.9790 0.1223
vn 0.4142 -0.7051 -0.5756
vn 0.4163 -0.7037 -0.5758
vn 0.4165 -0.7036 -0.5758
vn -0.6642 0.7162 0.2144
vn -0.9577 -0.0056 0.2877
vn -0.9984 0.0361 0.0444
vn -0.9909 0.0895 0.1002
vn -0.2512 0.9571 0.1442
vn -0.1165 0.9915 0.0586
vn -0.0446 0.9990 0.0088
vn 0.3486 -0.9329 0.0904
vn 0.6891 -0.7213 0.0703
vn 0.3477 -0.9332 0.0907
vn -0.6380 -0.7540 -0.1565
vn -0.9460 -0.3238 -0.0180
vn -0.8697 -0.4748 -0.1349
vn -0.4810 -0.3838 0.7883
vn -0.3895 -0.3030 -0.8697
vn 0.7074 -0.7008 -0.0923
vn -0.3869 -0.3056 -0.8700
vn -0.4995 0.8640 0.0627
vn 0.7523 0.6413 0.1508
vn 0.9698 0.2379 0.0536
vn 0.7523 0.6555 0.0664
vn 0.1332 0.9860 -0.0998
vn 0.8224 0.5193 -0.2322
vn 0.4918 0.8456 -0.2076
vn 0.3863 -0.2995 -0.8724
vn 0.6482 0.0124 -0.7614
vn 0.3833 -0.3021 -0.8728
vn 0.9700 0.0885 -0.2265
vn 0.5495 -0.8347 -0.0346
vn 0.7164 -0.6896 0.1058
vn 0.4925 -0.8693 0.0422
vn 0.3322 -0.9413 0.0593
vn -0.1810 -0.0204 0.9833
vn -0.7021 -0.0901 0.7063
vn -0.7272 -0.1310 0.6738
vn -0.7021 -0.0899 0.7064
vn 0.8801 0.2794 0.3840
vn 0.9987 0.0508 0.0011
vn 0.9180 -0.1766 0.3550
vn 0.7915 0.2454 -0.5597
vn 0.4180 0.3648 -0.8320
vn 0.3527 -0.9347 -0.0443
vn -0.3587 -0.9274 -0.1059
vn 0.3588 -0.9274 -0.1061
vn -0.7043 -0.0898 -0.7042
vn 0.4624 -0.6508 -0.6022
vn 0.0001 -0.0197 0.9998
vn -0.0017 -0.0187 0.9998
vn 0.0008 -0.0200 0.9998
vn 0.8347 0.3131 -0.4530
vn 0.2981 0.1282 -0.9459
vn 0.8365 0.3137 -0.4492
vn 0.9895 -0.1375 0.0443
vn 0.9120 -0.3656 0.1860
vn 0.8630 -0.4994 0.0765
vn -0.7303 -0.0208 0.6828
vn -0.7075 -0.0204 0.7064
vn -0.6823 -0.0209 0.7308
vn 0.5570 -0.0957 -0.8250
vn 0.5956 -0.0586 -0.8011
vn 0.5568 -0.0955 -0.8251
vn 0.4999 -0.8659 -0.0177
vn 0.1737 -0.9846 -0.0202
vn 0.4175 -0.9085 -0.0189
vn -0.4175 -0.9085 -0.0189
vn -0.0135 -0.0125 -0.9998
vn -0.0135 -0.0126 -0.9998
vn -0.7423 -0.4714 0.4762
vn -0.2842 -0.8645 -0.4146
vn -0.2801 -0.8837 0.3749
vn 0.6527 -0.0157 0.7574
vn 0.6522 -0.0156 0.7579
vn 0.6526 -0.0156 0.7576
vn 0.2587 0.9649 0.0450
vn 0.7916 -0.2454 0.5596
vn 0.4177 -0.3649 0.8321
vn 0.7915 -0.2454 0.5598
vn 0.9998 -0.0005 0.0220
vn 0.7932 -0.6088 -0.0123
vn 0.6991 -0.5267 -0.4835
vn 0.7935 -0.6085 -0.0118
vn -0.0000 0.7526 0.6585
vn 0.9191 -0.3938 -0.0079
vn 0.8726 -0.4883 -0.0114
vn 0.9182 -0.3961 -0.0079
vn -0.2352 0.9619 0.1392
vn -0.9511 0.2765 0.1374
vn 0.7163 -0.6669 0.2052
vn 0.7949 -0.0135 0.6066
vn 0.4303 -0.5031 0.7495
vn -0.8782 -0.4781 -0.0097
vn -0.8783 -0.4780 -0.0094
vn -0.8782 -0.4782 -0.0099
vn -0.5822 0.3798 -0.7188
vn -0.9622 -0.0979 -0.2543
vn -0.8811 0.0271 -0.4722
vn -0.1339 0.6276 0.7669
vn 0.6373 0.1803 0.7492
vn 0.3825 0.7916 0.4765
vn 0.7255 -0.6151 0.3088
vn 0.6813 -0.5616 -0.4695
vn 0.9839 -0.1788 -0.0056
vn 0.8974 -0.1636 -0.4098
vn 0.9840 -0.1781 -0.0054
vn -0.0000 0.0738 0.9973
vn -0.0000 -0.0165 0.9999
vn -0.8964 0.4427 -0.0239
vn -0.9704 0.2373 -0.0453
vn -0.9674 0.2515 -0.0294
vn -0.7629 -0.6455 0.0350
vn -0.9115 -0.4029 -0.0830
vn -0.7653 -0.6403 -0.0655
vn 0.0670 0.9948 0.0772
vn -0.7258 0.6869 0.0380
vn -0.1995 0.9747 0.1007
vn -0.7912 -0.4237 -0.4410
vn -0.7907 -0.4238 -0.4418
vn 0.9254 -0.3572 0.1265
vn 0.6236 -0.7804 0.0464
vn 0.9849 0.1668 0.0451
vn -0.0420 -0.9738 -0.2235
vn 0.8958 -0.1484 -0.4190
vn -0.8817 -0.4480 -0.1480
vn -0.7513 -0.6268 -0.2066
vn -0.9486 -0.3065 -0.0792
vn 0.8928 0.4502 0.0144
vn 0.8932 0.3912 0.2218
vn 0.7614 0.5965 0.2537
vn 0.7381 0.6233 0.2581
vn 0.6868 -0.0639 0.7240
vn 0.6852 -0.0664 0.7253
vn 0.6870 -0.0637 0.7239
vn -0.0001 -0.0255 -0.9997
vn -0.2320 -0.8563 -0.4615
vn -0.0064 -0.0279 -0.9996
vn -0.7301 -0.0291 -0.6828
vn -0.7208 0.1990 -0.6639
vn -0.7301 -0.0290 -0.6827
vn -0.8956 0.4442 -0.0227
vn 0.9917 0.0118 -0.1283
vn 0.9805 0.0246 -0.1951
vn 0.9779 0.0374 -0.2059
vn 0.4812 -0.3830 0.7885
vn 0.9423 0.0065 -0.3348
vn 0.9423 0.0069 -0.3348
vn -0.9452 0.1363 0.2968
vn -0.0000 0.4177 0.9086
vn -0.9834 0.0758 0.1648
vn 0.9939 -0.0860 -0.0697
vn -0.1734 0.9846 0.0202
vn -0.8191 0.4794 -0.3151
vn -0.7523 0.4444 -0.4863
vn -0.7522 0.4442 -0.4867
vn 0.0001 -0.9998 -0.0208
vn -0.8342 -0.2953 -0.4658
vn -0.8895 -0.3314 0.3145
vn -0.8895 -0.3316 0.3145
vn 0.5242 -0.8498 0.0553
vn 0.4914 -0.8675 0.0774
vn -0.4998 0.0174 -0.8660
vn -0.5015 0.0180 -0.8650
vn -0.7991 -0.4788 0.3635
vn -0.6683 -0.6825 0.2960
vn -0.8183 -0.4874 0.3047
vn -0.2414 -0.4176 0.8760
vn -0.8974 -0.0164 0.4410
vn 0.4176 0.0182 -0.9084
vn -0.4175 0.0184 -0.9085
vn -0.4176 0.0182 -0.9084
vn -0.8737 -0.4860 -0.0191
vn -0.8864 -0.4627 -0.0158
vn -0.8725 -0.4886 -0.0115
vn -0.0000 0.9998 0.0202
vn 0.9213 0.0081 -0.3887
vn 0.9876 0.0033 -0.1572
vn 0.9780 0.0098 -0.2085
vn 0.9834 0.0758 0.1648
vn 0.9452 0.1363 0.2968
vn 0.5012 -0.8649 0.0281
vn -0.0064 0.0694 -0.9976
vn 0.8574 -0.5008 0.1189
vn 0.6866 -0.6951 0.2131
vn 0.7038 -0.7021 0.1085
vn 0.7249 0.3009 -0.6196
vn -0.0004 -0.9998 -0.0196
vn -0.0021 -0.9998 -0.0201
vn -0.0014 -0.9998 -0.0192
vn -0.9839 -0.1785 -0.0063
vn -0.9636 -0.2429 0.1114
vn -0.9840 -0.1353 0.1155
vn -0.9884 -0.1428 0.0522
vn -0.8659 0.0111 -0.5001
vn -0.8515 0.0109 -0.5242
vn 0.7853 -0.6148 0.0735
vn 0.9202 -0.3805 -0.0924
vn 0.7889 -0.6078 -0.0904
vn -0.8527 0.5224 0.0066
vn -0.9823 0.1865 -0.0198
vn -0.9548 0.2970 0.0081
vn -0.4518 0.8449 0.2863
vn -0.6571 0.6221 0.4257
vn -0.5859 0.7169 0.3778
vn 0.9857 -0.1687 -0.0035
vn 0.9963 -0.0862 -0.0015
vn 0.9963 -0.0864 -0.0015
vn 0.9963 -0.0861 -0.0012
vn -0.8658 0.2407 -0.4388
vn -0.0234 0.0059 -0.9997
vn 0.3077 -0.5113 -0.8024
vn -0.4443 -0.7595 -0.4751
vn -0.1598 -0.2572 -0.9531
vn -0.4447 -0.7610 -0.4724
vn -0.0356 -0.0140 0.9993
vn 0.0046 -0.0335 0.9994
vn -0.7912 -0.6115 -0.0127
vn -0.4176 -0.9085 -0.0189
vn 0.2325 0.8744 -0.4259
vn -0.6525 -0.0151 0.7577
vn -0.6550 -0.0119 0.7555
vn -0.6524 -0.0152 0.7578
vn 0.2613 0.9418 0.2114
vn 0.1631 0.9790 0.1223
vn 0.1297 0.9671 0.2187
vn 0.1263 0.9436 0.3061
vn -0.9449 -0.0154 0.3269
vn -0.8914 -0.2564 0.3738
vn -0.9128 -0.2593 0.3156
vn 0.1508 -0.9871 0.0533
vn -0.0200 -0.9994 -0.0299
vn -0.0197 -0.9995 -0.0237
vn -0.0159 -0.9995 -0.0261
vn -0.6514 -0.0177 0.7585
vn -0.6534 -0.0133 0.7569
vn -0.6522 -0.0154 0.7579
vn 0.6380 0.7539 0.1567
vn 0.6416 0.7660 0.0405
vn 0.9203 -0.3792 -0.0964
vn 0.8653 -0.4973 -0.0627
vn 0.1395 -0.9883 -0.0611
vn 0.7912 -0.6115 -0.0127
vn -0.9285 0.3714 0.0018
vn -0.7295 0.6837 0.0187
vn -0.7368 0.6758 0.0192
vn 0.7070 0.7069 0.0221
vn -0.4996 0.8427 0.2008
vn -0.6149 0.7794 0.1203
vn -0.9651 -0.1421 0.2201
vn -0.9505 -0.2152 0.2240
vn -0.9223 -0.2036 0.3286
vn 0.9838 -0.1361 0.1167
vn 0.9874 -0.1486 0.0547
vn -0.9514 -0.3054 -0.0393
vn -0.8059 0.5919 0.0125
vn -0.8941 0.4078 -0.1853
vn -0.0950 0.9954 0.0126
vn -0.0526 0.9986 -0.0054
vn -0.0457 0.9983 -0.0359
vn -0.4669 0.0161 -0.8841
vn -0.4662 0.0124 -0.8846
vn -0.2969 -0.8061 -0.5120
vn -0.8407 0.4715 0.2662
vn -0.9382 0.2386 0.2508
vn 0.5915 -0.0160 0.8061
vn 0.1334 -0.5123 0.8484
vn -0.5775 0.7719 0.2657
vn -0.8800 0.4079 0.2433
vn -0.3089 0.8626 0.4006
vn -0.2693 -0.4716 0.8397
vn -0.9025 -0.0604 0.4264
vn -0.9011 -0.0493 0.4307
vn 0.1056 0.9937 -0.0366
vn 0.1307 0.9903 -0.0473
vn 0.2704 0.9625 -0.0234
vn 0.7363 -0.6766 -0.0130
vn 0.2456 -0.9692 -0.0184
vn 0.6699 -0.7423 -0.0151
vn -0.0532 0.9674 0.2474
vn 0.8287 0.5596 0.0114
vn 0.8290 0.5591 0.0112
vn -0.3201 0.7459 0.5841
vn -0.3409 0.8011 0.4920
vn -0.3206 0.7452 0.5848
vn 0.0215 -0.9947 -0.1007
vn 0.7611 -0.6486 0.0070
vn 0.7582 0.0136 -0.6519
vn -0.6521 0.0157 -0.7580
vn -0.2591 -0.9657 -0.0201
vn -0.0000 0.4939 -0.8695
vn -0.0000 0.7559 -0.6547
vn 0.4607 -0.8331 0.3062
vn 0.8782 -0.4260 0.2173
vn 0.6840 -0.6586 0.3137
vn -0.0930 -0.9939 0.0594
vn -0.3881 -0.8657 0.3162
vn -0.0937 -0.9938 0.0600
vn 0.5432 0.8392 -0.0269
vn 0.8516 0.5200 0.0663
vn -0.9927 0.0995 -0.0679
vn -0.9845 0.1453 -0.0983
vn 0.6897 0.6589 0.3002
vn 0.3480 0.8531 0.3886
vn 0.6887 0.6600 0.3001
vn -0.6507 -0.0099 0.7593
vn -0.6530 -0.0163 0.7572
vn -0.6532 -0.0167 0.7570
vn 0.2323 -0.8560 -0.4618
vn -0.0001 -0.9998 -0.0208
vn -0.0001 -0.8863 -0.4631
vn -0.6953 -0.7029 0.1502
vn -0.8660 -0.4994 -0.0233
vn -0.7072 -0.7062 -0.0330
vn -0.5678 -0.5061 0.6492
vn -0.3355 -0.8651 0.3728
vn -0.3349 -0.8653 0.3729
vn -0.4178 0.3303 0.8464
vn 0.4175 0.3303 0.8465
vn -0.4177 0.3306 0.8463
vn -0.0000 -0.9989 -0.0467
vn -0.0000 -0.7393 0.6734
vn 0.6832 0.2029 0.7015
vn 0.6235 -0.1278 0.7713
vn -0.0000 0.9896 -0.1438
vn -0.0000 0.9989 0.0468
vn -0.5185 -0.8549 -0.0177
vn -0.5184 -0.8550 -0.0179
vn -0.7802 0.6202 -0.0810
vn 0.4437 -0.8857 0.1370
vn 0.7433 -0.6607 0.1051
vn 0.9763 -0.1899 0.1042
vn -0.5855 -0.8098 0.0390
vn -0.5528 -0.8333 -0.0089
vn -0.5391 -0.8421 -0.0154
vn 0.7644 -0.6371 -0.0992
vn 0.9448 -0.2828 -0.1657
vn 0.9749 -0.2068 -0.0829
vn 0.4440 -0.8778 -0.1798
vn -0.1456 -0.9790 -0.1430
vn -0.2673 -0.9148 0.3028
vn 0.3491 -0.9226 0.1641
vn -0.1079 -0.9917 -0.0698
vn -0.4869 0.0201 -0.8732
vn 0.2923 -0.6295 -0.7199
vn -0.9916 0.0116 -0.1286
vn -0.9806 0.0242 -0.1947
vn -0.9932 0.0054 -0.1161
vn -0.9868 0.1291 0.0975
vn -0.9645 0.2465 0.0948
vn -0.9942 0.0888 0.0611
vn 0.8237 0.5641 -0.0570
vn 0.8688 0.4951 -0.0008
vn 0.9458 0.3158 -0.0752
vn 0.0321 0.9994 -0.0097
vn -0.5615 0.7410 0.3684
vn -0.1652 0.8393 0.5180
vn -0.3168 0.8198 0.4770
vn 0.9422 0.3315 -0.0484
vn 0.9407 0.3355 -0.0506
vn 0.9391 0.3393 -0.0546
vn 0.9582 -0.2854 -0.0197
vn 0.1820 -0.9802 -0.0782
vn 0.1779 -0.9809 -0.0783
vn 0.2094 -0.9753 -0.0704
vn 0.1621 0.9806 -0.1100
vn 0.0634 -0.0209 -0.9978
vn 0.9964 -0.0747 0.0390
vn 0.9725 0.2328 -0.0038
vn 0.9819 0.1829 0.0498
vn 0.0069 0.9989 0.0471
vn -0.0000 0.9997 0.0256
vn 0.0071 0.9988 0.0476
vn 0.1618 0.9866 -0.0209
vn 0.3668 0.9281 0.0634
vn -0.1943 0.1679 -0.9665
vn 0.6006 0.7996 0.0042
vn -0.2610 0.2173 -0.9406
vn -0.4676 0.7196 -0.5134
vn -0.8345 -0.5317 -0.1450
vn -0.6999 -0.7139 0.0228
vn -0.8171 -0.5762 0.0184
vn -0.5576 -0.8296 -0.0295
vn 0.9242 -0.3776 -0.0578
vn 0.9965 -0.0838 -0.0058
vn -0.1615 0.9867 -0.0209
vn 0.3829 -0.8487 0.3647
vn 0.2318 -0.8840 -0.4058
vn -0.1142 -0.9774 -0.1782
vn -0.9767 0.0100 -0.2144
vn 0.9696 0.2357 0.0659
vn 0.9932 0.0969 -0.0638
vn 0.9019 0.4311 0.0260
vn 0.6861 0.6707 0.2819
vn 0.7021 0.6876 0.1851
vn -0.9805 -0.0248 0.1951
vn -0.9917 -0.0118 0.1283
vn -0.9778 -0.0376 0.2061
vn -0.9918 0.0330 0.1238
vn -0.9923 0.0330 0.1190
vn -0.3539 -0.9342 -0.0444
vn 0.2657 0.9599 0.0895
vn -0.0563 0.9864 0.1543
vn -0.0185 0.9882 0.1520
vn -0.3611 -0.9274 -0.0975
vn 0.2613 0.9652 0.0122
vn 0.5192 0.8547 0.0039
vn 0.9193 0.3888 0.0609
vn 0.9220 0.3806 0.0703
vn 0.9222 0.3802 0.0704
vn -0.0376 0.0385 -0.9986
vn -0.0380 0.0391 -0.9985
vn -0.0380 0.0387 -0.9985
vn -0.5410 0.8410 0.0071
vn -0.2608 0.9653 0.0134
vn -0.2417 0.9704 -0.0001
vn -0.0001 -0.9990 -0.0454
vn 0.9869 0.1499 -0.0594
vn 0.9967 0.0254 -0.0770
vn 0.9946 0.0709 -0.0754
vn -0.3858 -0.9156 -0.1134
vn -0.6153 -0.7826 -0.0939
vn -0.5261 -0.8485 0.0562
vn 0.4977 0.8446 0.1974
vn 0.6150 0.7794 0.1196
vn 0.0001 0.9948 0.1022
vn 0.2316 0.9679 0.0980
vn 0.2489 0.9640 0.0939
vn 0.9702 -0.1810 -0.1610
vn 0.7994 0.6008 -0.0028
vn 0.9746 0.2225 0.0242
vn 0.9999 -0.0082 0.0062
vn -0.6524 0.0158 -0.7577
vn -0.6520 0.0148 -0.7581
vn -0.6521 0.0156 -0.7580
vn 0.2409 -0.4190 0.8755
vn 0.8925 -0.0183 0.4506
vn 0.2078 -0.4322 0.8775
vn 0.9761 0.2055 -0.0714
vn 0.8199 0.5719 -0.0279
vn 0.7460 0.6658 0.0173
vn 0.5061 -0.8616 0.0398
vn 0.5057 -0.8618 0.0399
vn 0.5021 -0.8637 0.0433
vn 0.5228 0.8488 0.0792
vn 0.7151 0.6955 0.0699
vn 0.7443 0.6639 0.0723
vn 1.0000 0.0001 -0.0022
vn 0.8709 -0.3528 0.3421
vn 0.9932 -0.0648 0.0971
vn 0.9680 -0.0406 0.2478
vn -0.2369 0.9715 -0.0134
vn -0.0799 0.9956 -0.0499
vn -0.6533 -0.0159 0.7570
vn -0.6526 -0.0145 0.7575
vn -0.6527 -0.0154 0.7574
vn -0.8960 0.0120 -0.4439
vn -0.9787 -0.0766 -0.1907
vn -0.1306 0.9912 0.0206
vn -0.5582 -0.3797 0.7378
vn -0.7094 0.7044 0.0217
vn -0.9999 0.0009 0.0105
vn -0.9387 -0.3379 -0.0678
vn -0.9390 -0.3374 -0.0672
vn -0.9405 -0.3336 -0.0646
vn -0.0282 -0.0178 -0.9994
vn 0.5365 0.7088 -0.4581
vn -0.9961 -0.0882 -0.0018
vn -0.9966 -0.0827 -0.0016
vn -0.9966 -0.0823 -0.0016
vn 0.2494 -0.3930 -0.8851
vn 0.9814 0.0085 -0.1918
vn 0.8963 0.0069 -0.4433
vn -0.8739 -0.4857 -0.0195
vn -0.8807 -0.4723 -0.0358
vn -0.0000 0.0452 -0.9990
vn 0.6984 -0.7153 0.0229
vn 0.3609 -0.9275 -0.0977
vn -0.9963 -0.0860 -0.0070
vn -0.9081 0.4164 0.0453
vn 0.8866 -0.4623 -0.0156
vn 0.8738 -0.4858 -0.0193
vn 0.9994 0.0271 -0.0235
vn 0.8636 -0.5016 0.0507
vn 0.8935 0.4424 -0.0769
vn 0.6136 0.7889 0.0331
vn -0.8537 0.5161 0.0695
vn 0.8538 0.5158 0.0706
vn -0.0669 0.9949 0.0760
vn 0.2002 0.9745 0.1011
vn 0.1116 0.9926 0.0484
vn 0.6595 -0.7429 -0.1144
vn 0.7744 -0.6232 -0.1090
vn -0.9796 -0.2007 -0.0007
vn -0.7362 -0.3152 0.5989
vn -0.9803 -0.1974 -0.0088
vn 0.6438 -0.3286 -0.6911
vn 0.6435 -0.3276 -0.6919
vn 0.6429 -0.3281 -0.6921
vn -0.1061 -0.3445 -0.9328
vn -0.2538 -0.8699 -0.4230
vn -0.2612 -0.8767 -0.4040
vn -0.1905 -0.9659 0.1756
vn -0.4591 -0.8758 -0.1489
vn -0.0004 -0.9932 0.1166
vn 0.4961 -0.8679 0.0255
vn 0.4766 -0.8791 0.0050
vn 0.3541 -0.9343 0.0409
vn -0.9641 0.2645 -0.0230
vn -0.9942 0.1080 -0.0026
vn -0.1726 0.9615 0.2136
vn -0.1815 0.9656 0.1863
vn 0.1162 -0.9038 0.4119
vn 0.1090 -0.8542 0.5084
vn 0.1086 -0.8540 0.5087
vn -1.0000 0.0002 0.0005
vn -0.4998 0.0578 0.8642
vn -0.4996 0.0579 0.8643
vn -0.0000 -0.2888 0.9574
vn -0.0000 -0.2857 0.9583
vn -0.4311 -0.8117 -0.3942
vn -0.2493 -0.3926 -0.8853
vn -0.8025 -0.2817 -0.5260
vn -0.2206 -0.9495 -0.2232
vn -0.5528 -0.1848 -0.8125
vn 0.0406 0.9922 0.1179
vn 0.0007 0.9998 0.0207
vn 0.6567 0.4880 0.5750
vn 0.6564 0.4884 0.5750
vn -0.4419 0.8970 -0.0118
vn 0.6083 -0.7171 -0.3402
vn 0.5588 -0.6546 -0.5092
vn 0.6085 -0.7170 -0.3399
vn 0.0344 -0.9971 -0.0676
vn 0.0374 -0.9970 -0.0677
vn -0.0346 -0.9984 -0.0444
vn -0.2621 -0.9646 -0.0275
vn 0.7073 -0.6895 -0.1559
vn 0.0804 -0.9964 0.0285
vn 0.2814 -0.9469 0.1557
vn 0.6089 -0.7045 0.3645
vn -0.9610 -0.2749 0.0291
vn -0.0790 -0.9965 0.0285
vn -0.0117 -0.3906 0.9205
vn 0.4476 -0.0054 0.8942
vn 0.7090 0.2703 0.6514
vn -0.4091 0.7313 -0.5458
vn -0.4162 0.7278 -0.5451
vn -0.4085 0.7316 -0.5458
vn 0.7583 0.6505 -0.0437
vn 0.7615 0.6463 -0.0485
vn 0.7594 0.6491 -0.0446
vn 0.0052 -0.9995 -0.0311
vn 0.0075 -0.9995 -0.0305
vn -0.1829 -0.9825 0.0340
vn -0.6646 -0.7448 0.0599
vn -0.6737 -0.7365 0.0603
vn -0.5353 -0.8444 0.0219
vn -0.2608 -0.9649 0.0301
vn 0.8698 -0.4746 -0.1347
vn -0.2588 0.9616 -0.0913
vn -0.1680 0.9819 -0.0870
vn 0.4638 0.2891 -0.8374
vn 0.4615 0.2866 -0.8396
vn 0.4651 0.2838 -0.8385
vn 0.5276 0.8495 0.0027
vn 0.0009 0.9794 0.2017
vn -0.0864 0.9731 -0.2137
vn -0.9987 0.0390 -0.0330
vn 0.8130 0.5801 -0.0501
vn 0.8248 0.5641 -0.0391
vn 0.7539 0.0167 -0.6568
vn 0.7565 0.0137 -0.6539
vn 0.7586 0.0123 -0.6514
vn -0.9866 0.1624 0.0163
vn -0.8969 0.4416 0.0225
vn -0.9996 0.0124 -0.0249
vn -0.9972 -0.0035 0.0747
vn 0.8703 0.4738 0.1346
vn 0.9898 0.1357 -0.0441
vn 0.9916 0.0329 0.1251
vn 0.9791 0.1287 0.1577
vn 0.9734 0.1566 0.1670
vn 0.0767 0.9960 -0.0447
vn 0.4176 0.9076 -0.0427
vn 0.6282 0.7763 -0.0518
vn 0.6518 -0.0153 0.7582
vn 0.6524 -0.0154 0.7577
vn 0.6516 -0.0149 0.7584
vn 0.2297 0.7429 -0.6288
vn 0.2960 0.9436 -0.1485
vn 0.2033 0.6611 -0.7223
vn -0.0000 -0.9415 -0.3369
vn -0.6508 -0.0155 0.7590
vn -0.6526 -0.0150 0.7576
vn -0.6531 -0.0149 0.7571
vn -0.5294 -0.7058 -0.4708
vn -0.5312 -0.7043 -0.4709
vn -0.5326 -0.7032 -0.4710
vn -0.9408 0.3351 -0.0517
vn -0.9395 0.3387 -0.0516
vn -0.9455 0.3220 -0.0476
vn -0.4308 -0.5022 0.7498
vn 0.6270 -0.7334 0.2626
vn 0.1079 0.9878 0.1120
vn -0.5680 0.6716 -0.4757
vn -0.5685 0.6705 -0.4767
vn -0.7380 -0.6747 -0.0132
vn -0.5629 -0.8264 -0.0160
vn -0.7358 -0.6770 -0.0137
vn -0.8891 0.0088 -0.4575
vn -0.9469 -0.0066 0.3214
vn -0.8860 0.0099 -0.4637
vn -0.7295 0.4462 0.5183
vn -0.6267 0.4058 -0.6653
vn -0.7324 0.4480 0.5127
vn -0.9289 0.3092 0.2038
vn -0.9155 0.3979 0.0596
vn -0.9756 0.1729 0.1350
vn 0.0627 -0.9939 -0.0913
vn 0.0202 -0.9991 -0.0363
vn -0.0031 -0.9997 -0.0242
vn -0.4431 -0.8109 -0.3822
vn 0.1433 -0.1258 -0.9816
vn -0.9996 0.0243 -0.0173
vn 0.8179 -0.5751 0.0184
vn -0.9606 0.2586 -0.1016
vn -0.9636 0.2595 -0.0639
vn -0.8766 -0.4813 0.0038
vn -0.9495 0.3070 0.0641
vn -0.9993 0.0064 0.0359
vn 0.7378 0.5020 0.4513
vn 0.2814 0.9515 0.1245
vn 0.3485 0.7841 0.5135
vn -0.0000 -1.0000 0.0035
vn -0.2578 -0.9604 0.1060
vn -0.0191 -0.6610 -0.7502
vn -0.0243 -0.8464 -0.5320
vn -0.0194 -0.6820 -0.7311
vn 0.9944 0.1060 -0.0019
vn 0.6906 0.7212 0.0551
vn 0.9945 -0.1044 -0.0010
vn 0.3479 0.9292 0.1250
vn 0.4920 -0.8588 0.1427
vn -0.0406 0.0517 -0.9978
vn -0.5008 -0.8654 -0.0179
vn -0.5016 -0.8649 -0.0176
vn -0.5014 -0.8651 -0.0176
vn -0.9071 0.1881 -0.3764
vn -0.9910 -0.1338 -0.0034
vn -0.9608 0.2771 0.0035
vn 0.6524 0.0153 -0.7577
vn -0.9967 -0.0803 -0.0122
vn -0.9919 -0.1058 -0.0706
vn -0.9888 -0.1047 -0.1060
vn -0.8477 0.4881 0.2077
vn 0.1114 0.9845 0.1354
vn 0.2311 -0.9616 0.1479
vn 0.4730 -0.8809 0.0187
vn 0.0317 -0.9995 0.0082
vn 0.7835 0.0122 -0.6213
vn 0.8874 0.0090 -0.4609
vn 0.8868 0.0096 -0.4621
vn 0.9352 0.3504 -0.0501
vn 0.9367 0.3458 -0.0540
vn 0.9353 0.3504 -0.0500
vn 0.4019 -0.9154 -0.0219
vn 0.0345 -0.9984 -0.0444
vn -0.7073 -0.6895 -0.1560
vn -0.7913 -0.0124 0.6113
vn -0.9964 0.0710 0.0460
vn -0.9835 0.1729 0.0540
vn -0.9959 0.0733 0.0523
vn -0.2318 0.9446 -0.2326
vn 0.2393 0.7718 -0.5892
vn 0.2399 0.7714 -0.5894
vn -0.0381 -0.9985 -0.0385
vn -0.3289 -0.9436 -0.0365
vn -0.2461 -0.9377 -0.2453
vn -0.2437 -0.9550 0.1692
vn -0.0356 -0.9656 0.2575
vn 0.1732 -0.9698 0.1715
vn 0.2600 -0.9649 -0.0379
vn 0.1743 -0.9534 -0.2461
vn -0.0358 -0.9424 -0.3325
vn 0.0001 0.9997 -0.0253
vn -0.4918 -0.8589 0.1428
vn 0.8407 0.4715 0.2663
vn 0.7756 -0.6106 0.1599
vn 0.2697 -0.4710 0.8399
vn 0.8967 -0.0535 0.4395
vn 0.5621 -0.8236 0.0751
vn 0.7379 -0.6745 -0.0245
vn 0.2947 -0.9553 -0.0238
vn 0.4996 -0.8632 -0.0724
vn 0.1487 0.9877 0.0483
vn -0.9435 0.3258 0.0610
vn -0.9382 0.3406 0.0616
vn -0.1544 0.8821 -0.4451
vn -0.1638 0.9258 0.3407
vn -0.1635 0.9258 0.3407
vn -0.0350 0.9994 -0.0016
vn 0.1592 0.9799 -0.1201
vn 0.0363 0.9991 -0.0227
vn -0.1621 0.9806 -0.1100
vn 0.0123 0.9672 0.2538
vn 0.4521 0.8447 0.2865
vn 0.4047 0.7875 0.4648
vn -0.6516 -0.6055 0.4570
vn 0.3592 -0.8212 0.4435
vn -0.1240 -0.9767 0.1750
vn -0.0763 -0.9870 -0.1413
vn -0.1055 -0.9567 -0.2714
vn -0.0477 -0.9984 -0.0288
vn -0.1277 -0.9825 0.1354
vn -0.2543 -0.9572 0.1383
vn 0.1178 -0.9605 -0.2520
vn 0.0110 0.9969 -0.0776
vn -0.0001 0.0153 -0.9999
vn -0.0098 -0.9981 -0.0613
vn -0.0456 -0.9970 -0.0629
vn -0.6207 -0.7832 -0.0361
vn 0.4985 0.8650 0.0567
vn 0.0929 0.9956 -0.0126
vn -0.9241 -0.3778 -0.0574
vn -0.8936 0.3912 0.2202
vn 0.2441 -0.9270 0.2846
vn 0.1202 -0.9328 0.3397
vn 0.2386 -0.9083 0.3436
vn -0.6525 -0.0157 0.7576
vn -0.6528 -0.0159 0.7574
vn -0.6520 -0.0159 0.7581
vn 0.8236 -0.4687 -0.3194
vn 0.8231 -0.4693 -0.3197
vn 0.8237 -0.4685 -0.3193
vn -0.6444 -0.3270 -0.6912
vn -0.6455 -0.3275 -0.6900
vn -0.6448 -0.3282 -0.6903
vn 0.4180 0.3647 -0.8320
vn 0.7916 0.2453 -0.5596
vn 0.7919 0.2450 -0.5594
vn 0.0245 0.9960 -0.0865
vn 0.0421 0.9957 -0.0822
vn 0.3777 -0.9246 0.0504
vn 0.5467 -0.7531 0.3660
vn -0.6860 -0.7274 -0.0161
vn 0.9380 0.3465 -0.0079
vn 0.6893 0.7244 -0.0112
vn 0.0437 -0.9983 -0.0393
vn 0.7185 0.0145 -0.6954
vn 0.7189 0.0144 -0.6950
vn 0.4314 0.8812 0.1936
vn 0.3602 0.9059 0.2227
vn 0.7682 0.6104 0.1930
vn 0.3111 -0.9420 0.1263
vn 0.7614 -0.6284 0.1593
vn 0.4596 -0.8872 -0.0403
vn -0.6383 0.5935 0.4902
vn -0.2125 0.9747 0.0688
vn 0.5601 0.8267 0.0526
vn 0.2803 -0.9415 0.1872
vn -0.5956 -0.0590 -0.8011
vn -0.5571 -0.0966 -0.8248
vn -0.5958 -0.0589 -0.8010
vn -0.3684 -0.9288 -0.0397
vn -0.4948 0.8076 0.3210
vn -0.2619 0.8829 0.3897
vn -0.3904 0.8736 0.2906
vn 0.3740 -0.8925 0.2521
vn -0.0455 -0.9981 -0.0406
vn -0.1235 -0.9915 -0.0407
vn -0.2330 -0.9719 -0.0336
vn 0.6571 0.6221 0.4257
vn 0.6985 -0.7142 0.0462
vn -0.0000 -0.9979 0.0646
vn -0.0050 -0.9979 0.0646
vn 0.7059 0.7045 0.0739
vn -0.0050 0.9945 0.1043
vn -0.0000 0.9945 0.1043
vn -0.7132 0.6972 0.0731
vn -0.7058 -0.7069 0.0458
vn 0.9208 -0.1210 0.3709
vn 0.9216 0.1187 -0.3695
vn 0.8711 0.3522 -0.3423
vn 0.9681 0.0395 -0.2476
vn 0.8332 0.3072 -0.4599
vn 0.8332 -0.3072 0.4599
vn 0.8925 -0.4271 0.1452
vn 0.6688 -0.7240 0.1688
vn 0.7940 -0.6073 0.0270
vn 0.7931 0.6084 -0.0270
vn 0.8933 0.4258 -0.1439
vn 0.6678 0.7249 -0.1690
vn 0.6855 -0.6239 0.3752
vn 0.6853 0.6240 -0.3756
vn 0.0205 -0.9995 -0.0254
vn -0.0732 -0.9972 0.0129
vn -0.0332 -0.9994 0.0088
vn 0.7523 -0.6413 -0.1508
vn 0.9476 -0.3125 -0.0662
vn 0.7523 -0.6555 -0.0664
vn -0.9699 -0.2376 -0.0535
vn -0.7532 -0.6403 -0.1506
vn -0.7532 -0.6544 -0.0663
vn -0.4373 -0.8981 -0.0473
vn -0.4796 -0.8762 -0.0482
vn -0.4526 -0.8908 -0.0405
vn -0.7940 -0.6073 0.0270
vn 0.4509 -0.8897 -0.0712
vn 0.4543 -0.8883 -0.0670
vn 0.4540 -0.8878 -0.0753
vn 0.7458 0.6212 -0.2406
vn 0.6369 -0.7651 0.0948
vn 0.7457 -0.6213 0.2406
vn 0.9121 0.3653 -0.1858
vn -0.8550 -0.5185 -0.0093
vn -0.8540 -0.5203 -0.0087
vn -0.8654 -0.5010 -0.0100
vn 0.9280 -0.3009 -0.2195
vn 0.9849 -0.1486 -0.0893
vn 0.9852 0.1466 0.0888
vn 0.9293 0.2976 0.2187
vn 0.9585 -0.2237 0.1767
vn 0.9590 0.2219 -0.1761
vn 0.8213 0.5105 0.2546
vn 0.8212 -0.5106 -0.2546
vn 0.6379 -0.7540 -0.1567
vn 0.3251 -0.9451 -0.0341
vn 0.0385 -0.9985 -0.0384
vn 0.2423 -0.9387 -0.2450
vn 0.2435 -0.9548 0.1708
vn 0.0369 -0.9652 0.2587
vn -0.1733 -0.9698 0.1715
vn -0.2602 -0.9648 -0.0377
vn -0.1741 -0.9535 -0.2459
vn 0.0357 -0.9424 -0.3326
vn -0.7216 -0.5989 -0.3473
vn -0.7219 -0.5986 -0.3472
vn -0.7220 -0.5985 -0.3471
vn 0.5835 0.4419 0.6814
vn 0.5656 0.4279 0.7050
vn 0.5677 0.4298 0.7021
vn 0.6563 -0.4886 -0.5749
vn 0.0004 -0.9998 -0.0206
vn -0.0003 -0.9998 -0.0202
vn 0.9333 0.3345 0.1306
vn 0.9990 0.0433 0.0143
vn 0.6876 -0.7259 -0.0161
vn 0.3327 -0.9340 0.1304
vn -0.6586 -0.3805 -0.6492
vn -0.3226 0.7131 -0.6224
vn -0.7114 -0.2821 -0.6436
vn -0.3479 0.5444 0.7633
vn -0.6888 0.4210 0.5902
vn -0.0344 -0.9971 -0.0676
vn -0.6922 -0.7125 0.1149
vn 0.7211 -0.5994 -0.3474
vn 0.7215 -0.5990 -0.3473
vn 0.7210 -0.5995 -0.3475
vn -0.1104 0.9882 -0.1059
vn -0.0333 0.9985 -0.0433
vn -0.6523 -0.0159 0.7578
vn -0.6535 -0.0153 0.7568
vn -0.6509 -0.0164 0.7590
vn 0.6737 -0.7365 0.0603
vn -0.0112 0.9674 0.2528
vn -0.4032 0.7887 0.4641
vn -0.4846 -0.8449 0.2267
vn -0.5013 -0.8648 0.0280
vn 0.9956 0.0704 -0.0619
vn 0.9202 0.3914 0.0066
vn 0.9964 0.0542 -0.0650
vn 0.1160 0.8614 0.4946
vn 0.1086 0.8026 0.5866
vn 0.1082 0.8029 0.5862
vn -0.3575 -0.8223 0.4427
vn 0.6555 -0.6023 0.4555
vn 0.1199 -0.9772 0.1754
vn 0.9472 -0.3201 -0.0179
vn 0.6415 -0.7660 -0.0405
vn -0.0110 0.9970 -0.0773
vn -0.0767 -0.9862 -0.1468
vn 0.0049 -0.9975 -0.0702
vn 0.0456 -0.9970 -0.0628
vn -0.9709 -0.0056 0.2396
vn -0.4294 -0.4578 0.7785
vn 0.9654 0.2601 0.0176
vn 0.8041 -0.5944 -0.0120
vn -0.5773 -0.3472 0.7391
vn -0.5773 0.7394 0.3464
vn -1.0000 -0.0005 -0.0003
vn -1.0000 -0.0003 -0.0001
vn 0.9512 0.0060 -0.3084
vn 0.9509 0.0064 -0.3094
vn -0.8395 -0.0109 0.5433
vn -0.7878 -0.0128 0.6159
vn -0.7873 -0.0128 0.6165
vn -0.8185 0.4566 0.3487
vn -0.6526 0.6340 0.4149
vn -0.7996 0.4428 0.4058
vn -0.1336 0.9901 -0.0429
vn -0.0245 0.9960 -0.0865
vn -0.0421 0.9957 -0.0822
vn -0.4087 -0.8733 0.2652
vn -0.3777 -0.9246 0.0504
vn -0.5488 -0.7520 0.3650
vn 0.0432 0.9326 -0.3584
vn -0.4709 -0.8090 -0.3517
vn -0.4705 -0.8093 -0.3516
vn -0.4710 -0.8090 -0.3517
vn -0.8723 0.0103 -0.4889
vn -0.9713 -0.0045 0.2377
vn -0.0983 0.9894 0.1065
vn -0.1164 0.9882 0.0994
vn -0.0437 -0.9983 -0.0393
vn -0.4317 0.8810 0.1934
vn -0.7707 0.6073 0.1929
vn -0.7640 -0.6252 0.1594
vn -0.3112 -0.9420 0.1260
vn -0.4621 -0.8859 -0.0402
vn 0.2136 0.9745 0.0691
vn 0.6424 0.5905 0.4885
vn -0.5635 0.8244 0.0535
vn -0.2795 -0.9418 0.1866
vn -0.0703 -0.9963 0.0491
vn 0.3683 -0.9289 -0.0395
vn -0.1368 -0.9902 -0.0289
vn -0.1404 -0.9896 -0.0300
vn -0.1362 -0.9903 -0.0287
vn 0.8478 0.4879 0.2080
vn 0.3979 -0.9173 -0.0162
vn 0.5594 -0.8288 -0.0118
vn -0.0312 -0.9995 0.0067
vn -0.2367 -0.9575 0.1650
vn 0.9961 0.0810 0.0353
vn 0.7379 0.6161 -0.2756
vn 0.3753 0.3687 0.8504
vn 0.7358 0.0583 0.6747
vn -0.9047 0.4260 0.0067
vn -0.9945 -0.1043 -0.0010
vn -0.6905 0.7212 0.0551
vn 0.0110 -0.9925 -0.1216
vn 0.0873 0.9951 0.0458
vn 0.1231 0.9920 0.0274
vn 0.1573 0.9865 0.0461
vn 0.3482 -0.9331 0.0897
vn 0.6895 -0.7209 0.0693
vn 0.3483 -0.9331 0.0896
vn -0.8346 0.3134 -0.4531
vn -0.2949 0.1270 -0.9470
vn -0.2978 0.1284 -0.9460
vn 0.0001 -0.9979 0.0645
vn -0.6985 -0.7142 0.0461
vn 0.0050 -0.9979 0.0645
vn 0.0050 0.9946 0.1041
vn -0.7059 0.7045 0.0738
vn 0.0001 0.9946 0.1041
vn 0.7132 0.6972 0.0730
vn 0.7058 -0.7069 0.0457
vn -0.9680 -0.0402 0.2478
vn -0.8706 -0.3532 0.3426
vn -0.9206 -0.1213 0.3711
vn 0.9681 -0.0391 0.2476
vn 0.9215 -0.1191 0.3697
vn 0.8707 -0.3526 0.3427
vn 0.8320 -0.3088 0.4609
vn -0.8320 -0.3088 0.4609
vn -0.6688 -0.7240 0.1689
vn 0.6678 -0.7249 0.1691
vn 0.7931 -0.6084 0.0270
vn 0.8927 -0.4266 0.1455
vn -0.6848 -0.6246 0.3754
vn 0.6845 -0.6247 0.3758
vn -0.0982 0.9895 0.1065
vn 0.9264 0.3634 0.0981
vn 0.9934 0.0642 -0.0946
vn 0.0014 0.9892 -0.1465
vn -0.5314 0.8469 -0.0204
vn -0.3477 0.9375 0.0103
vn -0.2324 0.9724 -0.0221
vn 0.6571 0.7534 -0.0250
vn 0.5776 0.8025 -0.1498
vn 0.9186 -0.3902 -0.0624
vn 0.9976 -0.0692 -0.0082
vn -0.9948 0.0715 -0.0732
vn -0.9967 0.0254 -0.0771
vn -0.7464 0.6205 -0.2406
vn -0.6370 0.7650 -0.0947
vn -0.7464 -0.6205 0.2406
vn -0.8629 -0.4995 0.0765
vn -0.6370 -0.7650 0.0946
vn -0.9122 -0.3652 0.1858
vn -0.9849 -0.1483 -0.0898
vn -0.9281 -0.3007 -0.2196
vn -0.9855 0.1447 0.0890
vn -0.9293 0.2972 0.2194
vn -0.9585 -0.2236 0.1767
vn -0.9590 0.2219 -0.1761
vn -0.8204 0.5115 0.2554
vn -0.8216 -0.5101 -0.2546
vn -0.8646 -0.4981 -0.0661
vn -0.7744 -0.6233 -0.1089
vn -0.6595 -0.7429 -0.1144
vn 0.0091 0.9988 -0.0486
vn -0.0175 0.9983 -0.0559
vn -0.0214 0.9982 -0.0568
vn -0.5620 -0.8237 0.0751
vn 0.9072 0.3612 0.2159
vn -0.5423 0.6848 0.4868
vn -0.1241 0.9920 0.0251
vn 0.0081 -0.9993 -0.0377
vn -0.0358 -0.9972 -0.0656
vn 0.0228 -0.9997 -0.0124
vn 0.4850 0.8230 0.2957
vn -0.9785 -0.2053 -0.0205
vn -0.9931 -0.1166 -0.0113
vn 0.9990 0.0394 0.0230
vn 0.9995 0.0220 0.0235
vn 0.9934 -0.0624 0.0966
vn 0.9787 0.1950 -0.0644
vn 0.3945 0.9187 -0.0195
vn -0.8527 0.5217 -0.0275
vn 0.7733 -0.6339 -0.0087
vn 0.7953 -0.6062 -0.0032
vn 0.7295 -0.6838 -0.0172
vn 0.7285 -0.0138 0.6850
vn 0.7288 -0.0137 0.6846
vn 0.7279 -0.0140 0.6855
vn -0.1308 -0.9905 -0.0431
vn 0.0471 0.9081 0.4160
vn 0.0788 0.9346 0.3468
vn 0.1577 0.9425 0.2947
vn 0.8037 0.5950 -0.0027
vn 0.8526 0.5218 -0.0277
vn 0.9612 0.0938 0.2594
vn 0.9418 0.1786 0.2848
vn 0.9553 0.1370 0.2619
vn 0.9493 0.1426 0.2801
vn -1.0000 -0.0027 0.0032
vn 0.1172 -0.2795 0.9530
vn 0.0690 0.9934 0.0919
vn -0.0369 0.9926 0.1155
vn -0.9895 -0.1374 0.0446
vn -0.0209 -0.9979 -0.0605
vn 0.0175 -0.9985 -0.0523
vn -0.3070 -0.9497 -0.0611
vn -0.5234 -0.8511 -0.0410
vn -0.8865 -0.4506 -0.1055
vn -0.8278 -0.5526 -0.0971
vn 0.5202 0.8539 0.0144
vn 0.6517 -0.0163 0.7583
vn 0.6494 -0.0199 0.7602
vn 0.6518 -0.0161 0.7583
vn 0.7209 0.1974 -0.6643
vn 0.7300 -0.0294 -0.6828
vn 0.7297 -0.0321 -0.6830
vn 0.9800 -0.1984 0.0167
vn 0.9972 0.0739 0.0077
vn 0.9998 -0.0207 -0.0074
vn -0.0007 0.7199 -0.6941
vn 0.4091 0.9123 0.0168
vn 0.8272 0.5106 -0.2344
vn 0.8938 0.4361 0.1047
vn 0.5760 0.7730 0.2658
vn 0.8782 0.4114 0.2438
vn 0.0489 0.0262 -0.9985
vn 0.2510 0.9186 0.3052
vn -0.0000 -0.8760 0.4824
vn -0.0000 0.0755 -0.9971
vn -0.0000 0.0756 -0.9971
vn 0.5001 0.8650 0.0405
vn 0.6953 0.6859 0.2148
vn 0.7074 0.7060 0.0329
vn 0.8660 0.4512 0.2156
vn 0.7922 0.5620 0.2378
vn 0.8154 0.5223 0.2497
vn 0.8964 0.4426 0.0240
vn -0.5228 0.8488 0.0792
vn -0.4940 0.8656 0.0812
vn -0.2316 0.9679 0.0980
vn 0.0001 0.9945 0.1049
vn -0.7960 0.6015 0.0680
vn -0.7601 0.6494 0.0236
vn -0.3896 -0.9210 -0.0086
vn -0.3975 -0.9175 -0.0167
vn -0.9633 0.2536 -0.0874
vn 0.9051 0.2940 0.3071
vn 0.9849 0.0325 0.1699
vn 0.9589 0.1650 0.2310
vn 0.9858 0.0184 0.1668
vn 0.9536 0.1620 0.2539
vn -0.9939 -0.0205 -0.1080
vn -0.8631 0.4982 -0.0830
vn 0.5483 0.4131 0.7271
vn -0.5029 -0.3996 0.7664
vn -0.4941 -0.3938 0.7751
vn 0.1652 0.8393 0.5180
vn 0.2855 0.8345 0.4714
vn 0.0957 0.8531 0.5129
vn 0.9021 0.4267 0.0646
vn 0.9741 0.2200 0.0517
vn 0.9834 0.1731 0.0545
vn -0.9996 0.0006 -0.0283
vn -0.9993 -0.0008 0.0382
vn 0.6503 -0.7597 -0.0021
vn 0.6768 -0.7361 0.0001
vn 0.9815 0.1173 -0.1514
vn -0.8861 -0.2365 -0.3987
vn -0.8956 -0.1123 -0.4304
vn 0.1798 -0.9773 -0.1119
vn 0.4238 -0.8995 -0.1060
vn -0.9991 0.0363 0.0228
vn -0.9211 0.3892 0.0064
vn -0.9995 0.0189 0.0233
vn -0.9541 0.2135 0.2100
vn -0.6637 0.5279 0.5300
vn -0.9961 0.0636 0.0604
vn -0.3950 0.9185 -0.0196
vn -0.5338 0.5950 0.6009
vn -0.2708 0.6768 0.6845
vn -0.9931 -0.0645 0.0976
vn -0.9644 -0.2571 -0.0623
vn -0.4680 0.8836 0.0119
vn 0.7076 -0.0144 0.7065
vn 1.0000 0.0006 -0.0010
vn 0.9682 -0.1640 -0.1890
vn 0.9680 -0.1647 -0.1892
vn 0.9682 -0.1639 -0.1890
vn 0.9507 0.1274 0.2826
vn -0.0787 0.9346 0.3468
vn -0.0470 0.9081 0.4161
vn -0.1585 0.9416 0.2971
vn -0.9418 0.1786 0.2846
vn -0.9611 0.0944 0.2594
vn -0.9553 0.1370 0.2618
vn -0.9493 0.1431 0.2799
vn 0.4724 0.8023 0.3651
vn -0.4727 -0.8810 0.0187
vn -0.4372 -0.8994 0.0031
vn 0.6632 -0.7483 -0.0155
vn -0.5202 0.8539 0.0144
vn -0.7460 0.6658 0.0172
vn 0.5003 -0.8657 -0.0180
vn 0.5000 -0.8658 -0.0178
vn 0.5009 -0.8653 -0.0185
vn -0.9973 0.0735 0.0076
vn -0.9997 -0.0208 -0.0096
vn -0.9744 0.2237 0.0223
vn -0.2299 0.7430 -0.6286
vn -0.2981 0.9428 -0.1492
vn -0.2792 0.9497 -0.1421
vn 0.2558 -0.9549 -0.1511
vn 0.2500 -0.9598 -0.1280
vn 0.2851 -0.9494 -0.1319
vn -0.8940 0.4357 0.1047
vn -0.7511 -0.6600 -0.0111
vn -1.0000 0.0042 -0.0012
vn -0.7179 -0.6961 -0.0046
vn -0.6521 0.0146 -0.7580
vn -0.6520 0.0174 -0.7580
vn -0.6536 0.0135 -0.7568
vn 0.6747 0.0153 -0.7379
vn 0.7637 0.0134 -0.6454
vn 0.4176 -0.3305 -0.8464
vn 0.7911 -0.2225 -0.5698
vn 0.4173 -0.3306 -0.8465
vn -0.9701 -0.1814 -0.1613
vn -0.9199 -0.3180 -0.2297
vn 0.4940 0.8656 0.0812
vn 0.9367 -0.3435 -0.0682
vn 0.9350 -0.3489 -0.0639
vn 0.9353 -0.3480 -0.0643
vn 0.4948 0.8076 0.3210
vn -0.9055 0.2932 0.3067
vn -0.9589 0.1650 0.2310
vn -0.9849 0.0325 0.1699
vn -0.9858 0.0184 0.1668
vn 0.2969 0.8553 0.4246
vn 0.5614 0.7410 0.3684
vn -0.5000 -0.0578 -0.8641
vn -0.5003 -0.0579 -0.8639
vn -0.4301 0.8597 0.2755
vn -0.0955 0.8527 0.5136
vn -0.8660 0.4512 0.2156
vn -0.7922 0.5620 0.2378
vn -0.9288 0.3435 0.1392
vn 0.2190 0.9746 -0.0460
vn 0.9628 -0.1121 -0.2458
vn 0.6393 -0.7428 -0.1986
vn 0.6133 0.7654 -0.1948
vn 0.9622 0.2722 0.0059
vn 0.9931 0.1138 0.0286
vn -0.0011 0.9004 -0.4351
vn 0.4765 0.7878 -0.3903
vn -0.0003 0.7946 -0.6072
vn -0.6421 0.7638 0.0654
vn -0.9053 0.4163 0.0848
vn -0.7316 0.6568 0.1827
vn -0.9843 0.1766 0.0062
vn -0.9117 0.1557 0.3802
vn -0.9189 0.1791 0.3514
vn 0.9356 -0.3413 -0.0903
vn -0.7522 -0.6589 -0.0114
vn -0.7683 -0.6398 -0.0161
vn -0.7180 -0.6960 -0.0057
vn 0.4861 -0.7801 -0.3938
vn 0.7995 0.5837 -0.1419
vn 0.4494 -0.8000 -0.3975
vn 0.3023 -0.9311 -0.2043
vn 0.0232 0.8886 -0.4582
vn 0.0224 0.8864 -0.4624
vn 0.0224 0.8887 -0.4579
vn 0.9939 0.1084 -0.0191
vn 0.8573 0.5147 0.0116
vn 0.7698 0.6382 0.0028
vn 0.9916 0.1288 -0.0117
vn 0.9994 0.0064 -0.0339
vn 0.4185 -0.7143 -0.5609
vn 0.8294 0.0116 -0.5586
vn 0.9196 0.0082 -0.3927
vn 0.9733 0.0107 -0.2293
vn 0.2047 -0.9570 -0.2056
vn 0.2042 -0.9571 -0.2057
vn 0.3482 0.9374 0.0106
vn 0.7477 0.6640 0.0057
vn -0.3041 0.9522 -0.0290
vn 0.1481 0.9849 -0.0897
vn 0.2703 0.9599 -0.0740
vn -0.6995 0.5451 -0.4622
vn -0.6999 0.5459 -0.4605
vn 0.6522 0.0156 -0.7579
vn 0.6526 0.0154 -0.7576
vn 0.6519 0.0160 -0.7581
vn -0.5786 0.8013 -0.1519
vn 0.7997 -0.6003 -0.0122
vn 0.7997 -0.6002 -0.0121
vn 0.7357 -0.6771 -0.0138
vn 0.0431 -0.9990 -0.0090
vn -0.9011 -0.3940 -0.1811
vn -0.9631 -0.1116 -0.2448
vn -0.6472 -0.7377 -0.1919
vn 0.8666 0.4990 0.0020
vn 0.8939 0.4462 0.0424
vn -0.9668 0.2497 -0.0546
vn -0.4974 0.8654 -0.0610
vn -0.6149 0.7642 -0.1946
vn -0.9948 -0.0991 0.0238
vn -0.9912 -0.1221 0.0507
vn 0.9946 -0.0855 -0.0596
vn -0.4784 0.7866 -0.3903
vn -0.6042 0.0360 -0.7960
vn -0.6178 0.0812 -0.7821
vn -0.6062 0.0342 -0.7946
vn -0.9623 0.1163 -0.2458
vn -0.8872 -0.4518 -0.0935
vn -0.8006 -0.5777 -0.1589
vn -0.4881 -0.7788 -0.3939
vn -0.5885 -0.7877 -0.1823
vn -0.7993 0.5830 -0.1460
vn -0.0000 -0.9851 -0.1717
vn -0.0000 -0.9197 -0.3926
vn -0.0000 -0.9852 -0.1717
vn -0.4515 -0.7990 -0.3972
vn -0.3022 -0.9311 -0.2043
vn -0.1036 0.9940 -0.0336
vn 0.9199 -0.3921 0.0086
vn 0.9590 -0.2549 0.1240
vn 0.7747 -0.6323 0.0033
vn 0.3041 0.9522 -0.0289
vn 0.2694 0.9435 -0.1929
vn -0.1306 0.9767 0.1705
vn -0.8573 0.5147 0.0116
vn -0.9939 0.1084 -0.0191
vn -0.7698 0.6382 0.0028
vn -0.9968 -0.0794 -0.0101
vn -0.9997 0.0216 -0.0116
vn -0.4207 -0.7135 -0.5603
vn -0.9217 0.0081 -0.3877
vn -0.8310 0.0116 -0.5561
vn -0.9201 0.0081 -0.3917
vn -0.7477 0.6640 0.0057
vn 0.0256 -0.9978 0.0610
vn 0.0287 -0.9981 0.0547
vn 0.0261 -0.9979 0.0599
vn -0.4556 -0.8841 0.1037
vn -0.4682 -0.8802 0.0775
vn -0.2910 -0.9557 0.0442
vn 0.9988 -0.0021 -0.0492
vn 0.5004 -0.8656 0.0203
vn -0.4996 0.8644 0.0563
vn 0.7564 0.6532 -0.0335
vn 0.7911 0.6080 0.0671
vn 0.8535 0.5174 0.0621
vn 0.7795 -0.6148 0.1199
vn 0.7867 -0.6165 -0.0327
vn 0.8999 -0.1695 -0.4019
vn 0.7294 0.4446 0.5199
vn 0.9010 -0.1870 0.3914
vn -0.0265 -0.0036 0.9996
vn 0.0226 -0.0351 0.9991
vn -0.9998 -0.0005 0.0220
vn 0.9972 -0.0440 -0.0611
vn 0.9959 -0.0491 -0.0756
vn -0.9974 -0.0409 -0.0599
vn -0.9960 -0.0489 -0.0753
vn 0.6511 -0.0168 0.7588
vn 0.6562 -0.0111 0.7545
vn 0.6544 -0.0137 0.7560
vn -0.9984 -0.0092 -0.0550
vn -0.9988 0.0052 -0.0477
vn -0.9995 -0.0299 0.0122
vn 0.6635 -0.7251 0.1841
vn -0.0000 -0.9996 -0.0295
vn 0.4793 -0.6989 -0.5308
vn 0.6632 0.7176 0.2126
vn 0.4808 0.7198 -0.5008
vn -0.2005 -0.6091 -0.7673
vn -0.4792 0.7203 -0.5015
vn -0.2014 0.6403 -0.7413
vn 0.6533 0.7432 0.1444
vn 0.8603 0.4092 0.3042
vn -0.6533 0.7432 0.1444
vn -0.9040 0.3968 0.1589
vn -0.8603 0.4092 0.3042
vn -0.9914 -0.0027 0.1305
vn 0.9898 0.0154 0.1418
vn 0.9644 0.1612 0.2095
vn 0.9765 -0.0420 0.2115
vn 0.5568 0.8305 -0.0146
vn 0.9874 -0.0470 -0.1512
vn 0.9785 0.1280 -0.1620
vn 0.7012 -0.7121 0.0366
vn -0.9646 0.1610 0.2088
vn -0.9898 0.0154 0.1413
vn -0.9767 -0.0416 0.2107
vn -0.8516 0.5242 -0.0082
vn -0.5567 0.8306 -0.0146
vn -0.9875 -0.0467 -0.1503
vn -0.9948 0.0060 -0.1015
vn -0.9786 0.1277 -0.1612
vn -0.8987 -0.4380 0.0231
vn -0.7033 -0.7100 0.0366
vn 0.3076 0.8630 0.4007
vn -0.0000 0.9357 0.3527
vn -0.5618 0.7537 0.3410
vn -0.6436 0.6581 0.3909
vn -0.6442 0.6550 0.3949
vn -0.0001 0.9729 0.2312
vn 0.6519 0.7490 0.1184
vn 0.2297 0.9631 0.1402
vn -0.0000 0.4276 0.9040
vn 0.0096 0.1887 0.9820
vn 0.0818 0.6802 0.7284
vn 0.9644 -0.2572 -0.0622
vn 0.9860 0.1665 -0.0068
vn 0.4679 0.8837 0.0119
vn -0.2298 0.9631 0.1402
vn -0.6519 0.7490 0.1184
vn -0.0819 0.6803 0.7283
vn -0.0096 0.1887 0.9820
vn 0.7229 0.6798 -0.1236
vn -0.9893 -0.0467 -0.1382
vn -0.9194 -0.3885 -0.0615
vn 0.5299 0.2873 0.7979
vn -0.5866 -0.1867 0.7881
vn -0.8735 0.1395 0.4664
vn -0.0000 0.7838 0.6211
vn -0.1214 -0.9831 -0.1367
vn 0.1573 0.9841 -0.0826
vn -0.6829 -0.7305 -0.0031
vn -0.1502 -0.9876 0.0457
vn -0.1331 -0.9859 -0.1014
vn 0.0019 -0.9935 -0.1140
vn 0.9883 0.1364 -0.0687
vn 0.9703 0.2373 -0.0461
vn 0.9674 0.2512 -0.0309
vn 0.8349 0.5438 -0.0853
vn 0.5187 0.8501 -0.0906
vn 0.6908 -0.5916 0.4157
vn 0.8180 0.5563 -0.1466
vn -0.7900 0.5948 -0.1487
vn -0.9461 -0.2944 -0.1347
vn -0.7045 -0.7028 -0.0993
vn -0.0000 0.5561 0.8311
vn -0.0000 0.9978 -0.0658
vn -0.1218 -0.9921 -0.0314
vn -0.1213 -0.9921 -0.0314
vn -0.1221 -0.9920 -0.0314
vn -0.3200 -0.7976 0.5113
vn -0.3410 -0.8434 0.4151
vn -0.3405 -0.8437 0.4150
vn -0.2970 -0.9433 -0.1482
vn 0.2415 -0.9651 -0.1016
vn 0.5246 -0.8286 -0.1955
vn 0.5908 -0.7871 -0.1773
vn -0.6964 -0.6939 -0.1833
vn -0.6403 -0.6348 -0.4326
vn -0.6408 -0.6354 -0.4309
vn 0.7057 -0.7043 -0.0779
vn -0.8317 0.5295 -0.1672
vn -0.0011 -0.9832 -0.1828
vn 0.7430 -0.5823 -0.3299
vn -0.7449 -0.5805 -0.3290
vn 0.9902 0.0088 -0.1397
vn 0.8663 -0.4989 0.0254
vn -0.4437 -0.7705 -0.4577
vn 0.9916 0.1238 0.0371
vn 0.8965 0.4394 0.0568
vn -0.8958 0.4409 0.0569
vn -0.0324 -0.9289 0.3690
vn -0.6768 -0.6496 0.3464
vn -0.9917 0.1228 0.0370
vn -0.5976 0.7989 0.0680
vn 0.6004 0.7968 0.0680
vn 0.2454 -0.9634 -0.1078
vn 0.4879 -0.8722 -0.0342
vn 0.0550 -0.9886 -0.1399
vn -0.4558 -0.8895 -0.0328
vn -0.2452 -0.9629 -0.1125
vn -0.0553 -0.9886 -0.1399
vn -0.2338 -0.9658 0.1120
vn 0.9511 0.2765 0.1374
vn 0.1127 -0.9852 -0.1292
vn 0.0226 -0.9937 -0.1102
vn -0.0000 -0.9944 -0.1053
vn -0.4060 -0.9065 -0.1162
vn -0.1798 -0.9773 -0.1119
vn -0.4238 -0.8995 -0.1060
vn 0.9973 -0.0727 0.0110
vn 0.9334 -0.3547 -0.0536
vn 0.7519 0.6430 0.1456
vn 0.0001 -0.9966 -0.0827
vn 0.0951 -0.7767 0.6226
vn -0.0010 -0.4615 0.8871
vn -0.0000 -0.9617 -0.2742
vn 0.2166 -0.9422 -0.2556
vn 0.1289 -0.9828 -0.1325
vn -0.0226 -0.9937 -0.1102
vn -0.1127 -0.9852 -0.1292
vn -0.7519 0.6430 0.1456
vn 0.7738 -0.6236 -0.1109
vn -0.0001 -0.9966 -0.0827
vn 0.6509 -0.0155 0.7590
vn 0.6547 -0.0165 0.7557
vn 0.6531 -0.0167 0.7571
vn -0.5731 0.5780 0.5809
vn -0.9549 0.2117 0.2084
vn -0.9915 0.0957 0.0883
vn -0.1289 -0.9828 -0.1325
vn 0.9646 -0.1426 0.2217
vn 0.9505 -0.2152 0.2242
vn 0.9212 -0.2046 0.3309
vn -0.0938 0.9893 0.1114
vn -0.0941 0.9893 0.1111
vn -0.9626 -0.2682 0.0392
vn -0.9888 -0.1483 0.0193
vn 0.2670 0.8524 -0.4496
vn 0.8298 0.0614 -0.5547
vn 0.8945 -0.1677 -0.4144
vn 0.2429 0.2235 -0.9440
vn 0.6794 0.5790 -0.4506
vn 0.2357 0.2161 -0.9475
vn -0.0012 -0.9954 0.0962
vn 0.0499 -0.9958 0.0768
vn 0.0010 -0.9968 0.0800
vn 0.9743 -0.2250 0.0127
vn -0.8635 -0.5018 0.0507
vn -0.8648 -0.4997 0.0503
vn -0.9994 0.0256 -0.0232
vn 0.5221 -0.8519 -0.0411
vn 0.0023 -0.9992 0.0398
vn -0.0013 -0.9992 0.0406
vn 0.3090 -0.5442 0.7799
vn 0.8381 0.5382 -0.0889
vn 0.6999 0.7093 -0.0838
vn 0.9964 0.0709 0.0458
vn -0.5188 0.8501 -0.0906
vn -0.0031 0.9973 -0.0731
vn -0.8348 0.5440 -0.0853
vn 0.8663 -0.4970 0.0496
vn -0.0022 -0.9992 0.0398
vn 0.0013 -0.9992 0.0406
vn 0.9939 -0.0221 -0.1084
vn 0.8863 -0.4508 -0.1055
vn 0.8630 0.4983 -0.0834
vn -0.8721 -0.4890 -0.0203
vn -0.9289 -0.3697 -0.0185
vn 0.1306 0.9905 -0.0428
vn -0.0091 0.9988 -0.0486
vn -0.0804 -0.9964 0.0280
vn 0.0955 -0.9948 -0.0362
vn -0.1345 -0.9901 -0.0408
vn 0.0209 -0.9979 -0.0605
vn 0.1320 -0.9899 -0.0525
vn 0.3070 -0.9497 -0.0611
vn -0.0324 0.9994 -0.0098
vn -0.1306 0.9905 -0.0427
vn -0.6861 0.6706 0.2820
vn 0.4897 -0.8688 -0.0732
vn 0.4925 -0.8671 -0.0750
vn 0.4951 -0.8653 -0.0781
vn 0.0176 0.9983 -0.0559
vn 0.4612 -0.6854 -0.5634
vn 0.4753 0.7056 -0.5255
vn 0.4621 -0.6841 -0.5643
vn -0.0007 -0.0179 0.9998
vn -0.0006 -0.0174 0.9998
vn -0.0008 -0.0179 0.9998
vn 0.6996 -0.5269 -0.4827
vn -0.0379 0.0498 -0.9980
vn -0.9957 0.0697 -0.0618
vn -0.2333 -0.9718 -0.0327
vn -0.0545 0.9071 0.4173
vn -0.2847 -0.0839 -0.9549
vn -0.2973 -0.0903 -0.9505
vn -0.6201 -0.3059 0.7224
vn -0.7654 0.2749 0.5819
vn -0.6196 -0.3072 0.7223
vn -0.3968 -0.9098 0.1214
vn -0.6333 -0.7731 0.0361
vn -0.2762 -0.9557 -0.1019
vn -0.4771 -0.8752 -0.0799
vn -0.5751 -0.8121 -0.0987
vn -0.3586 -0.9309 -0.0695
vn -0.1835 -0.9769 -0.1093
vn -0.7020 -0.7121 -0.0050
vn 0.6557 -0.7549 -0.0143
vn 0.6533 -0.7569 -0.0145
vn -0.9411 0.3276 0.0833
vn 0.2534 0.9670 -0.0248
vn 0.3969 -0.9098 0.1214
vn 0.1914 -0.9656 0.1761
vn 0.6328 -0.7735 0.0364
vn 0.4773 -0.8751 -0.0799
vn 0.2761 -0.9557 -0.1019
vn 0.5755 -0.8118 -0.0988
vn 0.3585 -0.9309 -0.0696
vn 0.1833 -0.9770 -0.1094
vn 0.7020 -0.7121 -0.0050
vn -0.7598 -0.6487 0.0438
vn 0.0022 -0.9978 0.0657
vn -0.4542 -0.8883 -0.0680
vn -0.4474 -0.8907 -0.0805
vn -0.4519 -0.8889 -0.0754
vn 0.1729 0.9615 0.2136
vn -0.2488 0.9640 0.0939
vn -0.0000 -0.9946 0.1034
vn -0.1965 -0.9774 0.0784
vn 0.1971 -0.9772 0.0784
vn 0.0258 -0.9982 0.0541
vn -0.2399 -0.9656 0.1001
vn 0.2395 -0.9657 0.0998
vn -0.3928 -0.9170 0.0692
vn 0.3919 -0.9174 0.0692
vn 0.9992 -0.0008 0.0389
vn 0.9697 -0.0051 0.2443
vn 0.8102 0.4011 0.4273
vn 0.6747 -0.6807 0.2854
vn -0.4090 -0.8186 0.4032
vn -0.5051 -0.8280 0.2437
vn 0.6736 0.6685 0.3153
vn -0.6723 -0.6814 0.2895
vn -0.8096 0.4024 0.4273
vn -0.6749 -0.6803 0.2859
vn 0.4085 -0.8188 0.4034
vn -0.6729 0.6692 0.3153
vn 0.6723 -0.6814 0.2895
vn 0.7294 0.6700 0.1381
vn 0.7907 0.5994 0.1249
vn 0.4912 0.8705 0.0328
vn 0.8894 -0.3541 0.2892
vn 0.1538 -0.9764 0.1517
vn 0.0634 -0.9840 0.1667
vn -0.2505 -0.9660 0.0639
vn 0.9004 -0.3599 0.2444
vn -0.7907 0.5994 0.1249
vn -0.7294 0.6700 0.1381
vn -0.4912 0.8705 0.0328
vn -0.8894 -0.3541 0.2892
vn -0.0634 -0.9840 0.1667
vn -0.1533 -0.9765 0.1517
vn 0.2507 -0.9659 0.0638
vn -0.9004 -0.3599 0.2444
vn -0.1871 -0.9790 -0.0815
vn -0.1862 -0.9727 -0.1382
vn 0.2997 0.9407 -0.1588
vn 0.2867 0.9034 -0.3190
vn 0.2920 0.9071 0.3033
vn 0.9080 -0.2593 0.3292
vn 0.8674 -0.2338 -0.4392
vn 0.2117 -0.9734 -0.0874
vn 0.2107 -0.9679 -0.1369
vn 0.2102 -0.9704 0.1188
vn 0.9424 0.0069 -0.3344
vn 0.9633 -0.0056 0.2685
vn -0.0000 0.6580 0.7530
vn 0.9909 0.0895 0.1002
vn -0.0000 0.6912 0.7226
vn -0.6540 -0.7564 -0.0146
vn -0.6542 -0.7562 -0.0153
vn -0.7356 -0.6773 -0.0132
vn 0.7581 0.0135 -0.6520
vn 0.6570 -0.4875 -0.5750
vn 0.9541 0.2996 0.0062
vn 0.9712 -0.2382 -0.0049
vn 0.7952 -0.6063 -0.0113
vn 0.5884 -0.0168 0.8084
vn 0.5879 -0.0168 0.8088
vn -0.9986 -0.0520 -0.0012
vn -0.9986 -0.0521 -0.0012
vn 0.9347 -0.0074 0.3552
vn -0.2313 -0.4977 0.8359
vn 0.3708 -0.8389 0.3985
vn 0.2588 0.9649 0.0450
vn 0.5000 0.8651 0.0404
vn -0.7915 0.0124 -0.6110
vn -0.7911 0.0127 -0.6115
vn 0.0324 -0.9289 0.3690
vn 0.6774 -0.6491 0.3462
vn -0.8597 -0.0241 0.5102
vn -0.8629 -0.0122 0.5052
vn -0.0000 0.3258 0.9455
vn -0.1248 -0.9558 0.2663
vn -0.6275 -0.4306 0.6487
vn 0.0010 0.9148 -0.4038
vn 0.3304 -0.0193 0.9437
vn 0.6522 -0.0159 0.7579
vn 0.6519 -0.0156 0.7582
vn 0.6518 -0.0149 0.7582
vn 0.9219 0.0078 -0.3874
vn -0.4974 -0.8595 -0.1176
vn -0.9607 -0.2557 -0.1077
vn -0.8615 -0.4956 -0.1106
vn -0.6887 0.4213 0.5901
vn -0.3479 0.5447 0.7630
vn -0.6888 0.4213 0.5900
vn 0.8652 -0.5013 -0.0104
vn -0.8293 0.5588 0.0110
vn 0.0539 0.9673 0.2477
vn -0.0000 -0.6595 0.7517
vn -0.4941 -0.7497 -0.4403
vn -0.2074 -0.9581 -0.1974
vn -0.2075 -0.9582 -0.1970
vn -0.8328 0.0115 -0.5534
vn -0.9511 -0.0064 0.3089
vn 0.2350 -0.0202 0.9718
vn -0.5365 -0.6899 -0.4859
vn -0.5369 -0.6901 -0.4853
vn -0.6530 -0.0155 0.7572
vn -0.9442 -0.0067 0.3294
vn -0.6522 -0.0155 0.7579
vn 0.9936 -0.0968 -0.0583
vn 0.6394 -0.7562 0.1390
vn -0.0000 -0.9704 0.2416
vn 0.9588 -0.2735 -0.0770
vn -0.0000 0.8559 0.5172
vn -0.9877 -0.1565 -0.0033
vn 0.8788 0.2052 0.4309
vn 0.7837 0.0119 -0.6210
vn 0.6515 0.0146 -0.7585
vn 0.0008 0.0186 -0.9998
vn 0.0009 0.0186 -0.9998
vn 0.0009 0.0187 -0.9998
vn 0.6565 -0.5113 0.5546
vn -0.8293 -0.5588 -0.0110
vn 0.0539 -0.9673 -0.2477
vn -0.8288 -0.5594 -0.0115
vn -0.0000 0.7534 0.6576
vn 0.7074 0.6645 -0.2408
vn -0.7074 0.6645 -0.2408
vn -0.0000 -0.4823 -0.8760
vn 0.9983 0.0104 -0.0567
vn 0.9982 0.0066 -0.0603
vn 0.9983 0.0092 -0.0575
vn 0.8408 0.0611 0.5379
vn 0.8115 -0.0034 0.5843
vn 0.8489 0.0416 0.5269
vn 0.8145 0.3473 -0.4647
vn -0.3133 -0.8911 0.3284
vn -0.6361 -0.2516 0.7295
vn -0.6373 -0.2435 0.7311
vn 0.7629 -0.6455 0.0350
vn 0.9214 -0.3886 -0.0059
vn -0.7073 -0.6652 0.2394
vn 0.4439 -0.7591 -0.4762
vn 0.1574 -0.2530 -0.9546
vn 0.4445 -0.7607 -0.4729
vn 0.0869 0.9288 -0.3603
vn -0.2923 0.7347 -0.6122
vn -0.7076 -0.7005 -0.0923
vn -0.2354 0.2174 -0.9473
vn -0.6800 0.5798 -0.4488
vn -0.2418 0.2216 -0.9447
vn 0.8119 -0.4617 0.3572
vn 0.7736 -0.2529 0.5811
vn 0.8116 -0.4622 0.3574
vn -0.0305 -0.9982 0.0522
vn -0.0314 -0.9984 0.0468
vn -0.0297 -0.9980 0.0557
vn -0.7705 0.6358 0.0455
vn -0.8402 -0.4909 -0.2304
vn -0.0744 -0.3447 0.9358
vn -0.0874 -0.4028 0.9111
vn -0.1604 -0.7181 0.6772
vn -0.9346 -0.0074 0.3557
vn -0.0000 0.0469 -0.9989
vn -0.8861 0.0217 -0.4629
vn 0.7903 0.0928 -0.6056
vn 0.8822 0.0171 -0.4707
vn 0.8792 0.0198 -0.4761
vn 0.0635 -0.1616 -0.9848
vn 0.1993 -0.5794 -0.7903
vn -0.6412 0.0410 -0.7663
vn -0.0005 0.0194 -0.9998
vn -0.1586 -0.0715 -0.9847
vn -0.5597 -0.3085 -0.7691
vn -0.5597 -0.3084 -0.7691
vn -0.2316 0.9631 -0.1374
vn -0.2126 0.9701 -0.1168
vn -0.2775 0.9436 0.1805
vn -0.7740 0.6213 0.1219
vn -0.2126 0.9645 0.1566
vn -0.9009 -0.1862 0.3922
vn -0.8656 -0.2227 -0.4485
vn 0.9987 -0.0504 -0.0010
vn 0.9986 -0.0520 -0.0010
vn 0.9986 -0.0521 -0.0009
vn -0.9514 0.1739 -0.2540
vn -0.0000 0.5654 -0.8248
vn -0.0000 0.5643 -0.8256
vn -0.9963 0.0060 -0.0858
vn -0.9152 0.1361 0.3795
vn -0.8903 0.1107 0.4417
vn -0.9962 0.0018 -0.0874
vn 0.4996 0.8639 0.0639
vn -0.0481 0.0147 -0.9987
vn -0.4990 -0.8600 0.1072
vn -0.4344 -0.9007 -0.0011
vn -0.0065 -0.9906 -0.1364
vn -0.3328 -0.9110 -0.2437
vn -0.0088 -0.9999 0.0093
vn 0.1308 -0.9750 0.1797
vn -0.7039 -0.7020 0.1086
vn -0.6233 -0.7820 0.0009
vn -0.6467 -0.7628 0.0007
vn 0.0784 -0.9961 0.0415
vn -0.0523 -0.9939 0.0974
vn 0.2979 -0.9298 0.2161
vn -0.0005 -0.9993 -0.0369
vn -0.1543 -0.9623 -0.2241
vn -0.9740 0.0047 -0.2265
vn -0.5675 -0.7478 -0.3445
vn 0.6870 -0.5957 0.4161
vn 0.5964 -0.7188 0.3573
vn -0.6402 -0.6613 -0.3909
vn 0.9962 -0.0721 0.0492
vn 0.9998 -0.0222 -0.0018
vn 0.9293 -0.3124 0.1968
vn 0.1412 0.9817 0.1280
vn 0.0798 0.9927 0.0906
vn -0.3986 0.9170 -0.0141
vn 0.3157 0.9460 -0.0729
vn 0.0087 0.9968 -0.0794
vn -0.0711 0.9961 0.0515
vn -0.3033 0.9501 -0.0724
vn -0.9216 -0.2396 0.3053
vn 0.2654 0.9624 0.0585
vn 0.6520 0.0157 -0.7580
vn 0.6519 0.0158 -0.7582
vn 0.6526 0.0157 -0.7575
vn 0.0021 0.9958 0.0915
vn 0.3004 0.9501 0.0845
vn -0.7070 0.7069 0.0221
vn 0.8959 -0.3799 -0.2304
vn 0.5861 0.8099 0.0235
vn 0.0528 0.9963 -0.0671
vn -0.0969 0.9926 -0.0735
vn 0.5135 -0.8579 -0.0143
vn -0.5008 -0.8653 0.0208
vn -0.4865 0.8336 0.2614
vn -0.0001 0.8816 0.4720
vn -0.0006 0.9543 0.2987
vn -0.0001 -0.9004 0.4350
vn 0.4849 0.8347 0.2611
vn 0.1094 0.9897 0.0923
vn 0.4464 0.8899 0.0944
vn 0.0783 0.9927 0.0915
vn 0.4603 0.8828 0.0942
vn 1.0000 0.0007 -0.0000
vn -0.0000 0.0453 -0.9990
vn -0.7075 -0.7060 -0.0330
vn -0.7072 -0.7062 -0.0329
vn -0.3072 0.9502 0.0530
vn -0.0711 0.9941 0.0817
vn -0.0363 0.9957 0.0854
vn -0.3315 0.9421 0.0497
vn -0.2812 -0.9469 0.1559
vn -0.6081 -0.7053 0.3643
vn -0.7071 0.0148 -0.7069
vn 0.7071 0.0146 -0.7069
vn 0.8660 -0.0333 -0.4990
vn 0.8665 -0.0334 -0.4980
vn -0.0000 0.0087 1.0000
vn -0.0000 0.0086 1.0000
vn -0.0000 -0.0465 0.9989
vn -0.6928 0.4097 0.5935
vn 0.6514 -0.0128 0.7586
vn 0.8914 -0.2565 0.3738
vn 0.9449 -0.0154 0.3270
vn 0.9126 -0.2598 0.3157
vn 0.7211 0.6132 -0.3223
vn 0.7218 0.6123 -0.3226
vn 0.7210 0.6135 -0.3223
vn 0.7073 -0.7068 -0.0144
vn 0.7072 -0.7069 -0.0143
vn 0.7071 -0.7070 -0.0141
vn -0.0000 -0.7803 -0.6254
vn -0.0000 -0.6639 -0.7479
vn 0.4176 0.8463 -0.3306
vn -0.4178 0.8463 -0.3306
vn -0.4176 0.8463 -0.3306
vn 0.8861 0.0217 -0.4629
vn 0.8659 0.4996 0.0233
vn 0.9659 0.2588 0.0121
vn -0.0000 0.3393 0.9407
vn 0.8049 0.3250 0.4966
vn 0.8164 0.3938 0.4223
vn 0.8720 -0.4891 -0.0205
vn -0.3484 -0.3886 0.8530
vn 0.3479 -0.3886 0.8532
vn -0.3479 -0.3886 0.8532
vn -0.9914 0.1306 0.0027
vn 0.9974 -0.0724 -0.0015
vn 0.9974 -0.0725 -0.0015
vn -0.4712 -0.3757 0.7980
vn -0.0000 -0.6633 -0.7484
vn -0.0000 -0.7801 -0.6257
vn -0.0000 -0.7800 -0.6258
vn 0.2835 0.9014 -0.3273
vn 0.4196 0.8584 0.2949
vn 0.2874 0.8831 -0.3708
vn -0.1479 -0.2388 0.9597
vn -0.1474 -0.2381 0.9600
vn -0.1473 -0.2387 0.9599
vn -0.9228 -0.0178 0.3848
vn -0.9129 0.2286 0.3382
vn -0.8913 0.2207 0.3960
vn 1.0000 0.0003 -0.0005
vn 1.0000 0.0022 -0.0000
vn -0.5399 -0.8415 -0.0173
vn -0.5409 -0.8409 -0.0172
vn -0.0000 0.0531 -0.9986
vn -0.9385 0.0072 -0.3452
vn -0.9368 0.0073 -0.3499
vn -0.5000 0.8651 0.0403
vn 0.8628 -0.0122 0.5053
vn -0.0000 0.3544 0.9351
vn 0.8595 -0.0242 0.5105
vn 0.8628 -0.0357 0.5044
vn -0.0000 -0.4126 0.9109
vn -0.1161 -0.9037 0.4122
vn -0.9731 0.2303 -0.0109
vn -0.8407 0.0614 0.5380
vn -0.8049 0.3249 0.4966
vn -0.8488 0.0420 0.5270
vn -0.9806 -0.1533 -0.1218
vn -0.9801 -0.1507 -0.1293
vn -0.8835 -0.0097 0.4684
vn -0.8831 -0.0097 0.4690
vn 0.2396 -0.1491 0.9593
vn 0.2399 -0.1470 0.9596
vn -0.6774 -0.6715 -0.3004
vn -0.5895 -0.5806 -0.5616
vn -0.5893 -0.5807 -0.5616
vn -0.5742 0.6415 -0.5087
vn -0.5744 0.6370 -0.5140
vn -0.5728 0.6426 -0.5089
vn -0.3274 -0.0196 0.9447
vn -0.4988 -0.0180 0.8665
vn -0.0000 0.6412 0.7673
vn -0.4484 -0.0087 0.8938
vn -0.4175 0.9085 0.0189
vn 0.4790 -0.7832 0.3965
vn 0.2541 -0.9464 0.1992
vn -0.7937 -0.6081 -0.0123
vn 0.9907 -0.1358 -0.0026
vn 0.9072 0.1872 -0.3769
vn 0.9613 0.2755 0.0057
vn 0.8664 0.4989 0.0189
vn 0.8663 0.4991 0.0190
vn 0.8667 0.4985 0.0185
vn -0.8721 -0.4893 -0.0097
vn -0.7957 -0.6055 -0.0124
vn -0.9648 0.2624 0.0176
vn 0.8181 -0.4875 0.3050
vn 0.0001 -0.0480 0.9988
vn 0.0001 -0.0482 0.9988
vn -0.7072 -0.7069 -0.0142
vn -0.7073 -0.7067 -0.0143
vn -0.7071 -0.7070 -0.0141
vn -0.7058 -0.0144 0.7083
vn -1.0000 0.0006 -0.0010
vn -0.7072 -0.0135 0.7069
vn -0.4749 -0.8462 -0.2416
vn -0.9231 -0.1312 -0.3614
vn -0.4196 0.8585 0.2949
vn 0.3151 0.6764 0.6658
vn -0.9078 0.4189 0.0208
vn -0.6587 0.7515 0.0373
vn 0.6878 0.4164 0.5946
vn 0.1059 0.9882 0.1108
vn -0.9914 -0.1306 -0.0026
vn 0.7071 -0.0148 0.7069
vn -0.7071 -0.0146 0.7070
vn 0.7070 0.7064 0.0330
vn 0.7072 0.7063 0.0331
vn -0.0000 -0.8051 0.5931
vn -0.4487 -0.7831 0.4306
vn -0.8628 -0.0357 0.5043
vn -0.0000 -0.4402 0.8979
vn 0.8596 -0.0241 0.5103
vn 0.8483 -0.0250 0.5289
vn -0.0000 0.6537 0.7568
vn 0.9928 -0.1194 -0.0076
vn 0.8860 -0.4631 -0.0231
vn 0.8649 0.5015 0.0229
vn 1.0000 0.0017 0.0001
vn 1.0000 0.0013 0.0001
vn -0.8596 -0.0242 0.5104
vn 0.5549 0.3373 -0.7605
vn -0.1584 -0.0713 -0.9848
vn 0.6527 0.6340 0.4148
vn 0.8183 0.4569 0.3488
vn 0.7991 0.4432 0.4061
vn -0.5915 -0.3562 -0.7233
vn 0.5822 0.3798 -0.7188
vn -0.0000 0.0458 -0.9990
vn -0.0000 0.0458 -0.9989
vn 0.2188 -0.4183 0.8816
vn -0.9988 -0.0021 -0.0492
vn 0.2156 -0.0613 0.9745
vn 0.3796 0.2144 0.9000
vn -0.3138 0.6768 0.6660
vn 0.6210 0.0277 -0.7833
vn 0.6210 0.0278 -0.7833
vn 0.6031 0.0325 -0.7970
vn 0.4271 0.5087 -0.7475
vn -0.7611 0.0132 -0.6485
vn -0.6808 0.4813 0.5522
vn -0.1266 -0.9837 -0.1280
vn 0.6802 0.4821 0.5521
vn 0.7612 0.0133 -0.6483
vn -0.4271 0.5092 -0.7472
vn 0.1255 -0.9837 -0.1291
vn -0.2248 -0.0862 0.9706
vn -0.2116 -0.4059 0.8891
vn -0.3965 0.2247 0.8901
vn -0.4712 -0.3760 0.7979
vn -0.4607 -0.3675 0.8079
vn -0.5746 0.6418 -0.5078
vn -0.5743 0.6416 -0.5085
vn -0.5745 0.6416 -0.5083
vn 0.9999 0.0035 0.0169
vn -0.3420 0.5159 0.7854
vn 0.1906 0.2713 0.9434
vn 0.3466 0.5126 0.7855
vn 0.1379 0.1903 0.9720
vn -0.0000 -0.0209 0.9998
vn 0.7603 -0.6027 0.2421
vn 0.7852 -0.6147 0.0740
vn -0.7587 0.5775 0.3013
vn -0.7846 0.6050 0.1353
vn -0.9881 0.0036 -0.1538
vn -0.6983 0.0030 0.7158
vn -0.6960 0.0031 0.7180
vn -0.7053 -0.0480 0.7073
vn 0.7427 -0.5944 0.3083
vn -0.7400 0.5619 0.3697
vn -0.0000 -0.5175 0.8557
vn 0.7049 -0.0929 -0.7032
vn -0.6937 -0.2877 -0.6603
vn -0.5760 0.3268 -0.7493
vn -0.9758 0.0101 -0.2183
vn -0.0001 0.0206 -0.9998
vn -0.0000 0.0205 -0.9998
vn -0.6707 -0.7416 -0.0151
vn -0.3718 -0.9281 -0.0189
vn -0.6705 -0.7417 -0.0151
vn -0.0000 -0.6585 0.7526
vn -0.3476 -0.9334 0.0896
vn 0.7073 0.7068 0.0141
vn 0.7069 -0.7071 -0.0141
vn 0.5000 -0.8651 -0.0396
vn -0.6568 -0.4874 -0.5753
vn -0.7578 0.0136 -0.6523
vn -0.6560 -0.4887 -0.5752
vn 0.5093 0.3660 0.7789
vn -0.5635 -0.3802 0.7334
vn 0.5300 0.3823 0.7569
vn 0.6811 -0.5993 0.4207
vn -0.0000 -0.3349 0.9422
vn -0.0000 -0.7714 0.6363
vn -0.1527 0.2843 -0.9465
vn -0.4425 0.7764 -0.4488
vn -0.4433 0.7777 -0.4457
vn -0.7071 -0.7069 -0.0147
vn -0.6920 0.4195 -0.5875
vn -0.5346 0.7158 -0.4492
vn -0.6917 0.4213 -0.5865
vn 0.4716 -0.3755 0.7979
vn -0.4386 0.3114 0.8430
vn -0.4539 0.3228 0.8305
vn -0.0000 0.9157 0.4019
vn -0.9899 -0.1270 -0.0631
vn -0.8987 -0.1077 -0.4252
vn -0.0000 -0.9999 -0.0127
vn -0.5093 0.3660 0.7789
vn 0.5635 -0.3802 0.7334
vn -0.6635 -0.5339 0.5241
vn -0.7070 -0.5629 0.4282
vn -0.6641 -0.5337 0.5236
vn -0.2514 -0.9446 0.2112
vn -0.4856 -0.8482 0.2115
vn 0.4986 -0.0175 0.8666
vn 0.4983 -0.0176 0.8668
vn 0.4873 0.3482 0.8008
vn 0.1392 -0.9884 0.0613
vn 0.1671 -0.9837 0.0665
vn -0.0243 0.8464 0.5320
vn -0.0191 0.6610 0.7502
vn -0.0239 0.8336 0.5518
vn 0.6149 0.2761 -0.7387
vn -0.0438 0.9327 -0.3579
vn 0.0013 -0.4101 0.9120
vn 0.0006 -0.4097 0.9122
vn -0.7164 -0.6670 0.2048
vn -0.7956 -0.0123 0.6057
vn 0.1646 0.9343 -0.3162
vn 0.1632 0.9347 -0.3159
vn 0.1649 0.9342 -0.3163
vn 0.0687 -0.7079 0.7030
vn -0.0000 -0.6797 -0.7335
vn -0.0000 -0.7096 0.7046
vn -0.0000 -0.8556 -0.5177
vn -0.0000 -0.4824 -0.8760
vn -0.9423 -0.0070 0.3348
vn -0.0571 -0.9949 -0.0831
vn -1.0000 -0.0000 0.0024
vn -0.4993 -0.0174 0.8662
vn 0.4998 -0.8652 -0.0396
vn -0.0000 -0.9542 -0.2992
vn -0.0000 -0.8460 -0.5331
vn 0.8278 -0.5526 -0.0971
vn -0.7879 -0.6157 -0.0076
vn -0.7893 -0.6139 -0.0080
vn -0.7877 -0.6161 -0.0076
vn -0.9993 -0.0386 0.0007
vn -0.9990 -0.0447 -0.0005
vn -0.9989 -0.0464 -0.0008
vn 0.8343 -0.2948 -0.4658
vn 0.8900 -0.3299 0.3146
vn 0.8337 -0.2937 -0.4676
vn 0.6525 -0.0155 0.7577
vn 0.6524 -0.0157 0.7577
vn 0.6525 -0.0155 0.7576
vn -0.5446 0.5604 -0.6240
vn -0.5448 0.5601 -0.6241
vn -0.5449 0.5599 -0.6242
vn 0.4178 0.8463 -0.3306
vn 0.7916 0.5692 -0.2223
vn 0.7915 0.5693 -0.2223
vn 0.3848 -0.9202 0.0719
vn 0.1677 -0.9848 0.0456
vn 0.0792 -0.9965 0.0277
vn 0.2683 -0.9633 -0.0048
vn 0.1336 -0.9910 -0.0050
vn 0.9192 0.3878 0.0680
vn 0.4178 -0.3301 -0.8464
vn -0.4177 -0.3300 -0.8465
vn -0.4178 -0.3301 -0.8465
vn -0.0000 0.6760 0.7369
vn 0.9158 -0.1749 -0.3616
vn 0.5455 -0.1348 -0.8272
vn 0.9271 -0.3638 -0.0903
vn -0.6527 -0.6694 0.3549
vn -0.4726 -0.8325 0.2891
vn 0.9611 -0.0677 0.2678
vn -0.0000 -0.9452 -0.3266
vn -0.7651 0.6416 -0.0545
vn -0.9231 0.3841 -0.0170
vn -0.0000 -0.7001 0.7140
vn 0.0004 0.0482 -0.9988
vn -0.0007 0.0476 -0.9989
vn 0.0004 0.0470 -0.9989
vn -0.0176 -0.9985 -0.0523
vn -0.0215 -0.9984 -0.0514
vn 0.8417 0.1980 0.5022
vn 0.7990 0.3298 0.5028
vn 0.7987 0.3267 0.5054
vn 0.7913 -0.0124 0.6113
vn 0.4177 -0.0184 0.9084
vn 0.7917 -0.0127 0.6108
vn -0.9752 -0.2109 -0.0671
vn -0.9901 -0.1396 -0.0116
vn 0.9905 0.1351 -0.0245
vn -0.8864 0.4627 0.0157
vn -0.8736 0.4862 0.0192
vn -0.8860 0.4630 0.0237
vn 0.4692 -0.8810 0.0605
vn 0.5125 -0.8571 0.0518
vn 0.3936 -0.7354 0.5516
vn 0.9799 0.1814 -0.0832
vn -0.8940 0.4479 0.0105
vn -0.7445 0.0137 -0.6675
vn -0.7448 0.0137 -0.6671
vn -0.7447 0.0138 -0.6672
vn -0.7460 0.0134 -0.6658
vn -0.7524 0.0147 -0.6585
vn -0.7498 0.0122 -0.6615
vn -0.0000 -0.9386 -0.3450
vn -0.0000 -0.8584 -0.5130
vn 0.7312 0.6573 0.1826
vn -0.7910 -0.5604 -0.2457
vn -0.7907 -0.5608 -0.2456
vn -0.9877 -0.0858 0.1303
vn 0.9353 0.3538 0.0074
vn 0.9759 0.0102 -0.2181
vn 0.9767 0.0100 -0.2144
vn 0.9581 -0.0055 0.2864
vn 0.1458 -0.2352 0.9610
vn 0.9147 -0.0084 0.4041
vn 0.4733 -0.8265 0.3046
vn 0.4734 -0.8265 0.3046
vn -0.0313 -0.9987 -0.0395
vn -0.0104 -0.9993 -0.0362
vn -0.9992 0.0008 -0.0407
vn 0.9698 0.0051 -0.2437
vn 0.9698 0.0051 -0.2438
vn 0.9152 0.0084 -0.4028
vn 0.9211 0.0081 -0.3891
vn 0.0002 0.0201 -0.9998
vn 0.0002 0.0208 -0.9998
vn 0.4175 0.0184 -0.9085
vn 0.7915 0.0124 -0.6110
vn 0.7912 0.0127 -0.6115
vn 0.8660 -0.0332 -0.4989
vn 1.0000 -0.0002 -0.0005
vn 0.8657 -0.0335 -0.4995
vn -0.9705 -0.2411 -0.0044
vn -0.0596 0.2232 0.9729
vn -0.7877 -0.6159 -0.0133
vn -0.7881 -0.6154 -0.0130
vn -0.7884 -0.6151 -0.0128
vn 0.5478 0.7901 0.2751
vn 0.5168 0.8083 0.2820
vn 0.7060 -0.7048 -0.0695
vn -0.6277 -0.7323 0.2639
vn 0.7727 -0.6326 0.0520
vn 0.7070 -0.7072 -0.0069
vn 0.9999 0.0019 0.0108
vn 0.7071 -0.7071 -0.0069
vn 0.4178 0.9083 0.0187
vn 0.7913 0.6113 0.0126
vn 0.7917 0.6107 0.0122
vn -0.3497 -0.9224 0.1638
vn 0.5245 -0.0167 0.8513
vn 0.6529 0.0137 -0.7573
vn 0.5955 -0.0590 -0.8012
vn -0.6522 -0.0186 0.7578
vn -0.8730 0.4874 0.0193
vn -0.1332 -0.5125 0.8483
vn 0.6643 -0.7459 -0.0495
vn 0.7354 -0.4642 0.4936
vn -0.9589 -0.2731 -0.0773
vn 0.8685 -0.4218 0.2604
vn 0.8699 -0.4235 0.2528
vn -0.9962 0.0804 0.0349
vn 0.2345 -0.9445 0.2300
vn 0.1947 -0.0192 0.9807
vn -0.2377 0.9711 0.0196
vn 0.2997 0.9538 0.0190
vn -0.7247 -0.6159 0.3091
vn -0.6813 -0.5616 -0.4695
vn 0.1658 -0.9855 0.0373
vn 0.1571 -0.9870 0.0324
vn 0.1683 -0.9849 0.0411
vn 0.9410 -0.3322 -0.0642
vn 0.9390 -0.3370 -0.0689
vn 0.9407 -0.3329 -0.0648
vn -0.0084 -0.4281 0.9037
vn -0.0072 -0.4280 0.9037
vn -0.6219 -0.6647 0.4140
vn 0.7705 0.6358 0.0456
vn 0.7653 -0.6403 -0.0655
vn 0.8660 0.0110 -0.4999
vn 0.4661 0.0137 -0.8846
vn 0.4667 0.0166 -0.8843
vn -0.1091 -0.8542 0.5084
vn -0.1088 -0.8540 0.5087
vn -0.7684 -0.6358 -0.0728
vn -0.7706 -0.6334 -0.0701
vn -0.7708 -0.6332 -0.0699
vn 0.0003 0.0194 -0.9998
vn 0.0001 0.0196 -0.9998
vn -0.6112 -0.7219 -0.3246
vn -0.6113 -0.7218 -0.3246
vn 0.5999 0.4603 -0.6544
vn -0.8067 0.0223 -0.5905
vn -0.6032 0.4735 -0.6419
vn 0.4174 0.6296 0.6553
vn -0.4175 0.6295 0.6553
vn 0.4174 0.6297 0.6552
vn 0.9989 0.0010 -0.0463
vn 0.9999 -0.0003 0.0133
vn -0.0000 -0.9994 0.0349
vn -0.5447 -0.5363 -0.6447
vn -0.4174 -0.0183 0.9085
vn 0.4174 -0.0183 0.9085
vn 0.8963 0.4429 -0.0242
vn 0.8956 0.4442 -0.0228
vn -0.0000 -0.9953 0.0965
vn -0.0000 -0.9984 0.0561
vn 0.7912 0.5601 0.2457
vn 0.4177 0.8321 0.3650
vn 0.7913 0.5599 0.2457
vn 0.9606 -0.2561 -0.1078
vn 0.8615 -0.4956 -0.1106
vn -0.9945 0.0014 -0.1047
vn -0.9980 -0.0012 -0.0626
vn -0.7910 0.2225 0.5698
vn -0.4224 0.0188 -0.9062
vn -0.4124 0.0189 -0.9108
vn -0.7917 -0.0127 0.6108
vn 0.7915 0.4411 -0.4231
vn 0.6952 -0.7030 0.1499
vn 0.8658 -0.4998 -0.0233
vn 0.4177 -0.6557 0.6290
vn -0.4177 -0.6557 0.6290
vn -0.4176 -0.6556 0.6291
vn -0.0000 -0.9541 -0.2994
vn -0.7910 -0.5699 0.2226
vn -0.4173 -0.8465 0.3306
vn -0.7910 -0.5700 0.2226
vn -0.0000 -0.9928 -0.1195
vn -0.0496 -0.9960 0.0746
vn -0.0012 0.9984 0.0559
vn -0.0016 0.9984 0.0564
vn -0.8726 0.4883 0.0115
vn -0.9976 0.0699 0.0014
vn -0.4615 -0.6528 -0.6008
vn -0.9780 0.0098 -0.2085
vn -0.9733 0.0108 -0.2294
vn -0.5303 0.3811 0.7573
vn -0.4796 0.3421 0.8080
vn 0.4173 -0.8465 0.3307
vn -0.4173 -0.8465 0.3307
vn -0.8209 0.5692 -0.0457
vn -0.4613 -0.6853 -0.5636
vn -0.8193 -0.5690 -0.0710
vn 0.7279 0.4661 -0.5028
vn 0.7914 0.4236 0.4408
vn 0.7912 0.4237 0.4411
vn -0.7911 0.4237 0.4412
vn -0.4173 0.6294 0.6555
vn 0.7653 -0.2798 -0.5797
vn 0.7653 -0.2781 -0.5804
vn -0.4174 0.8322 0.3650
vn -0.4177 0.8321 0.3650
vn 0.0598 0.2226 0.9731
vn 0.9701 -0.2427 -0.0046
vn 0.9700 -0.2432 -0.0043
vn 0.4722 0.8140 0.3383
vn 0.4422 0.7761 -0.4495
vn 0.4720 0.8141 0.3383
vn 0.7208 -0.5288 0.4482
vn 0.2126 -0.9688 0.1275
vn 0.8419 -0.5144 0.1627
vn 0.2074 -0.9581 -0.1977
vn -0.2318 -0.8840 -0.4058
vn 0.1181 -0.9742 -0.1923
vn 0.4481 -0.8756 -0.1802
vn 0.8794 -0.2455 -0.4079
vn 0.8924 -0.1044 -0.4391
vn -0.7911 -0.6115 -0.0127
vn -0.0000 -0.7267 0.6869
vn 0.7886 -0.6148 -0.0124
vn 0.7881 -0.6154 -0.0126
vn 0.7888 -0.6145 -0.0122
vn 0.5791 -0.5544 -0.5977
vn -0.1680 -0.9847 0.0455
vn -0.2680 -0.9634 -0.0048
vn -0.4733 -0.8655 -0.1639
vn -0.3829 -0.8487 0.3647
vn -0.6634 0.4826 0.5718
vn -0.7069 0.5206 0.4788
vn -0.6635 0.4822 0.5722
vn -0.7688 0.6278 0.1221
vn 0.7915 -0.4410 0.4231
vn 0.2039 -0.9571 -0.2058
vn 0.2038 -0.9571 -0.2058
vn 0.7532 -0.6403 -0.1506
vn 0.9152 -0.3787 -0.1376
vn -0.0349 -0.0409 -0.9986
vn -0.0348 -0.0398 -0.9986
vn -0.0358 -0.0403 -0.9985
vn 0.2878 -0.0850 -0.9539
vn 0.2975 -0.0899 -0.9505
vn -0.8204 0.5712 -0.0279
vn -0.5611 -0.1152 -0.8197
vn 0.4425 -0.8110 -0.3827
vn 0.5926 -0.8019 -0.0758
vn -0.4618 -0.8864 -0.0309
vn -0.3076 -0.9512 -0.0239
vn -0.9683 -0.1637 -0.1889
vn -0.9680 -0.1646 -0.1892
vn -0.9680 -0.1647 -0.1892
vn 0.5209 0.8536 0.0025
vn 0.7470 0.6648 -0.0080
vn -0.6761 0.2133 -0.7052
vn -0.9536 -0.0301 -0.2996
vn -0.7381 -0.2696 -0.6185
vn -1.0000 0.0028 -0.0028
vn 0.8809 0.4694 0.0603
vn 0.9671 -0.1689 -0.1901
vn 0.9682 -0.1643 -0.1887
vn 0.9671 -0.1691 -0.1901
vn 0.6056 0.7949 0.0369
vn -0.0270 -0.9487 -0.3150
vn -0.0275 -0.9545 -0.2969
vn -0.7096 -0.3669 -0.6015
vn -0.9917 -0.1202 0.0464
vn 0.5782 0.3274 -0.7473
vn -0.0192 0.0641 -0.9978
vn 0.4175 0.9085 0.0189
vn -0.9998 -0.0221 -0.0018
vn -0.9962 -0.0721 0.0492
vn -0.9294 -0.3123 0.1968
vn -0.8685 -0.4217 0.2604
vn 0.9135 -0.2811 0.2940
vn 0.8527 -0.4822 0.2010
vn 0.8935 -0.3686 0.2563
vn 0.9261 -0.1714 0.3361
vn -0.0680 0.1176 0.9907
vn 0.8782 -0.4781 -0.0097
vn 0.8783 -0.4780 -0.0094
vn 0.8784 -0.4779 -0.0092
vn 0.8555 -0.4640 0.2296
vn 0.9962 -0.0872 -0.0018
vn 0.9966 -0.0822 -0.0016
vn 0.9962 -0.0876 -0.0018
vn 0.2316 -0.9480 -0.2183
vn 0.2319 -0.9479 -0.2182
vn -0.9733 0.0107 -0.2293
vn -0.0000 0.0463 -0.9989
vn 0.9387 0.0072 -0.3447
vn 0.9370 0.0073 -0.3493
vn -0.0000 -0.9995 -0.0303
vn 0.3909 -0.9200 -0.0286
vn 0.7887 -0.6148 -0.0079
vn 0.7882 -0.6154 -0.0077
vn 0.7881 -0.6155 -0.0077
vn 0.3256 0.8995 -0.2913
vn 0.3250 0.8997 -0.2915
vn 0.3248 0.8997 -0.2916
vn 0.7915 0.2221 0.5695
vn 0.4178 0.3301 0.8464
vn 0.7913 0.2223 0.5696
vn -0.0000 -0.4108 -0.9117
vn -0.0000 -0.6908 -0.7231
vn -0.0000 -0.6906 -0.7232
vn -0.3844 -0.9204 0.0721
vn -0.0000 0.4172 0.9088
vn 0.0970 0.2939 0.9509
vn 0.1184 0.9604 -0.2522
vn 0.3035 0.8679 0.3934
vn 0.0381 0.0388 -0.9985
vn 0.0375 0.0389 -0.9985
vn 0.0377 0.0386 -0.9985
vn -0.9638 -0.0420 -0.2632
vn -0.7974 0.0283 -0.6028
vn -0.5834 -0.3336 -0.7405
vn -0.9639 0.0666 -0.2580
vn -0.5844 0.4008 -0.7056
vn 0.9825 0.0038 -0.1862
vn 0.3300 0.0193 -0.9438
vn -0.0000 -0.9717 -0.2364
vn -0.0000 -0.9989 -0.0461
vn -0.8664 0.4989 0.0189
vn -0.8663 0.4991 0.0190
vn -0.8662 0.4994 0.0193
vn 0.6208 -0.3046 0.7224
vn -0.2351 -0.9445 0.2293
vn -0.2344 -0.9445 0.2301
vn -0.9184 -0.3957 -0.0081
vn 0.7910 -0.5603 -0.2456
vn 0.7907 -0.5607 -0.2456
vn 0.3234 -0.8817 -0.3435
vn 0.2971 -0.8060 -0.5119
vn 0.3235 -0.8817 -0.3433
vn 0.3043 0.0198 -0.9524
vn 0.8860 0.0096 -0.4636
vn 0.8860 0.0096 -0.4637
vn -0.2166 -0.7192 0.6602
vn 0.9733 0.0108 -0.2294
vn -0.3242 0.8971 -0.3001
vn -0.2999 0.8331 -0.4648
vn -0.2999 0.8330 -0.4649
vn -0.0000 0.9516 -0.3075
vn -0.0000 0.8781 -0.4784
vn -0.9972 0.0457 0.0588
vn -0.9883 0.0865 -0.1260
vn -0.0000 -0.9953 0.0966
vn -0.0000 -0.9989 -0.0469
vn -0.8615 -0.5072 -0.0237
vn -1.0000 0.0006 -0.0000
vn -0.9513 0.1741 -0.2545
vn -0.1538 -0.8657 -0.4763
vn -0.0546 -0.2909 -0.9552
vn -0.1538 -0.8659 -0.4760
vn -0.7071 -0.7070 -0.0147
vn 0.8659 0.4997 0.0233
vn 0.9496 0.2457 0.1945
vn 0.9658 0.2590 0.0122
vn 0.9785 -0.0565 0.1986
vn 0.9960 -0.0256 0.0853
vn 0.9983 -0.0027 0.0578
vn 0.5597 -0.8285 -0.0207
vn 0.8341 -0.0089 0.5515
vn 0.9090 -0.0434 0.4145
vn 0.9343 -0.0419 0.3541
vn -0.9960 -0.0256 0.0852
vn -0.9784 -0.0561 0.1989
vn -0.9983 -0.0027 0.0578
vn -0.8332 -0.0067 0.5529
vn -0.9334 -0.0393 0.3566
vn -0.9085 -0.0418 0.4158
vn 0.4130 0.0189 -0.9105
vn -0.3466 0.0195 -0.9378
vn -0.3529 0.0194 -0.9355
vn -0.0000 -0.8458 -0.5335
vn -0.0000 -0.7230 -0.6909
vn -0.2552 -0.9460 0.2001
vn -0.9834 0.0759 0.1649
vn -0.9637 -0.0421 -0.2637
vn -0.7965 0.0284 -0.6039
vn -0.5823 -0.3339 -0.7412
vn -0.9637 0.0667 -0.2585
vn -0.5834 0.4012 -0.7062
vn -0.8854 0.3292 -0.3282
vn -0.8854 0.3290 -0.3283
vn -0.0000 0.9895 -0.1443
vn -0.0000 0.7557 -0.6549
vn 0.9831 -0.0086 0.1826
vn -0.0000 -0.9542 -0.2993
vn -0.5010 0.0175 -0.8653
vn -0.5038 0.0179 -0.8636
vn -0.0000 -0.9717 -0.2362
vn -0.0000 -0.9718 -0.2359
vn 0.9634 0.0669 -0.2595
vn 0.7949 0.0285 -0.6061
vn 0.5813 0.4019 -0.7075
vn 0.9634 -0.0422 -0.2648
vn 0.5803 -0.3345 -0.7425
vn 0.0032 0.9973 -0.0731
vn -0.0000 0.9896 -0.1442
vn 0.0006 0.0189 -0.9998
vn 0.0003 0.0197 -0.9998
vn 0.9997 0.0011 -0.0228
vn 0.9336 -0.0403 0.3559
vn 0.8338 -0.0082 0.5519
vn 0.9984 -0.0027 0.0572
vn -0.9341 -0.0427 0.3546
vn -0.9092 -0.0447 0.4140
vn -0.8348 -0.0104 0.5505
vn 0.1057 -0.9565 -0.2719
vn 0.0759 -0.9871 -0.1411
vn 0.0485 -0.9984 -0.0278
vn -0.9984 -0.0027 0.0573
vn -0.9960 -0.0259 0.0851
vn -0.9785 -0.0570 0.1984
vn 0.7185 -0.0145 0.6954
vn -0.0351 0.0626 -0.9974
vn -0.0353 0.0628 -0.9974
vn -0.0351 0.0625 -0.9974
vn -0.9714 0.0049 -0.2375
vn -0.5393 0.0175 -0.8419
vn -0.0000 -0.5176 0.8556
vn -0.2794 -0.9343 0.2212
vn -0.2794 -0.9343 0.2213
vn 0.8237 0.4811 -0.3002
vn 0.8234 0.4817 -0.3000
vn 0.8237 0.4809 -0.3002
vn -0.8231 -0.3618 0.4377
vn -0.8515 -0.4995 0.1596
vn -0.8233 -0.3616 0.4375
vn 0.7725 0.2940 0.5629
vn 0.8232 0.3191 0.4697
vn 0.8232 0.3191 0.4696
vn -0.6891 -0.3004 0.6595
vn -0.6897 -0.3005 0.6588
vn -0.8350 0.3134 -0.4522
vn -0.8892 0.3185 0.3283
vn -0.8891 0.3188 0.3284
vn 0.0195 0.0649 -0.9977
vn 0.0196 0.0657 -0.9976
vn -0.6040 -0.5913 -0.5344
vn 0.4548 -0.8073 0.3761
vn -0.6044 -0.5905 -0.5348
vn -0.4613 -0.7183 0.5207
vn -0.4618 -0.7177 0.5213
vn 0.0931 -0.9939 0.0597
vn 0.3869 -0.8668 0.3147
vn 0.3883 -0.8655 0.3165
vn -0.7282 0.4663 -0.5024
vn -0.6678 0.6526 0.3581
vn -0.4617 0.7804 0.4217
vn -0.9876 0.0033 -0.1572
vn 0.7911 -0.5987 -0.1252
vn 0.9615 -0.2586 -0.0929
vn 0.7852 -0.6102 -0.1051
vn -0.9703 -0.2418 -0.0055
vn -0.6436 -0.3275 -0.6917
vn -0.3484 0.8529 0.3888
vn -0.3480 0.8532 0.3886
vn 0.2874 0.8876 0.3600
vn 0.2236 0.9196 -0.3229
vn -0.0000 -0.4087 0.9127
vn 0.0045 -0.3930 0.9195
vn -0.0000 -0.4083 0.9128
vn 0.6773 0.7340 -0.0501
vn 0.1161 -0.9038 0.4120
vn -0.0044 -0.9998 -0.0208
vn -0.9825 -0.0038 0.1861
vn -0.9826 -0.0038 0.1857
vn -0.0000 -0.6253 -0.7804
vn -0.0000 -0.8604 -0.5096
vn -0.9882 0.1370 -0.0681
vn -0.9893 0.1128 -0.0922
vn 0.2318 0.9446 -0.2325
vn -0.3066 -0.9516 -0.0198
vn -0.4853 -0.3867 0.7842
vn -0.4947 -0.3935 0.7749
vn -0.8210 -0.4672 -0.3282
vn -0.7590 -0.4279 -0.4907
vn -0.7591 -0.4279 -0.4906
vn 0.6631 -0.5341 0.5244
vn 0.7067 -0.5631 0.4283
vn 0.7067 -0.5632 0.4282
vn -0.5907 -0.0168 0.8067
vn -0.7125 -0.6224 0.3240
vn -0.0000 -0.6906 -0.7233
vn -0.9438 0.0068 -0.3304
vn -0.9438 0.0068 -0.3303
vn -0.8115 -0.0034 0.5843
vn -0.8116 -0.0035 0.5842
vn -0.6553 0.0157 -0.7552
vn 0.9451 0.1365 0.2969
vn -0.0000 0.4178 0.9085
vn -0.0000 0.4175 0.9087
vn 0.9469 -0.0067 0.3213
vn -0.0687 -0.7079 0.7030
vn 0.0358 -0.0221 -0.9991
vn 0.0373 -0.0253 -0.9990
vn 0.0354 -0.0214 -0.9991
vn 0.3085 -0.9512 -0.0060
vn 0.0440 -0.8129 -0.5808
vn 0.4588 -0.8882 0.0230
vn 0.5954 -0.8034 -0.0036
vn 0.7485 0.6630 -0.0099
vn 0.6918 0.4213 -0.5865
vn 0.7545 0.1071 -0.6475
vn 0.7547 0.1107 -0.6467
vn -0.8935 0.4424 -0.0769
vn 0.9993 -0.0384 -0.0008
vn 0.9984 -0.0563 -0.0016
vn 0.9984 -0.0569 -0.0014
vn 0.5653 -0.8245 -0.0265
vn 0.5536 -0.8319 -0.0389
vn -1.0000 0.0002 -0.0086
vn 0.1696 -0.6770 0.7162
vn -0.8768 -0.4794 -0.0375
vn -0.9338 -0.3578 0.0002
vn -0.8762 -0.4819 -0.0085
vn 0.1303 -0.7341 0.6665
vn 0.3053 -0.9522 0.0096
vn -0.1779 -0.9840 0.0017
vn -0.0331 -0.8107 -0.5845
vn 0.4856 -0.8482 0.2115
vn 0.4986 -0.8603 0.1061
vn -0.7580 -0.0132 0.6521
vn 0.5356 -0.8442 0.0219
vn 0.4830 -0.8753 0.0257
vn -0.0000 0.8863 -0.4631
vn -0.0000 0.9545 -0.2982
vn -0.0000 0.8863 -0.4632
vn -0.7539 0.4464 -0.4821
vn -0.7537 0.4469 -0.4819
vn -0.5514 -0.8333 -0.0397
vn 0.4176 -0.6556 0.6291
vn -0.4899 -0.8716 0.0171
vn -0.1653 -0.6796 0.7147
vn 0.2513 -0.9446 0.2112
vn -0.1112 0.9845 0.1354
vn -0.0000 -0.4416 0.8972
vn -0.8376 -0.3640 0.4073
vn -0.6172 -0.2785 0.7358
vn -0.7725 0.2940 0.5628
vn -0.7726 0.2946 0.5624
vn 0.9715 0.0047 -0.2368
vn 0.4538 0.3229 0.8305
vn -0.8291 0.0834 0.5529
vn -0.8833 0.0950 0.4591
vn -0.8833 0.0951 0.4592
vn 0.1537 -0.8657 -0.4763
vn 0.0546 -0.2908 -0.9552
vn 0.1538 -0.8658 -0.4762
vn -0.6887 0.0698 0.7217
vn -0.3479 0.0903 0.9332
vn -0.3477 0.0903 0.9332
vn 0.8821 -0.4075 -0.2362
vn 0.8822 -0.4073 -0.2362
vn 0.8377 0.3476 0.4212
vn 0.6184 0.2482 0.7456
vn -0.0540 -0.9673 -0.2476
vn -0.7653 -0.2783 -0.5804
vn 0.5593 -0.0172 0.8288
vn -0.6080 -0.0165 0.7937
vn 0.9421 -0.0070 0.3352
vn 0.0571 -0.9949 -0.0831
vn -0.6083 -0.7935 -0.0158
vn 0.0543 0.0112 -0.9985
vn -0.0000 0.9990 0.0456
vn -1.0000 0.0010 -0.0000
vn -0.3285 0.9070 -0.2637
vn -0.0942 0.9937 -0.0604
vn -0.3286 0.9069 -0.2638
vn -0.8553 0.1609 -0.4926
vn -0.8630 0.1624 -0.4784
vn -0.8630 0.1626 -0.4783
vn -0.5088 0.6369 0.5792
vn -0.5087 0.6373 0.5788
vn -0.0000 0.0468 -0.9989
vn -0.0000 0.0472 -0.9989
vn -0.9973 0.0214 0.0706
vn -0.9885 0.0641 0.1367
vn 1.0000 0.0006 -0.0000
vn 1.0000 0.0010 -0.0000
vn 0.8191 0.4797 -0.3147
vn 0.7520 0.4445 -0.4866
vn 0.8191 0.4787 -0.3161
vn -0.2544 0.9401 0.2268
vn -0.2588 0.9649 0.0453
vn 0.5426 -0.7272 0.4206
vn 0.5425 -0.7272 0.4205
vn 0.8189 -0.4664 -0.3344
vn 0.7521 -0.4243 -0.5043
vn 0.8194 -0.4661 -0.3336
vn -0.3830 -0.9235 -0.0192
vn -0.3373 -0.8047 -0.4886
vn -0.8291 -0.1343 0.5428
vn -0.8833 -0.1371 0.4483
vn -0.8833 -0.1373 0.4482
vn 0.7587 0.4484 -0.4725
vn 0.7587 0.4485 -0.4724
vn -0.1163 0.8612 0.4948
vn -0.0085 0.9976 0.0689
vn -0.9155 0.3359 -0.2212
vn -0.0001 0.9997 0.0259
vn -0.1202 0.8973 0.4247
vn -0.2443 0.8965 0.3696
vn -0.1237 0.9216 0.3680
vn -0.3232 -0.8820 -0.3430
vn -0.2968 -0.8063 -0.5117
vn -0.8148 -0.4586 0.3546
vn -0.7740 -0.2531 0.5805
vn -0.7719 -0.2471 0.5858
vn 0.5089 0.6366 0.5794
vn 0.5425 0.6847 0.4868
vn 0.5424 0.6847 0.4868
vn 0.0002 -0.0202 0.9998
vn 0.0002 -0.0201 0.9998
vn -0.5091 -0.6884 0.5166
vn -0.5423 -0.7274 0.4205
vn -0.5425 -0.7272 0.4205
vn 0.8663 -0.0334 -0.4984
vn -0.3371 -0.8046 -0.4889
vn -0.8554 -0.1403 -0.4986
vn -0.8632 -0.1423 -0.4844
vn -0.8631 -0.1424 -0.4845
vn 0.6107 -0.7223 -0.3246
vn 0.6110 -0.7220 -0.3247
vn 0.6111 -0.7219 -0.3247
vn -0.0000 0.4418 -0.8971
vn -0.0000 -0.5566 -0.8308
vn 0.7067 0.5206 0.4791
vn 0.6630 0.4827 0.5722
vn 0.7068 0.5207 0.4789
vn -0.9831 -0.0086 0.1826
vn -0.6564 -0.5113 0.5548
vn -0.6565 0.4881 0.5752
vn -0.6563 0.4888 0.5748
vn -0.9496 -0.2629 0.1708
vn 0.4706 -0.8094 -0.3515
vn 0.4710 -0.8091 -0.3516
vn 0.4710 -0.8090 -0.3516
vn -0.6897 -0.5896 0.4205
vn -0.3486 -0.7631 0.5442
vn 0.6892 -0.3004 0.6594
vn 0.3484 -0.3886 0.8530
vn 0.6898 -0.3005 0.6587
vn 0.8833 0.0950 0.4591
vn 0.5441 0.0177 -0.8388
vn 0.5448 0.0166 -0.8384
vn 0.5440 0.0179 -0.8389
vn 0.8514 0.4827 0.2053
vn -0.5450 0.0163 -0.8383
vn 0.8899 0.3171 0.3279
vn -0.0000 -0.9351 0.3543
vn -0.0000 -0.9577 -0.2878
vn -0.3037 -0.8984 0.3171
vn -1.0000 -0.0001 -0.0000
vn -0.9974 -0.0720 -0.0015
vn 0.0009 -0.9998 -0.0199
vn 0.6564 -0.5115 0.5546
vn 0.9812 0.1186 0.1521
vn -0.9987 0.0221 0.0464
vn -0.9208 0.1677 0.3521
vn -0.9208 0.1676 0.3521
vn 0.8632 -0.1425 -0.4842
vn 0.8554 -0.1410 -0.4984
vn 0.8633 -0.1425 -0.4842
vn -0.5022 -0.8645 -0.0185
vn -0.5010 -0.8653 -0.0183
vn -0.5008 -0.8654 -0.0185
vn 0.9740 0.0105 -0.2264
vn -0.0193 -0.9985 -0.0518
vn -0.0178 -0.9987 -0.0480
vn 0.1235 -0.9915 -0.0407
vn -0.2350 -0.9443 0.2304
vn 0.7653 0.2781 0.5804
vn 0.6199 -0.3063 0.7224
vn 0.6886 -0.5904 0.4210
vn 0.3480 -0.7633 0.5444
vn 0.3477 -0.7634 0.5444
vn -0.9920 -0.0051 0.1262
vn -0.9715 -0.0113 0.2367
vn -0.7545 0.1071 -0.6475
vn -0.0000 0.9452 -0.3264
vn -0.0000 0.9993 0.0381
vn -0.0000 0.9453 -0.3262
vn 0.4239 0.8200 0.3844
vn 0.1456 0.2358 -0.9608
vn -0.9885 0.0643 0.1369
vn 0.0002 0.2773 0.9608
vn -0.9973 0.0213 0.0706
vn -0.9650 0.0606 0.2550
vn 0.0011 0.4003 0.9164
vn 0.5092 -0.6881 0.5169
vn 0.5092 -0.6881 0.5170
vn 0.6683 0.6522 0.3579
vn 0.4619 0.7803 0.4216
vn -0.0000 0.2778 0.9606
vn 0.9653 0.0606 0.2541
vn 0.0001 0.4003 0.9164
vn 0.9885 0.0641 0.1367
vn 0.3466 0.0195 -0.9378
vn 0.3529 0.0194 -0.9355
vn -0.9653 0.0606 0.2541
vn 0.7915 -0.2221 -0.5695
vn 0.7913 -0.2222 -0.5696
vn 0.9885 0.0642 0.1368
vn 0.9652 0.0607 0.2544
vn -0.7914 0.4411 -0.4231
vn 0.9883 0.0865 -0.1259
vn -0.3152 0.0185 -0.9488
vn -0.3043 0.0198 -0.9524
vn -0.0000 -0.4056 -0.9140
vn 0.0063 0.0685 -0.9976
vn 0.5388 -0.8422 -0.0173
vn 0.5403 -0.8413 -0.0171
vn 0.5387 -0.8423 -0.0173
vn 0.0918 -0.9941 0.0585
vn -0.2316 -0.9481 -0.2178
vn -0.2317 -0.9482 -0.2173
vn 0.5635 0.6813 -0.4672
vn 0.5587 0.6748 -0.4821
vn 0.5634 0.6816 -0.4669
vn -0.5300 0.3823 0.7569
vn 0.3996 0.8428 0.3607
vn -0.5128 0.7453 -0.4262
vn 0.8412 -0.4949 0.2177
vn 0.0878 -0.4023 0.9113
vn 0.0744 -0.3441 0.9360
vn 0.1613 -0.7181 0.6770
vn 0.9361 -0.3518 -0.0071
vn 0.9361 -0.3516 -0.0071
vn -0.0000 0.4042 0.9147
vn -0.0000 0.4041 0.9147
vn -0.0044 0.0144 -0.9999
vn 0.0016 0.0169 -0.9999
vn -0.1984 -0.5796 -0.7904
vn -0.0632 -0.1618 -0.9848
vn -0.1437 -0.4085 -0.9014
vn 0.2307 0.9634 -0.1368
vn 0.2772 0.9503 -0.1415
vn 0.2121 0.9703 -0.1165
vn 0.2305 0.9570 0.1762
vn 0.2121 0.9647 0.1563
vn -0.0000 0.0461 -0.9989
vn -0.7915 -0.4410 0.4231
vn -0.2968 0.8265 -0.4784
vn -0.3232 0.8954 -0.3061
vn -0.3235 0.8952 -0.3066
vn -0.0001 -0.9992 0.0392
vn 0.6112 0.7345 -0.2948
vn -0.8209 0.4803 -0.3089
vn -0.7589 0.4479 -0.4727
vn -0.7589 0.4477 -0.4728
vn -0.1428 -0.9893 -0.0299
vn -0.1429 -0.9893 -0.0299
vn -0.7069 0.5205 0.4789
vn -0.2336 -0.9445 0.2307
vn -0.7653 -0.2780 -0.5806
vn -0.5367 0.7093 -0.4569
vn -0.6082 0.7936 0.0158
vn -0.9335 -0.1582 -0.3218
vn 0.7075 -0.6465 0.2856
vn 0.7085 -0.6456 0.2850
vn 0.6532 0.0155 -0.7570
vn -0.3302 0.0194 -0.9437
vn -0.3299 0.0193 -0.9438
vn 0.2974 0.8262 -0.4785
vn 0.2970 0.8262 -0.4787
vn -0.4723 0.8023 0.3650
vn -0.2387 0.8725 0.4264
vn -0.5021 -0.8612 -0.0790
vn -0.5074 -0.8585 -0.0743
vn -0.5065 -0.8590 -0.0747
vn -0.6436 -0.0163 0.7652
vn -0.6436 -0.0164 0.7652
vn -0.7071 -0.0147 0.7069
vn 0.9127 0.2290 0.3384
vn 0.8913 0.2208 0.3960
vn 0.8746 0.1248 -0.4685
vn -0.0482 0.0144 -0.9987
vn 0.9198 -0.0183 0.3919
vn 0.1235 0.9216 0.3680
vn 0.1233 -0.9518 0.2808
vn -0.9199 -0.0183 0.3918
vn -0.2442 -0.9270 0.2846
vn -0.1235 -0.9518 0.2808
vn -0.6437 -0.3277 -0.6916
vn -0.6437 -0.3280 -0.6914
vn 0.8209 -0.4676 -0.3278
vn 0.7588 -0.4285 -0.4905
vn 0.8211 -0.4674 -0.3276
vn -0.3708 -0.8389 0.3985
vn -0.8192 -0.4662 -0.3340
vn -0.7522 -0.4240 -0.5044
vn -0.7526 -0.4238 -0.5040
vn -0.0000 0.6623 -0.7492
vn -0.0000 0.2030 -0.9792
vn -0.7911 -0.4237 -0.4412
vn -0.4177 -0.6293 -0.6554
vn -0.7912 -0.4236 -0.4411
vn 0.9986 0.0515 0.0080
vn -0.8998 -0.4037 0.1654
vn -0.9993 -0.0361 0.0007
vn -0.9774 -0.1556 0.1429
vn 0.7072 -0.7063 -0.0330
vn 0.9984 -0.0121 -0.0545
vn 0.9983 -0.0064 -0.0574
vn 0.9982 -0.0043 -0.0602
vn -0.9210 0.0081 -0.3895
vn -0.9220 0.0078 -0.3870
vn 0.9228 -0.0178 0.3848
vn 0.0476 -0.0067 -0.9988
vn 0.0477 -0.0068 -0.9988
vn 0.0478 -0.0068 -0.9988
vn -0.4740 -0.8261 0.3046
vn -0.4742 -0.8260 0.3047
vn -0.9261 -0.1714 0.3361
vn -0.8936 -0.3686 0.2563
vn 0.8554 0.4651 -0.2279
vn -0.9740 0.0105 -0.2265
vn -0.9733 0.0106 -0.2294
vn 0.9335 0.1715 -0.3148
vn 0.8631 0.1625 -0.4782
vn 0.8630 0.1626 -0.4783
vn 0.7582 0.0175 -0.6518
vn 0.3791 -0.8591 -0.3439
vn 0.6195 -0.3072 0.7224
vn 0.7653 0.2767 0.5811
vn 0.6197 -0.3068 0.7224
vn 0.3945 0.8837 0.2520
vn -0.7996 -0.6003 -0.0125
vn -0.8007 -0.5989 -0.0121
vn -0.7307 -0.6825 -0.0140
vn -0.7915 0.4411 -0.4231
vn -0.0000 -0.0669 -0.9978
vn 0.5550 0.3370 -0.7605
vn 0.7547 0.4444 -0.4826
vn -0.2441 0.0201 -0.9695
vn -0.2441 0.0202 -0.9695
vn 0.4230 0.0188 -0.9060
vn 0.7569 0.0137 -0.6534
vn 0.7568 0.0136 -0.6535
vn 0.7569 0.0136 -0.6534
vn 1.0000 0.0008 -0.0000
vn -0.3427 0.0188 -0.9393
vn -0.5234 -0.0171 0.8519
vn -0.0001 0.0205 -0.9998
vn -0.0002 0.0204 -0.9998
vn -0.7915 0.5693 -0.2224
vn -0.0008 0.0186 -0.9998
vn -0.0009 0.0186 -0.9998
vn -0.0007 0.0185 -0.9998
vn -0.0000 0.0460 -0.9989
vn -0.0002 -0.0202 0.9998
vn 0.3422 0.0187 -0.9394
vn -0.2480 0.1317 -0.9598
vn -0.7077 0.0147 -0.7064
vn -0.4242 0.2319 -0.8753
vn -0.0872 0.1343 -0.9871
vn -0.0000 -0.8318 0.5551
vn 0.4682 -0.0182 0.8834
vn 0.5194 -0.0172 0.8544
vn -0.2969 0.8265 -0.4783
vn -0.7180 -0.6927 -0.0687
vn -0.6487 0.0123 -0.7609
vn -0.6486 0.0124 -0.7610
vn 0.8290 -0.1343 0.5428
vn 0.8833 -0.1372 0.4483
vn 0.8289 -0.1340 0.5431
vn -0.7395 -0.4745 0.4775
vn -0.7214 -0.4639 0.5141
vn -0.1635 -0.9391 0.3024
vn -0.0476 -0.0068 -0.9988
vn -0.0478 -0.0068 -0.9988
vn -0.0000 -0.9451 -0.3266
vn 0.3146 -0.1430 -0.9384
vn 0.1997 -0.0585 -0.9781
vn 0.5773 0.0170 -0.8163
vn 0.0625 -0.0610 -0.9962
vn -0.0000 0.3760 0.9266
vn 0.6493 0.0158 -0.7604
vn 0.0002 0.0206 -0.9998
vn 0.0003 0.0208 -0.9998
vn 0.4613 -0.7183 0.5207
vn -0.0626 -0.0609 -0.9962
vn 0.0001 0.0205 -0.9998
vn -0.4172 -0.8323 -0.3650
vn 0.4174 -0.8322 -0.3649
vn 0.5234 -0.0170 0.8519
vn 0.7872 -0.0123 0.6165
vn 0.6631 -0.7484 -0.0156
vn 0.0001 -0.0204 0.9998
vn -0.0000 -0.9978 0.0666
vn -0.8660 0.4995 0.0233
vn -0.2039 -0.9571 -0.2058
vn -0.2042 -0.9571 -0.2057
vn -0.1994 -0.0584 -0.9782
vn -0.3147 -0.1429 -0.9384
vn -0.5773 0.0170 -0.8163
vn 0.5301 0.1145 0.8401
vn 0.8225 -0.0110 0.5687
vn 0.1820 0.2282 0.9565
vn -0.0001 0.2421 0.9702
vn -0.1820 0.2282 0.9564
vn -0.5303 0.1144 0.8401
vn -0.8225 -0.0110 0.5686
vn 0.6083 0.7300 -0.3115
vn 0.5587 0.6744 -0.4827
vn -0.0002 0.0083 1.0000
vn 0.1953 -0.1488 0.9694
vn 0.6778 0.0747 0.7314
vn -0.1953 -0.1489 0.9694
vn -0.5599 -0.0147 0.8285
vn -0.0235 -0.0356 0.9991
vn 0.0262 -0.0047 0.9996
vn -0.8667 0.4988 0.0015
vn 0.4242 0.2319 -0.8753
vn 0.7077 0.0147 -0.7064
vn 0.2480 0.1317 -0.9598
vn 0.0871 0.1342 -0.9871
vn -0.6780 0.0747 0.7312
vn 0.0003 -0.0201 0.9998
vn 0.3479 0.5447 0.7630
vn 0.6888 0.4212 0.5901
vn 0.6889 0.4212 0.5899
vn 0.9834 0.0759 0.1649
vn 0.7917 0.6108 0.0122
vn 0.8854 -0.3153 -0.3415
vn 0.8855 -0.3151 -0.3415
vn 0.8854 -0.3153 -0.3416
vn 0.7915 0.0124 -0.6111
vn 0.7911 0.0127 -0.6116
vn -0.9221 -0.0078 0.3869
vn -0.0002 -0.0207 0.9998
vn -0.9211 -0.0081 0.3893
vn 0.8977 -0.0162 0.4404
vn -0.7023 0.6874 0.1852
vn -0.4849 0.8230 0.2958
vn 0.7575 -0.6492 -0.0687
vn 0.7602 -0.6458 -0.0709
vn 0.7620 -0.6433 -0.0742
vn 0.9363 -0.1588 -0.3131
vn 0.9363 -0.1590 -0.3132
vn 0.9839 0.1789 0.0063
vn 0.9840 0.1780 0.0061
vn 0.6524 -0.0155 0.7577
vn 0.3473 0.0904 0.9334
vn 0.6877 0.0700 0.7227
vn 0.3471 0.0905 0.9334
vn -0.0204 -0.0355 -0.9992
vn -0.0205 -0.0355 -0.9992
vn 0.0014 0.6266 0.7794
vn 0.0015 0.6266 0.7793
vn 0.0027 0.6289 0.7775
vn -0.9622 -0.0988 -0.2538
vn -0.9882 0.0866 -0.1261
vn -0.2387 -0.9083 0.3436
vn -0.4615 -0.8163 0.3475
vn -0.5000 -0.8651 -0.0403
vn 0.1871 -0.9818 0.0339
vn 0.1806 -0.9828 0.0375
vn 0.1795 -0.9830 0.0397
vn -0.6093 0.7329 -0.3028
vn -0.5631 0.6813 -0.4677
vn -0.6093 0.7329 -0.3027
vn -0.5589 0.6749 -0.4819
vn -0.6082 0.7304 -0.3108
vn -0.5586 0.6749 -0.4821
vn -0.9384 -0.2617 0.2255
vn -0.0475 0.0482 -0.9977
vn -0.0473 0.0481 -0.9977
vn -0.0000 0.9989 0.0470
vn -0.0000 0.6753 0.7376
vn 0.1666 -0.9829 -0.0785
vn 0.1699 -0.9823 -0.0789
vn 0.1424 -0.9872 -0.0718
vn -0.9335 0.1716 -0.3149
vn 0.0187 0.0722 -0.9972
vn -0.9946 -0.0855 -0.0596
vn -0.9214 -0.3885 -0.0059
vn -0.6515 0.0156 -0.7585
vn -0.6249 -0.4212 0.6573
vn -0.6058 -0.4071 0.6836
vn 0.3296 -0.0193 0.9439
vn -0.9451 0.1365 0.2969
vn 0.6883 0.4143 0.5955
vn 0.4559 -0.8065 0.3764
vn 0.3254 -0.8869 -0.3280
vn 0.3250 -0.8870 -0.3281
vn 0.3255 -0.8868 -0.3280
vn -0.0270 0.9959 -0.0863
vn 0.6302 -0.7742 -0.0587
vn 0.5473 -0.8337 -0.0738
vn 0.0229 -0.9993 -0.0308
vn 0.0152 -0.9995 -0.0275
vn 0.0168 -0.9995 -0.0254
vn -0.0215 0.8889 -0.4576
vn -0.0220 0.8924 -0.4508
vn -0.0237 0.8875 -0.4601
vn -0.9984 -0.0092 -0.0565
vn -0.9982 -0.0040 -0.0604
vn -0.9983 -0.0066 -0.0578
vn 0.4903 -0.8707 0.0390
vn 0.4931 -0.8690 0.0421
vn 0.4914 -0.8700 0.0401
vn -0.5238 -0.0166 0.8517
vn -0.9355 -0.3472 -0.0648
vn -0.9317 -0.3585 -0.0584
vn -0.9353 -0.3475 -0.0668
vn -0.0000 -0.9443 -0.3291
vn 0.2388 0.7721 -0.5889
vn -0.8233 -0.4690 -0.3196
vn -0.8235 -0.4688 -0.3195
vn -0.8236 -0.4687 -0.3194
vn -0.8166 0.3936 0.4222
vn 1.0000 0.0005 -0.0038
vn -0.5064 -0.8614 0.0396
vn -0.5035 -0.8630 0.0421
vn -0.5052 -0.8621 0.0402
vn -0.2606 0.9654 0.0133
vn -0.2612 0.9652 0.0122
vn -0.9765 -0.2154 0.0043
vn -0.9190 -0.3943 -0.0025
vn -0.8236 0.4812 -0.3002
vn -0.8235 0.4815 -0.3000
vn -0.8235 0.4816 -0.3000
vn -0.3809 0.7934 0.4748
vn 0.4659 0.7202 -0.5141
vn -0.3826 0.7915 0.4766
vn -0.3904 -0.9202 -0.0286
vn -0.0000 -0.8664 -0.4993
vn 0.4174 -0.6295 -0.6553
vn 0.7913 -0.4236 -0.4410
vn 0.7907 -0.4238 -0.4418
vn 0.4915 0.8420 0.2223
vn -0.9698 0.0051 -0.2438
vn -0.9989 0.0010 -0.0463
vn -0.9698 0.0051 -0.2437
vn 0.2971 -0.8059 -0.5121
vn 0.8208 0.4807 -0.3085
vn -0.4176 0.0182 -0.9085
vn -0.3253 0.8996 -0.2915
vn -0.3254 0.8995 -0.2915
vn -0.3255 0.8995 -0.2916
vn 0.5773 -0.5893 0.5652
vn 0.9640 -0.0912 -0.2499
vn 0.7721 -0.6317 -0.0694
vn 0.7708 -0.6331 -0.0716
vn 0.7704 -0.6336 -0.0709
vn -0.6113 0.7345 -0.2946
vn -0.6116 0.7342 -0.2948
vn -0.6117 0.7341 -0.2948
vn -0.7559 0.6534 -0.0411
vn -0.7588 0.6498 -0.0437
vn -0.7600 0.6483 -0.0463
vn 0.7086 0.6455 -0.2849
vn 0.7085 0.6456 -0.2850
vn 0.9855 -0.1694 -0.0035
vn 0.7911 -0.6115 -0.0127
vn -0.9193 -0.3934 -0.0106
vn 0.5076 -0.8584 -0.0740
vn 0.5036 -0.8605 -0.0777
vn 0.5060 -0.8593 -0.0750
vn 0.0352 0.0627 -0.9974
vn -0.1203 -0.9328 0.3397
vn -0.8845 -0.0097 0.4664
vn -0.9982 0.0063 -0.0603
vn -0.9984 0.0113 -0.0562
vn -0.9983 0.0090 -0.0575
vn 0.6888 -0.6598 -0.3004
vn 0.3479 -0.8533 -0.3885
vn 0.3478 -0.8533 -0.3886
vn -0.7724 -0.3452 0.5331
vn 0.1649 -0.9206 -0.3539
vn 0.1644 -0.9208 -0.3538
vn 0.1643 -0.9208 -0.3538
vn 0.1469 -0.9891 -0.0024
vn 0.9945 0.0015 -0.1047
vn 0.9982 0.0007 -0.0598
vn -0.0000 0.9569 -0.2905
vn 0.6931 -0.0162 0.7206
vn 0.7189 -0.0144 0.6950
vn 0.6948 -0.0159 0.7190
vn -0.1659 -0.9831 -0.0777
vn -0.1694 -0.9822 -0.0809
vn -0.1663 -0.9830 -0.0784
vn 0.7256 0.6019 0.3336
vn 0.6812 0.5814 -0.4450
vn 0.7257 0.6018 0.3336
vn -0.3480 -0.3883 0.8533
vn 0.3472 -0.3884 0.8536
vn 0.3474 -0.3884 0.8535
vn 0.5293 -0.7068 -0.4693
vn 0.5294 -0.7066 -0.4695
vn 0.5294 -0.7065 -0.4696
vn -0.4904 -0.8684 -0.0739
vn -0.4937 -0.8662 -0.0769
vn -0.4925 -0.8671 -0.0752
vn -0.9683 -0.1640 -0.1886
vn -0.9672 -0.1686 -0.1900
vn -0.9671 -0.1689 -0.1901
vn -0.7583 -0.6482 -0.0697
vn -0.7604 -0.6455 -0.0723
vn -0.7593 -0.6469 -0.0705
vn -0.3110 -0.9503 0.0136
vn -0.1827 -0.9825 0.0369
vn -0.1796 -0.9829 0.0399
vn -0.1811 -0.9827 0.0379
vn 0.3480 0.0903 0.9332
vn 0.6887 0.0698 0.7216
vn 0.3477 0.0903 0.9332
vn -0.1860 0.0201 -0.9823
vn -0.1232 -0.9312 -0.3431
vn -0.0761 -0.9872 -0.1399
vn -0.0510 -0.9980 -0.0379
vn -0.1643 -0.9208 -0.3538
vn -0.1646 -0.9207 -0.3539
vn 0.7699 0.6365 -0.0449
vn 0.7691 0.6375 -0.0448
vn 0.7882 0.6143 -0.0375
vn -0.5191 0.8547 0.0039
vn -0.9320 0.3597 -0.0441
vn -0.9356 0.3496 -0.0504
vn -0.9354 0.3497 -0.0524
vn -0.1285 0.9655 0.2264
vn -0.1307 0.9903 0.0465
vn 0.9824 -0.0038 0.1867
vn 0.9824 -0.0038 0.1869
vn -0.5585 -0.6548 -0.5093
vn -0.6082 -0.7175 -0.3396
vn -0.6079 -0.7175 -0.3400
vn 0.6063 -0.7952 -0.0099
vn -0.0548 0.0302 -0.9980
vn -0.0584 0.0299 -0.9978
vn -0.0592 0.0299 -0.9978
vn 0.6097 -0.7193 -0.3328
vn 0.5638 -0.6611 -0.4950
vn 0.5638 -0.6610 -0.4952
vn -0.3422 0.0187 -0.9394
vn -0.1643 0.9344 -0.3161
vn -0.1632 0.9347 -0.3159
vn -0.1630 0.9347 -0.3159
vn -0.5001 -0.8650 -0.0404
vn -0.4729 0.8136 0.3381
vn 0.3482 -0.7629 0.5448
vn 0.6895 -0.5894 0.4209
vn 0.3285 0.9069 -0.2637
vn 0.0942 0.9937 -0.0604
vn 0.6530 0.0156 -0.7572
vn -0.6848 -0.0663 0.7257
vn -1.0000 0.0004 -0.0002
vn 0.0016 0.9148 -0.4040
vn -1.0000 -0.0004 0.0002
vn -0.7219 0.6123 -0.3223
vn -0.7220 0.6122 -0.3224
vn 0.0013 0.0208 -0.9998
vn -0.6887 0.0699 0.7216
vn -0.6891 0.0697 0.7213
vn 0.7214 -0.4639 0.5141
vn 0.7587 -0.4285 -0.4907
vn 0.7518 -0.4243 -0.5047
vn -0.6563 -0.5114 0.5547
vn -0.0000 -0.0392 -0.9992
vn -0.0000 -0.0391 -0.9992
vn -0.4710 0.8228 -0.3181
vn -0.4709 0.8229 -0.3181
vn 0.8854 0.3290 -0.3283
vn 0.8854 0.3292 -0.3282
vn 0.3234 0.8952 -0.3065
vn -0.0543 0.0112 -0.9985
vn -0.0543 0.0111 -0.9985
vn -0.9698 -0.0051 0.2437
vn 0.7717 -0.2467 0.5862
vn 0.7180 -0.6927 -0.0687
vn -0.7911 -0.2225 -0.5698
vn -0.4176 -0.3305 -0.8464
vn -0.4174 -0.3306 -0.8465
vn 0.7913 -0.4411 0.4233
vn -0.3487 -0.9329 0.0904
vn -0.5634 0.6812 -0.4675
vn -0.6527 -0.0157 0.7575
vn -0.3482 -0.7629 0.5448
vn -0.6895 -0.5894 0.4209
vn -0.6896 -0.5894 0.4209
vn 0.6432 -0.3295 -0.6912
vn 0.6433 -0.3295 -0.6911
vn -0.3791 -0.8591 -0.3439
vn -0.7582 0.0175 -0.6518
vn -0.3789 -0.8592 -0.3438
vn -0.0187 0.0722 -0.9972
vn -0.0188 0.0723 -0.9972
vn -0.9152 0.0084 -0.4028
vn -0.9699 -0.0051 0.2436
vn -0.9147 -0.0084 0.4041
vn 0.9992 -0.0008 0.0388
vn 0.9996 0.0006 -0.0283
vn -0.9992 -0.0008 0.0405
vn -0.5587 -0.6547 -0.5091
vn 0.6880 -0.3006 0.6605
vn 0.6879 -0.3007 0.6606
vn 0.6093 0.7329 -0.3028
vn -0.7579 0.0147 -0.6522
vn -0.7566 0.0136 -0.6537
vn -0.7586 0.0179 -0.6513
vn 0.4175 0.6296 0.6552
vn -0.4176 0.6297 0.6551
vn 0.4175 0.6297 0.6551
vn 0.7910 -0.5603 -0.2457
vn 0.7911 -0.5603 -0.2456
vn -0.7827 0.6216 0.0311
vn -0.8201 0.5715 0.0299
vn -0.7964 0.6043 0.0245
vn 0.3473 0.5445 0.7635
vn 0.6877 0.4215 0.5911
vn -0.9999 -0.0003 0.0133
vn 0.0001 0.6926 0.7213
vn 0.0002 0.6926 0.7214
vn -0.0002 0.6924 0.7215
vn 0.4174 0.8322 0.3650
vn -0.6527 -0.0155 0.7575
vn 0.2435 -0.1843 -0.9522
vn 0.2435 -0.1844 -0.9522
vn 0.2522 0.9474 -0.1973
vn -0.7916 0.2453 -0.5596
vn -0.7919 0.2450 -0.5594
vn 0.4173 -0.8465 0.3306
vn -0.4177 -0.8462 0.3307
vn -0.7914 -0.2221 -0.5695
vn -0.7913 -0.2223 -0.5696
vn 0.5497 0.6988 -0.4577
vn 0.3286 0.9069 -0.2638
vn 0.5365 0.7161 -0.4464
vn 0.5367 0.7161 -0.4463
vn -0.6300 -0.7744 -0.0584
vn -0.5468 -0.8340 -0.0738
vn -0.6393 -0.7682 -0.0343
vn 0.7913 0.4236 0.4408
vn -0.6373 0.1802 0.7492
vn -0.6374 0.1793 0.7494
vn 0.7915 0.5693 -0.2224
vn 0.7915 0.5694 -0.2223
vn 0.7915 -0.2454 0.5597
vn -0.7916 0.5692 -0.2223
vn -0.7915 0.5693 -0.2223
vn 0.1638 -0.9390 0.3023
vn 0.8291 0.0835 0.5529
vn 0.5469 -0.5330 -0.6456
vn 0.5457 -0.5337 -0.6461
vn 0.5477 -0.5325 -0.6453
vn 0.4709 0.8229 -0.3179
vn 0.4710 0.8228 -0.3180
vn -0.9642 0.2650 0.0052
vn 0.8943 -0.0093 0.4474
vn 0.0002 0.0205 -0.9998
vn -0.4099 -0.8336 -0.3702
vn 0.4098 -0.8336 -0.3703
vn 0.4097 -0.8337 -0.3702
vn 0.7911 -0.4237 -0.4412
vn 0.4176 -0.6293 -0.6554
vn 0.4175 -0.6294 -0.6554
vn -0.6896 0.6590 0.3002
vn 0.7069 0.7070 0.0217
vn 0.9999 0.0009 0.0105
vn 0.6522 -0.0186 0.7578
vn 0.7020 -0.0898 0.7065
vn -0.6527 0.0131 -0.7575
vn 0.1162 0.8612 0.4948
vn -0.0000 0.0209 -0.9998
vn -0.0000 -0.5266 0.8501
vn -0.4702 -0.0138 0.8824
vn -0.3485 0.7841 0.5135
vn -0.7200 -0.5290 0.4492
vn -0.3076 -0.8113 0.4972
vn 0.9980 -0.0400 -0.0480
vn 0.9981 -0.0396 -0.0479
vn -0.2126 -0.9688 0.1276
vn -0.8425 -0.5128 0.1648
vn 0.9354 -0.0856 -0.3432
vn 0.9354 -0.0851 -0.3431
vn -0.0011 0.7607 -0.6491
vn -0.0014 0.0196 -0.9998
vn -0.7494 0.0109 -0.6620
vn 0.7471 0.0110 -0.6646
vn -0.0010 -0.7353 -0.6778
vn 0.4702 -0.0138 0.8824
vn 0.3076 -0.8113 0.4972
vn 0.0015 0.0191 -0.9998
vn -0.7254 0.3014 -0.6188
vn -0.7250 0.3051 -0.6175
vn -0.7249 0.3057 -0.6173
vn -0.4916 -0.8699 0.0398
vn -0.4950 -0.8679 0.0406
vn -0.4618 -0.8865 0.0304
vn -0.9161 0.3809 0.1252
vn 0.7365 0.6762 0.0185
vn 0.7284 0.6848 0.0195
vn -0.9365 0.1707 -0.3064
vn -0.9365 0.1708 -0.3064
vn 0.7914 0.4411 -0.4231
vn 0.7910 -0.5699 0.2226
vn -0.0000 0.6968 0.7173
vn -0.6877 -0.6607 -0.3009
vn -0.3473 -0.8535 -0.3886
vn -0.6879 -0.6606 -0.3006
vn 0.8766 -0.4811 0.0142
vn 0.9345 -0.3538 -0.0385
vn 0.8771 -0.4800 -0.0150
vn 0.5493 -0.3186 0.7725
vn -0.5493 -0.3187 0.7725
vn -0.9535 0.3012 0.0119
vn -0.9996 0.0099 0.0272
vn -0.0111 -0.0413 0.9991
vn -0.0530 -0.0320 0.9981
vn -0.0009 -0.0242 0.9997
vn -0.0000 -0.8982 -0.4396
vn 0.7911 0.5601 0.2457
vn -0.6901 -0.7204 0.0698
vn -0.3485 -0.9329 0.0903
vn -0.6897 -0.7207 0.0696
vn 0.0016 -0.9148 0.4040
vn -0.2382 0.7727 -0.5884
vn 0.2345 0.9445 -0.2301
vn -0.2381 0.7727 -0.5884
vn 0.0590 0.0311 -0.9978
vn 0.0591 0.0311 -0.9978
vn -0.6891 -0.3001 0.6596
vn -0.3478 -0.3883 0.8534
vn -0.5755 0.6411 -0.5077
vn -0.6995 0.3200 -0.6390
vn -0.5740 0.6416 -0.5088
vn -0.0000 -0.9990 -0.0456
vn -0.3481 -0.7629 0.5448
vn -0.7912 -0.5696 0.2226
vn -0.7916 -0.5690 0.2227
vn -0.1152 -0.8645 -0.4892
vn -0.3477 0.0904 0.9332
vn -0.1264 0.9436 0.3061
vn -0.2510 0.9186 0.3052
vn 0.4996 0.0579 0.8643
vn -0.6902 -0.5922 0.4159
vn -0.6902 -0.5901 0.4187
vn -0.2345 0.9445 -0.2301
vn 0.4076 -0.9132 -0.0026
vn -0.7914 0.4236 0.4408
vn -0.4175 0.6296 0.6552
vn -0.7912 0.4237 0.4411
vn -0.8143 0.3474 -0.4649
vn -0.9237 0.3829 0.0080
vn -0.6892 -0.7213 0.0689
vn -0.6880 -0.7224 0.0697
vn 0.7094 -0.6447 0.2847
vn 0.7096 -0.6445 0.2846
vn 0.6438 -0.3283 -0.6912
vn 0.6436 -0.3279 -0.6915
vn 0.6429 -0.3279 -0.6923
vn 0.0462 0.0147 -0.9988
vn 0.3987 0.9170 -0.0141
vn 0.2303 -0.9725 -0.0353
vn -0.7067 -0.7062 -0.0439
vn -0.7248 0.6027 0.3339
vn -0.6788 0.5796 -0.4510
vn -0.7916 -0.2454 0.5596
vn -0.6493 0.0158 -0.7604
vn 0.7914 0.2221 0.5695
vn 0.4178 0.3301 0.8465
vn 0.7912 0.2223 0.5697
vn 0.2793 -0.9344 0.2210
vn 0.2787 -0.9348 0.2201
vn 0.7094 0.6447 -0.2847
vn 0.7096 0.6446 -0.2847
vn -0.2043 -0.9571 -0.2057
vn -0.2047 -0.9570 -0.2056
vn -0.2048 -0.9570 -0.2056
vn 0.0014 0.0190 -0.9998
vn -0.0289 -0.0185 -0.9994
vn 0.6913 0.7225 -0.0064
vn -0.3478 0.5447 0.7631
vn 0.0205 -0.0354 -0.9992
vn 0.9335 -0.1582 -0.3218
vn 0.9772 -0.2107 -0.0256
vn 0.9421 0.3353 -0.0019
vn -0.0074 0.9999 0.0101
vn -0.3786 0.8726 -0.3085
vn -0.0000 0.9998 0.0203
vn -0.7911 0.5601 0.2457
vn -0.9312 0.1704 -0.3221
vn -0.8552 0.1606 -0.4928
vn -0.0000 -0.0668 -0.9978
vn 0.3065 -0.9517 -0.0198
vn -0.6631 -0.7484 -0.0156
vn -0.0000 -0.9410 -0.3385
vn 0.0919 -0.3124 -0.9455
vn -0.0014 0.0204 -0.9998
vn -0.2342 -0.9445 0.2302
vn 0.8700 0.4721 0.1422
vn -0.1658 -0.9854 0.0376
vn -0.1689 -0.9849 0.0385
vn -0.1295 -0.9912 0.0281
vn -0.0000 -0.9690 -0.2470
vn -0.0170 0.8865 -0.4623
vn -0.0322 0.8712 -0.4900
vn -0.0144 0.8894 -0.4568
vn 0.4957 -0.3933 0.7743
vn -0.1948 -0.0204 0.9806
vn 0.1475 -0.2386 0.9598
vn 0.1472 -0.2382 0.9600
vn 0.1479 -0.2380 0.9599
vn 0.9898 -0.1280 0.0620
vn 0.9899 -0.1279 0.0619
vn -0.7913 -0.4411 0.4233
vn -0.7910 -0.4412 0.4238
vn -0.7654 0.2792 0.5798
vn -0.7654 0.2786 0.5802
vn -0.6525 -0.0147 0.7576
vn -0.6527 -0.0146 0.7575
vn -0.6525 -0.0146 0.7576
vn 0.1234 -0.9308 -0.3442
vn 0.0762 -0.9872 -0.1399
vn 0.1208 -0.9363 -0.3298
vn 0.6630 -0.7481 -0.0285
vn 0.7028 -0.7112 -0.0166
vn 0.4998 0.0578 0.8642
vn 1.0000 0.0002 0.0005
vn -0.0001 0.0188 -0.9998
vn 0.0005 0.0188 -0.9998
vn 0.0022 0.0186 -0.9998
vn 0.9207 0.3901 0.0116
vn -0.7914 0.2221 0.5695
vn -0.4178 0.3301 0.8465
vn -0.4177 0.3300 0.8465
vn -0.9182 -0.3960 -0.0081
vn 0.3359 -0.8653 0.3720
vn 0.5679 -0.5064 0.6489
vn -0.9259 0.1623 0.3410
vn 0.5680 -0.5061 0.6490
vn -0.9929 -0.1191 -0.0075
vn 0.0531 0.3193 -0.9462
vn 0.0530 0.3196 -0.9461
vn -0.0531 0.3193 -0.9462
vn -0.1544 0.8817 -0.4458
vn -0.8693 -0.4942 -0.0103
vn -0.2673 -0.9636 -0.0035
vn -0.1980 0.9152 0.3510
vn 0.9219 -0.0078 0.3873
vn -0.0002 -0.0201 0.9998
vn 0.3299 -0.0193 0.9438
vn -0.6524 -0.0155 0.7577
vn 0.9714 -0.0110 0.2370
vn -0.7585 0.0134 -0.6515
vn -0.6627 -0.7486 -0.0207
vn -0.7031 -0.7109 -0.0165
vn 0.0346 -0.0403 -0.9986
vn 0.0355 -0.0409 -0.9985
vn 0.0355 -0.0398 -0.9986
vn -0.0000 0.8702 0.4926
vn -0.5353 0.5944 0.6002
vn -0.2167 0.6863 0.6942
vn -0.2345 0.6829 0.6919
vn -0.0000 -0.5326 0.8463
vn -0.0000 -0.5327 0.8463
vn 0.9364 0.1715 -0.3063
vn 0.9363 0.1718 -0.3064
vn 0.9362 0.1719 -0.3064
vn -0.0013 0.9998 0.0211
vn 0.1519 0.2828 -0.9471
vn 0.4432 0.7774 -0.4465
vn -0.4175 -0.6294 -0.6554
vn -0.0051 0.9999 0.0103
vn 0.4177 0.3300 0.8465
vn 0.6710 0.6826 -0.2895
vn 0.0322 0.8719 -0.4886
vn -0.4519 0.8915 -0.0330
vn -0.7938 0.6080 0.0121
vn -0.7936 0.6083 0.0126
vn -0.7728 -0.6325 0.0518
vn 0.9167 -0.3995 -0.0030
vn 0.7979 -0.6027 -0.0105
vn -0.0358 -0.0223 -0.9991
vn -0.0373 -0.0252 -0.9990
vn -0.0376 -0.0259 -0.9990
vn -0.9265 -0.3763 -0.0075
vn -0.9400 -0.3410 -0.0066
vn -0.9286 -0.3709 -0.0071
vn 0.8286 -0.5597 -0.0117
vn -0.0537 -0.9674 -0.2476
vn -0.0000 0.0174 -0.9998
vn -0.0000 0.0141 -0.9999
vn -0.7912 0.5601 0.2457
vn -0.0000 0.6956 0.7184
vn 0.3410 -0.8434 0.4151
vn 0.3405 -0.8437 0.4150
vn -0.7653 -0.2787 -0.5802
vn -0.0018 0.9998 0.0208
vn 0.4385 0.3114 0.8430
vn 0.7362 -0.3151 0.5990
vn -0.8675 0.0723 0.4922
vn -0.8419 0.2007 0.5009
vn -0.8676 0.0742 0.4916
vn 0.5408 0.7935 0.2793
vn 0.5408 0.7934 0.2793
vn -0.0006 0.0189 -0.9998
vn -0.0003 0.0197 -0.9998
vn 0.3200 -0.7976 0.5113
vn 0.3205 -0.7970 0.5120
vn 0.3066 -0.9516 -0.0198
vn 0.8541 -0.5200 -0.0093
vn 0.8541 -0.5200 -0.0091
vn 0.8659 -0.5001 -0.0103
vn 0.9912 -0.1211 -0.0538
vn -0.0000 0.9431 0.3325
vn -0.0000 0.0643 0.9979
vn -0.9763 -0.0629 -0.2071
vn -0.5020 -0.0175 0.8647
vn -0.5017 -0.0175 0.8649
vn -0.4618 -0.7866 0.4098
vn -0.5143 -0.8573 -0.0242
vn -0.5139 -0.8578 -0.0122
vn -0.0246 -0.0351 0.9991
vn -0.0000 -0.9990 -0.0457
vn -0.5485 0.6991 -0.4587
vn -0.0005 -0.9998 -0.0207
vn -0.8930 0.4498 0.0139
vn -0.2901 0.8569 0.4262
vn -0.1753 -0.9811 -0.0822
vn -0.1801 -0.9805 -0.0783
vn -0.1813 -0.9804 -0.0775
vn 0.3076 -0.9512 -0.0241
vn -0.3471 -0.8535 -0.3887
vn 0.0001 0.6175 0.7866
vn -0.7873 0.6158 0.0297
vn 0.5726 0.6404 -0.5119
vn 0.0864 0.8827 0.4620
vn -0.2223 0.9195 -0.3242
vn -0.0006 -0.0203 0.9998
vn 0.9759 -0.2183 -0.0045
vn -0.6525 -0.0155 0.7576
vn -0.6937 -0.7201 -0.0150
vn -0.0000 -0.9989 -0.0459
vn 0.5750 0.6410 -0.5084
vn 0.5748 0.6412 -0.5084
vn 0.5741 0.6417 -0.5086
vn 0.5741 0.6414 -0.5089
vn 0.1343 -0.9908 -0.0191
vn 0.3799 -0.1696 0.9093
vn 0.9686 -0.2484 -0.0047
vn -0.6086 -0.7741 -0.1743
vn -0.6090 -0.7737 -0.1748
vn -0.6075 -0.7746 -0.1758
vn -0.6083 -0.7739 -0.1760
vn -0.6088 -0.7737 -0.1754
vn 0.0002 0.5640 -0.8258
vn 0.6851 0.0547 0.7264
vn 0.6985 0.0029 0.7156
vn 0.2252 -0.9740 -0.0245
vn -0.5712 -0.8204 -0.0259
vn -0.6072 -0.7945 0.0074
vn -0.6714 -0.7408 -0.0198
vn 0.9634 -0.2677 -0.0111
vn -0.8029 0.3223 0.5014
vn -0.7816 0.3069 0.5431
vn -0.1139 0.3412 -0.9331
vn 0.6089 -0.7737 -0.1748
vn 0.6085 -0.7741 -0.1743
vn 0.6079 -0.7743 -0.1762
vn 0.6073 -0.7743 -0.1777
vn 0.6083 -0.7738 -0.1768
vn -0.0008 -0.0200 0.9998
vn -0.0314 -0.9967 0.0749
vn -0.1310 -0.9843 -0.1185
vn -0.9943 -0.0946 -0.0483
vn -0.9930 -0.1072 -0.0489
vn -0.9998 0.0070 -0.0201
vn -0.9981 -0.0397 -0.0479
vn -0.9972 -0.0516 -0.0541
vn -0.9972 -0.0503 -0.0558
vn -0.9972 -0.0494 -0.0570
vn -0.9974 -0.0551 -0.0463
vn 0.5182 -0.8551 -0.0172
vn 0.1711 -0.9837 0.0549
vn 0.1742 -0.9831 0.0561
vn -0.0028 -0.9982 0.0599
vn 0.1252 -0.9920 0.0168
vn 0.0731 -0.9972 0.0128
vn 0.0051 -0.9999 -0.0155
vn -0.0206 -0.9995 -0.0253
vn -0.0260 -0.9993 -0.0284
vn -0.0241 -0.9994 -0.0265
vn 0.0250 -0.9995 0.0198
vn 0.0059 -1.0000 -0.0042
vn -0.0165 -0.9994 -0.0320
vn 0.4174 -0.8322 -0.3650
vn -0.7645 0.6428 -0.0484
vn -0.7655 0.6416 -0.0498
vn -0.7707 0.6357 -0.0436
vn 0.9270 -0.0078 0.3750
vn 0.4528 -0.8907 -0.0404
vn 0.6351 -0.7715 -0.0361
vn 0.4802 -0.8758 -0.0482
vn -0.5582 -0.8292 -0.0297
vn -0.6476 -0.7615 -0.0265
vn 0.9943 0.1063 0.0022
vn 0.5858 -0.8103 -0.0147
vn 0.4882 -0.8726 -0.0145
vn 0.9248 -0.3803 -0.0122
vn 0.6442 0.6550 0.3949
vn -0.1707 -0.9835 0.0602
vn -0.5171 0.8082 0.2820
vn -0.9759 -0.2183 -0.0045
vn 0.5390 -0.8421 -0.0173
vn 0.7874 -0.6163 0.0095
vn 0.6996 0.5463 -0.4605
vn -0.1249 -0.9920 -0.0161
vn -0.9694 -0.2449 0.0177
vn -0.9362 -0.3514 -0.0071
vn 0.2640 0.0200 -0.9643
vn 0.9839 -0.1788 -0.0035
vn 0.6533 -0.0149 0.7570
vn -0.9756 0.2131 0.0525
vn -0.9940 0.0984 0.0470
vn -0.9210 -0.3892 -0.0146
vn 0.2048 0.6298 0.7493
vn -0.3376 0.8240 -0.4550
vn 0.0386 0.0503 -0.9980
vn 0.0001 0.9998 0.0208
vn 0.6840 -0.4192 -0.5970
vn 0.9956 -0.0097 0.0937
vn 0.8320 -0.5542 -0.0259
vn -0.0001 0.9989 0.0469
vn 0.0001 -0.9989 -0.0466
vn -0.0000 -0.9989 -0.0460
vn -0.0000 -0.9948 0.1016
vn 0.3014 -0.9461 0.1187
vn 0.9914 -0.1306 -0.0025
vn -0.6553 -0.0153 0.7552
vn -0.8666 0.4990 0.0104
vn -0.7367 0.6762 -0.0079
vn 0.1306 -0.9904 -0.0461
vn 0.9658 -0.2589 -0.0121
vn 0.0189 0.9981 -0.0589
vn 0.0192 0.9981 -0.0585
vn 0.0744 0.9971 0.0169
vn 0.8007 0.5990 0.0024
vn 0.0592 0.9980 0.0217
vn 0.0188 0.9998 -0.0092
vn 0.0268 0.9984 -0.0497
vn 0.0233 0.9989 -0.0415
vn 0.0260 0.9988 -0.0410
vn -0.9398 0.3418 0.0070
vn 0.3938 -0.4869 -0.7796
vn 0.9776 -0.1290 0.1660
vn 0.8729 -0.1216 0.4725
vn 0.2589 -0.9649 -0.0450
vn 0.9237 -0.3829 -0.0080
vn 0.2885 -0.9573 -0.0195
vn 0.0009 0.0197 -0.9998
vn -0.7891 -0.6142 0.0093
vn -0.9262 -0.0078 0.3770
vn -0.0000 0.4031 0.9151
vn 0.1545 0.8819 -0.4454
vn 0.3703 -0.9289 0.0040
vn -0.9767 0.0100 -0.2145
vn -0.9423 0.0070 -0.3348
vn 0.0072 -0.4281 0.9037
vn -0.0149 0.2619 -0.9650
vn 0.7793 0.0970 -0.6191
vn -0.0075 -0.9995 -0.0305
vn -0.7584 0.0135 -0.6516
vn -0.7584 0.0127 -0.6517
vn -0.7592 0.0076 -0.6508
vn 0.0004 -0.0204 0.9998
vn 0.5007 -0.8655 -0.0179
vn 0.5000 -0.8659 -0.0178
vn 0.6080 -0.0165 0.7938
vn 0.9438 0.0068 -0.3303
vn 0.4062 -0.9029 -0.1408
vn -0.9870 0.0719 -0.1438
vn 0.0315 -0.9967 0.0749
vn 0.3235 -0.8842 -0.3370
vn -0.0000 -0.9989 -0.0458
vn 0.2330 -0.9445 0.2315
vn -0.4347 -0.5419 -0.7193
vn -0.9715 0.0019 -0.2372
vn -0.7353 -0.4641 0.4939
vn -0.5387 -0.8423 -0.0173
vn -0.7049 -0.7073 0.0530
vn -0.7060 -0.7048 -0.0695
vn -0.2973 -0.9545 -0.0237
vn 0.9967 -0.0805 -0.0122
vn -0.4558 0.3023 -0.8372
vn -0.4742 0.2902 -0.8312
vn -0.4526 0.2787 -0.8471
vn -0.8566 0.0422 -0.5143
vn -0.7561 0.6534 -0.0364
vn -0.7047 0.6995 0.1187
vn -0.1209 0.9916 0.0467
vn 0.5395 -0.8419 -0.0154
vn -0.3826 -0.9230 -0.0415
vn -0.6089 0.7932 -0.0062
vn -0.6416 0.7660 0.0405
vn 0.2628 0.0400 -0.9640
vn -0.0000 -0.0000 -0.0000
vn -0.7302 0.0142 -0.6831
vn -0.0224 0.2557 -0.9665
vn 0.0078 0.2625 -0.9649
vn 0.6948 0.0159 -0.7190
vn 0.7071 0.7070 0.0147
vn 0.1306 0.9904 0.0465
vn 0.7069 -0.7072 -0.0144
vn -0.7880 -0.6155 -0.0128
vn 0.7412 -0.4515 -0.4967
vn 0.3233 0.8971 -0.3011
vn -0.8668 0.4982 0.0228
vn -0.0000 0.9937 0.1121
vn 0.0021 -0.9978 0.0668
vn -0.0000 -0.9978 0.0656
vn -0.0000 -0.9977 0.0680
vn -0.2405 -0.1470 0.9595
vn 0.9310 0.1713 -0.3223
vn 0.4641 -0.8850 -0.0365
vn 0.1584 -0.9864 -0.0429
vn -0.8299 -0.5014 0.2448
vn 0.5264 -0.6029 -0.5995
vn 0.1734 0.9846 0.0202
vn 0.9997 -0.0005 0.0252
vn -0.9973 -0.0461 -0.0577
vn -0.9309 -0.3613 -0.0537
vn -0.9972 -0.0469 -0.0577
vn -0.9967 -0.0495 -0.0645
vn -0.9954 -0.0154 -0.0949
vn -0.9973 -0.0480 -0.0555
vn 0.7724 -0.3455 0.5329
vn -0.6204 -0.3056 0.7223
vn -0.6796 0.4319 0.5930
vn -0.7918 0.2450 -0.5594
vn 0.9335 0.3557 0.0447
vn 0.1164 0.9882 0.0994
vn -0.0258 -0.9982 0.0540
vn -0.9211 0.0081 -0.3893
vn 0.4709 0.7489 0.4662
vn 0.0353 0.8892 0.4562
vn 0.0230 0.8915 0.4525
vn -0.0000 0.8863 0.4630
vn -0.0022 0.8910 0.4539
vn -0.0046 -0.9809 -0.1942
vn 0.9995 0.0006 -0.0314
vn 0.9995 0.0007 -0.0314
vn 0.9917 0.1114 -0.0638
vn 0.9968 0.0158 -0.0789
vn 0.9967 0.0017 -0.0810
vn 0.9981 0.0012 -0.0624
vn -0.9956 -0.0096 0.0932
vn -0.8320 -0.5542 -0.0259
vn 0.0135 -0.0125 -0.9998
vn 0.0127 -0.0111 -0.9999
vn -0.4542 -0.8907 -0.0183
vn 0.5368 -0.6890 -0.4869
vn 0.0019 -0.9978 0.0668
vn -0.0000 -0.9978 0.0657
vn -0.0000 -0.9977 0.0679
vn -0.7084 0.7057 0.0143
vn -0.0019 -0.4120 0.9112
vn -0.0010 -0.4115 0.9114
vn -0.0010 -0.4116 0.9113
vn -0.0020 -0.4120 0.9112
vn -0.0039 -0.4105 0.9119
vn -0.0007 -0.4096 0.9123
vn 0.0014 -0.4092 0.9124
vn -0.0044 -0.4106 0.9118
vn -0.0012 -0.4100 0.9121
vn 0.3206 0.7452 0.5848
vn -0.2339 -0.9449 0.2292
vn 0.8668 0.0772 0.4926
vn 0.8691 0.0739 0.4892
vn 0.7071 -0.0147 0.7070
vn 0.9996 0.0281 -0.0008
vn 0.4085 0.7316 -0.5458
vn 0.7455 0.0152 -0.6663
vn 0.7436 0.0132 -0.6685
vn 0.7447 0.0136 -0.6673
vn -0.4140 -0.7052 -0.5755
vn -0.9962 -0.0872 -0.0018
vn -0.9962 -0.0872 -0.0020
vn -0.9959 -0.0902 -0.0043
vn -0.9960 -0.0888 -0.0017
vn -0.9962 -0.0874 -0.0015
vn -0.5638 -0.6609 -0.4953
vn 0.9997 -0.0255 0.0014
vn 0.5001 0.8658 0.0180
vn 0.6784 -0.7347 -0.0015
vn -0.7500 -0.1620 0.6413
vn -0.0046 -0.9809 -0.1943
vn 0.5623 -0.3100 -0.7667
vn 1.0000 0.0002 -0.0086
vn 0.7659 0.6428 0.0132
vn -0.0043 -0.0237 0.9997
vn 0.0680 -0.0708 0.9952
vn -0.1298 0.9671 0.2187
vn 0.4140 -0.7052 -0.5755
vn 0.6901 -0.7203 0.0696
vn -0.6430 -0.7648 -0.0404
vn 0.6482 0.0123 -0.7614
vn -0.7272 -0.1311 0.6738
vn 0.7918 0.2450 -0.5595
vn -0.0023 -0.0184 0.9998
vn 0.2979 0.1280 -0.9460
vn -0.0134 -0.0125 -0.9998
vn -0.0136 -0.0123 -0.9998
vn -0.7403 -0.4540 -0.4958
vn 0.6532 -0.0156 0.7570
vn 0.6528 -0.0157 0.7574
vn 0.5262 -0.7364 0.4253
vn -0.8784 -0.4779 -0.0092
vn 0.6818 -0.5619 -0.4685
vn 0.9840 -0.1783 -0.0057
vn 0.6851 -0.0666 0.7254
vn 0.9933 0.0054 -0.1157
vn 0.9423 0.0065 -0.3347
vn -0.8191 0.4798 -0.3146
vn 0.1307 -0.9912 -0.0206
vn -0.8324 -0.2931 -0.4704
vn -0.8858 -0.4635 -0.0238
vn 0.0019 -0.9998 -0.0181
vn -0.9842 -0.1770 -0.0069
vn -0.9841 -0.1774 -0.0053
vn 0.1187 -0.9918 -0.0464
vn 0.9962 -0.0871 -0.0016
vn 0.9959 -0.0904 0.0010
vn 0.9964 -0.0849 0.0008
vn -0.1586 -0.2543 -0.9540
vn 0.1360 -0.1164 0.9838
vn -0.2320 0.7173 0.6570
vn -0.6551 -0.0117 0.7554
vn -0.0175 -0.9994 -0.0300
vn -0.0198 -0.9996 -0.0208
vn -0.0136 -0.9997 -0.0226
vn -0.6507 -0.0181 0.7592
vn -0.6513 -0.0181 0.7586
vn -0.8265 -0.5433 -0.1476
vn -0.0288 0.9993 -0.0253
vn -0.0268 0.9984 -0.0497
vn -0.0154 0.9988 -0.0471
vn -0.0260 0.9988 -0.0410
vn -0.0233 0.9989 -0.0415
vn -0.0143 0.9986 -0.0504
vn -0.0311 0.9992 -0.0257
vn -0.3196 0.9470 -0.0314
vn -0.0222 0.9982 -0.0565
vn -0.0242 0.9982 -0.0555
vn -0.4562 0.0391 -0.8890
vn 0.7383 -0.6743 -0.0137
vn -0.3407 0.8014 0.4916
vn -0.0000 0.7558 -0.6548
vn -0.3868 -0.8668 0.3147
vn 0.3484 0.8529 0.3888
vn -0.6505 -0.0094 0.7595
vn -0.5680 -0.5060 0.6491
vn -0.5182 -0.8551 -0.0192
vn -0.8398 0.5339 -0.0981
vn -0.3968 -0.7308 0.5554
vn -0.2628 0.0400 -0.9640
vn -0.9780 0.0367 -0.2053
vn 0.0368 0.9993 -0.0087
vn -0.4583 0.7571 0.4655
vn -0.3858 0.7998 0.4598
vn 0.9380 0.3423 -0.0541
vn 0.9408 0.3351 -0.0504
vn 0.9382 0.3415 -0.0565
vn 0.1750 -0.9813 -0.0795
vn 0.1731 -0.9816 -0.0800
vn 0.1845 -0.9797 -0.0783
vn 0.9976 -0.0586 0.0360
vn 0.0088 0.9975 0.0700
vn 0.0086 0.9975 0.0700
vn -0.0001 0.9997 0.0256
vn 0.9355 0.3395 0.0977
vn 0.9191 0.3891 0.0618
vn -0.0366 0.0387 -0.9986
vn -0.0376 0.0382 -0.9986
vn -0.0379 0.0356 -0.9986
vn -0.0348 0.0394 -0.9986
vn -0.0386 0.0374 -0.9986
vn -0.9931 -0.1175 -0.0019
vn -0.4587 -0.8867 0.0576
vn -0.6526 0.0176 -0.7575
vn -0.6526 0.0157 -0.7575
vn 0.4965 -0.8668 0.0453
vn 0.5064 -0.8614 0.0395
vn 0.5004 -0.8646 0.0448
vn 0.9999 0.0005 -0.0107
vn -0.6536 -0.0183 0.7566
vn -0.6536 -0.0157 0.7567
vn -0.7071 0.7068 0.0221
vn -0.9408 -0.3328 -0.0641
vn -0.9382 -0.3392 -0.0688
vn -0.9368 -0.3428 -0.0704
vn 0.6135 0.7890 0.0331
vn 0.5859 0.7169 0.3778
vn 0.6435 -0.3302 -0.6906
vn 0.6452 -0.3284 -0.6898
vn -0.0000 -0.2919 0.9564
vn 0.5586 -0.6546 -0.5094
vn -0.0116 -0.3827 0.9238
vn -0.4169 0.7275 -0.5450
vn 0.7581 0.6505 -0.0448
vn 0.7621 0.6459 -0.0449
vn 0.7631 0.6443 -0.0505
vn -0.1302 0.9871 -0.0930
vn 0.4742 0.2902 -0.8312
vn 0.4558 0.3023 -0.8372
vn 0.4527 0.2787 -0.8470
vn 0.7586 0.0129 -0.6514
vn 0.7584 0.0135 -0.6517
vn 0.7564 0.0136 -0.6539
vn -0.9963 -0.0040 0.0856
vn 0.9921 0.0329 0.1213
vn 0.6487 -0.0152 0.7609
vn 0.6520 -0.0151 0.7580
vn 0.6519 -0.0159 0.7581
vn 0.6515 -0.0182 0.7584
vn 0.6546 -0.0141 0.7558
vn -0.6503 -0.0157 0.7595
vn -0.5280 -0.7069 -0.4707
vn -0.9388 0.3405 -0.0522
vn -0.9384 0.3415 -0.0525
vn -0.9416 0.3326 -0.0518
vn -0.5242 -0.7392 0.4229
vn -0.9469 -0.0067 0.3214
vn 0.0360 -0.9974 -0.0617
vn 0.0260 -0.9973 -0.0685
vn 0.0255 -0.9973 -0.0686
vn 0.0251 -0.9976 -0.0651
vn 0.0269 -0.9979 -0.0596
vn 0.0316 -0.9985 -0.0438
vn 0.0339 -0.9980 -0.0531
vn 0.0030 -0.9998 -0.0201
vn 0.0189 -0.9964 -0.0826
vn -0.0069 -0.9989 -0.0462
vn 0.0036 -0.9999 -0.0162
vn -0.0523 -0.9976 0.0447
vn 0.0136 -0.9995 -0.0281
vn 0.0354 -0.9986 -0.0386
vn 0.2792 0.0579 -0.9585
vn -0.9997 -0.0005 0.0252
vn -0.0239 -0.8336 -0.5519
vn 0.9695 -0.2443 0.0178
vn 0.9935 -0.1114 0.0218
vn 0.9927 -0.1207 -0.0021
vn 0.5002 -0.8649 -0.0403
vn -0.5000 -0.8659 -0.0178
vn -0.5007 -0.8655 -0.0180
vn 0.9385 0.3409 -0.0555
vn 0.9373 0.3439 -0.0557
vn 0.9350 0.3511 -0.0495
vn -0.2325 0.9446 -0.2319
vn 0.0002 0.0210 -0.9998
vn -0.5125 -0.8571 0.0523
vn -0.1208 -0.9360 -0.3306
vn -0.1307 -0.9904 -0.0461
vn -0.6209 -0.7831 -0.0361
vn -0.6521 -0.0151 0.7580
vn -0.6526 -0.0163 0.7576
vn -0.6533 -0.0161 0.7569
vn -0.6541 -0.0158 0.7562
vn -0.6516 -0.0181 0.7583
vn 0.8230 -0.4696 -0.3198
vn -0.6426 -0.3271 -0.6928
vn -0.6447 -0.3251 -0.6918
vn -0.0357 -0.9986 -0.0387
vn -0.5570 -0.0964 -0.8249
vn -0.0913 -0.9951 -0.0390
vn -0.1584 -0.9864 -0.0429
vn -0.0251 -0.9995 0.0197
vn 0.0240 -0.9994 -0.0261
vn 0.0251 -0.9993 -0.0281
vn -0.0051 -0.9999 -0.0155
vn -0.1252 -0.9920 0.0168
vn -0.4460 -0.8931 -0.0579
vn -0.4129 -0.9104 -0.0265
vn -0.5857 -0.8104 -0.0143
vn -0.4886 -0.8724 -0.0141
vn -0.4442 -0.8956 -0.0242
vn -0.3244 -0.9445 -0.0529
vn -0.9370 0.3494 0.0008
vn 0.4407 -0.8938 -0.0838
vn 0.4417 -0.8952 -0.0588
vn -0.8671 -0.4980 -0.0106
vn -0.5213 -0.8532 0.0162
vn 0.9084 0.4081 0.0913
vn 0.9998 0.0114 -0.0171
vn -0.0374 -0.9970 -0.0677
vn 0.7216 -0.5989 -0.3473
vn -0.6471 -0.0182 0.7622
vn -0.6529 -0.0157 0.7573
vn 0.0274 -0.9995 -0.0184
vn 0.7346 -0.6785 -0.0039
vn 0.8044 -0.5940 0.0043
vn 0.8000 -0.5999 -0.0121
vn -1.0000 -0.0008 -0.0005
vn 0.1165 0.9882 0.0994
vn -0.0249 0.9307 -0.3650
vn -0.0262 0.9325 -0.3602
vn -0.4704 -0.8094 -0.3516
vn -0.1411 -0.9895 -0.0302
vn 0.3998 -0.9164 -0.0183
vn 0.3994 -0.9166 -0.0187
vn 0.3810 -0.9246 -0.0041
vn 0.5309 -0.8473 -0.0147
vn -0.9686 -0.2484 -0.0047
vn -0.9927 -0.1206 -0.0021
vn -0.9935 -0.1121 0.0217
vn -0.8737 0.4864 0.0124
vn 0.1231 0.9920 0.0273
vn 0.9164 0.3997 0.0224
vn 0.6891 -0.7213 0.0696
vn -0.1163 0.9882 0.0994
vn 0.9961 0.0885 -0.0027
vn -0.5424 0.6847 0.4868
vn -0.9135 0.4046 -0.0425
vn 0.7499 -0.6614 -0.0105
vn 0.7668 -0.6418 -0.0066
vn 0.8043 -0.5943 -0.0002
vn 0.7698 -0.6381 -0.0130
vn 0.7683 -0.6399 -0.0133
vn 0.7293 -0.0134 0.6840
vn 0.9162 0.3985 -0.0420
vn 0.9997 -0.0201 0.0166
vn -0.9996 -0.0273 0.0007
vn 0.0033 -0.7233 0.6905
vn 0.0032 -0.7233 0.6905
vn -0.0000 0.9957 0.0922
vn 0.0215 -0.9984 -0.0514
vn 0.6493 -0.0201 0.7602
vn -0.0001 0.9463 -0.3232
vn -0.0029 0.7206 -0.6933
vn -0.3998 -0.9164 -0.0190
vn -0.3995 -0.9166 -0.0190
vn -0.5309 -0.8473 -0.0147
vn -0.5614 -0.8274 -0.0138
vn 0.7532 -0.6544 -0.0663
vn 0.5317 -0.8469 -0.0070
vn 0.6528 -0.7573 -0.0157
vn 0.6547 -0.7558 -0.0151
vn 0.9871 0.0715 -0.1429
vn -0.2303 0.6835 0.6926
vn -0.9691 -0.2459 -0.0172
vn 0.7090 -0.0135 0.7050
vn 0.9509 0.1265 0.2825
vn 0.5029 -0.8641 -0.0201
vn -0.2033 0.6612 -0.7221
vn 0.2807 -0.9459 -0.1630
vn -0.7720 -0.6354 -0.0178
vn -0.7942 -0.6075 -0.0121
vn -0.7655 -0.6434 -0.0069
vn -0.7499 -0.6615 -0.0105
vn -0.6521 0.0142 -0.7580
vn -0.6508 0.0142 -0.7591
vn -0.6520 0.0155 -0.7580
vn -0.6522 0.0227 -0.7577
vn -0.6519 0.0178 -0.7581
vn 0.7912 -0.2223 -0.5697
vn -0.9907 -0.0398 -0.1299
vn 0.9350 -0.3487 -0.0640
vn 0.9373 -0.3415 -0.0698
vn 0.9382 -0.3390 -0.0691
vn -0.8154 0.5223 0.2497
vn -0.9848 0.1735 0.0069
vn -0.9841 0.1773 0.0050
vn 0.9424 -0.3223 -0.0898
vn -0.7714 -0.6361 -0.0179
vn -0.7971 -0.6037 -0.0125
vn -0.7941 -0.6077 -0.0122
vn -0.7668 -0.6417 -0.0106
vn 0.0243 0.8929 -0.4495
vn 0.0207 0.8935 -0.4487
vn 0.0242 0.8793 -0.4756
vn 0.0224 0.8827 -0.4694
vn 0.0236 0.8879 -0.4595
vn 0.1300 0.9871 -0.0930
vn 0.6515 0.0185 -0.7584
vn 0.6514 0.0164 -0.7586
vn 0.6533 0.0160 -0.7570
vn 0.6552 0.0159 -0.7553
vn 0.6520 0.0150 -0.7580
vn 0.8002 -0.5996 -0.0121
vn 0.7312 -0.6820 -0.0138
vn 0.0135 -0.9999 0.0020
vn -0.5910 -0.0193 -0.8065
vn -0.6041 0.0363 -0.7961
vn 0.0494 -0.9982 -0.0338
vn 0.0192 -0.9981 0.0587
vn 0.0331 -0.9984 0.0453
vn 0.0296 -0.9981 0.0549
vn -0.4786 -0.8702 0.1170
vn 0.9235 0.3835 0.0060
vn 0.7866 -0.6166 -0.0328
vn 0.7639 -0.6451 -0.0134
vn -0.7639 -0.6452 -0.0134
vn 0.6518 -0.0172 0.7582
vn 0.6506 -0.0173 0.7593
vn -0.9967 0.0017 -0.0811
vn -0.9968 0.0155 -0.0789
vn -0.9919 0.1096 -0.0641
vn -0.9995 0.0007 -0.0314
vn 0.9893 0.1128 -0.0921
vn 0.6908 -0.5891 0.4191
vn -0.1234 -0.9919 -0.0313
vn -0.3205 -0.7970 0.5120
vn -0.4559 -0.7737 -0.4400
vn 0.0772 -0.9248 0.3725
vn -0.0322 -0.9295 0.3674
vn 0.6496 -0.0166 0.7601
vn 0.6503 -0.0151 0.7595
vn 0.1310 -0.9843 -0.1185
vn -0.3007 -0.9463 0.1186
vn 0.7866 0.6074 -0.1111
vn 0.9961 0.0727 0.0505
vn -0.0215 -0.9997 -0.0130
vn -0.0367 0.9993 -0.0087
vn 0.4982 -0.8635 -0.0782
vn 0.4922 -0.8673 -0.0748
vn 0.4966 -0.8643 -0.0796
vn 0.0215 0.9982 -0.0568
vn -0.0006 -0.0171 0.9999
vn -0.0042 -0.0152 0.9999
vn -0.0052 -0.0152 0.9999
vn -0.9965 0.0536 -0.0648
vn -0.1273 0.8832 0.4514
vn -0.0174 0.8900 0.4556
vn -0.0352 0.8892 0.4562
vn -0.0229 0.8915 0.4524
vn -0.0008 0.8912 0.4536
vn -0.7653 0.2775 0.5807
vn 0.6547 -0.7557 -0.0151
vn 0.6542 -0.7562 -0.0153
vn -0.1717 -0.9833 0.0602
vn -0.4608 -0.8855 -0.0587
vn -0.4477 -0.8914 -0.0709
vn -0.6530 -0.7572 -0.0144
vn -0.6535 -0.7568 -0.0150
vn 0.5001 0.8650 0.0404
vn 0.0322 -0.9295 0.3674
vn -0.0771 -0.9248 0.3725
vn -0.8485 -0.0250 0.5287
vn 0.6525 -0.0157 0.7577
vn 0.6524 -0.0175 0.7576
vn 0.9209 0.0081 -0.3896
vn 0.0538 0.9674 0.2476
vn 0.9705 -0.2346 -0.0551
vn 0.0007 0.0185 -0.9998
vn 0.0538 -0.9674 -0.2476
vn 0.9983 0.0108 -0.0576
vn 0.9983 0.0057 -0.0577
vn 0.9981 0.0047 -0.0618
vn 0.8116 -0.0035 0.5842
vn 0.1593 -0.2556 -0.9536
vn -0.0253 -0.9978 0.0614
vn -0.0282 -0.9980 0.0565
vn -0.0280 -0.9981 0.0540
vn 0.6224 -0.6632 0.4157
vn -0.0112 0.0180 -0.9998
vn 0.1609 -0.0754 -0.9841
vn -0.3876 -0.9218 -0.0038
vn -0.3797 -0.9251 -0.0017
vn 0.0149 -0.9998 -0.0146
vn -0.5303 -0.8478 -0.0002
vn -0.4053 -0.9142 -0.0010
vn -0.7306 -0.6828 0.0023
vn -0.6610 -0.7504 0.0004
vn -0.9999 0.0078 0.0069
vn 0.9997 -0.0230 -0.0018
vn 0.6502 0.0158 -0.7596
vn 0.4358 -0.8999 -0.0128
vn 0.5137 -0.8579 -0.0120
vn 0.7220 0.6121 -0.3226
vn 0.7074 -0.7067 -0.0144
vn 0.8862 0.0217 -0.4629
vn 0.8658 0.4998 0.0233
vn -0.1488 -0.2399 0.9593
vn -0.1491 -0.2375 0.9599
vn -0.1467 -0.2368 0.9604
vn -0.5398 -0.8416 -0.0173
vn 0.8482 -0.0251 0.5291
vn -0.1165 -0.9036 0.4122
vn -0.5743 0.6415 -0.5085
vn -0.5750 0.6410 -0.5084
vn -0.5739 0.6422 -0.5081
vn -0.5739 0.6417 -0.5088
vn -0.3275 -0.0196 0.9447
vn -0.7917 0.6108 0.0122
vn 0.4800 -0.7816 0.3984
vn -0.7940 -0.6078 -0.0118
vn 0.8662 0.4994 0.0193
vn -0.4864 -0.8736 -0.0169
vn -0.8003 -0.5995 -0.0121
vn -0.8044 -0.5940 0.0043
vn -0.0005 -0.0484 0.9988
vn -0.7074 -0.7067 -0.0144
vn -0.9914 -0.1306 -0.0025
vn 0.0020 0.0204 -0.9998
vn 0.0012 0.0193 -0.9998
vn 0.0018 0.0211 -0.9998
vn -0.0000 0.0204 -0.9998
vn 0.0017 0.0198 -0.9998
vn -0.0002 0.0206 -0.9998
vn -0.0012 0.0222 -0.9998
vn 0.0114 0.0070 -0.9999
vn -0.0003 0.0205 -0.9998
vn -0.0175 0.0309 -0.9994
vn 0.0001 0.0204 -0.9998
vn -0.0013 0.0204 -0.9998
vn -0.0010 0.0201 -0.9998
vn -0.0191 0.0311 -0.9993
vn 0.0001 0.0207 -0.9998
vn 0.8649 0.5014 0.0229
vn -0.8483 -0.0251 0.5289
vn -0.6156 -0.3717 -0.6949
vn 0.6031 0.0323 -0.7970
vn 0.6569 0.0131 -0.7539
vn -0.5745 0.6418 -0.5079
vn -0.5737 0.6410 -0.5098
vn -0.5756 0.6422 -0.5062
vn -0.6985 0.0029 0.7156
vn -0.6830 0.0619 0.7278
vn -0.0000 0.0203 -0.9998
vn -0.3484 -0.9331 0.0893
vn -0.1528 0.2846 -0.9464
vn -0.5342 0.7156 -0.4500
vn 0.4607 -0.3674 0.8079
vn -0.7067 -0.5633 0.4282
vn -0.0194 0.6820 0.7311
vn 0.0260 -0.4441 0.8956
vn 0.0008 -0.4116 0.9114
vn 0.0010 -0.4116 0.9114
vn -0.0008 -0.4079 0.9130
vn 0.0008 -0.4096 0.9123
vn 0.0038 -0.4105 0.9119
vn 0.0043 -0.4106 0.9118
vn -0.0014 -0.4092 0.9124
vn 0.0012 -0.4101 0.9121
vn 0.1630 0.9347 -0.3159
vn -0.7898 -0.6134 -0.0082
vn -0.9981 -0.0619 -0.0017
vn -0.9995 -0.0308 0.0017
vn 0.8901 -0.3298 0.3146
vn -0.0001 -0.9998 -0.0205
vn -0.5444 0.5608 -0.6239
vn 0.4177 -0.3300 -0.8465
vn 0.0045 0.0476 -0.9989
vn -0.0000 0.0502 -0.9987
vn -0.0000 0.0451 -0.9990
vn 0.8013 0.3238 0.5031
vn 0.7881 0.3595 0.4997
vn 0.6957 -0.7182 -0.0149
vn 0.9687 0.2482 -0.0048
vn -0.7447 0.0133 -0.6673
vn -0.7405 0.0128 -0.6720
vn -0.7452 0.0137 -0.6667
vn -0.7463 0.0120 -0.6655
vn -0.7418 0.0153 -0.6705
vn -0.7497 0.0111 -0.6617
vn -0.9877 -0.0881 0.1293
vn 0.0069 -0.9989 -0.0461
vn -0.0189 -0.9964 -0.0827
vn -0.0215 -0.9994 -0.0263
vn 0.0637 -0.9973 0.0356
vn -0.0213 -0.9994 -0.0262
vn -0.0222 -0.9994 -0.0279
vn -0.0422 -0.9983 -0.0400
vn -0.0260 -0.9973 -0.0685
vn -0.0354 -0.9980 -0.0530
vn -0.0269 -0.9979 -0.0597
vn 0.9222 0.0078 -0.3867
vn -0.7875 -0.6162 -0.0135
vn -0.9707 -0.2339 -0.0552
vn 0.3004 0.9536 0.0198
vn -0.7245 -0.6161 0.3091
vn 0.1655 -0.9855 0.0372
vn 0.1725 -0.9842 0.0405
vn 0.1707 -0.9844 0.0434
vn 0.9413 -0.3312 -0.0650
vn 0.9395 -0.3363 -0.0650
vn 0.9380 -0.3393 -0.0708
vn 0.4584 0.0344 -0.8881
vn 0.8519 0.0109 -0.5236
vn -0.7713 -0.6327 -0.0695
vn -0.7674 -0.6369 -0.0740
vn -0.7647 -0.6400 -0.0749
vn -0.0000 0.0194 -0.9998
vn -0.6111 -0.7219 -0.3246
vn -0.7913 0.2223 0.5696
vn -0.0017 0.9984 0.0565
vn -0.7910 0.4238 0.4412
vn 0.2078 -0.9580 -0.1976
vn 0.7879 -0.6156 -0.0128
vn -0.1336 -0.9910 -0.0049
vn -0.0371 -0.0436 -0.9984
vn -0.0332 -0.0416 -0.9986
vn -0.0370 -0.0392 -0.9985
vn -0.2792 0.0579 -0.9585
vn -0.3601 -0.9323 -0.0344
vn -0.9996 0.0281 -0.0008
vn 0.9683 -0.1640 -0.1886
vn -0.9997 -0.0229 -0.0018
vn -0.8700 -0.4234 0.2527
vn 0.8782 -0.4782 -0.0099
vn 0.7888 -0.6146 -0.0079
vn 0.3258 0.8995 -0.2913
vn 0.0396 0.0399 -0.9984
vn 0.0383 0.0385 -0.9985
vn 0.0384 0.0379 -0.9985
vn 0.0403 0.0417 -0.9983
vn 0.0367 0.0385 -0.9986
vn 0.9824 0.0038 -0.1866
vn -0.8667 0.4985 0.0185
vn -0.3238 0.8974 -0.2996
vn -1.0000 -0.0000 -0.0001
vn -0.0546 -0.2907 -0.9553
vn 0.4592 -0.8879 -0.0272
vn 0.0017 0.0150 -0.9999
vn 0.9994 0.0016 -0.0353
vn 0.1208 -0.9360 -0.3306
vn -0.0353 0.0629 -0.9974
vn 0.8233 0.4820 -0.2999
vn 0.7726 0.2946 0.5624
vn 0.0003 -0.9989 -0.0466
vn -0.0000 -0.9989 -0.0465
vn -0.0003 -0.9989 -0.0466
vn -0.0021 -0.4100 0.9121
vn -0.0000 -0.4094 0.9124
vn 0.0001 -0.4094 0.9124
vn 0.0029 -0.4089 0.9126
vn -0.0024 -0.4114 0.9115
vn -0.0010 -0.4113 0.9115
vn -0.0002 -0.4091 0.9125
vn 0.0002 -0.4092 0.9125
vn 0.0010 -0.4113 0.9115
vn 0.0024 -0.4114 0.9115
vn -0.0029 -0.4089 0.9126
vn -0.0001 -0.4094 0.9124
vn 0.0021 -0.4100 0.9121
vn 0.0003 -0.4091 0.9125
vn -0.0003 -0.4092 0.9125
vn 0.0121 -0.4192 0.9078
vn -0.0120 -0.4192 0.9078
vn 0.0008 -0.4117 0.9113
vn -0.0008 -0.4117 0.9113
vn -0.0045 -0.3929 0.9196
vn -0.8209 -0.4673 -0.3283
vn 0.6632 -0.5340 0.5243
vn -0.2335 -0.0202 0.9721
vn 0.0377 -0.0260 -0.9990
vn 0.6922 0.4194 -0.5873
vn 0.9994 -0.0345 -0.0000
vn 0.9990 -0.0453 -0.0025
vn -0.8652 -0.5013 -0.0104
vn -0.8653 -0.4991 -0.0478
vn 0.2608 -0.9649 0.0301
vn 0.6519 -0.0153 0.7581
vn 0.8729 -0.0101 0.4878
vn -0.8292 0.0833 0.5527
vn 0.0545 -0.2909 -0.9552
vn -0.6890 0.0696 0.7214
vn -0.6080 -0.7938 -0.0165
vn -0.9740 0.0105 -0.2264
vn 0.7521 0.4451 -0.4860
vn -0.8289 -0.1340 0.5431
vn 0.4260 0.8925 0.1480
vn -0.0086 0.9975 0.0703
vn 0.0001 0.9997 0.0255
vn -0.3235 -0.8817 -0.3436
vn -0.8147 -0.4587 0.3547
vn -0.5090 -0.6887 0.5164
vn 0.6106 -0.7224 -0.3245
vn 0.6629 0.4827 0.5723
vn 0.4705 -0.8094 -0.3514
vn -0.3483 -0.7632 0.5443
vn 0.5450 0.0163 -0.8383
vn -0.5450 0.0162 -0.8383
vn -0.5022 -0.8645 -0.0196
vn -0.5040 -0.8635 -0.0178
vn -0.0203 -0.9985 -0.0515
vn 0.7654 0.2798 0.5795
vn -0.7546 0.1107 -0.6467
vn -0.0000 0.9993 0.0383
vn 0.5408 -0.8410 -0.0170
vn 0.9383 -0.2619 0.2258
vn 0.3858 0.7998 0.4598
vn 0.2332 0.0730 -0.9697
vn -0.1631 -0.0767 -0.9836
vn -0.8209 0.4805 -0.3088
vn -0.6086 0.7933 0.0165
vn -0.5072 -0.8586 -0.0743
vn -0.5002 -0.8622 -0.0807
vn -0.4981 -0.8635 -0.0798
vn -0.6435 -0.3271 -0.6920
vn -0.8185 -0.4667 -0.3351
vn 0.9981 0.0014 -0.0611
vn 0.9983 -0.0069 -0.0572
vn 0.9981 -0.0024 -0.0618
vn 0.9336 0.1713 -0.3147
vn 0.3885 0.8889 0.2426
vn -0.7995 -0.6005 -0.0136
vn -0.8001 -0.5997 -0.0123
vn 0.7549 0.4439 -0.4827
vn -0.0001 0.9878 0.1555
vn -0.0001 0.0204 -0.9998
vn -0.0018 0.0196 -0.9998
vn -0.0003 0.0204 -0.9998
vn -0.7915 0.5694 -0.2223
vn -0.0009 0.0187 -0.9998
vn -0.0002 -0.0200 0.9998
vn 0.8833 -0.1373 0.4482
vn -0.0029 0.0196 -0.9998
vn -0.0010 0.0208 -0.9998
vn -0.0002 0.0205 -0.9998
vn 0.0029 0.0196 -0.9998
vn 0.4172 -0.8323 -0.3650
vn -0.0034 -0.0230 0.9997
vn 0.0024 -0.0157 0.9999
vn 0.0005 -0.0205 0.9998
vn 0.0034 -0.0230 0.9997
vn -0.0138 -0.0076 0.9999
vn 0.0140 -0.0073 0.9999
vn 0.0006 -0.0204 0.9998
vn 0.0028 -0.0151 0.9999
vn -0.0000 -0.9978 0.0667
vn -0.2038 -0.9571 -0.2058
vn 0.6085 0.7300 -0.3112
vn 0.3479 0.5447 0.7631
vn 0.4176 0.0182 -0.9085
vn 0.7668 -0.6373 -0.0762
vn 0.7597 -0.6464 -0.0706
vn 0.7632 -0.6417 -0.0759
vn 0.9841 0.1777 0.0052
vn 0.6880 0.0698 0.7224
vn -0.0186 0.6555 0.7549
vn 0.0117 0.6158 0.7878
vn 0.0185 0.6129 0.7899
vn 0.0016 0.6266 0.7793
vn 0.0495 0.6047 0.7949
vn 0.0028 0.6260 0.7798
vn 0.0279 0.6204 0.7838
vn 0.0018 0.6263 0.7796
vn 0.0015 0.6268 0.7792
vn 0.0122 0.6268 0.7791
vn 0.0109 0.6266 0.7793
vn -0.0194 0.6166 0.7870
vn 0.0012 0.6268 0.7792
vn 0.0361 0.6490 0.7599
vn 0.0100 0.6346 0.7728
vn 0.0447 0.6684 0.7424
vn 0.0311 0.6821 0.7306
vn 0.0038 0.6325 0.7746
vn 0.0001 0.6127 0.7903
vn 0.0012 0.6262 0.7797
vn -0.0034 0.6541 0.7564
vn 0.0008 0.6263 0.7796
vn 0.1718 -0.9842 0.0419
vn 0.1812 -0.9827 0.0373
vn 0.1779 -0.9832 0.0412
vn -0.6079 0.7305 -0.3112
vn 0.1705 -0.9822 -0.0786
vn 0.1647 -0.9832 -0.0787
vn 0.1714 -0.9820 -0.0793
vn -0.9335 0.1716 -0.3150
vn 0.3305 -0.0194 0.9436
vn 0.3249 -0.8870 -0.3282
vn -0.0281 0.9952 -0.0933
vn 0.0394 -0.9979 -0.0506
vn 0.0136 -0.9995 -0.0275
vn 0.0120 -0.9997 -0.0208
vn -0.0207 0.8935 -0.4487
vn -0.0248 0.8878 -0.4595
vn -0.0246 0.8882 -0.4588
vn -0.9980 0.0032 -0.0626
vn -0.9981 -0.0024 -0.0617
vn -0.9983 -0.0073 -0.0575
vn 0.4895 -0.8711 0.0403
vn 0.4953 -0.8678 0.0403
vn 0.4945 -0.8681 0.0435
vn -0.9355 -0.3474 -0.0647
vn -0.9376 -0.3412 -0.0673
vn -0.9358 -0.3457 -0.0685
vn 0.2386 0.7723 -0.5887
vn -0.8233 -0.4691 -0.3196
vn -0.5025 -0.8635 0.0430
vn -0.5058 -0.8617 0.0399
vn -0.4966 -0.8668 0.0453
vn -0.9195 -0.3931 -0.0025
vn -0.4049 -0.9141 -0.0201
vn -0.8237 0.4810 -0.3002
vn 0.8208 0.4805 -0.3087
vn -0.3252 0.8996 -0.2915
vn 0.7717 -0.6320 -0.0712
vn 0.7674 -0.6372 -0.0712
vn 0.7699 -0.6340 -0.0727
vn -0.6113 0.7346 -0.2946
vn -0.7642 0.6432 -0.0482
vn -0.7585 0.6503 -0.0435
vn -0.7610 0.6471 -0.0477
vn 0.4981 -0.8634 -0.0798
vn 0.5022 -0.8611 -0.0789
vn 0.5065 -0.8590 -0.0747
vn -0.9983 0.0097 -0.0571
vn -0.9981 0.0047 -0.0617
vn -0.9980 -0.0008 -0.0628
vn 0.6890 -0.6597 -0.3002
vn -0.7724 -0.3455 0.5329
vn 0.1650 -0.9206 -0.3540
vn -0.1643 -0.9833 -0.0786
vn -0.1701 -0.9823 -0.0785
vn -0.1711 -0.9818 -0.0823
vn 0.5293 -0.7069 -0.4692
vn -0.4947 -0.8656 -0.0778
vn -0.4920 -0.8674 -0.0749
vn -0.4990 -0.8630 -0.0791
vn -0.9683 -0.1637 -0.1885
vn -0.7611 -0.6445 -0.0732
vn -0.7588 -0.6475 -0.0701
vn -0.7654 -0.6391 -0.0755
vn -0.1829 -0.9824 0.0381
vn -0.1772 -0.9834 0.0381
vn -0.1779 -0.9832 0.0412
vn 0.6891 0.0696 0.7213
vn -0.9658 0.2590 0.0122
vn -0.1207 -0.9363 -0.3298
vn -0.1647 -0.9207 -0.3539
vn 0.7670 0.6401 -0.0450
vn 0.7711 0.6351 -0.0452
vn 0.7680 0.6388 -0.0452
vn -0.9379 0.3428 -0.0538
vn -0.9355 0.3499 -0.0503
vn -0.9359 0.3481 -0.0542
vn 0.6706 -0.7415 -0.0198
vn -0.0540 0.0303 -0.9981
vn 0.6096 -0.7195 -0.3327
vn 0.0001 0.0200 -0.9998
vn -0.1646 0.9343 -0.3162
vn -0.4728 0.8137 0.3381
vn 0.6896 -0.5894 0.4208
vn -0.4708 0.8229 -0.3181
vn 0.3235 0.8952 -0.3064
vn 0.7910 -0.4412 0.4238
vn 0.6093 0.7329 -0.3027
vn -0.7589 0.0151 -0.6510
vn -0.7586 0.0135 -0.6514
vn -0.9557 -0.2943 -0.0052
vn -0.8003 0.5991 0.0243
vn 0.4049 0.9141 0.0201
vn 0.6877 0.4216 0.5911
vn -0.0003 0.6925 0.7214
vn -0.0000 0.6927 0.7212
vn 0.0016 0.6927 0.7212
vn -0.0000 0.6923 0.7216
vn 0.5498 0.6989 -0.4575
vn 0.7911 0.4237 0.4412
vn 0.7914 -0.2454 0.5598
vn 0.8292 0.0833 0.5527
vn 0.5444 -0.5344 -0.6465
vn -0.9642 0.2652 0.0050
vn 0.0055 0.0187 -0.9998
vn -0.4091 -0.8346 -0.3690
vn -0.6886 0.6601 0.3001
vn 0.7042 0.7097 0.0222
vn 0.9933 -0.1043 -0.0488
vn 0.9945 -0.0925 -0.0482
vn 0.9974 -0.0559 -0.0464
vn 0.9972 -0.0482 -0.0572
vn 0.9972 -0.0479 -0.0576
vn 0.9972 -0.0484 -0.0569
vn 0.9982 -0.0408 -0.0443
vn -0.7255 0.3008 -0.6190
vn -0.4951 -0.8679 0.0400
vn -0.4900 -0.8708 0.0400
vn -0.4968 -0.8669 0.0412
vn 0.9985 0.0540 0.0012
vn 0.7910 -0.5700 0.2226
vn 0.6587 0.7515 0.0373
vn 0.8660 -0.5000 -0.0105
vn 0.8659 -0.4996 0.0260
vn 0.0241 -0.0374 0.9990
vn 0.0612 -0.0318 0.9976
vn -0.0041 -0.0271 0.9996
vn 0.2349 0.9445 -0.2297
vn -0.6890 -0.3002 0.6596
vn -0.5728 0.6404 -0.5116
vn -0.1306 -0.9912 -0.0206
vn -0.0000 0.0449 -0.9990
vn 0.0002 0.0450 -0.9990
vn 0.3973 -0.9175 -0.0191
vn 0.3844 -0.9232 -0.0042
vn 0.3966 -0.9178 -0.0194
vn 0.6431 -0.3287 -0.6917
vn 0.6454 -0.3288 -0.6894
vn -0.7247 0.6028 0.3339
vn -0.7915 -0.2454 0.5598
vn 0.0205 -0.0355 -0.9992
vn -0.3800 0.8718 -0.3091
vn -0.7913 0.5599 0.2457
vn -0.9312 0.1702 -0.3224
vn -0.1690 -0.9849 0.0378
vn -0.1648 -0.9856 0.0378
vn -0.1711 -0.9845 0.0391
vn 0.1483 -0.2391 0.9596
vn 0.1452 -0.2399 0.9599
vn 0.1471 -0.2373 0.9602
vn -0.6523 -0.0147 0.7578
vn -0.0018 0.0190 -0.9998
vn 0.7059 -0.7082 -0.0144
vn -0.0531 0.3194 -0.9461
vn -0.0865 0.8827 0.4619
vn 0.9209 -0.0081 0.3896
vn -0.7576 0.0133 -0.6525
vn 0.0334 -0.0371 -0.9988
vn 0.0334 -0.0414 -0.9986
vn 0.0370 -0.0393 -0.9985
vn 0.9364 0.1714 -0.3063
vn 0.1518 0.2828 -0.9471
vn -0.0775 0.8719 -0.4835
vn 0.0322 0.8712 -0.4900
vn 0.1863 -0.9822 -0.0225
vn 0.7985 -0.6019 -0.0105
vn -0.0355 -0.0216 -0.9991
vn 0.0018 0.9998 0.0208
vn -0.8669 0.0768 0.4925
vn -0.8660 0.0701 0.4951
vn -0.0017 0.0150 -0.9999
vn 0.5236 -0.8518 0.0158
vn -0.5137 -0.8579 -0.0122
vn -0.5482 0.6991 -0.4590
vn -0.1820 -0.9803 -0.0771
vn -0.1730 -0.9813 -0.0840
vn -0.1718 -0.9817 -0.0827
vt 0.589800 0.370400
vt 0.593800 0.444100
vt 0.589800 0.444100
vt 0.593800 0.370400
vt 0.958500 0.219100
vt 0.970900 0.228100
vt 0.970900 0.208600
vt 0.678000 0.713700
vt 0.672900 0.713700
vt 0.630000 0.431900
vt 0.632200 0.422700
vt 0.636600 0.432700
vt 0.628400 0.585000
vt 0.651600 0.626700
vt 0.651600 0.570100
vt 0.951900 0.214400
vt 0.941900 0.126300
vt 0.948100 0.126300
vt 0.641000 0.432700
vt 0.645400 0.422700
vt 0.638800 0.423600
vt 0.371700 0.799000
vt 0.368500 0.806900
vt 0.371700 0.806900
vt 0.620600 0.406000
vt 0.622600 0.406000
vt 0.621600 0.398400
vt 0.684300 0.713700
vt 0.681200 0.732300
vt 0.684300 0.732300
vt 0.104400 0.876600
vt 0.061500 0.876600
vt 0.861300 0.477300
vt 0.837500 0.471300
vt 0.837500 0.478900
vt 0.840300 0.244900
vt 0.820300 0.306500
vt 0.836900 0.306500
vt 0.804600 0.226800
vt 0.814600 0.219200
vt 0.804600 0.219200
vt 0.676300 0.144000
vt 0.687500 0.148200
vt 0.687400 0.166600
vt 0.622700 0.370700
vt 0.621600 0.379000
vt 0.620500 0.370700
vt 0.574300 0.445600
vt 0.575800 0.428500
vt 0.575800 0.445600
vt 0.745400 0.350700
vt 0.748400 0.350300
vt 0.746600 0.352200
vt 0.729400 0.339500
vt 0.731200 0.350700
vt 0.729400 0.349100
vt 0.731200 0.339500
vt 0.037600 0.949000
vt 0.037600 0.947600
vt 0.046900 0.948200
vt 0.963300 0.889900
vt 0.960400 0.893700
vt 0.963300 0.895600
vt 0.845600 0.455000
vt 0.836100 0.453500
vt 0.845600 0.453500
vt 0.723500 0.245700
vt 0.723900 0.348500
vt 0.723500 0.349500
vt 0.703600 0.630900
vt 0.721200 0.630900
vt 0.721900 0.630900
vt 0.729400 0.241600
vt 0.731200 0.239300
vt 0.721200 0.090100
vt 0.711400 0.144300
vt 0.711400 0.090100
vt 0.795400 0.650800
vt 0.793800 0.628300
vt 0.904300 0.477700
vt 0.896500 0.479900
vt 0.904300 0.479900
vt 0.648700 0.343300
vt 0.635700 0.341300
vt 0.635700 0.343300
vt 0.996600 0.912500
vt 0.991800 0.906700
vt 0.996600 0.906700
vt 0.832500 0.495700
vt 0.826400 0.499400
vt 0.835000 0.499400
vt 0.823200 0.499400
vt 0.826400 0.497700
vt 0.898300 0.370200
vt 0.890700 0.367300
vt 0.890700 0.370200
vt 0.231100 0.633700
vt 0.233300 0.634900
vt 0.234500 0.649000
vt 0.886700 0.476900
vt 0.894500 0.479100
vt 0.886700 0.479100
vt 0.759300 0.723400
vt 0.756800 0.720900
vt 0.765100 0.720900
vt 0.874500 0.431200
vt 0.872600 0.475100
vt 0.872600 0.431200
vt 0.835000 0.482100
vt 0.839400 0.489600
vt 0.835000 0.489600
vt 0.047900 0.873500
vt 0.021200 0.874500
vt 0.021200 0.873500
vt 0.823200 0.483900
vt 0.823200 0.487800
vt 0.613300 0.370400
vt 0.609400 0.444100
vt 0.609400 0.370400
vt 0.994600 0.255400
vt 0.988800 0.255400
vt 0.988800 0.393100
vt 0.597700 0.444100
vt 0.601600 0.370400
vt 0.601600 0.444100
vt 0.797000 0.628300
vt 0.823200 0.503300
vt 0.826400 0.503300
vt 0.826400 0.501600
vt 0.835000 0.501600
vt 0.832500 0.505200
vt 0.731000 0.144300
vt 0.731000 0.090100
vt 0.813200 0.455100
vt 0.827400 0.451200
vt 0.827400 0.455100
vt 0.630000 0.434100
vt 0.632200 0.439900
vt 0.630000 0.439900
vt 0.817700 0.796400
vt 0.864600 0.804200
vt 0.817700 0.803200
vt 0.638800 0.434100
vt 0.641000 0.439900
vt 0.641000 0.434100
vt 0.618200 0.073900
vt 0.603500 0.110200
vt 0.618200 0.110200
vt 0.849600 0.715300
vt 0.845500 0.715300
vt 0.281100 0.588700
vt 0.281100 0.590700
vt 0.278100 0.574000
vt 0.822300 0.503300
vt 0.823200 0.501600
vt 0.822300 0.501600
vt 0.026400 0.934800
vt 0.013500 0.933100
vt 0.013500 0.934800
vt 0.833500 0.381200
vt 0.833600 0.381500
vt 0.833400 0.381500
vt 0.169400 0.429900
vt 0.179900 0.429900
vt 0.171600 0.591300
vt 0.628400 0.630900
vt 0.603300 0.630900
vt 0.622800 0.641400
vt 0.958500 0.189600
vt 0.970900 0.188100
vt 0.970900 0.197600
vt 0.847200 0.230000
vt 0.857900 0.237500
vt 0.847200 0.237500
vt 0.619800 0.350800
vt 0.591700 0.353800
vt 0.590200 0.352100
vt 0.840800 0.909200
vt 0.840800 0.902700
vt 0.878800 0.904900
vt 0.009500 0.738800
vt 0.012500 0.738800
vt 0.015700 0.753200
vt 0.559400 0.529500
vt 0.567900 0.470500
vt 0.562700 0.484500
vt 0.633800 0.514200
vt 0.603300 0.585000
vt 0.593000 0.538600
vt 0.601100 0.514200
vt 0.585900 0.570100
vt 0.584000 0.630900
vt 0.646700 0.630900
vt 0.612800 0.514200
vt 0.637200 0.514200
vt 0.091300 0.810300
vt 0.101100 0.824800
vt 0.091300 0.825000
vt 0.777800 0.289600
vt 0.762200 0.245100
vt 0.777800 0.245100
vt 0.394800 0.774500
vt 0.390900 0.774500
vt 0.391600 0.759600
vt 0.393400 0.776900
vt 0.721200 0.144300
vt 0.003700 0.251100
vt 0.010600 0.253400
vt 0.003500 0.253500
vt 0.010600 0.251100
vt 0.169600 0.603000
vt 0.179900 0.605100
vt 0.008100 0.177000
vt 0.004200 0.177000
vt 0.006100 0.165800
vt 0.737300 0.809100
vt 0.695400 0.807000
vt 0.712800 0.805100
vt 0.620600 0.382100
vt 0.621600 0.382100
vt 0.473900 0.693100
vt 0.471700 0.699300
vt 0.473900 0.699800
vt 0.385400 0.617400
vt 0.465900 0.508300
vt 0.385400 0.627400
vt 0.389800 0.689200
vt 0.387100 0.700400
vt 0.471900 0.631200
vt 0.283000 0.767000
vt 0.282900 0.773700
vt 0.285200 0.767500
vt 0.369700 0.766400
vt 0.284900 0.835600
vt 0.367100 0.777600
vt 0.836500 0.228400
vt 0.836400 0.230000
vt 0.393400 0.823600
vt 0.364400 0.641000
vt 0.363900 0.637800
vt 0.029300 0.004600
vt 0.023200 0.293000
vt 0.015400 0.122900
vt 0.392900 0.829000
vt 0.465900 0.533700
vt 0.472300 0.610100
vt 0.383300 0.677000
vt 0.364900 0.689800
vt 0.280800 0.833300
vt 0.383300 0.591600
vt 0.385700 0.591600
vt 0.179900 0.367700
vt 0.176600 0.367700
vt 0.167000 0.057900
vt 0.476100 0.728400
vt 0.474100 0.724200
vt 0.476100 0.724200
vt 0.280800 0.738400
vt 0.280800 0.742600
vt 0.282700 0.742600
vt 0.278900 0.742600
vt 0.477900 0.724200
vt 0.394800 0.800000
vt 0.394800 0.808100
vt 0.393400 0.802200
vt 0.782700 0.538200
vt 0.784700 0.554700
vt 0.784700 0.538200
vt 0.394800 0.744100
vt 0.398100 0.759600
vt 0.398100 0.795200
vt 0.358800 0.707200
vt 0.362100 0.692300
vt 0.362000 0.722700
vt 0.365200 0.707200
vt 0.814900 0.893300
vt 0.821800 0.830300
vt 0.821800 0.893300
vt 0.366900 0.692300
vt 0.362100 0.670000
vt 0.358800 0.670000
vt 0.362100 0.658700
vt 0.363300 0.663700
vt 0.364700 0.670000
vt 0.608600 0.641400
vt 0.853900 0.363300
vt 0.862300 0.359400
vt 0.862300 0.363300
vt 0.812300 0.981600
vt 0.807900 0.994600
vt 0.812300 0.994600
vt 0.099600 0.429900
vt 0.101800 0.436800
vt 0.099200 0.436800
vt 0.891200 0.797400
vt 0.817700 0.789600
vt 0.150800 0.984600
vt 0.222500 0.994400
vt 0.121000 0.955700
vt 0.994900 0.666500
vt 0.973300 0.591800
vt 0.964400 0.423600
vt 0.405000 0.909200
vt 0.404800 0.907300
vt 0.703600 0.585000
vt 0.726800 0.626700
vt 0.035800 0.122900
vt 0.041000 0.004600
vt 0.668000 0.143400
vt 0.659200 0.170800
vt 0.659200 0.143400
vt 0.534200 0.732900
vt 0.522700 0.666300
vt 0.523700 0.644000
vt 0.846200 0.377800
vt 0.844200 0.394700
vt 0.846200 0.394700
vt 0.534200 0.666300
vt 0.534200 0.645400
vt 0.544700 0.644000
vt 0.546500 0.732900
vt 0.539100 0.741700
vt 0.322400 0.558400
vt 0.470700 0.428200
vt 0.413700 0.511800
vt 0.559000 0.640400
vt 0.545700 0.666300
vt 0.624300 0.213300
vt 0.644300 0.235000
vt 0.644300 0.213300
vt 0.547900 0.273700
vt 0.555700 0.231000
vt 0.555700 0.273700
vt 0.834600 0.371900
vt 0.846600 0.367700
vt 0.795900 0.378900
vt 0.759300 0.713100
vt 0.765100 0.711200
vt 0.765100 0.715600
vt 0.847300 0.228400
vt 0.857900 0.230000
vt 0.857800 0.228400
vt 0.265400 0.422700
vt 0.271900 0.446200
vt 0.271900 0.422700
vt 0.847000 0.228400
vt 0.836800 0.226800
vt 0.554200 0.660500
vt 0.554400 0.694000
vt 0.549300 0.729100
vt 0.509400 0.640400
vt 0.177600 0.429900
vt 0.174700 0.443000
vt 0.168500 0.436800
vt 0.472400 0.478000
vt 0.467900 0.480700
vt 0.467500 0.486000
vt 0.521800 0.732900
vt 0.529300 0.741700
vt 0.522300 0.755200
vt 0.280800 0.747800
vt 0.591400 0.335200
vt 0.629400 0.332300
vt 0.629400 0.334700
vt 0.983500 0.914100
vt 0.986600 0.918700
vt 0.983500 0.920500
vt 0.659200 0.236600
vt 0.668000 0.206700
vt 0.668000 0.236600
vt 0.986600 0.907200
vt 0.983500 0.907600
vt 0.532600 0.679100
vt 0.534200 0.648700
vt 0.535800 0.679100
vt 0.583700 0.805200
vt 0.632300 0.814300
vt 0.572000 0.815800
vt 0.024400 0.559100
vt 0.037200 0.566000
vt 0.028300 0.566000
vt 0.659800 0.829600
vt 0.695400 0.827500
vt 0.695400 0.823700
vt 0.527100 0.432500
vt 0.497900 0.426800
vt 0.496000 0.434900
vt 0.695400 0.831700
vt 0.532600 0.731100
vt 0.532600 0.737900
vt 0.530600 0.732900
vt 0.535800 0.731100
vt 0.534200 0.738400
vt 0.537700 0.732900
vt 0.535800 0.737900
vt 0.532000 0.649200
vt 0.536400 0.649200
vt 0.207400 0.840700
vt 0.210300 0.834400
vt 0.209500 0.834400
vt 0.826400 0.472700
vt 0.832500 0.478900
vt 0.826400 0.477500
vt 0.815300 0.226800
vt 0.825600 0.228400
vt 0.815100 0.228400
vt 0.815300 0.760900
vt 0.852800 0.764800
vt 0.814100 0.764800
vt 0.868700 0.230000
vt 0.868700 0.237500
vt 0.452500 0.759400
vt 0.452500 0.763700
vt 0.523400 0.576700
vt 0.525400 0.590200
vt 0.525400 0.576700
vt 0.624300 0.235000
vt 0.591200 0.661700
vt 0.645300 0.657000
vt 0.645300 0.661900
vt 0.750200 0.564900
vt 0.742900 0.604200
vt 0.750200 0.604200
vt 0.857500 0.219200
vt 0.847500 0.226800
vt 0.847500 0.219200
vt 0.575100 0.459000
vt 0.578900 0.452100
vt 0.575100 0.452100
vt 0.804300 0.228400
vt 0.814600 0.226800
vt 0.731800 0.413600
vt 0.728100 0.413600
vt 0.730000 0.415400
vt 0.089200 0.753200
vt 0.081300 0.810400
vt 0.087200 0.605100
vt 0.868900 0.213900
vt 0.903300 0.089400
vt 0.868900 0.089400
vt 0.487700 0.976000
vt 0.487700 0.977400
vt 0.487100 0.976700
vt 0.776400 0.104000
vt 0.775600 0.101300
vt 0.770000 0.102800
vt 0.804200 0.108400
vt 0.788300 0.102500
vt 0.793000 0.107900
vt 0.804900 0.117900
vt 0.824700 0.121600
vt 0.431600 0.864400
vt 0.428700 0.878800
vt 0.428700 0.864400
vt 0.804700 0.186300
vt 0.805400 0.195800
vt 0.824700 0.182600
vt 0.791500 0.197000
vt 0.789300 0.201700
vt 0.977800 0.900900
vt 0.982500 0.894200
vt 0.982500 0.900500
vt 0.549200 0.529500
vt 0.550500 0.523200
vt 0.549200 0.522800
vt 0.367200 0.439500
vt 0.440100 0.421600
vt 0.816900 0.244900
vt 0.945800 0.408000
vt 0.941200 0.412400
vt 0.939200 0.403100
vt 0.770000 0.201900
vt 0.774900 0.201400
vt 0.813000 0.089800
vt 0.803700 0.214400
vt 0.811500 0.214400
vt 0.803200 0.089800
vt 0.473300 0.499100
vt 0.467500 0.507600
vt 0.836400 0.237500
vt 0.515900 0.388600
vt 0.503800 0.386200
vt 0.515900 0.386700
vt 0.645400 0.434100
vt 0.834000 0.213900
vt 0.834000 0.089400
vt 0.701700 0.144300
vt 0.719700 0.923300
vt 0.686800 0.917500
vt 0.719700 0.916500
vt 0.804200 0.230000
vt 0.814900 0.237500
vt 0.804200 0.237500
vt 0.619600 0.446300
vt 0.621600 0.441400
vt 0.621600 0.446300
vt 0.198200 0.825700
vt 0.187700 0.810800
vt 0.198200 0.811000
vt 0.455000 0.970800
vt 0.398700 0.915500
vt 0.455700 0.970800
vt 0.046500 0.566000
vt 0.060500 0.811000
vt 0.049700 0.811300
vt 0.095500 0.367700
vt 0.100300 0.367700
vt 0.096100 0.383800
vt 0.476100 0.719000
vt 0.474000 0.683100
vt 0.476100 0.633500
vt 0.081200 0.429900
vt 0.090300 0.436800
vt 0.084100 0.443000
vt 0.050000 0.875500
vt 0.047900 0.874500
vt 0.050000 0.874500
vt 0.788300 0.093000
vt 0.545400 0.644000
vt 0.558600 0.640600
vt 0.824700 0.093000
vt 0.594700 0.787800
vt 0.601600 0.770000
vt 0.601600 0.787800
vt 0.825700 0.210900
vt 0.825700 0.182600
vt 0.879000 0.226800
vt 0.868800 0.228400
vt 0.879300 0.228400
vt 0.898300 0.367300
vt 0.793800 0.226800
vt 0.804100 0.228400
vt 0.803800 0.226800
vt 0.531900 0.272100
vt 0.531900 0.263600
vt 0.258300 0.670700
vt 0.259300 0.674300
vt 0.258300 0.674300
vt 0.805400 0.210900
vt 0.789300 0.210900
vt 0.807900 0.942900
vt 0.812300 0.962800
vt 0.812300 0.942900
vt 0.826000 0.226800
vt 0.836300 0.228400
vt 0.836100 0.226800
vt 0.877000 0.481600
vt 0.874000 0.508700
vt 0.877000 0.508700
vt 0.772000 0.237500
vt 0.782700 0.230000
vt 0.782700 0.237500
vt 0.723300 0.457200
vt 0.729500 0.453000
vt 0.729500 0.455100
vt 0.544900 0.040900
vt 0.559600 0.004500
vt 0.559600 0.040900
vt 0.803700 0.428600
vt 0.806600 0.459100
vt 0.806600 0.428600
vt 0.964400 0.275400
vt 0.970200 0.268100
vt 0.964400 0.268100
vt 0.879800 0.219200
vt 0.889800 0.226800
vt 0.879800 0.226800
vt 0.366800 0.880700
vt 0.369900 0.877000
vt 0.745900 0.157800
vt 0.742700 0.151200
vt 0.749000 0.149500
vt 0.515400 0.143100
vt 0.512500 0.152200
vt 0.509500 0.143100
vt 0.506300 0.977200
vt 0.512800 0.978900
vt 0.506300 0.980000
vt 0.355500 0.446200
vt 0.355500 0.425800
vt 0.257800 0.611700
vt 0.257100 0.631700
vt 0.257300 0.611700
vt 0.458500 0.739900
vt 0.458500 0.757800
vt 0.574300 0.428500
vt 0.800400 0.391200
vt 0.800200 0.391000
vt 0.800400 0.391000
vt 0.832500 0.471300
vt 0.037600 0.936300
vt 0.037600 0.931500
vt 0.038800 0.936300
vt 0.036400 0.936300
vt 0.974700 0.275400
vt 0.985800 0.255400
vt 0.973800 0.393100
vt 0.038800 0.961100
vt 0.037600 0.961100
vt 0.819100 0.089800
vt 0.827400 0.214400
vt 0.827400 0.089800
vt 0.729900 0.449200
vt 0.729900 0.450900
vt 0.845500 0.711400
vt 0.879000 0.713400
vt 0.845500 0.713400
vt 0.812600 0.716300
vt 0.816700 0.716300
vt 0.816700 0.717200
vt 0.816700 0.715500
vt 0.256300 0.670300
vt 0.255400 0.677200
vt 0.255400 0.670300
vt 0.756100 0.718300
vt 0.770000 0.718800
vt 0.869000 0.219200
vt 0.879000 0.219200
vt 0.873700 0.697500
vt 0.875100 0.690300
vt 0.873700 0.688500
vt 0.601900 0.459000
vt 0.598400 0.452100
vt 0.598400 0.459000
vt 0.779800 0.606700
vt 0.785800 0.610600
vt 0.779800 0.610600
vt 0.258300 0.611700
vt 0.830300 0.716300
vt 0.478300 0.970800
vt 0.457600 0.970800
vt 0.890100 0.406400
vt 0.890100 0.401200
vt 0.798100 0.403800
vt 0.839400 0.482100
vt 0.861300 0.488000
vt 0.970200 0.393100
vt 0.967300 0.414700
vt 0.965000 0.403800
vt 0.015100 0.913500
vt 0.015100 0.907800
vt 0.825300 0.219200
vt 0.825300 0.226800
vt 0.452500 0.767200
vt 0.620600 0.422600
vt 0.622600 0.422600
vt 0.020500 0.973600
vt 0.018600 0.952100
vt 0.020500 0.952100
vt 0.772100 0.228400
vt 0.772000 0.230000
vt 0.158400 0.367700
vt 0.156000 0.429900
vt 0.154300 0.403300
vt 0.452500 0.753900
vt 0.452500 0.756100
vt 0.578900 0.459000
vt 0.580400 0.452100
vt 0.580400 0.459000
vt 0.486300 0.040900
vt 0.501000 0.004500
vt 0.501000 0.040900
vt 0.898700 0.694300
vt 0.892300 0.697900
vt 0.898700 0.697900
vt 0.752700 0.618900
vt 0.777800 0.579600
vt 0.752700 0.579600
vt 0.694100 0.134800
vt 0.691900 0.138100
vt 0.728200 0.350300
vt 0.730000 0.352200
vt 0.977500 0.249400
vt 0.976700 0.255400
vt 0.871100 0.652300
vt 0.867200 0.673800
vt 0.867200 0.652300
vt 0.647300 0.835900
vt 0.639900 0.806600
vt 0.635100 0.828200
vt 0.907600 0.494600
vt 0.893200 0.497600
vt 0.893200 0.494600
vt 0.793500 0.237500
vt 0.532600 0.272100
vt 0.820300 0.308100
vt 0.836900 0.312000
vt 0.820300 0.312000
vt 0.951700 0.403100
vt 0.959500 0.267900
vt 0.951700 0.267900
vt 0.374300 0.799000
vt 0.378700 0.810200
vt 0.378700 0.793300
vt 0.380600 0.041600
vt 0.386500 0.031300
vt 0.387700 0.051600
vt 0.822300 0.499400
vt 0.823200 0.497700
vt 0.822300 0.497700
vt 0.879900 0.508700
vt 0.362500 0.399400
vt 0.362500 0.436200
vt 0.163600 0.436800
vt 0.168100 0.429900
vt 0.147500 0.004600
vt 0.138700 0.057900
vt 0.138400 0.004600
vt 0.267200 0.757100
vt 0.266700 0.695100
vt 0.269400 0.721200
vt 0.602800 0.124800
vt 0.588900 0.110200
vt 0.589600 0.124800
vt 0.771600 0.226800
vt 0.761400 0.228400
vt 0.761600 0.226800
vt 0.034300 0.890000
vt 0.030500 0.889300
vt 0.030300 0.890000
vt 0.750200 0.684700
vt 0.786100 0.677500
vt 0.786100 0.688700
vt 0.825700 0.230000
vt 0.825700 0.237500
vt 0.005400 0.906000
vt 0.003700 0.938600
vt 0.005400 0.938600
vt 0.812600 0.686200
vt 0.805900 0.677500
vt 0.812600 0.680100
vt 0.779800 0.605000
vt 0.786900 0.606700
vt 0.787200 0.605200
vt 0.855500 0.652300
vt 0.851600 0.673800
vt 0.851600 0.652300
vt 0.814800 0.228400
vt 0.898400 0.673800
vt 0.894500 0.652300
vt 0.894500 0.673800
vt 0.793300 0.228400
vt 0.782800 0.228400
vt 0.515000 0.666300
vt 0.514200 0.660500
vt 0.515000 0.660500
vt 0.528900 0.769200
vt 0.522300 0.769200
vt 0.521800 0.769200
vt 0.752700 0.371800
vt 0.766100 0.368300
vt 0.767100 0.538200
vt 0.148700 0.425900
vt 0.151200 0.371600
vt 0.151200 0.425900
vt 0.833000 0.550300
vt 0.830100 0.541500
vt 0.833000 0.541500
vt 0.437500 0.864400
vt 0.440400 0.878800
vt 0.437500 0.878800
vt 0.735600 0.564900
vt 0.005400 0.945700
vt 0.007100 0.938600
vt 0.005400 0.903000
vt 0.007100 0.906000
vt 0.003700 0.906000
vt 0.831900 0.423200
vt 0.890100 0.408700
vt 0.890100 0.419900
vt 0.530000 0.448100
vt 0.522100 0.448100
vt 0.519200 0.455600
vt 0.848100 0.394700
vt 0.848100 0.377800
vt 0.395300 0.863800
vt 0.394300 0.847200
vt 0.407200 0.854500
vt 0.777800 0.626200
vt 0.752700 0.626200
vt 0.918900 0.278800
vt 0.846800 0.304000
vt 0.921800 0.305400
vt 0.765100 0.725300
vt 0.554200 0.532800
vt 0.550500 0.528900
vt 0.823900 0.391200
vt 0.823600 0.391000
vt 0.823900 0.391000
vt 0.404700 0.907500
vt 0.404900 0.909100
vt 0.925200 0.151900
vt 0.912400 0.209200
vt 0.922600 0.209200
vt 0.357200 0.692300
vt 0.787600 0.565400
vt 0.779800 0.582300
vt 0.787600 0.582300
vt 0.572000 0.826800
vt 0.632300 0.828200
vt 0.895600 0.419900
vt 0.895600 0.408700
vt 0.614300 0.214800
vt 0.614300 0.233400
vt 0.912400 0.089600
vt 0.925200 0.147000
vt 0.922600 0.089600
vt 0.479700 0.426600
vt 0.490600 0.434100
vt 0.485100 0.433600
vt 0.868500 0.228400
vt 0.858300 0.226800
vt 0.858000 0.228400
vt 0.793500 0.230000
vt 0.772300 0.219200
vt 0.782300 0.226800
vt 0.772300 0.226800
vt 0.779800 0.591100
vt 0.788300 0.600800
vt 0.444800 0.767100
vt 0.447100 0.767100
vt 0.511800 0.448200
vt 0.513800 0.456400
vt 0.514500 0.459600
vt 0.523700 0.528900
vt 0.523400 0.486300
vt 0.523400 0.541600
vt 0.029300 0.923200
vt 0.008300 0.923200
vt 0.257800 0.605300
vt 0.257300 0.585300
vt 0.257100 0.605300
vt 0.258300 0.585300
vt 0.258500 0.605300
vt 0.207900 0.057900
vt 0.199600 0.122900
vt 0.195800 0.009300
vt 0.725100 0.443400
vt 0.723900 0.442500
vt 0.725100 0.445100
vt 0.883500 0.370200
vt 0.887900 0.367300
vt 0.887900 0.370200
vt 0.129400 0.057900
vt 0.120400 0.004600
vt 0.129400 0.004600
vt 0.879400 0.237500
vt 0.875000 0.673800
vt 0.871100 0.673800
vt 0.886700 0.673800
vt 0.890600 0.652300
vt 0.886700 0.652300
vt 0.777800 0.578900
vt 0.752700 0.564200
vt 0.777800 0.564200
vt 0.008300 0.924900
vt 0.029300 0.924900
vt 0.787700 0.589400
vt 0.787800 0.591100
vt 0.859400 0.673800
vt 0.859400 0.652300
vt 0.596600 0.452100
vt 0.589100 0.459000
vt 0.596600 0.459000
vt 0.869000 0.226800
vt 0.892300 0.687900
vt 0.892300 0.694300
vt 0.412400 0.428200
vt 0.410600 0.421600
vt 0.412000 0.427100
vt 0.789100 0.428600
vt 0.792000 0.459100
vt 0.792000 0.428600
vt 0.788700 0.810800
vt 0.864600 0.811000
vt 0.975300 0.403800
vt 0.981400 0.409900
vt 0.976600 0.414700
vt 0.863300 0.673800
vt 0.863300 0.652300
vt 0.780400 0.722700
vt 0.036400 0.961100
vt 0.826000 0.219200
vt 0.836100 0.219200
vt 0.788700 0.816200
vt 0.817700 0.812000
vt 0.444200 0.416300
vt 0.157000 0.436800
vt 0.159200 0.429900
vt 0.159500 0.436800
vt 0.488500 0.224700
vt 0.492300 0.224700
vt 0.491000 0.224700
vt 0.902300 0.470000
vt 0.898400 0.427700
vt 0.902300 0.427700
vt 0.450200 0.763400
vt 0.450200 0.767100
vt 0.582300 0.459000
vt 0.580800 0.452100
vt 0.580800 0.459000
vt 0.838400 0.340600
vt 0.817600 0.362300
vt 0.818800 0.340600
vt 0.454600 0.851800
vt 0.452600 0.864000
vt 0.452600 0.851800
vt 0.994600 0.393100
vt 0.543900 0.459000
vt 0.547900 0.462900
vt 0.543900 0.462900
vt 0.050900 0.057900
vt 0.029500 0.411900
vt 0.603300 0.647700
vt 0.752700 0.578900
vt 0.823200 0.904900
vt 0.823200 0.909700
vt 0.810300 0.907800
vt 0.769000 0.554700
vt 0.782700 0.554700
vt 0.752700 0.649700
vt 0.777800 0.649700
vt 0.408600 0.422100
vt 0.410000 0.427700
vt 0.410300 0.428700
vt 0.826800 0.681500
vt 0.826800 0.684700
vt 0.821200 0.725700
vt 0.851600 0.729600
vt 0.845700 0.725700
vt 0.594700 0.770000
vt 0.601300 0.726600
vt 0.366800 0.884500
vt 0.701700 0.090100
vt 0.005900 0.952100
vt 0.003900 0.973600
vt 0.005900 0.973600
vt 0.865700 0.893300
vt 0.861300 0.830300
vt 0.856900 0.893300
vt 0.830600 0.893300
vt 0.835000 0.830300
vt 0.571300 0.273700
vt 0.579100 0.231000
vt 0.567400 0.231000
vt 0.810500 0.830300
vt 0.806200 0.893300
vt 0.508800 0.231000
vt 0.516600 0.273700
vt 0.520500 0.231000
vt 0.883300 0.893300
vt 0.892100 0.893300
vt 0.887600 0.830300
vt 0.224000 0.696500
vt 0.209100 0.811300
vt 0.229000 0.607800
vt 0.797400 0.830300
vt 0.110800 0.057900
vt 0.103400 0.367700
vt 0.099600 0.367700
vt 0.839400 0.893300
vt 0.848100 0.830300
vt 0.848100 0.893300
vt 0.712400 0.514200
vt 0.726800 0.570100
vt 0.674300 0.514200
vt 0.662400 0.514200
vt 0.662100 0.522000
vt 0.662100 0.529100
vt 0.420700 0.831900
vt 0.572000 0.839700
vt 0.038600 0.862100
vt 0.203900 0.843900
vt 0.208300 0.841300
vt 0.530300 0.480300
vt 0.536900 0.484500
vt 0.542400 0.484500
vt 0.508800 0.273700
vt 0.797400 0.893300
vt 0.900900 0.830300
vt 0.485400 0.231000
vt 0.493200 0.273700
vt 0.497100 0.231000
vt 0.107900 0.877800
vt 0.135300 0.874400
vt 0.146200 0.875500
vt 0.900900 0.893300
vt 0.645500 0.792200
vt 0.656500 0.794900
vt 0.646200 0.797600
vt 0.814900 0.230000
vt 0.542000 0.456300
vt 0.538100 0.450900
vt 0.538100 0.456300
vt 0.355300 0.447500
vt 0.271900 0.445900
vt 0.355500 0.445900
vt 0.788700 0.786600
vt 0.788700 0.792200
vt 0.747400 0.788600
vt 0.251100 0.505000
vt 0.258200 0.502100
vt 0.251100 0.502100
vt 0.048100 0.386400
vt 0.045700 0.367700
vt 0.047400 0.363200
vt 0.874500 0.830300
vt 0.524400 0.273700
vt 0.501000 0.273700
vt 0.563500 0.273700
vt 0.686800 0.935100
vt 0.686800 0.926300
vt 0.719700 0.927700
vt 0.540000 0.273700
vt 0.543900 0.231000
vt 0.532200 0.231000
vt 0.532200 0.273700
vt 0.135300 0.876700
vt 0.245200 0.525800
vt 0.249900 0.598500
vt 0.243000 0.598500
vt 0.579100 0.273700
vt 0.459400 0.982400
vt 0.478500 0.975700
vt 0.312700 0.995400
vt 0.311000 0.993700
vt 0.312700 0.991900
vt 0.309300 0.991900
vt 0.309300 0.995400
vt 0.320800 0.993700
vt 0.322500 0.995400
vt 0.319100 0.995400
vt 0.319100 0.991900
vt 0.322500 0.991900
vt 0.034800 0.696500
vt 0.029800 0.607800
vt 0.678500 0.585000
vt 0.659200 0.630900
vt 0.399700 0.914400
vt 0.434200 0.856100
vt 0.433100 0.855000
vt 0.434200 0.853900
vt 0.432000 0.853900
vt 0.432000 0.856100
vt 0.441900 0.855000
vt 0.443000 0.856100
vt 0.443000 0.853900
vt 0.440800 0.853900
vt 0.440800 0.856100
vt 0.591300 0.684900
vt 0.588100 0.684600
vt 0.591300 0.684200
vt 0.591300 0.686900
vt 0.588100 0.686500
vt 0.591300 0.686200
vt 0.591300 0.688800
vt 0.588100 0.688500
vt 0.591300 0.688100
vt 0.591300 0.690800
vt 0.588100 0.690400
vt 0.591300 0.690100
vt 0.591300 0.692700
vt 0.588100 0.692400
vt 0.591300 0.692000
vt 0.591300 0.683000
vt 0.588100 0.682600
vt 0.591300 0.682300
vt 0.107900 0.873200
vt 0.099700 0.875500
vt 0.061500 0.874400
vt 0.058300 0.875500
vt 0.908700 0.352400
vt 0.850700 0.336200
vt 0.846400 0.352400
vt 0.536900 0.528900
vt 0.537100 0.486300
vt 0.536900 0.486300
vt 0.970200 0.275400
vt 0.964400 0.279800
vt 0.970200 0.279800
vt 0.763700 0.013300
vt 0.773900 0.083100
vt 0.779300 0.013300
vt 0.748000 0.003900
vt 0.753200 0.083100
vt 0.755900 0.003900
vt 0.919900 0.083100
vt 0.904300 0.003900
vt 0.899200 0.083100
vt 0.711700 0.083100
vt 0.716800 0.003900
vt 0.701200 0.003900
vt 0.690900 0.083100
vt 0.685500 0.003900
vt 0.857400 0.083100
vt 0.841800 0.003900
vt 0.857400 0.003900
vt 0.669900 0.083100
vt 0.669900 0.003900
vt 0.681400 0.833900
vt 0.815900 0.083100
vt 0.810500 0.013300
vt 0.826200 0.013300
vt 0.836700 0.083100
vt 0.834000 0.013300
vt 0.873000 0.003900
vt 0.897600 0.043500
vt 0.732400 0.083100
vt 0.732400 0.003900
vt 0.116000 0.499300
vt 0.122900 0.499300
vt 0.120000 0.511500
vt 0.977800 0.907800
vt 0.982500 0.907600
vt 0.589600 0.726600
vt 0.595000 0.726600
vt 0.589800 0.770000
vt 0.027700 0.633700
vt 0.024700 0.608500
vt 0.027200 0.572300
vt 0.883400 0.026700
vt 0.884300 0.030000
vt 0.888700 0.024900
vt 0.893100 0.030000
vt 0.893900 0.026700
vt 0.879800 0.043500
vt 0.878200 0.083100
vt 0.223000 0.122900
vt 0.229500 0.004600
vt 0.232300 0.236800
vt 0.704600 0.451300
vt 0.708500 0.435400
vt 0.704600 0.435400
vt 0.412200 0.428500
vt 0.410500 0.421800
vt 0.465800 0.386700
vt 0.465800 0.361800
vt 0.465800 0.359600
vt 0.475500 0.362500
vt 0.475700 0.391500
vt 0.473800 0.326700
vt 0.674800 0.732300
vt 0.678000 0.732300
vt 0.516500 0.459500
vt 0.515700 0.456400
vt 0.494400 0.415900
vt 0.503800 0.415500
vt 0.494400 0.414100
vt 0.410400 0.429000
vt 0.408700 0.422200
vt 0.505400 0.725300
vt 0.518200 0.729100
vt 0.519000 0.729100
vt 0.830600 0.394400
vt 0.832500 0.382000
vt 0.832500 0.394400
vt 0.546000 0.769200
vt 0.547100 0.732900
vt 0.927200 0.403100
vt 0.935100 0.378700
vt 0.927200 0.378700
vt 0.257800 0.631700
vt 0.258500 0.631700
vt 0.836900 0.312700
vt 0.819700 0.323600
vt 0.820300 0.312700
vt 0.878900 0.652300
vt 0.875000 0.652300
vt 0.495200 0.438100
vt 0.797900 0.428600
vt 0.794900 0.459100
vt 0.794900 0.428600
vt 0.494600 0.601800
vt 0.492700 0.616900
vt 0.492700 0.601800
vt 0.792800 0.395000
vt 0.789300 0.408400
vt 0.862300 0.373000
vt 0.866200 0.365200
vt 0.866200 0.373000
vt 0.647500 0.004500
vt 0.662100 0.040900
vt 0.647500 0.040900
vt 0.521200 0.732900
vt 0.628400 0.647700
vt 0.624500 0.647700
vt 0.563000 0.660500
vt 0.562300 0.666300
vt 0.563000 0.666300
vt 0.799700 0.977400
vt 0.786600 0.995600
vt 0.799700 0.995600
vt 0.844200 0.433000
vt 0.839400 0.444000
vt 0.839400 0.433000
vt 0.779800 0.613300
vt 0.785800 0.630100
vt 0.779800 0.630100
vt 0.372300 0.793300
vt 0.368500 0.799000
vt 0.846800 0.226800
vt 0.836800 0.219200
vt 0.846800 0.219200
vt 0.513900 0.688200
vt 0.515000 0.694000
vt 0.513900 0.694000
vt 0.800800 0.459100
vt 0.800800 0.428600
vt 0.660900 0.705200
vt 0.657700 0.705200
vt 0.839600 0.362300
vt 0.496600 0.616900
vt 0.494600 0.616900
vt 0.742900 0.408400
vt 0.739400 0.395000
vt 0.272500 0.035900
vt 0.272500 0.006600
vt 0.272500 0.008800
vt 0.779500 0.418200
vt 0.496600 0.635500
vt 0.509800 0.640600
vt 0.253400 0.663300
vt 0.252400 0.658700
vt 0.252400 0.663300
vt 0.642300 0.364000
vt 0.642300 0.359600
vt 0.510500 0.685400
vt 0.509800 0.685400
vt 0.656400 0.417200
vt 0.665000 0.419200
vt 0.656400 0.419200
vt 0.814500 0.657100
vt 0.804900 0.669100
vt 0.804900 0.657100
vt 0.366000 0.799000
vt 0.361600 0.810200
vt 0.366000 0.806900
vt 0.986600 0.893400
vt 0.983500 0.900500
vt 0.983500 0.894200
vt 0.849600 0.716200
vt 0.808400 0.262700
vt 0.811000 0.284900
vt 0.808400 0.284900
vt 0.853100 0.452800
vt 0.852900 0.452500
vt 0.852900 0.452800
vt 0.812300 0.981000
vt 0.807900 0.962800
vt 0.807900 0.981000
vt 0.692000 0.664100
vt 0.696200 0.668300
vt 0.681600 0.670000
vt 0.562300 0.143100
vt 0.551500 0.152200
vt 0.556400 0.143100
vt 0.688000 0.514200
vt 0.668000 0.196000
vt 0.659200 0.206700
vt 0.849000 0.445100
vt 0.849400 0.444800
vt 0.849000 0.444600
vt 0.356700 0.399400
vt 0.356700 0.425800
vt 0.444200 0.399400
vt 0.458000 0.781900
vt 0.456400 0.782200
vt 0.478500 0.971100
vt 0.493200 0.969400
vt 0.478800 0.609000
vt 0.478500 0.589000
vt 0.380900 0.721600
vt 0.380600 0.701500
vt 0.522900 0.598600
vt 0.522900 0.644000
vt 0.545400 0.598600
vt 0.571800 0.635500
vt 0.026400 0.933100
vt 0.013500 0.931400
vt 0.761200 0.230000
vt 0.878900 0.673800
vt 0.882800 0.652300
vt 0.837500 0.323600
vt 0.221600 0.566000
vt 0.213400 0.236800
vt 0.367300 0.880600
vt 0.493200 0.969200
vt 0.909800 0.147000
vt 0.783900 0.262700
vt 0.794900 0.284900
vt 0.794900 0.309100
vt 0.270900 0.560400
vt 0.273300 0.515000
vt 0.270900 0.578100
vt 0.050000 0.872600
vt 0.047900 0.872600
vt 0.339400 0.995400
vt 0.467300 0.994500
vt 0.467300 0.995400
vt 0.518400 0.590200
vt 0.448400 0.842500
vt 0.632300 0.837500
vt 0.024400 0.899900
vt 0.150300 0.988500
vt 0.112800 0.961800
vt 0.558800 0.055400
vt 0.546400 0.066300
vt 0.545700 0.055400
vt 0.641600 0.416300
vt 0.645500 0.372800
vt 0.641600 0.372800
vt 0.971600 0.935800
vt 0.969700 0.954100
vt 0.971600 0.954700
vt 0.724900 0.408400
vt 0.730000 0.411700
vt 0.730000 0.406400
vt 0.722800 0.413600
vt 0.724900 0.418700
vt 0.730000 0.420800
vt 0.735100 0.418700
vt 0.737200 0.413600
vt 0.735100 0.408400
vt 0.717300 0.453000
vt 0.714800 0.455100
vt 0.714800 0.451700
vt 0.632800 0.073900
vt 0.632800 0.110200
vt 0.362800 0.399400
vt 0.362800 0.436200
vt 0.582300 0.452100
vt 0.654300 0.214800
vt 0.506300 0.519300
vt 0.511600 0.501700
vt 0.506300 0.505000
vt 0.497100 0.982700
vt 0.497100 0.981300
vt 0.545900 0.450900
vt 0.542000 0.450900
vt 0.718300 0.655000
vt 0.742100 0.664100
vt 0.711500 0.664100
vt 0.095200 0.436800
vt 0.099600 0.442900
vt 0.094000 0.447600
vt 0.775400 0.658000
vt 0.775400 0.660400
vt 0.781300 0.658000
vt 0.765900 0.669600
vt 0.760900 0.658000
vt 0.748900 0.658000
vt 0.450200 0.759300
vt 0.334500 0.027700
vt 0.330900 0.033900
vt 0.332800 0.034400
vt 0.008300 0.919800
vt 0.029300 0.921500
vt 0.029300 0.919800
vt 0.960400 0.899800
vt 0.958100 0.894400
vt 0.958100 0.900300
vt 0.864600 0.797400
vt 0.538100 0.462900
vt 0.542000 0.459000
vt 0.542000 0.462900
vt 0.927200 0.378500
vt 0.970200 0.255400
vt 0.967300 0.249400
vt 0.616700 0.732700
vt 0.617200 0.720200
vt 0.615700 0.720200
vt 0.609400 0.770000
vt 0.606400 0.770000
vt 0.609900 0.757600
vt 0.625000 0.702400
vt 0.620800 0.704100
vt 0.620100 0.720200
vt 0.619900 0.763700
vt 0.625200 0.763700
vt 0.625000 0.720200
vt 0.545400 0.564100
vt 0.542600 0.567900
vt 0.636700 0.720200
vt 0.631800 0.720200
vt 0.631600 0.763700
vt 0.631800 0.702400
vt 0.636000 0.704100
vt 0.996600 0.924300
vt 0.991800 0.930200
vt 0.991800 0.924300
vt 0.265600 0.422700
vt 0.659400 0.855000
vt 0.609100 0.873000
vt 0.537400 0.882100
vt 0.770000 0.096900
vt 0.775600 0.093000
vt 0.741100 0.687500
vt 0.741100 0.685500
vt 0.367900 0.810200
vt 0.372300 0.810200
vt 0.443400 0.864400
vt 0.446300 0.878800
vt 0.446300 0.864400
vt 0.909800 0.151900
vt 0.925200 0.150000
vt 0.909800 0.150000
vt 0.716700 0.457200
vt 0.767100 0.554700
vt 0.761200 0.237500
vt 0.973800 0.279800
vt 0.862300 0.769500
vt 0.870100 0.775400
vt 0.869100 0.769500
vt 0.420700 0.810700
vt 0.420700 0.814000
vt 0.120100 0.057900
vt 0.110100 0.429900
vt 0.110100 0.371600
vt 0.855500 0.673800
vt 0.958500 0.238600
vt 0.985800 0.393100
vt 0.793100 0.219200
vt 0.783100 0.226800
vt 0.783100 0.219200
vt 0.849200 0.431900
vt 0.848900 0.432100
vt 0.849200 0.432400
vt 0.849600 0.707500
vt 0.879000 0.708400
vt 0.879000 0.709500
vt 0.866200 0.359400
vt 0.874600 0.363300
vt 0.874900 0.359400
vt 0.660000 0.747300
vt 0.689300 0.741700
vt 0.689300 0.750200
vt 0.534200 0.741700
vt 0.528900 0.741700
vt 0.539400 0.741700
vt 0.777800 0.618900
vt 0.985800 0.249400
vt 0.784800 0.867200
vt 0.787000 0.868300
vt 0.788900 0.867700
vt 0.099700 0.356700
vt 0.446300 0.782200
vt 0.449200 0.782200
vt 0.660900 0.723800
vt 0.664100 0.705200
vt 0.664100 0.723800
vt 0.825000 0.962800
vt 0.820600 0.981000
vt 0.825000 0.981000
vt 0.861300 0.472900
vt 0.646000 0.066300
vt 0.633500 0.055400
vt 0.646700 0.055400
vt 0.654300 0.233400
vt 0.586700 0.543500
vt 0.586900 0.528100
vt 0.507600 0.152200
vt 0.503700 0.143100
vt 0.547900 0.459000
vt 0.589100 0.452100
vt 0.282800 0.783700
vt 0.769000 0.538200
vt 0.637700 0.372800
vt 0.637700 0.416300
vt 0.075300 0.591300
vt 0.073400 0.603000
vt 0.078900 0.605100
vt 0.013200 0.907800
vt 0.013200 0.913500
vt 0.639600 0.720200
vt 0.640100 0.732700
vt 0.641100 0.720200
vt 0.943800 0.710700
vt 0.950700 0.880500
vt 0.944800 0.880500
vt 0.637000 0.763700
vt 0.355500 0.447100
vt 0.628400 0.788300
vt 0.633100 0.781000
vt 0.623800 0.781000
vt 0.725600 0.784700
vt 0.724100 0.795300
vt 0.725600 0.795300
vt 0.692600 0.109900
vt 0.692400 0.139300
vt 0.675300 0.090200
vt 0.639600 0.705600
vt 0.025000 0.938000
vt 0.024800 0.938000
vt 0.024900 0.938100
vt 0.509800 0.696800
vt 0.505400 0.688200
vt 0.853900 0.365200
vt 0.862300 0.365200
vt 0.731000 0.795300
vt 0.732400 0.784700
vt 0.732400 0.795300
vt 0.660600 0.135600
vt 0.648200 0.124800
vt 0.648900 0.135600
vt 0.138700 0.809900
vt 0.129400 0.824600
vt 0.129400 0.809800
vt 0.373800 0.874800
vt 0.778300 0.319900
vt 0.789300 0.342900
vt 0.778300 0.342900
vt 0.843400 0.994900
vt 0.892200 0.993300
vt 0.898200 0.985800
vt 0.823200 0.473100
vt 0.822300 0.475100
vt 0.022600 0.858900
vt 0.038200 0.863500
vt 0.521700 0.940700
vt 0.521700 0.935100
vt 0.906300 0.470000
vt 0.894500 0.477500
vt 0.894500 0.487900
vt 0.271900 0.447400
vt 0.894500 0.470000
vt 0.898400 0.470000
vt 0.622600 0.382100
vt 0.534200 0.789400
vt 0.539200 0.769200
vt 0.868300 0.226800
vt 0.858300 0.219200
vt 0.868300 0.219200
vt 0.257800 0.585300
vt 0.505900 0.694000
vt 0.510500 0.696800
vt 0.139000 0.557600
vt 0.129400 0.666500
vt 0.129400 0.557600
vt 0.601900 0.452100
vt 0.645300 0.667200
vt 0.591200 0.664600
vt 0.645300 0.664600
vt 0.056400 0.399500
vt 0.060400 0.374300
vt 0.061900 0.399500
vt 0.886200 0.504900
vt 0.888900 0.508700
vt 0.890600 0.506300
vt 0.964400 0.255400
vt 0.012900 0.696500
vt 0.009200 0.730700
vt 0.008800 0.696500
vt 0.898700 0.687900
vt 0.159100 0.356700
vt 0.155400 0.367700
vt 0.525600 0.414100
vt 0.515900 0.410600
vt 0.515900 0.416000
vt 0.169200 0.352200
vt 0.163300 0.367700
vt 0.163800 0.352200
vt 0.168500 0.367700
vt 0.721100 0.457200
vt 0.721100 0.453000
vt 0.794900 0.083100
vt 0.089400 0.448200
vt 0.033000 0.897200
vt 0.020300 0.898200
vt 0.033000 0.898100
vt 0.814500 0.669100
vt 0.820300 0.663100
vt 0.820300 0.667400
vt 0.820300 0.658800
vt 0.485600 0.982500
vt 0.496300 0.984400
vt 0.485600 0.984000
vt 0.824700 0.556900
vt 0.826200 0.552500
vt 0.823200 0.552500
vt 0.879500 0.228400
vt 0.896600 0.228500
vt 0.919800 0.232400
vt 0.896600 0.232400
vt 0.845600 0.464500
vt 0.836100 0.455000
vt 0.834500 0.382000
vt 0.834500 0.394400
vt 0.802100 0.616500
vt 0.806300 0.616500
vt 0.798600 0.621500
vt 0.779200 0.977400
vt 0.766100 0.995600
vt 0.766100 0.957500
vt 0.123200 0.864300
vt 0.128700 0.875600
vt 0.130900 0.864100
vt 0.016000 0.811600
vt 0.004400 0.779800
vt 0.717800 0.784700
vt 0.716300 0.795300
vt 0.717800 0.795300
vt 0.034300 0.888600
vt 0.036500 0.889300
vt 0.818800 0.408700
vt 0.391800 0.824600
vt 0.386100 0.811400
vt 0.391800 0.803000
vt 0.853900 0.373000
vt 0.624400 0.212200
vt 0.615200 0.234400
vt 0.624400 0.236100
vt 0.300000 0.577500
vt 0.325800 0.532300
vt 0.494400 0.401200
vt 0.503800 0.400900
vt 0.494400 0.399400
vt 0.779800 0.589400
vt 0.787600 0.585400
vt 0.779800 0.585400
vt 0.676300 0.157000
vt 0.610800 0.770000
vt 0.511800 0.456700
vt 0.511800 0.460100
vt 0.606700 0.726600
vt 0.598100 0.701900
vt 0.602800 0.709200
vt 0.593500 0.709200
vt 0.586400 0.757600
vt 0.590600 0.786100
vt 0.585400 0.770000
vt 0.586900 0.770000
vt 0.591400 0.331800
vt 0.804200 0.093000
vt 0.881500 0.083100
vt 0.894500 0.043500
vt 0.882800 0.043500
vt 0.523700 0.590200
vt 0.820600 0.981600
vt 0.825000 0.994600
vt 0.825000 0.981600
vt 0.515900 0.366700
vt 0.525600 0.370100
vt 0.515900 0.372100
vt 0.629400 0.343500
vt 0.591400 0.340600
vt 0.629400 0.341100
vt 0.893100 0.742200
vt 0.888700 0.733400
vt 0.897500 0.733400
vt 0.850000 0.455000
vt 0.855500 0.453500
vt 0.855500 0.464500
vt 0.553300 0.694000
vt 0.554400 0.688200
vt 0.620500 0.430200
vt 0.622700 0.435500
vt 0.621600 0.436000
vt 0.898400 0.652300
vt 0.014800 0.310300
vt 0.009200 0.401200
vt 0.003800 0.310300
vt 0.803800 0.219200
vt 0.793800 0.219200
vt 0.846200 0.530300
vt 0.821800 0.525400
vt 0.846200 0.525400
vt 0.078900 0.367700
vt 0.078900 0.429900
vt 0.605700 0.786100
vt 0.609400 0.784700
vt 0.444100 0.416100
vt 0.441200 0.420200
vt 0.440100 0.421500
vt 0.803100 0.628100
vt 0.812100 0.644200
vt 0.812100 0.628100
vt 0.506100 0.660500
vt 0.685900 0.090800
vt 0.691500 0.110000
vt 0.243900 0.650900
vt 0.249900 0.601400
vt 0.249400 0.648800
vt 0.788300 0.877700
vt 0.776900 0.875600
vt 0.765400 0.877700
vt 0.996600 0.901000
vt 0.991800 0.894800
vt 0.996600 0.894700
vt 0.493300 0.438000
vt 0.489300 0.436800
vt 0.264500 0.095000
vt 0.408800 0.278200
vt 0.330100 0.993700
vt 0.339400 0.992800
vt 0.339400 0.994500
vt 0.242800 0.601400
vt 0.089600 0.352200
vt 0.095000 0.352200
vt 0.090300 0.367700
vt 0.986600 0.954700
vt 0.983500 0.946900
vt 0.986600 0.947300
vt 0.635700 0.336400
vt 0.648700 0.338400
vt 0.635700 0.338400
vt 0.890000 0.228400
vt 0.879400 0.230000
vt 0.676100 0.142800
vt 0.690200 0.144700
vt 0.691000 0.143600
vt 0.991800 0.901100
vt 0.958500 0.167700
vt 0.970900 0.169800
vt 0.970900 0.161600
vt 0.578600 0.877400
vt 0.761600 0.219200
vt 0.568100 0.759800
vt 0.585200 0.222200
vt 0.588100 0.213000
vt 0.583300 0.213000
vt 0.554700 0.531700
vt 0.559100 0.528900
vt 0.793700 0.214400
vt 0.776600 0.089800
vt 0.774700 0.214400
vt 0.766100 0.421800
vt 0.753900 0.932600
vt 0.719700 0.934600
vt 0.958500 0.143900
vt 0.283200 0.747800
vt 0.771900 0.228400
vt 0.167500 0.810300
vt 0.157700 0.824800
vt 0.157700 0.810200
vt 0.546300 0.430300
vt 0.546300 0.443700
vt 0.832500 0.556900
vt 0.834000 0.552500
vt 0.831100 0.552500
vt 0.254100 0.449500
vt 0.340700 0.846200
vt 0.350000 0.854700
vt 0.339400 0.847500
vt 0.635400 0.644000
vt 0.644800 0.649300
vt 0.644800 0.638800
vt 0.521700 0.964600
vt 0.686800 0.970200
vt 0.521700 0.970200
vt 0.357700 0.197600
vt 0.264500 0.053600
vt 0.264500 0.056000
vt 0.888900 0.961200
vt 0.838900 0.960200
vt 0.834000 0.952600
vt 0.557900 0.685400
vt 0.558600 0.685400
vt 0.803700 0.210900
vt 0.939200 0.378900
vt 0.939200 0.257300
vt 0.946800 0.267800
vt 0.650000 0.351100
vt 0.632200 0.353000
vt 0.650000 0.353000
vt 0.242800 0.811600
vt 0.254400 0.779800
vt 0.254400 0.811600
vt 0.254400 0.826200
vt 0.573500 0.213000
vt 0.579300 0.222200
vt 0.578400 0.213000
vt 0.339400 0.991900
vt 0.705600 0.418900
vt 0.671400 0.420200
vt 0.742600 0.370200
vt 0.635900 0.331900
vt 0.645500 0.333500
vt 0.646400 0.332500
vt 0.494400 0.386600
vt 0.503800 0.388300
vt 0.478100 0.993700
vt 0.467300 0.992800
vt 0.467300 0.991900
vt 0.817900 0.214400
vt 0.874500 0.893300
vt 0.027500 0.811500
vt 0.025800 0.664400
vt 0.356400 0.865400
vt 0.351700 0.853800
vt 0.358900 0.865700
vt 0.013300 0.850300
vt 0.023900 0.857500
vt 0.039100 0.893400
vt 0.058200 0.886700
vt 0.011200 0.889200
vt 0.271100 0.179400
vt 0.435200 0.368400
vt 0.656700 0.644000
vt 0.654200 0.640100
vt 0.049700 0.825700
vt 0.060500 0.825700
vt 0.365800 0.438400
vt 0.367100 0.439200
vt 0.784900 0.903100
vt 0.787500 0.903100
vt 0.783400 0.911500
vt 0.554700 0.504100
vt 0.559400 0.501700
vt 0.559100 0.501200
vt 0.471300 0.051600
vt 0.476900 0.051600
vt 0.475500 0.161600
vt 0.159200 0.499300
vt 0.148700 0.429900
vt 0.443400 0.878800
vt 0.440400 0.864400
vt 0.646000 0.135600
vt 0.633500 0.124800
vt 0.634300 0.135600
vt 0.878800 0.910300
vt 0.840800 0.915700
vt 0.954200 0.243900
vt 0.956900 0.245700
vt 0.956900 0.243900
vt 0.865400 0.690300
vt 0.863900 0.697500
vt 0.863900 0.688500
vt 0.159200 0.442900
vt 0.169400 0.448200
vt 0.164800 0.447600
vt 0.547700 0.406000
vt 0.546300 0.423100
vt 0.547700 0.423100
vt 0.695400 0.811200
vt 0.659800 0.809100
vt 0.055400 0.374300
vt 0.057000 0.363200
vt 0.653300 0.234400
vt 0.644200 0.212200
vt 0.653300 0.213900
vt 0.650800 0.348100
vt 0.635400 0.346200
vt 0.635400 0.348100
vt 0.890100 0.237500
vt 0.890100 0.230000
vt 0.530300 0.110200
vt 0.544900 0.073900
vt 0.530300 0.073900
vt 0.723900 0.448400
vt 0.726300 0.446800
vt 0.723900 0.446800
vt 0.964400 0.393100
vt 0.951700 0.249000
vt 0.046900 0.004600
vt 0.798800 0.911600
vt 0.823200 0.915000
vt 0.823200 0.919200
vt 0.678500 0.630900
vt 0.878800 0.915000
vt 0.888200 0.917100
vt 0.878800 0.919300
vt 0.903600 0.911900
vt 0.892600 0.908300
vt 0.550200 0.729100
vt 0.563000 0.725300
vt 0.984700 0.403800
vt 0.057000 0.436900
vt 0.052400 0.439800
vt 0.055400 0.426000
vt 0.213100 0.367700
vt 0.210700 0.386400
vt 0.211400 0.363200
vt 0.470900 0.536300
vt 0.949600 0.907500
vt 0.949600 0.943600
vt 0.946800 0.929400
vt 0.695400 0.803200
vt 0.784900 0.367700
vt 0.817600 0.378700
vt 0.712800 0.833600
vt 0.737300 0.829600
vt 0.198500 0.426000
vt 0.202400 0.399500
vt 0.201800 0.436900
vt 0.458400 0.765900
vt 0.457500 0.773700
vt 0.695400 0.814900
vt 0.681400 0.813400
vt 0.135700 0.875500
vt 0.139500 0.863900
vt 0.676300 0.090800
vt 0.712800 0.825600
vt 0.643800 0.989500
vt 0.563000 0.977100
vt 0.686800 0.987800
vt 0.478500 0.973900
vt 0.459400 0.974500
vt 0.695400 0.835400
vt 0.549000 0.501700
vt 0.550300 0.495500
vt 0.549000 0.494900
vt 0.206400 0.439800
vt 0.203400 0.374300
vt 0.210700 0.412600
vt 0.220100 0.825900
vt 0.220100 0.811400
vt 0.986600 0.886800
vt 0.983500 0.887200
vt 0.895900 0.083100
vt 0.245800 0.696500
vt 0.249600 0.730700
vt 0.246300 0.738800
vt 0.710200 0.995600
vt 0.996600 0.930200
vt 0.991800 0.936200
vt 0.612400 0.689700
vt 0.605800 0.690800
vt 0.605800 0.690100
vt 0.554200 0.591300
vt 0.554200 0.570800
vt 0.574700 0.570800
vt 0.962600 0.860100
vt 0.956500 0.880500
vt 0.957500 0.710700
vt 0.888700 0.003900
vt 0.906500 0.666500
vt 0.919400 0.421800
vt 0.935200 0.421800
vt 0.500200 0.759800
vt 0.231300 0.811500
vt 0.233000 0.664400
vt 0.977800 0.927200
vt 0.982500 0.934000
vt 0.977800 0.933700
vt 0.487700 0.426600
vt 0.923100 0.710700
vt 0.921100 0.880500
vt 0.915200 0.710700
vt 0.716700 0.440900
vt 0.721100 0.444800
vt 0.722200 0.442900
vt 0.505900 0.531700
vt 0.501100 0.529500
vt 0.506300 0.532800
vt 0.937000 0.423600
vt 0.940400 0.591800
vt 0.933100 0.880500
vt 0.977800 0.940300
vt 0.982500 0.946900
vt 0.977800 0.946700
vt 0.533000 0.430800
vt 0.527100 0.426800
vt 0.532100 0.426800
vt 0.019000 0.236800
vt 0.011100 0.122900
vt 0.717300 0.446800
vt 0.721100 0.450700
vt 0.722200 0.448700
vt 0.559100 0.523200
vt 0.559400 0.522800
vt 0.593500 0.630900
vt 0.020300 0.896200
vt 0.020300 0.897200
vt 0.888900 0.977800
vt 0.838900 0.976800
vt 0.843400 0.978300
vt 0.505900 0.520400
vt 0.501100 0.522800
vt 0.501500 0.523200
vt 0.643800 0.915800
vt 0.710200 0.909700
vt 0.058200 0.894700
vt 0.117400 0.886700
vt 0.082200 0.367700
vt 0.090700 0.429900
vt 0.771200 0.762200
vt 0.791900 0.764900
vt 0.805800 0.763400
vt 0.104400 0.874400
vt 0.031100 0.646600
vt 0.227700 0.646600
vt 0.473800 0.300500
vt 0.329500 0.117300
vt 0.272500 0.033700
vt 0.156500 0.004600
vt 0.161100 0.009300
vt 0.452500 0.773700
vt 0.875400 0.430400
vt 0.875500 0.429900
vt 0.875700 0.430200
vt 0.528900 0.788600
vt 0.529200 0.769200
vt 0.534200 0.769200
vt 0.135900 0.499300
vt 0.142800 0.499300
vt 0.138800 0.511500
vt 0.059200 0.122900
vt 0.067700 0.236800
vt 0.254400 0.730700
vt 0.249300 0.738800
vt 0.487100 0.055400
vt 0.499500 0.066300
vt 0.487800 0.066300
vt 0.844200 0.444000
vt 0.849100 0.433000
vt 0.849100 0.444000
vt 0.748300 0.723100
vt 0.742900 0.723100
vt 0.745600 0.720500
vt 0.554200 0.519300
vt 0.554700 0.520400
vt 0.535200 0.590200
vt 0.537100 0.576700
vt 0.535200 0.576700
vt 0.004400 0.724400
vt 0.813200 0.451200
vt 0.827400 0.447300
vt 0.813200 0.447300
vt 0.045400 0.236800
vt 0.120400 0.753200
vt 0.119400 0.747100
vt 0.123800 0.753200
vt 0.369600 0.656000
vt 0.366000 0.640100
vt 0.369300 0.634800
vt 0.744000 0.102100
vt 0.752900 0.102400
vt 0.738300 0.099500
vt 0.364700 0.661900
vt 0.710900 0.784700
vt 0.709500 0.795300
vt 0.709500 0.784700
vt 0.267500 0.786000
vt 0.555100 0.475300
vt 0.540800 0.479000
vt 0.494400 0.370100
vt 0.017100 0.004600
vt 0.004400 0.057900
vt 0.645500 0.778600
vt 0.646200 0.783900
vt 0.656500 0.781300
vt 0.938700 0.860100
vt 0.686800 0.979000
vt 0.230500 0.566000
vt 0.231600 0.572300
vt 0.723900 0.445100
vt 0.726400 0.440900
vt 0.981000 0.865000
vt 0.973900 0.880500
vt 0.978300 0.710700
vt 0.494400 0.384800
vt 0.515900 0.381300
vt 0.986600 0.967700
vt 0.983500 0.960300
vt 0.986600 0.961100
vt 0.247700 0.122900
vt 0.239700 0.236800
vt 0.243400 0.122900
vt 0.568600 0.460700
vt 0.565600 0.456400
vt 0.567700 0.452300
vt 0.825700 0.093000
vt 0.904300 0.476900
vt 0.896500 0.477700
vt 0.543500 0.395400
vt 0.543500 0.390700
vt 0.110100 0.499300
vt 0.099600 0.499300
vt 0.506100 0.666300
vt 0.505400 0.660500
vt 0.505400 0.666300
vt 0.330700 0.528200
vt 0.335000 0.528200
vt 0.470700 0.421800
vt 0.558600 0.560300
vt 0.576200 0.557000
vt 0.056200 0.386400
vt 0.563000 0.928200
vt 0.063000 0.009300
vt 0.061600 0.057900
vt 0.632300 0.805100
vt 0.572000 0.802900
vt 0.448400 0.800000
vt 0.771100 0.867200
vt 0.773300 0.868300
vt 0.770100 0.867900
vt 0.129400 0.753400
vt 0.120100 0.809900
vt 0.471300 0.052900
vt 0.387700 0.052600
vt 0.387800 0.053000
vt 0.191000 0.477800
vt 0.185400 0.603000
vt 0.185400 0.593300
vt 0.243000 0.753200
vt 0.515600 0.040900
vt 0.793600 0.228400
vt 0.776400 0.203400
vt 0.770000 0.206300
vt 0.776400 0.210900
vt 0.302000 0.840600
vt 0.155900 0.864400
vt 0.155000 0.863800
vt 0.524700 0.455100
vt 0.004400 0.753200
vt 0.271500 0.730800
vt 0.269400 0.695100
vt 0.273300 0.610600
vt 0.638800 0.439900
vt 0.139400 0.747100
vt 0.138400 0.753200
vt 0.135000 0.753200
vt 0.982500 0.887200
vt 0.977800 0.894700
vt 0.977800 0.889800
vt 0.870600 0.431200
vt 0.287700 0.545800
vt 0.294700 0.545700
vt 0.292500 0.550700
vt 0.292500 0.540500
vt 0.287400 0.538500
vt 0.282300 0.540500
vt 0.280300 0.545700
vt 0.282300 0.550700
vt 0.287400 0.552700
vt 0.950700 0.535600
vt 0.515600 0.110200
vt 0.209100 0.825700
vt 0.501100 0.501700
vt 0.505900 0.504100
vt 0.501500 0.501200
vt 0.688700 0.514200
vt 0.159200 0.367700
vt 0.148700 0.367700
vt 0.147900 0.057900
vt 0.264500 0.068800
vt 0.262600 0.004000
vt 0.262800 0.033000
vt 0.858800 0.455000
vt 0.864300 0.453500
vt 0.859300 0.453500
vt 0.273200 0.006600
vt 0.275000 0.004900
vt 0.712800 0.813100
vt 0.330000 0.121100
vt 0.380600 0.197900
vt 0.329500 0.122400
vt 0.413700 0.516100
vt 0.413700 0.517000
vt 0.413200 0.515600
vt 0.333100 0.033200
vt 0.376100 0.044700
vt 0.377300 0.043800
vt 0.501000 0.073900
vt 0.486300 0.110200
vt 0.501000 0.110200
vt 0.470000 0.401100
vt 0.470700 0.403300
vt 0.470700 0.401100
vt 0.468100 0.399400
vt 0.380900 0.591600
vt 0.039100 0.895300
vt 0.986600 0.899800
vt 0.795400 0.627600
vt 0.502700 0.152200
vt 0.491900 0.143100
vt 0.497800 0.143100
vt 0.560200 0.457600
vt 0.477500 0.028200
vt 0.471300 0.028200
vt 0.269400 0.734000
vt 0.530000 0.706700
vt 0.229200 0.411900
vt 0.235600 0.293000
vt 0.273300 0.578100
vt 0.327500 0.117300
vt 0.327100 0.118900
vt 0.415700 0.511800
vt 0.416000 0.513400
vt 0.415700 0.513700
vt 0.329500 0.121600
vt 0.329500 0.120100
vt 0.327500 0.119100
vt 0.470700 0.430400
vt 0.591400 0.344000
vt 0.413700 0.514600
vt 0.949600 0.899400
vt 0.946800 0.899800
vt 0.949600 0.895600
vt 0.362500 0.592400
vt 0.266200 0.518700
vt 0.473800 0.341900
vt 0.470300 0.405300
vt 0.470300 0.401100
vt 0.272800 0.006600
vt 0.272800 0.010700
vt 0.538000 0.426800
vt 0.471800 0.448200
vt 0.476800 0.452300
vt 0.477700 0.448200
vt 0.473100 0.450800
vt 0.536600 0.429300
vt 0.527100 0.435300
vt 0.511200 0.437700
vt 0.498500 0.459200
vt 0.482700 0.454000
vt 0.482700 0.456800
vt 0.533300 0.432700
vt 0.476400 0.454200
vt 0.270900 0.615400
vt 0.497900 0.435200
vt 0.497900 0.438600
vt 0.514200 0.666300
vt 0.509800 0.669200
vt 0.558600 0.669200
vt 0.526000 0.386500
vt 0.515900 0.373900
vt 0.526000 0.371800
vt 0.525600 0.384800
vt 0.771200 0.739700
vt 0.805800 0.739700
vt 0.805800 0.734600
vt 0.483900 0.366700
vt 0.494400 0.366700
vt 0.494400 0.381300
vt 0.483900 0.381300
vt 0.536000 0.366700
vt 0.536000 0.381300
vt 0.488400 0.384200
vt 0.488400 0.369500
vt 0.494400 0.371900
vt 0.813200 0.435500
vt 0.827400 0.439500
vt 0.813200 0.439500
vt 0.364600 0.974600
vt 0.295000 0.874800
vt 0.538300 0.706700
vt 0.465100 0.388900
vt 0.463300 0.390600
vt 0.622700 0.430200
vt 0.620500 0.435500
vt 0.408300 0.274400
vt 0.408800 0.273100
vt 0.912200 0.891100
vt 0.909700 0.913200
vt 0.909700 0.886400
vt 0.648200 0.055400
vt 0.660600 0.066300
vt 0.648900 0.066300
vt 0.503800 0.371600
vt 0.503800 0.373700
vt 0.465800 0.388900
vt 0.168100 0.555500
vt 0.168100 0.527200
vt 0.886700 0.477500
vt 0.886700 0.487900
vt 0.712900 0.159200
vt 0.696900 0.150500
vt 0.696900 0.159200
vt 0.827100 0.550300
vt 0.827100 0.541500
vt 0.668000 0.170800
vt 0.563700 0.213000
vt 0.555900 0.222200
vt 0.561800 0.222200
vt 0.695800 0.673100
vt 0.672000 0.664100
vt 0.702500 0.664100
vt 0.261400 0.343900
vt 0.260700 0.367300
vt 0.267000 0.367300
vt 0.695800 0.655000
vt 0.674300 0.655000
vt 0.410800 0.278200
vt 0.411100 0.276600
vt 0.408800 0.275400
vt 0.408800 0.273900
vt 0.410800 0.276400
vt 0.786400 0.696800
vt 0.805900 0.692500
vt 0.786100 0.692500
vt 0.146600 0.562900
vt 0.148700 0.499300
vt 0.513800 0.448100
vt 0.397600 0.912500
vt 0.367300 0.885000
vt 0.367300 0.883100
vt 0.067700 0.477800
vt 0.073400 0.593300
vt 0.605800 0.692000
vt 0.741100 0.691400
vt 0.605800 0.692700
vt 0.644200 0.236100
vt 0.465500 0.388900
vt 0.465500 0.384800
vt 0.718300 0.673100
vt 0.482700 0.448200
vt 0.719700 0.952600
vt 0.686800 0.961400
vt 0.596200 0.959000
vt 0.674600 0.952600
vt 0.686800 0.943800
vt 0.719700 0.945800
vt 0.966200 0.421800
vt 0.981900 0.421800
vt 0.526000 0.415800
vt 0.515900 0.417800
vt 0.526000 0.401100
vt 0.515900 0.401400
vt 0.515900 0.403200
vt 0.525600 0.399400
vt 0.494400 0.396000
vt 0.483900 0.396000
vt 0.494400 0.410600
vt 0.483900 0.410600
vt 0.536000 0.396000
vt 0.536000 0.410600
vt 0.488400 0.413500
vt 0.488400 0.398800
vt 0.091800 0.057900
vt 0.097700 0.009300
vt 0.102300 0.004600
vt 0.385300 0.721600
vt 0.383400 0.701500
vt 0.983500 0.954000
vt 0.618900 0.124800
vt 0.262700 0.170400
vt 0.370500 0.684900
vt 0.366300 0.689600
vt 0.366300 0.660900
vt 0.231300 0.826000
vt 0.912200 0.934800
vt 0.909700 0.939600
vt 0.928100 0.591800
vt 0.934600 0.591800
vt 0.023200 0.581700
vt 0.266500 0.556200
vt 0.270900 0.599400
vt 0.957500 0.886800
vt 0.960200 0.888200
vt 0.964200 0.886800
vt 0.234400 0.559100
vt 0.235600 0.581700
vt 0.929300 0.886700
vt 0.927900 0.915300
vt 0.927900 0.886700
vt 0.932700 0.886700
vt 0.271900 0.447000
vt 0.398400 0.915800
vt 0.250000 0.696500
vt 0.254400 0.724400
vt 0.515900 0.396000
vt 0.371700 0.745200
vt 0.376200 0.765300
vt 0.371000 0.703900
vt 0.771200 0.746600
vt 0.805800 0.751700
vt 0.805800 0.745400
vt 0.938800 0.880500
vt 0.632200 0.351100
vt 0.920400 0.865000
vt 0.913600 0.880500
vt 0.913100 0.867300
vt 0.830300 0.715500
vt 0.396500 0.913300
vt 0.403000 0.907100
vt 0.765000 0.886000
vt 0.768800 0.903100
vt 0.766200 0.903100
vt 0.242800 0.826200
vt 0.836900 0.308100
vt 0.632800 0.004500
vt 0.618200 0.040900
vt 0.618200 0.004500
vt 0.174100 0.888100
vt 0.363300 0.976100
vt 0.169800 0.888400
vt 0.927500 0.880500
vt 0.977800 0.914200
vt 0.982500 0.914100
vt 0.982500 0.920500
vt 0.982500 0.927200
vt 0.044400 0.426000
vt 0.043200 0.399500
vt 0.114900 0.557600
vt 0.112200 0.562900
vt 0.052400 0.361100
vt 0.937600 0.886700
vt 0.971600 0.887600
vt 0.969700 0.898100
vt 0.969700 0.887000
vt 0.971600 0.898700
vt 0.771200 0.750500
vt 0.771200 0.754200
vt 0.963300 0.943600
vt 0.960400 0.929400
vt 0.958100 0.943600
vt 0.977800 0.953600
vt 0.982500 0.960300
vt 0.977800 0.959800
vt 0.478500 0.719000
vt 0.154500 0.566000
vt 0.156500 0.566000
vt 0.780400 0.713900
vt 0.559100 0.495500
vt 0.559400 0.494900
vt 0.788700 0.805200
vt 0.747400 0.814500
vt 0.921000 0.934800
vt 0.918500 0.913200
vt 0.918500 0.939600
vt 0.117900 0.954700
vt 0.061900 0.898300
vt 0.059900 0.898300
vt 0.966800 0.591800
vt 0.118900 0.953600
vt 0.062600 0.898300
vt 0.082000 0.057900
vt 0.067700 0.367700
vt 0.842800 0.547100
vt 0.845700 0.541700
vt 0.845700 0.547100
vt 0.651900 0.532200
vt 0.653800 0.514600
vt 0.653800 0.532200
vt 0.969700 0.917000
vt 0.946500 0.888200
vt 0.943800 0.886800
vt 0.950600 0.886800
vt 0.927900 0.949500
vt 0.929300 0.920900
vt 0.927900 0.920900
vt 0.932700 0.920900
vt 0.546600 0.152200
vt 0.962500 0.880500
vt 0.968300 0.880500
vt 0.898700 0.701000
vt 0.987800 0.880500
vt 0.988300 0.867300
vt 0.980200 0.880500
vt 0.825700 0.121600
vt 0.833300 0.697800
vt 0.826800 0.705400
vt 0.812600 0.705400
vt 0.788700 0.886000
vt 0.761200 0.176300
vt 0.770000 0.214400
vt 0.761200 0.133800
vt 0.561800 0.460700
vt 0.569200 0.453200
vt 0.539400 0.769200
vt 0.982500 0.940400
vt 0.963300 0.899400
vt 0.937600 0.920900
vt 0.969700 0.935200
vt 0.971600 0.924700
vt 0.969700 0.924100
vt 0.960400 0.908100
vt 0.963300 0.907500
vt 0.890600 0.427700
vt 0.890600 0.470000
vt 0.946800 0.893700
vt 0.944500 0.943600
vt 0.343500 0.981100
vt 0.154300 0.893100
vt 0.153000 0.894500
vt 0.512800 0.978000
vt 0.506300 0.976000
vt 0.506300 0.981300
vt 0.212300 0.566000
vt 0.202400 0.696500
vt 0.753900 0.952600
vt 0.753900 0.949700
vt 0.757300 0.952600
vt 0.117400 0.885300
vt 0.134900 0.888700
vt 0.136600 0.887300
vt 0.007600 0.305500
vt 0.497100 0.976100
vt 0.266500 0.618400
vt 0.753900 0.912600
vt 0.719700 0.939000
vt 0.753900 0.909700
vt 0.719700 0.909700
vt 0.387700 0.031300
vt 0.386500 0.004900
vt 0.484100 0.891600
vt 0.537400 0.889900
vt 0.537400 0.893300
vt 0.537400 0.884300
vt 0.454300 0.885000
vt 0.757300 0.909700
vt 0.757300 0.931200
vt 0.753900 0.929700
vt 0.961300 0.135700
vt 0.970900 0.143900
vt 0.651900 0.514600
vt 0.596200 0.946300
vt 0.521700 0.944100
vt 0.956300 0.535600
vt 0.254400 0.057900
vt 0.241700 0.004600
vt 0.857500 0.226800
vt 0.719700 0.959500
vt 0.165600 0.557600
vt 0.011200 0.892000
vt 0.004800 0.891100
vt 0.011200 0.893200
vt 0.021200 0.875500
vt 0.047900 0.875500
vt 0.020500 0.887800
vt 0.020500 0.886500
vt 0.011200 0.887800
vt 0.061200 0.412600
vt 0.060300 0.426000
vt 0.496000 0.426600
vt 0.753900 0.955600
vt 0.619800 0.362100
vt 0.591700 0.359100
vt 0.590200 0.360800
vt 0.004800 0.890300
vt 0.020500 0.894800
vt 0.719700 0.981900
vt 0.753900 0.992700
vt 0.719700 0.988800
vt 0.719700 0.966300
vt 0.494400 0.854500
vt 0.521700 0.857900
vt 0.494400 0.861300
vt 0.753900 0.995600
vt 0.719700 0.995600
vt 0.267000 0.343900
vt 0.171600 0.605100
vt 0.177500 0.810400
vt 0.169600 0.753200
vt 0.945100 0.535600
vt 0.642300 0.882600
vt 0.695600 0.880900
vt 0.642300 0.879200
vt 0.642300 0.888200
vt 0.725300 0.887500
vt 0.757300 0.995600
vt 0.753900 0.972700
vt 0.757300 0.974100
vt 0.753900 0.975600
vt 0.521700 0.961200
vt 0.405800 0.368400
vt 0.439200 0.390600
vt 0.403700 0.367900
vt 0.833300 0.696800
vt 0.826800 0.689100
vt 0.454300 0.894000
vt 0.278300 0.747800
vt 0.214400 0.374300
vt 0.214400 0.426000
vt 0.213400 0.696500
vt 0.563000 0.688200
vt 0.562500 0.694000
vt 0.563000 0.694000
vt 0.510500 0.669200
vt 0.247200 0.400100
vt 0.236200 0.400100
vt 0.241600 0.491100
vt 0.497100 0.969400
vt 0.039100 0.898100
vt 0.020500 0.899800
vt 0.635900 0.333100
vt 0.645500 0.331500
vt 0.520300 0.904500
vt 0.520300 0.917500
vt 0.725300 0.898400
vt 0.483300 0.976000
vt 0.487300 0.976000
vt 0.483300 0.977400
vt 0.487300 0.977400
vt 0.029900 0.890000
vt 0.030300 0.888600
vt 0.029900 0.888600
vt 0.485600 0.985100
vt 0.481800 0.983600
vt 0.032000 0.884000
vt 0.032000 0.885100
vt 0.035800 0.885500
vt 0.032000 0.886600
vt 0.382300 0.855700
vt 0.366500 0.859600
vt 0.366200 0.854100
vt 0.395300 0.866000
vt 0.423000 0.851200
vt 0.423200 0.856700
vt 0.394200 0.844700
vt 0.322500 0.831300
vt 0.338400 0.827400
vt 0.322300 0.825800
vt 0.351300 0.835400
vt 0.351300 0.837600
vt 0.379000 0.822900
vt 0.363300 0.826200
vt 0.379300 0.828400
vt 0.350300 0.818800
vt 0.350200 0.816400
vt 0.770300 0.911500
vt 0.776900 0.912600
vt 0.387000 0.832500
vt 0.391500 0.829800
vt 0.387200 0.836700
vt 0.776900 0.903100
vt 0.767300 0.885700
vt 0.770400 0.884800
vt 0.776900 0.883100
vt 0.766600 0.880400
vt 0.769700 0.882100
vt 0.176800 0.057900
vt 0.191000 0.236800
vt 0.191000 0.367700
vt 0.783300 0.884800
vt 0.786400 0.885700
vt 0.784100 0.882100
vt 0.787100 0.880400
vt 0.663600 0.660000
vt 0.663600 0.669100
vt 0.645300 0.672100
vt 0.589200 0.658400
vt 0.589200 0.670700
vt 0.591200 0.667400
vt 0.788000 0.663100
vt 0.750200 0.696800
vt 0.786100 0.702000
vt 0.786400 0.697800
vt 0.750200 0.697800
vt 0.812600 0.689100
vt 0.806200 0.696800
vt 0.806200 0.697800
vt 0.805900 0.702000
vt 0.996600 0.958900
vt 0.991800 0.953900
vt 0.996600 0.954000
vt 0.805800 0.757100
vt 0.771200 0.758300
vt 0.365400 0.637000
vt 0.770000 0.717800
vt 0.719400 0.742900
vt 0.711500 0.754400
vt 0.689300 0.755400
vt 0.860400 0.523400
vt 0.852500 0.526400
vt 0.852500 0.523400
vt 0.801900 0.712200
vt 0.791300 0.716700
vt 0.800700 0.716700
vt 0.502400 0.135600
vt 0.514900 0.124800
vt 0.501700 0.124800
vt 0.711500 0.756300
vt 0.689300 0.760500
vt 0.711500 0.760700
vt 0.719400 0.767800
vt 0.689300 0.769000
vt 0.711500 0.750000
vt 0.879000 0.711400
vt 0.883700 0.714100
vt 0.883700 0.708700
vt 0.879000 0.714500
vt 0.583700 0.837400
vt 0.510000 0.523200
vt 0.448400 0.838400
vt 0.420700 0.834700
vt 0.420700 0.807900
vt 0.861300 0.507900
vt 0.839400 0.505600
vt 0.448400 0.804200
vt 0.420700 0.805200
vt 0.420700 0.837400
vt 0.138800 0.463700
vt 0.135900 0.477800
vt 0.136100 0.463700
vt 0.136100 0.471400
vt 0.122900 0.477800
vt 0.120000 0.463700
vt 0.122700 0.463700
vt 0.122700 0.471400
vt 0.586900 0.784700
vt 0.617200 0.705600
vt 0.788700 0.841300
vt 0.747400 0.851600
vt 0.747400 0.842300
vt 0.788700 0.797600
vt 0.788700 0.803200
vt 0.747400 0.793900
vt 0.747400 0.819800
vt 0.788700 0.821800
vt 0.747400 0.825200
vt 0.747400 0.805200
vt 0.891200 0.804200
vt 0.891200 0.811000
vt 0.788700 0.855000
vt 0.747400 0.840300
vt 0.747400 0.831100
vt 0.747400 0.783200
vt 0.817700 0.818800
vt 0.747400 0.803200
vt 0.150300 0.984100
vt 0.120000 0.956700
vt 0.150300 0.986100
vt 0.788700 0.827600
vt 0.006800 0.839700
vt 0.011600 0.851300
vt 0.004400 0.839400
vt 0.696200 0.659800
vt 0.681600 0.658100
vt 0.325100 0.841600
vt 0.324700 0.843000
vt 0.753100 0.245700
vt 0.747200 0.241600
vt 0.745400 0.239300
vt 0.840800 0.921600
vt 0.748900 0.764900
vt 0.728300 0.765900
vt 0.728300 0.762200
vt 0.728300 0.746600
vt 0.728300 0.742900
vt 0.748900 0.743900
vt 0.558600 0.696800
vt 0.206500 0.009300
vt 0.217800 0.004600
vt 0.982500 0.967300
vt 0.728300 0.758300
vt 0.728300 0.754600
vt 0.762800 0.757100
vt 0.771200 0.765900
vt 0.771200 0.742900
vt 0.791900 0.743900
vt 0.728300 0.750500
vt 0.762800 0.751700
vt 0.728300 0.754100
vt 0.089400 0.367700
vt 0.474400 0.547600
vt 0.474100 0.589000
vt 0.369300 0.692500
vt 0.388400 0.774300
vt 0.385000 0.762900
vt 0.038700 0.825900
vt 0.676300 0.137300
vt 0.414400 0.812000
vt 0.412600 0.828600
vt 0.417000 0.830600
vt 0.921000 0.891100
vt 0.944500 0.894400
vt 0.878400 0.475100
vt 0.880400 0.431200
vt 0.878400 0.431200
vt 0.515500 0.778100
vt 0.496000 0.748400
vt 0.515700 0.602500
vt 0.488300 0.722000
vt 0.156500 0.557600
vt 0.153700 0.562900
vt 0.047400 0.436900
vt 0.552900 0.778100
vt 0.539400 0.788600
vt 0.572400 0.748400
vt 0.552600 0.602500
vt 0.580100 0.722000
vt 0.529300 0.755200
vt 0.004400 0.730700
vt 0.977800 0.920800
vt 0.744600 0.901000
vt 0.741800 0.880100
vt 0.747400 0.880100
vt 0.407300 0.361600
vt 0.403800 0.367800
vt 0.405500 0.361100
vt 0.739000 0.896700
vt 0.750200 0.896700
vt 0.735600 0.880100
vt 0.753700 0.880100
vt 0.381500 0.586300
vt 0.744600 0.869100
vt 0.735600 0.875400
vt 0.747400 0.878400
vt 0.666000 0.733000
vt 0.657700 0.723800
vt 0.649400 0.733000
vt 0.654500 0.723800
vt 0.666000 0.723800
vt 0.649400 0.723800
vt 0.672900 0.704500
vt 0.681200 0.713700
vt 0.689500 0.704500
vt 0.689500 0.713700
vt 0.877200 0.741500
vt 0.876700 0.725000
vt 0.882100 0.725000
vt 0.871600 0.759300
vt 0.866500 0.725000
vt 0.866000 0.741500
vt 0.861100 0.725000
vt 0.871600 0.725000
vt 0.882100 0.783800
vt 0.881600 0.767300
vt 0.876700 0.783800
vt 0.887200 0.749500
vt 0.892800 0.767300
vt 0.892300 0.783800
vt 0.897700 0.783800
vt 0.887200 0.783800
vt 0.794900 0.262700
vt 0.794900 0.244800
vt 0.811000 0.262700
vt 0.808400 0.244800
vt 0.808400 0.309100
vt 0.805400 0.309100
vt 0.797600 0.284900
vt 0.805400 0.284900
vt 0.805400 0.262700
vt 0.797600 0.262700
vt 0.805400 0.244800
vt 0.789300 0.319900
vt 0.778300 0.295300
vt 0.778300 0.361300
vt 0.775600 0.342900
vt 0.767800 0.342900
vt 0.767800 0.361300
vt 0.775600 0.319900
vt 0.767800 0.295300
vt 0.767800 0.319900
vt 0.815300 0.425200
vt 0.798100 0.408700
vt 0.105100 0.562900
vt 0.102300 0.557600
vt 0.813200 0.431600
vt 0.827400 0.435500
vt 0.653900 0.768600
vt 0.649300 0.763400
vt 0.660000 0.763400
vt 0.008300 0.921500
vt 0.824200 0.541500
vt 0.824200 0.550300
vt 0.107500 0.429900
vt 0.107500 0.367700
vt 0.581200 0.994600
vt 0.554900 0.990500
vt 0.554900 0.993300
vt 0.554200 0.505000
vt 0.550300 0.501200
vt 0.495100 0.253400
vt 0.494100 0.253400
vt 0.485400 0.272100
vt 0.896600 0.224600
vt 0.919800 0.228500
vt 0.111300 0.004600
vt 0.083300 0.009300
vt 0.092900 0.009300
vt 0.615200 0.213900
vt 0.022500 0.952100
vt 0.022500 0.973600
vt 0.821800 0.520500
vt 0.835900 0.541500
vt 0.835900 0.550300
vt 0.696800 0.435400
vt 0.690400 0.439700
vt 0.696800 0.451300
vt 0.793100 0.226800
vt 0.413100 0.874900
vt 0.373900 0.875000
vt 0.173600 0.356600
vt 0.752700 0.418200
vt 0.258300 0.655800
vt 0.259300 0.663500
vt 0.259300 0.655800
vt 0.645400 0.439900
vt 0.742700 0.159100
vt 0.827400 0.443400
vt 0.431600 0.878800
vt 0.434600 0.864400
vt 0.846200 0.520500
vt 0.821800 0.515600
vt 0.821300 0.541500
vt 0.789300 0.381600
vt 0.450200 0.755500
vt 0.450200 0.753900
vt 0.494000 0.434900
vt 0.265600 0.399400
vt 0.334600 0.027600
vt 0.380400 0.004900
vt 0.299100 0.004900
vt 0.520500 0.458300
vt 0.774700 0.210900
vt 0.547000 0.994600
vt 0.520800 0.990500
vt 0.547000 0.990500
vt 0.776600 0.093000
vt 0.803200 0.093000
vt 0.819100 0.093000
vt 0.813000 0.093000
vt 0.651400 0.705200
vt 0.654500 0.705200
vt 0.883500 0.367300
vt 0.826400 0.127400
vt 0.827400 0.127400
vt 0.826400 0.176800
vt 0.827400 0.176800
vt 0.505400 0.694000
vt 0.151200 0.429900
vt 0.958500 0.179900
vt 0.473600 0.719000
vt 0.110600 0.809900
vt 0.112900 0.566000
vt 0.385500 0.610700
vt 0.387700 0.611200
vt 0.387500 0.679300
vt 0.469600 0.621300
vt 0.101100 0.810200
vt 0.104200 0.566000
vt 0.465900 0.486900
vt 0.466400 0.481600
vt 0.723900 0.246500
vt 0.464600 0.502400
vt 0.464600 0.510500
vt 0.399700 0.774500
vt 0.461300 0.550900
vt 0.464500 0.566400
vt 0.464600 0.536000
vt 0.467800 0.550900
vt 0.468500 0.536000
vt 0.461300 0.515400
vt 0.721100 0.440900
vt 0.716700 0.443400
vt 0.400100 0.982400
vt 0.385300 0.586300
vt 0.383300 0.582200
vt 0.383300 0.586300
vt 0.578700 0.358300
vt 0.579100 0.351700
vt 0.910200 0.427700
vt 0.910200 0.470000
vt 0.398600 0.915400
vt 0.824700 0.210900
vt 0.650800 0.346200
vt 0.253400 0.669900
vt 0.252400 0.678200
vt 0.253400 0.678200
vt 0.521200 0.143100
vt 0.527100 0.152200
vt 0.522200 0.152200
vt 0.786300 0.939600
vt 0.799300 0.921400
vt 0.786300 0.921400
vt 0.738500 0.090200
vt 0.990600 0.409900
vt 0.991700 0.414700
vt 0.992800 0.409900
vt 0.496300 0.981900
vt 0.896500 0.487900
vt 0.904300 0.477500
vt 0.904300 0.487900
vt 0.450200 0.757100
vt 0.169400 0.367700
vt 0.436200 0.864000
vt 0.436200 0.863500
vt 0.435800 0.863800
vt 0.573500 0.222200
vt 0.568600 0.213000
vt 0.567600 0.222200
vt 0.852800 0.749100
vt 0.815300 0.745200
vt 0.814100 0.749100
vt 0.656400 0.334100
vt 0.665000 0.331800
vt 0.665000 0.334100
vt 0.898700 0.719000
vt 0.898700 0.707800
vt 0.898700 0.725700
vt 0.890600 0.673800
vt 0.485400 0.273700
vt 0.569300 0.253400
vt 0.570300 0.253400
vt 0.579100 0.272100
vt 0.487100 0.124800
vt 0.649300 0.750200
vt 0.820600 0.962800
vt 0.825000 0.942900
vt 0.820600 0.942900
vt 0.675300 0.157500
vt 0.688500 0.164800
vt 0.688800 0.148400
vt 0.632200 0.434100
vt 0.907600 0.497600
vt 0.893200 0.500500
vt 0.907600 0.500500
vt 0.668000 0.793500
vt 0.679400 0.778800
vt 0.676800 0.793500
vt 0.089400 0.429900
vt 0.090700 0.527200
vt 0.090700 0.555500
vt 0.517300 0.152200
vt 0.778800 0.921400
vt 0.765700 0.939600
vt 0.765700 0.921400
vt 0.854500 0.547100
vt 0.851600 0.541700
vt 0.854500 0.541700
vt 0.517900 0.567900
vt 0.021200 0.884800
vt 0.021200 0.883800
vt 0.668700 0.630900
vt 0.795400 0.360600
vt 0.811000 0.314700
vt 0.811000 0.360600
vt 0.853600 0.359400
vt 0.702600 0.435400
vt 0.698700 0.447000
vt 0.698700 0.435400
vt 0.709000 0.514200
vt 0.510000 0.528900
vt 0.095700 0.429900
vt 0.486800 0.616900
vt 0.488800 0.601800
vt 0.488800 0.616900
vt 0.544700 0.143100
vt 0.536900 0.152200
vt 0.538800 0.143100
vt 0.562300 0.660500
vt 0.935100 0.257300
vt 0.927200 0.257400
vt 0.935100 0.257400
vt 0.892300 0.725700
vt 0.892300 0.707800
vt 0.892300 0.722500
vt 0.725300 0.878400
vt 0.778600 0.554700
vt 0.591700 0.362500
vt 0.619800 0.359600
vt 0.244400 0.497300
vt 0.242700 0.509500
vt 0.241000 0.497300
vt 0.242700 0.497300
vt 0.289600 0.564100
vt 0.278100 0.593100
vt 0.910900 0.857900
vt 0.050400 0.874400
vt 0.050200 0.874400
vt 0.050300 0.874600
vt 0.021000 0.874600
vt 0.020900 0.874400
vt 0.021100 0.874400
vt 0.719700 0.977500
vt 0.742900 0.381600
vt 0.542100 0.590200
vt 0.716200 0.142800
vt 0.716600 0.142900
vt 0.716400 0.143300
vt 0.107500 0.371600
vt 0.110100 0.425900
vt 0.107500 0.425900
vt 0.821800 0.530300
vt 0.846200 0.535200
vt 0.821800 0.535200
vt 0.661900 0.434200
vt 0.658700 0.427600
vt 0.665000 0.425900
vt 0.490700 0.616900
vt 0.607200 0.647700
vt 0.370100 0.877200
vt 0.696500 0.728000
vt 0.702400 0.732900
vt 0.702400 0.723100
vt 0.605500 0.444100
vt 0.605500 0.370400
vt 0.545500 0.383100
vt 0.583500 0.372200
vt 0.545500 0.366000
vt 0.455800 0.971100
vt 0.255700 0.577800
vt 0.257900 0.505000
vt 0.485100 0.930200
vt 0.512800 0.947500
vt 0.485100 0.944800
vt 0.633800 0.630900
vt 0.935100 0.378500
vt 0.543500 0.135600
vt 0.531000 0.124800
vt 0.531700 0.135600
vt 0.120100 0.824600
vt 0.110600 0.824600
vt 0.844200 0.377800
vt 0.842300 0.394700
vt 0.842300 0.377800
vt 0.539100 0.755200
vt 0.350600 0.342900
vt 0.267000 0.342700
vt 0.267000 0.343000
vt 0.523400 0.484500
vt 0.530300 0.486300
vt 0.530300 0.484500
vt 0.021200 0.887200
vt 0.779500 0.371800
vt 0.444100 0.399400
vt 0.490700 0.601800
vt 0.952300 0.408000
vt 0.957500 0.411900
vt 0.953600 0.411900
vt 0.762800 0.745400
vt 0.750200 0.646000
vt 0.742900 0.606700
vt 0.735600 0.646000
vt 0.119800 0.675400
vt 0.129400 0.736100
vt 0.123400 0.738400
vt 0.905600 0.336200
vt 0.648700 0.341300
vt 0.701900 0.714200
vt 0.705600 0.708100
vt 0.699000 0.708100
vt 0.836400 0.394400
vt 0.836400 0.382000
vt 0.135700 0.506200
vt 0.135600 0.513900
vt 0.134300 0.557600
vt 0.210400 0.426000
vt 0.628200 0.363300
vt 0.591100 0.222200
vt 0.593000 0.213000
vt 0.994000 0.403800
vt 0.628200 0.360600
vt 0.489600 0.601300
vt 0.490000 0.601100
vt 0.489600 0.600800
vt 0.373400 0.765300
vt 0.078900 0.591300
vt 0.089200 0.593300
vt 0.162700 0.383800
vt 0.756800 0.715600
vt 0.793000 0.089800
vt 0.587200 0.514200
vt 0.201800 0.363200
vt 0.695200 0.135100
vt 0.687000 0.090200
vt 0.675300 0.138400
vt 0.381000 0.981800
vt 0.481100 0.976700
vt 0.653000 0.514000
vt 0.652800 0.514300
vt 0.652700 0.514000
vt 0.874800 0.373000
vt 0.874800 0.365200
vt 0.687500 0.713700
vt 0.687500 0.732300
vt 0.736200 0.150600
vt 0.718500 0.159200
vt 0.718500 0.150500
vt 0.863800 0.444000
vt 0.858900 0.433000
vt 0.863800 0.433000
vt 0.549800 0.456300
vt 0.545900 0.456300
vt 0.736200 0.159200
vt 0.779800 0.565400
vt 0.983500 0.940400
vt 0.986600 0.940700
vt 0.157300 0.057900
vt 0.163100 0.429900
vt 0.497300 0.970900
vt 0.484600 0.971900
vt 0.484600 0.971100
vt 0.589400 0.342300
vt 0.589400 0.333500
vt 0.048100 0.412600
vt 0.085200 0.356600
vt 0.876500 0.431200
vt 0.876500 0.475100
vt 0.649300 0.747300
vt 0.653900 0.742200
vt 0.269400 0.736500
vt 0.499500 0.135600
vt 0.487800 0.135600
vt 0.304900 0.576900
vt 0.333500 0.541300
vt 0.711300 0.485400
vt 0.632800 0.452800
vt 0.600200 0.485400
vt 0.455300 0.864000
vt 0.719400 0.754400
vt 0.996600 0.947600
vt 0.991800 0.947500
vt 0.933100 0.412400
vt 0.935100 0.403100
vt 0.175500 0.009300
vt 0.165900 0.009300
vt 0.073400 0.009300
vt 0.072000 0.057900
vt 0.656400 0.338500
vt 0.665000 0.338500
vt 0.530300 0.040900
vt 0.544900 0.004500
vt 0.959500 0.403100
vt 0.958900 0.408000
vt 0.636600 0.439900
vt 0.636600 0.434100
vt 0.537100 0.541600
vt 0.883400 0.697500
vt 0.884900 0.690300
vt 0.884600 0.699100
vt 0.770000 0.089800
vt 0.536900 0.590200
vt 0.562500 0.688200
vt 0.874500 0.475100
vt 0.549800 0.450900
vt 0.771100 0.864300
vt 0.773300 0.863200
vt 0.775300 0.863800
vt 0.510300 0.495500
vt 0.511600 0.494900
vt 0.506300 0.491600
vt 0.501500 0.495500
vt 0.501100 0.494900
vt 0.523700 0.486300
vt 0.530300 0.576700
vt 0.123200 0.513900
vt 0.119800 0.557600
vt 0.554200 0.491600
vt 0.616700 0.135600
vt 0.604200 0.124800
vt 0.605000 0.135600
vt 0.024300 0.649000
vt 0.714100 0.712400
vt 0.717300 0.718000
vt 0.720500 0.712400
vt 0.960900 0.591800
vt 0.515100 0.564100
vt 0.502000 0.560300
vt 0.484400 0.557000
vt 0.996600 0.936200
vt 0.991800 0.941900
vt 0.982500 0.954000
vt 0.471300 0.051400
vt 0.387700 0.051400
vt 0.782600 0.228400
vt 0.752700 0.246500
vt 0.747200 0.339500
vt 0.752700 0.348500
vt 0.747200 0.349100
vt 0.727200 0.340900
vt 0.721100 0.354000
vt 0.736100 0.363200
vt 0.736100 0.337500
vt 0.803100 0.644200
vt 0.129400 0.753200
vt 0.838900 0.943600
vt 0.888900 0.944600
vt 0.843400 0.945100
vt 0.575800 0.421300
vt 0.575800 0.407800
vt 0.970900 0.135700
vt 0.129400 0.477800
vt 0.138800 0.477800
vt 0.932500 0.243900
vt 0.929800 0.245700
vt 0.932500 0.245700
vt 0.123000 0.506200
vt 0.958500 0.175900
vt 0.367300 0.885600
vt 0.396400 0.913700
vt 0.753100 0.349500
vt 0.564500 0.566600
vt 0.550000 0.581100
vt 0.564500 0.595500
vt 0.939200 0.249000
vt 0.944200 0.243900
vt 0.941000 0.245700
vt 0.949200 0.249000
vt 0.947400 0.245700
vt 0.803700 0.459100
vt 0.927200 0.249000
vt 0.927200 0.257300
vt 0.690400 0.793500
vt 0.701900 0.778800
vt 0.687700 0.778800
vt 0.929200 0.412400
vt 0.931200 0.415300
vt 0.845500 0.709500
vt 0.603500 0.004500
vt 0.588900 0.040900
vt 0.588900 0.004500
vt 0.946800 0.403100
vt 0.941000 0.415300
vt 0.944000 0.411900
vt 0.656400 0.341300
vt 0.665000 0.341300
vt 0.955600 0.415300
vt 0.854100 0.697500
vt 0.855600 0.690300
vt 0.854100 0.688500
vt 0.959500 0.249000
vt 0.954200 0.245700
vt 0.574200 0.040900
vt 0.935100 0.249000
vt 0.771200 0.754600
vt 0.738000 0.846200
vt 0.726800 0.842800
vt 0.726800 0.849600
vt 0.362200 0.350800
vt 0.405200 0.362300
vt 0.361000 0.351700
vt 0.597800 0.452100
vt 0.597800 0.459000
vt 0.558800 0.124800
vt 0.544900 0.110200
vt 0.545700 0.124800
vt 0.602100 0.066300
vt 0.589600 0.055400
vt 0.602800 0.055400
vt 0.931200 0.126300
vt 0.939000 0.126300
vt 0.935100 0.238900
vt 0.728600 0.450900
vt 0.546300 0.406000
vt 0.505900 0.688200
vt 0.558800 0.213000
vt 0.550000 0.222200
vt 0.719700 0.970700
vt 0.886200 0.497100
vt 0.890600 0.498500
vt 0.888900 0.500900
vt 0.745400 0.339500
vt 0.553700 0.456300
vt 0.553700 0.450900
vt 0.458000 0.778300
vt 0.455100 0.778300
vt 0.197100 0.057900
vt 0.500200 0.055400
vt 0.007800 0.973600
vt 0.559600 0.073900
vt 0.996600 0.889800
vt 0.991800 0.887200
vt 0.870600 0.475100
vt 0.543500 0.066300
vt 0.531000 0.055400
vt 0.544200 0.055400
vt 0.789100 0.459100
vt 0.537100 0.484500
vt 0.511400 0.529500
vt 0.514400 0.563500
vt 0.996600 0.941900
vt 0.543500 0.383100
vt 0.543500 0.366000
vt 0.762800 0.763400
vt 0.135400 0.738400
vt 0.139000 0.675400
vt 0.497800 0.484500
vt 0.794900 0.013300
vt 0.517900 0.484500
vt 0.771200 0.774200
vt 0.788000 0.768100
vt 0.805800 0.769000
vt 0.523700 0.484500
vt 0.518200 0.484500
vt 0.542600 0.541600
vt 0.546100 0.563500
vt 0.148200 0.824600
vt 0.148200 0.809900
vt 0.505500 0.475300
vt 0.505900 0.484500
vt 0.892300 0.701000
vt 0.554700 0.484500
vt 0.542600 0.484500
vt 0.138700 0.824600
vt 0.254400 0.753200
vt 0.860400 0.520500
vt 0.852500 0.520500
vt 0.591200 0.673500
vt 0.589200 0.673500
vt 0.602100 0.135600
vt 0.590300 0.135600
vt 0.613000 0.641400
vt 0.575700 0.135600
vt 0.588100 0.124800
vt 0.575000 0.124800
vt 0.591200 0.655600
vt 0.589200 0.655600
vt 0.434600 0.878800
vt 0.535200 0.612900
vt 0.533200 0.598000
vt 0.533200 0.612900
vt 0.581400 0.401600
vt 0.583500 0.384500
vt 0.581400 0.384500
vt 0.631300 0.135600
vt 0.619600 0.135600
vt 0.947900 0.118200
vt 0.941900 0.118200
vt 0.941900 0.219400
vt 0.647500 0.110200
vt 0.647500 0.073900
vt 0.529500 0.055400
vt 0.516400 0.055400
vt 0.689900 0.166100
vt 0.782300 0.219200
vt 0.561000 0.135600
vt 0.573500 0.124800
vt 0.560300 0.124800
vt 0.661400 0.124800
vt 0.458400 0.761400
vt 0.538300 0.222200
vt 0.549100 0.213000
vt 0.544200 0.213000
vt 0.631300 0.066300
vt 0.618900 0.055400
vt 0.632100 0.055400
vt 0.517100 0.135600
vt 0.529500 0.124800
vt 0.516400 0.124800
vt 0.871100 0.508700
vt 0.874000 0.481600
vt 0.871100 0.481600
vt 0.860400 0.529300
vt 0.852500 0.532200
vt 0.852500 0.529300
vt 0.617400 0.055400
vt 0.605000 0.066300
vt 0.604200 0.055400
vt 0.574200 0.110200
vt 0.813200 0.443400
vt 0.559600 0.110200
vt 0.575000 0.055400
vt 0.827800 0.464500
vt 0.820800 0.462600
vt 0.831100 0.461500
vt 0.603500 0.040900
vt 0.820800 0.464100
vt 0.737500 0.138200
vt 0.749800 0.119300
vt 0.749800 0.138200
vt 0.016600 0.973600
vt 0.016600 0.952100
vt 0.649400 0.416300
vt 0.645500 0.416300
vt 0.678700 0.452800
vt 0.071000 0.810800
vt 0.071000 0.825400
vt 0.403000 0.907200
vt 0.396600 0.913500
vt 0.655800 0.447000
vt 0.709500 0.477700
vt 0.602100 0.477700
vt 0.941900 0.238900
vt 0.953100 0.230600
vt 0.953500 0.233400
vt 0.517100 0.066300
vt 0.528800 0.066300
vt 0.541700 0.152200
vt 0.550500 0.143100
vt 0.935100 0.118200
vt 0.931200 0.219400
vt 0.939000 0.219400
vt 0.896100 0.223000
vt 0.895900 0.223000
vt 0.896100 0.223300
vt 0.821200 0.772600
vt 0.851600 0.776500
vt 0.815300 0.776500
vt 0.167500 0.825000
vt 0.903300 0.213900
vt 0.920300 0.223000
vt 0.920500 0.223300
vt 0.920300 0.223300
vt 0.617400 0.124800
vt 0.896600 0.236300
vt 0.919800 0.236300
vt 0.554000 0.213000
vt 0.544200 0.222200
vt 0.532000 0.152200
vt 0.533000 0.143100
vt 0.825800 0.228400
vt 0.527100 0.222900
vt 0.556400 0.152200
vt 0.497800 0.152200
vt 0.573500 0.142300
vt 0.597900 0.213000
vt 0.602800 0.213000
vt 0.635500 0.371600
vt 0.635000 0.371600
vt 0.635100 0.371800
vt 0.510300 0.501200
vt 0.898700 0.722500
vt 0.754900 0.246500
vt 0.740500 0.278200
vt 0.740500 0.233200
vt 0.755500 0.354000
vt 0.755100 0.278200
vt 0.749400 0.340900
vt 0.530300 0.004500
vt 0.527100 0.143100
vt 0.740500 0.337500
vt 0.740500 0.363200
vt 0.722200 0.457200
vt 0.723300 0.453000
vt 0.880400 0.475100
vt 0.986600 0.935800
vt 0.097900 0.499300
vt 0.099600 0.557600
vt 0.868200 0.481600
vt 0.868200 0.508700
vt 0.728600 0.448400
vt 0.594100 0.369400
vt 0.594100 0.369900
vt 0.594500 0.369600
vt 0.918900 0.245600
vt 0.846800 0.270800
vt 0.847300 0.245600
vt 0.659200 0.196000
vt 0.720500 0.190200
vt 0.754900 0.200400
vt 0.744100 0.225800
vt 0.712900 0.150400
vt 0.665000 0.417200
vt 0.718000 0.184300
vt 0.709500 0.183100
vt 0.709500 0.166000
vt 0.741900 0.166000
vt 0.860400 0.517600
vt 0.852500 0.517600
vt 0.561000 0.066300
vt 0.573500 0.055400
vt 0.572800 0.066300
vt 0.553300 0.666300
vt 0.554200 0.666300
vt 0.989400 0.403800
vt 0.720200 0.235400
vt 0.711700 0.217000
vt 0.720200 0.218000
vt 0.687700 0.235400
vt 0.674800 0.200900
vt 0.702100 0.181600
vt 0.709700 0.212900
vt 0.686300 0.176300
vt 0.481400 0.750000
vt 0.478500 0.750000
vt 0.898200 0.427200
vt 0.897800 0.427000
vt 0.897800 0.427500
vt 0.882800 0.673800
vt 0.742100 0.433100
vt 0.737800 0.430200
vt 0.737800 0.455300
vt 0.747600 0.434900
vt 0.757300 0.455300
vt 0.753100 0.433100
vt 0.757300 0.430200
vt 0.772900 0.429000
vt 0.763200 0.456800
vt 0.763200 0.430200
vt 0.782700 0.456800
vt 0.557900 0.669200
vt 0.021200 0.872600
vt 0.782700 0.430200
vt 0.817900 0.647800
vt 0.826700 0.644200
vt 0.817900 0.628100
vt 0.501500 0.528900
vt 0.038700 0.811400
vt 0.027500 0.826000
vt 0.010100 0.300200
vt 0.004600 0.302400
vt 0.797900 0.459100
vt 0.832400 0.896300
vt 0.819800 0.880400
vt 0.823700 0.896900
vt 0.602800 0.222200
vt 0.596900 0.222200
vt 0.515600 0.073900
vt 0.081300 0.825200
vt 0.532600 0.263600
vt 0.845500 0.371700
vt 0.597700 0.370400
vt 0.267000 0.344100
vt 0.723000 0.400500
vt 0.731200 0.370200
vt 0.671400 0.441400
vt 0.260700 0.390600
vt 0.350600 0.364300
vt 0.633800 0.372800
vt 0.991800 0.918500
vt 0.996600 0.918500
vt 0.605800 0.684200
vt 0.741100 0.683600
vt 0.120000 0.477800
vt 0.632800 0.040900
vt 0.846800 0.310100
vt 0.921800 0.329600
vt 0.846800 0.329600
vt 0.919800 0.220700
vt 0.896600 0.220700
vt 0.574200 0.004500
vt 0.608600 0.222200
vt 0.546400 0.135600
vt 0.517900 0.541600
vt 0.185400 0.009300
vt 0.186800 0.057900
vt 0.574200 0.073900
vt 0.645400 0.432700
vt 0.638800 0.431900
vt 0.641000 0.422700
vt 0.303100 0.027000
vt 0.331200 0.032600
vt 0.302000 0.025600
vt 0.991800 0.912500
vt 0.662100 0.110200
vt 0.662100 0.073900
vt 0.492700 0.470500
vt 0.749800 0.141400
vt 0.737500 0.119300
vt 0.737500 0.141400
vt 0.583500 0.401600
vt 0.800900 0.391100
vt 0.823100 0.389200
vt 0.823100 0.391100
vt 0.848600 0.541700
vt 0.848600 0.547100
vt 0.613300 0.465800
vt 0.698200 0.465800
vt 0.726300 0.450900
vt 0.723900 0.450900
vt 0.605800 0.683000
vt 0.605800 0.682300
vt 0.727700 0.457200
vt 0.638400 0.639500
vt 0.638400 0.648600
vt 0.506800 0.571000
vt 0.504100 0.592500
vt 0.489000 0.592500
vt 0.722200 0.453000
vt 0.603500 0.073900
vt 0.583500 0.376800
vt 0.588100 0.055400
vt 0.575700 0.066300
vt 0.720200 0.727700
vt 0.716600 0.733800
vt 0.713600 0.727700
vt 0.728800 0.217800
vt 0.597500 0.459000
vt 0.597500 0.452100
vt 0.497300 0.972900
vt 0.497300 0.971900
vt 0.661400 0.055400
vt 0.005500 0.951800
vt 0.005400 0.951500
vt 0.005200 0.951800
vt 0.005400 0.974000
vt 0.005200 0.974200
vt 0.005500 0.974200
vt 0.018100 0.951500
vt 0.018200 0.951800
vt 0.017900 0.951800
vt 0.018200 0.974200
vt 0.018100 0.974000
vt 0.017900 0.974200
vt 0.822300 0.485800
vt 0.782200 0.865700
vt 0.783800 0.867900
vt 0.784800 0.864300
vt 0.783800 0.863500
vt 0.787000 0.863200
vt 0.788900 0.863800
vt 0.844800 0.684700
vt 0.844800 0.681500
vt 0.446800 0.891100
vt 0.443800 0.888200
vt 0.446800 0.885300
vt 0.440900 0.891100
vt 0.440900 0.885300
vt 0.768600 0.865700
vt 0.770100 0.863500
vt 0.000000 1.000000
vt 0.025500 0.634900
vt 0.102800 0.429900
vt 0.621700 0.381200
vt 0.621500 0.381500
vt 0.621500 0.381200
vt 0.762800 0.774200
vt 0.745000 0.768100
vt 0.728300 0.769000
vt 0.986200 0.710700
vt 0.990500 0.857900
vt 0.793700 0.210900
vt 0.817900 0.210900
vt 0.860400 0.532200
vt 0.852500 0.535200
vt 0.800900 0.393100
vt 0.823100 0.393100
vt 0.633800 0.416300
vt 0.629900 0.372800
vt 0.025000 0.937000
vt 0.024800 0.937000
vt 0.024900 0.936900
vt 0.531300 0.612900
vt 0.531300 0.598000
vt 0.929800 0.243900
vt 0.490000 0.617700
vt 0.489600 0.617900
vt 0.489600 0.617400
vt 0.004400 0.826200
vt 0.016000 0.826200
vt 0.854000 0.444000
vt 0.369600 0.630100
vt 0.629900 0.416300
vt 0.145900 0.566000
vt 0.823100 0.395000
vt 0.800900 0.395000
vt 0.635300 0.371500
vt 0.459700 0.536000
vt 0.649300 0.760500
vt 0.649300 0.755400
vt 0.800900 0.387200
vt 0.823100 0.387200
vt 0.026400 0.931400
vt 0.196900 0.399500
vt 0.202600 0.386400
vt 0.886700 0.427700
vt 0.775300 0.867700
vt 0.893200 0.506300
vt 0.907600 0.503400
vt 0.893200 0.503400
vt 0.839400 0.495400
vt 0.861300 0.493000
vt 0.837500 0.491800
vt 0.435900 0.864000
vt 0.435900 0.863500
vt 0.436300 0.863800
vt 0.649400 0.372800
vt 0.435200 0.368500
vt 0.407100 0.362900
vt 0.407500 0.361800
vt 0.892300 0.719000
vt 0.854000 0.433000
vt 0.858900 0.444000
vt 0.741100 0.689500
vt 0.726300 0.448400
vt 0.007800 0.952100
vt 0.009800 0.973600
vt 0.009800 0.952100
vt 0.949600 0.889900
vt 0.187700 0.825400
vt 0.729700 0.716300
vt 0.732900 0.710700
vt 0.736100 0.716300
vt 0.993200 0.988500
vt 0.981400 0.974400
vt 0.996100 0.974400
vt 0.121100 0.955800
vt 0.150300 0.983500
vt 0.121200 0.955400
vt 0.860400 0.526400
vt 0.026500 0.236800
vt 0.605800 0.688800
vt 0.087200 0.591300
vt 0.514900 0.055400
vt 0.501700 0.055400
vt 0.823200 0.477100
vt 0.037600 0.937900
vt 0.037600 0.940900
vt 0.030300 0.945900
vt 0.857400 0.546900
vt 0.860400 0.543900
vt 0.857400 0.543900
vt 0.179900 0.591300
vt 0.183500 0.605100
vt 0.714100 0.846200
vt 0.725300 0.849600
vt 0.725300 0.842800
vt 0.502400 0.066300
vt 0.514200 0.066300
vt 0.762800 0.739700
vt 0.728300 0.739700
vt 0.728300 0.734600
vt 0.198400 0.374300
vt 0.834500 0.433000
vt 0.894500 0.479900
vt 0.886700 0.479900
vt 0.907600 0.506300
vt 0.893200 0.509300
vt 0.256300 0.655800
vt 0.255400 0.663500
vt 0.256300 0.663500
vt 0.153000 0.870700
vt 0.116000 0.477800
vt 0.557900 0.696800
vt 0.486800 0.601800
vt 0.484900 0.616900
vt 0.484900 0.601800
vt 0.851600 0.547100
vt 0.946800 0.908100
vt 0.511400 0.522800
vt 0.632200 0.432700
vt 0.630000 0.423600
vt 0.636600 0.422700
vt 0.028300 0.948200
vt 0.963300 0.892900
vt 0.709000 0.630900
vt 0.894500 0.476900
vt 0.757600 0.723400
vt 0.613300 0.444100
vt 0.991700 0.249400
vt 0.293700 0.578200
vt 0.169600 0.593300
vt 0.591700 0.350300
vt 0.619800 0.353300
vt 0.859700 0.909200
vt 0.576400 0.497900
vt 0.762200 0.289600
vt 0.807900 0.981600
vt 0.864600 0.791500
vt 0.147700 0.992200
vt 0.143800 0.994400
vt 0.061800 0.898100
vt 0.119000 0.953700
vt 0.112700 0.960100
vt 0.112900 0.961700
vt 0.114600 0.961900
vt 0.150800 0.988400
vt 0.546000 0.755200
vt 0.362500 0.515600
vt 0.759300 0.711400
vt 0.176800 0.436800
vt 0.472200 0.473900
vt 0.986600 0.913800
vt 0.851600 0.760900
vt 0.089200 0.603000
vt 0.619600 0.441400
vt 0.045400 0.696500
vt 0.056400 0.696500
vt 0.082000 0.436800
vt 0.259300 0.670700
vt 0.889800 0.219200
vt 0.800200 0.391200
vt 0.972800 0.393100
vt 0.972800 0.279800
vt 0.973800 0.275400
vt 0.974700 0.268100
vt 0.256300 0.677200
vt 0.874900 0.699100
vt 0.830300 0.717200
vt 0.818800 0.406400
vt 0.895600 0.403800
vt 0.818800 0.401200
vt 0.861300 0.483600
vt 0.969600 0.403800
vt 0.815300 0.219200
vt 0.018600 0.973600
vt 0.486300 0.004500
vt 0.639900 0.835900
vt 0.647300 0.806600
vt 0.635100 0.814300
vt 0.374300 0.806900
vt 0.298900 0.004900
vt 0.298900 0.021700
vt 0.303100 0.027100
vt 0.475600 0.225100
vt 0.467200 0.216100
vt 0.376000 0.044900
vt 0.380600 0.004900
vt 0.879900 0.481600
vt 0.750200 0.681500
vt 0.805900 0.688700
vt 0.148700 0.371600
vt 0.830100 0.550300
vt 0.847300 0.278800
vt 0.759300 0.725100
vt 0.823600 0.391200
vt 0.420700 0.828600
vt 0.728500 0.443400
vt 0.728500 0.440900
vt 0.817700 0.805200
vt 0.781700 0.725300
vt 0.487200 0.224700
vt 0.454600 0.864000
vt 0.815300 0.729600
vt 0.003900 0.952100
vt 0.101400 0.057900
vt 0.110100 0.367700
vt 0.061300 0.864500
vt 0.643300 0.794900
vt 0.654300 0.792200
vt 0.653600 0.797600
vt 0.271800 0.447400
vt 0.044400 0.374300
vt 0.919900 0.003900
vt 0.708500 0.451300
vt 0.674800 0.713700
vt 0.503800 0.417600
vt 0.830600 0.382000
vt 0.546500 0.769200
vt 0.662100 0.004500
vt 0.786600 0.957500
vt 0.785800 0.613300
vt 0.367900 0.793300
vt 0.515000 0.688200
vt 0.496600 0.601800
vt 0.253400 0.658700
vt 0.361600 0.793300
vt 0.853100 0.452500
vt 0.708100 0.664100
vt 0.848900 0.444800
vt 0.849200 0.445100
vt 0.849200 0.444600
vt 0.783900 0.284900
vt 0.050000 0.873500
vt 0.632300 0.845600
vt 0.112500 0.960000
vt 0.039300 0.898300
vt 0.104500 0.994300
vt 0.143700 0.994100
vt 0.147500 0.991900
vt 0.114600 0.962000
vt 0.558100 0.066300
vt 0.717300 0.451700
vt 0.400100 0.983900
vt 0.739700 0.655000
vt 0.332600 0.027200
vt 0.960400 0.915600
vt 0.956200 0.888700
vt 0.957900 0.889400
vt 0.958100 0.915600
vt 0.958100 0.908400
vt 0.538100 0.459000
vt 0.454300 0.874000
vt 0.659400 0.853000
vt 0.698500 0.852800
vt 0.725800 0.863800
vt 0.725800 0.866700
vt 0.659400 0.867900
vt 0.865700 0.766600
vt 0.861300 0.775400
vt 0.849400 0.432100
vt 0.849000 0.431900
vt 0.849000 0.432400
vt 0.845500 0.707500
vt 0.849600 0.706700
vt 0.866200 0.363300
vt 0.660000 0.740700
vt 0.452100 0.782200
vt 0.454100 0.782200
vt 0.440400 0.782200
vt 0.443400 0.782200
vt 0.634300 0.066300
vt 0.075300 0.605100
vt 0.724100 0.784700
vt 0.024900 0.937900
vt 0.731000 0.784700
vt 0.834000 0.985800
vt 0.835400 0.990400
vt 0.838900 0.993400
vt 0.888900 0.994400
vt 0.895600 0.990400
vt 0.906300 0.427700
vt 0.894500 0.427700
vt 0.888900 0.504000
vt 0.886200 0.507800
vt 0.822400 0.555200
vt 0.827000 0.555200
vt 0.836100 0.464500
vt 0.796300 0.614400
vt 0.796300 0.610000
vt 0.804200 0.612700
vt 0.804200 0.620200
vt 0.796500 0.618800
vt 0.779200 0.995600
vt 0.122300 0.875700
vt 0.004400 0.811600
vt 0.716300 0.784700
vt 0.503800 0.403000
vt 0.820600 0.994600
vt 0.896500 0.739300
vt 0.889600 0.739300
vt 0.850500 0.453500
vt 0.553300 0.688200
vt 0.246800 0.654100
vt 0.648700 0.336400
vt 0.771600 0.219200
vt 0.830200 0.555200
vt 0.834800 0.555200
vt 0.257100 0.452600
vt 0.251600 0.454700
vt 0.898200 0.952600
vt 0.895600 0.957200
vt 0.892200 0.960100
vt 0.843400 0.961700
vt 0.835400 0.957200
vt 0.811500 0.210900
vt 0.938100 0.378900
vt 0.938100 0.257300
vt 0.949200 0.267800
vt 0.020500 0.893100
vt 0.350600 0.343900
vt 0.351800 0.364300
vt 0.351800 0.390600
vt 0.357700 0.390600
vt 0.357700 0.353900
vt 0.362300 0.350600
vt 0.262800 0.233900
vt 0.439300 0.390600
vt 0.439300 0.373800
vt 0.654200 0.647900
vt 0.646700 0.124800
vt 0.865100 0.699100
vt 0.052200 0.009300
vt 0.467500 0.533300
vt 0.946800 0.915700
vt 0.949600 0.915000
vt 0.197600 0.412600
vt 0.211400 0.436900
vt 0.612400 0.691200
vt 0.578900 0.581100
vt 0.574700 0.591300
vt 0.721100 0.446800
vt 0.717300 0.449200
vt 0.033000 0.896400
vt 0.892200 0.976700
vt 0.473800 0.339500
vt 0.875600 0.430400
vt 0.875200 0.430200
vt 0.745600 0.725800
vt 0.741800 0.104600
vt 0.741800 0.111900
vt 0.750700 0.109900
vt 0.710900 0.795300
vt 0.004400 0.004600
vt 0.654300 0.778600
vt 0.643300 0.781300
vt 0.653600 0.783900
vt 0.983500 0.967300
vt 0.561800 0.456400
vt 0.566000 0.452900
vt 0.896500 0.476900
vt 0.337900 0.534500
vt 0.337900 0.531500
vt 0.559100 0.560300
vt 0.632300 0.797000
vt 0.471300 0.052500
vt 0.183500 0.591300
vt 0.515600 0.004500
vt 0.159400 0.861200
vt 0.864300 0.464500
vt 0.332900 0.034200
vt 0.486300 0.073900
vt 0.771200 0.734600
vt 0.788000 0.740700
vt 0.382700 0.980500
vt 0.159200 0.557600
vt 0.160900 0.499300
vt 0.674300 0.673100
vt 0.143900 0.566000
vt 0.143900 0.557600
vt 0.148800 0.562900
vt 0.612400 0.691600
vt 0.741100 0.693400
vt 0.612400 0.693100
vt 0.739700 0.673100
vt 0.632100 0.124800
vt 0.023100 0.568500
vt 0.273300 0.597300
vt 0.235700 0.568500
vt 0.234100 0.608500
vt 0.258800 0.696500
vt 0.114900 0.566000
vt 0.110000 0.562900
vt 0.781700 0.711200
vt 0.119100 0.953400
vt 0.842800 0.541700
vt 0.971600 0.917600
vt 0.844800 0.697800
vt 0.761200 0.208300
vt 0.761200 0.098400
vt 0.756300 0.133800
vt 0.756300 0.172100
vt 0.153800 0.870700
vt 0.347800 0.980700
vt 0.497100 0.974400
vt 0.477500 0.004900
vt 0.254400 0.004600
vt 0.436300 0.369900
vt 0.439200 0.373900
vt 0.357900 0.390600
vt 0.357900 0.353900
vt 0.844800 0.696800
vt 0.215600 0.399500
vt 0.024400 0.899800
vt 0.453900 0.905800
vt 0.453900 0.908700
vt 0.481200 0.919700
vt 0.520300 0.919400
vt 0.991800 0.961400
vt 0.800700 0.725600
vt 0.806000 0.725600
vt 0.791300 0.712200
vt 0.514200 0.135600
vt 0.837500 0.509200
vt 0.861300 0.506700
vt 0.864600 0.816900
vt 0.211900 0.004600
vt 0.977800 0.964700
vt 0.391800 0.777200
vt 0.476000 0.609000
vt 0.418500 0.828600
vt 0.418500 0.814000
vt 0.417000 0.812000
vt 0.412600 0.814000
vt 0.414400 0.830600
vt 0.918500 0.886400
vt 0.944500 0.915700
vt 0.944500 0.908400
vt 0.942500 0.888700
vt 0.944200 0.889400
vt 0.944500 0.900300
vt 0.405600 0.368300
vt 0.753700 0.875400
vt 0.750200 0.871300
vt 0.739000 0.871300
vt 0.741800 0.878400
vt 0.102300 0.566000
vt 0.827400 0.431600
vt 0.649300 0.768600
vt 0.581200 0.990500
vt 0.919800 0.224600
vt 0.258300 0.663500
vt 0.846200 0.515600
vt 0.821300 0.550300
vt 0.332500 0.027100
vt 0.299100 0.021600
vt 0.380400 0.041600
vt 0.520800 0.993300
vt 0.793000 0.093000
vt 0.651400 0.723800
vt 0.151200 0.367700
vt 0.142800 0.477800
vt 0.252400 0.669900
vt 0.799300 0.959500
vt 0.496300 0.985400
vt 0.896500 0.477500
vt 0.851600 0.745200
vt 0.656400 0.331800
vt 0.500200 0.124800
vt 0.692400 0.143200
vt 0.675300 0.142300
vt 0.689800 0.170000
vt 0.665300 0.778800
vt 0.093100 0.557600
vt 0.778800 0.959500
vt 0.795400 0.314700
vt 0.702600 0.447000
vt 0.553300 0.660500
vt 0.716200 0.143300
vt 0.716100 0.143200
vt 0.716100 0.142900
vt 0.716400 0.142800
vt 0.716600 0.143200
vt 0.658700 0.435400
vt 0.699000 0.723100
vt 0.699000 0.732900
vt 0.704800 0.728000
vt 0.512800 0.927500
vt 0.544200 0.124800
vt 0.350500 0.342500
vt 0.750200 0.606700
vt 0.119600 0.696500
vt 0.129400 0.696500
vt 0.705600 0.714200
vt 0.489500 0.601100
vt 0.489900 0.601300
vt 0.489900 0.600800
vt 0.757600 0.713100
vt 0.206400 0.361100
vt 0.649300 0.742200
vt 0.655800 0.448200
vt 0.715800 0.508300
vt 0.595700 0.508300
vt 0.455300 0.851800
vt 0.719400 0.756300
vt 0.883400 0.688500
vt 0.124500 0.557600
vt 0.717300 0.710700
vt 0.714100 0.716300
vt 0.720500 0.716300
vt 0.501500 0.560300
vt 0.892200 0.943500
vt 0.699200 0.793500
vt 0.855300 0.699100
vt 0.735100 0.849600
vt 0.735100 0.842800
vt 0.405400 0.361300
vt 0.590300 0.066300
vt 0.886200 0.500000
vt 0.888900 0.496200
vt 0.443400 0.778300
vt 0.440400 0.778300
vt 0.446300 0.778300
vt 0.449200 0.778300
vt 0.452100 0.778300
vt 0.531700 0.066300
vt 0.805800 0.774200
vt 0.771200 0.769000
vt 0.519800 0.479000
vt 0.587400 0.135600
vt 0.535200 0.598000
vt 0.572800 0.135600
vt 0.619600 0.066300
vt 0.528800 0.135600
vt 0.616700 0.066300
vt 0.593800 0.508300
vt 0.624800 0.455200
vt 0.686800 0.455200
vt 0.717800 0.508300
vt 0.845700 0.772600
vt 0.177500 0.825200
vt 0.963300 0.915000
vt 0.920500 0.223000
vt 0.635400 0.371800
vt 0.983500 0.934000
vt 0.731300 0.446800
vt 0.731300 0.449200
vt 0.776900 0.884800
vt 0.594400 0.369400
vt 0.594000 0.369600
vt 0.594400 0.369900
vt 0.921800 0.272200
vt 0.736300 0.225600
vt 0.724600 0.207300
vt 0.754900 0.235400
vt 0.560300 0.055400
vt 0.674800 0.166000
vt 0.694600 0.176500
vt 0.706300 0.192100
vt 0.466800 0.750000
vt 0.465100 0.750000
vt 0.469700 0.750000
vt 0.472700 0.750000
vt 0.475600 0.750000
vt 0.898100 0.427500
vt 0.898100 0.427000
vt 0.897700 0.427200
vt 0.830600 0.897400
vt 0.831500 0.896900
vt 0.833200 0.895700
vt 0.833800 0.894900
vt 0.834400 0.894000
vt 0.834900 0.893100
vt 0.835200 0.892200
vt 0.835400 0.891200
vt 0.835400 0.880400
vt 0.819900 0.891200
vt 0.820100 0.892200
vt 0.820400 0.893100
vt 0.820900 0.894000
vt 0.821400 0.894900
vt 0.822100 0.895700
vt 0.822900 0.896300
vt 0.824600 0.897400
vt 0.825600 0.897700
vt 0.826600 0.897900
vt 0.827600 0.897900
vt 0.828700 0.897900
vt 0.829700 0.897700
vt 0.350600 0.344100
vt 0.612400 0.683800
vt 0.921800 0.310100
vt 0.558100 0.135600
vt 0.588900 0.073900
vt 0.330800 0.033700
vt 0.484100 0.497900
vt 0.800900 0.389200
vt 0.612400 0.681900
vt 0.741100 0.681600
vt 0.612400 0.683300
vt 0.486300 0.586900
vt 0.486300 0.571000
vt 0.506800 0.586900
vt 0.496600 0.595000
vt 0.587400 0.066300
vt 0.720200 0.733800
vt 0.484600 0.972800
vt 0.104500 0.403300
vt 0.621700 0.381500
vt 0.728300 0.774200
vt 0.762800 0.769000
vt 0.860400 0.535200
vt 0.024900 0.937100
vt 0.489900 0.617400
vt 0.489900 0.617900
vt 0.489500 0.617700
vt 0.886700 0.470000
vt 0.861300 0.494300
vt 0.580300 0.663000
vt 0.660000 0.770000
vt 0.949600 0.892900
vt 0.488000 0.663000
vt 0.732900 0.718000
vt 0.729700 0.712400
vt 0.736100 0.712400
vt 0.984400 0.988500
vt 0.612400 0.689200
vt 0.044900 0.945900
vt 0.860400 0.546900
vt 0.717000 0.842800
vt 0.717000 0.849600
vt 0.762800 0.734600
vt 0.745000 0.740700
vt 0.834500 0.444000
vt 0.907600 0.509300
vt 0.255400 0.655800
s 1
usemtl mat_old_mig_body
f 1/1/1 2/2/1 3/3/1
f 4/4/2 2/2/3 5/1/1
f 5541/5/4 5535/6/5 5539/7/6
f 1559/8/7 1558/9/7 1556/9/7
f 6208/10/8 6196/11/8 6195/12/8
f 226/13/9 227/14/10 228/15/11
f 6254/16/12 6251/17/13 6252/18/14
f 35/19/8 34/20/8 36/21/8
f 772/22/15 770/23/16 769/24/16
f 38/25/17 39/26/18 40/27/19
f 2609/28/20 2061/29/21 2610/30/22
f 4178/31/23 4177/32/24 4180/32/24
f 126/33/25 125/34/26 128/35/27
f 7073/36/28 7074/37/28 7076/38/29
f 38/25/17 64/27/30 39/26/18
f 656/39/31 1007/40/32 1006/41/33
f 7909/42/34 7911/43/35 7913/44/36
f 73/45/37 74/46/37 75/47/37
f 6320/48/38 6322/49/39 6323/50/40
f 5790/51/41 5786/52/42 5788/53/43
f 86/54/44 85/55/45 84/56/46
f 87/57/47 85/55/45 86/54/44
f 913/58/48 912/59/48 915/60/48
f 3283/61/49 3284/62/50 3341/63/51
f 3852/64/52 3853/65/53 3854/66/54
f 78/67/55 82/68/56 81/69/57
f 4601/70/58 1371/71/59 4429/72/60
f 87/57/47 79/73/61 76/74/62
f 678/75/63 673/76/64 676/77/65
f 90/78/66 95/79/67 88/78/66
f 99/80/68 100/81/69 101/82/69
f 423/83/70 422/84/71 421/85/71
f 2852/86/72 2850/87/73 2849/88/74
f 118/89/75 119/90/76 117/91/77
f 139/92/78 140/93/79 142/89/80
f 754/94/81 755/95/81 757/96/81
f 3006/97/82 3008/98/83 3010/99/84
f 166/100/85 165/101/86 168/102/86
f 2073/103/87 3575/104/88 2071/105/89
f 143/91/90 141/90/91 142/89/80
f 6361/106/92 6360/107/93 6358/108/94
f 152/109/95 153/110/96 151/111/97
f 638/112/98 690/113/99 689/114/100
f 157/115/101 158/116/101 160/111/102
f 62/117/103 43/118/104 44/119/105
f 4241/120/106 4240/121/106 4239/122/107
f 58/123/108 6/124/109 8/125/110
f 91/126/111 90/78/66 88/78/66
f 191/127/112 190/128/113 189/129/114
f 178/130/115 177/131/116 175/129/117
f 679/132/118 678/75/63 680/133/118
f 71/134/119 47/135/120 72/136/121
f 29/137/122 28/138/123 31/139/124
f 188/130/125 189/129/114 187/131/126
f 3651/140/127 1978/141/128 3650/142/129
f 68/143/130 11/144/131 13/145/131
f 5982/146/132 5977/147/133 5981/148/134
f 1656/149/135 1659/150/136 1660/150/137
f 6302/151/138 6305/152/139 6303/153/140
f 193/154/141 192/155/112 194/156/141
f 1912/157/142 1908/158/143 1913/159/144
f 216/160/8 217/161/8 218/162/8
f 2997/163/145 2043/164/146 1985/165/147
f 224/166/148 219/167/149 223/168/150
f 5569/169/151 5575/170/152 5568/171/153
f 803/172/154 802/173/155 805/174/156
f 5810/175/157 5809/176/158 5821/177/159
f 2860/178/160 2861/179/161 2876/180/162
f 2184/181/163 2199/182/164 2201/183/165
f 5364/184/166 5909/185/167 5906/186/168
f 328/187/169 314/13/170 318/188/171
f 233/189/172 225/188/173 235/190/174
f 238/191/175 239/192/176 219/167/149
f 240/193/177 227/14/10 224/166/148
f 235/190/174 225/188/173 236/194/178
f 241/195/179 237/187/180 228/15/11
f 2599/196/181 1364/197/182 1346/198/183
f 2053/199/184 2052/200/185 2050/201/186
f 249/202/187 250/203/188 251/204/189
f 252/205/190 250/203/188 249/202/187
f 918/206/191 919/133/192 921/75/193
f 258/207/194 259/208/195 260/209/196
f 261/210/197 259/208/195 258/207/194
f 6271/165/198 6270/211/199 6272/212/200
f 258/207/194 266/213/201 261/210/197
f 267/214/202 266/213/201 258/207/194
f 267/214/202 268/215/203 266/213/201
f 2903/216/204 2899/217/205 2898/218/206
f 6172/219/207 6173/27/208 6174/220/209
f 272/221/210 274/222/211 273/223/212
f 4106/224/213 4096/225/214 4095/226/215
f 275/227/216 277/228/217 276/229/218
f 280/230/219 279/231/220 281/232/221
f 282/233/222 283/234/223 284/235/224
f 715/172/225 633/236/226 775/237/227
f 272/221/210 285/238/228 274/222/211
f 287/239/229 288/240/230 281/232/221
f 2278/241/231 1983/242/232 2939/243/233
f 285/238/228 290/244/234 274/222/211
f 279/231/220 287/239/229 281/232/221
f 4126/245/235 4110/246/236 4094/247/237
f 4119/248/238 4116/233/239 4123/249/240
f 4080/250/241 4095/226/242 4104/251/243
f 2992/252/244 2379/253/245 2035/254/246
f 292/255/247 255/256/248 247/257/249
f 293/258/250 262/259/251 263/260/252
f 293/258/250 264/261/253 262/259/251
f 292/255/247 247/257/249 248/262/254
f 294/263/255 295/264/256 257/265/257
f 4597/266/258 4591/267/259 4600/268/260
f 298/269/261 296/270/262 249/202/187
f 298/269/261 249/202/187 251/204/189
f 294/263/255 299/271/263 295/264/256
f 249/202/187 299/271/263 294/263/255
f 294/263/255 257/265/257 249/202/187
f 249/202/187 257/265/257 252/205/190
f 303/272/264 301/273/265 304/274/266
f 301/273/265 305/275/267 304/274/266
f 1386/276/268 1383/277/269 1385/278/270
f 286/248/271 291/279/272 301/273/265
f 4137/280/273 4143/281/274 4136/273/275
f 308/282/276 309/283/277 300/280/278
f 301/273/265 291/279/272 305/275/267
f 302/284/279 286/248/271 301/273/265
f 312/285/280 310/167/281 317/166/282
f 558/286/283 557/287/283 556/288/283
f 2518/289/284 2517/290/285 2515/291/286
f 2395/292/287 2396/293/288 2394/294/289
f 1975/295/290 3651/140/127 3652/296/291
f 3499/297/292 3476/298/293 2676/299/294
f 2345/300/295 3351/301/296 2815/302/297
f 326/190/298 318/188/171 324/189/299
f 224/166/148 225/188/173 238/191/175
f 310/167/281 330/192/300 329/191/301
f 317/166/282 315/14/302 331/193/303
f 327/194/304 318/188/171 326/190/298
f 316/15/305 328/187/169 332/195/306
f 3986/303/307 1826/304/308 1835/303/309
f 1296/305/310 1297/306/311 1400/71/312
f 2532/307/313 2278/241/231 2681/308/314
f 6664/309/315 6663/310/316 6665/311/317
f 348/312/318 385/313/319 380/314/320
f 487/315/321 491/316/322 488/317/323
f 103/34/324 102/33/325 105/35/324
f 352/318/326 355/319/327 356/320/328
f 360/321/329 359/322/330 348/312/318
f 3059/323/331 3080/324/332 3081/325/333
f 362/326/334 363/327/335 356/320/328
f 5213/328/336 5129/329/337 5128/330/338
f 1429/331/339 1427/332/340 1428/333/341
f 7315/334/342 7314/335/343 7319/336/344
f 2429/337/345 2428/338/346 2426/339/347
f 630/340/348 712/341/349 631/342/350
f 2806/343/351 2805/344/352 1645/345/353
f 636/346/354 635/347/355 633/236/226
f 355/319/327 352/318/326 380/314/320
f 376/348/356 378/349/357 361/350/358
f 385/313/319 386/351/359 380/314/320
f 2844/352/360 2842/353/361 2841/354/362
f 2432/355/363 3681/356/364 2430/357/365
f 383/358/366 349/359/367 382/360/368
f 4085/361/369 4084/261/370 4087/259/371
f 7893/362/372 7892/363/373 7890/364/374
f 3392/365/375 3416/366/376 3417/367/377
f 6657/368/378 6658/369/379 6656/370/378
f 3393/371/380 3392/365/375 3395/372/381
f 350/373/382 402/374/383 351/375/384
f 1973/376/385 2155/377/386 2152/378/387
f 2951/379/388 2941/380/389 2943/381/390
f 2911/382/391 2907/383/392 2908/384/393
f 2731/385/394 2354/386/395 3251/387/396
f 2909/388/397 2907/383/392 2911/382/391
f 354/389/398 408/390/399 404/391/400
f 354/389/398 353/392/401 409/393/402
f 407/394/403 410/395/404 353/392/401
f 350/373/382 411/396/405 402/374/383
f 402/374/383 403/397/406 351/375/384
f 353/392/401 410/395/404 409/393/402
f 354/389/398 409/393/402 408/390/399
f 3658/398/407 3659/399/408 3660/400/409
f 109/401/410 106/402/411 108/403/412
f 1053/404/413 615/405/414 614/406/415
f 5796/79/416 5795/78/417 5793/78/417
f 2060/407/418 2059/408/419 2057/409/420
f 802/173/155 1157/410/421 1156/411/422
f 4272/412/423 4269/413/424 4270/413/425
f 5322/414/426 5307/415/427 5324/416/428
f 7841/328/429 7840/329/430 7842/417/431
f 2033/418/432 2032/419/433 2030/420/434
f 628/421/435 627/422/436 626/423/437
f 1046/424/438 602/425/439 1047/426/440
f 448/427/8 434/428/441 449/429/8
f 654/430/442 653/431/443 656/39/31
f 1862/432/444 1861/433/445 1864/434/446
f 2598/435/447 2960/436/448 2975/437/449
f 6691/438/450 6690/439/451 6693/440/452
f 803/172/154 601/342/453 804/341/454
f 1669/441/455 1668/442/456 2328/443/457
f 502/444/458 503/445/459 504/446/460
f 507/447/461 505/448/462 506/449/463
f 508/450/464 507/447/461 506/449/463
f 509/451/465 507/447/461 508/450/464
f 3824/452/466 3823/453/467 3826/454/468
f 511/455/469 512/456/470 510/457/471
f 513/458/472 512/456/470 511/455/469
f 513/458/472 514/459/473 512/456/470
f 3406/460/474 3405/461/475 3403/462/476
f 5371/463/477 5368/464/478 5369/465/479
f 1688/466/480 1687/467/481 1686/467/482
f 7163/38/483 7162/468/483 7161/37/483
f 5646/469/484 5643/470/485 5544/471/486
f 4872/459/487 4875/472/488 4877/473/489
f 544/474/490 545/475/491 543/476/492
f 546/477/493 545/475/491 544/474/490
f 2431/478/494 2430/357/365 2433/479/495
f 713/174/496 775/237/227 774/480/497
f 2258/481/498 2143/482/499 2256/483/500
f 11/144/131 10/484/501 13/145/131
f 6600/440/502 6698/485/503 6699/486/503
f 767/487/504 764/77/505 765/76/505
f 2288/488/506 2287/489/507 2285/490/508
f 1189/491/509 1188/492/510 1190/493/511
f 5744/494/512 5743/495/513 5742/496/514
f 1394/497/515 3003/498/516 2998/499/517
f 3990/500/518 1839/501/519 1823/502/520
f 2357/503/521 2954/504/522 2955/505/523
f 580/506/524 579/507/525 581/508/526
f 242/509/527 254/510/528 256/511/529
f 2386/512/530 2387/513/531 2388/514/532
f 1458/515/533 640/516/534 637/517/535
f 561/518/536 503/445/459 505/448/462
f 1577/326/537 1578/519/538 1580/520/539
f 592/521/540 507/447/461 509/451/465
f 2484/522/541 2476/523/542 2479/524/543
f 6338/525/544 6354/457/545 6355/526/546
f 1003/527/547 1002/528/548 1005/529/549
f 1218/96/550 1217/530/550 1220/94/550
f 660/531/551 659/532/552 657/533/553
f 4881/451/554 4879/455/555 4880/450/556
f 4368/534/557 4367/535/558 4366/535/558
f 622/536/559 621/537/559 624/538/559
f 4872/459/487 4867/539/560 4871/540/561
f 2174/541/562 2173/542/563 2176/543/564
f 1271/544/565 1050/545/566 1270/546/567
f 6130/547/568 6129/548/559 6132/549/569
f 807/550/570 617/551/571 806/552/572
f 6562/553/573 6560/554/8 6559/555/8
f 6067/556/574 6070/557/575 6069/558/576
f 463/559/577 464/560/578 465/561/578
f 692/562/579 691/563/580 694/564/581
f 1059/565/582 906/566/583 1012/567/584
f 1639/568/585 1640/569/586 1641/569/587
f 539/570/283 540/571/283 542/572/283
f 6400/573/588 6396/574/589 6398/575/590
f 2295/576/591 2294/577/592 2292/578/593
f 1621/579/594 1565/580/595 1567/580/596
f 1264/581/597 1205/582/598 1206/583/599
f 4313/584/600 4316/585/600 4315/585/600
f 5803/48/601 5813/49/602 5802/586/603
f 345/587/604 344/588/604 347/589/605
f 132/401/606 129/402/607 130/590/608
f 725/591/609 752/592/610 726/593/611
f 753/594/612 752/592/610 725/591/609
f 741/595/559 737/596/613 742/597/614
f 725/591/609 724/598/615 727/599/616
f 530/600/617 529/601/618 527/602/619
f 4672/603/620 4641/604/621 4671/603/620
f 2448/605/622 1991/606/623 1988/607/624
f 5209/328/625 5249/329/626 5250/330/627
f 760/75/628 761/132/629 763/206/628
f 782/608/630 776/609/631 778/610/632
f 781/611/633 776/609/631 782/608/630
f 608/612/559 607/613/559 605/614/559
f 2071/105/89 3576/615/634 3567/616/635
f 1221/617/636 1003/527/547 1222/618/636
f 938/619/637 937/620/638 936/621/639
f 443/622/640 429/623/641 431/624/642
f 593/625/643 960/626/644 959/627/644
f 4533/628/283 4532/583/283 4535/581/645
f 716/95/81 717/94/81 719/530/81
f 778/610/632 786/629/646 785/609/647
f 1816/630/648 3992/631/649 3990/500/518
f 1886/632/650 1884/633/650 3815/634/651
f 154/635/652 155/636/653 153/110/96
f 1147/637/654 1145/638/655 1143/639/656
f 1252/640/657 4361/641/658 1253/641/659
f 1053/404/413 1052/642/660 1055/643/661
f 4270/413/425 4268/644/662 4267/644/663
f 6164/26/664 6165/645/665 6167/646/666
f 4624/647/667 4620/648/668 4623/649/667
f 618/650/669 617/551/571 620/651/670
f 4852/652/671 4895/653/672 4896/654/673
f 4346/655/674 4343/656/675 4345/655/676
f 5738/657/677 5739/658/678 5740/659/679
f 1048/410/680 714/173/681 1148/411/682
f 6062/660/683 6061/661/684 6059/662/685
f 732/663/686 733/664/687 734/665/688
f 1273/666/689 1339/667/690 1340/668/691
f 970/75/692 761/132/629 762/133/629
f 5384/669/693 5383/670/694 5381/669/695
f 81/69/57 80/671/696 83/672/697
f 920/132/698 934/75/699 919/133/192
f 4289/596/700 4284/673/701 4288/674/702
f 1014/529/703 1157/410/421 1017/528/704
f 1238/675/575 1235/676/705 1236/677/706
f 2163/678/644 2164/679/644 2167/680/644
f 3842/681/707 3841/682/707 3844/683/707
f 758/591/708 752/592/610 753/594/612
f 726/593/611 752/592/610 758/591/708
f 617/551/571 822/684/709 806/552/572
f 4357/685/710 4358/534/557 4360/534/711
f 7052/686/712 7051/687/713 7049/688/712
f 5599/689/714 5600/690/651 5659/691/651
f 853/692/715 852/693/715 850/694/715
f 2234/695/716 2233/696/717 3056/697/718
f 123/698/719 122/699/720 124/700/719
f 6136/547/721 6135/701/722 6138/549/721
f 923/77/723 918/206/191 921/75/193
f 1754/702/559 1723/703/724 1722/703/725
f 2836/704/726 2840/705/727 2841/354/362
f 2698/706/728 2674/707/729 2696/708/730
f 803/172/154 1304/236/731 1303/346/732
f 3040/709/733 2821/710/734 2823/711/735
f 1227/667/736 1214/666/737 1228/668/738
f 6003/712/739 5979/713/740 6004/714/741
f 1017/528/704 1016/527/742 1014/529/703
f 612/715/743 611/716/744 609/717/745
f 2239/718/746 2238/719/747 2236/720/748
f 2417/721/749 2416/722/750 2414/723/750
f 613/724/751 787/480/752 789/725/101
f 1111/726/753 1101/727/754 1110/728/755
f 1942/729/756 2557/730/757 1943/731/758
f 1338/732/759 981/733/760 1337/734/761
f 1230/735/762 1045/736/763 1044/737/764
f 1182/430/765 1181/431/766 1179/738/767
f 521/539/768 514/459/473 520/540/769
f 1020/739/770 1021/740/771 1023/741/771
f 816/551/772 663/742/773 662/743/774
f 1180/39/775 1286/40/776 1181/431/766
f 1682/744/777 1683/745/778 1684/746/779
f 1610/747/780 1654/748/781 1728/749/782
f 4651/750/783 4650/751/8 4652/750/783
f 4166/268/784 4167/752/785 4169/752/784
f 1929/753/786 1928/754/787 1926/755/788
f 3922/756/789 3910/757/790 3920/758/791
f 3830/759/792 3827/760/793 3829/761/794
f 1283/421/795 1282/422/796 1281/762/797
f 1098/763/644 1099/728/798 1100/764/799
f 1101/727/754 1099/728/798 1098/763/644
f 1102/726/800 1103/765/801 1104/766/802
f 1105/767/803 1103/765/801 1102/726/800
f 1961/768/804 1960/769/805 1958/770/806
f 5099/771/807 5096/772/808 5084/773/809
f 1098/763/644 1110/728/755 1101/727/754
f 1100/764/799 1110/728/755 1098/763/644
f 487/315/321 486/774/559 489/775/559
f 3513/776/810 3518/777/811 3515/778/812
f 1214/666/737 1213/779/813 1216/780/814
f 1129/728/755 1130/763/815 1131/764/816
f 1132/727/817 1130/763/815 1129/728/755
f 1133/765/818 1134/726/819 1135/766/820
f 1136/767/821 1134/726/819 1133/765/818
f 6734/781/822 6735/782/822 6733/783/822
f 2074/784/823 2073/103/87 2071/105/89
f 5373/785/824 5370/786/825 5371/463/477
f 343/787/826 342/788/826 341/789/826
f 1104/766/802 1099/728/798 1102/726/800
f 1693/790/827 1695/791/828 1696/791/829
f 726/593/611 759/599/830 724/598/615
f 7140/792/831 7139/793/832 7137/794/833
f 306/795/834 301/273/265 303/272/264
f 1095/796/835 1094/797/835 1097/798/835
f 2154/799/836 2152/378/387 2153/800/837
f 2018/769/838 2138/801/839 2137/802/840
f 7768/803/841 7767/417/842 7770/804/843
f 7413/805/844 7412/806/845 7410/807/846
f 7796/803/847 7795/417/848 7798/804/849
f 5100/808/850 5078/809/851 5098/810/852
f 996/811/853 995/812/854 993/813/855
f 1189/491/509 822/684/709 823/814/856
f 1081/815/857 898/816/858 897/817/859
f 1195/818/860 1196/819/644 594/734/861
f 4439/820/862 4440/821/863 4442/821/864
f 1617/822/865 1618/823/866 1619/824/867
f 1130/763/815 1137/728/868 1131/764/816
f 1132/727/817 1137/728/868 1130/763/815
f 1101/727/754 1102/726/800 1099/728/798
f 5342/825/869 5341/826/870 5340/827/871
f 1138/726/872 1133/765/818 1135/766/820
f 1136/767/821 1133/765/818 1138/726/872
f 4363/828/283 1091/829/283 4364/828/283
f 1192/830/873 1152/831/874 1151/832/875
f 1155/833/876 1192/830/873 1154/834/877
f 2408/835/878 2759/836/879 2063/837/880
f 7698/838/881 7700/839/882 7699/840/883
f 4266/841/559 4265/842/559 4263/843/559
f 2622/844/884 2281/845/885 2621/846/886
f 1149/847/887 1048/410/680 1148/411/682
f 1033/848/101 1034/675/888 1035/849/889
f 1027/850/890 1024/851/891 1026/852/892
f 1342/853/893 1341/854/894 1344/855/895
f 1301/856/896 1305/828/897 1299/857/896
f 1195/818/860 1269/858/898 1194/859/899
f 1231/860/900 1230/735/762 1232/861/901
f 418/862/902 436/863/903 416/864/904
f 1199/618/905 1015/865/906 1200/617/905
f 4377/866/907 4375/867/908 4373/664/909
f 4750/868/910 4745/869/911 4758/870/912
f 1111/726/753 1103/765/801 1105/767/803
f 1104/766/802 1103/765/801 1111/726/753
f 466/871/913 415/872/914 412/873/915
f 3623/874/916 1978/141/128 3632/875/917
f 1256/876/918 1257/877/919 751/878/920
f 782/608/630 785/609/647 781/611/633
f 778/610/632 785/609/647 782/608/630
f 1233/879/921 1232/861/901 1234/880/922
f 3566/881/923 2074/784/823 2071/105/89
f 759/599/830 753/594/612 728/882/924
f 870/546/925 1198/883/926 1197/884/926
f 3626/885/927 3623/874/916 3635/886/928
f 1572/467/929 1571/887/930 1570/467/931
f 2833/888/932 2832/889/933 2834/890/934
f 4500/891/935 4501/892/935 4503/893/935
f 3838/894/936 3837/895/937 3840/896/938
f 4347/897/939 4348/898/940 4350/897/941
f 454/899/942 461/900/943 460/901/943
f 7405/902/944 7404/903/945 7402/904/946
f 2671/905/283 2670/906/645 2673/907/283
f 4290/121/106 4291/120/106 4293/908/107
f 5014/909/947 5013/910/947 5011/911/948
f 2682/912/949 2941/380/389 1984/913/950
f 659/532/552 1018/814/951 829/491/952
f 2696/708/730 2622/844/884 2621/846/886
f 4692/914/953 4676/167/954 4673/167/955
f 1295/855/956 1294/915/956 1292/853/956
f 652/404/957 651/405/958 649/643/959
f 2867/916/960 2866/917/961 2870/918/962
f 4567/919/963 4576/266/964 4577/920/965
f 1272/779/966 1008/921/967 1009/922/967
f 4746/923/968 4764/924/969 4766/925/970
f 1942/729/756 1939/926/971 1938/927/972
f 829/491/952 1193/684/973 828/493/974
f 1995/928/975 1994/929/976 1992/930/977
f 2480/931/978 2473/932/979 2476/523/542
f 1179/738/767 1189/491/509 1182/430/765
f 1213/779/813 1334/921/980 1216/780/814
f 1639/568/585 1635/933/981 1638/568/982
f 767/487/504 923/77/723 766/934/504
f 829/491/952 655/738/983 654/430/442
f 5774/935/984 5773/936/48 5776/937/985
f 1346/938/986 1347/939/987 1348/940/988
f 1382/941/989 1383/277/269 1384/942/990
f 1442/943/991 1423/944/992 1443/945/993
f 1354/946/994 1355/947/995 1353/276/996
f 4136/273/275 4142/795/997 4140/272/998
f 1437/948/999 1436/949/1000 1435/950/1001
f 1362/951/1002 1359/952/1003 1361/953/1004
f 2359/954/1005 2999/955/1006 3007/956/1007
f 1388/947/1008 1356/957/1009 1387/946/1010
f 2282/958/1011 2632/959/1012 2946/960/1013
f 1350/941/1014 1366/961/1015 1351/942/1016
f 1394/961/1017 1395/962/1018 1396/963/1019
f 1369/964/1020 1185/305/1021 1187/965/1022
f 1372/966/1023 1377/967/1024 1378/968/1025
f 1378/968/1025 1373/969/1026 1372/966/1023
f 3608/970/1027 2154/799/836 3601/971/1028
f 3664/972/1029 3663/973/1030 3661/974/1031
f 1379/939/1032 1380/938/1033 1381/940/1034
f 5898/975/1035 5346/976/1036 5901/977/1037
f 1415/948/1038 1414/949/1039 1416/978/1040
f 1388/947/1008 1387/946/1010 1386/276/268
f 1355/947/995 1356/957/1009 1357/979/1041
f 1359/952/1003 1358/980/1042 1361/953/1004
f 1389/952/1043 1391/951/1044 1390/953/1045
f 1420/981/1046 1441/982/1047 1440/983/1048
f 1481/984/1049 1159/985/1050 1160/986/1051
f 1395/962/1018 1381/940/1034 1396/963/1019
f 1394/961/1017 1382/941/989 1384/942/990
f 1389/952/1043 1358/980/1042 1360/987/1052
f 2576/988/1053 2349/989/1054 2350/990/1055
f 1296/305/310 1398/964/1056 1298/965/1057
f 644/725/559 643/991/1058 641/492/1059
f 5008/992/1060 5016/993/1061 5015/994/1062
f 5394/995/1063 4039/996/1064 4040/997/1065
f 1406/967/1066 1402/966/1067 1407/968/1068
f 1401/969/1069 1407/968/1068 1402/966/1067
f 3648/998/1070 3646/999/1071 3645/1000/1072
f 1923/1001/1073 1922/1002/1074 1925/1003/1075
f 2891/1004/1076 2893/1005/1077 2894/1006/1078
f 1391/951/1044 1392/1007/1079 1390/953/1045
f 1414/949/1039 1413/950/1080 1412/1008/1081
f 1353/276/996 1349/277/1082 1354/946/994
f 1439/1009/1083 1437/948/999 1440/983/1048
f 1419/982/1084 1418/983/1085 1417/1009/1086
f 1346/938/986 1363/1007/1087 1347/939/987
f 1350/941/1014 1349/277/1082 1352/278/1088
f 1426/1010/1089 1425/945/1090 1422/943/1091
f 1445/332/1092 1444/1010/1093 1443/945/993
f 2289/1011/1094 2286/1012/1095 2300/1013/1096
f 1409/1014/1097 1411/1015/1098 1429/331/339
f 1408/1016/1099 1409/1014/1097 1410/1017/1100
f 1435/950/1001 1436/949/1000 1434/1008/1101
f 4159/984/1102 1158/1018/1103 1160/986/1051
f 1440/983/1048 1441/982/1047 1439/1009/1083
f 3698/1019/1104 2523/1020/1105 2525/1021/1106
f 1422/943/1091 1423/944/992 1424/1022/1107
f 1443/945/993 1444/1010/1093 1442/943/991
f 3444/1023/1108 2668/1024/1109 2295/576/591
f 1417/1009/1086 1415/948/1038 1416/978/1040
f 1433/1015/1110 1430/1014/1111 1447/331/1112
f 1448/1025/1113 1449/1026/1114 1450/1027/1115
f 1449/1026/1114 1451/1028/1116 1450/1027/1115
f 1448/1025/1113 1452/1029/1117 1449/1026/1114
f 1449/1026/1114 1452/1029/1117 1451/1028/1116
f 1453/1030/1118 1454/1031/1119 1455/1032/1120
f 1456/1033/1121 1453/1030/1118 1455/1032/1120
f 1457/1034/1122 1454/1031/1119 1453/1030/1118
f 1457/1034/1122 1453/1030/1118 1456/1033/1121
f 2955/505/523 2140/1035/1123 2964/1036/1124
f 1403/1037/1125 1405/1038/1126 1401/969/1069
f 1823/502/520 1821/1039/1127 1822/631/1128
f 360/321/329 352/318/326 356/320/328
f 1464/1040/1129 1465/1041/1130 1466/1042/1131
f 1465/1041/1130 1467/1043/1132 1466/1042/1131
f 1464/1040/1129 1468/1044/1133 1465/1041/1130
f 1465/1041/1130 1468/1044/1133 1467/1043/1132
f 1469/1045/1134 1470/1046/1135 1471/1047/1136
f 1472/1048/1137 1469/1045/1134 1471/1047/1136
f 1473/1049/1138 1470/1046/1135 1469/1045/1134
f 1473/1049/1138 1469/1045/1134 1472/1048/1137
f 899/1050/1139 1474/1051/1140 901/1052/1141
f 895/1053/1142 1475/1054/1143 896/1055/1144
f 892/1056/1145 1476/1057/1146 894/1058/1147
f 889/1059/1148 1477/1060/1149 890/1061/1150
f 884/1062/1151 1478/1063/1152 887/1064/1153
f 1183/1065/1154 1479/1066/1155 1184/1067/1156
f 1161/1068/1157 1481/984/1049 1482/1069/1158
f 1482/1069/1159 1168/984/1160 1170/1068/1161
f 794/1070/1162 796/32/1163 1483/1071/1164
f 1483/1071/1165 791/32/1166 793/1070/1167
f 985/94/550 986/95/550 988/530/550
f 6630/1072/1168 6629/1073/1168 6627/1074/1169
f 5344/1075/1170 5339/1076/1171 5337/1077/1172
f 974/1078/1173 973/1079/1173 976/1080/1173
f 1489/1081/1174 1491/1082/1175 1490/1083/1176
f 1492/1084/1177 1494/1085/1178 1493/1086/1179
f 1493/1086/1179 1494/1085/1178 1489/1081/1174
f 1521/1087/1180 1522/1088/1181 1524/1089/1182
f 1496/1090/1183 1498/1091/1184 1499/1092/1185
f 1496/1090/1183 1499/1092/1185 1500/1093/1186
f 1500/1093/1186 1499/1092/1185 1501/1094/1187
f 1519/1095/1188 1518/1096/1189 1520/1097/1190
f 1503/1098/1191 1501/1094/1187 1502/1099/1192
f 1506/1085/1193 1508/1086/1194 1507/1081/1195
f 1506/1085/1193 1507/1081/1195 1509/1082/1196
f 1507/1081/1195 1510/1083/1197 1509/1082/1196
f 2911/382/391 2910/1100/1198 2909/388/397
f 1514/1101/1199 1513/1102/1200 1515/1103/1201
f 1514/1101/1199 1515/1103/1201 1516/1104/1202
f 1516/1104/1202 1515/1103/1201 1517/1105/1203
f 1517/1105/1203 1518/1096/1189 1516/1104/1202
f 1532/1096/1204 1530/1095/1205 1529/1097/1206
f 1530/1095/1205 1527/1106/1207 1529/1097/1206
f 1524/1089/1182 1522/1088/1181 1525/1107/1208
f 1498/1091/1184 1495/1108/1209 1497/1109/1210
f 1533/1104/1211 1535/1105/1212 1534/1103/1213
f 1533/1104/1211 1534/1103/1213 1536/1101/1214
f 1536/1101/1214 1534/1103/1213 1537/1102/1215
f 5476/1110/1216 5474/1111/1217 5473/1112/1218
f 1492/1084/1177 1495/1108/1209 1494/1085/1178
f 1505/1108/1219 1504/1084/1220 1506/1085/1193
f 1504/1084/1220 1508/1086/1194 1506/1085/1193
f 1532/1096/1204 1535/1105/1212 1533/1104/1211
f 1489/1081/1174 1494/1085/1178 1491/1082/1175
f 3408/1113/1221 3403/462/476 3407/1114/1222
f 272/221/210 257/265/257 285/238/228
f 2482/1115/1223 2477/1116/1224 2481/1117/1225
f 2965/1118/1226 2967/1119/1227 2942/1120/1228
f 1526/1121/1229 1074/1122/1230 1541/1123/1231
f 1541/1123/1231 1072/1124/1232 1542/1125/1233
f 1543/1126/1234 1527/1106/1207 1531/1127/1235
f 2249/1128/1236 2602/1129/1237 2248/1130/1238
f 1308/563/581 1307/562/579 1310/564/580
f 3946/1131/1239 3945/1132/1239 3948/1133/1239
f 1549/1134/1240 1548/1135/1241 1551/1134/1240
f 1560/1136/101 1563/1137/101 1564/1138/1242
f 3042/1139/1243 3051/1140/1244 3041/1141/1245
f 1934/8/1246 1632/1142/1247 1631/1143/1248
f 5085/1144/1249 5084/773/809 5083/1145/1250
f 1132/727/817 1134/726/819 1136/767/821
f 2011/1146/1251 2010/1147/1252 2013/1148/1253
f 1608/1149/1254 1607/1150/1255 1605/1149/1256
f 1649/1151/1257 1648/1152/1258 1651/1153/1259
f 4778/1154/1260 4777/1155/1261 4775/1156/1262
f 1554/1157/1263 1586/1158/1264 1585/321/1265
f 5555/1159/1266 5647/1160/1267 5648/1161/1267
f 1265/1162/1268 1203/628/1269 1202/1163/1270
f 6989/1164/1271 6988/1165/1272 6986/1166/1273
f 1242/1167/1274 1239/848/559 1240/1168/1275
f 1612/386/1276 1611/387/1277 1752/1169/1278
f 5693/1170/1279 5696/1171/1280 5698/1172/1281
f 1544/344/1282 1620/579/1283 1621/579/594
f 4704/1173/1284 4713/1174/1285 4714/1175/1286
f 1606/1150/1287 1588/1135/1288 1607/1150/1255
f 602/425/439 601/342/453 604/340/1289
f 5839/1176/1290 5841/1177/1291 5842/1177/1291
f 4835/1178/1292 4834/1179/1293 4837/1180/1294
f 1728/749/782 382/360/1295 1652/358/1296
f 5974/1181/1297 5973/1182/1298 5976/1183/1299
f 679/132/118 702/75/1300 703/206/1301
f 1653/1184/1302 1651/1153/1259 1648/1152/1258
f 5506/169/1303 5500/7/1304 5499/5/1305
f 4682/1185/1306 4677/1186/1307 4683/1185/1308
f 1595/1187/1309 1599/1188/1310 1600/1189/1311
f 2179/1190/1312 2180/1191/1313 2182/1192/1293
f 3871/1193/1314 3874/1194/1315 3873/1195/1316
f 1319/1196/1317 1320/1197/1318 1322/1198/1319
f 783/1199/1320 773/1200/15 772/22/15
f 1079/1201/1321 1078/1202/1322 1076/1203/1322
f 399/1204/1323 1743/1205/1324 1742/1206/1325
f 438/1207/1326 463/559/577 441/1208/1327
f 642/724/1328 774/480/497 775/237/227
f 1673/1209/283 1672/1209/283 1675/1210/283
f 7147/1211/1329 7144/904/1330 7146/902/1331
f 4704/1173/1284 4703/1212/1332 4706/1213/1333
f 1586/1158/1264 1584/350/1334 1585/321/1265
f 4657/1214/1335 4656/1215/1336 4658/1214/1335
f 1709/1216/559 1711/1217/559 1710/1218/559
f 4664/1219/1337 4668/1177/1338 4663/1219/1337
f 1712/351/1339 1714/1220/1340 1713/1221/1341
f 824/1222/1342 825/1223/1342 827/1224/1342
f 4669/1225/1343 4665/1226/1344 4666/1226/1344
f 4684/166/1345 4683/1185/1308 4681/166/1346
f 1746/1227/1347 399/1204/1323 1745/1228/1348
f 6624/1229/1349 6625/1230/1350 6626/1231/1351
f 2412/1232/1352 2590/1233/1353 2591/1234/1353
f 1574/1150/1354 1548/1135/1241 1550/1135/1355
f 978/1235/1356 977/1236/1356 980/1237/1356
f 3365/1238/1357 3380/1239/1358 3363/1240/1359
f 1727/887/1360 1686/467/482 1687/467/481
f 1656/149/135 1655/1241/1361 1658/149/135
f 2421/1242/1362 2420/1243/1363 2418/1244/1364
f 1797/1245/1365 1796/1246/1365 1799/1247/1365
f 2781/1248/1366 2175/1249/563 2782/1250/1367
f 1210/1251/1368 1209/1252/1369 1208/1253/1370
f 6446/1254/1371 6431/1255/1372 6433/1256/1373
f 4526/1257/644 4527/964/644 1402/966/644
f 6638/1258/1374 6639/1259/1375 6640/369/1376
f 1806/1260/1377 1794/1261/1378 1793/1262/1379
f 1749/1263/1380 1566/1264/1381 1568/1264/1382
f 1571/887/930 1569/887/1383 1751/1265/559
f 4372/1266/1384 4371/1267/1385 4369/1266/1386
f 1705/1264/1387 1706/1264/1388 1753/1263/101
f 1755/1265/101 1726/887/1389 1727/887/1360
f 1689/1268/1390 1756/1269/1391 1690/1268/1390
f 1758/1270/1392 1760/1271/1392 1759/1271/1392
f 1761/1272/1393 1762/1273/1393 1763/1272/1393
f 1765/1274/101 1766/314/1394 1715/1275/1395
f 1578/519/538 1579/320/1396 1767/1276/1397
f 1577/326/537 1580/520/539 1768/1277/1398
f 6700/485/1399 6693/440/452 6701/486/1400
f 1911/1278/1401 1910/1279/1402 1908/158/143
f 807/550/570 810/1280/1403 620/651/670
f 1031/1281/1404 1028/1282/1405 1030/1167/1404
f 6927/1165/1406 6957/1164/1407 6925/1283/1408
f 2249/1128/1236 2986/1284/1409 2990/1285/1410
f 1826/304/308 1814/1286/1411 1815/1287/1412
f 7038/1288/1413 7037/807/1414 7040/805/1415
f 2826/1289/1416 2827/1290/1417 3797/1291/1418
f 3097/1292/1419 3032/1293/1420 3098/1294/1421
f 1462/1295/1422 638/112/98 1460/1296/1423
f 2800/1297/1424 2623/1298/1425 2801/1299/1426
f 5340/827/871 5285/1300/1427 5322/414/426
f 932/77/1428 699/487/1429 700/934/1430
f 3613/1301/1431 3601/971/1028 2156/1302/1432
f 1838/1303/1433 1809/1304/1434 1820/1305/1435
f 6091/1306/1436 6108/1307/1437 6092/1308/1438
f 4973/1309/1439 4968/1310/1440 4974/1311/1441
f 1239/848/559 1238/675/575 1240/1168/1275
f 3370/1312/1442 3369/1313/1443 3372/1314/1444
f 1865/1315/1445 1863/1316/1446 1866/1317/1447
f 1861/433/445 1863/1316/1446 1865/1315/1445
f 1867/1318/1448 1861/433/445 1865/1315/1445
f 1868/1319/1449 1861/433/445 1867/1318/1448
f 1868/1319/1449 1864/434/446 1861/433/445
f 1869/1320/1450 1864/434/446 1868/1319/1449
f 1869/1320/1450 1870/1321/1451 1864/434/446
f 1870/1321/1451 1862/432/444 1864/434/446
f 1871/1322/1452 1862/432/444 1870/1321/1451
f 1871/1322/1452 1872/1323/1453 1862/432/444
f 1872/1323/1453 1863/1316/1446 1862/432/444
f 1866/1317/1447 1863/1316/1446 1872/1323/1453
f 1873/1321/1454 1859/434/1455 1858/432/1456
f 1874/1320/1457 1859/434/1455 1873/1321/1454
f 1874/1320/1457 1875/1319/1458 1859/434/1455
f 1875/1319/1458 1857/433/1459 1859/434/1455
f 1876/1318/1460 1857/433/1459 1875/1319/1458
f 1876/1318/1460 1877/1315/1461 1857/433/1459
f 1877/1315/1461 1860/1316/1462 1857/433/1459
f 1878/1317/1463 1860/1316/1462 1877/1315/1461
f 1878/1317/1463 1879/1323/1464 1860/1316/1462
f 1879/1323/1464 1858/432/1456 1860/1316/1462
f 1880/1322/1465 1858/432/1456 1879/1323/1464
f 1880/1322/1465 1873/1321/1454 1858/432/1456
f 764/77/505 763/206/628 765/76/505
f 6528/1324/1466 6531/1325/48 6532/1326/48
f 5984/1327/1467 5981/148/134 5983/1328/1468
f 1893/633/650 1892/632/650 1897/634/651
f 4770/1329/1469 4759/1330/1470 4761/1330/1471
f 79/73/61 78/67/55 76/74/62
f 5728/901/1472 5727/1331/1473 5730/899/1474
f 5230/329/1475 5229/1332/1476 5227/330/1477
f 5360/1333/1478 5897/1334/1479 5294/1335/1480
f 3436/1336/1481 3444/1023/1108 2669/1337/1482
f 1703/580/1483 1706/1264/1388 1705/1264/1387
f 4038/580/1484 5397/1264/1485 5396/580/1486
f 5008/992/1060 5007/1338/1487 5010/1339/1488
f 1948/1340/1489 1945/1341/1490 1947/1342/1491
f 2390/1343/1492 2393/1344/1493 2392/1345/1494
f 1952/1346/1495 1953/1347/1496 1954/1348/1497
f 1955/1349/1498 1953/1347/1496 1952/1346/1495
f 1956/1350/1499 1955/1349/1498 1952/1346/1495
f 1957/1351/1500 1955/1349/1498 1956/1350/1499
f 4520/897/1501 4518/1352/1502 4519/897/1503
f 2253/1353/1504 2252/1354/1505 2251/1355/1506
f 1083/1356/1507 1082/1357/1508 1085/1358/1509
f 3320/1359/1510 3322/1360/1511 3321/1361/1512
f 1978/141/128 1976/1362/1513 1975/295/290
f 5002/1363/1514 5001/1364/1514 5000/1365/1514
f 1769/1160/1515 1770/1366/1515 1772/1161/1515
f 1967/802/1516 1958/770/806 1960/769/805
f 694/564/581 696/1367/1517 697/1368/1518
f 1996/1369/1519 1997/1370/1520 1998/1371/1521
f 2468/1372/1522 2471/1373/1523 2469/1374/1524
f 2001/1375/1525 2000/1376/1526 1999/1377/1527
f 2002/1378/1528 1999/1377/1527 1996/1369/1519
f 2003/1379/1529 2004/1380/1530 1999/1377/1527
f 5318/1381/1531 5315/1382/1532 5316/1382/1533
f 2007/1383/1534 2006/1384/1535 2005/1385/1536
f 2007/1383/1534 2008/1386/1537 2006/1384/1535
f 2009/1387/1538 2008/1386/1537 2007/1383/1534
f 2004/1380/1530 2001/1375/1525 1999/1377/1527
f 2364/1388/1539 2422/1389/1540 2443/1390/1541
f 4724/345/1542 4723/1391/1543 4722/345/1544
f 2653/1392/1545 2658/1393/1546 2277/1394/1547
f 559/1395/1548 503/445/459 560/1396/1549
f 925/1397/1550 896/1055/1144 924/1398/1550
f 769/24/16 768/1399/1551 771/1400/1551
f 5762/1401/1552 5761/1402/1553 5759/1403/1554
f 6931/1404/1555 6965/1405/1556 6964/1406/1557
f 7650/1326/48 7704/1407/1558 7649/1324/1559
f 4592/1408/1560 4593/752/1561 4167/752/785
f 811/550/1562 810/1280/1403 808/1409/1563
f 670/597/1564 666/596/1565 671/1410/101
f 2047/1411/1566 2046/1412/1567 2044/1413/1568
f 3606/1414/1569 2152/378/387 2178/1415/1570
f 4886/445/1571 4892/1395/1572 4891/1396/1573
f 2284/1416/1574 2976/1417/1575 1899/1418/1576
f 1041/860/1577 1042/735/1578 1043/1419/1579
f 5496/6/1580 5495/5/1581 5498/1420/1582
f 961/595/101 866/597/1583 867/1421/1584
f 1284/1422/1585 881/1423/1586 1285/1424/1587
f 1801/1425/1377 1800/1426/1588 1805/1427/1379
f 2122/1428/101 2120/1429/1589 2123/1430/1590
f 552/1431/283 551/1432/283 554/1433/283
f 7155/1211/1591 7154/904/1592 7157/902/1593
f 2129/1434/1594 3581/1435/1595 1921/1436/1596
f 1764/1437/283 1602/1438/1597 1603/1439/1598
f 1273/666/689 1272/779/966 1275/1440/1599
f 1037/676/1600 1034/675/888 1036/677/1601
f 4285/596/1602 4284/673/701 4287/1441/1603
f 4002/1442/1604 4008/1443/1605 4009/1444/1606
f 2634/506/1607 2631/1445/1608 2630/507/1609
f 4217/1446/1610 4218/1446/1610 4219/1447/1611
f 1931/1448/1612 1930/1449/1613 1933/1450/1613
f 2144/1347/1614 2145/1346/1615 2146/1348/1616
f 2147/1349/1617 2145/1346/1615 2144/1347/1614
f 2147/1349/1617 2148/1350/1618 2145/1346/1615
f 1957/1351/1619 2148/1350/1618 2147/1349/1617
f 2454/1451/1620 2501/1452/1621 2502/1453/1622
f 4950/1454/1623 4949/33/1624 4948/33/1624
f 6099/1455/1625 6080/1456/1626 6079/1457/1627
f 5132/330/1628 5131/1458/1629 5134/1332/1630
f 234/1459/1631 233/189/172 231/1460/1632
f 6398/575/590 6397/1461/1633 6395/1462/1634
f 6379/909/1635 6378/910/1636 6376/1463/1637
f 2061/29/21 1934/8/1246 1631/1143/1248
f 5730/899/1474 5732/1464/1638 5731/863/1639
f 245/1465/1640 244/361/1641 289/249/1642
f 4594/1408/1643 4595/1466/1644 4593/752/1561
f 4973/1309/1439 4972/1467/1645 4971/1468/1646
f 4783/1469/1647 4782/1470/1648 4790/1471/1649
f 5193/328/1650 5243/329/1651 5244/330/1651
f 4525/1472/1652 1254/1473/1653 1251/1472/1654
f 2222/1474/1655 2223/1475/1656 2224/1476/1657
f 2440/1477/1658 3308/1478/1659 3307/1479/1660
f 2007/1383/1534 2225/1480/1661 2223/1475/1656
f 5396/580/1486 5393/1481/1662 4040/997/1065
f 2227/1482/1663 2226/1483/1664 2005/1385/1536
f 2003/1379/1529 2227/1482/1663 2005/1385/1536
f 2228/1484/1665 2227/1482/1663 2003/1379/1529
f 2370/1485/1666 2369/1486/1667 2368/1487/1668
f 5823/1488/1669 5824/1489/1670 5827/1490/1671
f 2242/1491/1672 2009/1387/1538 2222/1474/1655
f 2119/1492/644 2118/1493/644 2117/1494/644
f 1739/1495/1673 390/1496/1674 399/1204/1323
f 500/1497/48 495/1178/709 497/1498/1675
f 2038/1499/1676 2039/1500/1677 2041/1501/1678
f 6035/1502/1679 6012/1503/1680 6036/1504/1681
f 5842/1177/1291 5845/1219/1682 5846/1219/1682
f 2077/1505/1683 1360/1506/1684 2957/1507/1685
f 5197/328/1686 5230/329/1475 5227/330/1477
f 1641/569/587 1642/1508/1687 1643/1508/1687
f 880/742/1688 617/551/571 883/743/1689
f 6373/1338/1690 6372/992/1691 6375/1339/1692
f 2748/1509/1693 2747/1510/1694 2750/1511/1695
f 2208/1512/1696 2209/1513/1697 2213/1514/1698
f 131/403/1699 134/1515/101 135/1516/101
f 3667/1517/1700 3665/1518/1701 3664/972/1029
f 2291/1519/1702 2290/1520/1703 2289/1011/1094
f 3840/896/938 3927/1521/1704 3838/894/936
f 4001/1522/1705 3996/1523/1706 3999/1522/1707
f 6786/1283/1708 7364/1166/1709 7365/1164/1710
f 7445/903/1711 7203/902/1712 7204/1211/1713
f 4667/1177/1338 4646/1176/1714 4668/1177/1338
f 4724/345/1542 4732/996/1715 4735/1524/1716
f 3953/1525/1717 3837/895/937 3839/1526/1718
f 6173/27/208 6161/1527/1719 6174/220/209
f 3724/1528/1720 3737/1529/1721 1554/1157/1263
f 879/1530/1722 1057/1531/1723 1056/1532/1724
f 6162/27/1725 6161/1527/1719 6164/26/1726
f 4449/831/283 4448/833/283 4451/1533/283
f 816/551/772 1193/684/973 1018/814/951
f 1741/1534/1727 1739/1495/1673 1740/1535/1728
f 2585/1536/1729 2972/1537/1730 2582/1538/1731
f 4352/1352/1732 4347/897/939 4350/897/941
f 5716/1539/1733 5715/624/1734 5718/623/1735
f 2015/1540/1736 2348/1541/1737 2347/1542/1738
f 2880/1543/1739 2879/1544/1740 2885/1545/1741
f 3900/1546/101 3899/1547/101 3967/1548/101
f 1308/563/581 1311/1549/1517 1313/1368/1518
f 2638/1550/1742 2200/1551/1743 2938/1552/1744
f 730/1553/1745 729/867/1746 732/663/686
f 2371/1554/1747 2372/652/1748 2373/1555/1749
f 3252/1556/1750 2449/1557/1751 2398/1558/1752
f 2376/1559/1753 2375/1560/1754 2374/1561/1755
f 2376/1559/1753 2377/1562/1756 2375/1560/1754
f 7649/1324/1559 7673/1563/1757 7675/1564/1758
f 5700/864/1759 5732/1464/1638 5701/862/1760
f 1537/1102/1215 1538/1565/1761 1536/1101/1214
f 2389/1566/1762 2388/514/532 2387/513/531
f 2387/513/531 2390/1343/1492 2389/1566/1762
f 5220/417/1763 5219/803/1764 5222/804/1765
f 2390/1343/1492 2392/1345/1494 2389/1566/1762
f 701/76/1766 700/934/1430 699/487/1429
f 2394/294/289 2396/293/288 2393/1344/1493
f 2766/1567/1767 2802/1568/1768 2803/1569/1769
f 2409/1570/1770 2410/1571/1771 2411/1572/1772
f 2412/1232/1352 2410/1571/1771 2409/1570/1770
f 2412/1232/1352 2413/1573/1773 2410/1571/1771
f 2335/1574/1774 2334/1575/1775 2337/1576/1776
f 3897/1577/8 3898/1578/8 3970/1579/8
f 907/1580/1777 906/566/583 909/567/1778
f 7464/1581/1779 7458/1582/1780 7457/1583/1781
f 3850/1584/1782 3849/1585/52 3852/64/52
f 208/1586/1783 212/1156/1784 211/1587/1785
f 6493/1588/1786 6494/1589/644 6492/1590/1787
f 2770/1591/1788 2771/1592/1789 2773/1593/1790
f 1163/1594/1791 1162/1595/1792 1165/1596/1793
f 2761/1597/1794 2763/1598/1795 2201/183/165
f 2400/1599/1796 2401/1600/1797 2403/1601/1798
f 2760/1602/1799 2238/719/747 2237/1603/1800
f 2019/768/1801 2018/769/838 2016/1604/1802
f 2125/1605/1803 2124/1606/1804 2127/1607/1805
f 4853/1497/48 4835/1178/1292 4854/1608/48
f 7571/1609/1806 7620/1610/1807 7573/1611/1808
f 4716/323/1669 4715/1612/1670 4719/1613/1671
f 2549/1614/1809 2464/1615/1810 2548/1616/1811
f 1260/1617/1812 1261/1618/644 1263/1619/644
f 7483/1620/1813 7482/44/1814 7485/1620/1815
f 2468/1372/1522 2469/1374/1524 2470/1621/1816
f 3125/824/1817 2245/1622/1818 2247/1623/1819
f 2471/1373/1523 2472/1624/1820 2469/1374/1524
f 2003/1379/1529 2002/1378/1528 2228/1484/1665
f 2475/1625/1821 2474/1626/1822 2473/932/979
f 2476/523/542 2473/932/979 2471/1373/1523
f 4015/1620/1823 4019/42/1824 4018/1620/1825
f 2477/1116/1224 2475/1625/1821 2473/932/979
f 2478/1627/1826 2475/1625/1821 2477/1116/1224
f 2479/524/543 2476/523/542 2471/1373/1523
f 2481/1117/1225 2477/1116/1224 2480/931/978
f 2483/1628/1827 2482/1115/1223 2481/1117/1225
f 2481/1117/1225 2480/931/978 2484/522/541
f 2485/1629/1828 2481/1117/1225 2484/522/541
f 2487/1630/1829 2483/1628/1827 2486/1631/1830
f 1570/467/931 1724/466/1831 1572/467/929
f 5058/362/1832 5057/363/1833 5055/1632/1834
f 4884/448/1835 4888/1633/1836 4882/447/1837
f 1742/1206/1325 1740/1535/1728 1739/1495/1673
f 7818/1332/1838 7817/329/1839 7815/330/1686
f 1290/1634/1840 1075/1635/1841 1073/1636/1842
f 5283/1300/1843 5308/1637/1844 5285/1300/1427
f 2746/1638/1845 2745/1639/1846 2743/1640/1847
f 6979/792/1848 6978/1406/1849 6981/1404/1850
f 2605/1641/1851 3130/1642/1852 2110/1643/1853
f 1704/580/1854 1628/579/1855 1626/579/1856
f 5050/1644/1857 5049/1645/1858 5047/1646/1859
f 675/487/1860 972/77/1861 674/934/1860
f 5217/328/1862 5251/329/1863 5252/330/1863
f 3785/1647/1864 2554/1648/1864 2552/1649/1865
f 3846/1650/559 3845/1651/559 3848/1652/559
f 1735/1653/1866 375/1654/1867 1736/349/1868
f 5751/1655/1869 5750/1656/1870 5758/1657/1871
f 1020/739/770 1250/740/1872 1022/1658/770
f 5170/804/1873 5169/328/1874 5167/803/1875
f 2694/1659/1876 2693/1660/1876 3102/1661/1876
f 1314/1662/1877 859/531/1878 1315/1663/1879
f 3950/1664/1880 3949/1665/1880 3952/1666/1880
f 524/1667/1881 523/512/1882 526/1668/1883
f 2471/1373/1523 2580/1669/1884 2479/524/543
f 2468/1372/1522 2581/1670/1885 2580/1669/1884
f 5946/1671/1886 5945/1672/1887 5937/1673/1888
f 6644/1674/1889 6643/1675/1890 6646/1676/1891
f 1683/745/778 1677/1677/1892 1684/746/779
f 4342/412/1893 4343/656/675 4344/656/1894
f 5379/1678/1895 5386/1679/1896 5377/1678/1897
f 7253/794/1898 6841/1404/1899 7254/793/1898
f 2845/1680/1900 2526/1681/1901 2846/1682/1902
f 2614/1683/1903 2616/1684/1904 2615/1685/1903
f 2851/1686/1905 3354/1687/1906 3352/1688/1907
f 4026/1689/1908 4025/809/1909 4028/1690/1910
f 3159/1691/1911 1562/1137/1912 3195/1692/1913
f 5274/1332/1914 5249/329/626 5273/1458/1915
f 2628/1693/1916 2626/1694/1917 2627/1695/1918
f 2630/507/1609 2631/1445/1608 2632/959/1919
f 2524/1696/1920 2523/1020/1105 2526/1681/1901
f 2635/1697/1921 2633/1698/1922 2634/506/1607
f 2636/1699/1923 2635/1697/1921 2634/506/1607
f 575/292/1924 581/508/526 579/507/525
f 3299/1700/1925 3315/1701/1926 3312/1702/1927
f 5883/1703/1928 5882/1704/1929 5880/1705/1930
f 908/1706/1931 799/1707/1932 1013/1580/1933
f 5039/1708/1934 5040/1709/1935 5042/1710/1936
f 3353/1711/1937 2849/88/74 2850/87/73
f 749/876/1938 750/877/1939 751/878/1940
f 1266/1617/1941 1267/1618/644 1269/858/898
f 6939/1288/1942 6938/807/1943 6941/805/1943
f 5524/1712/1944 5523/1713/1945 5521/1714/1946
f 2659/1715/1947 2277/1394/1547 2658/1393/1546
f 948/1079/1173 947/1078/1173 950/1080/1173
f 1236/677/706 1233/879/921 1234/880/922
f 933/206/1948 932/77/1428 934/75/699
f 7126/1166/1949 7125/1283/1950 7128/1165/1951
f 1071/1716/1952 612/715/743 609/717/745
f 6910/792/1953 6909/793/1954 6907/794/1955
f 3739/1717/1956 1554/1157/1263 3735/321/1957
f 4775/1156/1262 4771/1586/1958 4773/1587/1959
f 6430/1718/1960 6429/1719/1961 6427/1720/1962
f 350/373/382 353/392/401 354/389/398
f 5372/1721/1963 5364/184/166 5362/1722/1964
f 5201/328/1965 5245/329/1966 5246/330/1967
f 4912/1723/1968 4913/1724/1969 4915/1725/1970
f 4663/1219/1337 4662/1726/1971 4664/1219/1337
f 2300/1013/1096 2721/1727/1972 2301/1728/1973
f 5491/1729/1974 5605/1714/1975 5604/1712/1976
f 263/260/252 244/361/1641 246/1730/1977
f 620/651/670 611/716/744 610/1731/1978
f 2341/1732/1979 1393/1733/1980 3001/1734/1981
f 5439/1735/1982 5438/1736/1982 5436/1735/1982
f 3969/1737/1983 3904/1738/1984 3905/1739/1985
f 3716/1740/1986 1925/1003/1075 1922/1002/1074
f 2789/1741/1987 2788/1742/1988 2790/1743/1989
f 2754/1744/101 2751/1745/1990 2648/1746/1991
f 4163/1068/1992 4162/985/1993 1160/986/1994
f 2718/1747/1995 2319/1748/1996 2717/1749/1997
f 3153/1750/1998 3209/1751/1999 3154/1752/2000
f 4882/447/1837 4889/521/2001 4881/451/554
f 2724/1753/2002 2723/1754/2003 2729/1755/2004
f 616/991/2005 789/725/101 1188/492/510
f 375/1654/1867 1732/1756/2006 1733/1757/2007
f 6829/792/2008 6830/1406/2009 6827/1404/2010
f 521/539/768 4060/540/2011 4062/1758/2012
f 5616/1759/559 5618/1760/559 5619/1761/559
f 7800/803/2013 7799/417/2014 7802/804/2013
f 811/550/1562 816/551/772 809/651/2015
f 6282/1762/2016 6281/1763/2017 6284/1764/2018
f 2807/1765/2019 2809/1766/2020 2808/1767/2021
f 1357/1768/2022 2807/1765/2019 2808/1767/2021
f 6402/1769/2023 6401/1770/2024 6404/1771/2025
f 2775/1772/2026 2626/1694/1917 2628/1693/1916
f 6739/1773/2027 6738/1774/2028 6766/1775/2029
f 6150/1776/2030 6149/1777/2031 6205/1778/2032
f 2338/1779/2033 2143/482/499 2257/1780/2034
f 2625/1781/2035 2624/1782/2036 2776/1783/2037
f 5218/804/2038 5217/328/1862 5215/803/2038
f 4919/474/2039 4918/1784/2040 4917/600/2041
f 1362/951/1002 1363/1007/1087 1364/1785/2042
f 2140/1035/1123 2956/1786/2043 2442/1787/2044
f 2785/1788/2045 2786/1789/2046 2787/1790/2047
f 2788/1742/1988 2786/1789/2046 2785/1788/2045
f 3656/1791/2048 3667/1517/1700 3666/1792/2049
f 2321/1793/2050 2715/1794/2051 2310/1795/2052
f 3164/1796/2053 3148/1797/2054 3169/1136/2055
f 2751/1745/1990 2647/1798/2056 2646/1799/2057
f 7159/1165/2058 7157/902/1593 7154/904/1592
f 1350/1800/2059 2954/504/522 1366/1801/2060
f 4761/1330/1471 4762/1802/2061 4768/1803/2062
f 2796/1804/2063 2797/1805/2064 2798/1806/2065
f 2627/1695/1918 2800/1297/1424 2628/1693/1916
f 3660/400/409 3656/1791/2048 3664/972/1029
f 5332/1807/2066 5334/1808/2067 5335/1809/2068
f 2625/1781/2035 2801/1299/1426 2623/1298/1425
f 2280/1810/2069 3046/1811/2070 3045/1812/2071
f 2136/1813/2072 3015/1814/2073 2774/653/2074
f 5760/1815/2075 5768/1816/2076 5767/760/2077
f 6033/1817/2078 6010/1818/2079 6034/1819/2080
f 2875/1820/2081 2863/1821/2082 2860/178/160
f 40/27/19 67/1527/2083 70/220/2084
f 801/847/2085 1157/410/421 799/1707/1932
f 5566/1822/2086 5565/1823/2087 5567/1824/2086
f 927/1825/101 928/1826/101 930/1827/101
f 2834/890/934 2835/1828/2088 2833/888/932
f 2838/1829/2089 2837/1830/2090 2836/704/726
f 5806/1831/2091 5820/1832/2092 5807/1833/2093
f 2841/354/362 2838/1829/2089 2836/704/726
f 2842/353/361 2838/1829/2089 2841/354/362
f 2899/217/205 2901/1834/2094 2904/1835/2095
f 2879/1544/1740 2896/1836/2096 2897/1837/2097
f 7551/1838/2098 7550/1839/2099 7548/1840/2100
f 4795/1841/2101 4794/1842/2102 4792/1843/2103
f 1049/1707/2104 798/1844/2105 800/1845/2106
f 5995/1846/2107 5998/1847/2108 5996/1848/2109
f 2008/1386/1537 2004/1380/1530 2006/1384/1535
f 7657/1849/2110 7693/1850/2111 7694/1851/2112
f 5239/330/2113 5176/417/2114 5242/329/2115
f 944/1079/2116 943/637/2117 946/1852/2117
f 4885/444/2118 4884/448/1835 4883/449/2119
f 5635/1853/2120 5652/690/2121 5653/691/2121
f 1370/70/2122 1186/306/2123 1187/965/1022
f 2683/1854/2124 2682/912/949 2532/307/313
f 2005/1385/1536 2225/1480/1661 2007/1383/1534
f 2869/1855/2125 2865/1856/2126 2868/1857/2127
f 1374/1037/2128 1376/1038/2129 1375/1858/2130
f 2870/918/962 2866/917/961 2869/1855/2125
f 2872/1859/2131 2873/1860/2132 2871/1861/2133
f 2874/1862/2134 2873/1860/2132 2872/1859/2131
f 2872/1859/2131 2875/1820/2081 2874/1862/2134
f 2877/1863/2135 2874/1862/2134 2875/1820/2081
f 5931/869/2136 5933/923/2137 5951/1329/2138
f 1582/1864/2139 1581/1865/2140 1584/350/1334
f 862/876/2141 863/877/2142 865/1866/2143
f 2888/1867/2144 2883/1868/2145 2882/1869/2146
f 2927/1870/2147 2925/1871/2148 2928/1872/2149
f 3694/1873/2150 2431/478/494 2433/479/495
f 3425/1874/2151 3421/1875/2152 2811/1876/2153
f 7258/334/2154 7257/336/2155 7259/335/2156
f 2898/218/206 2899/217/205 2900/1877/2157
f 6843/1878/2158 6842/1879/2159 6845/334/2160
f 2909/388/397 2914/1880/2161 2913/1881/2162
f 2919/1882/2163 2934/1883/2164 2923/1884/2165
f 4425/1885/2166 4424/1886/2167 4422/1885/2168
f 2901/1834/2094 2906/1887/2169 2905/1888/2170
f 5499/5/1305 5496/6/1580 5498/1420/1582
f 1167/1889/2171 1259/1596/2172 1166/1890/2173
f 5380/1891/2174 5379/1678/1895 5377/1678/1897
f 1510/1083/1197 1511/1565/504 1509/1082/1196
f 2907/383/392 2912/1892/2175 2908/384/393
f 3484/1893/2176 3498/1894/2177 2272/1895/2178
f 3447/1896/2179 2668/1024/1109 3431/1897/2180
f 2910/1100/1198 2915/1898/2181 2909/388/397
f 2900/1877/2157 2899/217/205 2904/1835/2095
f 5331/1899/2182 5325/1900/2183 5329/1901/2184
f 1967/802/1516 1965/770/2185 1966/801/1516
f 2922/1902/2186 2930/1903/2187 2917/1904/2188
f 1385/1905/2189 2999/955/1006 2533/1906/2190
f 1412/1008/1081 1408/1016/1099 1410/1017/1100
f 1318/877/2191 1317/876/2192 864/878/2193
f 1072/1124/1232 1525/1107/1208 1542/1125/1233
f 3362/1907/2194 3363/1240/1359 3364/1908/2195
f 1291/1909/2196 1525/1107/1208 1075/1635/1841
f 2358/1910/2197 2172/1911/2198 2170/1912/2199
f 3488/1913/2200 3484/1893/2176 2272/1895/2178
f 2423/1914/2201 2424/1915/2202 2422/1389/1540
f 875/1916/2203 891/1917/2204 888/1918/2205
f 1854/1919/2206 1849/1920/2207 1850/1921/2208
f 3386/1922/2209 3388/1923/2210 2819/1924/2211
f 1528/1925/2212 1527/1106/1207 1526/1121/1229
f 2159/1926/2213 3277/1927/2214 3276/1928/2215
f 1170/1068/1161 1171/1018/2216 1160/986/2217
f 3722/1929/2218 1651/1153/1259 382/360/1295
f 3000/1930/2219 2359/954/1005 2360/1931/2220
f 3334/1932/2221 3333/1933/2222 3332/1934/2223
f 5100/808/850 5093/1935/2224 5078/809/851
f 3263/1936/2225 3301/1937/2226 2112/1938/2227
f 2942/1120/1228 2943/381/390 2941/380/389
f 6544/1939/2228 6545/1940/2229 6546/1941/2230
f 1104/766/802 1110/728/755 1100/764/799
f 5354/1942/2231 5356/1943/2232 5355/1944/2233
f 2436/1945/2234 2435/1946/2235 3304/1947/2236
f 6873/334/2237 6877/336/2238 6872/335/2239
f 3331/1948/2240 3328/1949/2241 3329/1950/2242
f 1365/962/2243 1348/940/988 1347/939/987
f 1543/1126/1234 1290/1634/1840 1073/1636/1842
f 3112/1951/2244 2680/1952/2245 3113/1953/2246
f 2949/1954/2247 2940/1955/2248 2939/243/233
f 7685/1956/2249 7684/1957/2250 7705/1958/2251
f 5365/1959/2252 5364/184/166 5363/1960/2253
f 906/566/583 1336/565/2254 909/567/1778
f 5911/1961/644 5910/167/2255 5913/192/644
f 2766/1567/1767 2765/1962/2256 2768/1963/2257
f 7090/335/2258 7089/334/2259 7094/336/2260
f 877/811/2261 876/812/2262 879/1530/1722
f 2221/1964/2263 2220/1965/2264 2219/1966/2265
f 5361/1967/2266 5358/1968/2267 5359/1969/2268
f 4843/253/1969 4898/705/2269 4901/1562/2270
f 990/96/2271 989/530/2271 992/95/2271
f 3450/1970/2272 3453/1971/2273 2287/489/507
f 2321/1793/2050 2650/1972/2274 2651/1973/2275
f 525/1974/2276 576/1975/2277 523/512/1882
f 2561/1976/2278 3675/1977/2279 2738/1978/2280
f 797/1979/2281 796/32/1163 794/1070/1162
f 2964/1036/1124 2942/1120/1228 2941/380/389
f 2139/1980/2282 2140/1035/1123 2442/1787/2044
f 2460/1981/2283 3010/99/84 2360/1931/2220
f 3039/1982/2284 3073/1983/2285 3060/1984/2286
f 2360/1931/2220 3010/99/84 2358/1910/2197
f 2035/254/246 2816/1985/2287 2034/1986/2288
f 4337/644/2289 4244/1987/2290 4338/644/2291
f 6387/1988/2292 6386/1989/2293 6384/1990/2294
f 4565/1466/2295 4566/1408/2296 4568/752/2297
f 3721/1991/2298 1609/1992/2299 3725/1993/2300
f 4829/1994/2301 4830/1995/2302 4826/1996/2303
f 2954/504/522 2325/1997/2304 2326/1998/2305
f 2201/183/165 2199/182/164 2638/1550/1742
f 2172/1911/2198 3011/1999/2306 2095/2000/2307
f 6082/2001/2308 6101/2002/2309 6102/2003/2310
f 3872/2004/2311 3868/2005/2312 3870/2006/2313
f 3574/2007/2314 3571/2008/2314 3572/2009/2315
f 5366/2010/2316 5368/464/478 5367/2011/2317
f 5304/2012/2318 5323/2013/2319 5321/2014/2320
f 2938/1552/1744 2200/1551/1743 2971/2015/2321
f 6184/2016/2322 6183/2017/2323 6186/2018/2324
f 2325/1997/2304 2357/503/521 2945/2019/2325
f 7268/1164/2326 7267/1165/2327 7265/1166/2328
f 3228/1135/2329 1608/1149/1254 1589/1134/2330
f 2113/2020/2331 2114/2021/2332 2978/2022/2333
f 2098/2023/2334 2097/2024/2335 2100/2025/2336
f 2384/1975/2337 2390/1343/1492 2387/513/531
f 5425/2026/1361 5426/2027/644 5427/2028/644
f 278/2029/2338 279/231/220 245/1465/1640
f 4557/821/2339 4556/898/2340 4521/898/2341
f 2232/2030/2342 2231/2031/2343 2230/2032/2344
f 7003/334/2345 7002/335/2346 7005/1878/2347
f 1204/1162/2348 1203/628/1269 1201/581/2349
f 3161/711/2350 3160/709/2351 3173/2033/2352
f 5901/977/1037 5905/2034/2353 5902/2035/2354
f 2222/1474/1655 2007/1383/1534 2223/1475/1656
f 2639/2036/2355 2605/1641/1851 2110/1643/1853
f 2279/2037/2356 2940/1955/2248 2777/2038/2357
f 2214/2039/2358 2450/2040/2359 2215/2041/2360
f 3307/1479/1660 3305/2042/2361 2435/1946/2235
f 121/92/2362 118/89/75 120/93/2363
f 3498/1894/2177 2270/2043/2364 2272/1895/2178
f 2987/2044/2365 2988/2045/2366 2986/1284/1409
f 6513/838/2367 6514/2046/2368 6517/2047/2369
f 3383/2048/2370 3384/2049/2371 2690/2050/2372
f 1431/1016/2373 1430/1014/1111 1433/1015/1110
f 2141/2051/2374 2339/2052/2375 2256/483/500
f 3279/2053/2376 3278/2054/2377 3281/2055/2378
f 2985/2056/2379 2993/2057/2380 2984/2058/2381
f 5710/2059/2382 5711/2060/2383 5714/2061/2384
f 6341/2062/2385 6357/451/2386 6339/521/2387
f 97/2063/2388 96/2064/68 99/80/68
f 459/495/2389 458/494/2390 457/496/2391
f 4014/2065/2392 4013/2066/2393 4011/2066/2394
f 6801/1878/2395 6800/1879/2396 6803/334/2397
f 4752/1673/2398 4757/870/2399 4750/868/910
f 6465/1657/2400 6466/1656/2401 6467/1656/2402
f 2952/292/2403 2962/2067/2404 2425/2068/2405
f 6943/1404/2406 6942/794/2407 6945/792/2408
f 1679/2069/2409 1678/2070/2410 1676/2071/2411
f 4055/771/2412 4035/773/2413 4051/772/2414
f 3198/2072/2415 1987/2073/2416 3182/2074/2417
f 5319/2075/2418 5318/1381/1531 5375/2076/2419
f 2891/1004/1076 2878/2077/2420 2882/1869/2146
f 2988/2045/2366 3007/956/1007 2986/1284/1409
f 2359/954/1005 2460/1981/2283 2360/1931/2220
f 2286/1012/1095 3463/2078/2421 2287/489/507
f 2682/912/949 2306/2079/2422 2308/2080/2423
f 1972/2081/2424 3603/2082/2425 3612/2083/2426
f 4955/2084/2427 4962/2085/2428 4956/2086/2429
f 2969/2087/2430 2115/2088/2431 2113/2020/2331
f 4740/2089/2432 4739/2090/2433 4741/2091/2434
f 2042/2092/2435 2186/2093/2436 2275/2094/2437
f 2170/1912/2199 2171/2095/2438 2358/1910/2197
f 2860/178/160 2865/1856/2126 2869/1855/2125
f 6061/661/684 6063/2096/2439 6059/662/685
f 861/2097/2440 1189/491/509 823/814/856
f 4385/1553/2441 4386/665/2442 4618/663/2443
f 515/2098/2444 519/2099/2445 518/2100/2446
f 6162/27/1725 6172/219/207 6163/220/2447
f 2793/2101/2448 2857/2102/2449 2858/2103/2450
f 4053/2104/2451 4035/773/2413 4055/771/2412
f 2095/2000/2307 2170/1912/2199 2172/1911/2198
f 2183/2105/2452 2184/181/163 2201/183/165
f 3037/2106/2453 2820/2107/2454 2719/2108/2455
f 6147/145/2456 6176/2109/2457 6175/143/2458
f 6789/334/2459 6788/335/2460 6793/336/2461
f 2076/2110/2462 2075/2111/2463 3017/2112/2464
f 7844/804/2465 7841/328/429 7842/417/431
f 3414/2113/2466 3404/2114/2467 3413/2115/2468
f 4997/2116/2469 4996/107/2470 4993/108/2471
f 3018/2117/2472 3019/2118/2473 3020/2119/2474
f 3018/2117/2472 3021/2120/2475 3019/2118/2473
f 3018/2117/2472 3022/2121/2476 3021/2120/2475
f 3018/2117/2472 3023/2122/2477 3022/2121/2476
f 3018/2117/2472 3024/2123/2478 3023/2122/2477
f 3018/2117/2472 3025/2124/2479 3024/2123/2478
f 3025/2124/2479 3018/2117/2472 3026/2125/2480
f 3018/2117/2472 3020/2119/2474 3026/2125/2480
f 2819/1924/2211 3308/1478/1659 3300/2126/2481
f 5996/1848/2109 5993/2127/2482 5995/1846/2107
f 1382/2128/2483 2998/499/517 2999/955/1006
f 5302/2129/2484 5292/2130/2485 5301/2131/2486
f 1397/2132/2487 1296/305/310 1403/1037/1125
f 2991/2133/2488 2810/2134/2489 2697/2135/2490
f 3163/2136/2491 3172/2137/2492 3162/2138/2493
f 7108/792/2494 7107/793/2495 7105/794/2496
f 3958/2139/101 3957/2140/101 3960/2141/101
f 235/190/174 231/1460/1632 233/189/172
f 3048/1218/2497 3050/2142/2498 3027/2143/2499
f 2902/2144/2500 2901/1834/2094 2903/216/204
f 3053/2145/2501 3034/2146/2502 3054/2147/2503
f 3062/2148/2504 3063/2149/2505 3064/2150/2506
f 1631/1143/1248 1630/1143/283 1633/29/283
f 6288/2151/2507 6287/2152/2508 6289/2153/2509
f 5992/2154/1579 5991/2155/2510 5989/2156/2511
f 3065/2157/2512 3066/2158/2513 3067/2159/2514
f 3068/2160/2515 3065/2157/2512 3069/2158/2516
f 791/32/1166 790/1979/2517 793/1070/1167
f 4080/250/241 4081/2161/2518 4094/247/2519
f 2321/1793/2050 3481/2162/2520 2650/1972/2274
f 3381/2163/2521 3395/372/381 3380/1239/1358
f 5412/79/644 5411/126/644 5410/2164/644
f 6436/2165/2522 6435/2166/2523 6438/2167/2524
f 445/2059/2525 446/2060/2526 481/2168/2527
f 7016/468/2528 7015/38/2529 7014/36/2530
f 5020/1988/2531 5019/1990/2532 5027/1989/2533
f 2956/1786/2043 2201/183/165 2638/1550/1742
f 5196/417/2534 5195/803/2535 5198/804/2536
f 725/591/609 728/882/924 753/594/612
f 3084/2169/2537 3046/1811/2070 3047/2170/2538
f 3038/711/2539 3037/2106/2453 3036/2171/2540
f 405/2172/2541 411/396/405 350/373/382
f 2573/2173/2542 2248/1130/1238 2629/2174/2543
f 3025/2124/2479 3079/2175/2544 3024/2123/2478
f 1547/345/2545 1701/1391/283 1545/345/2546
f 3086/2176/2547 3087/1216/2548 3060/1984/2286
f 3086/2176/2547 3088/2177/2549 3087/1216/2548
f 3089/2178/2550 3090/2179/2551 3091/2180/2552
f 3092/2181/2553 3093/2182/2554 3053/2145/2501
f 3092/2181/2553 3053/2145/2501 3054/2147/2503
f 3094/2183/2555 3088/2177/2549 3086/2176/2547
f 3095/2184/2556 3090/2179/2551 3089/2178/2550
f 3089/2178/2550 3080/324/332 3095/2184/2556
f 7899/2185/2557 7902/1646/2558 7900/1645/2559
f 3096/2186/2560 3062/2148/2504 3064/2150/2506
f 3053/2145/2501 3093/2182/2554 3073/1983/2285
f 3419/2187/2561 3399/2188/2562 3418/2189/2563
f 3064/2150/2506 3081/325/333 3096/2186/2560
f 3064/2150/2506 3063/2149/2505 3033/2190/2564
f 3151/1293/2565 3149/2191/2566 3222/1292/2567
f 3065/2157/2512 3067/2159/2514 3069/2158/2516
f 3034/2146/2502 3085/2192/2568 3054/2147/2503
f 3104/2159/2569 3105/2193/2570 3106/2194/2571
f 3107/1217/2572 3108/2195/2573 3109/2196/2574
f 3109/2196/2574 3108/2195/2573 3110/2142/2575
f 3105/2193/2570 3111/2157/2576 3106/2194/2571
f 3112/1951/2244 3113/1953/2246 3114/2197/2577
f 3115/2198/2578 3117/2199/2579 3116/2200/2580
f 3118/2201/2581 3117/2199/2579 3115/2198/2578
f 3112/1951/2244 3114/2197/2577 3119/2202/2582
f 2679/385/2583 3120/2203/2584 2324/2204/2585
f 2246/2205/2586 2612/2206/2587 3121/2207/2588
f 2679/385/2583 3122/2208/2589 3120/2203/2584
f 3121/2207/2588 2612/2206/2587 3123/2209/2590
f 3123/2209/2590 2612/2206/2587 3117/2199/2579
f 2679/385/2583 3112/1951/2244 3122/2208/2589
f 3201/152/2591 3224/2210/2592 2086/2108/2593
f 3249/824/2594 2027/1622/2595 2029/1623/2596
f 2353/2211/2597 3250/1169/2598 2355/2212/2599
f 397/2213/2600 394/1228/2601 393/2214/2602
f 3123/2209/2590 3117/2199/2579 3118/2201/2581
f 3112/1951/2244 3119/2202/2582 3122/2208/2589
f 2353/2211/2597 2356/2204/2603 2731/385/394
f 371/2215/2604 3748/348/2605 3749/1187/2606
f 2256/483/500 3131/2216/2607 2258/481/498
f 2109/2217/2608 2110/1643/1853 3132/2218/2609
f 3132/2218/2609 2110/1643/1853 3130/1642/1852
f 2256/483/500 3127/2219/2610 3131/2216/2607
f 2026/2220/2611 2587/2221/2612 2588/2222/2613
f 3133/2223/2614 2640/2224/2615 2639/2036/2355
f 2142/2225/2616 2141/2051/2374 3134/2226/2617
f 3132/2218/2609 3130/1642/1852 3129/2227/2618
f 3127/2219/2610 3128/2228/2619 3131/2216/2607
f 2141/2051/2374 3135/2229/2620 3134/2226/2617
f 3133/2223/2614 2639/2036/2355 3136/2230/2621
f 2141/2051/2374 2338/1779/2033 3135/2229/2620
f 3136/2230/2621 2639/2036/2355 2641/2231/2622
f 3137/2118/2623 3138/2117/2624 3139/2119/2625
f 3140/2120/2626 3138/2117/2624 3137/2118/2623
f 3141/2121/2627 3138/2117/2624 3140/2120/2626
f 3142/2122/2628 3138/2117/2624 3141/2121/2627
f 3143/2123/2629 3138/2117/2624 3142/2122/2628
f 3144/2124/2630 3138/2117/2624 3143/2123/2629
f 3138/2117/2624 3144/2124/2630 3145/2125/2631
f 3139/2119/2625 3138/2117/2624 3145/2125/2631
f 7212/1288/2632 7211/807/2633 7214/805/2634
f 5921/1185/2635 5920/166/2636 5918/166/2637
f 54/2232/2638 51/2233/2639 52/2234/2640
f 3428/2235/2641 2783/2236/2642 3431/1897/2180
f 1434/1008/1101 1431/1016/2373 1435/950/1001
f 353/392/401 406/2237/2643 407/394/403
f 325/1459/2644 324/189/299 318/188/171
f 5403/1391/2645 4031/345/2646 5390/345/2647
f 7567/1839/2648 7589/1838/2649 7588/1840/2649
f 3103/1135/2650 1575/1149/2651 1574/1150/1354
f 7026/805/2652 7025/806/2653 7023/807/2654
f 3171/2238/2655 3169/1136/2055 3147/2239/2656
f 472/2240/2657 468/2241/2658 470/1657/2659
f 2823/711/735 3052/2033/2660 3040/709/733
f 3153/1750/1998 3174/2242/2661 3175/2243/2662
f 4085/361/369 4093/260/2663 4092/1730/2664
f 3350/2244/2665 3273/2245/2666 3338/2246/2667
f 5970/2247/2668 5969/2248/2669 5972/2249/2670
f 3185/2149/2671 3186/2148/2672 3187/2150/2673
f 4153/585/600 4154/584/600 4152/585/600
f 2108/2250/2674 2109/2217/2608 2111/2251/2675
f 3169/1136/2055 3171/2238/2655 1561/2252/2676
f 3188/2157/2677 3189/2160/2678 3190/2158/2679
f 5950/870/2680 5931/869/2136 5936/868/2681
f 2365/2253/2682 2366/2254/2683 2997/163/145
f 85/55/45 80/671/696 84/56/46
f 4000/2255/2684 3996/1523/1706 3995/2256/2685
f 6652/2257/2686 6653/2258/2687 6655/2259/101
f 3910/757/790 3909/2260/2688 3907/2261/2689
f 6633/309/2690 6635/310/2691 6636/2262/2692
f 6420/2263/2693 6415/2264/2694 6419/2265/2695
f 6397/1461/1633 6438/2167/2524 6395/1462/1634
f 1174/2266/1489 1175/2267/1490 1177/2268/1491
f 2006/1384/1535 2003/1379/1529 2005/1385/1536
f 3167/2269/2696 3208/2270/2697 3168/2271/2698
f 3155/2106/2699 3157/711/2700 3156/2171/2701
f 4041/1263/2702 4038/580/1484 4031/345/2646
f 7169/806/2703 7168/805/2704 7166/1288/2705
f 1576/1150/2706 1575/1149/2651 1573/1149/2707
f 1178/2272/2708 1175/2267/1490 1480/2273/2709
f 3151/1293/2565 3202/2175/2710 3143/2123/2629
f 1564/1138/1242 3210/2274/2711 1562/1137/1912
f 3211/2275/2712 3210/2274/2711 1564/1138/1242
f 3213/2179/2713 3214/2178/2714 3215/2180/2715
f 3216/2276/2716 3217/2277/2717 3174/2242/2661
f 3174/2242/2661 3217/2277/2717 3175/2243/2662
f 3211/2275/2712 3218/2278/2718 3210/2274/2711
f 3213/2179/2713 3219/2184/2719 3214/2178/2714
f 3204/324/2720 3214/2178/2714 3219/2184/2719
f 3186/2148/2672 3220/2186/2721 3187/2150/2673
f 3216/2276/2716 3174/2242/2661 3195/1692/1913
f 838/2279/2722 839/2280/2723 841/2281/2724
f 5099/771/807 5084/773/809 5097/2104/2725
f 4820/2282/2726 4826/1996/2303 4831/2283/2727
f 3205/325/2728 3187/2150/2673 3220/2186/2721
f 3185/2149/2671 3187/2150/2673 3152/2190/2729
f 5095/2284/2730 5084/773/809 5096/772/808
f 1811/2285/2731 1832/2286/2732 1833/2287/2733
f 2575/2288/2734 2574/2289/2735 2589/1470/2736
f 3225/2159/2737 3188/2157/2677 3190/2158/2679
f 885/2290/2738 917/2291/2739 886/2292/2740
f 7559/1839/2741 7610/1838/2742 7557/2293/2743
f 6991/1404/2744 6995/1405/2745 6994/1406/2746
f 3229/2193/2747 3230/2159/2748 3231/2194/2749
f 3232/2294/2750 3233/2252/2751 3234/2295/2752
f 3232/2294/2750 3234/2295/2752 3235/2238/2753
f 3236/2157/2754 3229/2193/2747 3231/2194/2749
f 3237/1953/2755 3238/1951/2756 3239/2197/2757
f 3240/2200/2758 3241/2198/2759 3242/2199/2760
f 3241/2198/2759 3243/2201/2761 3242/2199/2760
f 3239/2197/2757 3238/1951/2756 3244/2202/2762
f 3245/2203/2763 2731/385/394 2356/2204/2603
f 3246/2207/2764 2028/2205/2765 2847/2206/2766
f 3247/2208/2767 2731/385/394 3245/2203/2763
f 3248/2209/2768 3246/2207/2764 2847/2206/2766
f 1945/1341/1490 1944/2296/2769 1947/1342/1491
f 3242/2199/2760 3248/2209/2768 2847/2206/2766
f 3238/1951/2756 2731/385/394 3247/2208/2767
f 3124/823/2770 2613/2297/2771 2612/2206/2587
f 2297/2298/2772 2343/2299/2773 3478/2300/2774
f 3440/2301/2775 2296/2302/2776 2298/2303/2777
f 2240/2211/2778 2241/386/2779 2680/1952/2245
f 3243/2201/2761 3248/2209/2768 3242/2199/2760
f 3244/2202/2762 3238/1951/2756 3247/2208/2767
f 2245/1622/1818 2246/2205/2586 2247/1623/1819
f 2345/300/295 3360/2304/2780 3361/2305/2781
f 3256/2306/2782 2398/1558/1752 2399/2307/2783
f 3257/2308/2784 2462/2309/2785 2583/2310/2786
f 3255/2311/2787 2462/2309/2785 3257/2308/2784
f 3252/1556/1750 2398/1558/1752 3256/2306/2782
f 2548/1616/1811 2600/2312/2788 3258/2313/2789
f 2013/1148/1253 2056/2314/2790 3259/2315/2791
f 3254/2316/2792 3255/2311/2787 3257/2308/2784
f 3253/2317/2793 3252/1556/1750 3256/2306/2782
f 3260/2318/2794 2013/1148/1253 3259/2315/2791
f 3261/2319/2795 2548/1616/1811 3258/2313/2789
f 2011/1146/1251 2013/1148/1253 3260/2318/2794
f 2549/1614/1809 2548/1616/1811 3261/2319/2795
f 2663/2320/2796 2662/2321/2797 2831/2322/2798
f 3703/2323/2799 3704/1273/2800 3705/2324/2801
f 1185/305/1021 1368/2132/2802 1374/1037/2128
f 3281/2055/2378 3298/2325/2803 3299/1700/1925
f 6008/2326/2804 5983/1328/1468 5981/148/134
f 3159/1691/1911 3162/2138/2493 3165/2327/2805
f 3687/2328/2806 3688/2329/2807 2099/2330/2808
f 2533/1906/2190 1386/2331/2809 1385/1905/2189
f 4921/477/2810 4912/1723/1968 4920/475/2811
f 3273/2245/2666 3274/2332/2812 3275/2333/2813
f 2848/2297/2814 2027/1622/2595 1618/823/866
f 3262/2334/2815 2446/2335/2816 3263/1936/2225
f 2942/1120/1228 2963/2336/2817 2951/379/388
f 4903/1294/2818 4904/2337/2819 4905/2338/2820
f 6383/1339/2821 6382/994/2822 6381/993/2823
f 4085/361/369 4102/1465/2824 4123/249/240
f 3289/2339/2825 3290/2340/2826 3291/2341/2827
f 2988/2045/2366 2994/2342/2828 3005/2343/2829
f 3294/2344/2830 3295/2345/2831 3296/2346/2832
f 3297/2347/2833 3295/2345/2831 3294/2344/2830
f 5390/345/2647 4039/996/1064 5391/2348/2834
f 3986/303/307 1821/1039/1127 3989/2349/2835
f 2981/2350/2836 2980/2351/2837 2172/1911/2198
f 2463/2352/2838 3255/2311/2787 3254/2316/2792
f 3710/2353/2839 3709/2354/2840 3715/2355/2841
f 2551/2356/2842 1903/2357/2843 1902/2358/2844
f 3305/2042/2361 3306/2359/2845 3304/1947/2236
f 5960/2360/2846 5959/1764/2847 5957/1763/2848
f 7907/1709/2849 7908/1708/2850 7910/1710/2851
f 3302/2361/2852 3309/2362/2853 3310/2363/2854
f 3302/2361/2852 3301/1937/2226 3309/2362/2853
f 780/2364/764 776/609/631 781/611/633
f 3981/2365/2855 1834/2365/2856 1813/2366/2857
f 3537/2367/2858 3531/2368/2859 3533/2369/2860
f 2641/2231/2622 2108/2250/2674 2111/2251/2675
f 1206/583/599 1204/1162/2348 1201/581/2349
f 643/991/1058 651/405/958 650/406/2861
f 1427/332/340 1426/1010/1089 1428/333/341
f 1388/2370/2862 3000/1930/2219 2807/1765/2019
f 5862/750/2863 5863/751/8 5864/751/8
f 7130/2371/2864 7129/688/2865 7132/686/2865
f 6058/2372/2866 6055/2373/2867 6056/2374/2868
f 3454/2375/2869 3429/2376/2870 3430/2377/2871
f 3263/1936/2225 3304/1947/2236 3303/2378/2872
f 3410/2379/2873 3407/1114/1222 3409/2380/2874
f 1368/2132/2802 1373/969/1026 1374/1037/2128
f 3334/1932/2221 3412/2381/2875 3335/2382/2876
f 245/1465/1640 283/234/223 291/279/272
f 2891/1004/1076 2889/2383/2877 2890/2384/2878
f 5467/2385/2879 5466/2386/2880 5476/1110/1216
f 2324/2204/2585 2240/2211/2778 2679/385/2583
f 2895/2387/2881 2896/1836/2096 2891/1004/1076
f 3297/2347/2833 3345/2388/2882 3295/2345/2831
f 3346/2389/2883 3287/2390/2884 3347/2391/2885
f 3346/2389/2883 3285/2392/2886 3287/2390/2884
f 1903/2357/2843 2550/2393/2887 3680/2394/2888
f 3290/2340/2826 3284/62/50 3291/2341/2827
f 5919/1185/2889 5914/1186/2890 5916/1186/2891
f 3344/2395/2892 3293/2396/2893 3292/2397/2894
f 3327/2398/2895 3326/2399/2896 3324/2400/2897
f 1522/1088/1181 1541/1123/1231 1542/1125/1233
f 7645/511/2898 7643/2401/2899 7644/2401/2899
f 2466/2402/2900 2508/2403/2901 3001/1734/1981
f 2428/338/346 3570/2404/2902 2426/339/347
f 5326/2405/2903 5334/1808/2067 5328/2406/2904
f 3625/2407/2905 3623/874/916 3624/2408/2906
f 3357/2409/2907 3358/2410/2908 3359/2411/2909
f 1827/2412/2910 1830/2413/2911 1828/2414/2912
f 2661/2415/2913 3351/301/296 2690/2050/2372
f 1829/2416/2914 3971/2417/2915 1830/2413/2911
f 3238/1951/2756 2732/1952/2916 2731/385/394
f 2656/2418/2917 2578/2419/2918 2326/1998/2305
f 3886/2420/2919 3885/2421/2920 3888/2422/559
f 5101/2423/2921 5102/2424/2922 5104/2425/2923
f 3285/2392/2886 3286/2426/2924 3287/2390/2884
f 3373/2427/2925 3374/2428/2926 3375/2429/2927
f 3376/2430/2928 3377/2431/2929 3378/2432/2930
f 3376/2430/2928 3379/2433/2931 3377/2431/2929
f 6434/2434/2932 6433/1256/1373 6431/1255/1372
f 3158/2107/2933 3183/710/2934 3161/711/2350
f 5795/78/417 5799/126/2935 5793/78/417
f 2339/2052/2375 3127/2219/2610 2256/483/500
f 3039/1982/2284 3042/1139/1243 3041/1141/1245
f 3387/2435/2936 3386/1922/2209 3385/2436/2937
f 4304/2437/2938 4305/1553/2939 4308/663/2940
f 3389/2438/2941 3383/2048/2370 3390/2439/2942
f 3382/2440/2943 3383/2048/2370 3389/2438/2941
f 4521/898/2341 4520/897/1501 4519/897/1503
f 4076/2062/2944 4078/451/2945 4077/2441/2946
f 3551/2442/2947 3553/2443/2948 3563/2444/2949
f 2796/1804/2063 2799/2445/2950 2797/1805/2064
f 532/2446/2951 531/2447/2952 535/2448/2953
f 5725/2449/2954 5720/2450/2955 5722/2060/2956
f 1555/2451/2957 1554/1157/1263 1552/1529/2958
f 7826/330/2959 7861/1458/2960 7825/329/2961
f 2857/2102/2449 2790/1743/1989 2785/1788/2045
f 4049/1935/2962 4056/808/2963 4025/809/1909
f 3330/2452/2964 3332/1934/2223 3333/1933/2222
f 6817/335/2965 6816/334/2966 6821/336/2967
f 3320/1359/1510 3342/2453/2968 3341/63/51
f 2028/2205/2765 2027/1622/2595 2847/2206/2766
f 3422/2454/2969 3379/2433/2931 3376/2430/2928
f 3371/2455/2970 3423/2456/2971 3424/2457/2972
f 3370/1312/1442 3423/2456/2971 3371/2455/2970
f 3318/2458/2973 3348/2459/2974 3342/2453/2968
f 3836/2460/2975 3953/1525/1717 3834/2461/2976
f 3368/2462/2977 3373/2427/2925 3375/2429/2927
f 2811/1876/2153 3421/1875/2152 2812/2463/2978
f 3489/2464/2979 3468/2465/2980 3469/2466/2981
f 300/280/278 307/281/2982 308/282/276
f 2293/2467/2983 2295/576/591 3432/2468/2984
f 3436/1336/1481 2669/1337/1482 3437/2469/2985
f 2759/836/879 2804/2470/2986 2983/2471/2987
f 2836/704/726 2835/1828/2088 2834/890/934
f 3441/2472/2988 3442/2473/2989 3443/2474/2990
f 2716/2475/2991 2651/1973/2275 3473/2476/2992
f 3469/2466/2981 3472/2477/2993 3473/2476/2992
f 3437/2469/2985 2292/578/593 2294/577/592
f 4090/2478/2994 4101/208/2995 4091/209/2996
f 3432/2468/2984 2667/2479/2997 3447/1896/2179
f 586/2338/2998 588/2480/2999 583/1294/3000
f 3437/2469/2985 2669/1337/1482 2292/578/593
f 3449/2481/3001 2288/488/506 2285/490/508
f 3442/2473/2989 2298/2303/2777 2346/2482/3002
f 3451/2483/3003 2285/490/508 3452/2484/3004
f 3453/1971/2273 3452/2484/3004 2285/490/508
f 3473/2476/2992 2650/1972/2274 3476/298/293
f 5089/2170/3005 5090/2485/3006 5088/2486/3007
f 403/397/406 406/2237/2643 351/375/384
f 3456/2487/3008 3457/2488/3009 3458/2489/3010
f 2654/2490/3011 3457/2488/3009 2655/2491/3012
f 2297/2298/2772 2298/2303/2777 3441/2472/2988
f 3459/2492/3013 3449/2481/3001 3451/2483/3003
f 3460/2493/3014 2721/1727/1972 2722/2494/3015
f 5514/2495/839 5519/2496/3016 5520/1729/1974
f 5452/2425/3017 5453/2497/3018 5455/2423/3017
f 3439/2498/3019 3462/2499/3020 2296/2302/2776
f 3300/2126/2481 2814/2500/3021 2819/1924/2211
f 2691/2501/3022 2984/2058/2381 2619/2502/3023
f 3456/2487/3008 2655/2491/3012 3457/2488/3009
f 630/340/348 629/2503/3024 632/425/3025
f 426/2060/3026 424/2059/3027 474/2168/3028
f 889/1059/1148 888/1918/2205 891/1917/2204
f 2319/1748/1996 2343/2299/2773 2342/2504/3029
f 4809/2254/3030 4810/2505/3031 4818/1813/3032
f 254/510/3033 276/229/218 250/203/188
f 2312/2506/3034 2309/2507/3035 3471/2508/3036
f 1463/2509/3037 640/516/534 1459/2510/3038
f 2322/2511/3039 3474/2512/3040 3475/2513/3041
f 2882/1869/2146 2886/2514/3042 2887/2515/3043
f 5094/2516/3044 5078/809/851 5093/1935/2224
f 3479/2517/3045 3441/2472/2988 3443/2474/2990
f 5822/2518/3046 5816/2519/3047 5817/2520/3048
f 2310/1795/2052 3475/2513/3041 2311/2521/3049
f 2312/2506/3034 3482/2522/3050 3481/2162/2520
f 2322/2511/3039 3475/2513/3041 2310/1795/2052
f 2273/2523/3051 3483/2524/3052 2271/2525/3053
f 2342/2504/3029 3479/2517/3045 2344/2526/3054
f 2733/2527/3055 3485/2528/3056 2736/2529/3057
f 2271/2525/3053 3486/2530/3058 3487/2531/3059
f 3487/2531/3059 3488/1913/2200 2271/2525/3053
f 3167/2269/2696 1936/2532/3060 3164/1796/2053
f 3014/2533/3061 3002/2534/3062 2340/2535/3063
f 2434/2536/3064 3300/2126/2481 2435/1946/2235
f 6528/1324/1466 6527/1563/3065 6530/1407/3066
f 3491/2537/3067 3492/2538/3068 3493/2539/3069
f 3491/2537/3067 2757/2540/3070 2758/2541/3071
f 2342/2504/3029 2297/2298/2772 3441/2472/2988
f 3483/2524/3052 3494/2542/3072 3486/2530/3058
f 2267/2543/3073 3495/2544/3074 2268/2545/3075
f 2718/1747/1995 3497/2546/3076 2343/2299/2773
f 5065/2547/3077 5072/2548/3078 5074/2549/3079
f 3556/2550/3080 3555/2551/3081 3554/2280/3082
f 3456/2487/3008 3465/2552/3083 2655/2491/3012
f 2758/2541/3071 3492/2538/3068 3491/2537/3067
f 2464/1615/1810 2583/2310/2786 2462/2309/2785
f 4085/361/369 4123/249/240 4086/2553/3084
f 243/2401/3085 242/509/527 256/511/529
f 2926/2554/3086 2920/2555/3087 2917/1904/2188
f 2986/1284/1409 2982/2556/3088 2804/2470/2986
f 4176/1070/3089 4175/1979/3090 794/1070/3089
f 367/2557/3091 1731/2558/3092 1729/2559/3093
f 1679/2069/2409 393/2214/3094 1680/2560/3095
f 2571/2561/3096 2570/2562/3096 2572/2563/3096
f 3447/1896/2179 3504/1268/3097 3466/2564/3098
f 3501/2565/3099 3481/2162/2520 3506/2566/3100
f 3439/2498/3019 3440/2301/2775 3478/2300/2774
f 16/2567/3101 17/2568/3102 63/1778/3103
f 2298/2303/2777 3442/2473/2989 3441/2472/2988
f 3479/2517/3045 2342/2504/3029 3441/2472/2988
f 3451/2483/3003 3449/2481/3001 2285/490/508
f 3483/2524/3052 3486/2530/3058 2271/2525/3053
f 3488/1913/2200 2272/1895/2178 2271/2525/3053
f 2287/489/507 3453/1971/2273 2285/490/508
f 3462/2499/3020 2291/1519/1702 2296/2302/2776
f 3497/2546/3076 3478/2300/2774 2343/2299/2773
f 2315/2569/3104 2314/2570/3105 2649/2571/3106
f 3006/97/82 3007/956/1007 2988/2045/2366
f 2329/2572/3107 1671/441/3108 2244/2573/3109
f 2714/2574/3110 2243/2575/3111 1668/442/456
f 2642/2576/3112 2239/718/746 2236/720/748
f 2643/2577/3113 2760/1602/1799 1697/2578/3114
f 2686/2579/3115 3508/2580/3116 2337/1576/1776
f 2332/2581/3117 2331/2582/3118 3509/2583/3119
f 3508/2580/3116 2335/1574/1774 2337/1576/1776
f 2331/2582/3118 2756/2584/3120 3509/2583/3119
f 3510/2585/3121 3511/2586/3122 3512/2587/3123
f 3511/2586/3122 3513/776/810 3514/2588/3124
f 3511/2586/3122 3510/2585/3121 3513/776/810
f 3515/778/812 3516/2589/3125 3517/2590/3126
f 3516/2589/3125 3518/777/811 3519/2591/3127
f 3516/2589/3125 3515/778/812 3518/777/811
f 1252/640/657 1251/1472/1654 1254/1473/1653
f 3513/776/810 3517/2590/3126 3514/2588/3124
f 3513/776/810 3515/778/812 3517/2590/3126
f 3518/777/811 3512/2587/3123 3519/2591/3127
f 3518/777/811 3510/2585/3121 3512/2587/3123
f 3520/2592/3128 3521/2593/3129 3522/2594/3130
f 3523/2595/3131 3520/2592/3128 3524/2596/3132
f 3521/2593/3129 3520/2592/3128 3523/2595/3131
f 3525/2597/3133 3526/2598/3134 3527/2599/3135
f 3528/2600/3136 3525/2597/3133 3529/2601/3137
f 3526/2598/3134 3525/2597/3133 3528/2600/3136
f 3527/2599/3135 3523/2595/3131 3524/2596/3132
f 3526/2598/3134 3523/2595/3131 3527/2599/3135
f 3522/2594/3130 3528/2600/3136 3529/2601/3137
f 3521/2593/3129 3528/2600/3136 3522/2594/3130
f 2903/216/204 2898/218/206 2902/2144/2500
f 2912/1892/2175 2913/1881/2162 2914/1880/2161
f 3530/2602/3138 3531/2368/2859 3532/2603/3139
f 3533/2369/2860 3531/2368/2859 3530/2602/3138
f 2126/2604/3140 3700/2605/3141 3701/2606/3142
f 3532/2603/3139 2796/1804/2063 2798/1806/2065
f 3532/2603/3139 3539/2607/3143 2796/1804/2063
f 3532/2603/3139 3531/2368/2859 3539/2607/3143
f 3531/2368/2859 3538/2608/3144 3540/2609/3145
f 3541/2610/3146 2618/2611/3147 3542/2612/3148
f 2049/2613/3149 2318/2614/3150 2317/2615/3151
f 3536/2616/3152 3534/2617/3153 2796/1804/2063
f 3541/2610/3146 3543/2618/3154 2617/2619/3155
f 3541/2610/3146 2617/2619/3155 2618/2611/3147
f 2030/420/434 3544/2620/3156 2347/1542/1738
f 3544/2620/3156 2030/420/434 2032/419/433
f 2347/1542/1738 3545/2621/3157 2015/1540/1736
f 2014/2622/3158 2015/1540/1736 3545/2621/3157
f 2033/418/432 2348/1541/1737 2406/2623/3159
f 1969/2624/3160 2348/1541/1737 1970/2625/3161
f 2591/1234/1353 2590/1233/1353 3546/2626/3162
f 3548/2281/3163 3550/2627/3163 3549/2279/3163
f 2982/2556/3088 2998/499/517 2983/2471/2987
f 3557/2628/3164 3559/2629/3164 3558/2630/3164
f 3554/2280/3082 3555/2551/3081 3562/2631/3165
f 2626/1694/1917 2625/1781/2035 2623/1298/1425
f 3564/2632/3166 3556/2550/3080 3554/2280/3082
f 3565/2633/3167 3551/2442/2947 3561/2634/3168
f 3566/881/923 2071/105/89 3567/616/635
f 3271/2635/3169 3266/2636/3170 3265/2637/3171
f 2561/1976/2278 2737/2638/3172 2562/2639/3173
f 3689/2640/3174 2100/2025/2336 2097/2024/2335
f 2426/339/347 3570/2404/2902 3578/2641/3175
f 3581/1435/1595 3582/2642/3176 1921/1436/1596
f 3583/2643/3177 1919/2644/3178 1921/1436/1596
f 6123/2645/3179 6122/2646/3180 6124/2647/3179
f 830/2648/3181 831/2649/3182 832/2650/3183
f 6040/2651/3184 6015/2652/3185 6016/2653/3186
f 3591/2654/3187 2085/2655/3188 1919/2644/3178
f 2085/2655/3188 3592/2656/3189 3593/2657/3190
f 1919/2644/3191 2546/2654/3192 2543/2643/3193
f 3589/2658/3194 2085/2655/3188 3593/2657/3190
f 3582/2642/3176 3594/2659/3195 1921/1436/1596
f 1991/606/623 2447/2660/3196 3595/2661/3197
f 2123/1430/1590 2120/1429/1589 3596/2662/3198
f 2447/2660/3196 2123/1430/1590 3596/2662/3198
f 1989/2663/3199 1991/606/623 3595/2661/3197
f 1989/2663/3199 1990/149/559 1988/607/624
f 2157/2664/3200 3601/971/1028 2154/799/836
f 5352/2665/3201 5360/1333/1478 5361/1967/2266
f 2152/378/387 3603/2082/2425 1973/376/385
f 3601/971/1028 3602/2666/3202 3605/2667/3203
f 3603/2082/2425 3606/1414/1569 3607/2668/3204
f 185/2669/3205 186/2670/3206 187/131/126
f 3601/971/1028 3605/2667/3203 3608/970/1027
f 3607/2668/3204 3604/2671/3207 3603/2082/2425
f 3604/2671/3207 3607/2668/3204 3609/2672/3208
f 3602/2666/3202 3610/2673/3209 3605/2667/3203
f 2153/800/837 2157/2664/3200 2154/799/836
f 2198/2674/3210 2195/2675/3211 3614/2676/3212
f 2195/2675/3211 3615/2677/101 3614/2676/3212
f 2489/2678/3213 2491/2679/3214 3616/2680/3215
f 3617/2681/559 2489/2678/3213 3616/2680/3215
f 3618/2682/3216 2486/1631/1830 2485/1629/1828
f 3619/2683/3217 1997/1370/1520 2000/1376/1526
f 3620/2684/3218 3622/2685/3219 3621/2686/3220
f 3643/2687/3221 3644/2688/3222 3642/2689/3223
f 3626/885/927 3627/2690/3224 3624/2408/2906
f 3628/2691/3225 3629/2692/3226 3627/2690/3224
f 3624/2408/2906 3631/2693/3227 3625/2407/2905
f 176/128/3228 171/155/3229 177/131/116
f 3646/999/1071 3643/2687/3221 3642/2689/3223
f 1978/141/128 3638/2694/3230 3637/2695/3231
f 3632/875/917 1978/141/128 3637/2695/3231
f 3620/2684/3218 3639/2696/3232 3622/2685/3219
f 3640/2697/3220 3641/2698/3233 3620/2684/3234
f 3645/1000/1072 3646/999/1071 3642/2689/3223
f 3647/2699/3235 3648/998/1070 3645/1000/1072
f 3628/2691/3225 3626/885/927 3636/2700/3236
f 3649/2701/3237 3642/2689/3223 3644/2688/3222
f 5745/1655/3238 5746/1656/3239 5749/1657/3240
f 1840/2702/3241 1807/2703/3242 1824/2704/3243
f 3638/2694/3230 1978/141/128 1975/295/290
f 3641/2698/3233 3653/2705/3244 3620/2684/3234
f 3654/2706/3245 3655/2707/3246 3656/1791/2048
f 3654/2706/3245 3657/2708/3247 3655/2707/3246
f 1212/2709/3248 1210/1251/1368 1211/2710/3249
f 2969/2087/2430 2077/1505/1683 2957/1507/1685
f 2791/2711/3250 2790/1743/1989 2792/2712/3251
f 3637/2695/3231 3636/2700/3236 3635/886/928
f 5784/2713/3252 5783/2714/3253 5781/2715/3254
f 7356/1406/3255 7348/792/3256 7357/1405/3257
f 1488/637/3258 847/639/3259 848/638/3260
f 2868/1857/2127 2863/1821/2082 2864/2716/3261
f 3668/2717/3262 3672/2718/3263 2161/2719/3264
f 2445/2720/3265 3673/2721/3266 3669/2722/3267
f 367/2557/3091 1738/2723/3268 375/1654/1867
f 2407/2724/3269 2601/2725/3270 2249/1128/1236
f 3337/2726/3271 3324/2400/2897 3326/2399/2896
f 2162/2727/3272 3671/2728/3273 2779/2729/3274
f 3678/2730/3275 3675/1977/2279 2561/1976/2278
f 3679/2731/3276 2551/2356/2842 3676/2732/3277
f 2444/2733/3278 2522/2734/3279 3674/2735/3280
f 1941/2736/3281 2947/1974/3282 2656/2418/2917
f 1135/766/820 1137/728/868 1138/726/872
f 3693/2737/3283 3694/1873/2150 3685/2738/3284
f 2078/2023/3285 3706/2329/3286 3714/2739/3287
f 3690/2353/3288 3695/2739/3289 3696/2355/3290
f 3696/2355/3290 3695/2739/3289 3687/2328/2806
f 3713/2740/3291 2127/1607/1805 3712/2741/3292
f 1352/2742/3293 2955/505/523 1350/1800/2059
f 6890/334/3294 6889/336/3295 6891/335/3296
f 3685/2738/3284 3684/1270/3297 3693/2737/3283
f 4947/2743/3298 4937/1891/3299 4946/2743/3300
f 2706/2744/3301 2710/2745/3302 2713/2746/3303
f 861/2097/2440 860/533/3304 858/532/3305
f 3713/2740/3291 3712/2741/3292 3703/2323/2799
f 3427/2747/3306 3358/2410/2908 3357/2409/2907
f 3714/2739/3287 3710/2353/2839 3715/2355/2841
f 3714/2739/3287 3715/2355/2841 3707/2328/3307
f 2994/2342/2828 2986/1284/1409 2573/2173/2542
f 3401/2748/3308 3373/2427/2925 3399/2188/2562
f 7241/1406/3309 6910/792/1953 7242/1405/3310
f 5026/2749/3311 5025/2750/3312 5023/2751/3313
f 3721/1991/2298 3719/2752/3314 1654/748/781
f 3722/1929/2218 3723/2753/3315 1649/1151/1257
f 3727/2754/3316 3728/351/3317 3729/1220/3318
f 3727/2754/3316 3730/314/3319 3728/351/3317
f 3731/1274/3320 3730/314/3319 3727/2754/3316
f 3723/2753/3315 3732/2755/3321 1649/1151/1257
f 4816/2756/3322 4813/2757/3323 4831/2283/2727
f 2884/2758/3324 2882/1869/2146 2883/1868/2145
f 4138/284/3325 4137/280/273 4136/273/275
f 3734/2759/3326 3736/2760/3327 1554/1157/1263
f 3738/2761/3328 3739/1717/1956 1581/1865/2140
f 3740/326/3329 3741/2762/3330 3742/1277/3331
f 3743/320/3332 3741/2762/3330 3740/326/3329
f 3743/320/3332 3744/1276/3333 3741/2762/3330
f 3745/2763/3334 3738/2761/3328 1581/1865/2140
f 2360/1931/2220 2171/2095/2438 2807/1765/2019
f 381/2764/3335 3726/1437/3336 3725/1993/2300
f 3752/2213/3337 3754/2071/3338 3753/2070/3339
f 2200/1551/1743 2970/2765/3340 2971/2015/2321
f 3409/2380/2874 3411/2766/3341 3410/2379/2873
f 3755/2767/3342 3756/2768/3343 3757/2769/3344
f 2190/2770/3345 2189/2771/3345 2188/2772/3345
f 3756/2768/3343 3755/2767/3342 3761/2773/3346
f 3755/2767/3342 3757/2769/3344 3762/2774/3347
f 3763/2775/3348 3756/2768/3343 3761/2773/3346
f 3757/2769/3344 3764/2776/3349 3762/2774/3347
f 4987/2161/3350 4985/2777/3351 4984/2777/3351
f 3760/2778/644 3768/2779/644 3758/2780/644
f 1931/1448/1612 3769/2781/3352 2070/2782/3353
f 3770/2783/3354 2066/2784/3355 2070/2782/3353
f 3771/2785/3356 3769/2781/3352 1931/1448/1612
f 3770/2783/3354 3772/2786/3357 2066/2784/3355
f 3773/2787/3358 1934/8/1246 2062/2788/3359
f 2609/28/20 3774/2789/3360 2062/2788/3359
f 3773/2787/3358 3775/9/3361 1934/8/1246
f 3776/2790/3362 3774/2789/3360 2609/28/20
f 3777/2791/3363 3778/2792/3364 3779/2793/3365
f 3777/2791/3363 3780/2794/3366 3778/2792/3364
f 3781/2795/3367 3782/2796/3368 3783/2797/3369
f 3781/2795/3367 3780/2794/3366 3782/2796/3368
f 3784/2798/3370 3780/2794/3366 3781/2795/3367
f 3778/2792/3364 3780/2794/3366 3784/2798/3370
f 3786/2799/3371 3787/2800/3372 3788/2801/3373
f 3789/2802/3374 3787/2800/3372 3786/2799/3371
f 3790/2803/3375 3791/2804/3376 3792/2805/3377
f 3789/2802/3374 3791/2804/3376 3790/2803/3375
f 3789/2802/3374 3793/2806/3378 3791/2804/3376
f 3789/2802/3374 3786/2799/3371 3793/2806/3378
f 2824/2807/3379 2826/1289/1416 3795/2808/3380
f 2419/2809/3381 2421/1242/1362 3796/2810/3382
f 3798/2811/3383 2418/1244/1364 2420/1243/1363
f 3799/2812/3384 3800/2813/3384 3801/2814/3384
f 3802/2815/3385 3803/2816/3385 3804/2817/3385
f 2749/2818/3386 2748/1509/1693 3805/2819/3387
f 2747/1510/1694 3806/2820/3388 2750/1511/1695
f 3807/2821/3389 3809/2822/3389 3808/2823/3389
f 3810/2824/3390 3812/2825/3390 3811/2826/3390
f 3816/2827/3391 1891/1604/3392 1888/768/804
f 2016/1604/1802 3816/2827/3391 2019/768/1801
f 2014/2622/3158 1970/2625/3161 2015/1540/1736
f 1959/1604/3392 3814/2827/3391 3813/2828/3393
f 5459/2829/3394 5461/2830/3395 5464/2068/3396
f 56/2831/3397 53/2832/3398 54/2232/2638
f 3587/2833/3399 2084/2834/3400 2083/2835/3401
f 18/11/8 19/10/8 23/12/8
f 4387/1357/1290 4388/2836/1290 4390/2836/1290
f 3914/2837/3402 3909/2260/2688 3912/2838/3403
f 578/959/3404 591/2839/3405 590/2840/3404
f 2528/2841/3406 2527/2842/3406 2530/2843/3406
f 5333/2844/3407 5330/2845/3408 5331/1899/2182
f 1249/741/3409 1248/851/3410 1250/740/1872
f 7784/803/3411 7783/417/1966 7786/804/3412
f 182/2669/3413 177/131/116 179/2670/3414
f 4530/2846/3415 4529/2847/3416 4334/2848/3417
f 4568/752/2297 4569/1408/3418 4436/752/3419
f 7462/2849/3420 7465/2850/504 7464/1581/1779
f 415/872/914 414/1172/3421 412/873/915
f 6539/1956/3422 6538/1958/3423 6536/1957/3424
f 130/590/608 128/35/27 125/34/26
f 1087/1357/3425 1083/1356/1507 1085/1358/1509
f 2284/1416/1574 2283/2851/3426 2281/845/885
f 4300/841/559 4301/842/559 4303/843/559
f 2663/2320/2796 2657/2852/3427 2664/2853/3428
f 7521/2854/3429 7520/1611/3430 7518/1610/3431
f 1814/1286/1411 1832/2286/2732 3973/2286/644
f 4624/647/667 4625/2855/3432 4626/2856/3432
f 3828/1816/3433 3820/1815/3434 3827/760/793
f 3877/1666/3435 3878/2857/3435 3880/1665/3435
f 6318/586/3436 6319/1736/3437 6321/1735/3438
f 1306/829/897 1302/828/3439 1305/828/897
f 3922/756/789 3921/2858/3440 3919/2859/3440
f 3961/2860/559 3962/2861/559 3963/2862/559
f 3964/2862/559 3966/2860/559 3965/2861/559
f 4766/925/970 4768/1803/2062 4763/1803/3441
f 664/1423/3442 663/742/773 661/2863/3443
f 6199/118/3444 6207/117/3445 6202/119/3446
f 1817/2864/3447 1837/2865/3448 3978/2865/3449
f 2378/2866/3450 2377/1562/1756 2376/1559/1753
f 5854/2867/3451 5855/1214/1335 5856/1214/1335
f 813/2868/3452 812/2869/3452 815/2870/3452
f 107/590/3453 105/35/324 106/402/411
f 6146/144/3454 6145/484/3455 6148/2871/3455
f 2909/388/397 2913/1881/2162 2907/383/392
f 3991/630/1390 1816/630/648 1815/1287/1412
f 568/571/3456 567/570/3457 570/2872/3458
f 6198/2873/3459 6186/2018/2324 6183/2017/2323
f 5766/2874/3460 5772/2875/3461 5764/452/3462
f 3923/2876/3463 3924/2877/3463 3926/2857/3463
f 3912/2838/3403 3911/2878/644 3914/2837/3402
f 3995/2256/2685 3994/1523/3464 3997/2256/3465
f 5838/1176/1290 5837/2879/3466 5840/2879/3466
f 7110/334/3467 7109/335/3468 7112/1878/3469
f 4512/2880/3470 4513/2881/3471 4515/2880/3472
f 1077/347/3473 1303/346/732 1304/236/731
f 4945/670/3474 4943/669/3475 4942/669/3476
f 5079/1689/3477 5078/809/851 5081/2882/3478
f 3999/1522/1707 3998/2255/3479 4001/1522/1705
f 7343/792/3480 7342/1406/3481 7345/1404/3482
f 4743/2883/3483 4724/345/1542 4727/580/3484
f 4016/44/3485 4015/1620/1823 4018/1620/1825
f 2899/217/205 2903/216/204 2901/1834/2094
f 7041/1406/3486 7029/792/3487 7042/1405/3488
f 7494/1709/3489 7493/43/3490 7495/1710/3491
f 6295/2884/3492 6296/2885/3493 6293/2886/3494
f 3036/2171/2540 3037/2106/2453 3063/2149/2505
f 4032/2887/3495 4035/773/2413 4053/2104/2451
f 4025/809/1909 4054/810/3496 4028/1690/1910
f 4057/2888/3497 4058/2100/3498 4059/2099/3499
f 2514/2889/3500 2513/2890/3500 2511/2891/3500
f 4225/673/3501 1123/596/3502 4227/1441/3501
f 4276/655/3503 4273/656/3504 4274/656/3505
f 560/1396/1549 4069/2892/3506 4070/1395/3507
f 5367/2011/2317 5363/1960/2253 5366/2010/2316
f 562/2893/3508 4074/2894/283 4073/2895/3509
f 2066/2784/3355 2065/2896/101 2068/2897/21
f 4541/843/101 4540/2898/101 4539/841/101
f 709/663/3510 710/866/3511 711/1553/3512
f 4077/2441/2946 4067/2899/3513 4068/2900/3514
f 4078/451/2945 4067/2899/3513 4077/2441/2946
f 4079/526/3515 572/2901/3516 510/457/471
f 4066/2902/3517 572/2901/3516 4079/526/3515
f 1741/1534/1727 390/1496/1674 1748/2903/3518
f 805/174/156 788/237/3519 803/172/154
f 4900/1555/3520 4910/2904/3521 4895/653/3522
f 5504/169/3523 5503/170/3524 5501/2905/3525
f 4097/213/3526 4098/207/3527 4099/210/3528
f 4100/214/3529 4098/207/3527 4097/213/3526
f 4101/208/2995 4098/207/3527 4091/209/2996
f 4099/210/3528 4098/207/3527 4101/208/2995
f 247/257/249 253/2906/3530 242/509/527
f 613/724/751 868/545/3531 788/237/3519
f 2114/2021/2332 2958/2907/3532 2441/2908/3533
f 4105/2909/3534 4107/2910/3535 4106/224/213
f 2486/1631/1830 2481/1117/1225 2485/1629/1828
f 4108/2911/3536 4110/246/236 4109/2912/3537
f 2959/2913/3538 1951/2914/3539 1949/2829/3540
f 4112/231/3541 4113/230/3542 4114/232/3543
f 4115/234/3544 4116/233/239 4117/235/3545
f 1397/2132/2487 1401/969/1069 1402/966/1067
f 4097/213/3526 4121/215/3546 4100/214/3529
f 4107/2910/3535 4118/2915/3547 4106/224/213
f 4122/240/3548 4120/239/3549 4114/232/3543
f 2619/2502/3023 2993/2057/2380 2248/1130/1238
f 4107/2910/3535 4124/2916/3550 4118/2915/3547
f 4120/239/3549 4112/231/3541 4114/232/3543
f 5415/54/3551 5414/2917/3552 5416/68/3553
f 2663/2320/2796 2946/960/1013 1941/2736/3281
f 4128/2918/3554 4129/2919/3555 4096/225/214
f 297/2920/3556 249/202/187 296/270/262
f 4131/2921/3557 4133/2922/3558 4132/2923/3559
f 4132/2923/3559 4133/2922/3558 4134/2924/3560
f 4132/2923/3559 4134/2924/3560 4125/2925/3561
f 4126/245/235 4132/2923/3559 4125/2925/3561
f 4135/2926/3562 4129/2919/3555 4128/2918/3554
f 4135/2926/3562 4132/2923/3559 4129/2919/3555
f 4096/225/214 4129/2919/3555 4132/2923/3559
f 4096/225/214 4132/2923/3559 4126/245/235
f 7681/2927/3563 7682/1940/3564 7680/2928/3565
f 4139/274/3566 4136/273/275 4140/272/998
f 4139/274/3566 4141/275/3567 4136/273/275
f 1380/938/1033 1392/1007/1079 1393/1785/3568
f 4136/273/275 4127/279/3569 4119/248/238
f 3431/1897/2180 2668/1024/1109 3433/2929/3570
f 4137/280/273 4145/283/3571 4144/282/3572
f 4141/275/3567 4127/279/3569 4136/273/275
f 4136/273/275 4119/248/238 4138/284/3325
f 3016/1995/3573 2195/2675/3211 2198/2674/3210
f 244/361/1641 265/2553/3574 289/249/1642
f 4103/2930/3575 4146/2931/3576 4082/2932/3577
f 4087/259/371 4147/258/3578 4093/260/2663
f 4084/261/370 4147/258/3578 4087/259/371
f 4082/2932/3577 4146/2931/3576 4083/2777/3579
f 4148/2933/3580 4149/2934/3581 4150/2934/3582
f 4151/2933/3583 4149/2934/3581 4148/2933/3580
f 779/629/3584 778/610/632 776/609/631
f 721/530/3585 720/96/3585 723/94/3585
f 1039/879/3586 1036/677/1601 1038/880/3587
f 4170/2934/3588 4171/2933/3589 4172/2934/3590
f 4173/2933/3591 4171/2933/3589 4170/2934/3588
f 2079/2024/3592 2078/2023/3285 2081/2025/3593
f 4278/1079/701 4277/1080/701 4280/1080/839
f 4393/1472/3594 4395/641/3595 4391/1472/3594
f 3927/1521/1704 3956/2935/3596 3955/2936/3597
f 1106/95/3585 1107/94/3585 1109/96/3585
f 1696/791/829 1625/2937/3598 1623/2937/3599
f 4185/637/3600 946/1852/2117 943/637/2117
f 522/2938/3601 4079/526/3515 510/457/471
f 2273/2523/3051 2272/1895/2178 2270/2043/2364
f 7453/2939/3602 7452/1843/3602 7455/1842/3602
f 600/2940/101 599/2941/101 597/2942/101
f 6440/2943/3603 6439/2944/3604 6442/2945/3605
f 6871/805/3606 6870/806/3607 6868/807/3608
f 2500/2946/3609 2499/2947/3610 2497/2948/3611
f 6476/2026/644 6479/2949/644 6477/2027/644
f 4233/2950/3612 4235/2951/3613 4234/2952/3612
f 4254/841/559 4253/842/559 4251/843/559
f 5156/328/3614 5155/329/3615 5158/330/3616
f 641/492/1059 829/491/952 828/493/974
f 737/596/3617 4225/673/3501 4227/1441/3501
f 1244/1282/3618 1241/1281/3619 1242/1167/1274
f 1721/1575/283 1720/2953/283 1718/1575/283
f 562/2893/3508 505/448/462 507/447/461
f 6260/2954/3620 6261/2955/3620 6263/2956/3620
f 4516/2957/3621 4517/1352/3622 4512/2880/3470
f 2991/2133/2488 2035/254/246 2313/2958/3623
f 7583/1609/3624 7582/2293/3625 7585/1611/3626
f 1270/546/567 1327/883/3627 1271/544/565
f 1715/1275/1395 1712/351/1339 1713/1221/1341
f 4894/2901/3628 4881/451/554 4893/2899/3629
f 1338/732/759 1345/819/644 1326/859/3630
f 4299/2951/3631 4298/2950/3632 4297/2952/3633
f 4575/268/3634 4573/267/3635 4574/267/3636
f 7480/2959/3637 7477/2960/3638 7476/2961/3639
f 6403/2962/3640 6422/2963/3641 6421/2964/3642
f 1912/157/142 2438/158/3643 2439/1278/3644
f 2459/2965/3645 2458/2966/3646 2457/2967/3646
f 4310/562/3647 4309/1078/3647 4312/562/3647
f 6618/2968/3648 6617/2969/101 6616/2970/3649
f 4331/2971/101 4328/2972/101 4327/2973/101
f 1023/741/771 1024/851/891 1025/2974/3650
f 4333/2847/3651 4334/2848/3417 4335/2975/3652
f 4505/2976/3653 4504/2977/3654 4507/2978/3655
f 317/166/282 329/191/301 318/188/171
f 6014/2979/3656 5989/2156/2511 5991/2155/2510
f 1919/2644/3178 1918/2980/3657 1921/1436/1596
f 4354/2880/3658 4353/2957/3659 4355/2880/3660
f 4340/413/3661 4338/644/2291 4339/413/3662
f 1717/703/3663 1750/702/101 1716/703/3664
f 4372/1266/1384 4537/1267/3665 4536/1267/3666
f 2453/2981/3667 2452/2982/3668 2455/2983/3669
f 1302/828/3439 1301/856/896 1299/857/896
f 5035/2984/3670 5033/2985/3671 5037/2986/3672
f 6180/137/3673 6179/138/3674 6182/2987/3674
f 7777/328/1651 7813/329/1650 7775/417/1651
f 3855/2988/3675 3856/2989/3675 3858/2990/3675
f 4260/842/101 4259/841/101 4262/2898/101
f 1045/736/763 1042/735/1578 1044/737/764
f 4349/898/3676 4440/821/863 4348/898/940
f 5237/329/842 5266/1332/841 5238/330/3677
f 435/659/3678 434/428/441 432/657/3679
f 1324/1662/3680 660/531/551 657/533/553
f 4876/2099/3681 4874/2098/3682 4873/2100/3683
f 2383/2991/3684 2382/2992/3685 2381/2993/3686
f 2624/1782/2036 2775/1772/2026 2776/1783/2037
f 1114/1473/657 4393/1472/3594 4391/1472/3594
f 2953/2994/3687 2818/2995/3688 2817/2996/3689
f 6400/573/588 6442/2945/3605 6399/2997/3690
f 1659/150/136 1663/605/3691 1661/607/3692
f 799/1707/1932 798/1844/2105 801/847/2085
f 2506/2998/3693 2505/2999/3694 2503/3000/3695
f 3894/3001/3696 3891/3002/3697 3893/3003/3698
f 5283/1300/1843 5284/3004/3699 5286/3004/3700
f 4600/268/260 4590/267/3701 4168/268/3702
f 2333/3005/3703 2332/2581/3117 2330/3006/3704
f 4443/3007/644 4444/1858/644 4446/1858/644
f 2595/3008/101 2594/3009/101 2592/3010/101
f 6465/1657/2400 6462/2241/3705 6464/1657/3706
f 4847/286/283 4846/287/283 4845/3011/283
f 1069/642/3707 652/404/957 649/643/959
f 1114/1473/657 4396/640/3708 4392/1473/3709
f 1248/851/3410 1245/850/3710 1246/852/3711
f 4564/535/558 4358/534/557 4563/535/558
f 2312/2506/3034 2311/2521/3049 2309/2507/3035
f 4470/133/645 4474/77/283 4475/77/283
f 3941/3012/3712 3942/3013/3712 3944/3014/3712
f 1132/727/817 1138/726/872 1137/728/868
f 4603/967/644 4543/964/644 4544/3015/644
f 5355/1944/2233 5351/3016/3713 5354/1942/2231
f 4512/2880/3470 4515/2880/3472 4516/2957/3621
f 3161/711/2350 3183/710/2934 3160/709/2351
f 4522/2977/3714 4507/2978/3655 4523/1022/3715
f 4336/2846/3716 4333/2847/3651 4609/948/3717
f 4368/534/557 4433/685/3718 4365/534/711
f 577/3017/3719 582/1699/3720 580/506/524
f 4710/3018/3721 4709/3019/3722 4707/3020/3723
f 4334/2848/3417 4529/2847/3416 4335/2975/3652
f 4522/2977/3714 4524/2976/3724 4507/2978/3655
f 709/663/3510 704/664/3725 708/867/3726
f 1084/2836/283 4508/1357/283 1086/2836/283
f 6426/3021/3727 6425/3022/3728 6423/3023/3729
f 1593/348/3730 1592/3024/3731 1595/1187/1309
f 1778/3025/3732 1777/3026/3733 1780/3027/3732
f 4547/3028/559 4548/3029/559 4617/3030/559
f 780/2364/764 785/609/647 786/629/646
f 4659/2867/3451 4658/1214/1335 4660/2867/3451
f 1858/432/1456 1857/433/1459 1860/1316/1462
f 4436/752/3419 4569/1408/3418 4570/919/3734
f 3500/3031/3735 3492/2538/3068 2758/2541/3071
f 4436/752/3419 4571/3032/3736 4572/920/3737
f 4438/268/3738 4572/920/3737 4573/267/3635
f 6315/3033/3739 6316/2519/3740 6314/3034/3741
f 4560/3007/644 4561/1858/644 1405/1038/644
f 4579/3035/3742 4580/3036/3743 4581/3037/3744
f 4582/3038/3745 4580/3036/3743 4579/3035/3742
f 4582/3038/3745 4581/3037/3744 4580/3036/3743
f 4583/3037/3746 4584/3036/3747 4585/3035/3748
f 4586/3038/3749 4584/3036/3747 4583/3037/3746
f 4586/3038/3749 4585/3035/3748 4584/3036/3747
f 4168/268/3702 4587/3032/3750 4588/919/3751
f 4590/267/3701 4589/920/3752 4168/268/3702
f 4167/752/785 4588/919/3751 4592/1408/1560
f 5915/168/3753 5914/1186/2890 5917/168/3754
f 1167/1889/2171 1165/1596/1793 1162/1595/1792
f 4805/151/3755 4802/3039/3756 4807/3040/3757
f 3302/2361/2852 3311/3041/3758 2159/1926/2213
f 1371/71/59 4602/306/3759 4429/72/60
f 4550/72/3760 4604/306/3761 4552/71/3762
f 4504/2977/3654 4523/1022/3715 4507/2978/3655
f 4610/3042/3763 4612/3043/3763 4611/3044/3763
f 4613/3045/3763 4614/3046/3763 4615/3047/3763
f 4163/1068/1992 1482/1069/3764 4164/1068/3765
f 1482/1069/3766 4160/984/3767 4159/984/1102
f 2266/3048/3768 2717/1749/1997 2319/1748/1996
f 6311/175/3769 6327/177/3770 6310/176/3771
f 794/1070/3089 4616/1071/3772 4176/1070/3089
f 4616/1071/3773 4180/32/24 4177/32/24
f 4653/3049/3774 4652/750/783 4654/3049/3774
f 5315/1382/1532 5306/3050/3775 5316/1382/1533
f 4727/580/3484 4730/1264/3776 4731/1264/3777
f 1963/769/3778 1962/768/1801 1965/770/2185
f 4627/3051/1714 4633/3052/3779 4631/3053/3780
f 1901/3054/3781 1900/3055/3782 1898/3056/3783
f 3938/3057/3784 3937/3058/3784 3940/3059/3784
f 7557/2293/2743 7556/1609/3785 7559/1839/2741
f 564/3060/283 563/3061/283 566/3062/283
f 1932/1209/3786 2070/2782/3353 2069/1210/3787
f 4525/1472/1652 1253/641/659 4361/641/658
f 4709/3019/3722 4711/3063/3788 4707/3020/3723
f 6168/2832/3789 6190/2831/3790 6171/2232/3791
f 5926/3064/3792 5928/914/3793 5924/3064/3794
f 1812/3065/3795 3976/1286/3796 3977/3065/3797
f 6809/1405/3798 6808/1404/3799 6806/792/3800
f 4550/72/3760 4551/70/644 4554/70/644
f 495/1178/709 494/1179/3801 497/1498/1675
f 2535/3066/283 2604/3067/283 2536/3068/283
f 7/3069/1280 6/124/109 9/3070/1281
f 5031/3071/3802 5030/3072/3803 5029/3073/3804
f 4678/168/3805 4689/285/3806 4688/285/3807
f 1689/1268/1390 1624/3074/3808 1622/3074/3808
f 3717/3075/3809 1924/3076/3810 1923/1001/1073
f 2566/3077/3811 2567/3078/3811 2569/3079/3811
f 5918/166/2637 5922/3080/644 5923/193/644
f 4690/3064/3812 4691/914/3813 4692/914/953
f 4686/3080/644 4681/166/1346 4685/193/644
f 1781/1161/1515 1782/3081/1515 1784/1160/1515
f 6043/3082/3814 6020/3083/3815 6044/3084/3816
f 2958/2907/3532 1359/3085/3817 1362/3086/3818
f 5874/3087/613 5873/3088/3819 5871/3089/3820
f 984/626/644 983/625/3821 982/627/644
f 2357/503/521 2964/1036/1124 2941/380/389
f 358/3090/3822 3725/1993/2300 3746/322/3823
f 5399/3091/3824 5398/3092/3825 5401/3093/3826
f 4743/2883/3483 4723/1391/1543 4721/343/3827
f 4730/1264/3776 4744/1263/3828 4731/1264/3777
f 354/389/398 405/2172/2541 350/373/382
f 2714/2574/3110 2328/443/457 2243/2575/3111
f 4417/1447/3829 4416/1446/3830 4415/1446/3830
f 4755/1671/3831 4752/1673/2398 4754/1672/3832
f 6999/805/3833 6998/806/3834 6996/807/3835
f 5309/3094/3836 5336/3095/3837 5311/3096/3838
f 2756/2584/3120 2333/3005/3703 2755/3097/101
f 4645/2879/3466 4649/3098/3839 4643/2879/3840
f 4755/1671/3831 4756/1671/3841 4769/3099/3842
f 215/1155/3843 214/1154/3844 212/1156/1784
f 4713/1174/1285 4712/3100/3845 4714/1175/1286
f 4779/161/8 4780/160/8 4781/162/8
f 5611/3101/3846 5612/3102/3847 5613/3103/3847
f 2445/2720/3265 3669/2722/3267 2521/3104/3848
f 1277/3105/3849 1276/3106/3850 1279/3107/3851
f 6472/3108/3852 6470/3109/3853 6468/3110/3854
f 2282/958/1011 2831/2322/2798 2283/2851/3426
f 7325/1404/3855 7324/794/3856 7327/792/3857
f 6680/1072/1168 6679/1073/1168 6677/3111/1168
f 5706/83/3858 5705/84/3859 5704/3112/3860
f 4082/2932/3577 4104/251/243 4103/2930/3575
f 1917/3113/3861 1916/3114/3862 1915/3115/3863
f 1731/2558/3092 1738/2723/3268 1729/2559/3093
f 4772/3116/101 4771/1586/1958 4774/3117/101
f 5157/417/3864 5189/803/3865 5190/804/3866
f 4828/3118/3867 4829/1994/2301 4826/1996/2303
f 4826/1996/2303 4825/3119/3868 4828/3118/3867
f 4874/2098/3682 4871/540/561 4873/2100/3683
f 4111/2029/3869 4112/231/3541 4120/239/3549
f 4825/3119/3868 4824/1536/3870 4827/3120/3871
f 2920/2555/3087 2921/3121/3872 2917/1904/2188
f 5205/328/3873 5247/329/3874 5248/330/3875
f 5849/1225/1343 5831/3122/3876 5830/3122/3876
f 2821/710/734 2820/2107/2454 2823/711/735
f 4870/456/3877 4872/459/487 4878/458/3878
f 4879/455/555 4870/456/3877 4878/458/3878
f 4868/457/3879 4870/456/3877 4879/455/555
f 6428/3123/3880 6405/3124/3881 6429/1719/1961
f 4880/450/556 4882/447/1837 4881/451/554
f 4883/449/2119 4882/447/1837 4880/450/556
f 4883/449/2119 4884/448/1835 4882/447/1837
f 4887/446/3882 4886/445/1571 4885/444/2118
f 4860/3061/283 4859/3060/283 4862/3062/283
f 4239/122/107 4237/3125/3883 4238/908/107
f 4035/773/2413 4034/1144/3884 4033/1145/3885
f 4665/1226/1344 4637/3126/3886 4666/1226/1344
f 207/3127/3887 199/3128/3888 198/3129/3889
f 3690/2353/3288 3691/2354/3890 3692/3130/3891
f 4791/3131/3892 4786/437/3893 4787/3132/3894
f 5174/804/3895 5173/328/3896 5171/803/3897
f 4852/652/671 4833/1560/3898 4832/3133/3899
f 3577/3134/3900 2429/337/345 2426/339/347
f 549/1724/3901 548/1723/3902 547/3135/3903
f 3242/2199/2760 2848/2297/2814 3240/2200/2758
f 326/190/298 323/1460/3904 322/3136/3905
f 4768/1803/2062 4764/924/969 4760/1802/3906
f 2928/1872/2149 2930/1903/2187 2933/3137/3907
f 4920/475/2811 4916/476/3908 4919/474/2039
f 4921/477/2810 4920/475/2811 4919/474/2039
f 4953/1454/1623 4952/33/1624 127/1454/1623
f 4926/3138/3909 4927/3139/3910 4929/3140/3911
f 4930/670/3912 4931/1679/3913 4934/1891/3914
f 7376/1164/3915 7295/1165/3916 7375/1166/3915
f 3428/2235/2641 3434/3141/3917 3429/2376/2870
f 5128/330/338 5127/1458/3918 5130/1332/3919
f 5764/452/3462 5763/453/3920 5766/2874/3460
f 4886/445/1571 4890/518/3921 4884/448/1835
f 1889/769/3922 2138/801/839 1890/770/3923
f 2329/2572/3107 2328/443/457 2327/3142/3924
f 4975/3143/3925 4976/3144/3925 4977/3145/3925
f 4838/3146/8 4834/1179/1293 4839/3147/8
f 4984/2777/3351 4985/2777/3351 4986/2931/3926
f 7400/794/3927 7345/1404/3482 7401/793/3928
f 2611/3148/559 2610/30/22 2608/3149/559
f 3075/2072/3929 3022/2121/2476 1621/579/3930
f 4990/1465/3931 4991/249/3931 4992/1465/3931
f 4982/2930/3932 4983/2930/3933 4986/2931/3934
f 1117/1357/3935 1116/1356/3936 1119/1358/3937
f 5200/417/3938 5199/803/3939 5202/804/3940
f 6705/3150/559 6704/3151/559 6703/3152/559
f 3864/3153/3941 3863/3154/3942 3866/3155/3943
f 302/284/279 300/280/278 309/283/277
f 5004/3156/3944 5007/1338/1487 5009/3157/3945
f 6697/3150/101 6696/3151/101 6695/3158/101
f 1142/3159/3946 1141/798/3947 1139/797/3948
f 3312/1702/1927 3313/3160/3949 3314/3161/3950
f 2697/2135/2490 2816/1985/2287 2036/3162/3951
f 5949/870/3952 5937/1673/1888 5936/868/2681
f 2834/890/934 2839/3163/3953 2836/704/726
f 243/2401/3085 247/257/249 242/509/527
f 2699/3164/3954 2262/3165/3955 2700/3166/3956
f 5186/417/3957 5185/803/3958 5188/804/3959
f 4748/923/3960 4747/869/3961 4745/869/911
f 3450/1970/2272 2287/489/507 3463/2078/2421
f 6015/2652/3185 5989/2156/2511 6016/2653/3186
f 2779/2729/3274 2161/2719/3264 2162/2727/3272
f 5061/3167/3962 5049/1645/1858 5048/2185/3963
f 5062/3168/3964 5058/362/1832 5055/1632/1834
f 2881/3169/3965 2884/2758/3324 2889/2383/2877
f 5944/1803/3966 5954/924/3967 5953/925/3968
f 2636/1699/1923 2637/3170/3969 2635/1697/1921
f 5435/56/3970 5416/68/3553 5417/671/3971
f 4035/773/2413 4052/2284/3972 4051/772/2414
f 5026/2749/3311 5018/3171/3973 5017/3172/3973
f 1685/466/3974 1722/703/725 1723/703/724
f 2128/3173/3975 3586/3174/3976 2129/1434/1594
f 6931/1404/1555 6930/794/3977 6933/792/3978
f 6895/336/3979 6896/334/3980 6897/335/3981
f 7236/334/3982 7235/335/3983 7238/1878/3984
f 1072/1124/1232 1074/1122/1230 1073/1636/1842
f 4558/820/3985 4557/821/2339 4559/820/3986
f 3207/3175/3987 3152/2190/2729 3155/2106/2699
f 5097/2104/2725 5084/773/809 5082/2887/3988
f 5098/810/852 5078/809/851 5080/1690/3989
f 1980/1745/3990 2135/1799/3991 3221/1798/3992
f 6037/3176/3993 6014/2979/3656 6038/3177/3994
f 6882/335/3995 6881/334/3996 6886/336/3997
f 4491/77/3998 4490/77/3999 4494/133/1714
f 7231/37/4000 7232/36/4001 7234/468/4001
f 5119/3178/3909 5120/3179/3910 5122/3039/3911
f 4733/996/4002 4742/995/4003 4726/997/4004
f 5142/417/4005 5141/330/4006 5139/328/4007
f 4978/251/4008 4979/226/4009 4981/251/4008
f 5148/3180/101 5145/3181/101 5137/3182/101
f 2734/3183/4010 2733/2527/3055 2736/2529/3057
f 2546/2654/3192 2545/3184/4011 2543/2643/3193
f 5257/329/4012 5173/328/3896 5172/417/4013
f 3267/3185/4014 3266/2636/3170 3264/3186/4015
f 5555/1159/1266 5551/3187/4016 5554/3188/4017
f 5184/804/4018 5183/328/4019 5181/803/4020
f 2048/3189/4021 2035/254/246 2037/3190/4022
f 2307/3191/4023 2656/2418/2917 2305/3192/4024
f 5240/1458/4025 5239/330/2113 5242/329/2115
f 6509/126/644 6508/79/644 6507/2164/1361
f 5133/329/1628 5169/328/1874 5168/417/1874
f 6620/3193/4026 6616/2970/3649 6619/3194/4027
f 5256/330/429 5255/1458/2465 5258/1332/4028
f 2618/2611/3147 2614/1683/1903 2615/1685/1903
f 4054/810/3496 4025/809/1909 4056/808/2963
f 5194/804/4029 5193/328/1650 5191/803/4029
f 6065/3195/4030 6068/3196/4031 6067/556/574
f 715/172/225 714/173/681 712/341/349
f 5225/328/4032 5125/329/4033 5124/330/4034
f 5597/3101/4035 5598/3197/714 5599/689/714
f 5234/1332/4036 5233/329/4037 5231/1458/4038
f 5611/3101/3846 5607/3197/4039 5610/3198/3846
f 59/3199/3859 30/2987/123 60/3200/3859
f 5343/3201/4040 5342/825/869 5340/827/871
f 940/3202/4041 939/3203/4042 942/3204/4041
f 550/1725/4043 534/3205/4044 531/2447/2952
f 5306/3050/3775 5305/3206/4045 5304/2012/2318
f 5515/1729/4046 5521/1714/1946 5516/2496/4047
f 596/733/4048 595/732/4049 594/734/861
f 5221/328/4050 5233/329/4037 5232/330/4051
f 5378/1891/4052 5388/2743/4053 5387/2743/4054
f 1733/1757/2007 1730/3207/4055 367/2557/3091
f 5142/417/4005 5179/803/4056 5180/804/4057
f 4248/1078/3585 4247/562/3585 4250/562/3585
f 5261/1458/4058 5141/330/4006 5140/329/4059
f 4994/3208/4060 5018/3171/3973 4995/106/4061
f 5183/328/4019 5235/329/4062 5236/330/4063
f 6374/3157/4064 6370/3209/4065 6369/3156/4066
f 4080/250/241 4083/2777/3579 4081/2161/2518
f 7175/794/4067 7174/1404/4068 7177/793/4069
f 4957/3210/4070 4961/3211/4071 4959/3212/4072
f 5804/1735/4073 5803/48/601 5802/586/603
f 5297/3213/4074 5296/3214/4075 5298/3215/4076
f 5299/3216/4077 5297/3213/4074 5298/3215/4076
f 5299/3216/4077 5298/3215/4076 5300/3217/4078
f 5301/2131/2486 5299/3216/4077 5300/3217/4078
f 5301/2131/2486 5300/3217/4078 5302/2129/2484
f 3155/2106/2699 3158/2107/2933 3157/711/2700
f 5252/330/1863 5275/1458/4079 5276/1332/4079
f 5348/977/644 5310/3096/4080 5311/3096/3838
f 4983/2930/3933 4978/251/4008 4981/251/4008
f 997/1197/4081 998/1196/4082 1000/1198/4083
f 5336/3095/3837 5338/3218/4084 5339/1076/1171
f 5376/3219/283 5323/2013/2319 5322/414/426
f 5471/3220/4085 5470/3221/4086 5473/1112/1218
f 5327/3222/4087 5325/1900/2183 5326/2405/2903
f 5327/3222/4087 5326/2405/2903 5328/2406/2904
f 5325/1900/2183 5327/3222/4087 5329/1901/2184
f 5297/3213/4074 5293/1334/4088 5296/3214/4075
f 6029/3223/4089 6006/3224/4090 6030/3225/4091
f 2968/3226/4092 2442/1787/2044 2638/1550/1742
f 5224/417/4032 5223/803/4093 5226/804/4093
f 1245/850/3710 1244/1282/3618 1246/852/3711
f 5451/2424/4094 5450/2423/3018 5448/2497/4095
f 2875/1820/2081 2876/180/162 2877/1863/2135
f 2240/2211/2778 3126/1169/4096 1611/387/4097
f 2492/3227/4098 2493/3228/4099 2496/3229/4100
f 7325/1404/3855 7396/1405/4101 7395/1406/4102
f 2660/3230/4103 2815/302/297 3385/2436/2937
f 5288/3231/4104 5289/3232/4105 5291/3233/4106
f 5333/2844/4107 5904/465/4108 5366/2010/2316
f 5447/2497/4109 5446/2425/4110 5444/2423/4111
f 3270/3234/4112 3268/3235/4113 2424/1915/2202
f 514/459/473 516/473/4114 517/472/4115
f 2871/1861/2133 2863/1821/2082 2872/1859/2131
f 4725/580/4116 4726/997/4004 4729/1481/4117
f 3329/1950/2242 3325/3236/4118 3327/2398/2895
f 5108/2425/4119 5107/2497/4120 5105/2423/4121
f 1258/1595/4122 1163/1594/1791 1259/1596/2172
f 4739/2090/2433 4738/3237/4123 4737/3238/4124
f 3385/2436/2937 2690/2050/2372 3384/2049/2371
f 5402/343/4125 5403/1391/2645 4030/2883/4126
f 4048/1264/4127 4041/1263/2702 5397/1264/1485
f 712/341/349 996/811/853 993/813/855
f 619/3239/4128 897/817/859 898/816/858
f 5237/329/842 5187/328/4129 5186/417/3957
f 6499/3240/4130 6500/3241/4131 6501/3242/4132
f 6503/3243/4133 6501/3242/4132 6500/3241/4131
f 5418/3244/4134 5420/3245/4135 5419/3246/4136
f 5421/3247/4137 5418/3244/4134 5419/3246/4136
f 1545/345/2546 1544/344/1282 1547/345/2545
f 3978/2865/3449 1812/3065/3795 3977/3065/3797
f 5385/1679/4138 5381/669/695 5386/1679/1896
f 6720/1674/4139 6719/1675/4140 6722/3248/4141
f 5433/3249/4142 5406/2110/4142 5434/2112/4142
f 2742/3250/4143 2741/3251/4144 2740/3252/4145
f 5806/1831/2091 5805/3253/4146 5808/3254/4147
f 5514/2495/839 5513/2496/4148 5511/3255/4149
f 6597/2969/559 6594/2968/4150 6595/2970/4151
f 2130/3256/4152 2674/707/729 2132/3257/4153
f 1331/3106/4154 1330/3105/4155 1333/3107/4156
f 6812/36/4157 6813/37/4158 6815/38/4159
f 5178/804/4160 5177/328/4161 5175/803/4162
f 5557/3258/4163 5556/3259/4164 5559/3260/4165
f 5474/1111/1217 5475/3261/4166 5473/1112/1218
f 5471/3220/4085 5473/1112/1218 5475/3261/4166
f 1538/1565/1761 1490/1083/1176 1491/1082/1175
f 5604/1712/1976 5523/1713/1945 5522/3262/4167
f 3974/3263/4168 1834/2365/2856 3982/3264/4169
f 5786/52/42 5785/3265/4170 5788/53/43
f 1843/3266/4171 1845/3267/4172 1848/3268/4173
f 2907/383/392 2913/1881/2162 2912/1892/2175
f 5478/3269/4174 5479/3270/4175 5480/3271/4176
f 5481/3272/4177 5479/3270/4175 5478/3269/4174
f 5481/3272/4177 5482/3273/4178 5479/3270/4175
f 5692/1207/4179 5691/559/4180 5689/3274/4180
f 5830/3122/3876 5829/3126/3886 5832/3126/3886
f 5484/3275/4181 5483/3025/4182 5486/3276/4182
f 2023/3277/4183 2022/3278/4184 2021/3279/4185
f 7872/1310/4186 7877/1309/4187 7878/1311/4188
f 4841/252/4189 4840/352/1970 4843/253/1969
f 5214/804/4190 5213/328/336 5211/803/4191
f 7088/1164/4192 7087/1165/4193 7085/1166/4194
f 7363/1405/4195 7284/1404/4196 7286/792/4197
f 5529/1761/101 5528/1760/101 5525/1759/101
f 3995/2256/2685 3998/2255/3479 4000/2255/2684
f 5388/2743/4053 5382/670/4198 5387/2743/4054
f 5494/2495/3501 5493/2496/4199 5491/1729/1974
f 6777/1211/4200 6776/904/4201 6779/902/4202
f 6773/1166/4203 6772/1283/4204 6775/1165/4204
f 5545/1761/559 5542/1759/559 5546/1760/559
f 5504/169/3523 5497/7/4205 5502/171/4206
f 5489/3188/4017 5591/1161/1267 5592/1160/1267
f 5551/3187/4016 5552/3280/4207 5553/3281/4208
f 2123/1430/1590 2448/605/622 2121/3282/4209
f 5627/1760/101 5628/1759/4210 5625/1761/101
f 5539/7/6 5538/169/4211 5541/5/4
f 6796/792/4212 6798/1406/4213 6794/1404/4214
f 498/3146/8 494/1179/3801 496/1180/4215
f 6054/3283/4216 6053/3284/4217 6051/3285/4218
f 5578/469/4219 5579/471/4220 5580/3286/4221
f 2674/707/729 3015/1814/2073 3004/2283/4222
f 5583/3287/4223 5581/470/4224 5582/3288/4225
f 5584/471/4226 5585/469/4227 5586/3286/4228
f 5583/3287/4229 5588/3288/4230 5587/470/4231
f 6593/3194/4232 6591/3289/4233 6590/3290/4234
f 5593/3103/4235 5595/3291/4236 5594/3102/4235
f 5738/657/677 5737/429/8 5735/428/4237
f 5512/1729/4046 5517/1714/4238 5513/2496/4148
f 958/3292/101 957/3293/101 956/3294/101
f 5531/3269/4239 5601/3270/4240 5602/3271/4241
f 5530/3272/4242 5601/3270/4240 5531/3269/4239
f 5530/3272/4242 5603/3273/4243 5601/3270/4240
f 7171/807/4244 7170/1288/4245 7173/806/4245
f 5636/3295/4246 5632/3296/2087 5634/1823/4247
f 5613/3103/3847 5612/3102/3847 5614/3291/4236
f 6070/557/575 6071/3297/4248 6069/558/576
f 5597/3101/4035 5594/3102/4235 5596/3198/4249
f 5868/315/4250 5867/774/101 5870/317/4251
f 5560/3298/4252 5556/3259/4164 5561/3275/4253
f 5548/3272/4254 5622/3270/4255 5623/3273/4256
f 5547/3269/4257 5622/3270/4255 5548/3272/4254
f 5547/3269/4257 5624/3271/4258 5622/3270/4255
f 2562/2639/3173 2737/2638/3172 3677/3299/4259
f 5565/1823/2087 5564/1853/4260 5562/3295/2120
f 5621/3272/4254 5637/3270/4255 5638/3273/4256
f 5620/3269/4257 5637/3270/4255 5621/3272/4254
f 5620/3269/4257 5639/3271/4258 5637/3270/4255
f 3630/3300/4261 2204/3301/4262 2203/3302/283
f 1125/595/559 746/597/4263 1126/1410/559
f 5643/470/485 5644/3288/4264 5645/3287/4265
f 5543/3286/4266 5646/469/484 5544/471/486
f 5649/3288/4267 5650/470/4268 5645/3287/4269
f 5067/3303/4270 5066/3304/4271 5068/3305/4272
f 5532/3286/4273 5533/471/4274 5651/469/4275
f 1644/1391/644 1645/345/4276 1647/343/644
f 6855/686/4277 6854/687/4278 6852/688/4279
f 5487/3187/4016 5660/3281/558 5490/3280/4016
f 1589/1134/4280 1588/1135/1288 1591/1135/4281
f 5858/1215/3763 5859/3049/4282 5860/3049/4282
f 5488/1159/4017 5487/3187/4016 5490/3280/4016
f 5734/3306/4283 5715/624/1734 5733/3307/4284
f 6914/468/4285 6913/38/4286 6912/36/4287
f 6021/3308/4288 5997/3309/4289 6022/3310/4290
f 6093/3311/4291 6074/3312/4292 6073/3313/4293
f 7583/1609/3624 7612/1610/4294 7613/2854/4295
f 6226/3314/651 6225/3315/651 6230/3316/651
f 5632/3296/2087 5631/1824/2086 5634/1823/4247
f 6993/792/4296 6992/793/4297 6990/794/4298
f 1288/650/4299 816/551/772 1289/3239/4300
f 6461/2240/4301 6460/1655/4302 6458/2240/4303
f 5833/3317/8 5834/604/4304 5836/604/4305
f 4648/751/8 4647/3098/3839 4650/751/8
f 4863/570/283 4864/571/283 4866/2872/283
f 5860/3049/4282 5861/750/2863 5862/750/2863
f 6307/1831/4306 6325/1832/4307 6324/3318/4308
f 1747/3319/4309 1745/1228/1348 390/1496/1674
f 6418/3320/4310 6417/3321/4311 6415/2264/2694
f 2267/2543/3073 2266/3048/3768 2269/3322/4312
f 3918/3323/559 3917/3324/559 3915/3325/559
f 5655/3276/651 5654/1160/651 5657/3025/651
f 5790/51/41 5791/3241/4313 5789/3243/4314
f 5792/3326/4315 5791/3241/4313 5790/51/41
f 4638/3122/3876 4669/1225/1343 4636/3122/3876
f 5006/3209/4316 5005/3327/4317 5003/3328/4317
f 7550/1839/2099 7574/1611/4318 7575/1609/4319
f 5784/2713/3252 5787/3242/4320 5782/3240/4321
f 616/991/2005 615/405/414 613/724/751
f 4409/3329/4322 4462/3330/4323 4410/3329/4324
f 2042/2092/2435 2064/3331/4325 2983/2471/2987
f 2346/2482/3002 2296/2302/2776 2291/1519/1702
f 6062/660/683 6081/3332/4326 6082/2001/2308
f 5387/2743/4054 5384/669/693 5379/1678/1895
f 5778/3333/4327 5774/935/984 5776/937/985
f 5997/3309/4289 6000/3334/888 5998/1847/2108
f 5698/1172/1281 5697/872/4328 5695/873/4329
f 686/2971/4330 687/3029/4331 688/2972/4331
f 3355/3335/4332 3354/1687/1906 3356/3336/4333
f 6362/2116/4334 6360/107/93 6363/3337/4334
f 5798/2164/4335 5796/79/416 5797/2164/4335
f 7781/328/1477 7817/329/1839 7779/417/1475
f 1325/818/4336 1262/858/4337 1260/1617/1812
f 7116/1211/4338 7115/904/4339 7118/902/4340
f 6088/3338/4341 6087/3339/4342 6090/3340/4343
f 5942/1802/4344 5941/1330/4345 5944/1803/3966
f 5640/3260/4164 5484/3275/4181 5641/3259/4346
f 5856/1214/1335 5857/1215/3763 5858/1215/3763
f 5756/871/4347 5697/872/4328 5757/3341/4348
f 4354/2880/3658 4356/2881/4349 4607/2881/4350
f 38/25/4351 42/646/4351 39/26/4351
f 5510/1712/4352 5509/1713/4353 5507/3262/4354
f 7284/1404/4196 7283/794/4355 7286/792/4197
f 5345/3342/4356 5336/3095/3837 5339/1076/1171
f 7431/687/4357 7430/686/4358 7428/2371/4359
f 3434/3141/3917 3433/2929/3570 3444/1023/1108
f 1447/331/1112 1445/332/1092 1433/1015/1110
f 5888/3343/4360 5289/3232/4105 5287/3344/4361
f 1366/961/1015 1365/962/2243 1351/942/1016
f 5289/3232/4105 5355/1944/4362 5891/1943/4363
f 3269/3345/4364 3264/3186/4015 3268/3235/4113
f 7889/3073/4365 7888/3346/4366 7887/3347/4367
f 3668/2717/3262 2161/2719/3264 2780/3348/4368
f 5864/751/8 5865/3098/3839 5866/3098/3839
f 5404/3349/4369 5408/1537/4370 5407/3350/4371
f 5298/3215/4076 5896/3351/4372 5893/3217/4373
f 1513/1102/1200 1511/1565/504 1512/3352/4374
f 5313/3353/4375 5298/3215/4076 5296/3214/4075
f 2169/3354/4376 2105/3355/4377 2107/3356/4378
f 5312/3357/4379 5898/975/1035 5889/3358/4380
f 5373/785/824 5887/3359/4381 5317/3360/4382
f 5364/184/166 5373/785/824 5319/2075/2418
f 3001/1734/1981 1391/3361/4383 2133/3362/4384
f 65/219/4385 64/27/30 38/25/17
f 5889/3358/4380 5895/3363/4386 5374/3364/4387
f 7421/902/4388 7420/903/4389 7418/904/4390
f 734/665/688 735/3365/4391 736/2437/4392
f 5908/2406/4393 5906/186/168 5327/3222/4087
f 7710/329/4032 7809/328/4033 7708/330/4394
f 2473/932/979 2472/1624/1820 2471/1373/1523
f 548/1723/3902 546/477/493 547/3135/3903
f 2901/1834/2094 2905/1888/2170 2904/1835/2095
f 5329/1901/2184 5349/3366/4395 5347/3367/4396
f 1389/3368/4397 2133/3362/4384 1391/3361/4383
f 2096/3369/4398 2095/2000/2307 3011/1999/2306
f 6125/3370/4399 6124/2647/3179 6126/3371/4399
f 1969/2624/3160 1968/3372/4400 1971/3373/4401
f 6027/3374/4402 6004/714/741 6028/3375/4403
f 5953/925/3968 5933/923/2137 5955/924/4404
f 5925/285/4405 5930/3376/644 5915/168/3753
f 6050/3377/4406 6025/3378/4407 6026/3379/4408
f 5843/1226/1344 5832/3126/3886 5829/3126/3886
f 7224/792/4409 7223/1406/4410 7226/1404/4411
f 7618/1610/4412 7579/1609/4413 7581/1611/4414
f 5344/1075/1170 5338/3218/4084 5342/825/869
f 5772/2875/3461 5769/761/4415 5770/759/4416
f 2031/3380/4417 2406/2623/3159 2405/3381/4418
f 3831/3382/4419 3830/759/792 3829/761/794
f 7877/1309/4187 7876/1467/4420 7878/1311/4188
f 5936/868/2681 5935/1673/4421 5938/868/4422
f 5947/1671/4423 5946/1671/1886 5956/3099/4424
f 236/194/178 226/13/9 228/15/11
f 1011/1422/4425 664/1423/3442 661/2863/3443
f 7246/686/4426 7245/687/4426 7243/688/4426
f 7510/3383/4427 7507/3384/4210 7509/3385/4428
f 5053/3386/4429 5059/3387/4430 5051/3388/4431
f 7307/1165/4432 7305/902/4433 7302/904/4434
f 6031/3389/4435 6008/2326/2804 6032/3390/4436
f 6241/17/4148 6238/3391/4437 6239/3392/4438
f 6242/16/4439 6241/17/4148 6243/3393/4440
f 7511/3384/4441 7510/3383/4427 7513/3385/4442
f 6020/3083/3815 5997/3309/4289 5995/1846/2107
f 6902/1164/4443 6901/1165/4444 6899/1166/4445
f 5984/1327/1467 5985/3394/4446 5986/3395/4447
f 6063/2096/2439 6085/3396/4448 6086/3397/4449
f 7882/2985/138 7885/3398/139 7883/2984/140
f 7018/1164/4450 7010/1165/4451 7017/1166/4452
f 1065/815/4453 1064/816/4454 1067/3399/4453
f 6048/3400/4455 6023/3401/4456 6024/3402/4457
f 6901/1165/4444 7189/902/4458 7186/904/4459
f 6011/3403/4460 5985/3394/4446 6012/1503/1680
f 4319/3404/4461 4320/1885/4462 4321/1886/4463
f 6414/3405/4464 6413/3406/4465 6411/3407/4466
f 7159/1165/2058 7165/1164/4467 7158/1283/4468
f 4022/1709/4469 4021/43/4470 4024/43/4471
f 5783/2714/3253 5792/3326/4315 5781/2715/3254
f 6113/548/101 6136/547/721 6138/549/721
f 6097/3408/4472 6078/3409/4473 6077/3410/4474
f 6487/79/4475 6486/126/4475 6489/78/4476
f 6042/3411/4477 6017/3412/4478 6018/3413/4479
f 6133/3414/4480 6131/3415/559 6134/3416/4480
f 1289/3239/4300 1066/817/4481 1288/650/4299
f 5260/1332/3411 5245/329/1966 5259/1458/3412
f 6787/1165/4482 6785/902/4483 6782/904/4484
f 6915/37/4485 6916/36/4486 6918/468/4487
f 2375/1560/1754 2371/1554/1747 2374/1561/1755
f 6119/3417/4488 6118/3418/4489 6120/3419/4488
f 6075/3420/4490 6096/3421/4491 6076/3422/4492
f 6026/3379/4408 5979/713/740 6001/3423/4493
f 5846/1219/1682 5851/1726/1971 5852/1726/1971
f 50/3424/4494 46/2017/4495 48/2018/4496
f 6023/3401/4456 5999/3425/4497 6024/3402/4457
f 6010/1818/2079 5985/3394/4446 5983/1328/1468
f 6849/807/4498 6848/1288/4499 6851/806/4500
f 7540/1840/4501 7541/2293/4502 7543/1838/4501
f 7627/1838/4503 7584/1839/4504 7626/1840/4505
f 6053/3284/4217 5961/3426/4506 6071/3297/4248
f 6182/2987/3674 6203/3199/71 6204/3200/71
f 6154/3427/4507 6153/3428/4508 6156/3429/4509
f 6056/2374/2868 6052/3430/4510 6054/3283/4216
f 25/3427/4511 24/3428/4511 27/3431/4511
f 6981/1404/1850 7000/794/4512 6979/792/1848
f 5516/2496/4047 5494/2495/3501 5515/1729/4046
f 6728/3432/4513 6727/3433/4514 6730/3434/4513
f 5560/3298/4252 5589/3276/4182 5590/3025/4182
f 6052/3430/4510 6075/3420/4490 6076/3422/4492
f 4944/670/4515 4947/2743/3298 4946/2743/3300
f 1033/848/101 1030/1167/1404 1032/1168/4516
f 509/451/465 572/2901/3516 571/2899/4517
f 6198/2873/3459 6169/2234/4518 6197/3424/4519
f 5535/6/5 5534/5/4520 5537/7/1304
f 164/636/4521 163/635/4522 162/110/4523
f 7366/904/4524 6987/1283/4525 7367/902/4526
f 1129/728/755 1135/766/820 1134/726/819
f 4382/867/4527 4380/866/4528 4378/3365/4529
f 6237/17/3016 6238/3391/4437 6236/18/4530
f 2689/343/4531 2688/344/4532 3031/2191/4533
f 6367/1364/4534 6366/1363/4534 6365/1365/4534
f 4620/648/668 4619/3435/48 4622/3436/48
f 7872/1310/4186 7871/3437/4535 7874/3438/4536
f 5159/3181/101 5149/3182/101 5165/3439/101
f 7517/2854/4537 7516/1611/4538 7515/1609/4539
f 5767/760/2077 5770/759/4416 5769/761/4415
f 1366/1801/2060 2961/3440/4540 1367/3441/4541
f 5029/3073/3804 5046/3346/4542 5031/3071/3802
f 1692/3442/4543 1634/3443/4544 1691/3442/4545
f 6164/26/1726 6173/27/208 6166/25/4546
f 6164/26/1726 6166/25/4546 6162/27/1725
f 6210/46/3027 6212/47/3027 6211/45/3027
f 6213/3145/4547 6215/3143/4547 6214/3144/4547
f 7633/3444/101 7529/3445/101 7526/3446/101
f 6221/3393/4548 6222/3447/4549 6220/16/4550
f 6222/3447/4549 6223/3448/4551 6220/16/4550
f 6224/3449/4552 6223/3448/4551 6222/3447/4549
f 6106/3450/4553 6085/3396/4448 6105/3451/4554
f 6424/3452/4555 6432/3453/4556 6434/2434/2932
f 6231/3447/4557 6232/3448/4558 6233/3449/4559
f 6234/16/12 6232/3448/4558 6231/3447/4557
f 6235/3393/4560 6234/16/12 6231/3447/4557
f 6622/3289/4561 6619/3194/4027 6621/3290/4562
f 6243/3393/4440 6231/3447/4557 6242/16/4439
f 6231/3447/4557 6244/3448/4563 6242/16/4439
f 6233/3449/4559 6244/3448/4563 6231/3447/4557
f 6247/3454/651 6248/3455/651 6249/3456/651
f 5206/804/4564 5205/328/3873 5203/803/4565
f 64/27/30 67/1527/2083 39/26/18
f 6254/16/12 6222/3447/4549 6253/3393/4566
f 6255/3448/4567 6222/3447/4549 6254/16/12
f 6255/3448/4567 6224/3449/4552 6222/3447/4549
f 5269/1458/4568 5244/330/1651 5243/329/1651
f 5506/169/1303 5503/170/3524 5505/171/4569
f 7215/1406/4570 6945/792/2408 7216/1405/4571
f 6278/3457/4572 6280/3458/4572 6279/3459/4572
f 3474/2512/3040 2715/1794/2051 2716/2475/2991
f 4574/267/3636 4576/266/964 4575/268/3634
f 4770/1329/1469 4748/923/3960 4745/869/911
f 810/1280/1403 1019/1731/4573 611/716/744
f 3814/2827/3391 1964/1604/1802 3813/2828/3393
f 2194/3460/4574 2193/3461/4575 2192/3462/4576
f 6309/1833/4577 6308/3254/4578 6306/3253/4579
f 6878/904/4580 6860/1283/4581 6879/902/4582
f 4690/3064/3812 4689/285/3806 4687/3064/4583
f 455/1331/4584 436/863/903 437/1464/4585
f 3002/2534/3062 1380/3463/4586 2341/1732/1979
f 3348/2459/2974 3293/2396/2893 3344/2395/2892
f 6328/2100/4587 6329/2888/4588 6330/2099/4589
f 6601/3464/4590 6600/440/502 6598/439/4591
f 6277/3465/4592 6276/3466/4592 6275/3467/4593
f 646/96/2271 645/530/2271 648/94/2271
f 6344/2893/4594 6340/2894/283 6342/1633/4595
f 6349/1395/4596 6348/2892/4597 6347/1396/4598
f 6351/2899/4599 6356/2441/4600 6352/2900/4601
f 6357/451/2386 6356/2441/4600 6351/2899/4599
f 6353/2901/4602 6355/526/546 6354/457/545
f 6350/2902/4603 6355/526/546 6353/2901/4602
f 4994/3208/4060 4993/108/2471 4996/107/2470
f 6252/18/14 6216/3392/4604 6218/3391/4604
f 7808/803/4605 7807/417/4033 7810/804/4605
f 6780/1283/4606 7422/1166/4607 7423/1164/4608
f 1420/981/1046 1419/982/1084 1421/2975/4609
f 6859/38/4610 6858/468/4610 6857/37/4610
f 7270/1211/4611 7269/904/4612 7272/902/4613
f 857/2629/4614 856/2634/4615 854/2628/4614
f 6005/3468/4616 5977/147/133 6006/3224/4090
f 6361/106/92 6392/3172/4617 6359/3208/4618
f 994/1530/4619 1060/1531/4620 995/812/854
f 6785/902/4483 6784/903/4621 6782/904/4484
f 2445/2720/3265 2522/2734/3279 2444/2733/3278
f 2306/2079/2422 2305/3192/4024 2308/2080/2423
f 7459/3469/4622 7458/1582/1780 7456/3470/4623
f 6143/123/4624 6142/4/4625 6139/2/4626
f 6001/3423/4493 6000/3334/888 5999/3425/4497
f 7146/902/1331 7145/1165/4627 7143/1283/4628
f 6416/3471/4629 6412/3472/4630 6417/3321/4311
f 7032/335/4631 7031/334/4632 7036/336/4633
f 6640/369/1376 6642/368/4634 6641/370/4635
f 1254/1473/1653 4362/640/4636 1252/640/657
f 6423/3023/3729 6444/3473/4637 6443/3474/4638
f 869/544/4639 868/545/3531 871/3475/4640
f 6425/3022/3728 6447/3476/4641 6444/3473/4637
f 6424/3452/4555 6447/3476/4641 6425/3022/3728
f 6434/2434/2932 6447/3476/4641 6424/3452/4555
f 6431/1255/1372 6447/3476/4641 6434/2434/2932
f 6445/3477/4642 6447/3476/4641 6431/1255/1372
f 6436/2165/2522 6447/3476/4641 6437/3478/4643
f 6397/1461/1633 6447/3476/4641 6436/2165/2522
f 6396/574/589 6447/3476/4641 6397/1461/1633
f 6399/2997/3690 6447/3476/4641 6396/574/589
f 6442/2945/3605 6447/3476/4641 6399/2997/3690
f 6439/2944/3604 6447/3476/4641 6442/2945/3605
f 6444/3473/4637 6447/3476/4641 6439/2944/3604
f 6448/3479/4644 6420/2263/2693 6422/2963/3641
f 6448/3479/4644 6418/3320/4310 6420/2263/2693
f 6448/3479/4644 6416/3471/4629 6418/3320/4310
f 6448/3479/4644 6413/3406/4465 6416/3471/4629
f 6448/3479/4644 6411/3407/4466 6413/3406/4465
f 6448/3479/4644 6407/3480/4645 6410/3481/4646
f 6448/3479/4644 6405/3124/3881 6407/3480/4645
f 6448/3479/4644 6429/1719/1961 6405/3124/3881
f 6448/3479/4644 6427/1720/1962 6429/1719/1961
f 6448/3479/4644 6404/1771/2025 6427/1720/1962
f 6448/3479/4644 6402/1769/2023 6404/1771/2025
f 6448/3479/4644 6422/2963/3641 6402/1769/2023
f 6454/3482/4647 6453/3483/4648 6457/3484/4647
f 7447/903/4649 7011/902/4650 7012/1211/4651
f 4237/3125/3883 4233/2950/3612 4234/2952/3612
f 4636/3122/3876 4635/3126/3886 4638/3122/3876
f 5295/3485/4652 5294/1335/1480 5293/1334/4088
f 7070/1166/4653 7069/1283/4654 7072/1165/4655
f 682/2973/4656 681/3030/4657 684/3486/4657
f 7792/803/4658 7791/417/4659 7794/804/4660
f 6480/3487/4661 6481/3488/4661 6482/3489/4661
f 6483/3490/4662 6485/3491/4663 6484/3492/4664
f 6063/2096/2439 6066/3493/4665 6065/3195/4030
f 7372/334/4666 7371/336/4667 7373/335/4668
f 1121/1357/4669 1116/1356/3936 1120/2836/4670
f 6444/3473/4637 6441/3494/4671 6443/3474/4638
f 7054/2371/4672 7053/688/4673 7056/686/4674
f 6829/792/2008 6828/793/4675 6826/794/4676
f 6484/3492/4664 6505/3495/4677 6504/3496/4678
f 6483/3490/4662 6484/3492/4664 6504/3496/4678
f 6510/2021/4679 6512/2022/4679 6511/3249/4679
f 6217/18/4680 6216/3392/4604 6219/17/4681
f 6929/1211/4682 6926/904/4683 6928/902/4684
f 907/1580/1777 800/1845/2106 908/1706/1931
f 6535/3497/4685 6563/3498/4686 6562/553/573
f 6389/2751/4687 6388/3499/4688 6391/2749/4689
f 5581/470/4224 5578/469/4219 5582/3288/4225
f 1889/769/3922 1888/768/804 1891/1604/3392
f 3313/3160/3949 3339/3500/4690 3314/3161/3950
f 5457/2996/4691 5458/3501/4692 5463/3502/4693
f 7778/804/4694 7777/328/1651 7775/417/1651
f 6110/3503/4695 6109/3414/2976 6112/3504/4695
f 707/665/4696 706/3365/4697 704/664/3725
f 6526/1225/559 6525/3126/559 6523/1226/559
f 1700/2578/4698 1699/2576/4699 1697/2578/4698
f 6549/751/559 6555/1177/559 6554/1214/559
f 4849/1432/283 4848/1431/283 4851/1433/283
f 6595/2970/4151 6592/3193/4700 6593/3194/4232
f 6567/603/4701 6566/3317/4702 6564/3505/4703
f 3539/2607/3143 3536/2616/3152 2796/1804/2063
f 6573/3506/8 6572/3507/8 6577/3508/8
f 6614/3509/4704 6611/3510/4704 6612/3511/4704
f 6772/1283/4204 7418/904/4390 6775/1165/4204
f 4655/1215/1336 4654/3049/3774 4656/1215/1336
f 6586/1229/4705 6590/3290/4234 6591/3289/4233
f 5852/1726/1971 5853/2867/3451 5854/2867/3451
f 6636/2262/2692 6637/3512/4706 6638/1258/1374
f 5843/1226/1344 5849/1225/1343 5844/1226/1344
f 6608/3513/3779 6602/3514/4707 6604/3515/4708
f 5155/329/3615 5268/1332/4709 5158/330/3616
f 4856/571/4710 4855/570/4711 4858/572/4712
f 953/1852/4713 4281/637/4713 4283/1852/4713
f 6706/2257/559 6707/2258/559 6709/3516/559
f 5430/79/4714 5429/126/4714 5432/2164/1361
f 6624/1229/1349 6621/3290/4562 6623/3517/4715
f 4255/841/559 4256/842/559 4258/843/559
f 6609/3518/4716 6632/3519/4717 6631/3520/4718
f 6610/3521/4719 6609/3518/4716 6631/3520/4718
f 6127/3522/4720 6126/3371/4399 6128/3523/4720
f 5840/2879/3466 5866/3098/3839 5865/3098/3839
f 6659/1259/4721 6660/1258/4722 6658/369/379
f 1625/2937/3598 1624/3074/3808 1623/2937/3599
f 6781/1165/4723 6779/902/4202 6776/904/4201
f 4024/43/4471 4017/44/4724 4016/44/3485
f 7483/1620/1813 7486/42/4725 7487/1708/4726
f 5968/3524/4727 5967/3525/4728 5965/3526/4729
f 1596/3527/4730 1593/348/3730 1597/3528/4731
f 6795/794/4732 6794/1404/4214 6797/793/4732
f 6906/687/4733 6905/686/4734 6903/2371/4733
f 4295/3529/4735 4297/2952/3633 4298/2950/3632
f 6666/3530/4736 6667/3531/4737 6668/3532/4738
f 6669/3533/4739 6667/3531/4737 6666/3530/4736
f 1634/3443/4544 1635/933/981 1637/933/4740
f 1601/322/4741 1555/2451/2957 1552/1529/2958
f 6670/3534/4742 6674/3535/3780 6676/3536/4743
f 4639/3317/8 4640/604/4744 4642/3317/8
f 6683/3533/4745 6686/3535/4746 6688/3537/4742
f 7797/328/4747 7714/329/4748 7795/417/848
f 6661/3512/4749 6662/2262/4750 6660/1258/4722
f 5800/126/4751 5797/2164/4335 5799/126/2935
f 4199/3538/644 4200/3538/644 4198/3539/4752
f 1788/3540/4753 1787/3541/4753 1789/3542/4753
f 1027/850/890 1028/1282/1405 1029/3543/4754
f 5113/2425/4755 5114/2497/4756 5116/2424/4756
f 6681/3531/4757 6710/3530/4758 6711/3532/4759
f 6683/3533/4745 6710/3530/4758 6681/3531/4757
f 6712/3544/4760 6714/3545/4761 6713/3546/4762
f 6715/3547/4763 6712/3544/4760 6713/3546/4762
f 6715/3547/4763 6713/3546/4762 6716/3548/4764
f 6717/3549/4765 6715/3547/4763 6716/3548/4764
f 6717/3549/4765 6716/3548/4764 6718/3550/4766
f 6861/1166/4767 6860/1283/4581 6863/1165/4768
f 6723/3551/4769 6724/3552/4770 6725/3553/4771
f 6726/3554/4772 6724/3552/4770 6723/3551/4769
f 5967/3525/4728 6069/558/576 6071/3297/4248
f 5347/3367/4396 5339/1076/1171 5887/3359/4381
f 4750/868/910 4749/1673/4773 4752/1673/2398
f 1598/3555/4774 1597/3528/4731 371/2215/4775
f 638/112/98 1461/3556/4776 1460/1296/1423
f 6751/3520/4777 6752/3519/4778 6743/3518/4779
f 6744/3521/4780 6751/3520/4777 6743/3518/4779
f 6723/3551/4769 6753/3557/4781 6726/3554/4772
f 6754/3558/644 6755/3559/644 6756/3560/644
f 6757/3558/893 6759/3559/893 6758/3560/893
f 6760/3559/283 6762/3560/283 6761/3558/283
f 6763/3560/4782 6765/3559/4782 6764/3558/4782
f 7576/2293/4783 7604/1840/4784 7605/1838/4785
f 5508/1714/4786 5520/1729/1974 5519/2496/3016
f 7852/329/3957 7851/1332/3958 7849/1458/4787
f 6977/805/4788 6976/806/4789 6974/807/4790
f 7823/329/3938 7836/1332/4791 7835/1458/4792
f 1091/829/4793 1090/857/4794 1088/828/4795
f 5359/1969/2268 5356/1943/2232 5357/3561/4796
f 2853/3562/4797 1353/3563/4798 2956/1786/2043
f 5288/3231/4104 5284/3004/3699 5287/3344/4361
f 6835/334/4799 6834/336/4800 6836/335/4801
f 6985/468/4802 6984/38/4803 6983/36/4802
f 270/3564/4804 269/3565/4805 260/209/196
f 5693/1170/1279 5692/1207/4179 5694/3566/4806
f 7568/1609/4807 7594/1610/4808 7569/1611/4809
f 6422/2963/3641 6419/2265/2695 6421/2964/3642
f 6825/687/4810 6824/686/4811 6822/2371/4810
f 5680/3567/4812 5665/3568/4813 5673/3569/4814
f 4342/412/1893 4339/413/3662 4341/412/4815
f 5575/170/152 5538/169/4211 5540/171/4816
f 7541/2293/4502 7515/1609/4539 7516/1611/4538
f 6406/3570/4817 6405/3124/3881 6408/3571/4818
f 5992/2154/1579 5993/2127/2482 5994/3572/4819
f 6922/334/4820 6921/336/4821 6923/335/4822
f 7444/903/4823 7398/902/4824 7399/1211/4825
f 7361/1165/4826 7360/1164/4827 7358/1283/4828
f 2961/3440/4540 1348/3573/4829 1367/3441/4541
f 7020/2371/4830 7019/688/4831 7022/686/4831
f 4510/3574/4832 4359/685/4833 4357/685/710
f 6926/904/4683 6925/1283/1408 6928/902/4684
f 6961/1878/4834 6960/3575/4835 6958/334/4836
f 7303/1211/4837 7302/904/4434 7305/902/4433
f 6969/686/4838 6968/687/4838 6966/688/4838
f 4050/2516/4839 4025/809/1909 4027/2882/4840
f 58/123/108 4/4/2 57/3576/4841
f 5912/167/4842 5929/914/4843 5910/167/2255
f 6202/119/3446 6201/3069/4844 6199/118/3444
f 5509/1713/4353 5518/1712/4845 5507/3262/4354
f 6463/2241/4846 6459/1655/4847 6462/2241/3705
f 7084/468/4848 7083/38/4849 7082/36/4850
f 2115/2088/2431 1360/1506/1684 1359/3085/3817
f 4045/3577/4851 5399/3091/3824 5401/3093/3826
f 365/1277/4852 379/1187/4853 362/326/334
f 6648/3578/4854 6647/3579/4855 6651/3580/4856
f 4042/2271/4857 4037/3581/4858 4044/3582/4859
f 7044/334/4860 7043/335/4861 7048/336/4862
f 3540/2609/3145 3539/2607/3143 3531/2368/2859
f 7057/334/4863 7058/335/4864 7060/1878/4865
f 5934/869/4866 5933/923/2137 5931/869/2136
f 7065/336/4867 7066/334/4868 7067/335/4869
f 7261/37/4870 7262/36/4870 7264/468/4870
f 4965/3583/4871 4971/1468/1646 4972/1467/1645
f 7077/36/4872 7078/37/4873 7080/38/4874
f 4351/1352/4875 4353/2957/3659 4354/2880/3658
f 5872/316/4876 5868/315/4250 5870/317/4251
f 7/3069/1280 44/119/105 43/118/104
f 7099/334/4877 7100/335/4878 7104/336/4879
f 2364/1388/1539 2362/3584/4880 2361/3585/4881
f 899/1050/1139 900/3586/4882 926/3587/4883
f 7227/37/4884 7228/36/4885 7230/468/4886
f 4939/1678/4887 4938/1891/4888 4936/1678/4889
f 2284/1416/1574 2130/3256/4152 2131/3588/4890
f 1774/3027/1515 1773/3276/1515 1776/3025/1515
f 7296/902/4891 7295/1165/3916 7293/1283/3916
f 5208/417/4892 5207/803/4893 5210/804/4894
f 6078/3409/4473 6057/3589/4895 6077/3410/4474
f 7639/256/4896 7635/2906/4897 7638/256/4898
f 7086/1283/4899 7402/904/946 7087/1165/4193
f 5576/691/2121 5562/3295/2120 5564/1853/4260
f 7189/902/4458 7188/903/4900 7186/904/4459
f 7785/328/4901 7823/329/3938 7783/417/1966
f 7273/37/4902 7274/36/4903 7276/468/4904
f 1113/640/4905 1112/1472/8 1115/641/8
f 7801/328/1863 7829/329/1862 7799/417/2014
f 4272/412/423 4273/656/3504 4271/412/4906
f 7181/334/4907 7180/335/4908 7183/1878/4909
f 7298/36/4910 7299/37/4911 7301/38/4912
f 7193/334/4913 7192/336/4914 7194/335/4915
f 6583/3590/1168 6582/3591/1168 6585/3592/1168
f 7463/3593/4916 7462/2849/3420 7460/3594/4917
f 4870/456/3877 4869/2938/4918 4867/539/560
f 7838/330/3896 7837/1458/3895 7840/329/430
f 7860/1332/4919 7829/329/1862 7830/330/1862
f 6072/3595/559 6053/3284/4217 6071/3297/4248
f 544/474/490 528/1784/4920 530/600/617
f 7218/334/4921 7217/335/4922 7222/336/4923
f 7208/2371/4924 7207/688/4924 7210/686/4924
f 6409/3596/4925 6407/3480/4645 6406/3570/4817
f 7757/328/1628 7718/329/1874 7755/417/1628
f 2959/2913/3538 1362/3086/3818 1364/197/182
f 5941/1330/4345 5940/1330/4926 5951/1329/2138
f 7248/335/4927 7247/334/4928 7252/336/4929
f 4661/1726/1971 4660/2867/3451 4662/1726/1971
f 7586/1840/4930 7561/2293/4931 7563/1839/4932
f 6046/3597/4933 6021/3308/4288 6022/3310/4290
f 7278/807/4934 7277/1288/4935 7280/806/4936
f 5341/826/870 5313/3353/4375 5886/3598/4937
f 2049/2613/3149 2054/3599/4938 2055/3600/4939
f 7439/38/4940 7438/468/4940 7437/37/4940
f 1627/344/4941 1646/345/4942 1629/344/4943
f 7288/334/4944 7287/335/4945 7290/1878/4946
f 7128/1165/1951 7272/902/4613 7269/904/4612
f 7347/794/4947 7346/1404/4948 7349/793/4949
f 7522/2293/4950 7523/1609/4951 7525/1611/4952
f 6091/1306/1436 6067/556/574 6069/558/576
f 6114/3415/101 6109/3414/2976 6111/3416/2976
f 7489/2066/4953 7488/2065/4954 7491/2065/4955
f 7329/334/4956 7328/335/4957 7333/336/4958
f 5440/2423/4959 5441/2424/4960 5443/2497/4961
f 7335/334/4962 7334/335/4963 7339/336/4964
f 5904/465/4108 5887/3359/4381 5900/463/4965
f 7350/334/4966 7351/335/4967 7353/1878/4968
f 7580/1839/4969 7607/1838/4970 7578/2293/4971
f 5754/560/4972 5691/559/4180 5755/561/4972
f 5979/713/740 6002/3601/101 6001/3423/4493
f 6158/3602/8 6178/3603/8 6157/3604/8
f 6298/3605/4973 6291/3606/4974 6290/3607/4975
f 7136/806/4976 7135/805/4977 7133/1288/4976
f 265/2553/3574 262/259/251 264/261/253
f 7386/1878/4978 7385/3575/4979 7383/334/4980
f 2361/3585/4881 2363/3608/4981 2852/86/72
f 7392/334/4982 7391/336/4983 7393/335/4984
f 7069/1283/4654 7115/904/4339 7072/1165/4655
f 5986/3395/4447 5987/3609/4985 5988/3610/4986
f 6201/3069/4844 6192/124/4987 6191/125/4988
f 7200/1283/4989 7205/1166/4990 7206/1164/4991
f 5896/3351/4372 5899/3611/4992 5891/1943/4363
f 6971/688/4993 6970/2371/4994 6973/687/4995
f 7425/1211/4996 7424/904/4997 7427/902/4998
f 6586/1229/4705 6587/1230/1350 6589/3517/4999
f 2551/2356/2842 1902/2358/2844 3676/2732/3277
f 7441/807/5000 7440/1288/5001 7443/806/5002
f 1039/879/3586 1040/861/5003 1041/860/1577
f 4230/2898/101 4229/843/101 4232/842/101
f 7470/3433/559 7471/3612/559 7472/3434/559
f 7473/3432/559 7475/3613/559 7474/3614/559
f 6811/793/5004 6806/792/3800 6808/1404/3799
f 7554/1839/5005 7609/1838/5006 7552/2293/5005
f 7896/3386/5007 7895/3387/5008 7898/3615/5008
f 6143/123/4624 6192/124/4987 6144/3576/5009
f 7469/1704/5010 7468/1703/5010 7466/1705/5010
f 7505/3616/5011 7501/3617/5012 7504/3618/5013
f 7407/807/5014 7406/1288/5015 7409/806/5015
f 3888/2422/559 3889/3619/5016 3890/3620/5016
f 7533/1839/4413 7532/1838/5017 7531/1840/5018
f 7738/3621/559 7728/3621/559 7729/3622/559
f 1680/2560/3095 1681/2213/5019 1682/744/777
f 4296/3125/3883 4294/122/107 4293/908/107
f 7009/904/5020 7008/1283/5021 7011/902/4650
f 52/2234/2640 49/2873/5022 50/3424/4494
f 6769/2371/5023 6768/688/5024 6771/686/5024
f 7323/805/5025 7322/806/5026 7320/807/5025
f 908/1706/1931 1012/567/584 906/566/583
f 7199/806/5027 7198/805/5028 7196/1288/5027
f 7148/1166/5029 7143/1283/4628 7145/1165/4627
f 5976/1183/1299 6058/2372/2866 5974/1181/1297
f 7267/1165/2327 7427/902/4998 7424/904/4997
f 6935/688/5030 6934/2371/5031 6937/687/5031
f 4326/843/101 4325/2898/101 4324/841/101
f 7643/2401/2899 7641/262/5032 7644/2401/2899
f 7492/43/5033 7484/44/5034 7493/43/3490
f 7769/328/3677 7852/329/3957 7767/417/842
f 7790/804/5035 7789/328/5036 7787/417/5037
f 7708/330/4394 7707/1458/5038 7710/329/4032
f 7573/1611/1808 7572/1839/5039 7571/1609/1806
f 7397/904/5040 7358/1283/4828 7398/902/4824
f 7658/3623/5041 7657/1849/2110 7660/3624/5041
f 7553/1609/5042 7628/1610/5043 7629/2854/5044
f 6371/3327/5045 6370/3209/4065 6368/3328/5046
f 7630/3444/559 7598/3446/559 7597/3445/559
f 7695/3498/5047 7674/3497/5048 7696/553/5049
f 7096/688/5050 7095/2371/5051 7098/687/5051
f 7639/256/4896 7638/256/4898 7640/255/5052
f 7641/262/5032 7642/262/5053 7640/255/5054
f 4674/1961/644 4673/167/955 4676/167/954
f 4988/2161/5055 4987/2161/3350 4989/247/5056
f 7646/249/5057 7648/1465/5057 7647/1465/5057
f 6017/3412/4478 5993/2127/2482 6018/3413/4479
f 7203/902/1712 7202/1165/5058 7200/1283/4989
f 7661/1219/101 7669/3098/101 7666/1215/101
f 7525/1611/4952 7591/2854/5059 7590/1610/5060
f 6880/1211/5061 6878/904/4580 6879/902/4582
f 7677/3505/5062 7691/604/5063 7678/603/5064
f 7724/329/5065 7723/328/5066 7726/330/5067
f 7714/329/4748 7713/1332/5068 7711/1458/5069
f 6237/17/3016 6234/16/12 6235/3393/4560
f 902/3625/5070 905/3626/5071 926/3587/5072
f 7564/1609/5073 7624/1610/5074 7566/1611/5073
f 7634/510/5075 7635/2906/4897 7637/2906/4897
f 7695/3498/5047 7689/3627/8 7688/555/8
f 1979/3628/559 1980/1745/3990 1982/3629/559
f 5651/469/4275 5650/470/4268 5649/3288/4267
f 335/3630/5076 337/3631/5077 338/3632/5078
f 7732/329/5079 7731/328/4063 7734/330/4019
f 439/1170/5080 438/1207/1326 441/1208/1327
f 6841/1404/1899 6840/1405/5081 6838/1406/5082
f 7754/3622/559 7751/3621/559 7746/3621/559
f 6080/1456/1626 5976/1183/1299 6079/1457/1627
f 7675/1564/1758 7674/3497/5048 7672/3633/5048
f 6535/3497/4685 6529/1564/5083 6534/3633/4685
f 5606/691/651 5607/3197/4039 5609/689/4039
f 7780/803/5084 7779/417/1475 7782/804/5085
f 5980/3634/1405 5979/713/740 5977/147/133
f 5569/169/151 5537/7/1304 5534/5/4520
f 7805/328/4051 7831/329/5086 7803/417/5087
f 6404/1771/2025 6430/1718/1960 6427/1720/1962
f 5248/330/3875 5277/1458/5088 5278/1332/5089
f 7905/2065/5090 7897/3388/5091 7896/3386/5007
f 7903/3635/5092 7889/3073/4365 7904/3072/5093
f 387/1220/5094 401/2070/5095 388/2071/5096
f 7858/1332/5097 7724/329/5065 7726/330/5067
f 4939/1678/4887 4940/1679/5098 4941/1679/5099
f 7856/329/3864 7855/1332/5100 7853/1458/5101
f 7716/330/1874 7715/1458/5102 7718/329/1874
f 7772/803/5103 7771/417/3615 7774/804/5104
f 7341/793/5105 7224/792/4409 7226/1404/4411
f 5836/604/4305 5848/603/5041 5847/603/5041
f 522/2938/3601 512/456/470 521/539/768
f 5964/3636/4506 5963/3637/5106 5961/3426/4506
f 2539/3638/5107 2540/3639/5108 2542/3640/5109
f 7153/806/5110 7152/805/5111 7150/1288/5110
f 7656/3126/101 7655/1225/101 7653/1226/101
f 4438/268/3738 4437/752/5112 4436/752/3419
f 5952/925/5113 5944/1803/3966 5953/925/3968
f 6744/3521/4780 6747/3641/5114 6749/3515/4742
f 419/3642/5115 418/862/902 416/864/904
f 5700/864/1759 5699/3643/5116 5702/3642/5117
f 7834/1332/5118 7827/329/5119 7828/330/5120
f 7616/1610/5121 7575/1609/4319 7574/1611/4318
f 2263/3644/5122 2262/3165/3955 2265/3645/5123
f 1999/1377/1527 1997/1370/1520 1996/1369/1519
f 7893/362/372 7894/3168/5124 7891/1632/5125
f 7899/2185/2557 7900/1645/2559 7901/3167/5126
f 2030/420/434 2348/1541/1737 2033/418/432
f 5976/1183/1299 5971/3646/5127 5970/2247/2668
f 7915/3647/283 7916/3648/283 7917/3649/283
f 7918/3650/283 7920/3651/283 7919/3652/283
f 7921/3653/5128 7922/3654/5128 7923/3655/5128
f 7924/3656/3763 7925/3657/3763 7926/3658/3763
f 150/3659/559 152/109/95 151/111/97
f 6731/3612/5129 6728/3432/4513 6730/3434/4513
f 4002/1442/1604 4003/3660/5130 4004/3661/5131
f 4005/3662/5132 4003/3660/5130 4002/1442/1604
f 4005/3662/5132 4006/3663/5133 4003/3660/5130
f 2783/2236/2642 2304/3443/5134 2302/2937/5135
f 4007/3664/5136 4005/3662/5132 4010/3665/5137
f 1940/3666/5138 1939/926/971 1937/3667/5139
f 5875/3668/5140 5876/3669/5141 5877/3670/5142
f 5878/3671/5143 5876/3669/5141 5875/3668/5140
f 5878/3671/5143 5879/3672/5144 5876/3669/5141
f 5876/3669/5141 5879/3672/5144 5877/3670/5142
f 4954/3673/5145 4955/2084/2427 4956/2086/2429
f 4957/3210/4070 4955/2084/2427 4954/3673/5145
f 4960/3674/5146 4957/3210/4070 4954/3673/5145
f 4005/3662/5132 4009/1444/1606 4010/3665/5137
f 483/3675/5147 484/3675/5147 482/3675/5147
f 6259/1736/5148 6258/1735/5149 6256/1735/5150
f 7122/1878/5151 7121/3575/5152 7120/334/5153
f 2965/1118/1226 2968/3226/4092 2966/3676/5154
f 578/959/5155 573/3677/5156 575/292/1924
f 7308/37/5157 7309/36/5158 7311/468/5158
f 7812/1458/5159 7811/330/1650 7814/1332/5159
f 6581/3678/8 6580/3679/8 6578/3680/8
f 7846/1332/5160 7831/329/5086 7832/330/4050
f 1694/790/5161 1692/3442/4543 1691/3442/4545
f 2334/1575/1775 2686/2579/3115 2337/1576/1776
f 7789/328/5036 7825/329/2961 7787/417/5037
f 7603/2854/5162 7562/1611/5163 7602/1610/5164
f 2563/3681/5165 2150/3682/5166 2149/3683/5167
f 4243/1987/5168 4244/1987/2290 4246/1987/5169
f 2684/3684/5170 3391/3685/5171 3390/2439/2942
f 6332/3686/5172 6333/539/5173 6336/3687/5174
f 6116/3688/4489 6115/3689/5175 6118/3418/4489
f 4431/3574/4832 4432/685/4833 4434/3574/4832
f 638/112/98 637/517/535 640/516/534
f 7734/330/4019 7847/1458/5176 7732/329/5079
f 7600/1840/5177 7570/2293/5178 7601/1838/5179
f 137/698/719 136/699/720 139/92/78
f 7497/3690/5180 7504/3618/5013 7498/3691/5180
f 7868/3692/5181 7867/3693/5182 7870/3583/5183
f 1907/3694/644 1906/3695/644 1904/3696/644
f 7417/686/5184 7416/687/5185 7414/688/5184
f 7522/2293/4950 7592/1840/5186 7524/1839/5187
f 7773/328/3616 7856/329/3864 7771/417/3615
f 5043/43/5188 5041/42/5189 5063/44/5190
f 7511/3384/4441 7506/3697/5191 7508/3698/5191
f 881/1423/1586 880/742/1688 883/743/1689
f 7579/1609/4413 7578/2293/4971 7581/1611/4414
f 5640/3260/4164 5642/3699/4163 5658/3258/4163
f 7553/1609/5042 7552/2293/5005 7555/1611/5192
f 7804/803/5193 7803/417/5087 7806/804/5194
f 3523/2595/3131 3528/2600/3136 3521/2593/3129
f 1223/715/5195 1071/1716/1952 609/717/745
f 201/3700/81 202/3701/81 206/3702/81
f 1568/1264/1382 1567/580/596 1565/580/595
f 7530/2293/5196 7568/1609/4807 7569/1611/4809
f 1357/3703/5197 2761/1597/1794 1355/3704/5198
f 6220/16/4550 6219/17/4681 6221/3393/4548
f 3868/2005/2312 3867/3705/5199 3870/2006/2313
f 3708/2640/5200 2081/2025/3593 3718/3706/5201
f 4966/3707/5202 4965/3583/4871 4963/3693/5202
f 609/717/745 1019/1731/4573 1223/715/5195
f 2077/1505/1683 2076/2110/2462 2510/3708/5203
f 7763/803/5204 7725/417/5205 7764/804/5206
f 634/1201/5207 1225/1202/5208 635/347/355
f 7556/1609/3785 7614/1610/5209 7615/2854/5210
f 7497/3690/5180 7496/3709/5211 7499/3710/5212
f 7507/3384/4210 7506/3697/5191 7509/3385/4428
f 4698/3484/5213 4696/3711/5214 4694/3482/5215
f 642/724/1328 1050/545/566 1051/3475/5216
f 4132/2923/3559 4130/3712/5217 4131/2921/3557
f 1919/2644/3178 2082/3713/5218 1920/3714/5219
f 7030/793/5220 7029/792/3487 7027/1404/5221
f 7758/804/5222 7757/328/1628 7755/417/1628
f 4068/2900/3514 572/2901/3516 4066/2902/3517
f 1048/410/680 1005/529/549 1002/528/548
f 1604/359/5223 1609/1992/2299 1610/747/780
f 7820/1458/5224 7819/330/5225 7822/1332/5226
f 431/624/642 430/3306/5227 428/3307/5228
f 7501/3617/5012 7500/3715/5229 7503/3716/5230
f 5112/2423/5231 5111/2424/5232 5109/2497/5233
f 6452/3675/5234 6449/3675/5234 6450/3675/5234
f 877/811/2261 804/341/454 878/813/5235
f 3576/615/5236 2426/339/347 3578/2641/3175
f 7519/1609/5237 7576/2293/4783 7520/1611/3430
f 2439/1278/3644 1910/1279/1402 1909/3717/1402
f 7433/688/5238 7432/2371/5238 7435/687/5238
f 7368/1211/5239 7366/904/4524 7367/902/4526
f 6353/2901/4602 6352/2900/4601 6350/2902/4603
f 2935/3718/5240 2929/3719/5241 2934/1883/2164
f 1154/834/877 1150/1533/5242 1155/833/876
f 6187/134/5243 6185/135/5244 6184/2016/2322
f 5263/1458/5245 5236/330/4063 5235/329/4062
f 7312/1166/5246 7306/1283/5247 7307/1165/4432
f 2462/2309/2785 2600/2312/2788 2548/1616/1811
f 3834/2461/2976 3833/3720/5248 3836/2460/2975
f 93/2164/5249 89/126/5250 91/126/111
f 7297/1211/5251 7294/904/4891 7296/902/4891
f 4597/266/258 4596/919/5252 4598/3032/5253
f 6389/2751/4687 6392/3172/4617 6393/3171/5254
f 4958/3721/5255 4957/3210/4070 4959/3212/4072
f 5573/1160/651 5572/3276/651 5570/3025/651
f 6949/1878/5256 6948/3575/5257 6947/334/5258
f 3933/3722/5259 3934/3723/5259 3936/3724/5259
f 4644/1176/1714 4643/2879/3840 4646/1176/1714
f 114/3725/5260 113/3726/5261 116/3727/5262
f 4678/168/3805 4677/1186/1307 4680/1186/5263
f 4182/1079/701 4181/1080/701 4184/1079/701
f 1725/466/5264 1716/703/3664 1724/466/1831
f 4801/3728/5265 4798/3729/5266 4799/3730/5267
f 314/13/170 315/14/302 317/166/282
f 835/730/5268 834/723/5269 837/722/5269
f 5124/330/4034 5123/1458/5270 5126/1332/5271
f 952/1079/2116 951/637/2116 954/1080/2116
f 4968/1310/1440 4967/3437/5272 4970/3731/5273
f 473/2240/5274 451/2241/5275 452/1657/5276
f 5077/3732/5277 5070/3733/5278 5069/3734/5279
f 367/2557/5280 365/1277/4852 368/2763/5281
f 684/3486/4657 685/3735/4330 686/2971/4330
f 3869/3736/5282 3865/3737/5283 3867/3705/5199
f 1667/1448/5284 1666/2785/5285 1664/1448/5286
f 917/2291/5287 875/1916/2203 916/3738/5287
f 7762/804/5288 7761/328/5289 7759/417/5290
f 4915/1725/1970 4923/3205/4189 4922/2447/5291
f 702/75/1300 701/76/1766 703/206/1301
f 2083/2835/3401 2082/3713/5218 3589/2658/3194
f 6540/1850/5292 6519/1849/5293 6541/1851/5292
f 5587/470/4231 5585/469/4227 5584/471/4226
f 1599/1188/1310 371/2215/4775 1600/1189/1311
f 161/109/5294 162/110/4523 163/635/4522
f 6520/3623/620 6519/1849/5293 6522/3739/5295
f 3276/1928/2215 3262/2334/2815 2112/1938/2227
f 4901/1562/2270 4899/3163/5296 4832/3133/3899
f 7141/1406/5297 7140/792/831 7142/1405/5298
f 7282/1405/5299 7106/1404/5300 7108/792/2494
f 5780/3740/4327 5779/3741/5301 5777/3742/5301
f 2066/2784/3355 2069/1210/3787 2070/2782/3353
f 511/455/469 509/451/465 508/450/464
f 6053/3284/4217 6073/3313/4293 6074/3312/4292
f 2972/1537/1730 2830/3221/5302 2582/1538/1731
f 3366/3743/5303 3418/2189/2563 3399/2188/2562
f 1092/829/5304 1090/857/4794 1089/856/5305
f 439/1170/5080 413/1171/5306 440/3566/5307
f 4941/1679/5099 4942/669/3476 4943/669/3475
f 1543/1126/1234 1074/1122/1230 1526/1121/1229
f 1396/3744/5308 3002/2534/3062 3003/498/516
f 6140/1/5309 6139/2/4626 6142/4/4625
f 396/2903/5310 395/2755/5311 387/1220/5094
f 2103/3745/5312 2104/3746/5313 2597/3747/5314
f 2092/3748/5315 2091/3749/5315 2094/3750/5315
f 971/76/1861 970/75/692 972/77/1861
f 1825/3751/5316 3980/3752/5317 3979/3753/5318
f 6121/3754/3180 6120/3419/4488 6122/2646/3180
f 3881/2990/5319 3882/3724/5320 3884/3723/5319
f 6067/556/574 6087/3339/4342 6065/3195/4030
f 6952/36/5321 6953/37/5322 6955/38/5323
f 46/2017/4495 45/2016/5324 48/2018/4496
f 7179/1405/5325 7174/1404/4068 7176/792/5326
f 7793/328/5327 7827/329/5119 7791/417/4659
f 2139/1980/2282 2968/3226/4092 2965/1118/1226
f 1153/830/5328 1152/831/874 1150/1533/5242
f 209/3116/559 208/1586/1783 211/1587/1785
f 7761/328/5289 7821/329/5329 7759/417/5290
f 7564/1609/5073 7565/2293/2648 7567/1839/2648
f 145/3725/5330 142/89/80 146/3726/5331
f 6467/1656/2402 6461/2240/4301 6458/2240/4303
f 2063/837/880 2055/3600/4939 2054/3599/4938
f 1984/913/950 2531/3755/5332 2532/307/313
f 632/425/3025 1063/424/5333 1062/426/5334
f 2391/3017/5335 2394/294/289 2390/1343/1492
f 893/3756/5336 894/1058/1147 916/3738/5337
f 1697/2578/3114 2236/720/748 2238/719/747
f 6865/688/5338 6864/2371/5339 6867/687/5340
f 2404/3757/5341 2795/1668/5342 2386/512/5343
f 3825/2874/5344 3832/2875/5345 3831/3382/4419
f 4158/3645/5346 4157/3645/5346 4156/3164/5347
f 65/219/4385 40/27/19 70/220/2084
f 7766/804/5348 7731/328/4063 7733/417/4062
f 2013/1148/1253 2398/1558/1752 2449/1557/1751
f 1626/579/1856 1627/344/4941 1629/344/4943
f 2960/436/448 1346/198/183 1348/3573/4829
f 3985/304/5349 1813/2366/2857 1826/304/308
f 6059/662/685 6083/3758/5350 6084/3759/5351
f 109/401/410 110/3760/559 112/1516/559
f 7868/3692/5181 7876/1467/4420 7875/1468/5352
f 843/3761/48 842/3762/48 845/3763/5353
f 5927/285/5354 5926/3064/3792 5924/3064/3794
f 3862/3764/8 3861/3765/8 3859/3766/8
f 4245/1987/5355 4267/644/663 4268/644/662
f 505/448/462 502/444/458 506/449/463
f 6267/2094/5356 6273/3767/5357 6266/3768/5358
f 3820/1815/3434 3819/1403/5359 3822/1402/5360
f 2705/3769/5361 2701/3770/283 2703/3771/5362
f 6104/3772/5363 6083/3758/5350 6103/3773/5364
f 95/79/67 92/2164/5365 93/2164/5249
f 2088/3774/5366 2520/3775/5367 2519/3776/5368
f 1113/640/4905 4394/641/3595 4396/640/3708
f 2930/1903/2187 2932/3777/5369 2933/3137/3907
f 2010/1147/1252 2399/2307/2783 2398/1558/1752
f 3874/1194/1315 3875/3778/4695 3873/1195/1316
f 168/102/86 169/3779/5370 170/3780/5370
f 3930/3781/5371 3929/3782/5371 3932/3722/5371
f 676/77/65 675/487/1860 674/934/1860
f 821/3783/3452 820/3784/3452 819/3785/3452
f 2857/2102/2449 2859/3786/5372 2858/2103/2450
f 493/3088/5373 492/3087/1565 490/3089/5374
f 5353/3343/5375 5352/2665/3201 5351/3016/3713
f 2488/3787/5376 2489/2678/3213 2490/1111/5377
f 520/540/769 515/2098/2444 518/2100/2446
f 1737/3788/5378 1736/349/1868 1738/2723/3268
f 4699/3789/5379 4700/3790/5379 4702/3791/5379
f 1355/3704/5198 2956/1786/2043 1353/3563/4798
f 3890/3620/5016 3891/3002/3697 3892/3792/101
f 5054/2066/5380 5053/3386/4429 5051/3388/4431
f 6171/2232/3791 6170/2233/5381 6168/2832/3789
f 4897/889/5382 4832/3133/3899 4899/3163/5296
f 3425/1874/2151 3397/3793/5383 3419/2187/2561
f 3117/2199/2579 2613/2297/2771 3116/2200/2580
f 7378/335/5384 7377/334/5385 7382/336/5386
f 5892/3794/5387 5886/3598/4937 5313/3353/4375
f 172/154/141 171/155/3229 174/127/112
f 7561/2293/4931 7560/1609/5388 7563/1839/4932
f 5541/5/4 5536/1420/5389 5535/6/5
f 1559/8/7 1557/8/7 1558/9/7
f 6195/12/8 6194/3795/8 6208/10/8
f 6208/10/8 6209/3796/8 6196/11/8
f 6196/11/8 6193/3797/8 6195/12/8
f 226/13/9 224/166/148 227/14/10
f 6254/16/12 6253/3393/4566 6251/17/13
f 36/21/8 37/3603/8 35/19/8
f 35/19/8 33/3602/8 34/20/8
f 34/20/8 32/3604/8 36/21/8
f 772/22/15 773/1200/15 770/23/16
f 2609/28/20 2062/2788/3359 2061/29/21
f 4178/31/23 4179/31/5390 4177/32/24
f 126/33/25 127/1454/25 125/34/26
f 7073/36/28 7075/468/28 7074/37/28
f 656/39/31 653/431/443 1007/40/32
f 7913/44/36 7912/1620/5391 7909/42/34
f 7909/42/34 7907/1709/2849 7911/43/35
f 6320/48/38 6318/586/3436 6322/49/39
f 5790/51/41 5789/3243/4314 5786/52/42
f 913/58/48 914/3798/48 912/59/48
f 3283/61/49 3291/2341/2827 3284/62/50
f 3284/62/50 3320/1359/1510 3341/63/51
f 3341/63/51 3282/3799/5392 3283/61/49
f 3852/64/52 3849/1585/52 3853/65/53
f 78/67/55 77/2917/5393 82/68/56
f 4429/72/60 4430/3800/644 4601/70/58
f 4601/70/58 4428/70/5394 1371/71/59
f 87/57/47 86/54/44 79/73/61
f 678/75/63 677/206/63 673/76/64
f 90/78/66 94/79/5395 95/79/67
f 99/80/68 96/2064/68 100/81/69
f 423/83/70 420/3112/5396 422/84/71
f 2852/86/72 2363/3608/4981 2850/87/73
f 142/89/80 141/90/91 139/92/78
f 139/92/78 136/699/720 140/93/79
f 754/94/81 756/530/81 755/95/81
f 166/100/85 167/3801/85 165/101/86
f 2073/103/87 3580/3802/5397 3575/104/88
f 6361/106/92 6359/3208/4618 6360/107/93
f 152/109/95 154/635/652 153/110/96
f 638/112/98 640/516/534 690/113/99
f 160/111/102 161/109/5294 157/115/101
f 157/115/101 159/3659/101 158/116/101
f 62/117/103 61/3803/103 43/118/104
f 4239/122/107 4238/908/107 4241/120/106
f 4241/120/106 4242/3804/5398 4240/121/106
f 58/123/108 57/3576/4841 6/124/109
f 91/126/111 89/126/5250 90/78/66
f 189/129/114 192/155/112 191/127/112
f 190/128/113 187/131/126 189/129/114
f 679/132/118 677/206/63 678/75/63
f 71/134/119 45/2016/5324 47/135/120
f 29/137/122 30/2987/123 28/138/123
f 3650/142/129 3643/2687/3221 3651/140/127
f 3651/140/127 1976/1362/1513 1978/141/128
f 68/143/130 69/2109/130 11/144/131
f 5982/146/132 5980/3634/1405 5977/147/133
f 1656/149/135 1658/149/135 1659/150/136
f 6303/153/140 6300/3039/5399 6301/1612/5400
f 6303/153/140 6301/1612/5400 6299/3805/5401
f 6305/152/139 6304/3040/5402 6303/153/140
f 6303/153/140 6299/3805/5401 6302/151/138
f 193/154/141 191/127/112 192/155/112
f 1912/157/142 1911/1278/1401 1908/158/143
f 1985/165/147 2254/3806/5403 2997/163/145
f 2997/163/145 2844/352/5404 2043/164/146
f 2043/164/146 2989/3767/5405 1985/165/147
f 223/168/150 230/1186/5406 229/1185/5407
f 219/167/149 221/914/5408 220/3064/5409
f 219/167/149 220/3064/5409 222/285/5410
f 223/168/150 229/1185/5407 224/166/148
f 219/167/149 222/285/5410 223/168/150
f 5569/169/151 5574/2905/5411 5575/170/152
f 803/172/154 804/341/454 802/173/155
f 5821/177/159 5812/3807/5412 5810/175/157
f 5810/175/157 5811/3808/5413 5809/176/158
f 2876/180/162 2862/3809/5414 2860/178/160
f 2860/178/160 2867/916/960 2861/179/161
f 2184/181/163 2200/1551/1743 2199/182/164
f 5906/186/168 5908/2406/4393 5884/1808/5415
f 5884/1808/5415 5363/1960/2253 5364/184/166
f 5364/184/166 5319/2075/2418 5903/2076/5416
f 5903/2076/5416 5885/3810/5417 5909/185/167
f 5909/185/167 5905/2034/2353 5349/3366/4395
f 5349/3366/4395 5327/3222/4087 5906/186/168
f 5906/186/168 5884/1808/5415 5364/184/166
f 5364/184/166 5903/2076/5416 5909/185/167
f 5909/185/167 5349/3366/4395 5906/186/168
f 318/188/171 327/194/304 328/187/169
f 328/187/169 316/15/305 314/13/170
f 2599/196/181 2959/2913/3538 1364/197/182
f 2053/199/184 2051/3811/5418 2052/200/185
f 918/206/191 920/132/698 919/133/192
f 6272/212/200 6273/3767/5357 6271/165/198
f 6271/165/198 6268/3806/5419 6270/211/199
f 6270/211/199 6269/2533/5420 6272/212/200
f 6172/219/207 6166/25/4546 6173/27/208
f 4106/224/213 4118/2915/3547 4096/225/214
f 715/172/225 636/346/354 633/236/226
f 2939/243/233 2279/2037/2356 2278/241/231
f 2278/241/231 2531/3755/5332 1983/242/232
f 1983/242/232 2949/1954/2247 2939/243/233
f 4095/226/215 4096/225/214 4126/245/235
f 4126/245/235 4125/2925/3561 4110/246/236
f 4110/246/236 4108/2911/3536 4094/247/237
f 4094/247/237 4095/226/215 4126/245/235
f 4123/249/240 4102/1465/2824 4111/2029/3869
f 4119/248/238 4127/279/3569 4116/233/239
f 4123/249/240 4111/2029/3869 4119/248/238
f 4116/233/239 4115/234/3544 4123/249/240
f 4080/250/241 4094/247/2519 4095/226/242
f 2035/254/246 2049/2613/3149 2992/252/244
f 2379/253/245 2313/2958/3623 2035/254/246
f 4597/266/258 4599/920/5421 4591/267/259
f 1386/276/268 1387/946/1010 1383/277/269
f 4137/280/273 4144/282/3572 4143/281/274
f 320/1185/5422 321/1186/5423 319/168/5424
f 312/285/280 311/3064/5425 313/914/5426
f 317/166/282 320/1185/5422 319/168/5424
f 312/285/280 313/914/5426 310/167/281
f 317/166/282 319/168/5424 312/285/280
f 558/286/283 555/3011/283 557/287/283
f 2518/289/284 2516/3812/5427 2517/290/285
f 2395/292/287 2397/3677/5428 2396/293/288
f 3652/296/291 1977/3813/5429 1975/295/290
f 1975/295/290 1976/1362/1513 3651/140/127
f 3651/140/127 3646/999/1071 3652/296/291
f 3480/3814/5430 3490/3815/5431 3476/298/293
f 3476/298/293 3470/3816/5432 2677/3817/5433
f 2677/3817/5433 2675/3818/5434 3503/3819/5435
f 3503/3819/5435 2678/3820/5436 2676/299/294
f 2677/3817/5433 3503/3819/5435 2676/299/294
f 3477/3821/5437 3480/3814/5430 3476/298/293
f 3499/297/292 3477/3821/5437 3476/298/293
f 3476/298/293 2677/3817/5433 2676/299/294
f 2815/302/297 3360/2304/2780 2345/300/295
f 2345/300/295 2684/3684/5170 3351/301/296
f 238/191/175 219/167/149 224/166/148
f 224/166/148 226/13/9 225/188/173
f 225/188/173 234/1459/1631 238/191/175
f 3986/303/307 3985/304/5349 1826/304/308
f 1400/71/312 1399/70/5438 1296/305/310
f 1296/305/310 1298/965/1057 1297/306/311
f 2532/307/313 2531/3755/5332 2278/241/231
f 6664/309/315 6662/2262/4750 6663/310/316
f 380/314/320 352/318/326 348/312/318
f 348/312/318 383/358/366 385/313/319
f 487/315/321 492/3087/1565 491/316/322
f 103/34/324 104/1454/325 102/33/325
f 360/321/329 357/3822/5439 358/3090/5440
f 359/322/330 369/1437/5441 348/312/318
f 360/321/329 358/3090/5440 359/322/330
f 3033/2190/2564 3037/2106/2453 2719/2108/2455
f 2820/2107/2454 2822/2480/5442 3099/2210/5443
f 3099/2210/5443 3101/2338/5444 3078/152/5445
f 3078/152/5445 3077/151/5446 2720/3805/5447
f 3078/152/5445 2720/3805/5447 3058/3178/5448
f 2719/2108/2455 2820/2107/2454 3099/2210/5443
f 3064/2150/2506 3033/2190/2564 2719/2108/2455
f 3091/2180/2552 3096/2186/2560 3081/325/333
f 3081/325/333 3064/2150/2506 2719/2108/2455
f 2719/2108/2455 3099/2210/5443 3078/152/5445
f 2719/2108/2455 3078/152/5445 3058/3178/5448
f 3089/2178/2550 3091/2180/2552 3081/325/333
f 3081/325/333 2719/2108/2455 3058/3178/5448
f 3059/323/331 2260/3823/5449 3061/2074/5450
f 3081/325/333 3058/3178/5448 3059/323/331
f 3080/324/332 3089/2178/2550 3081/325/333
f 3059/323/331 3061/2074/5450 3080/324/332
f 5213/328/336 5212/417/5451 5129/329/337
f 1429/331/339 1411/1015/1098 1427/332/340
f 7319/336/344 7318/1879/5452 7315/334/342
f 7315/334/342 7316/3575/5453 7314/335/343
f 7314/335/343 7317/1878/5454 7319/336/344
f 2429/337/345 2427/3824/5455 2428/338/346
f 630/340/348 715/172/225 712/341/349
f 2806/343/351 3149/2191/2566 2805/344/352
f 636/346/354 634/1201/5207 635/347/355
f 371/2215/5456 364/1189/5457 367/2557/5280
f 371/2215/5456 367/2557/5280 370/1757/5458
f 374/3528/5459 371/2215/5456 370/1757/5458
f 374/3528/5459 370/1757/5458 375/1654/5460
f 362/326/334 379/1187/4853 376/348/356
f 376/348/356 374/3528/5459 375/1654/5460
f 376/348/356 375/1654/5460 378/349/357
f 363/327/335 362/326/334 376/348/356
f 361/350/358 360/321/329 363/327/335
f 372/2559/5461 373/1865/5462 361/350/358
f 377/2723/5463 372/2559/5461 361/350/358
f 361/350/358 363/327/335 376/348/356
f 378/349/357 377/2723/5463 361/350/358
f 2841/354/362 2840/705/727 2844/352/360
f 2844/352/360 2843/3825/5464 2842/353/361
f 2432/355/363 3682/3826/5465 3681/356/364
f 383/358/366 348/312/318 369/1437/5441
f 349/359/367 381/2764/5466 382/360/368
f 383/358/366 369/1437/5441 349/359/367
f 4085/361/369 4086/2553/3084 4084/261/370
f 7893/362/372 7891/1632/5125 7892/363/373
f 3392/365/375 3394/3827/5467 3416/366/376
f 6657/368/378 6659/1259/4721 6658/369/379
f 3393/371/380 3394/3827/5467 3392/365/375
f 1973/376/385 1972/2081/2424 2155/377/386
f 2951/379/388 1984/913/950 2941/380/389
f 3251/387/396 2353/2211/2597 2731/385/394
f 2731/385/394 2732/1952/2916 2354/386/395
f 3658/398/407 3661/974/1031 3659/399/408
f 109/401/410 107/590/3453 106/402/411
f 1053/404/413 1055/643/661 615/405/414
f 5796/79/416 5794/79/5468 5795/78/417
f 2060/407/418 2058/3828/5469 2059/408/419
f 802/173/155 804/341/454 1157/410/421
f 4272/412/423 4271/412/4906 4269/413/424
f 5322/414/426 5308/1637/1844 5307/415/427
f 7841/328/429 7838/330/3896 7840/329/430
f 2033/418/432 2031/3380/4417 2032/419/433
f 628/421/435 625/762/5470 627/422/436
f 1046/424/438 603/2503/5471 602/425/439
f 448/427/8 432/657/3679 434/428/441
f 654/430/442 655/738/983 653/431/443
f 1862/432/444 1863/1316/1446 1861/433/445
f 2975/437/449 2687/3829/5472 2598/435/447
f 2598/435/447 2599/196/181 2960/436/448
f 2960/436/448 2973/1471/5473 2975/437/449
f 6691/438/450 6692/3464/5474 6690/439/451
f 803/172/154 604/340/1289 601/342/453
f 2244/2573/3109 1671/441/3108 1669/441/455
f 1669/441/455 1670/442/5475 1668/442/456
f 1668/442/456 2243/2575/3111 2328/443/457
f 2328/443/457 2244/2573/3109 1669/441/455
f 3824/452/466 3825/2874/5344 3823/453/467
f 3406/460/474 3404/2114/2467 3405/461/475
f 5371/463/477 5370/786/825 5368/464/478
f 1688/466/480 1685/466/3974 1687/467/481
f 7163/38/483 7160/36/483 7162/468/483
f 5646/469/484 5644/3288/4264 5643/470/485
f 4877/473/489 4878/458/3878 4872/459/487
f 4872/459/487 4874/2098/3682 4875/472/488
f 2431/478/494 2432/355/363 2430/357/365
f 713/174/496 715/172/225 775/237/227
f 2258/481/498 2257/1780/2034 2143/482/499
f 11/144/131 12/2871/501 10/484/501
f 6600/440/502 6599/438/5476 6698/485/503
f 767/487/504 766/934/504 764/77/505
f 2288/488/506 2286/1012/1095 2287/489/507
f 1189/491/509 616/991/2005 1188/492/510
f 5744/494/512 5741/3830/5477 5743/495/513
f 1394/497/515 1396/3744/5308 3003/498/516
f 3990/500/518 3989/2349/2835 1839/501/519
f 2955/505/523 2936/3831/5478 2357/503/521
f 2357/503/521 2937/3832/5479 2954/504/522
f 242/509/527 253/2906/3530 254/510/528
f 2388/514/532 2385/3833/5480 2386/512/530
f 2386/512/530 2384/1975/2337 2387/513/531
f 1458/515/533 1459/2510/3038 640/516/534
f 561/518/536 560/1396/1549 503/445/459
f 1577/326/537 1579/320/1396 1578/519/538
f 592/521/540 562/2893/3508 507/447/461
f 2484/522/541 2480/931/978 2476/523/542
f 6338/525/544 6337/2938/5481 6354/457/545
f 1003/527/547 1004/865/5482 1002/528/548
f 1218/96/550 1219/95/550 1217/530/550
f 660/531/551 658/2097/5483 659/532/552
f 4881/451/554 4868/457/3879 4879/455/555
f 4368/534/557 4365/534/711 4367/535/558
f 622/536/559 623/3834/559 621/537/559
f 4872/459/487 4870/456/3877 4867/539/560
f 2174/541/562 2175/1249/563 2173/542/563
f 1271/544/565 1051/3475/5216 1050/545/566
f 6130/547/568 6131/3415/559 6129/548/559
f 807/550/570 620/651/670 617/551/571
f 6559/555/8 6561/3627/8 6562/553/573
f 6562/553/573 6563/3498/4686 6560/554/8
f 6067/556/574 6068/3196/4031 6070/557/575
f 463/559/577 462/3274/577 464/560/578
f 692/562/579 693/1078/579 691/563/580
f 1059/565/582 1058/3835/5484 906/566/583
f 1639/568/585 1638/568/982 1640/569/586
f 539/570/283 541/2872/283 540/571/283
f 6400/573/588 6399/2997/3690 6396/574/589
f 2295/576/591 2293/2467/2983 2294/577/592
f 1621/579/594 1620/579/1283 1565/580/595
f 1264/581/597 1265/1162/1268 1205/582/598
f 4313/584/600 4314/584/600 4316/585/600
f 5803/48/601 5814/50/5485 5813/49/602
f 345/587/604 346/3836/826 344/588/604
f 132/401/606 131/403/1699 129/402/607
f 742/597/614 744/3837/559 745/3838/559
f 743/1410/559 1485/3839/559 741/595/559
f 742/597/614 745/3838/559 743/1410/559
f 1255/1866/5486 1256/876/918 742/597/614
f 737/596/613 740/1421/5487 1255/1866/5486
f 738/3840/559 739/674/559 737/596/613
f 742/597/614 743/1410/559 741/595/559
f 741/595/559 738/3840/559 737/596/613
f 737/596/613 1255/1866/5486 742/597/614
f 725/591/609 726/593/611 724/598/615
f 530/600/617 528/1784/4920 529/601/618
f 4672/603/620 4640/604/4744 4641/604/621
f 2448/605/622 2447/2660/3196 1991/606/623
f 5209/328/625 5208/417/4892 5249/329/626
f 760/75/628 762/133/629 761/132/629
f 608/612/559 606/3841/559 607/613/559
f 2071/105/89 3575/104/88 3576/615/634
f 1221/617/636 1004/865/5482 1003/527/547
f 938/619/637 935/3842/637 937/620/638
f 443/622/640 442/1539/640 429/623/641
f 593/625/643 596/733/4048 960/626/644
f 4533/628/283 4534/581/283 4532/583/283
f 716/95/81 718/96/81 717/94/81
f 778/610/632 777/3843/5488 786/629/646
f 1823/502/520 1822/631/1128 1816/630/648
f 1816/630/648 3991/630/1390 3992/631/649
f 3992/631/649 3993/502/48 3990/500/518
f 3990/500/518 1823/502/520 1816/630/648
f 3815/634/651 1885/3844/5489 1886/632/650
f 1886/632/650 3818/3845/5490 1884/633/650
f 1884/633/650 1887/3846/763 3815/634/651
f 154/635/652 156/3847/653 155/636/653
f 1143/639/656 1146/1852/5491 1147/637/654
f 1147/637/654 1144/3848/5492 1145/638/655
f 1252/640/657 4362/640/4636 4361/641/658
f 1053/404/413 1054/3849/5493 1052/642/660
f 4270/413/425 4269/413/424 4268/644/662
f 6164/26/664 6166/25/5494 6165/645/665
f 4624/647/667 4621/3850/5495 4620/648/668
f 618/650/669 619/3239/4128 617/551/571
f 4896/654/673 4900/1555/5496 4852/652/671
f 4852/652/671 4897/889/5382 4895/653/672
f 4346/655/674 4344/656/1894 4343/656/675
f 5738/657/677 5735/428/4237 5739/658/678
f 1048/410/680 712/341/349 714/173/681
f 6062/660/683 6060/3851/5497 6061/661/684
f 732/663/686 729/867/1746 733/664/687
f 1273/666/689 1275/1440/1599 1339/667/690
f 970/75/692 969/206/692 761/132/629
f 5384/669/693 5382/670/4198 5383/670/694
f 81/69/57 82/68/56 80/671/696
f 920/132/698 933/206/1948 934/75/699
f 4289/596/700 4287/1441/1603 4284/673/701
f 1014/529/703 799/1707/1932 1157/410/421
f 1238/675/575 1237/849/5498 1235/676/705
f 2167/680/644 2166/3852/644 2163/678/644
f 2163/678/644 2165/3853/644 2164/679/644
f 2164/679/644 3611/3854/644 2167/680/644
f 3842/681/707 3843/2988/707 3841/682/707
f 617/551/571 823/814/856 822/684/709
f 4357/685/710 4359/685/4833 4358/534/557
f 7052/686/712 7050/2371/713 7051/687/713
f 5599/689/714 5598/3197/714 5600/690/651
f 853/692/715 851/3855/715 852/693/715
f 3060/1984/2286 3048/1218/2497 3027/2143/2499
f 3027/2143/2499 3071/3856/5499 3028/3857/5500
f 3027/2143/2499 3028/3857/5500 3029/3858/5501
f 3039/1982/2284 3060/1984/2286 3027/2143/2499
f 3045/1812/2071 3044/3859/5502 3039/1982/2284
f 3056/697/718 2280/1810/2069 3043/3860/5503
f 3043/3860/5503 3045/1812/2071 3039/1982/2284
f 3039/1982/2284 3027/2143/2499 3029/3858/5501
f 3039/1982/2284 3029/3858/5501 3072/3861/5504
f 3056/697/718 3043/3860/5503 3039/1982/2284
f 2233/696/717 3055/2485/5505 3056/697/718
f 2235/3862/5506 3074/2486/5507 2233/696/717
f 3039/1982/2284 3072/3861/5504 2234/695/716
f 2234/695/716 2235/3862/5506 2233/696/717
f 3056/697/718 3039/1982/2284 2234/695/716
f 123/698/719 121/92/2362 122/699/720
f 6136/547/721 6137/3863/722 6135/701/722
f 923/77/723 922/76/5508 918/206/191
f 2836/704/726 2839/3163/3953 2840/705/727
f 2698/706/728 2697/2135/2490 2674/707/729
f 803/172/154 788/237/3519 1304/236/731
f 1227/667/736 1215/1440/5509 1214/666/737
f 6003/712/739 5977/147/133 5979/713/740
f 1017/528/704 1015/865/906 1016/527/742
f 612/715/743 610/1731/1978 611/716/744
f 2239/718/746 2237/1603/1800 2238/719/747
f 2417/721/749 2415/3864/5510 2416/722/750
f 613/724/751 788/237/3519 787/480/752
f 1111/726/753 1105/767/803 1101/727/754
f 1942/729/756 2556/3865/5511 2557/730/757
f 1338/732/759 983/625/3821 981/733/760
f 1230/735/762 1229/1419/5512 1045/736/763
f 1182/430/765 1180/39/775 1181/431/766
f 521/539/768 512/456/470 514/459/473
f 1020/739/770 1022/1658/770 1021/740/771
f 816/551/772 1018/814/951 663/742/773
f 1180/39/775 1287/41/5513 1286/40/776
f 1682/744/777 1681/2213/5019 1683/745/778
f 1610/747/780 1609/1992/2299 1654/748/781
f 4651/750/783 4648/751/8 4650/751/8
f 4166/268/784 4168/268/3702 4167/752/785
f 1929/753/786 1927/3866/5514 1928/754/787
f 3922/756/789 3908/3867/5515 3910/757/790
f 3830/759/792 3828/1816/3433 3827/760/793
f 1283/421/795 1280/423/5516 1282/422/796
f 1961/768/804 1959/1604/3392 1960/769/805
f 487/315/321 488/317/323 486/774/559
f 3513/776/810 3510/2585/3121 3518/777/811
f 1214/666/737 1215/1440/5509 1213/779/813
f 6734/781/822 6736/3868/822 6735/782/822
f 2074/784/823 2072/3869/5517 2073/103/87
f 5373/785/824 5372/1721/1963 5370/786/825
f 343/787/826 340/3870/5518 342/788/826
f 1104/766/802 1100/764/799 1099/728/798
f 1693/790/827 1694/790/5161 1695/791/828
f 726/593/611 758/591/708 759/599/830
f 7140/792/831 7138/1404/5519 7139/793/832
f 306/795/834 307/281/2982 301/273/265
f 1095/796/835 1096/3159/835 1094/797/835
f 2154/799/836 2177/3871/5520 2178/1415/1570
f 2152/378/387 2155/377/386 2153/800/837
f 2154/799/836 2178/1415/1570 2152/378/387
f 2018/769/838 2017/770/5521 2138/801/839
f 7768/803/841 7769/328/3677 7767/417/842
f 7413/805/844 7411/1288/5522 7412/806/845
f 7796/803/847 7797/328/4747 7795/417/848
f 996/811/853 994/1530/4619 995/812/854
f 1189/491/509 1190/493/511 822/684/709
f 1081/815/857 1080/3399/857 898/816/858
f 594/734/861 595/732/4049 1195/818/860
f 1195/818/860 1194/859/899 1196/819/644
f 4439/820/862 4441/820/5523 4440/821/863
f 1619/824/867 1616/823/5524 1617/822/865
f 1617/822/865 1615/822/5525 1618/823/866
f 1101/727/754 1105/767/803 1102/726/800
f 5342/825/869 5338/3218/4084 5341/826/870
f 4363/828/283 1092/829/283 1091/829/283
f 1192/830/873 1191/1533/5526 1152/831/874
f 1155/833/876 1191/1533/5526 1192/830/873
f 2408/835/878 2990/1285/1410 2759/836/879
f 2759/836/879 2064/3331/4325 2063/837/880
f 2063/837/880 2407/2724/3269 2408/835/878
f 7698/838/881 7702/3872/5527 7701/3873/5528
f 7701/3873/5528 7703/2047/5529 7700/839/882
f 7700/839/882 7697/2046/883 7699/840/883
f 7698/838/881 7701/3873/5528 7700/839/882
f 4266/841/559 4264/2898/559 4265/842/559
f 2622/844/884 2284/1416/1574 2281/845/885
f 1149/847/887 1049/1707/2104 1048/410/680
f 1033/848/101 1032/1168/4516 1034/675/888
f 1027/850/890 1025/2974/3650 1024/851/891
f 1342/853/893 1343/915/5530 1341/854/894
f 1301/856/896 1306/829/897 1305/828/897
f 1195/818/860 1266/1617/1941 1269/858/898
f 1231/860/900 1229/1419/5512 1230/735/762
f 418/862/902 437/1464/4585 436/863/903
f 1199/618/905 1016/527/742 1015/865/906
f 4373/664/909 4376/3365/5531 4377/866/907
f 4377/866/907 4374/866/5532 4375/867/908
f 4758/870/912 4751/868/5533 4750/868/910
f 4750/868/910 4757/870/2399 4745/869/911
f 4745/869/911 4747/869/3961 4758/870/912
f 466/871/913 467/3341/5534 415/872/914
f 3632/875/917 3635/886/928 3623/874/916
f 3623/874/916 3633/3874/5535 1978/141/128
f 1256/876/918 1255/1866/5486 1257/877/919
f 1233/879/921 1231/860/900 1232/861/901
f 3566/881/923 3568/3875/5536 2074/784/823
f 759/599/830 758/591/708 753/594/612
f 870/546/925 869/544/4639 1198/883/926
f 3626/885/927 3624/2408/2906 3623/874/916
f 1572/467/929 1569/887/1383 1571/887/930
f 2833/888/932 2774/653/5537 2832/889/933
f 4500/891/935 4502/3876/935 4501/892/935
f 3838/894/936 3839/1526/1718 3837/895/937
f 4347/897/939 4349/898/3676 4348/898/940
f 454/899/942 455/1331/4584 461/900/943
f 7405/902/944 7403/1211/5538 7404/903/945
f 2671/905/283 2672/3877/645 2670/906/645
f 4293/908/107 4294/122/107 4290/121/106
f 4290/121/106 4292/3804/5539 4291/120/106
f 5014/909/947 5012/1463/5540 5013/910/947
f 1984/913/950 2532/307/313 2682/912/949
f 2682/912/949 2945/2019/2325 2941/380/389
f 659/532/552 658/2097/5483 1018/814/951
f 2696/708/730 2674/707/729 2622/844/884
f 4692/914/953 4691/914/3813 4676/167/954
f 1295/855/956 1293/854/956 1294/915/956
f 652/404/957 650/406/2861 651/405/958
f 2867/916/960 2860/178/160 2866/917/961
f 4577/920/965 4578/3032/283 4567/919/963
f 4567/919/963 4565/1466/2295 4576/266/964
f 1272/779/966 1274/780/5541 1008/921/967
f 4766/925/970 4765/924/5542 4746/923/968
f 4746/923/968 4748/923/3960 4764/924/969
f 4764/924/969 4767/925/5543 4766/925/970
f 1942/729/756 1943/731/758 1939/926/971
f 829/491/952 1018/814/951 1193/684/973
f 1995/928/975 1993/3878/5544 1994/929/976
f 2480/931/978 2477/1116/1224 2473/932/979
f 1179/738/767 616/991/2005 1189/491/509
f 1213/779/813 1335/922/980 1334/921/980
f 1639/568/585 1637/933/4740 1635/933/981
f 767/487/504 922/76/5508 923/77/723
f 829/491/952 643/991/1058 655/738/983
f 5774/935/984 5775/3879/48 5773/936/48
f 1382/941/989 1385/278/270 1383/277/269
f 1442/943/991 1424/1022/1107 1423/944/992
f 4136/273/275 4143/281/274 4142/795/997
f 1437/948/999 1438/978/5545 1436/949/1000
f 2359/954/1005 2533/1906/2190 2999/955/1006
f 2999/955/1006 2982/2556/3088 3007/956/1007
f 3007/956/1007 2460/1981/2283 2359/954/1005
f 1388/947/1008 1357/979/1041 1356/957/1009
f 2946/960/1013 2299/3880/5546 2282/958/1011
f 2282/958/1011 2855/3881/5547 2632/959/1012
f 1394/961/1017 1384/942/990 1395/962/1018
f 3608/970/1027 2177/3871/5520 2154/799/836
f 3661/974/1031 3658/398/407 3664/972/1029
f 3664/972/1029 3662/3882/5548 3663/973/1030
f 5901/977/1037 5902/2035/2354 5898/975/1035
f 5898/975/1035 5310/3096/4080 5346/976/1036
f 1415/948/1038 1413/950/1080 1414/949/1039
f 1355/947/995 1354/946/994 1356/957/1009
f 1359/952/1003 1360/987/1052 1358/980/1042
f 1420/981/1046 1421/2975/4609 1441/982/1047
f 1160/986/1051 1158/1018/1103 1481/984/1049
f 1481/984/1049 1161/1068/1157 1159/985/1050
f 1395/962/1018 1379/939/1032 1381/940/1034
f 1389/952/1043 1390/953/1045 1358/980/1042
f 2350/990/1055 2352/3883/5549 2576/988/1053
f 2576/988/1053 2577/3884/5550 2349/989/1054
f 2349/989/1054 2351/3885/5551 2350/990/1055
f 644/725/559 642/724/1328 643/991/1058
f 5008/992/1060 5010/1339/1488 5016/993/1061
f 5394/995/1063 5392/3886/5552 4039/996/1064
f 3648/998/1070 3652/296/291 3646/999/1071
f 1923/1001/1073 1924/3076/3810 1922/1002/1074
f 2891/1004/1076 2892/3887/5553 2893/1005/1077
f 1391/951/1044 1393/1785/3568 1392/1007/1079
f 1353/276/996 1352/278/1088 1349/277/1082
f 1439/1009/1083 1438/978/5545 1437/948/999
f 1346/938/986 1364/1785/2042 1363/1007/1087
f 1350/941/1014 1351/942/1016 1349/277/1082
f 1445/332/1092 1446/333/5554 1444/1010/1093
f 2300/1013/1096 2301/1728/1973 2289/1011/1094
f 2289/1011/1094 2290/1520/1703 2286/1012/1095
f 1408/1016/1099 1411/1015/1098 1409/1014/1097
f 1160/986/1051 4161/1018/5555 4159/984/1102
f 4159/984/1102 4160/984/3767 1158/1018/1103
f 1422/943/1091 1425/945/1090 1423/944/992
f 2292/578/593 2669/1337/1482 3444/1023/1108
f 3444/1023/1108 3433/2929/3570 2668/1024/1109
f 2668/1024/1109 2667/2479/2997 2295/576/591
f 2295/576/591 2292/578/593 3444/1023/1108
f 1417/1009/1086 1418/983/1085 1415/948/1038
f 2964/1036/1124 2936/3831/5478 2955/505/523
f 2955/505/523 2853/3562/4797 2140/1035/1123
f 2140/1035/1123 2139/1980/2282 2964/1036/1124
f 1403/1037/1125 1404/1858/5556 1405/1038/1126
f 1823/502/520 1839/501/519 1821/1039/1127
f 356/320/328 363/327/335 360/321/329
f 360/321/329 348/312/318 352/318/326
f 985/94/550 987/96/550 986/95/550
f 6630/1072/1168 6628/3111/1168 6629/1073/1168
f 5344/1075/1170 5343/3201/4040 5339/1076/1171
f 974/1078/1173 975/562/1173 973/1079/1173
f 1521/1087/1180 1523/3888/5557 1522/1088/1181
f 1519/1095/1188 1516/1104/1202 1518/1096/1189
f 1503/1098/1191 1500/1093/1186 1501/1094/1187
f 1532/1096/1204 1533/1104/1211 1530/1095/1205
f 1530/1095/1205 1531/1127/1235 1527/1106/1207
f 1498/1091/1184 1496/1090/1183 1495/1108/1209
f 1492/1084/1177 1497/1109/1210 1495/1108/1209
f 1505/1108/1219 1540/1109/5558 1504/1084/1220
f 3408/1113/1221 3406/460/474 3403/462/476
f 272/221/210 254/510/3033 257/265/257
f 2482/1115/1223 2478/1627/1826 2477/1116/1224
f 2942/1120/1228 2964/1036/1124 2139/1980/2282
f 2965/1118/1226 2966/3676/5154 2967/1119/1227
f 2942/1120/1228 2139/1980/2282 2965/1118/1226
f 2249/1128/1236 2601/2725/3270 2602/1129/1237
f 1308/563/581 1309/1078/579 1307/562/579
f 3946/1131/1239 3947/3889/1239 3945/1132/1239
f 1549/1134/1240 1550/1135/1355 1548/1135/1241
f 1564/1138/1242 1562/1137/1912 1560/1136/101
f 1560/1136/101 1561/2252/101 1563/1137/101
f 1934/8/1246 1935/3890/1613 1632/1142/1247
f 5085/1144/1249 5082/2887/3988 5084/773/809
f 1132/727/817 1129/728/755 1134/726/819
f 2011/1146/1251 2012/3891/5559 2010/1147/1252
f 1608/1149/1254 1606/1150/1287 1607/1150/1255
f 1649/1151/1257 1650/2755/5560 1648/1152/1258
f 4778/1154/1260 4776/3892/1260 4777/1155/1261
f 1585/321/1265 1587/3822/5561 1554/1157/1263
f 1554/1157/1263 1553/3893/5562 1586/1158/1264
f 5555/1159/1266 5554/3188/4017 5647/1160/1267
f 1265/1162/1268 1264/581/597 1203/628/1269
f 6989/1164/1271 6987/1283/4525 6988/1165/1272
f 1242/1167/1274 1241/1281/3619 1239/848/559
f 1752/1169/1278 1614/387/5563 1612/386/1276
f 1612/386/1276 1613/386/5564 1611/387/1277
f 5693/1170/1279 5694/3566/4806 5696/1171/1280
f 1544/344/1282 1546/344/5565 1620/579/1283
f 4704/1173/1284 4706/1213/1333 4713/1174/1285
f 1606/1150/1287 1591/1135/4281 1588/1135/1288
f 602/425/439 603/2503/5471 601/342/453
f 5839/1176/1290 5838/1176/1290 5841/1177/1291
f 4835/1178/1292 4836/1498/5566 4834/1179/1293
f 1652/358/1296 1653/1184/1302 1728/749/782
f 1728/749/782 1654/748/781 382/360/1295
f 5974/1181/1297 5975/3894/5567 5973/1182/1298
f 679/132/118 680/133/118 702/75/1300
f 1653/1184/1302 1652/358/1296 1651/1153/1259
f 5506/169/1303 5505/171/4569 5500/7/1304
f 4682/1185/1306 4680/1186/5263 4677/1186/1307
f 1595/1187/1309 1592/3024/3731 1599/1188/1310
f 2179/1190/1312 2181/3895/5568 2180/1191/1313
f 3871/1193/1314 3872/2004/2311 3874/1194/1315
f 1319/1196/1317 1321/3896/5569 1320/1197/1318
f 783/1199/1320 784/3897/1320 773/1200/15
f 1079/1201/1321 1077/347/3473 1078/1202/1322
f 399/1204/1323 1744/3898/5570 1743/1205/1324
f 438/1207/1326 462/3274/577 463/559/577
f 642/724/1328 644/725/559 774/480/497
f 1673/1209/283 1674/1449/283 1672/1209/283
f 7147/1211/1329 7451/903/5571 7144/904/1330
f 4704/1173/1284 4705/3899/5572 4703/1212/1332
f 1586/1158/1264 1582/1864/2139 1584/350/1334
f 4657/1214/1335 4655/1215/1336 4656/1215/1336
f 1710/1218/559 1708/1984/559 1709/1216/559
f 1709/1216/559 1707/1984/559 1711/1217/559
f 4664/1219/1337 4667/1177/1338 4668/1177/1338
f 824/1222/1342 826/3900/1342 825/1223/1342
f 4669/1225/1343 4670/1225/1343 4665/1226/1344
f 4684/166/1345 4682/1185/1306 4683/1185/1308
f 1746/1227/1347 1744/3898/5570 399/1204/1323
f 6624/1229/1349 6623/3517/4715 6625/1230/1350
f 2412/1232/1352 2409/1570/1770 2590/1233/1353
f 1574/1150/1354 1576/1150/2706 1548/1135/1241
f 978/1235/1356 979/3901/1356 977/1236/1356
f 3365/1238/1357 3381/2163/2521 3380/1239/1358
f 1727/887/1360 1726/887/1389 1686/467/482
f 1656/149/135 1657/1241/644 1655/1241/1361
f 2421/1242/1362 2419/2809/3381 2420/1243/1363
f 1797/1245/1365 1798/3902/1365 1796/1246/1365
f 2781/1248/1366 2173/542/563 2175/1249/563
f 1210/1251/1368 1207/3903/5573 1209/1252/1369
f 6446/1254/1371 6445/3477/4642 6431/1255/1372
f 1402/966/644 4605/967/644 4526/1257/644
f 4526/1257/644 4528/3015/644 4527/964/644
f 6638/1258/1374 6637/3512/4706 6639/1259/1375
f 1793/1262/1379 1792/3904/5574 1806/1260/1377
f 1806/1260/1377 1795/3905/5575 1794/1261/1378
f 1794/1261/1378 1791/3906/5576 1793/1262/1379
f 4372/1266/1384 4370/1267/5577 4371/1267/1385
f 6700/485/1399 6691/438/450 6693/440/452
f 1911/1278/1401 1909/3717/1402 1910/1279/1402
f 807/550/570 808/1409/1563 810/1280/1403
f 1031/1281/1404 1029/3543/4754 1028/1282/1405
f 6927/1165/1406 6956/1166/5578 6957/1164/1407
f 2990/1285/1410 2408/835/878 2249/1128/1236
f 2249/1128/1236 2573/2173/2542 2986/1284/1409
f 1822/631/1128 1821/1039/1127 1835/303/309
f 1822/631/1128 1835/303/309 1826/304/308
f 1815/1287/1412 1816/630/648 1822/631/1128
f 1837/2865/3448 1817/2864/3447 1815/1287/1412
f 1814/1286/1411 1812/3065/3795 1837/2865/3448
f 1811/2285/2731 1833/2287/2733 1814/1286/1411
f 1813/2366/2857 1811/2285/2731 1814/1286/1411
f 1814/1286/1411 1837/2865/3448 1815/1287/1412
f 1815/1287/1412 1822/631/1128 1826/304/308
f 1826/304/308 1813/2366/2857 1814/1286/1411
f 7038/1288/1413 7039/806/1413 7037/807/1414
f 3797/1291/1418 2825/3907/5579 2826/1289/1416
f 2826/1289/1416 2824/2807/3379 2827/1290/1417
f 3097/1292/1419 3030/2337/5580 3031/2191/4533
f 3031/2191/4533 2688/344/4532 3032/1293/1420
f 3032/1293/1420 3079/2175/2544 3098/1294/1421
f 3097/1292/1419 3031/2191/4533 3032/1293/1420
f 1462/1295/1422 639/3908/5581 638/112/98
f 2800/1297/1424 2627/1695/1918 2623/1298/1425
f 5303/3050/5582 5315/1382/1532 5887/3359/4381
f 5887/3359/4381 5339/1076/1171 5343/3201/4040
f 5340/827/871 5341/826/870 5886/3598/4937
f 5887/3359/4381 5343/3201/4040 5340/827/871
f 5305/3206/4045 5303/3050/5582 5887/3359/4381
f 5323/2013/2319 5305/3206/4045 5887/3359/4381
f 5340/827/871 5886/3598/4937 5284/3004/3699
f 5323/2013/2319 5887/3359/4381 5340/827/871
f 5285/1300/1427 5308/1637/1844 5322/414/426
f 5322/414/426 5323/2013/2319 5340/827/871
f 5340/827/871 5284/3004/3699 5285/1300/1427
f 932/77/1428 931/76/5583 699/487/1429
f 2156/1302/1432 2158/3909/5584 3613/1301/1431
f 3613/1301/1431 3602/2666/3202 3601/971/1028
f 3601/971/1028 2157/2664/3200 2156/1302/1432
f 1836/3910/5585 1827/2412/2910 1828/2414/2912
f 1828/2414/2912 1818/3911/5586 1838/1303/1433
f 1838/1303/1433 1819/3912/5587 1831/3913/5588
f 1831/3913/5588 1808/3914/5589 1809/1304/1434
f 1809/1304/1434 1824/2704/3243 1807/2703/3242
f 1809/1304/1434 1807/2703/3242 1810/3915/5590
f 1838/1303/1433 1831/3913/5588 1809/1304/1434
f 1836/3910/5585 1828/2414/2912 1838/1303/1433
f 1809/1304/1434 1810/3915/5590 1820/1305/1435
f 1820/1305/1435 1836/3910/5585 1838/1303/1433
f 6091/1306/1436 6107/3916/5591 6108/1307/1437
f 4973/1309/1439 4969/3438/5592 4968/1310/1440
f 1239/848/559 1237/849/5498 1238/675/575
f 3370/1312/1442 3371/2455/2970 3369/1313/1443
f 764/77/505 760/75/628 763/206/628
f 6532/1326/48 6533/3917/48 6528/1324/1466
f 6528/1324/1466 6530/1407/3066 6531/1325/48
f 5984/1327/1467 5982/146/132 5981/148/134
f 1897/634/651 1896/3846/5489 1893/633/650
f 1893/633/650 1894/3845/5490 1892/632/650
f 1892/632/650 1895/3844/763 1897/634/651
f 79/73/61 77/2917/5393 78/67/55
f 5728/901/1472 5729/900/5593 5727/1331/1473
f 5230/329/1475 5228/1458/5594 5229/1332/1476
f 5294/1335/1480 5302/2129/2484 5358/1968/2267
f 5360/1333/1478 5892/3794/5387 5897/1334/1479
f 5294/1335/1480 5358/1968/2267 5360/1333/1478
f 3436/1336/1481 3445/3918/5595 3444/1023/1108
f 1703/580/1483 1704/580/1854 1706/1264/1388
f 4038/580/1484 4048/1264/4127 5397/1264/1485
f 5008/992/1060 5009/3157/3945 5007/1338/1487
f 1948/1340/1489 3547/3919/5596 1945/1341/1490
f 2390/1343/1492 2394/294/289 2393/1344/1493
f 4520/897/1501 4517/1352/3622 4518/1352/1502
f 2253/1353/1504 2250/3920/5597 2252/1354/1505
f 1083/1356/1507 1084/2836/5598 1082/1357/1508
f 3292/2397/2894 3293/2396/2893 3316/3921/5599
f 3316/3921/5599 3318/2458/2973 3320/1359/1510
f 3320/1359/1510 3284/62/50 3290/2340/2826
f 3290/2340/2826 3289/2339/2825 3349/3922/5600
f 3290/2340/2826 3349/3922/5600 3323/3923/5601
f 3317/3924/5602 3292/2397/2894 3316/3921/5599
f 3319/3925/5603 3317/3924/5602 3316/3921/5599
f 3290/2340/2826 3323/3923/5601 3322/1360/1511
f 3321/1361/1512 3319/3925/5603 3316/3921/5599
f 3320/1359/1510 3290/2340/2826 3322/1360/1511
f 3321/1361/1512 3316/3921/5599 3320/1359/1510
f 5002/1363/1514 4999/3926/1514 5001/1364/1514
f 1769/1160/1515 1771/3081/1515 1770/1366/1515
f 1967/802/1516 1966/801/1516 1958/770/806
f 697/1368/1518 695/1549/5604 694/564/581
f 694/564/581 691/563/580 696/1367/1517
f 2468/1372/1522 2580/1669/1884 2471/1373/1523
f 5318/1381/1531 5317/3360/4382 5315/1382/1532
f 2364/1388/1539 2423/1914/2201 2422/1389/1540
f 4724/345/1542 4721/343/3827 4723/1391/1543
f 2655/2491/3012 2276/3927/5605 3461/3928/5606
f 2653/1392/1545 2559/3929/5607 2560/3930/5608
f 2655/2491/3012 3461/3928/5606 2653/1392/1545
f 2277/1394/1547 2659/1715/1947 2654/2490/3011
f 2277/1394/1547 2654/2490/3011 2655/2491/3012
f 2653/1392/1545 2560/3930/5608 2558/3931/5609
f 2653/1392/1545 2558/3931/5609 2652/3932/5610
f 2277/1394/1547 2655/2491/3012 2653/1392/1545
f 2653/1392/1545 2652/3932/5610 2658/1393/1546
f 559/1395/1548 504/446/460 503/445/459
f 925/1397/1550 895/1053/1142 896/1055/1144
f 769/24/16 770/23/16 768/1399/1551
f 5762/1401/1552 5760/1815/2075 5761/1402/1553
f 6931/1404/1555 6933/792/3978 6965/1405/1556
f 7649/1324/1559 7652/3917/48 7650/1326/48
f 7650/1326/48 7651/1325/48 7704/1407/1558
f 4592/1408/1560 4594/1408/1643 4593/752/1561
f 811/550/1562 809/651/2015 810/1280/1403
f 1486/3838/101 672/3837/101 670/597/1564
f 670/597/1564 1317/876/2192 1316/1866/5611
f 1316/1866/5611 668/1421/5612 666/596/1565
f 666/596/1565 667/674/101 665/3840/101
f 669/595/101 1487/3839/101 671/1410/101
f 666/596/1565 665/3840/101 669/595/101
f 670/597/1564 1316/1866/5611 666/596/1565
f 671/1410/101 1486/3838/101 670/597/1564
f 666/596/1565 669/595/101 671/1410/101
f 2044/1413/1568 3794/3933/5613 2047/1411/1566
f 2047/1411/1566 2045/3934/5614 2046/1412/1567
f 3606/1414/1569 3603/2082/2425 2152/378/387
f 4886/445/1571 4887/446/3882 4892/1395/1572
f 2855/3881/5547 2282/958/1011 2284/1416/1574
f 2284/1416/1574 2131/3588/4890 2977/1110/5615
f 2977/1110/5615 2962/2067/2404 2976/1417/1575
f 2976/1417/1575 1900/3055/3782 1899/1418/1576
f 1899/1418/1576 2855/3881/5547 2284/1416/1574
f 2284/1416/1574 2977/1110/5615 2976/1417/1575
f 1041/860/1577 1040/861/5003 1042/735/1578
f 5496/6/1580 5497/7/4205 5495/5/1581
f 867/1421/1584 964/596/101 966/674/101
f 966/674/101 965/3840/101 961/595/101
f 961/595/101 963/3839/101 962/1410/101
f 962/1410/101 967/3838/101 968/3837/101
f 866/597/1583 862/876/2141 865/1866/2143
f 962/1410/101 968/3837/101 866/597/1583
f 867/1421/1584 966/674/101 961/595/101
f 961/595/101 962/1410/101 866/597/1583
f 866/597/1583 865/1866/2143 867/1421/1584
f 1284/1422/1585 882/2863/5616 881/1423/1586
f 1805/1427/1379 1803/3935/5617 1801/1425/1377
f 1801/1425/1377 1802/3936/5618 1800/1426/1588
f 1800/1426/1588 1804/3937/5619 1805/1427/1379
f 2123/1430/1590 2121/3282/4209 3597/3938/101
f 2122/1428/101 3600/3939/101 2120/1429/1589
f 2123/1430/1590 3597/3938/101 2122/1428/101
f 552/1431/283 553/3940/283 551/1432/283
f 7155/1211/1591 7156/903/1591 7154/904/1592
f 1921/1436/1596 1918/2980/3657 2128/3173/3975
f 2129/1434/1594 3588/3941/5620 3581/1435/1595
f 1921/1436/1596 2128/3173/3975 2129/1434/1594
f 1603/1439/1598 1601/322/4741 1764/1437/283
f 1764/1437/283 1604/359/5223 1602/1438/1597
f 1273/666/689 1274/780/5541 1272/779/966
f 1037/676/1600 1035/849/889 1034/675/888
f 4285/596/1602 4286/674/3617 4284/673/701
f 4002/1442/1604 4004/3661/5131 4008/1443/1605
f 2634/506/1607 2633/1698/1922 2631/1445/1608
f 4222/3942/5621 4223/3943/5622 4224/3943/5623
f 4222/3942/5621 4224/3943/5623 4221/3942/5624
f 4213/3944/5625 4216/3945/5626 4218/1446/1610
f 4214/3945/5627 4215/3944/5628 4213/3944/5625
f 4214/3945/5627 4213/3944/5625 4218/1446/1610
f 4219/1447/1611 4222/3942/5621 4221/3942/5624
f 4219/1447/1611 4221/3942/5624 4220/1447/5629
f 4217/1446/1610 4214/3945/5627 4218/1446/1610
f 4219/1447/1611 4220/1447/5629 4217/1446/1610
f 1931/1448/1612 1932/1209/3786 1930/1449/1613
f 2454/1451/1620 2453/2981/3667 2501/1452/1621
f 4950/1454/1623 104/1454/1623 4949/33/1624
f 6099/1455/1625 6100/3946/5630 6080/1456/1626
f 5132/330/1628 5133/329/1628 5131/1458/1629
f 234/1459/1631 225/188/173 233/189/172
f 6398/575/590 6396/574/589 6397/1461/1633
f 6379/909/1635 6377/911/5631 6378/910/1636
f 2061/29/21 2062/2788/3359 1934/8/1246
f 5730/899/1474 5727/1331/1473 5732/1464/1638
f 245/1465/1640 246/1730/1977 244/361/1641
f 4594/1408/1643 4596/919/5252 4595/1466/1644
f 4973/1309/1439 4974/1311/1441 4972/1467/1645
f 4790/1471/1649 4791/3131/3892 4783/1469/1647
f 4783/1469/1647 4785/2289/5632 4782/1470/1648
f 4782/1470/1648 4784/3947/5633 4790/1471/1649
f 5193/328/1650 5192/417/1650 5243/329/1651
f 4525/1472/1652 4447/1473/5634 1254/1473/1653
f 2440/1477/1658 3300/2126/2481 3308/1478/1659
f 4040/997/1065 4038/580/1484 5396/580/1486
f 5396/580/1486 5395/997/5635 5393/1481/1662
f 5393/1481/1662 5394/995/1063 4040/997/1065
f 2370/1485/1666 2367/3948/5636 2369/1486/1667
f 5827/1490/1671 5826/3139/5637 5823/1488/1669
f 5823/1488/1669 5825/3138/5638 5824/1489/1670
f 5824/1489/1670 5828/3140/5639 5827/1490/1671
f 2119/1492/644 2116/3949/644 2118/1493/644
f 399/1204/1323 1742/1206/1325 1739/1495/1673
f 1739/1495/1673 1748/2903/3518 390/1496/1674
f 390/1496/1674 1745/1228/1348 399/1204/1323
f 500/1497/48 501/1608/48 495/1178/709
f 2038/1499/1676 2040/3950/5640 2039/1500/1677
f 6035/1502/1679 6011/3403/4460 6012/1503/1680
f 5842/1177/1291 5841/1177/1291 5845/1219/1682
f 2077/1505/1683 1389/3368/4397 1360/1506/1684
f 5197/328/1686 5196/417/2534 5230/329/1475
f 1641/569/587 1640/569/586 1642/1508/1687
f 880/742/1688 823/814/856 617/551/571
f 6373/1338/1690 6374/3157/4064 6372/992/1691
f 2748/1509/1693 2749/2818/3386 2747/1510/1694
f 2213/1514/1698 2212/3951/5641 2210/3952/5642
f 2210/3952/5642 2207/3953/5643 2208/1512/1696
f 2208/1512/1696 2206/3954/5644 2209/1513/1697
f 2209/1513/1697 2211/3955/5645 2213/1514/1698
f 2213/1514/1698 2210/3952/5642 2208/1512/1696
f 135/1516/101 133/3760/101 131/403/1699
f 131/403/1699 132/401/606 134/1515/101
f 3664/972/1029 3666/1792/2049 3667/1517/1700
f 3665/1518/1701 3662/3882/5548 3664/972/1029
f 3840/896/938 3928/3956/559 3927/1521/1704
f 4001/1522/1705 3994/1523/3464 3996/1523/1706
f 6786/1283/1708 6787/1165/4482 7364/1166/1709
f 7445/903/1711 7201/904/5646 7203/902/1712
f 4667/1177/1338 4644/1176/1714 4646/1176/1714
f 4735/1524/1716 4733/996/4002 4724/345/1542
f 4724/345/1542 4722/345/1544 4732/996/1715
f 4732/996/1715 4734/2348/5647 4735/1524/1716
f 3953/1525/1717 3954/3957/101 3837/895/937
f 6173/27/208 6164/26/1726 6161/1527/1719
f 1554/1157/1263 3736/2760/3327 3724/1528/1720
f 3724/1528/1720 3725/1993/2300 3737/1529/1721
f 879/1530/1722 876/812/2262 1057/1531/1723
f 6162/27/1725 6163/220/2447 6161/1527/1719
f 4449/831/283 4450/1533/645 4448/833/283
f 816/551/772 817/552/5648 1193/684/973
f 1741/1534/1727 1748/2903/3518 1739/1495/1673
f 2585/1536/1729 2185/3350/5649 2972/1537/1730
f 4352/1352/1732 4351/1352/4875 4347/897/939
f 5716/1539/1733 5717/622/5650 5715/624/1734
f 2015/1540/1736 1970/2625/3161 2348/1541/1737
f 2885/1545/1741 2886/2514/3042 2880/1543/1739
f 2880/1543/1739 2878/2077/2420 2879/1544/1740
f 3967/1548/101 3902/3958/101 3900/1546/101
f 3900/1546/101 3901/3959/101 3899/1547/101
f 1313/1368/1518 1312/1367/5651 1308/563/581
f 1308/563/581 1310/564/580 1311/1549/1517
f 2638/1550/1742 2199/182/164 2200/1551/1743
f 730/1553/1745 731/866/5652 729/867/1746
f 3252/1556/1750 3253/2317/2793 2449/1557/1751
f 7649/1324/1559 7704/1407/1558 7673/1563/1757
f 5700/864/1759 5731/863/1639 5732/1464/1638
f 1537/1102/1215 1539/3352/5653 1538/1565/1761
f 5220/417/1763 5221/328/4050 5219/803/1764
f 701/76/1766 698/77/5654 700/934/1430
f 2766/1567/1767 2768/1963/2257 2802/1568/1768
f 2335/1574/1774 2336/2953/559 2334/1575/1775
f 3970/1579/8 3895/3960/8 3897/1577/8
f 3897/1577/8 3896/3961/8 3898/1578/8
f 907/1580/1777 908/1706/1931 906/566/583
f 7464/1581/1779 7465/2850/504 7458/1582/1780
f 3850/1584/1782 3851/3962/1782 3849/1585/52
f 208/1586/1783 215/1155/3843 212/1156/1784
f 6493/1588/1786 6496/3963/1361 6497/3964/644
f 6497/3964/644 6495/3965/644 6494/1589/644
f 6494/1589/644 6490/3966/1361 6492/1590/1787
f 6492/1590/1787 6491/3967/5655 6493/1588/1786
f 6493/1588/1786 6497/3964/644 6494/1589/644
f 2770/1591/1788 2772/3968/4215 2771/1592/1789
f 1163/1594/1791 1164/3969/5656 1162/1595/1792
f 2761/1597/1794 2762/3970/5657 2763/1598/1795
f 2400/1599/1796 2402/3971/5658 2401/1600/1797
f 2760/1602/1799 2643/2577/3113 2238/719/747
f 2019/768/1801 2017/770/5521 2018/769/838
f 2125/1605/1803 2126/2604/3140 2124/1606/1804
f 4853/1497/48 4836/1498/5566 4835/1178/1292
f 7571/1609/1806 7621/2854/5659 7620/1610/1807
f 4719/1613/1671 4718/3179/5637 4716/323/1669
f 4716/323/1669 4717/3178/5638 4715/1612/1670
f 4715/1612/1670 4720/3039/5639 4719/1613/1671
f 2549/1614/1809 2547/3972/5660 2464/1615/1810
f 1260/1617/1812 1262/858/4337 1261/1618/644
f 7483/1620/1813 7484/44/5034 7482/44/1814
f 3125/824/1817 3124/823/2770 2245/1622/1818
f 2003/1379/1529 1999/1377/1527 2002/1378/1528
f 4015/1620/1823 4020/1708/5661 4019/42/1824
f 1570/467/931 1725/466/5264 1724/466/1831
f 5058/362/1832 5056/364/5662 5057/363/1833
f 4884/448/1835 4890/518/3921 4888/1633/1836
f 1742/1206/1325 1743/1205/1324 1740/1535/1728
f 7818/1332/1838 7816/1458/5663 7817/329/1839
f 1290/1634/1840 1291/1909/2196 1075/1635/1841
f 5283/1300/1843 5307/415/427 5308/1637/1844
f 2746/1638/1845 2744/3973/5664 2745/1639/1846
f 6979/792/1848 6980/1405/5665 6978/1406/1849
f 2605/1641/1851 3129/2227/2618 3130/1642/1852
f 1704/580/1854 1703/580/1483 1628/579/1855
f 5050/1644/1857 5048/2185/3963 5049/1645/1858
f 675/487/1860 971/76/1861 972/77/1861
f 5217/328/1862 5216/417/1862 5251/329/1863
f 2552/1649/1865 2555/3974/5666 3785/1647/1864
f 3785/1647/1864 2553/3975/5667 2554/1648/1864
f 3846/1650/559 3847/3976/559 3845/1651/559
f 1735/1653/1866 1734/3977/5668 375/1654/1867
f 5758/1657/1871 5753/2241/5669 5751/1655/1869
f 5751/1655/1869 5752/2240/5670 5750/1656/1870
f 1020/739/770 1249/741/3409 1250/740/1872
f 5170/804/1873 5168/417/1874 5169/328/1874
f 1314/1662/1877 860/533/3304 859/531/1878
f 3950/1664/1880 3951/3057/1880 3949/1665/1880
f 524/1667/1881 525/1974/2276 523/512/1882
f 5937/1673/1888 5948/1672/5671 5946/1671/1886
f 5946/1671/1886 5947/1671/4423 5945/1672/1887
f 5945/1672/1887 5935/1673/4421 5937/1673/1888
f 6644/1674/1889 6645/3248/5672 6643/1675/1890
f 1683/745/778 1678/2070/2410 1677/1677/1892
f 4342/412/1893 4341/412/4815 4343/656/675
f 5379/1678/1895 5385/1679/4138 5386/1679/1896
f 7253/794/1898 6839/792/5673 6841/1404/1899
f 2846/1682/1902 3697/3978/5674 2845/1680/1900
f 2845/1680/1900 2524/1696/1920 2526/1681/1901
f 2851/1686/1905 3353/1711/1937 3354/1687/1906
f 4026/1689/1908 4027/2882/4840 4025/809/1909
f 3210/2274/2711 3218/2278/2718 3216/2276/2716
f 3195/1692/1913 3174/2242/2661 3153/1750/1998
f 3210/2274/2711 3216/2276/2716 3195/1692/1913
f 3153/1750/1998 3154/1752/2000 3159/1691/1911
f 1562/1137/1912 3210/2274/2711 3195/1692/1913
f 3195/1692/1913 3153/1750/1998 3159/1691/1911
f 5274/1332/1914 5250/330/627 5249/329/626
f 2524/1696/1920 2525/1021/1106 2523/1020/1105
f 575/292/1924 577/3017/3719 581/508/526
f 3299/1700/1925 3298/2325/2803 3315/1701/1926
f 5883/1703/1928 5881/3979/5675 5882/1704/1929
f 908/1706/1931 800/1845/2106 799/1707/1932
f 5039/1708/1934 5041/42/5189 5040/1709/1935
f 3353/1711/1937 2851/1686/1905 2849/88/74
f 749/876/1938 747/1866/5676 750/877/1939
f 1266/1617/1941 1268/1619/644 1267/1618/644
f 6939/1288/1942 6940/806/5677 6938/807/1943
f 5524/1712/1944 5522/3262/4167 5523/1713/1945
f 948/1079/1173 949/562/1173 947/1078/1173
f 1236/677/706 1235/676/705 1233/879/921
f 933/206/1948 931/76/5583 932/77/1428
f 7126/1166/1949 7127/1164/5678 7125/1283/1950
f 1071/1716/1952 1070/3980/5679 612/715/743
f 6910/792/1953 6908/1404/5680 6909/793/1954
f 1584/350/1334 1581/1865/2140 3739/1717/1956
f 3739/1717/1956 3734/2759/3326 1554/1157/1263
f 1554/1157/1263 1587/3822/5561 3735/321/1957
f 3735/321/1957 1584/350/1334 3739/1717/1956
f 4775/1156/1262 4777/1155/1261 4771/1586/1958
f 6430/1718/1960 6428/3123/3880 6429/1719/1961
f 350/373/382 351/375/384 353/392/401
f 5372/1721/1963 5373/785/824 5364/184/166
f 5201/328/1965 5200/417/3938 5245/329/1966
f 4912/1723/1968 4914/3135/5681 4913/1724/1969
f 4663/1219/1337 4661/1726/1971 4662/1726/1971
f 2300/1013/1096 2722/2494/3015 2721/1727/1972
f 5491/1729/1974 5493/2496/4199 5605/1714/1975
f 263/260/252 262/259/251 244/361/1641
f 620/651/670 810/1280/1403 611/716/744
f 2341/1732/1979 1380/3463/4586 1393/1733/1980
f 5439/1735/1982 5437/1736/1982 5438/1736/1982
f 3905/1739/1985 3903/3981/5682 3969/1737/1983
f 3969/1737/1983 3906/3982/8 3904/1738/1984
f 1922/1002/1074 2606/3983/5683 3716/1740/1986
f 3716/1740/1986 2607/3984/5684 1925/1003/1075
f 2789/1741/1987 2786/1789/2046 2788/1742/1988
f 2648/1746/1991 2752/3628/101 2754/1744/101
f 2754/1744/101 2753/3629/101 2751/1745/1990
f 1160/986/1994 4165/985/5685 4163/1068/1992
f 4163/1068/1992 4164/1068/3765 4162/985/1993
f 3153/1750/1998 3175/2243/2662 3209/1751/1999
f 4882/447/1837 4888/1633/1836 4889/521/2001
f 2729/1755/2004 2730/3985/4143 2728/3986/5686
f 2728/3986/5686 2726/3987/5687 2724/1753/2002
f 2724/1753/2002 2725/3988/4145 2723/1754/2003
f 2723/1754/2003 2727/3989/5688 2729/1755/2004
f 2729/1755/2004 2728/3986/5686 2724/1753/2002
f 616/991/2005 613/724/751 789/725/101
f 375/1654/1867 1734/3977/5668 1732/1756/2006
f 6829/792/2008 6831/1405/5689 6830/1406/2009
f 4060/540/2011 4058/2100/3498 4057/2888/3497
f 4057/2888/3497 4061/3686/5690 4062/1758/2012
f 4062/1758/2012 4063/3990/644 4064/3687/644
f 4064/3687/644 4065/525/5691 522/2938/3601
f 4064/3687/644 522/2938/3601 521/539/768
f 4060/540/2011 4057/2888/3497 4062/1758/2012
f 4062/1758/2012 4064/3687/644 521/539/768
f 5616/1759/559 5617/3991/559 5615/3992/559
f 5618/1760/559 5620/3269/4257 5621/3272/4254
f 5616/1759/559 5615/3992/559 5618/1760/559
f 5580/3286/4221 5579/471/4220 5616/1759/559
f 5621/3272/4254 5661/3993/559 5619/1761/559
f 5619/1761/559 5580/3286/4221 5616/1759/559
f 5618/1760/559 5621/3272/4254 5619/1761/559
f 7800/803/2013 7801/328/1863 7799/417/2014
f 811/550/1562 817/552/5648 816/551/772
f 6282/1762/2016 6283/2360/5692 6281/1763/2017
f 2807/1765/2019 2171/2095/2438 2809/1766/2020
f 1357/1768/2022 1388/2370/2862 2807/1765/2019
f 6402/1769/2023 6403/2962/3640 6401/1770/2024
f 6766/1775/2029 6741/3578/5693 6739/1773/2027
f 6739/1773/2027 6737/3580/5694 6738/1774/2028
f 6738/1774/2028 6740/3579/5695 6766/1775/2029
f 6205/1778/2032 6152/2568/5696 6150/1776/2030
f 6150/1776/2030 6151/2567/5697 6149/1777/2031
f 2338/1779/2033 2141/2051/2374 2143/482/499
f 5218/804/2038 5216/417/1862 5217/328/1862
f 4919/474/2039 4916/476/3908 4918/1784/2040
f 1362/951/1002 1361/953/1004 1363/1007/1087
f 2140/1035/1123 2853/3562/4797 2956/1786/2043
f 3656/1791/2048 3655/2707/3246 3667/1517/1700
f 2312/2506/3034 2320/3994/5698 2321/1793/2050
f 2321/1793/2050 2651/1973/2275 2715/1794/2051
f 2715/1794/2051 2322/2511/3039 2310/1795/2052
f 2310/1795/2052 2312/2506/3034 2321/1793/2050
f 3164/1796/2053 1936/2532/3060 3178/3995/5699
f 3178/3995/5699 3176/3582/5700 3177/3996/5701
f 3177/3996/5701 3197/3997/5702 3196/3998/5703
f 3177/3996/5701 3196/3998/5703 3193/3999/5704
f 3178/3995/5699 3177/3996/5701 3193/3999/5704
f 3178/3995/5699 3193/3999/5704 3194/4000/5705
f 3165/2327/2805 3166/4001/5706 3164/1796/2053
f 3164/1796/2053 3178/3995/5699 3194/4000/5705
f 3164/1796/2053 3194/4000/5705 3148/1797/2054
f 3159/1691/1911 3165/2327/2805 3164/1796/2053
f 3169/1136/2055 1562/1137/1912 3159/1691/1911
f 3192/4002/5707 3147/2239/2656 3169/1136/2055
f 3146/4003/5708 3192/4002/5707 3169/1136/2055
f 3169/1136/2055 3159/1691/1911 3164/1796/2053
f 3148/1797/2054 3146/4003/5708 3169/1136/2055
f 2646/1799/2057 2648/1746/1991 2751/1745/1990
f 2751/1745/1990 2645/4004/5709 2647/1798/2056
f 7159/1165/2058 7158/1283/4468 7157/902/1593
f 1350/1800/2059 2955/505/523 2954/504/522
f 4768/1803/2062 4760/1802/3906 4761/1330/1471
f 4761/1330/1471 4759/1330/1470 4762/1802/2061
f 4762/1802/2061 4763/1803/3441 4768/1803/2062
f 3664/972/1029 3658/398/407 3660/400/409
f 3660/400/409 3654/2706/3245 3656/1791/2048
f 3656/1791/2048 3666/1792/2049 3664/972/1029
f 5332/1807/2066 5333/2844/3407 5334/1808/2067
f 3045/1812/2071 3043/3860/5503 2280/1810/2069
f 2280/1810/2069 3047/2170/2538 3046/1811/2070
f 2774/653/2074 2996/889/5710 2136/1813/2072
f 2136/1813/2072 3004/2283/4222 3015/1814/2073
f 5760/1815/2075 5762/1401/1552 5768/1816/2076
f 6033/1817/2078 6009/4005/5711 6010/1818/2079
f 2860/178/160 2862/3809/5414 2875/1820/2081
f 2875/1820/2081 2872/1859/2131 2863/1821/2082
f 40/27/19 39/26/18 67/1527/2083
f 801/847/2085 1156/411/422 1157/410/421
f 5566/1822/2086 5563/3296/5712 5565/1823/2087
f 927/1825/101 929/4006/101 928/1826/101
f 5806/1831/2091 5819/3318/5713 5820/1832/2092
f 2879/1544/1740 2878/2077/2420 2896/1836/2096
f 7551/1838/2098 7549/2293/5714 7550/1839/2099
f 4795/1841/2101 4793/2939/5715 4794/1842/2102
f 1049/1707/2104 1149/847/887 798/1844/2105
f 5995/1846/2107 5997/3309/4289 5998/1847/2108
f 2008/1386/1537 2001/1375/1525 2004/1380/1530
f 7657/1849/2110 7659/3739/5716 7693/1850/2111
f 5239/330/2113 5177/328/4161 5176/417/2114
f 944/1079/2116 945/1080/2116 943/637/2117
f 4885/444/2118 4886/445/1571 4884/448/1835
f 5635/1853/2120 5636/3295/4246 5652/690/2121
f 1187/965/1022 1185/305/1021 1370/70/2122
f 1370/70/2122 1371/71/5717 1186/306/2123
f 2532/307/313 2681/308/314 2683/1854/2124
f 2683/1854/2124 2769/4007/5718 2682/912/949
f 2005/1385/1536 2226/1483/1664 2225/1480/1661
f 1374/1037/2128 1373/969/1026 1376/1038/2129
f 5933/923/2137 5954/924/3967 5939/1802/5719
f 5939/1802/5719 5941/1330/4345 5951/1329/2138
f 5951/1329/2138 5956/3099/4424 5946/1671/1886
f 5946/1671/1886 5948/1672/5671 5949/870/3952
f 5946/1671/1886 5949/870/3952 5931/869/2136
f 5933/923/2137 5939/1802/5719 5951/1329/2138
f 5951/1329/2138 5946/1671/1886 5931/869/2136
f 1582/1864/2139 1583/2763/5720 1581/1865/2140
f 862/876/2141 864/878/5721 863/877/2142
f 2927/1870/2147 2926/2554/3086 2925/1871/2148
f 2433/479/495 3683/4008/5722 3694/1873/2150
f 3694/1873/2150 3693/2737/3283 2431/478/494
f 2811/1876/2153 2813/4009/5723 3425/1874/2151
f 3425/1874/2151 3420/4010/5724 3421/1875/2152
f 7258/334/2154 7256/1879/5725 7257/336/2155
f 7257/336/2155 7255/1878/5726 7259/335/2156
f 7259/335/2156 7260/3575/5727 7258/334/2154
f 6847/3575/5728 6846/335/5729 6843/1878/2158
f 6843/1878/2158 6844/336/5730 6842/1879/2159
f 6845/334/2160 6847/3575/5728 6843/1878/2158
f 2909/388/397 2915/1898/2181 2914/1880/2161
f 2919/1882/2163 2918/4011/5731 2934/1883/2164
f 4426/3404/5732 4427/3404/5733 4425/1885/2166
f 4425/1885/2166 4423/1886/5734 4424/1886/2167
f 4422/1885/2168 4426/3404/5732 4425/1885/2166
f 5499/5/1305 5500/7/1304 5496/6/1580
f 1167/1889/2171 1258/1595/4122 1259/1596/2172
f 5380/1891/2174 5378/1891/4052 5379/1678/1895
f 1510/1083/1197 1512/3352/4374 1511/1565/504
f 3447/1896/2179 2667/2479/2997 2668/1024/1109
f 5331/1899/2182 5330/2845/3408 5325/1900/2183
f 1967/802/1516 1963/769/3778 1965/770/2185
f 2921/3121/3872 2924/4012/5735 2922/1902/2186
f 2922/1902/2186 2923/1884/2165 2934/1883/2164
f 2934/1883/2164 2929/3719/5241 2930/1903/2187
f 2930/1903/2187 2925/1871/2148 2917/1904/2188
f 2917/1904/2188 2921/3121/3872 2922/1902/2186
f 2922/1902/2186 2934/1883/2164 2930/1903/2187
f 1385/1905/2189 1382/2128/2483 2999/955/1006
f 1412/1008/1081 1413/950/1080 1408/1016/1099
f 1318/877/2191 1316/1866/5611 1317/876/2192
f 1072/1124/1232 1075/1635/1841 1525/1107/1208
f 3362/1907/2194 3365/1238/1357 3363/1240/1359
f 1291/1909/2196 1524/1089/1182 1525/1107/1208
f 2358/1910/2197 2981/2350/2836 2172/1911/2198
f 2423/1914/2201 3270/3234/4112 2424/1915/2202
f 875/1916/2203 874/4013/5736 891/1917/2204
f 1850/1921/2208 1852/4014/5737 1855/4015/5738
f 1855/4015/5738 1856/3268/5739 1854/1919/2206
f 1854/1919/2206 1853/3267/5740 1849/1920/2207
f 1849/1920/2207 1851/3266/5741 1850/1921/2208
f 1850/1921/2208 1855/4015/5738 1854/1919/2206
f 2819/1924/2211 2660/3230/4103 3386/1922/2209
f 3386/1922/2209 3387/2435/2936 3388/1923/2210
f 1526/1121/1229 1541/1123/1231 1528/1925/2212
f 1527/1106/1207 1543/1126/1234 1526/1121/1229
f 1160/986/2217 1169/985/5742 1170/1068/1161
f 1170/1068/1161 1168/984/1160 1171/1018/2216
f 1654/748/781 3719/2752/3314 3722/1929/2218
f 3722/1929/2218 1649/1151/1257 1651/1153/1259
f 1651/1153/1259 3720/358/5743 382/360/1295
f 382/360/1295 1654/748/781 3722/1929/2218
f 3000/1930/2219 2533/1906/2190 2359/954/1005
f 3334/1932/2221 3335/2382/2876 3333/1933/2222
f 3263/1936/2225 3303/2378/2872 3301/1937/2226
f 3301/1937/2226 3302/2361/2852 2112/1938/2227
f 2112/1938/2227 3262/2334/2815 3263/1936/2225
f 6546/1941/2230 6543/2927/5744 6544/1939/2228
f 6544/1939/2228 6542/2928/5745 6545/1940/2229
f 1104/766/802 1111/726/753 1110/728/755
f 5354/1942/2231 5357/3561/4796 5356/1943/2232
f 3304/1947/2236 2446/2335/2816 2436/1945/2234
f 2436/1945/2234 2434/2536/3064 2435/1946/2235
f 2435/1946/2235 3305/2042/2361 3304/1947/2236
f 6873/334/2237 6876/1879/5746 6877/336/2238
f 6877/336/2238 6875/1878/5747 6872/335/2239
f 6872/335/2239 6874/3575/5748 6873/334/2237
f 3331/1948/2240 3330/2452/2964 3328/1949/2241
f 1365/962/2243 1367/963/5749 1348/940/988
f 1543/1126/1234 1531/1127/1235 1290/1634/1840
f 3112/1951/2244 2679/385/2583 2680/1952/2245
f 7705/1958/2251 7687/4016/5750 7685/1956/2249
f 7685/1956/2249 7686/4017/5751 7684/1957/2250
f 5365/1959/2252 5362/1722/1964 5364/184/166
f 906/566/583 1058/3835/5484 1336/565/2254
f 5911/1961/644 5912/167/4842 5910/167/2255
f 2766/1567/1767 2767/4018/5752 2765/1962/2256
f 7094/336/2260 7092/1878/5753 7090/335/2258
f 7090/335/2258 7091/3575/5754 7089/334/2259
f 7089/334/2259 7093/1879/5755 7094/336/2260
f 877/811/2261 878/813/5235 876/812/2262
f 2221/1964/2263 2218/4019/2263 2220/1965/2264
f 5361/1967/2266 5360/1333/1478 5358/1968/2267
f 4843/253/1969 4840/352/1970 4898/705/2269
f 990/96/2271 991/94/2271 989/530/2271
f 525/1974/2276 582/1699/3720 576/1975/2277
f 797/1979/2281 795/31/5756 796/32/1163
f 2460/1981/2283 3006/97/82 3010/99/84
f 3039/1982/2284 3035/4020/5757 3034/2146/2502
f 3034/2146/2502 3053/2145/2501 3073/1983/2285
f 3073/1983/2285 3093/2182/2554 3094/2183/2555
f 3073/1983/2285 3094/2183/2555 3086/2176/2547
f 3039/1982/2284 3034/2146/2502 3073/1983/2285
f 3073/1983/2285 3086/2176/2547 3060/1984/2286
f 2034/1986/2288 2037/3190/4022 2035/254/246
f 2035/254/246 2036/3162/3951 2816/1985/2287
f 4337/644/2289 4246/1987/5169 4244/1987/2290
f 6384/1990/2294 6394/4021/5758 6387/1988/2292
f 6387/1988/2292 6385/4022/5759 6386/1989/2293
f 4565/1466/2295 4567/919/963 4566/1408/2296
f 3725/1993/2300 3724/1528/1720 3721/1991/2298
f 3721/1991/2298 1654/748/781 1609/1992/2299
f 2326/1998/2305 2578/2419/2918 2575/2288/2734
f 2575/2288/2734 2961/3440/4540 2954/504/522
f 2954/504/522 2937/3832/5479 2325/1997/2304
f 2325/1997/2304 2308/2080/2423 2305/3192/4024
f 2326/1998/2305 2575/2288/2734 2954/504/522
f 2325/1997/2304 2305/3192/4024 2326/1998/2305
f 2172/1911/2198 2980/2351/2837 3011/1999/2306
f 6082/2001/2308 6081/3332/4326 6101/2002/2309
f 3872/2004/2311 3871/1193/1314 3868/2005/2312
f 3574/2007/2314 3573/4023/5760 3571/2008/2314
f 5366/2010/2316 5369/465/479 5368/464/478
f 5304/2012/2318 5305/3206/4045 5323/2013/2319
f 6184/2016/2322 6185/135/5244 6183/2017/2323
f 2325/1997/2304 2937/3832/5479 2357/503/521
f 7268/1164/2326 7266/1283/5761 7267/1165/2327
f 3228/1135/2329 1606/1150/1287 1608/1149/1254
f 2098/2023/2334 2099/2330/2808 2097/2024/2335
f 2384/1975/2337 2391/3017/5335 2390/1343/1492
f 5425/2026/1361 5423/4024/644 5424/4025/644
f 5424/4025/644 5422/4026/644 5426/2027/644
f 5426/2027/644 5428/2949/644 5427/2028/644
f 5425/2026/1361 5424/4025/644 5426/2027/644
f 278/2029/2338 287/239/229 279/231/220
f 4557/821/2339 4555/821/5762 4556/898/2340
f 2232/2030/2342 2229/4027/5763 2231/2031/2343
f 7005/1878/2347 7007/336/5764 7006/1879/5765
f 7003/334/2345 7004/3575/5766 7002/335/2346
f 7005/1878/2347 7006/1879/5765 7003/334/2345
f 1204/1162/2348 1202/1163/1270 1203/628/1269
f 5901/977/1037 5349/3366/4395 5905/2034/2353
f 2222/1474/1655 2009/1387/1538 2007/1383/1534
f 2110/1643/1853 2108/2250/2674 2639/2036/2355
f 2639/2036/2355 2640/2224/2615 2605/1641/1851
f 2777/2038/2357 2778/4028/5767 2279/2037/2356
f 2279/2037/2356 2939/243/233 2940/1955/2248
f 2215/2041/2360 2217/4029/5768 2214/2039/2358
f 2214/2039/2358 2216/4030/5769 2450/2040/2359
f 2450/2040/2359 2451/4031/5770 2215/2041/2360
f 2435/1946/2235 2440/1477/1658 3307/1479/1660
f 3307/1479/1660 3306/2359/2845 3305/2042/2361
f 120/93/2363 122/699/720 121/92/2362
f 121/92/2362 119/90/76 118/89/75
f 3498/1894/2177 2717/1749/1997 2270/2043/2364
f 6518/3873/5771 6571/3872/5772 6513/838/2367
f 6513/838/2367 6515/840/5773 6514/2046/2368
f 6514/2046/2368 6516/839/4703 6517/2047/2369
f 6517/2047/2369 6518/3873/5771 6513/838/2367
f 3351/301/296 2684/3684/5170 3383/2048/2370
f 3383/2048/2370 3382/2440/2943 3384/2049/2371
f 2690/2050/2372 3351/301/296 3383/2048/2370
f 1431/1016/2373 1432/1017/5774 1430/1014/1111
f 2256/483/500 2143/482/499 2141/2051/2374
f 2141/2051/2374 2142/2225/2616 2339/2052/2375
f 3279/2053/2376 3280/4032/5775 3278/2054/2377
f 5714/2061/2384 5712/2450/5776 5710/2059/2382
f 5710/2059/2382 5708/2449/5777 5709/2168/5778
f 5709/2168/5778 5707/4033/5779 5711/2060/2383
f 5711/2060/2383 5713/4034/5780 5714/2061/2384
f 5710/2059/2382 5709/2168/5778 5711/2060/2383
f 6341/2062/2385 6356/2441/4600 6357/451/2386
f 97/2063/2388 98/4035/2388 96/2064/68
f 459/495/2389 456/3830/5781 458/494/2390
f 4014/2065/2392 4012/2065/5782 4013/2066/2393
f 6805/3575/5783 6804/335/5784 6801/1878/2395
f 6801/1878/2395 6802/336/5785 6800/1879/2396
f 6803/334/2397 6805/3575/5783 6801/1878/2395
f 4752/1673/2398 4753/1672/5786 4757/870/2399
f 6465/1657/2400 6464/1657/3706 6466/1656/2401
f 2952/292/2403 2976/1417/1575 2962/2067/2404
f 6943/1404/2406 6944/793/5787 6942/794/2407
f 1679/2069/2409 1677/1677/1892 1678/2070/2410
f 1722/703/5788 1754/702/5789 1753/1263/5790
f 3203/1264/5791 3206/580/5792 1628/579/5793
f 1722/703/5788 1753/1263/5790 3203/1264/5791
f 1722/703/5788 3203/1264/5791 1628/579/5793
f 1628/579/5793 2805/344/352 3151/1293/2565
f 3151/1293/2565 3142/2122/2628 3141/2121/2627
f 3151/1293/2565 3141/2121/2627 3140/2120/2626
f 3179/466/5794 1722/703/5788 1628/579/5793
f 1628/579/5793 3151/1293/2565 3140/2120/2626
f 1628/579/5793 3140/2120/2626 3137/2118/2623
f 1686/467/5795 3179/466/5794 1628/579/5793
f 3189/2160/2678 3191/1265/5796 3170/887/5797
f 1686/467/5795 1628/579/5793 3137/2118/2623
f 3189/2160/2678 3170/887/5797 1686/467/5795
f 3182/2074/2417 3190/2158/2679 3189/2160/2678
f 3226/4036/5798 3181/323/5799 3182/2074/2417
f 1986/4037/5800 3226/4036/5798 3182/2074/2417
f 3182/2074/2417 3189/2160/2678 1686/467/5795
f 1686/467/5795 3137/2118/2623 3139/2119/2625
f 3139/2119/2625 3145/2125/2631 3199/3039/5801
f 3139/2119/2625 3199/3039/5801 3198/2072/2415
f 3182/2074/2417 1686/467/5795 3139/2119/2625
f 1987/2073/2416 1986/4037/5800 3182/2074/2417
f 3182/2074/2417 3139/2119/2625 3198/2072/2415
f 5319/2075/2418 5317/3360/4382 5318/1381/1531
f 5318/1381/1531 5320/4038/5802 5375/2076/2419
f 2882/1869/2146 2881/3169/3965 2891/1004/1076
f 2891/1004/1076 2896/1836/2096 2878/2077/2420
f 2878/2077/2420 2880/1543/1739 2882/1869/2146
f 2286/1012/1095 2290/1520/1703 3463/2078/2421
f 2308/2080/2423 2325/1997/2304 2945/2019/2325
f 2682/912/949 2769/4007/5718 2306/2079/2422
f 2308/2080/2423 2945/2019/2325 2682/912/949
f 3612/2083/2426 1974/4039/5803 1972/2081/2424
f 1972/2081/2424 1973/376/385 3603/2082/2425
f 3603/2082/2425 3604/2671/3207 3612/2083/2426
f 4955/2084/2427 4958/3721/5255 4962/2085/2428
f 2969/2087/2430 2957/1507/1685 2115/2088/2431
f 4740/2089/2432 4736/4040/5804 4739/2090/2433
f 2042/2092/2435 3003/498/516 3002/2534/3062
f 3002/2534/3062 3012/212/5805 3013/3768/5806
f 3002/2534/3062 3013/3768/5806 2186/2093/2436
f 2989/3767/5405 2043/164/146 2042/2092/2435
f 2854/4041/5807 2989/3767/5405 2042/2092/2435
f 2042/2092/2435 3002/2534/3062 2186/2093/2436
f 2275/2094/2437 2854/4041/5807 2042/2092/2435
f 2869/1855/2125 2866/917/961 2860/178/160
f 2860/178/160 2863/1821/2082 2865/1856/2126
f 6061/661/684 6064/4042/5808 6063/2096/2439
f 861/2097/2440 858/532/3305 1189/491/509
f 4618/663/2443 4383/1553/5809 4385/1553/2441
f 4385/1553/2441 4384/2437/5810 4386/665/2442
f 515/2098/2444 517/472/4115 519/2099/2445
f 6162/27/1725 6166/25/4546 6172/219/207
f 2858/2103/2450 2856/4043/101 2793/2101/2448
f 2793/2101/2448 2792/2712/3251 2857/2102/2449
f 2095/2000/2307 2171/2095/2438 2170/1912/2199
f 2183/2105/2452 2970/2765/3340 2184/181/163
f 3037/2106/2453 3038/711/2539 2820/2107/2454
f 6147/145/2456 6146/144/3454 6176/2109/2457
f 6793/336/2461 6792/1879/5811 6789/334/2459
f 6789/334/2459 6790/3575/5812 6788/335/2460
f 6788/335/2460 6791/1878/5813 6793/336/2461
f 7844/804/2465 7843/803/4028 7841/328/429
f 3414/2113/2466 3405/461/475 3404/2114/2467
f 4997/2116/2469 4998/3337/5814 4996/107/2470
f 2819/1924/2211 3388/1923/2210 3308/1478/1659
f 5996/1848/2109 5994/3572/4819 5993/2127/2482
f 1382/2128/2483 1394/497/515 2998/499/517
f 5302/2129/2484 5294/1335/1480 5292/2130/2485
f 1397/2132/2487 1398/964/1056 1296/305/310
f 2697/2135/2490 2036/3162/3951 2991/2133/2488
f 2991/2133/2488 2373/1555/5815 2810/2134/2489
f 7108/792/2494 7106/1404/5300 7107/793/2495
f 3958/2139/101 3959/4044/101 3957/2140/101
f 235/190/174 232/3136/5816 231/1460/1632
f 2902/2144/2500 2906/1887/2169 2901/1834/2094
f 1631/1143/1248 1632/1142/1247 1630/1143/283
f 6288/2151/2507 6297/4045/5817 6287/2152/2508
f 5992/2154/1579 5990/4046/5818 5991/2155/2510
f 791/32/1166 792/31/5819 790/1979/2517
f 2321/1793/2050 2320/3994/5698 3481/2162/2520
f 3381/2163/2521 3393/371/380 3395/372/381
f 5412/79/644 5409/78/644 5411/126/644
f 6436/2165/2522 6437/3478/4643 6435/2166/2523
f 481/2168/2527 447/2449/5820 445/2059/2525
f 445/2059/2525 477/2450/5821 478/2061/5822
f 478/2061/5822 479/4034/5823 446/2060/2526
f 446/2060/2526 444/4033/5824 481/2168/2527
f 445/2059/2525 478/2061/5822 446/2060/2526
f 7016/468/2528 7013/37/5825 7015/38/2529
f 5027/1989/2533 5022/4022/5826 5020/1988/2531
f 5020/1988/2531 5021/4021/5827 5019/1990/2532
f 2638/1550/1742 2442/1787/2044 2956/1786/2043
f 2956/1786/2043 2761/1597/1794 2201/183/165
f 5196/417/2534 5197/328/1686 5195/803/2535
f 725/591/609 727/599/616 728/882/924
f 2573/2173/2542 2249/1128/1236 2248/1130/1238
f 3025/2124/2479 3026/2125/2480 3076/3039/5828
f 3032/1293/1420 3023/2122/2477 3024/2123/2478
f 3025/2124/2479 3076/3039/5828 3079/2175/2544
f 3079/2175/2544 3032/1293/1420 3024/2123/2478
f 1547/345/2545 1702/343/283 1701/1391/283
f 7899/2185/2557 7914/1644/5829 7902/1646/2558
f 3419/2187/2561 3397/3793/5383 3399/2188/2562
f 3223/1294/5830 3202/2175/2710 3151/1293/2565
f 3151/1293/2565 2805/344/352 3149/2191/2566
f 3149/2191/2566 3150/2337/5831 3222/1292/2567
f 3222/1292/2567 3223/1294/5830 3151/1293/2565
f 3034/2146/2502 3035/4020/5757 3085/2192/2568
f 3152/2190/2729 3187/2150/2673 3205/325/2728
f 3205/325/2728 3220/2186/2721 3215/2180/2715
f 3214/2178/2714 3204/324/2720 3182/2074/2417
f 3205/325/2728 3215/2180/2715 3214/2178/2714
f 3155/2106/2699 3152/2190/2729 3205/325/2728
f 2086/2108/2593 3155/2106/2699 3205/325/2728
f 3205/325/2728 3214/2178/2714 3182/2074/2417
f 3182/2074/2417 3181/323/5799 3180/3178/5832
f 3180/3178/5832 2087/3805/5833 3200/151/5834
f 3201/152/2591 3227/2338/5835 3224/2210/2592
f 3180/3178/5832 3200/151/5834 3201/152/2591
f 3205/325/2728 3182/2074/2417 3180/3178/5832
f 2086/2108/2593 3205/325/2728 3180/3178/5832
f 3224/2210/2592 3184/2480/5836 3158/2107/2933
f 2086/2108/2593 3180/3178/5832 3201/152/2591
f 3224/2210/2592 3158/2107/2933 2086/2108/2593
f 3249/824/2594 1618/823/866 2027/1622/2595
f 2353/2211/2597 3251/387/396 3250/1169/2598
f 398/745/5837 401/2070/5095 386/351/359
f 385/313/319 383/358/366 384/1153/5838
f 384/1153/5838 391/1151/5839 396/2903/5310
f 384/1153/5838 396/2903/5310 392/1495/5840
f 398/745/5837 386/351/359 385/313/319
f 397/2213/2600 398/745/5837 385/313/319
f 384/1153/5838 392/1495/5840 400/1206/5841
f 384/1153/5838 400/1206/5841 399/1204/5842
f 397/2213/2600 385/313/319 384/1153/5838
f 390/1496/5843 388/2071/5096 393/2214/2602
f 397/2213/2600 384/1153/5838 399/1204/5842
f 394/1228/2601 390/1496/5843 393/2214/2602
f 397/2213/2600 399/1204/5842 394/1228/2601
f 2353/2211/2597 2355/2212/2599 2356/2204/2603
f 3749/1187/2606 3750/1189/5844 371/2215/2604
f 371/2215/2604 3747/3528/5845 3748/348/2605
f 2588/2222/2613 2025/4047/5846 2026/2220/2611
f 2026/2220/2611 2024/4048/5847 2587/2221/2612
f 7212/1288/2632 7213/806/2632 7211/807/2633
f 5921/1185/2635 5919/1185/2889 5920/166/2636
f 54/2232/2638 53/2832/3398 51/2233/2639
f 3433/2929/3570 3435/4049/5848 3428/2235/2641
f 3428/2235/2641 3454/2375/2869 2783/2236/2642
f 2783/2236/2642 2784/3074/5849 3431/1897/2180
f 3431/1897/2180 3433/2929/3570 3428/2235/2641
f 1434/1008/1101 1432/1017/5774 1431/1016/2373
f 353/392/401 351/375/384 406/2237/2643
f 325/1459/2644 323/1460/3904 324/189/299
f 5403/1391/2645 5402/343/4125 4031/345/2646
f 7567/1839/2648 7565/2293/2648 7589/1838/2649
f 3103/1135/2650 1549/1134/5850 1575/1149/2651
f 7026/805/2652 7024/1288/5851 7025/806/2653
f 470/1657/2659 469/1656/5852 472/2240/2657
f 472/2240/2657 471/1655/5853 468/2241/2658
f 4085/361/369 4087/259/371 4093/260/2663
f 3350/2244/2665 3274/2332/2812 3273/2245/2666
f 5970/2247/2668 5971/3646/5127 5969/2248/2669
f 4153/585/600 4155/584/600 4154/584/600
f 2108/2250/2674 2110/1643/1853 2109/2217/2608
f 5936/868/2681 5938/868/4422 5950/870/2680
f 5950/870/2680 5934/869/4866 5931/869/2136
f 5931/869/2136 5949/870/3952 5936/868/2681
f 2255/211/5854 2340/2535/3063 2341/1732/1979
f 2341/1732/1979 3001/1734/1981 2509/4050/5855
f 2341/1732/1979 2509/4050/5855 2565/2505/5856
f 2254/3806/5403 2255/211/5854 2341/1732/1979
f 2136/1813/2072 2996/889/5710 2997/163/145
f 2579/4051/5857 2136/1813/2072 2997/163/145
f 2997/163/145 2254/3806/5403 2341/1732/1979
f 2341/1732/1979 2565/2505/5856 2365/2253/2682
f 2366/2254/2683 2579/4051/5857 2997/163/145
f 2997/163/145 2341/1732/1979 2365/2253/2682
f 85/55/45 83/672/697 80/671/696
f 4000/2255/2684 3999/1522/1707 3996/1523/1706
f 6652/2257/2686 6654/3516/5858 6653/2258/2687
f 3910/757/790 3908/3867/5515 3909/2260/2688
f 6633/309/2690 6634/311/2690 6635/310/2691
f 6420/2263/2693 6418/3320/4310 6415/2264/2694
f 6397/1461/1633 6436/2165/2522 6438/2167/2524
f 1174/2266/1489 1176/4052/5859 1175/2267/1490
f 2006/1384/1535 2004/1380/1530 2003/1379/1529
f 4029/343/5860 4030/2883/5861 4041/1263/2702
f 4041/1263/2702 4048/1264/4127 4038/580/1484
f 4038/580/1484 4040/997/1065 4039/996/1064
f 4031/345/2646 4029/343/5860 4041/1263/2702
f 4038/580/1484 4039/996/1064 4031/345/2646
f 7169/806/2703 7167/807/5862 7168/805/2704
f 1576/1150/2706 1574/1150/1354 1575/1149/2651
f 1178/2272/2708 1177/2268/1491 1175/2267/1490
f 3202/2175/2710 3199/3039/5801 3145/2125/2631
f 3202/2175/2710 3145/2125/2631 3144/2124/2630
f 3143/2123/2629 3142/2122/2628 3151/1293/2565
f 3202/2175/2710 3144/2124/2630 3143/2123/2629
f 838/2279/2722 840/2632/5863 839/2280/2723
f 4820/2282/2726 4821/3708/5864 4819/4053/5865
f 4822/4054/5866 4824/1536/3870 4826/1996/2303
f 4820/2282/2726 4819/4053/5865 4822/4054/5866
f 4831/2283/2727 4823/4055/5867 4820/2282/2726
f 4826/1996/2303 4830/1995/2302 4831/2283/2727
f 4820/2282/2726 4822/4054/5866 4826/1996/2303
f 5095/2284/2730 5083/1145/1250 5084/773/809
f 1811/2285/2731 1834/2365/2856 1832/2286/2732
f 2960/436/448 2961/3440/4540 2575/2288/2734
f 2575/2288/2734 2795/1668/5342 2944/3131/5868
f 2575/2288/2734 2944/3131/5868 2461/1469/5869
f 2974/3947/5870 2973/1471/5473 2960/436/448
f 2589/1470/2736 2974/3947/5870 2960/436/448
f 2575/2288/2734 2461/1469/5869 2574/2289/2735
f 2589/1470/2736 2960/436/448 2575/2288/2734
f 884/1062/1151 887/1064/1153 885/2290/2738
f 885/2290/2738 873/4056/5871 917/2291/2739
f 917/2291/2739 1329/4057/5872 872/4058/5873
f 886/2292/2740 884/1062/1151 885/2290/2738
f 917/2291/2739 872/4058/5873 886/2292/2740
f 7559/1839/2741 7611/1840/5874 7610/1838/2742
f 6991/1404/2744 6993/792/4296 6995/1405/2745
f 1945/1341/1490 1946/4059/5875 1944/2296/2769
f 2612/2206/2587 2245/1622/1818 3124/823/2770
f 3124/823/2770 2644/822/5876 2613/2297/2771
f 3478/2300/2774 3440/2301/2775 2297/2298/2772
f 2297/2298/2772 2342/2504/3029 2343/2299/2773
f 2298/2303/2777 2297/2298/2772 3440/2301/2775
f 3440/2301/2775 3439/2498/3019 2296/2302/2776
f 2680/1952/2245 2679/385/2583 2240/2211/2778
f 2240/2211/2778 1611/387/4097 2241/386/2779
f 2245/1622/1818 2612/2206/2587 2246/2205/2586
f 2831/2322/2798 2299/3880/5546 2663/2320/2796
f 2663/2320/2796 2664/2853/3428 2662/2321/2797
f 3703/2323/2799 3712/2741/3292 3704/1273/2800
f 1185/305/1021 1369/964/1020 1368/2132/2802
f 3281/2055/2378 3278/2054/2377 3298/2325/2803
f 6008/2326/2804 6007/4060/5877 5983/1328/1468
f 3159/1691/1911 3163/2136/2491 3162/2138/2493
f 2099/2330/2808 2098/2023/2334 3687/2328/2806
f 3687/2328/2806 3695/2739/3289 3688/2329/2807
f 2533/1906/2190 3000/1930/2219 1386/2331/2809
f 4921/477/2810 4914/3135/5681 4912/1723/1968
f 1618/823/866 1615/822/5525 2848/2297/2814
f 2848/2297/2814 2847/2206/2766 2027/1622/2595
f 3262/2334/2815 2436/1945/2234 2446/2335/2816
f 2951/379/388 2943/381/390 2942/1120/1228
f 2942/1120/1228 2967/1119/1227 2963/2336/2817
f 2963/2336/2817 2950/4061/5878 2951/379/388
f 4908/4062/5879 4909/2175/5880 4903/1294/2818
f 4903/1294/2818 4902/1292/5881 4904/2337/2819
f 4904/2337/2819 4907/2480/5882 4906/2210/5883
f 4905/2338/2820 4908/4062/5879 4903/1294/2818
f 4904/2337/2819 4906/2210/5883 4905/2338/2820
f 6383/1339/2821 6380/992/5884 6382/994/2822
f 4085/361/369 4092/1730/2664 4102/1465/2824
f 2988/2045/2366 2987/2044/2365 2994/2342/2828
f 2994/2342/2828 2995/4063/5885 3005/2343/2829
f 3005/2343/2829 3009/4064/5886 2988/2045/2366
f 5391/2348/2834 5389/996/5887 5390/345/2647
f 5390/345/2647 4031/345/2646 4039/996/1064
f 4039/996/1064 5392/3886/5552 5391/2348/2834
f 3988/501/5888 3987/1039/5889 3986/303/307
f 3986/303/307 1835/303/309 1821/1039/1127
f 1821/1039/1127 1839/501/519 3989/2349/2835
f 3989/2349/2835 3988/501/5888 3986/303/307
f 2981/2350/2836 2979/4065/5890 2980/2351/2837
f 2463/2352/2838 2462/2309/2785 3255/2311/2787
f 3710/2353/2839 3711/3130/5891 3709/2354/2840
f 2551/2356/2842 2550/2393/2887 1903/2357/2843
f 5960/2360/2846 5958/1762/5892 5959/1764/2847
f 7907/1709/2849 7909/42/34 7908/1708/2850
f 780/2364/764 779/629/3584 776/609/631
f 3984/2366/5893 3983/2285/5894 3981/2365/2855
f 3981/2365/2855 3982/3264/4169 1834/2365/2856
f 1834/2365/2856 1811/2285/2731 1813/2366/2857
f 1813/2366/2857 3984/2366/5893 3981/2365/2855
f 3537/2367/2858 3538/2608/3144 3531/2368/2859
f 2641/2231/2622 2639/2036/2355 2108/2250/2674
f 1206/583/599 1205/582/598 1204/1162/2348
f 643/991/1058 642/724/1328 651/405/958
f 1427/332/340 1425/945/1090 1426/1010/1089
f 1388/2370/2862 1386/2331/2809 3000/1930/2219
f 5862/750/2863 5861/750/2863 5863/751/8
f 7130/2371/2864 7131/687/2864 7129/688/2865
f 6058/2372/2866 6057/3589/4895 6055/2373/2867
f 3454/2375/2869 3428/2235/2641 3429/2376/2870
f 3263/1936/2225 2446/2335/2816 3304/1947/2236
f 3410/2379/2873 3408/1113/1221 3407/1114/1222
f 1368/2132/2802 1372/966/1023 1373/969/1026
f 3334/1932/2221 3411/2766/3341 3412/2381/2875
f 286/248/271 278/2029/2338 245/1465/1640
f 245/1465/1640 289/249/1642 283/234/223
f 283/234/223 282/233/222 291/279/272
f 291/279/272 286/248/271 245/1465/1640
f 2890/2384/2878 2892/3887/5553 2891/1004/1076
f 2891/1004/1076 2881/3169/3965 2889/2383/2877
f 5473/1112/1218 5470/3221/4086 5467/2385/2879
f 5467/2385/2879 5465/4066/5895 5468/2908/5896
f 5466/2386/2880 5469/4067/5897 5477/2067/5898
f 5467/2385/2879 5468/2908/5896 5466/2386/2880
f 5476/1110/1216 5473/1112/1218 5467/2385/2879
f 5466/2386/2880 5477/2067/5898 5476/1110/1216
f 2324/2204/2585 2323/2212/5899 2240/2211/2778
f 2891/1004/1076 2894/1006/1078 2895/2387/2881
f 2895/2387/2881 2897/1837/2097 2896/1836/2096
f 5919/1185/2889 5921/1185/2635 5914/1186/2890
f 3327/2398/2895 3325/3236/4118 3326/2399/2896
f 1522/1088/1181 1528/1925/2212 1541/1123/1231
f 1542/1125/1233 1525/1107/1208 1522/1088/1181
f 3001/1734/1981 2133/3362/4384 2467/4055/5900
f 2467/4055/5900 2465/2757/5901 2466/2402/2900
f 2508/2403/2901 2507/2756/5902 2509/4050/5855
f 3001/1734/1981 2467/4055/5900 2466/2402/2900
f 2508/2403/2901 2509/4050/5855 3001/1734/1981
f 2428/338/346 3569/4068/5903 3570/2404/2902
f 5326/2405/2903 5335/1809/2068 5334/1808/2067
f 3625/2407/2905 3633/3874/5535 3623/874/916
f 1827/2412/2910 1829/2416/2914 1830/2413/2911
f 2661/2415/2913 2815/302/297 3351/301/296
f 1829/2416/2914 3972/4069/5904 3971/2417/2915
f 3238/1951/2756 3237/1953/2755 2732/1952/2916
f 2326/1998/2305 2305/3192/4024 2656/2418/2917
f 2656/2418/2917 2948/1667/5905 2578/2419/2918
f 3886/2420/2919 3887/4070/5906 3885/2421/2920
f 5101/2423/2921 5103/2497/2922 5102/2424/2922
f 3285/2392/2886 3288/4071/5907 3286/2426/2924
f 6434/2434/2932 6432/3453/4556 6433/1256/1373
f 3158/2107/2933 3184/2480/5836 3183/710/2934
f 5795/78/417 5800/126/4751 5799/126/2935
f 2339/2052/2375 3128/2228/2619 3127/2219/2610
f 3039/1982/2284 3044/3859/5502 3042/1139/1243
f 4308/663/2940 4307/665/5908 4304/2437/2938
f 4304/2437/2938 4306/1553/2939 4305/1553/2939
f 4521/898/2341 4556/898/2340 4520/897/1501
f 4076/2062/2944 4075/521/5909 4078/451/2945
f 3563/2444/2949 3561/2634/3168 3551/2442/2947
f 3551/2442/2947 3552/4072/5910 3553/2443/2948
f 2796/1804/2063 3534/2617/3153 2799/2445/2950
f 532/2446/2951 533/4073/5911 531/2447/2952
f 531/2447/2952 534/3205/4044 536/4074/5912
f 535/2448/2953 537/4075/5913 538/4076/5914
f 531/2447/2952 536/4074/5912 535/2448/2953
f 535/2448/2953 538/4076/5914 532/2446/2951
f 5724/4033/5915 5726/2168/5916 5725/2449/2954
f 5725/2449/2954 5723/2059/5917 5720/2450/2955
f 5720/2450/2955 5721/2061/5918 5719/4034/5919
f 5722/2060/2956 5724/4033/5915 5725/2449/2954
f 5720/2450/2955 5719/4034/5919 5722/2060/2956
f 1555/2451/2957 1553/3893/5562 1554/1157/1263
f 7826/330/2959 7862/1332/5920 7861/1458/2960
f 2785/1788/2045 2794/4077/5921 2857/2102/2449
f 2857/2102/2449 2792/2712/3251 2790/1743/1989
f 2790/1743/1989 2788/1742/1988 2785/1788/2045
f 3330/2452/2964 3331/1948/2240 3332/1934/2223
f 6821/336/2967 6819/1878/5922 6817/335/2965
f 6817/335/2965 6818/3575/5923 6816/334/2966
f 6816/334/2966 6820/1879/5924 6821/336/2967
f 3320/1359/1510 3318/2458/2973 3342/2453/2968
f 2028/2205/2765 2029/1623/2596 2027/1622/2595
f 3318/2458/2973 3316/3921/5599 3348/2459/2974
f 3836/2460/2975 3954/3957/101 3953/1525/1717
f 3489/2464/2979 3467/4078/5925 3468/2465/2980
f 300/280/278 301/273/265 307/281/2982
f 2759/836/879 2990/1285/1410 2804/2470/2986
f 2836/704/726 2837/1830/2090 2835/1828/2088
f 3473/2476/2992 3472/2477/2993 2716/2475/2991
f 2716/2475/2991 2715/1794/2051 2651/1973/2275
f 3469/2466/2981 3468/2465/2980 3472/2477/2993
f 4091/209/2996 4089/3565/5926 4090/2478/2994
f 4090/2478/2994 4088/3564/5927 4101/208/2995
f 3447/1896/2179 3448/4079/5928 3432/2468/2984
f 3432/2468/2984 2295/576/591 2667/2479/2997
f 586/2338/2998 587/2210/5929 588/2480/2999
f 588/2480/2999 585/2337/5930 584/1292/5931
f 583/1294/3000 589/2175/5932 586/2338/2998
f 588/2480/2999 584/1292/5931 583/1294/3000
f 3489/2464/2979 3469/2466/2981 3473/2476/2992
f 3473/2476/2992 2651/1973/2275 2650/1972/2274
f 2650/1972/2274 3470/3816/5432 3476/298/293
f 3476/298/293 3489/2464/2979 3473/2476/2992
f 5087/4080/5933 5086/2169/5934 5089/2170/3005
f 5089/2170/3005 5091/3237/5935 4737/3238/5936
f 5090/2485/3006 5092/696/5937 5088/2486/3007
f 5089/2170/3005 4737/3238/5936 5090/2485/3006
f 5088/2486/3007 5087/4080/5933 5089/2170/3005
f 5514/2495/839 5511/3255/4149 5519/2496/3016
f 5452/2425/3017 5454/2424/3018 5453/2497/3018
f 3300/2126/2481 2815/302/297 2814/2500/3021
f 2814/2500/3021 2660/3230/4103 2819/1924/2211
f 2619/2502/3023 2692/4081/5938 2691/2501/3022
f 2691/2501/3022 2985/2056/2379 2984/2058/2381
f 630/340/348 631/342/350 629/2503/3024
f 474/2168/3028 425/4033/5939 426/2060/3026
f 426/2060/3026 475/4034/5940 480/2061/5941
f 480/2061/5941 476/2450/5942 424/2059/3027
f 424/2059/3027 427/2449/5943 474/2168/3028
f 426/2060/3026 480/2061/5941 424/2059/3027
f 889/1059/1148 890/1061/1150 888/1918/2205
f 2342/2504/3029 2344/2526/3054 2319/1748/1996
f 2319/1748/1996 2718/1747/1995 2343/2299/2773
f 4818/1813/3032 4811/4051/306 4809/2254/3030
f 4809/2254/3030 4812/2253/5944 4810/2505/3031
f 4810/2505/3031 4817/4050/5945 4818/1813/3032
f 252/205/190 257/265/257 254/510/3033
f 254/510/3033 256/511/5946 276/229/218
f 276/229/218 277/228/217 250/203/188
f 250/203/188 252/205/190 254/510/3033
f 1463/2509/3037 690/113/99 640/516/534
f 2887/2515/3043 2888/1867/2144 2882/1869/2146
f 2882/1869/2146 2880/1543/1739 2886/2514/3042
f 5094/2516/3044 5081/2882/3478 5078/809/851
f 5817/2520/3048 5815/3033/5947 5822/2518/3046
f 5822/2518/3046 5818/3034/5948 5816/2519/3047
f 3481/2162/2520 2320/3994/5698 2312/2506/3034
f 2312/2506/3034 3471/2508/3036 3482/2522/3050
f 3164/1796/2053 3166/4001/5706 3167/2269/2696
f 3167/2269/2696 3168/2271/2698 1936/2532/3060
f 2340/2535/3063 2255/211/5854 3014/2533/3061
f 3014/2533/3061 3012/212/5805 3002/2534/3062
f 3002/2534/3062 2341/1732/1979 2340/2535/3063
f 2434/2536/3064 2436/1945/2234 3300/2126/2481
f 3300/2126/2481 2440/1477/1658 2435/1946/2235
f 6528/1324/1466 6529/1564/5083 6527/1563/3065
f 5065/2547/3077 5070/3733/5278 5071/4082/5949
f 5071/4082/5949 5064/4083/5950 5072/2548/3078
f 5072/2548/3078 5075/4084/5951 5073/4085/5952
f 5073/4085/5952 5068/3305/4272 5066/3304/4271
f 5073/4085/5952 5066/3304/4271 5074/2549/3079
f 5065/2547/3077 5071/4082/5949 5072/2548/3078
f 5072/2548/3078 5073/4085/5952 5074/2549/3079
f 3556/2550/3080 3560/4086/5953 3555/2551/3081
f 3456/2487/3008 3458/2489/3010 3465/2552/3083
f 2464/1615/1810 2547/3972/5660 2583/2310/2786
f 2917/1904/2188 2925/1871/2148 2926/2554/3086
f 2926/2554/3086 2916/4087/5954 2920/2555/3087
f 2804/2470/2986 2990/1285/1410 2986/1284/1409
f 2986/1284/1409 3007/956/1007 2982/2556/3088
f 4176/1070/3089 4174/1979/5955 4175/1979/3090
f 367/2557/3091 1730/3207/4055 1731/2558/3092
f 1679/2069/2409 1676/2071/2411 393/2214/3094
f 3466/2564/3098 3448/4079/5928 3447/1896/2179
f 3447/1896/2179 3431/1897/2180 2784/3074/5849
f 3504/1268/3097 3505/1269/5956 3466/2564/3098
f 3447/1896/2179 2784/3074/5849 3504/1268/3097
f 3506/2566/3100 3507/4088/5957 3501/2565/3099
f 3501/2565/3099 3470/3816/5432 2650/1972/2274
f 3481/2162/2520 3482/2522/3050 3506/2566/3100
f 3501/2565/3099 2650/1972/2274 3481/2162/2520
f 63/1778/3103 14/1777/5958 16/2567/3101
f 16/2567/3101 15/1776/5959 17/2568/3102
f 2315/2569/3104 2665/4089/5960 2666/4090/5961
f 2666/4090/5961 2316/4091/5962 2314/2570/3105
f 2314/2570/3105 3496/4092/5963 2649/2571/3106
f 2649/2571/3106 2758/2541/3071 2757/2540/3070
f 2315/2569/3104 2666/4090/5961 2314/2570/3105
f 2649/2571/3106 2757/2540/3070 2315/2569/3104
f 2988/2045/2366 3009/4064/5886 3008/98/83
f 3006/97/82 2460/1981/2283 3007/956/1007
f 2988/2045/2366 3008/98/83 3006/97/82
f 1252/640/657 1253/641/659 1251/1472/1654
f 2126/2604/3140 2125/1605/1803 3700/2605/3141
f 2317/2615/3151 2992/252/244 2049/2613/3149
f 2049/2613/3149 2055/3600/4939 2318/2614/3150
f 2983/2471/2987 2804/2470/2986 2982/2556/3088
f 2982/2556/3088 2999/955/1006 2998/499/517
f 2623/1298/1425 2627/1695/1918 2626/1694/1917
f 2626/1694/1917 2624/1782/2036 2625/1781/2035
f 3271/2635/3169 3272/4093/5964 3266/2636/3170
f 2561/1976/2278 2738/1978/2280 2737/2638/3172
f 3689/2640/3174 3699/3706/5965 2100/2025/2336
f 6123/2645/3179 6121/3754/3180 6122/2646/3180
f 1172/4094/5966 1173/4095/5966 830/2648/3181
f 830/2648/3181 833/4096/3182 831/2649/3182
f 832/2650/3183 1172/4094/5966 830/2648/3181
f 6040/2651/3184 6039/4097/5967 6015/2652/3185
f 1988/607/624 1991/606/623 1989/2663/3199
f 1989/2663/3199 3599/1241/559 1990/149/559
f 1990/149/559 3598/150/559 1988/607/624
f 5352/2665/3201 5350/3794/5968 5360/1333/1478
f 187/131/126 184/4098/5969 185/2669/3205
f 185/2669/3205 183/4099/5970 186/2670/3206
f 186/2670/3206 188/130/125 187/131/126
f 2153/800/837 2156/1302/1432 2157/2664/3200
f 3643/2687/3221 3650/142/129 3644/2688/3222
f 176/128/3228 174/127/112 171/155/3229
f 171/155/3229 175/129/117 177/131/116
f 3646/999/1071 3651/140/127 3643/2687/3221
f 3628/2691/3225 3627/2690/3224 3626/885/927
f 5749/1657/3240 5748/2241/5971 5745/1655/3238
f 5745/1655/3238 5747/2240/5972 5746/1656/3239
f 1840/2702/3241 1825/3751/5316 1807/2703/3242
f 1212/2709/3248 1207/3903/5573 1210/1251/1368
f 2969/2087/2430 2075/2111/2463 2077/1505/1683
f 2791/2711/3250 2789/1741/1987 2790/1743/1989
f 2792/2712/3251 2793/2101/2448 2791/2711/3250
f 3635/886/928 3632/875/917 3637/2695/3231
f 3637/2695/3231 3634/4100/5973 3636/2700/3236
f 3636/2700/3236 3626/885/927 3635/886/928
f 5784/2713/3252 5782/3240/4321 5783/2714/3253
f 7356/1406/3255 7346/1404/4948 7348/792/3256
f 848/638/3260 846/3848/5974 1488/637/3258
f 1488/637/3258 849/1852/5491 847/639/3259
f 2868/1857/2127 2865/1856/2126 2863/1821/2082
f 375/1654/1867 1733/1757/2007 367/2557/3091
f 367/2557/3091 1729/2559/3093 1738/2723/3268
f 1738/2723/3268 1736/349/1868 375/1654/1867
f 2249/1128/1236 2408/835/878 2407/2724/3269
f 2407/2724/3269 2620/4101/5975 2601/2725/3270
f 3337/2726/3271 3336/4102/5976 3324/2400/2897
f 2656/2418/2917 2663/2320/2796 1941/2736/3281
f 2947/1974/3282 2948/1667/5905 2656/2418/2917
f 1135/766/820 1131/764/816 1137/728/868
f 3714/2739/3287 3707/2328/3307 2078/2023/3285
f 2078/2023/3285 2080/2330/5977 3706/2329/3286
f 3713/2740/3291 3702/4103/5978 2127/1607/1805
f 2127/1607/1805 2124/1606/1804 3712/2741/3292
f 1352/2742/3293 2853/3562/4797 2955/505/523
f 6890/334/3294 6888/1879/5979 6889/336/3295
f 6889/336/3295 6887/1878/5980 6891/335/3296
f 6891/335/3296 6892/3575/5981 6890/334/3294
f 3685/2738/3284 3686/4104/5982 3684/1270/3297
f 4947/2743/3298 4938/1891/4888 4937/1891/3299
f 2713/2746/3303 2711/4105/644 2707/4106/5983
f 2707/4106/5983 2708/4107/5984 2706/2744/3301
f 2706/2744/3301 2709/4108/644 2710/2745/3302
f 2710/2745/3302 2712/4109/5985 2713/2746/3303
f 2713/2746/3303 2707/4106/5983 2706/2744/3301
f 861/2097/2440 859/531/1878 860/533/3304
f 3427/2747/3306 3415/4110/5986 3358/2410/2908
f 2994/2342/2828 2987/2044/2365 2986/1284/1409
f 3397/3793/5383 2813/4009/5723 2811/1876/2153
f 2811/1876/2153 2812/2463/2978 3396/4111/5987
f 2811/1876/2153 3396/4111/5987 3398/4112/5988
f 3399/2188/2562 3397/3793/5383 2811/1876/2153
f 3373/2427/2925 3368/2462/2977 3399/2188/2562
f 3426/4113/5989 3374/2428/2926 3373/2427/2925
f 3402/4114/5990 3426/4113/5989 3373/2427/2925
f 3399/2188/2562 2811/1876/2153 3398/4112/5988
f 3399/2188/2562 3398/4112/5988 3400/4115/5991
f 3401/2748/3308 3402/4114/5990 3373/2427/2925
f 3399/2188/2562 3400/4115/5991 3401/2748/3308
f 7241/1406/3309 6908/1404/5680 6910/792/1953
f 5026/2749/3311 5024/3499/5992 5025/2750/3312
f 4818/1813/3032 4817/4050/5945 4816/2756/3322
f 4816/2756/3322 4814/2403/5993 4815/2402/5994
f 4813/2757/3323 4823/4055/5867 4831/2283/2727
f 4816/2756/3322 4815/2402/5994 4813/2757/3323
f 4831/2283/2727 4818/1813/3032 4816/2756/3322
f 2884/2758/3324 2881/3169/3965 2882/1869/2146
f 4138/284/3325 4145/283/3571 4137/280/273
f 2807/1765/2019 3000/1930/2219 2360/1931/2220
f 2360/1931/2220 2358/1910/2197 2171/2095/2438
f 3725/1993/2300 1609/1992/2299 381/2764/3335
f 381/2764/3335 3733/359/5995 3726/1437/3336
f 3753/2070/3339 3751/745/5996 3752/2213/3337
f 3752/2213/3337 393/2214/5997 3754/2071/3338
f 2200/1551/1743 2184/181/163 2970/2765/3340
f 3409/2380/2874 3412/2381/2875 3411/2766/3341
f 2190/2770/3345 2187/4116/3345 2189/2771/3345
f 4987/2161/3350 4988/2161/5055 4985/2777/3351
f 3766/4117/644 3767/4118/644 3760/2778/644
f 3760/2778/644 3765/4119/644 3768/2779/644
f 3768/2779/644 3759/4120/644 3758/2780/644
f 3758/2780/644 3766/4117/644 3760/2778/644
f 3816/2827/3391 3817/2828/3393 1891/1604/3392
f 2016/1604/1802 3817/2828/3393 3816/2827/3391
f 2014/2622/3158 1968/3372/4400 1970/2625/3161
f 1959/1604/3392 1961/768/804 3814/2827/3391
f 5477/2067/5898 5469/4067/5897 5459/2829/3394
f 5459/2829/3394 5462/2914/5998 5460/4121/5999
f 5461/2830/3395 5463/3502/4693 5464/2068/3396
f 5459/2829/3394 5460/4121/5999 5461/2830/3395
f 5464/2068/3396 5477/2067/5898 5459/2829/3394
f 56/2831/3397 55/4122/3397 53/2832/3398
f 3587/2833/3399 3584/4123/3399 2084/2834/3400
f 23/12/8 22/3797/8 18/11/8
f 18/11/8 20/3796/8 19/10/8
f 19/10/8 21/3795/8 23/12/8
f 4387/1357/1290 4389/1357/1290 4388/2836/1290
f 3914/2837/3402 3907/2261/2689 3909/2260/2688
f 578/959/3404 573/3677/3405 591/2839/3405
f 2528/2841/3406 2529/4124/3406 2527/2842/3406
f 5333/2844/3407 5332/1807/2066 5330/2845/3408
f 1249/741/3409 1247/2974/6000 1248/851/3410
f 7784/803/3411 7785/328/4901 7783/417/1966
f 179/2670/3414 181/4099/6001 182/2669/3413
f 182/2669/3413 180/4098/6002 177/131/116
f 177/131/116 178/130/115 179/2670/3414
f 4530/2846/3415 4531/948/6003 4529/2847/3416
f 4568/752/2297 4566/1408/2296 4569/1408/3418
f 7462/2849/3420 7461/4125/3420 7465/2850/504
f 415/872/914 413/1171/5306 414/1172/3421
f 6536/1957/3424 6570/4017/6004 6539/1956/3422
f 6539/1956/3422 6537/4016/6005 6538/1958/3423
f 130/590/608 129/402/607 128/35/27
f 1087/1357/3425 1086/2836/6006 1083/1356/1507
f 2284/1416/1574 2282/958/1011 2283/2851/3426
f 4300/841/559 4302/2898/559 4301/842/559
f 2663/2320/2796 2656/2418/2917 2657/2852/3427
f 7521/2854/3429 7519/1609/5237 7520/1611/3430
f 3975/2287/644 3976/1286/3796 1814/1286/1411
f 1814/1286/1411 1833/2287/2733 1832/2286/2732
f 1832/2286/2732 3974/3263/4168 3973/2286/644
f 3973/2286/644 3975/2287/644 1814/1286/1411
f 4624/647/667 4623/649/667 4625/2855/3432
f 3828/1816/3433 3821/1401/6007 3820/1815/3434
f 3877/1666/3435 3879/2876/3435 3878/2857/3435
f 6318/586/3436 6320/48/38 6319/1736/3437
f 1306/829/897 1300/829/3439 1302/828/3439
f 3922/756/789 3920/758/791 3921/2858/3440
f 4766/925/970 4767/925/5543 4768/1803/2062
f 664/1423/3442 662/743/774 663/742/773
f 6199/118/3444 6206/3803/3445 6207/117/3445
f 2378/2866/3450 2379/253/6008 2377/1562/1756
f 5854/2867/3451 5853/2867/3451 5855/1214/1335
f 813/2868/3452 814/4126/3452 812/2869/3452
f 107/590/3453 103/34/324 105/35/324
f 6146/144/3454 6147/145/2456 6145/484/3455
f 568/571/3456 569/572/6009 567/570/3457
f 6198/2873/3459 6197/3424/4519 6186/2018/2324
f 5766/2874/3460 5771/3382/6010 5772/2875/3461
f 3923/2876/3463 3925/4127/3463 3924/2877/3463
f 3912/2838/3403 3913/4128/644 3911/2878/644
f 3995/2256/2685 3996/1523/1706 3994/1523/3464
f 5838/1176/1290 5839/1176/1290 5837/2879/3466
f 7112/1878/3469 7114/336/6011 7113/1879/6012
f 7110/334/3467 7111/3575/6013 7109/335/3468
f 7112/1878/3469 7113/1879/6012 7110/334/3467
f 4512/2880/3470 4514/2881/6014 4513/2881/3471
f 1077/347/3473 1079/1201/1321 1303/346/732
f 4945/670/3474 4944/670/4515 4943/669/3475
f 5079/1689/3477 5080/1690/3989 5078/809/851
f 3999/1522/1707 4000/2255/2684 3998/2255/3479
f 7343/792/3480 7344/1405/6015 7342/1406/3481
f 4731/1264/3777 4744/1263/3828 4743/2883/3483
f 4743/2883/3483 4721/343/3827 4724/345/1542
f 4724/345/1542 4733/996/4002 4726/997/4004
f 4727/580/3484 4731/1264/3777 4743/2883/3483
f 4724/345/1542 4726/997/4004 4727/580/3484
f 4016/44/3485 4017/44/4724 4015/1620/1823
f 7041/1406/3486 7027/1404/5221 7029/792/3487
f 7494/1709/3489 7492/43/5033 7493/43/3490
f 6290/3607/4975 6291/3606/4974 6286/4129/6016
f 6295/2884/3492 6288/2151/2507 6289/2153/2509
f 6285/4130/6017 6290/3607/4975 6286/4129/6016
f 6295/2884/3492 6289/2153/2509 6294/4131/6018
f 6293/2886/3494 6285/4130/6017 6286/4129/6016
f 6295/2884/3492 6294/4131/6018 6296/2885/3493
f 6293/2886/3494 6286/4129/6016 6295/2884/3492
f 3063/2149/2505 3083/3175/6019 3036/2171/2540
f 3037/2106/2453 3033/2190/2564 3063/2149/2505
f 2514/2889/3500 2512/4132/3500 2513/2890/3500
f 4225/673/3501 4226/674/702 1123/596/3502
f 4276/655/3503 4275/655/3503 4273/656/3504
f 5367/2011/2317 5365/1959/2252 5363/1960/2253
f 4072/2893/6020 4071/4133/6021 4069/2892/3506
f 4069/2892/3506 560/1396/1549 561/518/536
f 562/2893/3508 4075/521/5909 4076/2062/2944
f 4069/2892/3506 561/518/536 562/2893/3508
f 4073/2895/3509 4072/2893/6020 4069/2892/3506
f 562/2893/3508 4076/2062/2944 4074/2894/283
f 4073/2895/3509 4069/2892/3506 562/2893/3508
f 2066/2784/3355 2067/4134/101 2065/2896/101
f 4541/843/101 4538/842/101 4540/2898/101
f 709/663/3510 708/867/3726 710/866/3511
f 1741/1534/1727 1747/3319/4309 390/1496/1674
f 805/174/156 787/480/752 788/237/3519
f 4900/1555/3520 4911/4135/3520 4910/2904/3521
f 5504/169/3523 5502/171/4206 5503/170/3524
f 247/257/249 255/256/248 253/2906/3530
f 613/724/751 871/3475/4640 868/545/3531
f 2828/2385/6022 2830/3221/5302 2274/3108/6023
f 2114/2021/2332 2113/2020/2331 2115/2088/2431
f 2828/2385/6022 2274/3108/6023 2114/2021/2332
f 2829/4066/6024 2828/2385/6022 2114/2021/2332
f 2114/2021/2332 2115/2088/2431 2958/2907/3532
f 2958/2907/3532 1950/4067/6025 2534/2386/6026
f 2441/2908/3533 2829/4066/6024 2114/2021/2332
f 2958/2907/3532 2534/2386/6026 2441/2908/3533
f 2486/1631/1830 2483/1628/1827 2481/1117/1225
f 1950/4067/6025 2958/2907/3532 2959/2913/3538
f 2959/2913/3538 1883/3502/6027 1881/2830/6028
f 2959/2913/3538 1881/2830/6028 1882/4121/6029
f 1949/2829/3540 1950/4067/6025 2959/2913/3538
f 2959/2913/3538 1882/4121/6029 1951/2914/3539
f 1397/2132/2487 1403/1037/1125 1401/969/1069
f 2248/1130/1238 2602/1129/1237 2619/2502/3023
f 2619/2502/3023 2984/2058/2381 2993/2057/2380
f 2993/2057/2380 2629/2174/2543 2248/1130/1238
f 5415/54/3551 5413/73/6030 5414/2917/3552
f 2663/2320/2796 2299/3880/5546 2946/960/1013
f 297/2920/3556 299/271/263 249/202/187
f 7680/2928/3565 7683/1939/3565 7681/2927/3563
f 7681/2927/3563 7706/1941/6031 7682/1940/3564
f 1380/938/1033 1379/939/1032 1392/1007/1079
f 2198/2674/3210 2196/4136/6032 3016/1995/3573
f 3016/1995/3573 2197/1994/6033 2195/2675/3211
f 779/629/3584 777/3843/5488 778/610/632
f 721/530/3585 722/95/3585 720/96/3585
f 1039/879/3586 1037/676/1600 1036/677/1601
f 2079/2024/3592 2080/2330/5977 2078/2023/3285
f 4278/1079/701 4279/1079/701 4277/1080/701
f 4393/1472/3594 4394/641/3595 4395/641/3595
f 3927/1521/1704 3928/3956/559 3956/2935/3596
f 1106/95/3585 1108/530/3585 1107/94/3585
f 1696/791/829 1695/791/828 1625/2937/3598
f 4185/637/3600 4186/1852/3600 946/1852/2117
f 522/2938/3601 4065/525/5691 4079/526/3515
f 2273/2523/3051 2271/2525/3053 2272/1895/2178
f 7453/2939/3602 7454/1841/3602 7452/1843/3602
f 600/2940/101 598/4137/101 599/2941/101
f 6440/2943/3603 6441/3494/4671 6439/2944/3604
f 6871/805/3606 6869/1288/6034 6870/806/3607
f 2500/2946/3609 2498/4138/6035 2499/2947/3610
f 6477/2027/644 6474/4026/644 6475/4025/644
f 6475/4025/644 6473/4024/644 6476/2026/644
f 6476/2026/644 6478/2028/644 6479/2949/644
f 6477/2027/644 6475/4025/644 6476/2026/644
f 4254/841/559 4252/2898/559 4253/842/559
f 5156/328/3614 5157/417/3864 5155/329/3615
f 641/492/1059 643/991/1058 829/491/952
f 737/596/3617 4228/674/6036 4225/673/3501
f 1244/1282/3618 1243/3543/6037 1241/1281/3619
f 1718/1575/283 1757/4139/645 1721/1575/283
f 1721/1575/283 1719/2953/283 1720/2953/283
f 562/2893/3508 561/518/536 505/448/462
f 6260/2954/3620 6262/4140/3620 6261/2955/3620
f 4516/2957/3621 4518/1352/1502 4517/1352/3622
f 2991/2133/2488 2036/3162/3951 2035/254/246
f 7583/1609/3624 7584/1839/4504 7582/2293/3625
f 1270/546/567 1328/884/3627 1327/883/3627
f 1715/1275/1395 1766/314/1394 1712/351/1339
f 4894/2901/3628 4868/457/3879 4881/451/554
f 1326/859/3630 1325/818/4336 1338/732/759
f 1338/732/759 1337/734/761 1345/819/644
f 4575/268/3634 4438/268/3738 4573/267/3635
f 7476/2961/3639 7481/3728/6038 7480/2959/3637
f 7480/2959/3637 7479/3730/6039 7477/2960/3638
f 7477/2960/3638 7478/3729/6040 7476/2961/3639
f 6403/2962/3640 6402/1769/2023 6422/2963/3641
f 1912/157/142 1913/159/144 2438/158/3643
f 2459/2965/3645 2456/4141/6041 2458/2966/3646
f 4310/562/3647 4311/1078/3647 4309/1078/3647
f 6618/2968/3648 6615/4142/101 6617/2969/101
f 4327/2973/101 4332/3486/101 4331/2971/101
f 4331/2971/101 4330/2972/101 4328/2972/101
f 4328/2972/101 4329/2973/101 4327/2973/101
f 1023/741/771 1021/740/771 1024/851/891
f 4505/2976/3653 4506/332/6042 4504/2977/3654
f 318/188/171 314/13/170 317/166/282
f 317/166/282 310/167/281 329/191/301
f 329/191/301 325/1459/2644 318/188/171
f 6014/2979/3656 6013/4143/6043 5989/2156/2511
f 1919/2644/3178 1920/3714/5219 1918/2980/3657
f 4340/413/3661 4337/644/2289 4338/644/2291
f 4372/1266/1384 4369/1266/1386 4537/1267/3665
f 2453/2981/3667 2454/1451/1620 2452/2982/3668
f 1302/828/3439 1300/829/3439 1301/856/896
f 5038/4144/6044 5036/4145/6045 5035/2984/3670
f 5035/2984/3670 5032/4146/6046 5034/3398/6047
f 5035/2984/3670 5034/3398/6047 5033/2985/3671
f 5037/2986/3672 5038/4144/6044 5035/2984/3670
f 6180/137/3673 6181/139/6048 6179/138/3674
f 7777/328/1651 7811/330/1650 7813/329/1650
f 3855/2988/3675 3857/682/3675 3856/2989/3675
f 4260/842/101 4261/843/101 4259/841/101
f 1045/736/763 1043/1419/1579 1042/735/1578
f 4349/898/3676 4442/821/864 4440/821/863
f 5237/329/842 5265/1458/6049 5266/1332/841
f 435/659/3678 433/658/6050 434/428/441
f 1324/1662/3680 1323/1663/6051 660/531/551
f 4876/2099/3681 4875/472/488 4874/2098/3682
f 2383/2991/3684 2380/4147/6052 2382/2992/3685
f 2624/1782/2036 2626/1694/1917 2775/1772/2026
f 1114/1473/657 4392/1473/3709 4393/1472/3594
f 1883/3502/6027 2959/2913/3538 2599/196/181
f 2599/196/181 2598/435/447 2687/3829/5472
f 2687/3829/5472 2695/3132/6053 2953/2994/3687
f 2953/2994/3687 2952/292/2403 2425/2068/2405
f 2953/2994/3687 2425/2068/2405 2437/3501/6054
f 2599/196/181 2687/3829/5472 2953/2994/3687
f 2160/4148/6055 1883/3502/6027 2599/196/181
f 2817/2996/3689 2160/4148/6055 2599/196/181
f 2953/2994/3687 2437/3501/6054 2818/2995/3688
f 2817/2996/3689 2599/196/181 2953/2994/3687
f 6400/573/588 6440/2943/3603 6442/2945/3605
f 1661/607/3692 1660/150/137 1659/150/136
f 1659/150/136 1662/607/6056 1663/605/3691
f 799/1707/1932 800/1845/2106 798/1844/2105
f 2506/2998/3693 2504/4149/6057 2505/2999/3694
f 3894/3001/3696 3892/3792/101 3891/3002/3697
f 5283/1300/1843 5285/1300/1427 5284/3004/3699
f 4600/268/260 4591/267/259 4590/267/3701
f 2333/3005/3703 2331/2582/3118 2332/2581/3117
f 4443/3007/644 4445/1038/644 4444/1858/644
f 2595/3008/101 2593/4150/101 2594/3009/101
f 6465/1657/2400 6463/2241/4846 6462/2241/3705
f 4847/286/283 4844/288/283 4846/287/283
f 1069/642/3707 1068/3849/6058 652/404/957
f 1114/1473/657 1113/640/4905 4396/640/3708
f 1248/851/3410 1247/2974/6000 1245/850/3710
f 4564/535/558 4360/534/711 4358/534/557
f 2312/2506/3034 2310/1795/2052 2311/2521/3049
f 4495/133/283 4493/75/3780 4494/133/1714
f 4494/133/1714 4496/75/283 4498/77/4746
f 4498/77/4746 4466/934/6059 4464/77/3780
f 4464/77/3780 4468/75/6060 4470/133/645
f 4470/133/645 4472/75/645 4474/77/283
f 4474/77/283 4476/934/283 4478/77/5114
f 4478/77/5114 4480/75/6061 4482/133/6062
f 4482/133/6062 4484/75/6063 4486/77/6064
f 4486/77/6064 4488/934/6065 4490/77/3999
f 4490/77/3999 4489/934/6066 4487/77/6067
f 4486/77/6064 4490/77/3999 4487/77/6067
f 4495/133/283 4494/133/1714 4498/77/4746
f 4497/75/645 4495/133/283 4498/77/4746
f 4482/133/6062 4486/77/6064 4487/77/6067
f 4482/133/6062 4487/77/6067 4485/75/6068
f 4499/77/6069 4497/75/645 4498/77/4746
f 4465/934/6070 4499/77/6069 4498/77/4746
f 4482/133/6062 4485/75/6068 4483/133/6062
f 4482/133/6062 4483/133/6062 4481/75/6071
f 4465/934/6070 4498/77/4746 4464/77/3780
f 4467/77/1507 4465/934/6070 4464/77/3780
f 4478/77/5114 4482/133/6062 4481/75/6071
f 4478/77/5114 4481/75/6071 4479/77/5114
f 4467/77/1507 4464/77/3780 4470/133/645
f 4469/75/6072 4467/77/1507 4470/133/645
f 4474/77/283 4478/77/5114 4479/77/5114
f 4474/77/283 4479/77/5114 4477/934/6073
f 4471/133/283 4469/75/6072 4470/133/645
f 4473/75/283 4471/133/283 4470/133/645
f 4474/77/283 4477/934/6073 4475/77/283
f 4475/77/283 4473/75/283 4470/133/645
f 3941/3012/3712 3943/4151/3712 3942/3013/3712
f 1132/727/817 1136/767/821 1138/726/872
f 4544/3015/644 4542/1257/644 4603/967/644
f 4603/967/644 1372/966/644 4543/964/644
f 5355/1944/2233 5353/3343/5375 5351/3016/3713
f 4336/2846/3716 4334/2848/3417 4333/2847/3651
f 4368/534/557 4432/685/4833 4433/685/3718
f 580/506/524 581/508/526 577/3017/3719
f 577/3017/3719 576/1975/2277 582/1699/3720
f 4710/3018/3721 4708/3789/6074 4709/3019/3722
f 4522/2977/3714 4608/332/6075 4524/2976/3724
f 709/663/3510 707/665/4696 704/664/3725
f 1084/2836/283 4509/1357/283 4508/1357/283
f 6426/3021/3727 6424/3452/4555 6425/3022/3728
f 1593/348/3730 1594/4152/6076 1592/3024/3731
f 1778/3025/3732 1779/3276/3733 1777/3026/3733
f 4617/3030/559 4546/3028/559 4547/3028/559
f 4547/3028/559 4545/3029/559 4548/3029/559
f 4548/3029/559 4549/3735/559 4617/3030/559
f 780/2364/764 781/611/633 785/609/647
f 4659/2867/3451 4657/1214/1335 4658/1214/1335
f 1858/432/1456 1859/434/1455 1857/433/1459
f 3500/3031/3735 3493/2539/3069 3492/2538/3068
f 4572/920/3737 4438/268/3738 4436/752/3419
f 4436/752/3419 4570/919/3734 4571/3032/3736
f 6314/3034/3741 6317/2518/6077 6315/3033/3739
f 6315/3033/3739 6326/2520/6078 6316/2519/3740
f 4560/3007/644 4562/1858/644 4561/1858/644
f 4588/919/3751 4167/752/785 4168/268/3702
f 4168/268/3702 4589/920/3752 4587/3032/3750
f 5915/168/3753 5916/1186/2891 5914/1186/2890
f 1167/1889/2171 1166/1890/2173 1165/1596/1793
f 4803/3805/6079 4804/1612/6079 4802/3039/3756
f 4802/3039/3756 4806/153/6080 4807/3040/3757
f 4807/3040/3757 4808/152/6081 4805/151/3755
f 4805/151/3755 4803/3805/6079 4802/3039/3756
f 2159/1926/2213 2112/1938/2227 3302/2361/2852
f 3302/2361/2852 3310/2363/2854 3311/3041/3758
f 2319/1748/1996 2269/3322/4312 2266/3048/3768
f 2266/3048/3768 2270/2043/2364 2717/1749/1997
f 6310/176/3771 6313/3808/6082 6311/175/3769
f 6311/175/3769 6312/3807/6083 6327/177/3770
f 4653/3049/3774 4651/750/783 4652/750/783
f 5315/1382/1532 5303/3050/5582 5306/3050/3775
f 4727/580/3484 4725/580/4116 4730/1264/3776
f 1963/769/3778 1964/1604/1802 1962/768/1801
f 4631/3053/3780 4630/4153/6084 4628/4154/4746
f 4628/4154/4746 4629/4155/5114 4627/3051/1714
f 4627/3051/1714 4632/4156/283 4633/3052/3779
f 4633/3052/3779 4634/4157/6067 4631/3053/3780
f 4631/3053/3780 4628/4154/4746 4627/3051/1714
f 1901/3054/3781 1899/1418/1576 1900/3055/3782
f 3938/3057/3784 3939/1664/3784 3937/3058/3784
f 7557/2293/2743 7558/1611/6085 7556/1609/3785
f 564/3060/283 565/4158/283 563/3061/283
f 1932/1209/3786 1931/1448/1612 2070/2782/3353
f 4525/1472/1652 1251/1472/1654 1253/641/659
f 4709/3019/3722 4712/3100/3845 4711/3063/3788
f 6168/2832/3789 6189/4122/3790 6190/2831/3790
f 5926/3064/3792 5929/914/4843 5928/914/3793
f 1812/3065/3795 1814/1286/1411 3976/1286/3796
f 6809/1405/3798 6807/1406/6086 6808/1404/3799
f 4554/70/644 4553/3800/644 4550/72/3760
f 4550/72/3760 4552/71/3762 4551/70/644
f 495/1178/709 496/1180/4215 494/1179/3801
f 2536/3068/283 2538/4159/283 2535/3066/283
f 2535/3066/283 2603/4160/283 2604/3067/283
f 2604/3067/283 2537/4161/283 2536/3068/283
f 7/3069/1280 8/125/110 6/124/109
f 5031/3071/3802 5028/3635/6087 5030/3072/3803
f 4688/285/3807 4679/168/6088 4678/168/3805
f 4678/168/3805 4693/3376/644 4689/285/3806
f 1689/1268/1390 1690/1268/1390 1624/3074/3808
f 2566/3077/3811 2568/4162/3811 2567/3078/3811
f 5918/166/2637 5920/166/2636 5922/3080/644
f 4690/3064/3812 4687/3064/4583 4691/914/3813
f 4686/3080/644 4684/166/1345 4681/166/1346
f 1781/1161/1515 1783/1366/1515 1782/3081/1515
f 6043/3082/3814 6019/4163/6089 6020/3083/3815
f 2958/2907/3532 2115/2088/2431 1359/3085/3817
f 5874/3087/613 5872/316/4876 5873/3088/3819
f 984/626/644 981/733/760 983/625/3821
f 2941/380/389 2945/2019/2325 2357/503/521
f 2357/503/521 2936/3831/5478 2964/1036/1124
f 358/3090/3822 3737/1529/1721 3725/1993/2300
f 3725/1993/2300 3726/1437/3336 3746/322/3823
f 5399/3091/3824 5400/4164/6090 5398/3092/3825
f 354/389/398 404/391/400 405/2172/2541
f 2714/2574/3110 2327/3142/3924 2328/443/457
f 4419/3942/6091 4606/3943/6092 4421/3943/6093
f 4421/3943/6093 4420/3942/6094 4417/1447/3829
f 4416/1446/3830 4414/3945/6095 4412/3944/6096
f 4412/3944/6096 4413/3944/6097 4411/3945/6098
f 4416/1446/3830 4412/3944/6096 4411/3945/6098
f 4419/3942/6091 4421/3943/6093 4417/1447/3829
f 4418/1447/6099 4419/3942/6091 4417/1447/3829
f 4416/1446/3830 4411/3945/6098 4415/1446/3830
f 4415/1446/3830 4418/1447/6099 4417/1447/3829
f 4754/1672/3832 4756/1671/3841 4755/1671/3831
f 4755/1671/3831 4753/1672/5786 4752/1673/2398
f 4752/1673/2398 4749/1673/4773 4754/1672/3832
f 6999/805/3833 6997/1288/6100 6998/806/3834
f 5309/3094/3836 5341/826/870 5336/3095/3837
f 2756/2584/3120 2331/2582/3118 2333/3005/3703
f 4645/2879/3466 4647/3098/3839 4649/3098/3839
f 215/1155/3843 213/3892/3844 214/1154/3844
f 4713/1174/1285 4711/3063/3788 4712/3100/3845
f 5611/3101/3846 5610/3198/3846 5612/3102/3847
f 1277/3105/3849 1278/4165/6101 1276/3106/3850
f 6468/3110/3854 6471/4166/6102 6472/3108/3852
f 6472/3108/3852 6469/4167/6103 6470/3109/3853
f 2282/958/1011 2299/3880/5546 2831/2322/2798
f 7325/1404/3855 7326/793/6104 7324/794/3856
f 6680/1072/1168 6678/1074/6105 6679/1073/1168
f 5706/83/3858 5703/85/3859 5705/84/3859
f 4082/2932/3577 4080/250/241 4104/251/243
f 1917/3113/3861 1914/4168/6106 1916/3114/3862
f 1731/2558/3092 1737/3788/5378 1738/2723/3268
f 4772/3116/101 4773/1587/1959 4771/1586/1958
f 5157/417/3864 5156/328/3614 5189/803/3865
f 4874/2098/3682 4872/459/487 4871/540/561
f 4111/2029/3869 4102/1465/2824 4112/231/3541
f 4825/3119/3868 4826/1996/2303 4824/1536/3870
f 2920/2555/3087 2924/4012/5735 2921/3121/3872
f 5205/328/3873 5204/417/6107 5247/329/3874
f 5849/1225/1343 5850/1225/1343 5831/3122/3876
f 2821/710/734 2822/2480/5442 2820/2107/2454
f 6428/3123/3880 6408/3571/4818 6405/3124/3881
f 4860/3061/283 4861/4158/283 4859/3060/283
f 4239/122/107 4236/3529/3883 4237/3125/3883
f 4035/773/2413 4032/2887/3495 4034/1144/3884
f 4665/1226/1344 4635/3126/3886 4637/3126/3886
f 198/3129/3889 197/4169/6108 207/3127/3887
f 207/3127/3887 200/4170/6109 199/3128/3888
f 199/3128/3888 196/4171/6110 198/3129/3889
f 3690/2353/3288 3696/2355/3290 3691/2354/3890
f 4787/3132/3894 4789/3757/6111 4791/3131/3892
f 4791/3131/3892 4790/1471/1649 4786/437/3893
f 4786/437/3893 4788/3829/6112 4787/3132/3894
f 5174/804/3895 5172/417/4013 5173/328/3896
f 3577/3134/3900 3579/4172/6113 2429/337/345
f 549/1724/3901 550/1725/4043 548/1723/3902
f 3242/2199/2760 2847/2206/2766 2848/2297/2814
f 326/190/298 324/189/299 323/1460/3904
f 4768/1803/2062 4767/925/5543 4764/924/969
f 2933/3137/3907 2931/4173/6114 2928/1872/2149
f 2928/1872/2149 2925/1871/2148 2930/1903/2187
f 4953/1454/1623 4951/33/1624 4952/33/1624
f 4929/3140/3911 4924/1489/6115 4926/3138/3909
f 4926/3138/3909 4925/1488/6116 4927/3139/3910
f 4927/3139/3910 4928/1490/6117 4929/3140/3911
f 4934/1891/3914 4935/2743/6118 4930/670/3912
f 4930/670/3912 4932/669/6119 4931/1679/3913
f 4931/1679/3913 4933/1678/6120 4934/1891/3914
f 7376/1164/3915 7293/1283/3916 7295/1165/3916
f 3428/2235/2641 3435/4049/5848 3434/3141/3917
f 5128/330/338 5129/329/337 5127/1458/3918
f 5764/452/3462 5765/454/6121 5763/453/3920
f 4886/445/1571 4891/1396/1573 4890/518/3921
f 1889/769/3922 2137/802/840 2138/801/839
f 2329/2572/3107 2244/2573/3109 2328/443/457
f 4838/3146/8 4837/1180/1294 4834/1179/1293
f 7400/794/3927 7343/792/3480 7345/1404/3482
f 2611/3148/559 2609/28/20 2610/30/22
f 1569/887/6122 3070/1265/6123 3068/2160/2515
f 3068/2160/2515 3069/2158/2516 3061/2074/5450
f 2260/3823/5449 3059/323/331 3100/4036/6124
f 3068/2160/2515 3061/2074/5450 2260/3823/5449
f 3049/467/6125 1569/887/6122 3068/2160/2515
f 3049/467/6125 3068/2160/2515 2260/3823/5449
f 2260/3823/5449 3100/4036/6124 2259/4037/6126
f 2260/3823/5449 2259/4037/6126 2261/2073/6127
f 3057/466/6128 3049/467/6125 2260/3823/5449
f 1749/1263/1380 1750/702/6129 1716/703/6130
f 1716/703/6130 3057/466/6128 2260/3823/5449
f 2260/3823/5449 2261/2073/6127 3075/2072/3929
f 3076/3039/5828 3026/2125/2480 3020/2119/2474
f 3076/3039/5828 3020/2119/2474 3019/2118/2473
f 1716/703/6130 2260/3823/5449 3075/2072/3929
f 3075/2072/3929 3076/3039/5828 3019/2118/2473
f 3075/2072/3929 3019/2118/2473 3021/2120/2475
f 1566/1264/1381 1749/1263/1380 1716/703/6130
f 1621/579/3930 3082/580/6131 1566/1264/1381
f 3032/1293/1420 2688/344/4532 1621/579/3930
f 3022/2121/2476 3023/2122/2477 3032/1293/1420
f 3075/2072/3929 3021/2120/2475 3022/2121/2476
f 1621/579/3930 1566/1264/1381 1716/703/6130
f 3022/2121/2476 3032/1293/1420 1621/579/3930
f 1621/579/3930 1716/703/6130 3075/2072/3929
f 1117/1357/3935 1118/2836/6132 1116/1356/3936
f 5200/417/3938 5201/328/1965 5199/803/3939
f 6705/3150/559 6702/3158/559 6704/3151/559
f 3864/3153/3941 3865/3737/5283 3863/3154/3942
f 302/284/279 301/273/265 300/280/278
f 5004/3156/3944 5006/3209/4316 5007/1338/1487
f 6697/3150/101 6694/3152/101 6696/3151/101
f 1142/3159/3946 1140/796/6133 1141/798/3947
f 3312/1702/1927 3315/1701/1926 3313/3160/3949
f 2697/2135/2490 2698/706/728 2816/1985/2287
f 5949/870/3952 5948/1672/5671 5937/1673/1888
f 2834/890/934 2832/889/933 2839/3163/3953
f 243/2401/3085 248/262/254 247/257/249
f 2699/3164/3954 2265/3645/5123 2262/3165/3955
f 5186/417/3957 5187/328/4129 5185/803/3958
f 4748/923/3960 4746/923/968 4747/869/3961
f 6015/2652/3185 5993/2127/2482 5989/2156/2511
f 2779/2729/3274 2780/3348/4368 2161/2719/3264
f 5944/1803/3966 5939/1802/5719 5954/924/3967
f 2636/1699/1923 2947/1974/6134 2637/3170/3969
f 5435/56/3970 5415/54/3551 5416/68/3553
f 4035/773/2413 4033/1145/3885 4052/2284/3972
f 5026/2749/3311 5023/2751/3313 5018/3171/3973
f 1685/466/3974 1688/466/480 1722/703/725
f 2128/3173/3975 3585/4174/6135 3586/3174/3976
f 6931/1404/1555 6932/793/6136 6930/794/3977
f 6897/335/3981 6893/1878/6137 6895/336/3979
f 6895/336/3979 6894/1879/6138 6896/334/3980
f 6896/334/3980 6898/3575/6139 6897/335/3981
f 7238/1878/3984 7240/336/6140 7239/1879/6141
f 7236/334/3982 7237/3575/6142 7235/335/3983
f 7238/1878/3984 7239/1879/6141 7236/334/3982
f 1073/1636/1842 1075/1635/1841 1072/1124/1232
f 1072/1124/1232 1541/1123/1231 1074/1122/1230
f 4558/820/3985 4555/821/5762 4557/821/2339
f 3155/2106/2699 3156/2171/2701 3207/3175/3987
f 3207/3175/3987 3185/2149/2671 3152/2190/2729
f 3221/1798/3992 2134/4004/6143 1980/1745/3990
f 1980/1745/3990 1981/1746/6144 2135/1799/3991
f 6037/3176/3993 6013/4143/6043 6014/2979/3656
f 6886/336/3997 6884/1878/6145 6882/335/3995
f 6882/335/3995 6883/3575/6146 6881/334/3996
f 6881/334/3996 6885/1879/6147 6886/336/3997
f 4494/133/1714 4493/75/3780 4491/77/3998
f 4491/77/3998 4489/934/6066 4490/77/3999
f 4490/77/3999 4492/75/6148 4494/133/1714
f 7231/37/4000 7233/38/6149 7232/36/4001
f 5122/3039/3911 5118/1612/6115 5119/3178/3909
f 5119/3178/3909 5117/323/6116 5120/3179/3910
f 5120/3179/3910 5121/1613/6117 5122/3039/3911
f 4733/996/4002 4735/1524/1716 4742/995/4003
f 5142/417/4005 5140/329/4059 5141/330/4006
f 4978/251/4008 4980/226/4009 4979/226/4009
f 5137/3182/101 5253/3621/101 5271/3181/101
f 5271/3181/101 5282/4175/101 5272/3439/101
f 5272/3439/101 5254/3622/101 5136/3180/101
f 5136/3180/101 5138/4176/101 5148/3180/101
f 5148/3180/101 5146/3622/101 5143/3439/101
f 5143/3439/101 5281/4175/101 5145/3181/101
f 5145/3181/101 5144/3621/101 5147/3182/101
f 5147/3182/101 5135/4177/101 5137/3182/101
f 5137/3182/101 5271/3181/101 5272/3439/101
f 5272/3439/101 5136/3180/101 5148/3180/101
f 5148/3180/101 5143/3439/101 5145/3181/101
f 5145/3181/101 5147/3182/101 5137/3182/101
f 5137/3182/101 5272/3439/101 5148/3180/101
f 2734/3183/4010 2735/4178/4010 2733/2527/3055
f 2546/2654/3192 2544/4179/4011 2545/3184/4011
f 5257/329/4012 5256/330/429 5173/328/3896
f 3267/3185/4014 3265/2637/3171 3266/2636/3170
f 5555/1159/1266 5552/3280/4207 5551/3187/4016
f 5184/804/4018 5182/417/5079 5183/328/4019
f 2048/3189/4021 2049/2613/3149 2035/254/246
f 2307/3191/4023 2657/2852/3427 2656/2418/2917
f 5240/1458/4025 5241/1332/6150 5239/330/2113
f 6509/126/644 6506/78/644 6508/79/644
f 5133/329/1628 5132/330/1628 5169/328/1874
f 6620/3193/4026 6618/2968/3648 6616/2970/3649
f 5256/330/429 5257/329/4012 5255/1458/2465
f 2618/2611/3147 2617/2619/3155 2614/1683/1903
f 5194/804/4029 5192/417/1650 5193/328/1650
f 6065/3195/4030 6066/3493/4665 6068/3196/4031
f 715/172/225 713/174/496 714/173/681
f 5225/328/4032 5224/417/4032 5125/329/4033
f 5597/3101/4035 5596/3198/4249 5598/3197/714
f 5234/1332/4036 5232/330/4051 5233/329/4037
f 5611/3101/3846 5609/689/4039 5607/3197/4039
f 59/3199/3859 28/138/123 30/2987/123
f 5343/3201/4040 5344/1075/1170 5342/825/869
f 940/3202/4041 941/4180/6151 939/3203/4042
f 550/1725/4043 549/1724/3901 534/3205/4044
f 5306/3050/3775 5303/3050/5582 5305/3206/4045
f 5515/1729/4046 5524/1712/1944 5521/1714/1946
f 596/733/4048 593/625/643 595/732/4049
f 5221/328/4050 5220/417/1763 5233/329/4037
f 5378/1891/4052 5380/1891/2174 5388/2743/4053
f 1733/1757/2007 1732/1756/2006 1730/3207/4055
f 5142/417/4005 5139/328/4007 5179/803/4056
f 4248/1078/3585 4249/1078/3585 4247/562/3585
f 5261/1458/4058 5262/1332/6152 5141/330/4006
f 4994/3208/4060 5017/3172/3973 5018/3171/3973
f 5183/328/4019 5182/417/5079 5235/329/4062
f 6374/3157/4064 6373/1338/1690 6370/3209/4065
f 4080/250/241 4082/2932/3577 4083/2777/3579
f 7175/794/4067 7176/792/5326 7174/1404/4068
f 4957/3210/4070 4960/3674/5146 4961/3211/4071
f 5804/1735/4073 5801/1736/6153 5803/48/601
f 3155/2106/2699 2086/2108/2593 3158/2107/2933
f 5252/330/1863 5251/329/1863 5275/1458/4079
f 5348/977/644 5346/976/1036 5310/3096/4080
f 5310/3096/4080 5312/3357/4379 5314/3358/644
f 5314/3358/644 5374/3364/4387 5313/3353/4375
f 5314/3358/644 5313/3353/4375 5309/3094/3836
f 5347/3367/4396 5349/3366/4395 5348/977/644
f 5345/3342/4356 5347/3367/4396 5348/977/644
f 5310/3096/4080 5314/3358/644 5309/3094/3836
f 5311/3096/3838 5345/3342/4356 5348/977/644
f 5310/3096/4080 5309/3094/3836 5311/3096/3838
f 4983/2930/3933 4982/2930/3932 4978/251/4008
f 997/1197/4081 999/3896/6154 998/1196/4082
f 5336/3095/3837 5341/826/870 5338/3218/4084
f 5338/3218/4084 5337/1077/1172 5339/1076/1171
f 5322/414/426 5324/416/428 5376/3219/283
f 5376/3219/283 5321/2014/2320 5323/2013/2319
f 5471/3220/4085 5472/4181/6155 5470/3221/4086
f 5297/3213/4074 5295/3485/4652 5293/1334/4088
f 6029/3223/4089 6005/3468/4616 6006/3224/4090
f 5224/417/4032 5225/328/4032 5223/803/4093
f 1245/850/3710 1243/3543/6037 1244/1282/3618
f 5451/2424/4094 5449/2425/3018 5450/2423/3018
f 2875/1820/2081 2862/3809/5414 2876/180/162
f 2240/2211/2778 2323/2212/5899 3126/1169/4096
f 2496/3229/4100 2495/4182/6156 2492/3227/4098
f 2492/3227/4098 2494/4183/6157 2493/3228/4099
f 2493/3228/4099 3670/4184/6158 2496/3229/4100
f 7325/1404/3855 7327/792/3857 7396/1405/4101
f 2660/3230/4103 2814/2500/3021 2815/302/297
f 2815/302/297 2661/2415/2913 3385/2436/2937
f 3385/2436/2937 3386/1922/2209 2660/3230/4103
f 5291/3233/4106 5290/4185/6159 5288/3231/4104
f 5288/3231/4104 5287/3344/4361 5289/3232/4105
f 5363/1960/2253 5884/1808/5415 5333/2844/4107
f 5333/2844/4107 5907/1899/6160 5904/465/4108
f 5366/2010/2316 5363/1960/2253 5333/2844/4107
f 5447/2497/4109 5445/2424/4109 5446/2425/4110
f 3270/3234/4112 3269/3345/4364 3268/3235/4113
f 517/472/4115 515/2098/2444 514/459/473
f 514/459/473 513/458/472 516/473/4114
f 2871/1861/2133 2864/2716/3261 2863/1821/2082
f 4729/1481/4117 4728/997/6161 4725/580/4116
f 4725/580/4116 4727/580/3484 4726/997/4004
f 4726/997/4004 4742/995/4003 4729/1481/4117
f 3329/1950/2242 3328/1949/2241 3325/3236/4118
f 5108/2425/4119 5106/2424/6162 5107/2497/4120
f 1258/1595/4122 1164/3969/5656 1163/1594/1791
f 4739/2090/2433 4736/4040/5804 4738/3237/4123
f 3385/2436/2937 2661/2415/2913 2690/2050/2372
f 712/341/349 1048/410/680 996/811/853
f 619/3239/4128 618/650/669 897/817/859
f 5237/329/842 5238/330/3677 5187/328/4129
f 6499/3240/4130 6498/2714/6163 6500/3241/4131
f 6503/3243/4133 6502/52/6164 6501/3242/4132
f 1545/345/2546 1546/344/5565 1544/344/1282
f 3978/2865/3449 1837/2865/3448 1812/3065/3795
f 5385/1679/4138 5384/669/693 5381/669/695
f 6720/1674/4139 6721/1676/6165 6719/1675/4140
f 2742/3250/4143 2739/4186/4144 2741/3251/4144
f 5806/1831/2091 5807/1833/2093 5805/3253/4146
f 5514/2495/839 5512/1729/4046 5513/2496/4148
f 6597/2969/559 6596/4142/559 6594/2968/4150
f 2130/3256/4152 2622/844/884 2674/707/729
f 1331/3106/4154 1332/4165/6166 1330/3105/4155
f 6812/36/4157 6814/468/6167 6813/37/4158
f 5178/804/4160 5176/417/2114 5177/328/4161
f 5557/3258/4163 5558/3699/4163 5556/3259/4164
f 1538/1565/1761 1539/3352/5653 1490/1083/1176
f 5604/1712/1976 5605/1714/1975 5523/1713/1945
f 3974/3263/4168 1832/2286/2732 1834/2365/2856
f 5786/52/42 5787/3242/4320 5785/3265/4170
f 1848/3268/4173 1847/4015/6168 1844/4014/6169
f 1844/4014/6169 1841/1921/6170 1843/3266/4171
f 1843/3266/4171 1842/1920/6171 1845/3267/4172
f 1845/3267/4172 1846/1919/6172 1848/3268/4173
f 1848/3268/4173 1844/4014/6169 1843/3266/4171
f 5692/1207/4179 5690/1208/6173 5691/559/4180
f 5830/3122/3876 5831/3122/3876 5829/3126/3886
f 5484/3275/4181 5485/3298/4253 5483/3025/4182
f 2023/3277/4183 2020/4187/6174 2022/3278/4184
f 7872/1310/4186 7874/3438/4536 7877/1309/4187
f 4841/252/4189 4842/164/5291 4840/352/1970
f 5214/804/4190 5212/417/5451 5213/328/336
f 7088/1164/4192 7086/1283/4899 7087/1165/4193
f 7363/1405/4195 7362/1406/4195 7284/1404/4196
f 5529/1761/101 5662/3993/101 5530/3272/4242
f 5530/3272/4242 5531/3269/4239 5528/1760/101
f 5528/1760/101 5526/3992/101 5527/3991/101
f 5525/1759/101 5533/471/4274 5532/3286/4273
f 5528/1760/101 5527/3991/101 5525/1759/101
f 5529/1761/101 5530/3272/4242 5528/1760/101
f 5525/1759/101 5532/3286/4273 5529/1761/101
f 3995/2256/2685 3997/2256/3465 3998/2255/3479
f 5388/2743/4053 5383/670/694 5382/670/4198
f 5494/2495/3501 5492/3255/3501 5493/2496/4199
f 6777/1211/4200 6778/903/6175 6776/904/4201
f 6773/1166/4203 6774/1164/4203 6772/1283/4204
f 5547/3269/4257 5548/3272/4254 5663/3993/559
f 5545/1761/559 5543/3286/4266 5544/471/486
f 5547/3269/4257 5663/3993/559 5545/1761/559
f 5550/3991/559 5549/3992/559 5546/1760/559
f 5546/1760/559 5547/3269/4257 5545/1761/559
f 5545/1761/559 5544/471/486 5542/1759/559
f 5542/1759/559 5550/3991/559 5546/1760/559
f 5504/169/3523 5495/5/1581 5497/7/4205
f 5489/3188/4017 5488/1159/4017 5591/1161/1267
f 2123/1430/1590 2447/2660/3196 2448/605/622
f 5626/3993/101 5481/3272/4177 5478/3269/4174
f 5627/1760/101 5629/3992/6176 5630/3991/6176
f 5626/3993/101 5478/3269/4174 5627/1760/101
f 5584/471/4226 5586/3286/4228 5625/1761/101
f 5625/1761/101 5626/3993/101 5627/1760/101
f 5627/1760/101 5630/3991/6176 5628/1759/4210
f 5628/1759/4210 5584/471/4226 5625/1761/101
f 5539/7/6 5540/171/4816 5538/169/4211
f 6796/792/4212 6799/1405/6177 6798/1406/4213
f 498/3146/8 499/3147/8 494/1179/3801
f 6054/3283/4216 6052/3430/4510 6053/3284/4217
f 3016/1995/6178 2132/3257/4153 2674/707/729
f 2674/707/729 2697/2135/2490 2810/2134/2489
f 1927/3866/5514 1929/753/786 3015/1814/2073
f 2674/707/729 2810/2134/2489 1927/3866/5514
f 3004/2283/4222 3016/1995/6178 2674/707/729
f 2674/707/729 1927/3866/5514 3015/1814/2073
f 6593/3194/4232 6592/3193/4700 6591/3289/4233
f 5738/657/677 5736/427/8 5737/429/8
f 5512/1729/4046 5518/1712/4845 5517/1714/4238
f 958/3292/101 955/4188/101 957/3293/101
f 7171/807/4244 7172/805/4244 7170/1288/4245
f 5636/3295/4246 5635/1853/2120 5632/3296/2087
f 6070/557/575 6072/3595/559 6071/3297/4248
f 5597/3101/4035 5593/3103/4235 5594/3102/4235
f 5868/315/4250 5869/775/101 5867/774/101
f 5560/3298/4252 5559/3260/4165 5556/3259/4164
f 5565/1823/2087 5563/3296/5712 5564/1853/4260
f 2203/3302/283 2205/4189/283 3630/3300/4261
f 3630/3300/4261 2202/4190/6179 2204/3301/4262
f 1125/595/559 1122/3840/559 1124/674/559
f 1124/674/559 1123/596/559 748/1421/6180
f 748/1421/6180 747/1866/5676 749/876/1938
f 746/597/4263 1128/3837/559 1127/3838/559
f 748/1421/6180 749/876/1938 746/597/4263
f 1125/595/559 1124/674/559 748/1421/6180
f 1126/1410/559 1484/3839/559 1125/595/559
f 746/597/4263 1127/3838/559 1126/1410/559
f 1125/595/559 748/1421/6180 746/597/4263
f 5067/3303/4270 5076/4191/6181 5066/3304/4271
f 1644/1391/644 1646/345/4942 1645/345/4276
f 6855/686/4277 6853/2371/6182 6854/687/4278
f 1589/1134/4280 1590/1134/4280 1588/1135/1288
f 5858/1215/3763 5857/1215/3763 5859/3049/4282
f 5488/1159/4017 5489/3188/4017 5487/3187/4016
f 5734/3306/4283 5718/623/1735 5715/624/1734
f 6914/468/4285 6911/37/6183 6913/38/4286
f 6021/3308/4288 5999/3425/4497 5997/3309/4289
f 6093/3311/4291 6094/4192/6184 6074/3312/4292
f 7583/1609/3624 7585/1611/3626 7612/1610/4294
f 6230/3316/651 6229/3455/6185 6226/3314/651
f 6226/3314/651 6227/3454/6186 6225/3315/651
f 6225/3315/651 6228/3456/6187 6230/3316/651
f 5632/3296/2087 5633/1822/2086 5631/1824/2086
f 6993/792/4296 6991/1404/2744 6992/793/4297
f 1288/650/4299 809/651/2015 816/551/772
f 6461/2240/4301 6459/1655/4847 6460/1655/4302
f 5833/3317/8 5835/3317/8 5834/604/4304
f 4648/751/8 4649/3098/3839 4647/3098/3839
f 4863/570/283 4865/572/283 4864/571/283
f 5860/3049/4282 5859/3049/4282 5861/750/2863
f 6307/1831/4306 6309/1833/4577 6325/1832/4307
f 1747/3319/4309 1746/1227/1347 1745/1228/1348
f 6418/3320/4310 6416/3471/4629 6417/3321/4311
f 2267/2543/3073 2268/2545/3075 2266/3048/3768
f 3915/3325/559 3968/4193/559 3918/3323/559
f 3918/3323/559 3916/4194/559 3917/3324/559
f 5655/3276/651 5656/1161/651 5654/1160/651
f 4638/3122/3876 4670/1225/1343 4669/1225/1343
f 5006/3209/4316 5004/3156/3944 5005/3327/4317
f 7550/1839/2099 7549/2293/5714 7574/1611/4318
f 5784/2713/3252 5785/3265/4170 5787/3242/4320
f 616/991/2005 614/406/415 615/405/414
f 4452/4195/6188 4454/4196/6189 4453/4196/6190
f 4453/4196/6190 4455/4195/6191 4457/4197/6189
f 4457/4197/6189 4459/4198/6192 4461/4199/6193
f 4461/4199/6193 4463/3330/6194 4410/3329/4324
f 4410/3329/4324 4408/3330/6195 4406/4199/6196
f 4406/4199/6196 4404/4198/6197 4402/4197/6189
f 4402/4197/6189 4400/4195/6198 4397/4196/6199
f 4397/4196/6199 4399/4196/6189 4398/4195/6200
f 4402/4197/6189 4397/4196/6199 4398/4195/6200
f 4452/4195/6188 4453/4196/6190 4457/4197/6189
f 4456/4197/6201 4452/4195/6188 4457/4197/6189
f 4402/4197/6189 4398/4195/6200 4401/4197/6202
f 4402/4197/6189 4401/4197/6202 4403/4198/6203
f 4458/4198/6204 4456/4197/6201 4457/4197/6189
f 4458/4198/6204 4457/4197/6189 4461/4199/6193
f 4406/4199/6196 4402/4197/6189 4403/4198/6203
f 4406/4199/6196 4403/4198/6203 4405/4199/6205
f 4460/4199/6206 4458/4198/6204 4461/4199/6193
f 4462/3330/4323 4460/4199/6206 4461/4199/6193
f 4406/4199/6196 4405/4199/6205 4407/3330/6207
f 4410/3329/4324 4406/4199/6196 4407/3330/6207
f 4462/3330/4323 4461/4199/6193 4410/3329/4324
f 4410/3329/4324 4407/3330/6207 4409/3329/4322
f 2042/2092/2435 2317/2615/3151 2318/2614/3150
f 2318/2614/3150 2055/3600/4939 2064/3331/4325
f 2064/3331/4325 2759/836/879 2983/2471/2987
f 2983/2471/2987 2998/499/517 3003/498/516
f 2042/2092/2435 2318/2614/3150 2064/3331/4325
f 2983/2471/2987 3003/498/516 2042/2092/2435
f 2291/1519/1702 2289/1011/1094 2346/2482/3002
f 2346/2482/3002 2298/2303/2777 2296/2302/2776
f 6062/660/683 6059/662/685 6081/3332/4326
f 5379/1678/1895 5378/1891/4052 5387/2743/4054
f 5387/2743/4054 5382/670/4198 5384/669/693
f 5384/669/693 5385/1679/4138 5379/1678/1895
f 5778/3333/4327 5780/3740/4327 5774/935/984
f 5997/3309/4289 5999/3425/4497 6000/3334/888
f 5698/1172/1281 5696/1171/1280 5697/872/4328
f 686/2971/4330 685/3735/4330 687/3029/4331
f 3355/3335/4332 3352/1688/1907 3354/1687/1906
f 6362/2116/4334 6358/108/94 6360/107/93
f 5798/2164/4335 5794/79/5468 5796/79/416
f 7781/328/1477 7815/330/1686 7817/329/1839
f 1325/818/4336 1326/859/3630 1262/858/4337
f 7116/1211/4338 7117/903/6208 7115/904/4339
f 6088/3338/4341 6089/4200/6209 6087/3339/4342
f 5944/1803/3966 5943/1803/6210 5942/1802/4344
f 5942/1802/4344 5940/1330/4926 5941/1330/4345
f 5941/1330/4345 5939/1802/5719 5944/1803/3966
f 5640/3260/4164 5485/3298/4253 5484/3275/4181
f 5856/1214/1335 5855/1214/1335 5857/1215/3763
f 5756/871/4347 5695/873/4329 5697/872/4328
f 4354/2880/3658 4355/2880/3660 4356/2881/4349
f 38/25/4351 41/645/4351 42/646/4351
f 5510/1712/4352 5508/1714/4786 5509/1713/4353
f 7284/1404/4196 7285/793/4355 7283/794/4355
f 5345/3342/4356 5311/3096/3838 5336/3095/3837
f 7431/687/4357 7429/688/6211 7430/686/4358
f 3444/1023/1108 3445/3918/5595 3434/3141/3917
f 3434/3141/3917 3435/4049/5848 3433/2929/3570
f 1447/331/1112 1446/333/5554 1445/332/1092
f 5284/3004/3699 5886/3598/4937 5888/3343/4360
f 5888/3343/4360 5355/1944/4362 5289/3232/4105
f 5287/3344/4361 5284/3004/3699 5888/3343/4360
f 1366/961/1015 1367/963/5749 1365/962/2243
f 3269/3345/4364 3267/3185/4014 3264/3186/4015
f 7889/3073/4365 7886/3071/6212 7888/3346/4366
f 5864/751/8 5863/751/8 5865/3098/3839
f 5407/3350/4371 5406/2110/6213 5404/3349/4369
f 5404/3349/4369 5405/3109/6214 5408/1537/4370
f 1513/1102/1200 1514/1101/1199 1511/1565/504
f 5897/1334/1479 5892/3794/5387 5313/3353/4375
f 5313/3353/4375 5374/3364/4387 5298/3215/4076
f 5296/3214/4075 5897/1334/1479 5313/3353/4375
f 2107/3356/4378 2106/4201/6215 2169/3354/4376
f 2169/3354/4376 2168/4202/6216 2105/3355/4377
f 5312/3357/4379 5310/3096/4080 5898/975/1035
f 5898/975/1035 5890/4203/6217 5889/3358/4380
f 5317/3360/4382 5319/2075/2418 5373/785/824
f 5373/785/824 5900/463/4965 5887/3359/4381
f 5887/3359/4381 5315/1382/1532 5317/3360/4382
f 3001/1734/1981 1393/1733/1980 1391/3361/4383
f 65/219/4385 66/220/6218 64/27/30
f 5889/3358/4380 5890/4203/6217 5895/3363/4386
f 7421/902/4388 7419/1211/4389 7420/903/4389
f 734/665/688 733/664/687 735/3365/4391
f 7710/329/4032 7807/417/4033 7809/328/4033
f 2473/932/979 2474/1626/1822 2472/1624/1820
f 548/1723/3902 545/475/491 546/477/493
f 5347/3367/4396 5904/465/4108 5907/1899/6160
f 5329/1901/2184 5327/3222/4087 5349/3366/4395
f 5347/3367/4396 5907/1899/6160 5329/1901/2184
f 1389/3368/4397 2077/1505/1683 2133/3362/4384
f 2096/3369/4398 2171/2095/2438 2095/2000/2307
f 6125/3370/4399 6123/2645/3179 6124/2647/3179
f 1969/2624/3160 1970/2625/3161 1968/3372/4400
f 6027/3374/4402 6003/712/739 6004/714/741
f 5955/924/4404 5952/925/5113 5953/925/3968
f 5953/925/3968 5954/924/3967 5933/923/2137
f 5933/923/2137 5932/923/6219 5955/924/4404
f 5915/168/3753 5917/168/3754 5925/285/4405
f 5925/285/4405 5927/285/5354 5930/3376/644
f 6050/3377/4406 6049/4204/6220 6025/3378/4407
f 5843/1226/1344 5844/1226/1344 5832/3126/3886
f 7224/792/4409 7225/1405/6221 7223/1406/4410
f 7618/1610/4412 7619/2854/6222 7579/1609/4413
f 5344/1075/1170 5337/1077/1172 5338/3218/4084
f 5772/2875/3461 5771/3382/6010 5769/761/4415
f 2031/3380/4417 2033/418/432 2406/2623/3159
f 3831/3382/4419 3832/2875/5345 3830/759/792
f 7877/1309/4187 7875/1468/5352 7876/1467/4420
f 5936/868/2681 5937/1673/1888 5935/1673/4421
f 228/15/11 237/187/180 236/194/178
f 236/194/178 225/188/173 226/13/9
f 1011/1422/4425 1010/1424/6223 664/1423/3442
f 7246/686/4426 7244/2371/4426 7245/687/4426
f 7510/3383/4427 7512/4205/4427 7507/3384/4210
f 5053/3386/4429 5060/3615/4430 5059/3387/4430
f 7307/1165/4432 7306/1283/5247 7305/902/4433
f 6031/3389/4435 6007/4060/5877 6008/2326/2804
f 6241/17/4148 6240/18/6224 6238/3391/4437
f 6242/16/4439 6240/18/6224 6241/17/4148
f 7511/3384/4441 7512/4205/4427 7510/3383/4427
f 6020/3083/3815 6019/4163/6089 5997/3309/4289
f 6902/1164/4443 6900/1283/6225 6901/1165/4444
f 5984/1327/1467 5983/1328/1468 5985/3394/4446
f 6063/2096/2439 6065/3195/4030 6085/3396/4448
f 7883/2984/140 7879/4145/5399 7881/4144/5400
f 7883/2984/140 7881/4144/5400 7880/2986/5401
f 7885/3398/139 7884/4146/5402 7883/2984/140
f 7883/2984/140 7880/2986/5401 7882/2985/138
f 7018/1164/4450 7008/1283/5021 7010/1165/4451
f 1065/815/4453 1066/817/4481 1064/816/4454
f 6048/3400/4455 6047/4206/6226 6023/3401/4456
f 6901/1165/4444 6900/1283/6225 7189/902/4458
f 6011/3403/4460 5987/3609/4985 5985/3394/4446
f 4321/1886/4463 4318/1885/6227 4319/3404/4461
f 4319/3404/4461 4317/3404/6228 4320/1885/4462
f 4320/1885/4462 4322/1886/6229 4321/1886/4463
f 6414/3405/4464 6412/3472/4630 6413/3406/4465
f 7159/1165/2058 7164/1166/6230 7165/1164/4467
f 4022/1709/4469 4023/1710/6231 4021/43/4470
f 5783/2714/3253 5791/3241/4313 5792/3326/4315
f 6113/548/101 6114/3415/101 6136/547/721
f 6097/3408/4472 6098/4207/4472 6078/3409/4473
f 6487/79/4475 6488/2164/1361 6486/126/4475
f 6042/3411/4477 6041/4208/6232 6017/3412/4478
f 6133/3414/4480 6129/548/559 6131/3415/559
f 1289/3239/4300 1064/816/4454 1066/817/4481
f 5260/1332/3411 5246/330/1967 5245/329/1966
f 6787/1165/4482 6786/1283/1708 6785/902/4483
f 6915/37/4485 6917/38/6233 6916/36/4486
f 2375/1560/1754 2372/652/1748 2371/1554/1747
f 6119/3417/4488 6116/3688/4489 6118/3418/4489
f 6075/3420/4490 6095/4209/6234 6096/3421/4491
f 6026/3379/4408 6025/3378/4407 5979/713/740
f 5846/1219/1682 5845/1219/1682 5851/1726/1971
f 50/3424/4494 49/2873/5022 46/2017/4495
f 6023/3401/4456 6001/3423/4493 5999/3425/4497
f 6010/1818/2079 6009/4005/5711 5985/3394/4446
f 6849/807/4498 6850/805/6235 6848/1288/4499
f 7540/1840/4501 7542/1839/6236 7541/2293/4502
f 7627/1838/4503 7582/2293/3625 7584/1839/4504
f 6053/3284/4217 5964/3636/4506 5961/3426/4506
f 6182/2987/3674 6179/138/3674 6203/3199/71
f 6154/3427/4507 6155/3431/6237 6153/3428/4508
f 6056/2374/2868 6055/2373/2867 6052/3430/4510
f 25/3427/4511 26/3429/6238 24/3428/4511
f 6981/1404/1850 7001/793/4512 7000/794/4512
f 5516/2496/4047 5492/3255/3501 5494/2495/3501
f 6728/3432/4513 6729/3613/4514 6727/3433/4514
f 5560/3298/4252 5561/3275/4253 5589/3276/4182
f 6052/3430/4510 6055/2373/2867 6075/3420/4490
f 4944/670/4515 4945/670/3474 4947/2743/3298
f 1033/848/101 1031/1281/1404 1030/1167/1404
f 509/451/465 510/457/471 572/2901/3516
f 6198/2873/3459 6170/2233/5381 6169/2234/4518
f 5535/6/5 5536/1420/5389 5534/5/4520
f 164/636/4521 195/3847/4521 163/635/4522
f 7366/904/4524 6988/1165/1272 6987/1283/4525
f 1129/728/755 1131/764/816 1135/766/820
f 4378/3365/4529 4381/664/6239 4382/867/4527
f 4382/867/4527 4379/866/6240 4380/866/4528
f 6237/17/3016 6239/3392/4438 6238/3391/4437
f 2689/343/4531 1547/345/6241 2688/344/4532
f 6367/1364/4534 6364/3926/4534 6366/1363/4534
f 4620/648/668 4621/3850/5495 4619/3435/48
f 7872/1310/4186 7873/3731/6242 7871/3437/4535
f 5165/3439/101 5150/3622/101 5151/3180/101
f 5151/3180/101 5153/4176/101 5164/3180/101
f 5164/3180/101 5160/3622/101 5161/3439/101
f 5161/3439/101 5279/4175/101 5159/3181/101
f 5159/3181/101 5162/3621/101 5163/3182/101
f 5163/3182/101 5154/4177/101 5149/3182/101
f 5149/3182/101 5152/3621/101 5166/3181/101
f 5166/3181/101 5280/4175/101 5165/3439/101
f 5165/3439/101 5151/3180/101 5164/3180/101
f 5164/3180/101 5161/3439/101 5159/3181/101
f 5159/3181/101 5163/3182/101 5149/3182/101
f 5149/3182/101 5166/3181/101 5165/3439/101
f 5165/3439/101 5164/3180/101 5159/3181/101
f 7517/2854/4537 7514/1610/4537 7516/1611/4538
f 5767/760/2077 5768/1816/2076 5770/759/4416
f 1366/1801/2060 2954/504/522 2961/3440/4540
f 5029/3073/3804 5045/3347/6243 5046/3346/4542
f 1692/3442/4543 1636/3443/6244 1634/3443/4544
f 7526/3446/101 7547/4210/101 7545/3446/101
f 7545/3446/101 7622/4211/101 7633/3444/101
f 7633/3444/101 7623/4212/101 7546/3445/101
f 7546/3445/101 7544/4213/101 7529/3445/101
f 7529/3445/101 7527/4212/101 7632/3444/101
f 7632/3444/101 7528/4211/101 7526/3446/101
f 7526/3446/101 7545/3446/101 7633/3444/101
f 7633/3444/101 7546/3445/101 7529/3445/101
f 7529/3445/101 7632/3444/101 7526/3446/101
f 6106/3450/4553 6086/3397/4449 6085/3396/4448
f 6424/3452/4555 6426/3021/3727 6432/3453/4556
f 6622/3289/4561 6620/3193/4026 6619/3194/4027
f 6249/3456/651 6246/3315/6187 6247/3454/651
f 6247/3454/651 6245/3314/6185 6248/3455/651
f 6248/3455/651 6250/3316/651 6249/3456/651
f 5206/804/4564 5204/417/6107 5205/328/3873
f 64/27/30 66/220/6218 67/1527/2083
f 5269/1458/4568 5270/1332/4568 5244/330/1651
f 5506/169/1303 5501/2905/3525 5503/170/3524
f 7215/1406/4570 6943/1404/2406 6945/792/2408
f 3474/2512/3040 2322/2511/3039 2715/1794/2051
f 4574/267/3636 4577/920/965 4576/266/964
f 4757/870/2399 4753/1672/5786 4755/1671/3831
f 4755/1671/3831 4769/3099/3842 4770/1329/1469
f 4770/1329/1469 4761/1330/1471 4760/1802/3906
f 4760/1802/3906 4764/924/969 4748/923/3960
f 4745/869/911 4757/870/2399 4755/1671/3831
f 4770/1329/1469 4760/1802/3906 4748/923/3960
f 4745/869/911 4755/1671/3831 4770/1329/1469
f 810/1280/1403 809/651/2015 1019/1731/4573
f 3814/2827/3391 1962/768/1801 1964/1604/1802
f 2194/3460/4574 2191/4214/6245 2193/3461/4575
f 6309/1833/4577 6307/1831/4306 6308/3254/4578
f 6878/904/4580 6863/1165/4768 6860/1283/4581
f 4690/3064/3812 4688/285/3807 4689/285/3806
f 455/1331/4584 454/899/942 436/863/903
f 3002/2534/3062 1381/4215/6246 1380/3463/4586
f 3344/2395/2892 3343/4216/6247 3348/2459/2974
f 3348/2459/2974 3316/3921/5599 3293/2396/2893
f 6601/3464/4590 6599/438/5476 6600/440/502
f 6277/3465/4592 6274/4217/4592 6276/3466/4592
f 646/96/2271 647/95/2271 645/530/2271
f 6346/518/6248 6347/1396/4598 6348/2892/4597
f 6348/2892/4597 6345/4133/6249 6344/2893/4594
f 6344/2893/4594 6343/2895/283 6340/2894/283
f 6340/2894/283 6341/2062/2385 6339/521/2387
f 6342/1633/4595 6346/518/6248 6348/2892/4597
f 6340/2894/283 6339/521/2387 6342/1633/4595
f 6342/1633/4595 6348/2892/4597 6344/2893/4594
f 4994/3208/4060 4995/106/4061 4993/108/2471
f 6252/18/14 6251/17/13 6216/3392/4604
f 7808/803/4605 7809/328/4033 7807/417/4033
f 6780/1283/4606 6781/1165/4723 7422/1166/4607
f 1420/981/1046 1418/983/1085 1419/982/1084
f 6859/38/4610 6856/36/4610 6858/468/4610
f 7270/1211/4611 7271/903/6250 7269/904/4612
f 857/2629/4614 855/2633/4615 856/2634/4615
f 6005/3468/4616 5981/148/134 5977/147/133
f 6361/106/92 6393/3171/5254 6392/3172/4617
f 994/1530/4619 1061/1532/6251 1060/1531/4620
f 6785/902/4483 6783/1211/4621 6784/903/4621
f 2445/2720/3265 2521/3104/3848 2522/2734/3279
f 2306/2079/2422 2307/3191/4023 2305/3192/4024
f 7459/3469/4622 7457/1583/1781 7458/1582/1780
f 6143/123/4624 6144/3576/5009 6142/4/4625
f 6001/3423/4493 6002/3601/101 6000/3334/888
f 7146/902/1331 7144/904/1330 7145/1165/4627
f 6416/3471/4629 6413/3406/4465 6412/3472/4630
f 7036/336/4633 7034/1878/6252 7032/335/4631
f 7032/335/4631 7033/3575/6253 7031/334/4632
f 7031/334/4632 7035/1879/6254 7036/336/4633
f 6640/369/1376 6639/1259/1375 6642/368/4634
f 1254/1473/1653 4447/1473/5634 4362/640/4636
f 6423/3023/3729 6425/3022/3728 6444/3473/4637
f 869/544/4639 870/546/925 868/545/3531
f 6457/3484/4647 6456/4218/6255 6454/3482/4647
f 6454/3482/4647 6455/3711/4648 6453/3483/4648
f 7447/903/4649 7009/904/5020 7011/902/4650
f 4237/3125/3883 4236/3529/3883 4233/2950/3612
f 4636/3122/3876 4637/3126/3886 4635/3126/3886
f 5295/3485/4652 5292/2130/2485 5294/1335/1480
f 7070/1166/4653 7071/1164/6256 7069/1283/4654
f 682/2973/4656 683/3028/4656 681/3030/4657
f 7792/803/4658 7793/328/5327 7791/417/4659
f 6063/2096/2439 6064/4042/5808 6066/3493/4665
f 7372/334/4666 7370/1879/6257 7371/336/4667
f 7371/336/4667 7369/1878/6258 7373/335/4668
f 7373/335/4668 7374/3575/6259 7372/334/4666
f 1121/1357/4669 1119/1358/3937 1116/1356/3936
f 6444/3473/4637 6439/2944/3604 6441/3494/4671
f 7054/2371/4672 7055/687/4672 7053/688/4673
f 6829/792/2008 6827/1404/2010 6828/793/4675
f 6217/18/4680 6218/3391/4604 6216/3392/4604
f 6929/1211/4682 7449/903/6260 6926/904/4683
f 907/1580/1777 1049/1707/2104 800/1845/2106
f 6535/3497/4685 6534/3633/4685 6563/3498/4686
f 6389/2751/4687 6390/2750/4688 6388/3499/4688
f 5581/470/4224 5579/471/4220 5578/469/4219
f 1889/769/3922 1890/770/3923 1888/768/804
f 3313/3160/3949 3340/4219/6261 3339/3500/4690
f 5463/3502/4693 2160/4148/6262 5457/2996/4691
f 5457/2996/4691 5456/2995/6263 5458/3501/4692
f 5458/3501/4692 5464/2068/3396 5463/3502/4693
f 7778/804/4694 7776/803/4694 7777/328/1651
f 6110/3503/4695 6111/3416/2976 6109/3414/2976
f 707/665/4696 705/2437/6264 706/3365/4697
f 6526/1225/559 6524/3122/559 6525/3126/559
f 1700/2578/4698 1698/2576/4699 1699/2576/4699
f 6554/1214/559 6553/1215/559 6551/3049/559
f 6551/3049/559 6548/750/559 6549/751/559
f 6549/751/559 6547/3098/559 6550/2879/559
f 6550/2879/559 6552/1176/559 6555/1177/559
f 6555/1177/559 6556/1219/559 6558/1726/559
f 6558/1726/559 6557/2867/559 6554/1214/559
f 6554/1214/559 6551/3049/559 6549/751/559
f 6549/751/559 6550/2879/559 6555/1177/559
f 6555/1177/559 6558/1726/559 6554/1214/559
f 4849/1432/283 4850/3940/283 4848/1431/283
f 6595/2970/4151 6594/2968/4150 6592/3193/4700
f 6564/3505/4703 6569/4220/4703 6568/4221/4703
f 6567/603/4701 6565/604/4702 6566/3317/4702
f 6564/3505/4703 6568/4221/4703 6567/603/4701
f 3539/2607/3143 3535/4222/6265 3536/2616/3152
f 6577/3508/8 6575/4223/8 6573/3506/8
f 6573/3506/8 6574/4224/8 6572/3507/8
f 6572/3507/8 6576/4225/8 6577/3508/8
f 6614/3509/4704 6613/4226/4704 6611/3510/4704
f 6772/1283/4204 7421/902/4388 7418/904/4390
f 4655/1215/1336 4653/3049/3774 4654/3049/3774
f 6586/1229/4705 6589/3517/4999 6590/3290/4234
f 5852/1726/1971 5851/1726/1971 5853/2867/3451
f 6636/2262/2692 6635/310/2691 6637/3512/4706
f 5843/1226/1344 5850/1225/1343 5849/1225/1343
f 6605/4227/6266 6606/3641/283 6607/4228/6267
f 6608/3513/3779 6609/3518/4716 6610/3521/4719
f 6605/4227/6266 6607/4228/6267 6608/3513/3779
f 6602/3514/4707 6603/4229/6268 6604/3515/4708
f 6604/3515/4708 6605/4227/6266 6608/3513/3779
f 6608/3513/3779 6610/3521/4719 6602/3514/4707
f 5155/329/3615 5267/1458/6269 5268/1332/4709
f 4856/571/4710 4857/2872/6270 4855/570/4711
f 953/1852/4713 4282/637/4713 4281/637/4713
f 6706/2257/559 6708/2259/559 6707/2258/559
f 5430/79/4714 5431/78/6271 5429/126/4714
f 6624/1229/1349 6622/3289/4561 6621/3290/4562
f 4255/841/559 4257/2898/559 4256/842/559
f 6127/3522/4720 6125/3370/4399 6126/3371/4399
f 5840/2879/3466 5837/2879/3466 5866/3098/3839
f 6659/1259/4721 6661/3512/4749 6660/1258/4722
f 1625/2937/3598 1622/3074/3808 1624/3074/3808
f 6781/1165/4723 6780/1283/4606 6779/902/4202
f 4024/43/4471 4021/43/4470 4017/44/4724
f 7483/1620/1813 7485/1620/1815 7486/42/4725
f 5968/3524/4727 5966/4230/6272 5967/3525/4728
f 1596/3527/4730 1594/4152/6076 1593/348/3730
f 6795/794/4732 6796/792/4212 6794/1404/4214
f 6906/687/4733 6904/688/4734 6905/686/4734
f 4295/3529/4735 4296/3125/3883 4297/2952/3633
f 1634/3443/4544 1636/3443/6244 1635/933/981
f 1552/1529/2958 358/3090/559 1601/322/4741
f 1601/322/4741 1603/1439/1598 1555/2451/2957
f 6667/3531/4737 6669/3533/4739 6670/3534/4742
f 6670/3534/4742 6671/4231/283 6672/3537/283
f 6672/3537/283 6673/4232/283 6674/3535/3780
f 6674/3535/3780 6675/4233/6273 6676/3536/4743
f 6676/3536/4743 6667/3531/4737 6670/3534/4742
f 6670/3534/4742 6672/3537/283 6674/3535/3780
f 4639/3317/8 4641/604/621 4640/604/4744
f 6689/4231/3779 6682/3534/6274 6683/3533/4745
f 6683/3533/4745 6681/3531/4757 6684/3536/6275
f 6684/3536/6275 6685/4233/6276 6686/3535/4746
f 6686/3535/4746 6687/4232/283 6688/3537/4742
f 6688/3537/4742 6689/4231/3779 6683/3533/4745
f 6683/3533/4745 6684/3536/6275 6686/3535/4746
f 7797/328/4747 7712/330/6277 7714/329/4748
f 6661/3512/4749 6663/310/316 6662/2262/4750
f 5800/126/4751 5798/2164/4335 5797/2164/4335
f 4190/4234/644 4188/4235/644 4189/4235/644
f 4189/4235/644 4187/4234/644 4191/4236/1361
f 4191/4236/1361 4193/4237/6278 4195/4238/6279
f 4195/4238/6279 4197/3539/644 4199/3538/644
f 4199/3538/644 4202/3539/644 4204/4238/6280
f 4204/4238/6280 4206/4237/6281 4208/4236/1361
f 4208/4236/1361 4210/4234/644 4212/4235/644
f 4212/4235/644 4211/4235/644 4209/4234/644
f 4212/4235/644 4209/4234/644 4207/4236/644
f 4190/4234/644 4189/4235/644 4191/4236/1361
f 4192/4236/644 4190/4234/644 4191/4236/1361
f 4208/4236/1361 4212/4235/644 4207/4236/644
f 4208/4236/1361 4207/4236/644 4205/4237/6282
f 4194/4237/6283 4192/4236/644 4191/4236/1361
f 4194/4237/6283 4191/4236/1361 4195/4238/6279
f 4204/4238/6280 4208/4236/1361 4205/4237/6282
f 4204/4238/6280 4205/4237/6282 4203/4238/6284
f 4196/4238/6285 4194/4237/6283 4195/4238/6279
f 4198/3539/4752 4196/4238/6285 4195/4238/6279
f 4204/4238/6280 4203/4238/6284 4201/3539/1361
f 4199/3538/644 4204/4238/6280 4201/3539/1361
f 4198/3539/4752 4195/4238/6279 4199/3538/644
f 4199/3538/644 4201/3539/1361 4200/3538/644
f 1789/3542/4753 1790/4239/6286 1788/3540/4753
f 1788/3540/4753 1786/4240/4753 1787/3541/4753
f 1787/3541/4753 1785/4241/4753 1789/3542/4753
f 1027/850/890 1026/852/892 1028/1282/1405
f 5113/2425/4755 5115/2423/6287 5114/2497/4756
f 6861/1166/4767 6862/1164/6288 6860/1283/4581
f 5967/3525/4728 5966/4230/6272 6069/558/576
f 5347/3367/4396 5345/3342/4356 5339/1076/1171
f 4750/868/910 4751/868/5533 4749/1673/4773
f 1598/3555/4774 1596/3527/4730 1597/3528/4731
f 638/112/98 689/114/100 1461/3556/4776
f 7576/2293/4783 7577/1839/6289 7604/1840/4784
f 5508/1714/4786 5510/1712/4352 5520/1729/1974
f 7852/329/3957 7850/330/4129 7851/1332/3958
f 6977/805/4788 6975/1288/4789 6976/806/4789
f 7823/329/3938 7824/330/6290 7836/1332/4791
f 1091/829/4793 1089/856/5305 1090/857/4794
f 5359/1969/2268 5358/1968/2267 5356/1943/2232
f 2853/3562/4797 1352/2742/3293 1353/3563/4798
f 5288/3231/4104 5286/3004/3700 5284/3004/3699
f 6835/334/4799 6833/1879/6291 6834/336/4800
f 6834/336/4800 6832/1878/6292 6836/335/4801
f 6836/335/4801 6837/3575/6293 6835/334/4799
f 6985/468/4802 6982/37/4803 6984/38/4803
f 260/209/196 259/208/195 270/3564/4804
f 270/3564/4804 271/2478/6294 269/3565/4805
f 5693/1170/1279 5690/1208/6173 5692/1207/4179
f 7568/1609/4807 7595/2854/6295 7594/1610/4808
f 6422/2963/3641 6420/2263/2693 6419/2265/2695
f 6825/687/4810 6823/688/4811 6824/686/4811
f 5682/4242/6296 5681/4243/6297 5680/3567/4812
f 5680/3567/4812 5679/4244/6298 5678/4245/6299
f 5678/4245/6299 5677/4246/6300 5676/4247/6301
f 5676/4247/6301 5675/4248/6302 5674/4249/6303
f 5674/4249/6303 5664/4250/6304 5665/3568/4813
f 5665/3568/4813 5666/4251/6305 5667/4252/6306
f 5667/4252/6306 5668/4253/6307 5669/4254/6308
f 5669/4254/6308 5670/4255/6309 5671/4256/6310
f 5671/4256/6310 5672/4257/6311 5673/3569/4814
f 5673/3569/4814 5688/4258/6312 5687/4259/6313
f 5687/4259/6313 5686/4260/6314 5685/4261/6315
f 5685/4261/6315 5684/4262/6316 5683/4263/6317
f 5683/4263/6317 5682/4242/6296 5680/3567/4812
f 5680/3567/4812 5678/4245/6299 5676/4247/6301
f 5676/4247/6301 5674/4249/6303 5665/3568/4813
f 5665/3568/4813 5667/4252/6306 5669/4254/6308
f 5669/4254/6308 5671/4256/6310 5673/3569/4814
f 5673/3569/4814 5687/4259/6313 5685/4261/6315
f 5685/4261/6315 5683/4263/6317 5680/3567/4812
f 5680/3567/4812 5676/4247/6301 5665/3568/4813
f 5665/3568/4813 5669/4254/6308 5673/3569/4814
f 5673/3569/4814 5685/4261/6315 5680/3567/4812
f 4342/412/1893 4340/413/3661 4339/413/3662
f 5575/170/152 5574/2905/5411 5538/169/4211
f 7541/2293/4502 7542/1839/6236 7515/1609/4539
f 6406/3570/4817 6407/3480/4645 6405/3124/3881
f 5992/2154/1579 5989/2156/2511 5993/2127/2482
f 6922/334/4820 6919/1879/6318 6921/336/4821
f 6921/336/4821 6920/1878/6319 6923/335/4822
f 6923/335/4822 6924/3575/6320 6922/334/4820
f 7444/903/4823 7397/904/5040 7398/902/4824
f 7361/1165/4826 7359/1166/6321 7360/1164/4827
f 2961/3440/4540 2960/436/448 1348/3573/4829
f 7020/2371/4830 7021/687/4830 7019/688/4831
f 4510/3574/4832 4511/3574/4832 4359/685/4833
f 6926/904/4683 6927/1165/1406 6925/1283/1408
f 6962/1879/6322 6963/336/6323 6961/1878/4834
f 6961/1878/4834 6959/335/6324 6960/3575/4835
f 6958/334/4836 6962/1879/6322 6961/1878/4834
f 7303/1211/4837 7304/903/6325 7302/904/4434
f 6969/686/4838 6967/2371/4838 6968/687/4838
f 4050/2516/4839 4049/1935/2962 4025/809/1909
f 58/123/108 2/2/3 4/4/2
f 5912/167/4842 5928/914/3793 5929/914/4843
f 6202/119/3446 6200/3070/6326 6201/3069/4844
f 5509/1713/4353 5517/1714/4238 5518/1712/4845
f 6463/2241/4846 6460/1655/4302 6459/1655/4847
f 7084/468/4848 7081/37/6327 7083/38/4849
f 2115/2088/2431 2957/1507/1685 1360/1506/1684
f 4045/3577/4851 4047/4264/6328 5399/3091/3824
f 365/1277/4852 364/1189/5457 379/1187/4853
f 6651/3580/4856 6650/1773/6329 6648/3578/4854
f 6648/3578/4854 6649/1775/6330 6647/3579/4855
f 6647/3579/4855 6767/1774/6331 6651/3580/4856
f 4042/2271/4857 4036/2270/6332 4037/3581/4858
f 4037/3581/4858 4043/3997/6333 4046/3996/6334
f 4044/3582/4859 4047/4264/6328 4045/3577/4851
f 4037/3581/4858 4046/3996/6334 4044/3582/4859
f 4044/3582/4859 4045/3577/4851 4042/2271/4857
f 7048/336/4862 7047/1879/6335 7044/334/4860
f 7044/334/4860 7045/3575/6336 7043/335/4861
f 7043/335/4861 7046/1878/6337 7048/336/4862
f 3540/2609/3145 3535/4222/6265 3539/2607/3143
f 7060/1878/4865 7062/336/6338 7061/1879/6339
f 7057/334/4863 7059/3575/6340 7058/335/4864
f 7060/1878/4865 7061/1879/6339 7057/334/4863
f 5934/869/4866 5932/923/6219 5933/923/2137
f 7067/335/4869 7064/1878/6341 7065/336/4867
f 7065/336/4867 7063/1879/6342 7066/334/4868
f 7066/334/4868 7068/3575/6343 7067/335/4869
f 7261/37/4870 7263/38/4870 7262/36/4870
f 4965/3583/4871 4964/3692/6344 4971/1468/1646
f 7077/36/4872 7079/468/6345 7078/37/4873
f 4351/1352/4875 4352/1352/1732 4353/2957/3659
f 5872/316/4876 5874/3087/613 5868/315/4250
f 7/3069/1280 9/3070/1281 44/119/105
f 7099/334/4877 7101/3575/6346 7100/335/4878
f 7100/335/4878 7102/1878/6347 7104/336/4879
f 7104/336/4879 7103/1879/6348 7099/334/4877
f 2364/1388/1539 2443/1390/1541 2362/3584/4880
f 926/3587/4883 924/1398/6349 899/1050/1139
f 899/1050/1139 901/1052/1141 900/3586/4882
f 900/3586/4882 911/4265/6350 926/3587/4883
f 7227/37/4884 7229/38/6351 7228/36/4885
f 4939/1678/4887 4937/1891/3299 4938/1891/4888
f 2284/1416/1574 2622/844/884 2130/3256/4152
f 1774/3027/1515 1775/3026/1515 1773/3276/1515
f 7296/902/4891 7294/904/4891 7295/1165/3916
f 5208/417/4892 5209/328/625 5207/803/4893
f 6078/3409/4473 6055/2373/2867 6057/3589/4895
f 7639/256/4896 7637/2906/4897 7635/2906/4897
f 7086/1283/4899 7405/902/944 7402/904/946
f 5576/691/2121 5577/690/2121 5562/3295/2120
f 7189/902/4458 7187/1211/6352 7188/903/4900
f 7785/328/4901 7824/330/6290 7823/329/3938
f 7273/37/4902 7275/38/6353 7274/36/4903
f 1113/640/4905 1114/1473/657 1112/1472/8
f 7801/328/1863 7830/330/1862 7829/329/1862
f 4272/412/423 4274/656/3505 4273/656/3504
f 7183/1878/4909 7185/336/6354 7184/1879/6355
f 7181/334/4907 7182/3575/6356 7180/335/4908
f 7183/1878/4909 7184/1879/6355 7181/334/4907
f 7298/36/4910 7300/468/6357 7299/37/4911
f 7193/334/4913 7191/1879/6358 7192/336/4914
f 7192/336/4914 7190/1878/6359 7194/335/4915
f 7194/335/4915 7195/3575/6360 7193/334/4913
f 6583/3590/1168 6584/4266/1168 6582/3591/1168
f 7463/3593/4916 7461/4125/3420 7462/2849/3420
f 4870/456/3877 4868/457/3879 4869/2938/4918
f 7838/330/3896 7839/1332/3897 7837/1458/3895
f 7860/1332/4919 7859/1458/4919 7829/329/1862
f 6072/3595/559 6051/3285/4218 6053/3284/4217
f 544/474/490 543/476/492 528/1784/4920
f 7222/336/4923 7221/1879/6361 7218/334/4921
f 7218/334/4921 7219/3575/6362 7217/335/4922
f 7217/335/4922 7220/1878/6363 7222/336/4923
f 7208/2371/4924 7209/687/4924 7207/688/4924
f 6409/3596/4925 6410/3481/4646 6407/3480/4645
f 7757/328/1628 7716/330/1874 7718/329/1874
f 2959/2913/3538 2958/2907/3532 1362/3086/3818
f 7252/336/4929 7250/1878/6364 7248/335/4927
f 7248/335/4927 7249/3575/6365 7247/334/4928
f 7247/334/4928 7251/1879/6366 7252/336/4929
f 4661/1726/1971 4659/2867/3451 4660/2867/3451
f 7586/1840/4930 7587/1838/6367 7561/2293/4931
f 6046/3597/4933 6045/4267/6368 6021/3308/4288
f 7278/807/4934 7279/805/6369 7277/1288/4935
f 5341/826/870 5309/3094/3836 5313/3353/4375
f 2049/2613/3149 2048/3189/4021 2054/3599/4938
f 7439/38/4940 7436/36/4940 7438/468/4940
f 1627/344/4941 1645/345/4276 1646/345/4942
f 7290/1878/4946 7292/336/6370 7291/1879/6371
f 7288/334/4944 7289/3575/6372 7287/335/4945
f 7290/1878/4946 7291/1879/6371 7288/334/4944
f 7128/1165/1951 7125/1283/1950 7272/902/4613
f 7347/794/4947 7348/792/3256 7346/1404/4948
f 7522/2293/4950 7524/1839/5187 7523/1609/4951
f 6091/1306/1436 6092/1308/1438 6067/556/574
f 6114/3415/101 6113/548/101 6109/3414/2976
f 7489/2066/4953 7490/2066/6373 7488/2065/4954
f 7329/334/4956 7330/3575/6374 7328/335/4957
f 7328/335/4957 7331/1878/6375 7333/336/4958
f 7333/336/4958 7332/1879/6376 7329/334/4956
f 5440/2423/4959 5442/2425/6377 5441/2424/4960
f 7335/334/4962 7336/3575/6378 7334/335/4963
f 7334/335/4963 7337/1878/6379 7339/336/4964
f 7339/336/4964 7338/1879/6380 7335/334/4962
f 5904/465/4108 5347/3367/4396 5887/3359/4381
f 7353/1878/4968 7355/336/6381 7354/1879/6382
f 7350/334/4966 7352/3575/6383 7351/335/4967
f 7353/1878/4968 7354/1879/6382 7350/334/4966
f 7580/1839/4969 7606/1840/6384 7607/1838/4970
f 5754/560/4972 5689/3274/4180 5691/559/4180
f 5979/713/740 5978/4268/6385 6002/3601/101
f 6157/3604/8 6160/20/8 6158/3602/8
f 6158/3602/8 6159/19/8 6178/3603/8
f 6178/3603/8 6177/21/8 6157/3604/8
f 6298/3605/4973 6292/4269/6386 6291/3606/4974
f 7136/806/4976 7134/807/6387 7135/805/4977
f 265/2553/3574 244/361/1641 262/259/251
f 7387/1879/6388 7388/336/6389 7386/1878/4978
f 7386/1878/4978 7384/335/6390 7385/3575/4979
f 7383/334/4980 7387/1879/6388 7386/1878/4978
f 2361/3585/4881 2362/3584/4880 2363/3608/4981
f 7392/334/4982 7390/1879/6391 7391/336/4983
f 7391/336/4983 7389/1878/6392 7393/335/4984
f 7393/335/4984 7394/3575/6393 7392/334/4982
f 7069/1283/4654 7118/902/4340 7115/904/4339
f 5986/3395/4447 5985/3394/4446 5987/3609/4985
f 6201/3069/4844 6200/3070/6326 6192/124/4987
f 7200/1283/4989 7202/1165/5058 7205/1166/4990
f 5891/1943/4363 5358/1968/2267 5302/2129/2484
f 5302/2129/2484 5893/3217/4373 5896/3351/4372
f 5896/3351/4372 5298/3215/4076 5374/3364/4387
f 5374/3364/4387 5895/3363/4386 5899/3611/4992
f 5899/3611/4992 5894/4270/6394 5291/3233/4106
f 5291/3233/4106 5289/3232/4105 5891/1943/4363
f 5891/1943/4363 5302/2129/2484 5896/3351/4372
f 5896/3351/4372 5374/3364/4387 5899/3611/4992
f 5899/3611/4992 5291/3233/4106 5891/1943/4363
f 6971/688/4993 6972/686/6395 6970/2371/4994
f 7425/1211/4996 7426/903/6396 7424/904/4997
f 6586/1229/4705 6588/1231/6397 6587/1230/1350
f 7441/807/5000 7442/805/6398 7440/1288/5001
f 1039/879/3586 1038/880/3587 1040/861/5003
f 4230/2898/101 4231/841/101 4229/843/101
f 6811/793/5004 6810/794/6399 6806/792/3800
f 7554/1839/5005 7608/1840/6400 7609/1838/5006
f 7896/3386/5007 7897/3388/5091 7895/3387/5008
f 6143/123/4624 6191/125/4988 6192/124/4987
f 7469/1704/5010 7467/3979/5010 7468/1703/5010
f 7505/3616/5011 7502/4271/5012 7501/3617/5012
f 7407/807/5014 7408/805/5014 7406/1288/5015
f 3888/2422/559 3885/2421/2920 3889/3619/5016
f 7533/1839/4413 7530/2293/5196 7532/1838/5017
f 7729/3622/559 7749/3180/559 7721/4176/559
f 7721/4176/559 7720/3180/559 7735/3622/559
f 7735/3622/559 7737/3439/559 7866/4175/559
f 7866/4175/559 7736/3181/559 7738/3621/559
f 7738/3621/559 7722/3182/559 7719/4177/559
f 7719/4177/559 7750/3182/559 7728/3621/559
f 7728/3621/559 7730/3181/559 7865/4175/559
f 7865/4175/559 7727/3439/559 7729/3622/559
f 7729/3622/559 7721/4176/559 7735/3622/559
f 7735/3622/559 7866/4175/559 7738/3621/559
f 7738/3621/559 7719/4177/559 7728/3621/559
f 7728/3621/559 7865/4175/559 7729/3622/559
f 7729/3622/559 7735/3622/559 7738/3621/559
f 1680/2560/3095 393/2214/3094 1681/2213/5019
f 4296/3125/3883 4295/3529/4735 4294/122/107
f 7009/904/5020 7010/1165/4451 7008/1283/5021
f 52/2234/2640 51/2233/2639 49/2873/5022
f 6769/2371/5023 6770/687/5023 6768/688/5024
f 7323/805/5025 7321/1288/6401 7322/806/5026
f 908/1706/1931 1013/1580/1933 1012/567/584
f 7199/806/5027 7197/807/5028 7198/805/5028
f 7148/1166/5029 7149/1164/6402 7143/1283/4628
f 5976/1183/1299 6057/3589/4895 6058/2372/2866
f 7267/1165/2327 7266/1283/5761 7427/902/4998
f 6935/688/5030 6936/686/5030 6934/2371/5031
f 4326/843/101 4323/842/101 4325/2898/101
f 7643/2401/2899 7642/262/5053 7641/262/5032
f 7492/43/5033 7482/44/1814 7484/44/5034
f 7769/328/3677 7850/330/4129 7852/329/3957
f 7790/804/5035 7788/803/5089 7789/328/5036
f 7708/330/4394 7709/1332/6403 7707/1458/5038
f 7573/1611/1808 7570/2293/5178 7572/1839/5039
f 7397/904/5040 7361/1165/4826 7358/1283/4828
f 7658/3623/5041 7659/3739/5716 7657/1849/2110
f 7553/1609/5042 7555/1611/5192 7628/1610/5043
f 6371/3327/5045 6369/3156/4066 6370/3209/4065
f 7597/3445/559 7538/4213/559 7537/3445/559
f 7537/3445/559 7535/4212/559 7630/3444/559
f 7630/3444/559 7536/4211/559 7534/3446/559
f 7534/3446/559 7539/4210/559 7598/3446/559
f 7598/3446/559 7596/4211/559 7631/3444/559
f 7631/3444/559 7599/4212/559 7597/3445/559
f 7597/3445/559 7537/3445/559 7630/3444/559
f 7630/3444/559 7534/3446/559 7598/3446/559
f 7598/3446/559 7631/3444/559 7597/3445/559
f 7695/3498/5047 7672/3633/5048 7674/3497/5048
f 7096/688/5050 7097/686/5050 7095/2371/5051
f 4674/1961/644 4675/192/644 4673/167/955
f 6017/3412/4478 5995/1846/2107 5993/2127/2482
f 7203/902/1712 7201/904/5646 7202/1165/5058
f 7666/1215/101 7664/1214/101 7662/2867/101
f 7662/2867/101 5851/1726/101 7661/1219/101
f 7661/1219/101 7663/1177/101 7665/1176/101
f 7665/1176/101 7668/2879/101 7669/3098/101
f 7669/3098/101 7671/751/101 7670/750/101
f 7670/750/101 7667/3049/101 7666/1215/101
f 7666/1215/101 7662/2867/101 7661/1219/101
f 7661/1219/101 7665/1176/101 7669/3098/101
f 7669/3098/101 7670/750/101 7666/1215/101
f 7525/1611/4952 7523/1609/4951 7591/2854/5059
f 6880/1211/5061 7450/903/6404 6878/904/4580
f 7676/4221/6405 7679/4220/6406 7677/3505/5062
f 7677/3505/5062 7692/3317/5063 7691/604/5063
f 7678/603/5064 7676/4221/6405 7677/3505/5062
f 7724/329/5065 7725/417/5205 7723/328/5066
f 7714/329/4748 7712/330/6277 7713/1332/5068
f 6237/17/3016 6236/18/4530 6234/16/12
f 902/3625/5070 1183/1065/1154 1184/1067/1156
f 905/3626/5071 903/4272/6407 1001/4273/6408
f 902/3625/5070 1184/1067/1156 905/3626/5071
f 926/3587/5072 904/4274/6409 902/3625/5070
f 905/3626/5071 1001/4273/6408 926/3587/5072
f 7564/1609/5073 7625/2854/6410 7624/1610/5074
f 7634/510/5075 7636/510/5075 7635/2906/4897
f 7688/555/8 7690/554/8 7695/3498/5047
f 7695/3498/5047 7696/553/5049 7689/3627/8
f 1982/3629/559 3212/1744/559 1979/3628/559
f 1979/3628/559 1981/1746/6144 1980/1745/3990
f 5651/469/4275 5533/471/4274 5650/470/4268
f 336/4275/6411 334/4276/6412 335/3630/5076
f 335/3630/5076 333/4277/6413 337/3631/5077
f 337/3631/5077 339/4278/6414 338/3632/5078
f 338/3632/5078 336/4275/6411 335/3630/5076
f 7732/329/5079 7733/417/4062 7731/328/4063
f 439/1170/5080 440/3566/5307 438/1207/1326
f 6841/1404/1899 6839/792/5673 6840/1405/5081
f 7746/3621/559 7744/3181/559 7863/4175/559
f 7863/4175/559 7745/3439/559 7743/3622/559
f 7743/3622/559 7748/3180/559 7740/4176/559
f 7740/4176/559 7741/3180/559 7754/3622/559
f 7754/3622/559 7752/3439/559 7864/4175/559
f 7864/4175/559 7753/3181/559 7751/3621/559
f 7751/3621/559 7739/3182/559 7742/4177/559
f 7742/4177/559 7747/3182/559 7746/3621/559
f 7746/3621/559 7863/4175/559 7743/3622/559
f 7743/3622/559 7740/4176/559 7754/3622/559
f 7754/3622/559 7864/4175/559 7751/3621/559
f 7751/3621/559 7742/4177/559 7746/3621/559
f 7746/3621/559 7743/3622/559 7754/3622/559
f 6080/1456/1626 6057/3589/4895 5976/1183/1299
f 7675/1564/1758 7673/1563/1757 7674/3497/5048
f 6535/3497/4685 6527/1563/3065 6529/1564/5083
f 5606/691/651 5608/690/651 5607/3197/4039
f 7780/803/5084 7781/328/1477 7779/417/1475
f 5980/3634/1405 5978/4268/6385 5979/713/740
f 5569/169/151 5568/171/153 5537/7/1304
f 7805/328/4051 7832/330/4050 7831/329/5086
f 6404/1771/2025 6401/1770/2024 6430/1718/1960
f 5248/330/3875 5247/329/3874 5277/1458/5088
f 7905/2065/5090 7906/2066/6415 7897/3388/5091
f 7903/3635/5092 7886/3071/6212 7889/3073/4365
f 387/1220/5094 386/351/359 401/2070/5095
f 7858/1332/5097 7857/1458/6416 7724/329/5065
f 4939/1678/4887 4936/1678/4889 4940/1679/5098
f 7856/329/3864 7854/330/3614 7855/1332/5100
f 7716/330/1874 7717/1332/6417 7715/1458/5102
f 7772/803/5103 7773/328/3616 7771/417/3615
f 7341/793/5105 7340/794/5105 7224/792/4409
f 5836/604/4305 5834/604/4304 5848/603/5041
f 522/2938/3601 510/457/471 512/456/470
f 5964/3636/4506 5962/4279/6418 5963/3637/5106
f 2539/3638/5107 2541/4280/6419 2540/3639/5108
f 7153/806/5110 7151/807/5111 7152/805/5111
f 7656/3126/101 7654/3122/101 7655/1225/101
f 4438/268/3738 4435/268/6420 4437/752/5112
f 5952/925/5113 5943/1803/6210 5944/1803/3966
f 6750/4229/3779 6742/3514/6274 6744/3521/4780
f 6744/3521/4780 6743/3518/4779 6745/3513/6275
f 6745/3513/6275 6746/4228/6421 6747/3641/5114
f 6747/3641/5114 6748/4227/283 6749/3515/4742
f 6749/3515/4742 6750/4229/3779 6744/3521/4780
f 6744/3521/4780 6745/3513/6275 6747/3641/5114
f 419/3642/5115 417/3643/6422 418/862/902
f 5700/864/1759 5701/862/1760 5699/3643/5116
f 7834/1332/5118 7833/1458/5118 7827/329/5119
f 7616/1610/5121 7617/2854/6423 7575/1609/4319
f 2263/3644/5122 2264/4281/6424 2262/3165/3955
f 1999/1377/1527 2000/1376/1526 1997/1370/1520
f 2030/420/434 2347/1542/1738 2348/1541/1737
f 5976/1183/1299 5973/1182/1298 5971/3646/5127
f 151/111/97 148/116/559 150/3659/559
f 150/3659/559 149/115/559 152/109/95
f 6731/3612/5129 6732/3614/5129 6728/3432/4513
f 2783/2236/2642 3455/1508/6425 3446/569/6426
f 2783/2236/2642 3446/569/6426 3438/568/6427
f 2302/2937/5135 2784/3074/5849 2783/2236/2642
f 3502/790/6428 1695/791/6429 2302/2937/5135
f 2304/3443/5134 2303/3442/6430 3502/790/6428
f 2783/2236/2642 3438/568/6427 3464/933/6431
f 2304/3443/5134 3502/790/6428 2302/2937/5135
f 2783/2236/2642 3464/933/6431 2304/3443/5134
f 4007/3664/5136 4006/3663/5133 4005/3662/5132
f 1940/3666/5138 1938/927/972 1939/926/971
f 4005/3662/5132 4002/1442/1604 4009/1444/1606
f 483/3675/5147 485/3675/5147 484/3675/5147
f 6259/1736/5148 6257/1736/6432 6258/1735/5149
f 7123/1879/6433 7124/336/6434 7122/1878/5151
f 7122/1878/5151 7119/335/6435 7121/3575/5152
f 7120/334/5153 7123/1879/6433 7122/1878/5151
f 575/292/1924 579/507/525 578/959/5155
f 578/959/6436 574/4282/6436 573/3677/6436
f 7308/37/5157 7310/38/5157 7309/36/5158
f 7812/1458/5159 7813/329/1650 7811/330/1650
f 6581/3678/8 6579/4283/8 6580/3679/8
f 7846/1332/5160 7845/1458/6437 7831/329/5086
f 1694/790/5161 1693/790/827 1692/3442/4543
f 2334/1575/1775 2685/4139/6438 2686/2579/3115
f 7789/328/5036 7826/330/2959 7825/329/2961
f 7603/2854/5162 7560/1609/5388 7562/1611/5163
f 2149/3683/5167 2151/4284/6439 2563/3681/5165
f 2563/3681/5165 2564/4285/6440 2150/3682/5166
f 4243/1987/5168 4245/1987/5355 4244/1987/2290
f 3390/2439/2942 3383/2048/2370 2684/3684/5170
f 2684/3684/5170 2345/300/295 3391/3685/5171
f 6335/3990/6441 6334/1758/6442 6332/3686/5172
f 6332/3686/5172 6329/2888/4588 6328/2100/4587
f 6332/3686/5172 6328/2100/4587 6331/540/6443
f 6336/3687/5174 6335/3990/6441 6332/3686/5172
f 6337/2938/5481 6338/525/544 6336/3687/5174
f 6332/3686/5172 6331/540/6443 6333/539/5173
f 6333/539/5173 6337/2938/5481 6336/3687/5174
f 6116/3688/4489 6117/4286/5175 6115/3689/5175
f 4431/3574/4832 4433/685/3718 4432/685/4833
f 638/112/98 639/3908/5581 637/517/535
f 7734/330/4019 7848/1332/4020 7847/1458/5176
f 7600/1840/5177 7572/1839/5039 7570/2293/5178
f 137/698/719 138/700/719 136/699/720
f 7497/3690/5180 7505/3616/5011 7504/3618/5013
f 7868/3692/5181 7869/3707/6444 7867/3693/5182
f 1907/3694/644 1905/4287/1361 1906/3695/644
f 7417/686/5184 7415/2371/5185 7416/687/5185
f 7522/2293/4950 7593/1838/6445 7592/1840/5186
f 7773/328/3616 7854/330/3614 7856/329/3864
f 5043/43/5188 5040/1709/1935 5041/42/5189
f 5041/42/5189 5044/1620/6446 5063/44/5190
f 7511/3384/4441 7513/3385/4442 7506/3697/5191
f 881/1423/1586 882/2863/5616 880/742/1688
f 7579/1609/4413 7580/1839/4969 7578/2293/4971
f 5640/3260/4164 5641/3259/4346 5642/3699/4163
f 7553/1609/5042 7554/1839/5005 7552/2293/5005
f 7804/803/5193 7805/328/4051 7803/417/5087
f 3523/2595/3131 3526/2598/3134 3528/2600/3136
f 1223/715/5195 1224/3980/6447 1071/1716/1952
f 206/3702/81 205/4288/6110 201/3700/81
f 201/3700/81 204/4289/6448 202/3701/81
f 202/3701/81 203/4290/6449 206/3702/81
f 1568/1264/1382 1566/1264/1381 1567/580/596
f 7530/2293/5196 7533/1839/4413 7568/1609/4807
f 1357/3703/5197 2762/3970/5657 2761/1597/1794
f 6220/16/4550 6217/18/4680 6219/17/4681
f 3868/2005/2312 3869/3736/5282 3867/3705/5199
f 3708/2640/5200 2079/2024/3592 2081/2025/3593
f 4966/3707/5202 4964/3692/6344 4965/3583/4871
f 609/717/745 611/716/744 1019/1731/4573
f 2467/4055/5900 2133/3362/4384 2077/1505/1683
f 2077/1505/1683 2075/2111/2463 2076/2110/2462
f 2076/2110/2462 2185/3350/5649 2585/1536/1729
f 2585/1536/1729 2584/4054/6450 2586/4053/6451
f 2510/3708/5203 2764/2282/6452 2467/4055/5900
f 2076/2110/2462 2585/1536/1729 2586/4053/6451
f 2510/3708/5203 2467/4055/5900 2077/1505/1683
f 2076/2110/2462 2586/4053/6451 2510/3708/5203
f 7763/803/5204 7723/328/5066 7725/417/5205
f 634/1201/5207 1226/1203/5208 1225/1202/5208
f 7556/1609/3785 7558/1611/6085 7614/1610/5209
f 7497/3690/5180 7498/3691/5180 7496/3709/5211
f 7507/3384/4210 7508/3698/5191 7506/3697/5191
f 4694/3482/5215 4697/4218/6453 4698/3484/5213
f 4698/3484/5213 4695/3483/6454 4696/3711/5214
f 642/724/1328 775/237/227 1050/545/566
f 4132/2923/3559 4135/2926/3562 4130/3712/5217
f 1919/2644/3178 2085/2655/3188 2082/3713/5218
f 7030/793/5220 7028/794/6455 7029/792/3487
f 7758/804/5222 7756/803/6456 7757/328/1628
f 4068/2900/3514 4067/2899/3513 572/2901/3516
f 1048/410/680 1049/1707/2104 1005/529/549
f 1610/747/780 1602/1438/1597 1604/359/5223
f 1604/359/5223 381/2764/3335 1609/1992/2299
f 7820/1458/5224 7821/329/5329 7819/330/5225
f 431/624/642 429/623/641 430/3306/5227
f 7501/3617/5012 7502/4271/5012 7500/3715/5229
f 5112/2423/5231 5110/2425/4756 5111/2424/5232
f 6452/3675/5234 6451/3675/5234 6449/3675/5234
f 877/811/2261 1157/410/421 804/341/454
f 3576/615/5236 3577/3134/3900 2426/339/347
f 7519/1609/5237 7577/1839/6289 7576/2293/4783
f 2439/1278/3644 2438/158/3643 1910/1279/1402
f 7433/688/5238 7434/686/6457 7432/2371/5238
f 7368/1211/5239 7448/903/5239 7366/904/4524
f 6353/2901/4602 6351/2899/4599 6352/2900/4601
f 2934/1883/2164 2918/4011/5731 2935/3718/5240
f 2935/3718/5240 2932/3777/5369 2929/3719/5241
f 1154/834/877 1153/830/5328 1150/1533/5242
f 6187/134/5243 6188/136/6458 6185/135/5244
f 5263/1458/5245 5264/1332/6459 5236/330/4063
f 7312/1166/5246 7313/1164/6460 7306/1283/5247
f 2548/1616/1811 2464/1615/1810 2462/2309/2785
f 2462/2309/2785 2463/2352/2838 2600/2312/2788
f 3834/2461/2976 3835/4291/5248 3833/3720/5248
f 93/2164/5249 92/2164/5365 89/126/5250
f 7297/1211/5251 7446/903/5251 7294/904/4891
f 4598/3032/5253 4599/920/5421 4597/266/258
f 4597/266/258 4595/1466/1644 4596/919/5252
f 6389/2751/4687 6391/2749/4689 6392/3172/4617
f 4958/3721/5255 4955/2084/2427 4957/3210/4070
f 5573/1160/651 5571/1161/651 5572/3276/651
f 6950/1879/6461 6951/336/6462 6949/1878/5256
f 6949/1878/5256 6946/335/6463 6948/3575/5257
f 6947/334/5258 6950/1879/6461 6949/1878/5256
f 3933/3722/5259 3935/3781/5259 3934/3723/5259
f 4644/1176/1714 4645/2879/3466 4643/2879/3840
f 116/3727/5262 118/89/75 117/91/77
f 114/3725/5260 115/4292/5261 113/3726/5261
f 116/3727/5262 117/91/77 114/3725/5260
f 4678/168/3805 4679/168/6088 4677/1186/1307
f 4182/1079/701 4183/1080/839 4181/1080/701
f 1725/466/5264 1717/703/3663 1716/703/3664
f 4799/3730/5267 4800/2959/6464 4801/3728/5265
f 4801/3728/5265 4797/2961/6465 4798/3729/5266
f 4798/3729/5266 4796/2960/6466 4799/3730/5267
f 314/13/170 316/15/305 315/14/302
f 835/730/5268 836/3865/5268 834/723/5269
f 5124/330/4034 5125/329/4033 5123/1458/5270
f 952/1079/2116 953/1852/2116 951/637/2116
f 4968/1310/1440 4969/3438/5592 4967/3437/5272
f 452/1657/5276 450/1656/6467 473/2240/5274
f 473/2240/5274 453/1655/5274 451/2241/5275
f 5077/3732/5277 5071/4082/5949 5070/3733/5278
f 373/1865/5462 372/2559/5461 367/2557/5280
f 367/2557/5280 364/1189/5457 365/1277/4852
f 365/1277/4852 366/4293/6394 368/2763/5281
f 368/2763/5281 373/1865/5462 367/2557/5280
f 684/3486/4657 681/3030/4657 685/3735/4330
f 3869/3736/5282 3863/3154/3942 3865/3737/5283
f 1667/1448/5284 1665/2785/6468 1666/2785/5285
f 917/2291/5287 874/4013/5736 875/1916/2203
f 7762/804/5288 7760/803/6150 7761/328/5289
f 4915/1725/1970 4913/1724/1969 4923/3205/4189
f 702/75/1300 698/77/5654 701/76/1766
f 2083/2835/3401 2084/2834/3400 2082/3713/5218
f 2082/3713/5218 2085/2655/3188 3589/2658/3194
f 3589/2658/3194 3590/4294/6469 2083/2835/3401
f 6540/1850/5292 6522/3739/5295 6519/1849/5293
f 5587/470/4231 5588/3288/4230 5585/469/4227
f 1599/1188/1310 1598/3555/4774 371/2215/4775
f 161/109/5294 160/111/102 162/110/4523
f 6520/3623/620 6521/3624/620 6519/1849/5293
f 2112/1938/2227 2159/1926/2213 3276/1928/2215
f 3276/1928/2215 2436/1945/2234 3262/2334/2815
f 4832/3133/3899 4833/1560/3898 4901/1562/2270
f 4901/1562/2270 4898/705/2269 4899/3163/5296
f 7141/1406/5297 7138/1404/5519 7140/792/831
f 7282/1405/5299 7281/1406/6470 7106/1404/5300
f 5780/3740/4327 5778/3333/4327 5779/3741/5301
f 2066/2784/3355 2068/2897/21 2069/1210/3787
f 511/455/469 510/457/471 509/451/465
f 6053/3284/4217 6052/3430/4510 6073/3313/4293
f 2972/1537/1730 2274/3108/6023 2830/3221/5302
f 3399/2188/2562 3368/2462/2977 3375/2429/2927
f 3366/3743/5303 3367/4295/6471 3418/2189/2563
f 3399/2188/2562 3375/2429/2927 3366/3743/5303
f 1092/829/5304 1093/828/6472 1090/857/4794
f 439/1170/5080 414/1172/3421 413/1171/5306
f 4941/1679/5099 4940/1679/5098 4942/669/3476
f 1543/1126/1234 1073/1636/1842 1074/1122/1230
f 1396/3744/5308 1381/4215/6246 3002/2534/3062
f 6140/1/5309 6141/3/6473 6139/2/4626
f 388/2071/5096 390/1496/5843 396/2903/5310
f 396/2903/5310 391/1151/5839 395/2755/5311
f 395/2755/5311 389/4296/5417 387/1220/5094
f 387/1220/5094 388/2071/5096 396/2903/5310
f 2597/3747/5314 2101/4297/6474 2103/3745/5312
f 2103/3745/5312 2102/4298/6475 2104/3746/5313
f 2104/3746/5313 2596/4299/6476 2597/3747/5314
f 2092/3748/5315 2093/4300/5315 2091/3749/5315
f 971/76/1861 969/206/692 970/75/692
f 1825/3751/5316 1840/2702/3241 3980/3752/5317
f 6121/3754/3180 6119/3417/4488 6120/3419/4488
f 3881/2990/5319 3883/2989/5320 3882/3724/5320
f 6067/556/574 6090/3340/4343 6087/3339/4342
f 6952/36/5321 6954/468/6477 6953/37/5322
f 46/2017/4495 47/135/120 45/2016/5324
f 7179/1405/5325 7178/1406/6478 7174/1404/4068
f 7793/328/5327 7828/330/5120 7827/329/5119
f 2139/1980/2282 2442/1787/2044 2968/3226/4092
f 1153/830/5328 1151/832/875 1152/831/874
f 209/3116/559 210/3117/559 208/1586/1783
f 7761/328/5289 7819/330/5225 7821/329/5329
f 7564/1609/5073 7566/1611/5073 7565/2293/2648
f 145/3725/5330 143/91/90 142/89/80
f 142/89/80 144/3727/6479 146/3726/5331
f 146/3726/5331 147/4292/6480 145/3725/5330
f 6467/1656/2402 6466/1656/2401 6461/2240/4301
f 2063/837/880 2064/3331/4325 2055/3600/4939
f 1984/913/950 1983/242/232 2531/3755/5332
f 632/425/3025 629/2503/3024 1063/424/5333
f 2391/3017/5335 2395/292/287 2394/294/289
f 916/3738/5337 910/4301/6481 893/3756/5336
f 893/3756/5336 892/1056/1145 894/1058/1147
f 894/1058/1147 925/1397/6482 916/3738/5337
f 2238/719/747 2643/2577/3113 1697/2578/3114
f 1697/2578/3114 2642/2576/3112 2236/720/748
f 6865/688/5338 6866/686/6483 6864/2371/5339
f 2386/512/5343 2953/2994/3687 2695/3132/6053
f 2404/3757/5341 2944/3131/5868 2795/1668/5342
f 2386/512/5343 2695/3132/6053 2404/3757/5341
f 3825/2874/5344 3824/452/466 3832/2875/5345
f 4158/3645/5346 2263/3644/645 4157/3645/5346
f 65/219/4385 38/25/17 40/27/19
f 7766/804/5348 7765/803/6459 7731/328/4063
f 2449/1557/1751 2056/2314/2790 2013/1148/1253
f 2013/1148/1253 2010/1147/1252 2398/1558/1752
f 1626/579/1856 1628/579/1855 1627/344/4941
f 2960/436/448 2599/196/181 1346/198/183
f 3985/304/5349 3984/2366/5893 1813/2366/2857
f 6059/662/685 6063/2096/2439 6083/3758/5350
f 112/1516/559 111/1515/559 109/401/410
f 109/401/410 108/403/412 110/3760/559
f 7868/3692/5181 7870/3583/5183 7876/1467/4420
f 843/3761/48 844/4302/6484 842/3762/48
f 5927/285/5354 5925/285/4405 5926/3064/3792
f 3862/3764/8 3860/4303/8 3861/3765/8
f 4245/1987/5355 4243/1987/5168 4267/644/663
f 505/448/462 503/445/459 502/444/458
f 6266/3768/5358 6265/2093/6485 6267/2094/5356
f 6267/2094/5356 6264/4041/6486 6273/3767/5357
f 6273/3767/5357 6272/212/200 6266/3768/5358
f 3820/1815/3434 3821/1401/6007 3819/1403/5359
f 2703/3771/5362 2702/4304/6487 2705/3769/5361
f 2705/3769/5361 2704/4305/645 2701/3770/283
f 6104/3772/5363 6084/3759/5351 6083/3758/5350
f 95/79/67 94/79/5395 92/2164/5365
f 2519/3776/5368 2089/4306/3432 2088/3774/5366
f 2088/3774/5366 2090/4307/6488 2520/3775/5367
f 1113/640/4905 4395/641/3595 4394/641/3595
f 2930/1903/2187 2929/3719/5241 2932/3777/5369
f 2010/1147/1252 2012/3891/5559 2399/2307/2783
f 3874/1194/1315 3876/4308/4695 3875/3778/4695
f 168/102/86 165/101/86 169/3779/5370
f 3930/3781/5371 3931/4309/5371 3929/3782/5371
f 676/77/65 673/76/64 675/487/1860
f 821/3783/3452 818/4310/3452 820/3784/3452
f 2857/2102/2449 2794/4077/5921 2859/3786/5372
f 493/3088/5373 491/316/322 492/3087/1565
f 5353/3343/5375 5350/3794/5968 5352/2665/3201
f 2490/1111/5377 2977/1110/6489 2488/3787/5376
f 2488/3787/5376 2491/2679/3214 2489/2678/3213
f 520/540/769 514/459/473 515/2098/2444
f 1737/3788/5378 1735/1653/1866 1736/349/1868
f 4699/3789/5379 4701/3018/5379 4700/3790/5379
f 1355/3704/5198 2761/1597/1794 2956/1786/2043
f 3890/3620/5016 3889/3619/5016 3891/3002/3697
f 5054/2066/5380 5052/2065/6490 5053/3386/4429
f 6171/2232/3791 6169/2234/4518 6170/2233/5381
f 4897/889/5382 4852/652/671 4832/3133/3899
f 3425/1874/2151 2813/4009/5723 3397/3793/5383
f 3117/2199/2579 2612/2206/2587 2613/2297/2771
f 7382/336/5386 7380/1878/6491 7378/335/5384
f 7378/335/5384 7379/3575/6492 7377/334/5385
f 7377/334/5385 7381/1879/6493 7382/336/5386
f 5892/3794/5387 5888/3343/4360 5886/3598/4937
f 172/154/141 173/156/141 171/155/3229
f 7561/2293/4931 7562/1611/5163 7560/1609/5388
o old_mig_glass
v 0.132368 2.277637 3.610377
v -0.100717 2.190602 3.783208
v 0.100610 2.190602 3.783208
v -0.132469 2.277637 3.610377
v 0.133727 2.331404 3.504678
v -0.133835 2.331404 3.504678
v 0.120210 2.393258 3.383210
v -0.120317 2.393258 3.383210
v 0.092859 2.437411 3.296491
v -0.092859 2.437411 3.296491
v 0.040451 2.467875 3.232766
v -0.040559 2.467875 3.232766
v 0.320279 2.348322 2.665163
v 0.353504 2.229954 2.994061
v 0.350987 2.260829 2.653385
v 0.322903 2.311899 3.030880
v 0.263579 2.428936 2.675331
v 0.263579 2.391870 3.066817
v 0.186343 2.492294 2.683249
v 0.186343 2.451274 3.093423
v 0.096418 2.487107 3.109471
v 0.096418 2.528461 2.688086
v 0.000000 2.540795 2.689810
v 0.000000 2.496455 3.113643
v 0.316504 2.290835 3.156547
v 0.234552 2.333938 3.347386
v 0.292087 2.250329 3.310008
v 0.257819 2.372573 3.193254
v 0.199443 2.316501 3.490531
v 0.184661 2.381295 3.368809
v 0.301103 2.364881 2.312243
v 0.331704 2.277181 2.310421
v 0.252578 2.438333 2.313770
v 0.181203 2.498272 2.314907
v 0.093801 2.534523 2.315660
v 0.000000 2.546995 2.315920
v 0.364087 2.185674 2.643122
v 0.343230 2.210854 2.309043
v 0.360212 2.159849 2.962624
v 0.351721 2.141699 3.089609
v 0.314513 2.177111 3.277145
v 0.319021 2.129752 3.255824
v 0.345120 2.210242 3.120382
v 0.192210 2.259382 3.595952
v 0.235810 2.122506 3.539121
v 0.179003 2.433437 3.220516
v 0.164119 2.412624 3.314006
v 0.144526 2.435574 3.273814
v 0.114652 2.460128 3.232498
v 0.226902 2.182297 3.567512
v -0.353504 2.229954 2.994061
v -0.320279 2.348322 2.665163
v -0.350987 2.260829 2.653385
v -0.323004 2.311899 3.030880
v -0.263686 2.428936 2.675331
v -0.263686 2.391870 3.066817
v -0.186444 2.492294 2.683249
v -0.186444 2.451274 3.093423
v -0.096526 2.487107 3.109471
v -0.096526 2.528461 2.688086
v -0.234552 2.333938 3.347386
v -0.316612 2.290835 3.156547
v -0.292194 2.250329 3.310008
v -0.257819 2.372573 3.193254
v -0.199544 2.316501 3.490531
v -0.184769 2.381295 3.368809
v 0.000000 2.474354 3.223776
v -0.301204 2.364881 2.312243
v -0.331704 2.277181 2.310421
v -0.252679 2.438333 2.313770
v -0.181310 2.498272 2.314907
v -0.093902 2.534523 2.315660
v -0.364195 2.185674 2.643122
v -0.343337 2.210854 2.309043
v -0.360313 2.159849 2.962624
v -0.314620 2.177111 3.277145
v -0.351828 2.141699 3.089609
v -0.319128 2.129752 3.255824
v -0.345120 2.210242 3.120382
v -0.192311 2.259382 3.595952
v -0.235911 2.122506 3.539121
v -0.164227 2.412624 3.314006
v -0.179110 2.433437 3.220516
v -0.144627 2.435574 3.273814
v -0.114760 2.460128 3.232498
v -0.226902 2.182297 3.567512
vn -0.0000 0.8922 0.4517
vn -0.0000 0.8931 0.4498
vn -0.0000 0.8912 0.4536
vn -0.0000 0.8911 0.4538
vn -0.0000 0.8949 0.4462
vn -0.0000 0.8938 0.4485
vn 0.8893 0.4573 0.0073
vn 0.9691 0.2455 0.0229
vn 0.9670 0.2544 -0.0128
vn 0.8738 0.4844 0.0435
vn 0.7334 0.6792 0.0299
vn 0.7119 0.6990 0.0683
vn 0.5103 0.8588 0.0457
vn 0.4954 0.8644 0.0864
vn 0.2381 0.9662 0.0984
vn 0.2531 0.9659 0.0548
vn 0.0001 0.9983 0.0579
vn 0.0001 0.9946 0.1040
vn 0.9086 0.3470 0.2326
vn 0.7902 0.5535 0.2631
vn 0.9112 0.3159 0.2644
vn 0.7706 0.5869 0.2484
vn 0.8402 0.4643 0.2800
vn 0.6909 0.6758 0.2569
vn 0.8937 0.4478 -0.0282
vn 0.9662 0.2542 -0.0428
vn 0.7431 0.6691 -0.0087
vn 0.5175 0.8557 0.0054
vn 0.2584 0.9659 0.0128
vn 0.0001 0.9999 0.0155
vn 0.9855 0.1685 -0.0196
vn 0.9839 0.1720 -0.0485
vn 0.9960 0.0867 0.0191
vn 0.9811 0.0074 0.1933
vn 0.9657 0.0756 0.2483
vn 0.9739 -0.0093 0.2266
vn 0.9737 0.0999 0.2049
vn 0.8915 0.3390 0.3006
vn 0.9576 0.0020 0.2881
vn 0.5474 0.8017 0.2399
vn 0.5143 0.8161 0.2636
vn 0.4394 0.8629 0.2496
vn 0.4090 0.8833 0.2292
vn 0.9358 0.1832 0.3012
vn -0.9691 0.2455 0.0228
vn -0.8895 0.4569 0.0072
vn -0.9668 0.2550 -0.0127
vn -0.8740 0.4840 0.0433
vn -0.7336 0.6789 0.0298
vn -0.7119 0.6990 0.0683
vn -0.5103 0.8588 0.0457
vn -0.4954 0.8644 0.0864
vn -0.2380 0.9663 0.0984
vn -0.2530 0.9659 0.0548
vn -0.7902 0.5536 0.2629
vn -0.9087 0.3468 0.2325
vn -0.9111 0.3162 0.2644
vn -0.7705 0.5870 0.2484
vn -0.8403 0.4644 0.2798
vn -0.6915 0.6752 0.2567
vn -0.0000 0.8113 0.5846
vn -0.8939 0.4474 -0.0281
vn -0.9661 0.2544 -0.0427
vn -0.7432 0.6690 -0.0086
vn -0.5175 0.8557 0.0054
vn -0.2584 0.9660 0.0128
vn -0.9853 0.1699 -0.0195
vn -0.9836 0.1735 -0.0483
vn -0.9959 0.0881 0.0192
vn -0.9657 0.0758 0.2482
vn -0.9812 0.0088 0.1930
vn -0.9739 -0.0093 0.2266
vn -0.9737 0.1006 0.2046
vn -0.8917 0.3383 0.3008
vn -0.9575 0.0034 0.2884
vn -0.5143 0.8161 0.2636
vn -0.5477 0.8015 0.2399
vn -0.4393 0.8630 0.2496
vn -0.4090 0.8833 0.2292
vn -0.9358 0.1830 0.3014
vt 0.483500 0.765600
vt 0.489400 0.757900
vt 0.489400 0.764500
vt 0.483500 0.756800
vt 0.480000 0.765700
vt 0.480000 0.756700
vt 0.475800 0.765300
vt 0.475800 0.757200
vt 0.472900 0.764300
vt 0.472900 0.758200
vt 0.470800 0.762600
vt 0.470800 0.759900
vt 0.476400 0.783600
vt 0.487400 0.787600
vt 0.476100 0.786700
vt 0.488600 0.784400
vt 0.476700 0.780400
vt 0.489700 0.780900
vt 0.476900 0.777200
vt 0.490600 0.777800
vt 0.491200 0.774500
vt 0.477100 0.774200
vt 0.477100 0.771200
vt 0.491200 0.771200
vt 0.492800 0.784900
vt 0.499100 0.781600
vt 0.497900 0.785500
vt 0.494000 0.781300
vt 0.503900 0.780900
vt 0.499900 0.778900
vt 0.464600 0.783000
vt 0.464600 0.786100
vt 0.464600 0.780000
vt 0.464600 0.777100
vt 0.464600 0.774200
vt 0.464600 0.771200
vt 0.475700 0.789400
vt 0.464600 0.788600
vt 0.486400 0.790000
vt 0.490700 0.790500
vt 0.496900 0.788800
vt 0.496200 0.790800
vt 0.491700 0.788000
vt 0.507600 0.782500
vt 0.505700 0.790400
vt 0.494900 0.777700
vt 0.498000 0.777700
vt 0.496700 0.776600
vt 0.495200 0.775400
vt 0.506600 0.787000
vt 0.470500 0.761200
s 1
usemtl mat_old_mig_body
f 7927/4311/6494 7928/4312/6495 7929/4313/6495
f 7930/4314/6494 7928/4312/6495 7927/4311/6494
f 7931/4315/6496 7930/4314/6494 7927/4311/6494
f 7932/4316/6496 7930/4314/6494 7931/4315/6496
f 7933/4317/6497 7932/4316/6496 7931/4315/6496
f 7934/4318/6497 7932/4316/6496 7933/4317/6497
f 7935/4319/6498 7934/4318/6497 7933/4317/6497
f 7936/4320/6498 7934/4318/6497 7935/4319/6498
f 7937/4321/6499 7936/4320/6498 7935/4319/6498
f 7938/4322/6499 7936/4320/6498 7937/4321/6499
f 7939/4323/6500 7940/4324/6501 7941/4325/6502
f 7939/4323/6500 7942/4326/6503 7940/4324/6501
f 7943/4327/6504 7942/4326/6503 7939/4323/6500
f 7943/4327/6504 7944/4328/6505 7942/4326/6503
f 7945/4329/6506 7944/4328/6505 7943/4327/6504
f 7945/4329/6506 7946/4330/6507 7944/4328/6505
f 7945/4329/6506 7947/4331/6508 7946/4330/6507
f 7945/4329/6506 7948/4332/6509 7947/4331/6508
f 7949/4333/6510 7950/4334/6511 7947/4331/6508
f 7951/4335/6512 7952/4336/6513 7953/4337/6514
f 7951/4335/6512 7954/4338/6515 7952/4336/6513
f 7955/4339/6516 7952/4336/6513 7956/4340/6517
f 7957/4341/6518 7941/4325/6502 7958/4342/6519
f 7957/4341/6518 7939/4323/6500 7941/4325/6502
f 7959/4343/6520 7939/4323/6500 7957/4341/6518
f 7959/4343/6520 7943/4327/6504 7939/4323/6500
f 7960/4344/6521 7943/4327/6504 7959/4343/6520
f 7960/4344/6521 7945/4329/6506 7943/4327/6504
f 7961/4345/6522 7945/4329/6506 7960/4344/6521
f 7961/4345/6522 7948/4332/6509 7945/4329/6506
f 7962/4346/6523 7948/4332/6509 7961/4345/6522
f 7962/4346/6523 7949/4333/6510 7948/4332/6509
f 7963/4347/6524 7958/4342/6519 7941/4325/6502
f 7963/4347/6524 7964/4348/6525 7958/4342/6519
f 7963/4347/6524 7940/4324/6501 7965/4349/6526
f 7963/4347/6524 7941/4325/6502 7940/4324/6501
f 7966/4350/6527 7967/4351/6528 7968/4352/6529
f 7966/4350/6527 7969/4353/6530 7967/4351/6528
f 7953/4337/6514 7955/4339/6516 7970/4354/6531
f 7968/4352/6529 7967/4351/6528 7971/4355/6532
f 7972/4356/6533 7973/4357/6534 7956/4340/6517
f 7974/4358/6535 7972/4356/6533 7975/4359/6536
f 7974/4358/6535 7973/4357/6534 7972/4356/6533
f 7954/4338/6515 7956/4340/6517 7952/4336/6513
f 7954/4338/6515 7972/4356/6533 7956/4340/6517
f 7949/4333/6510 7947/4331/6508 7948/4332/6509
f 7953/4337/6514 7952/4336/6513 7955/4339/6516
f 7969/4353/6530 7953/4337/6514 7967/4351/6528
f 7969/4353/6530 7951/4335/6512 7953/4337/6514
f 7967/4351/6528 7953/4337/6514 7976/4360/6537
f 7967/4351/6528 7976/4360/6537 7971/4355/6532
f 7970/4354/6531 7976/4360/6537 7953/4337/6514
f 7977/4324/6538 7978/4323/6539 7979/4325/6540
f 7980/4326/6541 7978/4323/6539 7977/4324/6538
f 7980/4326/6541 7981/4327/6542 7978/4323/6539
f 7982/4328/6543 7981/4327/6542 7980/4326/6541
f 7982/4328/6543 7983/4329/6544 7981/4327/6542
f 7984/4330/6545 7983/4329/6544 7982/4328/6543
f 7985/4331/6546 7983/4329/6544 7984/4330/6545
f 7986/4332/6547 7983/4329/6544 7985/4331/6546
f 7950/4334/6511 7949/4333/6510 7985/4331/6546
f 7987/4336/6548 7988/4335/6549 7989/4337/6550
f 7990/4338/6551 7988/4335/6549 7987/4336/6548
f 7987/4336/6548 7991/4339/6552 7992/4340/6553
f 7938/4322/6499 7937/4321/6499 7993/4361/6554
f 7979/4325/6540 7994/4341/6555 7995/4342/6556
f 7978/4323/6539 7994/4341/6555 7979/4325/6540
f 7978/4323/6539 7996/4343/6557 7994/4341/6555
f 7981/4327/6542 7996/4343/6557 7978/4323/6539
f 7981/4327/6542 7997/4344/6558 7996/4343/6557
f 7983/4329/6544 7997/4344/6558 7981/4327/6542
f 7983/4329/6544 7998/4345/6559 7997/4344/6558
f 7986/4332/6547 7998/4345/6559 7983/4329/6544
f 7986/4332/6547 7962/4346/6523 7998/4345/6559
f 7949/4333/6510 7962/4346/6523 7986/4332/6547
f 7995/4342/6556 7999/4347/6560 7979/4325/6540
f 8000/4348/6561 7999/4347/6560 7995/4342/6556
f 7977/4324/6538 7999/4347/6560 8001/4349/6562
f 7979/4325/6540 7999/4347/6560 7977/4324/6538
f 8002/4351/6563 8003/4350/6564 8004/4352/6565
f 8005/4353/6566 8003/4350/6564 8002/4351/6563
f 7991/4339/6552 7989/4337/6550 8006/4354/6567
f 8002/4351/6563 8004/4352/6565 8007/4355/6568
f 8008/4357/6569 8009/4356/6570 7992/4340/6553
f 8009/4356/6570 8010/4358/6571 8011/4359/6572
f 8008/4357/6569 8010/4358/6571 8009/4356/6570
f 7992/4340/6553 7990/4338/6551 7987/4336/6548
f 8009/4356/6570 7990/4338/6551 7992/4340/6553
f 7985/4331/6546 7949/4333/6510 7986/4332/6547
f 7987/4336/6548 7989/4337/6550 7991/4339/6552
f 7989/4337/6550 8005/4353/6566 8002/4351/6563
f 7988/4335/6549 8005/4353/6566 7989/4337/6550
f 7989/4337/6550 8002/4351/6563 8012/4360/6573
f 8012/4360/6573 8002/4351/6563 8007/4355/6568
f 8012/4360/6573 8006/4354/6567 7989/4337/6550
o old_mig_missile2
v 1.584734 0.425733 -1.291506
v 1.953014 0.978694 -0.852746
v 2.057291 1.066117 -2.724380
v 1.953014 1.066117 -2.724380
v 2.057291 0.978694 -0.852746
v 1.953014 1.066117 -2.724380
v 1.879230 0.904966 -0.856162
v 1.953014 0.978694 -0.852746
v 1.879230 0.992389 -2.727803
v 1.879230 0.800768 -0.861052
v 1.879230 0.888191 -2.732693
v 1.953014 0.727039 -0.864475
v 1.953014 0.814462 -2.736110
v 1.969573 0.662534 1.377569
v 1.896838 0.712322 1.190962
v 1.960247 0.648969 1.187970
v 1.919264 0.712799 1.379872
v 1.896838 0.801971 1.195133
v 1.919264 0.783803 1.383232
v 1.960247 0.865325 1.198125
v 1.969573 0.834074 1.385535
v 1.985290 0.694111 1.512614
v 1.957098 0.722282 1.513933
v 1.957098 0.761969 1.515807
v 1.985290 0.790039 1.517124
v 2.005099 0.737314 1.617710
v 1.733136 1.192307 -2.294487
v 1.913814 0.984931 -1.823728
v 1.916122 1.027519 -2.687973
v 1.733136 1.210264 -2.679351
v 2.320035 0.501508 -0.084850
v 2.081708 0.725885 0.220455
v 2.081708 0.735703 0.010270
v 2.292469 0.512464 0.270526
v 2.081708 0.837401 1.114316
v 2.151932 0.922829 0.791759
v 2.151932 0.911123 1.042257
v 2.081708 0.856841 0.698243
v 2.151932 0.617792 1.028511
v 2.081708 0.703844 0.691080
v 2.081708 0.684506 1.107156
v 2.151932 0.629497 0.778013
v 1.928596 0.684506 1.107156
v 1.858271 0.629497 0.778013
v 1.858271 0.617792 1.028511
v 1.928596 0.703844 0.691080
v 1.690270 1.130585 -0.055534
v 1.928596 0.878887 0.227618
v 1.928596 0.888705 0.017433
v 1.717836 1.086569 0.297340
v 1.921256 1.015810 -2.326251
v 1.900822 1.033220 -2.261107
v 1.921256 1.012801 -2.262050
v 1.900822 1.036229 -2.325302
v 2.081708 0.888705 0.017433
v 2.292469 1.086569 0.297340
v 2.320035 1.130585 -0.055534
v 2.081708 0.878887 0.227618
v 2.109483 0.813767 -2.480451
v 2.119858 0.821118 -2.415725
v 2.109483 0.810751 -2.416256
v 2.119858 0.824134 -2.479925
v 2.088941 0.827408 -2.334984
v 2.119858 0.817459 -2.335507
v 2.109483 0.806989 -2.335933
v 2.099424 0.837884 -2.334558
v 2.109483 0.803982 -2.271840
v 2.099424 0.834874 -2.270363
v 2.088941 0.824508 -2.270888
v 2.119858 0.814449 -2.271312
v 1.910881 1.005334 -2.326677
v 1.890446 1.022853 -2.261632
v 1.890446 1.025861 -2.325726
v 1.910881 1.002434 -2.262582
v 2.040631 0.662534 1.377569
v 1.960247 0.648969 1.187970
v 2.049957 0.648969 1.187970
v 1.969573 0.662534 1.377569
v 2.025014 0.694111 1.512614
v 1.985290 0.694111 1.512614
v 1.910881 0.844660 -2.478974
v 1.900822 0.813767 -2.480451
v 1.890446 0.824134 -2.479925
v 1.921256 0.834184 -2.479400
v 2.049957 0.740587 -0.774774
v 1.953014 0.727039 -0.864475
v 2.057291 0.727039 -0.864475
v 1.960247 0.740587 -0.774774
v 1.900822 0.810751 -2.416256
v 1.890446 0.821118 -2.415725
v 1.921256 1.022586 -2.470661
v 1.900822 1.039996 -2.405517
v 1.921256 1.019570 -2.406466
v 1.900822 1.043005 -2.469712
v 1.910881 1.012112 -2.471194
v 1.890446 1.029629 -2.406049
v 1.890446 1.032637 -2.470142
v 1.910881 1.009103 -2.407000
v 1.890446 0.814449 -2.271312
v 1.921256 0.824508 -2.270888
v 1.910881 0.834874 -2.270363
v 1.900822 0.803982 -2.271840
v 1.910881 0.841644 -2.414773
v 2.091774 0.979419 -2.799665
v 1.969256 1.030108 -2.797353
v 2.041048 1.030108 -2.797353
v 1.918531 0.979419 -2.799665
v 2.091774 0.907789 -2.803038
v 1.918531 0.907789 -2.803038
v 1.969256 0.857101 -2.805349
v 2.041048 0.857101 -2.805349
v 2.040631 0.834074 1.385535
v 2.113466 0.801971 1.195133
v 2.049957 0.865325 1.198125
v 2.090933 0.783803 1.383232
v 2.113466 0.712322 1.190962
v 2.090933 0.712799 1.379872
v 2.049957 0.648969 1.187970
v 2.040631 0.662534 1.377569
v 2.025014 0.790039 1.517124
v 2.053099 0.761969 1.515807
v 2.053099 0.722282 1.513933
v 2.025014 0.694111 1.512614
v 2.094183 1.027519 -2.687973
v 2.277168 1.210264 -2.679351
v 2.277168 1.192305 -2.294385
v 2.091982 0.989328 -1.823529
v 2.119858 1.029629 -2.406049
v 2.088941 1.019570 -2.406466
v 2.099424 1.009103 -2.407000
v 2.109483 1.039996 -2.405517
v 2.088941 1.022586 -2.470661
v 2.109483 1.043005 -2.469712
v 2.119858 1.025861 -2.325726
v 2.109483 1.033220 -2.261107
v 2.119858 1.022853 -2.261632
v 2.109483 1.036229 -2.325302
v 2.099424 1.005334 -2.326677
v 2.099424 1.002434 -2.262582
v 2.173309 1.065701 -1.811356
v 2.091982 0.989328 -1.823529
v 2.094183 0.981656 -1.706595
v 2.277168 1.192305 -2.294385
v 1.916122 0.849485 -2.696282
v 1.733136 0.666744 -2.704796
v 1.733136 0.648785 -2.319825
v 1.918322 0.806897 -1.832037
v 2.057291 0.727039 -0.864475
v 2.113466 0.803949 -0.771889
v 2.049957 0.740587 -0.774774
v 2.131074 0.800768 -0.861052
v 2.113466 0.893592 -0.767719
v 2.131074 0.904966 -0.856162
v 2.049957 0.956951 -0.764726
v 2.057291 0.978694 -0.852746
v 2.096490 0.984931 -1.823728
v 1.953014 0.814462 -2.736110
v 2.057291 0.814462 -2.736110
v 2.025014 0.790039 1.517124
v 1.985290 0.790039 1.517124
v 2.040631 0.834074 1.385535
v 1.969573 0.834074 1.385535
v 2.049957 0.865325 1.198125
v 1.960247 0.865325 1.198125
v 2.096490 0.984931 -1.823728
v 2.088941 1.015810 -2.326251
v 2.088941 1.012801 -2.262050
v 1.928596 0.725885 0.220455
v 1.690270 0.501508 -0.084850
v 1.717836 0.512464 0.270526
v 1.928596 0.735703 0.010270
v 2.088941 0.834184 -2.479400
v 2.099424 0.844660 -2.478974
v 2.099424 0.841644 -2.414773
v 2.088941 0.831176 -2.415307
v 1.913814 0.984931 -1.823728
v 1.836996 1.065701 -1.811356
v 1.733136 1.192307 -2.294487
v 1.916122 0.981656 -1.706595
v 2.094183 0.849485 -2.696282
v 2.277168 0.666744 -2.704796
v 2.277168 0.648785 -2.319825
v 2.091982 0.806897 -1.832037
v 1.858271 0.922829 0.791759
v 1.928596 0.837401 1.114316
v 1.928596 0.856841 0.698243
v 1.858271 0.911123 1.042257
v 2.049957 0.740587 -0.774774
v 2.113466 0.712322 1.190962
v 2.049957 0.648969 1.187970
v 2.113466 0.803949 -0.771889
v 2.113466 0.801971 1.195133
v 2.113466 0.893592 -0.767719
v 2.049957 0.865325 1.198125
v 2.049957 0.956951 -0.764726
v 1.921256 0.831176 -2.415307
v 1.900822 0.806989 -2.335933
v 1.910881 0.837884 -2.334558
v 1.921256 0.827408 -2.334984
v 1.890446 0.817459 -2.335507
v 1.918322 0.806897 -1.832037
v 1.836996 0.729743 -1.827038
v 1.733136 0.648785 -2.319825
v 1.916122 0.803730 -1.714909
v 2.099424 1.012110 -2.471087
v 2.119858 1.032637 -2.470142
v 1.960247 0.865325 1.198125
v 2.049957 0.956951 -0.764726
v 1.960247 0.956951 -0.764726
v 2.049957 0.865325 1.198125
v 2.096490 0.811401 -1.831836
v 2.173309 0.729743 -1.827038
v 2.277168 0.648785 -2.319825
v 2.094183 0.803730 -1.714909
v 1.913814 0.811401 -1.831836
v 1.960247 0.956951 -0.764726
v 1.896838 0.801971 1.195133
v 1.960247 0.865325 1.198125
v 1.896838 0.893592 -0.767719
v 1.896838 0.712322 1.190962
v 1.896838 0.803949 -0.771889
v 1.960247 0.648969 1.187970
v 1.960247 0.740587 -0.774774
v 1.918322 0.989328 -1.823529
v 2.131074 0.992389 -2.727803
v 2.057291 1.066117 -2.724380
v 2.131074 0.888191 -2.732693
v 2.057291 0.814462 -2.736110
v 2.091982 0.806897 -1.832037
v 2.049957 0.648969 1.187970
v 1.960247 0.740587 -0.774774
v 2.049957 0.740587 -0.774774
v 1.960247 0.648969 1.187970
v 1.960247 0.956951 -0.764726
v 2.049957 0.956951 -0.764726
v 1.896838 0.893592 -0.767719
v 1.960247 0.956951 -0.764726
v 1.896838 0.803949 -0.771889
v 1.960247 0.740587 -0.774774
v 1.913814 0.811401 -1.831836
v 1.918322 0.989328 -1.823529
v 2.096490 0.811401 -1.831836
v 2.131074 0.992389 -2.727803
v 2.091774 0.907789 -2.803038
v 2.091774 0.979419 -2.799665
v 2.131074 0.888191 -2.732693
v 2.041048 0.857101 -2.805349
v 2.057291 0.814462 -2.736110
v 1.969256 0.857101 -2.805349
v 1.953014 0.814462 -2.736110
v 1.918531 0.907789 -2.803038
v 1.879230 0.888191 -2.732693
v 1.918531 0.979419 -2.799665
v 1.879230 0.992389 -2.727803
v 1.969256 1.030108 -2.797353
v 1.953014 1.066117 -2.724380
v 2.057291 1.066117 -2.724380
v 2.041048 1.030108 -2.797353
v -2.057291 0.978657 -0.850963
v -1.953014 1.066082 -2.722705
v -2.057291 1.066082 -2.722705
v -1.953014 0.978657 -0.850963
v -2.057291 1.066082 -2.722705
v -2.131176 0.904931 -0.854487
v -2.057291 0.978657 -0.850963
v -2.131074 0.992354 -2.726122
v -2.131176 0.800731 -0.859276
v -2.131074 0.888156 -2.731012
v -2.057291 0.727005 -0.862800
v -2.057291 0.814428 -2.734435
v -2.040732 0.662499 1.379244
v -2.113466 0.712287 1.192643
v -2.050058 0.648932 1.189752
v -2.091040 0.712762 1.381655
v -2.113466 0.801937 1.196808
v -2.091040 0.783768 1.384913
v -2.050058 0.865290 1.199806
v -2.040732 0.834037 1.387317
v -2.025115 0.694076 1.514289
v -2.053207 0.722247 1.515608
v -2.053207 0.761934 1.517482
v -2.025115 0.790004 1.518799
v -2.005206 0.737277 1.619486
v -2.277276 1.192270 -2.292704
v -2.096490 0.984894 -1.821945
v -2.094183 1.027482 -2.686190
v -2.277276 1.210229 -2.677675
v -1.690270 0.501473 -0.083175
v -1.928596 0.725848 0.222231
v -1.928596 0.735668 0.011945
v -1.717836 0.512427 0.272308
v -1.928596 0.837366 1.115991
v -1.858372 0.922794 0.793434
v -1.858372 0.911088 1.043939
v -1.928596 0.856806 0.699925
v -1.858372 0.617755 1.030293
v -1.928596 0.703807 0.692863
v -1.928596 0.684469 1.108938
v -1.858372 0.629460 0.779795
v -2.081816 0.684469 1.108938
v -2.152034 0.629460 0.779795
v -2.152034 0.617755 1.030293
v -2.081816 0.703807 0.692863
v -2.320035 1.130548 -0.053751
v -2.081708 0.878850 0.229394
v -2.081708 0.888671 0.019108
v -2.292576 1.086534 0.299015
v -2.089049 1.015773 -2.324468
v -2.109483 1.033185 -2.259426
v -2.089049 1.012766 -2.260375
v -2.109483 1.036192 -2.323519
v -1.928596 0.888671 0.019108
v -1.717836 1.086534 0.299015
v -1.690270 1.130548 -0.053751
v -1.928596 0.878850 0.229394
v -1.900822 0.813730 -2.478668
v -1.890446 0.821083 -2.414050
v -1.900822 0.810716 -2.414581
v -1.890446 0.824098 -2.478244
v -1.921363 0.827373 -2.333309
v -1.890446 0.817422 -2.333724
v -1.900822 0.806954 -2.334258
v -1.910881 0.837847 -2.332775
v -1.900822 0.803945 -2.270064
v -1.910881 0.834839 -2.268682
v -1.921363 0.824471 -2.269112
v -1.890446 0.814414 -2.269631
v -2.099424 1.005300 -2.325002
v -2.119966 1.022816 -2.259850
v -2.119966 1.025826 -2.324050
v -2.099424 1.002397 -2.260799
v -1.969573 0.662499 1.379244
v -2.050058 0.648932 1.189752
v -1.960348 0.648932 1.189752
v -2.040732 0.662499 1.379244
v -1.985290 0.694076 1.514289
v -2.025115 0.694076 1.514289
v -2.099424 0.844623 -2.477191
v -2.109483 0.813730 -2.478668
v -2.119966 0.824098 -2.478244
v -2.089049 0.834149 -2.477725
v -1.960348 0.740552 -0.773099
v -2.057291 0.727005 -0.862800
v -1.953014 0.727002 -0.862693
v -2.050058 0.740552 -0.773099
v -2.109483 0.810716 -2.414581
v -2.119966 0.821083 -2.414050
v -2.089049 1.022551 -2.468986
v -2.109483 1.039961 -2.403842
v -2.089049 1.019536 -2.404791
v -2.109483 1.042968 -2.467935
v -2.099424 1.012075 -2.469412
v -2.119966 1.029592 -2.404266
v -2.119966 1.032602 -2.468461
v -2.099424 1.009066 -2.405218
v -2.119966 0.814414 -2.269631
v -2.089049 0.824471 -2.269112
v -2.099424 0.834839 -2.268682
v -2.109483 0.803945 -2.270064
v -2.099424 0.841609 -2.413098
v -1.918531 0.979384 -2.797990
v -2.041048 1.030071 -2.795571
v -1.969256 1.030071 -2.795571
v -2.091774 0.979384 -2.797990
v -1.918531 0.907753 -2.801261
v -2.091774 0.907755 -2.801363
v -2.041048 0.857066 -2.803674
v -1.969256 0.857066 -2.803674
v -1.969573 0.834037 1.387317
v -1.896838 0.801937 1.196808
v -1.960348 0.865290 1.199806
v -1.919372 0.783768 1.384913
v -1.896838 0.712287 1.192643
v -1.919372 0.712762 1.381655
v -1.960348 0.648932 1.189752
v -1.969573 0.662499 1.379244
v -1.985290 0.790004 1.518799
v -1.957206 0.761934 1.517482
v -1.957206 0.722247 1.515608
v -1.985290 0.694076 1.514289
v -1.916122 1.027482 -2.686190
v -1.733136 1.210229 -2.677675
v -1.733136 1.192270 -2.292704
v -1.918322 0.989291 -1.821746
v -1.890446 1.029592 -2.404266
v -1.921363 1.019536 -2.404791
v -1.910881 1.009066 -2.405218
v -1.900822 1.039961 -2.403842
v -1.921363 1.022549 -2.468878
v -1.900822 1.042968 -2.467935
v -1.890446 1.025826 -2.324050
v -1.900822 1.033185 -2.259426
v -1.890446 1.022816 -2.259850
v -1.900822 1.036192 -2.323519
v -1.910881 1.005300 -2.325002
v -1.910881 1.002397 -2.260799
v -1.836996 1.065666 -1.809680
v -1.918322 0.989291 -1.821746
v -1.916122 0.981621 -1.704920
v -1.733136 1.192270 -2.292704
v -2.094183 0.849448 -2.694499
v -2.277276 0.666707 -2.703014
v -2.277276 0.648748 -2.318048
v -2.091982 0.806860 -1.830254
v -1.953014 0.727002 -0.862693
v -1.896838 0.803912 -0.770107
v -1.960348 0.740552 -0.773099
v -1.879230 0.800731 -0.859276
v -1.896838 0.893555 -0.765936
v -1.879230 0.904931 -0.854487
v -1.960348 0.956914 -0.762944
v -1.953014 0.978657 -0.850963
v -1.913814 0.984894 -1.821945
v -2.057291 0.814428 -2.734435
v -1.953014 0.814428 -2.734435
v -1.985290 0.790004 1.518799
v -2.025115 0.790004 1.518799
v -1.969573 0.834037 1.387317
v -2.040732 0.834037 1.387317
v -1.960348 0.865290 1.199806
v -2.050058 0.865290 1.199806
v -1.913814 0.984894 -1.821945
v -1.921363 1.015773 -2.324468
v -1.921363 1.012766 -2.260375
v -2.081816 0.725848 0.222231
v -2.320035 0.501473 -0.083175
v -2.292576 0.512429 0.272207
v -2.081708 0.735668 0.011945
v -1.921363 0.834149 -2.477725
v -1.910881 0.844623 -2.477191
v -1.910881 0.841609 -2.413098
v -1.921363 0.831139 -2.413525
v -2.096490 0.984894 -1.821945
v -2.173309 1.065666 -1.809680
v -2.277276 1.192270 -2.292704
v -2.094183 0.981621 -1.704920
v -1.916122 0.849448 -2.694499
v -1.733136 0.666707 -2.703014
v -1.733136 0.648748 -2.318048
v -1.918322 0.806860 -1.830254
v -2.152034 0.922794 0.793434
v -2.081816 0.837366 1.115991
v -2.081816 0.856806 0.699925
v -2.152034 0.911088 1.043939
v -1.960348 0.740552 -0.773099
v -1.896838 0.712287 1.192643
v -1.960348 0.648932 1.189752
v -1.896838 0.803912 -0.770107
v -1.896838 0.801937 1.196808
v -1.896838 0.893555 -0.765936
v -1.960348 0.865290 1.199806
v -1.960348 0.956914 -0.762944
v -2.089049 0.831139 -2.413525
v -2.109483 0.806954 -2.334258
v -2.099424 0.837847 -2.332775
v -2.089049 0.827373 -2.333309
v -2.119966 0.817422 -2.333724
v -2.091982 0.806860 -1.830254
v -2.173309 0.729708 -1.825356
v -2.277276 0.648748 -2.318048
v -2.094183 0.803695 -1.713227
v -1.910881 1.012075 -2.469412
v -1.890446 1.032602 -2.468461
v -2.050058 0.865290 1.199806
v -1.960348 0.956914 -0.762944
v -2.050058 0.956914 -0.762944
v -1.960348 0.865290 1.199806
v -1.913814 0.811365 -1.830059
v -1.836996 0.729708 -1.825356
v -1.733136 0.648748 -2.318048
v -1.916122 0.803695 -1.713227
v -2.096490 0.811365 -1.830059
v -2.050058 0.956914 -0.762944
v -2.113466 0.801937 1.196808
v -2.050058 0.865290 1.199806
v -2.113466 0.893555 -0.765936
v -2.113466 0.712287 1.192643
v -2.113466 0.803912 -0.770107
v -2.050058 0.648932 1.189752
v -2.050058 0.740552 -0.773099
v -2.091982 0.989291 -1.821746
v -1.879230 0.992354 -2.726122
v -1.953014 1.066082 -2.722705
v -1.879230 0.888156 -2.731012
v -1.953014 0.814428 -2.734435
v -1.918322 0.806860 -1.830254
v -1.960348 0.648932 1.189752
v -2.050058 0.740552 -0.773099
v -1.960348 0.740552 -0.773099
v -2.050058 0.648932 1.189752
v -2.050058 0.956914 -0.762944
v -1.960348 0.956914 -0.762944
v -2.113466 0.893555 -0.765936
v -2.050058 0.956914 -0.762944
v -2.113466 0.803912 -0.770107
v -2.050058 0.740552 -0.773099
v -2.096490 0.811365 -1.830059
v -2.091982 0.989291 -1.821746
v -1.913814 0.811365 -1.830059
v -1.879230 0.992354 -2.726122
v -1.918531 0.907753 -2.801261
v -1.918531 0.979384 -2.797990
v -1.879230 0.888156 -2.731012
v -1.969256 0.857066 -2.803674
v -1.953014 0.814428 -2.734435
v -2.041048 0.857066 -2.803674
v -2.057291 0.814428 -2.734435
v -2.091774 0.907755 -2.801363
v -2.131074 0.888156 -2.731012
v -2.091774 0.979384 -2.797990
v -2.131074 0.992354 -2.726122
v -2.041048 1.030071 -2.795571
v -2.057291 1.066082 -2.722705
v -1.953014 1.066082 -2.722705
v -1.969256 1.030071 -2.795571
v 1.604435 0.429752 -1.308402
v 1.577502 0.425909 -1.299996
v 1.597203 0.429926 -1.316784
v 1.597626 0.494074 -1.301198
v 1.590286 0.494248 -1.309579
v 1.587144 0.497660 -1.292105
v 1.579911 0.497834 -1.300493
v 1.577919 0.490055 -1.284302
v 1.570585 0.490229 -1.292683
v 0.094117 2.469822 1.958751
v 0.088977 2.484191 2.003702
v 0.094218 2.485764 2.008661
v 0.088875 2.471395 1.963710
v -0.105010 2.469706 1.959166
v -0.099668 2.484185 2.004018
v -0.099775 2.471386 1.964127
v -0.104909 2.485758 2.008977
v -0.319128 2.112910 2.351035
v -0.340087 2.104299 2.331777
v -0.340087 2.112910 2.351035
v -0.319128 2.104299 2.331777
v -0.340087 2.086694 2.321350
v -0.319128 2.086694 2.321350
v -0.340087 2.064974 2.322467
v -0.319128 2.064976 2.322366
v -0.339879 1.720733 2.433039
v -0.318920 1.720733 2.433039
v -0.319021 2.090673 2.402251
v -0.318705 1.746432 2.512818
v -0.319021 2.108840 2.390468
v -0.319021 2.117098 2.371668
v -0.319128 2.086694 2.321350
v -0.319128 2.104299 2.331777
v -0.319128 2.112910 2.351035
v 0.330654 2.104424 2.330628
v 0.309695 2.112934 2.349885
v 0.330654 2.112934 2.349885
v 0.309695 2.104424 2.330628
v 0.330654 2.086721 2.320092
v 0.309695 2.086719 2.320193
v 0.330654 2.065101 2.321211
v 0.309695 2.065101 2.321211
v 0.330863 1.720860 2.431783
v 0.309904 1.720858 2.431885
v 0.309796 2.117223 2.370513
v 0.330654 2.112934 2.349885
v 0.309695 2.112934 2.349885
v 0.330762 2.117223 2.370513
v 0.309796 2.108972 2.389320
v 0.330762 2.108974 2.389212
v 0.309796 2.090698 2.401101
v 0.330762 2.090700 2.400994
v 0.310011 1.746456 2.511667
v 0.330970 1.746456 2.511667
v -0.339980 2.090673 2.402251
v -0.339670 1.746430 2.512925
v -0.339980 2.108840 2.390468
v -0.319021 2.108840 2.390468
v -0.339980 2.117095 2.371769
v -0.319021 2.117098 2.371668
v -0.340087 2.112910 2.351035
v -0.319128 2.112910 2.351035
v 0.309796 2.108972 2.389320
v 0.309796 2.117223 2.370513
v 0.309695 2.112934 2.349885
v 0.309695 2.104424 2.330628
v 0.309695 2.086719 2.320193
v 0.330654 2.065101 2.321211
v 0.330863 1.720860 2.431783
v 0.330970 1.746456 2.511667
v 0.330762 2.090700 2.400994
v 0.330654 2.086721 2.320092
v 0.330654 2.104424 2.330628
v 0.330654 2.112934 2.349885
v 0.330762 2.117223 2.370513
v 0.330762 2.108974 2.389212
v 0.193677 2.348410 1.974883
v 0.182986 2.360715 2.013297
v 0.193785 2.361707 2.016043
v 0.182885 2.349295 1.977627
v -0.005343 2.475470 2.045138
v 0.010483 2.493383 2.100964
v 0.010483 2.476746 2.049149
v -0.005241 2.494663 2.105076
v 0.021901 2.502321 2.008904
v 0.010274 2.489226 1.968064
v 0.010375 2.505869 2.019880
v 0.021800 2.492773 1.979040
v -0.021168 2.489224 1.968165
v -0.005343 2.507143 2.023991
v -0.005450 2.487949 1.964054
v -0.021067 2.505867 2.019981
v -0.020959 2.476744 2.049250
v -0.020959 2.493381 2.101065
v -0.032491 2.480291 2.060226
v -0.032491 2.489840 2.090090
v 0.022009 2.489943 2.089990
v 0.022009 2.480294 2.060125
v -0.005343 2.475470 2.045138
v 0.010483 2.444558 2.059484
v -0.005241 2.443282 2.055473
v 0.010483 2.476746 2.049149
v 0.022009 2.448105 2.070460
v 0.022009 2.480294 2.060125
v 0.026200 2.452931 2.085339
v 0.026200 2.485119 2.075004
v 0.022009 2.457654 2.100323
v 0.022009 2.489943 2.089990
v 0.010584 2.461201 2.111299
v 0.010483 2.493383 2.100964
v -0.005134 2.462475 2.115417
v -0.005241 2.494663 2.105076
v -0.020858 2.461199 2.111407
v -0.020959 2.493381 2.101065
v -0.032384 2.457651 2.100431
v -0.032491 2.489840 2.090090
v -0.036683 2.452826 2.085552
v -0.036683 2.485117 2.075111
v -0.032491 2.448103 2.070567
v -0.032491 2.480291 2.060226
v -0.020959 2.444556 2.059591
v -0.020959 2.476744 2.049250
v -0.005241 2.443282 2.055473
v -0.005343 2.475470 2.045138
v -0.005450 2.487949 1.964054
v 0.010274 2.476990 1.972003
v -0.005450 2.475707 1.967992
v 0.010274 2.489226 1.968064
v 0.021800 2.480531 1.982978
v 0.021800 2.492773 1.979040
v 0.026099 2.485361 1.997959
v 0.026099 2.497597 1.994020
v 0.021901 2.490079 2.012842
v 0.021901 2.502321 2.008904
v 0.010375 2.493626 2.023818
v 0.010375 2.505869 2.019880
v -0.005343 2.494900 2.027930
v -0.005343 2.507143 2.023991
v -0.021067 2.493624 2.023920
v -0.021067 2.505867 2.019981
v -0.032592 2.490077 2.012943
v -0.032592 2.502319 2.009005
v -0.036784 2.485251 1.998064
v -0.036784 2.497595 1.994128
v -0.032592 2.480528 1.983080
v -0.032700 2.492771 1.979141
v -0.021168 2.476987 1.972104
v -0.021168 2.489224 1.968165
v -0.005450 2.475707 1.967992
v -0.005450 2.487949 1.964054
v -0.032700 2.492771 1.979141
v -0.032592 2.502319 2.009005
v -0.005450 2.475707 1.967992
v 0.010375 2.422112 1.989625
v -0.005450 2.420827 1.985716
v 0.010274 2.476990 1.972003
v 0.021901 2.425659 2.000601
v 0.021800 2.480531 1.982978
v 0.026099 2.430483 2.015588
v 0.026099 2.485361 1.997959
v 0.021901 2.435199 2.030566
v 0.021901 2.490079 2.012842
v 0.010375 2.438746 2.041542
v 0.010375 2.493626 2.023818
v -0.005241 2.440029 2.045553
v -0.005343 2.494900 2.027930
v -0.021067 2.438746 2.041542
v -0.021067 2.493624 2.023920
v -0.032592 2.435197 2.030673
v -0.032592 2.490077 2.012943
v -0.036784 2.430373 2.015687
v -0.036784 2.485251 1.998064
v -0.032592 2.425657 2.000703
v -0.032592 2.480528 1.983080
v -0.021067 2.422110 1.989726
v -0.021168 2.476987 1.972104
v -0.005450 2.420827 1.985716
v -0.005450 2.475707 1.967992
v 0.175019 2.351761 1.985229
v 0.175019 2.358353 2.005805
v 0.212436 2.358356 2.005698
v 0.204470 2.349295 1.977627
v 0.204577 2.360824 2.013192
v 0.212436 2.351764 1.985122
v -0.340087 2.064974 2.322467
v -0.339879 1.720733 2.433039
v -0.340087 2.086694 2.321350
v -0.340087 2.104299 2.331777
v -0.339670 1.746430 2.512925
v -0.339980 2.090673 2.402251
v -0.339980 2.108840 2.390468
v -0.339980 2.117095 2.371769
v -0.340087 2.112910 2.351035
v -0.036683 2.485117 2.075111
v 0.026200 2.485119 2.075004
v -0.036784 2.497595 1.994128
v 0.026099 2.497597 1.994020
v 0.172086 2.355008 1.995466
v 0.215370 2.355010 1.995358
v 0.078500 2.484191 2.003702
v 0.078500 2.485764 2.008661
v 0.078393 2.469822 1.958751
v 0.078393 2.471392 1.963811
v -0.089185 2.484185 2.004018
v -0.089185 2.485758 2.008977
v -0.089293 2.469708 1.959058
v -0.089293 2.471386 1.964127
v -1.572893 0.577880 -1.313818
v -1.556751 0.579646 -1.398793
v -1.540294 0.578666 -1.351643
v -1.621936 0.578072 -1.323040
v -1.605801 0.579840 -1.408123
v -1.638394 0.579052 -1.370190
v -1.606743 0.753073 -1.295083
v -1.595110 0.753354 -1.308597
v -1.594168 0.753093 -1.296025
v -1.607685 0.753335 -1.307655
vn -0.4595 -0.8052 0.3748
vn -0.0000 -0.9900 -0.1414
vn -0.0000 -0.9989 -0.0467
vn 0.7072 -0.7062 -0.0330
vn 0.9190 -0.3753 -0.1204
vn 0.7040 -0.6986 -0.1275
vn 0.9239 -0.3822 -0.0179
vn 0.9190 0.3850 -0.0850
vn 0.9239 0.3822 0.0179
vn 0.7040 0.7074 -0.0622
vn 0.7072 0.7062 0.0330
vn -0.6941 -0.7020 0.1595
vn -0.9163 -0.3851 0.1098
vn -0.7022 -0.7068 0.0851
vn -0.9039 -0.3836 0.1894
vn -0.9163 0.3732 0.1453
vn -0.9039 0.3642 0.2244
vn -0.7023 0.6957 0.1510
vn -0.6939 0.6843 0.2242
vn -0.6646 -0.6796 0.3105
vn -0.8597 -0.3727 0.3493
vn -0.8594 0.3391 0.3826
vn -0.6634 0.6489 0.3726
vn -0.0001 -0.6184 0.7859
vn 0.6797 0.7335 0.0089
vn -0.7110 -0.7023 -0.0365
vn 0.7024 0.7112 0.0288
vn 0.7070 0.7064 0.0330
vn -0.7072 -0.7062 -0.0331
vn -0.7073 -0.7062 -0.0330
vn -0.7072 -0.7062 -0.0330
vn -0.7074 0.7061 0.0330
vn 0.7076 0.7059 0.0330
vn 0.7071 0.7063 0.0328
vn 0.7074 0.7060 0.0329
vn 0.7072 0.7063 0.0328
vn -0.7069 0.7065 0.0330
vn -0.7067 0.7068 0.0329
vn -0.7070 0.7064 0.0330
vn -0.7066 0.7068 0.0329
vn 0.7070 0.7065 0.0329
vn 0.4983 0.5305 -0.6857
vn -0.0005 0.7880 0.6156
vn 0.4990 0.4655 0.7309
vn -0.0006 0.8417 -0.5399
vn -0.7070 0.7065 0.0329
vn 0.0010 -0.7871 -0.6169
vn 0.8156 -0.0286 0.5779
vn 0.0006 -0.8432 0.5377
vn 0.8164 0.0265 -0.5768
vn -0.5007 -0.4691 -0.7275
vn 0.8154 0.0283 -0.5782
vn 0.0024 -0.7897 -0.6134
vn 0.4992 0.5313 -0.6845
vn 0.0019 -0.8431 0.5377
vn 0.4987 0.4649 0.7316
vn -0.5012 -0.5333 0.6815
vn 0.8157 -0.0255 0.5780
vn -0.5037 -0.4678 -0.7262
vn -0.8172 -0.0274 0.5757
vn -0.8174 0.0271 -0.5754
vn -0.5015 -0.5328 0.6816
vn -0.0000 -0.9893 0.1459
vn -0.0000 -0.9975 0.0714
vn -0.0000 -0.9546 0.2978
vn -0.5017 0.5311 -0.6828
vn 0.0001 -0.7872 -0.6168
vn -0.8164 0.0265 -0.5768
vn 0.5007 -0.4661 -0.7295
vn -0.0000 -0.9888 0.1493
vn -0.0000 -0.9988 0.0490
vn 0.0005 -0.8432 0.5375
vn -0.8156 -0.0286 0.5779
vn 0.4985 0.5330 -0.6837
vn -0.0005 0.7879 0.6158
vn 0.4983 0.4646 0.7320
vn -0.0005 0.8418 -0.5398
vn -0.5031 -0.4635 -0.7295
vn -0.8172 -0.0264 0.5758
vn -0.8173 0.0278 -0.5755
vn -0.5035 -0.5328 0.6802
vn -0.8157 -0.0255 0.5780
vn 0.5013 -0.5308 0.6833
vn -0.4995 0.4657 0.7305
vn -0.0008 -0.8432 0.5376
vn -0.5018 0.4657 0.7289
vn 0.0015 0.0470 -0.9989
vn -0.0000 0.0456 -0.9990
vn -0.0000 0.0463 -0.9989
vn 0.6939 0.6842 0.2242
vn 0.9162 0.3734 0.1457
vn 0.7017 0.6963 0.1510
vn 0.9039 0.3641 0.2246
vn 0.9161 -0.3854 0.1103
vn 0.9038 -0.3836 0.1895
vn 0.7018 -0.7072 0.0854
vn 0.6942 -0.7020 0.1593
vn 0.6647 0.6477 0.3723
vn 0.8598 0.3384 0.3825
vn 0.8600 -0.3719 0.3493
vn 0.6657 -0.6785 0.3106
vn 0.7116 -0.7016 -0.0371
vn 0.7070 -0.7064 -0.0330
vn 0.7329 -0.6779 -0.0569
vn -0.7033 0.7103 0.0296
vn 0.8171 -0.0264 0.5758
vn -0.4982 0.4672 0.7304
vn 0.5027 -0.5320 0.6814
vn 0.0016 0.7878 0.6159
vn -0.4984 0.5330 -0.6838
vn 0.0016 0.8417 -0.5399
vn 0.8174 0.0271 -0.5754
vn 0.0016 0.7879 0.6158
vn 0.8171 -0.0274 0.5758
vn 0.0016 0.8416 -0.5401
vn 0.5029 -0.4670 -0.7273
vn 0.5007 -0.5320 0.6829
vn 0.6256 0.6030 0.4950
vn -0.6878 0.7240 0.0525
vn 0.4847 0.4662 0.7401
vn 0.6693 0.6707 0.3197
vn 0.7023 -0.7109 -0.0376
vn 0.6793 -0.7314 -0.0597
vn 0.7032 -0.7101 -0.0368
vn 0.7039 -0.7076 0.0624
vn 0.9033 -0.3836 0.1923
vn 0.6932 -0.7022 0.1627
vn 0.9190 -0.3850 0.0850
vn 0.9032 0.3643 0.2269
vn 0.9190 0.3753 0.1204
vn 0.6932 0.6841 0.2268
vn 0.7039 0.6987 0.1278
vn 0.7256 -0.6880 -0.0132
vn -0.0000 -0.9228 -0.3852
vn -0.0000 -0.9714 -0.2376
vn -0.0000 -0.9864 -0.1645
vn 0.7110 -0.7023 -0.0365
vn -0.4983 0.5330 -0.6838
vn -0.4988 0.4682 0.7294
vn 0.7073 -0.7062 -0.0330
vn 0.7072 -0.7062 -0.0331
vn -0.5006 -0.4687 -0.7278
vn 0.5009 0.5304 -0.6840
vn 0.5010 0.4649 0.7300
vn -0.5002 -0.5346 0.6811
vn -0.7256 -0.6880 -0.0132
vn -0.6256 0.6030 0.4950
vn -0.6694 0.6706 0.3196
vn -0.4847 0.4661 0.7401
vn -0.7023 -0.7109 -0.0376
vn -0.7070 -0.7064 -0.0330
vn -0.6793 -0.7314 -0.0597
vn -0.7032 -0.7101 -0.0368
vn -0.7069 -0.7066 -0.0330
vn 0.7067 -0.7068 -0.0330
vn 0.9238 -0.3826 -0.0179
vn 0.7066 -0.7068 -0.0330
vn 0.9238 -0.3824 -0.0179
vn 0.9237 0.3826 0.0179
vn 0.9238 0.3825 0.0179
vn 0.7066 0.7068 0.0330
vn 0.7067 0.7068 0.0330
vn 0.5003 -0.5322 0.6830
vn -0.0013 -0.7899 -0.6133
vn -0.5000 0.5320 -0.6833
vn 0.5007 -0.4665 -0.7291
vn -0.8154 0.0283 -0.5782
vn 0.6877 -0.7258 -0.0149
vn -0.6254 -0.6467 0.4366
vn -0.6778 -0.6893 0.2561
vn -0.4924 -0.5252 0.6940
vn 0.5027 -0.4670 -0.7275
vn 0.8171 0.0274 -0.5758
vn -0.0000 -0.9989 -0.0466
vn 0.7259 0.6859 0.0511
vn 0.6254 -0.6467 0.4366
vn 0.6777 -0.6893 0.2561
vn 0.4924 -0.5252 0.6940
vn -0.7259 0.6859 0.0511
vn 0.9239 -0.3822 -0.0178
vn 0.9239 0.3822 0.0178
vn 0.9240 0.3821 0.0178
vn 0.7033 0.7103 0.0296
vn -0.6877 -0.7258 -0.0149
vn -0.0000 -0.9708 -0.2398
vn 0.9034 -0.3641 -0.2266
vn 0.6939 -0.6837 -0.2259
vn 0.9034 0.3834 -0.1921
vn 0.6938 0.7017 -0.1620
vn -0.7109 0.7027 0.0291
vn 0.6878 0.7240 0.0525
vn 0.7109 0.7027 0.0291
vn 0.7930 0.3520 -0.4972
vn 0.7931 -0.3041 -0.5278
vn 0.7931 0.3518 -0.4972
vn 0.7930 -0.3042 -0.5279
vn 0.3286 -0.7679 -0.5499
vn 0.3282 -0.7680 -0.5499
vn -0.3286 -0.7679 -0.5499
vn -0.3282 -0.7680 -0.5499
vn -0.7930 -0.3041 -0.5278
vn -0.7930 -0.3042 -0.5279
vn -0.7931 0.3518 -0.4972
vn -0.7930 0.3520 -0.4972
vn -0.3287 0.8158 -0.4758
vn -0.3284 0.8160 -0.4757
vn 0.3284 0.8160 -0.4757
vn 0.3287 0.8158 -0.4758
vn -0.7072 0.7062 0.0330
vn -0.9189 0.3755 0.1207
vn -0.7037 0.6989 0.1277
vn -0.9239 0.3822 0.0178
vn -0.9189 -0.3852 0.0854
vn -0.9239 -0.3822 -0.0179
vn -0.7035 -0.7080 0.0621
vn -0.6939 -0.7022 0.1592
vn -0.9164 -0.3849 0.1097
vn -0.7023 -0.7068 0.0851
vn -0.9039 -0.3835 0.1895
vn -0.9039 0.3642 0.2243
vn -0.7023 0.6957 0.1509
vn -0.6942 0.6840 0.2242
vn -0.6656 -0.6787 0.3105
vn -0.8600 -0.3720 0.3493
vn -0.8598 0.3385 0.3823
vn -0.6647 0.6478 0.3722
vn -0.0000 -0.6198 0.7848
vn -0.7327 -0.6782 -0.0569
vn -0.7107 -0.7025 -0.0365
vn -0.7114 -0.7018 -0.0371
vn -0.7068 -0.7066 -0.0330
vn 0.7072 0.7062 0.0331
vn 0.7073 0.7062 0.0330
vn -0.7075 0.7060 0.0329
vn -0.7072 0.7062 0.0328
vn -0.7076 0.7059 0.0330
vn -0.7072 0.7063 0.0328
vn 0.7069 0.7065 0.0331
vn 0.7068 0.7066 0.0330
vn 0.7069 0.7066 0.0331
vn 0.5002 0.5322 -0.6831
vn 0.0027 0.7894 0.6138
vn 0.5009 0.4674 0.7284
vn 0.0026 0.8431 -0.5378
vn 0.7070 -0.7065 -0.0329
vn 0.0005 -0.7895 -0.6137
vn 0.8163 -0.0287 0.5769
vn 0.0011 -0.8439 0.5364
vn 0.8154 0.0257 -0.5783
vn -0.4988 -0.4672 -0.7300
vn 0.8170 0.0293 -0.5759
vn 0.0035 -0.7880 -0.6156
vn 0.5011 0.5330 -0.6818
vn 0.0028 -0.8418 0.5398
vn 0.5002 0.4666 0.7294
vn -0.4996 -0.5318 0.6838
vn 0.8171 -0.0245 0.5760
vn -0.5002 -0.4668 -0.7293
vn -0.8159 -0.0254 0.5776
vn -0.8161 0.0293 -0.5772
vn -0.4979 -0.5320 0.6849
vn -0.0000 -0.9974 0.0714
vn -0.0000 -0.9547 0.2977
vn -0.5006 0.5360 -0.6798
vn 0.0027 -0.7894 -0.6138
vn -0.8157 0.0247 -0.5780
vn 0.5000 -0.4640 -0.7313
vn -0.0001 -0.9888 0.1494
vn -0.0001 -0.9988 0.0491
vn 0.0021 -0.8438 0.5366
vn -0.8166 -0.0297 0.5765
vn 0.4978 0.5310 -0.6857
vn 0.0028 0.7894 0.6138
vn 0.5001 0.4665 0.7295
vn 0.0020 0.8437 -0.5368
vn -0.5019 -0.4686 -0.7270
vn -0.8158 -0.0243 0.5778
vn -0.8166 0.0296 -0.5764
vn -0.4999 -0.5320 0.6834
vn -0.8174 -0.0255 0.5755
vn 0.4997 -0.5293 0.6857
vn -0.4993 0.4683 0.7289
vn 0.0004 -0.8417 0.5399
vn -0.5018 0.4685 0.7271
vn -0.0000 0.0466 -0.9989
vn 0.0002 0.0470 -0.9989
vn -0.0000 0.0477 -0.9989
vn 0.0006 0.0470 -0.9989
vn 0.0019 0.0456 -0.9990
vn 0.0005 0.0468 -0.9989
vn 0.0004 0.0464 -0.9989
vn 0.6949 0.6834 0.2240
vn 0.9161 0.3734 0.1458
vn 0.7020 0.6960 0.1511
vn 0.9040 0.3638 0.2244
vn 0.9162 -0.3852 0.1102
vn 0.9040 -0.3832 0.1896
vn 0.7020 -0.7071 0.0853
vn 0.6947 -0.7015 0.1592
vn 0.6647 0.6476 0.3725
vn 0.8598 0.3383 0.3824
vn 0.8601 -0.3719 0.3493
vn 0.8155 -0.0253 0.5782
vn -0.5001 0.4691 0.7279
vn 0.5008 -0.5303 0.6841
vn 0.0004 0.7895 0.6137
vn -0.5002 0.5346 -0.6812
vn 0.0006 0.8430 -0.5379
vn 0.8158 0.0283 -0.5777
vn 0.0005 0.7895 0.6137
vn 0.8156 -0.0264 0.5780
vn 0.0006 0.8432 -0.5377
vn 0.5011 -0.4651 -0.7298
vn 0.4988 -0.5303 0.6855
vn 0.6257 0.6030 0.4949
vn 0.4848 0.4661 0.7401
vn 0.6694 0.6706 0.3197
vn -0.7115 0.7021 0.0283
vn -0.7068 0.7066 0.0330
vn -0.7330 0.6802 0.0061
vn 0.7029 -0.7103 -0.0368
vn -0.7040 0.7074 -0.0627
vn -0.9033 0.3837 -0.1920
vn -0.6934 0.7020 -0.1625
vn -0.9190 0.3851 -0.0851
vn -0.9033 -0.3642 -0.2267
vn -0.9191 -0.3753 -0.1202
vn -0.6932 -0.6841 -0.2268
vn -0.7039 -0.6987 -0.1278
vn -0.0000 -0.9229 -0.3851
vn -0.0000 -0.9713 -0.2377
vn -0.0000 -0.9864 -0.1644
vn -0.5001 0.5347 -0.6812
vn -0.5008 0.4700 0.7268
vn -0.7073 0.7061 0.0326
vn -0.7072 0.7063 0.0329
vn -0.4999 -0.4666 -0.7297
vn 0.5016 0.5343 -0.6804
vn 0.5027 0.4668 0.7276
vn -0.4978 -0.5334 0.6838
vn -0.7256 -0.6880 -0.0131
vn -0.6694 0.6706 0.3198
vn 0.7117 0.7019 0.0283
vn 0.7332 0.6800 0.0061
vn -0.7074 -0.7060 -0.0330
vn -0.7067 0.7068 0.0330
vn -0.9237 0.3827 0.0179
vn -0.7066 0.7068 0.0330
vn -0.9238 0.3826 0.0179
vn -0.9237 -0.3826 -0.0179
vn -0.9238 -0.3825 -0.0179
vn -0.7066 -0.7068 -0.0330
vn -0.7067 -0.7068 -0.0330
vn 0.4979 -0.5310 0.6857
vn -0.0004 -0.7879 -0.6158
vn -0.5002 0.5347 -0.6812
vn 0.4989 -0.4646 -0.7316
vn -0.8173 0.0283 -0.5755
vn 0.6877 -0.7259 -0.0150
vn -0.6780 -0.6889 0.2563
vn 0.5010 -0.4649 -0.7299
vn 0.8157 0.0285 -0.5778
vn 0.6254 -0.6467 0.4365
vn 0.6781 -0.6889 0.2561
vn -0.7259 0.6859 0.0512
vn -0.9238 -0.3823 -0.0178
vn -0.9239 -0.3822 -0.0178
vn -0.7072 -0.7063 -0.0330
vn 0.7031 0.7105 0.0296
vn -0.9239 0.3822 0.0179
vn -0.9031 0.3643 0.2273
vn -0.6939 0.6837 0.2259
vn -0.9032 -0.3834 0.1930
vn -0.6933 -0.7021 0.1623
vn -0.7107 0.7029 0.0291
vn 0.7929 0.3520 -0.4974
vn 0.7929 -0.3038 -0.5282
vn 0.7928 -0.3040 -0.5282
vn 0.3286 -0.7678 -0.5500
vn 0.3283 -0.7680 -0.5499
vn -0.7931 -0.3041 -0.5278
vn -0.7930 -0.3042 -0.5278
vn -0.7929 0.3521 -0.4973
vn -0.3286 0.8156 -0.4762
vn -0.3283 0.8157 -0.4763
vn 0.3283 0.8157 -0.4763
vn 0.3286 0.8156 -0.4762
vn 0.6048 -0.5908 -0.5340
vn -0.4570 -0.8072 0.3737
vn 0.6040 -0.5915 -0.5342
vn 0.5660 0.6695 -0.4811
vn 0.5645 0.6717 -0.4797
vn -0.1062 0.9881 0.1115
vn -0.1048 0.9882 0.1120
vn -0.6812 0.4160 0.6023
vn -0.6809 0.4138 0.6043
vn 0.0010 -0.9529 0.3033
vn -0.0013 -0.9528 0.3035
vn -0.0009 -0.9528 0.3035
vn 0.0012 -0.9531 0.3027
vn 0.0076 -0.9501 0.3119
vn 0.0025 -0.9525 0.3045
vn 0.0080 -0.9497 0.3131
vn 0.0023 -0.9525 0.3045
vn -0.0000 0.9129 -0.4082
vn -0.0000 0.7463 -0.6656
vn -0.0012 0.2405 -0.9707
vn -0.0000 0.2416 -0.9704
vn -0.0046 -0.1803 -0.9836
vn 0.6765 -0.1317 -0.7246
vn -0.0000 -0.3058 -0.9521
vn 0.7062 -0.2160 -0.6743
vn 0.6784 0.3152 0.6637
vn 0.7097 0.2160 0.6705
vn 1.0000 -0.0010 -0.0022
vn 1.0000 -0.0081 -0.0036
vn 1.0000 0.0003 -0.0005
vn 1.0000 -0.0000 -0.0000
vn 1.0000 -0.0007 -0.0017
vn -0.0011 0.7478 -0.6640
vn -0.0000 0.9147 -0.4042
vn -0.0000 0.7471 -0.6648
vn -0.0047 0.2400 -0.9708
vn -0.0024 0.2404 -0.9707
vn -0.0012 -0.1791 -0.9838
vn -0.6791 -0.1309 -0.7223
vn -0.0044 -0.3061 -0.9520
vn -0.7095 -0.2161 -0.6707
vn 0.0005 0.9946 0.1041
vn -0.0000 0.9791 -0.2036
vn -0.0000 0.9944 0.1056
vn 0.0033 0.7606 0.6492
vn 0.0027 0.7612 0.6485
vn -0.6781 0.3140 0.6646
vn 0.0046 0.4278 0.9039
vn -0.7064 0.2161 0.6740
vn 0.0002 0.3058 0.9521
vn -0.0000 0.4289 0.9034
vn 0.0047 0.3058 0.9521
vn -0.0000 0.7612 0.6485
vn 0.0005 0.7616 0.6481
vn 0.0002 0.9942 0.1078
vn 0.0004 0.9943 0.1062
vn -0.0000 0.9802 -0.1979
vn -0.0005 0.9801 -0.1984
vn -1.0000 0.0005 0.0013
vn -1.0000 0.0023 0.0018
vn -0.9997 -0.0209 0.0092
vn -1.0000 -0.0007 0.0017
vn -1.0000 -0.0000 -0.0000
vn 1.0000 -0.0001 -0.0022
vn 1.0000 0.0002 -0.0014
vn 1.0000 0.0003 0.0003
vn 1.0000 -0.0080 -0.0035
vn 1.0000 -0.0010 -0.0023
vn 0.0006 -0.9517 0.3071
vn 0.0155 -0.9582 0.2855
vn 0.0030 -0.9513 0.3083
vn 0.0006 -0.9510 0.3091
vn 0.0010 -0.9541 0.2996
vn 0.0019 -0.9524 0.3050
vn 0.0008 -0.9520 0.3060
vn 0.0010 -0.9537 0.3009
vn -0.0072 -0.9537 0.3007
vn 0.0009 -0.9522 0.3055
vn -0.0000 -0.9526 0.3044
vn 0.0015 -0.9520 0.3061
vn 0.0008 -0.9519 0.3065
vn 0.0016 -0.9529 0.3034
vn 0.0011 -0.9515 0.3077
vn 0.0018 -0.9532 0.3022
vn 0.0013 -0.9511 0.3087
vn 0.0091 -0.9544 0.2984
vn 0.0104 -0.9510 0.3090
vn -0.0014 -0.9511 0.3089
vn 0.2570 -0.2947 -0.9204
vn 0.5000 -0.2647 -0.8246
vn 0.2581 -0.2951 -0.9199
vn 0.4996 -0.2645 -0.8249
vn 0.8659 -0.1529 -0.4762
vn 0.8663 -0.1527 -0.4756
vn 1.0000 -0.0002 -0.0004
vn 1.0000 -0.0002 -0.0005
vn 0.8670 0.1529 0.4743
vn 0.8662 0.1524 0.4759
vn 0.5049 0.2654 0.8214
vn 0.5028 0.2648 0.8228
vn 0.0034 0.3058 0.9521
vn 0.0025 0.3059 0.9521
vn -0.4997 0.2635 0.8251
vn -0.5004 0.2634 0.8248
vn -0.8645 0.1512 0.4793
vn -0.8661 0.1516 0.4764
vn -1.0000 -0.0003 0.0035
vn -1.0000 -0.0001 -0.0009
vn -0.8664 -0.1529 -0.4753
vn -0.8662 -0.1528 -0.4757
vn -0.5027 -0.2644 -0.8230
vn -0.5029 -0.2646 -0.8229
vn -0.2648 -0.2951 -0.9180
vn -0.2657 -0.2955 -0.9177
vn 0.2586 -0.2958 -0.9196
vn 0.5001 -0.2653 -0.8244
vn 0.2586 -0.2959 -0.9196
vn 0.8649 -0.1538 -0.4779
vn 0.8650 -0.1537 -0.4777
vn 1.0000 -0.0005 -0.0016
vn 1.0000 -0.0007 -0.0022
vn 0.8658 0.1532 0.4764
vn 0.8660 0.1531 0.4760
vn 0.5024 0.2648 0.8231
vn 0.5027 0.2647 0.8229
vn 0.0027 0.3063 0.9519
vn 0.0031 0.3063 0.9519
vn -0.5001 0.2652 0.8244
vn -0.5000 0.2652 0.8244
vn -0.8662 0.1529 0.4758
vn -0.8661 0.1531 0.4759
vn -1.0000 0.0001 0.0004
vn -1.0000 -0.0010 0.0027
vn -0.8677 -0.1561 -0.4720
vn -0.8684 -0.1587 -0.4698
vn -0.5046 -0.2645 -0.8218
vn -0.5035 -0.2659 -0.8221
vn -0.2642 -0.2954 -0.9181
vn -0.2641 -0.2954 -0.9182
vn -0.0016 -0.9520 0.3060
vn 0.0067 -0.9536 0.3009
vn 0.2587 -0.2969 -0.9192
vn 0.4969 -0.2645 -0.8265
vn 0.2529 -0.2957 -0.9212
vn 0.4994 -0.2649 -0.8249
vn 0.8664 -0.1512 -0.4759
vn 0.8652 -0.1526 -0.4777
vn 1.0000 0.0010 0.0001
vn 1.0000 -0.0007 -0.0021
vn 0.8660 0.1537 0.4759
vn 0.8662 0.1534 0.4756
vn 0.5011 0.2655 0.8236
vn 0.5028 0.2657 0.8226
vn 0.0019 0.3058 0.9521
vn 0.0026 0.3064 0.9519
vn -0.4982 0.2654 0.8254
vn -0.5000 0.2648 0.8246
vn -0.8654 0.1539 0.4769
vn -0.8659 0.1533 0.4762
vn -1.0000 -0.0000 0.0001
vn -1.0000 0.0002 0.0001
vn -0.8668 -0.1530 -0.4747
vn -0.8673 -0.1522 -0.4740
vn -0.5006 -0.2655 -0.8240
vn -0.5040 -0.2649 -0.8221
vn -0.2610 -0.2958 -0.9189
vn -0.2642 -0.2964 -0.9178
vn -0.0003 -0.9522 0.3055
vn 0.0028 -0.9524 0.3047
vn 0.0009 -0.9514 0.3081
vn -0.0022 -0.9491 0.3150
vn 0.0068 -0.9476 0.3193
vn 0.0017 -0.9520 0.3061
vn -1.0000 -0.0004 0.0016
vn -1.0000 0.0002 0.0025
vn -1.0000 0.0001 0.0024
vn -1.0000 -0.0018 -0.0027
vn -1.0000 0.0003 0.0017
vn -1.0000 0.0081 0.0036
vn -1.0000 -0.0002 0.0021
vn 0.0012 -0.9523 0.3053
vn 0.0044 -0.9519 0.3063
vn 0.0010 -0.9522 0.3053
vn 0.0011 -0.9522 0.3053
vn 0.0107 -0.9523 0.3051
vn -0.0106 -0.9523 0.3051
vn -0.0000 -0.9532 0.3023
vn 0.0022 -0.9545 0.2982
vn 0.0031 -0.9550 0.2964
vn -0.0000 -0.9532 0.3024
vn 0.0023 -0.9493 0.3143
vn 0.0018 -0.9489 0.3156
vn -0.0000 -0.9998 -0.0208
vt 0.261700 0.055700
vt 0.265600 0.058600
vt 0.261700 0.058600
vt 0.059200 0.534100
vt 0.982000 0.469900
vt 0.059200 0.469900
vt 0.621700 0.381200
vt 0.621500 0.381500
vt 0.621700 0.381500
vt 0.498000 0.199200
vt 0.488300 0.189500
vt 0.498000 0.189500
vt 0.242200 0.040000
vt 0.246100 0.053700
vt 0.242200 0.053700
vt 0.261700 0.040000
vt 0.265600 0.053700
vt 0.261700 0.053700
vt 0.269500 0.055700
vt 0.269500 0.058600
vt 0.234400 0.055700
vt 0.238300 0.058600
vt 0.234400 0.058600
vt 0.056400 0.456500
vt 0.005200 0.456500
vt 0.250000 0.058600
vt 0.253900 0.055700
vt 0.253900 0.058600
vt 0.373600 0.246400
vt 0.518600 0.203700
vt 0.333500 0.203700
vt 0.412800 0.362200
vt 0.409500 0.320100
vt 0.454900 0.320500
vt 0.005200 0.434300
vt 0.005200 0.457000
vt 0.059200 0.607900
vt 0.982000 0.669700
vt 0.982000 0.607900
vt 0.449200 0.002000
vt 0.439500 0.169900
vt 0.449200 0.169900
vt 0.439500 0.002000
vt 0.443700 0.410100
vt 0.535100 0.382200
vt 0.443700 0.390100
vt 0.056700 0.456800
vt 0.005500 0.434100
vt 0.056700 0.434100
vt 0.535100 0.418000
vt 0.899800 0.303500
vt 0.991400 0.455900
vt 0.991500 0.322200
vt 0.015100 0.484900
vt 0.664400 0.422700
vt 0.535100 0.443300
vt 0.488300 0.002000
vt 0.468800 0.187500
vt 0.451200 0.179700
vt 0.982000 0.534100
vt 0.664400 0.377500
vt 0.591700 0.316600
vt 0.643600 0.255800
vt 0.591700 0.255800
vt 0.242200 0.122100
vt 0.246100 0.128900
vt 0.242200 0.128900
vt 0.249200 0.260800
vt 0.257900 0.275900
vt 0.266600 0.260800
vt 0.005500 0.456800
vt 0.005500 0.434000
vt 0.544600 0.316600
vt 0.544600 0.255800
vt 0.056400 0.434300
vt 0.056400 0.457000
vt 0.412700 0.362400
vt 0.409400 0.320200
vt 0.454800 0.320700
vt 0.158700 0.419200
vt 0.009200 0.320500
vt 0.344800 0.320100
vt 0.269500 0.040000
vt 0.273400 0.053700
vt 0.269500 0.053700
vt 0.158600 0.419400
vt 0.009100 0.320700
vt 0.344700 0.320200
vt 0.242200 0.055700
vt 0.246100 0.058600
vt 0.242200 0.058600
vt 0.261300 0.076500
vt 0.261300 0.063800
vt 0.250300 0.070200
vt 0.486300 0.179700
vt 0.250000 0.040000
vt 0.250000 0.053700
vt 0.332000 0.181600
vt 0.330100 0.179700
vt 0.355500 0.179700
vt 0.485100 0.246400
vt 0.253900 0.040000
vt 0.253900 0.053700
vt 0.488300 0.169900
vt 0.498000 0.002000
vt 0.983400 0.932100
vt 0.015600 0.879700
vt 0.983400 0.879700
vt 0.409400 0.319900
vt 0.412700 0.362100
vt 0.223300 0.419100
vt 0.459000 0.185500
vt 0.488300 0.179700
vt 0.620500 0.430200
vt 0.620500 0.435500
vt 0.643600 0.316600
vt 0.449200 0.179700
vt 0.059000 0.747100
vt 0.981800 0.669700
vt 0.059000 0.669700
vt 0.223300 0.419400
vt 0.009100 0.320400
vt 0.158600 0.419100
vt 0.344700 0.319900
vt 0.690700 0.255800
vt 0.690800 0.316600
vt 0.273400 0.122100
vt 0.277300 0.128900
vt 0.273400 0.128900
vt 0.488300 0.199200
vt 0.443700 0.424300
vt 0.005200 0.433800
vt 0.983100 0.995100
vt 0.015600 0.935900
vt 0.015600 0.995100
vt 0.622700 0.435500
vt 0.622700 0.430200
vt 0.261300 0.134300
vt 0.250400 0.140700
vt 0.261300 0.147000
vt 0.056400 0.433800
vt 0.257800 0.053700
vt 0.664400 0.345500
vt 0.535100 0.356800
vt 0.059200 0.669700
vt 0.277300 0.053700
vt 0.281300 0.040000
vt 0.281300 0.053700
vt 0.015100 0.539300
vt 0.056700 0.434000
vt 0.833500 0.441300
vt 0.594000 0.369600
vt 0.594400 0.369400
vt 0.594400 0.369900
vt 0.498000 0.169900
vt 0.015100 0.602700
vt 0.621600 0.436000
vt 0.664400 0.454700
vt 0.234400 0.122100
vt 0.238300 0.128900
vt 0.234400 0.128900
vt 0.246100 0.122100
vt 0.250000 0.128900
vt 0.261700 0.128900
vt 0.265600 0.122100
vt 0.265600 0.128900
vt 0.439500 0.179700
vt 0.353500 0.181600
vt 0.443700 0.375900
vt 0.498000 0.179700
vt 0.009200 0.419200
vt 0.015000 0.674600
vt 0.015000 0.742200
vt 0.015600 0.817100
vt 0.983400 0.764700
vt 0.983400 0.817100
vt 0.015100 0.654800
vt 0.983100 0.935900
vt 0.234400 0.040000
vt 0.238300 0.053700
vt 0.234400 0.053700
vt 0.015600 0.764700
vt 0.015600 0.932100
vt 0.439500 0.189500
vt 0.373100 0.400100
vt 0.269500 0.122100
vt 0.269500 0.128900
vt 0.281300 0.122100
vt 0.281300 0.128900
vt 0.454800 0.320400
vt 0.449200 0.199200
vt 0.449200 0.189500
vt 0.781700 0.454200
vt 0.824100 0.351700
vt 0.721700 0.309200
vt 0.277300 0.058600
vt 0.281300 0.055700
vt 0.281300 0.058600
vt 0.250000 0.122100
vt 0.253900 0.128900
vt 0.721700 0.454200
vt 0.824100 0.411700
vt 0.781700 0.309200
vt 0.257800 0.122100
vt 0.257800 0.128900
vt 0.257800 0.058600
vt 0.981800 0.747100
vt 0.250000 0.055700
vt 0.277300 0.040000
vt 0.273400 0.055700
vt 0.273400 0.058600
vt 0.253900 0.122100
vt 0.265600 0.055700
vt 0.621500 0.381200
vt 0.246100 0.040000
vt 0.265600 0.040000
vt 0.238300 0.055700
vt 0.223400 0.419200
vt 0.478500 0.185500
vt 0.262900 0.257100
vt 0.257900 0.255700
vt 0.252900 0.257100
vt 0.247800 0.265800
vt 0.249200 0.270900
vt 0.252900 0.274500
vt 0.262900 0.274500
vt 0.266600 0.270900
vt 0.268000 0.265800
vt 0.273400 0.040000
vt 0.009100 0.419400
vt 0.246100 0.055700
vt 0.251300 0.073800
vt 0.254000 0.076500
vt 0.257600 0.077500
vt 0.264000 0.073800
vt 0.265000 0.070200
vt 0.264000 0.066500
vt 0.257600 0.062800
vt 0.254000 0.063800
vt 0.251300 0.066500
vt 0.332000 0.187500
vt 0.330100 0.187500
vt 0.355500 0.187500
vt 0.353500 0.187500
vt 0.009100 0.419100
vt 0.277300 0.122100
vt 0.264000 0.144300
vt 0.265000 0.140700
vt 0.264000 0.137000
vt 0.257700 0.133300
vt 0.254000 0.134300
vt 0.251300 0.137000
vt 0.251300 0.144300
vt 0.254000 0.147000
vt 0.257700 0.148000
vt 0.257800 0.040000
vt 0.594100 0.369900
vt 0.594100 0.369400
vt 0.594500 0.369600
vt 0.238300 0.122100
vt 0.261700 0.122100
vt 0.238300 0.040000
vt 0.439500 0.199200
vt 0.679200 0.351700
vt 0.679200 0.411700
vt 0.277300 0.055700
vt 0.257800 0.055700
s 1
usemtl mat_old_mig_missile2
f 8662/4362/7084 8661/4363/7083 8663/4364/7085
f 8420/4365/6898 8497/4366/6782 8417/4367/6895
f 8744/4368/7153 8743/4369/7153 8741/4370/7153
f 8573/4371/7003 8572/4372/7002 8575/4373/7004
f 8700/4374/7122 8699/4375/7121 8701/4376/7123
f 8690/4377/7112 8689/4378/7111 8691/4379/7113
f 8661/4363/7083 8658/4380/7080 8659/4381/7081
f 8676/4382/7098 8675/4383/7097 8677/4384/7099
f 8404/4385/6883 8403/4386/6882 8406/4386/6885
f 8669/4387/7091 8666/4388/7088 8667/4389/7089
f 8313/4390/6808 8312/4391/6807 8315/4392/6810
f 8446/4393/6720 8445/4394/6914 8448/4395/6722
f 8096/4396/6642 8095/4397/6641 8093/4396/6639
f 8422/4398/6900 8495/4399/6604 8494/4400/6787
f 8554/4401/6985 8551/4402/6982 8552/4403/6983
f 8569/4403/6999 8570/4404/7000 8571/4401/7001
f 8172/4405/6707 8173/4406/6708 8171/4407/6707
f 8329/4408/6820 8442/4409/6911 8443/4410/6912
f 8134/4407/6673 8127/4411/6666 8133/4405/6672
f 8061/4412/6614 8062/4413/6614 8060/4414/6601
f 8475/4386/6935 8400/4385/6879 8397/4385/6876
f 8508/4415/6947 8279/4365/6786 8281/4367/6788
f 8332/4409/6823 8336/4408/6827 8338/4410/6829
f 8125/4416/6664 8124/4417/6663 8127/4411/6666
f 8596/4418/7025 8601/4419/6992 8603/4420/7028
f 8280/4421/6787 8276/4398/6783 8278/4400/6785
f 8303/4413/6584 8302/4412/6584 8301/4414/6806
f 8288/4411/6793 8284/4422/6790 8286/4406/6792
f 8510/4394/6764 8446/4393/6720 8448/4395/6722
f 8522/4423/6777 8521/4424/6955 8523/4425/6956
f 8646/4426/7069 8645/4427/7068 8647/4428/7070
f 8707/4429/7129 8604/4430/7029 8708/4431/7130
f 8085/4432/6634 8063/4433/6615 8083/4433/6632
f 8267/4434/6778 8269/4435/6780 8270/4434/6781
f 8074/4432/6623 8184/4409/6715 8185/4409/6716
f 8115/4436/6659 8095/4397/6641 8102/4437/6646
f 8471/4438/6742 8470/4439/6932 8473/4440/6744
f 8296/4441/6801 8298/4442/6803 8297/4443/6802
f 8481/4393/6936 8480/4394/6748 8483/4395/6751
f 8686/4444/7108 8685/4445/7107 8687/4446/7109
f 8158/4447/6696 8156/4448/6695 8159/4449/6697
f 8672/4450/7094 8671/4451/7093 8673/4452/7095
f 8613/4453/7038 8614/4454/7039 8723/4455/7143
f 8554/4401/6985 8561/4419/6992 8557/4456/6988
f 8699/4375/7121 8696/4457/7118 8697/4458/7119
f 8542/4459/6975 8544/4460/6977 8541/4461/6974
f 8451/4441/6917 8449/4442/6916 8511/4443/6765
f 8054/4390/6609 8053/4391/6608 8051/4462/6606
f 8697/4458/7119 8694/4463/7116 8695/4464/7117
f 8689/4378/7111 8686/4444/7108 8687/4446/7109
f 8114/4437/6658 8211/4396/6739 8112/4436/6656
f 8712/4465/7134 8718/4420/7138 8720/4419/7140
f 8581/4466/7010 8578/4465/7007 8580/4418/7009
f 8492/4467/6604 8489/4468/6939 8490/4469/6940
f 8410/4470/6692 8409/4471/6888 8412/4472/6890
f 8593/4473/7022 8580/4418/7009 8590/4456/7019
f 8413/4448/6891 8415/4447/6893 8509/4449/6948
f 8586/4373/7015 8585/4474/7014 8587/4372/7016
f 8529/4475/6962 8535/4476/6968 8536/4476/6969
f 8047/4391/6605 8048/4390/6605 8050/4392/6605
f 8513/4477/6950 8512/4425/6949 8515/4424/6951
f 8156/4448/6695 8158/4447/6696 8252/4449/6763
f 8567/4478/6997 8568/4402/6998 8569/4403/6999
f 8014/4479/6575 8015/4480/6576 8017/4481/6575
f 8471/4438/6742 8484/4439/6938 8472/4482/6933
f 8136/4483/6675 8138/4484/6677 8177/4485/6710
f 8519/4486/6773 8516/4487/6952 8517/4486/6953
f 8630/4488/7053 8629/4489/7052 8631/4490/7054
f 8153/4470/6692 8152/4471/6691 8155/4472/6694
f 8393/4483/6675 8395/4484/6677 8434/4485/6710
f 8589/4491/7018 8586/4373/7015 8587/4372/7016
f 8033/4417/6592 8036/4405/6595 8037/4492/6596
f 8140/4385/6679 8217/4493/6745 8218/4386/6746
f 8243/4494/6747 8242/4495/6747 8245/4496/6747
f 8240/4366/6577 8163/4365/6701 8160/4367/6698
f 8092/4405/6638 8087/4406/6636 8091/4407/6638
f 8267/4434/6778 8266/4425/6777 8268/4435/6779
f 8075/4409/6624 8079/4408/6628 8081/4410/6630
f 8264/4424/6775 8261/4487/6772 8262/4486/6773
f 8531/4497/6964 8530/4498/6963 8532/4497/6965
f 8214/4438/6742 8213/4439/6741 8216/4440/6744
f 8609/4499/7034 8721/4500/7141 8610/4501/7035
f 8415/4447/6893 8413/4448/6891 8416/4449/6894
f 8141/4502/6680 8140/4385/6679 8143/4385/6682
f 8259/4487/6770 8258/4424/6769 8260/4486/6771
f 8693/4503/7115 8690/4377/7112 8691/4379/7113
f 8387/4504/6871 8386/4406/6870 8388/4505/6872
f 8021/4400/6580 8020/4506/6579 8019/4398/6578
f 8347/4411/6636 8346/4422/6835 8344/4406/6636
f 8683/4507/7105 8682/4508/7104 8680/4509/7102
f 8138/4484/6677 8136/4483/6675 8139/4485/6678
f 8675/4383/7097 8672/4450/7094 8673/4452/7095
f 8165/4398/6703 8161/4510/6699 8163/4365/6701
f 8363/4432/6848 8362/4511/6847 8360/4433/6845
f 8342/4432/6833 8320/4433/6814 8340/4433/6831
f 8369/4436/6854 8368/4437/6853 8371/4437/6856
f 8325/4413/6818 8324/4412/6818 8326/4512/6818
f 8737/4513/7153 8738/4514/7153 8739/4515/7153
f 8579/4516/7008 8576/4474/7005 8578/4465/7007
f 8390/4405/6874 8381/4417/6865 8389/4492/6873
f 8167/4506/6705 8164/4517/6702 8165/4398/6703
f 8475/4386/6935 8401/4493/6880 8402/4386/6881
f 8533/4518/6966 8532/4497/6965 8534/4518/6967
f 8186/4410/6717 8074/4432/6623 8185/4409/6716
f 8321/4408/6815 8320/4433/6814 8323/4432/6817
f 8101/4437/6645 8096/4396/6642 8208/4436/6736
f 8290/4417/6795 8293/4405/6798 8294/4492/6799
f 8384/4411/6868 8383/4519/6867 8381/4417/6865
f 8650/4520/7073 8649/4521/7072 8651/4522/7074
f 8644/4523/7067 8643/4524/7066 8645/4427/7068
f 8637/4525/7060 8634/4526/7057 8635/4527/7058
f 8552/4403/6983 8549/4528/6980 8550/4478/6981
f 8151/4502/6690 8147/4385/6686 8179/4502/6712
f 8444/4410/6913 8329/4408/6820 8443/4410/6912
f 8540/4529/6973 8537/4461/6970 8539/4460/6972
f 8392/4530/6674 8386/4406/6870 8391/4407/6875
f 8408/4502/6887 8403/4386/6882 8405/4385/6884
f 8694/4463/7116 8693/4503/7115 8695/4464/7117
f 8351/4397/6838 8359/4437/6844 8352/4397/6839
f 8161/4510/6699 8160/4367/6698 8163/4365/6701
f 8454/4391/6918 8453/4390/6918 8455/4392/6918
f 8353/4396/6840 8352/4397/6839 8350/4396/6837
f 8339/4408/6830 8338/4410/6829 8336/4408/6827
f 8333/4432/6824 8337/4410/6828 8339/4408/6830
f 8577/4531/7006 8572/4372/7002 8576/4474/7005
f 8039/4441/6598 8041/4442/6600 8042/4532/6601
f 8108/4408/6652 8105/4511/6649 8104/4408/6648
f 8329/4408/6820 8328/4432/6819 8331/4432/6822
f 8403/4386/6882 8435/4493/6906 8406/4386/6885
f 8527/4434/6960 8512/4425/6949 8514/4423/6768
f 8130/4504/6669 8129/4406/6668 8131/4505/6670
f 8304/4391/6605 8305/4390/6605 8307/4392/6605
f 8311/4390/6609 8310/4391/6608 8308/4462/6606
f 8529/4475/6962 8528/4498/6961 8013/4475/6574
f 8271/4479/6575 8504/4533/6758 8503/4534/6758
f 8064/4408/6616 8085/4432/6634 8084/4408/6633
f 8535/4476/6968 8534/4518/6967 8536/4476/6969
f 8486/4535/6785 8485/4536/6782 8488/4537/6785
f 8424/4506/6902 8421/4517/6899 8423/4538/6901
f 8102/4437/6646 8208/4436/6736 8115/4436/6659
f 8219/4496/6747 8220/4539/6747 8222/4495/6747
f 8286/4406/6792 8291/4530/6796 8292/4407/6797
f 8704/4540/7126 8703/4541/7125 8705/4542/7127
f 8068/4413/6619 8067/4412/6619 8070/4414/6612
f 8464/4536/6926 8461/4535/6923 8463/4543/6925
f 8521/4424/6955 8518/4487/6772 8519/4486/6773
f 8370/4436/6855 8469/4397/6931 8368/4437/6853
f 8235/4467/6584 8232/4468/6754 8234/4544/6584
f 8144/4493/6683 8143/4385/6682 8145/4386/6684
f 8703/4541/7125 8700/4374/7122 8701/4376/7123
f 8064/4408/6616 8063/4433/6615 8066/4432/6618
f 8104/4408/6648 8109/4432/6653 8108/4408/6652
f 8209/4397/6737 8111/4437/6655 8212/4397/6740
f 8020/4506/6579 8248/4517/6759 8019/4398/6578
f 8086/4511/6635 8085/4432/6634 8083/4433/6632
f 8076/4432/6625 8075/4409/6624 8078/4409/6627
f 8056/4390/6611 8055/4391/6610 8058/4392/6613
f 8074/4432/6623 8073/4408/6622 8071/4432/6620
f 8420/4365/6898 8419/4415/6897 8418/4510/6896
f 8184/4409/6715 8073/4408/6622 8187/4410/6718
f 8500/4494/6747 8499/4495/6747 8502/4496/6747
f 8204/4535/6732 8203/4469/6731 8205/4537/6733
f 8065/4511/6617 8084/4408/6633 8086/4511/6635
f 8228/4536/6577 8229/4535/6753 8231/4537/6753
f 8113/4436/6657 8212/4397/6740 8111/4437/6655
f 8355/4479/6644 8354/4533/6841 8357/4534/6643
f 8385/4422/6869 8384/4411/6868 8386/4406/6870
f 8441/4409/6910 8330/4408/6821 8444/4410/6913
f 8567/4478/6997 8562/4545/6993 8566/4528/6996
f 8036/4405/6595 8038/4546/6597 8037/4492/6596
f 8035/4407/6594 8038/4546/6597 8036/4405/6595
f 8035/4407/6594 8034/4530/6593 8038/4546/6597
f 8207/4536/6735 8204/4535/6732 8205/4537/6733
f 8635/4527/7058 8632/4547/7055 8633/4548/7056
f 8270/4434/6781 8255/4425/6766 8257/4423/6768
f 8265/4423/6776 8264/4424/6775 8266/4425/6777
f 8343/4511/6834 8342/4432/6833 8340/4433/6831
f 8031/4411/6590 8035/4407/6594 8036/4405/6595
f 8112/4436/6656 8111/4437/6655 8114/4437/6658
f 8088/4416/6637 8087/4406/6636 8090/4411/6636
f 8082/4408/6631 8081/4410/6630 8079/4408/6628
f 8286/4406/6792 8285/4504/6791 8283/4505/6789
f 8129/4406/6668 8125/4416/6664 8127/4411/6666
f 8218/4386/6746 8143/4385/6682 8140/4385/6679
f 8039/4441/6598 8041/4442/6600 8040/4443/6599
f 8021/4400/6580 8022/4365/6581 8023/4421/6582
f 8192/4442/6723 8194/4441/6725 8195/4443/6726
f 8347/4411/6636 8348/4407/6836 8349/4405/6836
f 8629/4489/7052 8628/4549/7051 8626/4550/7049
f 8134/4407/6673 8038/4546/6597 8135/4530/6674
f 8133/4405/6672 8038/4546/6597 8134/4407/6673
f 8133/4405/6672 8132/4492/6671 8038/4546/6597
f 8350/4396/6837 8359/4437/6844 8372/4436/6857
f 8253/4394/6764 8189/4393/6720 8191/4395/6722
f 8449/4442/6916 8451/4441/6917 8452/4443/6726
f 8425/4470/6706 8409/4471/6888 8411/4551/6889
f 8110/4511/6654 8109/4432/6653 8107/4433/6651
f 8171/4407/6707 8038/4546/6597 8172/4405/6707
f 8563/4552/6994 8562/4545/6993 8565/4553/6995
f 8401/4493/6880 8400/4385/6879 8402/4386/6881
f 8366/4432/6851 8360/4433/6845 8364/4433/6849
f 8168/4470/6706 8152/4471/6691 8154/4551/6693
f 8194/4441/6725 8192/4442/6723 8254/4443/6765
f 8261/4487/6772 8260/4486/6771 8262/4486/6773
f 8046/4413/6602 8045/4412/6604 8043/4512/6602
f 8014/4479/6575 8247/4533/6758 8246/4534/6758
f 8466/4397/6928 8368/4437/6853 8469/4397/6931
f 8241/4394/6757 8224/4393/6749 8226/4395/6751
f 8321/4408/6815 8342/4432/6833 8341/4408/6832
f 8127/4411/6666 8132/4492/6671 8133/4405/6672
f 8076/4432/6625 8080/4410/6629 8082/4408/6631
f 8029/4406/6588 8028/4504/6587 8026/4505/6585
f 8546/4545/6979 8545/4552/6978 8548/4553/6979
f 8201/4468/6729 8200/4467/6728 8203/4469/6731
f 8281/4367/6788 8280/4421/6787 8282/4366/6604
f 8030/4416/6589 8029/4406/6588 8031/4411/6590
f 8214/4438/6742 8227/4439/6752 8215/4482/6743
f 8118/4554/6662 8120/4555/6662 8122/4556/6662
f 8146/4386/6685 8178/4493/6711 8149/4386/6688
f 8082/4408/6631 8077/4432/6626 8076/4432/6625
f 8147/4385/6686 8146/4386/6685 8149/4386/6688
f 8476/4496/6747 8477/4539/6747 8479/4495/6747
f 8333/4432/6824 8332/4409/6823 8335/4409/6826
f 8233/4469/6755 8229/4535/6753 8232/4468/6754
f 8498/4394/6757 8481/4393/6936 8483/4395/6751
f 8151/4502/6690 8146/4386/6685 8148/4385/6687
f 8019/4398/6578 8250/4510/6761 8022/4365/6581
f 8104/4408/6648 8103/4433/6647 8106/4432/6650
f 8395/4484/6677 8393/4483/6675 8396/4485/6678
f 8187/4410/6718 8072/4408/6621 8186/4410/6717
f 8258/4424/6769 8257/4423/6768 8255/4425/6766
f 8655/4557/7076 8654/4558/7077 8652/4559/7075
f 8163/4365/6701 8237/4400/6582 8165/4398/6703
f 8319/4413/6813 8318/4412/6813 8316/4512/6811
f 8398/4502/6877 8397/4385/6876 8400/4385/6879
f 8091/4407/6638 8038/4546/6597 8092/4405/6638
f 8218/4386/6746 8144/4493/6683 8145/4386/6684
f 8237/4400/6582 8167/4506/6705 8165/4398/6703
f 8288/4411/6793 8292/4407/6797 8293/4405/6798
f 8642/4560/7065 8641/4561/7064 8643/4524/7066
f 8182/4413/6577 8183/4412/6577 8180/4414/6713
f 8460/4469/6922 8461/4535/6923 8462/4537/6924
f 8339/4408/6830 8334/4432/6825 8333/4432/6824
f 8293/4405/6798 8295/4546/6800 8294/4492/6799
f 8292/4407/6797 8295/4546/6800 8293/4405/6798
f 8292/4407/6797 8291/4530/6796 8295/4546/6800
f 8355/4479/6644 8427/4480/6576 8356/4481/6842
f 8391/4407/6875 8384/4411/6868 8390/4405/6874
f 8431/4411/6904 8432/4422/6905 8430/4406/6904
f 8033/4417/6592 8030/4416/6589 8031/4411/6590
f 8197/4391/6727 8196/4390/6727 8198/4392/6727
f 8435/4493/6906 8404/4385/6883 8406/4386/6885
f 8035/4407/6594 8026/4505/6585 8034/4530/6593
f 8524/4434/6957 8523/4425/6956 8525/4435/6958
f 8490/4469/6940 8486/4535/6785 8488/4537/6785
f 8331/4432/6822 8441/4409/6910 8442/4409/6911
f 8098/4479/6644 8097/4533/6643 8100/4534/6643
f 8374/4562/6859 8373/4563/6858 8380/4564/6864
f 8505/4517/6944 8277/4506/6784 8276/4398/6783
f 8361/4408/6846 8366/4432/6851 8365/4408/6850
f 8101/4437/6645 8095/4397/6641 8094/4397/6640
f 8431/4411/6904 8428/4407/6903 8429/4405/6707
f 8391/4407/6875 8295/4546/6800 8392/4530/6674
f 8390/4405/6874 8295/4546/6800 8391/4407/6875
f 8390/4405/6874 8389/4492/6873 8295/4546/6800
f 8408/4502/6887 8404/4385/6883 8436/4502/6907
f 8365/4408/6850 8362/4511/6847 8361/4408/6846
f 8365/4408/6850 8364/4433/6849 8367/4511/6852
f 8428/4407/6903 8295/4546/6800 8429/4405/6707
f 8178/4493/6711 8147/4385/6686 8149/4386/6688
f 8469/4397/6931 8468/4396/6930 8466/4397/6928
f 8289/4519/6794 8288/4411/6793 8290/4417/6795
f 8584/4531/7013 8555/4465/6986 8585/4474/7014
f 8025/4366/6584 8022/4365/6581 8024/4367/6583
f 8516/4487/6952 8515/4424/6951 8517/4486/6953
f 8022/4365/6581 8251/4415/6762 8024/4367/6583
f 8638/4565/7061 8637/4525/7060 8639/4566/7062
f 8189/4393/6720 8188/4394/6719 8191/4395/6722
f 8666/4388/7088 8665/4567/7087 8667/4389/7089
f 8321/4408/6815 8343/4511/6834 8322/4511/6816
f 8457/4467/6919 8458/4468/6920 8460/4469/6922
f 8169/4568/6576 8099/4481/6644 8098/4479/6644
f 8271/4479/6575 8272/4480/6576 8274/4481/6575
f 8422/4398/6900 8418/4510/6896 8421/4517/6899
f 8224/4393/6749 8223/4394/6748 8226/4395/6751
f 8276/4398/6783 8275/4399/6782 8278/4400/6785
f 8359/4437/6844 8465/4436/6927 8372/4436/6857
f 8135/4530/6674 8129/4406/6668 8134/4407/6673
f 8397/4385/6876 8474/4493/6934 8475/4386/6935
f 8422/4398/6900 8496/4421/6943 8420/4365/6898
f 8348/4407/6836 8295/4546/6800 8349/4405/6836
f 8671/4451/7093 8668/4569/7090 8669/4387/7091
f 8440/4412/6808 8439/4413/6808 8437/4414/6908
f 8507/4510/6946 8276/4398/6783 8279/4365/6786
f 8371/4437/6856 8468/4396/6930 8369/4436/6854
f 8555/4465/6986 8583/4466/7012 8556/4418/6987
f 8685/4445/7107 8681/4570/7103 8683/4507/7105
f 8632/4547/7055 8631/4490/7054 8633/4548/7056
f 8358/4437/6843 8353/4396/6840 8465/4436/6927
f 8212/4397/6740 8211/4396/6739 8209/4397/6737
f 8665/4567/7087 8662/4362/7084 8663/4364/7085
f 8656/4571/7078 8655/4557/7076 8657/4572/7079
f 8176/4416/6709 8173/4406/6708 8174/4411/6708
f 8658/4380/7080 8657/4572/7079 8659/4381/7081
f 8109/4432/6653 8103/4433/6647 8107/4433/6651
f 8649/4521/7072 8646/4426/7069 8647/4428/7070
f 8640/4573/7063 8639/4566/7062 8641/4561/7064
f 8525/4435/6958 8527/4434/6960 8524/4434/6957
f 8549/4528/6980 8548/4553/6979 8550/4478/6981
f 8662/4362/7084 8660/4574/7082 8661/4363/7083
f 8420/4365/6898 8496/4421/6943 8497/4366/6782
f 8744/4368/7153 8742/4575/7153 8743/4369/7153
f 8573/4371/7003 8574/4491/7003 8572/4372/7002
f 8700/4374/7122 8698/4576/7120 8699/4375/7121
f 8690/4377/7112 8688/4577/7110 8689/4378/7111
f 8661/4363/7083 8660/4574/7082 8658/4380/7080
f 8676/4382/7098 8674/4578/7096 8675/4383/7097
f 8404/4385/6883 8405/4385/6884 8403/4386/6882
f 8669/4387/7091 8668/4569/7090 8666/4388/7088
f 8313/4390/6808 8314/4462/6809 8312/4391/6807
f 8446/4393/6720 8447/4579/6915 8445/4394/6914
f 8096/4396/6642 8094/4397/6640 8095/4397/6641
f 8422/4398/6900 8424/4506/6902 8495/4399/6604
f 8554/4401/6985 8553/4404/6984 8551/4402/6982
f 8569/4403/6999 8568/4402/6998 8570/4404/7000
f 8172/4405/6707 8174/4411/6708 8173/4406/6708
f 8329/4408/6820 8331/4432/6822 8442/4409/6911
f 8134/4407/6673 8129/4406/6668 8127/4411/6666
f 8061/4412/6614 8059/4512/6614 8062/4413/6614
f 8475/4386/6935 8402/4386/6881 8400/4385/6879
f 8508/4415/6947 8507/4510/6946 8279/4365/6786
f 8332/4409/6823 8334/4432/6825 8336/4408/6827
f 8125/4416/6664 8126/4519/6665 8124/4417/6663
f 8598/4403/7026 8597/4401/7025 8596/4418/7025
f 8596/4418/7025 8595/4465/7024 8599/4456/6990
f 8599/4456/6990 8600/4580/6991 8601/4419/6992
f 8601/4419/6992 8602/4473/7027 8603/4420/7028
f 8603/4420/7028 8598/4403/7026 8596/4418/7025
f 8596/4418/7025 8599/4456/6990 8601/4419/6992
f 8280/4421/6787 8279/4365/6786 8276/4398/6783
f 8303/4413/6584 8300/4512/6805 8302/4412/6584
f 8288/4411/6793 8287/4416/6589 8284/4422/6790
f 8510/4394/6764 8447/4579/6915 8446/4393/6720
f 8522/4423/6777 8520/4477/6954 8521/4424/6955
f 8646/4426/7069 8644/4523/7067 8645/4427/7068
f 8708/4431/7130 8710/4581/7132 8606/4582/7031
f 8606/4582/7031 8605/4583/7030 8707/4429/7129
f 8707/4429/7129 8725/4584/7145 8706/4585/7128
f 8706/4585/7128 8607/4586/7032 8604/4430/7029
f 8604/4430/7029 8709/4587/7131 8711/4588/7133
f 8711/4588/7133 8726/4589/7146 8708/4431/7130
f 8708/4431/7130 8606/4582/7031 8707/4429/7129
f 8707/4429/7129 8706/4585/7128 8604/4430/7029
f 8604/4430/7029 8711/4588/7133 8708/4431/7130
f 8085/4432/6634 8066/4432/6618 8063/4433/6615
f 8267/4434/6778 8268/4435/6779 8269/4435/6780
f 8074/4432/6623 8071/4432/6620 8184/4409/6715
f 8115/4436/6659 8093/4396/6639 8095/4397/6641
f 8471/4438/6742 8472/4482/6933 8470/4439/6932
f 8296/4441/6801 8299/4532/6804 8298/4442/6803
f 8481/4393/6936 8482/4579/6937 8480/4394/6748
f 8686/4444/7108 8684/4590/7106 8685/4445/7107
f 8158/4447/6696 8157/4591/6676 8156/4448/6695
f 8672/4450/7094 8670/4592/7092 8671/4451/7093
f 8723/4455/7143 8678/4593/7100 8616/4594/7041
f 8616/4594/7041 8618/4595/7033 8613/4453/7038
f 8613/4453/7038 8615/4596/7040 8724/4597/7144
f 8724/4597/7144 8612/4598/7037 8614/4454/7039
f 8614/4454/7039 8617/4599/7033 8619/4600/7042
f 8619/4600/7042 8679/4601/7101 8723/4455/7143
f 8723/4455/7143 8616/4594/7041 8613/4453/7038
f 8613/4453/7038 8724/4597/7144 8614/4454/7039
f 8614/4454/7039 8619/4600/7042 8723/4455/7143
f 8555/4465/6986 8556/4418/6987 8554/4401/6985
f 8554/4401/6985 8552/4403/6983 8559/4420/6990
f 8559/4420/6990 8560/4473/6991 8561/4419/6992
f 8561/4419/6992 8558/4580/6989 8557/4456/6988
f 8557/4456/6988 8555/4465/6986 8554/4401/6985
f 8554/4401/6985 8559/4420/6990 8561/4419/6992
f 8699/4375/7121 8698/4576/7120 8696/4457/7118
f 8542/4459/6975 8731/4602/7150 8732/4603/7147
f 8541/4461/6974 8733/4604/7151 8734/4605/7152
f 8541/4461/6974 8734/4605/7152 8543/4529/6976
f 8542/4459/6975 8732/4603/7147 8544/4460/6977
f 8541/4461/6974 8543/4529/6976 8542/4459/6975
f 8451/4441/6917 8450/4532/6601 8449/4442/6916
f 8054/4390/6609 8052/4392/6607 8053/4391/6608
f 8697/4458/7119 8696/4457/7118 8694/4463/7116
f 8689/4378/7111 8688/4577/7110 8686/4444/7108
f 8114/4437/6658 8209/4397/6737 8211/4396/6739
f 8715/4580/7023 8714/4456/7023 8712/4465/7134
f 8712/4465/7134 8713/4418/7135 8716/4401/7136
f 8716/4401/7136 8717/4403/7137 8718/4420/7138
f 8718/4420/7138 8719/4473/7139 8720/4419/7140
f 8720/4419/7140 8715/4580/7023 8712/4465/7134
f 8712/4465/7134 8716/4401/7136 8718/4420/7138
f 8581/4466/7010 8579/4516/7008 8578/4465/7007
f 8492/4467/6604 8491/4544/6941 8489/4468/6939
f 8410/4470/6692 8411/4551/6889 8409/4471/6888
f 8591/4580/7020 8592/4419/7021 8593/4473/7022
f 8593/4473/7022 8594/4420/7023 8569/4403/6999
f 8569/4403/6999 8571/4401/7001 8580/4418/7009
f 8580/4418/7009 8578/4465/7007 8590/4456/7019
f 8590/4456/7019 8591/4580/7020 8593/4473/7022
f 8593/4473/7022 8569/4403/6999 8580/4418/7009
f 8413/4448/6891 8414/4591/6892 8415/4447/6893
f 8586/4373/7015 8584/4531/7013 8585/4474/7014
f 8529/4475/6962 8013/4475/6574 8535/4476/6968
f 8047/4391/6605 8049/4462/6605 8048/4390/6605
f 8513/4477/6950 8514/4423/6768 8512/4425/6949
f 8567/4478/6997 8566/4528/6996 8568/4402/6998
f 8014/4479/6575 8016/4568/6576 8015/4480/6576
f 8471/4438/6742 8473/4440/6744 8484/4439/6938
f 8136/4483/6675 8137/4606/6676 8138/4484/6677
f 8519/4486/6773 8518/4487/6772 8516/4487/6952
f 8630/4488/7053 8627/4607/7050 8629/4489/7052
f 8153/4470/6692 8154/4551/6693 8152/4471/6691
f 8393/4483/6675 8394/4606/6676 8395/4484/6677
f 8589/4491/7018 8588/4371/7017 8586/4373/7015
f 8033/4417/6592 8031/4411/6590 8036/4405/6595
f 8140/4385/6679 8142/4502/6681 8217/4493/6745
f 8243/4494/6747 8244/4539/6747 8242/4495/6747
f 8240/4366/6577 8239/4421/6580 8163/4365/6701
f 8092/4405/6638 8090/4411/6636 8087/4406/6636
f 8267/4434/6778 8265/4423/6776 8266/4425/6777
f 8075/4409/6624 8077/4432/6626 8079/4408/6628
f 8264/4424/6775 8263/4477/6774 8261/4487/6772
f 8531/4497/6964 8528/4498/6961 8530/4498/6963
f 8214/4438/6742 8215/4482/6743 8213/4439/6741
f 8610/4501/7035 8625/4608/7048 8722/4609/7142
f 8722/4609/7142 8624/4610/7047 8609/4499/7034
f 8609/4499/7034 8611/4611/7036 8621/4612/7044
f 8621/4612/7044 8623/4613/7046 8721/4500/7141
f 8721/4500/7141 8622/4614/7045 8620/4615/7043
f 8620/4615/7043 8608/4616/7033 8610/4501/7035
f 8610/4501/7035 8722/4609/7142 8609/4499/7034
f 8609/4499/7034 8621/4612/7044 8721/4500/7141
f 8721/4500/7141 8620/4615/7043 8610/4501/7035
f 8141/4502/6680 8142/4502/6681 8140/4385/6679
f 8259/4487/6770 8256/4477/6767 8258/4424/6769
f 8693/4503/7115 8692/4617/7114 8690/4377/7112
f 8387/4504/6871 8385/4422/6869 8386/4406/6870
f 8021/4400/6580 8018/4399/6577 8020/4506/6579
f 8347/4411/6636 8345/4416/6835 8346/4422/6835
f 8683/4507/7105 8681/4570/7103 8682/4508/7104
f 8675/4383/7097 8674/4578/7096 8672/4450/7094
f 8165/4398/6703 8164/4517/6702 8161/4510/6699
f 8363/4432/6848 8361/4408/6846 8362/4511/6847
f 8342/4432/6833 8323/4432/6817 8320/4433/6814
f 8369/4436/6854 8370/4436/6855 8368/4437/6853
f 8325/4413/6818 8327/4414/6676 8324/4412/6818
f 8739/4515/7153 8736/4618/7153 8737/4513/7153
f 8737/4513/7153 8735/4619/7153 8738/4514/7153
f 8738/4514/7153 8740/4620/7153 8739/4515/7153
f 8579/4516/7008 8577/4531/7006 8576/4474/7005
f 8390/4405/6874 8384/4411/6868 8381/4417/6865
f 8167/4506/6705 8166/4538/6704 8164/4517/6702
f 8475/4386/6935 8474/4493/6934 8401/4493/6880
f 8533/4518/6966 8531/4497/6964 8532/4497/6965
f 8186/4410/6717 8072/4408/6621 8074/4432/6623
f 8296/4441/6801 8493/4443/6942 8298/4442/6803
f 8321/4408/6815 8322/4511/6816 8320/4433/6814
f 8101/4437/6645 8094/4397/6640 8096/4396/6642
f 8290/4417/6795 8288/4411/6793 8293/4405/6798
f 8384/4411/6868 8382/4416/6866 8383/4519/6867
f 8650/4520/7073 8648/4621/7071 8649/4521/7072
f 8644/4523/7067 8642/4560/7065 8643/4524/7066
f 8637/4525/7060 8636/4622/7059 8634/4526/7057
f 8552/4403/6983 8551/4402/6982 8549/4528/6980
f 8151/4502/6690 8148/4385/6687 8147/4385/6686
f 8444/4410/6913 8330/4408/6821 8329/4408/6820
f 8728/4603/7147 8727/4602/7147 8538/4459/6971
f 8540/4529/6973 8730/4605/7149 8729/4604/7148
f 8539/4460/6972 8728/4603/7147 8538/4459/6971
f 8540/4529/6973 8729/4604/7148 8537/4461/6970
f 8539/4460/6972 8538/4459/6971 8540/4529/6973
f 8392/4530/6674 8388/4505/6872 8386/4406/6870
f 8408/4502/6887 8407/4493/6886 8403/4386/6882
f 8694/4463/7116 8692/4617/7114 8693/4503/7115
f 8351/4397/6838 8358/4437/6843 8359/4437/6844
f 8161/4510/6699 8162/4415/6700 8160/4367/6698
f 8454/4391/6918 8456/4462/6918 8453/4390/6918
f 8353/4396/6840 8351/4397/6838 8352/4397/6839
f 8339/4408/6830 8337/4410/6828 8338/4410/6829
f 8333/4432/6824 8335/4409/6826 8337/4410/6828
f 8577/4531/7006 8575/4373/7004 8572/4372/7002
f 8039/4441/6598 8236/4443/6756 8041/4442/6600
f 8108/4408/6652 8110/4511/6654 8105/4511/6649
f 8329/4408/6820 8330/4408/6821 8328/4432/6819
f 8403/4386/6882 8407/4493/6886 8435/4493/6906
f 8527/4434/6960 8526/4435/6959 8512/4425/6949
f 8130/4504/6669 8128/4422/6667 8129/4406/6668
f 8304/4391/6605 8306/4462/6605 8305/4390/6605
f 8311/4390/6609 8309/4392/6607 8310/4391/6608
f 8529/4475/6962 8530/4498/6963 8528/4498/6961
f 8271/4479/6575 8274/4481/6575 8504/4533/6758
f 8064/4408/6616 8066/4432/6618 8085/4432/6634
f 8535/4476/6968 8533/4518/6966 8534/4518/6967
f 8486/4535/6785 8487/4543/6782 8485/4536/6782
f 8424/4506/6902 8422/4398/6900 8421/4517/6899
f 8102/4437/6646 8101/4437/6645 8208/4436/6736
f 8219/4496/6747 8221/4494/6747 8220/4539/6747
f 8286/4406/6792 8283/4505/6789 8291/4530/6796
f 8704/4540/7126 8702/4623/7124 8703/4541/7125
f 8068/4413/6619 8069/4512/6619 8067/4412/6619
f 8464/4536/6926 8462/4537/6924 8461/4535/6923
f 8521/4424/6955 8520/4477/6954 8518/4487/6772
f 8370/4436/6855 8467/4396/6929 8469/4397/6931
f 8235/4467/6584 8233/4469/6755 8232/4468/6754
f 8144/4493/6683 8141/4502/6680 8143/4385/6682
f 8703/4541/7125 8702/4623/7124 8700/4374/7122
f 8064/4408/6616 8065/4511/6617 8063/4433/6615
f 8104/4408/6648 8106/4432/6650 8109/4432/6653
f 8209/4397/6737 8114/4437/6658 8111/4437/6655
f 8020/4506/6579 8249/4538/6760 8248/4517/6759
f 8086/4511/6635 8084/4408/6633 8085/4432/6634
f 8076/4432/6625 8077/4432/6626 8075/4409/6624
f 8056/4390/6611 8057/4462/6612 8055/4391/6610
f 8074/4432/6623 8072/4408/6621 8073/4408/6622
f 8420/4365/6898 8417/4367/6895 8419/4415/6897
f 8184/4409/6715 8071/4432/6620 8073/4408/6622
f 8500/4494/6747 8501/4539/6747 8499/4495/6747
f 8204/4535/6732 8201/4468/6729 8203/4469/6731
f 8065/4511/6617 8064/4408/6616 8084/4408/6633
f 8228/4536/6577 8230/4543/6577 8229/4535/6753
f 8113/4436/6657 8210/4396/6738 8212/4397/6740
f 8355/4479/6644 8356/4481/6842 8354/4533/6841
f 8385/4422/6869 8382/4416/6866 8384/4411/6868
f 8441/4409/6910 8328/4432/6819 8330/4408/6821
f 8567/4478/6997 8565/4553/6995 8562/4545/6993
f 8207/4536/6735 8206/4543/6734 8204/4535/6732
f 8635/4527/7058 8634/4526/7057 8632/4547/7055
f 8270/4434/6781 8269/4435/6780 8255/4425/6766
f 8265/4423/6776 8263/4477/6774 8264/4424/6775
f 8343/4511/6834 8341/4408/6832 8342/4432/6833
f 8031/4411/6590 8029/4406/6588 8035/4407/6594
f 8112/4436/6656 8113/4436/6657 8111/4437/6655
f 8088/4416/6637 8089/4422/6637 8087/4406/6636
f 8082/4408/6631 8080/4410/6629 8081/4410/6630
f 8286/4406/6792 8284/4422/6790 8285/4504/6791
f 8129/4406/6668 8128/4422/6667 8125/4416/6664
f 8218/4386/6746 8145/4386/6684 8143/4385/6682
f 8021/4400/6580 8019/4398/6578 8022/4365/6581
f 8192/4442/6723 8193/4532/6724 8194/4441/6725
f 8347/4411/6636 8344/4406/6636 8348/4407/6836
f 8629/4489/7052 8627/4607/7050 8628/4549/7051
f 8350/4396/6837 8352/4397/6839 8359/4437/6844
f 8253/4394/6764 8190/4579/6721 8189/4393/6720
f 8425/4470/6706 8412/4472/6890 8409/4471/6888
f 8110/4511/6654 8108/4408/6652 8109/4432/6653
f 8563/4552/6994 8564/4624/6994 8562/4545/6993
f 8401/4493/6880 8398/4502/6877 8400/4385/6879
f 8366/4432/6851 8363/4432/6848 8360/4433/6845
f 8168/4470/6706 8155/4472/6694 8152/4471/6691
f 8261/4487/6772 8259/4487/6770 8260/4486/6771
f 8046/4413/6602 8044/4414/6603 8045/4412/6604
f 8014/4479/6575 8017/4481/6575 8247/4533/6758
f 8466/4397/6928 8371/4437/6856 8368/4437/6853
f 8241/4394/6757 8225/4579/6750 8224/4393/6749
f 8321/4408/6815 8323/4432/6817 8342/4432/6833
f 8127/4411/6666 8124/4417/6663 8132/4492/6671
f 8076/4432/6625 8078/4409/6627 8080/4410/6629
f 8029/4406/6588 8027/4422/6586 8028/4504/6587
f 8546/4545/6979 8547/4624/6978 8545/4552/6978
f 8201/4468/6729 8202/4544/6730 8200/4467/6728
f 8281/4367/6788 8279/4365/6786 8280/4421/6787
f 8030/4416/6589 8027/4422/6586 8029/4406/6588
f 8214/4438/6742 8216/4440/6744 8227/4439/6752
f 8122/4556/6662 8121/4625/6660 8119/4626/6662
f 8119/4626/6662 8117/4562/6661 8118/4554/6662
f 8118/4554/6662 8116/4563/6660 8120/4555/6662
f 8120/4555/6662 8123/4564/6661 8122/4556/6662
f 8122/4556/6662 8119/4626/6662 8118/4554/6662
f 8146/4386/6685 8150/4493/6689 8178/4493/6711
f 8082/4408/6631 8079/4408/6628 8077/4432/6626
f 8147/4385/6686 8148/4385/6687 8146/4386/6685
f 8476/4496/6747 8478/4494/6747 8477/4539/6747
f 8333/4432/6824 8334/4432/6825 8332/4409/6823
f 8233/4469/6755 8231/4537/6753 8229/4535/6753
f 8498/4394/6757 8482/4579/6937 8481/4393/6936
f 8151/4502/6690 8150/4493/6689 8146/4386/6685
f 8019/4398/6578 8248/4517/6759 8250/4510/6761
f 8104/4408/6648 8105/4511/6649 8103/4433/6647
f 8187/4410/6718 8073/4408/6622 8072/4408/6621
f 8258/4424/6769 8256/4477/6767 8257/4423/6768
f 8655/4557/7076 8653/4627/7076 8654/4558/7077
f 8163/4365/6701 8239/4421/6580 8237/4400/6582
f 8319/4413/6813 8317/4414/6812 8318/4412/6813
f 8398/4502/6877 8399/4502/6878 8397/4385/6876
f 8218/4386/6746 8217/4493/6745 8144/4493/6683
f 8237/4400/6582 8238/4399/6584 8167/4506/6705
f 8288/4411/6793 8286/4406/6792 8292/4407/6797
f 8642/4560/7065 8640/4573/7063 8641/4561/7064
f 8182/4413/6577 8181/4512/6714 8183/4412/6577
f 8460/4469/6922 8458/4468/6920 8461/4535/6923
f 8339/4408/6830 8336/4408/6827 8334/4432/6825
f 8355/4479/6644 8426/4568/6576 8427/4480/6576
f 8391/4407/6875 8386/4406/6870 8384/4411/6868
f 8431/4411/6904 8433/4416/6905 8432/4422/6905
f 8033/4417/6592 8032/4519/6591 8030/4416/6589
f 8197/4391/6727 8199/4462/6727 8196/4390/6727
f 8435/4493/6906 8436/4502/6907 8404/4385/6883
f 8035/4407/6594 8029/4406/6588 8026/4505/6585
f 8524/4434/6957 8522/4423/6777 8523/4425/6956
f 8490/4469/6940 8489/4468/6939 8486/4535/6785
f 8331/4432/6822 8328/4432/6819 8441/4409/6910
f 8098/4479/6644 8099/4481/6644 8097/4533/6643
f 8380/4564/6864 8379/4556/6661 8378/4625/6863
f 8378/4625/6863 8376/4626/6861 8374/4562/6859
f 8374/4562/6859 8375/4554/6860 8373/4563/6858
f 8373/4563/6858 8377/4555/6862 8380/4564/6864
f 8380/4564/6864 8378/4625/6863 8374/4562/6859
f 8505/4517/6944 8506/4538/6945 8277/4506/6784
f 8361/4408/6846 8363/4432/6848 8366/4432/6851
f 8101/4437/6645 8102/4437/6646 8095/4397/6641
f 8431/4411/6904 8430/4406/6904 8428/4407/6903
f 8408/4502/6887 8405/4385/6884 8404/4385/6883
f 8365/4408/6850 8367/4511/6852 8362/4511/6847
f 8365/4408/6850 8366/4432/6851 8364/4433/6849
f 8178/4493/6711 8179/4502/6712 8147/4385/6686
f 8469/4397/6931 8467/4396/6929 8468/4396/6930
f 8289/4519/6794 8287/4416/6589 8288/4411/6793
f 8584/4531/7013 8582/4516/7011 8555/4465/6986
f 8025/4366/6584 8023/4421/6582 8022/4365/6581
f 8516/4487/6952 8513/4477/6950 8515/4424/6951
f 8022/4365/6581 8250/4510/6761 8251/4415/6762
f 8638/4565/7061 8636/4622/7059 8637/4525/7060
f 8189/4393/6720 8190/4579/6721 8188/4394/6719
f 8666/4388/7088 8664/4628/7086 8665/4567/7087
f 8321/4408/6815 8341/4408/6832 8343/4511/6834
f 8457/4467/6919 8459/4544/6921 8458/4468/6920
f 8169/4568/6576 8170/4480/6576 8099/4481/6644
f 8271/4479/6575 8273/4568/6576 8272/4480/6576
f 8422/4398/6900 8420/4365/6898 8418/4510/6896
f 8224/4393/6749 8225/4579/6750 8223/4394/6748
f 8276/4398/6783 8277/4506/6784 8275/4399/6782
f 8359/4437/6844 8358/4437/6843 8465/4436/6927
f 8135/4530/6674 8131/4505/6670 8129/4406/6668
f 8397/4385/6876 8399/4502/6878 8474/4493/6934
f 8422/4398/6900 8494/4400/6787 8496/4421/6943
f 8671/4451/7093 8670/4592/7092 8668/4569/7090
f 8440/4412/6808 8438/4512/6909 8439/4413/6808
f 8507/4510/6946 8505/4517/6944 8276/4398/6783
f 8371/4437/6856 8466/4397/6928 8468/4396/6930
f 8555/4465/6986 8582/4516/7011 8583/4466/7012
f 8685/4445/7107 8684/4590/7106 8681/4570/7103
f 8632/4547/7055 8630/4488/7053 8631/4490/7054
f 8358/4437/6843 8351/4397/6838 8353/4396/6840
f 8212/4397/6740 8210/4396/6738 8211/4396/6739
f 8665/4567/7087 8664/4628/7086 8662/4362/7084
f 8656/4571/7078 8653/4627/7076 8655/4557/7076
f 8176/4416/6709 8175/4422/6709 8173/4406/6708
f 8658/4380/7080 8656/4571/7078 8657/4572/7079
f 8109/4432/6653 8106/4432/6650 8103/4433/6647
f 8649/4521/7072 8648/4621/7071 8646/4426/7069
f 8640/4573/7063 8638/4565/7061 8639/4566/7062
f 8525/4435/6958 8526/4435/6959 8527/4434/6960
f 8549/4528/6980 8546/4545/6979 8548/4553/6979
o old_mig_missile1
v 2.545887 0.917728 -0.420973
v 2.571354 0.864084 -0.255732
v 2.571354 0.899374 -0.254057
v 2.545887 0.861286 -0.423619
v 2.596297 0.839159 -0.256876
v 2.545887 0.861286 -0.423619
v 2.585814 0.821491 -0.425489
v 2.571354 0.864084 -0.255732
v 2.642198 0.821491 -0.425489
v 2.656664 0.864084 -0.255732
v 2.631614 0.839159 -0.256876
v 2.682131 0.861286 -0.423619
v 2.509621 1.009052 -0.724436
v 2.719332 0.798102 -0.702297
v 2.719332 0.799600 -0.734239
v 2.509621 1.007547 -0.692494
v 2.614531 0.891681 -0.458730
v 2.508679 1.006605 -0.692513
v 2.718390 0.797153 -0.702316
v 2.613481 0.890739 -0.458750
v 2.718390 0.798658 -0.734259
v 2.757065 1.123608 -2.388685
v 2.614006 0.981604 -2.395303
v 2.757065 1.110642 -2.112532
v 2.614006 0.943594 -1.580024
v 2.680765 1.011885 -1.632699
v 2.642198 1.003633 -1.407178
v 2.682131 1.009945 -2.397023
v 2.642198 1.049844 -2.395251
v 2.682131 0.963838 -1.409055
v 2.682131 0.953604 -2.399660
v 2.682131 0.907497 -1.411693
v 2.642198 0.913701 -2.401539
v 2.642198 0.867592 -1.413464
v 2.585814 0.913701 -2.401539
v 2.585814 0.867592 -1.413464
v 2.642198 1.049844 -2.395251
v 2.585814 1.003633 -1.407178
v 2.642198 1.003633 -1.407178
v 2.585814 1.049844 -2.395251
v 2.471895 1.124556 -2.388665
v 2.471895 1.111685 -2.112510
v 2.548189 1.012928 -1.632677
v 2.682131 0.861286 -0.423619
v 2.656664 0.899374 -0.254057
v 2.656664 0.864084 -0.255732
v 2.682131 0.917728 -0.420973
v 2.585814 1.049844 -2.395251
v 2.545887 0.963838 -1.409055
v 2.585814 1.003633 -1.407178
v 2.545887 1.009945 -2.397023
v 2.545887 0.907497 -1.411693
v 2.545887 0.953604 -2.399660
v 2.585814 0.867592 -1.413464
v 2.585814 0.913701 -2.401539
v 2.598604 0.835279 -0.680668
v 2.635806 0.825135 -0.767358
v 2.629414 0.835279 -0.680668
v 2.592206 0.825135 -0.767358
v 2.635806 0.853465 -1.374239
v 2.592206 0.853465 -1.374239
v 2.614006 0.855234 -1.414037
v 2.642198 0.913701 -2.401539
v 2.682131 1.009945 -2.397023
v 2.682131 0.953604 -2.399660
v 2.585814 0.913701 -2.401539
v 2.545887 0.953604 -2.399660
v 2.545887 1.009945 -2.397023
v 2.585814 1.049844 -2.395251
v 2.642198 1.049844 -2.395251
v 2.592206 0.869695 -1.373479
v 2.688207 0.956701 -0.288507
v 2.675840 0.951381 -0.441244
v 2.688207 0.963846 -0.440669
v 2.651423 0.919233 -0.276391
v 2.643564 0.915017 -0.355938
v 2.757065 0.826836 -2.125764
v 2.680765 0.880452 -1.638889
v 2.757065 0.839701 -2.401926
v 2.585814 0.957523 -0.419103
v 2.571354 0.899374 -0.254057
v 2.596297 0.924304 -0.252906
v 2.545887 0.917728 -0.420973
v 2.674898 0.952222 -0.441226
v 2.687372 0.957535 -0.288489
v 2.687372 0.964681 -0.440651
v 2.650481 0.920074 -0.276373
v 2.635806 0.869695 -1.373479
v 2.614006 0.871471 -1.413276
v 2.596297 0.924304 -0.252906
v 2.642198 0.957523 -0.419103
v 2.585814 0.957523 -0.419103
v 2.631614 0.924304 -0.252906
v 2.577538 0.845403 -0.279809
v 2.553114 0.828749 -0.447042
v 2.585397 0.857001 -0.358610
v 2.540646 0.809246 -0.295447
v 2.540646 0.816392 -0.447609
v 2.539805 0.810188 -0.295427
v 2.552172 0.829689 -0.446915
v 2.539805 0.817230 -0.447490
v 2.576596 0.846345 -0.279790
v 2.584455 0.857835 -0.358593
v 2.552172 0.951381 -0.441244
v 2.539805 0.956701 -0.288507
v 2.539805 0.963846 -0.440669
v 2.576596 0.919233 -0.276391
v 2.553114 0.952222 -0.441226
v 2.577538 0.920074 -0.276373
v 2.585397 0.915957 -0.355811
v 2.540646 0.957535 -0.288489
v 2.585814 0.821491 -0.425489
v 2.631614 0.839159 -0.256876
v 2.596297 0.839159 -0.256876
v 2.642198 0.821491 -0.425489
v 2.585814 0.957523 -0.419103
v 2.642198 1.003633 -1.407178
v 2.585814 1.003633 -1.407178
v 2.642198 0.957523 -0.419103
v 2.682131 0.963838 -1.409055
v 2.682131 0.917728 -0.420973
v 2.682131 0.907497 -1.411693
v 2.682131 0.861286 -0.423619
v 2.642198 0.867592 -1.413464
v 2.642198 0.821491 -0.425489
v 2.719332 1.008112 -0.724563
v 2.509621 0.797153 -0.702316
v 2.509621 0.798658 -0.734259
v 2.719332 1.006605 -0.692513
v 2.614531 0.890741 -0.458857
v 2.675840 0.829689 -0.446915
v 2.688207 0.810188 -0.295427
v 2.688207 0.817232 -0.447591
v 2.651423 0.846345 -0.279790
v 2.756123 0.838759 -2.401945
v 2.756123 0.825787 -2.125786
v 2.679823 0.879409 -1.638911
v 2.470953 1.110642 -2.112532
v 2.547247 1.011885 -1.632699
v 2.470953 1.123608 -2.388685
v 2.508679 0.799600 -0.734239
v 2.718390 1.007547 -0.692494
v 2.718390 1.009052 -0.724436
v 2.508679 0.798102 -0.702297
v 2.613481 0.891681 -0.458730
v 2.470953 0.826836 -2.125764
v 2.547247 0.880452 -1.638889
v 2.470953 0.839701 -2.401926
v 2.682131 0.917728 -0.420973
v 2.631614 0.924304 -0.252906
v 2.656664 0.899374 -0.254057
v 2.642198 0.957523 -0.419103
v 2.674898 0.828749 -0.447042
v 2.650481 0.845403 -0.279809
v 2.642622 0.857001 -0.358610
v 2.687372 0.809246 -0.295447
v 2.756123 1.111683 -2.112403
v 2.679823 1.012928 -1.632677
v 2.756123 1.124556 -2.388665
v 2.585814 1.003633 -1.407178
v 2.545887 0.917728 -0.420973
v 2.585814 0.957523 -0.419103
v 2.545887 0.963838 -1.409055
v 2.545887 0.861286 -0.423619
v 2.545887 0.907497 -1.411693
v 2.585814 0.821491 -0.425489
v 2.585814 0.867592 -1.413464
v 2.471895 0.825787 -2.125786
v 2.471895 0.838759 -2.401945
v 2.642198 0.821491 -0.425489
v 2.585814 0.867592 -1.413464
v 2.642198 0.867592 -1.413464
v 2.585814 0.821491 -0.425489
v 2.600172 0.914305 -0.235818
v 2.596297 0.924304 -0.252906
v 2.571354 0.899374 -0.254057
v 2.627840 0.914305 -0.235818
v 2.631614 0.924304 -0.252906
v 2.647439 0.894720 -0.236750
v 2.656664 0.899374 -0.254057
v 2.647439 0.867074 -0.238058
v 2.656664 0.864084 -0.255732
v 2.627840 0.847490 -0.238990
v 2.631614 0.839159 -0.256876
v 2.600172 0.847490 -0.238990
v 2.596297 0.839159 -0.256876
v 2.580471 0.867074 -0.238058
v 2.614006 0.880141 -0.221117
v 2.580471 0.894720 -0.236750
v 2.571354 0.864084 -0.255732
v 2.642622 0.915957 -0.355811
v 2.540646 0.964681 -0.440651
v 2.584455 0.915017 -0.355938
v 2.687372 0.816392 -0.447609
v 2.643564 0.857835 -0.358593
v 2.548189 0.879409 -1.638911
v 2.508679 1.008112 -0.724563
v -2.682131 0.917728 -0.420973
v -2.656664 0.864084 -0.255732
v -2.656664 0.899374 -0.254057
v -2.682131 0.861286 -0.423613
v -2.631722 0.839159 -0.256876
v -2.682131 0.861286 -0.423613
v -2.642305 0.821491 -0.425489
v -2.656664 0.864084 -0.255732
v -2.585814 0.821491 -0.425489
v -2.571455 0.864084 -0.255732
v -2.596398 0.839159 -0.256876
v -2.545989 0.861286 -0.423613
v -2.718390 1.009054 -0.724543
v -2.508679 0.798102 -0.702297
v -2.508679 0.799602 -0.734346
v -2.718390 1.007547 -0.692494
v -2.613589 0.891683 -0.458838
v -2.719332 1.006605 -0.692513
v -2.509729 0.797153 -0.702316
v -2.614531 0.890741 -0.458857
v -2.509729 0.798660 -0.734366
v -2.470953 1.123608 -2.388685
v -2.614006 0.981604 -2.395303
v -2.470953 1.110642 -2.112532
v -2.614006 0.943594 -1.580024
v -2.547247 1.011885 -1.632693
v -2.585814 1.003633 -1.407178
v -2.545887 1.009948 -2.397130
v -2.585814 1.049844 -2.395251
v -2.545887 0.963838 -1.409055
v -2.545887 0.953606 -2.399768
v -2.545887 0.907497 -1.411693
v -2.585814 0.913703 -2.401640
v -2.585814 0.867594 -1.413565
v -2.642198 0.913703 -2.401640
v -2.642198 0.867594 -1.413565
v -2.585814 1.049844 -2.395251
v -2.642198 1.003633 -1.407178
v -2.585814 1.003633 -1.407178
v -2.642198 1.049844 -2.395251
v -2.756123 1.124556 -2.388665
v -2.756123 1.111685 -2.112510
v -2.679823 1.012928 -1.632671
v -2.545989 0.861286 -0.423613
v -2.571455 0.899374 -0.254057
v -2.571455 0.864084 -0.255732
v -2.545989 0.917728 -0.420973
v -2.642198 1.049844 -2.395251
v -2.682131 0.963838 -1.409055
v -2.642198 1.003633 -1.407178
v -2.682131 1.009948 -2.397130
v -2.682131 0.907497 -1.411693
v -2.682131 0.953606 -2.399768
v -2.642198 0.867594 -1.413565
v -2.642198 0.913703 -2.401640
v -2.629414 0.835279 -0.680668
v -2.592314 0.825135 -0.767358
v -2.598604 0.835279 -0.680668
v -2.635806 0.825135 -0.767358
v -2.592314 0.853465 -1.374239
v -2.635806 0.853465 -1.374239
v -2.614006 0.855236 -1.414138
v -2.585814 0.913703 -2.401640
v -2.545887 1.009948 -2.397130
v -2.545887 0.953606 -2.399768
v -2.642198 0.913703 -2.401640
v -2.682131 0.953606 -2.399768
v -2.682131 1.009948 -2.397130
v -2.642198 1.049844 -2.395251
v -2.585814 1.049844 -2.395251
v -2.635806 0.869695 -1.373479
v -2.539805 0.956703 -0.288608
v -2.552279 0.951383 -0.441345
v -2.539805 0.963741 -0.440778
v -2.576697 0.919233 -0.276391
v -2.584556 0.915017 -0.355938
v -2.470953 0.826836 -2.125764
v -2.547247 0.880452 -1.638883
v -2.470953 0.839701 -2.401926
v -2.642305 0.957523 -0.419103
v -2.656664 0.899374 -0.254057
v -2.631722 0.924304 -0.252906
v -2.682131 0.917728 -0.420973
v -2.553114 0.952222 -0.441226
v -2.540747 0.957537 -0.288591
v -2.540747 0.964681 -0.440651
v -2.577538 0.920074 -0.276373
v -2.592314 0.869695 -1.373479
v -2.614006 0.871473 -1.413383
v -2.631722 0.924304 -0.252906
v -2.585814 0.957523 -0.419103
v -2.642305 0.957523 -0.419103
v -2.596398 0.924304 -0.252906
v -2.650481 0.845406 -0.279917
v -2.675005 0.828749 -0.447042
v -2.642622 0.857001 -0.358610
v -2.687372 0.809246 -0.295447
v -2.687372 0.816392 -0.447609
v -2.688314 0.810188 -0.295427
v -2.675840 0.829691 -0.447023
v -2.688314 0.817232 -0.447591
v -2.651423 0.846345 -0.279790
v -2.643564 0.857835 -0.358593
v -2.675840 0.951383 -0.441345
v -2.688314 0.956703 -0.288608
v -2.688314 0.963849 -0.440776
v -2.651423 0.919233 -0.276391
v -2.675005 0.952222 -0.441226
v -2.650481 0.920074 -0.276373
v -2.642622 0.915959 -0.355918
v -2.687372 0.957537 -0.288591
v -2.642305 0.821491 -0.425489
v -2.596398 0.839159 -0.256876
v -2.631722 0.839159 -0.256876
v -2.585814 0.821491 -0.425489
v -2.642305 0.957523 -0.419103
v -2.585814 1.003633 -1.407178
v -2.642198 1.003633 -1.407178
v -2.585814 0.957523 -0.419103
v -2.545887 0.963838 -1.409055
v -2.545989 0.917728 -0.420973
v -2.545887 0.907497 -1.411693
v -2.545989 0.861286 -0.423613
v -2.585814 0.867594 -1.413565
v -2.585814 0.821491 -0.425489
v -2.508679 1.008112 -0.724563
v -2.718390 0.797153 -0.702316
v -2.718390 0.798660 -0.734366
v -2.508679 1.006605 -0.692513
v -2.613589 0.890741 -0.458857
v -2.552279 0.829691 -0.447023
v -2.539805 0.810188 -0.295427
v -2.539805 0.817232 -0.447591
v -2.576697 0.846345 -0.279790
v -2.471895 0.838761 -2.402046
v -2.471895 0.825787 -2.125786
v -2.548189 0.879409 -1.638904
v -2.757065 1.110642 -2.112532
v -2.680873 1.011885 -1.632693
v -2.757065 1.123608 -2.388685
v -2.719332 0.799602 -0.734346
v -2.509729 1.007547 -0.692494
v -2.509729 1.009054 -0.724543
v -2.719332 0.798102 -0.702297
v -2.614531 0.891683 -0.458838
v -2.757065 0.826836 -2.125764
v -2.680873 0.880452 -1.638883
v -2.757065 0.839701 -2.401926
v -2.545989 0.917728 -0.420973
v -2.596398 0.924304 -0.252906
v -2.571455 0.899374 -0.254057
v -2.585814 0.957523 -0.419103
v -2.553114 0.828749 -0.447042
v -2.577538 0.845406 -0.279917
v -2.585397 0.857001 -0.358610
v -2.540747 0.809246 -0.295447
v -2.471895 1.111685 -2.112510
v -2.548189 1.012928 -1.632671
v -2.471895 1.124556 -2.388665
v -2.642198 1.003633 -1.407178
v -2.682131 0.917728 -0.420973
v -2.642305 0.957523 -0.419103
v -2.682131 0.963838 -1.409055
v -2.682131 0.861286 -0.423613
v -2.682131 0.907497 -1.411693
v -2.642305 0.821491 -0.425489
v -2.642198 0.867594 -1.413565
v -2.756123 0.825789 -2.125887
v -2.756123 0.838761 -2.402046
v -2.585814 0.821491 -0.425489
v -2.642198 0.867594 -1.413565
v -2.585814 0.867594 -1.413565
v -2.642305 0.821491 -0.425489
v -2.627947 0.914307 -0.235926
v -2.631722 0.924304 -0.252906
v -2.656664 0.899374 -0.254057
v -2.600172 0.914307 -0.235926
v -2.596398 0.924304 -0.252906
v -2.580572 0.894723 -0.236857
v -2.571455 0.899374 -0.254057
v -2.580572 0.867074 -0.238058
v -2.571455 0.864084 -0.255732
v -2.600172 0.847490 -0.238990
v -2.596398 0.839159 -0.256876
v -2.627947 0.847490 -0.238990
v -2.631722 0.839159 -0.256876
v -2.647547 0.867074 -0.238058
v -2.614006 0.880141 -0.221117
v -2.647547 0.894723 -0.236857
v -2.656664 0.864084 -0.255732
v -2.585397 0.915959 -0.355918
v -2.687372 0.964681 -0.440651
v -2.643564 0.915017 -0.355938
v -2.540747 0.816392 -0.447609
v -2.584556 0.857835 -0.358593
v -2.679823 0.879409 -1.638904
v -2.719332 1.008112 -0.724563
vn 0.9886 0.0070 -0.1501
vn 0.9887 0.0071 -0.1501
vn 0.6990 0.7053 -0.1177
vn 0.6984 0.7060 -0.1175
vn 0.6983 0.7061 -0.1174
vn 0.6992 0.7051 -0.1178
vn 0.6981 -0.7062 0.1177
vn 0.6978 -0.7065 0.1178
vn 0.6977 -0.7066 0.1178
vn 0.6982 -0.7062 0.1177
vn 0.7071 0.7064 0.0333
vn 0.7074 0.7060 0.0331
vn 0.7071 0.7063 0.0330
vn 0.7070 0.7064 0.0331
vn 0.7070 0.7064 0.0329
vn 0.7071 0.7064 0.0332
vn 0.7071 0.7064 0.0331
vn 0.7048 -0.7087 -0.0331
vn 1.0000 -0.0000 -0.0001
vn 0.7064 -0.7071 -0.0332
vn 1.0000 -0.0001 0.0004
vn 0.7014 -0.7119 -0.0344
vn 0.7063 0.7071 0.0330
vn 0.9238 0.3824 0.0179
vn 0.9236 0.3829 0.0179
vn 0.9239 -0.3822 -0.0178
vn 0.9238 -0.3824 -0.0178
vn 0.3827 -0.9229 -0.0431
vn 0.3825 -0.9229 -0.0431
vn -0.0000 -0.9989 -0.0466
vn -0.0000 -0.9989 -0.0467
vn 0.7096 0.7039 0.0328
vn 0.7091 0.7043 0.0324
vn 0.7119 0.7015 0.0326
vn 0.9886 -0.0070 0.1501
vn 0.9887 -0.0071 0.1501
vn 0.7072 -0.7062 -0.0330
vn 0.9236 -0.3828 -0.0179
vn 0.7064 -0.7071 -0.0330
vn 0.9238 -0.3824 -0.0179
vn 0.9238 0.3823 0.0178
vn 0.9239 0.3822 0.0178
vn 0.7073 0.7062 0.0330
vn -0.1043 -0.9869 0.1232
vn 0.8097 -0.5845 0.0523
vn 0.1043 -0.9869 0.1232
vn -0.8098 -0.5843 0.0524
vn 0.7332 -0.6444 -0.2172
vn -0.7330 -0.6446 -0.2171
vn -0.0000 -0.5142 -0.8577
vn -0.0000 0.0470 -0.9989
vn 0.0024 0.0468 -0.9989
vn 0.0003 0.0465 -0.9989
vn -0.0000 0.0469 -0.9989
vn -0.0003 0.0468 -0.9989
vn -0.0002 0.0460 -0.9989
vn -0.0000 0.0443 -0.9990
vn 0.0001 0.0456 -0.9990
vn -0.9688 0.0146 -0.2473
vn 0.7081 -0.7053 -0.0328
vn 0.7103 -0.7032 -0.0310
vn 0.7095 -0.7040 -0.0319
vn 0.7079 -0.7055 -0.0326
vn 0.7084 -0.7051 -0.0329
vn 0.7050 0.7085 0.0326
vn 0.7025 0.7109 0.0331
vn 0.7046 0.7088 0.0330
vn 0.6984 -0.6921 -0.1824
vn 0.6992 -0.6912 -0.1827
vn 0.6991 -0.6913 -0.1826
vn 0.6985 -0.6920 -0.1824
vn 0.7070 -0.7064 -0.0328
vn 0.7067 -0.7067 -0.0332
vn 0.7069 -0.7066 -0.0329
vn 0.7067 -0.7068 -0.0332
vn 0.9688 0.0146 -0.2473
vn -0.0000 0.0468 -0.9989
vn -0.0000 -0.9806 -0.1960
vn 0.7068 -0.7066 -0.0335
vn 0.7043 -0.7092 -0.0305
vn 0.7068 -0.7066 -0.0331
vn 0.7069 -0.7065 -0.0334
vn 0.7054 -0.7081 -0.0316
vn 0.7074 -0.7060 -0.0325
vn 0.7101 -0.7032 -0.0354
vn 0.7090 -0.7044 -0.0343
vn 0.7075 -0.7059 -0.0324
vn 0.7075 -0.7059 -0.0328
vn 0.7096 0.7038 0.0329
vn 0.7080 0.7055 0.0328
vn 0.7103 0.7032 0.0330
vn 0.7079 0.7055 0.0327
vn 0.7067 0.7068 0.0332
vn 0.7064 0.7071 0.0332
vn 0.7067 0.7067 0.0332
vn -0.0000 -0.9946 0.1042
vn -0.0000 0.9989 0.0466
vn 0.3822 0.9231 0.0431
vn 0.3821 0.9231 0.0431
vn 0.9237 0.3827 0.0179
vn 0.9240 -0.3820 -0.0179
vn 0.9237 -0.3828 -0.0179
vn 0.7072 -0.7063 -0.0330
vn 0.7063 -0.7072 -0.0330
vn 0.7071 -0.7064 -0.0332
vn 0.7072 -0.7062 -0.0333
vn 0.7071 -0.7063 -0.0332
vn 0.7070 -0.7064 -0.0332
vn 0.7096 0.7038 0.0335
vn 0.7077 0.7058 0.0327
vn 0.7097 0.7037 0.0335
vn 0.7075 0.7060 0.0327
vn 0.7094 0.7040 0.0329
vn 0.7102 0.7033 0.0331
vn 0.7135 0.6998 0.0347
vn 0.7064 0.7070 0.0332
vn 0.7014 0.7119 0.0344
vn 0.7048 0.7086 0.0331
vn 0.7071 -0.7063 -0.0330
vn 0.7070 -0.7064 -0.0331
vn 0.7071 -0.7064 -0.0333
vn 0.7074 -0.7060 -0.0331
vn 0.7070 -0.7064 -0.0329
vn 0.7067 -0.7067 -0.0329
vn 0.7018 -0.7117 -0.0322
vn 0.7046 -0.7088 -0.0330
vn 0.6983 0.6921 0.1826
vn 0.6977 0.6926 0.1829
vn 0.6978 0.6925 0.1828
vn 0.6982 0.6922 0.1827
vn 0.7041 0.7094 0.0304
vn 0.7068 0.7066 0.0335
vn 0.7068 0.7066 0.0331
vn 0.7069 0.7065 0.0334
vn 0.7097 -0.7037 -0.0327
vn 0.7132 -0.7003 -0.0307
vn 0.7096 -0.7039 -0.0328
vn 0.7063 -0.7071 -0.0330
vn 0.9237 -0.3827 -0.0179
vn 0.9240 0.3820 0.0179
vn 0.7072 0.7062 0.0330
vn 0.7102 -0.7032 -0.0331
vn 0.7094 -0.7040 -0.0329
vn -0.2709 0.6236 0.7334
vn -0.3328 0.7794 0.5309
vn -0.8042 0.3101 0.5070
vn 0.2721 0.6236 0.7328
vn 0.3319 0.7804 0.5299
vn 0.6566 0.2382 0.7157
vn 0.8026 0.3092 0.5101
vn 0.6565 -0.3052 0.6898
vn 0.8024 -0.3559 0.4790
vn 0.2724 -0.6897 0.6709
vn 0.3325 -0.8259 0.4553
vn -0.2705 -0.6897 0.6717
vn -0.3330 -0.8255 0.4557
vn -0.6577 -0.3052 0.6887
vn 0.0004 -0.0472 0.9989
vn -0.6577 0.2388 0.7144
vn -0.8045 -0.3561 0.4753
vn 0.7066 -0.7068 -0.0332
vn 0.7082 0.7052 0.0326
vn 0.7053 0.7082 0.0315
vn 0.7062 0.7072 0.0327
vn 0.7135 -0.6998 -0.0347
vn -0.9886 -0.0070 0.1501
vn -0.9887 -0.0071 0.1501
vn -0.6992 -0.7052 0.1178
vn -0.6991 -0.7052 0.1178
vn -0.6992 -0.7051 0.1178
vn -0.6991 0.7052 -0.1178
vn -0.6992 0.7051 -0.1178
vn -0.6992 0.7052 -0.1178
vn -0.7070 -0.7064 -0.0332
vn -0.7070 -0.7065 -0.0331
vn -0.7070 -0.7064 -0.0331
vn -0.7070 -0.7065 -0.0332
vn -0.7072 -0.7062 -0.0331
vn -0.7075 -0.7059 -0.0332
vn -0.7072 -0.7062 -0.0330
vn -0.7073 -0.7061 -0.0331
vn -0.7048 0.7087 0.0331
vn -1.0000 -0.0000 0.0001
vn -0.7041 0.7094 0.0334
vn -1.0000 -0.0000 -0.0003
vn -0.7010 0.7123 0.0352
vn 0.7063 0.7071 0.0331
vn 0.9239 0.3821 0.0178
vn 0.9237 0.3828 0.0179
vn 0.9239 -0.3821 -0.0178
vn 0.3828 -0.9228 -0.0431
vn -0.7096 -0.7039 -0.0327
vn -0.7072 -0.7063 -0.0329
vn -0.7127 -0.7008 -0.0316
vn -0.9886 0.0070 -0.1501
vn -0.9887 0.0071 -0.1501
vn -0.7071 0.7063 0.0330
vn -0.9236 0.3828 0.0179
vn -0.7063 0.7072 0.0331
vn -0.9239 0.3822 0.0178
vn -0.9239 -0.3821 -0.0178
vn -0.9239 -0.3822 -0.0178
vn 0.8082 -0.5866 0.0518
vn 0.1043 -0.9869 0.1231
vn -0.8097 -0.5845 0.0523
vn 0.7333 -0.6447 -0.2160
vn -0.7331 -0.6447 -0.2167
vn 0.0009 -0.5142 -0.8577
vn -0.0001 0.0468 -0.9989
vn -0.9690 0.0146 -0.2468
vn -0.7070 0.7065 0.0325
vn -0.7041 0.7091 0.0358
vn -0.7053 0.7080 0.0346
vn -0.7069 0.7066 0.0324
vn -0.7069 0.7066 0.0328
vn -0.7067 -0.7067 -0.0329
vn -0.7018 -0.7117 -0.0322
vn -0.7046 -0.7088 -0.0330
vn -0.6992 0.6912 0.1827
vn -0.7096 0.7039 0.0321
vn -0.7077 0.7058 0.0332
vn -0.7096 0.7038 0.0322
vn -0.7075 0.7059 0.0331
vn 0.9692 0.0145 -0.2458
vn 0.0010 0.0465 -0.9989
vn -0.7069 0.7066 0.0333
vn -0.7072 0.7062 0.0334
vn -0.7073 0.7062 0.0334
vn -0.7067 0.7067 0.0332
vn -0.7071 0.7063 0.0333
vn -0.7066 0.7069 0.0326
vn -0.7070 0.7064 0.0332
vn -0.7068 0.7066 0.0330
vn -0.7066 0.7069 0.0327
vn -0.7073 -0.7061 -0.0332
vn -0.7071 -0.7063 -0.0327
vn -0.7072 -0.7062 -0.0332
vn -0.7069 -0.7066 -0.0324
vn -0.7101 -0.7035 -0.0295
vn -0.7067 -0.7067 -0.0333
vn -0.7069 -0.7066 -0.0330
vn -0.7067 -0.7068 -0.0332
vn -0.3822 -0.9231 -0.0431
vn -0.3827 -0.9229 -0.0431
vn -0.9237 -0.3827 -0.0180
vn -0.9239 -0.3823 -0.0179
vn -0.7073 0.7062 0.0329
vn -0.7072 0.7062 0.0330
vn -0.7069 0.7065 0.0330
vn -0.7071 0.7064 0.0331
vn -0.7071 0.7064 0.0332
vn -0.7066 0.7068 0.0332
vn -0.7071 0.7064 0.0329
vn -0.7069 -0.7066 -0.0327
vn -0.7067 -0.7068 -0.0328
vn -0.7070 -0.7064 -0.0327
vn -0.7065 -0.7069 -0.0328
vn -0.7094 -0.7040 -0.0329
vn -0.7076 -0.7058 -0.0331
vn -0.7130 -0.7003 -0.0340
vn -0.7040 -0.7094 -0.0334
vn -0.7002 -0.7130 -0.0356
vn -0.7048 -0.7087 -0.0331
vn -0.7073 0.7062 0.0330
vn -0.7070 0.7065 0.0332
vn -0.7072 0.7063 0.0331
vn -0.7073 0.7061 0.0331
vn -0.7072 0.7062 0.0329
vn -0.7011 0.7123 0.0320
vn -0.7046 0.7088 0.0330
vn -0.6992 -0.6912 -0.1827
vn -0.7074 -0.7060 -0.0331
vn -0.7077 -0.7057 -0.0333
vn -0.7078 -0.7056 -0.0331
vn -0.7077 -0.7057 -0.0332
vn -0.7098 0.7037 0.0327
vn -0.7132 0.7003 0.0307
vn -0.7096 0.7039 0.0328
vn -0.7063 0.7071 0.0330
vn -0.9239 0.3823 0.0178
vn -0.9237 0.3827 0.0179
vn -0.9239 -0.3821 -0.0179
vn -0.9239 -0.3822 -0.0179
vn -0.7090 0.7044 0.0334
vn -0.7093 0.7041 0.0331
vn -0.2725 0.6231 0.7331
vn -0.3322 0.7787 0.5323
vn -0.8031 0.3095 0.5093
vn 0.2725 0.6233 0.7330
vn 0.3321 0.7787 0.5323
vn 0.6580 0.2393 0.7140
vn 0.8031 0.3095 0.5093
vn 0.6585 -0.3039 0.6885
vn 0.8043 -0.3557 0.4759
vn 0.2725 -0.6897 0.6708
vn 0.3331 -0.8259 0.4549
vn -0.2726 -0.6896 0.6710
vn -0.3331 -0.8259 0.4549
vn -0.6582 -0.3038 0.6888
vn 0.0006 -0.0456 0.9990
vn -0.6577 0.2391 0.7143
vn -0.8043 -0.3557 0.4759
vn -0.7064 0.7070 0.0332
vn -0.7087 -0.7048 -0.0310
vn -0.7074 -0.7061 -0.0330
vn -0.7062 -0.7072 -0.0327
vn -0.7121 0.7013 0.0328
vt 0.314800 0.202500
vt 0.344900 0.193700
vt 0.341300 0.202500
vt 0.398500 0.976000
vt 0.323800 0.944100
vt 0.398500 0.938700
vt 0.249500 0.254300
vt 0.011600 0.189200
vt 0.011600 0.269300
vt 0.925600 0.938700
vt 0.960300 0.957300
vt 0.174600 0.503800
vt 0.716100 0.209800
vt 0.993400 0.209800
vt 0.311200 0.193700
vt 0.296100 0.221200
vt 0.287300 0.217600
vt 0.249500 0.204200
vt 0.011600 0.351300
vt 0.249500 0.286200
vt 0.249500 0.336300
vt 0.368800 0.251400
vt 0.341300 0.266500
vt 0.360100 0.247700
vt 0.996100 0.690800
vt 0.003900 0.633800
vt 0.003900 0.690800
vt 0.011600 0.271200
vt 0.230600 0.367100
vt 0.996100 0.633800
vt 0.003900 0.576700
vt 0.833200 0.164300
vt 0.965100 0.010700
vt 0.657600 0.010700
vt 0.368800 0.217600
vt 0.360100 0.221200
vt 0.993400 0.503800
vt 0.657600 0.053400
vt 0.993200 0.137300
vt 0.003900 0.819700
vt 0.996100 0.762700
vt 0.996100 0.819700
vt 0.925600 0.976000
vt 0.296100 0.247700
vt 0.003900 0.519700
vt 0.996100 0.462700
vt 0.996100 0.519700
vt 0.003900 0.462700
vt 0.344900 0.275200
vt 0.314800 0.266500
vt 0.996100 0.576700
vt 0.422300 0.272500
vt 0.461800 0.014300
vt 0.756000 0.143400
vt 0.315900 0.127500
vt 0.070500 0.127500
vt 0.996100 0.933800
vt 0.003900 0.876800
vt 0.003900 0.933800
vt 0.996100 0.985700
vt 0.003900 0.928700
vt 0.003900 0.985700
vt 0.996100 0.876800
vt 0.422300 0.014300
vt 0.461800 0.272500
vt 0.003900 0.762700
vt 0.996100 0.705600
vt 0.003900 0.705600
vt 0.328100 0.234500
vt 0.287300 0.251400
vt 0.311200 0.275200
vt 0.323800 0.970500
vt 0.193200 0.178400
vt 0.366800 0.004800
vt 0.019600 0.004800
vt 0.996100 0.928700
s 1
usemtl mat_old_mig_missile1
f 8929/4629/7308 8928/4630/7307 8927/4631/7306
f 8801/4632/7198 8800/4633/7197 8803/4634/7200
f 9034/4635/7231 9033/4636/7231 9032/4637/7231
f 8998/4632/7356 9002/4638/7360 9003/4639/7361
f 8769/4640/7174 8912/4641/7295 8913/4642/7296
f 8930/4643/7309 8931/4644/7310 8934/4645/7313
f 8857/4646/7249 8856/4637/7249 8859/4636/7249
f 8947/4647/7322 8946/4648/7321 8949/4649/7323
f 9121/4650/7445 9118/4651/7442 9120/4652/7444
f 8779/4653/7183 8778/4654/7182 8780/4655/7183
f 8953/4656/7324 8952/4649/7326 8951/4648/7325
f 9054/4646/7249 9053/4637/7249 9056/4636/7249
f 8988/4636/7348 8987/4635/7349 8986/4646/7349
f 8749/4648/7156 8750/4647/7157 8752/4649/7159
f 9012/4638/7363 9000/4634/7358 8997/4633/7197
f 8754/4648/7161 8753/4647/7160 8756/4656/7163
f 9020/4642/7371 9019/4657/7370 8966/4640/7338
f 8799/4658/7196 8796/4659/7194 8798/4654/7196
f 9131/4645/7455 9126/4629/7450 9128/4644/7452
f 8769/4640/7174 8880/4641/7267 8879/4642/7266
f 8766/4642/7171 8770/4657/7175 8769/4640/7174
f 8998/4632/7356 8997/4633/7197 9000/4634/7358
f 8899/4660/7286 8900/4661/7287 8938/4662/7316
f 9123/4663/7447 9120/4652/7444 9122/4664/7446
f 8928/4630/7307 8925/4664/7304 8927/4631/7306
f 8767/4665/7172 8822/4657/7219 8821/4641/7218
f 9046/4661/7389 9045/4666/7388 9134/4660/7458
f 9028/4667/7376 9027/4662/7375 9025/4666/7373
f 8966/4640/7338 9098/4641/7429 9100/4642/7431
f 9102/4668/7433 9101/4669/7432 9104/4670/7434
f 8847/4660/7241 8843/4661/7237 8845/4662/7239
f 9029/4671/7377 8998/4632/7356 9001/4671/7359
f 9130/4672/7454 9131/4645/7455 9128/4644/7452
f 8901/4641/7288 8769/4640/7174 8767/4665/7172
f 8924/4650/7303 8921/4651/7300 8923/4652/7302
f 9127/4643/7451 9124/4631/7448 9126/4629/7450
f 8966/4640/7338 9079/4641/7414 9081/4642/7416
f 9017/4660/7368 9013/4661/7364 9015/4662/7366
f 8833/4639/7230 8804/4671/7201 8806/4639/7203
f 8990/4673/7351 8989/4674/7350 8992/4675/7353
f 8795/4675/7193 8794/4676/7192 8793/4673/7191
f 9030/4639/7378 9001/4671/7359 9003/4639/7361
f 9044/4660/7387 9042/4662/7386 9040/4661/7384
f 9051/4660/7394 9052/4661/7395 9133/4662/7457
f 8820/4660/7217 8818/4662/7215 8816/4661/7213
f 8767/4665/7172 8786/4641/7186 8787/4657/7187
f 8922/4677/7301 8918/4678/7297 8921/4651/7300
f 8795/4675/7193 8796/4659/7194 8797/4679/7195
f 9067/4680/7402 9068/4681/7403 9071/4682/7406
f 8840/4660/7234 8841/4661/7235 8842/4662/7236
f 8772/4675/7177 8771/4676/7176 8774/4673/7178
f 8809/4683/7206 8810/4684/7207 8812/4684/7209
f 8868/4685/7256 8867/4686/7255 8869/4687/7257
f 8827/4656/7224 8826/4649/7223 8825/4648/7222
f 8781/4653/7184 8782/4654/7184 8784/4658/7184
f 8911/4685/7294 8908/4686/7253 8910/4687/7176
f 9089/4642/7423 9088/4657/7422 8966/4640/7338
f 9124/4631/7448 9123/4663/7447 9122/4664/7446
f 8993/4659/7354 8992/4675/7353 8994/4679/7355
f 9112/4688/7183 9111/4689/7183 9114/4690/7183
f 8978/4653/7184 8979/4654/7184 8981/4658/7184
f 8853/4667/7246 8852/4666/7166 8936/4662/7166
f 8776/4659/7180 8772/4675/7177 8774/4673/7178
f 8833/4639/7230 8805/4638/7202 8815/4638/7212
f 8907/4670/7292 8908/4686/7253 8909/4691/7293
f 9066/4687/7401 9063/4691/7353 9065/4685/7400
f 9072/4666/7407 9073/4661/7408 9075/4667/7410
f 8973/4659/7343 8969/4675/7341 8971/4673/7342
f 8837/4635/7231 8836/4636/7231 8835/4637/7231
f 9062/4668/7399 9058/4669/7396 9061/4670/7398
f 8801/4632/7198 8805/4638/7202 8806/4639/7203
f 8777/4658/7181 8776/4659/7180 8778/4654/7182
f 8885/4692/7272 8886/4693/7273 8889/4682/7276
f 8904/4669/7291 8905/4668/7191 8907/4670/7292
f 9060/4694/7397 9059/4695/7183 9058/4669/7396
f 8995/4654/7333 8994/4679/7355 8996/4658/7333
f 9105/4686/7435 9104/4670/7434 9106/4691/7436
f 8884/4642/7271 8883/4657/7270 8769/4640/7174
f 8962/4692/7334 8961/4682/7333 8959/4693/7331
f 8848/4666/7242 8849/4661/7243 8851/4667/7245
f 8975/4654/7344 8972/4679/7179 8973/4659/7343
f 8966/4640/7338 8965/4641/7337 8963/4642/7335
f 8982/4642/7345 8966/4640/7338 8984/4657/7347
f 8830/4662/7227 8831/4667/7228 8935/4660/7314
f 8815/4638/7212 8803/4634/7200 8800/4633/7197
f 8878/4667/7265 8877/4662/7264 8875/4666/7262
f 8976/4653/7183 8975/4654/7344 8977/4655/7183
f 8861/4669/7251 8860/4696/7250 8863/4694/7252
f 8872/4692/7260 8873/4693/7261 8874/4682/7258
f 8745/4637/7154 8746/4646/7155 8748/4636/7154
f 8762/4693/7169 8763/4681/7169 8765/4692/7164
f 9007/4684/7207 9009/4684/7207 9011/4683/7207
f 8926/4663/7305 8923/4652/7302 8925/4664/7304
f 9097/4661/7428 9096/4660/7427 9094/4666/7425
f 8867/4686/7255 8864/4670/7253 8865/4668/7178
f 8971/4673/7342 8970/4674/7294 8968/4676/7340
f 8918/4678/7297 8932/4697/7311 8921/4651/7300
f 8933/4672/7312 8932/4697/7311 8918/4678/7297
f 8933/4672/7312 8931/4644/7310 8932/4697/7311
f 8929/4629/7308 8932/4697/7311 8931/4644/7310
f 8927/4631/7306 8932/4697/7311 8929/4629/7308
f 8927/4631/7306 8925/4664/7304 8932/4697/7311
f 8923/4652/7302 8932/4697/7311 8925/4664/7304
f 8921/4651/7300 8932/4697/7311 8923/4652/7302
f 8943/4646/7320 8942/4637/7319 8945/4636/7319
f 8958/4682/7329 8954/4680/7327 8956/4692/7329
f 9022/4648/7372 9021/4647/7372 9024/4656/7372
f 8832/4671/7229 8801/4632/7198 8804/4671/7201
f 8892/4642/7279 8769/4640/7174 8891/4657/7278
f 9039/4662/7383 9035/4667/7379 9037/4660/7381
f 8896/4656/7283 8895/4649/7282 8893/4647/7280
f 8964/4665/7336 9109/4641/7437 9137/4657/7460
f 9064/4686/7353 9061/4670/7398 9063/4691/7353
f 9076/4642/7411 9078/4657/7413 8966/4640/7338
f 9030/4639/7378 9002/4638/7360 9012/4638/7363
f 9115/4678/7439 9129/4697/7453 9118/4651/7442
f 9130/4672/7454 9129/4697/7453 9115/4678/7439
f 9130/4672/7454 9128/4644/7452 9129/4697/7453
f 9126/4629/7450 9129/4697/7453 9128/4644/7452
f 9124/4631/7448 9129/4697/7453 9126/4629/7450
f 9124/4631/7448 9122/4664/7446 9129/4697/7453
f 9120/4652/7444 9129/4697/7453 9122/4664/7446
f 9118/4651/7442 9129/4697/7453 9120/4652/7444
f 9119/4677/7443 9115/4678/7439 9118/4651/7442
f 9093/4656/7424 9092/4649/7424 9091/4648/7424
f 8933/4672/7312 8934/4645/7313 8931/4644/7310
f 9107/4687/7333 9106/4691/7436 9108/4685/7333
f 8865/4668/7178 8861/4669/7251 8863/4694/7252
f 8791/4636/7188 8790/4635/7189 8788/4637/7188
f 8759/4692/7166 8760/4693/7167 8761/4682/7168
f 9117/4698/7441 9115/4678/7439 9116/4699/7440
f 8915/4688/7183 8914/4689/7183 8917/4690/7183
f 9086/4682/7401 9084/4680/7419 9082/4692/7417
f 8933/4672/7312 8919/4699/7298 8920/4698/7299
f 8929/4629/7308 8930/4643/7309 8928/4630/7307
f 8801/4632/7198 8802/4700/7199 8800/4633/7197
f 9034/4635/7231 9031/4646/7231 9033/4636/7231
f 9003/4639/7361 9001/4671/7359 8998/4632/7356
f 8998/4632/7356 9000/4634/7358 9002/4638/7360
f 8913/4642/7296 8767/4665/7172 8769/4640/7174
f 8769/4640/7174 8940/4657/7318 8912/4641/7295
f 8930/4643/7309 8929/4629/7308 8931/4644/7310
f 8857/4646/7249 8858/4635/7249 8856/4637/7249
f 8947/4647/7322 8948/4656/7322 8946/4648/7321
f 9121/4650/7445 9119/4677/7443 9118/4651/7442
f 8779/4653/7183 8777/4658/7181 8778/4654/7182
f 8953/4656/7324 8950/4647/7324 8952/4649/7326
f 9054/4646/7249 9055/4635/7249 9053/4637/7249
f 8988/4636/7348 8985/4637/7348 8987/4635/7349
f 8749/4648/7156 8751/4656/7158 8750/4647/7157
f 9012/4638/7363 9002/4638/7360 9000/4634/7358
f 8754/4648/7161 8755/4649/7162 8753/4647/7160
f 8966/4640/7338 8964/4665/7336 9020/4642/7371
f 9020/4642/7371 9018/4641/7369 9019/4657/7370
f 8799/4658/7196 8797/4679/7195 8796/4659/7194
f 9131/4645/7455 9127/4643/7451 9126/4629/7450
f 8879/4642/7266 8767/4665/7172 8769/4640/7174
f 8769/4640/7174 8881/4657/7268 8880/4641/7267
f 8769/4640/7174 8767/4665/7172 8766/4642/7171
f 8766/4642/7171 8768/4641/7173 8770/4657/7175
f 8998/4632/7356 8999/4700/7357 8997/4633/7197
f 8938/4662/7316 8897/4666/7284 8899/4660/7286
f 8899/4660/7286 8898/4667/7285 8900/4661/7287
f 9123/4663/7447 9121/4650/7445 9120/4652/7444
f 8928/4630/7307 8926/4663/7305 8925/4664/7304
f 8821/4641/7218 8823/4642/7220 8767/4665/7172
f 8767/4665/7172 8769/4640/7174 8822/4657/7219
f 9134/4660/7458 9048/4667/7391 9046/4661/7389
f 9046/4661/7389 9047/4662/7390 9045/4666/7388
f 9025/4666/7373 9132/4660/7456 9028/4667/7376
f 9028/4667/7376 9026/4661/7374 9027/4662/7375
f 9100/4642/7431 8964/4665/7336 8966/4640/7338
f 8966/4640/7338 9099/4657/7430 9098/4641/7429
f 9102/4668/7433 9103/4694/7421 9101/4669/7432
f 8845/4662/7239 8844/4666/7238 8847/4660/7241
f 8847/4660/7241 8846/4667/7240 8843/4661/7237
f 9029/4671/7377 8999/4700/7357 8998/4632/7356
f 9130/4672/7454 9117/4698/7441 9131/4645/7455
f 8767/4665/7172 8903/4642/7290 8901/4641/7288
f 8901/4641/7288 8902/4657/7289 8769/4640/7174
f 8924/4650/7303 8922/4677/7301 8921/4651/7300
f 9127/4643/7451 9125/4630/7449 9124/4631/7448
f 9081/4642/7416 8964/4665/7336 8966/4640/7338
f 8966/4640/7338 9080/4657/7415 9079/4641/7414
f 9015/4662/7366 9014/4666/7365 9017/4660/7368
f 9017/4660/7368 9016/4667/7367 9013/4661/7364
f 8833/4639/7230 8832/4671/7229 8804/4671/7201
f 8990/4673/7351 8991/4676/7352 8989/4674/7350
f 8795/4675/7193 8792/4674/7190 8794/4676/7192
f 9030/4639/7378 9029/4671/7377 9001/4671/7359
f 9040/4661/7384 9043/4667/7384 9044/4660/7387
f 9044/4660/7387 9041/4666/7385 9042/4662/7386
f 9133/4662/7457 9049/4666/7392 9051/4660/7394
f 9051/4660/7394 9050/4667/7393 9052/4661/7395
f 8816/4661/7213 8819/4667/7216 8820/4660/7217
f 8820/4660/7217 8817/4666/7214 8818/4662/7215
f 8787/4657/7187 8769/4640/7174 8767/4665/7172
f 8767/4665/7172 8785/4642/7185 8786/4641/7186
f 8922/4677/7301 8919/4699/7298 8918/4678/7297
f 8795/4675/7193 8793/4673/7191 8796/4659/7194
f 9071/4682/7406 9070/4693/7405 9067/4680/7402
f 9067/4680/7402 9069/4692/7404 9068/4681/7403
f 8842/4662/7236 8839/4666/7233 8840/4660/7234
f 8840/4660/7234 8838/4667/7232 8841/4661/7235
f 8772/4675/7177 8773/4674/7166 8771/4676/7176
f 8812/4684/7209 8813/4701/7210 8814/4683/7211
f 8814/4683/7211 8808/4702/7205 8809/4683/7206
f 8809/4683/7206 8807/4701/7204 8810/4684/7207
f 8810/4684/7207 8811/4703/7208 8812/4684/7209
f 8812/4684/7209 8814/4683/7211 8809/4683/7206
f 8868/4685/7256 8866/4691/7254 8867/4686/7255
f 8827/4656/7224 8824/4647/7221 8826/4649/7223
f 8781/4653/7184 8783/4655/7184 8782/4654/7184
f 8911/4685/7294 8909/4691/7293 8908/4686/7253
f 8966/4640/7338 8964/4665/7336 9089/4642/7423
f 9089/4642/7423 9087/4641/7421 9088/4657/7422
f 9124/4631/7448 9125/4630/7449 9123/4663/7447
f 8993/4659/7354 8990/4673/7351 8992/4675/7353
f 9112/4688/7183 9113/4704/7183 9111/4689/7183
f 8978/4653/7184 8980/4655/7184 8979/4654/7184
f 8936/4662/7166 8855/4661/7248 8853/4667/7246
f 8853/4667/7246 8854/4660/7247 8852/4666/7166
f 8776/4659/7180 8775/4679/7179 8772/4675/7177
f 8833/4639/7230 8806/4639/7203 8805/4638/7202
f 8907/4670/7292 8905/4668/7191 8908/4686/7253
f 9066/4687/7401 9064/4686/7353 9063/4691/7353
f 9075/4667/7410 9136/4660/7459 9072/4666/7407
f 9072/4666/7407 9074/4662/7409 9073/4661/7408
f 8973/4659/7343 8972/4679/7179 8969/4675/7341
f 8837/4635/7231 8834/4646/7231 8836/4636/7231
f 9062/4668/7399 9060/4694/7397 9058/4669/7396
f 8806/4639/7203 8804/4671/7201 8801/4632/7198
f 8801/4632/7198 8803/4634/7200 8805/4638/7202
f 8777/4658/7181 8775/4679/7179 8776/4659/7180
f 8889/4682/7276 8888/4681/7275 8885/4692/7272
f 8885/4692/7272 8887/4680/7274 8886/4693/7273
f 8904/4669/7291 8906/4694/7291 8905/4668/7191
f 9060/4694/7397 9057/4696/7183 9059/4695/7183
f 8995/4654/7333 8993/4659/7354 8994/4679/7355
f 9105/4686/7435 9102/4668/7433 9104/4670/7434
f 8769/4640/7174 8767/4665/7172 8884/4642/7271
f 8884/4642/7271 8882/4641/7269 8883/4657/7270
f 8959/4693/7331 9138/4680/7390 8962/4692/7334
f 8962/4692/7334 8960/4681/7332 8961/4682/7333
f 8851/4667/7245 8937/4660/7315 8848/4666/7242
f 8848/4666/7242 8850/4662/7244 8849/4661/7243
f 8975/4654/7344 8974/4658/7344 8972/4679/7179
f 8963/4642/7335 8964/4665/7336 8966/4640/7338
f 8966/4640/7338 8967/4657/7339 8965/4641/7337
f 8984/4657/7347 8983/4641/7346 8982/4642/7345
f 8982/4642/7345 8964/4665/7336 8966/4640/7338
f 8935/4660/7314 8828/4666/7225 8830/4662/7227
f 8830/4662/7227 8829/4661/7226 8831/4667/7228
f 8815/4638/7212 8805/4638/7202 8803/4634/7200
f 8875/4666/7262 8939/4660/7317 8878/4667/7265
f 8878/4667/7265 8876/4661/7263 8877/4662/7264
f 8976/4653/7183 8974/4658/7344 8975/4654/7344
f 8861/4669/7251 8862/4695/7250 8860/4696/7250
f 8874/4682/7258 8871/4681/7259 8872/4692/7260
f 8872/4692/7260 8870/4680/7258 8873/4693/7261
f 8745/4637/7154 8747/4635/7155 8746/4646/7155
f 8765/4692/7164 8941/4680/7169 8762/4693/7169
f 8762/4693/7169 8764/4682/7170 8763/4681/7169
f 9011/4683/7207 9005/4702/7208 9006/4683/7207
f 9006/4683/7207 9004/4701/7207 9007/4684/7207
f 9007/4684/7207 9008/4703/7362 9009/4684/7207
f 9009/4684/7207 9010/4701/7204 9011/4683/7207
f 9011/4683/7207 9006/4683/7207 9007/4684/7207
f 8926/4663/7305 8924/4650/7303 8923/4652/7302
f 9094/4666/7425 9135/4662/7390 9097/4661/7428
f 9097/4661/7428 9095/4667/7426 9096/4660/7427
f 8867/4686/7255 8866/4691/7254 8864/4670/7253
f 8971/4673/7342 8969/4675/7341 8970/4674/7294
f 8943/4646/7320 8944/4635/7320 8942/4637/7319
f 8956/4692/7329 8955/4681/7328 8958/4682/7329
f 8958/4682/7329 8957/4693/7330 8954/4680/7327
f 9022/4648/7372 9023/4649/7372 9021/4647/7372
f 8832/4671/7229 8802/4700/7199 8801/4632/7198
f 8891/4657/7278 8890/4641/7277 8892/4642/7279
f 8892/4642/7279 8767/4665/7172 8769/4640/7174
f 9037/4660/7381 9036/4666/7380 9039/4662/7383
f 9039/4662/7383 9038/4661/7382 9035/4667/7379
f 8896/4656/7283 8894/4648/7281 8895/4649/7282
f 9137/4657/7460 8966/4640/7338 8964/4665/7336
f 8964/4665/7336 9110/4642/7438 9109/4641/7437
f 9064/4686/7353 9062/4668/7399 9061/4670/7398
f 8966/4640/7338 8964/4665/7336 9076/4642/7411
f 9076/4642/7411 9077/4641/7412 9078/4657/7413
f 9030/4639/7378 9003/4639/7361 9002/4638/7360
f 9119/4677/7443 9116/4699/7440 9115/4678/7439
f 9093/4656/7424 9090/4647/7424 9092/4649/7424
f 8933/4672/7312 8920/4698/7299 8934/4645/7313
f 9107/4687/7333 9105/4686/7435 9106/4691/7436
f 8865/4668/7178 8864/4670/7253 8861/4669/7251
f 8791/4636/7188 8789/4646/7189 8790/4635/7189
f 8761/4682/7168 8758/4681/7165 8759/4692/7166
f 8759/4692/7166 8757/4680/7164 8760/4693/7167
f 9117/4698/7441 9130/4672/7454 9115/4678/7439
f 8915/4688/7183 8916/4704/7183 8914/4689/7183
f 9082/4692/7417 9085/4681/7420 9086/4682/7401
f 9086/4682/7401 9083/4693/7418 9084/4680/7419
f 8933/4672/7312 8918/4678/7297 8919/4699/7298
