# Blender 4.4.1
# www.blender.org
mtllib cathedral.mtl
o Box001
v 31.627235 -0.021088 0.000000
v -22.020077 27.964191 -0.000001
v 31.627266 8.814871 -0.000000
v 13.603108 27.964191 -0.000001
v -31.022329 -2.271647 0.000001
v 3.558447 27.704418 -0.000001
v -30.460514 -0.021089 -14.058906
v -22.020077 -0.021089 -14.058906
v -22.020086 8.814871 -14.058913
v -22.020081 10.540637 -14.058908
v -30.460522 10.540636 -14.058908
v 30.570341 -0.021088 -3.781312
v 30.570341 8.814870 -3.781316
v -31.022329 -0.021089 -5.031031
v -31.022335 9.679881 -5.031032
v -31.022335 9.679881 -0.000000
v -30.460514 21.232704 -5.031032
v -22.020077 21.232704 -5.031032
v 27.360914 21.232704 -2.156263
v 23.446020 21.232704 -5.031032
v 23.446020 13.510503 -5.031031
v 25.403465 13.510503 -3.593647
v 27.360914 13.510503 -2.156262
v 13.603106 21.232704 -5.031032
v 13.603105 13.510503 -5.031031
v 18.524565 13.487256 -5.031031
v -30.460522 10.540637 -5.031032
v -30.460522 10.540637 -0.000000
v 25.575237 8.814872 -7.930627
v 25.575235 -0.021089 -7.930624
v 28.374020 -0.021089 -6.504902
v 28.374022 8.814872 -6.504906
v -22.020079 13.510505 -5.031032
v 13.603106 8.814871 -14.058912
v -31.022329 -0.021089 -14.058907
v -31.022335 9.679880 -14.058908
v 23.446024 8.814872 -9.518149
v 23.446022 13.542819 -12.855911
v 23.446024 8.814871 -16.808573
v 23.446022 8.814872 -8.722743
v 27.360914 13.510503 -0.000001
v 13.603106 -0.021089 -14.058906
v 13.603106 -0.021089 -16.808565
v 13.603106 8.814871 -16.808573
v 18.524567 13.487255 -16.808567
v 18.524567 13.487255 -13.064655
v 24.045815 8.496899 -16.808573
v 24.045815 0.006459 -16.808565
v 24.045815 0.006459 -8.590615
v 24.045815 8.496900 -8.590614
v -22.020077 21.232704 -14.058908
v -30.460514 21.232704 -14.058908
v -29.932106 21.232704 -5.584515
v -22.709139 21.232704 -5.584515
v -29.932108 21.232704 -13.433601
v -22.527618 21.232704 -13.506224
v -28.205622 24.742647 -5.451422
v -24.300888 24.742647 -5.451422
v -29.922789 24.742647 -11.608341
v -29.922789 24.742647 -7.082530
v -24.300888 24.742647 -13.239449
v -28.205622 24.742647 -13.239449
v -22.583719 24.742647 -7.082530
v -22.583719 24.742647 -11.608341
v -28.205622 33.098083 -5.451423
v -24.300890 33.098083 -5.451423
v -29.922792 33.098083 -11.608342
v -29.922792 33.098083 -7.082530
v -24.300890 33.098083 -13.239451
v -28.205622 33.098083 -13.239451
v -22.583723 33.098083 -7.082530
v -22.583723 33.098083 -11.608342
v -27.436966 34.186615 -6.129352
v -25.069544 34.186615 -6.129352
v -29.283941 34.186615 -8.031594
v -29.283941 34.186615 -10.659278
v -27.436966 34.186615 -12.561522
v -25.069544 34.186615 -12.561522
v -23.222570 34.186615 -10.659278
v -23.222570 34.186615 -8.031594
v -25.795597 34.699112 -6.428421
v -26.710917 34.699112 -6.428421
v -26.710915 45.441795 -6.428422
v -26.253254 46.320862 -6.428422
v -25.795595 45.441795 -6.428422
v -27.728170 34.699112 -6.858593
v -28.563599 34.699112 -7.719020
v -28.563599 45.440975 -7.719021
v -28.145882 46.469398 -7.288808
v -27.728170 45.440975 -6.858594
v -28.984875 34.699112 -8.757647
v -28.984875 34.699112 -9.933227
v -28.984871 45.441044 -9.933228
v -28.984869 46.458233 -9.345437
v -28.984871 45.441044 -8.757647
v -28.563599 34.699112 -10.971851
v -27.728170 34.699112 -11.832281
v -27.728170 45.440975 -11.832281
v -28.145882 46.469398 -11.402069
v -28.563599 45.440975 -10.971852
v -26.710917 34.699112 -12.262453
v -25.795597 34.699112 -12.262453
v -25.795595 45.441795 -12.262452
v -26.253244 46.320862 -12.262452
v -26.710915 45.441795 -12.262452
v -24.778339 34.699112 -11.832281
v -23.942913 34.699112 -10.971851
v -23.942911 45.440975 -10.971852
v -24.360630 46.469391 -11.402072
v -24.778339 45.440975 -11.832281
v -23.521641 34.699112 -9.933227
v -23.521641 34.699112 -8.757647
v -23.521639 45.441044 -8.757647
v -23.521639 46.458233 -9.345436
v -23.521639 45.441044 -9.933228
v -23.942913 34.699112 -7.719020
v -24.778339 34.699112 -6.858593
v -24.778339 45.440975 -6.858594
v -24.360624 46.469398 -7.288805
v -23.942911 45.440975 -7.719021
v -25.069544 45.448685 -6.129353
v -26.253254 47.722321 -6.129353
v -26.253254 47.722321 -9.345437
v -28.360453 47.722321 -7.080474
v -29.283941 45.448685 -8.031595
v -29.283939 47.722321 -9.345433
v -29.283941 45.448685 -10.659279
v -28.360449 47.722321 -11.610405
v -26.253237 47.722321 -12.561522
v -25.069544 45.448685 -12.561522
v -24.146061 47.722321 -11.610410
v -23.222569 47.722321 -9.345433
v -23.222569 45.448685 -8.031595
v -24.146057 47.722321 -7.080471
v -23.222569 45.448685 -10.659279
v -27.436966 45.448685 -6.129353
v -27.436966 45.448685 -12.561522
v -23.867340 47.529892 -9.008896
v -24.328186 47.529892 -7.896313
v -24.328186 49.190468 -7.896313
v -23.867340 49.190468 -9.008896
v -24.804131 47.529892 -7.420370
v -25.916716 47.529892 -6.959521
v -25.916716 49.190468 -6.959521
v -24.804131 49.190468 -7.420370
v -26.589798 47.529892 -6.959523
v -27.702379 47.529892 -7.420370
v -27.702379 49.190468 -7.420370
v -26.589798 49.190468 -6.959523
v -28.178326 47.529892 -7.896313
v -28.639172 47.529892 -9.008896
v -28.639172 49.190468 -9.008896
v -28.178326 49.190468 -7.896313
v -28.639172 47.529892 -9.681979
v -28.178326 47.529892 -10.794566
v -28.178326 49.190468 -10.794566
v -28.639172 49.190468 -9.681979
v -27.702379 47.529892 -11.270511
v -26.589798 47.529892 -11.731358
v -26.589798 49.190468 -11.731356
v -27.702379 49.190468 -11.270509
v -25.916716 47.529892 -11.731358
v -24.804131 47.529892 -11.270511
v -24.804131 49.190468 -11.270509
v -25.916716 49.190468 -11.731356
v -24.328186 47.529892 -10.794566
v -23.867340 47.529892 -9.681979
v -23.867340 49.190468 -9.681979
v -24.328186 49.190468 -10.794566
v -23.552334 49.488094 -9.345437
v -24.343418 49.488094 -7.435600
v -24.639324 49.818047 -7.731502
v -23.970812 49.818047 -9.345435
v -26.253256 49.488094 -6.644518
v -26.253260 49.818047 -7.062987
v -28.163094 49.488094 -7.435600
v -27.867193 49.818047 -7.731502
v -28.954174 49.488094 -9.345437
v -28.535715 49.818047 -9.345435
v -28.163094 49.488094 -11.255279
v -27.867193 49.818047 -10.959371
v -26.253256 49.488094 -12.046358
v -26.253260 49.818047 -11.627888
v -24.343418 49.488094 -11.255279
v -24.639324 49.818047 -10.959371
v -26.131754 66.310791 -9.223932
v -26.081425 66.310791 -9.345436
v -26.253260 66.310791 -9.173602
v -26.374762 66.310791 -9.223932
v -26.425093 66.310791 -9.345436
v -26.374762 66.310791 -9.466941
v -26.253260 66.310791 -9.517271
v -26.131754 66.310791 -9.466941
v 27.360914 21.232704 -0.000001
v -26.710917 34.699112 -6.129352
v -25.795597 34.699112 -6.129352
v -26.710915 45.441795 -6.129353
v -26.253254 46.320862 -6.129353
v -25.795595 45.441795 -6.129353
v -28.778166 34.699112 -7.510686
v -27.942739 34.699112 -6.650259
v -28.778166 45.440975 -7.510688
v -28.360453 46.469398 -7.080474
v -27.942739 45.440975 -6.650260
v -29.283943 34.699112 -9.933227
v -29.283943 34.699112 -8.757647
v -29.283941 45.441044 -9.933228
v -29.283939 46.458233 -9.345437
v -29.283941 45.441044 -8.757647
v -27.942739 34.699112 -12.040614
v -28.778166 34.699112 -11.180185
v -27.942739 45.440975 -12.040614
v -28.360453 46.469398 -11.610402
v -28.778166 45.440975 -11.180187
v -25.795597 34.699112 -12.561523
v -26.710917 34.699112 -12.561523
v -25.795595 45.441795 -12.561522
v -26.253244 46.320862 -12.561522
v -26.710915 45.441795 -12.561522
v -23.728342 34.699112 -11.180185
v -24.563768 34.699112 -12.040614
v -23.728340 45.440975 -11.180187
v -24.146059 46.469391 -11.610407
v -24.563768 45.440975 -12.040614
v -23.222570 34.699112 -8.757647
v -23.222570 34.699112 -9.933227
v -23.222569 45.441044 -8.757647
v -23.222569 46.458233 -9.345436
v -23.222569 45.441044 -9.933228
v -24.563768 34.699112 -6.650259
v -23.728342 34.699112 -7.510686
v -24.563768 45.440975 -6.650260
v -24.146057 46.469398 -7.080471
v -23.728340 45.440975 -7.510688
v -23.552334 46.195457 -9.345437
v -24.343418 46.195457 -7.435599
v -24.178299 47.529892 -7.834228
v -23.717453 47.529892 -8.946811
v -24.178299 49.190468 -7.834228
v -23.717453 49.190468 -8.946811
v -26.253256 46.195457 -6.644517
v -25.854628 47.529892 -6.809634
v -24.742044 47.529892 -7.270483
v -25.854628 49.190468 -6.809635
v -24.742044 49.190468 -7.270483
v -28.163094 46.195457 -7.435599
v -27.764467 47.529892 -7.270483
v -26.651886 47.529892 -6.809635
v -27.764467 49.190468 -7.270483
v -26.651886 49.190468 -6.809636
v -28.954174 46.195457 -9.345437
v -28.789059 47.529892 -8.946811
v -28.328211 47.529892 -7.834228
v -28.789059 49.190468 -8.946811
v -28.328211 49.190468 -7.834228
v -28.163094 46.195457 -11.255279
v -28.328211 47.529892 -10.856651
v -28.789059 47.529892 -9.744064
v -28.328211 49.190468 -10.856651
v -28.789059 49.190468 -9.744064
v -26.253256 46.195457 -12.046358
v -26.651886 47.529892 -11.881243
v -27.764467 47.529892 -11.420396
v -26.651886 49.190468 -11.881243
v -27.764467 49.190468 -11.420395
v -24.343418 46.195457 -11.255279
v -24.742044 47.529892 -11.420396
v -25.854628 47.529892 -11.881243
v -24.742044 49.190468 -11.420395
v -25.854628 49.190468 -11.881243
v -23.717453 47.529892 -9.744064
v -24.178299 47.529892 -10.856651
v -23.717453 49.190468 -9.744064
v -24.178299 49.190468 -10.856651
v 20.744690 16.911322 -4.623506
v 20.744690 16.911322 -7.277440
v 20.633249 17.848627 -6.558658
v 20.633249 17.848627 -4.646956
v 23.701569 16.911322 -7.306978
v 23.007940 17.848627 -7.247638
v 21.358585 17.848627 -7.247638
v 23.627739 16.911322 -4.623506
v 23.733271 17.848627 -4.646956
v 23.733271 17.848627 -6.558658
v 20.633249 21.941793 -6.558657
v 20.633249 21.941793 -4.646955
v 23.007938 21.941793 -7.247638
v 21.358582 21.941793 -7.247638
v 23.733274 21.941793 -4.646955
v 23.733274 21.941793 -6.558657
v 22.915628 22.207798 -3.957976
v 21.488794 22.207798 -3.957976
v 21.624817 22.765289 -4.085546
v 22.741705 22.765289 -4.085546
v 20.753466 22.765289 -4.982972
v 20.753466 22.765289 -6.222641
v 21.624817 22.765289 -7.120067
v 22.741705 22.765289 -7.120067
v 23.613054 22.765289 -6.222641
v 23.613054 22.765289 -4.982972
v 22.741705 25.933044 -4.085547
v 22.183260 27.174078 -4.085547
v 22.183260 27.174078 -5.602807
v 21.189144 27.174078 -4.534260
v 20.753466 25.933044 -4.982973
v 20.753466 27.174078 -5.602806
v 20.753466 25.933044 -6.222641
v 21.189144 27.174078 -6.671357
v 22.183270 27.174078 -7.120067
v 22.741705 25.933044 -7.120067
v 23.177378 27.174078 -6.671359
v 23.613058 27.174078 -5.602806
v 23.613058 25.933044 -4.982973
v 23.177378 27.174078 -4.534258
v 23.613058 25.933044 -6.222641
v 21.624817 25.933044 -4.085547
v 21.624817 25.933044 -7.120067
v 23.203329 29.177227 -5.602807
v 22.904560 29.177227 -4.881509
v 22.759592 29.357328 -5.026475
v 22.998316 29.357328 -5.602807
v 22.183256 29.177227 -4.582737
v 22.183256 29.357328 -4.787750
v 21.461962 29.177227 -4.881509
v 21.606928 29.357328 -5.026475
v 21.163191 29.177227 -5.602807
v 21.368202 29.357328 -5.602807
v 21.461962 29.177227 -6.324107
v 21.606928 29.357328 -6.179140
v 22.183256 29.177227 -6.622878
v 22.183256 29.357328 -6.417865
v 22.904560 29.177227 -6.324107
v 22.759592 29.357328 -6.179140
v 22.240582 34.937057 -5.545485
v 22.264326 34.937057 -5.602807
v 22.183256 34.937057 -5.521740
v 22.125940 34.937057 -5.545485
v 22.102194 34.937057 -5.602807
v 22.125940 34.937057 -5.660129
v 22.183256 34.937057 -5.683874
v 22.240582 34.937057 -5.660129
v 23.203329 26.340658 -5.602806
v 22.904560 26.340658 -4.881508
v 22.183256 26.340658 -4.582736
v 21.461962 26.340658 -4.881508
v 21.163191 26.340658 -5.602806
v 21.461962 26.340658 -6.324107
v 22.183256 26.340658 -6.622878
v 22.904560 26.340658 -6.324107
v 20.744690 13.442506 -4.623505
v 20.744690 10.143280 -7.277439
v 23.701569 10.143280 -7.306977
v 23.627739 13.442506 -4.623505
v 23.733274 21.311493 -4.646956
v 20.633249 21.564941 -4.646956
v 13.309840 -0.021089 -17.501638
v 24.433989 0.006459 -17.501638
v 24.433989 8.619025 -17.501646
v 18.524567 13.979079 -17.501642
v 13.309841 8.936997 -17.501646
v 24.433989 0.006459 -16.808567
v 24.433989 8.619025 -16.808573
v 18.524567 13.979079 -16.808569
v 13.309841 8.936997 -16.808573
v 13.309840 -0.021089 -16.808567
v -31.024200 -0.021088 -7.751626
v -31.024200 -0.021088 -11.323620
v -31.024200 3.697870 -11.323620
v -31.024200 4.966116 -11.057854
v -31.024200 5.724533 -10.503250
v -31.024200 6.394814 -9.537625
v -31.024200 5.724533 -8.571996
v -31.024200 4.966116 -8.017394
v -31.024200 3.697870 -7.751626
v -30.841946 -0.021088 -11.823438
v -29.811977 6.516129 -11.823438
v -31.222424 6.516129 -11.823438
v -31.222420 -0.021088 -11.823438
v -29.811975 10.960097 -9.537626
v -31.222424 10.960099 -9.537626
v -29.811975 6.516129 -7.251810
v -30.841946 -0.021088 -7.251810
v -31.222420 -0.021088 -7.251810
v -31.222424 6.516129 -7.251810
v -31.222424 3.697870 -11.323620
v -31.222420 -0.021088 -11.323620
v -31.222424 5.724533 -10.503250
v -31.222424 4.966116 -11.057854
v -31.222424 4.966116 -8.017394
v -31.222424 5.724533 -8.571996
v -31.222420 -0.021088 -7.751626
v -31.222424 3.697870 -7.751626
v -31.222424 6.394814 -9.537625
v 7.208827 24.688717 -15.557369
v 5.958912 24.688717 -15.557366
v 5.958912 24.688717 -16.371973
v 7.208828 24.688717 -16.371973
v 3.364293 28.276529 -15.557366
v 4.659750 28.271559 -15.557366
v 4.662220 26.371588 -15.557369
v 3.364293 26.677916 -15.557366
v 8.556000 21.545044 -15.557366
v 8.556002 9.448722 -15.557362
v 7.936251 9.448722 -15.557365
v 7.936250 20.193419 -15.557366
v 8.556000 -0.021089 -15.557362
v 7.936250 -0.021089 -15.557365
v 7.208828 23.035421 -16.371973
v 3.364293 21.545044 -16.371969
v 8.556000 -0.021089 -16.371969
v 8.556000 9.448722 -16.772657
v 8.556000 -0.021089 -16.772657
v 8.556000 21.545044 -16.371969
v 8.556000 21.026186 -16.772659
v 3.364293 21.026186 -16.772657
v 3.364293 28.276529 -16.371973
v 4.659750 28.271559 -16.371973
v 4.662220 26.371588 -16.371975
v 5.958912 26.371588 -15.557369
v 5.958912 26.371588 -16.371975
v 8.568865 23.035421 -16.371973
v 8.568868 23.035421 -15.557366
v 7.208827 23.035421 -15.557366
v 3.364293 9.448721 -16.772657
v 3.364293 8.803587 -17.418970
v 8.555999 8.803587 -17.418970
v 8.556000 -0.021089 -17.418966
v 3.364293 -0.021089 -17.418966
v -0.480242 24.688717 -15.557369
v -0.480242 24.688717 -16.371973
v 0.769674 24.688717 -16.371973
v 0.769675 24.688717 -15.557366
v 2.066367 26.371588 -15.557369
v 2.068836 28.271559 -15.557366
v -1.827414 21.545044 -15.557363
v -1.207663 20.193419 -15.557363
v -1.207665 9.448722 -15.557362
v -1.827415 9.448722 -15.557360
v -1.207663 -0.021089 -15.557362
v -1.827414 -0.021089 -15.557360
v -0.480242 23.035421 -16.371973
v -1.827413 -0.021089 -16.371965
v -1.827413 -0.021089 -16.772655
v -1.827413 9.448722 -16.772655
v -1.827414 21.026186 -16.772657
v -1.827413 21.545044 -16.371965
v 2.068836 28.271559 -16.371973
v 2.066367 26.371588 -16.371975
v 0.769675 26.371588 -15.557369
v 0.769674 26.371588 -16.371975
v -1.840279 23.035421 -16.371971
v -1.840281 23.035421 -15.557363
v -0.480241 23.035421 -15.557366
v -1.827413 8.803587 -17.418966
v -1.827413 -0.021089 -17.418964
v 8.395326 21.232704 -4.833844
v 8.395325 21.232704 -15.621870
v 8.395326 13.510502 -15.621870
v 8.395326 13.510503 -4.742694
v 8.395325 -0.021089 -15.621869
v 8.395325 -0.021089 -13.917887
v 8.395326 8.642242 -13.917742
v 3.364296 27.964191 -0.000001
v 3.364295 27.964191 -15.621874
v -31.079958 20.395794 -6.040124
v -30.392323 20.395794 -6.040124
v -30.392323 21.045286 -5.699841
v -31.079958 21.045286 -5.699841
v -30.750629 -0.021089 -6.040123
v -30.392323 -0.021089 -6.040123
v -30.392323 13.330503 -6.040124
v -31.079958 13.330503 -6.040124
v -30.392323 -0.021089 -5.359556
v -30.750629 -0.021089 -5.359556
v -31.079958 13.330503 -5.359557
v -30.392323 13.330503 -5.359557
v -31.627266 -0.021089 -5.359557
v -31.627266 -0.021089 -5.699840
v -31.627266 13.979996 -5.699841
v -31.627266 13.330503 -5.359558
v -30.392323 20.395794 -5.359558
v -31.079958 20.395794 -5.359559
v -31.627266 -0.021089 -6.040123
v -31.627266 13.330503 -6.040124
v -31.079958 13.979996 -5.699841
v -31.079958 20.395794 -13.773116
v -30.392323 20.395794 -13.773115
v -30.392323 21.045286 -13.432832
v -31.079958 21.045286 -13.432834
v -30.750629 -0.021089 -13.773111
v -30.392323 -0.021089 -13.773111
v -30.392323 13.330502 -13.773112
v -31.079958 13.330502 -13.773113
v -30.392323 -0.021089 -13.092547
v -30.750629 -0.021089 -13.092547
v -31.079958 13.330502 -13.092549
v -30.392323 13.330502 -13.092548
v -31.627266 -0.021089 -13.092549
v -31.627266 -0.021089 -13.432834
v -31.627266 13.979995 -13.432835
v -31.627266 13.330502 -13.092550
v -30.392323 20.395794 -13.092548
v -31.079958 20.395794 -13.092549
v -31.627266 -0.021089 -13.773112
v -31.627266 13.330502 -13.773113
v -31.079958 13.979995 -13.432834
v -29.392433 20.395794 -14.344248
v -29.392433 20.395794 -13.985944
v -29.732718 21.045286 -13.985944
v -29.732718 21.045286 -14.344248
v -29.392433 -0.021089 -14.344247
v -29.392433 -0.021089 -13.985943
v -29.392433 13.330502 -13.985944
v -29.392433 13.330502 -14.344248
v -30.073006 -0.021089 -13.985943
v -30.073006 -0.021089 -14.344247
v -30.073006 13.330502 -14.344248
v -30.073006 13.330502 -13.985944
v -30.073006 -0.021089 -14.706358
v -29.732718 -0.021089 -14.706358
v -29.732718 13.979995 -14.706359
v -30.073006 13.330502 -14.706359
v -30.073006 20.395794 -13.985944
v -30.073006 20.395794 -14.344248
v -29.392433 -0.021089 -14.706358
v -29.392433 13.330502 -14.706359
v -29.732718 13.979995 -14.344248
v -22.408735 20.395794 -14.344248
v -22.408735 20.395794 -13.985944
v -22.749020 21.045286 -13.985944
v -22.749020 21.045286 -14.344248
v -22.408739 -0.021089 -14.344247
v -22.408739 -0.021089 -13.985943
v -22.408739 13.330502 -13.985944
v -22.408739 13.330502 -14.344248
v -23.089304 -0.021089 -13.985943
v -23.089304 -0.021089 -14.344247
v -23.089304 13.330502 -14.344248
v -23.089304 13.330502 -13.985944
v -23.089304 -0.021089 -14.706358
v -22.749020 -0.021089 -14.706358
v -22.749020 13.979995 -14.706359
v -23.089304 13.330502 -14.706359
v -23.089304 20.395794 -13.985944
v -23.089304 20.395794 -14.344248
v -22.408739 -0.021089 -14.706358
v -22.408739 13.330502 -14.706359
v -22.749020 13.979995 -14.344248
v -21.840704 -0.021089 -14.348491
v -21.055113 -0.021089 -14.348491
v -21.055113 11.845208 -14.348492
v -21.447908 12.215578 -14.348492
v -21.840704 11.845208 -14.348492
v -21.055113 -0.021089 -13.964510
v -21.055113 8.710031 -13.964510
v -21.447908 12.198030 -11.125501
v -21.840704 11.833285 -11.061186
v -21.055115 10.593796 -10.011574
v -21.055115 11.833285 -11.061186
v -21.840704 -0.021089 -13.964510
v -21.840704 8.757504 -13.964510
v -21.840704 10.614110 -10.015155
v -21.447908 17.975836 -5.185717
v -21.840704 17.605467 -5.185717
v -21.840704 16.685156 -6.142591
v -21.840704 15.472187 -7.372239
v -21.840704 14.259220 -8.601889
v -21.840704 13.046254 -9.831537
v -21.055115 14.259220 -8.601889
v -21.055115 15.472187 -7.372239
v -21.055115 16.685156 -6.142591
v -21.055113 17.605467 -5.185717
v -21.055115 13.046254 -9.831537
v -21.055115 13.443579 -8.354938
v -21.055115 14.756163 -6.999789
v -21.840704 13.443579 -8.354938
v -21.840704 14.756163 -6.999789
v -21.447908 21.791380 -5.185717
v -21.840704 21.421011 -5.185717
v -21.055113 21.421011 -5.185717
v -21.447908 21.791380 -4.249345
v -21.840704 21.421011 -4.555934
v -21.055115 21.421011 -4.555934
v -21.055115 16.045588 -4.671232
v -21.840704 16.045588 -4.671232
v -21.055115 15.539600 -5.762786
v -21.055115 11.909361 -9.469409
v -21.840704 15.539600 -5.762786
v -21.840704 10.593796 -10.011574
v -21.840704 11.909361 -9.469409
v -16.700661 -0.021089 -14.348491
v -15.915073 -0.021089 -14.348491
v -15.915073 11.845208 -14.348492
v -16.307867 12.215578 -14.348492
v -16.700661 11.845208 -14.348492
v -15.915073 -0.021089 -13.964510
v -15.915073 8.710031 -13.964510
v -16.307867 12.198030 -11.125501
v -16.700661 11.833285 -11.061186
v -15.915073 10.593796 -10.011574
v -15.915073 11.833285 -11.061186
v -16.700661 -0.021089 -13.964510
v -16.700661 8.757504 -13.964510
v -16.700661 10.614110 -10.015155
v -16.307867 17.975836 -5.185717
v -16.700661 17.605467 -5.185717
v -16.700661 16.685156 -6.142591
v -16.700661 15.472187 -7.372239
v -16.700661 14.259220 -8.601889
v -16.700661 13.046254 -9.831537
v -15.915073 14.259220 -8.601889
v -15.915073 15.472187 -7.372239
v -15.915073 16.685156 -6.142591
v -15.915073 17.605467 -5.185717
v -15.915073 13.046254 -9.831537
v -15.915073 13.443579 -8.354938
v -15.915073 14.756163 -6.999789
v -16.700661 13.443579 -8.354938
v -16.700661 14.756163 -6.999789
v -16.307867 21.791380 -5.185717
v -16.700661 21.421011 -5.185717
v -15.915073 21.421011 -5.185717
v -16.307867 21.791380 -4.249345
v -16.700661 21.421011 -4.555934
v -15.915073 21.421011 -4.555934
v -15.915073 16.045588 -4.671232
v -16.700661 16.045588 -4.671232
v -15.915073 15.539600 -5.762786
v -15.915073 11.909361 -9.469409
v -16.700661 15.539600 -5.762786
v -16.700661 10.593796 -10.011574
v -16.700661 11.909361 -9.469409
v -11.355689 -0.021089 -14.348491
v -10.570100 -0.021089 -14.348491
v -10.570100 11.845208 -14.348492
v -10.962894 12.215578 -14.348492
v -11.355689 11.845208 -14.348492
v -10.570100 -0.021089 -13.964510
v -10.570100 8.710031 -13.964510
v -10.962894 12.198030 -11.125501
v -11.355689 11.833285 -11.061186
v -10.570100 10.593796 -10.011574
v -10.570100 11.833285 -11.061186
v -11.355689 -0.021089 -13.964510
v -11.355689 8.757504 -13.964510
v -11.355689 10.614110 -10.015155
v -10.962894 17.975836 -5.185717
v -11.355689 17.605467 -5.185717
v -11.355689 16.685156 -6.142591
v -11.355689 15.472187 -7.372239
v -11.355689 14.259220 -8.601889
v -11.355689 13.046254 -9.831537
v -10.570100 14.259220 -8.601889
v -10.570100 15.472187 -7.372239
v -10.570100 16.685156 -6.142591
v -10.570100 17.605467 -5.185717
v -10.570100 13.046254 -9.831537
v -10.570100 13.443579 -8.354938
v -10.570100 14.756163 -6.999789
v -11.355689 13.443579 -8.354938
v -11.355689 14.756163 -6.999789
v -10.962894 21.791380 -5.185717
v -11.355689 21.421011 -5.185717
v -10.570100 21.421011 -5.185717
v -10.962894 21.791380 -4.249345
v -11.355689 21.421011 -4.555934
v -10.570100 21.421011 -4.555934
v -10.570100 16.045588 -4.671232
v -11.355689 16.045588 -4.671232
v -10.570100 15.539600 -5.762786
v -10.570100 11.909361 -9.469409
v -11.355689 15.539600 -5.762786
v -11.355689 10.593796 -10.011574
v -11.355689 11.909361 -9.469409
v -6.215649 -0.021089 -14.348491
v -5.430060 -0.021089 -14.348491
v -5.430060 11.845208 -14.348492
v -5.822853 12.215578 -14.348492
v -6.215649 11.845208 -14.348492
v -5.430060 -0.021089 -13.964510
v -5.430060 8.710031 -13.964510
v -5.822853 12.198030 -11.125501
v -6.215649 11.833285 -11.061186
v -5.430060 10.593796 -10.011574
v -5.430060 11.833285 -11.061186
v -6.215649 -0.021089 -13.964510
v -6.215649 8.757504 -13.964510
v -6.215649 10.614110 -10.015155
v -5.822853 17.975836 -5.185717
v -6.215649 17.605467 -5.185717
v -6.215649 16.685156 -6.142591
v -6.215649 15.472187 -7.372239
v -6.215649 14.259220 -8.601889
v -6.215649 13.046254 -9.831537
v -5.430060 14.259220 -8.601889
v -5.430060 15.472187 -7.372239
v -5.430060 16.685156 -6.142591
v -5.430060 17.605467 -5.185717
v -5.430060 13.046254 -9.831537
v -5.430060 13.443579 -8.354938
v -5.430060 14.756163 -6.999789
v -6.215649 13.443579 -8.354938
v -6.215649 14.756163 -6.999789
v -5.822853 21.791380 -5.185717
v -6.215649 21.421011 -5.185717
v -5.430060 21.421011 -5.185717
v -5.822853 21.791380 -4.249345
v -6.215649 21.421011 -4.555934
v -5.430060 21.421011 -4.555934
v -5.430060 16.045588 -4.671232
v -6.215649 16.045588 -4.671232
v -5.430060 15.539600 -5.762786
v -5.430060 11.909361 -9.469409
v -6.215649 15.539600 -5.762786
v -6.215649 10.593796 -10.011574
v -6.215649 11.909361 -9.469409
v -1.795015 -0.021089 -17.639771
v -1.163781 -0.021089 -17.639771
v -1.163781 8.835056 -17.639774
v -1.795015 8.835056 -17.639774
v -1.163781 -0.021089 -17.329519
v -1.163781 8.835056 -17.329523
v -1.163781 20.589069 -16.734245
v -1.479399 20.981647 -16.734245
v -1.479399 20.981647 -17.044497
v -1.163781 20.589069 -17.044497
v -1.795015 20.589069 -16.734245
v -1.795015 9.478813 -16.734243
v -1.795015 9.478813 -17.044495
v -1.795015 20.589069 -17.044497
v -1.163781 9.478813 -17.044495
v -1.163781 9.478813 -16.734243
v -1.795015 8.835056 -17.329523
v -1.795015 -0.021089 -17.329519
v 3.048678 -0.052559 -17.609989
v 3.679908 -0.052559 -17.609989
v 3.679908 8.803587 -17.609989
v 3.048678 8.803587 -17.609989
v 3.679908 -0.052559 -17.299738
v 3.679908 8.803587 -17.299738
v 3.679908 20.557600 -16.704462
v 3.364293 20.950178 -16.704462
v 3.364293 20.950178 -17.014715
v 3.679908 20.557600 -17.014715
v 3.048678 20.557600 -16.704462
v 3.048678 9.447343 -16.704460
v 3.048678 9.447343 -17.014711
v 3.048678 20.557600 -17.014715
v 3.679908 9.447343 -17.014711
v 3.679908 9.447343 -16.704460
v 3.048678 8.803587 -17.299738
v 3.048678 -0.052559 -17.299738
v 7.857169 -0.021089 -17.639771
v 8.488397 -0.021089 -17.639771
v 8.488397 8.835056 -17.639774
v 7.857169 8.835056 -17.639774
v 8.488397 -0.021089 -17.329519
v 8.488397 8.835056 -17.329523
v 8.488397 20.589069 -16.734245
v 8.172782 20.981647 -16.734245
v 8.172782 20.981647 -17.044497
v 8.488397 20.589069 -17.044497
v 7.857169 20.589069 -16.734245
v 7.857169 9.478813 -16.734243
v 7.857169 9.478813 -17.044495
v 7.857169 20.589069 -17.044497
v 8.488397 9.478813 -17.044495
v 8.488397 9.478813 -16.734243
v 7.857169 8.835056 -17.329523
v 7.857169 -0.021089 -17.329519
v 8.483977 17.975836 -11.382019
v 8.483977 17.605467 -11.774814
v 9.519551 16.685156 -11.774813
v 10.850343 15.472186 -11.774813
v 12.181134 14.259219 -11.774813
v 13.511921 13.046253 -11.774813
v 14.842710 11.833285 -11.774813
v 14.582561 12.123505 -11.382018
v 12.181134 14.259219 -10.989224
v 10.850343 15.472186 -10.989224
v 9.519551 16.685156 -10.989224
v 8.483977 17.605467 -10.989224
v 14.842710 11.833285 -10.989224
v 13.511921 13.046253 -10.989224
v 11.913870 13.443578 -10.989224
v 10.447257 14.756162 -10.989224
v 11.913870 13.443578 -11.774813
v 10.447257 14.756162 -11.774813
v 8.483977 21.791380 -11.382019
v 8.483977 21.421011 -11.774814
v 8.483977 21.421011 -10.989224
v 7.802485 21.791380 -11.382019
v 8.134290 21.421011 -11.774814
v 8.134290 21.421011 -10.989224
v 8.276530 16.045588 -10.989224
v 8.276530 16.045588 -11.774814
v 9.108510 15.539599 -10.989224
v 14.321220 10.204247 -10.989223
v 13.120004 11.909360 -10.989224
v 9.108510 15.539599 -11.774813
v 14.321220 10.204247 -11.774812
v 13.120004 11.909360 -11.774813
v 14.152122 -0.021089 -14.348491
v 14.937708 -0.021089 -14.348491
v 14.937708 11.845208 -14.348492
v 14.544914 12.215578 -14.348492
v 14.152122 11.845208 -14.348492
v 14.937708 -0.021089 -13.964510
v 14.937708 8.710031 -13.964510
v 14.544914 12.198030 -11.125501
v 14.152122 11.833285 -11.061186
v 14.937708 10.593796 -10.011574
v 14.937708 11.833285 -11.061186
v 14.152122 -0.021089 -13.964510
v 14.152122 8.757504 -13.964510
v 14.152122 10.614110 -10.015155
v 14.544914 17.975836 -5.185717
v 14.152122 17.605467 -5.185717
v 14.152122 16.685156 -6.142591
v 14.152122 15.472187 -7.372239
v 14.152122 14.259220 -8.601889
v 14.152122 13.046254 -9.831537
v 14.937708 14.259220 -8.601889
v 14.937708 15.472187 -7.372239
v 14.937708 16.685156 -6.142591
v 14.937708 17.605467 -5.185717
v 14.937708 13.046254 -9.831537
v 14.937708 13.443579 -8.354938
v 14.937708 14.756163 -6.999789
v 14.152122 13.443579 -8.354938
v 14.152122 14.756163 -6.999789
v 14.544914 21.791380 -5.185717
v 14.152122 21.421011 -5.185717
v 14.937708 21.421011 -5.185717
v 14.544914 21.791380 -4.556019
v 14.152122 21.421011 -4.862607
v 14.937708 21.421011 -4.862607
v 14.937708 16.045588 -4.994038
v 14.152122 16.045588 -4.994038
v 14.937708 15.539600 -5.762786
v 14.937708 11.909361 -9.469409
v 14.152122 15.539600 -5.762786
v 14.152122 10.593796 -10.011574
v 14.152122 11.909361 -9.469409
v 16.032084 15.275103 -5.185715
v 16.817665 15.275105 -5.185717
v 16.817665 21.421011 -5.185717
v 16.424877 21.791380 -5.185717
v 16.032084 21.421011 -5.185717
v 16.424877 21.791380 -4.249345
v 16.032084 21.421011 -4.555934
v 16.817665 21.421011 -4.555934
v 16.817665 15.275105 -4.671232
v 16.032084 14.952694 -5.594101
v 16.032084 13.073524 -5.594101
v 16.817665 13.073524 -5.594101
v 16.817665 14.952694 -5.594101
v 16.817665 13.073524 -5.185717
v 16.817665 13.073524 -4.671232
v 16.032078 13.073524 -5.185717
v 16.032084 15.275103 -4.555929
v 16.032078 13.073524 -4.555933
v -1.795206 17.021378 -11.382018
v -5.667431 12.123505 -11.382018
v -5.881606 11.833285 -11.774813
v -4.324489 13.837015 -11.774813
v -3.337016 15.080239 -11.774813
v -1.795206 16.812704 -11.774813
v -3.337016 15.080239 -10.989224
v -4.324489 13.837015 -10.989224
v -5.881606 11.833285 -10.989224
v -1.795206 16.812704 -10.989224
v -2.879893 14.277693 -10.989224
v -3.932966 12.978807 -10.989224
v -2.879893 14.277693 -11.774813
v -3.932966 12.978807 -11.774813
v -1.795206 21.209272 -11.774813
v -1.795206 21.579641 -11.382018
v -1.795206 21.209272 -10.989224
v -1.507314 21.209272 -11.774813
v -1.234146 21.579641 -11.382018
v -1.507314 21.209272 -10.989224
v -1.624419 15.252824 -10.989224
v -1.624422 15.252824 -11.774813
v -5.452270 10.204247 -10.989223
v -5.452270 10.204247 -11.774812
v -28.108412 21.006706 -13.792129
v -24.513985 21.006706 -13.816495
v -24.513933 24.743727 -13.807534
v -26.311144 26.682299 -13.795350
v -28.108358 24.743727 -13.783169
v -24.511251 21.005629 -13.218242
v -24.511200 24.742647 -13.209280
v -26.308407 26.681221 -13.197098
v -28.105625 24.742647 -13.184914
v -28.105677 21.005629 -13.193873
v -30.277761 21.006706 -7.614123
v -30.302130 21.006706 -11.208549
v -30.293167 24.743727 -11.208603
v -30.280985 26.682299 -9.411391
v -30.268799 24.743727 -7.614177
v -29.873350 21.005629 -11.211283
v -29.864389 24.742649 -11.211337
v -29.852205 26.681221 -9.414124
v -29.840021 24.742647 -7.616911
v -29.848982 21.005629 -7.616857
v -22.225855 21.006706 -7.614123
v -22.234814 24.743727 -7.614177
v -22.222628 26.682299 -9.411391
v -22.210445 24.743727 -11.208603
v -22.201487 21.006706 -11.208549
v -22.630264 21.005629 -11.211283
v -22.639227 24.742649 -11.211337
v -22.651411 26.681221 -9.414124
v -22.663595 24.742647 -7.616911
v -22.654633 21.005629 -7.616857
v -30.164612 30.566540 -6.345251
v -29.643818 31.301159 -5.831252
v -30.164612 31.301159 -5.831258
v -30.164612 25.886322 -6.345250
v -29.123024 25.886322 -6.345250
v -29.123024 30.566540 -6.345251
v -29.643816 31.301159 -6.345251
v -29.123024 25.886322 -5.317251
v -29.123024 30.566540 -5.317251
v -29.123024 31.301159 -5.831271
v -30.164612 25.886322 -5.317251
v -30.164612 30.566540 -5.317251
v -29.643826 31.301159 -5.317251
v -29.017920 30.566540 -13.669669
v -29.017920 31.301159 -13.155675
v -29.538715 31.301159 -13.155668
v -29.017920 25.886322 -13.669669
v -29.538717 31.301159 -13.669669
v -30.059509 30.566540 -13.669669
v -30.059509 25.886322 -13.669669
v -30.059509 31.301159 -13.155688
v -30.059509 30.566540 -12.641667
v -30.059509 25.886322 -12.641667
v -29.538706 31.301159 -12.641667
v -29.017920 30.566540 -12.641667
v -29.017920 25.886322 -12.641667
v -28.762072 26.051327 -13.922180
v -28.762072 26.051327 -12.389156
v -30.315357 26.051327 -12.389156
v -30.315357 26.051327 -13.922180
v -28.762072 21.232704 -13.922180
v -30.315357 21.232704 -13.922180
v -30.315357 21.232704 -12.389156
v -28.762072 21.232704 -12.389156
v -30.420460 26.051327 -6.597763
v -28.867176 26.051327 -6.597763
v -28.867176 26.051327 -5.064740
v -30.420460 26.051327 -5.064740
v -30.420460 21.232704 -6.597763
v -28.867176 21.232704 -6.597763
v -28.867176 21.232704 -5.064740
v -30.420460 21.232704 -5.064740
v -23.459019 30.566540 -13.669669
v -22.938225 31.301159 -13.155668
v -23.459019 31.301159 -13.155675
v -23.459019 25.886322 -13.669669
v -22.417433 25.886322 -13.669669
v -22.417433 30.566540 -13.669669
v -22.938223 31.301159 -13.669669
v -22.417433 25.886322 -12.641667
v -22.417433 30.566540 -12.641667
v -22.417433 31.301159 -13.155688
v -23.459019 25.886322 -12.641667
v -23.459019 30.566540 -12.641667
v -22.938232 31.301159 -12.641667
v -23.714867 21.232704 -13.922180
v -23.714867 21.232704 -12.389156
v -22.161583 21.232704 -12.389156
v -22.161583 21.232704 -13.922180
v -23.714867 26.051327 -13.922180
v -22.161583 26.051327 -13.922180
v -22.161583 26.051327 -12.389156
v -23.714867 26.051327 -12.389156
v -1.666735 -0.021089 -13.768946
v -1.666735 -0.021089 -15.621869
v -1.666736 13.510502 -15.621870
v -1.666736 13.510503 -4.853055
v -1.666736 8.735460 -13.877006
v -1.666736 21.232704 -15.621870
v -1.666735 21.232704 -4.937883
v -30.460514 -2.271648 -14.058907
v -22.020073 -2.271648 -14.058907
v 30.570341 -2.271647 -3.781312
v 31.627237 -2.271647 0.000001
v 25.575237 -2.271647 -7.930624
v 28.374022 -2.271647 -6.504902
v 13.603106 -2.271648 -14.058907
v 13.603106 -2.271648 -16.808565
v 24.045822 -2.244100 -16.808565
v 24.045822 -2.244099 -8.590614
v 13.309842 -2.271648 -17.501638
v 24.433989 -2.244100 -17.501638
v 13.309842 -2.271648 -16.808569
v 24.433989 -2.244100 -16.808569
v -31.022329 -2.271647 -5.031031
v -31.022329 -2.271648 -14.058908
v -31.222425 -2.271647 -11.823438
v -30.841953 -2.271647 -11.823438
v -30.841953 -2.271647 -7.251809
v -31.222425 -2.271647 -7.251809
v -31.222425 -2.271647 -7.751625
v -31.222425 -2.271647 -11.323620
v -31.024208 -2.271647 -7.751625
v -31.024208 -2.271647 -11.323620
v 8.556000 -2.271648 -16.371971
v 8.556000 -2.271648 -15.557365
v 7.936250 -2.271648 -15.557366
v 8.556000 -2.271648 -16.772659
v 8.556000 -2.271648 -17.418968
v 3.364294 -2.271648 -17.418968
v -1.207664 -2.271648 -15.557365
v -1.827414 -2.271648 -15.557361
v -1.827412 -2.271648 -16.371965
v -1.827412 -2.271648 -16.772657
v -1.827413 -2.271648 -17.418966
v 8.395325 -2.271648 -15.621869
v 8.395325 -2.271648 -13.917887
v -30.392330 -2.271647 -5.359556
v -30.750633 -2.271647 -5.359556
v -30.750633 -2.271647 -6.040123
v -30.392330 -2.271647 -6.040123
v -31.112743 -2.271647 -5.699839
v -31.112743 -2.271647 -6.040123
v -31.112743 -2.271647 -5.359556
v -30.392330 -2.271647 -13.092548
v -30.750633 -2.271647 -13.092548
v -30.750633 -2.271648 -13.773112
v -30.392330 -2.271648 -13.773112
v -31.112743 -2.271647 -13.432833
v -31.112743 -2.271648 -13.773112
v -31.112743 -2.271647 -13.092548
v -30.073009 -2.271648 -13.985945
v -30.073009 -2.271648 -14.344248
v -29.392433 -2.271648 -14.344248
v -29.392433 -2.271648 -13.985945
v -29.732718 -2.271648 -14.706360
v -29.392433 -2.271648 -14.706360
v -30.073009 -2.271648 -14.706360
v -23.089308 -2.271648 -13.985945
v -23.089308 -2.271648 -14.344248
v -22.408739 -2.271648 -14.344248
v -22.408739 -2.271648 -13.985945
v -22.749023 -2.271648 -14.706360
v -22.408739 -2.271648 -14.706360
v -23.089308 -2.271648 -14.706360
v -21.840706 -2.271648 -14.348491
v -21.055115 -2.271648 -14.348491
v -21.055115 -2.271648 -13.964510
v -21.840706 -2.271648 -13.964510
v -16.700665 -2.271648 -14.348491
v -15.915077 -2.271648 -14.348491
v -15.915077 -2.271648 -13.964510
v -16.700665 -2.271648 -13.964510
v -11.355690 -2.271648 -14.348491
v -10.570101 -2.271648 -14.348491
v -10.570101 -2.271648 -13.964510
v -11.355690 -2.271648 -13.964510
v -6.215649 -2.271648 -14.348491
v -5.430061 -2.271648 -14.348491
v -5.430061 -2.271648 -13.964510
v -6.215649 -2.271648 -13.964510
v -1.795015 -2.271648 -17.639774
v -1.163781 -2.271648 -17.639774
v -1.163781 -2.271648 -17.329521
v -1.795015 -2.271648 -17.329521
v 3.048678 -2.303117 -17.609989
v 3.679908 -2.303117 -17.609989
v 3.679908 -2.303117 -17.299738
v 3.048678 -2.303117 -17.299738
v 7.857170 -2.271648 -17.639774
v 8.488397 -2.271648 -17.639774
v 8.488397 -2.271648 -17.329521
v 7.857170 -2.271648 -17.329521
v 14.152123 -2.271648 -14.348491
v 14.937710 -2.271648 -14.348491
v 14.937710 -2.271648 -13.964510
v 14.152123 -2.271648 -13.964510
v -1.666735 -2.271648 -13.768947
v -1.666735 -2.271648 -15.621869
v -30.460514 -0.021088 14.058906
v -30.460522 10.540638 14.058908
v -22.020081 10.540639 14.058908
v -22.020086 8.814873 14.058913
v -22.020077 -0.021088 14.058906
v 30.570341 -0.021088 3.781312
v 30.570341 8.814870 3.781315
v -31.022329 -0.021088 5.031031
v -31.022329 -0.021088 0.000000
v -31.022335 9.679881 5.031031
v -30.460514 27.964191 -0.000001
v -22.020077 21.232704 5.031030
v -30.460514 21.232704 5.031030
v 27.360914 21.232704 2.156261
v 27.360914 13.510503 2.156261
v 25.403465 13.510503 3.593646
v 23.446020 13.510503 5.031030
v 23.446020 21.232704 5.031030
v 23.446024 27.964191 -0.000001
v 18.524565 13.487256 5.031030
v 13.603105 13.510503 5.031030
v 13.603106 21.232704 5.031030
v -30.460522 10.540637 5.031031
v 25.575237 8.814872 7.930626
v 28.374022 8.814872 6.504905
v 28.374020 -0.021088 6.504902
v 25.575235 -0.021088 7.930624
v -22.020079 13.510505 5.031031
v 13.603106 8.814873 14.058912
v -31.022335 9.679882 14.058908
v -31.022329 -0.021088 14.058907
v 23.446024 8.814872 9.518149
v 23.446024 8.814873 16.808573
v 23.446022 13.542821 12.855909
v 23.446022 8.814872 8.722743
v 13.603106 8.814873 16.808573
v 13.603106 -0.021088 16.808565
v 13.603106 -0.021088 14.058906
v 18.524567 13.487257 13.064653
v 18.524567 13.487257 16.808567
v 24.045815 8.496901 16.808573
v 24.045815 8.496900 8.590614
v 24.045815 0.006460 8.590615
v 24.045815 0.006460 16.808565
v -22.020077 21.232704 14.058906
v -30.460514 21.232704 14.058906
v -22.709139 21.232704 5.584513
v -29.932106 21.232704 5.584513
v -29.932108 21.232704 13.433599
v -22.527618 21.232704 13.506222
v -24.300888 24.742647 5.451420
v -28.205622 24.742647 5.451420
v -29.922789 24.742647 7.082528
v -29.922789 24.742647 11.608339
v -28.205622 24.742647 13.239447
v -24.300888 24.742647 13.239447
v -22.583719 24.742647 11.608339
v -22.583719 24.742647 7.082528
v -24.300890 33.098083 5.451420
v -28.205622 33.098083 5.451420
v -29.922792 33.098083 7.082527
v -29.922792 33.098083 11.608338
v -28.205622 33.098083 13.239448
v -24.300890 33.098083 13.239448
v -22.583723 33.098083 11.608338
v -22.583723 33.098083 7.082527
v -25.069544 34.186615 6.129349
v -27.436966 34.186615 6.129349
v -29.283941 34.186615 8.031590
v -29.283941 34.186615 10.659274
v -27.436966 34.186615 12.561518
v -25.069544 34.186615 12.561518
v -23.222570 34.186615 10.659274
v -23.222570 34.186615 8.031590
v -25.795597 34.699112 6.428418
v -25.795595 45.441795 6.428418
v -26.253254 46.320862 6.428418
v -26.710915 45.441795 6.428418
v -26.710917 34.699112 6.428418
v -27.728170 34.699112 6.858590
v -27.728170 45.440975 6.858591
v -28.145882 46.469398 7.288805
v -28.563599 45.440975 7.719018
v -28.563599 34.699112 7.719018
v -28.984875 34.699112 8.757643
v -28.984871 45.441044 8.757643
v -28.984869 46.458233 9.345433
v -28.984871 45.441044 9.933224
v -28.984875 34.699112 9.933223
v -28.563599 34.699112 10.971848
v -28.563599 45.440975 10.971848
v -28.145882 46.469398 11.402065
v -27.728170 45.440975 11.832277
v -27.728170 34.699112 11.832277
v -26.710917 34.699112 12.262449
v -26.710915 45.441795 12.262448
v -26.253244 46.320862 12.262448
v -25.795595 45.441795 12.262448
v -25.795597 34.699112 12.262449
v -24.778339 34.699112 11.832277
v -24.778339 45.440975 11.832277
v -24.360630 46.469391 11.402068
v -23.942911 45.440975 10.971848
v -23.942913 34.699112 10.971848
v -23.521641 34.699112 9.933223
v -23.521639 45.441044 9.933224
v -23.521639 46.458233 9.345432
v -23.521639 45.441044 8.757643
v -23.521641 34.699112 8.757643
v -23.942913 34.699112 7.719018
v -23.942911 45.440975 7.719018
v -24.360624 46.469398 7.288801
v -24.778339 45.440975 6.858591
v -24.778339 34.699112 6.858590
v -25.069544 45.448685 6.129349
v -26.253254 47.722321 9.345433
v -26.253254 47.722321 6.129349
v -28.360453 47.722321 7.080470
v -29.283941 45.448685 8.031591
v -29.283939 47.722321 9.345429
v -29.283941 45.448685 10.659275
v -28.360449 47.722321 11.610401
v -26.253237 47.722321 12.561518
v -25.069544 45.448685 12.561518
v -24.146061 47.722321 11.610406
v -23.222569 47.722321 9.345429
v -23.222569 45.448685 8.031591
v -24.146057 47.722321 7.080467
v -23.222569 45.448685 10.659275
v -27.436966 45.448685 6.129349
v -27.436966 45.448685 12.561518
v -23.867340 47.529892 9.008892
v -23.867340 49.190468 9.008892
v -24.328186 49.190468 7.896308
v -24.328186 47.529892 7.896309
v -24.804131 47.529892 7.420366
v -24.804131 49.190468 7.420365
v -25.916716 49.190468 6.959517
v -25.916716 47.529892 6.959517
v -26.589798 47.529892 6.959519
v -26.589798 49.190468 6.959518
v -27.702379 49.190468 7.420365
v -27.702379 47.529892 7.420366
v -28.178326 47.529892 7.896309
v -28.178326 49.190468 7.896308
v -28.639172 49.190468 9.008892
v -28.639172 47.529892 9.008892
v -28.639172 47.529892 9.681975
v -28.639172 49.190468 9.681975
v -28.178326 49.190468 10.794562
v -28.178326 47.529892 10.794562
v -27.702379 47.529892 11.270507
v -27.702379 49.190468 11.270505
v -26.589798 49.190468 11.731352
v -26.589798 47.529892 11.731354
v -25.916716 47.529892 11.731354
v -25.916716 49.190468 11.731352
v -24.804131 49.190468 11.270505
v -24.804131 47.529892 11.270507
v -24.328186 47.529892 10.794562
v -24.328186 49.190468 10.794562
v -23.867340 49.190468 9.681975
v -23.867340 47.529892 9.681975
v -23.552334 49.488094 9.345433
v -23.970812 49.818047 9.345431
v -24.639324 49.818047 7.731497
v -24.343418 49.488094 7.435595
v -26.253260 49.818047 7.062982
v -26.253256 49.488094 6.644513
v -27.867193 49.818047 7.731497
v -28.163094 49.488094 7.435595
v -28.535715 49.818047 9.345431
v -28.954174 49.488094 9.345433
v -27.867193 49.818047 10.959367
v -28.163094 49.488094 11.255275
v -26.253260 49.818047 11.627884
v -26.253256 49.488094 12.046354
v -24.639324 49.818047 10.959367
v -24.343418 49.488094 11.255275
v -26.081425 66.310791 9.345430
v -26.131754 66.310791 9.223927
v -26.253260 66.310791 9.173596
v -26.374762 66.310791 9.223927
v -26.425093 66.310791 9.345430
v -26.374762 66.310791 9.466935
v -26.253260 66.310791 9.517265
v -26.131754 66.310791 9.466935
v -25.795597 34.699112 6.129349
v -26.710917 34.699112 6.129349
v -26.710915 45.441795 6.129349
v -26.253254 46.320862 6.129349
v -25.795595 45.441795 6.129349
v -27.942739 34.699112 6.650256
v -28.778166 34.699112 7.510684
v -28.778166 45.440975 7.510684
v -28.360453 46.469398 7.080470
v -27.942739 45.440975 6.650256
v -29.283943 34.699112 8.757643
v -29.283943 34.699112 9.933223
v -29.283941 45.441044 9.933224
v -29.283939 46.458233 9.345433
v -29.283941 45.441044 8.757643
v -28.778166 34.699112 11.180182
v -27.942739 34.699112 12.040610
v -27.942739 45.440975 12.040610
v -28.360453 46.469398 11.610398
v -28.778166 45.440975 11.180183
v -26.710917 34.699112 12.561520
v -25.795597 34.699112 12.561520
v -25.795595 45.441795 12.561518
v -26.253244 46.320862 12.561518
v -26.710915 45.441795 12.561518
v -24.563768 34.699112 12.040610
v -23.728342 34.699112 11.180182
v -23.728340 45.440975 11.180183
v -24.146059 46.469391 11.610403
v -24.563768 45.440975 12.040610
v -23.222570 34.699112 9.933223
v -23.222570 34.699112 8.757643
v -23.222569 45.441044 8.757643
v -23.222569 46.458233 9.345432
v -23.222569 45.441044 9.933224
v -23.728342 34.699112 7.510684
v -24.563768 34.699112 6.650256
v -24.563768 45.440975 6.650256
v -24.146057 46.469398 7.080467
v -23.728340 45.440975 7.510684
v -23.552334 46.195457 9.345433
v -23.717453 47.529892 8.946807
v -24.178299 47.529892 7.834224
v -24.343418 46.195457 7.435596
v -24.178299 49.190468 7.834223
v -23.717453 49.190468 8.946807
v -24.742044 47.529892 7.270479
v -25.854628 47.529892 6.809630
v -26.253256 46.195457 6.644514
v -25.854628 49.190468 6.809630
v -24.742044 49.190468 7.270478
v -26.651886 47.529892 6.809631
v -27.764467 47.529892 7.270479
v -28.163094 46.195457 7.435596
v -27.764467 49.190468 7.270479
v -26.651886 49.190468 6.809631
v -28.328211 47.529892 7.834224
v -28.789059 47.529892 8.946807
v -28.954174 46.195457 9.345433
v -28.789059 49.190468 8.946807
v -28.328211 49.190468 7.834223
v -28.789059 47.529892 9.744061
v -28.328211 47.529892 10.856647
v -28.163094 46.195457 11.255275
v -28.328211 49.190468 10.856647
v -28.789059 49.190468 9.744061
v -27.764467 47.529892 11.420392
v -26.651886 47.529892 11.881239
v -26.253256 46.195457 12.046354
v -26.651886 49.190468 11.881239
v -27.764467 49.190468 11.420391
v -25.854628 47.529892 11.881239
v -24.742044 47.529892 11.420392
v -24.343418 46.195457 11.255275
v -24.742044 49.190468 11.420391
v -25.854628 49.190468 11.881239
v -24.178299 47.529892 10.856647
v -23.717453 47.529892 9.744061
v -23.717453 49.190468 9.744061
v -24.178299 49.190468 10.856647
v 20.744690 16.911322 4.623504
v 20.633249 17.848627 4.646954
v 20.633249 17.848627 6.558656
v 20.744690 16.911322 7.277438
v 21.358585 17.848627 7.247636
v 23.007940 17.848627 7.247636
v 23.701569 16.911322 7.306976
v 23.733271 17.848627 6.558656
v 23.733271 17.848627 4.646954
v 23.627739 16.911322 4.623504
v 20.633249 21.941793 4.646954
v 20.633249 21.941793 6.558655
v 21.358582 21.941793 7.247636
v 23.007938 21.941793 7.247636
v 23.733274 21.941793 6.558655
v 23.733274 21.941793 4.646954
v 22.915628 22.207798 3.957974
v 22.741705 22.765289 4.085544
v 21.624817 22.765289 4.085544
v 21.488794 22.207798 3.957974
v 20.753466 22.765289 4.982970
v 20.753466 22.765289 6.222639
v 21.624817 22.765289 7.120065
v 22.741705 22.765289 7.120065
v 23.613054 22.765289 6.222639
v 23.613054 22.765289 4.982970
v 22.741705 25.933044 4.085545
v 22.183260 27.174078 5.602805
v 22.183260 27.174078 4.085545
v 21.189144 27.174078 4.534258
v 20.753466 25.933044 4.982971
v 20.753466 27.174078 5.602804
v 20.753466 25.933044 6.222640
v 21.189144 27.174078 6.671355
v 22.183270 27.174078 7.120065
v 22.741705 25.933044 7.120065
v 23.177378 27.174078 6.671357
v 23.613058 27.174078 5.602804
v 23.613058 25.933044 4.982971
v 23.177378 27.174078 4.534256
v 23.613058 25.933044 6.222640
v 21.624817 25.933044 4.085545
v 21.624817 25.933044 7.120065
v 23.203329 29.177227 5.602804
v 22.998316 29.357328 5.602804
v 22.759592 29.357328 5.026473
v 22.904560 29.177227 4.881506
v 22.183256 29.357328 4.787747
v 22.183256 29.177227 4.582734
v 21.606928 29.357328 5.026473
v 21.461962 29.177227 4.881506
v 21.368202 29.357328 5.602804
v 21.163191 29.177227 5.602804
v 21.606928 29.357328 6.179137
v 21.461962 29.177227 6.324104
v 22.183256 29.357328 6.417862
v 22.183256 29.177227 6.622875
v 22.759592 29.357328 6.179137
v 22.904560 29.177227 6.324104
v 22.264326 34.937057 5.602804
v 22.240582 34.937057 5.545482
v 22.183256 34.937057 5.521738
v 22.125940 34.937057 5.545482
v 22.102194 34.937057 5.602804
v 22.125940 34.937057 5.660126
v 22.183256 34.937057 5.683871
v 22.240582 34.937057 5.660126
v 22.904560 26.340658 4.881506
v 23.203329 26.340658 5.602804
v 22.183256 26.340658 4.582735
v 21.461962 26.340658 4.881506
v 21.163191 26.340658 5.602804
v 21.461962 26.340658 6.324105
v 22.183256 26.340658 6.622876
v 22.904560 26.340658 6.324105
v 20.744690 10.143280 7.277438
v 20.744690 13.442506 4.623504
v 23.701569 10.143280 7.306976
v 23.627739 13.442506 4.623504
v 23.733274 21.311493 4.646954
v 20.633249 21.564941 4.646954
v 13.309840 -0.021088 17.501638
v 13.309841 8.936999 17.501646
v 18.524567 13.979081 17.501642
v 24.433989 8.619027 17.501646
v 24.433989 0.006460 17.501638
v 24.433989 0.006460 16.808567
v 24.433989 8.619027 16.808573
v 18.524567 13.979081 16.808569
v 13.309841 8.936999 16.808573
v 13.309840 -0.021088 16.808567
v -31.024200 -0.021087 7.751626
v -31.024200 3.697871 7.751626
v -31.024200 4.966117 8.017394
v -31.024200 5.724534 8.571996
v -31.024200 6.394815 9.537625
v -31.024200 5.724534 10.503250
v -31.024200 4.966117 11.057854
v -31.024200 3.697871 11.323620
v -31.024200 -0.021087 11.323620
v -30.841946 -0.021087 11.823438
v -31.222420 -0.021087 11.823438
v -31.222424 6.516130 11.823438
v -29.811977 6.516130 11.823438
v -31.222424 10.960099 9.537624
v -29.811975 10.960097 9.537624
v -29.811975 6.516130 7.251809
v -31.222424 6.516130 7.251809
v -31.222420 -0.021087 7.251810
v -30.841946 -0.021087 7.251810
v -31.222420 -0.021087 11.323620
v -31.222424 3.697871 11.323620
v -31.222424 4.966117 11.057854
v -31.222424 5.724534 10.503250
v -31.222424 5.724534 8.571996
v -31.222424 4.966117 8.017394
v -31.222424 3.697870 7.751626
v -31.222420 -0.021087 7.751626
v -31.222424 6.394815 9.537625
v 7.208827 24.688717 15.557367
v 7.208828 24.688717 16.371969
v 5.958912 24.688717 16.371969
v 5.958912 24.688717 15.557364
v 3.364293 28.276529 15.557364
v 3.364293 26.677916 15.557364
v 4.662220 26.371588 15.557367
v 4.659750 28.271559 15.557364
v 8.556000 21.545044 15.557364
v 7.936250 20.193419 15.557364
v 7.936251 9.448724 15.557365
v 8.556002 9.448724 15.557362
v 7.936250 -0.021088 15.557365
v 8.556000 -0.021088 15.557362
v 7.208828 23.035421 16.371969
v 3.364293 21.545044 16.371969
v 8.556000 -0.021088 16.371969
v 8.556000 -0.021088 16.772657
v 8.556000 9.448724 16.772657
v 8.556000 21.026186 16.772659
v 8.556000 21.545044 16.371969
v 3.364293 21.026186 16.772657
v 4.659750 28.271559 16.371969
v 3.364293 28.276529 16.371969
v 4.662220 26.371588 16.371971
v 5.958912 26.371588 15.557367
v 5.958912 26.371588 16.371971
v 8.568865 23.035421 16.371969
v 8.568868 23.035421 15.557364
v 7.208827 23.035421 15.557364
v 8.555999 8.803589 17.418970
v 3.364293 8.803589 17.418970
v 3.364293 9.448723 16.772657
v 8.556000 -0.021088 17.418966
v 3.364293 -0.021088 17.418966
v -0.480242 24.688717 15.557367
v 0.769675 24.688717 15.557364
v 0.769674 24.688717 16.371969
v -0.480242 24.688717 16.371969
v 2.068836 28.271559 15.557364
v 2.066367 26.371588 15.557367
v -1.827414 21.545044 15.557361
v -1.827415 9.448724 15.557360
v -1.207665 9.448724 15.557362
v -1.207663 20.193419 15.557361
v -1.827414 -0.021088 15.557360
v -1.207663 -0.021088 15.557362
v -0.480242 23.035421 16.371969
v -1.827413 -0.021088 16.371965
v -1.827413 9.448724 16.772655
v -1.827413 -0.021088 16.772655
v -1.827413 21.545044 16.371965
v -1.827414 21.026186 16.772657
v 2.068836 28.271559 16.371969
v 2.066367 26.371588 16.371971
v 0.769675 26.371588 15.557367
v 0.769674 26.371588 16.371971
v -1.840279 23.035421 16.371967
v -1.840281 23.035421 15.557361
v -0.480241 23.035421 15.557364
v -1.827413 8.803589 17.418966
v -1.827413 -0.021088 17.418964
v 8.395326 21.232704 4.833842
v 8.395326 13.510503 4.742693
v 8.395326 13.510504 15.621868
v 8.395325 21.232704 15.621868
v 8.395325 -0.021088 15.621869
v 8.395326 8.642244 13.917742
v 8.395325 -0.021088 13.917887
v 3.364295 27.964191 15.621872
v -31.079958 20.395794 6.040123
v -31.079958 21.045286 5.699839
v -30.392323 21.045286 5.699839
v -30.392323 20.395794 6.040123
v -30.750629 -0.021088 6.040123
v -31.079958 13.330503 6.040123
v -30.392323 13.330503 6.040123
v -30.392323 -0.021088 6.040123
v -30.392323 -0.021088 5.359556
v -30.392323 13.330503 5.359556
v -31.079958 13.330503 5.359556
v -30.750629 -0.021088 5.359556
v -31.627266 -0.021088 5.359557
v -31.627266 13.330503 5.359557
v -31.627266 13.979996 5.699840
v -31.627266 -0.021088 5.699840
v -31.079958 20.395794 5.359557
v -30.392323 20.395794 5.359556
v -31.627266 13.330503 6.040123
v -31.627266 -0.021088 6.040123
v -31.079958 13.979996 5.699840
v -31.079958 20.395794 13.773114
v -31.079958 21.045286 13.432832
v -30.392323 21.045286 13.432830
v -30.392323 20.395794 13.773113
v -30.750629 -0.021088 13.773111
v -31.079958 13.330503 13.773111
v -30.392323 13.330503 13.773110
v -30.392323 -0.021088 13.773111
v -30.392323 -0.021088 13.092547
v -30.392323 13.330503 13.092546
v -31.079958 13.330503 13.092547
v -30.750629 -0.021088 13.092547
v -31.627266 -0.021088 13.092549
v -31.627266 13.330503 13.092548
v -31.627266 13.979997 13.432833
v -31.627266 -0.021088 13.432834
v -31.079958 20.395794 13.092547
v -30.392323 20.395794 13.092546
v -31.627266 13.330503 13.773111
v -31.627266 -0.021088 13.773112
v -31.079958 13.979997 13.432832
v -29.392433 20.395794 14.344246
v -29.732718 21.045286 14.344246
v -29.732718 21.045286 13.985942
v -29.392433 20.395794 13.985942
v -29.392433 -0.021088 14.344247
v -29.392433 13.330503 14.344246
v -29.392433 13.330503 13.985942
v -29.392433 -0.021088 13.985943
v -30.073006 -0.021088 13.985943
v -30.073006 13.330503 13.985942
v -30.073006 13.330503 14.344246
v -30.073006 -0.021088 14.344247
v -30.073006 -0.021088 14.706358
v -30.073006 13.330503 14.706357
v -29.732718 13.979997 14.706357
v -29.732718 -0.021088 14.706358
v -30.073006 20.395794 14.344246
v -30.073006 20.395794 13.985942
v -29.392433 13.330503 14.706357
v -29.392433 -0.021088 14.706358
v -29.732718 13.979997 14.344246
v -22.408735 20.395794 14.344246
v -22.749020 21.045286 14.344246
v -22.749020 21.045286 13.985942
v -22.408735 20.395794 13.985942
v -22.408739 -0.021088 14.344247
v -22.408739 13.330503 14.344246
v -22.408739 13.330503 13.985942
v -22.408739 -0.021088 13.985943
v -23.089304 -0.021088 13.985943
v -23.089304 13.330503 13.985942
v -23.089304 13.330503 14.344246
v -23.089304 -0.021088 14.344247
v -23.089304 -0.021088 14.706358
v -23.089304 13.330503 14.706357
v -22.749020 13.979997 14.706357
v -22.749020 -0.021088 14.706358
v -23.089304 20.395794 14.344246
v -23.089304 20.395794 13.985942
v -22.408739 13.330503 14.706357
v -22.408739 -0.021088 14.706358
v -22.749020 13.979997 14.344246
v -21.840704 -0.021088 14.348491
v -21.840704 11.845210 14.348490
v -21.447908 12.215580 14.348490
v -21.055113 11.845210 14.348490
v -21.055113 -0.021088 14.348491
v -21.055113 8.710032 13.964510
v -21.055113 -0.021088 13.964510
v -21.840704 11.833287 11.061184
v -21.447908 12.198031 11.125499
v -21.055115 10.593796 10.011574
v -21.055115 11.833287 11.061184
v -21.840704 -0.021088 13.964510
v -21.840704 8.757505 13.964510
v -21.840704 10.614110 10.015155
v -21.447908 17.975836 5.185715
v -21.840704 13.046254 9.831535
v -21.840704 14.259220 8.601887
v -21.840704 15.472187 7.372238
v -21.840704 16.685156 6.142589
v -21.840704 17.605467 5.185715
v -21.055115 14.259220 8.601887
v -21.055115 13.046254 9.831535
v -21.055113 17.605467 5.185715
v -21.055115 16.685156 6.142589
v -21.055115 15.472187 7.372238
v -21.055115 13.443579 8.354936
v -21.055115 14.756163 6.999788
v -21.840704 13.443579 8.354936
v -21.840704 14.756163 6.999788
v -21.840704 21.421011 5.185715
v -21.447908 21.791380 5.185715
v -21.055113 21.421011 5.185715
v -21.840704 21.421011 4.555932
v -21.447908 21.791380 4.249343
v -21.055115 21.421011 4.555932
v -21.055115 16.045588 4.671231
v -21.840704 16.045588 4.671231
v -21.055115 15.539600 5.762785
v -21.055115 11.909361 9.469407
v -21.840704 15.539600 5.762785
v -21.840704 11.909361 9.469407
v -21.840704 10.593796 10.011574
v -16.700661 -0.021088 14.348491
v -16.700661 11.845210 14.348490
v -16.307867 12.215580 14.348490
v -15.915073 11.845210 14.348490
v -15.915073 -0.021088 14.348491
v -15.915073 8.710032 13.964510
v -15.915073 -0.021088 13.964510
v -16.700661 11.833287 11.061184
v -16.307867 12.198031 11.125499
v -15.915073 10.593796 10.011574
v -15.915073 11.833287 11.061184
v -16.700661 -0.021088 13.964510
v -16.700661 8.757505 13.964510
v -16.700661 10.614110 10.015155
v -16.307867 17.975836 5.185715
v -16.700661 13.046254 9.831535
v -16.700661 14.259220 8.601887
v -16.700661 15.472187 7.372238
v -16.700661 16.685156 6.142589
v -16.700661 17.605467 5.185715
v -15.915073 14.259220 8.601887
v -15.915073 13.046254 9.831535
v -15.915073 17.605467 5.185715
v -15.915073 16.685156 6.142589
v -15.915073 15.472187 7.372238
v -15.915073 13.443579 8.354936
v -15.915073 14.756163 6.999788
v -16.700661 13.443579 8.354936
v -16.700661 14.756163 6.999788
v -16.700661 21.421011 5.185715
v -16.307867 21.791380 5.185715
v -15.915073 21.421011 5.185715
v -16.700661 21.421011 4.555932
v -16.307867 21.791380 4.249343
v -15.915073 21.421011 4.555932
v -15.915073 16.045588 4.671231
v -16.700661 16.045588 4.671231
v -15.915073 15.539600 5.762785
v -15.915073 11.909361 9.469407
v -16.700661 15.539600 5.762785
v -16.700661 11.909361 9.469407
v -16.700661 10.593796 10.011574
v -11.355689 -0.021088 14.348491
v -11.355689 11.845210 14.348490
v -10.962894 12.215580 14.348490
v -10.570100 11.845210 14.348490
v -10.570100 -0.021088 14.348491
v -10.570100 8.710032 13.964510
v -10.570100 -0.021088 13.964510
v -11.355689 11.833287 11.061184
v -10.962894 12.198031 11.125499
v -10.570100 10.593796 10.011574
v -10.570100 11.833287 11.061184
v -11.355689 -0.021088 13.964510
v -11.355689 8.757505 13.964510
v -11.355689 10.614110 10.015155
v -10.962894 17.975836 5.185715
v -11.355689 13.046254 9.831535
v -11.355689 14.259220 8.601887
v -11.355689 15.472187 7.372238
v -11.355689 16.685156 6.142589
v -11.355689 17.605467 5.185715
v -10.570100 14.259220 8.601887
v -10.570100 13.046254 9.831535
v -10.570100 17.605467 5.185715
v -10.570100 16.685156 6.142589
v -10.570100 15.472187 7.372238
v -10.570100 13.443579 8.354936
v -10.570100 14.756163 6.999788
v -11.355689 13.443579 8.354936
v -11.355689 14.756163 6.999788
v -11.355689 21.421011 5.185715
v -10.962894 21.791380 5.185715
v -10.570100 21.421011 5.185715
v -11.355689 21.421011 4.555932
v -10.962894 21.791380 4.249343
v -10.570100 21.421011 4.555932
v -10.570100 16.045588 4.671231
v -11.355689 16.045588 4.671231
v -10.570100 15.539600 5.762785
v -10.570100 11.909361 9.469407
v -11.355689 15.539600 5.762785
v -11.355689 11.909361 9.469407
v -11.355689 10.593796 10.011574
v -6.215649 -0.021088 14.348491
v -6.215649 11.845210 14.348490
v -5.822853 12.215580 14.348490
v -5.430060 11.845210 14.348490
v -5.430060 -0.021088 14.348491
v -5.430060 8.710032 13.964510
v -5.430060 -0.021088 13.964510
v -6.215649 11.833287 11.061184
v -5.822853 12.198031 11.125499
v -5.430060 10.593796 10.011574
v -5.430060 11.833287 11.061184
v -6.215649 -0.021088 13.964510
v -6.215649 8.757505 13.964510
v -6.215649 10.614110 10.015155
v -5.822853 17.975836 5.185715
v -6.215649 13.046254 9.831535
v -6.215649 14.259220 8.601887
v -6.215649 15.472187 7.372238
v -6.215649 16.685156 6.142589
v -6.215649 17.605467 5.185715
v -5.430060 14.259220 8.601887
v -5.430060 13.046254 9.831535
v -5.430060 17.605467 5.185715
v -5.430060 16.685156 6.142589
v -5.430060 15.472187 7.372238
v -5.430060 13.443579 8.354936
v -5.430060 14.756163 6.999788
v -6.215649 13.443579 8.354936
v -6.215649 14.756163 6.999788
v -6.215649 21.421011 5.185715
v -5.822853 21.791380 5.185715
v -5.430060 21.421011 5.185715
v -6.215649 21.421011 4.555932
v -5.822853 21.791380 4.249343
v -5.430060 21.421011 4.555932
v -5.430060 16.045588 4.671231
v -6.215649 16.045588 4.671231
v -5.430060 15.539600 5.762785
v -5.430060 11.909361 9.469407
v -6.215649 15.539600 5.762785
v -6.215649 11.909361 9.469407
v -6.215649 10.593796 10.011574
v -1.795015 -0.021088 17.639771
v -1.795015 8.835058 17.639774
v -1.163781 8.835058 17.639774
v -1.163781 -0.021088 17.639771
v -1.163781 -0.021088 17.329519
v -1.163781 8.835058 17.329523
v -1.163781 20.589069 16.734245
v -1.163781 20.589069 17.044497
v -1.479399 20.981647 17.044497
v -1.479399 20.981647 16.734245
v -1.795015 20.589069 16.734245
v -1.795015 20.589069 17.044497
v -1.795015 9.478815 17.044495
v -1.795015 9.478815 16.734243
v -1.163781 9.478815 17.044495
v -1.163781 9.478815 16.734243
v -1.795015 8.835058 17.329523
v -1.795015 -0.021088 17.329519
v 3.048678 -0.052557 17.609989
v 3.048678 8.803589 17.609989
v 3.679908 8.803589 17.609989
v 3.679908 -0.052557 17.609989
v 3.679908 -0.052557 17.299738
v 3.679908 8.803589 17.299738
v 3.679908 20.557600 16.704462
v 3.679908 20.557600 17.014715
v 3.364293 20.950178 17.014715
v 3.364293 20.950178 16.704462
v 3.048678 20.557600 16.704462
v 3.048678 20.557600 17.014715
v 3.048678 9.447345 17.014711
v 3.048678 9.447345 16.704460
v 3.679908 9.447345 17.014711
v 3.679908 9.447345 16.704460
v 3.048678 8.803589 17.299738
v 3.048678 -0.052557 17.299738
v 7.857169 -0.021088 17.639771
v 7.857169 8.835058 17.639774
v 8.488397 8.835058 17.639774
v 8.488397 -0.021088 17.639771
v 8.488397 -0.021088 17.329519
v 8.488397 8.835058 17.329523
v 8.488397 20.589069 16.734245
v 8.488397 20.589069 17.044497
v 8.172782 20.981647 17.044497
v 8.172782 20.981647 16.734245
v 7.857169 20.589069 16.734245
v 7.857169 20.589069 17.044497
v 7.857169 9.478815 17.044495
v 7.857169 9.478815 16.734243
v 8.488397 9.478815 17.044495
v 8.488397 9.478815 16.734243
v 7.857169 8.835058 17.329523
v 7.857169 -0.021088 17.329519
v 8.483977 17.975836 11.382017
v 14.582561 12.123507 11.382016
v 14.842710 11.833287 11.774811
v 13.511921 13.046255 11.774811
v 12.181134 14.259221 11.774811
v 10.850343 15.472188 11.774811
v 9.519551 16.685156 11.774811
v 8.483977 17.605467 11.774812
v 12.181134 14.259221 10.989223
v 13.511921 13.046255 10.989223
v 14.842710 11.833287 10.989223
v 8.483977 17.605467 10.989223
v 9.519551 16.685156 10.989223
v 10.850343 15.472188 10.989223
v 11.913870 13.443580 10.989223
v 10.447257 14.756164 10.989223
v 11.913870 13.443580 11.774811
v 10.447257 14.756164 11.774811
v 8.483977 21.421011 11.774812
v 8.483977 21.791380 11.382017
v 8.483977 21.421011 10.989223
v 8.134290 21.421011 11.774812
v 7.802485 21.791380 11.382017
v 8.134290 21.421011 10.989223
v 8.276530 16.045588 10.989223
v 8.276530 16.045588 11.774812
v 9.108510 15.539601 10.989223
v 13.120004 11.909362 10.989223
v 14.321220 10.204248 10.989223
v 9.108510 15.539601 11.774811
v 13.120004 11.909362 11.774811
v 14.321220 10.204248 11.774812
v 14.152122 -0.021088 14.348491
v 14.152122 11.845210 14.348490
v 14.544914 12.215580 14.348490
v 14.937708 11.845210 14.348490
v 14.937708 -0.021088 14.348491
v 14.937708 8.710032 13.964510
v 14.937708 -0.021088 13.964510
v 14.152122 11.833287 11.061184
v 14.544914 12.198031 11.125499
v 14.937708 10.593796 10.011574
v 14.937708 11.833287 11.061184
v 14.152122 -0.021088 13.964510
v 14.152122 8.757505 13.964510
v 14.152122 10.614110 10.015155
v 14.544914 17.975836 5.185715
v 14.152122 13.046254 9.831535
v 14.152122 14.259220 8.601887
v 14.152122 15.472187 7.372238
v 14.152122 16.685156 6.142589
v 14.152122 17.605467 5.185715
v 14.937708 14.259220 8.601887
v 14.937708 13.046254 9.831535
v 14.937708 17.605467 5.185715
v 14.937708 16.685156 6.142589
v 14.937708 15.472187 7.372238
v 14.937708 13.443579 8.354936
v 14.937708 14.756163 6.999788
v 14.152122 13.443579 8.354936
v 14.152122 14.756163 6.999788
v 14.152122 21.421011 5.185715
v 14.544914 21.791380 5.185715
v 14.937708 21.421011 5.185715
v 14.152122 21.421011 4.862606
v 14.544914 21.791380 4.556017
v 14.937708 21.421011 4.862606
v 14.937708 16.045588 4.994037
v 14.152122 16.045588 4.994037
v 14.937708 15.539600 5.762785
v 14.937708 11.909361 9.469407
v 14.152122 15.539600 5.762785
v 14.152122 11.909361 9.469407
v 14.152122 10.593796 10.011574
v 16.032084 15.275103 5.185714
v 16.032084 21.421011 5.185715
v 16.424877 21.791380 5.185715
v 16.817665 21.421011 5.185715
v 16.817665 15.275105 5.185716
v 16.032084 21.421011 4.555932
v 16.424877 21.791380 4.249343
v 16.817665 21.421011 4.555932
v 16.817665 15.275105 4.671231
v 16.032084 14.952694 5.594100
v 16.817665 14.952694 5.594100
v 16.817665 13.073524 5.594100
v 16.032084 13.073524 5.594100
v 16.817665 13.073524 4.671231
v 16.817665 13.073524 5.185716
v 16.032078 13.073524 5.185716
v 16.032084 15.275103 4.555928
v 16.032078 13.073524 4.555933
v -1.795206 17.021378 11.382016
v -1.795206 16.812704 11.774811
v -3.337016 15.080241 11.774811
v -4.324489 13.837017 11.774811
v -5.881606 11.833287 11.774811
v -5.667431 12.123507 11.382016
v -3.337016 15.080241 10.989223
v -1.795206 16.812704 10.989223
v -5.881606 11.833287 10.989223
v -4.324489 13.837017 10.989223
v -2.879893 14.277695 10.989223
v -3.932966 12.978809 10.989223
v -2.879893 14.277695 11.774811
v -3.932966 12.978809 11.774811
v -1.795206 21.579641 11.382016
v -1.795206 21.209272 11.774811
v -1.795206 21.209272 10.989223
v -1.234146 21.579641 11.382016
v -1.507314 21.209272 11.774811
v -1.507314 21.209272 10.989223
v -1.624419 15.252826 10.989223
v -1.624422 15.252826 11.774811
v -5.452270 10.204248 10.989223
v -5.452270 10.204248 11.774812
v -28.108412 21.006706 13.792127
v -28.108358 24.743727 13.783167
v -26.311144 26.682299 13.795348
v -24.513933 24.743727 13.807532
v -24.513985 21.006706 13.816493
v -24.511251 21.005629 13.218240
v -24.511200 24.742647 13.209278
v -26.308407 26.681221 13.197096
v -28.105625 24.742647 13.184912
v -28.105677 21.005629 13.193871
v -30.277761 21.006706 7.614121
v -30.268799 24.743727 7.614175
v -30.280985 26.682299 9.411389
v -30.293167 24.743727 11.208601
v -30.302130 21.006706 11.208547
v -29.873350 21.005629 11.211281
v -29.864389 24.742649 11.211335
v -29.852205 26.681221 9.414122
v -29.840021 24.742647 7.616909
v -29.848982 21.005629 7.616855
v -22.225855 21.006706 7.614121
v -22.201487 21.006706 11.208547
v -22.210445 24.743727 11.208601
v -22.222628 26.682299 9.411389
v -22.234814 24.743727 7.614175
v -22.630264 21.005629 11.211281
v -22.639227 24.742649 11.211335
v -22.651411 26.681221 9.414122
v -22.663595 24.742647 7.616909
v -22.654633 21.005629 7.616855
v -30.164612 30.566540 6.345248
v -30.164612 31.301159 5.831255
v -29.643818 31.301159 5.831249
v -30.164612 25.886322 6.345248
v -29.643816 31.301159 6.345248
v -29.123024 30.566540 6.345248
v -29.123024 25.886322 6.345248
v -29.123024 31.301159 5.831268
v -29.123024 30.566540 5.317248
v -29.123024 25.886322 5.317249
v -29.643826 31.301159 5.317248
v -30.164612 30.566540 5.317248
v -30.164612 25.886322 5.317249
v -29.017920 30.566540 13.669667
v -29.538715 31.301159 13.155666
v -29.017920 31.301159 13.155673
v -29.017920 25.886322 13.669667
v -30.059509 25.886322 13.669667
v -30.059509 30.566540 13.669667
v -29.538717 31.301159 13.669667
v -30.059509 25.886322 12.641665
v -30.059509 30.566540 12.641665
v -30.059509 31.301159 13.155686
v -29.017920 25.886322 12.641665
v -29.017920 30.566540 12.641665
v -29.538706 31.301159 12.641665
v -28.762072 26.051327 13.922178
v -30.315357 26.051327 13.922178
v -30.315357 26.051327 12.389154
v -28.762072 26.051327 12.389154
v -28.762072 21.232704 13.922178
v -30.315357 21.232704 13.922178
v -30.315357 21.232704 12.389154
v -28.762072 21.232704 12.389154
v -30.420460 26.051327 6.597761
v -30.420460 26.051327 5.064738
v -28.867176 26.051327 5.064738
v -28.867176 26.051327 6.597761
v -30.420460 21.232704 6.597761
v -28.867176 21.232704 6.597761
v -28.867176 21.232704 5.064738
v -30.420460 21.232704 5.064738
v -23.459019 30.566540 13.669667
v -23.459019 31.301159 13.155673
v -22.938225 31.301159 13.155666
v -23.459019 25.886322 13.669667
v -22.938223 31.301159 13.669667
v -22.417433 30.566540 13.669667
v -22.417433 25.886322 13.669667
v -22.417433 31.301159 13.155686
v -22.417433 30.566540 12.641665
v -22.417433 25.886322 12.641665
v -22.938232 31.301159 12.641665
v -23.459019 30.566540 12.641665
v -23.459019 25.886322 12.641665
v -23.714867 21.232704 13.922178
v -22.161583 21.232704 13.922178
v -22.161583 21.232704 12.389154
v -23.714867 21.232704 12.389154
v -23.714867 26.051327 13.922178
v -23.714867 26.051327 12.389154
v -22.161583 26.051327 12.389154
v -22.161583 26.051327 13.922178
v -1.666735 -0.021088 13.768946
v -1.666736 8.735462 13.877006
v -1.666736 13.510503 4.853054
v -1.666736 13.510504 15.621868
v -1.666735 -0.021088 15.621869
v -1.666735 21.232704 4.937881
v -1.666736 21.232704 15.621868
v 3.159497 27.690172 -0.000001
v -22.020073 -2.271646 14.058907
v -30.460514 -2.271646 14.058907
v 30.570341 -2.271647 3.781313
v 28.374022 -2.271647 6.504903
v 25.575237 -2.271647 7.930625
v 13.603106 -2.271646 16.808565
v 13.603106 -2.271646 14.058907
v 24.045822 -2.244098 8.590616
v 24.045822 -2.244098 16.808565
v 24.433989 -2.244098 17.501638
v 13.309842 -2.271646 17.501638
v 13.309842 -2.271646 16.808569
v 24.433989 -2.244098 16.808569
v -31.022329 -2.271647 5.031032
v -31.022329 -2.271646 14.058908
v -30.841953 -2.271646 11.823438
v -31.222425 -2.271646 11.823438
v -31.222425 -2.271647 7.251810
v -30.841953 -2.271647 7.251810
v -31.222425 -2.271647 7.751626
v -31.222425 -2.271646 11.323620
v -31.024208 -2.271646 11.323620
v -31.024208 -2.271647 7.751626
v 8.556000 -2.271646 15.557365
v 8.556000 -2.271646 16.371971
v 7.936250 -2.271646 15.557366
v 8.556000 -2.271646 16.772659
v 8.556000 -2.271646 17.418968
v 3.364294 -2.271646 17.418968
v -1.827414 -2.271646 15.557361
v -1.207664 -2.271646 15.557365
v -1.827412 -2.271646 16.371965
v -1.827412 -2.271646 16.772657
v -1.827413 -2.271646 17.418966
v 8.395325 -2.271646 13.917887
v 8.395325 -2.271646 15.621869
v -30.750633 -2.271647 5.359557
v -30.392330 -2.271647 5.359557
v -30.392330 -2.271647 6.040124
v -30.750633 -2.271647 6.040124
v -31.112743 -2.271647 6.040124
v -31.112743 -2.271647 5.699841
v -31.112743 -2.271647 5.359557
v -30.750633 -2.271646 13.092548
v -30.392330 -2.271646 13.092548
v -30.392330 -2.271646 13.773112
v -30.750633 -2.271646 13.773112
v -31.112743 -2.271646 13.773112
v -31.112743 -2.271646 13.432833
v -31.112743 -2.271646 13.092548
v -30.073009 -2.271646 14.344248
v -30.073009 -2.271646 13.985945
v -29.392433 -2.271646 13.985945
v -29.392433 -2.271646 14.344248
v -29.392433 -2.271646 14.706360
v -29.732718 -2.271646 14.706360
v -30.073009 -2.271646 14.706360
v -23.089308 -2.271646 14.344248
v -23.089308 -2.271646 13.985945
v -22.408739 -2.271646 13.985945
v -22.408739 -2.271646 14.344248
v -22.408739 -2.271646 14.706360
v -22.749023 -2.271646 14.706360
v -23.089308 -2.271646 14.706360
v -21.055115 -2.271646 14.348491
v -21.840706 -2.271646 14.348491
v -21.055115 -2.271646 13.964510
v -21.840706 -2.271646 13.964510
v -15.915077 -2.271646 14.348491
v -16.700665 -2.271646 14.348491
v -15.915077 -2.271646 13.964510
v -16.700665 -2.271646 13.964510
v -10.570101 -2.271646 14.348491
v -11.355690 -2.271646 14.348491
v -10.570101 -2.271646 13.964510
v -11.355690 -2.271646 13.964510
v -5.430061 -2.271646 14.348491
v -6.215649 -2.271646 14.348491
v -5.430061 -2.271646 13.964510
v -6.215649 -2.271646 13.964510
v -1.163781 -2.271646 17.639774
v -1.795015 -2.271646 17.639774
v -1.163781 -2.271646 17.329521
v -1.795015 -2.271646 17.329521
v 3.679908 -2.303116 17.609989
v 3.048678 -2.303116 17.609989
v 3.679908 -2.303116 17.299738
v 3.048678 -2.303116 17.299738
v 8.488397 -2.271646 17.639774
v 7.857170 -2.271646 17.639774
v 8.488397 -2.271646 17.329521
v 7.857170 -2.271646 17.329521
v 14.937710 -2.271646 14.348491
v 14.152123 -2.271646 14.348491
v 14.937710 -2.271646 13.964510
v 14.152123 -2.271646 13.964510
v -1.666735 -2.271646 15.621869
v -1.666735 -2.271646 13.768947
v 1.130457 24.869154 2.249214
v 5.598135 24.869154 2.249214
v 1.130457 24.869154 -2.221060
v 5.598135 24.869154 -2.221060
v 1.130457 28.178141 2.249214
v 5.598135 28.178141 2.249214
v 1.130457 28.178141 -2.221060
v 5.598135 28.178141 -2.221060
v 0.685778 28.178141 2.693893
v 6.042814 28.178141 2.693893
v 6.042814 28.178141 -2.665739
v 0.685778 28.178141 -2.665739
v 6.042814 28.589764 2.693893
v 0.685778 28.589764 2.693893
v 0.685778 28.589764 -2.665739
v 6.042814 28.589764 -2.665739
v 5.152518 28.543709 0.014078
v 4.628760 28.543709 -1.250386
v 3.364297 28.543709 -1.774143
v 2.099833 28.543709 -1.250386
v 1.576075 28.543709 0.014078
v 2.099833 28.543709 1.278542
v 3.364297 28.543709 1.802299
v 4.628760 28.543709 1.278542
v 3.364297 30.197033 1.802299
v 2.099833 30.197033 1.278542
v 1.576075 30.197033 0.014078
v 2.099833 30.197033 -1.250386
v 3.364297 30.197033 -1.774144
v 4.628760 30.197033 -1.250386
v 5.152518 30.197033 0.014078
v 4.628760 30.197033 1.278542
v 4.810309 30.484362 -1.431952
v 5.409279 30.484362 0.014089
v 4.810318 30.484362 1.460099
v 3.364297 30.484362 2.059060
v 1.918276 30.484362 1.460099
v 1.319314 30.484362 0.014078
v 1.918276 30.484362 -1.431943
v 3.364297 30.484362 -2.030905
v 5.409279 30.197033 0.014089
v 4.810309 30.197033 -1.431952
v 3.364297 30.197033 -2.030905
v 1.918276 30.197033 -1.431943
v 1.319314 30.197033 0.014066
v 1.918285 30.197033 1.460107
v 3.364297 30.197033 2.059060
v 4.810318 30.197033 1.460099
v 4.447586 30.847645 -1.069224
v 4.896308 30.847645 0.014087
v 4.447592 30.847645 1.097374
v 3.364296 30.847645 1.546089
v 2.281001 30.847645 1.097374
v 1.832286 30.847645 0.014078
v 2.281001 30.847645 -1.069218
v 3.364296 30.847645 -1.517933
v 4.447586 33.449631 -1.069224
v 4.896308 33.449631 0.014087
v 4.447592 33.449631 1.097373
v 3.364296 33.449631 1.546089
v 2.281001 33.449631 1.097373
v 1.832286 33.449631 0.014078
v 2.281001 33.449631 -1.069218
v 3.364296 33.449631 -1.517933
v 4.209213 33.677349 -0.830848
v 4.559196 33.677349 0.014085
v 4.209218 33.677349 0.858999
v 3.364296 33.677349 1.208977
v 2.519375 33.677349 0.858999
v 2.169397 33.677349 0.014078
v 2.519375 33.677349 -0.830843
v 3.364296 33.677349 -1.180821
v 4.209213 36.324242 -0.830848
v 4.559196 36.324242 0.014085
v 4.209218 36.324242 0.858999
v 3.364296 36.324242 1.208977
v 2.519375 36.324242 0.858999
v 2.169397 36.324242 0.014078
v 2.519375 36.324242 -0.830844
v 3.364296 36.324242 -1.180821
v 3.364296 41.545837 0.014079
v -31.043135 -0.021088 -3.232662
v -31.043135 -0.021088 3.260816
v -30.013161 8.123200 -3.232663
v -30.013165 8.123200 3.260816
v -31.423607 -0.021088 -3.232662
v -31.423607 -0.021088 3.260816
v -31.423609 8.123199 3.260816
v -30.013161 13.096619 0.014076
v -31.423607 -0.021088 -2.522730
v -31.423607 -0.021088 2.550884
v -31.423609 4.581191 2.550884
v -31.423609 7.970731 0.014077
v -31.423609 4.581191 -2.522731
v -31.423609 8.123199 -3.232663
v -31.423609 7.128316 -1.357487
v -31.423609 6.175132 -2.145237
v -31.423609 13.096619 0.014076
v -31.423609 6.175132 2.173390
v -31.423609 7.128317 1.385640
v -31.225389 -0.021088 -2.522730
v -31.225389 -0.021088 2.550884
v -31.225389 4.581191 2.550884
v -31.225389 6.175132 2.173390
v -31.225389 7.128317 1.385640
v -31.225389 7.970731 0.014077
v -31.225389 7.128316 -1.357487
v -31.225389 6.175132 -2.145237
v -31.225389 4.581191 -2.522731
v -31.043137 -0.021090 -3.232663
v -31.043137 -0.021090 3.260816
v -31.423609 -0.021090 -3.232663
v -31.423609 -0.021090 3.260816
v -31.423609 -0.021090 -2.522731
v -31.423609 -0.021090 2.550884
v -31.225393 -0.021090 -2.522731
v -31.225393 -0.021090 2.550884
v -31.043137 -2.271310 -3.232662
v -31.043137 -2.271310 3.260816
v -31.423609 -2.271310 -3.232662
v -31.423609 -2.271310 3.260816
v -31.423609 -2.271310 -2.522730
v -31.423609 -2.271310 2.550884
v -31.225393 -2.271310 -2.522730
v -31.225393 -2.271310 2.550884
vn -0.0000 -0.0000 -1.0000
vn 1.0000 -0.0000 -0.0000
vn 0.8890 -0.0000 -0.4579
vn -1.0000 -0.0000 -0.0000
vn -0.0000 0.5987 -0.8010
vn 0.5919 -0.0000 -0.8060
vn 0.5070 0.5160 -0.6904
vn 0.6301 -0.0000 -0.7765
vn 0.4271 -0.0000 -0.9042
vn 0.4254 -0.0000 -0.9050
vn -0.0000 0.8872 -0.4614
vn 0.6757 0.6474 -0.3525
vn 0.6760 0.6474 -0.3519
vn 0.4818 0.6316 -0.6075
vn 0.4728 0.6316 -0.6144
vn 0.2998 0.5105 -0.8059
vn 0.3778 0.6235 -0.6844
vn 0.3479 0.5962 -0.7235
vn 0.7707 0.6372 -0.0000
vn -0.6885 0.7252 -0.0000
vn 0.6885 0.7252 -0.0000
vn -0.0029 0.6181 -0.7861
vn 0.0042 0.8872 -0.4614
vn 0.0253 0.6412 -0.7670
vn -0.0411 0.5762 0.8162
vn 0.4684 0.8835 -0.0000
vn 0.3962 -0.0000 -0.9182
vn 0.3368 0.2591 -0.9052
vn -0.0000 1.0000 -0.0000
vn -0.0000 -0.0379 0.9993
vn -1.0000 0.0027 -0.0000
vn -0.0064 0.0655 -0.9978
vn 0.9998 -0.0107 0.0146
vn -0.0000 -0.0000 1.0000
vn 0.6624 0.2739 0.6973
vn -0.6576 0.2972 0.6923
vn -0.6440 0.3543 -0.6780
vn 0.6388 0.3738 -0.6725
vn 0.6887 -0.0000 0.7250
vn -0.6887 -0.0000 0.7250
vn -0.6887 -0.0000 -0.7250
vn 0.6887 -0.0000 -0.7250
vn -0.0000 0.5287 0.8488
vn -0.5013 0.7021 0.5057
vn -0.8624 0.5062 -0.0000
vn -0.5013 0.7021 -0.5057
vn -0.5014 0.7021 -0.5057
vn -0.0000 0.5287 -0.8488
vn 0.5013 0.7021 -0.5057
vn 0.5014 0.7021 -0.5057
vn 0.8624 0.5062 -0.0000
vn 0.5013 0.7021 0.5057
vn 0.5014 0.7021 0.5057
vn -0.7175 -0.0000 0.6966
vn -0.7175 -0.0000 -0.6966
vn 0.7175 -0.0000 -0.6966
vn 0.7175 -0.0000 0.6966
vn 0.7174 -0.0000 0.6966
vn 0.8870 0.4618 -0.0000
vn -0.6327 0.5032 -0.5886
vn -0.0000 0.5003 0.8658
vn -0.6327 0.5032 0.5886
vn -0.0000 0.5003 -0.8658
vn 0.6327 0.5032 0.5886
vn -0.8870 0.4618 -0.0000
vn 0.6327 0.5032 -0.5886
vn 0.9239 -0.0000 0.3827
vn 0.3827 -0.0000 0.9239
vn -0.3827 -0.0000 0.9239
vn -0.9239 -0.0000 0.3827
vn -0.9239 -0.0000 -0.3827
vn -0.3827 -0.0000 -0.9239
vn 0.3827 -0.0000 -0.9239
vn 0.9239 -0.0000 -0.3827
vn 0.5997 0.7607 0.2484
vn 0.5997 0.7606 0.2484
vn 0.2484 0.7606 0.5997
vn -0.2484 0.7606 0.5998
vn -0.2484 0.7606 0.5997
vn -0.5998 0.7606 0.2484
vn -0.5997 0.7607 -0.2484
vn -0.5998 0.7606 -0.2484
vn -0.2484 0.7607 -0.5997
vn -0.2484 0.7606 -0.5997
vn 0.2484 0.7607 -0.5997
vn 0.2484 0.7606 -0.5997
vn 0.5998 0.7606 -0.2484
vn 0.5997 0.7607 -0.2484
vn 0.9175 0.1174 0.3800
vn 0.3800 0.1174 0.9175
vn -0.3801 0.1174 0.9175
vn -0.3800 0.1174 0.9175
vn -0.9175 0.1174 0.3801
vn -0.9175 0.1174 0.3800
vn -0.9175 0.1174 -0.3801
vn -0.9175 0.1174 -0.3800
vn -0.3801 0.1174 -0.9175
vn -0.3800 0.1174 -0.9175
vn 0.3800 0.1174 -0.9175
vn 0.9175 0.1174 -0.3800
vn -0.0001 1.0000 -0.0000
vn 0.0001 1.0000 -0.0000
vn 0.8644 0.5027 -0.0000
vn -0.7174 -0.0000 0.6966
vn -0.7174 -0.0000 -0.6966
vn 0.7174 -0.0000 -0.6966
vn 0.8870 -0.4618 -0.0000
vn -0.8870 -0.4618 -0.0000
vn 0.6966 -0.0000 0.7175
vn 0.6966 -0.0000 0.7174
vn 0.6018 -0.5037 0.6198
vn -0.6018 -0.5037 -0.6198
vn -0.6966 -0.0000 -0.7174
vn -0.6966 -0.0000 -0.7175
vn -0.0000 -0.5003 0.8658
vn -0.0000 -0.5003 -0.8658
vn -0.6966 -0.0000 0.7175
vn -0.6966 -0.0000 0.7174
vn -0.6018 -0.5037 0.6198
vn 0.6018 -0.5037 -0.6198
vn 0.6966 -0.0000 -0.7174
vn 0.6966 -0.0000 -0.7175
vn -0.0000 -1.0000 -0.0000
vn -0.9930 -0.1181 -0.0000
vn -0.0064 0.0472 -0.9989
vn 0.9967 -0.0791 0.0160
vn 0.9967 -0.0792 0.0160
vn -0.6223 0.4284 -0.6551
vn 0.6020 0.4856 -0.6338
vn -0.0000 0.2231 0.9748
vn -0.6631 0.3459 0.6638
vn -0.9895 0.1445 -0.0000
vn -0.6621 0.3429 -0.6664
vn -0.0000 0.1531 -0.9882
vn 0.6621 0.3429 -0.6664
vn 0.9895 0.1445 -0.0000
vn 0.6681 0.3608 0.6508
vn 0.9119 0.4104 -0.0000
vn -0.6540 0.4496 -0.6084
vn -0.0000 0.4468 0.8946
vn -0.6540 0.4496 0.6084
vn 0.9119 0.4103 -0.0000
vn -0.0000 0.4468 -0.8946
vn 0.6540 0.4496 0.6084
vn -0.9119 0.4104 -0.0000
vn 0.6540 0.4496 -0.6084
vn 0.6366 0.7247 0.2637
vn 0.2637 0.7247 0.6366
vn -0.2637 0.7247 0.6366
vn -0.6366 0.7247 0.2637
vn -0.6366 0.7247 -0.2637
vn -0.2637 0.7247 -0.6366
vn 0.2637 0.7247 -0.6366
vn 0.6366 0.7247 -0.2637
vn 0.9171 0.1206 0.3799
vn 0.3799 0.1206 0.9171
vn -0.3799 0.1206 0.9171
vn -0.9171 0.1206 0.3799
vn -0.9171 0.1206 -0.3799
vn -0.3799 0.1206 -0.9171
vn 0.3799 0.1206 -0.9171
vn 0.9171 0.1206 -0.3799
vn -0.0100 -0.0000 -1.0000
vn 0.9996 -0.0000 0.0275
vn 0.6444 -0.0000 0.7647
vn -0.6272 -0.0000 0.7788
vn 0.6718 0.7407 -0.0000
vn -0.6951 0.7189 -0.0000
vn -0.8374 0.5466 -0.0000
vn -0.0000 0.4574 -0.8893
vn -0.0000 0.4574 0.8893
vn -0.0000 -0.2051 0.9787
vn -0.0000 -0.5903 0.8072
vn -0.0000 -0.8215 0.5702
vn -0.0000 -0.8215 -0.5702
vn -0.0000 -0.5903 -0.8072
vn -0.0000 -0.2051 -0.9787
vn -0.0000 0.6112 -0.7915
vn 0.0038 1.0000 -0.0000
vn 1.0000 0.0013 -0.0000
vn 1.0000 -0.0086 -0.0000
vn -0.0000 0.7078 -0.7065
vn -0.0038 1.0000 -0.0000
vn -1.0000 0.0013 -0.0000
vn -1.0000 -0.0086 -0.0000
vn 0.8010 0.5987 -0.0000
vn -0.0000 0.4641 -0.8858
vn -0.0000 0.4641 0.8858
vn 0.8858 0.4641 -0.0000
vn -0.8858 0.4641 -0.0000
vn -0.6831 0.7303 0.0033
vn 0.6831 0.7303 0.0033
vn -0.5781 0.5835 -0.5704
vn 0.5781 0.5835 -0.5704
vn -0.0000 -0.7857 0.6186
vn -0.0000 -0.6555 0.7552
vn -0.6860 0.7276 -0.0000
vn 0.6860 0.7276 -0.0000
vn -0.0000 -0.9073 0.4206
vn -0.0000 -0.8779 0.4788
vn -0.0000 -0.4878 0.8730
vn -0.0000 -0.3810 0.9246
vn -0.0000 0.3646 -0.9312
vn -0.0000 0.3645 -0.9312
vn -0.0001 0.3646 -0.9312
vn 0.7794 0.6266 -0.0000
vn -0.0000 1.0000 0.0001
vn -0.7794 0.6266 -0.0000
vn 0.6398 0.6857 -0.3471
vn 0.6398 0.6857 0.3471
vn -0.5889 -0.8082 -0.0000
vn -0.7293 -0.6842 -0.0000
vn -0.0000 0.7276 -0.6860
vn -0.0000 0.7276 0.6860
vn -0.5196 -0.8544 -0.0000
vn -0.5124 -0.8588 -0.0000
vn -0.8175 -0.5759 -0.0000
vn -0.8021 -0.5972 -0.0000
vn -0.0000 -0.8353 0.5498
vn -0.0000 -0.8401 0.5424
vn -0.0000 0.7849 -0.6196
vn -0.7774 0.6264 -0.0575
vn -0.7774 0.6264 0.0575
vn 0.6997 -0.7145 -0.0000
vn 0.8303 -0.5573 -0.0000
vn 0.6134 -0.7898 -0.0000
vn 0.8771 -0.4803 -0.0000
vn -0.0068 0.0016 -1.0000
vn -0.0068 0.0019 -1.0000
vn -0.0068 0.0021 -1.0000
vn 1.0000 -0.0000 -0.0046
vn -0.0010 1.0000 0.0018
vn 0.7333 0.6799 -0.0021
vn 0.0011 1.0000 0.0018
vn 0.0010 1.0000 0.0018
vn -1.0000 -0.0000 0.0046
vn -0.7333 0.6799 0.0046
vn -1.0000 0.0019 0.0068
vn -1.0000 0.0016 0.0068
vn -0.0064 -0.0000 -1.0000
vn 0.0025 1.0000 0.0002
vn -0.0030 0.6799 -0.7333
vn 0.0025 1.0000 -0.0002
vn 0.0064 -0.0000 1.0000
vn 0.0064 0.6799 0.7333
vn 1.0000 0.0020 0.0068
vn 1.0000 0.0024 0.0068
vn 1.0000 0.0016 0.0068
vn 1.0000 0.0021 0.0068
vn 1.0000 0.0019 0.0068
vn 0.0064 -0.0000 -1.0000
vn -0.0025 1.0000 -0.0002
vn 0.0030 0.6799 -0.7333
vn -0.0025 1.0000 0.0002
vn -0.0064 -0.0000 1.0000
vn -0.0064 0.6799 0.7333
vn -0.4963 0.7057 -0.5057
vn -0.4963 0.7057 0.5057
vn 0.4963 0.7057 -0.5057
vn 0.4963 0.7057 0.5057
vn -0.8010 0.5987 -0.0000
vn 0.9631 -0.0000 -0.2692
vn 0.4539 -0.0000 -0.8910
vn 0.7784 -0.0000 -0.6277
vn -0.9748 -0.2229 -0.0000
vn 0.8890 -0.0000 0.4579
vn -0.0000 0.5987 0.8010
vn 0.5919 -0.0000 0.8060
vn 0.5070 0.5160 0.6904
vn 0.6301 -0.0000 0.7765
vn 0.4271 -0.0000 0.9042
vn 0.4254 -0.0000 0.9050
vn -0.0000 0.8872 0.4614
vn 0.4818 0.6316 0.6075
vn 0.6757 0.6474 0.3525
vn 0.4728 0.6316 0.6144
vn 0.6760 0.6474 0.3519
vn 0.2998 0.5105 0.8059
vn 0.3479 0.5962 0.7235
vn 0.3778 0.6235 0.6844
vn -0.0029 0.6181 0.7861
vn 0.0042 0.8872 0.4614
vn 0.0253 0.6412 0.7670
vn -0.0411 0.5762 -0.8162
vn 0.3962 -0.0000 0.9182
vn 0.3368 0.2591 0.9052
vn -0.0000 -0.0379 -0.9993
vn -0.0064 0.0655 0.9978
vn 0.9998 -0.0107 -0.0146
vn 0.6624 0.2739 -0.6973
vn -0.6576 0.2972 -0.6923
vn -0.6440 0.3543 0.6780
vn 0.6388 0.3738 0.6725
vn -0.2484 0.7606 -0.5998
vn -0.5997 0.7607 0.2484
vn -0.2484 0.7607 0.5997
vn 0.2484 0.7607 0.5997
vn 0.5998 0.7606 0.2484
vn -0.0064 0.0472 0.9989
vn 0.9967 -0.0791 -0.0160
vn 0.9967 -0.0792 -0.0160
vn -0.6223 0.4284 0.6551
vn 0.6020 0.4856 0.6338
vn -0.0000 0.2231 -0.9748
vn -0.6631 0.3459 -0.6638
vn -0.6621 0.3429 0.6664
vn -0.0000 0.1531 0.9882
vn 0.6621 0.3429 0.6664
vn 0.6681 0.3608 -0.6508
vn -0.0100 -0.0000 1.0000
vn 0.9996 -0.0000 -0.0275
vn 0.6444 -0.0000 -0.7647
vn -0.6272 -0.0000 -0.7788
vn -0.0000 0.6112 0.7915
vn -0.0000 0.7078 0.7065
vn -0.0000 0.7077 0.7065
vn -0.6831 0.7303 -0.0033
vn 0.6831 0.7303 -0.0033
vn -0.5781 0.5835 0.5704
vn 0.5781 0.5835 0.5704
vn -0.0000 -0.6555 -0.7552
vn -0.0000 -0.7857 -0.6186
vn -0.0000 -0.8779 -0.4788
vn -0.0000 -0.9073 -0.4206
vn -0.0000 -0.4878 -0.8730
vn -0.0000 -0.3810 -0.9246
vn -0.0000 0.3645 0.9312
vn -0.0000 0.3646 0.9312
vn -0.0000 -0.8401 -0.5424
vn -0.0000 -0.8353 -0.5498
vn -0.0000 0.7849 0.6196
vn -0.0068 0.0019 1.0000
vn -0.0068 0.0021 1.0000
vn 1.0000 -0.0000 0.0046
vn 0.0010 1.0000 -0.0018
vn 0.7333 0.6799 0.0021
vn -0.0010 1.0000 -0.0018
vn -1.0000 -0.0000 -0.0046
vn -0.7333 0.6799 -0.0046
vn -1.0000 0.0020 -0.0068
vn -1.0000 0.0024 -0.0068
vn -1.0000 0.0016 -0.0068
vn -1.0000 0.0021 -0.0068
vn -1.0000 0.0019 -0.0068
vn -0.0030 0.6799 0.7333
vn 0.0064 0.6799 -0.7333
vn 1.0000 0.0019 -0.0068
vn 1.0000 0.0024 -0.0068
vn 1.0000 0.0016 -0.0068
vn 0.0030 0.6799 0.7333
vn -0.0064 0.6799 -0.7333
vn 0.9631 -0.0000 0.2692
vn 0.4539 -0.0000 0.8910
vn 0.7784 -0.0000 0.6277
vn -0.7071 -0.0000 0.7071
vn -0.7071 -0.0000 -0.7071
vn 0.7071 -0.0000 0.7071
vn 0.4087 0.8161 -0.4087
vn 0.5779 0.8161 -0.0000
vn 0.4087 0.8161 0.4087
vn -0.0000 0.8161 0.5779
vn -0.4087 0.8161 0.4087
vn -0.5779 0.8161 -0.0000
vn -0.4087 0.8161 -0.4087
vn -0.0000 0.8161 -0.5779
vn 0.3958 0.8287 -0.3958
vn 0.5598 0.8287 -0.0000
vn 0.3958 0.8287 0.3958
vn -0.0000 0.8287 0.5598
vn -0.3958 0.8287 0.3958
vn -0.5598 0.8287 -0.0000
vn -0.3958 0.8287 -0.3958
vn -0.0000 0.8287 -0.5598
vn 0.9748 0.2231 -0.0000
vn 0.6893 0.2231 -0.6893
vn 0.6893 0.2231 0.6893
vn -0.6893 0.2231 0.6893
vn -0.9748 0.2231 -0.0000
vn -0.6893 0.2231 -0.6893
vn -0.0000 0.5466 0.8374
vn -0.0000 0.5466 -0.8374
vn -0.0000 -0.2305 -0.9731
vn -0.0000 -0.2304 -0.9731
vn -0.0000 -0.6370 -0.7708
vn -0.0000 -0.8521 -0.5234
vn -0.0000 -0.8521 0.5234
vn -0.0000 -0.6370 0.7708
vn -0.0000 -0.2305 0.9731
vt 0.488661 0.095370
vt 0.419365 0.079869
vt 0.488661 0.000500
vt 0.419365 0.095370
vt 0.419365 0.000500
vt 0.000500 0.377257
vt 0.046927 0.256980
vt 0.046927 0.377257
vt 0.000500 0.256980
vt 0.722512 0.114126
vt 0.722512 0.005630
vt 0.773264 0.114126
vt 0.773264 0.005630
vt 0.419365 0.251877
vt 0.419365 0.191411
vt 0.488661 0.251877
vt 0.488661 0.191411
vt 0.046089 0.191411
vt 0.030018 0.122047
vt 0.046089 0.122047
vt 0.013947 0.191411
vt 0.013947 0.122047
vt 0.046088 0.251877
vt 0.086494 0.121838
vt 0.126899 0.191411
vt 0.126899 0.122047
vt 0.773264 0.123752
vt 0.722512 0.243333
vt 0.722512 0.123752
vt 0.773264 0.318618
vt 0.005630 0.079869
vt 0.005630 0.000500
vt 0.028608 0.079869
vt 0.028608 0.000500
vt 0.126899 0.251877
vt 0.419365 0.122047
vt 0.126899 0.079869
vt 0.631441 0.114126
vt 0.631441 0.005630
vt 0.026974 0.441175
vt 0.080367 0.377257
vt 0.044623 0.441175
vt 0.372927 0.362384
vt 0.436298 0.362384
vt 0.403738 0.407406
vt 0.046088 0.079869
vt 0.080367 0.256980
vt 0.000500 0.441175
vt 0.826365 0.934135
vt 0.826366 0.831495
vt 0.855175 0.934135
vt 0.855175 0.831495
vt 0.826366 0.988410
vt 0.865592 0.988410
vt 0.436298 0.407412
vt 0.403755 0.407412
vt 0.723773 0.651959
vt 0.774686 0.704843
vt 0.723773 0.705472
vt 0.662218 0.761155
vt 0.713022 0.708385
vt 0.713022 0.761783
vt 0.949765 0.988410
vt 0.366013 0.362384
vt 0.333924 0.407412
vt 0.364865 0.359320
vt 0.436298 0.277498
vt 0.436298 0.359320
vt 0.364865 0.277498
vt 0.041164 0.077013
vt 0.041164 0.000748
vt 0.126899 0.000500
vt 0.631441 0.243333
vt 0.631441 0.123752
vt 0.539438 0.360801
vt 0.451905 0.360801
vt 0.454452 0.276862
vt 0.536891 0.246795
vt 0.534344 0.231332
vt 0.692996 0.764810
vt 0.718142 0.766582
vt 0.694710 0.766582
vt 0.720377 0.764810
vt 0.692996 0.793713
vt 0.694710 0.791711
vt 0.718731 0.791943
vt 0.720377 0.793713
vt 0.988007 0.380090
vt 0.919651 0.427848
vt 0.898180 0.380090
vt 0.968212 0.427848
vt 0.987240 0.005630
vt 0.911017 0.054870
vt 0.887921 0.005630
vt 0.968284 0.054870
vt 0.877289 0.005630
vt 0.807352 0.053323
vt 0.785329 0.005630
vt 0.855847 0.053323
vt 0.079127 0.616052
vt 0.155327 0.665277
vt 0.098077 0.665277
vt 0.179335 0.616052
vt 0.919651 0.541536
vt 0.968212 0.541536
vt 0.911017 0.172085
vt 0.968284 0.172085
vt 0.807352 0.166858
vt 0.855847 0.166858
vt 0.098077 0.782458
vt 0.155327 0.782458
vt 0.989567 0.427848
vt 0.898296 0.427848
vt 0.877174 0.053323
vt 0.786025 0.053323
vt 0.989567 0.541536
vt 0.898296 0.541536
vt 0.877174 0.166858
vt 0.786025 0.166858
vt 0.929210 0.556348
vt 0.958652 0.556348
vt 0.980346 0.187356
vt 0.988924 0.172085
vt 0.956275 0.187356
vt 0.923026 0.187356
vt 0.898956 0.187356
vt 0.890377 0.172085
vt 0.846301 0.181649
vt 0.816898 0.181649
vt 0.167385 0.797724
vt 0.143322 0.797724
vt 0.175961 0.782458
vt 0.110082 0.797724
vt 0.077444 0.782458
vt 0.086019 0.797724
vt 0.511683 0.754937
vt 0.498071 0.754937
vt 0.511683 0.580145
vt 0.504877 0.769239
vt 0.498071 0.580145
vt 0.438977 0.668999
vt 0.426257 0.492941
vt 0.438977 0.492941
vt 0.426257 0.668999
vt 0.432617 0.685854
vt 0.474128 0.686625
vt 0.457034 0.513460
vt 0.474128 0.513460
vt 0.457034 0.686625
vt 0.465581 0.703023
vt 0.426257 0.492942
vt 0.438977 0.492942
vt 0.432617 0.685854
vt 0.498071 0.580145
vt 0.511683 0.580145
vt 0.498071 0.754937
vt 0.504877 0.769239
vt 0.426257 0.668999
vt 0.426257 0.492942
vt 0.494646 0.753310
vt 0.477553 0.753310
vt 0.494646 0.580145
vt 0.486099 0.769708
vt 0.477553 0.580145
vt 0.441645 0.668999
vt 0.454365 0.492941
vt 0.454365 0.668999
vt 0.441645 0.492941
vt 0.448005 0.685854
vt 0.831495 0.667348
vt 0.851357 0.687451
vt 0.831821 0.687451
vt 0.791001 0.682534
vt 0.764810 0.682534
vt 0.791414 0.657089
vt 0.323665 0.405738
vt 0.351950 0.428955
vt 0.323665 0.428955
vt 0.718644 0.831495
vt 0.746759 0.855211
vt 0.718805 0.855211
vt 0.805286 0.789788
vt 0.785329 0.789788
vt 0.805215 0.769940
vt 0.492941 0.431386
vt 0.524376 0.456024
vt 0.502238 0.456024
vt 0.746929 0.829063
vt 0.718644 0.829063
vt 0.746929 0.805847
vt 0.766430 0.635560
vt 0.744292 0.635560
vt 0.775726 0.610922
vt 0.746929 0.803416
vt 0.718644 0.803416
vt 0.746929 0.780199
vt 0.752059 0.772638
vt 0.723773 0.772638
vt 0.723773 0.749421
vt 0.851357 0.687451
vt 0.619463 0.443903
vt 0.590404 0.443903
vt 0.619463 0.421127
vt 0.718805 0.855211
vt 0.805286 0.789788
vt 0.971740 0.851360
vt 0.959735 0.831495
vt 0.971740 0.831495
vt 0.959735 0.851360
vt 0.887921 0.789706
vt 0.900025 0.769940
vt 0.900025 0.789706
vt 0.887921 0.769940
vt 0.903309 0.789705
vt 0.915414 0.769940
vt 0.915414 0.789705
vt 0.903309 0.769940
vt 0.826365 0.789805
vt 0.838370 0.769940
vt 0.838370 0.789805
vt 0.826365 0.769940
vt 0.810977 0.789805
vt 0.822982 0.769940
vt 0.822982 0.789805
vt 0.810977 0.769940
vt 0.872532 0.789706
vt 0.884636 0.769940
vt 0.884636 0.789706
vt 0.872532 0.769940
vt 0.857143 0.789706
vt 0.869247 0.769940
vt 0.869247 0.789706
vt 0.857143 0.769940
vt 0.841754 0.789805
vt 0.853759 0.769940
vt 0.853759 0.789805
vt 0.841754 0.769940
vt 0.563980 0.057934
vt 0.539108 0.053170
vt 0.563980 0.053170
vt 0.542962 0.057934
vt 0.430876 0.745543
vt 0.452120 0.750294
vt 0.430876 0.750294
vt 0.456015 0.745543
vt 0.405738 0.745543
vt 0.409633 0.750294
vt 0.584998 0.057934
vt 0.563980 0.057934
vt 0.588852 0.053170
vt 0.563980 0.053170
vt 0.539108 0.053170
vt 0.456015 0.745542
vt 0.452120 0.750294
vt 0.430876 0.745542
vt 0.405738 0.745542
vt 0.588852 0.053170
vt 0.562398 0.296063
vt 0.563980 0.296063
vt 0.432476 0.987805
vt 0.430876 0.987805
vt 0.429277 0.987805
vt 0.565562 0.296063
vt 0.563980 0.296063
vt 0.562398 0.296063
vt 0.432476 0.987805
vt 0.430876 0.987805
vt 0.429277 0.987805
vt 0.565562 0.296063
vt 0.580308 0.385381
vt 0.580702 0.385220
vt 0.581096 0.385381
vt 0.581096 0.386159
vt 0.581259 0.385770
vt 0.580308 0.386159
vt 0.580702 0.386320
vt 0.580145 0.385770
vt 0.000500 0.637922
vt 0.000500 0.546291
vt 0.026974 0.546291
vt 0.949623 0.563321
vt 0.938240 0.563321
vt 0.929210 0.709584
vt 0.938240 0.709491
vt 0.943931 0.721452
vt 0.943931 0.740521
vt 0.958652 0.709584
vt 0.949623 0.709491
vt 0.962867 0.194546
vt 0.973754 0.194546
vt 0.956275 0.345348
vt 0.962867 0.345240
vt 0.968310 0.359667
vt 0.968310 0.377244
vt 0.980345 0.345348
vt 0.973754 0.345240
vt 0.947088 0.194546
vt 0.932213 0.194546
vt 0.923026 0.345348
vt 0.932213 0.345241
vt 0.939651 0.359511
vt 0.939651 0.377244
vt 0.947088 0.345241
vt 0.905547 0.194546
vt 0.916434 0.194546
vt 0.898956 0.345348
vt 0.905547 0.345240
vt 0.910990 0.359667
vt 0.910990 0.377244
vt 0.916434 0.345240
vt 0.825916 0.188613
vt 0.837283 0.188613
vt 0.816898 0.334679
vt 0.825916 0.334585
vt 0.831599 0.346530
vt 0.831599 0.365573
vt 0.846300 0.334679
vt 0.837283 0.334585
vt 0.149911 0.804911
vt 0.160796 0.804911
vt 0.143322 0.955669
vt 0.149911 0.955560
vt 0.155354 0.969983
vt 0.155354 0.987555
vt 0.167385 0.955669
vt 0.160796 0.955560
vt 0.119267 0.804911
vt 0.134137 0.804911
vt 0.110082 0.955669
vt 0.119267 0.955561
vt 0.126702 0.969827
vt 0.126702 0.987555
vt 0.134137 0.955561
vt 0.092609 0.804911
vt 0.103493 0.804911
vt 0.086019 0.955669
vt 0.092609 0.955560
vt 0.098051 0.969983
vt 0.098051 0.987555
vt 0.103493 0.955560
vt 0.631441 0.894004
vt 0.634399 0.893050
vt 0.634399 0.894004
vt 0.631441 0.893050
vt 0.549367 0.767981
vt 0.553826 0.590404
vt 0.553826 0.767981
vt 0.549367 0.590404
vt 0.646829 0.874404
vt 0.646829 0.862273
vt 0.650552 0.874404
vt 0.650552 0.862273
vt 0.482682 0.453777
vt 0.482682 0.441645
vt 0.486405 0.453777
vt 0.486405 0.441645
vt 0.562428 0.768224
vt 0.562428 0.590647
vt 0.566887 0.768224
vt 0.566887 0.590647
vt 0.886197 0.724440
vt 0.882791 0.726527
vt 0.885501 0.723773
vt 0.883487 0.727194
vt 0.538878 0.765441
vt 0.538878 0.586682
vt 0.542142 0.765441
vt 0.542142 0.586682
vt 0.534283 0.045915
vt 0.531640 0.031278
vt 0.537074 0.045915
vt 0.528849 0.031278
vt 0.318840 0.430635
vt 0.316197 0.415997
vt 0.321631 0.430635
vt 0.313406 0.415997
vt 0.518601 0.764220
vt 0.518601 0.585461
vt 0.521864 0.764220
vt 0.521864 0.585461
vt 0.544237 0.137647
vt 0.544237 0.133870
vt 0.545211 0.137647
vt 0.545211 0.133870
vt 0.587324 0.768153
vt 0.591841 0.590647
vt 0.591841 0.768153
vt 0.587324 0.590647
vt 0.995642 0.963831
vt 0.999500 0.949476
vt 0.999500 0.963831
vt 0.995642 0.949476
vt 0.995642 0.938183
vt 0.995642 0.923828
vt 0.999500 0.938183
vt 0.999500 0.923828
vt 0.593380 0.767910
vt 0.593380 0.590404
vt 0.597897 0.767910
vt 0.597897 0.590404
vt 0.875938 0.726528
vt 0.872532 0.724440
vt 0.873228 0.723773
vt 0.875242 0.727195
vt 0.528697 0.765441
vt 0.528697 0.586682
vt 0.531961 0.765441
vt 0.531961 0.586682
vt 0.039503 0.887921
vt 0.034069 0.902559
vt 0.036712 0.887921
vt 0.031278 0.902559
vt 0.031278 0.902559
vt 0.585274 0.240814
vt 0.585274 0.062055
vt 0.588538 0.240814
vt 0.588538 0.062055
vt 0.482682 0.457034
vt 0.485641 0.457034
vt 0.482682 0.457988
vt 0.485641 0.457988
vt 0.568715 0.768224
vt 0.573174 0.590647
vt 0.573174 0.768224
vt 0.568715 0.590647
vt 0.744292 0.587146
vt 0.744292 0.575015
vt 0.748014 0.587146
vt 0.748014 0.575015
vt 0.744292 0.561498
vt 0.744292 0.549367
vt 0.748014 0.561498
vt 0.748014 0.549367
vt 0.555886 0.768224
vt 0.555886 0.590647
vt 0.560345 0.768224
vt 0.560345 0.590647
vt 0.870808 0.724440
vt 0.868098 0.727195
vt 0.870112 0.723773
vt 0.867402 0.726528
vt 0.543246 0.766671
vt 0.543246 0.587912
vt 0.546510 0.766671
vt 0.546510 0.587912
vt 0.534283 0.045915
vt 0.531640 0.031278
vt 0.528849 0.031278
vt 0.533065 0.587912
vt 0.536328 0.766671
vt 0.533065 0.766671
vt 0.536328 0.587912
vt 0.595533 0.424905
vt 0.595533 0.421127
vt 0.596507 0.424905
vt 0.596507 0.421127
vt 0.581522 0.768153
vt 0.581522 0.590647
vt 0.586039 0.768153
vt 0.586039 0.590647
vt 0.995642 0.989479
vt 0.995642 0.975124
vt 0.999500 0.989479
vt 0.999500 0.975124
vt 0.995642 0.912535
vt 0.995642 0.898180
vt 0.999500 0.912535
vt 0.999500 0.898180
vt 0.574760 0.768396
vt 0.579277 0.590889
vt 0.579277 0.768396
vt 0.574760 0.590889
vt 0.880371 0.727195
vt 0.878357 0.723773
vt 0.881067 0.726528
vt 0.877661 0.724440
vt 0.513460 0.764033
vt 0.513460 0.585274
vt 0.516723 0.764033
vt 0.516723 0.585274
vt 0.524116 0.764220
vt 0.527379 0.585461
vt 0.527379 0.764220
vt 0.524116 0.585461
vt 0.563980 0.005630
vt 0.544299 0.024897
vt 0.539108 0.005630
vt 0.558789 0.024897
vt 0.544299 0.048873
vt 0.558789 0.048873
vt 0.456015 0.698125
vt 0.436123 0.717342
vt 0.430876 0.698125
vt 0.450768 0.717342
vt 0.436123 0.741256
vt 0.450768 0.741256
vt 0.405738 0.698125
vt 0.425629 0.717342
vt 0.410985 0.717342
vt 0.410985 0.741256
vt 0.425629 0.741256
vt 0.563980 0.005630
vt 0.583661 0.024897
vt 0.569171 0.024897
vt 0.588852 0.005630
vt 0.569171 0.048872
vt 0.583661 0.048872
vt 0.544299 0.048872
vt 0.558789 0.048872
vt 0.436123 0.741256
vt 0.450768 0.741256
vt 0.425630 0.717342
vt 0.410985 0.741256
vt 0.425630 0.741256
vt 0.569171 0.048873
vt 0.583661 0.048873
vt 0.781699 0.614696
vt 0.780687 0.610922
vt 0.782187 0.614496
vt 0.780199 0.611122
vt 0.113351 0.514178
vt 0.113351 0.487838
vt 0.115524 0.514178
vt 0.115524 0.487838
vt 0.919186 0.742935
vt 0.920198 0.739162
vt 0.920686 0.739362
vt 0.918698 0.742736
vt 0.882992 0.739162
vt 0.886386 0.741110
vt 0.882791 0.739641
vt 0.886587 0.740632
vt 0.113377 0.514178
vt 0.113377 0.487812
vt 0.115524 0.487812
vt 0.887921 0.740632
vt 0.891516 0.739162
vt 0.888121 0.741110
vt 0.891717 0.739640
vt 0.631441 0.888639
vt 0.631441 0.862273
vt 0.633587 0.888639
vt 0.633587 0.862273
vt 0.898380 0.741110
vt 0.901775 0.739162
vt 0.901976 0.739640
vt 0.898180 0.740632
vt 0.113377 0.487812
vt 0.115524 0.487812
vt 0.896646 0.741110
vt 0.893251 0.739162
vt 0.896846 0.740632
vt 0.893050 0.739640
vt 0.015889 0.924546
vt 0.015889 0.898180
vt 0.018035 0.924546
vt 0.018035 0.898180
vt 0.859131 0.718843
vt 0.857143 0.722218
vt 0.858643 0.718644
vt 0.857631 0.722417
vt 0.113351 0.544929
vt 0.113351 0.518590
vt 0.115524 0.544929
vt 0.115524 0.518590
vt 0.759681 0.590603
vt 0.761668 0.593978
vt 0.761181 0.594177
vt 0.760168 0.590404
vt 0.925816 0.742736
vt 0.923828 0.739362
vt 0.924316 0.739162
vt 0.925328 0.742935
vt 0.113351 0.544929
vt 0.113351 0.518589
vt 0.115524 0.518589
vt 0.913569 0.742736
vt 0.915556 0.739362
vt 0.914056 0.742936
vt 0.915069 0.739162
vt 0.872732 0.739162
vt 0.876127 0.741110
vt 0.872532 0.739640
vt 0.876328 0.740632
vt 0.881257 0.739162
vt 0.877862 0.741110
vt 0.877661 0.740632
vt 0.881458 0.739640
vt 0.240258 0.431864
vt 0.236662 0.433334
vt 0.240057 0.431386
vt 0.236462 0.432856
vt 0.240057 0.438464
vt 0.236662 0.436516
vt 0.240258 0.437986
vt 0.236462 0.436994
vt 0.903309 0.742736
vt 0.905297 0.739362
vt 0.903797 0.742936
vt 0.904809 0.739162
vt 0.908927 0.739162
vt 0.910427 0.742736
vt 0.908439 0.739362
vt 0.909939 0.742936
vt 0.286037 0.517483
vt 0.309026 0.505138
vt 0.308748 0.517483
vt 0.277498 0.505138
vt 0.354469 0.525550
vt 0.327256 0.537880
vt 0.318917 0.525550
vt 0.347088 0.537880
vt 0.239330 0.501046
vt 0.262587 0.513534
vt 0.239612 0.513534
vt 0.271580 0.501046
vt 0.286037 0.571393
vt 0.308748 0.571393
vt 0.327256 0.591725
vt 0.347088 0.591725
vt 0.239612 0.568072
vt 0.262587 0.568072
vt 0.355809 0.537880
vt 0.318535 0.537880
vt 0.355809 0.591725
vt 0.318535 0.591725
vt 0.420883 0.417217
vt 0.435549 0.424357
vt 0.422475 0.424357
vt 0.437585 0.417217
vt 0.304756 0.582240
vt 0.316933 0.574897
vt 0.315417 0.582240
vt 0.290029 0.582240
vt 0.277852 0.571393
vt 0.279368 0.582240
vt 0.343887 0.602559
vt 0.330458 0.602559
vt 0.258549 0.579044
vt 0.270867 0.568072
vt 0.269334 0.579044
vt 0.243650 0.579044
vt 0.232865 0.579044
vt 0.231332 0.571616
vt 0.310087 0.640307
vt 0.297393 0.640307
vt 0.304756 0.623961
vt 0.816106 0.728903
vt 0.830265 0.742350
vt 0.816106 0.742350
vt 0.290029 0.623961
vt 0.284698 0.640307
vt 0.723773 0.882791
vt 0.739489 0.897043
vt 0.728421 0.897043
vt 0.850784 0.732090
vt 0.836625 0.732090
vt 0.850784 0.718644
vt 0.144938 0.440509
vt 0.133870 0.440509
vt 0.149586 0.426257
vt 0.773840 0.809034
vt 0.759681 0.809034
vt 0.773840 0.795588
vt 0.830266 0.726961
vt 0.816106 0.726961
vt 0.816106 0.713514
vt 0.851192 0.711335
vt 0.836625 0.711335
vt 0.851192 0.698125
vt 0.279368 0.640307
vt 0.279368 0.623961
vt 0.866815 0.850694
vt 0.857143 0.848017
vt 0.866815 0.848017
vt 0.859087 0.850694
vt 0.902831 0.868448
vt 0.910646 0.871120
vt 0.902831 0.871120
vt 0.912611 0.868448
vt 0.893050 0.868448
vt 0.895016 0.871120
vt 0.874543 0.850694
vt 0.876487 0.848017
vt 0.859087 0.850694
vt 0.902831 0.871120
vt 0.902831 0.868448
vt 0.874543 0.850694
vt 0.866046 0.933645
vt 0.866815 0.933645
vt 0.903608 0.953899
vt 0.902831 0.953899
vt 0.902054 0.953899
vt 0.867584 0.933645
vt 0.866047 0.933645
vt 0.902831 0.953899
vt 0.422475 0.464927
vt 0.435549 0.464927
vt 0.429012 0.480821
vt 0.315417 0.623961
vt 0.297393 0.640307
vt 0.343887 0.644230
vt 0.330458 0.644230
vt 0.337172 0.660556
vt 0.269334 0.621252
vt 0.258549 0.621252
vt 0.263941 0.637787
vt 0.243650 0.621252
vt 0.251099 0.637787
vt 0.232865 0.621252
vt 0.238258 0.637787
vt 0.866815 0.805847
vt 0.857143 0.805847
vt 0.902831 0.826365
vt 0.912611 0.826365
vt 0.893050 0.826365
vt 0.866815 0.805847
vt 0.876487 0.805847
vt 0.902831 0.826365
vt 0.309026 0.459451
vt 0.277498 0.415997
vt 0.354469 0.436516
vt 0.318917 0.436516
vt 0.239330 0.454827
vt 0.271580 0.410868
vt 0.447156 0.413811
vt 0.447156 0.405738
vt 0.410868 0.413811
vt 0.410868 0.408984
vt 0.359322 0.365227
vt 0.236462 0.361384
vt 0.359322 0.256980
vt 0.301728 0.426153
vt 0.236462 0.257313
vt 0.359572 0.574350
vt 0.369577 0.436516
vt 0.369577 0.574350
vt 0.359572 0.436516
vt 0.369577 0.660131
vt 0.359572 0.660131
vt 0.395479 0.658759
vt 0.405403 0.578719
vt 0.405403 0.658759
vt 0.395479 0.578719
vt 0.395479 0.436516
vt 0.405403 0.436516
vt 0.015889 0.893545
vt 0.021697 0.754551
vt 0.021697 0.895544
vt 0.015889 0.754551
vt 0.767864 0.605793
vt 0.703255 0.669909
vt 0.757063 0.608135
vt 0.703255 0.664026
vt 0.728903 0.900268
vt 0.732503 0.898180
vt 0.734832 0.898982
vt 0.195425 0.404911
vt 0.195425 0.256980
vt 0.199851 0.402894
vt 0.199851 0.256980
vt 0.913569 0.817632
vt 0.973111 0.874476
vt 0.973111 0.880619
vt 0.916917 0.816106
vt 0.665527 0.769940
vt 0.668835 0.773205
vt 0.662218 0.773205
vt 0.665527 0.776470
vt 0.667866 0.775514
vt 0.663187 0.775514
vt 0.667866 0.770896
vt 0.663187 0.770896
vt 0.493273 0.087639
vt 0.493273 0.000500
vt 0.628015 0.388388
vt 0.585274 0.388388
vt 0.628015 0.339054
vt 0.624835 0.405213
vt 0.595090 0.415274
vt 0.618199 0.415274
vt 0.606645 0.424165
vt 0.588454 0.405213
vt 0.585274 0.339054
vt 0.841754 0.506969
vt 0.855593 0.410868
vt 0.860706 0.506969
vt 0.860706 0.410868
vt 0.841754 0.572298
vt 0.860706 0.572298
vt 0.775069 0.907077
vt 0.780182 0.810977
vt 0.794021 0.907077
vt 0.775070 0.810977
vt 0.775069 0.972406
vt 0.794021 0.972406
vt 0.703255 0.916463
vt 0.703255 0.810977
vt 0.710530 0.870987
vt 0.710530 0.810977
vt 0.736524 0.988172
vt 0.722470 0.903690
vt 0.714398 0.891452
vt 0.769793 0.916463
vt 0.750578 0.903690
vt 0.758650 0.891452
vt 0.769793 0.810977
vt 0.762519 0.870987
vt 0.762519 0.810977
vt 0.736524 0.914506
vt 0.687866 0.671305
vt 0.690807 0.610922
vt 0.690807 0.671305
vt 0.687866 0.610922
vt 0.544237 0.204444
vt 0.546992 0.185166
vt 0.546992 0.204444
vt 0.544237 0.185166
vt 0.062055 0.565431
vt 0.062055 0.554497
vt 0.064667 0.565431
vt 0.064667 0.554497
vt 0.580145 0.374429
vt 0.580145 0.364701
vt 0.582774 0.374429
vt 0.582774 0.364701
vt 0.582774 0.344183
vt 0.582774 0.353911
vt 0.580145 0.344183
vt 0.580145 0.353911
vt 0.298017 0.442320
vt 0.298017 0.431386
vt 0.300629 0.442320
vt 0.300629 0.431386
vt 0.544237 0.173667
vt 0.544237 0.154388
vt 0.546992 0.173667
vt 0.546992 0.154388
vt 0.441645 0.486638
vt 0.441645 0.426257
vt 0.444588 0.486638
vt 0.444587 0.426257
vt 0.154388 0.439120
vt 0.158436 0.436516
vt 0.158436 0.439120
vt 0.154388 0.436516
vt 0.023212 0.990014
vt 0.005630 0.966350
vt 0.023245 0.961801
vt 0.005630 0.990088
vt 0.076093 0.710507
vt 0.076093 0.890129
vt 0.067682 0.870059
vt 0.067682 0.710507
vt 0.076093 0.569885
vt 0.067682 0.569885
vt 0.324689 0.948761
vt 0.311916 0.948761
vt 0.311916 0.930276
vt 0.351205 0.913612
vt 0.206315 0.774519
vt 0.194816 0.626311
vt 0.189160 0.774519
vt 0.206315 0.626311
vt 0.189160 0.626311
vt 0.189160 0.955713
vt 0.206315 0.963833
vt 0.194816 0.963833
vt 0.298148 0.907810
vt 0.351205 0.907810
vt 0.298148 0.913612
vt 0.138065 0.444249
vt 0.142261 0.441645
vt 0.142261 0.444249
vt 0.138065 0.441645
vt 0.754551 0.789797
vt 0.754551 0.764810
vt 0.764214 0.789797
vt 0.764214 0.764810
vt 0.103092 0.557100
vt 0.107291 0.554497
vt 0.107291 0.557100
vt 0.103092 0.554497
vt 0.775069 0.740215
vt 0.784488 0.718644
vt 0.784488 0.740215
vt 0.775069 0.718644
vt 0.206315 0.987159
vt 0.194816 0.987159
vt 0.020293 0.931560
vt 0.015889 0.928957
vt 0.020293 0.928957
vt 0.015889 0.931560
vt 0.590404 0.467885
vt 0.599786 0.446775
vt 0.599786 0.467885
vt 0.590404 0.446775
vt 0.298148 0.771147
vt 0.351205 0.778361
vt 0.298148 0.778361
vt 0.351205 0.771147
vt 0.180036 0.764422
vt 0.180036 0.626311
vt 0.337941 0.967578
vt 0.324689 0.967578
vt 0.298017 0.930276
vt 0.351205 0.988877
vt 0.337966 0.988822
vt 0.040845 0.936811
vt 0.040845 0.961801
vt 0.057809 0.912261
vt 0.769940 0.785471
vt 0.784216 0.764810
vt 0.784216 0.785471
vt 0.076268 0.912261
vt 0.351205 0.672477
vt 0.298148 0.672477
vt 0.584193 0.459638
vt 0.580145 0.459638
vt 0.580145 0.457034
vt 0.584193 0.457034
vt 0.023212 0.990014
vt 0.005630 0.966350
vt 0.005630 0.990088
vt 0.023245 0.961801
vt 0.076093 0.710507
vt 0.067682 0.870059
vt 0.076093 0.890130
vt 0.067682 0.710507
vt 0.076093 0.569886
vt 0.067682 0.569886
vt 0.377722 0.948761
vt 0.390495 0.930276
vt 0.390495 0.948761
vt 0.189160 0.774519
vt 0.189160 0.626311
vt 0.404262 0.913612
vt 0.404262 0.907810
vt 0.133870 0.444249
vt 0.133870 0.441645
vt 0.457034 0.476891
vt 0.466697 0.451905
vt 0.466697 0.476891
vt 0.457034 0.451905
vt 0.266309 0.408342
vt 0.262110 0.408342
vt 0.262110 0.405738
vt 0.266309 0.405738
vt 0.789617 0.714568
vt 0.780199 0.692996
vt 0.789617 0.692996
vt 0.780199 0.714568
vt 0.195425 0.413471
vt 0.199829 0.410868
vt 0.199829 0.413471
vt 0.195425 0.410868
vt 0.620304 0.467885
vt 0.610922 0.446775
vt 0.620304 0.446775
vt 0.610922 0.467885
vt 0.404262 0.771147
vt 0.404262 0.778361
vt 0.180036 0.764422
vt 0.180036 0.626311
vt 0.364470 0.967578
vt 0.377722 0.967578
vt 0.404394 0.930276
vt 0.364445 0.988822
vt 0.040845 0.961801
vt 0.040845 0.936811
vt 0.057809 0.912261
vt 0.594421 0.421269
vt 0.580145 0.421269
vt 0.580145 0.400609
vt 0.076268 0.912261
vt 0.404262 0.672477
vt 0.226186 0.537677
vt 0.130554 0.537677
vt 0.226186 0.461783
vt 0.129746 0.461783
vt 0.211079 0.413938
vt 0.211081 0.328794
vt 0.226186 0.328794
vt 0.226186 0.603834
vt 0.087703 0.603834
vt 0.087703 0.601281
vt 0.277498 0.985721
vt 0.287456 0.975431
vt 0.287456 0.985721
vt 0.277498 0.975431
vt 0.277498 0.863493
vt 0.282687 0.651959
vt 0.287456 0.863493
vt 0.277498 0.651959
vt 0.987877 0.755771
vt 0.982689 0.544237
vt 0.987877 0.544237
vt 0.977920 0.755771
vt 0.508440 0.223118
vt 0.503322 0.000500
vt 0.508440 0.000500
vt 0.503322 0.233947
vt 0.977920 0.877999
vt 0.977920 0.867709
vt 0.987877 0.877999
vt 0.987877 0.867709
vt 0.498204 0.223118
vt 0.498204 0.000500
vt 0.554632 0.349417
vt 0.549502 0.242187
vt 0.554632 0.231332
vt 0.549502 0.360272
vt 0.544372 0.349417
vt 0.544372 0.231332
vt 0.295381 0.651959
vt 0.295381 0.863493
vt 0.295381 0.873783
vt 0.287456 0.873783
vt 0.969994 0.755771
vt 0.977920 0.766061
vt 0.969994 0.766061
vt 0.969994 0.544237
vt 0.287456 0.975431
vt 0.287456 0.985721
vt 0.277498 0.975431
vt 0.987877 0.755771
vt 0.977920 0.755771
vt 0.523695 0.223108
vt 0.518577 0.000500
vt 0.523695 0.000500
vt 0.518577 0.233937
vt 0.977920 0.877999
vt 0.987877 0.877999
vt 0.513460 0.223108
vt 0.513460 0.000500
vt 0.826366 0.580248
vt 0.821236 0.473019
vt 0.826366 0.462164
vt 0.821236 0.591104
vt 0.816106 0.580248
vt 0.816106 0.462164
vt 0.295381 0.873783
vt 0.287456 0.873783
vt 0.969994 0.755771
vt 0.977920 0.766061
vt 0.969994 0.766061
vt 0.210814 0.989599
vt 0.216072 0.979031
vt 0.216072 0.989599
vt 0.210814 0.979031
vt 0.210814 0.864072
vt 0.216072 0.646829
vt 0.216072 0.864072
vt 0.210814 0.646829
vt 0.041722 0.664018
vt 0.046980 0.446775
vt 0.046980 0.664018
vt 0.041722 0.446775
vt 0.503255 0.000560
vt 0.508440 0.000560
vt 0.503255 0.233944
vt 0.041722 0.789545
vt 0.041722 0.778977
vt 0.046980 0.789545
vt 0.046980 0.778977
vt 0.498071 0.223118
vt 0.498071 0.000560
vt 0.549435 0.242211
vt 0.554632 0.231359
vt 0.549435 0.360269
vt 0.544237 0.349417
vt 0.544237 0.231359
vt 0.221386 0.864072
vt 0.221386 0.646829
vt 0.216072 0.874640
vt 0.221386 0.874640
vt 0.036407 0.674586
vt 0.036407 0.664018
vt 0.041722 0.674586
vt 0.036407 0.446775
vt 0.046980 0.664018
vt 0.041722 0.446775
vt 0.041722 0.664018
vt 0.046980 0.446775
vt 0.877846 0.397279
vt 0.883105 0.180036
vt 0.883105 0.397279
vt 0.877846 0.180036
vt 0.503255 0.000560
vt 0.508440 0.000560
vt 0.503255 0.233944
vt 0.877846 0.522805
vt 0.877846 0.512237
vt 0.883105 0.522805
vt 0.883105 0.512237
vt 0.498071 0.000560
vt 0.549434 0.242211
vt 0.554632 0.231359
vt 0.549434 0.360269
vt 0.544237 0.231359
vt 0.036407 0.664018
vt 0.036407 0.446775
vt 0.041722 0.674586
vt 0.036407 0.674586
vt 0.872532 0.407846
vt 0.872532 0.397279
vt 0.877846 0.407846
vt 0.872532 0.180036
vt 0.422570 0.681201
vt 0.410868 0.681201
vt 0.422570 0.487812
vt 0.416719 0.687238
vt 0.410868 0.487812
vt 0.600663 0.169777
vt 0.600663 0.329717
vt 0.605331 0.287459
vt 0.605331 0.169777
vt 0.600693 0.329750
vt 0.639866 0.334504
vt 0.600693 0.334741
vt 0.640648 0.329589
vt 0.640628 0.329556
vt 0.653388 0.312850
vt 0.600693 0.169848
vt 0.605360 0.288142
vt 0.605360 0.169848
vt 0.639846 0.334473
vt 0.600663 0.334709
vt 0.653362 0.313160
vt 0.670539 0.362279
vt 0.712061 0.412361
vt 0.655594 0.345934
vt 0.685485 0.378624
vt 0.700431 0.394969
vt 0.712061 0.407370
vt 0.655577 0.345905
vt 0.712058 0.412349
vt 0.670526 0.362254
vt 0.712058 0.407357
vt 0.700425 0.394952
vt 0.685476 0.378603
vt 0.690004 0.368952
vt 0.673528 0.351261
vt 0.509196 0.806132
vt 0.504992 0.806132
vt 0.504992 0.798446
vt 0.509196 0.798446
vt 0.673541 0.351288
vt 0.690012 0.368975
vt 0.576473 0.452614
vt 0.570615 0.396393
vt 0.576473 0.390349
vt 0.570615 0.458658
vt 0.564756 0.452614
vt 0.564756 0.390349
vt 0.712061 0.463777
vt 0.719715 0.458786
vt 0.723442 0.463777
vt 0.712061 0.458786
vt 0.712058 0.458785
vt 0.712058 0.463777
vt 0.719714 0.458785
vt 0.718313 0.386332
vt 0.718314 0.386351
vt 0.705042 0.379512
vt 0.659980 0.330582
vt 0.509196 0.813683
vt 0.504992 0.813683
vt 0.504992 0.810720
vt 0.509196 0.810720
vt 0.504992 0.789462
vt 0.504992 0.781758
vt 0.509196 0.789462
vt 0.509196 0.781758
vt 0.705047 0.379532
vt 0.653405 0.312886
vt 0.659995 0.330614
vt 0.391469 0.630496
vt 0.379861 0.630496
vt 0.391469 0.438651
vt 0.385665 0.636484
vt 0.379861 0.438651
vt 0.184836 0.256980
vt 0.184836 0.416923
vt 0.180168 0.374664
vt 0.180168 0.256980
vt 0.184809 0.416956
vt 0.145635 0.421710
vt 0.184809 0.421947
vt 0.144853 0.416795
vt 0.144871 0.416762
vt 0.132110 0.400055
vt 0.184809 0.257051
vt 0.180142 0.375347
vt 0.180142 0.257051
vt 0.184836 0.421915
vt 0.145653 0.421678
vt 0.132139 0.400366
vt 0.114961 0.449485
vt 0.073439 0.499568
vt 0.129907 0.433140
vt 0.100016 0.465831
vt 0.085070 0.482176
vt 0.073439 0.494578
vt 0.129921 0.433111
vt 0.073439 0.499556
vt 0.114971 0.449461
vt 0.073439 0.494564
vt 0.085072 0.482159
vt 0.100022 0.465810
vt 0.095494 0.456159
vt 0.111969 0.438467
vt 0.526814 0.806132
vt 0.522610 0.806132
vt 0.522610 0.798446
vt 0.526814 0.798446
vt 0.111960 0.438494
vt 0.095489 0.456182
vt 0.564756 0.452614
vt 0.564756 0.390349
vt 0.073439 0.550985
vt 0.065785 0.545994
vt 0.062058 0.550985
vt 0.073439 0.545994
vt 0.073439 0.545993
vt 0.073439 0.550985
vt 0.065782 0.545993
vt 0.062055 0.550985
vt 0.067184 0.473539
vt 0.067186 0.473558
vt 0.080455 0.466719
vt 0.125518 0.417787
vt 0.526814 0.813683
vt 0.522610 0.813683
vt 0.522610 0.810719
vt 0.526814 0.810719
vt 0.522610 0.789462
vt 0.522610 0.781758
vt 0.526814 0.789462
vt 0.526814 0.781758
vt 0.080453 0.466739
vt 0.132096 0.400092
vt 0.125506 0.417820
vt 0.410868 0.681201
vt 0.416719 0.687238
vt 0.410868 0.487812
vt 0.184836 0.256980
vt 0.184836 0.416923
vt 0.180168 0.374665
vt 0.184809 0.416956
vt 0.184809 0.421946
vt 0.144853 0.416795
vt 0.132110 0.400055
vt 0.145653 0.421679
vt 0.184836 0.421915
vt 0.114962 0.449485
vt 0.073439 0.499569
vt 0.129907 0.433140
vt 0.100016 0.465831
vt 0.085070 0.482176
vt 0.073439 0.494578
vt 0.073439 0.499556
vt 0.073439 0.494564
vt 0.085073 0.482159
vt 0.100022 0.465810
vt 0.095494 0.456159
vt 0.111969 0.438467
vt 0.540028 0.806132
vt 0.535823 0.806132
vt 0.535823 0.798446
vt 0.540028 0.798446
vt 0.111960 0.438494
vt 0.073439 0.550985
vt 0.073439 0.545994
vt 0.073439 0.545993
vt 0.065783 0.545993
vt 0.062055 0.550985
vt 0.067185 0.473539
vt 0.067186 0.473558
vt 0.080455 0.466719
vt 0.125518 0.417788
vt 0.540028 0.813683
vt 0.535823 0.813683
vt 0.535823 0.810719
vt 0.540028 0.810719
vt 0.535823 0.781758
vt 0.540028 0.789462
vt 0.535823 0.789462
vt 0.540028 0.781758
vt 0.080453 0.466739
vt 0.132096 0.400092
vt 0.416719 0.687238
vt 0.856821 0.241591
vt 0.856821 0.401544
vt 0.852152 0.359283
vt 0.852152 0.241591
vt 0.600693 0.329750
vt 0.816853 0.401383
vt 0.804091 0.384675
vt 0.605360 0.288142
vt 0.605360 0.169848
vt 0.856821 0.406536
vt 0.817635 0.406300
vt 0.653362 0.313160
vt 0.670539 0.362279
vt 0.685485 0.378624
vt 0.700431 0.394969
vt 0.801903 0.417734
vt 0.745417 0.484182
vt 0.786952 0.434084
vt 0.745417 0.479190
vt 0.757051 0.466784
vt 0.772001 0.450434
vt 0.767473 0.440782
vt 0.783949 0.423089
vt 0.518005 0.806132
vt 0.513801 0.806132
vt 0.513801 0.798446
vt 0.518005 0.798446
vt 0.673541 0.351288
vt 0.745417 0.530622
vt 0.745417 0.535614
vt 0.737760 0.530622
vt 0.734033 0.535614
vt 0.739162 0.458163
vt 0.718314 0.386351
vt 0.752433 0.451343
vt 0.797499 0.402409
vt 0.518005 0.813683
vt 0.513801 0.813683
vt 0.513801 0.810720
vt 0.518005 0.810720
vt 0.513801 0.781758
vt 0.518005 0.789462
vt 0.513801 0.789462
vt 0.518005 0.781758
vt 0.653405 0.312886
vt 0.264774 0.793149
vt 0.273972 0.651959
vt 0.273972 0.793149
vt 0.264774 0.651959
vt 0.014249 0.747963
vt 0.018741 0.605793
vt 0.018741 0.747963
vt 0.014249 0.605793
vt 0.010122 0.942955
vt 0.005630 0.942955
vt 0.005630 0.936653
vt 0.010122 0.936653
vt 0.234822 0.982819
vt 0.234822 0.804464
vt 0.239314 0.982819
vt 0.239314 0.804464
vt 0.234822 0.989122
vt 0.239314 0.989122
vt 0.273972 0.980538
vt 0.264774 0.980538
vt 0.264774 0.803412
vt 0.269373 0.986797
vt 0.273972 0.803412
vt 0.010122 0.758297
vt 0.005630 0.758297
vt 0.230695 0.794129
vt 0.226202 0.794129
vt 0.226203 0.651959
vt 0.230695 0.651959
vt 0.253026 0.793149
vt 0.262224 0.651959
vt 0.262224 0.793149
vt 0.253026 0.651959
vt 0.014249 0.747963
vt 0.018741 0.605793
vt 0.018741 0.747963
vt 0.014249 0.605793
vt 0.005630 0.942955
vt 0.005630 0.936653
vt 0.234822 0.982819
vt 0.234822 0.804464
vt 0.239314 0.804464
vt 0.234822 0.989122
vt 0.262224 0.980538
vt 0.253026 0.980538
vt 0.253026 0.803412
vt 0.257625 0.986797
vt 0.262224 0.803412
vt 0.010122 0.758297
vt 0.005630 0.758297
vt 0.230695 0.794129
vt 0.226202 0.794129
vt 0.226202 0.651959
vt 0.230695 0.651959
vt 0.241591 0.793462
vt 0.250789 0.652272
vt 0.250789 0.793462
vt 0.241591 0.652272
vt 0.014249 0.747963
vt 0.014249 0.605793
vt 0.234822 0.982819
vt 0.234822 0.804464
vt 0.239314 0.804464
vt 0.234822 0.989122
vt 0.250789 0.980851
vt 0.241591 0.980851
vt 0.241591 0.803725
vt 0.246190 0.987110
vt 0.250789 0.803725
vt 0.010122 0.758297
vt 0.005630 0.758297
vt 0.230695 0.794129
vt 0.226202 0.794129
vt 0.226202 0.651959
vt 0.540614 0.142618
vt 0.540614 0.157899
vt 0.534732 0.164049
vt 0.540614 0.102337
vt 0.540614 0.122477
vt 0.540614 0.082196
vt 0.534732 0.066874
vt 0.540614 0.062055
vt 0.528849 0.102337
vt 0.528849 0.082196
vt 0.528849 0.062055
vt 0.528849 0.142618
vt 0.528849 0.157899
vt 0.528849 0.122477
vt 0.806716 0.468920
vt 0.784028 0.476034
vt 0.803219 0.457243
vt 0.789303 0.486285
vt 0.675900 0.542750
vt 0.667348 0.526909
vt 0.675900 0.526909
vt 0.667348 0.542750
vt 0.721874 0.857143
vt 0.739599 0.874499
vt 0.718644 0.867928
vt 0.734727 0.883967
vt 0.540614 0.221254
vt 0.534732 0.227404
vt 0.528849 0.221254
vt 0.686388 0.519830
vt 0.681581 0.525399
vt 0.681581 0.519830
vt 0.690948 0.525399
vt 0.749421 0.576752
vt 0.753763 0.571450
vt 0.758339 0.576752
vt 0.758339 0.571450
vt 0.758339 0.516826
vt 0.755624 0.494494
vt 0.681581 0.462452
vt 0.684432 0.438995
vt 0.771889 0.503650
vt 0.766511 0.487250
vt 0.841543 0.434189
vt 0.819001 0.435279
vt 0.834720 0.410868
vt 0.824130 0.451554
vt 0.675900 0.558313
vt 0.667348 0.552206
vt 0.675900 0.552206
vt 0.667348 0.558313
vt 0.667348 0.487812
vt 0.675900 0.508392
vt 0.667348 0.508392
vt 0.675900 0.487812
vt 0.672997 0.431386
vt 0.667348 0.448613
vt 0.938799 0.816106
vt 0.954450 0.826127
vt 0.934087 0.825265
vt 0.949645 0.840779
vt 0.243401 0.374961
vt 0.259386 0.399786
vt 0.236462 0.398679
vt 0.254171 0.416339
vt 0.739106 0.636570
vt 0.754718 0.658297
vt 0.734033 0.652671
vt 0.751258 0.669848
vt 0.410868 0.681201
vt 0.410868 0.487812
vt 0.621181 0.123610
vt 0.621181 0.285093
vt 0.625895 0.242428
vt 0.625895 0.123610
vt 0.621183 0.285055
vt 0.660734 0.289855
vt 0.621183 0.290094
vt 0.661523 0.284893
vt 0.661532 0.284931
vt 0.674415 0.268063
vt 0.621183 0.123610
vt 0.625895 0.243046
vt 0.621181 0.290134
vt 0.660742 0.289895
vt 0.674360 0.268305
vt 0.691703 0.317898
vt 0.733625 0.368464
vt 0.676613 0.301396
vt 0.706793 0.334401
vt 0.721883 0.350904
vt 0.733625 0.363425
vt 0.676625 0.301438
vt 0.733651 0.368522
vt 0.691719 0.317944
vt 0.733651 0.363482
vt 0.721906 0.350958
vt 0.706812 0.334451
vt 0.711384 0.324707
vt 0.694750 0.306845
vt 0.548823 0.806054
vt 0.544632 0.806054
vt 0.544632 0.798392
vt 0.548823 0.798392
vt 0.694734 0.306801
vt 0.711364 0.324659
vt 0.222531 0.319245
vt 0.216672 0.263024
vt 0.222531 0.256980
vt 0.216672 0.325289
vt 0.210814 0.319245
vt 0.210814 0.256980
vt 0.733625 0.420375
vt 0.737590 0.415336
vt 0.741353 0.420375
vt 0.733625 0.415336
vt 0.733651 0.415406
vt 0.733651 0.420446
vt 0.737617 0.415406
vt 0.741380 0.420446
vt 0.736004 0.342254
vt 0.735978 0.342202
vt 0.726568 0.335369
vt 0.681070 0.285966
vt 0.548823 0.813580
vt 0.544632 0.813580
vt 0.544632 0.810626
vt 0.548823 0.810626
vt 0.544632 0.789437
vt 0.544632 0.781758
vt 0.548823 0.789437
vt 0.548823 0.781758
vt 0.726544 0.335318
vt 0.674404 0.268029
vt 0.681057 0.285928
vt 0.929043 0.956887
vt 0.918698 0.868343
vt 0.929043 0.868343
vt 0.918698 0.956887
vt 0.923871 0.962223
vt 0.883057 0.943809
vt 0.891378 0.938384
vt 0.895429 0.943809
vt 0.883057 0.938384
vt 0.797813 0.611201
vt 0.797813 0.616676
vt 0.789416 0.611201
vt 0.785329 0.616676
vt 0.790954 0.520355
vt 0.797813 0.520355
vt 0.918698 0.836625
vt 0.929043 0.863698
vt 0.918698 0.863698
vt 0.929043 0.836625
vt 0.797813 0.487812
vt 0.790954 0.487812
vt 0.877661 0.843633
vt 0.883057 0.816106
vt 0.883057 0.848356
vt 0.877661 0.816106
vt 0.803258 0.515589
vt 0.803258 0.487812
vt 0.891378 0.848356
vt 0.891378 0.816106
vt 0.810977 0.864240
vt 0.816788 0.815737
vt 0.816788 0.896083
vt 0.810977 0.892660
vt 0.810977 0.843846
vt 0.810977 0.810977
vt 0.822600 0.864240
vt 0.822600 0.892660
vt 0.822600 0.810977
vt 0.822600 0.843846
vt 0.668482 0.391035
vt 0.682956 0.410566
vt 0.663101 0.403940
vt 0.676673 0.422634
vt 0.564756 0.366605
vt 0.564756 0.349641
vt 0.574010 0.366605
vt 0.574010 0.349641
vt 0.773473 0.664258
vt 0.754551 0.670574
vt 0.768345 0.651959
vt 0.760539 0.682075
vt 0.810977 0.964783
vt 0.816788 0.970858
vt 0.822600 0.964783
vt 0.095495 0.578240
vt 0.091497 0.572613
vt 0.095495 0.572613
vt 0.087703 0.578240
vt 0.705575 0.520368
vt 0.697864 0.520368
vt 0.701821 0.514798
vt 0.697864 0.514798
vt 0.697864 0.448686
vt 0.700211 0.425230
vt 0.095495 0.505811
vt 0.093123 0.482110
vt 0.641700 0.373809
vt 0.647601 0.349313
vt 0.574010 0.379340
vt 0.564756 0.379340
vt 0.574010 0.313406
vt 0.564756 0.313406
vt 0.110559 0.467294
vt 0.116907 0.479488
vt 0.713943 0.662218
vt 0.719863 0.686792
vt 0.692996 0.704072
vt 0.698394 0.717017
vt 0.540364 0.423068
vt 0.498072 0.374961
vt 0.540365 0.374961
vt 0.498071 0.423068
vt 0.519218 0.448024
vt 0.611085 0.738076
vt 0.611205 0.682737
vt 0.619076 0.738092
vt 0.619196 0.682752
vt 0.610922 0.766783
vt 0.618914 0.766800
vt 0.611085 0.527779
vt 0.618956 0.472423
vt 0.619076 0.527763
vt 0.610965 0.472439
vt 0.610922 0.556486
vt 0.618913 0.556470
vt 0.493829 0.423285
vt 0.451905 0.374961
vt 0.493830 0.374961
vt 0.451905 0.423285
vt 0.472867 0.448354
vt 0.585445 0.529662
vt 0.591573 0.472440
vt 0.591448 0.529678
vt 0.585570 0.472423
vt 0.585274 0.559354
vt 0.591277 0.559371
vt 0.764981 0.570715
vt 0.764855 0.513476
vt 0.770983 0.570699
vt 0.770858 0.513460
vt 0.764810 0.600408
vt 0.770813 0.600391
vt 0.498441 0.423285
vt 0.540365 0.423285
vt 0.498440 0.374961
vt 0.519403 0.448354
vt 0.606791 0.739975
vt 0.600663 0.682753
vt 0.606666 0.682737
vt 0.600788 0.739991
vt 0.600959 0.769684
vt 0.606962 0.769668
vt 0.586273 0.246737
vt 0.586147 0.303976
vt 0.580145 0.303959
vt 0.580270 0.246721
vt 0.586318 0.333668
vt 0.580315 0.333652
vt 0.978801 0.966691
vt 0.978801 0.977445
vt 0.971833 0.977445
vt 0.964865 0.966691
vt 0.978801 0.898180
vt 0.971832 0.977445
vt 0.964865 0.898180
vt 0.834050 0.662017
vt 0.816106 0.662017
vt 0.834107 0.595533
vt 0.824790 0.677134
vt 0.816163 0.595533
vt 0.579714 0.534751
vt 0.568174 0.534751
vt 0.579714 0.472423
vt 0.574323 0.558853
vt 0.568174 0.472423
vt 0.858304 0.637508
vt 0.846884 0.637508
vt 0.858304 0.575015
vt 0.852974 0.661673
vt 0.846884 0.575015
vt 0.550239 0.220323
vt 0.544237 0.220323
vt 0.550239 0.210814
vt 0.241591 0.410868
vt 0.247593 0.420377
vt 0.241591 0.420377
vt 0.964865 0.977445
vt 0.842626 0.743542
vt 0.836625 0.743542
vt 0.842626 0.734033
vt 0.585770 0.446379
vt 0.580145 0.446379
vt 0.580326 0.436516
vt 0.858123 0.743462
vt 0.852013 0.743462
vt 0.858123 0.734033
vt 0.868383 0.743462
vt 0.862273 0.743462
vt 0.862273 0.734033
vt 0.980287 0.898180
vt 0.987175 0.908786
vt 0.980270 0.908786
vt 0.566037 0.534751
vt 0.554497 0.534751
vt 0.554497 0.472423
vt 0.560646 0.558853
vt 0.566037 0.472423
vt 0.852974 0.661673
vt 0.980253 0.919494
vt 0.994130 0.919494
vt 0.994130 0.987713
vt 0.987192 0.908786
vt 0.980253 0.987713
vt 0.645788 0.462770
vt 0.631441 0.462770
vt 0.631441 0.390349
vt 0.638615 0.474137
vt 0.645788 0.390349
vt 0.693116 0.804717
vt 0.693236 0.795588
vt 0.699117 0.804717
vt 0.534850 0.000500
vt 0.534850 0.010010
vt 0.528849 0.010010
vt 0.994031 0.898180
vt 0.994031 0.908786
vt 0.534850 0.019520
vt 0.692996 0.814607
vt 0.103092 0.548537
vt 0.103092 0.539108
vt 0.109202 0.548537
vt 0.164647 0.426257
vt 0.169685 0.431163
vt 0.164647 0.431163
vt 0.169685 0.426257
vt 0.631441 0.785246
vt 0.631441 0.718644
vt 0.651063 0.785246
vt 0.651063 0.718644
vt 0.677607 0.606056
vt 0.677607 0.539108
vt 0.696819 0.606056
vt 0.696819 0.539108
vt 0.631441 0.713431
vt 0.631441 0.646829
vt 0.651064 0.713431
vt 0.651064 0.646829
vt 0.631441 0.631704
vt 0.631441 0.564756
vt 0.650652 0.631704
vt 0.650652 0.564756
vt 0.133778 0.451682
vt 0.128740 0.451682
vt 0.133778 0.446775
vt 0.128740 0.446775
vt 0.657089 0.723690
vt 0.676712 0.657089
vt 0.676712 0.723690
vt 0.657089 0.657089
vt 0.698125 0.606056
vt 0.717337 0.539108
vt 0.717337 0.606056
vt 0.698125 0.539108
vt 0.718644 0.615969
vt 0.738267 0.549367
vt 0.738267 0.615969
vt 0.718644 0.549367
vt 0.050251 0.795588
vt 0.050268 0.806194
vt 0.043363 0.806194
vt 0.566121 0.535697
vt 0.554580 0.535697
vt 0.566037 0.472423
vt 0.560582 0.559374
vt 0.949476 0.903945
vt 0.963360 0.903945
vt 0.949476 0.974026
vt 0.956418 0.892945
vt 0.963360 0.974026
vt 0.036407 0.816902
vt 0.050284 0.816902
vt 0.036407 0.885121
vt 0.043346 0.806194
vt 0.050284 0.885121
vt 0.645788 0.549973
vt 0.631441 0.549973
vt 0.645788 0.477553
vt 0.638614 0.561340
vt 0.631441 0.477553
vt 0.963227 0.892945
vt 0.956551 0.892945
vt 0.963093 0.882791
vt 0.400609 0.410868
vt 0.406610 0.420378
vt 0.400609 0.420378
vt 0.036507 0.806194
vt 0.036507 0.795588
vt 0.400609 0.429888
vt 0.924808 0.789629
vt 0.918698 0.789629
vt 0.924808 0.780199
vt 0.457034 0.482682
vt 0.462072 0.482682
vt 0.462072 0.487589
vt 0.457034 0.487589
vt 0.754459 0.595311
vt 0.749421 0.595311
vt 0.754459 0.590404
vt 0.749421 0.590404
vt 0.934087 0.811240
vt 0.953298 0.744292
vt 0.953298 0.811240
vt 0.934087 0.744292
vt 0.631441 0.857060
vt 0.651063 0.790458
vt 0.651063 0.857060
vt 0.631441 0.790458
vt 0.651959 0.641963
vt 0.671171 0.575015
vt 0.671171 0.641963
vt 0.651959 0.575015
vt 0.552639 0.846702
vt 0.457034 0.846702
vt 0.472525 0.799702
vt 0.457034 0.713514
vt 0.473485 0.713514
vt 0.551886 0.922709
vt 0.457034 0.922709
vt 0.595724 0.988965
vt 0.457034 0.988965
vt 0.595724 0.986268
vt 0.174436 0.280256
vt 0.165844 0.280256
vt 0.174436 0.265704
vt 0.165844 0.265704
vt 0.111411 0.340025
vt 0.105930 0.319028
vt 0.111411 0.319028
vt 0.105930 0.340025
vt 0.169137 0.281185
vt 0.169137 0.303112
vt 0.164844 0.303112
vt 0.164844 0.281185
vt 0.115358 0.319028
vt 0.115358 0.340025
vt 0.105676 0.318598
vt 0.105676 0.339919
vt 0.101629 0.339919
vt 0.101629 0.318598
vt 0.128205 0.383164
vt 0.118317 0.383164
vt 0.128205 0.365733
vt 0.118317 0.365733
vt 0.171483 0.281231
vt 0.171483 0.303158
vt 0.129581 0.265704
vt 0.129581 0.280256
vt 0.158332 0.320784
vt 0.145923 0.304870
vt 0.158332 0.304837
vt 0.145923 0.320818
vt 0.123826 0.281185
vt 0.123826 0.304695
vt 0.122701 0.304695
vt 0.122701 0.281185
vt 0.122536 0.304695
vt 0.121411 0.281185
vt 0.122536 0.281185
vt 0.121411 0.304695
vt 0.137970 0.364837
vt 0.137322 0.340960
vt 0.137970 0.340960
vt 0.137322 0.364837
vt 0.084490 0.364959
vt 0.083998 0.340960
vt 0.084490 0.340960
vt 0.083998 0.364959
vt 0.172527 0.326339
vt 0.172527 0.344447
vt 0.166238 0.344447
vt 0.166238 0.326339
vt 0.154953 0.344447
vt 0.154953 0.326339
vt 0.175008 0.265704
vt 0.175008 0.280256
vt 0.137098 0.364847
vt 0.136462 0.340960
vt 0.137098 0.340960
vt 0.136462 0.364847
vt 0.134517 0.340960
vt 0.134517 0.364847
vt 0.133882 0.364847
vt 0.133882 0.340960
vt 0.088688 0.281185
vt 0.088688 0.304931
vt 0.087868 0.304931
vt 0.087868 0.281185
vt 0.141582 0.340960
vt 0.141582 0.364706
vt 0.140762 0.364706
vt 0.140762 0.340960
vt 0.130787 0.319458
vt 0.130787 0.340044
vt 0.125711 0.340044
vt 0.125711 0.319458
vt 0.083902 0.304879
vt 0.083568 0.280755
vt 0.083902 0.280755
vt 0.083568 0.304879
vt 0.084332 0.281185
vt 0.084332 0.305308
vt 0.083998 0.305308
vt 0.083998 0.281185
vt 0.094786 0.304783
vt 0.093459 0.281185
vt 0.094786 0.281185
vt 0.093459 0.304783
vt 0.108242 0.304771
vt 0.107220 0.281185
vt 0.108242 0.281185
vt 0.107220 0.304771
vt 0.095438 0.304783
vt 0.095438 0.281185
vt 0.096491 0.304783
vt 0.096491 0.281185
vt 0.149043 0.345690
vt 0.149043 0.364939
vt 0.142052 0.364939
vt 0.142052 0.345690
vt 0.110822 0.281185
vt 0.110822 0.304771
vt 0.109800 0.304771
vt 0.109800 0.281185
vt 0.103372 0.281185
vt 0.103372 0.304783
vt 0.102045 0.304783
vt 0.102045 0.281185
vt 0.101392 0.304783
vt 0.101392 0.281185
vt 0.100339 0.304783
vt 0.100339 0.281185
vt 0.156033 0.345690
vt 0.156033 0.364939
vt 0.151563 0.281185
vt 0.151563 0.303549
vt 0.148933 0.303549
vt 0.148933 0.281185
vt 0.088629 0.316018
vt 0.088629 0.339764
vt 0.088034 0.339764
vt 0.088034 0.316018
vt 0.095774 0.339764
vt 0.095179 0.316018
vt 0.095774 0.316018
vt 0.095179 0.339764
vt 0.100472 0.340960
vt 0.100472 0.364906
vt 0.099909 0.364906
vt 0.099909 0.340960
vt 0.101034 0.364906
vt 0.101034 0.340960
vt 0.096375 0.316018
vt 0.097230 0.339764
vt 0.087433 0.316018
vt 0.086578 0.339764
vt 0.093360 0.281185
vt 0.093360 0.304931
vt 0.092765 0.304931
vt 0.092765 0.281185
vt 0.093624 0.339764
vt 0.093029 0.316018
vt 0.093624 0.316018
vt 0.093029 0.339764
vt 0.099182 0.364906
vt 0.098619 0.340960
vt 0.099182 0.340960
vt 0.098619 0.364906
vt 0.099744 0.364906
vt 0.099744 0.340960
vt 0.094225 0.316018
vt 0.095080 0.339764
vt 0.092163 0.281185
vt 0.091309 0.304931
vt 0.116553 0.340960
vt 0.116553 0.364850
vt 0.115962 0.364850
vt 0.115962 0.340960
vt 0.105661 0.364881
vt 0.105070 0.340960
vt 0.105661 0.340960
vt 0.105070 0.364881
vt 0.114669 0.340960
vt 0.114669 0.364867
vt 0.114100 0.364867
vt 0.114100 0.340960
vt 0.115302 0.364858
vt 0.115302 0.340960
vt 0.106259 0.364881
vt 0.106259 0.340960
vt 0.111420 0.340960
vt 0.111420 0.364881
vt 0.110828 0.364881
vt 0.110828 0.340960
vt 0.112112 0.364881
vt 0.111520 0.340960
vt 0.112112 0.340960
vt 0.111520 0.364881
vt 0.103059 0.364898
vt 0.102489 0.340960
vt 0.103059 0.340960
vt 0.102489 0.364898
vt 0.103629 0.364898
vt 0.103629 0.340960
vt 0.112710 0.364881
vt 0.112710 0.340960
vt 0.110230 0.364881
vt 0.110230 0.340960
vt 0.130006 0.304568
vt 0.128721 0.281185
vt 0.130006 0.281185
vt 0.128721 0.304568
vt 0.118174 0.340960
vt 0.118174 0.364851
vt 0.117540 0.364851
vt 0.117540 0.340960
vt 0.119034 0.340960
vt 0.119034 0.364851
vt 0.118401 0.364851
vt 0.118401 0.340960
vt 0.133447 0.304568
vt 0.132162 0.281185
vt 0.133447 0.281185
vt 0.132162 0.304568
vt 0.124194 0.340960
vt 0.124194 0.364851
vt 0.123561 0.364851
vt 0.123561 0.340960
vt 0.128495 0.340960
vt 0.128495 0.364851
vt 0.127861 0.364851
vt 0.127861 0.340960
vt 0.136887 0.304568
vt 0.135602 0.281185
vt 0.136887 0.281185
vt 0.135602 0.304568
vt 0.129355 0.340960
vt 0.129355 0.364850
vt 0.128721 0.364850
vt 0.128721 0.340960
vt 0.131075 0.340960
vt 0.131075 0.364850
vt 0.130441 0.364850
vt 0.130441 0.340960
vt 0.128286 0.304568
vt 0.127001 0.281185
vt 0.128286 0.281185
vt 0.127001 0.304568
vt 0.125914 0.340960
vt 0.125914 0.364851
vt 0.125281 0.364851
vt 0.125281 0.340960
vt 0.117314 0.340960
vt 0.117314 0.364851
vt 0.116680 0.364851
vt 0.116680 0.340960
vt 0.119871 0.281185
vt 0.119871 0.304757
vt 0.118831 0.304757
vt 0.118831 0.281185
vt 0.092252 0.364944
vt 0.091739 0.340960
vt 0.092252 0.340960
vt 0.091739 0.364944
vt 0.091392 0.340960
vt 0.091392 0.364944
vt 0.090878 0.364944
vt 0.090878 0.340960
vt 0.118581 0.304757
vt 0.117540 0.281185
vt 0.118581 0.281185
vt 0.117540 0.304757
vt 0.087092 0.364944
vt 0.086578 0.340960
vt 0.087092 0.340960
vt 0.086578 0.364944
vt 0.093112 0.340960
vt 0.093112 0.364944
vt 0.092599 0.364944
vt 0.092599 0.340960
vt 0.116001 0.281185
vt 0.116001 0.304757
vt 0.114960 0.304757
vt 0.114960 0.281185
vt 0.090532 0.364944
vt 0.090018 0.340960
vt 0.090532 0.340960
vt 0.090018 0.364944
vt 0.088812 0.340960
vt 0.088812 0.364944
vt 0.088298 0.364944
vt 0.088298 0.340960
vt 0.135167 0.281185
vt 0.135167 0.304568
vt 0.133882 0.304568
vt 0.133882 0.281185
vt 0.121614 0.340960
vt 0.121614 0.364851
vt 0.120981 0.364851
vt 0.120981 0.340960
vt 0.119894 0.340960
vt 0.119894 0.364851
vt 0.119261 0.364851
vt 0.119261 0.340960
vt 0.157794 0.281185
vt 0.157794 0.303393
vt 0.154953 0.303393
vt 0.154953 0.281185
vt 0.718644 0.831495
vt 0.731862 0.903309
vt 0.728903 0.903309
vt 0.728903 0.904263
vt 0.731862 0.904263
vt 0.862761 0.722417
vt 0.863773 0.718644
vt 0.862273 0.722218
vt 0.864260 0.718843
vt 0.513601 0.798446
vt 0.509396 0.798446
vt 0.513601 0.806132
vt 0.509396 0.806132
vt 0.513601 0.810720
vt 0.509396 0.810720
vt 0.513601 0.813683
vt 0.509396 0.813683
vt 0.509396 0.789462
vt 0.513601 0.789462
vt 0.509396 0.781758
vt 0.513601 0.781758
vt 0.531219 0.798446
vt 0.527014 0.798446
vt 0.531219 0.806132
vt 0.527014 0.806132
vt 0.531219 0.810719
vt 0.527014 0.810719
vt 0.531219 0.813683
vt 0.527014 0.813683
vt 0.527014 0.789462
vt 0.531219 0.789462
vt 0.527014 0.781758
vt 0.531219 0.781758
vt 0.535623 0.798446
vt 0.531419 0.798446
vt 0.535623 0.806132
vt 0.531419 0.806132
vt 0.535623 0.810719
vt 0.531419 0.810719
vt 0.535623 0.813683
vt 0.531419 0.813683
vt 0.531419 0.789462
vt 0.535623 0.789462
vt 0.531419 0.781758
vt 0.535623 0.781758
vt 0.522410 0.798446
vt 0.518205 0.798446
vt 0.522410 0.806132
vt 0.518205 0.806132
vt 0.522410 0.810720
vt 0.518205 0.810720
vt 0.522410 0.813683
vt 0.518205 0.813683
vt 0.518205 0.789462
vt 0.522410 0.789462
vt 0.518205 0.781758
vt 0.522410 0.781758
vt 0.544418 0.798392
vt 0.540227 0.798392
vt 0.544418 0.806054
vt 0.540227 0.806054
vt 0.544418 0.810626
vt 0.540227 0.810626
vt 0.544418 0.813580
vt 0.540227 0.813580
vt 0.540227 0.789437
vt 0.544418 0.789437
vt 0.540227 0.781758
vt 0.544418 0.781758
vt 0.971816 0.977445
vt 0.978817 0.977445
vt 0.947971 0.898816
vt 0.934087 0.898816
vt 0.934087 0.968897
vt 0.941029 0.887816
vt 0.947971 0.968897
vt 0.612225 0.647721
vt 0.600663 0.647721
vt 0.600663 0.585274
vt 0.606825 0.671869
vt 0.612225 0.585274
vt 0.852974 0.661673
vt 0.947838 0.887816
vt 0.947705 0.877661
vt 0.941163 0.887816
vt 0.241591 0.429887
vt 0.978834 0.988301
vt 0.607096 0.534870
vt 0.595533 0.534870
vt 0.607096 0.472423
vt 0.601695 0.559017
vt 0.595533 0.472423
vt 0.852974 0.661673
vt 0.809808 0.880381
vt 0.802732 0.891275
vt 0.809825 0.891275
vt 0.795690 0.880381
vt 0.809808 0.810977
vt 0.802749 0.891275
vt 0.795690 0.810977
vt 0.809842 0.902274
vt 0.795588 0.902274
vt 0.795588 0.972345
vt 0.802715 0.891275
vt 0.809842 0.972345
vt 0.795690 0.891275
vt 0.128853 0.280256
vt 0.128853 0.265704
vt 0.120261 0.280256
vt 0.120261 0.265704
vt 0.121301 0.340025
vt 0.115820 0.319028
vt 0.115820 0.340025
vt 0.121301 0.319028
vt 0.162256 0.303112
vt 0.162256 0.281185
vt 0.157963 0.303112
vt 0.157963 0.281185
vt 0.125249 0.340025
vt 0.125249 0.319028
vt 0.101376 0.339919
vt 0.101376 0.318598
vt 0.097329 0.339919
vt 0.097329 0.318598
vt 0.139994 0.365851
vt 0.130105 0.383282
vt 0.139994 0.383282
vt 0.130105 0.365851
vt 0.164602 0.303158
vt 0.164602 0.281231
vt 0.083998 0.280256
vt 0.083998 0.265704
vt 0.171663 0.319494
vt 0.159254 0.303581
vt 0.159254 0.319528
vt 0.171663 0.303547
vt 0.121245 0.281185
vt 0.120121 0.304695
vt 0.121245 0.304695
vt 0.120121 0.281185
vt 0.125116 0.304695
vt 0.123991 0.281185
vt 0.123991 0.304695
vt 0.125116 0.281185
vt 0.138830 0.364837
vt 0.138182 0.340960
vt 0.138182 0.364837
vt 0.138830 0.340960
vt 0.085350 0.364959
vt 0.084858 0.340960
vt 0.084858 0.364959
vt 0.085350 0.340960
vt 0.154466 0.339716
vt 0.154466 0.321608
vt 0.148177 0.339716
vt 0.148177 0.321608
vt 0.136892 0.339716
vt 0.136892 0.321608
vt 0.129425 0.280256
vt 0.129425 0.265704
vt 0.136238 0.364847
vt 0.135602 0.340960
vt 0.135602 0.364847
vt 0.136238 0.340960
vt 0.135378 0.364847
vt 0.135378 0.340960
vt 0.134742 0.364847
vt 0.134742 0.340960
vt 0.086107 0.304931
vt 0.086107 0.281185
vt 0.085288 0.304931
vt 0.085288 0.281185
vt 0.087397 0.304931
vt 0.087397 0.281185
vt 0.086578 0.304931
vt 0.086578 0.281185
vt 0.136378 0.340044
vt 0.136378 0.319458
vt 0.131301 0.340044
vt 0.131301 0.319458
vt 0.083902 0.329390
vt 0.083568 0.305267
vt 0.083568 0.329390
vt 0.083902 0.305267
vt 0.083902 0.353902
vt 0.083902 0.329779
vt 0.083568 0.353902
vt 0.083568 0.329779
vt 0.098226 0.304783
vt 0.096899 0.281185
vt 0.096899 0.304783
vt 0.098226 0.281185
vt 0.109532 0.304771
vt 0.108510 0.281185
vt 0.108510 0.304771
vt 0.109532 0.281185
vt 0.098879 0.304783
vt 0.098879 0.281185
vt 0.099931 0.304783
vt 0.099932 0.281185
vt 0.163234 0.364939
vt 0.163234 0.345690
vt 0.156243 0.364939
vt 0.156243 0.345690
vt 0.112112 0.304771
vt 0.112112 0.281185
vt 0.111090 0.304771
vt 0.111090 0.281185
vt 0.106812 0.304783
vt 0.106812 0.281185
vt 0.105485 0.304783
vt 0.105485 0.281185
vt 0.104832 0.304783
vt 0.104832 0.281185
vt 0.103779 0.304783
vt 0.103779 0.281185
vt 0.170224 0.364939
vt 0.170224 0.345690
vt 0.148553 0.303549
vt 0.148553 0.281185
vt 0.145923 0.303549
vt 0.145923 0.281185
vt 0.086479 0.339764
vt 0.086479 0.316018
vt 0.085884 0.339764
vt 0.085884 0.316018
vt 0.089323 0.339764
vt 0.088728 0.316018
vt 0.088728 0.339764
vt 0.089323 0.316018
vt 0.097891 0.364906
vt 0.097891 0.340960
vt 0.097329 0.364906
vt 0.097329 0.340960
vt 0.098454 0.364906
vt 0.098454 0.340960
vt 0.090780 0.339764
vt 0.089925 0.316018
vt 0.085283 0.316018
vt 0.084428 0.339764
vt 0.091210 0.304931
vt 0.091210 0.281185
vt 0.090614 0.304931
vt 0.090614 0.281185
vt 0.091474 0.339764
vt 0.090878 0.316018
vt 0.090878 0.339764
vt 0.091474 0.316018
vt 0.096601 0.364906
vt 0.096039 0.340960
vt 0.096039 0.364906
vt 0.096601 0.340960
vt 0.097164 0.364906
vt 0.097164 0.340960
vt 0.092930 0.339764
vt 0.092075 0.316018
vt 0.090013 0.281185
vt 0.089158 0.304931
vt 0.110129 0.364881
vt 0.110129 0.340960
vt 0.109538 0.364881
vt 0.109538 0.340960
vt 0.106951 0.364881
vt 0.106360 0.340960
vt 0.106360 0.364881
vt 0.106951 0.340960
vt 0.104349 0.364898
vt 0.104349 0.340960
vt 0.103779 0.364898
vt 0.103779 0.340960
vt 0.104919 0.364898
vt 0.104919 0.340960
vt 0.107549 0.364881
vt 0.107549 0.340960
vt 0.108940 0.364881
vt 0.108940 0.340960
vt 0.114000 0.364881
vt 0.114000 0.340960
vt 0.113408 0.364881
vt 0.113408 0.340960
vt 0.108241 0.364881
vt 0.107650 0.340960
vt 0.107650 0.364881
vt 0.108241 0.340960
vt 0.101769 0.364898
vt 0.101199 0.340960
vt 0.101199 0.364898
vt 0.101769 0.340960
vt 0.102339 0.364898
vt 0.102339 0.340960
vt 0.108839 0.364881
vt 0.108839 0.340960
vt 0.112810 0.364881
vt 0.112810 0.340960
vt 0.143767 0.304568
vt 0.142482 0.281185
vt 0.142482 0.304568
vt 0.143767 0.281185
vt 0.120754 0.364851
vt 0.120754 0.340960
vt 0.120121 0.364851
vt 0.120121 0.340960
vt 0.127634 0.340960
vt 0.127001 0.364851
vt 0.127634 0.364851
vt 0.127001 0.340960
vt 0.131726 0.304568
vt 0.130441 0.281185
vt 0.130441 0.304568
vt 0.131726 0.281185
vt 0.126774 0.364851
vt 0.126774 0.340960
vt 0.126141 0.364851
vt 0.126141 0.340960
vt 0.123334 0.340960
vt 0.122701 0.364851
vt 0.123334 0.364851
vt 0.122701 0.340960
vt 0.138607 0.304568
vt 0.137322 0.281185
vt 0.137322 0.304568
vt 0.138607 0.281185
vt 0.133655 0.364850
vt 0.133655 0.340960
vt 0.133022 0.364850
vt 0.133022 0.340960
vt 0.131935 0.340960
vt 0.131301 0.364850
vt 0.131935 0.364850
vt 0.131301 0.340960
vt 0.142047 0.304568
vt 0.140762 0.281185
vt 0.140762 0.304568
vt 0.142047 0.281185
vt 0.125054 0.364851
vt 0.125054 0.340960
vt 0.124421 0.364851
vt 0.124421 0.340960
vt 0.130215 0.340960
vt 0.129581 0.364850
vt 0.130215 0.364850
vt 0.129581 0.340960
vt 0.113421 0.304757
vt 0.113421 0.281185
vt 0.112380 0.304757
vt 0.112380 0.281185
vt 0.089672 0.364944
vt 0.089158 0.340960
vt 0.089158 0.364944
vt 0.089672 0.340960
vt 0.087952 0.364944
vt 0.087952 0.340960
vt 0.087438 0.364944
vt 0.087438 0.340960
vt 0.114711 0.304757
vt 0.113670 0.281185
vt 0.113670 0.304757
vt 0.114711 0.281185
vt 0.093972 0.364944
vt 0.093459 0.340960
vt 0.093459 0.364944
vt 0.093972 0.340960
vt 0.094832 0.364944
vt 0.094832 0.340960
vt 0.094319 0.364944
vt 0.094319 0.340960
vt 0.117291 0.304757
vt 0.117291 0.281185
vt 0.116250 0.304757
vt 0.116250 0.281185
vt 0.086232 0.364944
vt 0.085718 0.340960
vt 0.085718 0.364944
vt 0.086232 0.340960
vt 0.095692 0.364944
vt 0.095692 0.340960
vt 0.095179 0.364944
vt 0.095179 0.340960
vt 0.140327 0.304568
vt 0.140327 0.281185
vt 0.139042 0.304568
vt 0.139042 0.281185
vt 0.122474 0.364851
vt 0.122474 0.340960
vt 0.121841 0.364851
vt 0.121841 0.340960
vt 0.132795 0.340960
vt 0.132162 0.364850
vt 0.132795 0.364850
vt 0.132162 0.340960
vt 0.154784 0.303393
vt 0.154784 0.281185
vt 0.151943 0.303393
vt 0.151943 0.281185
vt 0.764105 0.738239
vt 0.723797 0.738239
vt 0.723797 0.708385
vt 0.764105 0.708385
vt 0.723773 0.738239
vt 0.723773 0.708385
vt 0.792422 0.633167
vt 0.769951 0.633167
vt 0.769951 0.631441
vt 0.792422 0.631441
vt 0.769940 0.633167
vt 0.769940 0.631441
vt 0.679479 0.764810
vt 0.663651 0.766243
vt 0.662218 0.764810
vt 0.678046 0.766243
vt 0.679487 0.764810
vt 0.678055 0.766243
vt 0.816106 0.710265
vt 0.833367 0.692996
vt 0.833367 0.710265
vt 0.816106 0.692996
vt 0.388347 0.431323
vt 0.376524 0.431323
vt 0.376524 0.410868
vt 0.388347 0.410868
vt 0.376524 0.431323
vt 0.364701 0.431323
vt 0.364701 0.410868
vt 0.376524 0.410868
vt 0.388347 0.431323
vt 0.388347 0.410868
vt 0.364702 0.431323
vt 0.364702 0.410868
vt 0.376524 0.431323
vt 0.364702 0.431323
vt 0.364702 0.410868
vt 0.376524 0.410868
vt 0.388347 0.431323
vt 0.388347 0.410868
vt 0.916985 0.553188
vt 0.902453 0.549367
vt 0.916985 0.549367
vt 0.902453 0.553188
vt 0.887921 0.553188
vt 0.902453 0.549367
vt 0.902453 0.553188
vt 0.887921 0.549367
vt 0.916985 0.549367
vt 0.916985 0.553188
vt 0.902453 0.553188
vt 0.916985 0.553188
vt 0.887921 0.549367
vt 0.916985 0.549367
vt 0.985383 0.887450
vt 0.987898 0.891524
vt 0.987313 0.892109
vt 0.986210 0.887450
vt 0.986210 0.887450
vt 0.987313 0.882791
vt 0.987898 0.883376
vt 0.987313 0.892109
vt 0.987898 0.883376
vt 0.902453 0.558019
vt 0.913340 0.558019
vt 0.891566 0.558019
vt 0.913340 0.558019
vt 0.902453 0.558019
vt 0.902453 0.558019
vt 0.913339 0.558019
vt 0.902453 0.592620
vt 0.913340 0.592620
vt 0.891566 0.592620
vt 0.902453 0.592620
vt 0.913340 0.592620
vt 0.902453 0.592620
vt 0.913339 0.592620
vt 0.902453 0.595649
vt 0.910944 0.595649
vt 0.893961 0.595649
vt 0.910944 0.595649
vt 0.902453 0.595649
vt 0.902453 0.630847
vt 0.910944 0.630847
vt 0.893961 0.630847
vt 0.910944 0.630847
vt 0.902453 0.630847
vt 0.902453 0.700284
vt 0.902453 0.700284
vt 0.495790 0.557792
vt 0.532442 0.557814
vt 0.514178 0.569033
vt 0.485253 0.545042
vt 0.543014 0.545046
vt 0.548067 0.523723
vt 0.480204 0.523722
vt 0.480204 0.462164
vt 0.548067 0.462164
vt 0.678277 0.909172
vt 0.685927 0.781706
vt 0.700365 0.909465
vt 0.679969 0.781627
vt 0.646829 0.559752
vt 0.663913 0.487812
vt 0.663913 0.559752
vt 0.646829 0.487812
vt 0.576585 0.907823
vt 0.572318 0.780199
vt 0.578277 0.780278
vt 0.554497 0.907530
vt 0.544237 0.374961
vt 0.561321 0.446901
vt 0.544237 0.446901
vt 0.561321 0.374961
vt 0.667895 0.853554
vt 0.668851 0.781480
vt 0.626397 0.986384
vt 0.649117 0.893202
vt 0.661652 0.878438
vt 0.606158 0.892632
vt 0.594019 0.877541
vt 0.588439 0.852500
vt 0.589395 0.780425
vt 0.627462 0.906109
vt 0.550718 0.462164
vt 0.550718 0.523723
vt 0.550647 0.524335
vt 0.545594 0.545657
vt 0.545055 0.546745
vt 0.534491 0.559502
vt 0.534009 0.560471
vt 0.515834 0.571634
vt 0.512748 0.571319
vt 0.494402 0.560051
vt 0.493746 0.559481
vt 0.483209 0.546731
vt 0.482673 0.545653
vt 0.477624 0.524333
vt 0.477553 0.462164
vt 0.477553 0.523722
vt 0.139042 0.364788
vt 0.139042 0.340960
vt 0.139736 0.364788
vt 0.139736 0.340960
vt 0.140596 0.340960
vt 0.140596 0.364788
vt 0.139902 0.340960
vt 0.139902 0.364788
vt 0.144202 0.304555
vt 0.144202 0.281185
vt 0.145472 0.304555
vt 0.145472 0.281185
vt 0.126810 0.281199
vt 0.126551 0.304568
vt 0.125541 0.281185
vt 0.125281 0.304554
vt 0.177791 0.346131
vt 0.177762 0.365001
vt 0.170464 0.346120
vt 0.170434 0.364989
vt 0.084428 0.305277
vt 0.084428 0.281185
vt 0.084794 0.305277
vt 0.084794 0.281185
vt 0.084363 0.306557
vt 0.084363 0.330649
vt 0.083998 0.306557
vt 0.083998 0.330649
s 0
usemtl mat_cathedral
f 11/1/1 9/2/1 7/3/1
f 9/2/1 11/1/1 10/4/1
f 7/3/1 9/2/1 8/5/1
s 1
f 3/6/2 12/7/3 13/8/3
f 12/7/3 3/6/2 1/9/2
s 0
f 15/10/4 14/11/4 16/12/4
f 16/12/4 14/11/4 1094/13/4
f 2/14/5 18/15/5 1096/16/5
f 1096/16/5 18/15/5 17/17/5
f 20/18/6 22/19/6 21/20/6
f 19/21/6 23/22/6 22/19/6
f 22/19/6 20/18/6 19/21/6
f 20/18/7 1104/23/7 19/21/7
f 20/18/1 26/24/1 24/25/1
f 26/24/1 20/18/1 21/20/1
f 24/25/1 26/24/1 25/26/1
f 28/27/4 17/28/4 27/29/4
f 17/28/4 28/27/4 1096/30/4
s 1
f 32/31/8 31/32/8 29/33/9
f 29/33/9 31/32/8 30/34/10
s 0
f 4/35/5 20/18/5 24/25/5
f 20/18/5 4/35/5 1104/23/5
f 25/26/1 18/15/1 24/25/1
f 18/15/1 25/26/1 33/36/1
f 34/37/11 33/36/11 25/26/11
f 33/36/11 34/37/11 9/2/11
f 36/38/4 35/39/4 15/10/4
f 15/10/4 35/39/4 14/11/4
s 1
f 23/40/12 13/8/13 32/41/14
f 23/40/12 32/41/14 22/42/15
s 0
f 37/43/2 39/44/2 38/45/2
s 1
f 40/46/16 21/20/17 29/33/18
f 13/8/3 31/47/8 32/41/8
f 31/47/8 13/8/3 12/7/3
f 3/6/19 23/40/12 41/48/19
f 23/40/12 3/6/19 13/8/13
f 29/33/18 21/20/17 22/19/15
f 22/19/15 32/31/14 29/33/18
s 0
f 44/49/4 43/50/4 34/51/4
f 34/51/4 43/50/4 42/52/4
f 45/53/20 44/49/20 34/51/20
f 45/53/20 34/51/20 46/54/20
f 45/55/21 46/56/21 39/44/21
f 40/46/22 26/24/22 21/20/22
f 26/24/23 34/37/23 25/26/23
f 39/57/24 46/58/24 38/59/24
f 46/60/25 37/61/25 38/62/25
f 34/51/20 26/63/20 46/54/20
f 46/56/21 40/64/21 37/43/21
f 40/64/21 46/56/21 26/65/21
f 50/66/2 48/67/2 47/68/2
f 48/67/2 50/66/2 49/69/2
s 1
f 40/64/26 50/66/26 37/43/26
f 39/44/26 37/43/26 47/68/26
f 50/66/26 47/68/26 37/43/26
f 29/33/9 30/34/10 50/70/27
f 50/70/27 30/34/10 49/71/27
f 40/46/16 29/33/18 50/70/28
s 0
f 34/37/1 8/5/1 9/2/1
f 8/5/1 34/37/1 42/72/1
f 2/14/5 24/25/5 18/15/5
f 24/25/5 2/14/5 4/35/5
f 52/17/1 10/4/1 11/1/1
f 10/4/1 52/17/1 51/15/1
f 52/73/4 27/29/4 17/28/4
f 27/29/4 52/73/4 11/74/4
f 51/75/2 18/76/2 33/77/2
f 51/75/2 33/77/2 10/78/2
f 33/77/2 9/79/2 10/78/2
f 17/80/29 54/81/29 53/82/29
f 54/81/29 17/80/29 18/83/29
f 52/84/29 17/80/29 55/85/29
f 55/85/29 17/80/29 53/82/29
f 56/86/29 52/84/29 55/85/29
f 51/87/29 52/84/29 56/86/29
f 56/86/29 18/83/29 51/87/29
f 18/83/29 56/86/29 54/81/29
f 54/88/30 57/89/30 53/90/30
f 57/89/30 54/88/30 58/91/30
f 53/92/31 59/93/31 55/94/31
f 59/93/31 53/92/31 60/95/31
f 55/96/32 61/97/32 56/98/32
f 61/97/32 55/96/32 62/99/32
f 54/100/33 64/101/33 63/102/33
f 64/101/33 54/100/33 56/103/33
f 65/104/34 57/89/34 66/105/34
f 66/105/34 57/89/34 58/91/34
f 67/106/4 59/93/4 68/107/4
f 68/107/4 59/93/4 60/95/4
f 69/108/1 62/99/1 70/109/1
f 62/99/1 69/108/1 61/97/1
f 71/110/2 63/102/2 72/111/2
f 72/111/2 63/102/2 64/101/2
f 54/88/35 63/112/35 58/91/35
f 53/90/36 57/89/36 60/113/36
f 55/96/37 59/114/37 62/99/37
f 56/98/38 61/97/38 64/115/38
f 71/116/39 58/91/39 63/112/39
f 58/91/39 71/116/39 66/105/39
f 65/104/40 60/113/40 57/89/40
f 60/113/40 65/104/40 68/117/40
f 70/109/41 59/114/41 67/118/41
f 59/114/41 70/109/41 62/99/41
f 72/119/42 61/97/42 69/108/42
f 61/97/42 72/119/42 64/115/42
f 66/105/43 73/120/43 65/104/43
f 73/120/43 66/105/43 74/121/43
f 73/122/44 68/107/44 65/123/44
f 68/107/44 73/122/44 75/124/44
f 68/107/45 76/125/45 67/106/45
f 76/125/45 68/107/45 75/124/45
f 77/126/46 67/106/46 76/125/46
f 67/106/47 77/126/46 70/127/46
f 69/108/48 77/128/48 78/129/48
f 77/128/48 69/108/48 70/109/48
f 72/111/49 78/130/49 79/131/49
f 78/130/50 72/111/50 69/132/49
f 71/110/51 79/131/51 80/133/51
f 79/131/51 71/110/51 72/111/51
f 66/134/52 71/110/53 74/135/52
f 71/110/52 80/133/52 74/135/52
f 85/136/34 83/137/34 81/138/34
f 83/137/34 85/136/34 84/139/34
f 81/138/34 83/137/34 82/140/34
f 90/141/54 87/142/54 86/143/54
f 87/142/54 90/141/54 88/144/54
f 90/141/54 89/145/54 88/144/54
f 95/146/4 92/147/4 91/148/4
f 93/149/4 95/146/4 94/150/4
f 92/147/4 95/146/4 93/149/4
f 100/141/55 97/151/55 96/152/55
f 97/151/55 100/141/55 98/144/55
f 100/141/55 99/153/55 98/144/55
f 105/136/1 102/154/1 101/155/1
f 103/156/1 105/136/1 104/157/1
f 102/154/1 105/136/1 103/156/1
f 108/158/56 106/152/56 110/141/56
f 106/152/56 108/158/56 107/159/56
f 110/141/56 109/153/56 108/158/56
f 115/160/2 113/161/2 111/162/2
f 113/161/2 115/160/2 114/163/2
f 111/162/2 113/161/2 112/164/2
f 118/165/57 116/166/57 120/167/57
f 116/166/57 118/165/57 117/168/57
f 120/167/58 119/169/58 118/165/58
f 121/170/59 123/171/59 122/172/59
f 124/173/60 123/174/60 125/175/60
f 125/176/61 123/177/61 126/178/61
f 127/179/62 123/180/62 128/181/62
f 129/182/59 123/183/59 130/184/59
f 130/185/60 123/186/60 131/187/60
f 132/188/61 123/189/61 133/190/61
f 134/191/62 123/192/62 121/193/62
f 126/194/63 123/195/63 127/196/63
f 123/197/63 132/198/63 135/199/63
f 131/182/64 123/183/64 135/184/64
f 123/200/64 124/172/64 136/170/64
f 122/201/65 123/202/65 136/203/65
f 123/180/65 129/204/65 137/179/65
f 128/205/66 123/183/66 137/184/66
f 123/171/66 134/172/66 133/170/66
s 1
f 141/206/67 139/207/67 138/208/67
f 139/207/67 141/206/67 140/209/67
f 144/210/68 142/211/68 145/212/68
f 142/211/68 144/210/68 143/213/68
f 148/214/69 146/215/69 149/216/69
f 146/215/69 148/214/69 147/217/69
f 152/218/70 150/219/70 153/220/70
f 150/219/70 152/218/70 151/221/70
f 156/222/71 154/223/71 157/224/71
f 154/223/71 156/222/71 155/225/71
f 160/226/72 158/227/72 161/228/72
f 158/227/72 160/226/72 159/229/72
f 164/230/73 162/231/73 165/232/73
f 162/231/73 164/230/73 163/233/73
f 168/234/74 166/235/74 169/236/74
f 166/235/74 168/234/74 167/237/74
s 0
f 173/238/75 171/239/75 170/240/75
f 171/239/76 173/238/76 172/241/76
f 174/242/77 172/243/77 175/244/77
f 172/243/77 174/242/77 171/245/77
f 175/244/78 176/246/78 174/242/78
f 176/246/79 175/244/79 177/247/79
f 177/248/80 179/249/80 176/250/80
f 178/251/80 176/250/80 179/249/80
f 178/251/81 181/241/81 180/252/81
f 181/241/82 178/251/82 179/249/82
f 183/244/83 180/253/83 181/254/83
f 182/255/84 180/253/84 183/244/84
f 184/256/85 182/255/85 185/247/85
f 182/255/86 183/244/86 185/247/86
f 170/240/87 185/248/87 173/238/87
f 185/248/88 170/240/88 184/257/88
f 186/258/89 173/238/89 187/259/89
f 173/238/89 186/258/89 172/241/89
f 175/244/90 186/260/90 188/261/90
f 186/260/90 175/244/90 172/243/90
f 189/262/91 175/244/91 188/261/91
f 175/244/92 189/262/92 177/247/92
f 179/249/93 189/263/93 190/264/93
f 189/263/94 179/249/94 177/248/94
f 191/265/95 179/249/95 190/264/95
f 179/249/96 191/265/96 181/241/96
f 183/244/97 191/266/97 192/267/97
f 191/266/98 183/244/98 181/254/98
f 193/268/99 183/244/99 192/267/99
f 183/244/99 193/268/99 185/247/99
f 173/238/100 193/269/100 187/259/100
f 193/269/100 173/238/100 185/248/100
f 189/270/29 188/271/29 186/272/29
f 193/273/101 186/272/101 187/274/101
f 191/275/29 189/270/29 186/272/29
f 191/275/29 186/272/29 193/273/29
f 191/275/29 193/273/29 192/276/29
f 189/270/102 191/275/102 190/277/102
s 1
f 1104/278/103 194/279/103 19/280/103
s 0
f 23/40/2 19/280/2 194/279/2
f 194/279/2 41/48/2 23/40/2
f 196/281/34 73/120/34 74/121/34
f 73/120/34 196/281/34 195/282/34
f 136/283/34 195/282/34 197/284/34
f 195/282/34 136/283/34 73/120/34
f 198/285/34 136/283/34 197/284/34
f 122/286/34 136/283/34 198/285/34
f 121/287/34 198/285/34 199/288/34
f 198/285/34 121/287/34 122/286/34
f 196/281/34 121/287/34 199/288/34
f 74/121/34 121/287/34 196/281/34
f 73/122/54 200/289/54 75/124/54
f 200/289/54 73/122/54 201/290/54
f 125/291/54 200/289/54 202/292/54
f 200/289/104 125/291/104 75/124/104
f 203/293/104 125/291/104 202/292/104
f 124/294/104 125/291/104 203/293/104
f 136/295/54 203/293/54 204/296/54
f 203/293/54 136/295/54 124/294/54
f 201/290/54 136/295/54 204/296/54
f 73/122/54 136/295/54 201/290/54
f 206/297/4 76/125/4 75/124/4
f 76/125/4 206/297/4 205/298/4
f 127/299/4 205/298/4 207/300/4
f 205/298/4 127/299/4 76/125/4
f 208/301/4 127/299/4 207/300/4
f 126/302/4 127/299/4 208/301/4
f 125/291/4 208/301/4 209/303/4
f 208/301/4 125/291/4 126/302/4
f 206/297/4 125/291/4 209/303/4
f 75/124/4 125/291/4 206/297/4
f 76/125/55 210/304/55 77/126/55
f 210/304/55 76/125/55 211/305/55
f 137/306/55 210/304/55 212/307/55
f 210/304/55 137/306/55 77/126/55
f 213/308/55 137/306/55 212/307/55
f 128/309/105 137/306/105 213/308/105
f 127/299/55 213/308/55 214/310/55
f 213/308/55 127/299/55 128/309/55
f 211/305/55 127/299/55 214/310/55
f 76/125/55 127/299/55 211/305/55
f 215/311/1 77/128/1 216/312/1
f 78/129/1 77/128/1 215/311/1
f 130/313/1 215/311/1 217/314/1
f 215/311/1 130/313/1 78/129/1
f 218/315/1 130/313/1 217/314/1
f 129/316/1 130/313/1 218/315/1
f 137/317/1 218/315/1 219/318/1
f 218/315/1 137/317/1 129/316/1
f 216/312/1 137/317/1 219/318/1
f 77/128/1 137/317/1 216/312/1
f 78/130/56 220/319/56 79/131/56
f 220/319/56 78/130/56 221/320/56
f 135/321/56 220/319/56 222/322/56
f 220/319/56 135/321/56 79/131/56
f 223/323/106 135/321/106 222/322/106
f 131/324/56 135/321/56 223/323/56
f 130/325/106 223/323/106 224/326/106
f 223/323/106 130/325/106 131/324/106
f 221/320/56 130/325/56 224/326/56
f 78/130/106 130/325/106 221/320/106
f 225/327/2 79/131/2 226/328/2
f 80/133/2 79/131/2 225/327/2
f 133/329/2 225/327/2 227/330/2
f 225/327/2 133/329/2 80/133/2
f 228/331/2 133/329/2 227/330/2
f 132/332/2 133/329/2 228/331/2
f 135/321/2 228/331/2 229/333/2
f 228/331/2 135/321/2 132/332/2
f 226/328/2 135/321/2 229/333/2
f 79/131/2 135/321/2 226/328/2
f 80/133/57 230/334/57 74/135/57
f 230/334/57 80/133/57 231/335/57
f 121/336/57 230/334/57 232/337/57
f 230/334/58 121/336/58 74/135/58
f 233/338/58 121/336/58 232/337/58
f 134/339/57 121/336/57 233/338/57
f 133/329/57 233/338/57 234/340/57
f 233/338/57 133/329/57 134/339/57
f 231/335/57 133/329/57 234/340/57
f 80/133/57 133/329/57 231/335/57
f 82/341/29 196/342/29 81/343/29
f 196/342/29 82/341/29 195/344/29
f 197/345/2 82/346/2 83/347/2
f 82/346/2 197/345/2 195/348/2
f 198/349/107 197/350/107 84/351/107
f 84/351/107 197/350/107 83/352/107
f 84/353/108 85/354/108 198/355/108
f 198/355/108 85/354/108 199/356/108
f 85/357/4 81/358/4 199/359/4
f 199/359/4 81/358/4 196/360/4
f 86/361/29 200/362/29 201/363/29
f 200/362/29 86/361/29 87/364/29
f 202/365/109 200/366/109 88/367/109
f 88/367/110 200/366/110 87/368/110
f 203/369/111 88/370/111 89/371/111
f 88/370/111 203/369/111 202/372/111
f 89/373/112 204/374/112 203/375/112
f 204/374/112 89/373/112 90/376/112
f 90/377/113 86/378/113 204/379/113
f 204/379/114 86/378/114 201/380/114
f 205/381/29 206/382/29 92/383/29
f 92/383/29 206/382/29 91/384/29
f 207/385/34 92/386/34 93/387/34
f 92/386/34 207/385/34 205/388/34
f 208/389/115 93/390/115 94/391/115
f 93/390/115 208/389/115 207/392/115
f 94/393/116 95/394/116 208/395/116
f 208/395/116 95/394/116 209/396/116
f 95/397/1 91/398/1 209/399/1
f 209/399/1 91/398/1 206/400/1
f 97/401/29 211/402/29 96/403/29
f 211/402/29 97/401/29 210/404/29
f 212/405/117 210/406/117 98/407/117
f 98/407/118 210/406/118 97/408/118
f 98/409/119 99/410/119 212/411/119
f 213/412/119 212/411/119 99/410/119
f 99/413/120 100/411/120 213/410/120
f 213/410/120 100/411/120 214/409/120
f 100/414/121 96/415/121 214/416/121
f 214/416/122 96/415/122 211/417/122
f 101/418/29 102/419/29 216/420/29
f 215/421/29 216/420/29 102/419/29
f 217/422/4 102/423/4 103/424/4
f 102/423/4 217/422/4 215/425/4
f 218/426/108 217/427/108 104/428/108
f 104/428/108 217/427/108 103/429/108
f 104/430/107 105/431/107 218/432/107
f 218/432/107 105/431/107 219/433/107
f 105/434/2 101/435/2 219/436/2
f 219/436/2 101/435/2 216/437/2
f 220/438/29 221/439/29 107/440/29
f 107/440/29 221/439/29 106/441/29
f 222/442/113 220/443/113 108/444/113
f 108/444/114 220/443/114 107/445/114
f 223/446/112 108/447/112 109/371/112
f 108/447/112 223/446/112 222/448/112
f 109/369/111 224/370/111 223/371/111
f 224/370/111 109/369/111 110/372/111
f 106/449/109 224/450/109 110/451/109
f 224/450/109 106/449/109 221/452/109
f 111/453/29 112/454/29 226/455/29
f 226/455/29 112/454/29 225/456/29
f 227/457/1 225/458/1 113/459/1
f 113/459/1 225/458/1 112/460/1
f 228/461/116 227/462/116 114/463/116
f 114/463/116 227/462/116 113/464/116
f 114/465/115 115/466/115 228/467/115
f 228/467/115 115/466/115 229/468/115
f 115/469/34 226/470/34 229/471/34
f 226/470/34 115/469/34 111/472/34
f 116/473/29 230/474/29 231/475/29
f 230/474/29 116/473/29 117/476/29
f 232/477/122 230/478/122 118/479/122
f 118/479/122 230/478/122 117/480/122
f 118/409/120 119/410/120 232/411/120
f 233/413/120 232/411/120 119/410/120
f 119/412/119 120/411/119 233/410/119
f 233/410/119 120/411/119 234/409/119
f 120/481/118 231/482/118 234/483/118
f 231/482/117 120/481/117 116/484/117
f 235/485/67 237/486/67 236/487/67
f 237/486/67 235/485/67 238/488/67
f 171/239/67 237/486/67 239/489/67
f 171/239/67 236/487/67 237/486/67
f 239/489/67 170/240/67 171/239/67
f 170/240/67 239/489/67 240/490/67
f 238/488/67 170/240/67 240/490/67
f 235/485/67 170/240/67 238/488/67
f 236/491/68 242/492/68 241/493/68
f 242/492/68 236/491/68 243/494/68
f 174/242/68 242/492/68 244/495/68
f 174/242/68 241/493/68 242/492/68
f 244/495/68 171/245/68 174/242/68
f 171/245/68 244/495/68 245/496/68
f 243/494/68 171/245/68 245/496/68
f 236/491/68 171/245/68 243/494/68
f 246/497/69 248/498/69 247/499/69
f 248/498/69 246/497/69 241/493/69
f 176/246/69 247/499/69 249/500/69
f 176/246/69 246/497/69 247/499/69
f 250/501/69 176/246/69 249/500/69
f 174/242/69 176/246/69 250/501/69
f 248/498/69 174/242/69 250/501/69
f 241/493/69 174/242/69 248/498/69
f 251/502/70 253/503/70 252/504/70
f 253/503/70 251/502/70 246/505/70
f 178/251/70 252/504/70 254/506/70
f 178/251/70 251/502/70 252/504/70
f 255/507/70 178/251/70 254/506/70
f 176/250/70 178/251/70 255/507/70
f 253/503/70 176/250/70 255/507/70
f 246/505/70 176/250/70 253/503/70
f 251/502/71 257/486/71 256/487/71
f 257/486/71 251/502/71 258/488/71
f 180/252/71 257/486/71 259/508/71
f 180/252/71 256/487/71 257/486/71
f 259/508/71 178/251/71 180/252/71
f 178/251/71 259/508/71 260/509/71
f 258/488/71 178/251/71 260/509/71
f 251/502/71 178/251/71 258/488/71
f 256/491/72 262/492/72 261/493/72
f 262/492/72 256/491/72 263/494/72
f 182/255/72 262/492/72 264/510/72
f 182/255/72 261/493/72 262/492/72
f 264/510/72 180/253/72 182/255/72
f 180/253/72 264/510/72 265/511/72
f 263/494/72 180/253/72 265/511/72
f 256/491/72 180/253/72 263/494/72
f 266/497/73 268/512/73 267/499/73
f 268/512/73 266/497/73 261/493/73
f 184/256/73 267/499/73 269/513/73
f 184/256/73 266/497/73 267/499/73
f 270/514/73 184/256/73 269/513/73
f 182/255/73 184/256/73 270/514/73
f 268/512/73 182/255/73 270/514/73
f 261/493/73 182/255/73 268/512/73
f 235/485/74 272/503/74 271/504/74
f 272/503/74 235/485/74 266/505/74
f 170/240/74 271/504/74 273/515/74
f 170/240/74 235/485/74 271/504/74
f 274/516/74 170/240/74 273/515/74
f 184/257/74 170/240/74 274/516/74
f 272/503/74 184/257/74 274/516/74
f 266/505/74 184/257/74 272/503/74
f 138/517/29 237/518/29 238/519/29
f 237/518/29 138/517/29 139/520/29
f 239/521/73 237/522/73 140/523/73
f 140/523/73 237/522/73 139/524/73
f 141/525/123 239/526/123 140/527/123
f 239/526/123 141/525/123 240/528/123
f 141/521/69 138/522/69 240/523/69
f 240/523/69 138/522/69 238/524/69
f 242/529/29 142/530/29 143/531/29
f 142/530/29 242/529/29 243/532/29
f 244/533/74 242/534/74 144/523/74
f 144/523/74 242/534/74 143/535/74
f 245/536/123 244/537/123 145/538/123
f 244/537/123 144/539/123 145/538/123
f 145/540/70 142/541/70 245/542/70
f 245/542/70 142/541/70 243/543/70
f 147/544/29 248/545/29 146/546/29
f 248/545/29 147/544/29 247/547/29
f 249/533/67 247/548/67 148/523/67
f 148/523/67 247/548/67 147/549/67
f 148/550/123 250/551/123 249/552/123
f 250/551/123 148/550/123 149/553/123
f 149/554/71 146/555/71 250/556/71
f 250/556/71 146/555/71 248/557/71
f 150/558/29 252/559/29 253/560/29
f 252/559/29 150/558/29 151/561/29
f 254/562/68 252/563/68 152/564/68
f 152/564/68 252/563/68 151/565/68
f 153/566/123 254/567/123 152/568/123
f 254/567/123 153/566/123 255/569/123
f 153/521/72 150/522/72 255/523/72
f 255/523/72 150/522/72 253/524/72
f 155/570/29 258/571/29 154/572/29
f 258/571/29 155/570/29 257/573/29
f 259/574/69 257/575/69 156/564/69
f 156/564/69 257/575/69 155/576/69
f 156/577/123 260/578/123 259/579/123
f 260/578/123 156/577/123 157/580/123
f 157/574/73 154/575/73 260/564/73
f 260/564/73 154/575/73 258/576/73
f 158/581/29 262/582/29 263/583/29
f 262/582/29 158/581/29 159/584/29
f 264/533/70 159/535/70 160/523/70
f 159/535/70 264/533/70 262/534/70
f 161/585/123 264/586/123 160/587/123
f 264/586/123 161/585/123 265/588/123
f 161/533/74 158/534/74 265/523/74
f 265/523/74 158/534/74 263/535/74
f 267/589/29 268/590/29 163/591/29
f 268/590/29 162/592/29 163/591/29
f 269/533/71 163/535/71 164/523/71
f 163/535/71 269/533/71 267/534/71
f 270/593/123 164/594/123 165/595/123
f 164/594/123 270/593/123 269/596/123
f 165/533/67 162/534/67 270/523/67
f 270/523/67 162/534/67 268/535/67
f 166/597/29 271/598/29 272/599/29
f 271/598/29 166/597/29 167/600/29
f 273/574/72 271/575/72 168/564/72
f 168/564/72 271/575/72 167/576/72
f 168/601/123 169/602/123 273/603/123
f 274/604/123 273/603/123 169/602/123
f 169/574/68 166/575/68 274/564/68
f 274/564/68 166/575/68 272/576/68
f 277/605/124 275/606/124 278/607/124
f 275/606/124 277/605/124 276/608/124
f 276/609/125 280/610/125 279/611/125
f 280/610/125 276/609/125 281/612/125
f 282/613/126 284/614/126 283/615/126
f 284/614/127 282/613/127 279/616/127
f 285/617/4 278/607/4 286/618/4
f 278/607/4 285/617/4 277/605/4
f 287/619/1 281/612/1 288/620/1
f 281/612/1 287/619/1 280/610/1
f 289/621/2 283/615/2 290/622/2
f 290/622/2 283/615/2 284/614/2
f 276/609/128 277/623/128 281/612/128
f 279/611/129 280/610/129 284/624/129
f 288/620/41 277/623/41 285/625/41
f 277/623/41 288/620/41 281/612/41
f 287/619/42 284/624/42 280/610/42
f 284/624/42 287/619/42 290/626/42
f 292/627/130 294/628/130 293/629/130
f 294/628/130 292/627/130 291/630/130
f 295/631/131 292/632/131 293/633/131
f 292/632/131 295/631/131 286/618/131
f 285/617/132 295/631/132 296/634/132
f 295/631/132 285/617/132 286/618/132
f 296/634/133 288/635/133 285/617/133
f 288/635/133 296/634/133 297/636/133
f 287/619/134 297/637/134 298/638/134
f 297/637/134 287/619/134 288/620/134
f 299/639/135 287/640/135 298/641/135
f 287/640/135 299/639/135 290/622/135
f 290/622/136 300/642/136 289/621/136
f 300/642/136 290/622/136 299/639/136
f 294/643/137 289/621/137 300/642/137
f 289/621/137 294/643/137 291/644/137
f 301/170/138 303/171/138 302/172/138
f 304/645/139 303/646/139 305/647/139
f 305/648/140 303/649/140 306/650/140
f 307/651/141 303/646/141 308/652/141
f 309/182/142 303/183/142 310/184/142
f 310/653/139 303/654/139 311/655/139
f 312/656/140 303/657/140 313/658/140
f 314/659/141 303/660/141 301/661/141
f 306/662/143 303/663/143 307/664/143
f 303/665/143 312/666/143 315/667/143
f 311/182/144 303/183/144 315/184/144
f 303/171/144 304/172/144 316/170/144
f 302/668/145 303/669/145 316/670/145
f 303/646/145 309/671/145 317/672/145
f 308/182/146 303/183/146 317/184/146
f 303/171/146 314/172/146 313/170/146
f 321/673/147 319/674/147 318/675/147
f 319/674/147 321/673/147 320/676/147
f 322/677/148 320/678/148 323/679/148
f 320/678/148 322/677/148 319/680/148
f 323/679/149 324/681/149 322/677/149
f 324/681/149 323/679/149 325/682/149
f 325/683/150 327/673/150 324/684/150
f 326/675/150 324/684/150 327/673/150
f 326/675/151 329/685/151 328/674/151
f 329/685/151 326/675/151 327/673/151
f 331/686/152 328/680/152 329/678/152
f 330/687/152 328/680/152 331/686/152
f 332/681/153 330/687/153 333/682/153
f 330/687/153 331/686/153 333/682/153
f 318/675/154 333/688/154 321/673/154
f 333/688/154 318/675/154 332/684/154
f 334/689/155 321/673/155 335/690/155
f 321/673/155 334/689/155 320/676/155
f 323/679/156 334/691/156 336/692/156
f 334/691/156 323/679/156 320/678/156
f 337/693/157 323/679/157 336/692/157
f 323/679/157 337/693/157 325/682/157
f 327/673/158 337/694/158 338/690/158
f 337/694/158 327/673/158 325/683/158
f 339/695/159 327/673/159 338/690/159
f 327/673/159 339/695/159 329/685/159
f 331/686/160 339/691/160 340/696/160
f 339/691/160 331/686/160 329/678/160
f 341/693/161 331/686/161 340/696/161
f 331/686/161 341/693/161 333/682/161
f 321/673/162 341/694/162 335/690/162
f 341/694/162 321/673/162 333/688/162
f 316/697/34 293/629/34 301/698/34
f 301/698/34 302/699/34 316/697/34
f 301/698/34 293/629/34 294/628/34
f 316/700/54 295/631/54 293/633/54
f 305/647/54 316/700/54 304/645/54
f 295/631/54 316/700/54 305/647/54
f 305/647/4 296/634/4 295/631/4
f 307/651/4 305/647/4 306/701/4
f 296/634/4 305/647/4 307/651/4
f 307/651/55 297/636/55 296/634/55
f 317/672/55 307/651/55 308/652/55
f 297/636/55 307/651/55 317/672/55
f 317/702/1 310/703/1 298/638/1
f 310/703/1 317/702/1 309/704/1
f 317/702/1 298/638/1 297/637/1
f 310/705/56 315/706/56 298/641/56
f 315/706/56 310/705/56 311/707/56
f 315/706/56 299/639/56 298/641/56
f 315/706/2 313/708/2 299/639/2
f 313/708/2 315/706/2 312/709/2
f 299/639/2 313/708/2 300/642/2
f 313/708/57 301/710/57 300/642/57
f 301/710/57 313/708/57 314/711/57
f 301/710/57 294/643/57 300/642/57
f 319/674/67 342/712/67 318/675/67
f 342/712/67 319/674/67 343/713/67
f 322/677/68 344/714/68 319/680/68
f 319/680/68 344/714/68 343/715/68
f 324/681/69 345/716/69 322/677/69
f 322/677/69 345/716/69 344/714/69
f 326/675/70 346/717/70 324/684/70
f 324/684/70 346/717/70 345/718/70
f 328/674/71 347/713/71 326/675/71
f 326/675/71 347/713/71 346/717/71
f 330/687/72 348/719/72 328/680/72
f 328/680/72 348/719/72 347/715/72
f 332/681/73 349/716/73 330/687/73
f 330/687/73 349/716/73 348/719/73
f 318/675/74 349/718/74 332/684/74
f 349/718/74 318/675/74 342/712/74
f 275/606/4 276/608/4 350/720/4
f 276/608/4 351/721/4 350/720/4
f 351/722/163 276/609/163 279/611/163
f 279/611/163 352/723/163 351/722/163
f 279/616/164 353/724/164 352/725/164
f 353/724/164 279/616/164 282/613/164
f 289/726/165 291/630/165 354/727/165
f 286/728/166 355/729/166 292/627/166
s 1
f 360/730/1 358/731/1 356/732/1
f 358/731/1 360/730/1 359/733/1
f 356/732/1 358/731/1 357/734/1
s 0
f 362/735/2 357/736/2 358/737/2
f 357/736/2 362/735/2 361/738/2
f 359/739/167 362/735/167 358/737/167
f 362/735/167 359/739/167 363/740/167
f 359/741/168 364/742/168 363/743/168
f 364/742/168 359/741/168 360/744/168
f 360/744/4 356/745/4 364/742/4
f 364/742/4 356/745/4 365/746/4
s 1
f 47/747/34 361/748/34 362/749/34
f 361/748/34 47/747/34 48/750/34
f 362/751/34 363/752/34 39/753/34
f 39/753/34 363/752/34 45/754/34
s 0
f 39/755/34 47/756/34 362/757/34
s 1
f 364/758/34 365/759/34 44/760/34
f 44/760/34 365/759/34 43/761/34
s 0
f 364/762/34 45/763/34 363/764/34
f 45/763/34 364/762/34 44/765/34
f 344/766/123 346/767/123 342/768/123
f 348/769/123 346/767/123 347/770/123
f 342/768/123 348/769/123 349/771/123
f 346/767/123 344/766/123 345/772/123
f 346/767/123 348/769/123 342/768/123
f 344/766/123 342/768/123 343/773/123
f 11/1/1 7/3/1 36/774/1
f 36/774/1 7/3/1 35/775/1
f 36/38/169 15/10/169 11/74/169
f 27/29/169 11/74/169 15/10/169
f 15/10/169 16/12/169 27/29/169
f 28/27/169 27/29/169 16/12/169
s 1
f 374/776/4 368/777/4 366/778/4
f 373/779/4 368/777/4 374/776/4
f 370/780/4 373/779/4 372/781/4
f 370/780/4 372/781/4 371/782/4
f 369/783/4 373/779/4 370/780/4
f 368/777/4 373/779/4 369/783/4
f 366/778/4 368/777/4 367/784/4
f 376/785/1 375/786/1 377/787/1
f 377/787/1 375/786/1 378/788/1
f 379/789/170 377/787/170 380/790/170
f 377/787/170 379/789/170 376/785/170
f 384/791/34 382/792/34 381/793/34
f 382/792/34 384/791/34 383/794/34
s 0
f 380/795/171 384/791/171 379/796/171
f 379/796/171 384/791/171 381/793/171
f 377/797/4 378/798/4 385/799/4
f 385/799/4 378/798/4 386/800/4
f 380/801/4 377/797/4 387/802/4
f 377/797/4 388/803/4 387/802/4
f 384/804/4 390/805/4 389/806/4
f 390/805/4 384/804/4 380/801/4
f 383/807/4 384/804/4 392/808/4
f 392/808/4 391/809/4 383/807/4
f 384/804/4 389/806/4 392/808/4
f 390/805/4 380/801/4 393/810/4
f 380/801/4 387/802/4 393/810/4
f 388/803/4 377/797/4 385/799/4
f 385/811/34 367/812/34 368/813/34
f 367/812/34 385/811/34 386/814/34
f 388/815/172 368/816/172 369/817/172
f 368/816/172 388/815/172 385/818/172
f 387/819/173 388/820/173 370/821/173
f 370/821/173 388/820/173 369/822/173
f 393/823/174 387/824/174 371/825/174
f 371/825/174 387/824/174 370/826/174
f 390/827/175 393/828/175 372/829/175
f 372/829/175 393/828/175 371/830/175
f 372/831/176 373/832/176 390/833/176
f 390/833/176 373/832/176 389/834/176
f 373/835/177 374/836/177 389/837/177
f 389/837/177 374/836/177 392/838/177
f 374/839/1 366/840/1 392/841/1
f 392/841/1 366/840/1 391/842/1
f 396/843/29 394/844/29 397/845/29
f 394/844/29 396/843/29 395/846/29
f 399/847/34 401/848/34 400/849/34
f 401/848/34 399/847/34 398/850/34
f 403/851/34 402/852/34 405/853/34
f 405/853/34 404/854/34 403/851/34
f 404/854/34 406/855/34 403/851/34
f 406/855/34 404/854/34 407/856/34
s 1
f 396/857/1 397/858/1 408/859/1
f 408/859/1 409/860/1 396/857/1
s 0
f 403/861/2 410/862/2 411/863/2
f 410/862/2 403/861/2 406/864/2
f 411/863/2 410/862/2 412/865/2
f 414/866/2 402/867/2 403/861/2
f 414/866/2 403/861/2 411/863/2
f 402/867/2 414/866/2 413/868/2
f 414/869/178 415/870/178 413/871/178
f 409/860/178 413/871/178 415/870/178
f 416/872/179 399/873/179 417/874/179
f 399/873/179 416/872/179 398/875/179
f 399/876/180 400/877/180 417/878/180
f 417/878/180 400/877/180 418/879/180
f 418/880/29 419/881/29 420/882/29
f 419/881/29 418/880/29 400/883/29
f 419/884/2 396/885/2 420/886/2
f 396/885/2 419/884/2 395/887/2
f 422/888/181 413/868/181 421/889/181
f 413/868/181 422/888/181 402/867/181
f 421/890/29 423/891/29 422/892/29
f 423/891/29 421/890/29 408/893/29
f 394/894/2 408/895/2 397/896/2
f 408/895/2 394/894/2 423/897/2
f 426/898/182 424/899/182 411/900/182
f 424/899/182 426/898/182 425/901/182
f 411/863/2 412/865/2 426/902/2
f 426/902/2 412/865/2 427/903/2
s 1
f 418/904/1 420/905/1 396/857/1
f 396/857/1 409/860/1 418/904/1
f 413/871/1 408/859/1 421/906/1
f 408/859/1 413/871/1 409/860/1
f 409/860/1 416/907/1 418/904/1
f 416/907/1 417/908/1 418/904/1
s 0
f 400/849/34 395/909/34 419/910/34
f 395/909/34 405/853/34 423/911/34
f 401/848/34 405/853/34 395/909/34
f 401/848/34 395/909/34 400/849/34
f 423/911/34 405/853/34 402/852/34
f 395/912/34 423/913/34 394/914/34
f 423/911/34 402/852/34 422/915/34
s 1
f 426/898/1 428/916/1 425/901/1
f 428/916/1 426/898/1 427/917/1
f 415/870/1 411/900/1 424/899/1
f 411/900/1 415/870/1 414/869/1
s 0
f 431/918/29 430/919/29 429/920/29
f 431/918/29 429/920/29 432/921/29
f 434/922/34 401/923/34 398/924/34
f 401/923/34 434/922/34 433/925/34
f 438/926/34 436/927/34 435/928/34
f 436/927/34 438/926/34 437/929/34
f 437/929/34 440/930/34 439/931/34
f 440/930/34 437/929/34 438/926/34
s 1
f 431/932/1 441/933/1 430/934/1
f 441/933/1 431/932/1 409/860/1
s 0
f 444/935/4 442/862/4 438/861/4
f 442/862/4 444/935/4 443/936/4
f 438/861/4 442/862/4 440/864/4
f 435/867/4 445/866/4 438/861/4
f 445/866/4 435/867/4 446/868/4
f 438/861/4 445/866/4 444/935/4
f 446/937/178 409/860/178 415/870/178
f 446/937/178 415/870/178 445/938/178
f 416/872/183 447/939/183 434/940/183
f 416/872/183 434/940/183 398/875/183
f 447/941/184 433/942/184 434/943/184
f 433/942/184 447/941/184 448/944/184
f 448/945/29 450/946/29 449/947/29
f 448/945/29 449/947/29 433/948/29
f 449/949/4 431/950/4 432/951/4
f 431/950/4 449/949/4 450/952/4
f 452/888/185 446/868/185 435/867/185
f 446/868/185 452/888/185 451/889/185
f 451/953/29 453/954/29 441/955/29
f 453/954/29 451/953/29 452/956/29
f 429/957/4 441/958/4 453/959/4
f 441/958/4 429/957/4 430/960/4
f 454/961/182 424/899/182 425/901/182
f 424/899/182 454/961/182 444/962/182
f 443/936/4 444/935/4 454/963/4
f 443/936/4 454/963/4 455/964/4
s 1
f 448/965/1 431/932/1 450/966/1
f 448/965/1 409/860/1 431/932/1
f 441/933/1 446/937/1 451/967/1
f 446/937/1 441/933/1 409/860/1
f 416/907/1 448/965/1 447/968/1
f 416/907/1 409/860/1 448/965/1
s 0
f 433/925/34 449/969/34 432/970/34
f 432/970/34 401/923/34 433/925/34
f 436/927/34 401/923/34 432/970/34
f 436/927/34 432/970/34 453/971/34
f 436/927/34 453/971/34 435/928/34
f 432/972/34 429/973/34 453/974/34
f 453/971/34 452/975/34 435/928/34
s 1
f 425/901/1 455/976/1 454/961/1
f 455/976/1 425/901/1 428/916/1
f 415/870/1 444/962/1 445/938/1
f 444/962/1 415/870/1 424/899/1
f 457/977/2 456/978/2 458/979/2
f 456/978/2 459/980/2 458/979/2
f 462/981/2 461/982/2 460/983/2
f 460/983/2 458/979/2 462/981/2
f 458/979/2 459/980/2 462/981/2
s 0
f 464/984/186 456/978/186 457/977/186
f 463/985/186 456/978/186 464/984/186
f 456/978/186 463/985/186 6/986/186
s 1
f 467/987/29 465/988/187 468/989/29
f 465/988/187 467/987/29 466/990/187
f 471/991/1 469/992/1 472/993/1
f 469/992/1 471/991/1 470/994/1
f 476/995/34 474/996/34 473/997/34
f 474/996/34 476/995/34 475/998/34
f 480/999/4 478/1000/4 477/1001/4
f 478/1000/4 480/999/4 479/1002/4
f 468/1003/29 482/1004/188 467/1005/29
f 467/1005/29 482/1004/188 481/1006/188
f 478/1000/4 479/1002/4 484/1007/4
f 478/1000/4 484/1007/4 483/1008/4
s 0
f 466/990/1 472/993/1 465/988/1
f 472/993/1 466/990/1 471/991/1
f 482/1004/34 476/995/34 481/1006/34
f 476/995/34 482/1004/34 475/998/34
f 482/1009/4 485/1010/4 475/1011/4
f 485/1010/4 482/1009/4 468/1012/4
f 465/1013/4 472/1014/4 485/1010/4
f 485/1010/4 468/1012/4 465/1013/4
f 472/993/1 483/1015/1 484/1016/1
f 483/1015/1 472/993/1 469/992/1
f 479/1017/187 485/1018/187 472/993/187
f 479/1017/187 472/993/187 484/1016/187
f 480/1019/188 485/1020/188 479/1021/188
f 485/1020/188 480/1019/188 475/998/188
f 480/1019/34 477/1022/34 475/998/34
f 475/998/34 477/1022/34 474/996/34
s 1
f 488/987/29 486/1023/187 489/1024/29
f 486/1023/187 488/987/29 487/1025/187
f 492/991/1 490/992/1 493/993/1
f 490/992/1 492/991/1 491/994/1
f 497/1026/34 495/996/34 494/997/34
f 495/996/34 497/1026/34 496/1027/34
f 501/1028/4 499/1029/4 498/1030/4
f 499/1029/4 501/1028/4 500/1031/4
f 489/1032/29 503/1004/188 488/1033/29
f 488/1033/29 503/1004/188 502/1006/188
f 499/1029/4 500/1031/4 505/1034/4
f 499/1029/4 505/1034/4 504/1035/4
s 0
f 487/1025/1 493/993/1 486/1023/1
f 493/993/1 487/1025/1 492/991/1
f 503/1004/34 497/1026/34 502/1006/34
f 497/1026/34 503/1004/34 496/1027/34
f 503/1036/4 506/1037/4 496/1038/4
f 506/1037/4 503/1036/4 489/1039/4
f 486/1040/4 493/1041/4 506/1037/4
f 506/1037/4 489/1039/4 486/1040/4
f 493/993/1 504/1015/1 505/1016/1
f 504/1015/1 493/993/1 490/992/1
f 500/1042/187 506/1043/187 493/993/187
f 500/1042/187 493/993/187 505/1016/187
f 501/1044/188 506/1045/188 500/1046/188
f 506/1045/188 501/1044/188 496/1027/188
f 501/1044/34 498/1022/34 496/1027/34
f 496/1027/34 498/1022/34 495/996/34
s 1
f 509/1047/29 507/1048/189 510/1049/29
f 507/1048/189 509/1047/29 508/1050/189
f 513/1051/2 511/1052/2 514/1053/2
f 511/1052/2 513/1051/2 512/1054/2
f 517/1055/4 515/1056/4 518/1057/4
f 515/1056/4 517/1055/4 516/1058/4
f 522/999/1 520/1059/1 519/1060/1
f 520/1059/1 522/999/1 521/1061/1
f 510/1062/29 524/1063/190 509/1064/29
f 509/1064/29 524/1063/190 523/1065/190
f 520/1059/1 521/1061/1 526/1066/1
f 520/1059/1 526/1066/1 525/1067/1
s 0
f 508/1050/2 514/1053/2 507/1048/2
f 514/1053/2 508/1050/2 513/1051/2
f 524/1063/4 518/1057/4 523/1065/4
f 518/1057/4 524/1063/4 517/1055/4
f 524/1009/1 527/1068/1 517/1069/1
f 527/1068/1 524/1009/1 510/1070/1
f 507/1071/1 514/1072/1 527/1068/1
f 527/1068/1 510/1070/1 507/1071/1
f 514/1053/2 511/1052/2 526/1073/2
f 526/1073/2 511/1052/2 525/1074/2
f 527/1075/189 514/1053/189 521/1076/189
f 521/1076/189 514/1053/189 526/1073/189
f 521/1077/190 522/1078/190 527/1079/190
f 527/1079/190 522/1078/190 517/1055/190
f 522/1078/4 519/1080/4 517/1055/4
f 517/1055/4 519/1080/4 516/1058/4
s 1
f 530/1064/29 528/1063/189 531/1062/29
f 528/1063/189 530/1064/29 529/1065/189
f 534/1081/2 532/1082/2 535/1083/2
f 532/1082/2 534/1081/2 533/1084/2
f 538/1085/4 536/1086/4 539/1087/4
f 536/1086/4 538/1085/4 537/1088/4
f 543/999/1 541/1089/1 540/1090/1
f 541/1089/1 543/999/1 542/1091/1
f 531/1092/29 545/1093/190 530/1094/29
f 530/1094/29 545/1093/190 544/1095/190
f 541/1089/1 542/1091/1 547/1066/1
f 541/1089/1 547/1066/1 546/1096/1
s 0
f 529/1065/2 535/1083/2 528/1063/2
f 535/1083/2 529/1065/2 534/1081/2
f 545/1093/4 539/1087/4 544/1095/4
f 539/1087/4 545/1093/4 538/1085/4
f 545/1009/1 548/1097/1 538/1098/1
f 548/1097/1 545/1009/1 531/1099/1
f 528/1071/1 535/1100/1 548/1097/1
f 548/1097/1 531/1099/1 528/1071/1
f 535/1083/2 532/1082/2 547/1101/2
f 547/1101/2 532/1082/2 546/1102/2
f 548/1103/189 535/1083/189 542/1104/189
f 542/1104/189 535/1083/189 547/1101/189
f 542/1105/190 543/1106/190 548/1107/190
f 548/1107/190 543/1106/190 538/1085/190
f 543/1106/4 540/1108/4 538/1085/4
f 538/1085/4 540/1108/4 537/1088/4
f 553/1109/1 551/1110/1 549/1111/1
f 551/1110/1 553/1109/1 552/1112/1
f 549/1111/1 551/1110/1 550/1113/1
f 550/1114/2 551/1115/2 555/1116/2
f 550/1114/2 555/1116/2 554/1117/2
f 553/1118/191 556/1119/191 552/1120/191
f 556/1119/191 553/1118/191 557/1121/191
f 559/1122/2 555/1116/2 551/1115/2
f 555/1116/2 559/1122/2 558/1123/2
f 553/1118/4 549/1124/4 561/1125/4
f 560/1126/4 561/1125/4 549/1124/4
f 556/1127/192 551/1115/192 552/1128/192
f 551/1115/192 556/1127/192 559/1122/192
f 557/1121/4 553/1118/4 561/1125/4
f 561/1125/4 562/1129/4 557/1121/4
f 567/1130/193 563/1131/193 556/1119/193
f 556/1119/193 557/1121/193 568/1132/193
f 567/1130/193 556/1119/193 568/1132/193
f 563/1131/193 566/1133/193 565/1134/193
f 563/1131/193 565/1134/193 564/1135/193
f 563/1131/193 567/1130/193 566/1133/193
f 556/1127/194 573/1136/194 559/1122/194
f 563/1137/194 569/1138/194 556/1127/194
f 556/1127/194 569/1138/194 573/1136/194
f 563/1137/194 572/1139/194 571/1140/194
f 570/1141/194 563/1137/194 571/1140/194
f 569/1138/194 563/1137/194 570/1141/194
f 569/1138/2 575/1142/2 574/1143/2
f 575/1142/2 569/1138/2 570/1141/2
s 1
f 575/1144/195 577/1145/195 576/1146/196
f 575/1144/195 576/1146/196 574/1147/196
s 0
f 576/1148/4 577/1149/4 567/1130/4
f 567/1130/4 577/1149/4 566/1133/4
f 579/1150/1 563/1151/1 564/1152/1
f 563/1151/1 579/1150/1 578/1153/1
f 580/1154/1 572/1155/1 563/1151/1
f 563/1151/1 578/1153/1 580/1154/1
f 578/1156/197 582/1157/197 581/1158/197
f 582/1157/197 578/1156/197 579/1159/197
f 580/1160/198 578/1161/198 583/1162/198
f 578/1161/198 581/1158/198 583/1162/198
s 1
f 572/1139/2 580/1160/2 583/1162/2
f 583/1162/2 584/1163/2 572/1139/2
f 564/1135/4 582/1157/4 579/1159/4
f 585/1164/4 582/1157/4 564/1135/4
s 0
f 571/1140/2 584/1163/2 586/1165/2
f 584/1163/2 571/1140/2 572/1139/2
f 570/1141/2 586/1165/2 575/1142/2
f 586/1165/2 570/1141/2 571/1140/2
f 559/1122/2 587/1166/2 558/1123/2
f 587/1166/2 559/1122/2 573/1136/2
f 573/1136/2 574/1143/2 587/1166/2
f 574/1143/2 573/1136/2 569/1138/2
s 1
f 584/1167/199 585/1168/199 588/1169/200
f 584/1167/199 588/1169/200 586/1170/200
f 586/1170/200 588/1169/200 577/1145/195
f 586/1170/200 577/1145/195 575/1144/195
f 590/1171/201 589/1172/202 587/1173/201
f 587/1173/201 589/1172/202 558/1174/202
f 576/1146/196 590/1171/201 574/1147/196
f 574/1147/196 590/1171/201 587/1173/201
s 0
f 588/1175/4 585/1164/4 565/1134/4
f 565/1134/4 585/1164/4 564/1135/4
f 577/1149/4 588/1175/4 566/1133/4
f 566/1133/4 588/1175/4 565/1134/4
f 589/1176/4 590/1177/4 557/1121/4
f 590/1177/4 568/1132/4 557/1121/4
f 590/1177/4 576/1148/4 568/1132/4
f 576/1148/4 567/1130/4 568/1132/4
f 595/1178/1 593/1179/1 591/1180/1
f 593/1179/1 595/1178/1 594/1181/1
f 591/1180/1 593/1179/1 592/1182/1
f 592/1183/2 593/1184/2 597/1185/2
f 592/1183/2 597/1185/2 596/1186/2
f 595/1187/191 598/1188/191 594/1189/191
f 598/1188/191 595/1187/191 599/1190/191
f 601/1191/2 597/1185/2 593/1184/2
f 597/1185/2 601/1191/2 600/1192/2
f 595/1187/4 591/1193/4 603/1194/4
f 602/1195/4 603/1194/4 591/1193/4
f 594/1196/192 598/1197/192 593/1184/192
f 593/1184/192 598/1197/192 601/1191/192
f 599/1190/4 595/1187/4 603/1194/4
f 603/1194/4 604/1198/4 599/1190/4
f 609/1199/193 605/1200/193 598/1188/193
f 598/1188/193 599/1190/193 610/1201/193
f 609/1199/193 598/1188/193 610/1201/193
f 605/1200/193 608/1202/193 607/1203/193
f 605/1200/193 607/1203/193 606/1204/193
f 605/1200/193 609/1199/193 608/1202/193
f 598/1197/194 615/1205/194 601/1191/194
f 605/1206/194 611/1207/194 598/1197/194
f 598/1197/194 611/1207/194 615/1205/194
f 605/1206/194 614/1208/194 613/1209/194
f 612/1210/194 605/1206/194 613/1209/194
f 611/1207/194 605/1206/194 612/1210/194
f 611/1207/2 617/1211/2 616/1212/2
f 617/1211/2 611/1207/2 612/1210/2
s 1
f 617/1213/195 619/1214/195 618/1215/196
f 617/1213/195 618/1215/196 616/1216/196
s 0
f 618/1217/4 619/1218/4 609/1199/4
f 609/1199/4 619/1218/4 608/1202/4
f 621/1150/1 605/1151/1 606/1152/1
f 605/1151/1 621/1150/1 620/1153/1
f 622/1219/1 614/1220/1 605/1151/1
f 605/1151/1 620/1153/1 622/1219/1
f 620/1221/197 624/1222/197 623/1223/197
f 624/1222/197 620/1221/197 621/1224/197
f 622/1225/198 620/1226/198 625/1227/198
f 620/1226/198 623/1228/198 625/1227/198
s 1
f 614/1208/2 622/1225/2 625/1227/2
f 625/1227/2 626/1229/2 614/1208/2
f 606/1204/4 624/1222/4 621/1224/4
f 627/1230/4 624/1222/4 606/1204/4
s 0
f 613/1209/2 626/1229/2 628/1231/2
f 626/1229/2 613/1209/2 614/1208/2
f 612/1210/2 628/1231/2 617/1211/2
f 628/1231/2 612/1210/2 613/1209/2
f 601/1191/2 629/1232/2 600/1192/2
f 629/1232/2 601/1191/2 615/1205/2
f 615/1205/2 616/1212/2 629/1232/2
f 616/1212/2 615/1205/2 611/1207/2
s 1
f 626/1233/199 627/1234/199 630/1235/200
f 626/1233/199 630/1235/200 628/1236/200
f 628/1236/200 630/1235/200 619/1214/195
f 628/1236/200 619/1214/195 617/1213/195
f 632/1237/201 631/1238/202 629/1239/201
f 629/1239/201 631/1238/202 600/1240/202
f 618/1215/196 632/1237/201 616/1216/196
f 616/1216/196 632/1237/201 629/1239/201
s 0
f 630/1241/4 627/1230/4 607/1203/4
f 607/1203/4 627/1230/4 606/1204/4
f 619/1218/4 630/1241/4 608/1202/4
f 608/1202/4 630/1241/4 607/1203/4
f 631/1242/4 632/1243/4 599/1190/4
f 632/1243/4 610/1201/4 599/1190/4
f 632/1243/4 618/1217/4 610/1201/4
f 618/1217/4 609/1199/4 610/1201/4
f 637/1109/1 635/1244/1 633/1111/1
f 635/1244/1 637/1109/1 636/1245/1
f 633/1111/1 635/1244/1 634/1246/1
f 634/1247/2 635/1248/2 639/1249/2
f 634/1247/2 639/1249/2 638/1186/2
f 637/1250/191 640/1188/191 636/1251/191
f 640/1188/191 637/1250/191 641/1252/191
f 643/1191/2 639/1249/2 635/1248/2
f 639/1249/2 643/1191/2 642/1253/2
f 637/1250/4 633/1193/4 645/1194/4
f 644/1195/4 645/1194/4 633/1193/4
f 640/1254/192 635/1248/192 636/1255/192
f 635/1248/192 640/1254/192 643/1191/192
f 641/1252/4 637/1250/4 645/1194/4
f 645/1194/4 646/1198/4 641/1252/4
f 651/1256/193 647/1257/193 640/1188/193
f 640/1188/193 641/1252/193 652/1258/193
f 651/1256/193 640/1188/193 652/1258/193
f 647/1257/193 650/1259/193 649/1260/193
f 647/1257/193 649/1260/193 648/1261/193
f 647/1257/193 651/1256/193 650/1259/193
f 640/1254/194 657/1205/194 643/1191/194
f 647/1262/194 653/1207/194 640/1254/194
f 640/1254/194 653/1207/194 657/1205/194
f 647/1262/194 656/1263/194 655/1264/194
f 654/1265/194 647/1262/194 655/1264/194
f 653/1207/194 647/1262/194 654/1265/194
f 653/1207/2 659/1266/2 658/1267/2
f 659/1266/2 653/1207/2 654/1265/2
s 1
f 659/1268/195 661/1269/195 660/1270/196
f 659/1268/195 660/1270/196 658/1271/196
s 0
f 660/1272/4 661/1218/4 651/1256/4
f 651/1256/4 661/1218/4 650/1259/4
f 663/1150/1 647/1151/1 648/1152/1
f 647/1151/1 663/1150/1 662/1153/1
f 664/1154/1 656/1155/1 647/1151/1
f 647/1151/1 662/1153/1 664/1154/1
f 662/1273/197 666/1222/197 665/1223/197
f 666/1222/197 662/1273/197 663/1274/197
f 664/1275/198 662/1221/198 667/1276/198
f 662/1221/198 665/1277/198 667/1276/198
s 1
f 656/1263/2 664/1275/2 667/1276/2
f 667/1276/2 668/1278/2 656/1263/2
f 648/1261/4 666/1222/4 663/1274/4
f 669/1279/4 666/1222/4 648/1261/4
s 0
f 655/1264/2 668/1278/2 670/1280/2
f 668/1278/2 655/1264/2 656/1263/2
f 654/1265/2 670/1280/2 659/1266/2
f 670/1280/2 654/1265/2 655/1264/2
f 643/1191/2 671/1281/2 642/1253/2
f 671/1281/2 643/1191/2 657/1205/2
f 657/1205/2 658/1267/2 671/1281/2
f 658/1267/2 657/1205/2 653/1207/2
s 1
f 668/1282/199 669/1283/199 672/1284/200
f 668/1282/199 672/1284/200 670/1285/200
f 670/1285/200 672/1284/200 661/1269/195
f 670/1285/200 661/1269/195 659/1268/195
f 673/1286/202 671/1287/201 674/1288/201
f 671/1287/201 673/1286/202 642/1289/202
f 660/1270/196 674/1288/201 658/1271/196
f 658/1271/196 674/1288/201 671/1287/201
s 0
f 672/1290/4 669/1279/4 649/1260/4
f 649/1260/4 669/1279/4 648/1261/4
f 661/1218/4 672/1290/4 650/1259/4
f 650/1259/4 672/1290/4 649/1260/4
f 673/1291/4 674/1243/4 641/1252/4
f 674/1243/4 652/1258/4 641/1252/4
f 674/1243/4 660/1272/4 652/1258/4
f 660/1272/4 651/1256/4 652/1258/4
f 679/1109/1 677/1244/1 675/1111/1
f 677/1244/1 679/1109/1 678/1292/1
f 675/1111/1 677/1244/1 676/1246/1
f 676/1293/2 677/1294/2 681/1295/2
f 676/1293/2 681/1295/2 680/1296/2
f 679/1297/191 682/1119/191 678/1120/191
f 682/1119/191 679/1297/191 683/1121/191
f 685/1298/2 681/1295/2 677/1294/2
f 681/1295/2 685/1298/2 684/1299/2
f 679/1297/4 675/1124/4 687/1300/4
f 686/1301/4 687/1300/4 675/1124/4
f 678/1302/192 682/1303/192 677/1294/192
f 677/1294/192 682/1303/192 685/1298/192
f 683/1121/4 679/1297/4 687/1300/4
f 687/1300/4 688/1304/4 683/1121/4
f 693/1305/193 689/1131/193 682/1119/193
f 682/1119/193 683/1121/193 694/1132/193
f 693/1305/193 682/1119/193 694/1132/193
f 689/1131/193 692/1306/193 691/1307/193
f 689/1131/193 691/1307/193 690/1135/193
f 689/1131/193 693/1305/193 692/1306/193
f 682/1303/194 699/1308/194 685/1298/194
f 689/1309/194 695/1310/194 682/1303/194
f 682/1303/194 695/1310/194 699/1308/194
f 689/1309/194 698/1311/194 697/1312/194
f 696/1313/194 689/1309/194 697/1312/194
f 695/1310/194 689/1309/194 696/1313/194
f 695/1310/2 701/1314/2 700/1315/2
f 701/1314/2 695/1310/2 696/1313/2
s 1
f 701/1316/195 703/1317/195 702/1318/196
f 701/1316/195 702/1318/196 700/1319/196
s 0
f 702/1320/4 703/1149/4 693/1305/4
f 693/1305/4 703/1149/4 692/1306/4
f 705/1150/1 689/1151/1 690/1152/1
f 689/1151/1 705/1150/1 704/1153/1
f 706/1219/1 698/1220/1 689/1151/1
f 689/1151/1 704/1153/1 706/1219/1
f 704/1156/197 708/1157/197 707/1158/197
f 708/1157/197 704/1156/197 705/1159/197
f 706/1321/198 704/1322/198 709/1323/198
f 704/1322/198 707/1324/198 709/1323/198
s 1
f 698/1311/2 706/1321/2 709/1323/2
f 709/1323/2 710/1325/2 698/1311/2
f 690/1135/4 708/1157/4 705/1159/4
f 711/1326/4 708/1157/4 690/1135/4
s 0
f 697/1312/2 710/1325/2 712/1327/2
f 710/1325/2 697/1312/2 698/1311/2
f 696/1313/2 712/1327/2 701/1314/2
f 712/1327/2 696/1313/2 697/1312/2
f 685/1298/2 713/1328/2 684/1299/2
f 713/1328/2 685/1298/2 699/1308/2
f 699/1308/2 700/1315/2 713/1328/2
f 700/1315/2 699/1308/2 695/1310/2
s 1
f 710/1329/199 711/1330/199 714/1331/200
f 710/1329/199 714/1331/200 712/1332/200
f 712/1332/200 714/1331/200 703/1317/195
f 712/1332/200 703/1317/195 701/1316/195
f 715/1333/202 713/1334/201 716/1335/201
f 713/1334/201 715/1333/202 684/1336/202
f 702/1318/196 716/1335/201 700/1319/196
f 700/1319/196 716/1335/201 713/1334/201
s 0
f 714/1175/4 711/1326/4 691/1307/4
f 691/1307/4 711/1326/4 690/1135/4
f 703/1149/4 714/1175/4 692/1306/4
f 692/1306/4 714/1175/4 691/1307/4
f 715/1337/4 716/1177/4 683/1121/4
f 716/1177/4 694/1132/4 683/1121/4
f 716/1177/4 702/1320/4 694/1132/4
f 702/1320/4 693/1305/4 694/1132/4
s 1
f 719/1338/203 717/1339/1 720/1340/204
f 717/1339/1 719/1338/205 718/1341/1
f 722/1342/2 718/1343/2 719/1344/2
f 718/1343/2 722/1342/2 721/1345/2
f 725/1346/29 724/1347/29 723/1348/206
f 725/1346/207 723/1348/206 726/1349/206
f 730/1350/4 729/1351/4 727/1352/4
f 727/1352/4 729/1351/4 728/1353/4
f 725/1354/29 730/1350/208 724/1355/29
f 724/1355/29 730/1350/208 727/1352/208
f 730/1356/1 726/1357/1 731/1358/204
f 726/1357/1 730/1356/1 725/1359/1
f 730/1356/1 731/1358/204 729/1360/203
f 723/1348/2 731/1361/2 726/1349/2
f 731/1361/2 723/1348/2 732/1362/2
f 729/1351/4 733/1363/4 728/1353/4
f 733/1363/4 729/1351/4 720/1364/4
f 729/1360/203 731/1358/204 719/1338/203
f 729/1360/203 719/1338/203 720/1340/204
f 719/1344/2 731/1361/2 722/1342/2
f 732/1362/2 722/1342/2 731/1361/2
f 720/1364/4 717/1365/4 733/1363/4
f 733/1363/4 717/1365/4 734/1366/4
f 737/1367/203 735/1368/1 738/1369/204
f 735/1368/1 737/1367/203 736/1370/1
f 740/1371/2 736/1372/2 737/1373/2
f 736/1372/2 740/1371/2 739/1374/2
f 743/1346/29 742/1375/29 741/1376/206
f 743/1346/207 741/1376/206 744/1349/206
f 748/1377/4 747/1378/4 745/1352/4
f 745/1352/4 747/1378/4 746/1379/4
f 748/1377/208 742/1355/29 743/1380/29
f 742/1355/29 748/1377/208 745/1352/208
f 748/1381/1 744/1382/1 749/1383/204
f 744/1382/1 748/1381/1 743/1384/1
f 748/1381/1 749/1383/204 747/1385/203
f 741/1376/2 749/1386/2 744/1349/2
f 749/1386/2 741/1376/2 750/1387/2
f 747/1378/4 751/1388/4 746/1379/4
f 751/1388/4 747/1378/4 738/1389/4
f 747/1385/203 749/1383/204 737/1367/203
f 747/1385/203 737/1367/203 738/1369/204
f 737/1373/2 749/1386/2 740/1371/2
f 750/1387/2 740/1371/2 749/1386/2
f 738/1389/4 735/1390/4 751/1388/4
f 751/1388/4 735/1390/4 752/1391/4
f 755/1392/203 753/1393/1 756/1394/204
f 753/1393/1 755/1392/203 754/1395/1
f 758/1396/2 754/1343/2 755/1344/2
f 754/1343/2 758/1396/2 757/1397/2
f 761/1346/29 760/1375/29 759/1376/206
f 761/1346/207 759/1376/206 762/1349/206
f 766/1398/4 765/1399/4 763/1352/4
f 763/1352/4 765/1399/4 764/1400/4
f 761/1401/29 766/1398/208 760/1355/29
f 760/1355/29 766/1398/208 763/1352/208
f 766/1402/1 762/1403/1 767/1404/204
f 762/1403/1 766/1402/1 761/1405/1
f 766/1402/1 767/1404/204 765/1406/203
f 759/1376/2 767/1407/2 762/1349/2
f 767/1407/2 759/1376/2 768/1408/2
f 765/1399/4 769/1409/4 764/1400/4
f 769/1409/4 765/1399/4 756/1410/4
f 765/1406/203 767/1404/204 755/1392/203
f 765/1406/203 755/1392/203 756/1394/204
f 755/1344/2 767/1407/2 758/1396/2
f 768/1408/2 758/1396/2 767/1407/2
f 756/1410/4 753/1411/4 769/1409/4
f 769/1409/4 753/1411/4 770/1366/4
s 0
f 773/1412/209 772/1413/209 771/1414/209
f 771/1414/209 775/1415/209 774/1416/209
f 776/1417/209 778/1418/209 777/1419/209
f 778/1418/209 776/1417/209 775/1415/209
f 775/1415/209 771/1414/209 778/1418/209
f 771/1414/209 774/1416/209 773/1412/209
f 771/1414/210 779/1420/210 778/1418/210
f 778/1418/210 779/1420/210 784/1421/210
f 784/1421/210 783/1422/210 778/1418/210
f 781/1423/210 771/1414/210 782/1424/210
f 780/1425/210 771/1414/210 781/1423/210
f 779/1420/210 771/1414/210 780/1425/210
f 779/1426/34 786/1427/34 785/1428/34
f 786/1427/34 779/1426/34 780/1429/34
s 1
f 786/1430/211 787/1431/212 785/1432/212
f 787/1431/212 786/1430/211 788/1433/211
s 0
f 787/1434/1 788/1435/1 775/1436/1
f 775/1436/1 788/1435/1 774/1437/1
f 790/1438/2 771/1414/2 772/1413/2
f 771/1414/2 790/1438/2 789/1439/2
f 791/1440/2 782/1424/2 771/1414/2
f 771/1414/2 789/1439/2 791/1440/2
f 793/1441/213 789/1442/213 790/1443/213
f 789/1442/213 793/1441/213 792/1444/213
f 792/1445/214 794/1446/214 789/1447/214
f 789/1447/214 794/1446/214 791/1448/214
s 1
f 782/1449/34 791/1448/34 794/1446/34
f 794/1446/34 795/1450/34 782/1449/34
f 772/1451/1 793/1441/1 790/1443/1
f 796/1452/1 793/1441/1 772/1451/1
s 0
f 781/1453/34 795/1450/34 797/1454/34
f 795/1450/34 781/1453/34 782/1449/34
f 780/1429/34 797/1454/34 786/1427/34
f 797/1454/34 780/1429/34 781/1453/34
f 783/1455/34 799/1456/34 798/1457/34
f 799/1456/34 783/1455/34 784/1458/34
f 784/1458/34 785/1428/34 799/1456/34
f 785/1428/34 784/1458/34 779/1426/34
s 1
f 795/1459/215 800/1460/216 797/1461/216
f 800/1460/216 795/1459/215 796/1462/215
f 797/1461/216 788/1433/211 786/1430/211
f 788/1433/211 797/1461/216 800/1460/216
f 801/1463/217 799/1464/218 802/1465/218
f 799/1464/218 801/1463/217 798/1466/217
f 787/1431/212 802/1465/218 785/1432/212
f 785/1432/212 802/1465/218 799/1464/218
s 0
f 800/1467/1 796/1452/1 773/1468/1
f 773/1468/1 796/1452/1 772/1451/1
f 788/1469/1 800/1470/1 774/1471/1
f 774/1471/1 800/1470/1 773/1472/1
f 801/1473/1 802/1474/1 777/1475/1
f 802/1474/1 776/1476/1 777/1475/1
f 802/1477/1 787/1478/1 776/1479/1
f 787/1478/1 775/1480/1 776/1479/1
f 807/1109/1 805/1481/1 803/1111/1
f 805/1481/1 807/1109/1 806/1292/1
f 803/1111/1 805/1481/1 804/1482/1
f 804/1483/2 805/1484/2 809/1485/2
f 804/1483/2 809/1485/2 808/1486/2
f 807/1487/191 810/1488/191 806/1489/191
f 810/1488/191 807/1487/191 811/1490/191
f 813/1491/2 809/1485/2 805/1484/2
f 809/1485/2 813/1491/2 812/1492/2
f 807/1487/4 803/1493/4 815/1494/4
f 814/1486/4 815/1494/4 803/1493/4
f 806/1495/192 810/1496/192 805/1484/192
f 805/1484/192 810/1496/192 813/1491/192
f 811/1490/4 807/1487/4 815/1494/4
f 815/1494/4 816/1497/4 811/1490/4
f 821/1498/193 817/1499/193 810/1488/193
f 810/1488/193 811/1490/193 822/1500/193
f 821/1498/193 810/1488/193 822/1500/193
f 817/1499/193 820/1501/193 819/1502/193
f 817/1499/193 819/1502/193 818/1503/193
f 817/1499/193 821/1498/193 820/1501/193
f 810/1496/194 827/1504/194 813/1491/194
f 817/1505/194 823/1506/194 810/1496/194
f 810/1496/194 823/1506/194 827/1504/194
f 817/1505/194 826/1507/194 825/1508/194
f 824/1509/194 817/1505/194 825/1508/194
f 823/1506/194 817/1505/194 824/1509/194
f 823/1506/2 829/1510/2 828/1511/2
f 829/1510/2 823/1506/2 824/1509/2
s 1
f 829/1512/195 831/1513/195 830/1514/196
f 829/1512/195 830/1514/196 828/1515/196
s 0
f 830/1516/4 831/1517/4 821/1498/4
f 821/1498/4 831/1517/4 820/1501/4
f 833/1518/1 817/1519/1 818/1520/1
f 817/1519/1 833/1518/1 832/1521/1
f 834/1522/1 826/1523/1 817/1519/1
f 817/1519/1 832/1521/1 834/1522/1
f 832/1524/197 836/1525/197 835/1526/197
f 836/1525/197 832/1524/197 833/1527/197
f 834/1528/198 832/1529/198 837/1530/198
f 832/1529/198 835/1531/198 837/1530/198
s 1
f 826/1507/2 834/1528/2 837/1530/2
f 837/1530/2 838/1532/2 826/1507/2
f 818/1503/4 836/1525/4 833/1527/4
f 839/1533/4 836/1525/4 818/1503/4
s 0
f 825/1508/2 838/1532/2 840/1534/2
f 838/1532/2 825/1508/2 826/1507/2
f 824/1509/2 840/1534/2 829/1510/2
f 840/1534/2 824/1509/2 825/1508/2
f 813/1491/2 841/1535/2 812/1492/2
f 841/1535/2 813/1491/2 827/1504/2
f 827/1504/2 828/1511/2 841/1535/2
f 828/1511/2 827/1504/2 823/1506/2
s 1
f 838/1536/219 839/1537/219 842/1538/220
f 838/1536/219 842/1538/220 840/1539/220
f 840/1539/220 842/1538/220 831/1513/195
f 840/1539/220 831/1513/195 829/1512/195
f 844/1540/201 843/1541/202 841/1542/201
f 841/1542/201 843/1541/202 812/1543/202
f 844/1540/201 828/1515/196 830/1514/196
f 828/1515/196 844/1540/201 841/1542/201
s 0
f 819/1502/4 842/1544/4 839/1533/4
f 819/1502/4 839/1533/4 818/1503/4
f 831/1517/4 842/1544/4 820/1501/4
f 820/1501/4 842/1544/4 819/1502/4
f 843/1545/4 844/1546/4 811/1490/4
f 844/1546/4 822/1500/4 811/1490/4
f 844/1546/4 830/1516/4 822/1500/4
f 830/1516/4 821/1498/4 822/1500/4
f 849/1547/1 846/1548/1 845/1549/1
f 847/1550/1 849/1547/1 848/1551/1
f 846/1548/1 849/1547/1 847/1550/1
f 848/1552/197 851/1553/197 850/1554/197
f 851/1553/197 848/1552/197 849/1555/197
f 847/1556/198 848/1557/198 852/1558/198
f 848/1557/198 850/1559/198 852/1558/198
s 1
f 847/1556/2 853/1560/2 846/1561/2
f 853/1560/2 847/1556/2 852/1558/2
s 0
f 856/1562/1 854/1563/1 857/1564/1
f 854/1563/1 856/1562/1 855/1565/1
f 858/1566/2 846/1561/2 853/1560/2
f 853/1560/2 859/1567/2 858/1566/2
f 854/1563/221 846/1548/221 857/1564/221
f 846/1548/221 854/1563/221 845/1549/221
f 854/1568/4 860/1569/4 845/1570/4
f 860/1569/4 854/1568/4 855/1571/4
f 846/1561/2 858/1566/2 857/1572/2
f 857/1572/2 858/1566/2 856/1573/2
f 851/1553/4 845/1570/4 861/1574/4
f 845/1570/4 851/1553/4 849/1555/4
f 862/1575/4 861/1574/4 845/1570/4
f 845/1570/4 860/1569/4 862/1575/4
f 867/1576/222 864/1577/222 863/1578/222
f 867/1576/222 863/1578/222 868/1579/222
f 866/1580/222 865/1581/222 864/1577/222
f 864/1577/222 867/1576/222 866/1580/222
f 863/1578/223 869/1582/223 872/1583/223
f 864/1577/223 869/1582/223 863/1578/223
f 871/1584/223 870/1585/223 864/1577/223
f 869/1582/223 864/1577/223 870/1585/223
f 874/1586/34 873/1587/34 870/1588/34
f 873/1587/34 869/1589/34 870/1588/34
s 1
f 873/1590/224 874/1591/225 875/1592/224
f 875/1592/224 874/1591/225 876/1593/225
s 0
f 866/1594/1 875/1595/1 876/1596/1
f 875/1595/1 866/1594/1 867/1597/1
f 863/1578/4 877/1598/4 868/1579/4
f 877/1598/4 863/1578/4 878/1599/4
f 878/1599/4 863/1578/4 879/1600/4
f 879/1600/4 863/1578/4 872/1583/4
f 878/1601/213 880/1602/213 877/1603/213
f 880/1602/213 878/1601/213 881/1604/213
f 881/1605/214 878/1606/214 882/1607/214
f 878/1606/214 879/1608/214 882/1607/214
s 1
f 879/1608/34 872/1609/34 882/1607/34
f 883/1610/34 882/1607/34 872/1609/34
f 880/1602/1 868/1611/1 877/1603/1
f 880/1602/1 884/1612/1 868/1611/1
s 0
f 883/1610/34 869/1589/34 873/1587/34
f 869/1589/34 883/1610/34 872/1609/34
f 874/1586/34 871/1613/34 885/1614/34
f 871/1613/34 874/1586/34 870/1588/34
s 1
f 873/1590/224 884/1615/226 883/1616/226
f 884/1615/226 873/1590/224 875/1592/224
f 886/1617/227 876/1593/225 874/1591/225
f 874/1591/225 885/1618/227 886/1617/227
s 0
f 884/1612/1 875/1619/1 867/1620/1
f 867/1620/1 868/1611/1 884/1612/1
f 886/1621/1 865/1622/1 876/1623/1
f 876/1623/1 865/1622/1 866/1624/1
s 1
f 891/1625/228 888/1626/229 887/1627/230
f 889/1628/229 891/1625/228 890/1629/229
f 888/1626/229 891/1625/228 889/1628/229
f 893/1630/231 892/1631/231 889/1632/231
f 889/1632/231 892/1631/231 888/1633/231
f 894/1634/232 893/1630/233 890/1635/234
f 890/1635/235 893/1630/233 889/1632/233
f 891/1636/236 896/1637/236 895/1638/236
f 896/1637/236 891/1636/236 887/1639/236
f 890/1640/234 891/1636/237 894/1641/232
f 894/1641/232 891/1636/237 895/1638/237
f 901/1642/238 898/1643/238 897/1644/238
f 899/1645/239 901/1642/238 900/1646/238
f 898/1643/238 901/1642/238 899/1645/239
f 903/1647/240 898/1648/240 899/1649/240
f 898/1648/240 903/1647/240 902/1650/240
f 904/1651/241 903/1647/242 900/1652/243
f 900/1652/243 903/1647/242 899/1649/242
f 901/1653/244 897/1654/244 905/1655/244
f 905/1655/244 897/1654/244 906/1656/244
f 900/1657/243 901/1653/245 904/1658/241
f 904/1658/241 901/1653/245 905/1655/245
f 908/1659/246 911/1627/247 910/1660/248
f 911/1627/249 908/1659/250 907/1661/250
f 908/1659/246 910/1660/248 909/1662/250
f 913/1663/251 911/1664/251 912/1665/251
f 911/1664/251 913/1663/251 910/1666/251
f 909/1667/252 913/1663/253 914/1668/254
f 913/1663/253 909/1667/252 910/1666/253
f 907/1669/255 908/1670/255 915/1671/255
f 915/1671/255 916/1672/255 907/1669/255
f 908/1670/256 909/1673/252 914/1674/254
f 914/1674/254 915/1671/256 908/1670/256
f 917/1675/257 919/1676/29 918/1677/29
f 917/1675/1 922/1678/1 920/1679/1
f 922/1678/1 917/1675/1 923/1680/1
f 920/1679/1 922/1678/1 921/1681/1
f 922/1682/2 925/1683/2 921/1684/2
f 925/1683/2 922/1682/2 926/1685/2
f 921/1684/2 925/1683/2 924/1686/2
f 925/1687/34 928/1688/34 924/1689/34
f 928/1688/34 925/1687/34 929/1690/34
f 924/1689/34 928/1688/34 927/1691/34
f 928/1692/4 917/1693/4 927/1694/4
f 917/1693/4 928/1692/4 919/1695/4
f 927/1694/4 917/1693/4 920/1696/4
f 929/1697/29 918/1698/29 928/1699/258
f 917/1700/257 918/1701/29 923/1702/29
f 918/1677/29 926/1703/29 922/1678/259
f 923/1704/29 918/1705/29 922/1706/259
f 918/1707/29 929/1708/29 925/1709/260
f 926/1710/29 918/1711/29 925/1712/260
f 918/1713/29 919/1714/29 928/1715/258
f 930/1716/259 932/1717/29 931/1718/29
f 935/1719/1 930/1720/1 933/1721/1
f 930/1720/1 935/1719/1 934/1722/1
f 935/1719/1 933/1721/1 936/1723/1
f 938/1692/4 935/1693/4 936/1696/4
f 935/1693/4 938/1692/4 937/1724/4
f 938/1692/4 936/1696/4 939/1694/4
f 941/1725/34 938/1726/34 939/1727/34
f 938/1726/34 941/1725/34 940/1728/34
f 941/1725/34 939/1727/34 942/1729/34
f 930/1730/2 941/1731/2 942/1732/2
f 941/1731/2 930/1730/2 931/1733/2
f 930/1730/2 942/1732/2 933/1734/2
f 940/1735/29 941/1736/260 932/1737/29
f 930/1738/259 934/1739/29 932/1740/29
f 932/1717/29 935/1741/257 937/1742/29
f 934/1739/29 935/1743/257 932/1740/29
f 932/1737/29 938/1744/258 940/1735/29
f 937/1745/29 938/1746/258 932/1747/29
f 932/1717/29 941/1725/260 931/1718/29
f 945/1748/29 943/1749/29 946/1750/29
f 943/1749/29 945/1748/29 944/1751/29
f 943/1752/1 947/1753/1 946/1754/1
f 946/1754/1 947/1753/1 948/1755/1
f 946/1756/4 948/1757/4 945/1758/4
f 945/1758/4 948/1757/4 949/1759/4
f 945/1760/34 949/1761/34 944/1762/34
f 944/1762/34 949/1761/34 950/1763/34
f 944/1764/2 950/1765/2 943/1766/2
f 943/1766/2 950/1765/2 947/1767/2
f 952/1768/29 951/1769/29 953/1770/29
f 951/1769/29 954/1771/29 953/1770/29
f 952/1772/1 955/1773/1 951/1774/1
f 955/1773/1 952/1772/1 956/1775/1
f 953/1776/2 956/1777/2 952/1778/2
f 956/1777/2 953/1776/2 957/1779/2
f 954/1780/34 957/1781/34 953/1782/34
f 957/1781/34 954/1780/34 958/1783/34
f 951/1756/4 958/1759/4 954/1758/4
f 958/1759/4 951/1756/4 955/1757/4
f 959/1784/257 961/1785/29 960/1786/29
f 959/1787/1 964/1788/1 962/1789/1
f 964/1788/1 959/1787/1 965/1790/1
f 962/1789/1 964/1788/1 963/1721/1
f 964/1791/2 967/1792/2 963/1793/2
f 967/1792/2 964/1791/2 968/1794/2
f 963/1793/2 967/1792/2 966/1795/2
f 967/1796/34 970/1797/34 966/1798/34
f 970/1797/34 967/1796/34 971/1799/34
f 966/1798/34 970/1797/34 969/1800/34
f 970/1801/4 959/1802/4 969/1803/4
f 959/1802/4 970/1801/4 961/1804/4
f 969/1803/4 959/1802/4 962/1805/4
f 971/1806/29 960/1807/29 970/1808/258
f 959/1809/257 960/1810/29 965/1811/29
f 960/1786/29 968/1812/29 964/1813/259
f 965/1811/29 960/1810/29 964/1814/259
f 960/1807/29 971/1806/29 967/1792/260
f 968/1815/29 960/1816/29 967/1817/260
f 960/1786/29 961/1785/29 970/1797/258
f 974/1818/123 973/1819/123 972/1820/123
f 974/1818/123 972/1820/123 975/1821/123
f 977/1822/29 976/1823/29 978/1824/29
f 976/1823/29 979/1825/29 978/1824/29
f 977/1752/1 972/1755/1 976/1754/1
f 972/1755/1 977/1752/1 975/1753/1
f 978/1826/2 975/1827/2 977/1828/2
f 975/1827/2 978/1826/2 974/1829/2
f 979/1830/34 974/1831/34 978/1832/34
f 974/1831/34 979/1830/34 973/1833/34
f 976/1834/4 973/1835/4 979/1836/4
f 973/1835/4 976/1834/4 972/1837/4
f 983/1838/4 982/1839/4 984/1840/4
f 982/1839/4 981/1841/4 984/1840/4
f 980/1842/4 984/1840/4 981/1841/4
f 986/1843/4 982/1839/4 983/1838/4
f 982/1839/4 986/1843/4 985/1844/4
s 0
f 463/1845/261 464/1846/261 986/1843/261
f 463/1845/261 986/1843/261 2064/1847/261
f 986/1843/261 464/1846/261 985/1844/261
f 7/1848/1 8/1849/1 987/1850/1
f 8/1849/1 988/1851/1 987/1850/1
f 12/1852/262 990/1853/262 989/1854/262
f 990/1853/262 12/1852/262 1/1855/262
f 991/1856/263 30/1857/263 31/1858/263
f 31/1858/263 992/1859/263 991/1856/263
f 992/1860/264 31/1861/264 12/1852/264
f 12/1852/264 989/1854/264 992/1860/264
f 993/1862/4 42/1863/4 43/1864/4
f 43/1864/4 994/1865/4 993/1862/4
f 48/1866/2 49/1867/2 995/1868/2
f 49/1867/2 996/1869/2 995/1868/2
f 996/1870/27 49/1871/27 30/1857/27
f 30/1857/27 991/1856/27 996/1870/27
f 993/1872/1 988/1851/1 42/1873/1
f 8/1849/1 42/1873/1 988/1851/1
f 356/1874/1 998/1875/1 997/1876/1
f 998/1875/1 356/1874/1 357/1877/1
f 999/1878/4 365/1879/4 356/1880/4
f 356/1880/4 997/1881/4 999/1878/4
f 357/1882/2 1000/1883/2 998/1884/2
f 1000/1883/2 357/1882/2 361/1885/2
f 361/1886/34 995/1887/34 1000/1888/34
f 995/1887/34 361/1886/34 48/1889/34
f 43/1890/34 999/1891/34 994/1892/34
f 999/1891/34 43/1890/34 365/1893/34
f 5/1894/4 1094/1895/4 14/1896/4
f 14/1896/4 1001/1897/4 5/1894/4
f 14/1896/4 35/1898/4 1001/1897/4
f 35/1898/4 1002/1899/4 1001/1897/4
f 1002/1900/1 35/1901/1 7/1848/1
f 7/1848/1 987/1850/1 1002/1900/1
f 378/1902/1 1004/1903/1 1003/1904/1
f 1004/1903/1 378/1902/1 375/1905/1
f 1005/1906/34 382/1907/34 383/1908/34
f 383/1908/34 1006/1909/34 1005/1906/34
f 1006/1910/4 383/1911/4 391/1912/4
f 391/1912/4 1007/1913/4 1006/1910/4
f 1008/1914/4 386/1915/4 378/1916/4
f 378/1916/4 1003/1917/4 1008/1914/4
f 1009/1918/4 366/1919/4 367/1920/4
f 367/1920/4 1010/1921/4 1009/1918/4
f 391/1922/1 1009/1923/1 1007/1924/1
f 1009/1923/1 391/1922/1 366/1925/1
f 1010/1926/34 367/1927/34 386/1928/34
f 386/1928/34 1008/1929/34 1010/1926/34
f 410/1930/2 1012/1931/2 1011/1932/2
f 1012/1931/2 410/1930/2 406/1933/2
f 406/1934/34 1013/1935/34 1012/1936/34
f 1013/1935/34 406/1934/34 407/1937/34
f 412/1938/2 1011/1932/2 1014/1939/2
f 1011/1932/2 412/1938/2 410/1930/2
f 427/1940/2 1014/1939/2 1015/1941/2
f 1014/1939/2 427/1940/2 412/1938/2
f 1016/1942/1 428/1943/1 427/1944/1
f 427/1944/1 1015/1945/1 1016/1942/1
f 1017/1946/34 439/1947/34 440/1948/34
f 440/1948/34 1018/1949/34 1017/1946/34
f 1018/1950/4 440/1951/4 442/1952/4
f 442/1952/4 1019/1953/4 1018/1950/4
f 1019/1953/4 442/1952/4 443/1954/4
f 443/1954/4 1020/1955/4 1019/1953/4
f 1020/1955/4 443/1954/4 455/1956/4
f 455/1956/4 1021/1957/4 1020/1955/4
f 1021/1958/1 455/1959/1 428/1943/1
f 428/1943/1 1016/1942/1 1021/1958/1
f 1022/1960/2 460/1961/2 461/1962/2
f 461/1962/2 1023/1963/2 1022/1960/2
f 1024/1964/34 473/1965/34 474/1966/34
f 474/1966/34 1025/1967/34 1024/1964/34
f 469/1968/1 1027/1969/1 1026/1970/1
f 1027/1969/1 469/1968/1 470/1971/1
f 1028/1972/265 478/1973/265 483/1974/265
f 483/1974/265 1029/1975/265 1028/1972/265
f 477/1976/265 1028/1972/265 1030/1977/265
f 1028/1972/265 477/1976/265 478/1973/265
f 1029/1978/1 483/1979/1 469/1968/1
f 469/1968/1 1026/1970/1 1029/1978/1
f 474/1966/34 1030/1980/34 1025/1967/34
f 1030/1980/34 474/1966/34 477/1981/34
f 1031/1982/34 494/1983/34 495/1984/34
f 495/1984/34 1032/1985/34 1031/1982/34
f 490/1986/1 1034/1987/1 1033/1988/1
f 1034/1987/1 490/1986/1 491/1989/1
f 499/1990/265 1036/1991/265 1035/1992/265
f 1036/1991/265 499/1990/265 504/1993/265
f 498/1994/265 1035/1992/265 1037/1995/265
f 1035/1992/265 498/1994/265 499/1990/265
f 1036/1996/1 504/1997/1 490/1986/1
f 490/1986/1 1033/1988/1 1036/1996/1
f 495/1984/34 1037/1998/34 1032/1985/34
f 1037/1998/34 495/1984/34 498/1999/34
f 1038/2000/4 515/2001/4 516/2002/4
f 516/2002/4 1039/2003/4 1038/2000/4
f 511/2004/2 1041/2005/2 1040/2006/2
f 1041/2005/2 511/2004/2 512/2007/2
f 1042/2008/1 520/2009/1 525/2010/1
f 525/2010/1 1043/2011/1 1042/2008/1
f 519/2012/1 1042/2008/1 1044/2013/1
f 1042/2008/1 519/2012/1 520/2009/1
f 525/2014/2 1040/2006/2 1043/2015/2
f 1040/2006/2 525/2014/2 511/2004/2
f 1039/2003/4 516/2002/4 519/2012/4
f 519/2012/4 1044/2013/4 1039/2003/4
f 1045/2016/4 536/2017/4 537/2018/4
f 537/2018/4 1046/2019/4 1045/2016/4
f 532/2020/2 1048/2021/2 1047/2022/2
f 1048/2021/2 532/2020/2 533/2023/2
f 541/2024/1 1050/2025/1 1049/2026/1
f 1050/2025/1 541/2024/1 546/2027/1
f 540/2028/1 1049/2026/1 1051/2029/1
f 1049/2026/1 540/2028/1 541/2024/1
f 546/2030/2 1047/2022/2 1050/2031/2
f 1047/2022/2 546/2030/2 532/2020/2
f 1046/2019/4 537/2018/4 540/2032/4
f 540/2032/4 1051/2033/4 1046/2019/4
f 549/2034/1 1053/2035/1 1052/2036/1
f 1053/2035/1 549/2034/1 550/2037/1
f 1053/2038/2 550/2039/2 554/2040/2
f 554/2040/2 1054/2041/2 1053/2038/2
f 1055/2042/4 560/2043/4 549/2044/4
f 549/2044/4 1052/2045/4 1055/2042/4
f 591/2046/1 1057/2047/1 1056/2048/1
f 1057/2047/1 591/2046/1 592/2049/1
f 1057/2050/2 592/2051/2 596/2052/2
f 596/2052/2 1058/2053/2 1057/2050/2
f 1059/2054/4 602/2055/4 591/2056/4
f 591/2056/4 1056/2057/4 1059/2054/4
f 633/2058/1 1061/2059/1 1060/2060/1
f 1061/2059/1 633/2058/1 634/2061/1
f 1061/2062/2 634/2063/2 638/2064/2
f 638/2064/2 1062/2065/2 1061/2062/2
f 1063/2066/4 644/2067/4 633/2068/4
f 633/2068/4 1060/2069/4 1063/2066/4
f 675/2070/1 1065/2071/1 1064/2072/1
f 1065/2071/1 675/2070/1 676/2073/1
f 1065/2074/2 676/2075/2 680/2076/2
f 680/2076/2 1066/2077/2 1065/2074/2
f 1067/2078/4 686/2079/4 675/2080/4
f 675/2080/4 1064/2081/4 1067/2078/4
f 1068/2082/1 717/2083/1 718/2084/1
f 718/2084/1 1069/2085/1 1068/2082/1
f 718/2086/2 1070/2087/2 1069/2088/2
f 1070/2087/2 718/2086/2 721/2089/2
f 1071/2090/4 734/2091/4 717/2092/4
f 717/2092/4 1068/2093/4 1071/2090/4
f 735/2094/1 1073/2095/1 1072/2096/1
f 1073/2095/1 735/2094/1 736/2097/1
f 736/2098/2 1074/2099/2 1073/2100/2
f 1074/2099/2 736/2098/2 739/2101/2
f 1075/2102/4 752/2103/4 735/2104/4
f 735/2104/4 1072/2105/4 1075/2102/4
f 1076/2106/1 753/2107/1 754/2108/1
f 754/2108/1 1077/2109/1 1076/2106/1
f 754/2110/2 1078/2111/2 1077/2112/2
f 1078/2111/2 754/2110/2 757/2113/2
f 1079/2114/4 770/2115/4 753/2116/4
f 753/2116/4 1076/2117/4 1079/2114/4
f 1080/2118/1 803/2119/1 804/2120/1
f 804/2120/1 1081/2121/1 1080/2118/1
f 1081/2122/2 804/2123/2 808/2124/2
f 808/2124/2 1082/2125/2 1081/2122/2
f 1083/2126/4 814/2127/4 803/2128/4
f 803/2128/4 1080/2129/4 1083/2126/4
f 1084/2130/4 980/2131/4 981/2132/4
f 981/2132/4 1085/2133/4 1084/2130/4
f 1087/1/34 1089/2/34 1088/4/34
f 1089/2/34 1086/3/34 1090/5/34
f 1089/2/34 1087/1/34 1086/3/34
s 1
f 1092/8/266 1091/7/266 3/6/2
f 3/6/2 1091/7/266 1/9/2
s 0
f 16/12/4 1093/11/4 1095/10/4
f 1093/11/4 16/12/4 1094/13/4
f 2/14/267 1096/16/267 1097/15/267
f 1096/16/267 1098/17/267 1097/15/267
f 1103/18/268 1101/19/268 1099/21/268
f 1101/19/268 1103/18/268 1102/20/268
f 1099/21/268 1101/19/268 1100/22/268
f 1103/18/269 1099/21/269 1104/23/269
f 1103/18/34 1105/24/34 1102/20/34
f 1105/24/34 1103/18/34 1107/25/34
f 1105/24/34 1107/25/34 1106/26/34
f 1098/28/4 28/27/4 1108/29/4
f 28/27/4 1098/28/4 1096/30/4
s 1
f 1111/32/270 1110/31/270 1109/33/271
f 1109/33/271 1112/34/272 1111/32/270
s 0
f 4/35/267 1103/18/267 1104/23/267
f 1103/18/267 4/35/267 1107/25/267
f 1097/15/34 1106/26/34 1107/25/34
f 1106/26/34 1097/15/34 1113/36/34
f 1113/36/273 1114/37/273 1106/26/273
f 1114/37/273 1113/36/273 1089/2/273
f 1115/38/4 1095/10/4 1116/39/4
f 1095/10/4 1093/11/4 1116/39/4
s 1
f 1110/41/274 1100/40/275 1101/42/276
f 1110/41/274 1092/8/277 1100/40/275
s 0
f 1117/43/2 1119/45/2 1118/44/2
s 1
f 1120/46/278 1109/33/279 1102/20/280
f 1110/41/270 1111/47/270 1092/8/266
f 1092/8/266 1111/47/270 1091/7/266
f 1100/40/275 3/6/19 41/48/19
f 3/6/19 1100/40/275 1092/8/277
f 1102/20/280 1109/33/279 1101/19/276
f 1101/19/276 1109/33/279 1110/31/274
s 0
f 1122/50/4 1121/49/4 1114/51/4
f 1114/51/4 1123/52/4 1122/50/4
f 1124/54/20 1114/51/20 1125/53/20
f 1114/51/20 1121/49/20 1125/53/20
f 1125/55/21 1118/44/21 1124/56/21
f 1120/46/281 1102/20/281 1105/24/281
f 1105/24/282 1106/26/282 1114/37/282
f 1118/57/283 1119/59/283 1124/58/283
f 1124/60/284 1119/62/284 1117/61/284
f 1114/51/20 1124/54/20 1105/63/20
f 1120/64/21 1124/56/21 1117/43/21
f 1124/56/21 1120/64/21 1105/65/21
f 1127/66/2 1129/67/2 1128/69/2
f 1129/67/2 1127/66/2 1126/68/2
s 1
f 1120/64/26 1117/43/26 1127/66/26
f 1126/68/26 1127/66/26 1117/43/26
f 1117/43/26 1118/44/26 1126/68/26
f 1112/34/272 1109/33/271 1127/70/285
f 1127/70/285 1128/71/285 1112/34/272
f 1120/46/278 1127/70/286 1109/33/279
s 0
f 1114/37/34 1089/2/34 1090/5/34
f 1114/37/34 1090/5/34 1123/72/34
f 2/14/267 1107/25/267 4/35/267
f 1107/25/267 2/14/267 1097/15/267
f 1131/17/34 1088/4/34 1130/15/34
f 1088/4/34 1131/17/34 1087/1/34
f 1131/73/4 1108/29/4 1087/74/4
f 1108/29/4 1131/73/4 1098/28/4
f 1130/75/2 1113/77/2 1097/76/2
f 1113/77/2 1130/75/2 1088/78/2
f 1113/77/2 1088/78/2 1089/79/2
f 1098/80/29 1132/81/29 1097/83/29
f 1132/81/29 1098/80/29 1133/82/29
f 1098/80/29 1131/84/29 1134/85/29
f 1098/80/29 1134/85/29 1133/82/29
f 1131/84/29 1130/87/29 1135/86/29
f 1131/84/29 1135/86/29 1134/85/29
f 1097/83/29 1135/86/29 1130/87/29
f 1135/86/29 1097/83/29 1132/81/29
f 1132/88/287 1133/90/287 1137/89/287
f 1132/88/287 1137/89/287 1136/91/287
f 1133/92/31 1134/94/31 1139/93/31
f 1133/92/31 1139/93/31 1138/95/31
f 1134/96/288 1135/98/288 1141/97/288
f 1134/96/288 1141/97/288 1140/99/288
f 1132/100/289 1142/101/289 1135/103/289
f 1142/101/289 1132/100/289 1143/102/289
f 1144/105/1 1137/89/1 1145/104/1
f 1137/89/1 1144/105/1 1136/91/1
f 1146/107/4 1139/93/4 1147/106/4
f 1139/93/4 1146/107/4 1138/95/4
f 1149/108/34 1140/99/34 1141/97/34
f 1140/99/34 1149/108/34 1148/109/34
f 1150/111/2 1143/102/2 1151/110/2
f 1143/102/2 1150/111/2 1142/101/2
f 1132/88/290 1136/91/290 1143/112/290
f 1133/90/291 1138/113/291 1137/89/291
f 1134/96/292 1140/99/292 1139/114/292
f 1135/98/293 1142/115/293 1141/97/293
f 1151/116/42 1136/91/42 1144/105/42
f 1136/91/42 1151/116/42 1143/112/42
f 1145/104/41 1138/113/41 1146/117/41
f 1138/113/41 1145/104/41 1137/89/41
f 1147/118/40 1139/114/40 1148/109/40
f 1148/109/40 1139/114/40 1140/99/40
f 1149/108/39 1141/97/39 1150/119/39
f 1150/119/39 1141/97/39 1142/115/39
f 1144/105/48 1145/104/48 1153/120/48
f 1144/105/48 1153/120/48 1152/121/48
f 1153/122/46 1146/107/46 1154/124/46
f 1146/107/46 1153/122/46 1145/123/46
f 1146/107/45 1147/106/45 1155/125/45
f 1146/107/45 1155/125/45 1154/124/45
f 1156/126/44 1147/106/44 1148/127/44
f 1147/106/44 1156/126/44 1155/125/44
f 1149/108/43 1156/128/43 1148/109/43
f 1156/128/43 1149/108/43 1157/129/43
f 1150/111/52 1157/130/52 1149/132/52
f 1157/130/52 1150/111/52 1158/131/52
f 1151/110/51 1158/131/51 1150/111/51
f 1158/131/51 1151/110/51 1159/133/51
f 1152/135/49 1159/133/49 1151/110/50
f 1151/110/50 1144/134/49 1152/135/49
f 1163/137/1 1161/136/1 1160/138/1
f 1161/136/1 1163/137/1 1162/139/1
f 1163/137/1 1160/138/1 1164/140/1
f 1166/141/55 1169/142/55 1168/144/55
f 1166/141/55 1168/144/55 1167/145/55
f 1169/142/55 1166/141/55 1165/143/55
f 1171/146/4 1174/147/4 1173/149/4
f 1171/146/4 1173/149/4 1172/150/4
f 1174/147/4 1171/146/4 1170/148/4
f 1176/141/54 1179/151/54 1178/144/54
f 1176/141/54 1178/144/54 1177/153/54
f 1179/151/54 1176/141/54 1175/152/54
f 1181/136/34 1184/154/34 1183/156/34
f 1181/136/34 1183/156/34 1182/157/34
f 1184/154/34 1181/136/34 1180/155/34
f 1188/158/57 1186/141/57 1185/152/57
f 1186/141/57 1188/158/57 1187/153/57
f 1188/158/57 1185/152/57 1189/159/57
f 1193/161/2 1191/160/2 1190/162/2
f 1191/160/2 1193/161/2 1192/163/2
f 1193/161/2 1190/162/2 1194/164/2
f 1198/165/56 1196/167/56 1195/166/56
f 1196/167/106 1198/165/106 1197/169/106
f 1198/165/56 1195/166/56 1199/168/56
f 1200/184/59 1202/182/59 1201/183/59
f 1203/204/62 1204/2134/62 1201/180/62
f 1204/176/63 1205/178/63 1201/177/63
f 1206/175/60 1207/173/60 1201/174/60
f 1208/172/59 1209/170/59 1201/171/59
f 1209/185/62 1210/187/62 1201/186/62
f 1211/188/63 1212/190/63 1201/189/63
f 1213/191/60 1200/193/60 1201/192/60
f 1205/194/61 1206/196/61 1201/195/61
f 1201/197/61 1214/199/61 1211/198/61
f 1210/172/66 1214/170/66 1201/171/66
f 1201/183/66 1215/184/66 1203/205/66
f 1202/201/65 1215/203/65 1201/202/65
f 1201/174/65 1216/175/65 1208/173/65
f 1207/172/64 1216/170/64 1201/171/64
f 1201/183/64 1212/184/64 1213/205/64
s 1
f 1218/206/74 1220/207/74 1219/209/74
f 1220/207/74 1218/206/74 1217/208/74
f 1223/210/73 1222/212/73 1221/211/73
f 1223/210/73 1221/211/73 1224/213/73
f 1227/214/72 1226/216/72 1225/215/72
f 1227/214/72 1225/215/72 1228/217/72
f 1231/218/71 1230/220/71 1229/219/71
f 1231/218/71 1229/219/71 1232/221/71
f 1235/222/70 1234/224/70 1233/223/70
f 1235/222/70 1233/223/70 1236/225/70
f 1239/226/69 1238/228/69 1237/227/69
f 1239/226/69 1237/227/69 1240/229/69
f 1243/230/68 1242/232/68 1241/231/68
f 1243/230/68 1241/231/68 1244/233/68
f 1247/234/67 1246/236/67 1245/235/67
f 1247/234/67 1245/235/67 1248/237/67
s 0
f 1252/239/88 1250/238/88 1249/240/88
f 1250/238/88 1252/239/88 1251/241/88
f 1251/243/86 1254/242/86 1253/244/86
f 1254/242/86 1251/243/86 1252/245/86
f 1256/246/294 1253/244/294 1254/242/294
f 1253/244/84 1256/246/84 1255/247/84
f 1256/250/82 1258/251/82 1257/249/82
f 1256/250/82 1257/249/82 1255/248/82
f 1258/251/295 1260/252/295 1259/241/295
f 1258/251/80 1259/241/80 1257/249/80
f 1260/253/296 1261/244/296 1259/254/296
f 1261/244/79 1260/253/79 1262/255/79
f 1263/247/77 1261/244/77 1262/255/77
f 1262/255/297 1264/256/297 1263/247/297
f 1249/240/75 1263/248/75 1264/257/75
f 1263/248/298 1249/240/298 1250/238/298
f 1251/241/100 1266/258/100 1250/238/100
f 1265/259/100 1250/238/100 1266/258/100
f 1266/260/99 1253/244/99 1267/261/99
f 1253/244/99 1266/260/99 1251/243/99
f 1255/247/98 1268/262/98 1253/244/98
f 1267/261/97 1253/244/97 1268/262/97
f 1268/263/95 1257/249/95 1269/264/95
f 1257/249/96 1268/263/96 1255/248/96
f 1259/241/94 1270/265/94 1257/249/94
f 1269/264/93 1257/249/93 1270/265/93
f 1270/266/91 1261/244/91 1271/267/91
f 1261/244/92 1270/266/92 1259/254/92
f 1263/247/90 1272/268/90 1261/244/90
f 1271/267/90 1261/244/90 1272/268/90
f 1272/269/89 1250/238/89 1265/259/89
f 1250/238/89 1272/269/89 1263/248/89
f 1270/275/29 1266/272/29 1268/270/29
f 1270/275/29 1272/273/29 1266/272/29
f 1268/270/29 1266/272/29 1267/271/29
f 1270/275/102 1268/270/102 1269/277/102
f 1272/273/29 1270/275/29 1271/276/29
f 1266/272/101 1272/273/101 1265/274/101
s 1
f 1104/278/103 1099/280/103 194/279/103
s 0
f 1100/40/2 194/279/2 1099/280/2
f 194/279/2 1100/40/2 41/48/2
f 1153/120/1 1273/281/1 1152/121/1
f 1273/281/1 1153/120/1 1274/282/1
f 1215/283/1 1274/282/1 1153/120/1
f 1274/282/1 1215/283/1 1275/284/1
f 1215/283/1 1202/286/1 1276/285/1
f 1215/283/1 1276/285/1 1275/284/1
f 1200/287/1 1276/285/1 1202/286/1
f 1276/285/1 1200/287/1 1277/288/1
f 1273/281/1 1277/288/1 1200/287/1
f 1200/287/1 1152/121/1 1273/281/1
f 1153/122/55 1154/124/55 1279/289/55
f 1153/122/55 1279/289/55 1278/290/55
f 1204/291/55 1279/289/55 1154/124/55
f 1279/289/55 1204/291/55 1280/292/55
f 1204/291/105 1203/294/105 1281/293/105
f 1204/291/55 1281/293/55 1280/292/55
f 1215/295/55 1281/293/55 1203/294/55
f 1281/293/55 1215/295/55 1282/296/55
f 1278/290/55 1282/296/55 1215/295/55
f 1215/295/55 1153/122/55 1278/290/55
f 1155/125/4 1283/297/4 1154/124/4
f 1283/297/4 1155/125/4 1284/298/4
f 1206/299/4 1284/298/4 1155/125/4
f 1284/298/4 1206/299/4 1285/300/4
f 1206/299/4 1205/302/4 1286/301/4
f 1206/299/4 1286/301/4 1285/300/4
f 1204/291/4 1286/301/4 1205/302/4
f 1286/301/4 1204/291/4 1287/303/4
f 1283/297/4 1287/303/4 1204/291/4
f 1204/291/4 1154/124/4 1283/297/4
f 1155/125/54 1156/126/54 1289/304/54
f 1155/125/54 1289/304/54 1288/305/54
f 1216/306/54 1289/304/54 1156/126/54
f 1289/304/54 1216/306/54 1290/307/54
f 1216/306/104 1207/309/104 1291/308/104
f 1216/306/54 1291/308/54 1290/307/54
f 1206/299/54 1291/308/54 1207/309/54
f 1291/308/54 1206/299/54 1292/310/54
f 1288/305/54 1292/310/54 1206/299/54
f 1206/299/54 1155/125/54 1288/305/54
f 1156/128/34 1157/129/34 1294/311/34
f 1156/128/34 1294/311/34 1293/312/34
f 1209/313/34 1294/311/34 1157/129/34
f 1294/311/34 1209/313/34 1295/314/34
f 1209/313/34 1208/316/34 1296/315/34
f 1209/313/34 1296/315/34 1295/314/34
f 1216/317/34 1296/315/34 1208/316/34
f 1296/315/34 1216/317/34 1297/318/34
f 1293/312/34 1297/318/34 1216/317/34
f 1216/317/34 1156/128/34 1293/312/34
f 1157/130/57 1158/131/57 1299/319/57
f 1157/130/57 1299/319/57 1298/320/57
f 1214/321/57 1299/319/57 1158/131/57
f 1299/319/57 1214/321/57 1300/322/57
f 1214/321/57 1210/324/57 1301/323/57
f 1214/321/58 1301/323/58 1300/322/58
f 1209/325/58 1301/323/58 1210/324/58
f 1301/323/57 1209/325/57 1302/326/57
f 1298/320/57 1302/326/57 1209/325/57
f 1209/325/57 1157/130/57 1298/320/57
f 1158/131/2 1159/133/2 1304/327/2
f 1158/131/2 1304/327/2 1303/328/2
f 1212/329/2 1304/327/2 1159/133/2
f 1304/327/2 1212/329/2 1305/330/2
f 1212/329/2 1211/332/2 1306/331/2
f 1212/329/2 1306/331/2 1305/330/2
f 1214/321/2 1306/331/2 1211/332/2
f 1306/331/2 1214/321/2 1307/333/2
f 1303/328/2 1307/333/2 1214/321/2
f 1214/321/2 1158/131/2 1303/328/2
f 1159/133/56 1152/135/56 1309/334/56
f 1159/133/56 1309/334/56 1308/335/56
f 1200/336/56 1309/334/56 1152/135/56
f 1309/334/56 1200/336/56 1310/337/56
f 1200/336/56 1213/339/56 1311/338/56
f 1200/336/106 1311/338/106 1310/337/106
f 1212/329/56 1311/338/56 1213/339/56
f 1311/338/56 1212/329/56 1312/340/56
f 1308/335/56 1312/340/56 1212/329/56
f 1212/329/56 1159/133/56 1308/335/56
f 1164/341/29 1273/342/29 1274/344/29
f 1273/342/29 1164/341/29 1160/343/29
f 1275/345/2 1164/346/2 1274/348/2
f 1164/346/2 1275/345/2 1163/347/2
f 1162/351/107 1275/350/107 1276/349/107
f 1275/350/107 1162/351/107 1163/352/107
f 1161/354/108 1162/353/108 1276/355/108
f 1276/355/108 1277/356/108 1161/354/108
f 1160/358/4 1161/357/4 1277/359/4
f 1277/359/4 1273/360/4 1160/358/4
f 1165/361/29 1279/362/29 1169/364/29
f 1279/362/29 1165/361/29 1278/363/29
f 1168/367/122 1279/366/122 1280/365/122
f 1279/366/121 1168/367/121 1169/368/121
f 1168/370/120 1281/369/120 1167/371/120
f 1281/369/120 1168/370/120 1280/372/120
f 1282/374/119 1167/373/119 1281/375/119
f 1167/373/119 1282/374/119 1166/376/119
f 1165/378/118 1166/377/118 1282/379/118
f 1282/379/117 1278/380/117 1165/378/117
f 1174/383/29 1170/384/29 1283/382/29
f 1283/382/29 1284/381/29 1174/383/29
f 1285/385/1 1174/386/1 1284/388/1
f 1174/386/1 1285/385/1 1173/387/1
f 1286/389/116 1173/390/116 1285/392/116
f 1173/390/116 1286/389/116 1172/391/116
f 1171/394/115 1172/393/115 1286/395/115
f 1286/395/115 1287/396/115 1171/394/115
f 1170/398/34 1171/397/34 1287/399/34
f 1287/399/34 1283/400/34 1170/398/34
f 1179/401/29 1288/402/29 1289/404/29
f 1288/402/29 1179/401/29 1175/403/29
f 1178/407/114 1289/406/114 1290/405/114
f 1289/406/113 1178/407/113 1179/408/113
f 1177/410/112 1290/411/112 1291/412/112
f 1290/411/112 1177/410/112 1178/409/112
f 1176/411/111 1177/413/111 1291/410/111
f 1291/410/111 1292/409/111 1176/411/111
f 1175/415/110 1176/414/110 1292/416/110
f 1292/416/109 1288/417/109 1175/415/109
f 1184/2135/29 1180/2136/29 1293/2137/29
f 1184/2135/29 1293/2137/29 1294/2138/29
f 1295/422/4 1184/423/4 1294/425/4
f 1184/423/4 1295/422/4 1183/424/4
f 1182/428/108 1295/427/108 1296/426/108
f 1295/427/108 1182/428/108 1183/429/108
f 1181/431/107 1182/430/107 1296/432/107
f 1296/432/107 1297/433/107 1181/431/107
f 1180/435/2 1181/434/2 1297/436/2
f 1297/436/2 1293/437/2 1180/435/2
f 1189/440/29 1185/441/29 1298/439/29
f 1298/439/29 1299/438/29 1189/440/29
f 1188/444/118 1299/443/118 1300/442/118
f 1299/443/117 1188/444/117 1189/445/117
f 1188/447/119 1301/446/119 1187/371/119
f 1301/446/119 1188/447/119 1300/448/119
f 1302/370/120 1187/369/120 1301/371/120
f 1187/369/120 1302/370/120 1186/372/120
f 1185/449/122 1186/451/122 1302/450/122
f 1302/450/122 1298/452/122 1185/449/122
f 1194/454/29 1303/455/29 1304/456/29
f 1303/455/29 1194/454/29 1190/453/29
f 1193/459/34 1304/458/34 1305/457/34
f 1304/458/34 1193/459/34 1194/460/34
f 1192/463/115 1305/462/115 1306/461/115
f 1305/462/115 1192/463/115 1193/464/115
f 1191/466/116 1192/465/116 1306/467/116
f 1306/467/116 1307/468/116 1191/466/116
f 1191/469/1 1303/470/1 1190/472/1
f 1303/470/1 1191/469/1 1307/471/1
f 1195/473/29 1309/474/29 1199/476/29
f 1309/474/29 1195/473/29 1308/475/29
f 1198/479/109 1309/478/109 1310/477/109
f 1309/478/109 1198/479/109 1199/480/109
f 1197/410/111 1310/411/111 1311/413/111
f 1310/411/111 1197/410/111 1198/409/111
f 1196/411/112 1197/412/112 1311/410/112
f 1311/410/112 1312/409/112 1196/411/112
f 1196/481/114 1308/482/114 1195/484/114
f 1308/482/113 1196/481/113 1312/483/113
f 1313/485/74 1316/487/74 1315/486/74
f 1313/485/74 1315/486/74 1314/488/74
f 1252/239/74 1315/486/74 1316/487/74
f 1315/486/74 1252/239/74 1317/489/74
f 1249/240/74 1317/489/74 1252/239/74
f 1317/489/74 1249/240/74 1318/490/74
f 1314/488/74 1318/490/74 1249/240/74
f 1249/240/74 1313/485/74 1314/488/74
f 1316/491/73 1321/493/73 1320/492/73
f 1316/491/73 1320/492/73 1319/494/73
f 1254/242/73 1320/492/73 1321/493/73
f 1320/492/73 1254/242/73 1322/495/73
f 1252/245/73 1322/495/73 1254/242/73
f 1322/495/73 1252/245/73 1323/496/73
f 1319/494/73 1323/496/73 1252/245/73
f 1252/245/73 1316/491/73 1319/494/73
f 1326/497/72 1324/498/72 1321/493/72
f 1324/498/72 1326/497/72 1325/499/72
f 1256/246/72 1325/499/72 1326/497/72
f 1325/499/72 1256/246/72 1327/500/72
f 1256/246/72 1254/242/72 1328/501/72
f 1256/246/72 1328/501/72 1327/500/72
f 1324/498/72 1328/501/72 1254/242/72
f 1254/242/72 1321/493/72 1324/498/72
f 1331/502/71 1329/503/71 1326/505/71
f 1329/503/71 1331/502/71 1330/504/71
f 1258/251/71 1330/504/71 1331/502/71
f 1330/504/71 1258/251/71 1332/506/71
f 1258/251/71 1256/250/71 1333/507/71
f 1258/251/71 1333/507/71 1332/506/71
f 1329/503/71 1333/507/71 1256/250/71
f 1256/250/71 1326/505/71 1329/503/71
f 1331/502/70 1336/487/70 1335/486/70
f 1331/502/70 1335/486/70 1334/488/70
f 1260/252/70 1335/486/70 1336/487/70
f 1335/486/70 1260/252/70 1337/508/70
f 1258/251/70 1337/508/70 1260/252/70
f 1337/508/70 1258/251/70 1338/509/70
f 1334/488/70 1338/509/70 1258/251/70
f 1258/251/70 1331/502/70 1334/488/70
f 1336/491/69 1341/493/69 1340/492/69
f 1336/491/69 1340/492/69 1339/494/69
f 1262/255/69 1340/492/69 1341/493/69
f 1340/492/69 1262/255/69 1342/510/69
f 1260/253/69 1342/510/69 1262/255/69
f 1342/510/69 1260/253/69 1343/511/69
f 1339/494/69 1343/511/69 1260/253/69
f 1260/253/69 1336/491/69 1339/494/69
f 1346/497/68 1344/512/68 1341/493/68
f 1344/512/68 1346/497/68 1345/499/68
f 1264/256/68 1345/499/68 1346/497/68
f 1345/499/68 1264/256/68 1347/513/68
f 1264/256/68 1262/255/68 1348/514/68
f 1264/256/68 1348/514/68 1347/513/68
f 1344/512/68 1348/514/68 1262/255/68
f 1262/255/68 1341/493/68 1344/512/68
f 1313/485/67 1349/503/67 1346/505/67
f 1349/503/67 1313/485/67 1350/504/67
f 1249/240/67 1350/504/67 1313/485/67
f 1350/504/67 1249/240/67 1351/515/67
f 1249/240/67 1264/257/67 1352/516/67
f 1249/240/67 1352/516/67 1351/515/67
f 1349/503/67 1352/516/67 1264/257/67
f 1264/257/67 1346/505/67 1349/503/67
f 1217/517/29 1315/518/29 1220/520/29
f 1315/518/29 1217/517/29 1314/519/29
f 1219/523/68 1315/522/68 1317/521/68
f 1315/522/68 1219/523/68 1220/524/68
f 1218/2139/123 1317/2140/123 1318/2141/123
f 1317/2140/123 1218/2139/123 1219/2142/123
f 1217/522/72 1218/521/72 1318/523/72
f 1318/523/72 1314/524/72 1217/522/72
f 1221/530/29 1320/529/29 1224/531/29
f 1320/529/29 1221/530/29 1319/532/29
f 1223/523/67 1320/534/67 1322/533/67
f 1320/534/67 1223/523/67 1224/535/67
f 1222/538/123 1223/539/123 1322/537/123
f 1322/537/123 1323/536/123 1222/538/123
f 1221/541/71 1222/540/71 1323/542/71
f 1323/542/71 1319/543/71 1221/541/71
f 1228/544/29 1324/545/29 1325/547/29
f 1324/545/29 1228/544/29 1225/546/29
f 1227/523/74 1325/548/74 1327/533/74
f 1325/548/74 1227/523/74 1228/549/74
f 1227/550/123 1328/551/123 1226/553/123
f 1328/551/123 1227/550/123 1327/552/123
f 1225/555/70 1226/554/70 1328/556/70
f 1328/556/70 1324/557/70 1225/555/70
f 1229/558/29 1330/559/29 1232/561/29
f 1330/559/29 1229/558/29 1329/560/29
f 1231/564/73 1330/563/73 1332/562/73
f 1330/563/73 1231/564/73 1232/565/73
f 1332/567/123 1333/569/123 1230/566/123
f 1332/567/123 1230/566/123 1231/568/123
f 1229/522/69 1230/521/69 1333/523/69
f 1333/523/69 1329/524/69 1229/522/69
f 1334/571/29 1335/573/29 1236/570/29
f 1334/571/29 1236/570/29 1233/572/29
f 1235/564/72 1335/575/72 1337/574/72
f 1335/575/72 1235/564/72 1236/576/72
f 1235/577/123 1338/578/123 1234/580/123
f 1338/578/123 1235/577/123 1337/579/123
f 1233/575/68 1234/574/68 1338/564/68
f 1338/564/68 1334/576/68 1233/575/68
f 1237/581/29 1340/582/29 1240/584/29
f 1340/582/29 1237/581/29 1339/583/29
f 1342/533/71 1240/535/71 1340/534/71
f 1240/535/71 1342/533/71 1239/523/71
f 1238/585/123 1342/586/123 1343/588/123
f 1342/586/123 1238/585/123 1239/587/123
f 1237/534/67 1238/533/67 1343/523/67
f 1343/523/67 1339/535/67 1237/534/67
f 1244/591/29 1241/592/29 1344/590/29
f 1344/590/29 1345/589/29 1244/591/29
f 1347/533/70 1244/535/70 1345/534/70
f 1244/535/70 1347/533/70 1243/523/70
f 1243/594/123 1348/593/123 1242/595/123
f 1348/593/123 1243/594/123 1347/596/123
f 1241/534/74 1242/533/74 1348/523/74
f 1348/523/74 1344/535/74 1241/534/74
f 1350/598/29 1245/597/29 1349/599/29
f 1245/597/29 1350/598/29 1248/600/29
f 1247/564/69 1350/575/69 1351/574/69
f 1350/575/69 1247/564/69 1248/576/69
f 1246/602/123 1247/601/123 1351/603/123
f 1246/602/123 1351/603/123 1352/604/123
f 1245/575/73 1246/574/73 1352/564/73
f 1352/564/73 1349/576/73 1245/575/73
f 1355/605/124 1354/607/124 1353/606/124
f 1353/606/124 1356/608/124 1355/605/124
f 1356/609/299 1359/611/299 1358/610/299
f 1356/609/299 1358/610/299 1357/612/299
f 1360/614/300 1362/613/300 1361/615/300
f 1362/613/301 1360/614/301 1359/616/301
f 1364/617/4 1354/607/4 1355/605/4
f 1354/607/4 1364/617/4 1363/618/4
f 1366/619/34 1357/612/34 1358/610/34
f 1357/612/34 1366/619/34 1365/620/34
f 1367/622/2 1361/615/2 1368/621/2
f 1361/615/2 1367/622/2 1360/614/2
f 1356/609/302 1357/612/302 1355/623/302
f 1359/611/303 1360/624/303 1358/610/303
f 1364/625/40 1355/623/40 1365/620/40
f 1365/620/40 1355/623/40 1357/612/40
f 1366/619/39 1360/624/39 1367/626/39
f 1360/624/39 1366/619/39 1358/610/39
f 1372/627/304 1370/628/304 1369/630/304
f 1370/628/304 1372/627/304 1371/629/304
f 1373/631/305 1371/633/305 1372/632/305
f 1373/631/305 1372/632/305 1363/618/305
f 1364/617/132 1373/631/132 1363/618/132
f 1373/631/132 1364/617/132 1374/634/132
f 1374/634/306 1365/635/306 1375/636/306
f 1365/635/306 1374/634/306 1364/617/306
f 1366/619/307 1375/637/307 1365/620/307
f 1375/637/307 1366/619/307 1376/638/307
f 1377/639/308 1376/641/308 1366/640/308
f 1377/639/308 1366/640/308 1367/622/308
f 1367/622/136 1368/621/136 1378/642/136
f 1367/622/136 1378/642/136 1377/639/136
f 1370/643/309 1378/642/309 1368/621/309
f 1368/621/309 1369/644/309 1370/643/309
f 1379/184/138 1381/182/138 1380/183/138
f 1382/645/141 1383/647/141 1380/646/141
f 1383/648/143 1384/650/143 1380/649/143
f 1385/651/139 1386/652/139 1380/646/139
f 1387/172/142 1388/170/142 1380/171/142
f 1388/653/141 1389/655/141 1380/654/141
f 1390/656/143 1391/658/143 1380/657/143
f 1392/659/139 1379/661/139 1380/660/139
f 1384/662/140 1385/664/140 1380/663/140
f 1380/665/140 1393/667/140 1390/666/140
f 1389/172/146 1393/170/146 1380/171/146
f 1380/183/146 1394/184/146 1382/205/146
f 1381/668/145 1394/670/145 1380/669/145
f 1380/646/145 1395/672/145 1387/671/145
f 1386/172/144 1395/170/144 1380/171/144
f 1380/183/144 1391/184/144 1392/205/144
f 1399/674/154 1397/673/154 1396/675/154
f 1397/673/154 1399/674/154 1398/676/154
f 1398/678/153 1401/677/153 1400/679/153
f 1401/677/153 1398/678/153 1399/680/153
f 1403/681/152 1400/679/152 1401/677/152
f 1400/679/152 1403/681/152 1402/682/152
f 1403/684/151 1405/675/151 1404/673/151
f 1403/684/151 1404/673/151 1402/683/151
f 1405/675/150 1407/674/150 1406/685/150
f 1405/675/150 1406/685/150 1404/673/150
f 1407/680/149 1408/686/149 1406/678/149
f 1408/686/149 1407/680/149 1409/687/149
f 1410/682/148 1408/686/148 1409/687/148
f 1409/687/148 1411/681/148 1410/682/148
f 1396/675/147 1410/688/147 1411/684/147
f 1410/688/147 1396/675/147 1397/673/147
f 1398/676/162 1413/689/162 1397/673/162
f 1412/690/162 1397/673/162 1413/689/162
f 1413/691/161 1400/679/161 1414/692/161
f 1400/679/161 1413/691/161 1398/678/161
f 1402/682/160 1415/693/160 1400/679/160
f 1414/692/160 1400/679/160 1415/693/160
f 1415/694/159 1404/673/159 1416/690/159
f 1404/673/159 1415/694/159 1402/683/159
f 1406/685/158 1417/695/158 1404/673/158
f 1416/690/158 1404/673/158 1417/695/158
f 1417/691/157 1408/686/157 1418/696/157
f 1408/686/157 1417/691/157 1406/678/157
f 1410/682/156 1419/693/156 1408/686/156
f 1418/696/156 1408/686/156 1419/693/156
f 1419/694/155 1397/673/155 1412/690/155
f 1397/673/155 1419/694/155 1410/688/155
f 1371/629/1 1394/697/1 1379/698/1
f 1379/698/1 1370/628/1 1371/629/1
f 1379/698/1 1394/697/1 1381/699/1
f 1383/647/55 1394/700/55 1373/631/55
f 1394/700/55 1383/647/55 1382/645/55
f 1394/700/55 1371/633/55 1373/631/55
f 1383/647/4 1374/634/4 1385/651/4
f 1383/647/4 1385/651/4 1384/701/4
f 1374/634/4 1383/647/4 1373/631/4
f 1395/672/54 1385/651/54 1375/636/54
f 1385/651/54 1395/672/54 1386/652/54
f 1385/651/54 1374/634/54 1375/636/54
f 1395/702/34 1376/638/34 1388/703/34
f 1376/638/34 1395/702/34 1375/637/34
f 1388/703/34 1387/704/34 1395/702/34
f 1393/706/57 1376/641/57 1377/639/57
f 1388/705/57 1393/706/57 1389/707/57
f 1376/641/57 1393/706/57 1388/705/57
f 1391/708/2 1393/706/2 1377/639/2
f 1393/706/2 1391/708/2 1390/709/2
f 1391/708/2 1377/639/2 1378/642/2
f 1379/710/56 1378/642/56 1370/643/56
f 1391/708/56 1379/710/56 1392/711/56
f 1378/642/56 1379/710/56 1391/708/56
f 1399/674/74 1421/712/74 1420/713/74
f 1421/712/74 1399/674/74 1396/675/74
f 1422/714/73 1401/677/73 1399/680/73
f 1399/680/73 1420/715/73 1422/714/73
f 1423/716/72 1403/681/72 1401/677/72
f 1401/677/72 1422/714/72 1423/716/72
f 1424/717/71 1405/675/71 1403/684/71
f 1403/684/71 1423/718/71 1424/717/71
f 1425/713/70 1407/674/70 1405/675/70
f 1405/675/70 1424/717/70 1425/713/70
f 1426/719/69 1409/687/69 1407/680/69
f 1407/680/69 1425/715/69 1426/719/69
f 1427/716/68 1411/681/68 1409/687/68
f 1409/687/68 1426/719/68 1427/716/68
f 1396/675/67 1427/718/67 1421/712/67
f 1427/718/67 1396/675/67 1411/684/67
f 1353/606/4 1429/720/4 1356/608/4
f 1428/721/4 1356/608/4 1429/720/4
f 1428/722/310 1359/611/310 1356/609/310
f 1359/611/310 1428/722/310 1430/723/310
f 1359/616/311 1431/724/311 1362/613/311
f 1431/724/311 1359/616/311 1430/725/311
f 1368/726/312 1432/727/312 1369/630/312
f 1363/728/313 1372/627/313 1433/729/313
s 1
f 1437/731/34 1435/730/34 1434/732/34
f 1437/731/34 1434/732/34 1438/734/34
f 1435/730/34 1437/731/34 1436/733/34
s 0
f 1440/735/2 1438/736/2 1439/738/2
f 1438/736/2 1440/735/2 1437/737/2
f 1440/735/167 1441/740/167 1436/739/167
f 1440/735/167 1436/739/167 1437/737/167
f 1442/742/168 1436/741/168 1441/743/168
f 1436/741/168 1442/742/168 1435/744/168
f 1434/745/4 1435/744/4 1442/742/4
f 1442/742/4 1443/746/4 1434/745/4
s 1
f 1126/747/1 1439/748/1 1129/750/1
f 1439/748/1 1126/747/1 1440/749/1
f 1441/752/1 1440/751/1 1118/753/1
f 1441/752/1 1118/753/1 1125/754/1
s 0
f 1118/755/1 1440/757/1 1126/756/1
s 1
f 1121/760/1 1443/759/1 1442/758/1
f 1443/759/1 1121/760/1 1122/761/1
s 0
f 1442/762/1 1125/763/1 1121/765/1
f 1125/763/1 1442/762/1 1441/764/1
f 1426/769/123 1424/767/123 1421/768/123
f 1422/766/123 1424/767/123 1423/772/123
f 1421/768/123 1422/766/123 1420/773/123
f 1424/767/123 1426/769/123 1425/770/123
f 1424/767/123 1422/766/123 1421/768/123
f 1426/769/123 1421/768/123 1427/771/123
f 1086/3/34 1087/1/34 1115/774/34
f 1086/3/34 1115/774/34 1116/775/34
f 1087/74/169 1108/29/169 1095/10/169
f 1087/74/169 1095/10/169 1115/38/169
f 16/12/169 1108/29/169 28/27/169
f 1108/29/169 16/12/169 1095/10/169
s 1
f 1447/781/4 1449/780/4 1448/782/4
f 1446/779/4 1449/780/4 1447/781/4
f 1451/777/4 1445/776/4 1444/778/4
f 1451/777/4 1444/778/4 1452/784/4
f 1449/780/4 1446/779/4 1450/783/4
f 1450/783/4 1446/779/4 1451/777/4
f 1445/776/4 1451/777/4 1446/779/4
f 1455/787/34 1453/786/34 1456/785/34
f 1453/786/34 1455/787/34 1454/788/34
f 1458/789/171 1455/787/171 1456/785/171
f 1455/787/171 1458/789/171 1457/790/171
f 1460/791/1 1462/792/1 1461/794/1
f 1462/792/1 1460/791/1 1459/793/1
s 0
f 1460/791/170 1457/795/170 1458/796/170
f 1458/796/170 1459/793/170 1460/791/170
f 1454/798/4 1455/797/4 1464/799/4
f 1454/798/4 1464/799/4 1463/800/4
f 1457/801/4 1466/802/4 1455/797/4
f 1465/803/4 1455/797/4 1466/802/4
f 1467/805/4 1460/804/4 1468/806/4
f 1460/804/4 1467/805/4 1457/801/4
f 1460/804/4 1461/807/4 1469/808/4
f 1469/808/4 1461/807/4 1470/809/4
f 1460/804/4 1469/808/4 1468/806/4
f 1467/805/4 1471/810/4 1457/801/4
f 1457/801/4 1471/810/4 1466/802/4
f 1465/803/4 1464/799/4 1455/797/4
f 1464/811/1 1452/812/1 1463/814/1
f 1452/812/1 1464/811/1 1451/813/1
f 1465/815/177 1451/816/177 1464/818/177
f 1451/816/177 1465/815/177 1450/817/177
f 1449/821/176 1465/820/176 1466/819/176
f 1465/820/176 1449/821/176 1450/822/176
f 1448/825/175 1449/826/175 1466/824/175
f 1466/824/175 1471/823/175 1448/825/175
f 1447/829/174 1448/830/174 1471/828/174
f 1471/828/174 1467/827/174 1447/829/174
f 1446/832/173 1447/831/173 1467/833/173
f 1467/833/173 1468/834/173 1446/832/173
f 1445/836/172 1446/835/172 1468/837/172
f 1468/837/172 1469/838/172 1445/836/172
f 1444/840/34 1445/839/34 1469/841/34
f 1469/841/34 1470/842/34 1444/840/34
f 1475/846/29 1474/843/29 1472/844/29
f 1472/844/29 1474/843/29 1473/845/29
f 1479/847/1 1477/848/1 1476/850/1
f 1477/848/1 1479/847/1 1478/849/1
f 1483/851/1 1481/853/1 1480/852/1
f 1481/853/1 1483/851/1 1482/854/1
f 1482/854/1 1485/855/1 1484/856/1
f 1485/855/1 1482/854/1 1483/851/1
s 1
f 1474/857/34 1486/859/34 1473/858/34
f 1486/859/34 1474/857/34 1487/860/34
s 0
f 1490/863/2 1488/862/2 1483/861/2
f 1488/862/2 1490/863/2 1489/865/2
f 1483/861/2 1488/862/2 1485/864/2
f 1480/867/2 1491/866/2 1483/861/2
f 1491/866/2 1480/867/2 1492/868/2
f 1483/861/2 1491/866/2 1490/863/2
f 1492/871/314 1487/860/314 1493/870/314
f 1492/871/314 1493/870/314 1491/869/314
f 1476/875/179 1495/872/179 1479/873/179
f 1479/873/179 1495/872/179 1494/874/179
f 1494/878/180 1478/877/180 1479/876/180
f 1478/877/180 1494/878/180 1496/879/180
f 1478/883/29 1496/880/29 1497/881/29
f 1497/881/29 1496/880/29 1498/882/29
f 1497/884/2 1474/885/2 1475/887/2
f 1474/885/2 1497/884/2 1498/886/2
f 1500/888/181 1492/868/181 1480/867/181
f 1492/868/181 1500/888/181 1499/889/181
f 1501/891/29 1499/890/29 1500/892/29
f 1499/890/29 1501/891/29 1486/893/29
f 1472/894/2 1486/895/2 1501/897/2
f 1486/895/2 1472/894/2 1473/896/2
f 1504/899/315 1502/898/315 1490/900/315
f 1502/898/315 1504/899/315 1503/901/315
f 1489/865/2 1490/863/2 1502/902/2
f 1489/865/2 1502/902/2 1505/903/2
s 1
f 1496/904/34 1474/857/34 1498/905/34
f 1496/904/34 1487/860/34 1474/857/34
f 1486/859/34 1492/871/34 1499/906/34
f 1492/871/34 1486/859/34 1487/860/34
f 1495/907/34 1496/904/34 1494/908/34
f 1495/907/34 1487/860/34 1496/904/34
s 0
f 1478/849/1 1497/910/1 1475/909/1
f 1475/909/1 1477/848/1 1478/849/1
f 1481/853/1 1477/848/1 1475/909/1
f 1481/853/1 1475/909/1 1501/911/1
f 1481/853/1 1501/911/1 1480/852/1
f 1475/912/1 1472/914/1 1501/913/1
f 1501/911/1 1500/915/1 1480/852/1
s 1
f 1502/898/34 1503/901/34 1506/916/34
f 1502/898/34 1506/916/34 1505/917/34
f 1493/870/34 1490/900/34 1491/869/34
f 1490/900/34 1493/870/34 1504/899/34
s 0
f 1508/921/29 1507/920/29 1509/918/29
f 1507/920/29 1510/919/29 1509/918/29
f 1511/922/1 1477/923/1 1512/925/1
f 1477/923/1 1511/922/1 1476/924/1
f 1514/926/1 1513/928/1 1516/927/1
f 1516/927/1 1515/929/1 1514/926/1
f 1515/929/1 1517/930/1 1514/926/1
f 1517/930/1 1515/929/1 1518/931/1
s 1
f 1509/932/34 1510/934/34 1519/933/34
f 1519/933/34 1487/860/34 1509/932/34
s 0
f 1514/861/4 1520/862/4 1521/935/4
f 1520/862/4 1514/861/4 1517/864/4
f 1521/935/4 1520/862/4 1522/936/4
f 1524/866/4 1513/867/4 1514/861/4
f 1524/866/4 1514/861/4 1521/935/4
f 1513/867/4 1524/866/4 1523/868/4
f 1524/938/314 1493/870/314 1523/937/314
f 1487/860/314 1523/937/314 1493/870/314
f 1476/875/183 1511/940/183 1495/872/183
f 1511/940/183 1525/939/183 1495/872/183
f 1511/943/184 1512/942/184 1525/941/184
f 1525/941/184 1512/942/184 1526/944/184
f 1512/948/29 1527/947/29 1526/945/29
f 1527/947/29 1528/946/29 1526/945/29
f 1527/949/4 1509/950/4 1528/952/4
f 1509/950/4 1527/949/4 1508/951/4
f 1530/888/185 1523/868/185 1529/889/185
f 1523/868/185 1530/888/185 1513/867/185
f 1531/954/29 1529/953/29 1519/955/29
f 1529/953/29 1531/954/29 1530/956/29
f 1507/957/4 1519/958/4 1510/960/4
f 1519/958/4 1507/957/4 1531/959/4
f 1532/961/316 1504/899/316 1521/962/316
f 1504/899/315 1532/961/315 1503/901/315
f 1521/935/4 1522/936/4 1532/963/4
f 1532/963/4 1522/936/4 1533/964/4
s 1
f 1526/965/34 1528/966/34 1509/932/34
f 1509/932/34 1487/860/34 1526/965/34
f 1523/937/34 1519/933/34 1529/967/34
f 1519/933/34 1523/937/34 1487/860/34
f 1487/860/34 1495/907/34 1526/965/34
f 1495/907/34 1525/968/34 1526/965/34
s 0
f 1512/925/1 1508/970/1 1527/969/1
f 1508/970/1 1516/927/1 1531/971/1
f 1477/923/1 1516/927/1 1508/970/1
f 1477/923/1 1508/970/1 1512/925/1
f 1531/971/1 1516/927/1 1513/928/1
f 1508/972/1 1531/974/1 1507/973/1
f 1531/971/1 1513/928/1 1530/975/1
s 1
f 1503/901/34 1533/976/34 1506/916/34
f 1533/976/34 1503/901/34 1532/961/34
f 1493/870/34 1521/962/34 1504/899/34
f 1521/962/34 1493/870/34 1524/938/34
f 1537/977/2 1536/979/2 1534/978/2
f 1534/978/2 1536/979/2 1535/980/2
f 1536/979/2 1538/983/2 1539/981/2
f 1538/983/2 1540/982/2 1539/981/2
f 1535/980/2 1536/979/2 1539/981/2
s 0
f 1541/984/186 1534/978/186 463/985/186
f 1534/978/186 1541/984/186 1537/977/186
f 463/985/186 1534/978/186 6/986/186
s 1
f 1544/987/29 1543/989/29 1542/988/188
f 1544/987/29 1542/988/188 1545/990/188
f 1547/993/34 1546/992/34 1548/991/34
f 1548/991/34 1546/992/34 1549/994/34
f 1551/995/1 1553/996/1 1552/998/1
f 1553/996/1 1551/995/1 1550/997/1
f 1557/1000/4 1555/999/4 1554/1001/4
f 1555/999/4 1557/1000/4 1556/1002/4
f 1543/1003/29 1544/1005/29 1558/1004/187
f 1544/1005/29 1559/1006/187 1558/1004/187
f 1556/1002/4 1557/1000/4 1560/1007/4
f 1560/1007/4 1557/1000/4 1561/1008/4
s 0
f 1542/988/34 1547/993/34 1545/990/34
f 1545/990/34 1547/993/34 1548/991/34
f 1559/1006/1 1551/995/1 1558/1004/1
f 1558/1004/1 1551/995/1 1552/998/1
f 1558/1009/4 1562/1010/4 1543/1012/4
f 1562/1010/4 1558/1009/4 1552/1011/4
f 1543/1012/4 1562/1010/4 1542/1013/4
f 1547/1014/4 1542/1013/4 1562/1010/4
f 1561/1015/34 1547/993/34 1560/1016/34
f 1547/993/34 1561/1015/34 1546/992/34
f 1556/1017/188 1547/993/188 1562/1018/188
f 1547/993/188 1556/1017/188 1560/1016/188
f 1556/1021/187 1562/1020/187 1555/1019/187
f 1562/1020/187 1552/998/187 1555/1019/187
f 1554/1022/1 1555/1019/1 1552/998/1
f 1552/998/1 1553/996/1 1554/1022/1
s 1
f 1565/987/29 1564/1024/29 1563/1023/188
f 1565/987/29 1563/1023/188 1566/1025/188
f 1568/993/34 1567/992/34 1569/991/34
f 1569/991/34 1567/992/34 1570/994/34
f 1572/1026/1 1574/996/1 1573/1027/1
f 1574/996/1 1572/1026/1 1571/997/1
f 1578/1029/4 1576/1028/4 1575/1030/4
f 1576/1028/4 1578/1029/4 1577/1031/4
f 1564/1032/29 1565/1033/29 1579/1004/187
f 1565/1033/29 1580/1006/187 1579/1004/187
f 1577/1031/4 1578/1029/4 1581/1034/4
f 1581/1034/4 1578/1029/4 1582/1035/4
s 0
f 1563/1023/34 1568/993/34 1566/1025/34
f 1566/1025/34 1568/993/34 1569/991/34
f 1580/1006/1 1572/1026/1 1579/1004/1
f 1579/1004/1 1572/1026/1 1573/1027/1
f 1579/1036/4 1583/1037/4 1564/1039/4
f 1583/1037/4 1579/1036/4 1573/1038/4
f 1564/1039/4 1583/1037/4 1563/1040/4
f 1568/1041/4 1563/1040/4 1583/1037/4
f 1582/1015/34 1568/993/34 1581/1016/34
f 1568/993/34 1582/1015/34 1567/992/34
f 1577/1042/188 1568/993/188 1583/1043/188
f 1568/993/188 1577/1042/188 1581/1016/188
f 1577/1046/187 1583/1045/187 1576/1044/187
f 1583/1045/187 1573/1027/187 1576/1044/187
f 1575/1022/1 1576/1044/1 1573/1027/1
f 1573/1027/1 1574/996/1 1575/1022/1
s 1
f 1585/1049/29 1584/1048/189 1586/1047/29
f 1586/1047/29 1584/1048/189 1587/1050/189
f 1589/1053/2 1588/1052/2 1590/1051/2
f 1590/1051/2 1588/1052/2 1591/1054/2
f 1593/1057/4 1592/1056/4 1594/1055/4
f 1594/1055/4 1592/1056/4 1595/1058/4
f 1599/1059/34 1597/999/34 1596/1060/34
f 1597/999/34 1599/1059/34 1598/1061/34
f 1600/1063/190 1585/1062/29 1586/1064/29
f 1586/1064/29 1601/1065/190 1600/1063/190
f 1598/1061/34 1599/1059/34 1602/1066/34
f 1602/1066/34 1599/1059/34 1603/1067/34
s 0
f 1584/1048/2 1589/1053/2 1587/1050/2
f 1587/1050/2 1589/1053/2 1590/1051/2
f 1601/1065/4 1593/1057/4 1600/1063/4
f 1600/1063/4 1593/1057/4 1594/1055/4
f 1600/1009/34 1604/1068/34 1585/1070/34
f 1604/1068/34 1600/1009/34 1594/1069/34
f 1585/1070/34 1604/1068/34 1584/1071/34
f 1589/1072/34 1584/1071/34 1604/1068/34
f 1602/1073/2 1588/1052/2 1589/1053/2
f 1588/1052/2 1602/1073/2 1603/1074/2
f 1598/1076/189 1589/1053/189 1604/1075/189
f 1589/1053/189 1598/1076/189 1602/1073/189
f 1597/1078/190 1598/1077/190 1604/1079/190
f 1604/1079/190 1594/1055/190 1597/1078/190
f 1596/1080/4 1597/1078/4 1594/1055/4
f 1594/1055/4 1595/1058/4 1596/1080/4
s 1
f 1606/1062/29 1605/1063/189 1607/1064/29
f 1607/1064/29 1605/1063/189 1608/1065/189
f 1610/1083/2 1609/1082/2 1611/1081/2
f 1611/1081/2 1609/1082/2 1612/1084/2
f 1614/1087/4 1613/1086/4 1615/1085/4
f 1615/1085/4 1613/1086/4 1616/1088/4
f 1620/1089/34 1618/999/34 1617/1090/34
f 1618/999/34 1620/1089/34 1619/1091/34
f 1621/1093/190 1606/1092/29 1607/1094/29
f 1607/1094/29 1622/1095/190 1621/1093/190
f 1619/1091/34 1620/1089/34 1623/1066/34
f 1623/1066/34 1620/1089/34 1624/1096/34
s 0
f 1605/1063/2 1610/1083/2 1608/1065/2
f 1608/1065/2 1610/1083/2 1611/1081/2
f 1622/1095/4 1614/1087/4 1621/1093/4
f 1621/1093/4 1614/1087/4 1615/1085/4
f 1621/1009/34 1625/1097/34 1606/1099/34
f 1625/1097/34 1621/1009/34 1615/1098/34
f 1606/1099/34 1625/1097/34 1605/1071/34
f 1610/1100/34 1605/1071/34 1625/1097/34
f 1623/1101/2 1609/1082/2 1610/1083/2
f 1609/1082/2 1623/1101/2 1624/1102/2
f 1619/1104/189 1610/1083/189 1625/1103/189
f 1610/1083/189 1619/1104/189 1623/1101/189
f 1618/1106/190 1619/1105/190 1625/1107/190
f 1625/1107/190 1615/1085/190 1618/1106/190
f 1617/1108/4 1618/1106/4 1615/1085/4
f 1615/1085/4 1616/1088/4 1617/1108/4
f 1629/1110/34 1627/1109/34 1626/1111/34
f 1627/1109/34 1629/1110/34 1628/1112/34
f 1629/1110/34 1626/1111/34 1630/1113/34
f 1629/1115/2 1630/1114/2 1631/1116/2
f 1631/1116/2 1630/1114/2 1632/1117/2
f 1634/1119/317 1627/1118/317 1628/1120/317
f 1627/1118/317 1634/1119/317 1633/1121/317
f 1631/1116/2 1636/1122/2 1629/1115/2
f 1636/1122/2 1631/1116/2 1635/1123/2
f 1626/1124/4 1638/1125/4 1637/1126/4
f 1626/1124/4 1627/1118/4 1638/1125/4
f 1634/1127/318 1629/1115/318 1636/1122/318
f 1629/1115/318 1634/1127/318 1628/1128/318
f 1633/1121/4 1638/1125/4 1627/1118/4
f 1638/1125/4 1633/1121/4 1639/1129/4
f 1644/1134/319 1640/1131/319 1645/1135/319
f 1640/1131/319 1644/1134/319 1643/1133/319
f 1640/1131/319 1642/1130/319 1634/1119/319
f 1634/1119/319 1642/1130/319 1641/1132/319
f 1641/1132/319 1633/1121/319 1634/1119/319
f 1642/1130/319 1640/1131/319 1643/1133/319
f 1640/1137/320 1649/1140/320 1648/1139/320
f 1646/1138/320 1640/1137/320 1634/1127/320
f 1640/1137/320 1650/1141/320 1649/1140/320
f 1634/1127/320 1647/1136/320 1646/1138/320
f 1647/1136/320 1634/1127/320 1636/1122/320
f 1640/1137/320 1646/1138/320 1650/1141/320
f 1652/1142/2 1646/1138/2 1651/1143/2
f 1646/1138/2 1652/1142/2 1650/1141/2
s 1
f 1651/2143/321 1653/2144/321 1652/2145/322
f 1653/2144/321 1654/2146/322 1652/2145/322
s 0
f 1654/1149/4 1653/1148/4 1642/1130/4
f 1642/1130/4 1643/1133/4 1654/1149/4
f 1640/1151/34 1655/1150/34 1645/1152/34
f 1655/1150/34 1640/1151/34 1656/1153/34
f 1656/1153/34 1640/1151/34 1657/1154/34
f 1657/1154/34 1640/1151/34 1648/1155/34
f 1656/1156/197 1658/1157/197 1655/1159/197
f 1658/1157/197 1656/1156/197 1659/1158/197
f 1659/1158/198 1656/1161/198 1660/1162/198
f 1660/1162/198 1656/1161/198 1657/1160/198
s 1
f 1657/1160/2 1648/1139/2 1660/1162/2
f 1661/1163/2 1660/1162/2 1648/1139/2
f 1658/1157/4 1645/1135/4 1655/1159/4
f 1645/1135/4 1658/1157/4 1662/1164/4
s 0
f 1661/1163/2 1649/1140/2 1663/1165/2
f 1649/1140/2 1661/1163/2 1648/1139/2
f 1663/1165/2 1650/1141/2 1652/1142/2
f 1650/1141/2 1663/1165/2 1649/1140/2
f 1664/1166/2 1636/1122/2 1635/1123/2
f 1636/1122/2 1664/1166/2 1647/1136/2
f 1651/1143/2 1647/1136/2 1664/1166/2
f 1647/1136/2 1651/1143/2 1646/1138/2
s 1
f 1663/2147/323 1665/2148/323 1661/2149/324
f 1665/2148/323 1662/2150/324 1661/2149/324
f 1652/2145/322 1654/2146/322 1663/2147/323
f 1654/2146/322 1665/2148/323 1663/2147/323
f 1666/2151/325 1664/2152/325 1667/2153/326
f 1664/2152/325 1635/2154/326 1667/2153/326
f 1666/2151/325 1653/2144/321 1651/2143/321
f 1651/2143/321 1664/2152/325 1666/2151/325
s 0
f 1665/1175/4 1644/1134/4 1662/1164/4
f 1644/1134/4 1645/1135/4 1662/1164/4
f 1665/1175/4 1654/1149/4 1643/1133/4
f 1643/1133/4 1644/1134/4 1665/1175/4
f 1667/1176/4 1633/1121/4 1666/1177/4
f 1666/1177/4 1633/1121/4 1641/1132/4
f 1641/1132/4 1653/1148/4 1666/1177/4
f 1653/1148/4 1641/1132/4 1642/1130/4
f 1671/1179/34 1669/1178/34 1668/1180/34
f 1669/1178/34 1671/1179/34 1670/1181/34
f 1671/1179/34 1668/1180/34 1672/1182/34
f 1671/1184/2 1672/1183/2 1673/1185/2
f 1673/1185/2 1672/1183/2 1674/1186/2
f 1676/1188/317 1669/1187/317 1670/1189/317
f 1669/1187/317 1676/1188/317 1675/1190/317
f 1673/1185/2 1678/1191/2 1671/1184/2
f 1678/1191/2 1673/1185/2 1677/1192/2
f 1668/1193/4 1680/1194/4 1679/1195/4
f 1668/1193/4 1669/1187/4 1680/1194/4
f 1676/1197/318 1671/1184/318 1678/1191/318
f 1671/1184/318 1676/1197/318 1670/1196/318
f 1675/1190/4 1680/1194/4 1669/1187/4
f 1680/1194/4 1675/1190/4 1681/1198/4
f 1686/1203/319 1682/1200/319 1687/1204/319
f 1682/1200/319 1686/1203/319 1685/1202/319
f 1682/1200/319 1684/1199/319 1676/1188/319
f 1676/1188/319 1684/1199/319 1683/1201/319
f 1683/1201/319 1675/1190/319 1676/1188/319
f 1684/1199/319 1682/1200/319 1685/1202/319
f 1682/1206/320 1691/1209/320 1690/1208/320
f 1688/1207/320 1682/1206/320 1676/1197/320
f 1682/1206/320 1692/1210/320 1691/1209/320
f 1676/1197/320 1689/1205/320 1688/1207/320
f 1689/1205/320 1676/1197/320 1678/1191/320
f 1682/1206/320 1688/1207/320 1692/1210/320
f 1694/1211/2 1688/1207/2 1693/1212/2
f 1688/1207/2 1694/1211/2 1692/1210/2
s 1
f 1693/2155/321 1695/2156/321 1694/2157/322
f 1695/2156/321 1696/2158/322 1694/2157/322
s 0
f 1696/1218/4 1695/1217/4 1684/1199/4
f 1684/1199/4 1685/1202/4 1696/1218/4
f 1682/1151/34 1697/1150/34 1687/1152/34
f 1697/1150/34 1682/1151/34 1698/1153/34
f 1698/1153/34 1682/1151/34 1699/1219/34
f 1699/1219/34 1682/1151/34 1690/1220/34
f 1698/1221/197 1700/1222/197 1697/1224/197
f 1700/1222/197 1698/1221/197 1701/1223/197
f 1701/1228/198 1698/1226/198 1702/1227/198
f 1702/1227/198 1698/1226/198 1699/1225/198
s 1
f 1699/1225/2 1690/1208/2 1702/1227/2
f 1703/1229/2 1702/1227/2 1690/1208/2
f 1700/1222/4 1687/1204/4 1697/1224/4
f 1687/1204/4 1700/1222/4 1704/1230/4
s 0
f 1703/1229/2 1691/1209/2 1705/1231/2
f 1691/1209/2 1703/1229/2 1690/1208/2
f 1705/1231/2 1692/1210/2 1694/1211/2
f 1692/1210/2 1705/1231/2 1691/1209/2
f 1706/1232/2 1678/1191/2 1677/1192/2
f 1678/1191/2 1706/1232/2 1689/1205/2
f 1693/1212/2 1689/1205/2 1706/1232/2
f 1689/1205/2 1693/1212/2 1688/1207/2
s 1
f 1705/2159/323 1707/2160/323 1703/2161/324
f 1707/2160/323 1704/2162/324 1703/2161/324
f 1694/2157/322 1696/2158/322 1705/2159/323
f 1696/2158/322 1707/2160/323 1705/2159/323
f 1708/2163/325 1706/2164/325 1709/2165/326
f 1706/2164/325 1677/2166/326 1709/2165/326
f 1708/2163/325 1695/2156/321 1693/2155/321
f 1693/2155/321 1706/2164/325 1708/2163/325
s 0
f 1707/1241/4 1686/1203/4 1704/1230/4
f 1686/1203/4 1687/1204/4 1704/1230/4
f 1707/1241/4 1696/1218/4 1685/1202/4
f 1685/1202/4 1686/1203/4 1707/1241/4
f 1709/1242/4 1675/1190/4 1708/1243/4
f 1708/1243/4 1675/1190/4 1683/1201/4
f 1683/1201/4 1695/1217/4 1708/1243/4
f 1695/1217/4 1683/1201/4 1684/1199/4
f 1713/1244/34 1711/1109/34 1710/1111/34
f 1711/1109/34 1713/1244/34 1712/1245/34
f 1713/1244/34 1710/1111/34 1714/1246/34
f 1713/1248/2 1714/1247/2 1715/1249/2
f 1715/1249/2 1714/1247/2 1716/1186/2
f 1718/1188/317 1711/1250/317 1712/1251/317
f 1711/1250/317 1718/1188/317 1717/1252/317
f 1715/1249/2 1720/1191/2 1713/1248/2
f 1720/1191/2 1715/1249/2 1719/1253/2
f 1710/1193/4 1722/1194/4 1721/1195/4
f 1710/1193/4 1711/1250/4 1722/1194/4
f 1718/1254/318 1713/1248/318 1720/1191/318
f 1713/1248/318 1718/1254/318 1712/1255/318
f 1717/1252/4 1722/1194/4 1711/1250/4
f 1722/1194/4 1717/1252/4 1723/1198/4
f 1728/1260/319 1724/1257/319 1729/1261/319
f 1724/1257/319 1728/1260/319 1727/1259/319
f 1724/1257/319 1726/1256/319 1718/1188/319
f 1718/1188/319 1726/1256/319 1725/1258/319
f 1725/1258/319 1717/1252/319 1718/1188/319
f 1726/1256/319 1724/1257/319 1727/1259/319
f 1724/1262/320 1733/1264/320 1732/1263/320
f 1730/1207/320 1724/1262/320 1718/1254/320
f 1724/1262/320 1734/1265/320 1733/1264/320
f 1718/1254/320 1731/1205/320 1730/1207/320
f 1731/1205/320 1718/1254/320 1720/1191/320
f 1724/1262/320 1730/1207/320 1734/1265/320
f 1736/1266/2 1730/1207/2 1735/1267/2
f 1730/1207/2 1736/1266/2 1734/1265/2
s 1
f 1735/2167/321 1737/2168/321 1736/2169/322
f 1737/2168/321 1738/2170/322 1736/2169/322
s 0
f 1738/1218/4 1737/1272/4 1726/1256/4
f 1726/1256/4 1727/1259/4 1738/1218/4
f 1724/1151/34 1739/1150/34 1729/1152/34
f 1739/1150/34 1724/1151/34 1740/1153/34
f 1740/1153/34 1724/1151/34 1741/1154/34
f 1741/1154/34 1724/1151/34 1732/1155/34
f 1740/1273/197 1742/1222/197 1739/1274/197
f 1742/1222/197 1740/1273/197 1743/1223/197
f 1743/1277/198 1740/1221/198 1744/1276/198
f 1744/1276/198 1740/1221/198 1741/1275/198
s 1
f 1741/1275/2 1732/1263/2 1744/1276/2
f 1745/1278/2 1744/1276/2 1732/1263/2
f 1742/1222/4 1729/1261/4 1739/1274/4
f 1729/1261/4 1742/1222/4 1746/1279/4
s 0
f 1745/1278/2 1733/1264/2 1747/1280/2
f 1733/1264/2 1745/1278/2 1732/1263/2
f 1747/1280/2 1734/1265/2 1736/1266/2
f 1734/1265/2 1747/1280/2 1733/1264/2
f 1748/1281/2 1720/1191/2 1719/1253/2
f 1720/1191/2 1748/1281/2 1731/1205/2
f 1735/1267/2 1731/1205/2 1748/1281/2
f 1731/1205/2 1735/1267/2 1730/1207/2
s 1
f 1747/2171/323 1749/2172/323 1745/2173/324
f 1749/2172/323 1746/2174/324 1745/2173/324
f 1736/2169/322 1738/2170/322 1747/2171/323
f 1738/2170/322 1749/2172/323 1747/2171/323
f 1750/2175/325 1748/2176/325 1751/2177/326
f 1748/2176/325 1719/2178/326 1751/2177/326
f 1750/2175/325 1737/2168/321 1735/2167/321
f 1735/2167/321 1748/2176/325 1750/2175/325
s 0
f 1749/1290/4 1728/1260/4 1746/1279/4
f 1728/1260/4 1729/1261/4 1746/1279/4
f 1749/1290/4 1738/1218/4 1727/1259/4
f 1727/1259/4 1728/1260/4 1749/1290/4
f 1751/1291/4 1717/1252/4 1750/1243/4
f 1750/1243/4 1717/1252/4 1725/1258/4
f 1725/1258/4 1737/1272/4 1750/1243/4
f 1737/1272/4 1725/1258/4 1726/1256/4
f 1755/1244/34 1753/1109/34 1752/1111/34
f 1753/1109/34 1755/1244/34 1754/1292/34
f 1755/1244/34 1752/1111/34 1756/1246/34
f 1755/1294/2 1756/1293/2 1757/1295/2
f 1757/1295/2 1756/1293/2 1758/1296/2
f 1760/1119/317 1753/1297/317 1754/1120/317
f 1753/1297/317 1760/1119/317 1759/1121/317
f 1757/1295/2 1762/1298/2 1755/1294/2
f 1762/1298/2 1757/1295/2 1761/1299/2
f 1752/1124/4 1764/1300/4 1763/1301/4
f 1752/1124/4 1753/1297/4 1764/1300/4
f 1760/1303/318 1755/1294/318 1762/1298/318
f 1755/1294/318 1760/1303/318 1754/1302/318
f 1759/1121/4 1764/1300/4 1753/1297/4
f 1764/1300/4 1759/1121/4 1765/1304/4
f 1770/1307/319 1766/1131/319 1771/1135/319
f 1766/1131/319 1770/1307/319 1769/1306/319
f 1766/1131/319 1768/1305/319 1760/1119/319
f 1760/1119/319 1768/1305/319 1767/1132/319
f 1767/1132/319 1759/1121/319 1760/1119/319
f 1768/1305/319 1766/1131/319 1769/1306/319
f 1766/1309/320 1775/1312/320 1774/1311/320
f 1772/1310/320 1766/1309/320 1760/1303/320
f 1766/1309/320 1776/1313/320 1775/1312/320
f 1760/1303/320 1773/1308/320 1772/1310/320
f 1773/1308/320 1760/1303/320 1762/1298/320
f 1766/1309/320 1772/1310/320 1776/1313/320
f 1778/1314/2 1772/1310/2 1777/1315/2
f 1772/1310/2 1778/1314/2 1776/1313/2
s 1
f 1777/2179/321 1779/2180/321 1778/2181/322
f 1779/2180/321 1780/2182/322 1778/2181/322
s 0
f 1780/1149/4 1779/1320/4 1768/1305/4
f 1768/1305/4 1769/1306/4 1780/1149/4
f 1766/1151/34 1781/1150/34 1771/1152/34
f 1781/1150/34 1766/1151/34 1782/1153/34
f 1782/1153/34 1766/1151/34 1783/1219/34
f 1783/1219/34 1766/1151/34 1774/1220/34
f 1782/1156/197 1784/1157/197 1781/1159/197
f 1784/1157/197 1782/1156/197 1785/1158/197
f 1785/1324/198 1782/1322/198 1786/1323/198
f 1786/1323/198 1782/1322/198 1783/1321/198
s 1
f 1783/1321/2 1774/1311/2 1786/1323/2
f 1787/1325/2 1786/1323/2 1774/1311/2
f 1784/1157/4 1771/1135/4 1781/1159/4
f 1771/1135/4 1784/1157/4 1788/1326/4
s 0
f 1787/1325/2 1775/1312/2 1789/1327/2
f 1775/1312/2 1787/1325/2 1774/1311/2
f 1789/1327/2 1776/1313/2 1778/1314/2
f 1776/1313/2 1789/1327/2 1775/1312/2
f 1790/1328/2 1762/1298/2 1761/1299/2
f 1762/1298/2 1790/1328/2 1773/1308/2
f 1777/1315/2 1773/1308/2 1790/1328/2
f 1773/1308/2 1777/1315/2 1772/1310/2
s 1
f 1789/2183/323 1791/2184/323 1787/2185/324
f 1791/2184/323 1788/2186/324 1787/2185/324
f 1778/2181/322 1780/2182/322 1789/2183/323
f 1780/2182/322 1791/2184/323 1789/2183/323
f 1792/2187/325 1790/2188/325 1793/2189/326
f 1790/2188/325 1761/2190/326 1793/2189/326
f 1792/2187/325 1779/2180/321 1777/2179/321
f 1777/2179/321 1790/2188/325 1792/2187/325
s 0
f 1791/1175/4 1770/1307/4 1788/1326/4
f 1770/1307/4 1771/1135/4 1788/1326/4
f 1791/1175/4 1780/1149/4 1769/1306/4
f 1769/1306/4 1770/1307/4 1791/1175/4
f 1793/1337/4 1759/1121/4 1792/1177/4
f 1792/1177/4 1759/1121/4 1767/1132/4
f 1767/1132/4 1779/1320/4 1792/1177/4
f 1779/1320/4 1767/1132/4 1768/1305/4
s 1
f 1795/1340/327 1794/1339/34 1796/1338/327
f 1796/1338/327 1794/1339/34 1797/1341/34
f 1799/1342/2 1797/1343/2 1798/1345/2
f 1797/1343/2 1799/1342/2 1796/1344/2
f 1802/1346/29 1800/1348/206 1803/1347/29
f 1800/1348/206 1802/1346/29 1801/1349/206
f 1806/1351/4 1805/1350/4 1804/1352/4
f 1804/1352/4 1807/1353/4 1806/1351/4
f 1802/1354/29 1803/1355/29 1805/1350/208
f 1803/1355/29 1804/1352/208 1805/1350/208
f 1801/1357/34 1805/1356/34 1808/1358/327
f 1805/1356/34 1801/1357/34 1802/1359/34
f 1808/1358/327 1805/1356/34 1806/1360/328
f 1800/1348/2 1808/1361/2 1809/1362/2
f 1808/1361/2 1800/1348/2 1801/1349/2
f 1810/1363/4 1806/1351/4 1807/1353/4
f 1806/1351/4 1810/1363/4 1795/1364/4
f 1806/1360/328 1796/1338/327 1808/1358/327
f 1796/1338/327 1806/1360/328 1795/1340/327
f 1799/1342/2 1809/1362/2 1808/1361/2
f 1799/1342/2 1808/1361/2 1796/1344/2
f 1794/1365/4 1795/1364/4 1810/1363/4
f 1810/1363/4 1811/1366/4 1794/1365/4
f 1813/1369/327 1812/1368/34 1814/1367/327
f 1814/1367/327 1812/1368/34 1815/1370/34
f 1817/1371/2 1815/1372/2 1816/1374/2
f 1815/1372/2 1817/1371/2 1814/1373/2
f 1820/1346/29 1818/1376/206 1821/1375/29
f 1818/1376/206 1820/1346/29 1819/1349/206
f 1824/1378/4 1823/1377/4 1822/1352/4
f 1822/1352/4 1825/1379/4 1824/1378/4
f 1820/1380/29 1821/1355/29 1823/1377/208
f 1821/1355/29 1822/1352/208 1823/1377/208
f 1819/1382/34 1823/1381/34 1826/1383/327
f 1823/1381/34 1819/1382/34 1820/1384/34
f 1826/1383/327 1823/1381/34 1824/1385/328
f 1818/1376/2 1826/1386/2 1827/1387/2
f 1826/1386/2 1818/1376/2 1819/1349/2
f 1828/1388/4 1824/1378/4 1825/1379/4
f 1824/1378/4 1828/1388/4 1813/1389/4
f 1824/1385/328 1814/1367/327 1826/1383/327
f 1814/1367/327 1824/1385/328 1813/1369/327
f 1817/1371/2 1827/1387/2 1826/1386/2
f 1817/1371/2 1826/1386/2 1814/1373/2
f 1812/1390/4 1813/1389/4 1828/1388/4
f 1828/1388/4 1829/1391/4 1812/1390/4
f 1831/1394/327 1830/1393/34 1832/1392/327
f 1832/1392/327 1830/1393/34 1833/1395/34
f 1835/1396/2 1833/1343/2 1834/1397/2
f 1833/1343/2 1835/1396/2 1832/1344/2
f 1838/1346/29 1836/1376/206 1839/1375/29
f 1836/1376/206 1838/1346/29 1837/1349/206
f 1842/1399/4 1841/1398/4 1840/1352/4
f 1840/1352/4 1843/1400/4 1842/1399/4
f 1838/1401/29 1839/1355/29 1841/1398/208
f 1839/1355/29 1840/1352/208 1841/1398/208
f 1837/1403/34 1841/1402/34 1844/1404/327
f 1841/1402/34 1837/1403/34 1838/1405/34
f 1844/1404/327 1841/1402/34 1842/1406/328
f 1836/1376/2 1844/1407/2 1845/1408/2
f 1844/1407/2 1836/1376/2 1837/1349/2
f 1846/1409/4 1842/1399/4 1843/1400/4
f 1842/1399/4 1846/1409/4 1831/1410/4
f 1842/1406/328 1832/1392/327 1844/1404/327
f 1832/1392/327 1842/1406/328 1831/1394/327
f 1835/1396/2 1845/1408/2 1844/1407/2
f 1835/1396/2 1844/1407/2 1832/1344/2
f 1830/1411/4 1831/1410/4 1846/1409/4
f 1846/1409/4 1847/1366/4 1830/1411/4
s 0
f 1853/1416/210 1848/1414/210 1854/1412/210
f 1848/1414/210 1855/1413/210 1854/1412/210
f 1848/1414/210 1852/1415/210 1849/1418/210
f 1849/1418/210 1852/1415/210 1851/1417/210
f 1851/1417/210 1850/1419/210 1849/1418/210
f 1852/1415/210 1848/1414/210 1853/1416/210
f 1857/1421/209 1849/1418/209 1858/1422/209
f 1856/1420/209 1848/1414/209 1849/1418/209
f 1848/1414/209 1856/1420/209 1861/1425/209
f 1848/1414/209 1861/1425/209 1860/1423/209
f 1860/1423/209 1859/1424/209 1848/1414/209
f 1849/1418/209 1857/1421/209 1856/1420/209
f 1863/1427/1 1856/1426/1 1862/1428/1
f 1856/1426/1 1863/1427/1 1861/1429/1
s 1
f 1863/1430/211 1864/1431/212 1865/1433/211
f 1864/1431/212 1863/1430/211 1862/1432/212
s 0
f 1865/1435/34 1864/1434/34 1852/1436/34
f 1852/1436/34 1853/1437/34 1865/1435/34
f 1848/1414/2 1866/1438/2 1855/1413/2
f 1866/1438/2 1848/1414/2 1867/1439/2
f 1867/1439/2 1848/1414/2 1868/1440/2
f 1868/1440/2 1848/1414/2 1859/1424/2
f 1867/1442/214 1869/1441/214 1866/1443/214
f 1869/1441/214 1867/1442/214 1870/1444/214
f 1871/1446/213 1867/1447/213 1868/1448/213
f 1867/1447/213 1871/1446/213 1870/1445/213
s 1
f 1868/1448/1 1859/1449/1 1871/1446/1
f 1872/1450/1 1871/1446/1 1859/1449/1
f 1869/1441/34 1855/1451/34 1866/1443/34
f 1869/1441/34 1873/1452/34 1855/1451/34
s 0
f 1872/1450/1 1860/1453/1 1874/1454/1
f 1860/1453/1 1872/1450/1 1859/1449/1
f 1874/1454/1 1861/1429/1 1863/1427/1
f 1861/1429/1 1874/1454/1 1860/1453/1
f 1875/1456/1 1858/1455/1 1876/1457/1
f 1858/1455/1 1875/1456/1 1857/1458/1
f 1862/1428/1 1857/1458/1 1875/1456/1
f 1857/1458/1 1862/1428/1 1856/1426/1
s 1
f 1873/1462/215 1872/1459/215 1877/1460/216
f 1877/1460/216 1872/1459/215 1874/1461/216
f 1877/1460/216 1874/1461/216 1865/1433/211
f 1865/1433/211 1874/1461/216 1863/1430/211
f 1879/1463/217 1878/1465/218 1875/1464/218
f 1875/1464/218 1876/1466/217 1879/1463/217
f 1878/1465/218 1864/1431/212 1862/1432/212
f 1862/1432/212 1875/1464/218 1878/1465/218
s 0
f 1877/1467/34 1854/1468/34 1873/1452/34
f 1854/1468/34 1855/1451/34 1873/1452/34
f 1877/1470/34 1865/1469/34 1853/1471/34
f 1853/1471/34 1854/1472/34 1877/1470/34
f 1850/1475/34 1878/1474/34 1879/1473/34
f 1878/1474/34 1850/1475/34 1851/1476/34
f 1851/1479/34 1864/1478/34 1878/1477/34
f 1864/1478/34 1851/1479/34 1852/1480/34
f 1883/1481/34 1881/1109/34 1880/1111/34
f 1881/1109/34 1883/1481/34 1882/1292/34
f 1883/1481/34 1880/1111/34 1884/1482/34
f 1883/1484/2 1884/1483/2 1885/1485/2
f 1885/1485/2 1884/1483/2 1886/1486/2
f 1888/1488/317 1881/1487/317 1882/1489/317
f 1881/1487/317 1888/1488/317 1887/1490/317
f 1885/1485/2 1890/1491/2 1883/1484/2
f 1890/1491/2 1885/1485/2 1889/1492/2
f 1880/1493/4 1892/1494/4 1891/1486/4
f 1880/1493/4 1881/1487/4 1892/1494/4
f 1888/1496/318 1883/1484/318 1890/1491/318
f 1883/1484/318 1888/1496/318 1882/1495/318
f 1887/1490/4 1892/1494/4 1881/1487/4
f 1892/1494/4 1887/1490/4 1893/1497/4
f 1898/1502/319 1894/1499/319 1899/1503/319
f 1894/1499/319 1898/1502/319 1897/1501/319
f 1894/1499/319 1896/1498/319 1888/1488/319
f 1888/1488/319 1896/1498/319 1895/1500/319
f 1895/1500/319 1887/1490/319 1888/1488/319
f 1896/1498/319 1894/1499/319 1897/1501/319
f 1894/1505/320 1903/1508/320 1902/1507/320
f 1900/1506/320 1894/1505/320 1888/1496/320
f 1894/1505/320 1904/1509/320 1903/1508/320
f 1888/1496/320 1901/1504/320 1900/1506/320
f 1901/1504/320 1888/1496/320 1890/1491/320
f 1894/1505/320 1900/1506/320 1904/1509/320
f 1906/1510/2 1900/1506/2 1905/1511/2
f 1900/1506/2 1906/1510/2 1904/1509/2
s 1
f 1905/2191/321 1907/2192/321 1906/2193/322
f 1907/2192/321 1908/2194/322 1906/2193/322
s 0
f 1908/1517/4 1907/1516/4 1896/1498/4
f 1896/1498/4 1897/1501/4 1908/1517/4
f 1894/1519/34 1909/1518/34 1899/1520/34
f 1909/1518/34 1894/1519/34 1910/1521/34
f 1910/1521/34 1894/1519/34 1911/1522/34
f 1911/1522/34 1894/1519/34 1902/1523/34
f 1912/1525/197 1910/1524/197 1913/1526/197
f 1910/1524/197 1912/1525/197 1909/1527/197
f 1914/1530/198 1913/1531/198 1910/1529/198
f 1914/1530/198 1910/1529/198 1911/1528/198
s 1
f 1911/1528/2 1902/1507/2 1914/1530/2
f 1915/1532/2 1914/1530/2 1902/1507/2
f 1912/1525/4 1899/1503/4 1909/1527/4
f 1912/1525/4 1916/1533/4 1899/1503/4
s 0
f 1915/1532/2 1903/1508/2 1917/1534/2
f 1903/1508/2 1915/1532/2 1902/1507/2
f 1917/1534/2 1904/1509/2 1906/1510/2
f 1904/1509/2 1917/1534/2 1903/1508/2
f 1918/1535/2 1890/1491/2 1889/1492/2
f 1890/1491/2 1918/1535/2 1901/1504/2
f 1905/1511/2 1901/1504/2 1918/1535/2
f 1901/1504/2 1905/1511/2 1900/1506/2
s 1
f 1917/2195/329 1919/2196/329 1915/2197/330
f 1919/2196/329 1916/2198/330 1915/2197/330
f 1906/2193/322 1908/2194/322 1917/2195/329
f 1908/2194/322 1919/2196/329 1917/2195/329
f 1920/2199/325 1918/2200/325 1921/2201/326
f 1918/2200/325 1889/2202/326 1921/2201/326
f 1920/2199/325 1907/2192/321 1905/2191/321
f 1905/2191/321 1918/2200/325 1920/2199/325
s 0
f 1899/1503/4 1916/1533/4 1898/1502/4
f 1919/1544/4 1898/1502/4 1916/1533/4
f 1919/1544/4 1908/1517/4 1897/1501/4
f 1897/1501/4 1898/1502/4 1919/1544/4
f 1921/1545/4 1887/1490/4 1920/1546/4
f 1920/1546/4 1887/1490/4 1895/1500/4
f 1895/1500/4 1907/1516/4 1920/1546/4
f 1907/1516/4 1895/1500/4 1896/1498/4
f 1923/1547/34 1926/1548/34 1925/1550/34
f 1923/1547/34 1925/1550/34 1924/1551/34
f 1926/1548/34 1923/1547/34 1922/1549/34
f 1924/1552/197 1927/1553/197 1923/1555/197
f 1927/1553/197 1924/1552/197 1928/1554/197
f 1928/1559/198 1924/1557/198 1929/1558/198
f 1929/1558/198 1924/1557/198 1925/1556/198
s 1
f 1925/1556/2 1930/1560/2 1929/1558/2
f 1930/1560/2 1925/1556/2 1926/1561/2
s 0
f 1933/1562/34 1932/1564/34 1931/1563/34
f 1931/1563/34 1934/1565/34 1933/1562/34
f 1926/1561/2 1936/1566/2 1930/1560/2
f 1930/1560/2 1936/1566/2 1935/1567/2
f 1931/1563/331 1926/1548/331 1922/1549/331
f 1926/1548/331 1931/1563/331 1932/1564/331
f 1931/1568/4 1937/1569/4 1934/1571/4
f 1937/1569/4 1931/1568/4 1922/1570/4
f 1932/1572/2 1936/1566/2 1926/1561/2
f 1936/1566/2 1932/1572/2 1933/1573/2
f 1927/1553/4 1922/1570/4 1923/1555/4
f 1922/1570/4 1927/1553/4 1938/1574/4
f 1938/1574/4 1939/1575/4 1922/1570/4
f 1922/1570/4 1939/1575/4 1937/1569/4
f 1945/1577/223 1942/1576/223 1940/1578/223
f 1943/1580/223 1945/1577/223 1944/1581/223
f 1941/1579/223 1940/1578/223 1942/1576/223
f 1942/1576/223 1945/1577/223 1943/1580/223
f 1946/1582/222 1940/1578/222 1947/1583/222
f 1946/1582/222 1945/1577/222 1940/1578/222
f 1949/1585/222 1948/1584/222 1945/1577/222
f 1945/1577/222 1946/1582/222 1949/1585/222
f 1949/1588/1 1950/1587/1 1951/1586/1
f 1950/1587/1 1949/1588/1 1946/1589/1
s 1
f 1950/1590/224 1952/1592/224 1951/1591/225
f 1952/1592/224 1953/1593/225 1951/1591/225
s 0
f 1952/1595/34 1943/1594/34 1953/1596/34
f 1943/1594/34 1952/1595/34 1942/1597/34
f 1955/1598/4 1940/1578/4 1941/1579/4
f 1940/1578/4 1955/1598/4 1954/1599/4
f 1956/1600/4 1947/1583/4 1940/1578/4
f 1940/1578/4 1954/1599/4 1956/1600/4
f 1954/1601/214 1958/1602/214 1957/1604/214
f 1958/1602/214 1954/1601/214 1955/1603/214
f 1959/1607/213 1956/1608/213 1954/1606/213
f 1954/1606/213 1957/1605/213 1959/1607/213
s 1
f 1947/1609/1 1956/1608/1 1959/1607/1
f 1959/1607/1 1960/1610/1 1947/1609/1
f 1941/1611/34 1958/1602/34 1955/1603/34
f 1961/1612/34 1958/1602/34 1941/1611/34
s 0
f 1946/1589/1 1960/1610/1 1950/1587/1
f 1960/1610/1 1946/1589/1 1947/1609/1
f 1948/1613/1 1951/1586/1 1962/1614/1
f 1951/1586/1 1948/1613/1 1949/1588/1
s 1
f 1961/1615/226 1950/1590/224 1960/1616/226
f 1950/1590/224 1961/1615/226 1952/1592/224
f 1953/1593/225 1963/1617/227 1951/1591/225
f 1951/1591/225 1963/1617/227 1962/1618/227
s 0
f 1952/1619/34 1961/1612/34 1942/1620/34
f 1941/1611/34 1942/1620/34 1961/1612/34
f 1963/1621/34 1953/1623/34 1944/1622/34
f 1953/1623/34 1943/1624/34 1944/1622/34
s 1
f 1965/1625/332 1968/1626/333 1967/1628/332
f 1968/1626/332 1965/1625/332 1964/1627/333
f 1965/1625/332 1967/1628/332 1966/1629/332
f 1967/1632/334 1969/1631/334 1970/1630/334
f 1969/1631/334 1967/1632/334 1968/1633/334
f 1966/1635/335 1970/1630/336 1971/1634/337
f 1970/1630/336 1966/1635/335 1967/1632/336
f 1965/1636/338 1973/1637/338 1964/1639/338
f 1973/1637/338 1965/1636/338 1972/1638/338
f 1965/1636/339 1966/1640/335 1971/1641/337
f 1971/1641/337 1972/1638/339 1965/1636/339
f 1975/1642/340 1978/1643/341 1977/1645/342
f 1978/1643/343 1975/1642/344 1974/1644/344
f 1975/1642/340 1977/1645/342 1976/1646/344
f 1980/1647/255 1978/1648/255 1979/1650/255
f 1978/1648/255 1980/1647/255 1977/1649/255
f 1976/1652/241 1980/1647/345 1981/1651/243
f 1980/1647/345 1976/1652/241 1977/1649/345
f 1974/1654/251 1975/1653/251 1982/1655/251
f 1982/1655/251 1983/1656/251 1974/1654/251
f 1975/1653/346 1976/1657/241 1981/1658/243
f 1981/1658/243 1982/1655/346 1975/1653/346
f 1988/1659/347 1985/1627/348 1984/1661/347
f 1986/1660/349 1988/1659/347 1987/1662/347
f 1985/1627/348 1988/1659/347 1986/1660/349
f 1990/1663/244 1985/1664/244 1986/1666/244
f 1985/1664/244 1990/1663/244 1989/1665/244
f 1991/1668/252 1990/1663/350 1987/1667/254
f 1987/1667/254 1990/1663/350 1986/1666/350
f 1988/1670/240 1984/1669/240 1992/1671/240
f 1992/1671/240 1984/1669/240 1993/1672/240
f 1987/1673/254 1988/1670/351 1991/1674/252
f 1991/1674/252 1988/1670/351 1992/1671/351
f 1994/1675/258 1996/2203/29 1995/2204/29
f 1999/1678/34 1994/1675/34 1997/1679/34
f 1994/1675/34 1999/1678/34 1998/1680/34
f 1999/1678/34 1997/1679/34 2000/1681/34
f 2002/2205/2 1999/2206/2 2000/2207/2
f 1999/2206/2 2002/2205/2 2001/2208/2
f 2002/2205/2 2000/2207/2 2003/2209/2
f 2005/2210/1 2002/2211/1 2003/2212/1
f 2002/2211/1 2005/2210/1 2004/2213/1
f 2005/2210/1 2003/2212/1 2006/2214/1
f 1994/1692/4 2005/1693/4 2006/1696/4
f 2005/1693/4 1994/1692/4 1995/2215/4
f 1994/1692/4 2006/1696/4 1997/1694/4
f 2004/2216/29 2005/2217/257 1996/2218/29
f 1994/1700/258 1998/1702/29 1996/1701/29
f 1996/2203/29 1999/1678/260 2001/1703/29
f 1998/1702/29 1999/2219/260 1996/1701/29
f 1996/2218/29 2002/2205/259 2004/2216/29
f 2001/1710/29 2002/1712/259 1996/1711/29
f 1996/2203/29 2005/2220/257 1995/2204/29
f 2007/1716/260 2009/1718/29 2008/1717/29
f 2007/2221/34 2012/2222/34 2010/2223/34
f 2012/2222/34 2007/2221/34 2013/2224/34
f 2010/2223/34 2012/2222/34 2011/2225/34
f 2012/1692/4 2015/1693/4 2011/1694/4
f 2015/1693/4 2012/1692/4 2016/2226/4
f 2011/1694/4 2015/1693/4 2014/1696/4
f 2015/1726/1 2018/1725/1 2014/1727/1
f 2018/1725/1 2015/1726/1 2019/1728/1
f 2014/1727/1 2018/1725/1 2017/1729/1
f 2018/1731/2 2007/1730/2 2017/1732/2
f 2007/1730/2 2018/1731/2 2009/1733/2
f 2017/1732/2 2007/1730/2 2010/1734/2
f 2019/1735/29 2008/1737/29 2018/1736/259
f 2007/1738/260 2008/1740/29 2013/1739/29
f 2008/1717/29 2016/1742/29 2012/1741/258
f 2013/1739/29 2008/1740/29 2012/1743/258
f 2008/1737/29 2019/1735/29 2015/1744/257
f 2016/1745/29 2008/1747/29 2015/1746/257
f 2008/1717/29 2009/1718/29 2018/1725/259
f 2022/1748/29 2020/1749/29 2023/1751/29
f 2020/1749/29 2022/1748/29 2021/1750/29
f 2021/1754/34 2024/1753/34 2020/1752/34
f 2024/1753/34 2021/1754/34 2025/1755/34
f 2022/1758/4 2025/1757/4 2021/1756/4
f 2025/1757/4 2022/1758/4 2026/1759/4
f 2023/1762/1 2026/1761/1 2022/1760/1
f 2026/1761/1 2023/1762/1 2027/1763/1
f 2020/1766/2 2027/1765/2 2023/1764/2
f 2027/1765/2 2020/1766/2 2024/1767/2
f 2030/1770/29 2029/1771/29 2028/1769/29
f 2030/1770/29 2028/1769/29 2031/1768/29
f 2028/1774/34 2032/1773/34 2031/1772/34
f 2031/1772/34 2032/1773/34 2033/1775/34
f 2031/1778/2 2033/1777/2 2030/1776/2
f 2030/1776/2 2033/1777/2 2034/1779/2
f 2030/1782/1 2034/1781/1 2029/1780/1
f 2029/1780/1 2034/1781/1 2035/1783/1
f 2029/1758/4 2035/1759/4 2028/1756/4
f 2028/1756/4 2035/1759/4 2032/1757/4
f 2036/2227/258 2038/2228/29 2037/2229/29
f 2041/2230/34 2036/2227/34 2039/2231/34
f 2036/2227/34 2041/2230/34 2040/2232/34
f 2041/2230/34 2039/2231/34 2042/2233/34
f 2044/1792/2 2041/1791/2 2042/1793/2
f 2041/1791/2 2044/1792/2 2043/1794/2
f 2044/1792/2 2042/1793/2 2045/1795/2
f 2047/2234/1 2044/2235/1 2045/2236/1
f 2044/2235/1 2047/2234/1 2046/2237/1
f 2047/2234/1 2045/2236/1 2048/2238/1
f 2036/1802/4 2047/1801/4 2048/1803/4
f 2047/1801/4 2036/1802/4 2037/1804/4
f 2036/1802/4 2048/1803/4 2039/1805/4
f 2046/1806/29 2047/1808/257 2038/1807/29
f 2036/1809/258 2040/1811/29 2038/1810/29
f 2038/2228/29 2041/2230/260 2043/2239/29
f 2040/1811/29 2041/1814/260 2038/1810/29
f 2038/1807/29 2044/1792/259 2046/1806/29
f 2043/1815/29 2044/1817/259 2038/1816/29
f 2038/2228/29 2047/2234/257 2037/2229/29
f 2050/1821/123 2049/1820/123 2051/1818/123
f 2049/1820/123 2052/1819/123 2051/1818/123
f 2055/1824/29 2054/1825/29 2053/1823/29
f 2055/1824/29 2053/1823/29 2056/1822/29
f 2053/1754/34 2049/1755/34 2056/1752/34
f 2056/1752/34 2049/1755/34 2050/1753/34
f 2056/1828/2 2050/1827/2 2055/1826/2
f 2055/1826/2 2050/1827/2 2051/1829/2
f 2055/1832/1 2051/1831/1 2054/1830/1
f 2054/1830/1 2051/1831/1 2052/1833/1
f 2054/1836/4 2052/1835/4 2053/1834/4
f 2053/1834/4 2052/1835/4 2049/1837/4
f 2061/1841/4 2058/1840/4 2057/1842/4
f 2058/1840/4 2061/1841/4 2060/1839/4
f 2060/1839/4 2059/1838/4 2058/1840/4
f 2062/1843/4 2060/1839/4 2063/1844/4
f 2060/1839/4 2062/1843/4 2059/1838/4
s 0
f 1541/1846/261 463/1845/261 2062/1843/261
f 1541/1846/261 2062/1843/261 2063/1844/261
f 2062/1843/261 463/1845/261 2064/1847/261
f 1086/2240/34 2066/2241/34 1090/2242/34
f 1090/2242/34 2066/2241/34 2065/2243/34
f 1091/2244/352 990/2245/352 1/2246/352
f 990/2245/352 1091/2244/352 2067/2247/352
f 1112/2248/353 2069/2249/353 1111/2250/353
f 1111/2250/353 2069/2249/353 2068/2251/353
f 1111/2252/354 2068/2253/354 1091/2244/354
f 1091/2244/354 2068/2253/354 2067/2247/354
f 1123/2254/4 2071/2255/4 1122/2256/4
f 1122/2256/4 2071/2255/4 2070/2257/4
f 2073/2258/2 1128/2259/2 1129/2260/2
f 1128/2259/2 2073/2258/2 2072/2261/2
f 1128/2262/285 2072/2263/285 1112/2248/285
f 1112/2248/285 2072/2263/285 2069/2249/285
f 1123/2264/34 1090/2242/34 2065/2243/34
f 1123/2264/34 2065/2243/34 2071/2265/34
f 1434/2266/34 2074/2267/34 1438/2268/34
f 2074/2267/34 1434/2266/34 2075/2269/34
f 2076/2270/4 1434/2271/4 1443/2272/4
f 1434/2271/4 2076/2270/4 2075/2273/4
f 1438/2274/2 2077/2275/2 1439/2276/2
f 2077/2275/2 1438/2274/2 2074/2277/2
f 1439/2278/1 2073/2279/1 1129/2280/1
f 2073/2279/1 1439/2278/1 2077/2281/1
f 1122/2282/1 2076/2283/1 1443/2284/1
f 2076/2283/1 1122/2282/1 2070/2285/1
f 1094/2286/4 5/2287/4 1093/2288/4
f 1093/2288/4 5/2287/4 2078/2289/4
f 1093/2288/4 2078/2289/4 1116/2290/4
f 1116/2290/4 2078/2289/4 2079/2291/4
f 1116/2292/34 2079/2293/34 1086/2240/34
f 1086/2240/34 2079/2293/34 2066/2241/34
f 1454/2294/34 2080/2295/34 1453/2296/34
f 2080/2295/34 1454/2294/34 2081/2297/34
f 1462/2298/1 2083/2299/1 1461/2300/1
f 1461/2300/1 2083/2299/1 2082/2301/1
f 1461/2302/4 2082/2303/4 1470/2304/4
f 1470/2304/4 2082/2303/4 2084/2305/4
f 1463/2306/4 2085/2307/4 1454/2308/4
f 1454/2308/4 2085/2307/4 2081/2309/4
f 1444/2310/4 2087/2311/4 1452/2312/4
f 1452/2312/4 2087/2311/4 2086/2313/4
f 1470/2314/34 2087/2315/34 1444/2316/34
f 2087/2315/34 1470/2314/34 2084/2317/34
f 1452/2318/1 2086/2319/1 1463/2320/1
f 1463/2320/1 2086/2319/1 2085/2321/1
f 1488/2322/2 2088/2323/2 1485/2324/2
f 2088/2323/2 1488/2322/2 2089/2325/2
f 1485/2326/1 2090/2327/1 1484/2328/1
f 2090/2327/1 1485/2326/1 2088/2329/1
f 1489/2330/2 2089/2325/2 1488/2322/2
f 2089/2325/2 1489/2330/2 2091/2331/2
f 1505/2332/2 2091/2331/2 1489/2330/2
f 2091/2331/2 1505/2332/2 2092/2333/2
f 1506/2334/34 2093/2335/34 1505/2336/34
f 1505/2336/34 2093/2335/34 2092/2337/34
f 1518/2338/1 2095/2339/1 1517/2340/1
f 1517/2340/1 2095/2339/1 2094/2341/1
f 1517/2342/4 2094/2343/4 1520/2344/4
f 1520/2344/4 2094/2343/4 2096/2345/4
f 1520/2344/4 2096/2345/4 1522/2346/4
f 1522/2346/4 2096/2345/4 2097/2347/4
f 1522/2346/4 2097/2347/4 1533/2348/4
f 1533/2348/4 2097/2347/4 2098/2349/4
f 1533/2350/34 2098/2351/34 1506/2334/34
f 1506/2334/34 2098/2351/34 2093/2335/34
f 1538/2352/2 2100/2353/2 1540/2354/2
f 1540/2354/2 2100/2353/2 2099/2355/2
f 1550/2356/1 2102/2357/1 1553/2358/1
f 1553/2358/1 2102/2357/1 2101/2359/1
f 1546/2360/34 2103/2361/34 1549/2362/34
f 2103/2361/34 1546/2360/34 2104/2363/34
f 1557/2364/265 2106/2365/265 1561/2366/265
f 1561/2366/265 2106/2365/265 2105/2367/265
f 1554/2368/265 2106/2365/265 1557/2364/265
f 2106/2365/265 1554/2368/265 2107/2369/265
f 1561/2370/34 2105/2371/34 1546/2360/34
f 1546/2360/34 2105/2371/34 2104/2363/34
f 1553/2358/1 2107/2372/1 1554/2373/1
f 2107/2372/1 1553/2358/1 2101/2359/1
f 1571/2374/1 2109/2375/1 1574/2376/1
f 1574/2376/1 2109/2375/1 2108/2377/1
f 1567/2378/34 2110/2379/34 1570/2380/34
f 2110/2379/34 1567/2378/34 2111/2381/34
f 1578/2382/265 2112/2383/265 1582/2384/265
f 2112/2383/265 1578/2382/265 2113/2385/265
f 1575/2386/265 2113/2385/265 1578/2382/265
f 2113/2385/265 1575/2386/265 2114/2387/265
f 1582/2388/34 2112/2389/34 1567/2378/34
f 1567/2378/34 2112/2389/34 2111/2381/34
f 1574/2376/1 2114/2390/1 1575/2391/1
f 2114/2390/1 1574/2376/1 2108/2377/1
f 1592/2392/4 2116/2393/4 1595/2394/4
f 1595/2394/4 2116/2393/4 2115/2395/4
f 1588/2396/2 2117/2397/2 1591/2398/2
f 2117/2397/2 1588/2396/2 2118/2399/2
f 1599/2400/34 2120/2401/34 1603/2402/34
f 1603/2402/34 2120/2401/34 2119/2403/34
f 1596/2404/34 2120/2401/34 1599/2400/34
f 2120/2401/34 1596/2404/34 2121/2405/34
f 1603/2406/2 2118/2399/2 1588/2396/2
f 2118/2399/2 1603/2406/2 2119/2407/2
f 1595/2394/4 2115/2395/4 1596/2408/4
f 1596/2408/4 2115/2395/4 2121/2409/4
f 1613/2410/4 2123/2411/4 1616/2412/4
f 1616/2412/4 2123/2411/4 2122/2413/4
f 1609/2414/2 2124/2415/2 1612/2416/2
f 2124/2415/2 1609/2414/2 2125/2417/2
f 1620/2418/34 2126/2419/34 1624/2420/34
f 2126/2419/34 1620/2418/34 2127/2421/34
f 1617/2422/34 2127/2421/34 1620/2418/34
f 2127/2421/34 1617/2422/34 2128/2423/34
f 1624/2424/2 2125/2417/2 1609/2414/2
f 2125/2417/2 1624/2424/2 2126/2425/2
f 1616/2412/4 2122/2413/4 1617/2426/4
f 1617/2426/4 2122/2413/4 2128/2427/4
f 1626/2428/34 2129/2429/34 1630/2430/34
f 2129/2429/34 1626/2428/34 2130/2431/34
f 1630/2432/2 2129/2433/2 1632/2434/2
f 1632/2434/2 2129/2433/2 2131/2435/2
f 2132/2436/4 1626/2437/4 1637/2438/4
f 1626/2437/4 2132/2436/4 2130/2439/4
f 1668/2440/34 2133/2441/34 1672/2442/34
f 2133/2441/34 1668/2440/34 2134/2443/34
f 1672/2444/2 2133/2445/2 1674/2446/2
f 1674/2446/2 2133/2445/2 2135/2447/2
f 2136/2448/4 1668/2449/4 1679/2450/4
f 1668/2449/4 2136/2448/4 2134/2451/4
f 1710/2452/34 2137/2453/34 1714/2454/34
f 2137/2453/34 1710/2452/34 2138/2455/34
f 1714/2456/2 2137/2457/2 1716/2458/2
f 1716/2458/2 2137/2457/2 2139/2459/2
f 2140/2460/4 1710/2461/4 1721/2462/4
f 1710/2461/4 2140/2460/4 2138/2463/4
f 1752/2464/34 2141/2465/34 1756/2466/34
f 2141/2465/34 1752/2464/34 2142/2467/34
f 1756/2468/2 2141/2469/2 1758/2470/2
f 1758/2470/2 2141/2469/2 2143/2471/2
f 2144/2472/4 1752/2473/4 1763/2474/4
f 1752/2473/4 2144/2472/4 2142/2475/4
f 1794/2476/34 2146/2477/34 1797/2478/34
f 1797/2478/34 2146/2477/34 2145/2479/34
f 1797/2480/2 2147/2481/2 1798/2482/2
f 2147/2481/2 1797/2480/2 2145/2483/2
f 1811/2484/4 2148/2485/4 1794/2486/4
f 1794/2486/4 2148/2485/4 2146/2487/4
f 1812/2488/34 2149/2489/34 1815/2490/34
f 2149/2489/34 1812/2488/34 2150/2491/34
f 1815/2492/2 2151/2493/2 1816/2494/2
f 2151/2493/2 1815/2492/2 2149/2495/2
f 1829/2496/4 2152/2497/4 1812/2498/4
f 1812/2498/4 2152/2497/4 2150/2499/4
f 1830/2500/34 2154/2501/34 1833/2502/34
f 1833/2502/34 2154/2501/34 2153/2503/34
f 1833/2504/2 2155/2505/2 1834/2506/2
f 2155/2505/2 1833/2504/2 2153/2507/2
f 1847/2508/4 2156/2509/4 1830/2510/4
f 1830/2510/4 2156/2509/4 2154/2511/4
f 1880/2512/34 2158/2513/34 1884/2514/34
f 1884/2514/34 2158/2513/34 2157/2515/34
f 1884/2516/2 2157/2517/2 1886/2518/2
f 1886/2518/2 2157/2517/2 2159/2519/2
f 2160/2520/4 1880/2521/4 1891/2522/4
f 1880/2521/4 2160/2520/4 2158/2523/4
f 2057/2524/4 2162/2525/4 2061/2526/4
f 2061/2526/4 2162/2525/4 2161/2527/4
s 1
f 2168/2528/34 2167/2529/34 2163/2530/34
f 2168/2528/34 2163/2530/34 2164/2531/34
f 2170/2528/2 2168/2532/2 2164/2533/2
f 2170/2528/2 2164/2533/2 2166/2531/2
f 2169/2528/1 2170/2529/1 2166/2530/1
f 2169/2528/1 2166/2530/1 2165/2531/1
f 2167/2528/4 2169/2532/4 2165/2533/4
f 2167/2528/4 2165/2533/4 2163/2531/4
s 0
f 2175/2534/34 2176/2535/34 2171/2536/34
f 2175/2534/34 2171/2536/34 2172/2537/34
f 2178/2534/2 2175/2538/2 2172/2539/2
f 2178/2534/2 2172/2539/2 2173/2537/2
f 2177/2534/1 2178/2535/1 2173/2536/1
f 2177/2534/1 2173/2536/1 2174/2537/1
f 2176/2534/4 2177/2538/4 2174/2539/4
f 2176/2534/4 2174/2539/4 2171/2537/4
f 2171/2540/123 2168/2541/123 2172/2542/123
f 2168/2541/123 2171/2540/123 2167/2543/123
f 2172/2544/123 2170/2541/123 2173/2542/123
f 2170/2541/123 2172/2544/123 2168/2545/123
f 2170/2543/123 2169/2541/123 2174/2542/123
f 2170/2543/123 2174/2542/123 2173/2540/123
f 2171/2542/123 2169/2545/123 2167/2541/123
f 2171/2542/123 2174/2544/123 2169/2545/123
f 2177/2546/29 2175/2547/29 2178/2548/29
f 2175/2547/29 2177/2546/29 2176/2549/29
s 1
f 2192/2550/74 2193/2551/2 2179/2552/2
f 2192/2550/74 2179/2552/2 2180/2553/74
f 2191/2554/1 2192/2555/73 2180/2556/73
f 2191/2554/1 2180/2556/73 2181/2557/1
f 2190/2558/72 2191/2554/1 2181/2557/1
f 2190/2558/72 2181/2557/1 2182/2559/72
f 2189/2551/71 2190/2560/71 2182/2561/71
f 2189/2551/71 2182/2561/71 2183/2552/71
f 2189/2551/70 2184/2553/355 2188/2550/355
f 2184/2553/355 2189/2551/70 2183/2552/70
f 2187/2562/34 2188/2563/355 2184/2564/355
f 2187/2562/34 2184/2564/355 2185/2565/34
f 2194/2566/68 2187/2562/34 2185/2565/34
f 2194/2566/68 2185/2565/34 2186/2567/68
f 2193/2551/2 2194/2560/67 2186/2561/67
f 2193/2551/2 2186/2561/67 2179/2552/2
f 2195/2568/74 2203/2569/74 2204/2570/74
f 2203/2569/74 2195/2568/74 2196/2571/74
f 2195/2572/73 2205/2573/1 2202/2574/1
f 2205/2573/1 2195/2572/73 2204/2575/73
f 2202/2574/1 2206/2576/356 2201/2577/356
f 2206/2576/356 2202/2574/1 2205/2573/1
f 2201/2572/356 2207/2569/71 2200/2578/71
f 2207/2569/71 2201/2572/356 2206/2575/356
f 2200/2578/70 2208/2570/70 2199/2579/70
f 2208/2570/70 2200/2578/70 2207/2569/70
f 2198/2574/34 2208/2580/69 2209/2573/34
f 2208/2580/69 2198/2574/34 2199/2572/69
f 2198/2574/34 2210/2581/357 2197/2579/357
f 2210/2581/357 2198/2574/34 2209/2573/34
f 2197/2572/357 2203/2569/67 2196/2571/67
f 2203/2569/67 2197/2572/357 2210/2575/357
s 0
f 2203/2582/123 2192/2583/123 2204/2584/123
f 2192/2583/123 2203/2582/123 2193/2585/123
f 2191/2586/123 2204/2587/123 2192/2588/123
f 2204/2587/123 2191/2586/123 2205/2582/123
f 2205/2582/123 2190/2583/123 2206/2589/123
f 2190/2583/123 2205/2582/123 2191/2586/123
f 2207/2582/123 2206/2587/123 2190/2590/123
f 2207/2582/123 2190/2590/123 2189/2585/123
f 2188/2583/123 2207/2582/123 2189/2585/123
f 2207/2582/123 2188/2583/123 2208/2584/123
f 2208/2587/123 2187/2586/123 2209/2582/123
f 2187/2586/123 2208/2587/123 2188/2588/123
f 2209/2582/123 2194/2583/123 2210/2589/123
f 2194/2583/123 2209/2582/123 2187/2586/123
f 2194/2590/123 2193/2585/123 2203/2582/123
f 2194/2590/123 2203/2582/123 2210/2587/123
s 1
f 2195/2568/358 2212/2591/359 2196/2571/359
f 2212/2591/359 2195/2568/358 2211/2592/358
f 2212/2591/359 2197/2572/360 2196/2571/359
f 2197/2572/360 2212/2591/359 2213/2593/360
f 2213/2594/360 2214/2595/361 2198/2574/361
f 2198/2574/361 2197/2579/360 2213/2594/360
f 2199/2572/362 2214/2595/361 2215/2593/362
f 2214/2595/361 2199/2572/362 2198/2574/361
f 2200/2578/363 2199/2579/362 2215/2594/362
f 2200/2578/363 2215/2594/362 2216/2596/363
f 2200/2578/363 2217/2593/364 2201/2572/364
f 2217/2593/364 2200/2578/363 2216/2596/363
f 2201/2577/364 2218/2595/365 2202/2574/365
f 2218/2595/365 2201/2577/364 2217/2597/364
f 2211/2593/358 2202/2574/365 2218/2595/365
f 2202/2574/365 2211/2593/358 2195/2572/358
f 2220/2598/74 2212/2591/74 2219/2599/74
f 2219/2599/74 2212/2591/74 2211/2592/74
f 2221/2600/357 2213/2593/357 2220/2598/67
f 2220/2598/67 2213/2593/357 2212/2591/67
f 2222/2601/34 2214/2595/34 2221/2602/357
f 2221/2602/357 2214/2595/34 2213/2594/357
f 2223/2600/355 2215/2593/355 2222/2601/34
f 2222/2601/34 2215/2593/355 2214/2595/34
f 2224/2603/4 2216/2596/4 2223/2602/355
f 2223/2602/355 2216/2596/4 2215/2594/355
f 2225/2600/71 2217/2593/71 2224/2603/4
f 2224/2603/4 2217/2593/71 2216/2596/4
f 2226/2601/1 2218/2595/1 2225/2604/72
f 2225/2604/72 2218/2595/1 2217/2597/72
f 2219/2600/73 2211/2593/73 2226/2601/1
f 2226/2601/1 2211/2593/73 2218/2595/1
f 2219/2599/366 2228/2605/367 2220/2598/367
f 2228/2605/367 2219/2599/366 2227/2606/366
f 2228/2605/367 2221/2600/368 2220/2598/367
f 2221/2600/368 2228/2605/367 2229/2607/368
f 2229/2608/368 2230/2605/369 2222/2601/369
f 2222/2601/369 2221/2602/368 2229/2608/368
f 2231/2607/370 2222/2601/369 2230/2605/369
f 2222/2601/369 2231/2607/370 2223/2600/370
f 2223/2602/370 2232/2609/371 2224/2603/371
f 2232/2609/371 2223/2602/370 2231/2608/370
f 2224/2603/371 2233/2607/372 2225/2600/372
f 2233/2607/372 2224/2603/371 2232/2609/371
f 2225/2604/372 2234/2605/373 2226/2601/373
f 2234/2605/373 2225/2604/372 2233/2608/372
f 2227/2607/366 2226/2601/373 2234/2605/373
f 2226/2601/373 2227/2607/366 2219/2600/366
f 2236/2610/74 2228/2605/74 2235/2611/74
f 2235/2611/74 2228/2605/74 2227/2606/74
f 2237/2612/357 2229/2607/357 2236/2610/67
f 2236/2610/67 2229/2607/357 2228/2605/67
f 2238/2610/68 2230/2605/68 2237/2613/357
f 2237/2613/357 2230/2605/68 2229/2608/357
f 2239/2612/355 2231/2607/355 2238/2610/69
f 2238/2610/69 2231/2607/355 2230/2605/69
f 2240/2614/4 2232/2609/4 2239/2613/355
f 2239/2613/355 2232/2609/4 2231/2608/355
f 2241/2612/71 2233/2607/71 2240/2614/4
f 2240/2614/4 2233/2607/71 2232/2609/4
f 2242/2610/1 2234/2605/1 2241/2613/72
f 2241/2613/72 2234/2605/1 2233/2608/72
f 2235/2612/73 2227/2607/73 2242/2610/1
f 2242/2610/1 2227/2607/73 2234/2605/1
f 2236/2610/374 2235/2611/375 2243/2615/29
f 2237/2612/376 2236/2610/374 2243/2615/29
f 2238/2610/130 2237/2613/376 2243/2615/29
f 2239/2612/377 2238/2610/130 2243/2615/29
f 2240/2614/378 2239/2613/377 2243/2616/29
f 2241/2612/379 2240/2614/378 2243/2616/29
f 2242/2610/304 2241/2613/379 2243/2615/29
f 2235/2612/375 2242/2610/304 2243/2615/29
f 2269/2617/4 2267/2618/4 2268/2619/4
f 2270/2620/4 2266/2621/4 2269/2617/4
f 2265/2622/4 2271/2623/4 2263/2624/4
f 2265/2622/4 2263/2624/4 2264/2625/4
f 2269/2617/4 2266/2621/4 2267/2618/4
f 2266/2621/4 2271/2623/4 2265/2622/4
f 2271/2623/4 2266/2621/4 2270/2620/4
f 2250/2626/34 2245/2627/34 2247/2628/34
f 2245/2627/34 2250/2626/34 2249/2629/34
f 2260/2630/380 2247/2631/380 2251/2632/380
f 2247/2631/380 2260/2630/380 2250/2633/380
f 2257/2634/1 2244/2635/1 2248/2636/1
f 2244/2635/1 2257/2634/1 2246/2637/1
s 0
f 2260/2638/381 2246/2639/381 2257/2640/381
f 2246/2639/381 2260/2638/381 2251/2641/381
f 2249/2629/4 2250/2626/4 2254/2642/4
f 2249/2629/4 2254/2642/4 2253/2643/4
f 2260/2644/4 2262/2645/4 2250/2626/4
f 2261/2646/4 2250/2626/4 2262/2645/4
f 2258/2647/4 2257/2634/4 2259/2648/4
f 2257/2634/4 2258/2647/4 2260/2644/4
f 2257/2634/4 2248/2636/4 2256/2649/4
f 2256/2649/4 2248/2636/4 2252/2650/4
f 2257/2634/4 2256/2649/4 2259/2648/4
f 2258/2647/4 2255/2651/4 2260/2644/4
f 2260/2644/4 2255/2651/4 2262/2645/4
f 2261/2646/4 2254/2642/4 2250/2626/4
f 2265/2622/1 2253/2652/1 2254/2653/1
f 2253/2652/1 2265/2622/1 2264/2625/1
f 2266/2621/382 2254/2654/382 2261/2655/382
f 2254/2654/383 2266/2621/383 2265/2622/383
f 2267/2618/384 2261/2656/384 2262/2657/384
f 2261/2656/384 2267/2618/384 2266/2621/384
f 2268/2619/385 2267/2618/385 2262/2658/385
f 2262/2658/385 2255/2659/385 2268/2619/385
f 2269/2617/386 2268/2619/386 2255/2660/386
f 2255/2660/386 2258/2661/386 2269/2617/386
f 2270/2620/387 2269/2617/387 2258/2662/387
f 2258/2662/387 2259/2663/387 2270/2620/387
f 2271/2623/388 2270/2620/388 2259/2664/388
f 2259/2664/388 2256/2665/388 2271/2623/388
f 2271/2623/34 2252/2666/34 2263/2624/34
f 2252/2666/34 2271/2623/34 2256/2667/34
f 2275/2668/34 2283/2669/34 2273/2670/34
f 2273/2670/34 2283/2669/34 2281/2671/34
f 2272/2672/1 2280/2673/1 2274/2674/1
f 2274/2674/1 2280/2673/1 2282/2675/1
f 2274/2676/4 2282/2677/4 2276/2678/4
f 2276/2678/4 2282/2677/4 2284/2679/4
f 2277/2680/4 2285/2681/4 2275/2682/4
f 2275/2682/4 2285/2681/4 2283/2683/4
f 2278/2684/4 2286/2685/4 2279/2686/4
f 2279/2686/4 2286/2685/4 2287/2687/4
f 2276/2688/34 2284/2689/34 2278/2690/34
f 2278/2690/34 2284/2689/34 2286/2691/34
f 2279/2692/1 2287/2693/1 2277/2694/1
f 2277/2694/1 2287/2693/1 2285/2695/1
