# Blender 4.4.1
# www.blender.org
mtllib truss_bridge_wide.mtl
o truss_bridge
v 6.114300 -0.091780 -3.647526
v 6.114300 0.405190 -3.647526
v 6.114300 0.405190 -2.913810
v 6.114300 0.054963 -2.913810
v 6.114300 0.874173 -3.363382
v 6.114300 0.804397 -3.363382
v 6.114300 0.891937 -3.418068
v 6.114300 0.645243 -3.455410
v 6.114300 0.760472 -3.423840
v 6.114300 0.407584 -3.613726
v 6.114300 0.407584 -3.418068
v 6.114300 0.539051 -3.423840
v 6.114300 0.425353 -3.363382
v 6.114300 0.495123 -3.363382
v 6.114300 0.539051 -3.577725
v 6.114300 0.472662 -3.652919
v 6.114300 0.645243 -3.546155
v 6.114300 0.760472 -3.577725
v 6.114300 0.823016 -3.651596
v 6.114300 0.891937 -3.613726
v 5.048618 3.209102 -3.363382
v 5.048618 3.139333 -3.363382
v 5.048618 3.226874 -3.418068
v 5.048618 2.980171 -3.455410
v 5.048618 3.095400 -3.423840
v 5.048618 2.742516 -3.613726
v 5.048618 2.742516 -3.418068
v 5.048618 2.873981 -3.423840
v 5.048618 2.760279 -3.363382
v 5.048618 2.830056 -3.363382
v 5.048618 2.873981 -3.577725
v 5.048618 2.807590 -3.652920
v 5.048618 2.980171 -3.546155
v 5.048618 3.095400 -3.577725
v 5.048618 3.157943 -3.651596
v 5.048618 3.226874 -3.613726
v 0.110711 2.740119 -3.423840
v 0.229678 2.740119 -3.365412
v 0.154636 2.740119 -3.363382
v 0.242176 2.740119 -3.613726
v 0.110711 2.740119 -3.577725
v 0.169920 2.740119 -3.652202
v 0.004520 0.894334 -3.546155
v 0.110711 0.894334 -3.577725
v 0.177102 0.894334 -3.652920
v 0.242176 0.894334 -3.613726
v 0.110711 0.894334 -3.423840
v 0.233057 0.894334 -3.369306
v 0.154636 0.894334 -3.363382
v 0.004520 0.894334 -3.455410
v 1.889501 2.740119 -3.367297
v 1.877450 2.740119 -3.613726
v 1.887091 0.894334 -3.366514
v 1.877450 0.894334 -3.613726
v 2.008915 2.740119 -3.423840
v 1.964990 2.740119 -3.363382
v 2.115106 2.740119 -3.455410
v 2.230335 2.740119 -3.423840
v 2.349329 2.740119 -3.365414
v 2.274276 2.740119 -3.363382
v 2.115106 2.740119 -3.546155
v 2.361833 2.740119 -3.613726
v 2.230335 2.740119 -3.577725
v 2.008915 2.740119 -3.577725
v 1.942524 2.740119 -3.652920
v 2.289532 2.740119 -3.652201
v 1.949706 0.894334 -3.652202
v 2.008915 0.894334 -3.577725
v 2.124144 0.894334 -3.546155
v 2.230335 0.894334 -3.577725
v 2.296713 0.894334 -3.652920
v 2.361833 0.894334 -3.613726
v 2.230335 0.894334 -3.423840
v 2.352711 0.894334 -3.369311
v 2.274276 0.894334 -3.363382
v 2.124144 0.894334 -3.455410
v 1.964990 0.894334 -3.363382
v 2.008915 0.894334 -3.423840
v 4.009098 2.740119 -3.367300
v 3.997041 2.740119 -3.613726
v 3.997041 0.894334 -3.418068
v 3.997041 0.894334 -3.613726
v 4.128539 2.740119 -3.423840
v 4.084598 2.740119 -3.363382
v 4.234730 2.740119 -3.455410
v 4.349959 2.740119 -3.423840
v 4.468953 2.740119 -3.365414
v 4.393900 2.740119 -3.363382
v 4.234730 2.740119 -3.546155
v 4.481456 2.740119 -3.613726
v 4.349959 2.740119 -3.577725
v 4.128539 2.740119 -3.577725
v 4.062161 2.740119 -3.652920
v 4.409155 2.740119 -3.652201
v 4.014813 0.894334 -3.363382
v 4.069342 0.894334 -3.652201
v 4.128539 0.894334 -3.577725
v 4.243768 0.894334 -3.546155
v 4.349959 0.894334 -3.577725
v 4.416337 0.894334 -3.652920
v 4.481456 0.894334 -3.613726
v 4.349959 0.894334 -3.423840
v 4.472334 0.894334 -3.369310
v 4.393900 0.894334 -3.363382
v 4.243768 0.894334 -3.455410
v 4.084598 0.894334 -3.363382
v 4.128539 0.894334 -3.423840
v 0.261257 2.740119 -3.367299
v 0.247337 2.740119 -3.613726
v 1.313002 0.894334 -3.418068
v 1.313002 0.894334 -3.613726
v 0.399143 2.740119 -3.423840
v 0.348419 2.740119 -3.363382
v 0.521762 2.740119 -3.455410
v 0.654819 2.740119 -3.423840
v 0.792187 2.740119 -3.365414
v 0.705543 2.740119 -3.363382
v 0.521762 2.740119 -3.546155
v 0.806624 2.740119 -3.613726
v 0.654819 2.740119 -3.577725
v 0.399143 2.740119 -3.577725
v 0.301053 2.740119 -3.647526
v 0.340586 2.740119 -3.647526
v 0.713377 2.740119 -3.647526
v 0.752905 2.740119 -3.647526
v 1.333522 0.894334 -3.363382
v 1.366718 0.894334 -3.647526
v 1.406249 0.894334 -3.647526
v 1.464808 0.894334 -3.577725
v 1.597864 0.894334 -3.546155
v 1.720483 0.894334 -3.577725
v 1.792701 0.894334 -3.650782
v 1.872290 0.894334 -3.613726
v 1.720483 0.894334 -3.423840
v 1.861757 0.894334 -3.369310
v 1.771207 0.894334 -3.363382
v 1.597864 0.894334 -3.455410
v 1.414083 0.894334 -3.363382
v 1.464808 0.894334 -3.423840
v 2.380906 0.894334 -3.367304
v 3.443774 2.740119 -3.366508
v 2.366969 0.894334 -3.613726
v 3.432651 2.740119 -3.613726
v 2.441732 0.894334 -3.651938
v 2.518767 0.894334 -3.577725
v 2.641425 0.894334 -3.546153
v 2.774426 0.894334 -3.577725
v 2.833041 0.894334 -3.647526
v 2.872487 0.894334 -3.647526
v 2.926223 0.894334 -3.613726
v 2.774426 0.894334 -3.423840
v 2.911804 0.894334 -3.365408
v 2.825134 0.894334 -3.363382
v 2.641425 0.894334 -3.455412
v 2.468059 0.894334 -3.363382
v 2.518767 0.894334 -3.423840
v 3.520247 2.740119 -3.649302
v 3.584448 2.740119 -3.423840
v 3.533740 2.740119 -3.363382
v 3.717449 2.740119 -3.455412
v 3.840107 2.740119 -3.423840
v 3.981360 2.740119 -3.369317
v 3.890815 2.740119 -3.363382
v 3.683989 2.740119 -3.549697
v 3.991905 2.740119 -3.613726
v 3.840107 2.740119 -3.577725
v 3.740485 2.740119 -3.549697
v 3.584448 2.740119 -3.577725
v 3.898645 2.740119 -3.647526
v 3.938181 2.740119 -3.647526
v 4.500529 2.740119 -3.367303
v 4.486592 2.740119 -3.613726
v 5.563397 0.894334 -3.366508
v 5.552275 0.894334 -3.613726
v 4.638390 2.740119 -3.423840
v 4.587683 2.740119 -3.363382
v 4.761049 2.740119 -3.455412
v 4.894050 2.740119 -3.423840
v 5.031429 2.740119 -3.365408
v 4.944758 2.740119 -3.363382
v 4.761049 2.740119 -3.546153
v 5.045847 2.740119 -3.613726
v 4.894050 2.740119 -3.577725
v 4.638390 2.740119 -3.577725
v 4.540316 2.740119 -3.647526
v 4.579853 2.740119 -3.647526
v 4.952666 2.740119 -3.647526
v 4.992116 2.740119 -3.647526
v 5.606010 0.894334 -3.647526
v 5.645456 0.894334 -3.647526
v 5.704072 0.894334 -3.577725
v 5.837073 0.894334 -3.546153
v 5.959732 0.894334 -3.577725
v 6.031922 0.894334 -3.649335
v 6.111529 0.894334 -3.613726
v 5.959732 0.894334 -3.423840
v 6.100984 0.894334 -3.369317
v 6.010439 0.894334 -3.363382
v 5.837072 0.894334 -3.455412
v 5.653364 0.894334 -3.363382
v 5.704072 0.894334 -3.423840
v 6.114300 -0.091780 0.000000
v 6.114300 0.054963 0.000000
v 6.114300 -0.005879 0.000000
v 0.000000 -0.091780 -3.647526
v 0.000000 -0.091780 0.000000
v 0.000000 0.156705 -3.647526
v 0.000000 0.405190 -3.647526
v 0.000000 0.405190 -3.280668
v 0.000000 0.405190 -2.913810
v 0.000000 0.230076 -2.913810
v 0.000000 0.054963 -2.913810
v 0.000000 0.054963 0.000000
v 0.000000 0.877029 -3.365340
v 0.000000 0.839285 -3.363382
v 0.000000 0.804397 -3.363382
v 0.000000 0.885911 -3.392683
v 0.000000 0.782434 -3.393611
v 0.000000 0.760472 -3.423840
v 0.000000 0.707376 -3.439625
v 0.000000 0.649762 -3.455410
v 0.000000 0.592147 -3.439625
v 0.000000 0.539051 -3.423840
v 0.000000 0.517087 -3.393611
v 0.000000 0.495123 -3.363382
v 0.000000 0.457605 -3.364398
v 0.000000 0.422720 -3.364398
v 0.000000 0.413835 -3.391741
v 0.000000 0.407584 -3.515897
v 0.000000 0.407584 -3.613726
v 0.000000 0.476253 -3.652560
v 0.000000 0.440123 -3.633323
v 0.000000 0.509448 -3.614963
v 0.000000 0.539051 -3.577725
v 0.000000 0.592147 -3.561940
v 0.000000 0.635274 -3.547926
v 0.000000 0.659731 -3.547926
v 0.000000 0.717345 -3.563711
v 0.000000 0.760472 -3.577725
v 0.000000 0.791744 -3.615881
v 0.000000 0.823016 -3.652817
v 0.000000 0.891937 -3.613726
v 0.000000 0.857476 -3.633882
v 0.000000 0.891937 -3.515897
v 0.000000 3.211960 -3.365341
v 0.000000 3.174218 -3.363382
v 0.000000 3.139333 -3.363382
v 0.000000 3.220846 -3.392684
v 0.000000 3.117367 -3.393611
v 0.000000 3.095400 -3.423840
v 0.000000 3.042305 -3.439625
v 0.000000 2.984690 -3.455410
v 0.000000 2.927076 -3.439625
v 0.000000 2.873981 -3.423840
v 0.000000 2.852018 -3.393611
v 0.000000 2.830056 -3.363382
v 0.000000 2.792535 -3.364397
v 0.000000 2.757647 -3.364397
v 0.000000 2.748765 -3.391740
v 0.000000 2.742516 -3.515897
v 0.000000 2.742516 -3.613726
v 0.000000 2.811181 -3.652560
v 0.000000 2.775053 -3.633323
v 0.000000 2.844377 -3.614963
v 0.000000 2.873981 -3.577725
v 0.000000 2.927076 -3.561940
v 0.000000 2.970202 -3.547926
v 0.000000 2.994659 -3.547926
v 0.000000 3.052274 -3.563711
v 0.000000 3.095400 -3.577725
v 0.000000 3.126671 -3.615881
v 0.000000 3.157943 -3.652816
v 0.000000 3.226874 -3.613726
v 0.000000 3.192408 -3.633882
v 0.000000 3.226874 -3.515897
v 0.000000 2.740119 -3.483413
v 0.000000 2.740119 -3.454172
v 0.000000 2.740119 -3.486281
v 0.000000 2.740119 -3.542668
v 0.000000 2.740119 -3.547393
v 0.000000 0.894334 -3.547394
v 0.000000 0.894334 -3.542730
v 0.000000 0.894334 -3.509600
v 0.000000 0.894334 -3.487609
v 0.000000 0.894334 -3.483412
v 0.000000 0.894334 -3.454172
v 0.000000 1.817402 -3.546155
v 0.000000 1.817385 -3.455410
v -6.114300 -0.091780 -3.647526
v -6.114300 0.405190 -3.647526
v -6.114300 0.405190 -2.913810
v -6.114300 0.054963 -2.913810
v -6.114300 0.874173 -3.363382
v -6.114300 0.804397 -3.363382
v -6.114300 0.891937 -3.418068
v -6.114300 0.645243 -3.455410
v -6.114300 0.760472 -3.423840
v -6.114300 0.407584 -3.613726
v -6.114300 0.407584 -3.418068
v -6.114300 0.539051 -3.423840
v -6.114300 0.425353 -3.363382
v -6.114300 0.495123 -3.363382
v -6.114300 0.539051 -3.577725
v -6.114300 0.472662 -3.652919
v -6.114300 0.645243 -3.546155
v -6.114300 0.760472 -3.577725
v -6.114300 0.823016 -3.651596
v -6.114300 0.891937 -3.613726
v -5.048618 3.209102 -3.363382
v -5.048618 3.139333 -3.363382
v -5.048618 3.226874 -3.418068
v -5.048618 2.980171 -3.455410
v -5.048618 3.095400 -3.423840
v -5.048618 2.742516 -3.613726
v -5.048618 2.742516 -3.418068
v -5.048618 2.873981 -3.423840
v -5.048618 2.760279 -3.363382
v -5.048618 2.830056 -3.363382
v -5.048618 2.873981 -3.577725
v -5.048618 2.807590 -3.652920
v -5.048618 2.980171 -3.546155
v -5.048618 3.095400 -3.577725
v -5.048618 3.157943 -3.651596
v -5.048618 3.226874 -3.613726
v -0.110711 2.740119 -3.423840
v -0.229678 2.740119 -3.365412
v -0.154636 2.740119 -3.363382
v -0.242176 2.740119 -3.613726
v -0.110711 2.740119 -3.577725
v -0.169920 2.740119 -3.652202
v -0.004520 0.894334 -3.546155
v -0.110711 0.894334 -3.577725
v -0.177102 0.894334 -3.652920
v -0.242176 0.894334 -3.613726
v -0.110711 0.894334 -3.423840
v -0.233057 0.894334 -3.369306
v -0.154636 0.894334 -3.363382
v -0.004520 0.894334 -3.455410
v -1.889501 2.740119 -3.367297
v -1.877450 2.740119 -3.613726
v -1.887091 0.894334 -3.366514
v -1.877450 0.894334 -3.613726
v -2.008915 2.740119 -3.423840
v -1.964990 2.740119 -3.363382
v -2.115106 2.740119 -3.455410
v -2.230335 2.740119 -3.423840
v -2.349329 2.740119 -3.365414
v -2.274276 2.740119 -3.363382
v -2.115106 2.740119 -3.546155
v -2.361833 2.740119 -3.613726
v -2.230335 2.740119 -3.577725
v -2.008915 2.740119 -3.577725
v -1.942524 2.740119 -3.652920
v -2.289532 2.740119 -3.652201
v -1.949706 0.894334 -3.652202
v -2.008915 0.894334 -3.577725
v -2.124144 0.894334 -3.546155
v -2.230335 0.894334 -3.577725
v -2.296713 0.894334 -3.652920
v -2.361833 0.894334 -3.613726
v -2.230335 0.894334 -3.423840
v -2.352711 0.894334 -3.369311
v -2.274276 0.894334 -3.363382
v -2.124144 0.894334 -3.455410
v -1.964990 0.894334 -3.363382
v -2.008915 0.894334 -3.423840
v -4.009098 2.740119 -3.367300
v -3.997041 2.740119 -3.613726
v -3.997041 0.894334 -3.418068
v -3.997041 0.894334 -3.613726
v -4.128539 2.740119 -3.423840
v -4.084598 2.740119 -3.363382
v -4.234730 2.740119 -3.455410
v -4.349959 2.740119 -3.423840
v -4.468953 2.740119 -3.365414
v -4.393900 2.740119 -3.363382
v -4.234730 2.740119 -3.546155
v -4.481456 2.740119 -3.613726
v -4.349959 2.740119 -3.577725
v -4.128539 2.740119 -3.577725
v -4.062161 2.740119 -3.652920
v -4.409155 2.740119 -3.652201
v -4.014813 0.894334 -3.363382
v -4.069342 0.894334 -3.652201
v -4.128539 0.894334 -3.577725
v -4.243768 0.894334 -3.546155
v -4.349959 0.894334 -3.577725
v -4.416337 0.894334 -3.652920
v -4.481456 0.894334 -3.613726
v -4.349959 0.894334 -3.423840
v -4.472334 0.894334 -3.369310
v -4.393900 0.894334 -3.363382
v -4.243768 0.894334 -3.455410
v -4.084598 0.894334 -3.363382
v -4.128539 0.894334 -3.423840
v -0.261257 2.740119 -3.367299
v -0.247337 2.740119 -3.613726
v -1.313002 0.894334 -3.418068
v -1.313002 0.894334 -3.613726
v -0.399143 2.740119 -3.423840
v -0.348419 2.740119 -3.363382
v -0.521762 2.740119 -3.455410
v -0.654819 2.740119 -3.423840
v -0.792187 2.740119 -3.365414
v -0.705543 2.740119 -3.363382
v -0.521762 2.740119 -3.546155
v -0.806624 2.740119 -3.613726
v -0.654819 2.740119 -3.577725
v -0.399143 2.740119 -3.577725
v -0.301053 2.740119 -3.647526
v -0.340586 2.740119 -3.647526
v -0.713377 2.740119 -3.647526
v -0.752905 2.740119 -3.647526
v -1.333522 0.894334 -3.363382
v -1.366718 0.894334 -3.647526
v -1.406249 0.894334 -3.647526
v -1.464808 0.894334 -3.577725
v -1.597864 0.894334 -3.546155
v -1.720483 0.894334 -3.577725
v -1.792701 0.894334 -3.650782
v -1.872290 0.894334 -3.613726
v -1.720483 0.894334 -3.423840
v -1.861757 0.894334 -3.369310
v -1.771207 0.894334 -3.363382
v -1.597864 0.894334 -3.455410
v -1.414083 0.894334 -3.363382
v -1.464808 0.894334 -3.423840
v -2.380906 0.894334 -3.367304
v -3.443774 2.740119 -3.366508
v -2.366969 0.894334 -3.613726
v -3.432651 2.740119 -3.613726
v -2.441732 0.894334 -3.651938
v -2.518767 0.894334 -3.577725
v -2.641425 0.894334 -3.546153
v -2.774426 0.894334 -3.577725
v -2.833041 0.894334 -3.647526
v -2.872487 0.894334 -3.647526
v -2.926223 0.894334 -3.613726
v -2.774426 0.894334 -3.423840
v -2.911804 0.894334 -3.365408
v -2.825134 0.894334 -3.363382
v -2.641425 0.894334 -3.455412
v -2.468059 0.894334 -3.363382
v -2.518767 0.894334 -3.423840
v -3.520247 2.740119 -3.649302
v -3.584448 2.740119 -3.423840
v -3.533740 2.740119 -3.363382
v -3.717449 2.740119 -3.455412
v -3.840107 2.740119 -3.423840
v -3.981360 2.740119 -3.369317
v -3.890815 2.740119 -3.363382
v -3.683989 2.740119 -3.549697
v -3.991905 2.740119 -3.613726
v -3.840107 2.740119 -3.577725
v -3.740485 2.740119 -3.549697
v -3.584448 2.740119 -3.577725
v -3.898645 2.740119 -3.647526
v -3.938181 2.740119 -3.647526
v -4.500529 2.740119 -3.367303
v -4.486592 2.740119 -3.613726
v -5.563397 0.894334 -3.366508
v -5.552275 0.894334 -3.613726
v -4.638390 2.740119 -3.423840
v -4.587683 2.740119 -3.363382
v -4.761049 2.740119 -3.455412
v -4.894050 2.740119 -3.423840
v -5.031429 2.740119 -3.365408
v -4.944758 2.740119 -3.363382
v -4.761049 2.740119 -3.546153
v -5.045847 2.740119 -3.613726
v -4.894050 2.740119 -3.577725
v -4.638390 2.740119 -3.577725
v -4.540316 2.740119 -3.647526
v -4.579853 2.740119 -3.647526
v -4.952666 2.740119 -3.647526
v -4.992116 2.740119 -3.647526
v -5.606010 0.894334 -3.647526
v -5.645456 0.894334 -3.647526
v -5.704072 0.894334 -3.577725
v -5.837073 0.894334 -3.546153
v -5.959732 0.894334 -3.577725
v -6.031922 0.894334 -3.649335
v -6.111529 0.894334 -3.613726
v -5.959732 0.894334 -3.423840
v -6.100984 0.894334 -3.369317
v -6.010439 0.894334 -3.363382
v -5.837072 0.894334 -3.455412
v -5.653364 0.894334 -3.363382
v -5.704072 0.894334 -3.423840
v -6.114300 -0.091780 0.000000
v -6.114300 0.054963 0.000000
v -6.114300 -0.005879 0.000000
v 6.114300 -0.091780 3.647526
v 6.114300 0.405190 3.647526
v 6.114300 0.405190 2.913810
v 6.114300 0.054963 2.913810
v 6.114300 0.874173 3.363382
v 6.114300 0.804397 3.363382
v 6.114300 0.891937 3.418068
v 6.114300 0.645243 3.455410
v 6.114300 0.760472 3.423840
v 6.114300 0.407584 3.613726
v 6.114300 0.407584 3.418068
v 6.114300 0.539051 3.423840
v 6.114300 0.425353 3.363382
v 6.114300 0.495123 3.363382
v 6.114300 0.539051 3.577725
v 6.114300 0.472662 3.652919
v 6.114300 0.645243 3.546155
v 6.114300 0.760472 3.577725
v 6.114300 0.823016 3.651596
v 6.114300 0.891937 3.613726
v 5.048618 3.209102 3.363382
v 5.048618 3.139333 3.363382
v 5.048618 3.226874 3.418068
v 5.048618 2.980171 3.455410
v 5.048618 3.095400 3.423840
v 5.048618 2.742516 3.613726
v 5.048618 2.742516 3.418068
v 5.048618 2.873981 3.423840
v 5.048618 2.760279 3.363382
v 5.048618 2.830056 3.363382
v 5.048618 2.873981 3.577725
v 5.048618 2.807590 3.652920
v 5.048618 2.980171 3.546155
v 5.048618 3.095400 3.577725
v 5.048618 3.157943 3.651596
v 5.048618 3.226874 3.613726
v 0.110711 2.740119 3.423840
v 0.229678 2.740119 3.365412
v 0.154636 2.740119 3.363382
v 0.242176 2.740119 3.613726
v 0.110711 2.740119 3.577725
v 0.169920 2.740119 3.652202
v 0.004520 0.894334 3.546155
v 0.110711 0.894334 3.577725
v 0.177102 0.894334 3.652920
v 0.242176 0.894334 3.613726
v 0.110711 0.894334 3.423840
v 0.233057 0.894334 3.369306
v 0.154636 0.894334 3.363382
v 0.004520 0.894334 3.455410
v 1.889501 2.740119 3.367297
v 1.877450 2.740119 3.613726
v 1.887091 0.894334 3.366514
v 1.877450 0.894334 3.613726
v 2.008915 2.740119 3.423840
v 1.964990 2.740119 3.363382
v 2.115106 2.740119 3.455410
v 2.230335 2.740119 3.423840
v 2.349329 2.740119 3.365414
v 2.274276 2.740119 3.363382
v 2.115106 2.740119 3.546155
v 2.361833 2.740119 3.613726
v 2.230335 2.740119 3.577725
v 2.008915 2.740119 3.577725
v 1.942524 2.740119 3.652920
v 2.289532 2.740119 3.652201
v 1.949706 0.894334 3.652202
v 2.008915 0.894334 3.577725
v 2.124144 0.894334 3.546155
v 2.230335 0.894334 3.577725
v 2.296713 0.894334 3.652920
v 2.361833 0.894334 3.613726
v 2.230335 0.894334 3.423840
v 2.352711 0.894334 3.369311
v 2.274276 0.894334 3.363382
v 2.124144 0.894334 3.455410
v 1.964990 0.894334 3.363382
v 2.008915 0.894334 3.423840
v 4.009098 2.740119 3.367300
v 3.997041 2.740119 3.613726
v 3.997041 0.894334 3.418068
v 3.997041 0.894334 3.613726
v 4.128539 2.740119 3.423840
v 4.084598 2.740119 3.363382
v 4.234730 2.740119 3.455410
v 4.349959 2.740119 3.423840
v 4.468953 2.740119 3.365414
v 4.393900 2.740119 3.363382
v 4.234730 2.740119 3.546155
v 4.481456 2.740119 3.613726
v 4.349959 2.740119 3.577725
v 4.128539 2.740119 3.577725
v 4.062161 2.740119 3.652920
v 4.409155 2.740119 3.652201
v 4.014813 0.894334 3.363382
v 4.069342 0.894334 3.652201
v 4.128539 0.894334 3.577725
v 4.243768 0.894334 3.546155
v 4.349959 0.894334 3.577725
v 4.416337 0.894334 3.652920
v 4.481456 0.894334 3.613726
v 4.349959 0.894334 3.423840
v 4.472334 0.894334 3.369310
v 4.393900 0.894334 3.363382
v 4.243768 0.894334 3.455410
v 4.084598 0.894334 3.363382
v 4.128539 0.894334 3.423840
v 0.261257 2.740119 3.367299
v 0.247337 2.740119 3.613726
v 1.313002 0.894334 3.418068
v 1.313002 0.894334 3.613726
v 0.399143 2.740119 3.423840
v 0.348419 2.740119 3.363382
v 0.521762 2.740119 3.455410
v 0.654819 2.740119 3.423840
v 0.792187 2.740119 3.365414
v 0.705543 2.740119 3.363382
v 0.521762 2.740119 3.546155
v 0.806624 2.740119 3.613726
v 0.654819 2.740119 3.577725
v 0.399143 2.740119 3.577725
v 0.301053 2.740119 3.647526
v 0.340586 2.740119 3.647526
v 0.713377 2.740119 3.647526
v 0.752905 2.740119 3.647526
v 1.333522 0.894334 3.363382
v 1.366718 0.894334 3.647526
v 1.406249 0.894334 3.647526
v 1.464808 0.894334 3.577725
v 1.597864 0.894334 3.546155
v 1.720483 0.894334 3.577725
v 1.792701 0.894334 3.650782
v 1.872290 0.894334 3.613726
v 1.720483 0.894334 3.423840
v 1.861757 0.894334 3.369310
v 1.771207 0.894334 3.363382
v 1.597864 0.894334 3.455410
v 1.414083 0.894334 3.363382
v 1.464808 0.894334 3.423840
v 2.380906 0.894334 3.367304
v 3.443774 2.740119 3.366508
v 2.366969 0.894334 3.613726
v 3.432651 2.740119 3.613726
v 2.441732 0.894334 3.651938
v 2.518767 0.894334 3.577725
v 2.641425 0.894334 3.546153
v 2.774426 0.894334 3.577725
v 2.833041 0.894334 3.647526
v 2.872487 0.894334 3.647526
v 2.926223 0.894334 3.613726
v 2.774426 0.894334 3.423840
v 2.911804 0.894334 3.365408
v 2.825134 0.894334 3.363382
v 2.641425 0.894334 3.455412
v 2.468059 0.894334 3.363382
v 2.518767 0.894334 3.423840
v 3.520247 2.740119 3.649302
v 3.584448 2.740119 3.423840
v 3.533740 2.740119 3.363382
v 3.717449 2.740119 3.455412
v 3.840107 2.740119 3.423840
v 3.981360 2.740119 3.369317
v 3.890815 2.740119 3.363382
v 3.683989 2.740119 3.549697
v 3.991905 2.740119 3.613726
v 3.840107 2.740119 3.577725
v 3.740485 2.740119 3.549697
v 3.584448 2.740119 3.577725
v 3.898645 2.740119 3.647526
v 3.938181 2.740119 3.647526
v 4.500529 2.740119 3.367303
v 4.486592 2.740119 3.613726
v 5.563397 0.894334 3.366508
v 5.552275 0.894334 3.613726
v 4.638390 2.740119 3.423840
v 4.587683 2.740119 3.363382
v 4.761049 2.740119 3.455412
v 4.894050 2.740119 3.423840
v 5.031429 2.740119 3.365408
v 4.944758 2.740119 3.363382
v 4.761049 2.740119 3.546153
v 5.045847 2.740119 3.613726
v 4.894050 2.740119 3.577725
v 4.638390 2.740119 3.577725
v 4.540316 2.740119 3.647526
v 4.579853 2.740119 3.647526
v 4.952666 2.740119 3.647526
v 4.992116 2.740119 3.647526
v 5.606010 0.894334 3.647526
v 5.645456 0.894334 3.647526
v 5.704072 0.894334 3.577725
v 5.837073 0.894334 3.546153
v 5.959732 0.894334 3.577725
v 6.031922 0.894334 3.649335
v 6.111529 0.894334 3.613726
v 5.959732 0.894334 3.423840
v 6.100984 0.894334 3.369317
v 6.010439 0.894334 3.363382
v 5.837072 0.894334 3.455412
v 5.653364 0.894334 3.363382
v 5.704072 0.894334 3.423840
v 0.000000 -0.091780 3.647526
v 0.000000 0.156705 3.647526
v 0.000000 0.405190 3.647526
v 0.000000 0.405190 3.280668
v 0.000000 0.405190 2.913810
v 0.000000 0.230076 2.913810
v 0.000000 0.054963 2.913810
v 0.000000 0.877029 3.365340
v 0.000000 0.839285 3.363382
v 0.000000 0.804397 3.363382
v 0.000000 0.885911 3.392683
v 0.000000 0.782434 3.393611
v 0.000000 0.760472 3.423840
v 0.000000 0.707376 3.439625
v 0.000000 0.649762 3.455410
v 0.000000 0.592147 3.439625
v 0.000000 0.539051 3.423840
v 0.000000 0.517087 3.393611
v 0.000000 0.495123 3.363382
v 0.000000 0.457605 3.364398
v 0.000000 0.422720 3.364398
v 0.000000 0.413835 3.391741
v 0.000000 0.407584 3.515897
v 0.000000 0.407584 3.613726
v 0.000000 0.476253 3.652560
v 0.000000 0.440123 3.633323
v 0.000000 0.509448 3.614963
v 0.000000 0.539051 3.577725
v 0.000000 0.592147 3.561940
v 0.000000 0.635274 3.547926
v 0.000000 0.659731 3.547926
v 0.000000 0.717345 3.563711
v 0.000000 0.760472 3.577725
v 0.000000 0.791744 3.615881
v 0.000000 0.823016 3.652817
v 0.000000 0.891937 3.613726
v 0.000000 0.857476 3.633882
v 0.000000 0.891937 3.515897
v 0.000000 3.211960 3.365341
v 0.000000 3.174218 3.363382
v 0.000000 3.139333 3.363382
v 0.000000 3.220846 3.392684
v 0.000000 3.117367 3.393611
v 0.000000 3.095400 3.423840
v 0.000000 3.042305 3.439625
v 0.000000 2.984690 3.455410
v 0.000000 2.927076 3.439625
v 0.000000 2.873981 3.423840
v 0.000000 2.852018 3.393611
v 0.000000 2.830056 3.363382
v 0.000000 2.792535 3.364397
v 0.000000 2.757647 3.364397
v 0.000000 2.748765 3.391740
v 0.000000 2.742516 3.515897
v 0.000000 2.742516 3.613726
v 0.000000 2.811181 3.652560
v 0.000000 2.775053 3.633323
v 0.000000 2.844377 3.614963
v 0.000000 2.873981 3.577725
v 0.000000 2.927076 3.561940
v 0.000000 2.970202 3.547926
v 0.000000 2.994659 3.547926
v 0.000000 3.052274 3.563711
v 0.000000 3.095400 3.577725
v 0.000000 3.126671 3.615881
v 0.000000 3.157943 3.652816
v 0.000000 3.226874 3.613726
v 0.000000 3.192408 3.633882
v 0.000000 3.226874 3.515897
v 0.000000 2.740119 3.483413
v 0.000000 2.740119 3.454172
v 0.000000 2.740119 3.486281
v 0.000000 2.740119 3.542668
v 0.000000 2.740119 3.547393
v 0.000000 0.894334 3.547394
v 0.000000 0.894334 3.542730
v 0.000000 0.894334 3.509600
v 0.000000 0.894334 3.487609
v 0.000000 0.894334 3.483412
v 0.000000 0.894334 3.454172
v 0.000000 1.817402 3.546155
v 0.000000 1.817385 3.455410
v -6.114300 -0.091780 3.647526
v -6.114300 0.405190 3.647526
v -6.114300 0.405190 2.913810
v -6.114300 0.054963 2.913810
v -6.114300 0.874173 3.363382
v -6.114300 0.804397 3.363382
v -6.114300 0.891937 3.418068
v -6.114300 0.645243 3.455410
v -6.114300 0.760472 3.423840
v -6.114300 0.407584 3.613726
v -6.114300 0.407584 3.418068
v -6.114300 0.539051 3.423840
v -6.114300 0.425353 3.363382
v -6.114300 0.495123 3.363382
v -6.114300 0.539051 3.577725
v -6.114300 0.472662 3.652919
v -6.114300 0.645243 3.546155
v -6.114300 0.760472 3.577725
v -6.114300 0.823016 3.651596
v -6.114300 0.891937 3.613726
v -5.048618 3.209102 3.363382
v -5.048618 3.139333 3.363382
v -5.048618 3.226874 3.418068
v -5.048618 2.980171 3.455410
v -5.048618 3.095400 3.423840
v -5.048618 2.742516 3.613726
v -5.048618 2.742516 3.418068
v -5.048618 2.873981 3.423840
v -5.048618 2.760279 3.363382
v -5.048618 2.830056 3.363382
v -5.048618 2.873981 3.577725
v -5.048618 2.807590 3.652920
v -5.048618 2.980171 3.546155
v -5.048618 3.095400 3.577725
v -5.048618 3.157943 3.651596
v -5.048618 3.226874 3.613726
v -0.110711 2.740119 3.423840
v -0.229678 2.740119 3.365412
v -0.154636 2.740119 3.363382
v -0.242176 2.740119 3.613726
v -0.110711 2.740119 3.577725
v -0.169920 2.740119 3.652202
v -0.004520 0.894334 3.546155
v -0.110711 0.894334 3.577725
v -0.177102 0.894334 3.652920
v -0.242176 0.894334 3.613726
v -0.110711 0.894334 3.423840
v -0.233057 0.894334 3.369306
v -0.154636 0.894334 3.363382
v -0.004520 0.894334 3.455410
v -1.889501 2.740119 3.367297
v -1.877450 2.740119 3.613726
v -1.887091 0.894334 3.366514
v -1.877450 0.894334 3.613726
v -2.008915 2.740119 3.423840
v -1.964990 2.740119 3.363382
v -2.115106 2.740119 3.455410
v -2.230335 2.740119 3.423840
v -2.349329 2.740119 3.365414
v -2.274276 2.740119 3.363382
v -2.115106 2.740119 3.546155
v -2.361833 2.740119 3.613726
v -2.230335 2.740119 3.577725
v -2.008915 2.740119 3.577725
v -1.942524 2.740119 3.652920
v -2.289532 2.740119 3.652201
v -1.949706 0.894334 3.652202
v -2.008915 0.894334 3.577725
v -2.124144 0.894334 3.546155
v -2.230335 0.894334 3.577725
v -2.296713 0.894334 3.652920
v -2.361833 0.894334 3.613726
v -2.230335 0.894334 3.423840
v -2.352711 0.894334 3.369311
v -2.274276 0.894334 3.363382
v -2.124144 0.894334 3.455410
v -1.964990 0.894334 3.363382
v -2.008915 0.894334 3.423840
v -4.009098 2.740119 3.367300
v -3.997041 2.740119 3.613726
v -3.997041 0.894334 3.418068
v -3.997041 0.894334 3.613726
v -4.128539 2.740119 3.423840
v -4.084598 2.740119 3.363382
v -4.234730 2.740119 3.455410
v -4.349959 2.740119 3.423840
v -4.468953 2.740119 3.365414
v -4.393900 2.740119 3.363382
v -4.234730 2.740119 3.546155
v -4.481456 2.740119 3.613726
v -4.349959 2.740119 3.577725
v -4.128539 2.740119 3.577725
v -4.062161 2.740119 3.652920
v -4.409155 2.740119 3.652201
v -4.014813 0.894334 3.363382
v -4.069342 0.894334 3.652201
v -4.128539 0.894334 3.577725
v -4.243768 0.894334 3.546155
v -4.349959 0.894334 3.577725
v -4.416337 0.894334 3.652920
v -4.481456 0.894334 3.613726
v -4.349959 0.894334 3.423840
v -4.472334 0.894334 3.369310
v -4.393900 0.894334 3.363382
v -4.243768 0.894334 3.455410
v -4.084598 0.894334 3.363382
v -4.128539 0.894334 3.423840
v -0.261257 2.740119 3.367299
v -0.247337 2.740119 3.613726
v -1.313002 0.894334 3.418068
v -1.313002 0.894334 3.613726
v -0.399143 2.740119 3.423840
v -0.348419 2.740119 3.363382
v -0.521762 2.740119 3.455410
v -0.654819 2.740119 3.423840
v -0.792187 2.740119 3.365414
v -0.705543 2.740119 3.363382
v -0.521762 2.740119 3.546155
v -0.806624 2.740119 3.613726
v -0.654819 2.740119 3.577725
v -0.399143 2.740119 3.577725
v -0.301053 2.740119 3.647526
v -0.340586 2.740119 3.647526
v -0.713377 2.740119 3.647526
v -0.752905 2.740119 3.647526
v -1.333522 0.894334 3.363382
v -1.366718 0.894334 3.647526
v -1.406249 0.894334 3.647526
v -1.464808 0.894334 3.577725
v -1.597864 0.894334 3.546155
v -1.720483 0.894334 3.577725
v -1.792701 0.894334 3.650782
v -1.872290 0.894334 3.613726
v -1.720483 0.894334 3.423840
v -1.861757 0.894334 3.369310
v -1.771207 0.894334 3.363382
v -1.597864 0.894334 3.455410
v -1.414083 0.894334 3.363382
v -1.464808 0.894334 3.423840
v -2.380906 0.894334 3.367304
v -3.443774 2.740119 3.366508
v -2.366969 0.894334 3.613726
v -3.432651 2.740119 3.613726
v -2.441732 0.894334 3.651938
v -2.518767 0.894334 3.577725
v -2.641425 0.894334 3.546153
v -2.774426 0.894334 3.577725
v -2.833041 0.894334 3.647526
v -2.872487 0.894334 3.647526
v -2.926223 0.894334 3.613726
v -2.774426 0.894334 3.423840
v -2.911804 0.894334 3.365408
v -2.825134 0.894334 3.363382
v -2.641425 0.894334 3.455412
v -2.468059 0.894334 3.363382
v -2.518767 0.894334 3.423840
v -3.520247 2.740119 3.649302
v -3.584448 2.740119 3.423840
v -3.533740 2.740119 3.363382
v -3.717449 2.740119 3.455412
v -3.840107 2.740119 3.423840
v -3.981360 2.740119 3.369317
v -3.890815 2.740119 3.363382
v -3.683989 2.740119 3.549697
v -3.991905 2.740119 3.613726
v -3.840107 2.740119 3.577725
v -3.740485 2.740119 3.549697
v -3.584448 2.740119 3.577725
v -3.898645 2.740119 3.647526
v -3.938181 2.740119 3.647526
v -4.500529 2.740119 3.367303
v -4.486592 2.740119 3.613726
v -5.563397 0.894334 3.366508
v -5.552275 0.894334 3.613726
v -4.638390 2.740119 3.423840
v -4.587683 2.740119 3.363382
v -4.761049 2.740119 3.455412
v -4.894050 2.740119 3.423840
v -5.031429 2.740119 3.365408
v -4.944758 2.740119 3.363382
v -4.761049 2.740119 3.546153
v -5.045847 2.740119 3.613726
v -4.894050 2.740119 3.577725
v -4.638390 2.740119 3.577725
v -4.540316 2.740119 3.647526
v -4.579853 2.740119 3.647526
v -4.952666 2.740119 3.647526
v -4.992116 2.740119 3.647526
v -5.606010 0.894334 3.647526
v -5.645456 0.894334 3.647526
v -5.704072 0.894334 3.577725
v -5.837073 0.894334 3.546153
v -5.959732 0.894334 3.577725
v -6.031922 0.894334 3.649335
v -6.111529 0.894334 3.613726
v -5.959732 0.894334 3.423840
v -6.100984 0.894334 3.369317
v -6.010439 0.894334 3.363382
v -5.837072 0.894334 3.455412
v -5.653364 0.894334 3.363382
v -5.704072 0.894334 3.423840
vn -0.0000 -1.0000 -0.0000
vn -0.0000 -0.0000 -1.0000
vn -0.0000 1.0000 -0.0000
vn -0.0000 -0.0000 1.0000
vn 1.0000 -0.0000 -0.0000
vn -0.0003 0.0518 0.9987
vn 0.0003 0.9511 0.3089
vn -0.0000 -0.8090 0.5878
vn -0.0002 -0.2642 0.9645
vn -0.0000 -0.2850 0.9585
vn -0.0000 0.2850 0.9585
vn 0.0002 0.2642 0.9645
vn -0.0000 0.8090 0.5878
vn -0.0000 -0.0271 0.9996
vn -0.0002 -0.0000 1.0000
vn 0.0004 -0.9511 0.3090
vn -0.0008 -0.9987 0.0503
vn -0.0003 -0.4700 -0.8827
vn -0.0000 -0.5159 -0.8566
vn 0.0004 0.7496 -0.6619
vn -0.0000 0.7828 -0.6223
vn -0.0000 0.2850 -0.9585
vn -0.0002 0.3090 -0.9510
vn 0.0003 -0.0000 -1.0000
vn -0.0003 -0.2642 -0.9645
vn -0.0000 -0.3090 -0.9510
vn 0.0001 -0.7632 -0.6462
vn -0.0000 -0.7734 -0.6339
vn -0.0000 0.5049 -0.8632
vn 0.0002 0.4816 -0.8764
vn -0.0008 0.9988 0.0488
vn -0.0004 0.0518 0.9987
vn 0.0004 0.9510 0.3091
vn -0.0000 -0.8090 0.5879
vn 0.0004 -0.9511 0.3089
vn -0.0010 -0.9987 0.0503
vn -0.0004 -0.4700 -0.8827
vn 0.0005 0.7496 -0.6619
vn -0.0003 0.3090 -0.9510
vn 0.0004 -0.0000 -1.0000
vn -0.0004 -0.2642 -0.9645
vn -0.0000 -0.3090 -0.9511
vn 0.0002 -0.7632 -0.6462
vn -0.0000 0.5048 -0.8632
vn 0.0002 0.4815 -0.8764
vn -0.0009 0.9988 0.0489
vn 0.2643 0.0013 -0.9645
vn -0.2850 -0.0000 -0.9585
vn -0.2642 -0.0013 -0.9645
vn -0.7496 -0.0027 -0.6619
vn -0.7828 -0.0000 -0.6223
vn 0.4700 0.0022 -0.8827
vn 0.5159 -0.0000 -0.8566
vn 0.9987 0.0017 0.0503
vn 0.9993 -0.0000 0.0373
vn 0.0270 -0.0000 0.9996
vn 0.0753 -0.0020 0.9972
vn -0.8090 -0.0000 0.5878
vn -0.2850 -0.0000 0.9585
vn -0.2642 -0.0013 0.9645
vn 0.2642 0.0013 0.9645
vn -0.9988 0.0013 0.0488
vn -0.9992 -0.0000 0.0390
vn -0.5159 -0.0000 -0.8566
vn -0.4700 -0.0022 -0.8827
vn 0.7828 -0.0000 -0.6223
vn 0.7496 0.0027 -0.6619
vn 0.2642 0.0013 -0.9645
vn 0.2850 -0.0000 -0.9585
vn -0.7497 -0.0027 -0.6618
vn -0.7828 -0.0000 -0.6222
vn 0.4698 0.0022 -0.8828
vn 0.5157 -0.0000 -0.8568
vn 0.0271 -0.0000 0.9996
vn 0.0754 -0.0020 0.9972
vn -0.8089 -0.0000 0.5879
vn 0.2850 -0.0000 0.9585
vn 0.8090 -0.0000 0.5878
vn -0.0518 0.0005 0.9987
vn -0.0402 -0.0000 0.9992
vn -0.9988 0.0052 0.0489
vn -1.0000 -0.0000 -0.0000
vn -0.9510 -0.0023 0.3091
vn 0.0001 -1.0000 -0.0000
vn -0.5157 -0.0000 -0.8568
vn -0.4698 -0.0022 -0.8828
vn 0.7828 -0.0000 -0.6222
vn 0.7497 0.0027 -0.6618
vn 0.8089 -0.0000 0.5879
vn -0.0518 0.0020 0.9987
vn -0.8672 -0.4955 0.0490
vn -0.8660 -0.5000 -0.0000
vn 0.0001 1.0000 -0.0000
vn -0.8227 -0.4773 0.3087
vn -0.5091 -0.2939 -0.8090
vn 0.7006 0.4045 -0.5878
vn 0.2288 0.1334 -0.9643
vn 0.2468 0.1425 -0.9585
vn -0.2468 -0.1425 -0.9585
vn -0.2288 -0.1334 -0.9643
vn -0.6570 -0.3830 -0.6494
vn -0.7006 -0.4045 -0.5878
vn 0.5090 0.2939 -0.8090
vn 0.4105 0.2328 -0.8816
vn 0.8642 0.5007 0.0502
vn 0.8654 0.4997 0.0373
vn 0.0234 0.0135 0.9996
vn 0.0653 0.0357 0.9972
vn -0.7006 -0.4045 0.5878
vn -0.2468 -0.1425 0.9585
vn -0.2288 -0.1334 0.9643
vn 0.2288 0.1334 0.9643
vn 0.2468 0.1425 0.9585
vn 0.7006 0.4045 0.5878
vn -0.0449 -0.0240 0.9987
vn -0.0000 0.0018 -1.0000
vn -0.8656 0.4984 0.0490
vn -0.8654 0.4996 0.0389
vn -0.4402 0.2541 -0.8612
vn -0.3674 0.2160 -0.9046
vn -0.0449 0.0254 0.9987
vn -0.0347 0.0200 0.9992
vn 0.7007 -0.4046 0.5877
vn 0.7007 -0.4045 0.5877
vn 0.2289 -0.1334 0.9643
vn 0.2467 -0.1425 0.9586
vn -0.2467 0.1425 0.9586
vn -0.2289 0.1334 0.9643
vn -0.7007 0.4046 0.5877
vn -0.7007 0.4045 0.5877
vn 0.0234 -0.0135 0.9996
vn 0.0654 -0.0358 0.9972
vn 0.8642 -0.5007 0.0502
vn 0.8654 -0.4997 0.0373
vn 0.5089 -0.2938 -0.8091
vn 0.5090 -0.2939 -0.8090
vn -0.7007 0.4045 -0.5877
vn -0.7004 0.4044 -0.5882
vn -0.2676 0.1545 -0.9511
vn -0.2289 0.1344 -0.9641
vn -0.0000 -0.0019 -1.0000
vn 0.2678 -0.1531 -0.9512
vn 0.2467 -0.1425 -0.9586
vn 0.6432 -0.3749 -0.6677
vn 0.6839 -0.3949 -0.6134
vn -0.8656 -0.4984 0.0490
vn -0.8654 -0.4996 0.0389
vn -0.5090 -0.2939 -0.8090
vn -0.5089 -0.2938 -0.8091
vn 0.7004 0.4044 -0.5882
vn 0.7007 0.4045 -0.5877
vn 0.2289 0.1334 -0.9643
vn 0.2467 0.1425 -0.9586
vn -0.2467 -0.1425 -0.9586
vn -0.2289 -0.1334 -0.9643
vn -0.6514 -0.3802 -0.6566
vn -0.7004 -0.4044 -0.5882
vn -0.0000 0.0010 -1.0000
vn 0.5090 0.2939 -0.8091
vn 0.3979 0.2250 -0.8894
vn 0.0654 0.0358 0.9972
vn -0.7007 -0.4046 0.5877
vn -0.7007 -0.4045 0.5877
vn -0.2467 -0.1425 0.9586
vn -0.2289 -0.1334 0.9643
vn 0.2289 0.1334 0.9643
vn 0.2467 0.1425 0.9586
vn 0.7007 0.4045 0.5877
vn -0.0449 -0.0254 0.9987
vn -0.0347 -0.0200 0.9992
vn 0.0003 0.0518 0.9987
vn -0.0003 0.9511 0.3089
vn 0.0002 -0.2642 0.9645
vn -0.0002 0.2642 0.9645
vn 0.0002 -0.0000 1.0000
vn -0.0004 -0.9511 0.3090
vn 0.0008 -0.9987 0.0503
vn 0.0003 -0.4700 -0.8827
vn -0.0004 0.7496 -0.6619
vn 0.0002 0.3090 -0.9510
vn -0.0003 -0.0000 -1.0000
vn 0.0003 -0.2642 -0.9645
vn -0.0001 -0.7632 -0.6462
vn -0.0002 0.4816 -0.8764
vn 0.0008 0.9988 0.0488
vn 0.0004 0.0518 0.9987
vn -0.0004 0.9510 0.3091
vn -0.0004 -0.9511 0.3089
vn 0.0010 -0.9987 0.0503
vn 0.0004 -0.4700 -0.8827
vn -0.0005 0.7496 -0.6619
vn 0.0003 0.3090 -0.9510
vn -0.0004 -0.0000 -1.0000
vn 0.0004 -0.2642 -0.9645
vn -0.0002 -0.7632 -0.6462
vn -0.0002 0.4815 -0.8764
vn 0.0009 0.9988 0.0489
vn -0.2643 0.0013 -0.9645
vn 0.2642 -0.0013 -0.9645
vn 0.7496 -0.0027 -0.6619
vn -0.4700 0.0022 -0.8827
vn -0.9987 0.0017 0.0503
vn -0.9993 -0.0000 0.0373
vn -0.0270 -0.0000 0.9996
vn -0.0753 -0.0020 0.9972
vn 0.2642 -0.0013 0.9645
vn -0.2642 0.0013 0.9645
vn 0.9988 0.0013 0.0488
vn 0.9992 -0.0000 0.0390
vn 0.4700 -0.0022 -0.8827
vn -0.7496 0.0027 -0.6619
vn -0.2642 0.0013 -0.9645
vn 0.7497 -0.0027 -0.6618
vn -0.4698 0.0022 -0.8828
vn -0.0271 -0.0000 0.9996
vn -0.0754 -0.0020 0.9972
vn 0.0518 0.0005 0.9987
vn 0.0402 -0.0000 0.9992
vn 0.9988 0.0052 0.0489
vn 0.9510 -0.0023 0.3091
vn -0.0001 -1.0000 -0.0000
vn 0.4698 -0.0022 -0.8828
vn -0.7497 0.0027 -0.6618
vn 0.0518 0.0020 0.9987
vn 0.8672 -0.4955 0.0490
vn 0.8660 -0.5000 -0.0000
vn -0.0001 1.0000 -0.0000
vn 0.8227 -0.4773 0.3087
vn 0.5091 -0.2939 -0.8090
vn -0.7006 0.4045 -0.5878
vn -0.2288 0.1334 -0.9643
vn -0.2468 0.1425 -0.9585
vn 0.2468 -0.1425 -0.9585
vn 0.2288 -0.1334 -0.9643
vn 0.6570 -0.3830 -0.6494
vn 0.7006 -0.4045 -0.5878
vn -0.5090 0.2939 -0.8090
vn -0.4105 0.2328 -0.8816
vn -0.8642 0.5007 0.0502
vn -0.8654 0.4997 0.0373
vn -0.0234 0.0135 0.9996
vn -0.0653 0.0357 0.9972
vn 0.7006 -0.4045 0.5878
vn 0.2468 -0.1425 0.9585
vn 0.2288 -0.1334 0.9643
vn -0.2288 0.1334 0.9643
vn -0.2468 0.1425 0.9585
vn -0.7006 0.4045 0.5878
vn 0.0449 -0.0240 0.9987
vn 0.8656 0.4984 0.0490
vn 0.8654 0.4996 0.0389
vn 0.4402 0.2541 -0.8612
vn 0.3674 0.2160 -0.9046
vn 0.0449 0.0254 0.9987
vn 0.0347 0.0200 0.9992
vn 0.7007 0.4046 0.5877
vn -0.0234 -0.0135 0.9996
vn -0.0654 -0.0358 0.9972
vn -0.8642 -0.5007 0.0502
vn -0.8654 -0.4997 0.0373
vn 0.2676 0.1545 -0.9511
vn 0.2289 0.1344 -0.9641
vn -0.2678 -0.1531 -0.9512
vn -0.6432 -0.3749 -0.6677
vn -0.6839 -0.3949 -0.6134
vn 0.8656 -0.4984 0.0490
vn 0.8654 -0.4996 0.0389
vn -0.2289 0.1334 -0.9643
vn -0.2467 0.1425 -0.9586
vn 0.2289 -0.1334 -0.9643
vn 0.6514 -0.3802 -0.6566
vn 0.7004 -0.4044 -0.5882
vn -0.5090 0.2939 -0.8091
vn -0.3979 0.2250 -0.8894
vn -0.0654 0.0358 0.9972
vn 0.0449 -0.0254 0.9987
vn 0.0347 -0.0200 0.9992
vn -0.0003 0.0518 -0.9987
vn 0.0003 0.9511 -0.3089
vn -0.0000 -0.8090 -0.5878
vn -0.0002 -0.2642 -0.9645
vn -0.0000 -0.2850 -0.9585
vn 0.0002 0.2642 -0.9645
vn -0.0000 0.8090 -0.5878
vn -0.0000 -0.0271 -0.9996
vn -0.0002 -0.0000 -1.0000
vn 0.0004 -0.9511 -0.3090
vn -0.0008 -0.9987 -0.0503
vn -0.0003 -0.4700 0.8827
vn -0.0000 -0.5159 0.8566
vn 0.0004 0.7496 0.6619
vn -0.0000 0.7828 0.6223
vn -0.0002 0.3090 0.9510
vn 0.0003 -0.0000 1.0000
vn -0.0003 -0.2642 0.9645
vn -0.0000 -0.3090 0.9510
vn 0.0001 -0.7632 0.6462
vn -0.0000 -0.7734 0.6339
vn -0.0000 0.5049 0.8632
vn 0.0002 0.4816 0.8764
vn -0.0008 0.9988 -0.0488
vn -0.0004 0.0518 -0.9987
vn 0.0004 0.9510 -0.3091
vn -0.0000 -0.8090 -0.5879
vn 0.0004 -0.9511 -0.3089
vn -0.0010 -0.9987 -0.0503
vn -0.0004 -0.4700 0.8827
vn 0.0005 0.7496 0.6619
vn -0.0003 0.3090 0.9510
vn 0.0004 -0.0000 1.0000
vn -0.0004 -0.2642 0.9645
vn -0.0000 -0.3090 0.9511
vn 0.0002 -0.7632 0.6462
vn -0.0000 0.5048 0.8632
vn 0.0002 0.4815 0.8764
vn -0.0009 0.9988 -0.0489
vn 0.2643 0.0013 0.9645
vn -0.7496 -0.0027 0.6619
vn -0.7828 -0.0000 0.6223
vn 0.4700 0.0022 0.8827
vn 0.5159 -0.0000 0.8566
vn 0.9987 0.0017 -0.0503
vn 0.9993 -0.0000 -0.0373
vn 0.0270 -0.0000 -0.9996
vn 0.0753 -0.0020 -0.9972
vn -0.8090 -0.0000 -0.5878
vn -0.9988 0.0013 -0.0488
vn -0.9992 -0.0000 -0.0390
vn -0.5159 -0.0000 0.8566
vn -0.4700 -0.0022 0.8827
vn 0.7828 -0.0000 0.6223
vn 0.7496 0.0027 0.6619
vn -0.7497 -0.0027 0.6618
vn -0.7828 -0.0000 0.6222
vn 0.4698 0.0022 0.8828
vn 0.5157 -0.0000 0.8568
vn 0.0271 -0.0000 -0.9996
vn 0.0754 -0.0020 -0.9972
vn -0.8089 -0.0000 -0.5879
vn 0.8090 -0.0000 -0.5878
vn -0.0518 0.0005 -0.9987
vn -0.0402 -0.0000 -0.9992
vn -0.9988 0.0052 -0.0489
vn -0.9510 -0.0023 -0.3091
vn -0.5157 -0.0000 0.8568
vn -0.4698 -0.0022 0.8828
vn 0.7828 -0.0000 0.6222
vn 0.7497 0.0027 0.6618
vn 0.8089 -0.0000 -0.5879
vn -0.0518 0.0020 -0.9987
vn -0.8672 -0.4955 -0.0490
vn -0.8227 -0.4773 -0.3087
vn -0.5091 -0.2939 0.8090
vn -0.6570 -0.3830 0.6494
vn 0.5090 0.2939 0.8090
vn 0.4105 0.2328 0.8816
vn 0.8642 0.5007 -0.0502
vn 0.8654 0.4997 -0.0373
vn 0.0234 0.0135 -0.9996
vn 0.0653 0.0357 -0.9972
vn -0.0449 -0.0240 -0.9987
vn -0.0000 0.0018 1.0000
vn -0.8656 0.4984 -0.0490
vn -0.8654 0.4996 -0.0389
vn -0.4402 0.2541 0.8612
vn -0.3674 0.2160 0.9046
vn -0.0449 0.0254 -0.9987
vn -0.0347 0.0200 -0.9992
vn 0.7007 -0.4046 -0.5877
vn 0.7007 -0.4045 -0.5877
vn -0.7007 0.4046 -0.5877
vn 0.0234 -0.0135 -0.9996
vn 0.0654 -0.0358 -0.9972
vn 0.8642 -0.5007 -0.0502
vn 0.8654 -0.4997 -0.0373
vn 0.5089 -0.2938 0.8091
vn 0.5090 -0.2939 0.8090
vn -0.7004 0.4044 0.5882
vn -0.2676 0.1545 0.9511
vn -0.2289 0.1344 0.9641
vn -0.0000 -0.0019 1.0000
vn 0.2678 -0.1531 0.9512
vn 0.6432 -0.3749 0.6677
vn 0.6839 -0.3949 0.6134
vn -0.8656 -0.4984 -0.0490
vn -0.8654 -0.4996 -0.0389
vn -0.5090 -0.2939 0.8090
vn -0.5089 -0.2938 0.8091
vn 0.7004 0.4044 0.5882
vn -0.6514 -0.3802 0.6566
vn -0.7004 -0.4044 0.5882
vn -0.0000 0.0010 1.0000
vn 0.5090 0.2939 0.8091
vn 0.3979 0.2250 0.8894
vn 0.0654 0.0358 -0.9972
vn -0.7007 -0.4046 -0.5877
vn -0.7007 -0.4045 -0.5877
vn -0.0449 -0.0254 -0.9987
vn -0.0347 -0.0200 -0.9992
vn 0.0003 0.0518 -0.9987
vn -0.0003 0.9511 -0.3089
vn 0.0002 -0.2642 -0.9645
vn -0.0002 0.2642 -0.9645
vn 0.0002 -0.0000 -1.0000
vn -0.0004 -0.9511 -0.3090
vn 0.0008 -0.9987 -0.0503
vn 0.0003 -0.4700 0.8827
vn -0.0004 0.7496 0.6619
vn 0.0002 0.3090 0.9510
vn -0.0003 -0.0000 1.0000
vn 0.0003 -0.2642 0.9645
vn -0.0001 -0.7632 0.6462
vn -0.0002 0.4816 0.8764
vn 0.0008 0.9988 -0.0488
vn 0.0004 0.0518 -0.9987
vn -0.0004 0.9510 -0.3091
vn -0.0004 -0.9511 -0.3089
vn 0.0010 -0.9987 -0.0503
vn 0.0004 -0.4700 0.8827
vn -0.0005 0.7496 0.6619
vn 0.0003 0.3090 0.9510
vn -0.0004 -0.0000 1.0000
vn 0.0004 -0.2642 0.9645
vn -0.0002 -0.7632 0.6462
vn -0.0002 0.4815 0.8764
vn 0.0009 0.9988 -0.0489
vn -0.2643 0.0013 0.9645
vn 0.7496 -0.0027 0.6619
vn -0.4700 0.0022 0.8827
vn -0.9987 0.0017 -0.0503
vn -0.9993 -0.0000 -0.0373
vn -0.0270 -0.0000 -0.9996
vn -0.0753 -0.0020 -0.9972
vn 0.9988 0.0013 -0.0488
vn 0.9992 -0.0000 -0.0390
vn 0.4700 -0.0022 0.8827
vn -0.7496 0.0027 0.6619
vn 0.7497 -0.0027 0.6618
vn -0.4698 0.0022 0.8828
vn -0.0271 -0.0000 -0.9996
vn -0.0754 -0.0020 -0.9972
vn 0.0518 0.0005 -0.9987
vn 0.0402 -0.0000 -0.9992
vn 0.9988 0.0052 -0.0489
vn 0.9510 -0.0023 -0.3091
vn 0.4698 -0.0022 0.8828
vn -0.7497 0.0027 0.6618
vn 0.0518 0.0020 -0.9987
vn 0.8672 -0.4955 -0.0490
vn 0.8227 -0.4773 -0.3087
vn 0.5091 -0.2939 0.8090
vn 0.6570 -0.3830 0.6494
vn -0.5090 0.2939 0.8090
vn -0.4105 0.2328 0.8816
vn -0.8642 0.5007 -0.0502
vn -0.8654 0.4997 -0.0373
vn -0.0234 0.0135 -0.9996
vn -0.0653 0.0357 -0.9972
vn 0.0449 -0.0240 -0.9987
vn 0.8656 0.4984 -0.0490
vn 0.8654 0.4996 -0.0389
vn 0.4402 0.2541 0.8612
vn 0.3674 0.2160 0.9046
vn 0.0449 0.0254 -0.9987
vn 0.0347 0.0200 -0.9992
vn 0.7007 0.4046 -0.5877
vn -0.0234 -0.0135 -0.9996
vn -0.0654 -0.0358 -0.9972
vn -0.8642 -0.5007 -0.0502
vn -0.8654 -0.4997 -0.0373
vn 0.2676 0.1545 0.9511
vn 0.2289 0.1344 0.9641
vn -0.2678 -0.1531 0.9512
vn -0.6432 -0.3749 0.6677
vn -0.6839 -0.3949 0.6134
vn 0.8656 -0.4984 -0.0490
vn 0.8654 -0.4996 -0.0389
vn 0.6514 -0.3802 0.6566
vn 0.7004 -0.4044 0.5882
vn -0.5090 0.2939 0.8091
vn -0.3979 0.2250 0.8894
vn -0.0654 0.0358 -0.9972
vn 0.0449 -0.0254 -0.9987
vn 0.0347 -0.0200 -0.9992
vt 0.185768 0.517791
vt 0.006029 0.517791
vt 0.006029 0.006029
vt 0.185768 0.006029
vt 0.422475 0.006032
vt 0.401679 0.517764
vt 0.401679 0.006036
vt 0.443270 0.517757
vt 0.443270 0.006029
vt 0.358918 0.517791
vt 0.328213 0.517791
vt 0.328213 0.006029
vt 0.389622 0.006029
vt 0.389622 0.517791
vt 0.469985 0.517791
vt 0.455328 0.517791
vt 0.455328 0.006029
vt 0.484641 0.006029
vt 0.484641 0.517791
vt 0.197825 0.517791
vt 0.197825 0.006029
vt 0.316156 0.006029
vt 0.316156 0.517791
vt 0.631111 0.620395
vt 0.623923 0.620397
vt 0.623923 0.440663
vt 0.665508 0.440652
vt 0.665508 0.502059
vt 0.636202 0.502067
vt 0.636202 0.620393
vt 0.818164 0.517791
vt 0.815005 0.517791
vt 0.817925 0.006029
vt 0.812084 0.006029
vt 0.812084 0.517791
vt 0.529722 0.006029
vt 0.534312 0.006029
vt 0.532183 0.517791
vt 0.529888 0.517791
vt 0.903749 0.890790
vt 0.908326 0.892277
vt 0.908327 0.898115
vt 0.900629 0.911433
vt 0.903269 0.901791
vt 0.887385 0.931319
vt 0.903760 0.931319
vt 0.903274 0.920319
vt 0.908336 0.929832
vt 0.908335 0.923994
vt 0.890395 0.920319
vt 0.884103 0.925874
vt 0.893034 0.911433
vt 0.890389 0.901791
vt 0.884206 0.896557
vt 0.887373 0.890790
vt 0.889061 0.517791
vt 0.883968 0.517791
vt 0.886515 0.006029
vt 0.889061 0.006029
vt 0.883968 0.006029
vt 0.571636 0.006031
vt 0.581278 0.006029
vt 0.576835 0.517792
vt 0.572015 0.517794
vt 0.581278 0.517791
vt 0.562745 0.006029
vt 0.567191 0.517792
vt 0.562745 0.517791
vt 0.901118 0.006029
vt 0.906211 0.006029
vt 0.906211 0.517791
vt 0.903664 0.517791
vt 0.901118 0.517791
vt 0.836281 0.517791
vt 0.833141 0.517791
vt 0.836281 0.006029
vt 0.830441 0.006029
vt 0.830221 0.517791
vt 0.499081 0.006029
vt 0.501289 0.517791
vt 0.496699 0.517791
vt 0.496785 0.006029
vt 0.509477 0.006029
vt 0.517665 0.517791
vt 0.517664 0.006029
vt 0.871911 0.006029
vt 0.871610 0.517757
vt 0.868912 0.006048
vt 0.866215 0.517796
vt 0.866215 0.006067
vt 0.775487 0.006029
vt 0.781731 0.006029
vt 0.781704 0.517791
vt 0.778582 0.517791
vt 0.775487 0.517791
vt 0.597799 0.006047
vt 0.602263 0.517789
vt 0.593335 0.517760
vt 0.593335 0.006032
vt 0.601427 0.006059
vt 0.603474 0.006059
vt 0.608275 0.006043
vt 0.611866 0.517757
vt 0.611866 0.006029
vt 0.799925 0.517791
vt 0.793789 0.517791
vt 0.796959 0.006029
vt 0.800027 0.006029
vt 0.793789 0.006029
vt 0.854158 0.006066
vt 0.854158 0.517794
vt 0.851247 0.006047
vt 0.848340 0.517758
vt 0.848338 0.006029
vt 0.542500 0.517791
vt 0.550688 0.006029
vt 0.550688 0.517791
vt 0.924347 0.428594
vt 0.921188 0.428594
vt 0.924107 0.006029
vt 0.918268 0.006029
vt 0.918268 0.428594
vt 0.656946 0.006029
vt 0.661536 0.006029
vt 0.659407 0.428594
vt 0.657112 0.428594
vt 0.474973 0.890742
vt 0.479551 0.892229
vt 0.479552 0.898067
vt 0.471854 0.911385
vt 0.474493 0.901743
vt 0.458609 0.931271
vt 0.474985 0.931271
vt 0.474499 0.920271
vt 0.479561 0.929785
vt 0.479559 0.923946
vt 0.461619 0.920271
vt 0.455328 0.925826
vt 0.464259 0.911385
vt 0.461614 0.901743
vt 0.455430 0.896510
vt 0.458598 0.890742
vt 0.046028 0.952414
vt 0.040935 0.952414
vt 0.043481 0.529849
vt 0.046028 0.529849
vt 0.040935 0.529848
vt 0.698860 0.006031
vt 0.708502 0.006029
vt 0.704059 0.428595
vt 0.699239 0.428597
vt 0.708502 0.428594
vt 0.689969 0.006029
vt 0.694415 0.428595
vt 0.689969 0.428594
vt 0.023785 0.529849
vt 0.028878 0.529849
vt 0.028874 0.952414
vt 0.026328 0.952414
vt 0.023782 0.952414
vt 0.924328 0.863217
vt 0.921188 0.863217
vt 0.924328 0.440652
vt 0.918488 0.440652
vt 0.918268 0.863217
vt 0.626305 0.006029
vt 0.628513 0.428594
vt 0.623923 0.428594
vt 0.624010 0.006029
vt 0.636701 0.006029
vt 0.644889 0.428594
vt 0.644889 0.006029
vt 0.011724 0.529849
vt 0.011423 0.952386
vt 0.008726 0.529868
vt 0.006029 0.952425
vt 0.006029 0.529887
vt 0.689969 0.440654
vt 0.696214 0.440654
vt 0.696187 0.863220
vt 0.693064 0.863220
vt 0.689969 0.863220
vt 0.725023 0.006047
vt 0.729487 0.428598
vt 0.720559 0.428569
vt 0.720559 0.006032
vt 0.728651 0.006059
vt 0.730698 0.006059
vt 0.735499 0.006043
vt 0.739090 0.428566
vt 0.739090 0.006029
vt 0.726695 0.863221
vt 0.720559 0.863221
vt 0.723729 0.440656
vt 0.726798 0.440656
vt 0.720559 0.440656
vt 0.942206 0.440689
vt 0.942206 0.863226
vt 0.939295 0.440669
vt 0.936387 0.863190
vt 0.936386 0.440652
vt 0.669724 0.428594
vt 0.677912 0.006029
vt 0.677912 0.428594
vt 0.102737 0.912401
vt 0.102614 0.914845
vt 0.093232 0.916915
vt 0.083041 0.921298
vt 0.102749 0.912161
vt 0.089305 0.921784
vt 0.102986 0.907448
vt 0.083041 0.900489
vt 0.093879 0.904052
vt 0.103006 0.907053
vt 0.089243 0.897577
vt 0.599424 0.912457
vt 0.599042 0.912367
vt 0.599409 0.912066
vt 0.590258 0.915339
vt 0.599306 0.909296
vt 0.584940 0.921835
vt 0.579375 0.918760
vt 0.599237 0.907456
vt 0.589778 0.902468
vt 0.579375 0.898289
vt 0.598759 0.904777
vt 0.599224 0.907105
vt 0.599133 0.904660
vt 0.585916 0.897549
vt 0.236376 0.775821
vt 0.236754 0.853072
vt 0.236374 0.853073
vt 0.245611 0.853114
vt 0.245611 0.698642
vt 0.236374 0.698601
vt 0.890127 0.878733
vt 0.884103 0.878323
vt 0.890127 0.724577
vt 0.884135 0.724210
vt 0.101122 0.731022
vt 0.107207 0.730996
vt 0.101122 0.885496
vt 0.106606 0.885467
vt 0.455328 0.529867
vt 0.476123 0.529848
vt 0.475793 0.684304
vt 0.455328 0.684316
vt 0.420579 0.721465
vt 0.426860 0.721465
vt 0.426864 0.875956
vt 0.420301 0.875956
vt 0.971431 0.928442
vt 0.971431 0.774328
vt 0.976660 0.928202
vt 0.976660 0.774089
vt 0.223939 0.853092
vt 0.215048 0.853095
vt 0.215048 0.698604
vt 0.224317 0.698601
vt 0.224317 0.775833
vt 0.224317 0.853092
vt 0.623923 0.632464
vt 0.644574 0.632454
vt 0.623923 0.786563
vt 0.644629 0.786568
vt 0.553261 0.901658
vt 0.537391 0.890622
vt 0.558328 0.897992
vt 0.558014 0.891673
vt 0.550600 0.910541
vt 0.553222 0.920191
vt 0.558092 0.930161
vt 0.558275 0.923879
vt 0.543005 0.910525
vt 0.537307 0.931164
vt 0.540343 0.920164
vt 0.540381 0.901631
vt 0.534099 0.925106
vt 0.534099 0.896061
vt 0.498142 0.891385
vt 0.518834 0.890620
vt 0.522042 0.896675
vt 0.515798 0.901618
vt 0.513136 0.911257
vt 0.515760 0.920150
vt 0.522042 0.925719
vt 0.518750 0.931163
vt 0.502880 0.920124
vt 0.498295 0.930357
vt 0.505541 0.911241
vt 0.497866 0.897904
vt 0.502919 0.901591
vt 0.497813 0.923791
vt 0.936404 0.006029
vt 0.941812 0.006081
vt 0.936404 0.160501
vt 0.942414 0.160552
vt 0.174361 0.731125
vt 0.174361 0.885574
vt 0.168189 0.885456
vt 0.168136 0.730993
vt 0.803463 0.684321
vt 0.793789 0.684360
vt 0.802707 0.529849
vt 0.793789 0.529888
vt 0.812320 0.684364
vt 0.812320 0.529892
vt 0.089064 0.885520
vt 0.083041 0.885110
vt 0.089064 0.731364
vt 0.083073 0.730996
vt 0.058085 0.731022
vt 0.064174 0.730996
vt 0.058085 0.885496
vt 0.063573 0.885467
vt 0.529722 0.529867
vt 0.550517 0.529849
vt 0.550187 0.684304
vt 0.529722 0.684316
vt 0.295431 0.702902
vt 0.301712 0.702902
vt 0.301717 0.857392
vt 0.295153 0.857392
vt 0.954471 0.160382
vt 0.954471 0.006268
vt 0.959700 0.160142
vt 0.959700 0.006029
vt 0.367692 0.850545
vt 0.358802 0.850548
vt 0.358802 0.696057
vt 0.368449 0.696054
vt 0.377334 0.850548
vt 0.377334 0.696057
vt 0.977338 0.593228
vt 0.972233 0.593312
vt 0.972233 0.438863
vt 0.977338 0.438779
vt 0.824384 0.723872
vt 0.830703 0.723872
vt 0.830898 0.878362
vt 0.824377 0.878362
vt 0.359152 0.529851
vt 0.379802 0.529849
vt 0.363444 0.683908
vt 0.379802 0.683962
vt 0.776664 0.901556
vt 0.760794 0.890517
vt 0.781731 0.897889
vt 0.781417 0.891569
vt 0.774003 0.910439
vt 0.776625 0.920089
vt 0.781495 0.930058
vt 0.781678 0.923777
vt 0.766408 0.910423
vt 0.760710 0.931062
vt 0.763746 0.920062
vt 0.763784 0.901529
vt 0.757502 0.925004
vt 0.757502 0.895961
vt 0.358802 0.683997
vt 0.798366 0.890517
vt 0.814741 0.890517
vt 0.793789 0.892004
vt 0.817962 0.896568
vt 0.811728 0.901523
vt 0.809086 0.911168
vt 0.811728 0.920056
vt 0.818022 0.925612
vt 0.814741 0.931062
vt 0.798849 0.920056
vt 0.794285 0.930299
vt 0.801491 0.911168
vt 0.793789 0.897845
vt 0.798849 0.901523
vt 0.793789 0.923734
vt 0.885054 0.529853
vt 0.890466 0.529905
vt 0.885054 0.684325
vt 0.891068 0.684376
vt 0.156078 0.731124
vt 0.156078 0.885574
vt 0.149906 0.885456
vt 0.149853 0.730993
vt 0.572420 0.684323
vt 0.562745 0.684363
vt 0.571663 0.529851
vt 0.562745 0.529890
vt 0.581277 0.684366
vt 0.581277 0.529894
vt 0.137795 0.885520
vt 0.131772 0.885110
vt 0.137795 0.731364
vt 0.131804 0.730997
vt 0.593335 0.731017
vt 0.599424 0.730992
vt 0.593335 0.885491
vt 0.598823 0.885463
vt 0.496870 0.529867
vt 0.517665 0.529849
vt 0.517335 0.684304
vt 0.496870 0.684316
vt 0.401949 0.721466
vt 0.408230 0.721465
vt 0.408244 0.875956
vt 0.401679 0.875956
vt 0.971431 0.759723
vt 0.971431 0.605610
vt 0.976660 0.759483
vt 0.976660 0.605370
vt 0.751616 0.844943
vt 0.742725 0.844946
vt 0.742725 0.690455
vt 0.752372 0.690452
vt 0.761258 0.844946
vt 0.761258 0.690455
vt 0.976653 0.327058
vt 0.971548 0.327143
vt 0.971548 0.172694
vt 0.976653 0.172609
vt 0.328213 0.730961
vt 0.334533 0.730961
vt 0.334054 0.885452
vt 0.328213 0.885452
vt 0.295505 0.530406
vt 0.316156 0.529849
vt 0.299802 0.690617
vt 0.316156 0.690240
vt 0.689780 0.909385
vt 0.705673 0.922091
vt 0.684720 0.913630
vt 0.685048 0.920926
vt 0.692423 0.899122
vt 0.689780 0.887985
vt 0.684890 0.876487
vt 0.684720 0.883739
vt 0.700018 0.899122
vt 0.705673 0.875279
vt 0.702660 0.887985
vt 0.702660 0.909385
vt 0.708502 0.917595
vt 0.708502 0.914286
vt 0.708502 0.883084
vt 0.708502 0.879775
vt 0.295153 0.690844
vt 0.226134 0.865172
vt 0.242509 0.865172
vt 0.221557 0.866889
vt 0.245338 0.869668
vt 0.245338 0.872976
vt 0.239496 0.877878
vt 0.236854 0.889014
vt 0.239496 0.899278
vt 0.245611 0.905322
vt 0.242509 0.911984
vt 0.226617 0.899278
vt 0.222053 0.911102
vt 0.229259 0.889014
vt 0.221557 0.873632
vt 0.226617 0.877878
vt 0.221557 0.903523
vt 0.474151 0.696373
vt 0.477994 0.698643
vt 0.474151 0.874759
vt 0.477994 0.877029
vt 0.480859 0.700298
vt 0.942187 0.172685
vt 0.942187 0.329214
vt 0.936404 0.329138
vt 0.936404 0.172609
vt 0.159543 0.713783
vt 0.149853 0.708234
vt 0.158787 0.534961
vt 0.149853 0.529849
vt 0.168383 0.718936
vt 0.168383 0.540551
vt 0.872046 0.724431
vt 0.872046 0.884898
vt 0.866215 0.884601
vt 0.866435 0.724210
vt 0.776171 0.692122
vt 0.780102 0.694371
vt 0.779120 0.872754
vt 0.773315 0.869414
vt 0.196683 0.530015
vt 0.217479 0.529849
vt 0.217149 0.686387
vt 0.196683 0.686544
vt 0.496870 0.700009
vt 0.503145 0.696373
vt 0.503427 0.874764
vt 0.496870 0.878563
vt 0.623923 0.959434
vt 0.623923 0.799043
vt 0.629169 0.959017
vt 0.629169 0.798625
vt 0.066974 0.713804
vt 0.058085 0.718939
vt 0.058085 0.540549
vt 0.067730 0.534976
vt 0.076618 0.708239
vt 0.076618 0.529849
vt 0.959374 0.761898
vt 0.954263 0.762031
vt 0.954263 0.605502
vt 0.959374 0.605370
vt 0.196683 0.702266
vt 0.202991 0.698601
vt 0.202991 0.877269
vt 0.197160 0.880656
vt 0.773315 0.690452
vt 0.480859 0.878684
vt 0.742780 0.677818
vt 0.742725 0.529848
vt 0.763429 0.678395
vt 0.763429 0.530443
vt 0.382675 0.908034
vt 0.362064 0.909412
vt 0.358802 0.903187
vt 0.364947 0.896676
vt 0.367484 0.886383
vt 0.364728 0.875279
vt 0.358836 0.870433
vt 0.358802 0.867131
vt 0.361585 0.862605
vt 0.377607 0.875147
vt 0.382379 0.863599
vt 0.375078 0.886306
vt 0.382929 0.900737
vt 0.377826 0.896544
vt 0.382623 0.870851
vt 0.824377 0.711814
vt 0.824377 0.533456
vt 0.829789 0.708748
vt 0.830720 0.529849
vt 0.278017 0.882222
vt 0.262179 0.869450
vt 0.283096 0.878000
vt 0.282866 0.870468
vt 0.275328 0.893343
vt 0.277926 0.903621
vt 0.282440 0.915463
vt 0.282968 0.907886
vt 0.267448 0.890509
vt 0.261980 0.916258
vt 0.265047 0.903566
vt 0.267428 0.895238
vt 0.265138 0.882168
vt 0.259184 0.908441
vt 0.259170 0.911750
vt 0.259170 0.876769
vt 0.800310 0.700186
vt 0.800106 0.878460
vt 0.793789 0.874812
vt 0.793789 0.696421
vt 0.971757 0.158467
vt 0.971757 0.006090
vt 0.976870 0.006029
vt 0.976870 0.158406
vt 0.128908 0.713805
vt 0.128158 0.534980
vt 0.137795 0.540548
vt 0.137795 0.718939
vt 0.119264 0.708240
vt 0.119264 0.529849
vt 0.988710 0.172739
vt 0.993971 0.172609
vt 0.988710 0.320690
vt 0.993971 0.320561
vt 0.540656 0.700173
vt 0.540376 0.878564
vt 0.534099 0.874927
vt 0.534099 0.696373
vt 0.677152 0.632585
vt 0.677483 0.784957
vt 0.656687 0.784831
vt 0.656687 0.632454
vt 0.462094 0.874731
vt 0.458193 0.877034
vt 0.458193 0.698676
vt 0.462094 0.696373
vt 0.455333 0.878685
vt 0.455328 0.700330
vt 0.776140 0.529849
vt 0.781731 0.530370
vt 0.781731 0.678321
vt 0.776141 0.677800
vt 0.346744 0.529849
vt 0.346745 0.708207
vt 0.339529 0.533971
vt 0.337110 0.713720
vt 0.335433 0.536335
vt 0.328213 0.540545
vt 0.328213 0.718903
vt 0.835387 0.705405
vt 0.954263 0.593312
vt 0.954263 0.440652
vt 0.960176 0.441050
vt 0.262446 0.530406
vt 0.283096 0.529849
vt 0.262390 0.690782
vt 0.283096 0.690241
vt 0.406740 0.922117
vt 0.422632 0.934823
vt 0.401679 0.926361
vt 0.402008 0.933656
vt 0.409382 0.911851
vt 0.406740 0.900719
vt 0.401849 0.889220
vt 0.401679 0.896474
vt 0.416977 0.911851
vt 0.422632 0.888013
vt 0.419619 0.900719
vt 0.419619 0.922117
vt 0.425461 0.930326
vt 0.425461 0.927017
vt 0.425461 0.895813
vt 0.425461 0.892511
vt 0.720980 0.876122
vt 0.741675 0.875279
vt 0.744484 0.879789
vt 0.744470 0.883090
vt 0.738608 0.887971
vt 0.735918 0.899092
vt 0.738517 0.909370
vt 0.744484 0.915437
vt 0.741476 0.922088
vt 0.725637 0.909315
vt 0.721024 0.921118
vt 0.728323 0.899060
vt 0.720686 0.883651
vt 0.725728 0.887917
vt 0.720559 0.913538
vt 0.847449 0.529853
vt 0.851292 0.532124
vt 0.847449 0.708239
vt 0.851293 0.710510
vt 0.854158 0.533778
vt 0.662470 0.797090
vt 0.662470 0.953618
vt 0.656687 0.953543
vt 0.656687 0.797014
vt 0.603022 0.713780
vt 0.593335 0.708233
vt 0.602272 0.534961
vt 0.593335 0.529847
vt 0.611864 0.718934
vt 0.611864 0.540548
vt 0.853159 0.724436
vt 0.853159 0.884905
vt 0.847449 0.884610
vt 0.847548 0.724219
vt 0.866215 0.529853
vt 0.869065 0.531520
vt 0.866215 0.708811
vt 0.872997 0.533769
vt 0.872019 0.712152
vt 0.229536 0.530015
vt 0.250332 0.529849
vt 0.250001 0.686387
vt 0.229536 0.686544
vt 0.515485 0.700010
vt 0.521761 0.696373
vt 0.522042 0.874764
vt 0.515485 0.878563
vt 0.954244 0.333419
vt 0.954244 0.173027
vt 0.959491 0.333001
vt 0.959491 0.172609
vt 0.097567 0.713802
vt 0.088675 0.718939
vt 0.088675 0.540548
vt 0.098316 0.534978
vt 0.107207 0.708240
vt 0.107207 0.529848
vt 0.959374 0.930617
vt 0.954263 0.930750
vt 0.954263 0.774221
vt 0.959374 0.774089
vt 0.562745 0.700071
vt 0.569063 0.696423
vt 0.569267 0.874697
vt 0.562745 0.878462
vt 0.854152 0.712161
vt 0.751147 0.006029
vt 0.758337 0.006029
vt 0.763429 0.006029
vt 0.763429 0.517791
vt 0.751147 0.517791
vt 0.443174 0.647928
vt 0.443174 0.678599
vt 0.443174 0.709271
vt 0.422426 0.709339
vt 0.401679 0.709408
vt 0.401679 0.529862
vt 0.413932 0.529822
vt 0.413932 0.648024
vt 0.428553 0.647976
vt 0.310442 0.933741
vt 0.310355 0.930608
vt 0.312881 0.928781
vt 0.315406 0.926953
vt 0.316723 0.922524
vt 0.318039 0.917716
vt 0.316716 0.912902
vt 0.315393 0.908466
vt 0.312864 0.906626
vt 0.310335 0.904785
vt 0.310333 0.901872
vt 0.310495 0.898721
vt 0.312780 0.897986
vt 0.323081 0.897509
vt 0.331260 0.897530
vt 0.332947 0.900412
vt 0.334533 0.903293
vt 0.331447 0.905896
vt 0.328258 0.908499
vt 0.327089 0.912097
vt 0.325773 0.916904
vt 0.325775 0.918946
vt 0.326949 0.922550
vt 0.328272 0.926986
vt 0.331387 0.929466
vt 0.334533 0.932246
vt 0.332926 0.935258
vt 0.331290 0.937971
vt 0.323111 0.937950
vt 0.312731 0.937401
vt 0.310444 0.936654
vt 0.847557 0.933195
vt 0.847470 0.930062
vt 0.849996 0.928234
vt 0.852522 0.926407
vt 0.853838 0.921977
vt 0.855155 0.917170
vt 0.853831 0.912356
vt 0.852508 0.907920
vt 0.849980 0.906079
vt 0.847451 0.904239
vt 0.847449 0.901326
vt 0.847610 0.898175
vt 0.849896 0.897439
vt 0.860197 0.896962
vt 0.868376 0.896983
vt 0.870063 0.899865
vt 0.871648 0.902747
vt 0.868562 0.905350
vt 0.865374 0.907953
vt 0.864205 0.911551
vt 0.862889 0.916358
vt 0.862890 0.918400
vt 0.864065 0.922004
vt 0.865388 0.926440
vt 0.868503 0.928920
vt 0.871648 0.931700
vt 0.870042 0.934712
vt 0.868406 0.937425
vt 0.860227 0.937404
vt 0.849846 0.936855
vt 0.847559 0.936108
vt 0.262390 0.702840
vt 0.264835 0.702848
vt 0.265074 0.702849
vt 0.269789 0.702864
vt 0.270184 0.702866
vt 0.270080 0.779907
vt 0.270184 0.856979
vt 0.269794 0.856978
vt 0.267024 0.856969
vt 0.265185 0.856963
vt 0.264834 0.856961
vt 0.262390 0.856953
vt 0.262493 0.779884
s 0
usemtl mat_truss_bridge
f 1/1/1 202/2/1 206/3/1 205/4/1
f 207/5/2 1/6/2 205/7/2
f 2/8/2 1/6/2 207/5/2 208/9/2
f 209/10/3 210/11/3 3/12/3
f 3/12/3 2/13/3 208/14/3 209/10/3
f 211/15/4 212/16/4 4/17/4
f 4/17/4 3/18/4 210/19/4 211/15/4
f 213/20/3 203/21/3 4/22/3 212/23/3
f 204/24/5 202/25/5 1/26/5
f 2/27/5 3/28/5 1/26/5
f 3/28/5 4/29/5 1/26/5
f 1/26/5 4/29/5 203/30/5 204/24/5
f 214/31/6 215/32/6 5/33/6
f 6/34/4 5/33/4 215/32/4 216/35/4
f 5/36/7 7/37/7 217/38/7 214/39/7
f 7/40/5 5/41/5 6/42/5
f 8/43/5 7/40/5 9/44/5
f 9/44/5 7/40/5 6/42/5
f 10/45/5 7/40/5 8/43/5
f 11/46/5 8/43/5 12/47/5
f 13/48/5 12/47/5 14/49/5
f 11/46/5 12/47/5 13/48/5
f 10/45/5 8/43/5 11/46/5
f 15/50/5 7/40/5 10/45/5
f 16/51/5 15/50/5 10/45/5
f 17/52/5 7/40/5 15/50/5
f 18/53/5 7/40/5 17/52/5
f 19/54/5 7/40/5 18/53/5
f 20/55/5 7/40/5 19/54/5
f 9/56/8 6/57/8 218/58/8 219/59/8
f 218/58/8 6/57/8 216/60/8
f 8/61/9 9/62/9 220/63/9 221/64/9
f 219/65/10 220/63/10 9/62/10
f 12/66/11 8/61/11 222/67/11 223/68/11
f 221/64/12 222/67/12 8/61/12
f 14/69/13 12/70/13 223/71/13 224/72/13
f 224/72/13 225/73/13 14/69/13
f 225/74/14 226/75/14 14/76/14
f 13/77/15 14/76/15 226/75/15 227/78/15
f 228/79/16 11/80/16 13/81/16 227/82/16
f 229/83/17 11/80/17 228/79/17
f 10/84/1 11/80/1 229/83/1 230/85/1
f 231/86/18 16/87/18 232/88/18
f 232/88/19 16/87/19 10/89/19 230/90/19
f 15/91/20 16/92/20 231/93/20 233/94/20
f 233/94/21 234/95/21 15/91/21
f 235/96/22 17/97/22 15/98/22 234/99/22
f 236/100/23 17/97/23 235/96/23
f 237/101/24 17/97/24 236/100/24
f 238/102/25 18/103/25 17/97/25 237/101/25
f 239/104/26 18/103/26 238/102/26
f 19/105/27 18/106/27 240/107/27 241/108/27
f 240/107/28 18/106/28 239/109/28
f 242/110/29 20/111/29 243/112/29
f 243/112/30 20/111/30 19/113/30 241/114/30
f 244/115/31 217/38/31 7/37/31
f 7/37/3 20/116/3 242/117/3 244/115/3
f 245/118/32 246/119/32 21/120/32
f 22/121/4 21/120/4 246/119/4 247/122/4
f 21/123/33 23/124/33 248/125/33 245/126/33
f 23/127/5 21/128/5 22/129/5
f 24/130/5 23/127/5 25/131/5
f 25/131/5 23/127/5 22/129/5
f 26/132/5 23/127/5 24/130/5
f 27/133/5 24/130/5 28/134/5
f 29/135/5 28/134/5 30/136/5
f 27/133/5 28/134/5 29/135/5
f 26/132/5 24/130/5 27/133/5
f 31/137/5 23/127/5 26/132/5
f 32/138/5 31/137/5 26/132/5
f 33/139/5 23/127/5 31/137/5
f 34/140/5 23/127/5 33/139/5
f 35/141/5 23/127/5 34/140/5
f 36/142/5 23/127/5 35/141/5
f 25/143/34 22/144/34 249/145/34 250/146/34
f 249/145/34 22/144/34 247/147/34
f 24/148/9 25/149/9 251/150/9 252/151/9
f 250/152/10 251/150/10 25/149/10
f 28/153/11 24/148/11 253/154/11 254/155/11
f 252/151/12 253/154/12 24/148/12
f 30/156/13 28/157/13 254/158/13 255/159/13
f 255/159/13 256/160/13 30/156/13
f 256/161/14 257/162/14 30/163/14
f 29/164/15 30/163/15 257/162/15 258/165/15
f 259/166/35 27/167/35 29/168/35 258/169/35
f 260/170/36 27/167/36 259/166/36
f 26/171/1 27/167/1 260/170/1 261/172/1
f 262/173/37 32/174/37 263/175/37
f 263/175/19 32/174/19 26/176/19 261/177/19
f 31/178/38 32/179/38 262/180/38 264/181/38
f 264/181/21 265/182/21 31/178/21
f 266/183/22 33/184/22 31/185/22 265/186/22
f 267/187/39 33/184/39 266/183/39
f 268/188/40 33/184/40 267/187/40
f 269/189/41 34/190/41 33/184/41 268/188/41
f 270/191/42 34/190/42 269/189/42
f 35/192/43 34/193/43 271/194/43 272/195/43
f 271/194/28 34/193/28 270/196/28
f 273/197/44 36/198/44 274/199/44
f 274/199/45 36/198/45 35/200/45 272/201/45
f 275/202/46 248/125/46 23/124/46
f 23/124/3 36/203/3 273/204/3 275/202/3
f 276/205/3 277/206/3 37/207/3
f 37/207/3 38/208/3 278/209/3 276/205/3
f 38/208/3 37/207/3 39/210/3
f 279/211/3 278/209/3 38/208/3
f 40/212/3 41/213/3 38/208/3
f 38/208/3 41/213/3 280/214/3 279/211/3
f 42/215/3 41/213/3 40/212/3
f 281/216/1 43/217/1 282/218/1
f 43/217/1 44/219/1 283/220/1 282/218/1
f 44/219/1 45/221/1 46/222/1
f 44/219/1 46/222/1 284/223/1 283/220/1
f 47/224/1 46/222/1 48/225/1
f 50/226/1 46/222/1 47/224/1
f 285/227/1 46/222/1 50/226/1 286/228/1
f 284/223/1 46/222/1 285/227/1
f 47/224/1 48/225/1 49/229/1
f 287/230/47 43/231/47 281/232/47
f 44/233/48 43/231/48 41/234/48
f 41/234/49 43/231/49 287/230/49 280/235/49
f 45/236/50 44/237/50 42/238/50
f 42/238/51 44/237/51 41/239/51
f 42/240/52 40/241/52 45/242/52
f 45/242/53 40/241/53 46/243/53
f 40/244/54 38/245/54 48/246/54
f 46/247/55 40/244/55 48/246/55
f 38/248/56 39/249/56 49/250/56
f 48/251/57 38/248/57 49/250/57
f 49/252/58 39/253/58 47/254/58
f 47/254/58 39/253/58 37/255/58
f 50/256/59 47/257/59 37/258/59
f 50/256/60 37/258/60 277/259/60 288/260/60
f 288/260/61 286/261/61 50/256/61
f 51/262/62 52/263/62 53/264/62
f 53/264/63 52/263/63 54/265/63
f 55/266/3 52/267/3 56/268/3
f 56/268/3 52/267/3 51/269/3
f 57/270/3 52/267/3 55/266/3
f 58/271/3 52/267/3 57/270/3
f 59/272/3 52/267/3 58/271/3
f 59/272/3 58/271/3 60/273/3
f 61/274/3 52/267/3 59/272/3
f 62/275/3 63/276/3 59/272/3
f 63/276/3 61/274/3 59/272/3
f 64/277/3 52/267/3 61/274/3
f 66/278/3 63/276/3 62/275/3
f 64/277/3 65/279/3 52/267/3
f 53/280/1 54/281/1 67/282/1
f 53/280/1 67/282/1 68/283/1
f 53/280/1 68/283/1 69/284/1
f 69/284/1 70/285/1 53/280/1
f 70/285/1 71/286/1 72/287/1
f 70/285/1 72/287/1 53/280/1
f 73/288/1 72/287/1 74/289/1
f 76/290/1 72/287/1 73/288/1
f 77/291/1 53/280/1 78/292/1
f 78/292/1 72/287/1 76/290/1
f 53/280/1 72/287/1 78/292/1
f 73/288/1 74/289/1 75/293/1
f 52/294/64 65/295/64 54/296/64
f 54/296/65 65/295/65 67/297/65
f 64/298/66 68/299/66 67/300/66
f 65/301/67 64/298/67 67/300/67
f 69/302/68 68/303/68 61/304/68
f 61/304/69 68/303/69 64/305/69
f 70/306/48 69/302/48 63/307/48
f 63/307/49 69/302/49 61/304/49
f 71/308/70 70/309/70 66/310/70
f 66/310/71 70/309/71 63/311/71
f 66/312/72 62/313/72 71/314/72
f 71/314/73 62/313/73 72/315/73
f 62/316/54 59/317/54 74/318/54
f 72/319/55 62/316/55 74/318/55
f 59/320/74 60/321/74 75/322/74
f 74/323/75 59/320/75 75/322/75
f 75/324/76 60/325/76 73/326/76
f 73/326/76 60/325/76 58/327/76
f 76/328/59 73/329/59 58/330/59
f 57/331/60 76/328/60 58/330/60
f 78/332/61 76/328/61 57/331/61
f 55/333/77 78/332/77 57/331/77
f 77/334/78 78/335/78 55/336/78
f 56/337/78 77/334/78 55/336/78
f 56/338/79 51/339/79 53/340/79
f 77/341/80 56/338/80 53/340/80
f 79/342/81 80/343/81 81/344/81
f 81/344/82 80/343/82 82/345/82
f 83/346/3 80/347/3 84/348/3
f 84/348/3 80/347/3 79/349/3
f 85/350/3 80/347/3 83/346/3
f 86/351/3 80/347/3 85/350/3
f 87/352/3 80/347/3 86/351/3
f 87/352/3 86/351/3 88/353/3
f 89/354/3 80/347/3 87/352/3
f 90/355/3 91/356/3 87/352/3
f 91/356/3 89/354/3 87/352/3
f 92/357/3 80/347/3 89/354/3
f 94/358/3 91/356/3 90/355/3
f 92/357/3 93/359/3 80/347/3
f 79/342/83 81/344/83 95/360/83
f 81/361/1 82/362/1 95/363/1
f 95/363/1 82/362/1 96/364/1
f 95/363/1 96/364/1 97/365/1
f 95/363/1 97/365/1 98/366/1
f 98/366/1 99/367/1 95/363/1
f 99/367/1 100/368/1 101/369/1
f 99/367/1 101/369/1 95/363/1
f 102/370/1 101/369/1 103/371/1
f 105/372/1 101/369/1 102/370/1
f 106/373/1 95/363/1 107/374/1
f 107/374/1 101/369/1 105/372/1
f 95/363/84 101/369/84 107/374/84
f 102/370/1 103/371/1 104/375/1
f 80/376/85 93/377/85 82/378/85
f 82/378/86 93/377/86 96/379/86
f 92/380/87 97/381/87 96/382/87
f 93/383/88 92/380/88 96/382/88
f 98/384/68 97/385/68 89/386/68
f 89/386/69 97/385/69 92/387/69
f 99/388/48 98/384/48 91/389/48
f 91/389/49 98/384/49 89/386/49
f 100/390/70 99/391/70 94/392/70
f 94/392/71 99/391/71 91/393/71
f 94/394/72 90/395/72 100/396/72
f 100/396/73 90/395/73 101/397/73
f 90/398/54 87/399/54 103/400/54
f 101/401/55 90/398/55 103/400/55
f 87/402/74 88/403/74 104/404/74
f 103/405/75 87/402/75 104/404/75
f 104/406/76 88/407/76 102/408/76
f 102/408/76 88/407/76 86/409/76
f 105/410/59 102/411/59 86/412/59
f 85/413/60 105/410/60 86/412/60
f 107/414/61 105/410/61 85/413/61
f 83/415/77 107/414/77 85/413/77
f 106/416/89 107/417/89 83/418/89
f 84/419/89 106/416/89 83/418/89
f 84/420/90 79/421/90 95/422/90
f 106/423/4 84/420/4 95/422/4
f 108/424/91 109/425/91 110/426/91
f 110/426/92 109/425/92 111/427/92
f 112/428/3 109/429/3 113/430/3
f 113/430/3 109/429/3 108/431/3
f 114/432/3 109/429/3 112/428/3
f 115/433/3 109/429/3 114/432/3
f 116/434/3 109/429/3 115/433/3
f 116/434/3 115/433/3 117/435/3
f 118/436/3 109/429/3 116/434/3
f 119/437/3 120/438/3 116/434/3
f 120/438/3 118/436/3 116/434/3
f 121/439/93 109/429/93 118/436/93
f 122/440/3 109/429/3 123/441/3
f 124/442/3 119/437/3 125/443/3
f 124/442/3 120/438/3 119/437/3
f 121/439/3 123/441/3 109/429/3
f 108/424/94 110/426/94 126/444/94
f 110/445/1 111/446/1 126/447/1
f 126/447/1 111/446/1 127/448/1
f 126/447/1 127/448/1 128/449/1
f 126/447/1 128/449/1 129/450/1
f 126/447/1 129/450/1 130/451/1
f 130/451/1 131/452/1 126/447/1
f 131/452/1 132/453/1 133/454/1
f 131/452/1 133/454/1 126/447/1
f 134/455/1 133/454/1 135/456/1
f 137/457/1 133/454/1 134/455/1
f 138/458/1 126/447/1 139/459/1
f 139/459/1 133/454/1 137/457/1
f 126/447/84 133/454/84 139/459/84
f 134/455/1 135/456/1 136/460/1
f 109/461/95 122/462/95 111/463/95
f 111/463/95 122/462/95 127/464/95
f 122/462/2 123/465/2 127/464/2
f 121/466/96 129/467/96 128/468/96
f 123/469/96 121/466/96 128/468/96
f 130/470/97 129/471/97 118/472/97
f 118/472/98 129/471/98 121/473/98
f 131/474/99 130/470/99 120/475/99
f 120/475/100 130/470/100 118/472/100
f 124/476/101 132/477/101 131/478/101
f 124/476/102 131/478/102 120/479/102
f 125/480/103 119/481/103 133/482/103
f 125/480/104 133/482/104 132/483/104
f 119/484/105 116/485/105 135/486/105
f 133/487/106 119/484/106 135/486/106
f 116/488/107 117/489/107 136/490/107
f 135/491/108 116/488/108 136/490/108
f 136/492/109 117/493/109 134/494/109
f 134/494/109 117/493/109 115/495/109
f 137/496/110 134/497/110 115/498/110
f 114/499/111 137/496/111 115/498/111
f 139/500/112 137/496/112 114/499/112
f 112/501/113 139/500/113 114/499/113
f 138/502/114 139/503/114 112/504/114
f 113/505/114 138/502/114 112/504/114
f 113/506/115 108/507/115 126/508/115
f 138/509/4 113/506/4 126/508/4
f 124/510/116 125/480/116 132/483/116
f 127/464/2 123/465/2 128/511/2
f 140/512/117 141/513/117 142/514/117
f 142/514/118 141/513/118 143/515/118
f 140/516/1 142/517/1 144/518/1
f 140/516/1 144/518/1 145/519/1
f 140/516/1 145/519/1 146/520/1
f 146/520/1 147/521/1 140/516/1
f 147/521/1 148/522/1 149/523/1
f 147/521/1 149/523/1 150/524/1
f 147/521/1 150/524/1 140/516/1
f 151/525/1 150/524/1 152/526/1
f 154/527/1 150/524/1 151/525/1
f 155/528/1 140/516/1 156/529/1
f 156/529/1 150/524/1 154/527/1
f 140/516/1 150/524/1 156/529/1
f 151/525/1 152/526/1 153/530/1
f 142/531/119 143/532/119 144/533/119
f 144/533/120 143/532/120 157/534/120
f 158/535/3 143/536/3 159/537/3
f 159/537/3 143/536/3 141/538/3
f 160/539/3 143/536/3 158/535/3
f 161/540/3 143/536/3 160/539/3
f 162/541/3 143/536/3 161/540/3
f 162/541/3 161/540/3 163/542/3
f 164/543/3 143/536/3 162/541/3
f 165/544/3 166/545/3 162/541/3
f 166/545/3 167/546/3 162/541/3
f 167/546/3 164/543/3 162/541/3
f 168/547/3 143/536/3 164/543/3
f 169/548/3 165/544/3 170/549/3
f 169/548/3 166/545/3 165/544/3
f 168/547/3 157/550/3 143/536/3
f 141/551/121 140/552/121 155/553/121
f 159/554/122 141/551/122 155/553/122
f 156/555/123 158/556/123 159/557/123
f 155/558/124 156/555/124 159/557/124
f 154/559/125 160/560/125 158/561/125
f 156/562/126 154/559/126 158/561/126
f 151/563/127 161/564/127 160/560/127
f 154/559/128 151/563/128 160/560/128
f 163/565/129 161/566/129 153/567/129
f 153/567/130 161/566/130 151/568/130
f 163/569/131 153/570/131 152/571/131
f 162/572/132 163/569/132 152/571/132
f 162/573/133 152/574/133 150/575/133
f 165/576/134 162/573/134 150/575/134
f 150/577/135 149/578/135 170/579/135
f 150/577/136 170/579/136 165/580/136
f 148/581/2 169/582/2 149/578/2
f 166/583/137 169/584/137 148/585/137
f 166/583/138 148/585/138 147/586/138
f 166/587/139 147/588/139 167/589/139
f 167/589/140 147/588/140 146/590/140
f 167/589/141 146/590/141 164/591/141
f 164/591/142 146/590/142 168/592/142
f 168/592/143 146/590/143 145/593/143
f 144/533/144 157/534/144 145/594/144
f 145/595/145 157/596/145 168/597/145
f 149/578/2 169/582/2 170/579/2
f 171/598/146 172/599/146 173/600/146
f 173/600/147 172/599/147 174/601/147
f 175/602/3 172/603/3 176/604/3
f 176/604/3 172/603/3 171/605/3
f 177/606/3 172/603/3 175/602/3
f 178/607/3 172/603/3 177/606/3
f 179/608/3 172/603/3 178/607/3
f 179/608/3 178/607/3 180/609/3
f 181/610/3 172/603/3 179/608/3
f 182/611/3 183/612/3 179/608/3
f 183/612/3 181/610/3 179/608/3
f 184/613/3 172/603/3 181/610/3
f 185/614/3 172/603/3 186/615/3
f 187/616/3 182/611/3 188/617/3
f 187/616/3 183/612/3 182/611/3
f 184/613/3 186/615/3 172/603/3
f 173/618/1 174/619/1 189/620/1
f 173/618/1 189/620/1 190/621/1
f 173/618/1 190/621/1 191/622/1
f 173/618/1 191/622/1 192/623/1
f 192/623/1 193/624/1 173/618/1
f 193/624/1 194/625/1 195/626/1
f 193/624/1 195/626/1 173/618/1
f 196/627/1 195/626/1 197/628/1
f 199/629/1 195/626/1 196/627/1
f 200/630/1 173/618/1 201/631/1
f 201/631/1 195/626/1 199/629/1
f 173/618/1 195/626/1 201/631/1
f 196/627/1 197/628/1 198/632/1
f 172/633/148 185/634/148 174/635/148
f 174/635/149 185/634/149 189/636/149
f 185/634/2 186/637/2 189/636/2
f 184/638/150 191/639/150 190/640/150
f 186/641/151 184/638/151 190/640/151
f 192/642/152 191/643/152 181/644/152
f 181/644/153 191/643/153 184/645/153
f 193/646/154 192/642/154 183/647/154
f 183/647/155 192/642/155 181/644/155
f 187/648/156 194/649/156 193/650/156
f 187/648/157 193/650/157 183/651/157
f 187/652/158 188/653/158 194/654/158
f 188/653/159 182/655/159 195/656/159
f 188/653/160 195/656/160 194/654/160
f 182/657/105 179/658/105 197/659/105
f 195/660/106 182/657/106 197/659/106
f 179/661/107 180/662/107 198/663/107
f 197/664/161 179/661/161 198/663/161
f 198/665/162 180/666/162 196/667/162
f 196/667/163 180/666/163 178/668/163
f 199/669/164 196/670/164 178/671/164
f 177/672/165 199/669/165 178/671/165
f 201/673/166 199/669/166 177/672/166
f 175/674/167 201/673/167 177/672/167
f 200/675/168 201/676/168 175/677/168
f 176/678/168 200/675/168 175/677/168
f 176/679/169 171/680/169 173/681/169
f 200/682/170 176/679/170 173/681/170
f 189/636/2 186/637/2 190/683/2
f 202/684/4 204/685/4 203/686/4 213/687/4 206/688/4
f 210/689/82 209/690/82 208/691/82 207/692/82 205/693/82 206/694/82 213/695/82 212/696/82 211/697/82
f 226/698/82 225/699/82 224/700/82 223/701/82 222/702/82 221/703/82 220/704/82 219/705/82 218/706/82 216/707/82 215/708/82 214/709/82 217/710/82 244/711/82 242/712/82 243/713/82 241/714/82 240/715/82 239/716/82 238/717/82 237/718/82 236/719/82 235/720/82 234/721/82 233/722/82 231/723/82 232/724/82 230/725/82 229/726/82 228/727/82 227/728/82
f 257/729/82 256/730/82 255/731/82 254/732/82 253/733/82 252/734/82 251/735/82 250/736/82 249/737/82 247/738/82 246/739/82 245/740/82 248/741/82 275/742/82 273/743/82 274/744/82 272/745/82 271/746/82 270/747/82 269/748/82 268/749/82 267/750/82 266/751/82 265/752/82 264/753/82 262/754/82 263/755/82 261/756/82 260/757/82 259/758/82 258/759/82
f 277/760/82 276/761/82 278/762/82 279/763/82 280/764/82 287/765/82 281/766/82 282/767/82 283/768/82 284/769/82 285/770/82 286/771/82 288/772/82
f 289/1/1 205/4/1 206/3/1 490/2/1
f 207/5/2 205/7/2 289/6/2
f 290/8/2 208/9/2 207/5/2 289/6/2
f 209/10/3 291/12/3 210/11/3
f 291/12/3 209/10/3 208/14/3 290/13/3
f 211/15/4 292/17/4 212/16/4
f 292/17/4 211/15/4 210/19/4 291/18/4
f 213/20/3 212/23/3 292/22/3 491/21/3
f 492/24/82 289/26/82 490/25/82
f 290/27/82 289/26/82 291/28/82
f 291/28/82 289/26/82 292/29/82
f 289/26/82 492/24/82 491/30/82 292/29/82
f 214/31/171 293/33/171 215/32/171
f 294/34/4 216/35/4 215/32/4 293/33/4
f 293/36/172 214/39/172 217/38/172 295/37/172
f 295/40/82 294/42/82 293/41/82
f 296/43/82 297/44/82 295/40/82
f 297/44/82 294/42/82 295/40/82
f 298/45/82 296/43/82 295/40/82
f 299/46/82 300/47/82 296/43/82
f 301/48/82 302/49/82 300/47/82
f 299/46/82 301/48/82 300/47/82
f 298/45/82 299/46/82 296/43/82
f 303/50/82 298/45/82 295/40/82
f 304/51/82 298/45/82 303/50/82
f 305/52/82 303/50/82 295/40/82
f 306/53/82 305/52/82 295/40/82
f 307/54/82 306/53/82 295/40/82
f 308/55/82 307/54/82 295/40/82
f 297/56/8 219/59/8 218/58/8 294/57/8
f 218/58/8 216/60/8 294/57/8
f 296/61/173 221/64/173 220/63/173 297/62/173
f 219/65/10 297/62/10 220/63/10
f 300/66/11 223/68/11 222/67/11 296/61/11
f 221/64/174 296/61/174 222/67/174
f 302/69/13 224/72/13 223/71/13 300/70/13
f 224/72/13 302/69/13 225/73/13
f 225/74/14 302/76/14 226/75/14
f 301/77/175 227/78/175 226/75/175 302/76/175
f 228/79/176 227/82/176 301/81/176 299/80/176
f 229/83/177 228/79/177 299/80/177
f 298/84/1 230/85/1 229/83/1 299/80/1
f 231/86/178 232/88/178 304/87/178
f 232/88/19 230/90/19 298/89/19 304/87/19
f 303/91/179 233/94/179 231/93/179 304/92/179
f 233/94/21 303/91/21 234/95/21
f 235/96/22 234/99/22 303/98/22 305/97/22
f 236/100/180 235/96/180 305/97/180
f 237/101/181 236/100/181 305/97/181
f 238/102/182 237/101/182 305/97/182 306/103/182
f 239/104/26 238/102/26 306/103/26
f 307/105/183 241/108/183 240/107/183 306/106/183
f 240/107/28 239/109/28 306/106/28
f 242/110/29 243/112/29 308/111/29
f 243/112/184 241/114/184 307/113/184 308/111/184
f 244/115/185 295/37/185 217/38/185
f 295/37/3 244/115/3 242/117/3 308/116/3
f 245/118/186 309/120/186 246/119/186
f 310/121/4 247/122/4 246/119/4 309/120/4
f 309/123/187 245/126/187 248/125/187 311/124/187
f 311/127/82 310/129/82 309/128/82
f 312/130/82 313/131/82 311/127/82
f 313/131/82 310/129/82 311/127/82
f 314/132/82 312/130/82 311/127/82
f 315/133/82 316/134/82 312/130/82
f 317/135/82 318/136/82 316/134/82
f 315/133/82 317/135/82 316/134/82
f 314/132/82 315/133/82 312/130/82
f 319/137/82 314/132/82 311/127/82
f 320/138/82 314/132/82 319/137/82
f 321/139/82 319/137/82 311/127/82
f 322/140/82 321/139/82 311/127/82
f 323/141/82 322/140/82 311/127/82
f 324/142/82 323/141/82 311/127/82
f 313/143/34 250/146/34 249/145/34 310/144/34
f 249/145/34 247/147/34 310/144/34
f 312/148/173 252/151/173 251/150/173 313/149/173
f 250/152/10 313/149/10 251/150/10
f 316/153/11 254/155/11 253/154/11 312/148/11
f 252/151/174 312/148/174 253/154/174
f 318/156/13 255/159/13 254/158/13 316/157/13
f 255/159/13 318/156/13 256/160/13
f 256/161/14 318/163/14 257/162/14
f 317/164/175 258/165/175 257/162/175 318/163/175
f 259/166/188 258/169/188 317/168/188 315/167/188
f 260/170/189 259/166/189 315/167/189
f 314/171/1 261/172/1 260/170/1 315/167/1
f 262/173/190 263/175/190 320/174/190
f 263/175/19 261/177/19 314/176/19 320/174/19
f 319/178/191 264/181/191 262/180/191 320/179/191
f 264/181/21 319/178/21 265/182/21
f 266/183/22 265/186/22 319/185/22 321/184/22
f 267/187/192 266/183/192 321/184/192
f 268/188/193 267/187/193 321/184/193
f 269/189/194 268/188/194 321/184/194 322/190/194
f 270/191/42 269/189/42 322/190/42
f 323/192/195 272/195/195 271/194/195 322/193/195
f 271/194/28 270/196/28 322/193/28
f 273/197/44 274/199/44 324/198/44
f 274/199/196 272/201/196 323/200/196 324/198/196
f 275/202/197 311/124/197 248/125/197
f 311/124/3 275/202/3 273/204/3 324/203/3
f 276/205/3 325/207/3 277/206/3
f 325/207/3 276/205/3 278/209/3 326/208/3
f 326/208/3 327/210/3 325/207/3
f 279/211/3 326/208/3 278/209/3
f 328/212/3 326/208/3 329/213/3
f 326/208/3 279/211/3 280/214/3 329/213/3
f 330/215/3 328/212/3 329/213/3
f 281/216/1 282/218/1 331/217/1
f 331/217/1 282/218/1 283/220/1 332/219/1
f 332/219/1 334/222/1 333/221/1
f 332/219/1 283/220/1 284/223/1 334/222/1
f 335/224/1 336/225/1 334/222/1
f 338/226/1 335/224/1 334/222/1
f 285/227/1 286/228/1 338/226/1 334/222/1
f 284/223/1 285/227/1 334/222/1
f 335/224/1 337/229/1 336/225/1
f 287/230/198 281/232/198 331/231/198
f 332/233/69 329/234/69 331/231/69
f 329/234/199 280/235/199 287/230/199 331/231/199
f 333/236/200 330/238/200 332/237/200
f 330/238/66 329/239/66 332/237/66
f 330/240/201 333/242/201 328/241/201
f 333/242/64 334/243/64 328/241/64
f 328/244/202 336/246/202 326/245/202
f 334/247/203 336/246/203 328/244/203
f 326/248/204 337/250/204 327/249/204
f 336/251/205 337/250/205 326/248/205
f 337/252/78 335/254/78 327/253/78
f 335/254/78 325/255/78 327/253/78
f 338/256/77 325/258/77 335/257/77
f 338/256/206 288/260/206 277/259/206 325/258/206
f 288/260/207 338/256/207 286/261/207
f 339/262/208 341/264/208 340/263/208
f 341/264/209 342/265/209 340/263/209
f 343/266/3 344/268/3 340/267/3
f 344/268/3 339/269/3 340/267/3
f 345/270/3 343/266/3 340/267/3
f 346/271/3 345/270/3 340/267/3
f 347/272/3 346/271/3 340/267/3
f 347/272/3 348/273/3 346/271/3
f 349/274/3 347/272/3 340/267/3
f 350/275/3 347/272/3 351/276/3
f 351/276/3 347/272/3 349/274/3
f 352/277/3 349/274/3 340/267/3
f 354/278/3 350/275/3 351/276/3
f 352/277/3 340/267/3 353/279/3
f 341/280/1 355/282/1 342/281/1
f 341/280/1 356/283/1 355/282/1
f 341/280/1 357/284/1 356/283/1
f 357/284/1 341/280/1 358/285/1
f 358/285/1 360/287/1 359/286/1
f 358/285/1 341/280/1 360/287/1
f 361/288/1 362/289/1 360/287/1
f 364/290/1 361/288/1 360/287/1
f 365/291/1 366/292/1 341/280/1
f 366/292/1 364/290/1 360/287/1
f 341/280/1 366/292/1 360/287/1
f 361/288/1 363/293/1 362/289/1
f 340/294/53 342/296/53 353/295/53
f 342/296/210 355/297/210 353/295/210
f 352/298/51 355/300/51 356/299/51
f 353/301/211 355/300/211 352/298/211
f 357/302/212 349/304/212 356/303/212
f 349/304/48 352/305/48 356/303/48
f 358/306/69 351/307/69 357/302/69
f 351/307/199 349/304/199 357/302/199
f 359/308/213 354/310/213 358/309/213
f 354/310/87 351/311/87 358/309/87
f 354/312/214 359/314/214 350/313/214
f 359/314/85 360/315/85 350/313/85
f 350/316/202 362/318/202 347/317/202
f 360/319/203 362/318/203 350/316/203
f 347/320/215 363/322/215 348/321/215
f 362/323/216 363/322/216 347/320/216
f 363/324/89 361/326/89 348/325/89
f 361/326/89 346/327/89 348/325/89
f 364/328/77 346/330/77 361/329/77
f 345/331/206 346/330/206 364/328/206
f 366/332/207 345/331/207 364/328/207
f 343/333/59 345/331/59 366/332/59
f 365/334/58 343/336/58 366/335/58
f 344/337/58 343/336/58 365/334/58
f 344/338/217 341/340/217 339/339/217
f 365/341/218 341/340/218 344/338/218
f 367/342/219 369/344/219 368/343/219
f 369/344/5 370/345/5 368/343/5
f 371/346/3 372/348/3 368/347/3
f 372/348/3 367/349/3 368/347/3
f 373/350/3 371/346/3 368/347/3
f 374/351/3 373/350/3 368/347/3
f 375/352/3 374/351/3 368/347/3
f 375/352/3 376/353/3 374/351/3
f 377/354/3 375/352/3 368/347/3
f 378/355/3 375/352/3 379/356/3
f 379/356/3 375/352/3 377/354/3
f 380/357/3 377/354/3 368/347/3
f 382/358/3 378/355/3 379/356/3
f 380/357/3 368/347/3 381/359/3
f 367/342/220 383/360/220 369/344/220
f 369/361/1 383/363/1 370/362/1
f 383/363/1 384/364/1 370/362/1
f 383/363/1 385/365/1 384/364/1
f 383/363/1 386/366/1 385/365/1
f 386/366/1 383/363/1 387/367/1
f 387/367/1 389/369/1 388/368/1
f 387/367/1 383/363/1 389/369/1
f 390/370/1 391/371/1 389/369/1
f 393/372/1 390/370/1 389/369/1
f 394/373/1 395/374/1 383/363/1
f 395/374/1 393/372/1 389/369/1
f 383/363/221 395/374/221 389/369/221
f 390/370/1 392/375/1 391/371/1
f 368/376/73 370/378/73 381/377/73
f 370/378/222 384/379/222 381/377/222
f 380/380/71 384/382/71 385/381/71
f 381/383/223 384/382/223 380/380/223
f 386/384/212 377/386/212 385/385/212
f 377/386/48 380/387/48 385/385/48
f 387/388/69 379/389/69 386/384/69
f 379/389/199 377/386/199 386/384/199
f 388/390/213 382/392/213 387/391/213
f 382/392/87 379/393/87 387/391/87
f 382/394/214 388/396/214 378/395/214
f 388/396/85 389/397/85 378/395/85
f 378/398/202 391/400/202 375/399/202
f 389/401/203 391/400/203 378/398/203
f 375/402/215 392/404/215 376/403/215
f 391/405/216 392/404/216 375/402/216
f 392/406/89 390/408/89 376/407/89
f 390/408/89 374/409/89 376/407/89
f 393/410/77 374/412/77 390/411/77
f 373/413/206 374/412/206 393/410/206
f 395/414/207 373/413/207 393/410/207
f 371/415/59 373/413/59 395/414/59
f 394/416/76 371/418/76 395/417/76
f 372/419/76 371/418/76 394/416/76
f 372/420/224 383/422/224 367/421/224
f 394/423/4 383/422/4 372/420/4
f 396/424/225 398/426/225 397/425/225
f 398/426/226 399/427/226 397/425/226
f 400/428/3 401/430/3 397/429/3
f 401/430/3 396/431/3 397/429/3
f 402/432/3 400/428/3 397/429/3
f 403/433/3 402/432/3 397/429/3
f 404/434/3 403/433/3 397/429/3
f 404/434/3 405/435/3 403/433/3
f 406/436/3 404/434/3 397/429/3
f 407/437/3 404/434/3 408/438/3
f 408/438/3 404/434/3 406/436/3
f 409/439/227 406/436/227 397/429/227
f 410/440/3 411/441/3 397/429/3
f 412/442/3 413/443/3 407/437/3
f 412/442/3 407/437/3 408/438/3
f 409/439/3 397/429/3 411/441/3
f 396/424/228 414/444/228 398/426/228
f 398/445/1 414/447/1 399/446/1
f 414/447/1 415/448/1 399/446/1
f 414/447/1 416/449/1 415/448/1
f 414/447/1 417/450/1 416/449/1
f 414/447/1 418/451/1 417/450/1
f 418/451/1 414/447/1 419/452/1
f 419/452/1 421/454/1 420/453/1
f 419/452/1 414/447/1 421/454/1
f 422/455/1 423/456/1 421/454/1
f 425/457/1 422/455/1 421/454/1
f 426/458/1 427/459/1 414/447/1
f 427/459/1 425/457/1 421/454/1
f 414/447/221 427/459/221 421/454/221
f 422/455/1 424/460/1 423/456/1
f 397/461/229 399/463/229 410/462/229
f 399/463/229 415/464/229 410/462/229
f 410/462/2 415/464/2 411/465/2
f 409/466/230 416/468/230 417/467/230
f 411/469/230 416/468/230 409/466/230
f 418/470/231 406/472/231 417/471/231
f 406/472/232 409/473/232 417/471/232
f 419/474/233 408/475/233 418/470/233
f 408/475/234 406/472/234 418/470/234
f 412/476/235 419/478/235 420/477/235
f 412/476/236 408/479/236 419/478/236
f 413/480/237 421/482/237 407/481/237
f 413/480/238 420/483/238 421/482/238
f 407/484/239 423/486/239 404/485/239
f 421/487/240 423/486/240 407/484/240
f 404/488/241 424/490/241 405/489/241
f 423/491/242 424/490/242 404/488/242
f 424/492/243 422/494/243 405/493/243
f 422/494/243 403/495/243 405/493/243
f 425/496/244 403/498/244 422/497/244
f 402/499/245 403/498/245 425/496/245
f 427/500/246 402/499/246 425/496/246
f 400/501/247 402/499/247 427/500/247
f 426/502/248 400/504/248 427/503/248
f 401/505/248 400/504/248 426/502/248
f 401/506/249 414/508/249 396/507/249
f 426/509/4 414/508/4 401/506/4
f 412/510/116 420/483/116 413/480/116
f 415/464/2 416/511/2 411/465/2
f 428/512/250 430/514/250 429/513/250
f 430/514/251 431/515/251 429/513/251
f 428/516/1 432/518/1 430/517/1
f 428/516/1 433/519/1 432/518/1
f 428/516/1 434/520/1 433/519/1
f 434/520/1 428/516/1 435/521/1
f 435/521/1 437/523/1 436/522/1
f 435/521/1 438/524/1 437/523/1
f 435/521/1 428/516/1 438/524/1
f 439/525/1 440/526/1 438/524/1
f 442/527/1 439/525/1 438/524/1
f 443/528/1 444/529/1 428/516/1
f 444/529/1 442/527/1 438/524/1
f 428/516/1 444/529/1 438/524/1
f 439/525/1 441/530/1 440/526/1
f 430/531/252 432/533/252 431/532/252
f 432/533/253 445/534/253 431/532/253
f 446/535/3 447/537/3 431/536/3
f 447/537/3 429/538/3 431/536/3
f 448/539/3 446/535/3 431/536/3
f 449/540/3 448/539/3 431/536/3
f 450/541/3 449/540/3 431/536/3
f 450/541/3 451/542/3 449/540/3
f 452/543/3 450/541/3 431/536/3
f 453/544/3 450/541/3 454/545/3
f 454/545/3 450/541/3 455/546/3
f 455/546/3 450/541/3 452/543/3
f 456/547/3 452/543/3 431/536/3
f 457/548/3 458/549/3 453/544/3
f 457/548/3 453/544/3 454/545/3
f 456/547/3 431/536/3 445/550/3
f 429/551/254 443/553/254 428/552/254
f 447/554/255 443/553/255 429/551/255
f 444/555/162 447/557/162 446/556/162
f 443/558/163 447/557/163 444/555/163
f 442/559/165 446/561/165 448/560/165
f 444/562/164 446/561/164 442/559/164
f 439/563/167 448/560/167 449/564/167
f 442/559/166 448/560/166 439/563/166
f 451/565/256 441/567/256 449/566/256
f 441/567/168 439/568/168 449/566/168
f 451/569/257 440/571/257 441/570/257
f 450/572/258 440/571/258 451/569/258
f 450/573/259 438/575/259 440/574/259
f 453/576/260 438/575/260 450/573/260
f 438/577/149 458/579/149 437/578/149
f 438/577/148 453/580/148 458/579/148
f 436/581/2 437/578/2 457/582/2
f 454/583/151 436/585/151 457/584/151
f 454/583/150 435/586/150 436/585/150
f 454/587/261 455/589/261 435/588/261
f 455/589/262 434/590/262 435/588/262
f 455/589/141 452/591/141 434/590/141
f 452/591/263 456/592/263 434/590/263
f 456/592/154 433/593/154 434/590/154
f 432/533/264 433/594/264 445/534/264
f 433/595/265 456/597/265 445/596/265
f 437/578/2 458/579/2 457/582/2
f 459/598/266 461/600/266 460/599/266
f 461/600/267 462/601/267 460/599/267
f 463/602/3 464/604/3 460/603/3
f 464/604/3 459/605/3 460/603/3
f 465/606/3 463/602/3 460/603/3
f 466/607/3 465/606/3 460/603/3
f 467/608/3 466/607/3 460/603/3
f 467/608/3 468/609/3 466/607/3
f 469/610/3 467/608/3 460/603/3
f 470/611/3 467/608/3 471/612/3
f 471/612/3 467/608/3 469/610/3
f 472/613/3 469/610/3 460/603/3
f 473/614/3 474/615/3 460/603/3
f 475/616/3 476/617/3 470/611/3
f 475/616/3 470/611/3 471/612/3
f 472/613/3 460/603/3 474/615/3
f 461/618/1 477/620/1 462/619/1
f 461/618/1 478/621/1 477/620/1
f 461/618/1 479/622/1 478/621/1
f 461/618/1 480/623/1 479/622/1
f 480/623/1 461/618/1 481/624/1
f 481/624/1 483/626/1 482/625/1
f 481/624/1 461/618/1 483/626/1
f 484/627/1 485/628/1 483/626/1
f 487/629/1 484/627/1 483/626/1
f 488/630/1 489/631/1 461/618/1
f 489/631/1 487/629/1 483/626/1
f 461/618/1 489/631/1 483/626/1
f 484/627/1 486/632/1 485/628/1
f 460/633/136 462/635/136 473/634/136
f 462/635/135 477/636/135 473/634/135
f 473/634/2 477/636/2 474/637/2
f 472/638/138 478/640/138 479/639/138
f 474/641/137 478/640/137 472/638/137
f 480/642/268 469/644/268 479/643/268
f 469/644/269 472/645/269 479/643/269
f 481/646/143 471/647/143 480/642/143
f 471/647/270 469/644/270 480/642/270
f 475/648/271 481/650/271 482/649/271
f 475/648/272 471/651/272 481/650/272
f 475/652/158 482/654/158 476/653/158
f 476/653/273 483/656/273 470/655/273
f 476/653/274 482/654/274 483/656/274
f 470/657/239 485/659/239 467/658/239
f 483/660/240 485/659/240 470/657/240
f 467/661/241 486/663/241 468/662/241
f 485/664/275 486/663/275 467/661/275
f 486/665/123 484/667/123 468/666/123
f 484/667/124 466/668/124 468/666/124
f 487/669/126 466/671/126 484/670/126
f 465/672/125 466/671/125 487/669/125
f 489/673/128 465/672/128 487/669/128
f 463/674/127 465/672/127 489/673/127
f 488/675/130 463/677/130 489/676/130
f 464/678/130 463/677/130 488/675/130
f 464/679/276 461/681/276 459/680/276
f 488/682/277 461/681/277 464/679/277
f 477/636/2 478/683/2 474/637/2
f 490/684/4 206/688/4 213/687/4 491/686/4 492/685/4
f 493/1/1 694/4/1 206/3/1 202/2/1
f 695/5/4 694/7/4 493/6/4
f 494/8/4 696/9/4 695/5/4 493/6/4
f 697/10/3 495/12/3 698/11/3
f 495/12/3 697/10/3 696/14/3 494/13/3
f 699/15/2 496/17/2 700/16/2
f 496/17/2 699/15/2 698/19/2 495/18/2
f 213/20/3 700/23/3 496/22/3 203/21/3
f 204/24/5 493/26/5 202/25/5
f 494/27/5 493/26/5 495/28/5
f 495/28/5 493/26/5 496/29/5
f 493/26/5 204/24/5 203/30/5 496/29/5
f 701/31/278 497/33/278 702/32/278
f 498/34/2 703/35/2 702/32/2 497/33/2
f 497/36/279 701/39/279 704/38/279 499/37/279
f 499/40/5 498/42/5 497/41/5
f 500/43/5 501/44/5 499/40/5
f 501/44/5 498/42/5 499/40/5
f 502/45/5 500/43/5 499/40/5
f 503/46/5 504/47/5 500/43/5
f 505/48/5 506/49/5 504/47/5
f 503/46/5 505/48/5 504/47/5
f 502/45/5 503/46/5 500/43/5
f 507/50/5 502/45/5 499/40/5
f 508/51/5 502/45/5 507/50/5
f 509/52/5 507/50/5 499/40/5
f 510/53/5 509/52/5 499/40/5
f 511/54/5 510/53/5 499/40/5
f 512/55/5 511/54/5 499/40/5
f 501/56/280 706/59/280 705/58/280 498/57/280
f 705/58/280 703/60/280 498/57/280
f 500/61/281 708/64/281 707/63/281 501/62/281
f 706/65/282 501/62/282 707/63/282
f 504/66/22 710/68/22 709/67/22 500/61/22
f 708/64/283 500/61/283 709/67/283
f 506/69/284 711/72/284 710/71/284 504/70/284
f 711/72/284 506/69/284 712/73/284
f 712/74/285 506/76/285 713/75/285
f 505/77/286 714/78/286 713/75/286 506/76/286
f 715/79/287 714/82/287 505/81/287 503/80/287
f 716/83/288 715/79/288 503/80/288
f 502/84/1 717/85/1 716/83/1 503/80/1
f 718/86/289 719/88/289 508/87/289
f 719/88/290 717/90/290 502/89/290 508/87/290
f 507/91/291 720/94/291 718/93/291 508/92/291
f 720/94/292 507/91/292 721/95/292
f 722/96/11 721/99/11 507/98/11 509/97/11
f 723/100/293 722/96/293 509/97/293
f 724/101/294 723/100/294 509/97/294
f 725/102/295 724/101/295 509/97/295 510/103/295
f 726/104/296 725/102/296 510/103/296
f 511/105/297 728/108/297 727/107/297 510/106/297
f 727/107/298 726/109/298 510/106/298
f 729/110/299 730/112/299 512/111/299
f 730/112/300 728/114/300 511/113/300 512/111/300
f 731/115/301 499/37/301 704/38/301
f 499/37/3 731/115/3 729/117/3 512/116/3
f 732/118/302 513/120/302 733/119/302
f 514/121/2 734/122/2 733/119/2 513/120/2
f 513/123/303 732/126/303 735/125/303 515/124/303
f 515/127/5 514/129/5 513/128/5
f 516/130/5 517/131/5 515/127/5
f 517/131/5 514/129/5 515/127/5
f 518/132/5 516/130/5 515/127/5
f 519/133/5 520/134/5 516/130/5
f 521/135/5 522/136/5 520/134/5
f 519/133/5 521/135/5 520/134/5
f 518/132/5 519/133/5 516/130/5
f 523/137/5 518/132/5 515/127/5
f 524/138/5 518/132/5 523/137/5
f 525/139/5 523/137/5 515/127/5
f 526/140/5 525/139/5 515/127/5
f 527/141/5 526/140/5 515/127/5
f 528/142/5 527/141/5 515/127/5
f 517/143/304 737/146/304 736/145/304 514/144/304
f 736/145/304 734/147/304 514/144/304
f 516/148/281 739/151/281 738/150/281 517/149/281
f 737/152/282 517/149/282 738/150/282
f 520/153/22 741/155/22 740/154/22 516/148/22
f 739/151/283 516/148/283 740/154/283
f 522/156/284 742/159/284 741/158/284 520/157/284
f 742/159/284 522/156/284 743/160/284
f 743/161/285 522/163/285 744/162/285
f 521/164/286 745/165/286 744/162/286 522/163/286
f 746/166/305 745/169/305 521/168/305 519/167/305
f 747/170/306 746/166/306 519/167/306
f 518/171/1 748/172/1 747/170/1 519/167/1
f 749/173/307 750/175/307 524/174/307
f 750/175/290 748/177/290 518/176/290 524/174/290
f 523/178/308 751/181/308 749/180/308 524/179/308
f 751/181/292 523/178/292 752/182/292
f 753/183/11 752/186/11 523/185/11 525/184/11
f 754/187/309 753/183/309 525/184/309
f 755/188/310 754/187/310 525/184/310
f 756/189/311 755/188/311 525/184/311 526/190/311
f 757/191/312 756/189/312 526/190/312
f 527/192/313 759/195/313 758/194/313 526/193/313
f 758/194/298 757/196/298 526/193/298
f 760/197/314 761/199/314 528/198/314
f 761/199/315 759/201/315 527/200/315 528/198/315
f 762/202/316 515/124/316 735/125/316
f 515/124/3 762/202/3 760/204/3 528/203/3
f 763/205/3 529/207/3 764/206/3
f 529/207/3 763/205/3 765/209/3 530/208/3
f 530/208/3 531/210/3 529/207/3
f 766/211/3 530/208/3 765/209/3
f 532/212/3 530/208/3 533/213/3
f 530/208/3 766/211/3 767/214/3 533/213/3
f 534/215/3 532/212/3 533/213/3
f 768/216/1 769/218/1 535/217/1
f 535/217/1 769/218/1 770/220/1 536/219/1
f 536/219/1 538/222/1 537/221/1
f 536/219/1 770/220/1 771/223/1 538/222/1
f 539/224/1 540/225/1 538/222/1
f 542/226/1 539/224/1 538/222/1
f 772/227/1 773/228/1 542/226/1 538/222/1
f 771/223/1 772/227/1 538/222/1
f 539/224/1 541/229/1 540/225/1
f 774/230/317 768/232/317 535/231/317
f 536/233/59 533/234/59 535/231/59
f 533/234/60 767/235/60 774/230/60 535/231/60
f 537/236/318 534/238/318 536/237/318
f 534/238/319 533/239/319 536/237/319
f 534/240/320 537/242/320 532/241/320
f 537/242/321 538/243/321 532/241/321
f 532/244/322 540/246/322 530/245/322
f 538/247/323 540/246/323 532/244/323
f 530/248/324 541/250/324 531/249/324
f 540/251/325 541/250/325 530/248/325
f 541/252/326 539/254/326 531/253/326
f 539/254/326 529/255/326 531/253/326
f 542/256/48 529/258/48 539/257/48
f 542/256/49 775/260/49 764/259/49 529/258/49
f 775/260/68 542/256/68 773/261/68
f 543/262/327 545/264/327 544/263/327
f 545/264/328 546/265/328 544/263/328
f 547/266/3 548/268/3 544/267/3
f 548/268/3 543/269/3 544/267/3
f 549/270/3 547/266/3 544/267/3
f 550/271/3 549/270/3 544/267/3
f 551/272/3 550/271/3 544/267/3
f 551/272/3 552/273/3 550/271/3
f 553/274/3 551/272/3 544/267/3
f 554/275/3 551/272/3 555/276/3
f 555/276/3 551/272/3 553/274/3
f 556/277/3 553/274/3 544/267/3
f 558/278/3 554/275/3 555/276/3
f 556/277/3 544/267/3 557/279/3
f 545/280/1 559/282/1 546/281/1
f 545/280/1 560/283/1 559/282/1
f 545/280/1 561/284/1 560/283/1
f 561/284/1 545/280/1 562/285/1
f 562/285/1 564/287/1 563/286/1
f 562/285/1 545/280/1 564/287/1
f 565/288/1 566/289/1 564/287/1
f 568/290/1 565/288/1 564/287/1
f 569/291/1 570/292/1 545/280/1
f 570/292/1 568/290/1 564/287/1
f 545/280/1 570/292/1 564/287/1
f 565/288/1 567/293/1 566/289/1
f 544/294/329 546/296/329 557/295/329
f 546/296/330 559/297/330 557/295/330
f 556/298/331 559/300/331 560/299/331
f 557/301/332 559/300/332 556/298/332
f 561/302/61 553/304/61 560/303/61
f 553/304/77 556/305/77 560/303/77
f 562/306/59 555/307/59 561/302/59
f 555/307/60 553/304/60 561/302/60
f 563/308/333 558/310/333 562/309/333
f 558/310/334 555/311/334 562/309/334
f 558/312/335 563/314/335 554/313/335
f 563/314/336 564/315/336 554/313/336
f 554/316/322 566/318/322 551/317/322
f 564/319/323 566/318/323 554/316/323
f 551/320/337 567/322/337 552/321/337
f 566/323/338 567/322/338 551/320/338
f 567/324/339 565/326/339 552/325/339
f 565/326/339 550/327/339 552/325/339
f 568/328/48 550/330/48 565/329/48
f 549/331/49 550/330/49 568/328/49
f 570/332/68 549/331/68 568/328/68
f 547/333/69 549/331/69 570/332/69
f 569/334/340 547/336/340 570/335/340
f 548/337/340 547/336/340 569/334/340
f 548/338/341 545/340/341 543/339/341
f 569/341/342 545/340/342 548/338/342
f 571/342/343 573/344/343 572/343/343
f 573/344/82 574/345/82 572/343/82
f 575/346/3 576/348/3 572/347/3
f 576/348/3 571/349/3 572/347/3
f 577/350/3 575/346/3 572/347/3
f 578/351/3 577/350/3 572/347/3
f 579/352/3 578/351/3 572/347/3
f 579/352/3 580/353/3 578/351/3
f 581/354/3 579/352/3 572/347/3
f 582/355/3 579/352/3 583/356/3
f 583/356/3 579/352/3 581/354/3
f 584/357/3 581/354/3 572/347/3
f 586/358/3 582/355/3 583/356/3
f 584/357/3 572/347/3 585/359/3
f 571/342/344 587/360/344 573/344/344
f 573/361/1 587/363/1 574/362/1
f 587/363/1 588/364/1 574/362/1
f 587/363/1 589/365/1 588/364/1
f 587/363/1 590/366/1 589/365/1
f 590/366/1 587/363/1 591/367/1
f 591/367/1 593/369/1 592/368/1
f 591/367/1 587/363/1 593/369/1
f 594/370/1 595/371/1 593/369/1
f 597/372/1 594/370/1 593/369/1
f 598/373/1 599/374/1 587/363/1
f 599/374/1 597/372/1 593/369/1
f 587/363/84 599/374/84 593/369/84
f 594/370/1 596/375/1 595/371/1
f 572/376/345 574/378/345 585/377/345
f 574/378/346 588/379/346 585/377/346
f 584/380/347 588/382/347 589/381/347
f 585/383/348 588/382/348 584/380/348
f 590/384/61 581/386/61 589/385/61
f 581/386/77 584/387/77 589/385/77
f 591/388/59 583/389/59 590/384/59
f 583/389/60 581/386/60 590/384/60
f 592/390/333 586/392/333 591/391/333
f 586/392/334 583/393/334 591/391/334
f 586/394/335 592/396/335 582/395/335
f 592/396/336 593/397/336 582/395/336
f 582/398/322 595/400/322 579/399/322
f 593/401/323 595/400/323 582/398/323
f 579/402/337 596/404/337 580/403/337
f 595/405/338 596/404/338 579/402/338
f 596/406/339 594/408/339 580/407/339
f 594/408/339 578/409/339 580/407/339
f 597/410/48 578/412/48 594/411/48
f 577/413/49 578/412/49 597/410/49
f 599/414/68 577/413/68 597/410/68
f 575/415/69 577/413/69 599/414/69
f 598/416/349 575/418/349 599/417/349
f 576/419/349 575/418/349 598/416/349
f 576/420/350 587/422/350 571/421/350
f 598/423/2 587/422/2 576/420/2
f 600/424/351 602/426/351 601/425/351
f 602/426/92 603/427/92 601/425/92
f 604/428/3 605/430/3 601/429/3
f 605/430/3 600/431/3 601/429/3
f 606/432/3 604/428/3 601/429/3
f 607/433/3 606/432/3 601/429/3
f 608/434/3 607/433/3 601/429/3
f 608/434/3 609/435/3 607/433/3
f 610/436/3 608/434/3 601/429/3
f 611/437/3 608/434/3 612/438/3
f 612/438/3 608/434/3 610/436/3
f 613/439/93 610/436/93 601/429/93
f 614/440/3 615/441/3 601/429/3
f 616/442/3 617/443/3 611/437/3
f 616/442/3 611/437/3 612/438/3
f 613/439/3 601/429/3 615/441/3
f 600/424/352 618/444/352 602/426/352
f 602/445/1 618/447/1 603/446/1
f 618/447/1 619/448/1 603/446/1
f 618/447/1 620/449/1 619/448/1
f 618/447/1 621/450/1 620/449/1
f 618/447/1 622/451/1 621/450/1
f 622/451/1 618/447/1 623/452/1
f 623/452/1 625/454/1 624/453/1
f 623/452/1 618/447/1 625/454/1
f 626/455/1 627/456/1 625/454/1
f 629/457/1 626/455/1 625/454/1
f 630/458/1 631/459/1 618/447/1
f 631/459/1 629/457/1 625/454/1
f 618/447/84 631/459/84 625/454/84
f 626/455/1 628/460/1 627/456/1
f 601/461/353 603/463/353 614/462/353
f 603/463/353 619/464/353 614/462/353
f 614/462/4 619/464/4 615/465/4
f 613/466/114 620/468/114 621/467/114
f 615/469/114 620/468/114 613/466/114
f 622/470/112 610/472/112 621/471/112
f 610/472/113 613/473/113 621/471/113
f 623/474/110 612/475/110 622/470/110
f 612/475/111 610/472/111 622/470/111
f 616/476/354 623/478/354 624/477/354
f 616/476/109 612/479/109 623/478/109
f 617/480/355 625/482/355 611/481/355
f 617/480/356 624/483/356 625/482/356
f 611/484/357 627/486/357 608/485/357
f 625/487/358 627/486/358 611/484/358
f 608/488/359 628/490/359 609/489/359
f 627/491/360 628/490/360 608/488/360
f 628/492/102 626/494/102 609/493/102
f 626/494/102 607/495/102 609/493/102
f 629/496/99 607/498/99 626/497/99
f 606/499/100 607/498/100 629/496/100
f 631/500/97 606/499/97 629/496/97
f 604/501/98 606/499/98 631/500/98
f 630/502/96 604/504/96 631/503/96
f 605/505/96 604/504/96 630/502/96
f 605/506/361 618/508/361 600/507/361
f 630/509/2 618/508/2 605/506/2
f 616/510/362 624/483/362 617/480/362
f 619/464/4 620/511/4 615/465/4
f 632/512/363 634/514/363 633/513/363
f 634/514/364 635/515/364 633/513/364
f 632/516/1 636/518/1 634/517/1
f 632/516/1 637/519/1 636/518/1
f 632/516/1 638/520/1 637/519/1
f 638/520/1 632/516/1 639/521/1
f 639/521/1 641/523/1 640/522/1
f 639/521/1 642/524/1 641/523/1
f 639/521/1 632/516/1 642/524/1
f 643/525/1 644/526/1 642/524/1
f 646/527/1 643/525/1 642/524/1
f 647/528/1 648/529/1 632/516/1
f 648/529/1 646/527/1 642/524/1
f 632/516/1 648/529/1 642/524/1
f 643/525/1 645/530/1 644/526/1
f 634/531/365 636/533/365 635/532/365
f 636/533/366 649/534/366 635/532/366
f 650/535/3 651/537/3 635/536/3
f 651/537/3 633/538/3 635/536/3
f 652/539/3 650/535/3 635/536/3
f 653/540/3 652/539/3 635/536/3
f 654/541/3 653/540/3 635/536/3
f 654/541/3 655/542/3 653/540/3
f 656/543/3 654/541/3 635/536/3
f 657/544/3 654/541/3 658/545/3
f 658/545/3 654/541/3 659/546/3
f 659/546/3 654/541/3 656/543/3
f 660/547/3 656/543/3 635/536/3
f 661/548/3 662/549/3 657/544/3
f 661/548/3 657/544/3 658/545/3
f 660/547/3 635/536/3 649/550/3
f 633/551/367 647/553/367 632/552/367
f 651/554/368 647/553/368 633/551/368
f 648/555/369 651/557/369 650/556/369
f 647/558/370 651/557/370 648/555/370
f 646/559/270 650/561/270 652/560/270
f 648/562/143 650/561/143 646/559/143
f 643/563/269 652/560/269 653/564/269
f 646/559/268 652/560/268 643/563/268
f 655/565/371 645/567/371 653/566/371
f 645/567/137 643/568/137 653/566/137
f 655/569/372 644/571/372 645/570/372
f 654/572/373 644/571/373 655/569/373
f 654/573/374 642/575/374 644/574/374
f 657/576/375 642/575/375 654/573/375
f 642/577/376 662/579/376 641/578/376
f 642/577/377 657/580/377 662/579/377
f 640/581/4 641/578/4 661/582/4
f 658/583/130 640/585/130 661/584/130
f 658/583/378 639/586/378 640/585/378
f 658/587/379 659/589/379 639/588/379
f 659/589/380 638/590/380 639/588/380
f 659/589/381 656/591/381 638/590/381
f 656/591/382 660/592/382 638/590/382
f 660/592/126 637/593/126 638/590/126
f 636/533/383 637/594/383 649/534/383
f 637/595/384 660/597/384 649/596/384
f 641/578/4 662/579/4 661/582/4
f 663/598/385 665/600/385 664/599/385
f 665/600/386 666/601/386 664/599/386
f 667/602/3 668/604/3 664/603/3
f 668/604/3 663/605/3 664/603/3
f 669/606/3 667/602/3 664/603/3
f 670/607/3 669/606/3 664/603/3
f 671/608/3 670/607/3 664/603/3
f 671/608/3 672/609/3 670/607/3
f 673/610/3 671/608/3 664/603/3
f 674/611/3 671/608/3 675/612/3
f 675/612/3 671/608/3 673/610/3
f 676/613/3 673/610/3 664/603/3
f 677/614/3 678/615/3 664/603/3
f 679/616/3 680/617/3 674/611/3
f 679/616/3 674/611/3 675/612/3
f 676/613/3 664/603/3 678/615/3
f 665/618/1 681/620/1 666/619/1
f 665/618/1 682/621/1 681/620/1
f 665/618/1 683/622/1 682/621/1
f 665/618/1 684/623/1 683/622/1
f 684/623/1 665/618/1 685/624/1
f 685/624/1 687/626/1 686/625/1
f 685/624/1 665/618/1 687/626/1
f 688/627/1 689/628/1 687/626/1
f 691/629/1 688/627/1 687/626/1
f 692/630/1 693/631/1 665/618/1
f 693/631/1 691/629/1 687/626/1
f 665/618/1 693/631/1 687/626/1
f 688/627/1 690/632/1 689/628/1
f 664/633/387 666/635/387 677/634/387
f 666/635/388 681/636/388 677/634/388
f 677/634/4 681/636/4 678/637/4
f 676/638/389 682/640/389 683/639/389
f 678/641/168 682/640/168 676/638/168
f 684/642/166 673/644/166 683/643/166
f 673/644/167 676/645/167 683/643/167
f 685/646/164 675/647/164 684/642/164
f 675/647/165 673/644/165 684/642/165
f 679/648/390 685/650/390 686/649/390
f 679/648/391 675/651/391 685/650/391
f 679/652/392 686/654/392 680/653/392
f 680/653/393 687/656/393 674/655/393
f 680/653/394 686/654/394 687/656/394
f 674/657/357 689/659/357 671/658/357
f 687/660/358 689/659/358 674/657/358
f 671/661/359 690/663/359 672/662/359
f 689/664/395 690/663/395 671/661/395
f 690/665/396 688/667/396 672/666/396
f 688/667/397 670/668/397 672/666/397
f 691/669/154 670/671/154 688/670/154
f 669/672/155 670/671/155 691/669/155
f 693/673/152 669/672/152 691/669/152
f 667/674/153 669/672/153 693/673/153
f 692/675/151 667/677/151 693/676/151
f 668/678/151 667/677/151 692/675/151
f 668/679/398 665/681/398 663/680/398
f 692/682/399 665/681/399 668/679/399
f 681/636/4 682/683/4 678/637/4
f 698/689/82 699/697/82 700/696/82 213/695/82 206/694/82 694/693/82 695/692/82 696/691/82 697/690/82
f 713/698/82 714/728/82 715/727/82 716/726/82 717/725/82 719/724/82 718/723/82 720/722/82 721/721/82 722/720/82 723/719/82 724/718/82 725/717/82 726/716/82 727/715/82 728/714/82 730/713/82 729/712/82 731/711/82 704/710/82 701/709/82 702/708/82 703/707/82 705/706/82 706/705/82 707/704/82 708/703/82 709/702/82 710/701/82 711/700/82 712/699/82
f 744/729/82 745/759/82 746/758/82 747/757/82 748/756/82 750/755/82 749/754/82 751/753/82 752/752/82 753/751/82 754/750/82 755/749/82 756/748/82 757/747/82 758/746/82 759/745/82 761/744/82 760/743/82 762/742/82 735/741/82 732/740/82 733/739/82 734/738/82 736/737/82 737/736/82 738/735/82 739/734/82 740/733/82 741/732/82 742/731/82 743/730/82
f 764/760/82 775/772/82 773/771/82 772/770/82 771/769/82 770/768/82 769/767/82 768/766/82 774/765/82 767/764/82 766/763/82 765/762/82 763/761/82
f 776/1/1 490/2/1 206/3/1 694/4/1
f 695/5/4 776/6/4 694/7/4
f 777/8/4 776/6/4 695/5/4 696/9/4
f 697/10/3 698/11/3 778/12/3
f 778/12/3 777/13/3 696/14/3 697/10/3
f 699/15/2 700/16/2 779/17/2
f 779/17/2 778/18/2 698/19/2 699/15/2
f 213/20/3 491/21/3 779/22/3 700/23/3
f 492/24/82 490/25/82 776/26/82
f 777/27/82 778/28/82 776/26/82
f 778/28/82 779/29/82 776/26/82
f 776/26/82 779/29/82 491/30/82 492/24/82
f 701/31/400 702/32/400 780/33/400
f 781/34/2 780/33/2 702/32/2 703/35/2
f 780/36/401 782/37/401 704/38/401 701/39/401
f 782/40/82 780/41/82 781/42/82
f 783/43/82 782/40/82 784/44/82
f 784/44/82 782/40/82 781/42/82
f 785/45/82 782/40/82 783/43/82
f 786/46/82 783/43/82 787/47/82
f 788/48/82 787/47/82 789/49/82
f 786/46/82 787/47/82 788/48/82
f 785/45/82 783/43/82 786/46/82
f 790/50/82 782/40/82 785/45/82
f 791/51/82 790/50/82 785/45/82
f 792/52/82 782/40/82 790/50/82
f 793/53/82 782/40/82 792/52/82
f 794/54/82 782/40/82 793/53/82
f 795/55/82 782/40/82 794/54/82
f 784/56/280 781/57/280 705/58/280 706/59/280
f 705/58/280 781/57/280 703/60/280
f 783/61/402 784/62/402 707/63/402 708/64/402
f 706/65/282 707/63/282 784/62/282
f 787/66/22 783/61/22 709/67/22 710/68/22
f 708/64/403 709/67/403 783/61/403
f 789/69/284 787/70/284 710/71/284 711/72/284
f 711/72/284 712/73/284 789/69/284
f 712/74/285 713/75/285 789/76/285
f 788/77/404 789/76/404 713/75/404 714/78/404
f 715/79/405 786/80/405 788/81/405 714/82/405
f 716/83/406 786/80/406 715/79/406
f 785/84/1 786/80/1 716/83/1 717/85/1
f 718/86/407 791/87/407 719/88/407
f 719/88/290 791/87/290 785/89/290 717/90/290
f 790/91/408 791/92/408 718/93/408 720/94/408
f 720/94/292 721/95/292 790/91/292
f 722/96/11 792/97/11 790/98/11 721/99/11
f 723/100/409 792/97/409 722/96/409
f 724/101/410 792/97/410 723/100/410
f 725/102/411 793/103/411 792/97/411 724/101/411
f 726/104/296 793/103/296 725/102/296
f 794/105/412 793/106/412 727/107/412 728/108/412
f 727/107/298 793/106/298 726/109/298
f 729/110/299 795/111/299 730/112/299
f 730/112/413 795/111/413 794/113/413 728/114/413
f 731/115/414 704/38/414 782/37/414
f 782/37/3 795/116/3 729/117/3 731/115/3
f 732/118/415 733/119/415 796/120/415
f 797/121/2 796/120/2 733/119/2 734/122/2
f 796/123/416 798/124/416 735/125/416 732/126/416
f 798/127/82 796/128/82 797/129/82
f 799/130/82 798/127/82 800/131/82
f 800/131/82 798/127/82 797/129/82
f 801/132/82 798/127/82 799/130/82
f 802/133/82 799/130/82 803/134/82
f 804/135/82 803/134/82 805/136/82
f 802/133/82 803/134/82 804/135/82
f 801/132/82 799/130/82 802/133/82
f 806/137/82 798/127/82 801/132/82
f 807/138/82 806/137/82 801/132/82
f 808/139/82 798/127/82 806/137/82
f 809/140/82 798/127/82 808/139/82
f 810/141/82 798/127/82 809/140/82
f 811/142/82 798/127/82 810/141/82
f 800/143/304 797/144/304 736/145/304 737/146/304
f 736/145/304 797/144/304 734/147/304
f 799/148/402 800/149/402 738/150/402 739/151/402
f 737/152/282 738/150/282 800/149/282
f 803/153/22 799/148/22 740/154/22 741/155/22
f 739/151/403 740/154/403 799/148/403
f 805/156/284 803/157/284 741/158/284 742/159/284
f 742/159/284 743/160/284 805/156/284
f 743/161/285 744/162/285 805/163/285
f 804/164/404 805/163/404 744/162/404 745/165/404
f 746/166/417 802/167/417 804/168/417 745/169/417
f 747/170/418 802/167/418 746/166/418
f 801/171/1 802/167/1 747/170/1 748/172/1
f 749/173/419 807/174/419 750/175/419
f 750/175/290 807/174/290 801/176/290 748/177/290
f 806/178/420 807/179/420 749/180/420 751/181/420
f 751/181/292 752/182/292 806/178/292
f 753/183/11 808/184/11 806/185/11 752/186/11
f 754/187/421 808/184/421 753/183/421
f 755/188/422 808/184/422 754/187/422
f 756/189/423 809/190/423 808/184/423 755/188/423
f 757/191/312 809/190/312 756/189/312
f 810/192/424 809/193/424 758/194/424 759/195/424
f 758/194/298 809/193/298 757/196/298
f 760/197/314 811/198/314 761/199/314
f 761/199/425 811/198/425 810/200/425 759/201/425
f 762/202/426 735/125/426 798/124/426
f 798/124/3 811/203/3 760/204/3 762/202/3
f 763/205/3 764/206/3 812/207/3
f 812/207/3 813/208/3 765/209/3 763/205/3
f 813/208/3 812/207/3 814/210/3
f 766/211/3 765/209/3 813/208/3
f 815/212/3 816/213/3 813/208/3
f 813/208/3 816/213/3 767/214/3 766/211/3
f 817/215/3 816/213/3 815/212/3
f 768/216/1 818/217/1 769/218/1
f 818/217/1 819/219/1 770/220/1 769/218/1
f 819/219/1 820/221/1 821/222/1
f 819/219/1 821/222/1 771/223/1 770/220/1
f 822/224/1 821/222/1 823/225/1
f 825/226/1 821/222/1 822/224/1
f 772/227/1 821/222/1 825/226/1 773/228/1
f 771/223/1 821/222/1 772/227/1
f 822/224/1 823/225/1 824/229/1
f 774/230/427 818/231/427 768/232/427
f 819/233/77 818/231/77 816/234/77
f 816/234/206 818/231/206 774/230/206 767/235/206
f 820/236/428 819/237/428 817/238/428
f 817/238/331 819/237/331 816/239/331
f 817/240/429 815/241/429 820/242/429
f 820/242/329 815/241/329 821/243/329
f 815/244/430 813/245/430 823/246/430
f 821/247/431 815/244/431 823/246/431
f 813/248/432 814/249/432 824/250/432
f 823/251/433 813/248/433 824/250/433
f 824/252/340 814/253/340 822/254/340
f 822/254/340 814/253/340 812/255/340
f 825/256/69 822/257/69 812/258/69
f 825/256/199 812/258/199 764/259/199 775/260/199
f 775/260/212 773/261/212 825/256/212
f 826/262/434 827/263/434 828/264/434
f 828/264/435 827/263/435 829/265/435
f 830/266/3 827/267/3 831/268/3
f 831/268/3 827/267/3 826/269/3
f 832/270/3 827/267/3 830/266/3
f 833/271/3 827/267/3 832/270/3
f 834/272/3 827/267/3 833/271/3
f 834/272/3 833/271/3 835/273/3
f 836/274/3 827/267/3 834/272/3
f 837/275/3 838/276/3 834/272/3
f 838/276/3 836/274/3 834/272/3
f 839/277/3 827/267/3 836/274/3
f 841/278/3 838/276/3 837/275/3
f 839/277/3 840/279/3 827/267/3
f 828/280/1 829/281/1 842/282/1
f 828/280/1 842/282/1 843/283/1
f 828/280/1 843/283/1 844/284/1
f 844/284/1 845/285/1 828/280/1
f 845/285/1 846/286/1 847/287/1
f 845/285/1 847/287/1 828/280/1
f 848/288/1 847/287/1 849/289/1
f 851/290/1 847/287/1 848/288/1
f 852/291/1 828/280/1 853/292/1
f 853/292/1 847/287/1 851/290/1
f 828/280/1 847/287/1 853/292/1
f 848/288/1 849/289/1 850/293/1
f 827/294/321 840/295/321 829/296/321
f 829/296/436 840/295/436 842/297/436
f 839/298/319 843/299/319 842/300/319
f 840/301/437 839/298/437 842/300/437
f 844/302/207 843/303/207 836/304/207
f 836/304/59 843/303/59 839/305/59
f 845/306/77 844/302/77 838/307/77
f 838/307/206 844/302/206 836/304/206
f 846/308/438 845/309/438 841/310/438
f 841/310/347 845/309/347 838/311/347
f 841/312/439 837/313/439 846/314/439
f 846/314/345 837/313/345 847/315/345
f 837/316/430 834/317/430 849/318/430
f 847/319/431 837/316/431 849/318/431
f 834/320/440 835/321/440 850/322/440
f 849/323/441 834/320/441 850/322/441
f 850/324/349 835/325/349 848/326/349
f 848/326/349 835/325/349 833/327/349
f 851/328/69 848/329/69 833/330/69
f 832/331/199 851/328/199 833/330/199
f 853/332/212 851/328/212 832/331/212
f 830/333/48 853/332/48 832/331/48
f 852/334/326 853/335/326 830/336/326
f 831/337/326 852/334/326 830/336/326
f 831/338/442 826/339/442 828/340/442
f 852/341/443 831/338/443 828/340/443
f 854/342/444 855/343/444 856/344/444
f 856/344/5 855/343/5 857/345/5
f 858/346/3 855/347/3 859/348/3
f 859/348/3 855/347/3 854/349/3
f 860/350/3 855/347/3 858/346/3
f 861/351/3 855/347/3 860/350/3
f 862/352/3 855/347/3 861/351/3
f 862/352/3 861/351/3 863/353/3
f 864/354/3 855/347/3 862/352/3
f 865/355/3 866/356/3 862/352/3
f 866/356/3 864/354/3 862/352/3
f 867/357/3 855/347/3 864/354/3
f 869/358/3 866/356/3 865/355/3
f 867/357/3 868/359/3 855/347/3
f 854/342/445 856/344/445 870/360/445
f 856/361/1 857/362/1 870/363/1
f 870/363/1 857/362/1 871/364/1
f 870/363/1 871/364/1 872/365/1
f 870/363/1 872/365/1 873/366/1
f 873/366/1 874/367/1 870/363/1
f 874/367/1 875/368/1 876/369/1
f 874/367/1 876/369/1 870/363/1
f 877/370/1 876/369/1 878/371/1
f 880/372/1 876/369/1 877/370/1
f 881/373/1 870/363/1 882/374/1
f 882/374/1 876/369/1 880/372/1
f 870/363/221 876/369/221 882/374/221
f 877/370/1 878/371/1 879/375/1
f 855/376/336 868/377/336 857/378/336
f 857/378/446 868/377/446 871/379/446
f 867/380/334 872/381/334 871/382/334
f 868/383/447 867/380/447 871/382/447
f 873/384/207 872/385/207 864/386/207
f 864/386/59 872/385/59 867/387/59
f 874/388/77 873/384/77 866/389/77
f 866/389/206 873/384/206 864/386/206
f 875/390/438 874/391/438 869/392/438
f 869/392/347 874/391/347 866/393/347
f 869/394/439 865/395/439 875/396/439
f 875/396/345 865/395/345 876/397/345
f 865/398/430 862/399/430 878/400/430
f 876/401/431 865/398/431 878/400/431
f 862/402/440 863/403/440 879/404/440
f 878/405/441 862/402/441 879/404/441
f 879/406/349 863/407/349 877/408/349
f 877/408/349 863/407/349 861/409/349
f 880/410/69 877/411/69 861/412/69
f 860/413/199 880/410/199 861/412/199
f 882/414/212 880/410/212 860/413/212
f 858/415/48 882/414/48 860/413/48
f 881/416/339 882/417/339 858/418/339
f 859/419/339 881/416/339 858/418/339
f 859/420/448 854/421/448 870/422/448
f 881/423/2 859/420/2 870/422/2
f 883/424/449 884/425/449 885/426/449
f 885/426/226 884/425/226 886/427/226
f 887/428/3 884/429/3 888/430/3
f 888/430/3 884/429/3 883/431/3
f 889/432/3 884/429/3 887/428/3
f 890/433/3 884/429/3 889/432/3
f 891/434/3 884/429/3 890/433/3
f 891/434/3 890/433/3 892/435/3
f 893/436/3 884/429/3 891/434/3
f 894/437/3 895/438/3 891/434/3
f 895/438/3 893/436/3 891/434/3
f 896/439/227 884/429/227 893/436/227
f 897/440/3 884/429/3 898/441/3
f 899/442/3 894/437/3 900/443/3
f 899/442/3 895/438/3 894/437/3
f 896/439/3 898/441/3 884/429/3
f 883/424/450 885/426/450 901/444/450
f 885/445/1 886/446/1 901/447/1
f 901/447/1 886/446/1 902/448/1
f 901/447/1 902/448/1 903/449/1
f 901/447/1 903/449/1 904/450/1
f 901/447/1 904/450/1 905/451/1
f 905/451/1 906/452/1 901/447/1
f 906/452/1 907/453/1 908/454/1
f 906/452/1 908/454/1 901/447/1
f 909/455/1 908/454/1 910/456/1
f 912/457/1 908/454/1 909/455/1
f 913/458/1 901/447/1 914/459/1
f 914/459/1 908/454/1 912/457/1
f 901/447/221 908/454/221 914/459/221
f 909/455/1 910/456/1 911/460/1
f 884/461/451 897/462/451 886/463/451
f 886/463/451 897/462/451 902/464/451
f 897/462/4 898/465/4 902/464/4
f 896/466/248 904/467/248 903/468/248
f 898/469/248 896/466/248 903/468/248
f 905/470/246 904/471/246 893/472/246
f 893/472/247 904/471/247 896/473/247
f 906/474/244 905/470/244 895/475/244
f 895/475/245 905/470/245 893/472/245
f 899/476/452 907/477/452 906/478/452
f 899/476/243 906/478/243 895/479/243
f 900/480/453 894/481/453 908/482/453
f 900/480/454 908/482/454 907/483/454
f 894/484/455 891/485/455 910/486/455
f 908/487/456 894/484/456 910/486/456
f 891/488/457 892/489/457 911/490/457
f 910/491/458 891/488/458 911/490/458
f 911/492/236 892/493/236 909/494/236
f 909/494/236 892/493/236 890/495/236
f 912/496/233 909/497/233 890/498/233
f 889/499/234 912/496/234 890/498/234
f 914/500/231 912/496/231 889/499/231
f 887/501/232 914/500/232 889/499/232
f 913/502/230 914/503/230 887/504/230
f 888/505/230 913/502/230 887/504/230
f 888/506/459 883/507/459 901/508/459
f 913/509/2 888/506/2 901/508/2
f 899/510/362 900/480/362 907/483/362
f 902/464/4 898/465/4 903/511/4
f 915/512/460 916/513/460 917/514/460
f 917/514/461 916/513/461 918/515/461
f 915/516/1 917/517/1 919/518/1
f 915/516/1 919/518/1 920/519/1
f 915/516/1 920/519/1 921/520/1
f 921/520/1 922/521/1 915/516/1
f 922/521/1 923/522/1 924/523/1
f 922/521/1 924/523/1 925/524/1
f 922/521/1 925/524/1 915/516/1
f 926/525/1 925/524/1 927/526/1
f 929/527/1 925/524/1 926/525/1
f 930/528/1 915/516/1 931/529/1
f 931/529/1 925/524/1 929/527/1
f 915/516/1 925/524/1 931/529/1
f 926/525/1 927/526/1 928/530/1
f 917/531/462 918/532/462 919/533/462
f 919/533/463 918/532/463 932/534/463
f 933/535/3 918/536/3 934/537/3
f 934/537/3 918/536/3 916/538/3
f 935/539/3 918/536/3 933/535/3
f 936/540/3 918/536/3 935/539/3
f 937/541/3 918/536/3 936/540/3
f 937/541/3 936/540/3 938/542/3
f 939/543/3 918/536/3 937/541/3
f 940/544/3 941/545/3 937/541/3
f 941/545/3 942/546/3 937/541/3
f 942/546/3 939/543/3 937/541/3
f 943/547/3 918/536/3 939/543/3
f 944/548/3 940/544/3 945/549/3
f 944/548/3 941/545/3 940/544/3
f 943/547/3 932/550/3 918/536/3
f 916/551/464 915/552/464 930/553/464
f 934/554/465 916/551/465 930/553/465
f 931/555/396 933/556/396 934/557/396
f 930/558/397 931/555/397 934/557/397
f 929/559/155 935/560/155 933/561/155
f 931/562/154 929/559/154 933/561/154
f 926/563/153 936/564/153 935/560/153
f 929/559/152 926/563/152 935/560/152
f 938/565/466 936/566/466 928/567/466
f 928/567/151 936/566/151 926/568/151
f 938/569/467 928/570/467 927/571/467
f 937/572/468 938/569/468 927/571/468
f 937/573/469 927/574/469 925/575/469
f 940/576/470 937/573/470 925/575/470
f 925/577/388 924/578/388 945/579/388
f 925/577/387 945/579/387 940/580/387
f 923/581/4 944/582/4 924/578/4
f 941/583/168 944/584/168 923/585/168
f 941/583/389 923/585/389 922/586/389
f 941/587/471 922/588/471 942/589/471
f 942/589/472 922/588/472 921/590/472
f 942/589/381 921/590/381 939/591/381
f 939/591/473 921/590/473 943/592/473
f 943/592/164 921/590/164 920/593/164
f 919/533/474 932/534/474 920/594/474
f 920/595/475 932/596/475 943/597/475
f 924/578/4 944/582/4 945/579/4
f 946/598/476 947/599/476 948/600/476
f 948/600/477 947/599/477 949/601/477
f 950/602/3 947/603/3 951/604/3
f 951/604/3 947/603/3 946/605/3
f 952/606/3 947/603/3 950/602/3
f 953/607/3 947/603/3 952/606/3
f 954/608/3 947/603/3 953/607/3
f 954/608/3 953/607/3 955/609/3
f 956/610/3 947/603/3 954/608/3
f 957/611/3 958/612/3 954/608/3
f 958/612/3 956/610/3 954/608/3
f 959/613/3 947/603/3 956/610/3
f 960/614/3 947/603/3 961/615/3
f 962/616/3 957/611/3 963/617/3
f 962/616/3 958/612/3 957/611/3
f 959/613/3 961/615/3 947/603/3
f 948/618/1 949/619/1 964/620/1
f 948/618/1 964/620/1 965/621/1
f 948/618/1 965/621/1 966/622/1
f 948/618/1 966/622/1 967/623/1
f 967/623/1 968/624/1 948/618/1
f 968/624/1 969/625/1 970/626/1
f 968/624/1 970/626/1 948/618/1
f 971/627/1 970/626/1 972/628/1
f 974/629/1 970/626/1 971/627/1
f 975/630/1 948/618/1 976/631/1
f 976/631/1 970/626/1 974/629/1
f 948/618/1 970/626/1 976/631/1
f 971/627/1 972/628/1 973/632/1
f 947/633/377 960/634/377 949/635/377
f 949/635/376 960/634/376 964/636/376
f 960/634/4 961/637/4 964/636/4
f 959/638/378 966/639/378 965/640/378
f 961/641/130 959/638/130 965/640/130
f 967/642/128 966/643/128 956/644/128
f 956/644/127 966/643/127 959/645/127
f 968/646/126 967/642/126 958/647/126
f 958/647/125 967/642/125 956/644/125
f 962/648/478 969/649/478 968/650/478
f 962/648/479 968/650/479 958/651/479
f 962/652/392 963/653/392 969/654/392
f 963/653/480 957/655/480 970/656/480
f 963/653/481 970/656/481 969/654/481
f 957/657/455 954/658/455 972/659/455
f 970/660/456 957/657/456 972/659/456
f 954/661/457 955/662/457 973/663/457
f 972/664/482 954/661/482 973/663/482
f 973/665/369 955/666/369 971/667/369
f 971/667/370 955/666/370 953/668/370
f 974/669/143 971/670/143 953/671/143
f 952/672/270 974/669/270 953/671/270
f 976/673/268 974/669/268 952/672/268
f 950/674/269 976/673/269 952/672/269
f 975/675/137 976/676/137 950/677/137
f 951/678/137 975/675/137 950/677/137
f 951/679/483 946/680/483 948/681/483
f 975/682/484 951/679/484 948/681/484
f 964/636/4 961/637/4 965/683/4
