# Blender 5.0.1
# www.blender.org
mtllib soviet_vc20_wagon.mtl
o vz20
v 0.741234 0.566387 -3.740655
v 0.741234 0.685860 -3.740655
v -0.741234 0.566387 -3.740655
v -0.741234 0.685860 -3.740655
v 0.741234 0.566387 -4.181191
v 0.741234 0.685860 -4.181191
v -0.741234 0.566387 -4.181191
v -0.741234 0.685860 -4.181191
v 0.711894 0.662676 -4.141610
v 0.711894 0.581092 -4.242956
v 0.711894 0.389738 -4.242994
v 0.711894 0.260204 -4.243953
v 0.711894 0.232082 -4.209140
v 0.711894 0.134717 -4.222381
v 0.711894 0.377445 -4.526637
v 0.711894 0.376239 -4.648811
v 0.711894 0.493332 -4.651578
v 0.711894 0.540009 -4.719367
v 0.711894 0.538093 -4.935605
v 0.711894 0.475214 -4.980325
v 0.711894 0.319758 -4.978407
v 0.711894 0.319603 -5.055545
v 0.711894 0.574121 -5.053752
v 0.711894 0.631935 -5.017546
v 0.711894 0.662522 -4.959143
v 0.711894 0.593359 -4.545640
v 0.711894 0.593336 -4.546990
v 0.711894 0.486425 -4.527708
v 0.711894 0.413596 -4.409527
v 0.711894 0.407420 -4.330393
v 0.711894 0.428889 -4.311749
v 0.711894 0.574953 -4.312404
v 0.711894 0.590563 -4.356092
v 0.711894 0.580134 -3.868000
v 0.711894 0.389711 -3.867982
v 0.711894 0.260204 -3.867025
v 0.711894 0.232826 -3.900769
v 0.711894 0.135210 -3.887919
v 0.711894 0.377445 -3.584340
v 0.711894 0.376240 -3.462166
v 0.711894 0.493332 -3.459399
v 0.711894 0.540009 -3.391610
v 0.711894 0.538093 -3.175372
v 0.711894 0.475387 -3.130720
v 0.711894 0.319758 -3.132570
v 0.711894 0.319602 -3.055287
v 0.711894 0.571525 -3.056187
v 0.711894 0.631935 -3.093430
v 0.711894 0.662651 -3.152187
v 0.711894 0.593359 -3.565336
v 0.711894 0.593336 -3.563987
v 0.711894 0.486425 -3.583269
v 0.711894 0.413596 -3.701450
v 0.711894 0.407420 -3.780583
v 0.711894 0.428889 -3.799228
v 0.711894 0.561967 -3.799860
v 0.711894 0.589571 -3.780237
v 0.779210 0.662676 -4.141610
v 0.779210 0.581092 -4.242956
v 0.779210 0.389738 -4.242994
v 0.779210 0.260205 -4.243953
v 0.779210 0.232082 -4.209140
v 0.779210 0.134717 -4.222381
v 0.779210 0.377445 -4.526637
v 0.779210 0.376239 -4.648811
v 0.779210 0.493332 -4.651578
v 0.779210 0.540009 -4.719367
v 0.779210 0.538094 -4.935605
v 0.779210 0.475214 -4.980325
v 0.779210 0.319758 -4.978407
v 0.779210 0.319603 -5.055545
v 0.779210 0.574121 -5.053752
v 0.779210 0.631935 -5.017546
v 0.779210 0.662522 -4.959143
v 0.779210 0.593359 -4.545640
v 0.779210 0.593336 -4.546990
v 0.779210 0.486426 -4.527708
v 0.779210 0.413596 -4.409527
v 0.779210 0.407420 -4.330393
v 0.779210 0.428889 -4.311749
v 0.779210 0.574953 -4.312404
v 0.779210 0.590563 -4.356092
v 0.779210 0.580134 -3.868000
v 0.779210 0.389711 -3.867982
v 0.779210 0.260205 -3.867025
v 0.779210 0.232826 -3.900769
v 0.779210 0.135210 -3.887919
v 0.779210 0.377445 -3.584340
v 0.779210 0.376240 -3.462166
v 0.779210 0.493332 -3.459399
v 0.779210 0.540009 -3.391610
v 0.779210 0.538094 -3.175372
v 0.779210 0.475387 -3.130720
v 0.779210 0.319758 -3.132570
v 0.779210 0.319602 -3.055287
v 0.779210 0.571526 -3.056187
v 0.779210 0.631935 -3.093430
v 0.779210 0.662651 -3.152187
v 0.779210 0.593359 -3.565336
v 0.779210 0.593336 -3.563987
v 0.779210 0.486426 -3.583269
v 0.779210 0.413596 -3.701450
v 0.779210 0.407420 -3.780583
v 0.779210 0.428889 -3.799228
v 0.779210 0.561967 -3.799860
v 0.779210 0.589571 -3.780237
v 0.796733 0.267170 -4.766212
v 0.796733 0.307874 -4.725508
v 0.796733 0.307874 -4.766212
v 0.796733 0.450693 -4.725508
v 0.796733 0.491396 -4.766212
v 0.796733 0.450693 -4.766212
v 0.796733 0.267170 -4.909030
v 0.796733 0.307874 -4.909030
v 0.796733 0.307874 -4.949735
v 0.796733 0.491396 -4.909030
v 0.796733 0.450693 -4.949735
v 0.796733 0.450693 -4.909030
v 0.654695 0.267170 -4.766212
v 0.654695 0.307874 -4.766212
v 0.654695 0.307874 -4.725508
v 0.654695 0.491396 -4.766212
v 0.654695 0.450693 -4.725508
v 0.654695 0.450693 -4.766212
v 0.654695 0.267170 -4.909030
v 0.654695 0.307874 -4.949735
v 0.654694 0.307874 -4.909030
v 0.654694 0.491396 -4.909030
v 0.654694 0.450693 -4.909030
v 0.654695 0.450693 -4.949735
v 0.796733 0.476522 -4.934860
v 0.654694 0.476522 -4.934860
v 0.796733 0.476522 -4.740382
v 0.654695 0.476522 -4.740382
v 0.796733 0.282043 -4.740382
v 0.654695 0.282043 -4.740382
v 0.796733 0.282043 -4.934860
v 0.654695 0.282043 -4.934860
v 0.744152 0.327110 -4.434866
v 0.744152 0.431457 -4.515526
v 0.744151 0.327110 -4.782774
v 0.744151 0.431457 -4.782774
v 0.707277 0.327110 -4.434866
v 0.707277 0.431457 -4.515526
v 0.707277 0.327110 -4.782774
v 0.707277 0.431457 -4.782774
v 0.796734 0.267170 -3.344765
v 0.796734 0.307874 -3.385469
v 0.796734 0.307874 -3.344765
v 0.796734 0.450693 -3.385469
v 0.796734 0.491396 -3.344765
v 0.796734 0.450693 -3.344765
v 0.796734 0.267170 -3.201947
v 0.796734 0.307874 -3.201947
v 0.796734 0.307874 -3.161242
v 0.796734 0.491396 -3.201947
v 0.796734 0.450693 -3.161242
v 0.796734 0.450693 -3.201947
v 0.654695 0.267170 -3.344765
v 0.654695 0.307874 -3.344765
v 0.654695 0.307874 -3.385469
v 0.654695 0.491396 -3.344765
v 0.654695 0.450693 -3.385469
v 0.654695 0.450693 -3.344765
v 0.654695 0.267170 -3.201947
v 0.654695 0.307874 -3.161242
v 0.654695 0.307874 -3.201947
v 0.654695 0.491396 -3.201947
v 0.654695 0.450693 -3.201947
v 0.654695 0.450693 -3.161242
v 0.796734 0.476522 -3.176117
v 0.654695 0.476522 -3.176117
v 0.796734 0.476522 -3.370595
v 0.654695 0.476522 -3.370595
v 0.796734 0.282043 -3.370595
v 0.654695 0.282043 -3.370595
v 0.796734 0.282043 -3.176117
v 0.654695 0.282043 -3.176117
v 0.744152 0.327110 -3.676111
v 0.744152 0.431457 -3.595451
v 0.744152 0.327110 -3.328203
v 0.744152 0.431457 -3.328203
v 0.707277 0.327110 -3.676111
v 0.707277 0.431457 -3.595451
v 0.707277 0.327110 -3.328203
v 0.707277 0.431457 -3.328203
v -0.711894 0.662676 -4.141610
v -0.711894 0.581092 -4.242956
v -0.711894 0.389738 -4.242994
v -0.711894 0.260204 -4.243953
v -0.711894 0.232082 -4.209140
v -0.711894 0.134717 -4.222381
v -0.711894 0.377445 -4.526637
v -0.711894 0.376239 -4.648811
v -0.711894 0.493332 -4.651578
v -0.711894 0.540009 -4.719367
v -0.711895 0.538093 -4.935605
v -0.711895 0.475214 -4.980325
v -0.711895 0.319758 -4.978407
v -0.711895 0.319603 -5.055545
v -0.711895 0.574121 -5.053752
v -0.711895 0.631935 -5.017546
v -0.711895 0.662522 -4.959143
v -0.711894 0.593359 -4.545640
v -0.711894 0.593336 -4.546990
v -0.711894 0.486425 -4.527708
v -0.711894 0.413596 -4.409527
v -0.711894 0.407420 -4.330393
v -0.711894 0.428889 -4.311749
v -0.711894 0.574953 -4.312404
v -0.711894 0.590563 -4.356092
v -0.711894 0.580134 -3.868000
v -0.711894 0.389711 -3.867982
v -0.711894 0.260204 -3.867025
v -0.711894 0.232826 -3.900769
v -0.711894 0.135210 -3.887919
v -0.711894 0.377445 -3.584340
v -0.711894 0.376240 -3.462166
v -0.711894 0.493332 -3.459399
v -0.711894 0.540009 -3.391610
v -0.711894 0.538093 -3.175372
v -0.711894 0.475387 -3.130720
v -0.711894 0.319758 -3.132570
v -0.711894 0.319602 -3.055287
v -0.711894 0.571525 -3.056187
v -0.711894 0.631935 -3.093430
v -0.711894 0.662651 -3.152187
v -0.711894 0.593359 -3.565336
v -0.711894 0.593336 -3.563987
v -0.711894 0.486425 -3.583269
v -0.711894 0.413596 -3.701450
v -0.711894 0.407420 -3.780583
v -0.711894 0.428889 -3.799228
v -0.711894 0.561967 -3.799860
v -0.711894 0.589571 -3.780237
v -0.779211 0.662676 -4.141610
v -0.779211 0.581092 -4.242956
v -0.779211 0.389738 -4.242994
v -0.779211 0.260205 -4.243953
v -0.779211 0.232082 -4.209140
v -0.779211 0.134717 -4.222381
v -0.779211 0.377445 -4.526637
v -0.779211 0.376239 -4.648811
v -0.779211 0.493332 -4.651578
v -0.779211 0.540009 -4.719367
v -0.779211 0.538094 -4.935605
v -0.779211 0.475214 -4.980325
v -0.779211 0.319758 -4.978407
v -0.779211 0.319603 -5.055545
v -0.779211 0.574121 -5.053752
v -0.779211 0.631935 -5.017546
v -0.779211 0.662522 -4.959143
v -0.779211 0.593359 -4.545640
v -0.779211 0.593336 -4.546990
v -0.779211 0.486425 -4.527708
v -0.779211 0.413596 -4.409527
v -0.779211 0.407420 -4.330393
v -0.779211 0.428889 -4.311749
v -0.779211 0.574953 -4.312404
v -0.779211 0.590563 -4.356092
v -0.779211 0.580134 -3.868000
v -0.779211 0.389711 -3.867982
v -0.779211 0.260205 -3.867025
v -0.779211 0.232826 -3.900769
v -0.779211 0.135210 -3.887919
v -0.779211 0.377445 -3.584340
v -0.779211 0.376240 -3.462166
v -0.779211 0.493332 -3.459399
v -0.779210 0.540009 -3.391610
v -0.779210 0.538094 -3.175372
v -0.779210 0.475387 -3.130720
v -0.779210 0.319758 -3.132570
v -0.779210 0.319602 -3.055287
v -0.779210 0.571525 -3.056187
v -0.779210 0.631935 -3.093430
v -0.779210 0.662651 -3.152187
v -0.779211 0.593359 -3.565336
v -0.779211 0.593336 -3.563987
v -0.779211 0.486426 -3.583269
v -0.779211 0.413596 -3.701450
v -0.779211 0.407420 -3.780583
v -0.779211 0.428889 -3.799228
v -0.779211 0.561967 -3.799860
v -0.779211 0.589571 -3.780237
v -0.796734 0.267170 -4.766212
v -0.796734 0.307874 -4.725508
v -0.796734 0.307874 -4.766212
v -0.796734 0.450693 -4.725508
v -0.796734 0.491396 -4.766212
v -0.796734 0.450693 -4.766212
v -0.796734 0.267170 -4.909030
v -0.796734 0.307874 -4.909030
v -0.796734 0.307874 -4.949735
v -0.796734 0.491396 -4.909030
v -0.796734 0.450693 -4.949735
v -0.796734 0.450693 -4.909030
v -0.654696 0.267170 -4.766212
v -0.654695 0.307874 -4.766212
v -0.654696 0.307874 -4.725508
v -0.654695 0.491396 -4.766212
v -0.654696 0.450693 -4.725508
v -0.654695 0.450693 -4.766212
v -0.654696 0.267170 -4.909030
v -0.654696 0.307874 -4.949735
v -0.654695 0.307874 -4.909030
v -0.654695 0.491396 -4.909030
v -0.654695 0.450693 -4.909030
v -0.654696 0.450693 -4.949735
v -0.796734 0.476522 -4.934860
v -0.654695 0.476522 -4.934860
v -0.796734 0.476522 -4.740382
v -0.654695 0.476522 -4.740382
v -0.796734 0.282043 -4.740382
v -0.654696 0.282043 -4.740382
v -0.796734 0.282043 -4.934860
v -0.654696 0.282043 -4.934860
v -0.744152 0.327110 -4.434866
v -0.744152 0.431457 -4.515526
v -0.744152 0.327110 -4.782774
v -0.744152 0.431457 -4.782774
v -0.707278 0.327110 -4.434866
v -0.707278 0.431457 -4.515526
v -0.707278 0.327110 -4.782774
v -0.707278 0.431457 -4.782774
v -0.796734 0.267170 -3.344765
v -0.796734 0.307874 -3.385469
v -0.796734 0.307874 -3.344765
v -0.796734 0.450693 -3.385469
v -0.796734 0.491396 -3.344765
v -0.796734 0.450693 -3.344765
v -0.796734 0.267170 -3.201947
v -0.796734 0.307874 -3.201947
v -0.796734 0.307874 -3.161242
v -0.796734 0.491396 -3.201947
v -0.796734 0.450693 -3.161242
v -0.796734 0.450693 -3.201947
v -0.654696 0.267170 -3.344765
v -0.654695 0.307874 -3.344765
v -0.654696 0.307874 -3.385469
v -0.654695 0.491396 -3.344765
v -0.654696 0.450693 -3.385469
v -0.654695 0.450693 -3.344765
v -0.654696 0.267170 -3.201947
v -0.654696 0.307874 -3.161242
v -0.654695 0.307874 -3.201947
v -0.654695 0.491396 -3.201947
v -0.654695 0.450693 -3.201947
v -0.654696 0.450693 -3.161242
v -0.796734 0.476522 -3.176117
v -0.654695 0.476522 -3.176117
v -0.796734 0.476522 -3.370595
v -0.654695 0.476522 -3.370595
v -0.796734 0.282043 -3.370595
v -0.654696 0.282043 -3.370595
v -0.796734 0.282043 -3.176117
v -0.654696 0.282043 -3.176117
v -0.744152 0.327110 -3.676111
v -0.744152 0.431457 -3.595451
v -0.744152 0.327110 -3.328203
v -0.744152 0.431457 -3.328203
v -0.707278 0.327110 -3.676111
v -0.707278 0.431457 -3.595451
v -0.707278 0.327110 -3.328203
v -0.707278 0.431457 -3.328203
v 0.783758 0.574244 -4.051609
v 0.836729 0.442805 -4.183048
v 0.641030 0.442805 -4.051609
v 0.641030 0.574244 -4.051609
v 0.641030 0.574244 -4.183048
v 0.830231 0.454396 -4.168478
v 0.830231 0.454396 -4.061837
v 0.641030 0.562653 -4.168478
v 0.641030 0.454396 -4.168478
v 0.641030 0.454396 -4.061837
v 0.791291 0.235697 -4.067181
v 0.791291 0.442290 -4.067181
v 0.804019 0.235697 -4.087814
v 0.804019 0.442290 -4.087814
v 0.809574 0.235697 -4.113076
v 0.807107 0.235697 -4.139119
v 0.807107 0.442290 -4.139119
v 0.796997 0.235697 -4.161976
v 0.796997 0.442290 -4.161977
v 0.780780 0.442290 -4.178174
v 0.760927 0.235697 -4.185240
v 0.740459 0.235697 -4.182102
v 0.740459 0.442290 -4.182103
v 0.722493 0.235697 -4.169237
v 0.709764 0.235697 -4.148604
v 0.709764 0.442290 -4.148604
v 0.704210 0.235697 -4.123343
v 0.704210 0.442290 -4.123343
v 0.706676 0.235697 -4.097300
v 0.706676 0.442290 -4.097300
v 0.716787 0.235697 -4.074441
v 0.716787 0.442290 -4.074441
v 0.733003 0.235697 -4.058246
v 0.733003 0.442290 -4.058246
v 0.752857 0.235697 -4.051178
v 0.752857 0.442290 -4.051178
v 0.773324 0.235697 -4.054317
v 0.783759 0.574244 -4.058824
v 0.783759 0.574244 -3.927383
v 0.641030 0.442805 -4.058824
v 0.641030 0.574244 -4.058824
v 0.641030 0.442805 -3.927383
v 0.641030 0.574244 -3.927383
v 0.790948 0.562653 -4.048596
v 0.641030 0.562653 -3.941954
v 0.641030 0.454396 -3.941954
v 0.641030 0.454396 -4.048596
v 0.791291 0.235697 -4.043251
v 0.791291 0.442290 -4.043251
v 0.804019 0.235697 -4.022618
v 0.809574 0.235697 -3.997357
v 0.809574 0.442290 -3.997357
v 0.807107 0.235697 -3.971314
v 0.796997 0.235697 -3.948456
v 0.796997 0.442290 -3.948456
v 0.780780 0.235697 -3.932260
v 0.740459 0.442290 -3.928330
v 0.722493 0.235697 -3.941195
v 0.722493 0.442290 -3.941195
v 0.709764 0.235697 -3.961828
v 0.709764 0.442290 -3.961828
v 0.704210 0.235697 -3.987089
v 0.704210 0.442290 -3.987090
v 0.706676 0.235697 -4.013132
v 0.706676 0.442290 -4.013132
v 0.716787 0.235697 -4.035991
v 0.716787 0.442290 -4.035991
v 0.733003 0.235697 -4.052187
v 0.733003 0.442290 -4.052187
v 0.752857 0.442290 -4.059254
v 0.773324 0.235697 -4.056116
v 0.830231 0.454396 3.824831
v 0.830231 0.454396 3.718190
v 0.809574 0.442290 3.769429
v 0.807108 0.442290 3.795472
v 0.796997 0.442290 3.818331
v 0.780780 0.442290 3.834527
v 0.760927 0.442290 3.841593
v 0.740460 0.235697 3.838456
v 0.722493 0.442290 3.825590
v 0.709764 0.442290 3.804957
v 0.704210 0.442290 3.779696
v 0.706676 0.235697 3.753653
v 0.706676 0.442290 3.753653
v 0.733004 0.442290 3.714599
v 0.773325 0.442290 3.710670
v 0.836729 0.442805 3.583737
v 0.783759 0.574244 3.583737
v 0.830231 0.454396 3.598307
v 0.830231 0.454396 3.704949
v 0.790949 0.562653 3.598307
v 0.791291 0.442290 3.699604
v 0.804020 0.442290 3.678972
v 0.796997 0.235697 3.604809
v 0.796997 0.442290 3.604809
v 0.780780 0.235697 3.588613
v 0.780780 0.442290 3.588613
v 0.760927 0.235697 3.581546
v 0.760927 0.442290 3.581546
v 0.722493 0.235697 3.597548
v 0.722493 0.442290 3.597548
v 0.706676 0.442290 3.669485
v 0.733004 0.442290 3.708541
v 0.752857 0.235697 3.715607
v 0.752857 0.442290 3.715607
v 0.773325 0.442290 3.712469
v -0.836729 0.442805 -4.055216
v -0.783758 0.574244 -4.051609
v -0.783758 0.574244 -4.183048
v -0.641031 0.574244 -4.051609
v -0.641031 0.574244 -4.183048
v -0.830231 0.454396 -4.168478
v -0.790949 0.562653 -4.061837
v -0.641031 0.454396 -4.061837
v -0.641031 0.562653 -4.061837
v -0.791291 0.235697 -4.067181
v -0.804020 0.235697 -4.087814
v -0.804020 0.442290 -4.087814
v -0.809574 0.235697 -4.113076
v -0.809574 0.442290 -4.113076
v -0.807108 0.235697 -4.139118
v -0.796997 0.235697 -4.161976
v -0.796997 0.442290 -4.161977
v -0.780780 0.235697 -4.178174
v -0.780780 0.442290 -4.178174
v -0.760927 0.235697 -4.185240
v -0.760927 0.442290 -4.185240
v -0.740460 0.235697 -4.182102
v -0.740460 0.442290 -4.182104
v -0.722493 0.235697 -4.169237
v -0.709764 0.235697 -4.148604
v -0.709764 0.442290 -4.148604
v -0.704210 0.235697 -4.123343
v -0.704210 0.442290 -4.123343
v -0.706676 0.235697 -4.097300
v -0.706676 0.442290 -4.097300
v -0.716787 0.235697 -4.074441
v -0.716787 0.442290 -4.074441
v -0.733004 0.235697 -4.058246
v -0.733004 0.442290 -4.058246
v -0.752857 0.235697 -4.051178
v -0.752857 0.442290 -4.051178
v -0.773325 0.442290 -4.054316
v -0.783759 0.574244 -4.058823
v -0.783759 0.574244 -3.927384
v -0.641031 0.442805 -4.058823
v -0.641031 0.574244 -4.058823
v -0.641031 0.574244 -3.927384
v -0.790949 0.562653 -3.941953
v -0.641031 0.454396 -3.941953
v -0.641031 0.454396 -4.048596
v -0.791291 0.235697 -4.043251
v -0.804020 0.235697 -4.022618
v -0.804020 0.442290 -4.022618
v -0.809574 0.235697 -3.997357
v -0.809574 0.442290 -3.997357
v -0.807108 0.235697 -3.971314
v -0.807108 0.442290 -3.971314
v -0.796997 0.235697 -3.948456
v -0.796997 0.442290 -3.948456
v -0.780781 0.235697 -3.932259
v -0.780781 0.442290 -3.932259
v -0.760927 0.235697 -3.925192
v -0.760927 0.442290 -3.925192
v -0.740460 0.442290 -3.928330
v -0.722494 0.235697 -3.941195
v -0.722494 0.442290 -3.941195
v -0.709764 0.235697 -3.961828
v -0.709764 0.442290 -3.961828
v -0.704210 0.235697 -3.987089
v -0.704210 0.442290 -3.987090
v -0.706676 0.235697 -4.013132
v -0.706676 0.442290 -4.013132
v -0.716787 0.235697 -4.035991
v -0.716787 0.442290 -4.035991
v -0.733004 0.235697 -4.052188
v -0.733004 0.442290 -4.052188
v -0.752857 0.235697 -4.059253
v -0.752857 0.442290 -4.059253
v -0.773325 0.235697 -4.056116
v -0.773325 0.442290 -4.056116
v -0.836729 0.442805 3.711570
v -0.783758 0.574244 3.707962
v -0.641030 0.442805 3.707962
v -0.641030 0.574244 3.707962
v -0.641030 0.442805 3.839401
v -0.830231 0.454396 3.824831
v -0.830231 0.454396 3.718190
v -0.641030 0.562653 3.824831
v -0.641030 0.454396 3.824831
v -0.641030 0.454396 3.718190
v -0.740459 0.235697 3.838456
v -0.722493 0.235697 3.825590
v -0.722493 0.442290 3.825590
v -0.706676 0.235697 3.753653
v -0.706676 0.442290 3.753653
v -0.733004 0.235697 3.714598
v -0.733004 0.442290 3.714598
v -0.773324 0.235697 3.710670
v -0.773324 0.442290 3.710669
v -0.783759 0.574244 3.715176
v -0.836729 0.442805 3.583737
v -0.783759 0.574244 3.583737
v -0.641030 0.442805 3.715176
v -0.641030 0.574244 3.715176
v -0.641030 0.442805 3.583737
v -0.641030 0.574244 3.583737
v -0.830231 0.454396 3.598306
v -0.830231 0.454396 3.704949
v -0.790948 0.562653 3.598306
v -0.641030 0.562653 3.598306
v -0.641030 0.454396 3.598306
v -0.804019 0.235697 3.678971
v -0.804019 0.442290 3.678971
v -0.733004 0.235697 3.708541
v -0.733004 0.442290 3.708541
v 0.817899 0.376667 -4.894104
v -0.790259 0.335241 -4.822352
v -0.790259 0.352750 -4.804843
v -0.790259 0.376667 -4.798435
v 0.817899 0.376667 -4.798435
v -0.790259 0.400585 -4.804843
v 0.817899 0.400585 -4.804843
v -0.790259 0.418093 -4.822352
v 0.817899 0.418094 -4.822352
v -0.790259 0.418093 -4.870187
v 0.385578 0.376667 -4.503559
v 0.429720 0.376667 -4.503559
v 0.385578 0.268912 -4.521541
v 0.429720 0.268912 -4.521541
v 0.385578 0.172834 -4.573535
v 0.429720 0.172834 -4.573535
v 0.385578 0.045939 -4.862826
v 0.429720 0.045939 -4.862826
v 0.385578 0.072757 -4.968728
v 0.429720 0.072757 -4.968728
v 0.385578 0.132509 -5.060184
v 0.429720 0.132509 -5.060184
v 0.385578 0.322045 -5.162755
v 0.385578 0.431290 -5.162755
v 0.429720 0.431290 -5.162755
v 0.385578 0.680577 -4.968728
v 0.429720 0.680577 -4.968728
v 0.385578 0.707396 -4.862826
v 0.429720 0.707396 -4.862826
v 0.429720 0.698375 -4.753953
v 0.385578 0.580501 -4.573535
v 0.429720 0.580501 -4.573535
v 0.385578 0.484423 -4.521541
v 0.429720 0.484423 -4.521541
v 0.393047 0.353912 -4.769137
v 0.393047 0.317998 -4.797091
v 0.393047 0.312490 -4.863572
v 0.393047 0.325108 -4.882885
v 0.393047 0.343313 -4.897055
v 0.393047 0.388202 -4.904546
v 0.393047 0.410022 -4.897055
v 0.393047 0.440845 -4.863572
v 0.393047 0.435337 -4.797091
v 0.440849 0.250281 -4.467268
v 0.440849 0.050807 -4.622526
v 0.440849 -0.011246 -4.867565
v 0.440849 0.020210 -4.991778
v 0.440849 0.312600 -5.219354
v 0.440849 0.440734 -5.219354
v 0.440849 0.733125 -4.991777
v 0.440849 0.702528 -4.622526
v 0.440849 0.615745 -4.528254
v 0.440849 0.503054 -4.467268
v 0.459736 0.250281 -4.467268
v 0.459736 0.137589 -4.528254
v 0.459736 0.050807 -4.622526
v 0.459736 -0.011246 -4.867565
v 0.459736 0.020210 -4.991778
v 0.459736 0.312600 -5.219354
v 0.459736 0.440734 -5.219354
v 0.459736 0.733125 -4.991777
v 0.459736 0.702528 -4.622526
v 0.459736 0.615745 -4.528254
v -0.357938 0.376667 -5.167282
v -0.402080 0.376667 -5.167282
v -0.357938 0.268912 -5.149301
v -0.402080 0.268912 -5.149301
v -0.402080 0.172834 -5.097306
v -0.402080 0.045939 -4.808016
v -0.402080 0.072757 -4.702113
v -0.357938 0.132509 -4.610657
v -0.402080 0.132509 -4.610657
v -0.357938 0.218719 -4.543558
v -0.402080 0.218719 -4.543557
v -0.357938 0.322045 -4.508085
v -0.402080 0.322045 -4.508085
v -0.357938 0.431290 -4.508085
v -0.402080 0.431290 -4.508085
v -0.357938 0.534616 -4.543558
v -0.402080 0.534616 -4.543557
v -0.357938 0.680577 -4.702113
v -0.402080 0.707396 -4.808016
v -0.357938 0.654491 -5.016932
v -0.402080 0.654491 -5.016932
v -0.357938 0.580501 -5.097307
v -0.402080 0.580501 -5.097307
v -0.365406 0.376667 -4.905502
v -0.365406 0.353912 -4.901705
v -0.365406 0.333623 -4.890724
v -0.365406 0.317998 -4.873752
v -0.365406 0.308731 -4.852625
v -0.365406 0.325108 -4.787957
v -0.365406 0.365133 -4.766296
v -0.365406 0.388202 -4.766296
v -0.365406 0.410022 -4.773787
v -0.365406 0.428227 -4.787957
v -0.365406 0.440845 -4.807270
v -0.365406 0.444603 -4.852625
v -0.365406 0.435337 -4.873752
v -0.365406 0.419712 -4.890724
v -0.365406 0.399423 -4.901705
v -0.413209 0.250281 -5.203573
v -0.413209 0.376667 -5.224664
v -0.413209 0.137589 -5.142587
v -0.413209 -0.000665 -4.930974
v -0.413209 0.020210 -4.679064
v -0.413209 0.191409 -4.493093
v -0.413209 0.312600 -4.451487
v -0.413209 0.440734 -4.451487
v -0.413209 0.561926 -4.493093
v -0.413209 0.663042 -4.571793
v -0.413209 0.764581 -4.803277
v -0.413209 0.754000 -4.930974
v -0.413209 0.702528 -5.048316
v -0.432096 0.250281 -5.203573
v -0.432096 0.376667 -5.224664
v -0.432096 -0.000665 -4.930974
v -0.432096 -0.011246 -4.803277
v -0.432096 0.020210 -4.679064
v -0.432096 0.191409 -4.493093
v -0.432096 0.440734 -4.451487
v -0.432096 0.663042 -4.571793
v -0.432096 0.754000 -4.930974
v -0.790259 0.376667 -3.216872
v 0.817899 0.376667 -3.216872
v -0.790259 0.352750 -3.223281
v -0.790259 0.335241 -3.240789
v 0.817899 0.335241 -3.240789
v -0.790259 0.328833 -3.264707
v -0.790259 0.335241 -3.288624
v 0.817899 0.335241 -3.288624
v -0.790259 0.352750 -3.306133
v -0.790259 0.400585 -3.306133
v -0.790259 0.418093 -3.288624
v 0.817899 0.418094 -3.288624
v -0.790259 0.424502 -3.264707
v 0.817899 0.424502 -3.264707
v -0.790259 0.418093 -3.240789
v 0.817899 0.418094 -3.240789
v -0.790259 0.400585 -3.223281
v 0.429720 0.376667 -3.607417
v 0.385578 0.268912 -3.589436
v 0.429720 0.268912 -3.589436
v 0.385578 0.172834 -3.537441
v 0.429720 0.172834 -3.537441
v 0.429720 0.098844 -3.457067
v 0.385578 0.054960 -3.357023
v 0.429720 0.054960 -3.357023
v 0.385578 0.045939 -3.248150
v 0.429720 0.045939 -3.248150
v 0.385578 0.132509 -3.050792
v 0.429720 0.132509 -3.050792
v 0.385578 0.322045 -2.948220
v 0.429720 0.322045 -2.948220
v 0.385578 0.431290 -2.948220
v 0.429720 0.431290 -2.948220
v 0.385578 0.620826 -3.050791
v 0.429720 0.620826 -3.050791
v 0.429720 0.707396 -3.248150
v 0.385578 0.698375 -3.357023
v 0.429720 0.698375 -3.357023
v 0.429720 0.654491 -3.457067
v 0.385578 0.580501 -3.537441
v 0.429720 0.580501 -3.537441
v 0.385578 0.484423 -3.589436
v 0.429720 0.484423 -3.589436
v 0.393047 0.376667 -3.345636
v 0.393047 0.353912 -3.341839
v 0.393047 0.308731 -3.292759
v 0.393047 0.312490 -3.247404
v 0.393047 0.325108 -3.228092
v 0.393047 0.365133 -3.206430
v 0.393047 0.388202 -3.206430
v 0.393047 0.428227 -3.228092
v 0.393047 0.446509 -3.269768
v 0.393047 0.444603 -3.292759
v 0.393047 0.419712 -3.330859
v 0.440849 0.137589 -3.582722
v 0.440849 0.050807 -3.488450
v 0.440849 0.090292 -3.011929
v 0.440849 0.191409 -2.933227
v 0.440849 0.561926 -2.933227
v 0.440849 0.733125 -3.119198
v 0.440849 0.764581 -3.243412
v 0.440849 0.615745 -3.582723
v 0.440849 0.503054 -3.643708
v 0.459736 0.137589 -3.582722
v 0.459736 0.050807 -3.488450
v 0.459736 -0.000665 -3.371109
v 0.459736 -0.011246 -3.243411
v 0.459736 0.090292 -3.011929
v 0.459736 0.191409 -2.933227
v 0.459736 0.561926 -2.933227
v 0.459736 0.663042 -3.011929
v 0.459736 0.764581 -3.243412
v 0.459736 0.753999 -3.371108
v 0.459736 0.702528 -3.488450
v 0.459736 0.503054 -3.643708
v -0.357938 0.376667 -2.943694
v -0.402080 0.376667 -2.943694
v -0.357938 0.268912 -2.961675
v -0.402080 0.268912 -2.961675
v -0.357938 0.172834 -3.013669
v -0.402080 0.172834 -3.013669
v -0.357938 0.098844 -3.094044
v -0.402080 0.098844 -3.094044
v -0.357938 0.045939 -3.302960
v -0.402080 0.045939 -3.302960
v -0.357938 0.072757 -3.408863
v -0.402080 0.072757 -3.408863
v -0.357938 0.218719 -3.567418
v -0.357938 0.534616 -3.567418
v -0.357938 0.620826 -3.500319
v -0.402080 0.620826 -3.500319
v -0.402080 0.680577 -3.408863
v -0.357938 0.707396 -3.302960
v -0.402080 0.707396 -3.302960
v -0.357938 0.654491 -3.094044
v -0.402080 0.654491 -3.094044
v -0.357938 0.580501 -3.013669
v -0.402080 0.580501 -3.013669
v -0.357938 0.484423 -2.961674
v -0.402080 0.484423 -2.961674
v -0.365406 0.376667 -3.205474
v -0.365406 0.353912 -3.209272
v -0.365406 0.333623 -3.220253
v -0.365406 0.317998 -3.237224
v -0.365406 0.306826 -3.281342
v -0.365406 0.325108 -3.323020
v -0.365406 0.343313 -3.337189
v -0.365406 0.365133 -3.344680
v -0.365406 0.388202 -3.344680
v -0.365406 0.410022 -3.337189
v -0.365406 0.446509 -3.281342
v -0.365406 0.444603 -3.258351
v -0.365406 0.435337 -3.237224
v -0.365406 0.419712 -3.220253
v -0.365406 0.399423 -3.209272
v -0.413209 0.250281 -2.907403
v -0.413209 -0.011246 -3.307699
v -0.413209 0.020210 -3.431912
v -0.413209 0.191409 -3.617884
v -0.413209 0.733125 -3.431912
v -0.413209 0.764581 -3.307699
v -0.413209 0.503054 -2.907403
v -0.432096 0.250281 -2.907403
v -0.432096 0.376667 -2.886312
v -0.432096 -0.011246 -3.307699
v -0.432096 0.020210 -3.431912
v -0.432096 0.191409 -3.617884
v -0.432096 0.440734 -3.659490
v -0.432096 0.663042 -3.539183
v -0.432096 0.733125 -3.431912
v -0.432096 0.764581 -3.307699
v -0.432096 0.503054 -2.907403
v -0.790258 0.376667 4.550458
v 0.817899 0.376667 4.550458
v -0.790258 0.352750 4.544048
v 0.817899 0.352750 4.544048
v -0.790258 0.328833 4.502622
v 0.817899 0.328833 4.502622
v -0.790258 0.335241 4.478705
v 0.817899 0.335241 4.478705
v -0.790258 0.352750 4.461196
v 0.817899 0.352750 4.461196
v -0.790258 0.376667 4.454788
v 0.817899 0.376667 4.454788
v -0.790258 0.400585 4.461196
v 0.817899 0.400585 4.461196
v -0.790258 0.418093 4.478705
v 0.817899 0.418094 4.478705
v -0.790258 0.424502 4.502622
v 0.817899 0.424502 4.502622
v -0.790258 0.400585 4.544048
v 0.817899 0.400585 4.544048
v 0.429720 0.268912 4.177895
v 0.385578 0.098844 4.310263
v 0.429720 0.098844 4.310263
v 0.385578 0.054960 4.410306
v 0.429720 0.054960 4.410306
v 0.385578 0.045939 4.519179
v 0.429720 0.045939 4.519179
v 0.385578 0.072757 4.625082
v 0.385578 0.132509 4.716537
v 0.429720 0.132509 4.716537
v 0.385578 0.218719 4.783638
v 0.429720 0.218719 4.783638
v 0.385578 0.322045 4.819109
v 0.429720 0.322045 4.819109
v 0.385578 0.431290 4.819109
v 0.429720 0.431290 4.819109
v 0.385578 0.534616 4.783638
v 0.429720 0.534616 4.783638
v 0.385578 0.620826 4.716537
v 0.429720 0.620826 4.716537
v 0.385578 0.680577 4.625082
v 0.429720 0.680577 4.625082
v 0.385578 0.707396 4.519179
v 0.429720 0.707396 4.519179
v 0.385578 0.698375 4.410306
v 0.429720 0.698375 4.410306
v 0.385578 0.654491 4.310263
v 0.429720 0.654491 4.310263
v 0.385578 0.484423 4.177895
v 0.429720 0.484423 4.177895
v 0.393047 0.376667 4.421693
v 0.393047 0.353912 4.425491
v 0.393047 0.333623 4.436470
v 0.393047 0.317998 4.453443
v 0.393047 0.308731 4.474570
v 0.393047 0.306826 4.497561
v 0.393047 0.312490 4.519925
v 0.393047 0.325108 4.539237
v 0.393047 0.343313 4.553409
v 0.393047 0.365133 4.560899
v 0.393047 0.388202 4.560899
v 0.393047 0.410022 4.553409
v 0.393047 0.428227 4.539237
v 0.393047 0.440845 4.519925
v 0.393047 0.444603 4.474570
v 0.393047 0.435337 4.453443
v 0.393047 0.419712 4.436470
v 0.393047 0.399423 4.425491
v 0.440849 0.137589 4.184607
v 0.440849 -0.000665 4.396221
v 0.440849 -0.011246 4.523919
v 0.440850 0.191409 4.834103
v 0.440850 0.312600 4.875708
v 0.440850 0.440734 4.875708
v 0.440850 0.561926 4.834103
v 0.440850 0.663042 4.755400
v 0.440849 0.733125 4.648130
v 0.440849 0.764581 4.523917
v 0.440849 0.753999 4.396221
v 0.440849 0.615745 4.184607
v 0.459736 -0.000665 4.396221
v 0.459736 -0.011246 4.523919
v 0.459736 0.090292 4.755400
v 0.459736 0.312600 4.875708
v 0.459736 0.440734 4.875708
v 0.459736 0.561926 4.834103
v 0.459736 0.733125 4.648130
v 0.459736 0.764581 4.523917
v 0.459736 0.753999 4.396221
v 0.459736 0.702528 4.278880
v 0.459736 0.615745 4.184607
v -0.402080 0.376667 4.823636
v -0.357938 0.268912 4.805654
v -0.402080 0.268912 4.805654
v -0.357938 0.172834 4.753660
v -0.402080 0.098844 4.673284
v -0.357938 0.054960 4.573241
v -0.402080 0.054960 4.573241
v -0.357938 0.045939 4.464369
v -0.402080 0.045939 4.464369
v -0.357938 0.072757 4.358466
v -0.402080 0.072757 4.358466
v -0.402080 0.218719 4.199911
v -0.402080 0.534616 4.199911
v -0.357938 0.680577 4.358466
v -0.402080 0.680577 4.358466
v -0.357938 0.707396 4.464369
v -0.402080 0.707396 4.464369
v -0.357938 0.698375 4.573241
v -0.402080 0.698375 4.573241
v -0.357938 0.654491 4.673286
v -0.357938 0.580501 4.753660
v -0.402080 0.580501 4.753660
v -0.402080 0.484423 4.805655
v -0.365406 0.376667 4.561855
v -0.365406 0.333623 4.547077
v -0.365406 0.317998 4.530105
v -0.365406 0.308731 4.508978
v -0.365406 0.306826 4.485987
v -0.365406 0.312490 4.463623
v -0.365406 0.325108 4.444310
v -0.365406 0.365133 4.422650
v -0.365406 0.388202 4.422650
v -0.365406 0.428227 4.444310
v -0.365406 0.440845 4.463623
v -0.365406 0.446509 4.485987
v -0.365406 0.444603 4.508978
v -0.365406 0.435337 4.530105
v -0.365406 0.419712 4.547077
v -0.413208 0.376667 4.881018
v -0.413208 0.137589 4.798940
v -0.413209 0.050807 4.704669
v -0.413209 -0.011246 4.459630
v -0.413209 0.020210 4.335417
v -0.413209 0.090292 4.228146
v -0.413209 0.191409 4.149446
v -0.413209 0.312600 4.107839
v -0.413209 0.440734 4.107839
v -0.413209 0.561926 4.149446
v -0.413209 0.663042 4.228146
v -0.413209 0.733125 4.335417
v -0.413209 0.764581 4.459630
v -0.413209 0.702528 4.704669
v -0.413208 0.615745 4.798940
v -0.432096 0.250281 4.859926
v -0.432096 0.376667 4.881018
v -0.432096 0.137589 4.798940
v -0.432096 0.050807 4.704669
v -0.432096 -0.011246 4.459630
v -0.432096 0.020210 4.335417
v -0.432096 0.090292 4.228146
v -0.432096 0.191409 4.149446
v -0.432096 0.312600 4.107839
v -0.432096 0.440734 4.107839
v -0.432096 0.561926 4.149446
v -0.432096 0.663042 4.228146
v -0.432096 0.733125 4.335417
v -0.432096 0.764581 4.459630
v -0.432096 0.702528 4.704669
v -0.432096 0.615745 4.798940
v -0.432096 0.503054 4.859926
v 0.817899 0.376667 2.873226
v 0.817899 0.352750 2.879634
v -0.790258 0.335241 2.897143
v 0.817899 0.335241 2.897143
v 0.817899 0.328833 2.921060
v 0.817899 0.335241 2.944977
v 0.817899 0.352750 2.962486
v 0.817899 0.376667 2.968894
v 0.817899 0.400585 2.962486
v 0.817899 0.418094 2.944977
v 0.817899 0.424502 2.921060
v -0.790258 0.418093 2.897143
v 0.817899 0.418094 2.897143
v 0.817899 0.400585 2.879634
v 0.385578 0.376667 3.263771
v 0.429720 0.376667 3.263771
v 0.429720 0.268912 3.245789
v 0.385578 0.172834 3.193794
v 0.429720 0.172834 3.193794
v 0.385578 0.072757 2.798601
v 0.429720 0.072757 2.798601
v 0.385578 0.218719 2.640044
v 0.429720 0.218719 2.640044
v 0.385578 0.322045 2.604573
v 0.429720 0.322045 2.604573
v 0.385578 0.431290 2.604573
v 0.429720 0.431290 2.604573
v 0.385578 0.534616 2.640044
v 0.429720 0.534616 2.640044
v 0.385578 0.620826 2.707144
v 0.429720 0.620826 2.707144
v 0.429720 0.680577 2.798601
v 0.385578 0.654491 3.113420
v 0.385578 0.580501 3.193794
v 0.429720 0.580501 3.193794
v 0.429720 0.484423 3.245789
v 0.393047 0.353912 2.998192
v 0.393047 0.308731 2.949112
v 0.393047 0.306826 2.926122
v 0.393047 0.428227 2.884444
v 0.393047 0.440845 2.903757
v 0.393047 0.446509 2.926122
v 0.393047 0.444603 2.949112
v 0.393047 0.435337 2.970239
v 0.440849 0.250281 3.300061
v 0.440849 0.376667 3.321152
v 0.440849 0.137589 3.239075
v 0.440849 0.050807 3.144803
v 0.440849 -0.011246 2.899764
v 0.440849 0.020210 2.775551
v 0.440850 0.090292 2.668282
v 0.440850 0.191409 2.589581
v 0.440850 0.312600 2.547975
v 0.440850 0.440734 2.547975
v 0.440850 0.561926 2.589581
v 0.440850 0.663042 2.668282
v 0.440849 0.733125 2.775551
v 0.440849 0.702528 3.144803
v 0.440849 0.615745 3.239075
v 0.440849 0.503054 3.300061
v 0.459736 0.250281 3.300061
v 0.459736 0.376667 3.321152
v 0.459736 0.137589 3.239075
v 0.459736 0.050807 3.144803
v 0.459736 -0.011246 2.899764
v 0.459736 0.020210 2.775551
v 0.459736 0.090292 2.668282
v 0.459736 0.191409 2.589581
v 0.459736 0.312600 2.547975
v 0.459736 0.440734 2.547975
v 0.459736 0.561926 2.589581
v 0.459736 0.663042 2.668282
v 0.459736 0.733125 2.775551
v 0.459736 0.764581 2.899765
v 0.459736 0.702528 3.144803
v 0.459736 0.615745 3.239075
v 0.459736 0.503054 3.300061
v -0.357938 0.376667 2.600048
v -0.402080 0.376667 2.600048
v -0.402080 0.172834 2.670023
v -0.357938 0.132509 3.156673
v -0.402080 0.132509 3.156673
v -0.357938 0.218719 3.223772
v -0.357938 0.322045 3.259244
v -0.402080 0.322045 3.259244
v -0.357938 0.431290 3.259244
v -0.402080 0.431290 3.259244
v -0.357938 0.534616 3.223772
v -0.357938 0.620826 3.156673
v -0.402080 0.620826 3.156673
v -0.357938 0.680577 3.065217
v -0.402080 0.680577 3.065217
v -0.402080 0.707396 2.959313
v -0.357938 0.654491 2.750397
v -0.402080 0.654491 2.750397
v -0.365406 0.353912 2.865624
v -0.365406 0.312490 2.960059
v -0.365406 0.343313 2.993542
v -0.365406 0.410022 2.993542
v -0.365406 0.440845 2.960059
v -0.365406 0.399423 2.865624
v -0.413209 0.250281 2.563756
v -0.413209 0.376667 2.542665
v -0.413209 0.137589 2.624742
v -0.413209 0.050807 2.719013
v -0.413209 -0.011246 2.964052
v -0.413209 0.312600 3.315843
v -0.413209 0.440734 3.315843
v -0.413209 0.561926 3.274236
v -0.413209 0.663042 3.195537
v -0.413209 0.702528 2.719013
v -0.413209 0.615745 2.624742
v -0.413209 0.503054 2.563756
v -0.432096 0.250281 2.563756
v -0.432096 0.376667 2.542665
v -0.432096 0.137589 2.624742
v -0.432096 0.050807 2.719013
v -0.432096 -0.011246 2.964052
v -0.432096 0.191409 3.274236
v -0.432096 0.312600 3.315843
v -0.432096 0.663042 3.195537
v -0.432096 0.702528 2.719013
v -0.432096 0.615745 2.624742
v -0.432096 0.503054 2.563756
v 0.741234 0.566387 3.397009
v 0.741234 0.685860 3.397009
v -0.741234 0.566387 3.397009
v -0.741234 0.685860 3.397009
v 0.741234 0.566387 3.837544
v 0.741234 0.685860 3.837544
v -0.741234 0.566387 3.837544
v -0.741234 0.685860 3.837544
v 0.711895 0.662676 3.797963
v 0.711895 0.581092 3.899309
v 0.711895 0.389738 3.899348
v 0.711895 0.260204 3.900306
v 0.711895 0.232082 3.865493
v 0.711895 0.134717 3.878734
v 0.711895 0.377445 4.182990
v 0.711895 0.376239 4.305165
v 0.711895 0.493332 4.307931
v 0.711895 0.540009 4.375720
v 0.711895 0.538093 4.591958
v 0.711895 0.475214 4.636678
v 0.711895 0.319758 4.634760
v 0.711895 0.319603 4.711898
v 0.711895 0.574121 4.710105
v 0.711895 0.631935 4.673900
v 0.711895 0.662522 4.615496
v 0.711895 0.593359 4.201994
v 0.711895 0.593336 4.203342
v 0.711895 0.486425 4.184061
v 0.711895 0.413596 4.065881
v 0.711895 0.407420 3.986746
v 0.711895 0.428889 3.968102
v 0.711895 0.574953 3.968757
v 0.711895 0.590563 4.012446
v 0.711895 0.580134 3.524354
v 0.711895 0.389711 3.524336
v 0.711895 0.260204 3.523378
v 0.711895 0.232826 3.557123
v 0.711895 0.135210 3.544272
v 0.711895 0.377445 3.240694
v 0.711895 0.376240 3.118518
v 0.711895 0.493332 3.115752
v 0.711895 0.540009 3.047963
v 0.711895 0.538093 2.831725
v 0.711895 0.475387 2.787073
v 0.711895 0.319758 2.788924
v 0.711895 0.319602 2.711640
v 0.711895 0.571525 2.712540
v 0.711895 0.631935 2.749784
v 0.711895 0.662651 2.808540
v 0.711895 0.593359 3.221689
v 0.711895 0.593336 3.220340
v 0.711895 0.486425 3.239622
v 0.711895 0.413596 3.357802
v 0.711895 0.407420 3.436937
v 0.711895 0.428889 3.455581
v 0.711895 0.561967 3.456214
v 0.711895 0.589571 3.436590
v 0.779211 0.662676 3.797963
v 0.779211 0.581092 3.899309
v 0.779211 0.389738 3.899348
v 0.779211 0.260205 3.900306
v 0.779211 0.232082 3.865493
v 0.779211 0.134717 3.878734
v 0.779211 0.377445 4.182990
v 0.779211 0.376239 4.305165
v 0.779211 0.493332 4.307931
v 0.779211 0.540009 4.375720
v 0.779211 0.538094 4.591958
v 0.779211 0.475214 4.636678
v 0.779211 0.319758 4.634760
v 0.779211 0.319603 4.711898
v 0.779211 0.574121 4.710105
v 0.779211 0.631935 4.673900
v 0.779211 0.662522 4.615496
v 0.779211 0.593359 4.201994
v 0.779211 0.593336 4.203342
v 0.779211 0.486426 4.184061
v 0.779211 0.413596 4.065881
v 0.779211 0.407420 3.986746
v 0.779211 0.428889 3.968102
v 0.779211 0.574953 3.968757
v 0.779211 0.590563 4.012446
v 0.779211 0.580134 3.524354
v 0.779211 0.389711 3.524336
v 0.779211 0.260205 3.523378
v 0.779211 0.232826 3.557123
v 0.779211 0.135210 3.544272
v 0.779211 0.377445 3.240694
v 0.779211 0.376240 3.118518
v 0.779211 0.493332 3.115752
v 0.779211 0.540009 3.047963
v 0.779211 0.538094 2.831725
v 0.779211 0.475387 2.787073
v 0.779211 0.319758 2.788924
v 0.779211 0.319602 2.711640
v 0.779211 0.571526 2.712540
v 0.779211 0.631935 2.749784
v 0.779211 0.662651 2.808540
v 0.779211 0.593359 3.221689
v 0.779211 0.593336 3.220340
v 0.779211 0.486426 3.239622
v 0.779211 0.413596 3.357802
v 0.779211 0.407420 3.436937
v 0.779211 0.428889 3.455581
v 0.779211 0.561967 3.456214
v 0.779211 0.589571 3.436590
v 0.796734 0.267170 4.422565
v 0.796734 0.307874 4.381861
v 0.796734 0.307874 4.422565
v 0.796734 0.450693 4.381861
v 0.796734 0.491396 4.422565
v 0.796734 0.450693 4.422565
v 0.796734 0.267170 4.565383
v 0.796734 0.307874 4.565383
v 0.796734 0.307874 4.606088
v 0.796734 0.491396 4.565383
v 0.796734 0.450693 4.606088
v 0.796734 0.450693 4.565383
v 0.654696 0.267170 4.422565
v 0.654695 0.307874 4.422565
v 0.654696 0.307874 4.381861
v 0.654695 0.491396 4.422565
v 0.654696 0.450693 4.381861
v 0.654695 0.450693 4.422565
v 0.654696 0.267170 4.565383
v 0.654696 0.307874 4.606088
v 0.654695 0.307874 4.565383
v 0.654695 0.491396 4.565383
v 0.654695 0.450693 4.565383
v 0.654696 0.450693 4.606088
v 0.796734 0.476522 4.591213
v 0.654695 0.476522 4.591213
v 0.796734 0.476522 4.396735
v 0.654695 0.476522 4.396735
v 0.796734 0.282043 4.396735
v 0.654696 0.282043 4.396735
v 0.796734 0.282043 4.591213
v 0.654696 0.282043 4.591213
v 0.744152 0.327110 4.091219
v 0.744152 0.431457 4.171879
v 0.744152 0.327110 4.439128
v 0.744152 0.431457 4.439128
v 0.707278 0.327110 4.091219
v 0.707278 0.431457 4.171879
v 0.707278 0.327110 4.439128
v 0.707278 0.431457 4.439128
v 0.796734 0.267170 3.001118
v 0.796734 0.307874 3.041823
v 0.796734 0.307874 3.001118
v 0.796734 0.450693 3.041823
v 0.796734 0.491396 3.001118
v 0.796734 0.450693 3.001118
v 0.796734 0.267170 2.858300
v 0.796734 0.307874 2.858300
v 0.796734 0.307874 2.817595
v 0.796734 0.491396 2.858300
v 0.796734 0.450693 2.817595
v 0.796734 0.450693 2.858300
v 0.654696 0.267170 3.001118
v 0.654695 0.307874 3.001118
v 0.654696 0.307874 3.041823
v 0.654695 0.491396 3.001118
v 0.654696 0.450693 3.041823
v 0.654695 0.450693 3.001118
v 0.654696 0.267170 2.858300
v 0.654696 0.307874 2.817595
v 0.654695 0.307874 2.858300
v 0.654695 0.491396 2.858300
v 0.654695 0.450693 2.858300
v 0.654696 0.450693 2.817595
v 0.796734 0.476522 2.832470
v 0.654695 0.476522 2.832470
v 0.796734 0.476522 3.026949
v 0.654695 0.476522 3.026949
v 0.796734 0.282043 3.026949
v 0.654696 0.282043 3.026949
v 0.796734 0.282043 2.832470
v 0.654696 0.282043 2.832470
v 0.744152 0.327110 3.332464
v 0.744152 0.431457 3.251804
v 0.744152 0.327110 2.984556
v 0.744152 0.431457 2.984556
v 0.707278 0.327110 3.332464
v 0.707278 0.431457 3.251804
v 0.707278 0.327110 2.984556
v 0.707278 0.431457 2.984556
v -0.711894 0.662676 3.797963
v -0.711894 0.581092 3.899309
v -0.711894 0.389738 3.899348
v -0.711894 0.260204 3.900306
v -0.711894 0.232082 3.865493
v -0.711894 0.134717 3.878734
v -0.711894 0.377445 4.182990
v -0.711894 0.376239 4.305165
v -0.711894 0.493332 4.307931
v -0.711894 0.540009 4.375720
v -0.711894 0.538093 4.591958
v -0.711894 0.475214 4.636678
v -0.711894 0.319758 4.634760
v -0.711894 0.319603 4.711898
v -0.711894 0.574121 4.710105
v -0.711894 0.631935 4.673900
v -0.711894 0.662522 4.615496
v -0.711894 0.593359 4.201994
v -0.711894 0.593336 4.203342
v -0.711894 0.486425 4.184061
v -0.711894 0.413596 4.065881
v -0.711894 0.407420 3.986746
v -0.711894 0.428889 3.968102
v -0.711894 0.574953 3.968757
v -0.711894 0.590563 4.012446
v -0.711894 0.580134 3.524354
v -0.711894 0.389711 3.524336
v -0.711894 0.260204 3.523378
v -0.711894 0.232826 3.557123
v -0.711894 0.135210 3.544272
v -0.711894 0.377445 3.240694
v -0.711894 0.376240 3.118518
v -0.711894 0.493332 3.115752
v -0.711894 0.540009 3.047963
v -0.711894 0.538093 2.831725
v -0.711894 0.475387 2.787073
v -0.711894 0.319758 2.788924
v -0.711894 0.319602 2.711640
v -0.711894 0.571525 2.712540
v -0.711894 0.631935 2.749784
v -0.711894 0.662651 2.808540
v -0.711894 0.593359 3.221689
v -0.711894 0.593336 3.220340
v -0.711894 0.486425 3.239622
v -0.711894 0.413596 3.357802
v -0.711894 0.407420 3.436937
v -0.711894 0.428889 3.455581
v -0.711894 0.561967 3.456214
v -0.711894 0.589571 3.436590
v -0.779210 0.662676 3.797963
v -0.779210 0.581092 3.899309
v -0.779210 0.389738 3.899348
v -0.779210 0.260205 3.900306
v -0.779210 0.232082 3.865493
v -0.779210 0.134717 3.878734
v -0.779210 0.377445 4.182990
v -0.779210 0.376239 4.305165
v -0.779210 0.493332 4.307931
v -0.779210 0.540009 4.375720
v -0.779210 0.538094 4.591958
v -0.779210 0.475214 4.636678
v -0.779210 0.319758 4.634760
v -0.779210 0.319603 4.711898
v -0.779210 0.574121 4.710105
v -0.779210 0.631935 4.673900
v -0.779210 0.662522 4.615496
v -0.779210 0.593359 4.201994
v -0.779210 0.593336 4.203342
v -0.779210 0.486425 4.184061
v -0.779210 0.413596 4.065881
v -0.779210 0.407420 3.986746
v -0.779210 0.428889 3.968102
v -0.779210 0.574953 3.968757
v -0.779210 0.590563 4.012446
v -0.779210 0.580134 3.524354
v -0.779210 0.389711 3.524336
v -0.779210 0.260205 3.523378
v -0.779210 0.232826 3.557123
v -0.779210 0.135210 3.544272
v -0.779210 0.377445 3.240694
v -0.779210 0.376240 3.118518
v -0.779210 0.493332 3.115752
v -0.779210 0.540009 3.047963
v -0.779210 0.538094 2.831725
v -0.779210 0.475387 2.787073
v -0.779210 0.319758 2.788924
v -0.779210 0.319602 2.711640
v -0.779210 0.571525 2.712540
v -0.779210 0.631935 2.749784
v -0.779210 0.662651 2.808540
v -0.779210 0.593359 3.221689
v -0.779210 0.593336 3.220340
v -0.779210 0.486426 3.239622
v -0.779210 0.413596 3.357802
v -0.779210 0.407420 3.436937
v -0.779210 0.428889 3.455581
v -0.779210 0.561967 3.456214
v -0.779210 0.589571 3.436590
v -0.796733 0.267170 4.422565
v -0.796733 0.307874 4.381861
v -0.796733 0.307874 4.422565
v -0.796733 0.450693 4.381861
v -0.796733 0.491396 4.422565
v -0.796733 0.450693 4.422565
v -0.796733 0.267170 4.565383
v -0.796733 0.307874 4.565383
v -0.796733 0.307874 4.606088
v -0.796733 0.491396 4.565383
v -0.796733 0.450693 4.606088
v -0.796733 0.450693 4.565383
v -0.654695 0.267170 4.422565
v -0.654694 0.307874 4.422565
v -0.654695 0.307874 4.381861
v -0.654694 0.491396 4.422565
v -0.654695 0.450693 4.381861
v -0.654694 0.450693 4.422565
v -0.654695 0.267170 4.565383
v -0.654695 0.307874 4.606088
v -0.654694 0.307874 4.565383
v -0.654694 0.491396 4.565383
v -0.654694 0.450693 4.565383
v -0.654695 0.450693 4.606088
v -0.796733 0.476522 4.591213
v -0.654694 0.476522 4.591213
v -0.796733 0.476522 4.396735
v -0.654695 0.476522 4.396735
v -0.796733 0.282043 4.396735
v -0.654695 0.282043 4.396735
v -0.796733 0.282043 4.591213
v -0.654695 0.282043 4.591213
v -0.744151 0.327110 4.091219
v -0.744151 0.431457 4.171879
v -0.744151 0.327110 4.439128
v -0.744151 0.431457 4.439128
v -0.707277 0.327110 4.091219
v -0.707277 0.431457 4.171879
v -0.707277 0.327110 4.439128
v -0.707277 0.431457 4.439128
v -0.796734 0.267170 3.001118
v -0.796734 0.307874 3.041823
v -0.796734 0.307874 3.001118
v -0.796734 0.450693 3.041823
v -0.796734 0.491396 3.001118
v -0.796734 0.450693 3.001118
v -0.796734 0.267170 2.858300
v -0.796734 0.307874 2.858300
v -0.796734 0.307874 2.817595
v -0.796734 0.491396 2.858300
v -0.796734 0.450693 2.817595
v -0.796734 0.450693 2.858300
v -0.654695 0.267170 3.001118
v -0.654695 0.307874 3.001118
v -0.654695 0.307874 3.041823
v -0.654695 0.491396 3.001118
v -0.654695 0.450693 3.041823
v -0.654695 0.450693 3.001118
v -0.654695 0.267170 2.858300
v -0.654695 0.307874 2.817595
v -0.654695 0.307874 2.858300
v -0.654695 0.491396 2.858300
v -0.654695 0.450693 2.858300
v -0.654695 0.450693 2.817595
v -0.796734 0.476522 2.832470
v -0.654695 0.476522 2.832470
v -0.796734 0.476522 3.026949
v -0.654695 0.476522 3.026949
v -0.796734 0.282043 3.026949
v -0.654695 0.282043 3.026949
v -0.796734 0.282043 2.832470
v -0.654695 0.282043 2.832470
v -0.744151 0.327110 3.332464
v -0.744151 0.431457 3.251804
v -0.744151 0.327110 2.984556
v -0.744151 0.431457 2.984556
v -0.707277 0.327110 3.332464
v -0.707277 0.431457 3.251804
v -0.707277 0.327110 2.984556
v -0.707277 0.431457 2.984556
v 0.836729 0.442805 3.711570
v 0.783758 0.574244 3.707962
v 0.836729 0.442805 3.839401
v 0.783758 0.574244 3.839401
v 0.641031 0.442805 3.707962
v 0.641031 0.574244 3.707962
v 0.641031 0.442805 3.839401
v 0.641031 0.574244 3.839401
v 0.790949 0.562653 3.718190
v 0.790949 0.562653 3.824831
v 0.641031 0.562653 3.824831
v 0.641031 0.454396 3.824831
v 0.641031 0.454396 3.718190
v 0.641031 0.562653 3.718190
v 0.791291 0.235697 3.723535
v 0.791291 0.442290 3.723535
v 0.804020 0.235697 3.744167
v 0.804020 0.442290 3.744167
v 0.809574 0.235697 3.769429
v 0.807108 0.235697 3.795472
v 0.796997 0.235697 3.818330
v 0.780780 0.235697 3.834527
v 0.760927 0.235697 3.841593
v 0.740460 0.442290 3.838456
v 0.722493 0.235697 3.825590
v 0.709764 0.235697 3.804957
v 0.704210 0.235697 3.779696
v 0.716787 0.235697 3.730795
v 0.716787 0.442290 3.730795
v 0.733004 0.235697 3.714599
v 0.752857 0.235697 3.707532
v 0.752857 0.442290 3.707532
v 0.773325 0.235697 3.710670
v 0.783759 0.574244 3.715177
v 0.641031 0.442805 3.715177
v 0.641031 0.574244 3.715177
v 0.641031 0.442805 3.583737
v 0.641031 0.574244 3.583737
v 0.790949 0.562653 3.704949
v 0.641031 0.562653 3.598307
v 0.641031 0.454396 3.598307
v 0.641031 0.454396 3.704949
v 0.641031 0.562653 3.704949
v 0.791291 0.235697 3.699604
v 0.804020 0.235697 3.678972
v 0.809574 0.235697 3.653710
v 0.809574 0.442290 3.653710
v 0.807108 0.235697 3.627667
v 0.807108 0.442290 3.627667
v 0.740460 0.235697 3.584683
v 0.740460 0.442290 3.584683
v 0.709764 0.235697 3.618181
v 0.709764 0.442290 3.618181
v 0.704210 0.235697 3.643443
v 0.704210 0.442290 3.643444
v 0.706676 0.235697 3.669485
v 0.716787 0.235697 3.692344
v 0.716787 0.442290 3.692344
v 0.733004 0.235697 3.708541
v 0.773325 0.235697 3.712469
v 0.836729 0.442805 -4.055216
v 0.783758 0.574244 -4.183048
v 0.641030 0.442805 -4.183048
v 0.790948 0.562653 -4.061837
v 0.790948 0.562653 -4.168478
v 0.641030 0.562653 -4.061837
v 0.809574 0.442290 -4.113076
v 0.780780 0.235697 -4.178174
v 0.760927 0.442290 -4.185240
v 0.722493 0.442290 -4.169237
v 0.773324 0.442290 -4.054317
v 0.836729 0.442805 -3.927383
v 0.830231 0.454396 -3.941954
v 0.830231 0.454396 -4.048596
v 0.790948 0.562653 -3.941954
v 0.641030 0.562653 -4.048596
v 0.804019 0.442290 -4.022618
v 0.807107 0.442290 -3.971314
v 0.780780 0.442290 -3.932260
v 0.760927 0.235697 -3.925193
v 0.760927 0.442290 -3.925193
v 0.740459 0.235697 -3.928330
v 0.752857 0.235697 -4.059254
v 0.773324 0.442290 -4.056116
v -0.836729 0.442805 3.839401
v -0.783758 0.574244 3.839401
v -0.641030 0.574244 3.839401
v -0.790948 0.562653 3.718190
v -0.790948 0.562653 3.824831
v -0.641030 0.562653 3.718190
v -0.791291 0.235697 3.723535
v -0.791291 0.442290 3.723535
v -0.804019 0.235697 3.744167
v -0.804019 0.442290 3.744167
v -0.809574 0.235697 3.769430
v -0.809574 0.442290 3.769430
v -0.807108 0.235697 3.795472
v -0.807108 0.442290 3.795472
v -0.796997 0.235697 3.818330
v -0.796997 0.442290 3.818330
v -0.780780 0.235697 3.834527
v -0.780780 0.442290 3.834527
v -0.760927 0.235697 3.841593
v -0.760927 0.442290 3.841593
v -0.740459 0.442290 3.838457
v -0.709764 0.235697 3.804958
v -0.709764 0.442290 3.804958
v -0.704210 0.235697 3.779696
v -0.704210 0.442290 3.779696
v -0.716787 0.235697 3.730795
v -0.716787 0.442290 3.730795
v -0.752857 0.235697 3.707532
v -0.752857 0.442290 3.707532
v -0.790948 0.562653 3.704949
v -0.641030 0.454396 3.704949
v -0.641030 0.562653 3.704949
v -0.791291 0.235697 3.699604
v -0.791291 0.442290 3.699604
v -0.809574 0.235697 3.653711
v -0.809574 0.442290 3.653711
v -0.807108 0.235697 3.627667
v -0.807108 0.442290 3.627667
v -0.796997 0.235697 3.604809
v -0.796997 0.442290 3.604809
v -0.780780 0.235697 3.588613
v -0.780780 0.442290 3.588613
v -0.760927 0.235697 3.581545
v -0.760927 0.442290 3.581545
v -0.740459 0.235697 3.584683
v -0.740459 0.442290 3.584683
v -0.722493 0.235697 3.597547
v -0.722493 0.442290 3.597547
v -0.709764 0.235697 3.618181
v -0.709764 0.442290 3.618181
v -0.704210 0.235697 3.643443
v -0.704210 0.442290 3.643443
v -0.706676 0.235697 3.669485
v -0.706676 0.442290 3.669485
v -0.716787 0.235697 3.692344
v -0.716787 0.442290 3.692344
v -0.752857 0.235697 3.715607
v -0.752857 0.442290 3.715607
v -0.773324 0.235697 3.712469
v -0.773324 0.442290 3.712469
v -0.836729 0.442805 -4.183048
v -0.641031 0.442805 -4.051609
v -0.641031 0.442805 -4.183048
v -0.830231 0.454396 -4.061837
v -0.790949 0.562653 -4.168478
v -0.641031 0.562653 -4.168478
v -0.641031 0.454396 -4.168478
v -0.791291 0.442290 -4.067181
v -0.807108 0.442290 -4.139118
v -0.722493 0.442290 -4.169237
v -0.773325 0.235697 -4.054317
v -0.836729 0.442805 -3.927384
v -0.641031 0.442805 -3.927384
v -0.830231 0.454396 -3.941953
v -0.830231 0.454396 -4.048596
v -0.790949 0.562653 -4.048596
v -0.641031 0.562653 -3.941953
v -0.641031 0.562653 -4.048596
v -0.791291 0.442290 -4.043251
v -0.740460 0.235697 -3.928330
v -0.790258 0.335241 4.526539
v 0.817899 0.335241 4.526539
v -0.790258 0.418093 4.526539
v 0.817899 0.418094 4.526539
v 0.385578 0.376667 4.159911
v 0.429720 0.376667 4.159911
v 0.385578 0.268912 4.177895
v 0.385578 0.172834 4.229888
v 0.429720 0.172834 4.229888
v 0.429720 0.072757 4.625082
v 0.385578 0.580501 4.229888
v 0.429720 0.580501 4.229888
v 0.393047 0.446509 4.497560
v 0.440849 0.250281 4.123621
v 0.440849 0.376667 4.102530
v 0.440849 0.050807 4.278880
v 0.440849 0.020210 4.648132
v 0.440850 0.090292 4.755400
v 0.440849 0.702528 4.278880
v 0.440849 0.503054 4.123621
v 0.459736 0.250281 4.123621
v 0.459736 0.376667 4.102530
v 0.459736 0.137589 4.184607
v 0.459736 0.050807 4.278880
v 0.459736 0.020210 4.648132
v 0.459736 0.191409 4.834103
v 0.459736 0.663042 4.755400
v 0.459736 0.503054 4.123621
v -0.357938 0.376667 4.823636
v -0.402080 0.172834 4.753660
v -0.357938 0.098844 4.673284
v -0.357938 0.132509 4.267009
v -0.402080 0.132509 4.267009
v -0.357938 0.218719 4.199911
v -0.357938 0.322045 4.164438
v -0.402080 0.322045 4.164438
v -0.357938 0.431290 4.164438
v -0.402080 0.431290 4.164438
v -0.357938 0.534616 4.199911
v -0.357938 0.620826 4.267009
v -0.402080 0.620826 4.267009
v -0.402080 0.654491 4.673286
v -0.357938 0.484423 4.805655
v -0.365406 0.353912 4.558058
v -0.365406 0.343313 4.430140
v -0.365406 0.410022 4.430140
v -0.365406 0.399423 4.558058
v -0.413208 0.250281 4.859926
v -0.413209 -0.000665 4.587327
v -0.413209 0.754000 4.587327
v -0.413208 0.503054 4.859926
v -0.432096 -0.000665 4.587327
v -0.432096 0.754000 4.587327
v -0.790258 0.376667 2.873224
v -0.790258 0.352750 2.879634
v -0.790258 0.328833 2.921060
v -0.790258 0.335241 2.944977
v -0.790258 0.352750 2.962486
v -0.790258 0.376667 2.968894
v -0.790258 0.400585 2.962486
v -0.790258 0.418093 2.944977
v -0.790258 0.424502 2.921060
v -0.790258 0.400585 2.879634
v 0.385578 0.268912 3.245789
v 0.385578 0.098844 3.113420
v 0.429720 0.098844 3.113420
v 0.385578 0.054960 3.013376
v 0.429720 0.054960 3.013376
v 0.385578 0.045939 2.904503
v 0.429720 0.045939 2.904503
v 0.385578 0.132509 2.707145
v 0.429720 0.132509 2.707145
v 0.385578 0.680577 2.798601
v 0.385578 0.707396 2.904503
v 0.429720 0.707396 2.904503
v 0.385578 0.698375 3.013376
v 0.429720 0.698375 3.013376
v 0.429720 0.654491 3.113420
v 0.385578 0.484423 3.245789
v 0.393047 0.376667 3.001989
v 0.393047 0.333623 2.987212
v 0.393047 0.317998 2.970239
v 0.393047 0.312490 2.903757
v 0.393047 0.325108 2.884445
v 0.393047 0.343313 2.870274
v 0.393047 0.365133 2.862783
v 0.393047 0.388202 2.862783
v 0.393047 0.410022 2.870274
v 0.393047 0.419712 2.987212
v 0.393047 0.399423 2.998192
v 0.440849 -0.000665 3.027461
v 0.440849 0.764581 2.899765
v 0.440849 0.753999 3.027461
v 0.459736 -0.000665 3.027461
v 0.459736 0.753999 3.027461
v -0.357938 0.268912 2.618029
v -0.402080 0.268912 2.618029
v -0.357938 0.172834 2.670023
v -0.357938 0.098844 2.750398
v -0.402080 0.098844 2.750398
v -0.357938 0.054960 2.850441
v -0.402080 0.054960 2.850441
v -0.357938 0.045939 2.959313
v -0.402080 0.045939 2.959313
v -0.357938 0.072757 3.065217
v -0.402080 0.072757 3.065217
v -0.402080 0.218719 3.223772
v -0.402080 0.534616 3.223772
v -0.357938 0.707396 2.959313
v -0.357938 0.698375 2.850441
v -0.402080 0.698375 2.850441
v -0.357938 0.580501 2.670022
v -0.402080 0.580501 2.670022
v -0.357938 0.484423 2.618028
v -0.402080 0.484423 2.618028
v -0.365406 0.376667 2.861827
v -0.365406 0.333623 2.876606
v -0.365406 0.317998 2.893577
v -0.365406 0.308731 2.914704
v -0.365406 0.306826 2.937696
v -0.365406 0.325108 2.979373
v -0.365406 0.365133 3.001033
v -0.365406 0.388202 3.001033
v -0.365406 0.428227 2.979373
v -0.365406 0.446509 2.937696
v -0.365406 0.444603 2.914704
v -0.365406 0.435337 2.893577
v -0.365406 0.419712 2.876606
v -0.413209 -0.000665 2.836355
v -0.413209 0.020210 3.088266
v -0.413209 0.090292 3.195537
v -0.413209 0.191409 3.274236
v -0.413209 0.733125 3.088266
v -0.413209 0.764581 2.964052
v -0.413209 0.754000 2.836355
v -0.432096 -0.000665 2.836355
v -0.432096 0.020210 3.088266
v -0.432096 0.090292 3.195537
v -0.432096 0.440734 3.315843
v -0.432096 0.561926 3.274236
v -0.432096 0.733125 3.088266
v -0.432096 0.764581 2.964052
v -0.432096 0.754000 2.836355
v -0.790259 0.376667 -4.894104
v -0.790259 0.352750 -4.887695
v 0.817899 0.352750 -4.887695
v -0.790259 0.335241 -4.870187
v 0.817899 0.335241 -4.870187
v -0.790259 0.328833 -4.846269
v 0.817899 0.328833 -4.846269
v 0.817899 0.335241 -4.822352
v 0.817899 0.352750 -4.804843
v -0.790259 0.424502 -4.846269
v 0.817899 0.424502 -4.846269
v 0.817899 0.418094 -4.870187
v -0.790259 0.400585 -4.887695
v 0.817899 0.400585 -4.887695
v 0.385578 0.098844 -4.653910
v 0.429720 0.098844 -4.653910
v 0.385578 0.054960 -4.753953
v 0.429720 0.054960 -4.753953
v 0.385578 0.218719 -5.127285
v 0.429720 0.218719 -5.127285
v 0.429720 0.322045 -5.162755
v 0.385578 0.534616 -5.127285
v 0.429720 0.534616 -5.127285
v 0.385578 0.620826 -5.060184
v 0.429720 0.620826 -5.060184
v 0.385578 0.698375 -4.753953
v 0.385578 0.654491 -4.653910
v 0.429720 0.654491 -4.653910
v 0.393047 0.376667 -4.765340
v 0.393047 0.333623 -4.780117
v 0.393047 0.308731 -4.818217
v 0.393047 0.306826 -4.841208
v 0.393047 0.365133 -4.904546
v 0.393047 0.428227 -4.882885
v 0.393047 0.446509 -4.841208
v 0.393047 0.444603 -4.818217
v 0.393047 0.419712 -4.780117
v 0.393047 0.399423 -4.769137
v 0.440849 0.376667 -4.446178
v 0.440849 0.137589 -4.528254
v 0.440849 -0.000665 -4.739868
v 0.440849 0.090292 -5.099047
v 0.440849 0.191409 -5.177749
v 0.440849 0.561926 -5.177749
v 0.440849 0.663042 -5.099047
v 0.440849 0.764581 -4.867564
v 0.440849 0.753999 -4.739868
v 0.459736 0.376667 -4.446178
v 0.459736 -0.000665 -4.739868
v 0.459736 0.090292 -5.099047
v 0.459736 0.191409 -5.177749
v 0.459736 0.561926 -5.177749
v 0.459736 0.663042 -5.099047
v 0.459736 0.764581 -4.867564
v 0.459736 0.753999 -4.739868
v 0.459736 0.503054 -4.467268
v -0.357938 0.172834 -5.097306
v -0.357938 0.098844 -5.016931
v -0.402080 0.098844 -5.016931
v -0.357938 0.054960 -4.916888
v -0.402080 0.054960 -4.916888
v -0.357938 0.045939 -4.808016
v -0.357938 0.072757 -4.702113
v -0.357938 0.620826 -4.610657
v -0.402080 0.620826 -4.610657
v -0.402080 0.680577 -4.702113
v -0.357938 0.707396 -4.808016
v -0.357938 0.698375 -4.916888
v -0.402080 0.698375 -4.916888
v -0.357938 0.484423 -5.149302
v -0.402080 0.484423 -5.149302
v -0.365406 0.306826 -4.829634
v -0.365406 0.312490 -4.807270
v -0.365406 0.343313 -4.773787
v -0.365406 0.446509 -4.829634
v -0.413209 0.050807 -5.048316
v -0.413209 -0.011246 -4.803277
v -0.413209 0.090292 -4.571793
v -0.413209 0.733125 -4.679064
v -0.413209 0.615745 -5.142587
v -0.413209 0.503054 -5.203573
v -0.432096 0.137589 -5.142587
v -0.432096 0.050807 -5.048316
v -0.432096 0.090292 -4.571793
v -0.432096 0.312600 -4.451487
v -0.432096 0.561926 -4.493093
v -0.432096 0.733125 -4.679064
v -0.432096 0.764581 -4.803277
v -0.432096 0.702528 -5.048316
v -0.432096 0.615745 -5.142587
v -0.432096 0.503054 -5.203573
v 0.817899 0.352750 -3.223281
v 0.817899 0.328833 -3.264707
v 0.817899 0.352750 -3.306133
v -0.790259 0.376667 -3.312541
v 0.817899 0.376667 -3.312541
v 0.817899 0.400585 -3.306133
v 0.817899 0.400585 -3.223281
v 0.385578 0.376667 -3.607417
v 0.385578 0.098844 -3.457067
v 0.385578 0.072757 -3.142248
v 0.429720 0.072757 -3.142248
v 0.385578 0.218719 -2.983691
v 0.429720 0.218719 -2.983691
v 0.385578 0.534616 -2.983691
v 0.429720 0.534616 -2.983691
v 0.385578 0.680577 -3.142248
v 0.429720 0.680577 -3.142248
v 0.385578 0.707396 -3.248150
v 0.385578 0.654491 -3.457067
v 0.393047 0.333623 -3.330859
v 0.393047 0.317998 -3.313886
v 0.393047 0.306826 -3.269768
v 0.393047 0.343313 -3.213921
v 0.393047 0.410022 -3.213921
v 0.393047 0.440845 -3.247404
v 0.393047 0.435337 -3.313886
v 0.393047 0.399423 -3.341839
v 0.440849 0.250281 -3.643708
v 0.440849 0.376667 -3.664798
v 0.440849 -0.000665 -3.371109
v 0.440849 -0.011246 -3.243411
v 0.440849 0.020210 -3.119198
v 0.440849 0.312600 -2.891622
v 0.440849 0.440734 -2.891622
v 0.440849 0.663042 -3.011929
v 0.440849 0.753999 -3.371108
v 0.440849 0.702528 -3.488450
v 0.459736 0.250281 -3.643708
v 0.459736 0.376667 -3.664798
v 0.459736 0.020210 -3.119198
v 0.459736 0.312600 -2.891622
v 0.459736 0.440734 -2.891622
v 0.459736 0.733125 -3.119198
v 0.459736 0.615745 -3.582723
v -0.357938 0.054960 -3.194088
v -0.402080 0.054960 -3.194088
v -0.357938 0.132509 -3.500319
v -0.402080 0.132509 -3.500319
v -0.402080 0.218719 -3.567419
v -0.357938 0.322045 -3.602891
v -0.402080 0.322045 -3.602891
v -0.357938 0.431290 -3.602891
v -0.402080 0.431290 -3.602891
v -0.402080 0.534616 -3.567419
v -0.357938 0.680577 -3.408863
v -0.357938 0.698375 -3.194088
v -0.402080 0.698375 -3.194088
v -0.365406 0.308731 -3.258351
v -0.365406 0.312490 -3.303706
v -0.365406 0.428227 -3.323020
v -0.365406 0.440845 -3.303706
v -0.413209 0.376667 -2.886312
v -0.413209 0.137589 -2.968389
v -0.413209 0.050807 -3.062660
v -0.413209 -0.000665 -3.180002
v -0.413209 0.090292 -3.539183
v -0.413209 0.312600 -3.659490
v -0.413209 0.440734 -3.659490
v -0.413209 0.561926 -3.617884
v -0.413209 0.663042 -3.539183
v -0.413209 0.754000 -3.180002
v -0.413209 0.702528 -3.062660
v -0.413209 0.615745 -2.968389
v -0.432096 0.137589 -2.968389
v -0.432096 0.050807 -3.062660
v -0.432096 -0.000665 -3.180002
v -0.432096 0.090292 -3.539183
v -0.432096 0.312600 -3.659490
v -0.432096 0.561926 -3.617884
v -0.432096 0.754000 -3.180002
v -0.432096 0.702528 -3.062660
v -0.432096 0.615745 -2.968389
v -0.000000 2.743023 -5.228549
v -0.000000 0.862516 -5.228549
v -0.178104 2.724957 -5.252273
v -0.349364 2.671451 -5.275084
v -0.507198 2.584562 -5.296107
v -0.645540 2.467629 -5.314534
v -0.759075 2.325147 -5.329657
v -0.843439 2.162589 -5.340893
v -0.895390 1.986204 -5.347813
v -0.912932 1.802770 -5.350149
v -0.895390 1.619335 -5.347813
v -0.843439 1.442950 -5.340893
v -0.759075 1.280392 -5.329657
v -0.645540 1.137910 -5.314534
v -0.507198 1.020977 -5.296107
v -0.349364 0.934088 -5.275084
v -0.178104 0.880582 -5.252273
v -0.162423 2.724957 -5.274617
v -0.318605 2.671451 -5.318913
v -0.462542 2.584562 -5.359738
v -0.588704 2.467629 -5.395521
v -0.692243 2.325147 -5.424887
v -0.769179 2.162589 -5.446708
v -0.816556 1.986204 -5.460145
v -0.832554 1.802770 -5.464683
v -0.816556 1.619335 -5.460145
v -0.769179 1.442950 -5.446708
v -0.692243 1.280392 -5.424887
v -0.588704 1.137910 -5.395521
v -0.462542 1.020977 -5.359738
v -0.318605 0.934088 -5.318913
v -0.162423 0.880582 -5.274617
v -0.137303 2.724957 -5.294284
v -0.269329 2.671451 -5.357492
v -0.391005 2.584562 -5.415745
v -0.497655 2.467629 -5.466804
v -0.585180 2.325147 -5.508708
v -0.650218 2.162589 -5.539844
v -0.690267 1.986204 -5.559018
v -0.703790 1.802770 -5.565493
v -0.690267 1.619335 -5.559018
v -0.650218 1.442950 -5.539844
v -0.585180 1.280392 -5.508708
v -0.497655 1.137910 -5.466804
v -0.391005 1.020977 -5.415745
v -0.269329 0.934088 -5.357492
v -0.137303 0.880582 -5.294284
v -0.104203 2.724957 -5.310131
v -0.204401 2.671451 -5.388577
v -0.296744 2.584562 -5.460873
v -0.377684 2.467629 -5.524241
v -0.444109 2.325147 -5.576246
v -0.493468 2.162589 -5.614889
v -0.523862 1.986204 -5.638686
v -0.534125 1.802770 -5.646720
v -0.523862 1.619335 -5.638686
v -0.493468 1.442950 -5.614889
v -0.444109 1.280392 -5.576246
v -0.377684 1.137910 -5.524241
v -0.296744 1.020977 -5.460873
v -0.204401 0.934088 -5.388577
v -0.104203 0.880582 -5.310131
v -0.065047 2.724957 -5.321236
v -0.127594 2.671451 -5.410361
v -0.185238 2.584562 -5.492499
v -0.235763 2.467629 -5.564494
v -0.277228 2.325147 -5.623578
v -0.308039 2.162589 -5.667481
v -0.327012 1.986204 -5.694517
v -0.333419 1.802770 -5.703646
v -0.327012 1.619335 -5.694517
v -0.308039 1.442950 -5.667481
v -0.277228 1.280392 -5.623578
v -0.235763 1.137910 -5.564494
v -0.185238 1.020977 -5.492499
v -0.127594 0.934088 -5.410361
v -0.065047 0.880582 -5.321236
v -0.022111 2.724957 -5.326955
v -0.043372 2.671451 -5.421579
v -0.062966 2.584562 -5.508785
v -0.080140 2.467629 -5.585222
v -0.094235 2.325147 -5.647952
v -0.104708 2.162589 -5.694564
v -0.111158 1.986204 -5.723268
v -0.113335 1.802770 -5.732960
v -0.111158 1.619335 -5.723268
v -0.104708 1.442950 -5.694564
v -0.094235 1.280392 -5.647952
v -0.080140 1.137910 -5.585222
v -0.062966 1.020977 -5.508785
v -0.043372 0.934088 -5.421579
v -0.022111 0.880582 -5.326955
v 0.022110 2.724957 -5.326955
v 0.043371 2.671451 -5.421579
v 0.062965 2.584562 -5.508785
v 0.080140 2.467629 -5.585222
v 0.094234 2.325147 -5.647952
v 0.104708 2.162589 -5.694564
v 0.111157 1.986204 -5.723268
v 0.113335 1.802770 -5.732960
v 0.111157 1.619335 -5.723268
v 0.104708 1.442950 -5.694564
v 0.094234 1.280392 -5.647952
v 0.080140 1.137910 -5.585222
v 0.062965 1.020977 -5.508785
v 0.043371 0.934088 -5.421579
v 0.022110 0.880582 -5.326955
v 0.065047 2.724957 -5.321236
v 0.127594 2.671451 -5.410361
v 0.185237 2.584562 -5.492499
v 0.235762 2.467629 -5.564494
v 0.277227 2.325147 -5.623578
v 0.308038 2.162589 -5.667481
v 0.327012 1.986204 -5.694517
v 0.333418 1.802770 -5.703646
v 0.327012 1.619335 -5.694517
v 0.308038 1.442950 -5.667481
v 0.277227 1.280392 -5.623578
v 0.235762 1.137910 -5.564494
v 0.185237 1.020977 -5.492499
v 0.127594 0.934088 -5.410361
v 0.065047 0.880582 -5.321236
v 0.104202 2.724957 -5.310131
v 0.204401 2.671451 -5.388577
v 0.296744 2.584562 -5.460873
v 0.377683 2.467629 -5.524241
v 0.444109 2.325147 -5.576246
v 0.493467 2.162589 -5.614889
v 0.523862 1.986204 -5.638686
v 0.534125 1.802770 -5.646720
v 0.523862 1.619335 -5.638686
v 0.493467 1.442950 -5.614889
v 0.444109 1.280392 -5.576246
v 0.377683 1.137910 -5.524241
v 0.296744 1.020977 -5.460873
v 0.204401 0.934088 -5.388577
v 0.104202 0.880582 -5.310131
v 0.137302 2.724957 -5.294284
v 0.269329 2.671451 -5.357492
v 0.391005 2.584562 -5.415745
v 0.497655 2.467629 -5.466804
v 0.585180 2.325147 -5.508708
v 0.650217 2.162589 -5.539844
v 0.690267 1.986204 -5.559018
v 0.703790 1.802770 -5.565493
v 0.690267 1.619335 -5.559018
v 0.650217 1.442950 -5.539844
v 0.585180 1.280392 -5.508708
v 0.497655 1.137910 -5.466804
v 0.391005 1.020977 -5.415745
v 0.269329 0.934088 -5.357492
v 0.137302 0.880582 -5.294284
v 0.162423 2.724957 -5.274617
v 0.318604 2.671451 -5.318913
v 0.462542 2.584562 -5.359738
v 0.588704 2.467629 -5.395521
v 0.692243 2.325147 -5.424887
v 0.769179 2.162589 -5.446708
v 0.816556 1.986204 -5.460145
v 0.832553 1.802770 -5.464683
v 0.816556 1.619335 -5.460145
v 0.769179 1.442950 -5.446708
v 0.692243 1.280392 -5.424887
v 0.588704 1.137910 -5.395521
v 0.462542 1.020977 -5.359738
v 0.318604 0.934088 -5.318913
v 0.162423 0.880582 -5.274617
v 0.178104 2.724957 -5.252273
v 0.349364 2.671451 -5.275084
v 0.507198 2.584562 -5.296107
v 0.645540 2.467629 -5.314534
v 0.759075 2.325147 -5.329657
v 0.843439 2.162589 -5.340893
v 0.895390 1.986204 -5.347813
v 0.912932 1.802770 -5.350150
v 0.895390 1.619335 -5.347813
v 0.843439 1.442950 -5.340893
v 0.759075 1.280392 -5.329657
v 0.645540 1.137910 -5.314534
v 0.507198 1.020977 -5.296107
v 0.349364 0.934088 -5.275084
v 0.178104 0.880582 -5.252273
v 0.183434 2.724957 -5.228549
v 0.359820 2.671451 -5.228549
v 0.522377 2.584562 -5.228549
v 0.664860 2.467629 -5.228549
v 0.781792 2.325147 -5.228549
v 0.868681 2.162589 -5.228549
v 0.922187 1.986204 -5.228549
v 0.940254 1.802770 -5.228549
v 0.922187 1.619335 -5.228549
v 0.868681 1.442950 -5.228549
v 0.781792 1.280392 -5.228549
v 0.664860 1.137910 -5.228549
v 0.522377 1.020977 -5.228549
v 0.359820 0.934088 -5.228549
v 0.183434 0.880582 -5.228549
v -0.183435 2.724957 -5.228549
v -0.359820 2.671451 -5.228549
v -0.522378 2.584562 -5.228549
v -0.664860 2.467629 -5.228549
v -0.781793 2.325147 -5.228549
v -0.868682 2.162589 -5.228549
v -0.922188 1.986204 -5.228549
v -0.940255 1.802770 -5.228549
v -0.922188 1.619335 -5.228549
v -0.868682 1.442950 -5.228549
v -0.781793 1.280392 -5.228549
v -0.664860 1.137910 -5.228549
v -0.522378 1.020977 -5.228549
v -0.359820 0.934088 -5.228549
v -0.183435 0.880582 -5.228549
v -0.000000 2.743023 -0.171823
v -0.000000 0.862516 -0.171823
v 0.183434 2.724957 -0.171823
v 0.359820 2.671451 -0.171823
v 0.522377 2.584562 -0.171823
v 0.664860 2.467629 -0.171823
v 0.781792 2.325146 -0.171823
v 0.868681 2.162589 -0.171823
v 0.922187 1.986204 -0.171823
v 0.940254 1.802770 -0.171823
v 0.922187 1.619335 -0.171823
v 0.868681 1.442950 -0.171823
v 0.781792 1.280393 -0.171823
v 0.664860 1.137910 -0.171823
v 0.522377 1.020977 -0.171823
v 0.359820 0.934089 -0.171823
v 0.183434 0.880583 -0.171823
v -0.183435 2.724957 -0.171823
v -0.359820 2.671451 -0.171823
v -0.522377 2.584562 -0.171823
v -0.664860 2.467629 -0.171823
v -0.781793 2.325146 -0.171823
v -0.868682 2.162589 -0.171823
v -0.922187 1.986204 -0.171823
v -0.940254 1.802770 -0.171823
v -0.922187 1.619335 -0.171823
v -0.868682 1.442950 -0.171823
v -0.781793 1.280393 -0.171823
v -0.664860 1.137910 -0.171823
v -0.522377 1.020977 -0.171823
v -0.359820 0.934089 -0.171823
v -0.183435 0.880583 -0.171823
v 0.868681 1.442950 -3.689616
v 0.922187 1.619335 -3.689616
v -0.922187 1.986204 -3.689616
v -0.940255 1.802770 -3.689616
v 0.781792 1.280393 -3.689616
v -0.922187 1.619335 -3.689616
v 0.664860 1.137910 -3.689616
v -0.868682 1.442950 -3.689615
v 0.522377 1.020977 -3.689616
v -0.781793 1.280393 -3.689615
v 0.359820 0.934088 -3.689616
v -0.664860 1.137910 -3.689616
v 0.183434 0.880583 -3.689616
v -0.522377 1.020977 -3.689616
v 0.359820 2.671451 -3.689616
v 0.183434 2.724957 -3.689616
v -0.359820 0.934088 -3.689616
v 0.522377 2.584562 -3.689616
v -0.183435 0.880583 -3.689616
v 0.664860 2.467629 -3.689616
v -0.183435 2.724957 -3.689616
v -0.359820 2.671451 -3.689616
v -0.000000 2.743023 -3.689616
v 0.781792 2.325147 -3.689616
v -0.522377 2.584562 -3.689616
v -0.000000 0.862516 -3.689616
v 0.868681 2.162589 -3.689616
v -0.664860 2.467629 -3.689616
v 0.922187 1.986204 -3.689616
v -0.781793 2.325147 -3.689615
v 0.940254 1.802770 -3.689616
v -0.868682 2.162589 -3.689615
v 0.868682 1.442950 -4.416069
v -0.922188 1.986204 -4.416069
v 0.781792 1.280393 -4.416070
v 0.664860 1.137910 -4.416069
v 0.522377 1.020977 -4.416069
v 0.359820 0.934088 -4.416069
v 0.183434 0.880583 -4.416069
v 0.359820 2.671451 -4.416069
v 0.522377 2.584562 -4.416069
v 0.664860 2.467629 -4.416069
v -0.183435 2.724957 -4.416069
v -0.000000 2.743023 -4.416069
v 0.781792 2.325147 -4.416070
v 0.868682 2.162589 -4.416069
v 0.922187 1.986204 -4.416069
v 0.940254 1.802770 -4.416069
v 0.922187 1.619335 -4.416069
v -0.940255 1.802770 -4.416069
v -0.922188 1.619335 -4.416069
v -0.868682 1.442950 -4.416069
v -0.781793 1.280393 -4.416069
v -0.664860 1.137910 -4.416069
v -0.522378 1.020977 -4.416069
v 0.183434 2.724957 -4.416069
v -0.359820 0.934088 -4.416069
v -0.183435 0.880583 -4.416069
v -0.359820 2.671451 -4.416069
v -0.522378 2.584562 -4.416069
v -0.000000 0.862516 -4.416069
v -0.664860 2.467629 -4.416069
v -0.781793 2.325147 -4.416069
v -0.868682 2.162589 -4.416069
v 0.922187 1.619335 -3.487860
v -0.940255 1.802770 -3.487860
v -0.922187 1.619335 -3.487860
v -0.868682 1.442950 -3.487860
v -0.781793 1.280393 -3.487860
v -0.664860 1.137910 -3.487860
v -0.522377 1.020977 -3.487860
v 0.183434 2.724957 -3.487860
v -0.359820 0.934088 -3.487860
v -0.183435 0.880583 -3.487860
v -0.359820 2.671451 -3.487860
v -0.522377 2.584562 -3.487860
v -0.000000 0.862516 -3.487860
v -0.664860 2.467629 -3.487860
v -0.781793 2.325147 -3.487860
v -0.868682 2.162589 -3.487860
v 0.868681 1.442950 -3.487860
v -0.922187 1.986204 -3.487860
v 0.781792 1.280393 -3.487860
v 0.664860 1.137910 -3.487860
v 0.522377 1.020977 -3.487860
v 0.359820 0.934088 -3.487860
v 0.183434 0.880583 -3.487860
v 0.359820 2.671451 -3.487860
v 0.522377 2.584562 -3.487860
v 0.664860 2.467629 -3.487860
v -0.183435 2.724957 -3.487860
v -0.000000 2.743023 -3.487860
v 0.781792 2.325147 -3.487860
v 0.868681 2.162589 -3.487860
v 0.922187 1.986204 -3.487860
v 0.940254 1.802770 -3.487860
v 0.922187 1.619335 -2.857710
v -0.940255 1.802770 -2.857710
v -0.922187 1.619335 -2.857710
v -0.868682 1.442950 -2.857710
v -0.781793 1.280393 -2.857710
v -0.664860 1.137910 -2.857710
v -0.522377 1.020977 -2.857710
v 0.183434 2.724957 -2.857710
v -0.359820 0.934088 -2.857710
v -0.183435 0.880583 -2.857710
v -0.359820 2.671451 -2.857710
v -0.522377 2.584562 -2.857710
v -0.000000 0.862516 -2.857710
v -0.664860 2.467629 -2.857710
v -0.781793 2.325147 -2.857710
v -0.868682 2.162589 -2.857710
v 0.868681 1.442950 -2.857710
v -0.922187 1.986204 -2.857710
v 0.781792 1.280393 -2.857710
v 0.664860 1.137910 -2.857710
v 0.522377 1.020977 -2.857710
v 0.359820 0.934088 -2.857710
v 0.183434 0.880583 -2.857710
v 0.359820 2.671451 -2.857710
v 0.522377 2.584562 -2.857710
v 0.664860 2.467629 -2.857710
v -0.183435 2.724957 -2.857710
v -0.000000 2.743023 -2.857710
v 0.781792 2.325147 -2.857710
v 0.868681 2.162589 -2.857710
v 0.922187 1.986204 -2.857710
v 0.940254 1.802770 -2.857710
v 0.000000 2.743023 4.884903
v 0.000000 0.862516 4.884903
v -0.178104 2.724957 4.908626
v -0.349364 2.671451 4.931437
v -0.507197 2.584562 4.952461
v -0.645540 2.467629 4.970887
v -0.759075 2.325147 4.986010
v -0.843439 2.162589 4.997247
v -0.895390 1.986204 5.004167
v -0.912932 1.802770 5.006503
v -0.895390 1.619335 5.004167
v -0.843439 1.442950 4.997247
v -0.759075 1.280392 4.986010
v -0.645540 1.137910 4.970887
v -0.507197 1.020977 4.952461
v -0.349364 0.934088 4.931437
v -0.178104 0.880582 4.908626
v -0.162423 2.724957 4.930970
v -0.318604 2.671451 4.975267
v -0.462542 2.584562 5.016091
v -0.588704 2.467629 5.051875
v -0.692243 2.325147 5.081240
v -0.769179 2.162589 5.103062
v -0.816556 1.986204 5.116499
v -0.832553 1.802770 5.121036
v -0.816556 1.619335 5.116499
v -0.769179 1.442950 5.103062
v -0.692243 1.280392 5.081240
v -0.588704 1.137910 5.051875
v -0.462542 1.020977 5.016091
v -0.318604 0.934088 4.975267
v -0.162423 0.880582 4.930970
v -0.137302 2.724957 4.950637
v -0.269329 2.671451 5.013845
v -0.391005 2.584562 5.072099
v -0.497655 2.467629 5.123158
v -0.585180 2.325147 5.165061
v -0.650217 2.162589 5.196198
v -0.690267 1.986204 5.215372
v -0.703790 1.802770 5.221846
v -0.690267 1.619335 5.215372
v -0.650217 1.442950 5.196198
v -0.585180 1.280392 5.165061
v -0.497655 1.137910 5.123158
v -0.391005 1.020977 5.072099
v -0.269329 0.934088 5.013845
v -0.137302 0.880582 4.950637
v -0.104202 2.724957 4.966485
v -0.204401 2.671451 5.044930
v -0.296744 2.584562 5.117226
v -0.377683 2.467629 5.180594
v -0.444109 2.325147 5.232599
v -0.493467 2.162589 5.271243
v -0.523862 1.986204 5.295039
v -0.534125 1.802770 5.303074
v -0.523862 1.619335 5.295039
v -0.493467 1.442950 5.271243
v -0.444109 1.280392 5.232599
v -0.377683 1.137910 5.180594
v -0.296744 1.020977 5.117226
v -0.204401 0.934088 5.044930
v -0.104202 0.880582 4.966485
v -0.065047 2.724957 4.977590
v -0.127594 2.671451 5.066714
v -0.185237 2.584562 5.148852
v -0.235762 2.467629 5.220847
v -0.277227 2.325147 5.279931
v -0.308038 2.162589 5.323834
v -0.327012 1.986204 5.350871
v -0.333418 1.802770 5.360000
v -0.327012 1.619335 5.350871
v -0.308038 1.442950 5.323834
v -0.277227 1.280392 5.279931
v -0.235762 1.137910 5.220847
v -0.185237 1.020977 5.148852
v -0.127594 0.934088 5.066714
v -0.065047 0.880582 4.977590
v -0.022110 2.724957 4.983309
v -0.043371 2.671451 5.077932
v -0.062965 2.584562 5.165139
v -0.080140 2.467629 5.241575
v -0.094234 2.325147 5.304306
v -0.104708 2.162589 5.350918
v -0.111157 1.986204 5.379622
v -0.113335 1.802770 5.389314
v -0.111157 1.619335 5.379622
v -0.104708 1.442950 5.350918
v -0.094234 1.280392 5.304306
v -0.080140 1.137910 5.241575
v -0.062965 1.020977 5.165139
v -0.043371 0.934088 5.077932
v -0.022110 0.880582 4.983309
v 0.022111 2.724957 4.983309
v 0.043372 2.671451 5.077933
v 0.062966 2.584562 5.165139
v 0.080140 2.467629 5.241575
v 0.094235 2.325147 5.304306
v 0.104708 2.162589 5.350918
v 0.111158 1.986204 5.379622
v 0.113335 1.802770 5.389314
v 0.111158 1.619335 5.379622
v 0.104708 1.442950 5.350918
v 0.094235 1.280392 5.304306
v 0.080140 1.137910 5.241575
v 0.062966 1.020977 5.165139
v 0.043372 0.934088 5.077933
v 0.022111 0.880582 4.983309
v 0.065047 2.724957 4.977590
v 0.127594 2.671451 5.066714
v 0.185238 2.584562 5.148853
v 0.235763 2.467629 5.220847
v 0.277228 2.325147 5.279931
v 0.308039 2.162589 5.323835
v 0.327012 1.986204 5.350871
v 0.333419 1.802770 5.360000
v 0.327012 1.619335 5.350871
v 0.308039 1.442950 5.323835
v 0.277228 1.280392 5.279931
v 0.235763 1.137910 5.220847
v 0.185238 1.020977 5.148853
v 0.127594 0.934088 5.066714
v 0.065047 0.880582 4.977590
v 0.104203 2.724957 4.966485
v 0.204401 2.671451 5.044930
v 0.296744 2.584562 5.117227
v 0.377684 2.467629 5.180594
v 0.444109 2.325147 5.232599
v 0.493468 2.162589 5.271243
v 0.523862 1.986204 5.295039
v 0.534125 1.802770 5.303074
v 0.523862 1.619335 5.295039
v 0.493468 1.442950 5.271243
v 0.444109 1.280392 5.232599
v 0.377684 1.137910 5.180594
v 0.296744 1.020977 5.117227
v 0.204401 0.934088 5.044930
v 0.104203 0.880582 4.966485
v 0.137303 2.724957 4.950637
v 0.269329 2.671451 5.013845
v 0.391005 2.584562 5.072099
v 0.497655 2.467629 5.123158
v 0.585180 2.325147 5.165061
v 0.650218 2.162589 5.196198
v 0.690267 1.986204 5.215372
v 0.703790 1.802770 5.221846
v 0.690267 1.619335 5.215372
v 0.650218 1.442950 5.196198
v 0.585180 1.280392 5.165061
v 0.497655 1.137910 5.123158
v 0.391005 1.020977 5.072099
v 0.269329 0.934088 5.013845
v 0.137303 0.880582 4.950637
v 0.162423 2.724957 4.930970
v 0.318605 2.671451 4.975267
v 0.462542 2.584562 5.016091
v 0.588704 2.467629 5.051875
v 0.692243 2.325147 5.081240
v 0.769180 2.162589 5.103062
v 0.816557 1.986204 5.116499
v 0.832554 1.802770 5.121036
v 0.816557 1.619335 5.116499
v 0.769180 1.442950 5.103062
v 0.692243 1.280392 5.081240
v 0.588704 1.137910 5.051875
v 0.462542 1.020977 5.016091
v 0.318605 0.934088 4.975267
v 0.162423 0.880582 4.930970
v 0.178104 2.724957 4.908626
v 0.349364 2.671451 4.931437
v 0.507198 2.584562 4.952461
v 0.645541 2.467629 4.970887
v 0.759075 2.325147 4.986010
v 0.843440 2.162589 4.997247
v 0.895391 1.986204 5.004167
v 0.912932 1.802770 5.006503
v 0.895391 1.619335 5.004167
v 0.843440 1.442950 4.997247
v 0.759075 1.280392 4.986010
v 0.645541 1.137910 4.970887
v 0.507198 1.020977 4.952461
v 0.349364 0.934088 4.931437
v 0.178104 0.880582 4.908626
v 0.183435 2.724957 4.884903
v 0.359820 2.671451 4.884903
v 0.522377 2.584562 4.884903
v 0.664860 2.467629 4.884903
v 0.781793 2.325147 4.884903
v 0.868682 2.162589 4.884903
v 0.922188 1.986204 4.884903
v 0.940254 1.802770 4.884903
v 0.922188 1.619335 4.884903
v 0.868682 1.442950 4.884903
v 0.781793 1.280392 4.884903
v 0.664860 1.137910 4.884903
v 0.522377 1.020977 4.884903
v 0.359820 0.934088 4.884903
v 0.183435 0.880582 4.884903
v -0.183434 2.724957 4.884903
v -0.359820 2.671451 4.884903
v -0.522377 2.584562 4.884903
v -0.664860 2.467629 4.884903
v -0.781793 2.325147 4.884903
v -0.868682 2.162589 4.884903
v -0.922187 1.986204 4.884903
v -0.940254 1.802770 4.884903
v -0.922187 1.619335 4.884903
v -0.868682 1.442950 4.884903
v -0.781793 1.280392 4.884903
v -0.664860 1.137910 4.884903
v -0.522377 1.020977 4.884903
v -0.359820 0.934088 4.884903
v -0.183434 0.880582 4.884903
v 0.868682 1.442950 3.345970
v 0.922187 1.619335 3.345970
v -0.922187 1.986204 3.345969
v -0.940254 1.802770 3.345969
v 0.781793 1.280393 3.345970
v -0.922187 1.619335 3.345969
v 0.664860 1.137910 3.345970
v -0.868682 1.442950 3.345969
v 0.522377 1.020977 3.345969
v -0.781793 1.280393 3.345969
v 0.359820 0.934088 3.345969
v -0.664860 1.137910 3.345969
v 0.183435 0.880583 3.345969
v -0.522377 1.020977 3.345970
v 0.359820 2.671451 3.345969
v 0.183435 2.724957 3.345970
v -0.359820 0.934088 3.345970
v 0.522377 2.584562 3.345969
v -0.183434 0.880583 3.345970
v 0.664860 2.467629 3.345970
v -0.183434 2.724957 3.345969
v -0.359820 2.671451 3.345970
v 0.000000 2.743023 3.345969
v 0.781793 2.325147 3.345970
v -0.522377 2.584562 3.345970
v 0.000000 0.862516 3.345970
v 0.868682 2.162589 3.345970
v -0.664860 2.467629 3.345969
v 0.922187 1.986204 3.345969
v -0.781793 2.325147 3.345969
v 0.940254 1.802770 3.345969
v -0.868682 2.162589 3.345969
v 0.868682 1.442950 4.072423
v -0.922187 1.986204 4.072423
v 0.781793 1.280393 4.072423
v 0.664860 1.137910 4.072423
v 0.522377 1.020977 4.072423
v 0.359820 0.934088 4.072423
v 0.183435 0.880583 4.072423
v 0.359820 2.671451 4.072423
v 0.522377 2.584562 4.072423
v 0.664860 2.467629 4.072423
v -0.183434 2.724957 4.072423
v 0.000000 2.743023 4.072423
v 0.781793 2.325147 4.072423
v 0.868682 2.162589 4.072423
v 0.922188 1.986204 4.072423
v 0.940254 1.802770 4.072423
v 0.922188 1.619335 4.072423
v -0.940254 1.802770 4.072423
v -0.922187 1.619335 4.072423
v -0.868682 1.442950 4.072422
v -0.781793 1.280393 4.072423
v -0.664860 1.137910 4.072423
v -0.522377 1.020977 4.072423
v 0.183435 2.724957 4.072423
v -0.359820 0.934088 4.072423
v -0.183434 0.880583 4.072423
v -0.359820 2.671451 4.072423
v -0.522377 2.584562 4.072423
v 0.000000 0.862516 4.072423
v -0.664860 2.467629 4.072423
v -0.781793 2.325147 4.072423
v -0.868682 2.162589 4.072422
v 0.922187 1.619335 3.144214
v -0.940254 1.802770 3.144214
v -0.922187 1.619335 3.144214
v -0.868682 1.442950 3.144213
v -0.781793 1.280393 3.144214
v -0.664860 1.137910 3.144214
v -0.522377 1.020977 3.144214
v 0.183435 2.724957 3.144214
v -0.359820 0.934088 3.144214
v -0.183434 0.880583 3.144214
v -0.359820 2.671451 3.144214
v -0.522377 2.584562 3.144214
v 0.000000 0.862516 3.144214
v -0.664860 2.467629 3.144214
v -0.781793 2.325147 3.144214
v -0.868682 2.162589 3.144213
v 0.868682 1.442950 3.144214
v -0.922187 1.986204 3.144214
v 0.781793 1.280393 3.144214
v 0.664860 1.137910 3.144214
v 0.522377 1.020977 3.144214
v 0.359820 0.934088 3.144214
v 0.183435 0.880583 3.144214
v 0.359820 2.671451 3.144214
v 0.522377 2.584562 3.144214
v 0.664860 2.467629 3.144214
v -0.183434 2.724957 3.144214
v 0.000000 2.743023 3.144214
v 0.781793 2.325147 3.144214
v 0.868682 2.162589 3.144214
v 0.922187 1.986204 3.144214
v 0.940254 1.802770 3.144214
v 0.922187 1.619335 2.514064
v -0.940254 1.802770 2.514063
v -0.922187 1.619335 2.514063
v -0.868682 1.442950 2.514063
v -0.781793 1.280393 2.514063
v -0.664860 1.137910 2.514063
v -0.522377 1.020977 2.514064
v 0.183435 2.724957 2.514064
v -0.359820 0.934088 2.514064
v -0.183434 0.880583 2.514064
v -0.359820 2.671451 2.514064
v -0.522377 2.584562 2.514064
v 0.000000 0.862516 2.514064
v -0.664860 2.467629 2.514063
v -0.781793 2.325147 2.514063
v -0.868682 2.162589 2.514063
v 0.868682 1.442950 2.514064
v -0.922187 1.986204 2.514063
v 0.781793 1.280393 2.514064
v 0.664860 1.137910 2.514064
v 0.522377 1.020977 2.514063
v 0.359820 0.934088 2.514063
v 0.183435 0.880583 2.514063
v 0.359820 2.671451 2.514063
v 0.522377 2.584562 2.514063
v 0.664860 2.467629 2.514064
v -0.183434 2.724957 2.514063
v 0.000000 2.743023 2.514063
v 0.781793 2.325147 2.514064
v 0.868682 2.162589 2.514064
v 0.922187 1.986204 2.514063
v 0.940254 1.802770 2.514063
v 0.979736 0.717231 -3.985694
v 0.685621 1.191163 -3.985694
v -0.979736 0.717231 -3.985694
v -0.685622 1.191163 -3.985694
v 0.979736 0.717231 -4.125266
v 0.685621 1.191163 -4.125266
v -0.979736 0.717231 -4.125266
v -0.685622 1.191163 -4.125266
v 0.790173 1.274793 -3.678980
v 0.671987 1.130783 -3.678980
v 0.527977 1.012597 -3.678980
v -0.790174 1.274793 -3.678979
v 0.363677 0.924776 -3.678980
v -0.671987 1.130783 -3.678980
v 0.185401 0.870697 -3.678980
v -0.527977 1.012597 -3.678980
v -0.363677 0.924776 -3.678980
v -0.185401 0.870697 -3.678980
v -0.000000 0.852437 -3.678980
v 0.790173 1.274793 -4.413220
v 0.671987 1.130783 -4.413220
v 0.527977 1.012596 -4.413220
v 0.363677 0.924776 -4.413220
v 0.185401 0.870697 -4.413220
v -0.790174 1.274793 -4.413220
v -0.671987 1.130783 -4.413220
v -0.527977 1.012596 -4.413220
v -0.363677 0.924776 -4.413220
v -0.185401 0.870697 -4.413220
v -0.000000 0.852437 -4.413220
v -0.790174 1.242120 -4.413220
v -0.790174 1.242120 -3.678979
v -0.671987 1.098110 -4.413220
v -0.671987 1.098110 -3.678980
v -0.527977 0.979924 -4.413220
v -0.527977 0.979924 -3.678980
v -0.363677 0.892103 -4.413220
v -0.363677 0.892103 -3.678980
v -0.185401 0.838024 -4.413220
v -0.185401 0.838024 -3.678980
v -0.000000 0.819764 -4.413220
v -0.000000 0.819764 -3.678980
v 0.185401 0.838024 -3.678980
v 0.363677 0.892103 -3.678980
v 0.527977 0.979924 -3.678980
v 0.671987 1.098110 -3.678980
v 0.790173 1.242120 -3.678980
v 0.790173 1.242120 -4.413220
v 0.671987 1.098110 -4.413220
v 0.527977 0.979924 -4.413220
v 0.363677 0.892103 -4.413220
v 0.185401 0.838024 -4.413220
v 0.833997 0.733461 -4.055249
v 0.833997 0.876128 -4.055249
v 0.691331 0.733461 -4.055249
v 0.691331 0.876128 -4.055249
v 0.833997 0.733461 -5.691169
v 0.833997 0.876128 -5.691169
v 0.691331 0.733461 -5.691169
v 0.691331 0.876128 -5.691169
v 0.691331 0.733461 -5.559834
v 0.691331 0.876128 -5.559834
v 0.833997 0.733461 -5.559834
v 0.833997 0.876128 -5.559834
v -0.000000 0.876128 -5.559834
v -0.000000 0.876128 -5.691169
v -0.000000 0.733461 -5.691169
v -0.000000 0.733461 -5.559834
v 0.691331 0.733461 -5.486216
v 0.833997 0.876128 -5.486216
v 0.691331 0.876128 -5.486216
v 0.833997 0.733461 -5.486216
v 0.619384 0.876128 -5.559834
v 0.619384 0.733461 -5.559834
v 0.619384 0.733461 -5.691169
v 0.619384 0.876128 -5.691169
v -0.833998 0.733461 -4.055249
v -0.833998 0.876128 -4.055249
v -0.691331 0.733461 -4.055249
v -0.691331 0.876128 -4.055249
v -0.833998 0.733461 -5.691169
v -0.833998 0.876128 -5.691169
v -0.691331 0.733461 -5.691169
v -0.691331 0.876128 -5.691169
v -0.691331 0.733461 -5.559834
v -0.691331 0.876128 -5.559834
v -0.833998 0.733461 -5.559834
v -0.833998 0.876128 -5.559834
v -0.691331 0.733461 -5.486216
v -0.833998 0.876128 -5.486216
v -0.691331 0.876128 -5.486216
v -0.833998 0.733461 -5.486216
v -0.619385 0.876128 -5.559834
v -0.619385 0.733461 -5.559834
v -0.619385 0.733461 -5.691169
v -0.619385 0.876128 -5.691169
v 0.691331 0.876128 -5.731944
v 0.691331 0.733461 -5.731944
v 0.833997 0.733461 -5.731944
v 0.833997 0.876128 -5.731944
v -0.000000 0.876128 -5.731944
v -0.000000 0.733461 -5.731944
v 0.619384 0.733461 -5.731944
v 0.619384 0.876128 -5.731944
v -0.691331 0.876128 -5.731944
v -0.691331 0.733461 -5.731944
v -0.833998 0.733461 -5.731944
v -0.833998 0.876128 -5.731944
v -0.619385 0.733461 -5.731944
v -0.619385 0.876128 -5.731944
v 0.833997 0.618163 -5.691169
v 0.833997 0.618163 -5.731944
v 0.691331 0.618163 -5.691169
v 0.619384 0.618163 -5.691169
v -0.000000 0.618163 -5.691169
v -0.833998 0.618163 -5.691169
v -0.691331 0.618163 -5.691169
v -0.619385 0.618163 -5.691169
v 0.691331 0.618163 -5.731944
v 0.619384 0.618163 -5.731944
v -0.000000 0.618163 -5.731944
v -0.833998 0.618163 -5.731944
v -0.691331 0.618163 -5.731944
v -0.619385 0.618163 -5.731944
v 0.355541 0.630454 -4.085701
v 0.355541 0.854714 -4.085701
v 0.211582 0.630454 -4.085701
v 0.211582 0.854714 -4.085701
v 0.355541 0.630454 -5.609219
v 0.355541 0.854714 -5.609219
v 0.211582 0.630454 -5.609219
v 0.211582 0.854714 -5.609219
v -0.355542 0.630454 -4.085701
v -0.355542 0.854714 -4.085701
v -0.211582 0.630454 -4.085701
v -0.211582 0.854714 -4.085701
v -0.355542 0.630454 -5.609219
v -0.355542 0.854714 -5.609219
v -0.211582 0.630454 -5.609219
v -0.211582 0.854714 -5.609219
v -0.009837 0.687788 -6.172634
v -0.009837 0.687788 -5.607685
v 0.006000 0.690581 -6.172634
v 0.006000 0.690581 -5.607685
v 0.019926 0.698621 -6.172634
v 0.019926 0.698621 -5.607685
v 0.030262 0.710940 -6.172634
v 0.030262 0.710940 -5.607685
v 0.035762 0.726050 -6.172634
v 0.035762 0.726050 -5.607685
v 0.035762 0.742131 -6.172634
v 0.035762 0.742131 -5.607685
v 0.030262 0.757242 -6.172634
v 0.030262 0.757242 -5.607685
v 0.019926 0.769561 -6.172634
v 0.019926 0.769561 -5.607685
v 0.006000 0.777601 -6.172634
v 0.006000 0.777601 -5.607685
v -0.009837 0.780393 -6.172634
v -0.009837 0.780393 -5.607685
v -0.025673 0.777601 -6.172634
v -0.025673 0.777601 -5.607685
v -0.039599 0.769561 -6.172634
v -0.039599 0.769561 -5.607685
v -0.049936 0.757242 -6.172634
v -0.049936 0.757242 -5.607685
v -0.055436 0.742131 -6.172634
v -0.055436 0.742131 -5.607685
v -0.055436 0.726050 -6.172634
v -0.055436 0.726050 -5.607685
v -0.049936 0.710940 -6.172634
v -0.049936 0.710940 -5.607685
v -0.039599 0.698621 -6.172634
v -0.039599 0.698621 -5.607685
v -0.025673 0.690581 -6.172634
v -0.025673 0.690581 -5.607685
v -0.009837 0.524761 -6.181808
v 0.061759 0.537385 -6.181808
v 0.124718 0.573735 -6.181808
v 0.171449 0.629426 -6.181808
v 0.196313 0.697741 -6.181808
v 0.196313 0.770441 -6.181808
v 0.171449 0.838756 -6.181808
v 0.124718 0.894447 -6.181808
v 0.061759 0.930797 -6.181808
v -0.009837 0.943421 -6.181808
v -0.081432 0.930797 -6.181808
v -0.144391 0.894447 -6.181808
v -0.191122 0.838756 -6.181808
v -0.215987 0.770441 -6.181808
v -0.215987 0.697741 -6.181808
v -0.191122 0.629426 -6.181808
v -0.144391 0.573735 -6.181808
v -0.081432 0.537385 -6.181808
v -0.009837 0.524761 -6.181808
v 0.061759 0.537385 -6.181808
v 0.124718 0.573735 -6.181808
v 0.171449 0.629426 -6.181808
v 0.196313 0.697741 -6.181808
v 0.196313 0.770441 -6.181808
v 0.171449 0.838756 -6.181808
v 0.124718 0.894447 -6.181808
v 0.061759 0.930797 -6.181808
v -0.009837 0.943421 -6.181808
v -0.081432 0.930797 -6.181808
v -0.144391 0.894447 -6.181808
v -0.191122 0.838756 -6.181808
v -0.215987 0.770441 -6.181808
v -0.215987 0.697741 -6.181808
v -0.191122 0.629426 -6.181808
v -0.144391 0.573735 -6.181808
v -0.081432 0.537385 -6.181808
v 0.061759 0.537385 -6.214338
v -0.009837 0.524761 -6.214338
v 0.124718 0.573735 -6.214338
v 0.171449 0.629426 -6.214338
v 0.196313 0.697741 -6.214338
v 0.196313 0.770441 -6.214338
v 0.171449 0.838756 -6.214338
v 0.124718 0.894447 -6.214338
v 0.061759 0.930797 -6.214338
v -0.009837 0.943421 -6.214338
v -0.081432 0.930797 -6.214338
v -0.144391 0.894447 -6.214338
v -0.191122 0.838756 -6.214338
v -0.215987 0.770441 -6.214338
v -0.215987 0.697741 -6.214338
v -0.191122 0.629426 -6.214338
v -0.144391 0.573735 -6.214338
v -0.081432 0.537385 -6.214338
v 0.026127 0.635283 -6.236278
v -0.009837 0.628941 -6.236278
v 0.057752 0.653542 -6.236278
v 0.081225 0.681516 -6.236278
v 0.093715 0.715832 -6.236278
v 0.093715 0.752350 -6.236278
v 0.081225 0.786665 -6.236278
v 0.057752 0.814640 -6.236278
v 0.026127 0.832899 -6.236278
v -0.009837 0.839240 -6.236278
v -0.045800 0.832899 -6.236278
v -0.077425 0.814640 -6.236278
v -0.100899 0.786665 -6.236278
v -0.113389 0.752350 -6.236278
v -0.113389 0.715832 -6.236278
v -0.100899 0.681516 -6.236278
v -0.077425 0.653542 -6.236278
v -0.045800 0.635283 -6.236278
v 0.008974 0.682408 -6.242368
v -0.009837 0.679091 -6.242368
v 0.025517 0.691958 -6.242368
v 0.037795 0.706591 -6.242368
v 0.044328 0.724540 -6.242368
v 0.044328 0.743641 -6.242368
v 0.037795 0.761591 -6.242368
v 0.025517 0.776223 -6.242368
v 0.008974 0.785774 -6.242368
v -0.009837 0.789091 -6.242368
v -0.028648 0.785774 -6.242368
v -0.045190 0.776223 -6.242368
v -0.057468 0.761591 -6.242368
v -0.064001 0.743641 -6.242368
v -0.064001 0.724540 -6.242368
v -0.057468 0.706591 -6.242368
v -0.045190 0.691958 -6.242368
v -0.028648 0.682408 -6.242368
v 0.241941 0.227180 -5.897024
v 0.249713 0.232348 -5.913834
v 0.259101 0.263739 -5.886309
v 0.268488 0.222834 -5.911851
v 0.266328 0.220251 -5.898413
v 0.248580 0.197122 -5.923774
v 0.269842 0.203377 -5.935401
v 0.249833 0.217781 -5.952664
v 0.260772 0.198883 -5.968424
v 0.242620 0.204916 -5.965864
v 0.261356 0.238226 -5.974978
v 0.266283 0.247253 -6.004245
v 0.240401 0.253554 -5.994757
v 0.260731 0.466136 -6.028438
v 0.249731 0.436834 -6.054541
v 0.242514 0.453885 -6.037171
v 0.267240 0.463615 -6.049660
v 0.249021 0.491467 -6.036561
v 0.242409 0.499701 -6.003081
v 0.250181 0.485024 -5.991152
v 0.268793 0.496484 -6.020452
v 0.267783 0.488858 -5.959681
v 0.249599 0.463185 -5.941044
v 0.261197 0.467052 -5.970604
v 0.244494 0.502281 -5.977479
v 0.014108 0.746139 -6.075415
v 0.013576 0.732104 -6.051160
v 0.013838 0.721370 -6.072745
v 0.174914 0.720725 -6.049811
v 0.175754 0.747097 -6.046206
v 0.118859 0.728526 -6.049340
v 0.129404 0.734587 -6.076761
v 0.163007 0.739287 -6.031731
v 0.167805 0.724785 -6.031126
v 0.189542 0.734200 -6.043961
v 0.180065 0.746705 -5.993056
v 0.184564 0.727186 -5.989969
v 0.161035 0.738729 -6.003634
v 0.160192 0.724576 -5.997745
v 0.164636 0.720753 -5.985439
v 0.134920 0.747449 -5.972547
v 0.123167 0.729035 -5.962416
v 0.113230 0.738366 -5.988889
v 0.013841 0.747654 -5.978188
v 0.013839 0.723126 -5.984895
v 0.013838 0.734047 -5.959048
v 0.231569 0.471293 -6.023619
v 0.242239 0.485271 -6.015847
v 0.201594 0.494806 -6.006459
v 0.246159 0.476378 -5.997071
v 0.236726 0.466464 -5.999231
v 0.270808 0.462392 -6.016980
v 0.276632 0.474242 -5.995717
v 0.282300 0.495998 -6.015726
v 0.306110 0.489787 -6.004787
v 0.304622 0.503840 -6.024281
v 0.288567 0.525607 -6.004204
v 0.307130 0.549968 -5.999277
v 0.217009 0.716306 -6.004183
v 0.229311 0.733745 -6.022944
v 0.240307 0.728253 -6.004133
v 0.195380 0.754481 -5.996197
v 0.198646 0.742100 -6.015319
v 0.187882 0.770656 -6.002711
v 0.187766 0.759477 -6.024436
v 0.143391 0.748198 -6.021543
v 0.158225 0.735801 -6.015379
v 0.144661 0.731834 -5.997354
v 0.127202 0.719115 -6.000952
v 0.130156 0.688897 -6.015960
v 0.153976 0.693445 -6.021025
v 0.979736 0.717231 3.642047
v 0.685622 1.191163 3.642047
v -0.979736 0.717231 3.642047
v -0.685621 1.191163 3.642047
v 0.979736 0.717231 3.781619
v 0.685622 1.191163 3.781619
v -0.979736 0.717231 3.781619
v -0.685621 1.191163 3.781619
v 0.790173 1.274793 3.335333
v 0.671987 1.130783 3.335333
v 0.527977 1.012597 3.335333
v -0.790173 1.274793 3.335333
v 0.363677 0.924776 3.335333
v -0.671987 1.130783 3.335333
v 0.185401 0.870697 3.335333
v -0.527977 1.012597 3.335333
v -0.363677 0.924776 3.335333
v -0.185401 0.870697 3.335333
v 0.000000 0.852437 3.335333
v 0.790173 1.274793 4.069574
v 0.671987 1.130783 4.069574
v 0.527977 1.012596 4.069573
v 0.363677 0.924776 4.069573
v 0.185401 0.870697 4.069573
v -0.790173 1.274793 4.069573
v -0.671987 1.130783 4.069573
v -0.527977 1.012596 4.069574
v -0.363677 0.924776 4.069574
v -0.185401 0.870697 4.069574
v 0.000000 0.852437 4.069574
v -0.790173 1.242120 4.069573
v -0.790173 1.242120 3.335333
v -0.671987 1.098110 4.069573
v -0.671987 1.098110 3.335333
v -0.527977 0.979924 4.069574
v -0.527977 0.979924 3.335333
v -0.363677 0.892103 4.069574
v -0.363677 0.892103 3.335333
v -0.185401 0.838024 4.069574
v -0.185401 0.838024 3.335333
v 0.000000 0.819764 4.069574
v 0.000000 0.819764 3.335333
v 0.185401 0.838024 3.335333
v 0.363677 0.892103 3.335333
v 0.527977 0.979924 3.335333
v 0.671987 1.098110 3.335333
v 0.790173 1.242120 3.335333
v 0.790173 1.242120 4.069574
v 0.671987 1.098110 4.069574
v 0.527977 0.979924 4.069573
v 0.363677 0.892103 4.069573
v 0.185401 0.838024 4.069573
v 0.833998 0.733461 3.711602
v 0.833998 0.876128 3.711602
v 0.691331 0.733461 3.711602
v 0.691331 0.876128 3.711602
v 0.833998 0.733461 5.347522
v 0.833998 0.876128 5.347522
v 0.691331 0.733461 5.347522
v 0.691331 0.876128 5.347522
v 0.691331 0.733461 5.216188
v 0.691331 0.876128 5.216188
v 0.833998 0.733461 5.216188
v 0.833998 0.876128 5.216188
v 0.000000 0.876128 5.216188
v 0.000000 0.876128 5.347522
v 0.000000 0.733461 5.347522
v 0.000000 0.733461 5.216188
v 0.691331 0.733461 5.142569
v 0.833998 0.876128 5.142569
v 0.691331 0.876128 5.142569
v 0.833998 0.733461 5.142569
v 0.619385 0.876128 5.216188
v 0.619385 0.733461 5.216188
v 0.619385 0.733461 5.347522
v 0.619385 0.876128 5.347522
v -0.833997 0.733461 3.711602
v -0.833997 0.876128 3.711602
v -0.691331 0.733461 3.711602
v -0.691331 0.876128 3.711602
v -0.833997 0.733461 5.347522
v -0.833997 0.876128 5.347522
v -0.691331 0.733461 5.347522
v -0.691331 0.876128 5.347522
v -0.691331 0.733461 5.216188
v -0.691331 0.876128 5.216188
v -0.833997 0.733461 5.216188
v -0.833997 0.876128 5.216188
v -0.691331 0.733461 5.142569
v -0.833997 0.876128 5.142569
v -0.691331 0.876128 5.142569
v -0.833997 0.733461 5.142569
v -0.619384 0.876128 5.216188
v -0.619384 0.733461 5.216188
v -0.619384 0.733461 5.347522
v -0.619384 0.876128 5.347522
v 0.691331 0.876128 5.388298
v 0.691331 0.733461 5.388298
v 0.833998 0.733461 5.388298
v 0.833998 0.876128 5.388298
v 0.000000 0.876128 5.388298
v 0.000000 0.733461 5.388298
v 0.619385 0.733461 5.388298
v 0.619385 0.876128 5.388298
v -0.691331 0.876128 5.388298
v -0.691331 0.733461 5.388298
v -0.833997 0.733461 5.388298
v -0.833997 0.876128 5.388298
v -0.619384 0.733461 5.388298
v -0.619384 0.876128 5.388298
v 0.833998 0.618163 5.347522
v 0.833998 0.618163 5.388298
v 0.691331 0.618163 5.347522
v 0.619385 0.618163 5.347522
v 0.000000 0.618163 5.347522
v -0.833997 0.618163 5.347522
v -0.691331 0.618163 5.347522
v -0.619384 0.618163 5.347522
v 0.691331 0.618163 5.388298
v 0.619385 0.618163 5.388298
v 0.000000 0.618163 5.388298
v -0.833997 0.618163 5.388298
v -0.691331 0.618163 5.388298
v -0.619384 0.618163 5.388298
v 0.355542 0.630454 3.742053
v 0.355542 0.854714 3.742053
v 0.211582 0.630454 3.742053
v 0.211582 0.854714 3.742053
v 0.355542 0.630454 5.265572
v 0.355542 0.854714 5.265572
v 0.211582 0.630454 5.265572
v 0.211582 0.854714 5.265572
v -0.355541 0.630454 3.742054
v -0.355541 0.854714 3.742054
v -0.211582 0.630454 3.742054
v -0.211582 0.854714 3.742054
v -0.355541 0.630454 5.265572
v -0.355541 0.854714 5.265572
v -0.211582 0.630454 5.265572
v -0.211582 0.854714 5.265572
v -0.009836 0.687788 5.828987
v -0.009836 0.687788 5.264039
v 0.006000 0.690581 5.828987
v 0.006000 0.690581 5.264039
v 0.019927 0.698621 5.828987
v 0.019926 0.698621 5.264039
v 0.030263 0.710940 5.828987
v 0.030263 0.710940 5.264039
v 0.035763 0.726050 5.828987
v 0.035763 0.726050 5.264039
v 0.035763 0.742131 5.828987
v 0.035763 0.742131 5.264039
v 0.030263 0.757242 5.828987
v 0.030263 0.757242 5.264039
v 0.019927 0.769561 5.828987
v 0.019926 0.769561 5.264039
v 0.006000 0.777601 5.828987
v 0.006000 0.777601 5.264039
v -0.009836 0.780393 5.828987
v -0.009836 0.780393 5.264039
v -0.025672 0.777601 5.828987
v -0.025672 0.777601 5.264039
v -0.039599 0.769561 5.828987
v -0.039599 0.769561 5.264039
v -0.049935 0.757242 5.828987
v -0.049935 0.757242 5.264039
v -0.055435 0.742131 5.828987
v -0.055435 0.742131 5.264039
v -0.055435 0.726050 5.828987
v -0.055435 0.726050 5.264039
v -0.049935 0.710940 5.828987
v -0.049935 0.710940 5.264039
v -0.039599 0.698621 5.828987
v -0.039599 0.698621 5.264039
v -0.025672 0.690581 5.828987
v -0.025672 0.690581 5.264039
v -0.009836 0.524761 5.838161
v 0.061759 0.537385 5.838161
v 0.124719 0.573735 5.838161
v 0.171449 0.629426 5.838161
v 0.196314 0.697741 5.838161
v 0.196314 0.770441 5.838161
v 0.171449 0.838756 5.838161
v 0.124719 0.894447 5.838161
v 0.061759 0.930797 5.838161
v -0.009836 0.943421 5.838161
v -0.081431 0.930797 5.838161
v -0.144391 0.894447 5.838161
v -0.191121 0.838756 5.838161
v -0.215986 0.770441 5.838161
v -0.215986 0.697741 5.838161
v -0.191121 0.629426 5.838161
v -0.144391 0.573735 5.838161
v -0.081431 0.537385 5.838161
v -0.009836 0.524761 5.838161
v 0.061759 0.537385 5.838161
v 0.124719 0.573735 5.838161
v 0.171449 0.629426 5.838161
v 0.196314 0.697741 5.838161
v 0.196314 0.770441 5.838161
v 0.171449 0.838756 5.838161
v 0.124719 0.894447 5.838161
v 0.061759 0.930797 5.838161
v -0.009836 0.943421 5.838161
v -0.081431 0.930797 5.838161
v -0.144391 0.894447 5.838161
v -0.191121 0.838756 5.838161
v -0.215986 0.770441 5.838161
v -0.215986 0.697741 5.838161
v -0.191121 0.629426 5.838161
v -0.144391 0.573735 5.838161
v -0.081431 0.537385 5.838161
v 0.061759 0.537385 5.870692
v -0.009836 0.524761 5.870692
v 0.124719 0.573735 5.870692
v 0.171449 0.629426 5.870692
v 0.196314 0.697741 5.870692
v 0.196314 0.770441 5.870692
v 0.171449 0.838756 5.870692
v 0.124719 0.894447 5.870692
v 0.061759 0.930797 5.870692
v -0.009836 0.943421 5.870692
v -0.081431 0.930797 5.870692
v -0.144391 0.894447 5.870692
v -0.191121 0.838756 5.870692
v -0.215986 0.770441 5.870692
v -0.215986 0.697741 5.870692
v -0.191121 0.629426 5.870692
v -0.144391 0.573735 5.870692
v -0.081431 0.537385 5.870692
v 0.026127 0.635283 5.892631
v -0.009836 0.628941 5.892631
v 0.057753 0.653542 5.892631
v 0.081226 0.681516 5.892631
v 0.093716 0.715832 5.892631
v 0.093716 0.752350 5.892631
v 0.081226 0.786665 5.892631
v 0.057753 0.814640 5.892631
v 0.026127 0.832899 5.892631
v -0.009836 0.839240 5.892631
v -0.045799 0.832899 5.892631
v -0.077425 0.814640 5.892631
v -0.100898 0.786665 5.892631
v -0.113388 0.752350 5.892631
v -0.113388 0.715832 5.892631
v -0.100898 0.681516 5.892631
v -0.077425 0.653542 5.892631
v -0.045799 0.635283 5.892631
v 0.008975 0.682408 5.898721
v -0.009836 0.679091 5.898721
v 0.025517 0.691958 5.898721
v 0.037795 0.706591 5.898721
v 0.044328 0.724540 5.898721
v 0.044328 0.743641 5.898721
v 0.037795 0.761591 5.898721
v 0.025517 0.776223 5.898721
v 0.008975 0.785774 5.898721
v -0.009836 0.789091 5.898721
v -0.028647 0.785774 5.898721
v -0.045189 0.776223 5.898721
v -0.057467 0.761591 5.898721
v -0.064000 0.743641 5.898721
v -0.064000 0.724540 5.898721
v -0.057467 0.706591 5.898721
v -0.045189 0.691958 5.898721
v -0.028647 0.682408 5.898721
v 0.241941 0.227180 5.553377
v 0.249713 0.232348 5.570187
v 0.259101 0.263739 5.542662
v 0.268489 0.222834 5.568205
v 0.266329 0.220251 5.554766
v 0.248581 0.197122 5.580127
v 0.269843 0.203377 5.591754
v 0.249834 0.217781 5.609017
v 0.260773 0.198883 5.624777
v 0.242620 0.204916 5.622217
v 0.261356 0.238226 5.631331
v 0.266283 0.247253 5.660599
v 0.240402 0.253554 5.651110
v 0.260731 0.466136 5.684792
v 0.249731 0.436834 5.710895
v 0.242514 0.453885 5.693524
v 0.267241 0.463615 5.706013
v 0.249022 0.491467 5.692915
v 0.242409 0.499701 5.659435
v 0.250181 0.485024 5.647506
v 0.268793 0.496484 5.676806
v 0.267784 0.488858 5.616034
v 0.249600 0.463185 5.597397
v 0.261197 0.467052 5.626957
v 0.244494 0.502281 5.633832
v 0.014108 0.746139 5.731768
v 0.013577 0.732104 5.707514
v 0.013838 0.721370 5.729098
v 0.174915 0.720725 5.706164
v 0.175755 0.747097 5.702559
v 0.118859 0.728526 5.705693
v 0.129405 0.734587 5.733114
v 0.163008 0.739287 5.688084
v 0.167806 0.724785 5.687479
v 0.189542 0.734200 5.700314
v 0.180066 0.746705 5.649409
v 0.184565 0.727186 5.646322
v 0.161036 0.738729 5.659986
v 0.160193 0.724576 5.654098
v 0.164637 0.720753 5.641792
v 0.134921 0.747449 5.628900
v 0.123168 0.729035 5.618769
v 0.113231 0.738366 5.645242
v 0.013842 0.747654 5.634541
v 0.013839 0.723126 5.641248
v 0.013839 0.734047 5.615401
v 0.231569 0.471293 5.679973
v 0.242240 0.485271 5.672201
v 0.201595 0.494806 5.662811
v 0.246159 0.476378 5.653424
v 0.236727 0.466464 5.655585
v 0.270809 0.462392 5.673333
v 0.276632 0.474242 5.652071
v 0.282301 0.495998 5.672079
v 0.306111 0.489787 5.661140
v 0.304623 0.503840 5.680634
v 0.288567 0.525607 5.660557
v 0.307130 0.549968 5.655630
v 0.217009 0.716306 5.660537
v 0.229311 0.733745 5.679297
v 0.240307 0.728253 5.660486
v 0.195381 0.754481 5.652550
v 0.198647 0.742100 5.671673
v 0.187883 0.770656 5.659065
v 0.187767 0.759477 5.680789
v 0.143391 0.748198 5.677896
v 0.158225 0.735801 5.671732
v 0.144661 0.731834 5.653707
v 0.127202 0.719115 5.657305
v 0.130156 0.688897 5.672313
v 0.153977 0.693445 5.677379
v -0.551612 2.214011 0.000000
v -0.551612 3.317235 0.000000
v -0.535583 2.214011 -0.132009
v -0.535583 3.317235 -0.132009
v -0.488428 2.214011 -0.256346
v -0.488428 3.317235 -0.256346
v -0.412888 2.214011 -0.365786
v -0.412888 3.317235 -0.365786
v -0.313351 2.214011 -0.453967
v -0.313351 3.317235 -0.453967
v -0.195604 2.214011 -0.515766
v -0.195604 3.317235 -0.515766
v -0.066490 2.214011 -0.547590
v -0.066490 3.317235 -0.547590
v 0.066489 2.214011 -0.547590
v 0.066489 3.317235 -0.547590
v 0.195604 2.214011 -0.515766
v 0.195604 3.317235 -0.515766
v 0.313351 2.214011 -0.453967
v 0.313351 3.317235 -0.453967
v 0.412888 2.214011 -0.365786
v 0.412888 3.317235 -0.365786
v 0.488428 2.214011 -0.256347
v 0.488428 3.317235 -0.256347
v 0.535583 2.214011 -0.132009
v 0.535583 3.317235 -0.132009
v 0.551612 2.214011 0.000000
v 0.551612 3.317235 0.000000
v 0.535583 2.214011 0.132010
v 0.535583 3.317235 0.132010
v 0.488428 2.214011 0.256347
v 0.488428 3.317235 0.256347
v 0.412888 2.214011 0.365787
v 0.412888 3.317235 0.365787
v 0.313351 2.214011 0.453968
v 0.313351 3.317235 0.453968
v 0.195604 2.214011 0.515767
v 0.195604 3.317235 0.515767
v 0.066490 2.214011 0.547591
v 0.066490 3.317235 0.547591
v -0.066489 2.214011 0.547591
v -0.066489 3.317235 0.547591
v -0.195604 2.214011 0.515767
v -0.195604 3.317235 0.515767
v -0.313351 2.214011 0.453968
v -0.313351 3.317235 0.453968
v -0.412888 2.214011 0.365787
v -0.412888 3.317235 0.365787
v -0.488428 2.214011 0.256347
v -0.488428 3.317235 0.256347
v -0.535583 2.214011 0.132010
v -0.535583 3.317235 0.132010
v -0.549980 3.317235 -0.135558
v -0.566440 3.317235 0.000000
v -0.501558 3.317235 -0.263237
v -0.423986 3.317235 -0.375619
v -0.321775 3.317235 -0.466170
v -0.200862 3.317235 -0.529630
v -0.068277 3.317235 -0.562309
v 0.068277 3.317235 -0.562309
v 0.200862 3.317235 -0.529630
v 0.321775 3.317235 -0.466170
v 0.423986 3.317235 -0.375619
v 0.501558 3.317235 -0.263237
v 0.549980 3.317235 -0.135558
v 0.566440 3.317235 0.000000
v 0.549980 3.317235 0.135558
v 0.501558 3.317235 0.263238
v 0.423986 3.317235 0.375620
v 0.321775 3.317235 0.466171
v 0.200862 3.317235 0.529631
v 0.068277 3.317235 0.562310
v -0.068277 3.317235 0.562310
v -0.200862 3.317235 0.529631
v -0.321775 3.317235 0.466171
v -0.423986 3.317235 0.375620
v -0.501558 3.317235 0.263238
v -0.549980 3.317235 0.135558
v -0.549980 3.357241 -0.135558
v -0.566440 3.357241 0.000000
v -0.501558 3.357241 -0.263237
v -0.423986 3.357241 -0.375619
v -0.321775 3.357241 -0.466170
v -0.200862 3.357241 -0.529630
v -0.068277 3.357241 -0.562309
v 0.068277 3.357241 -0.562309
v 0.200862 3.357241 -0.529630
v 0.321775 3.357241 -0.466170
v 0.423986 3.357241 -0.375619
v 0.501558 3.357241 -0.263237
v 0.549980 3.357241 -0.135558
v 0.566440 3.357241 0.000000
v 0.549980 3.357241 0.135558
v 0.501558 3.357241 0.263238
v 0.423986 3.357241 0.375620
v 0.321775 3.357241 0.466171
v 0.200862 3.357241 0.529631
v 0.068277 3.357241 0.562310
v -0.068277 3.357241 0.562310
v -0.200862 3.357241 0.529631
v -0.321775 3.357241 0.466171
v -0.423986 3.357241 0.375620
v -0.501558 3.357241 0.263238
v -0.549980 3.357241 0.135558
v -0.419568 3.357241 -0.103414
v -0.432124 3.357241 0.000000
v -0.382627 3.357241 -0.200818
v -0.323450 3.357241 -0.286551
v -0.245475 3.357241 -0.355631
v -0.153233 3.357241 -0.404043
v -0.052087 3.357241 -0.428973
v 0.052087 3.357241 -0.428973
v 0.153233 3.357241 -0.404043
v 0.245475 3.357241 -0.355631
v 0.323450 3.357241 -0.286551
v 0.382627 3.357241 -0.200818
v 0.419568 3.357241 -0.103414
v 0.432124 3.357241 0.000000
v 0.419568 3.357241 0.103415
v 0.382627 3.357241 0.200819
v 0.323450 3.357241 0.286552
v 0.245475 3.357241 0.355632
v 0.153233 3.357241 0.404044
v 0.052087 3.357241 0.428974
v -0.052087 3.357241 0.428974
v -0.153233 3.357241 0.404044
v -0.245475 3.357241 0.355632
v -0.323450 3.357241 0.286552
v -0.382627 3.357241 0.200819
v -0.419568 3.357241 0.103415
v -0.419568 3.418535 -0.103414
v -0.432124 3.418535 0.000000
v -0.382627 3.418535 -0.200818
v -0.323450 3.418535 -0.286551
v -0.245475 3.418535 -0.355631
v -0.153233 3.418535 -0.404043
v -0.052087 3.418535 -0.428973
v 0.052087 3.418535 -0.428973
v 0.153233 3.418535 -0.404043
v 0.245475 3.418535 -0.355631
v 0.323450 3.418535 -0.286551
v 0.382627 3.418535 -0.200818
v 0.419568 3.418535 -0.103414
v 0.432124 3.418535 0.000000
v 0.419568 3.418535 0.103415
v 0.382627 3.418535 0.200819
v 0.323450 3.418535 0.286552
v 0.245475 3.418535 0.355632
v 0.153233 3.418535 0.404044
v 0.052087 3.418535 0.428974
v -0.052087 3.418535 0.428974
v -0.153233 3.418535 0.404044
v -0.245475 3.418535 0.355632
v -0.323450 3.418535 0.286552
v -0.382627 3.418535 0.200819
v -0.419568 3.418535 0.103415
v -0.272576 3.440592 -0.067184
v -0.280734 3.440592 0.000000
v -0.248578 3.440592 -0.130463
v -0.210133 3.440592 -0.186161
v -0.159475 3.440592 -0.231039
v -0.099550 3.440592 -0.262491
v -0.033839 3.440592 -0.278687
v 0.033839 3.440592 -0.278687
v 0.099550 3.440592 -0.262491
v 0.159475 3.440592 -0.231039
v 0.210132 3.440592 -0.186161
v 0.248578 3.440592 -0.130463
v 0.272576 3.440592 -0.067184
v 0.280734 3.440592 0.000000
v 0.272576 3.440592 0.067184
v 0.248578 3.440592 0.130464
v 0.210133 3.440592 0.186162
v 0.159475 3.440592 0.231040
v 0.099550 3.440592 0.262491
v 0.033839 3.440592 0.278688
v -0.033839 3.440592 0.278688
v -0.099550 3.440592 0.262491
v -0.159475 3.440592 0.231040
v -0.210132 3.440592 0.186162
v -0.248578 3.440592 0.130464
v -0.272576 3.440592 0.067184
v -0.090745 3.473029 -0.022366
v -0.093461 3.473029 0.000000
v -0.082756 3.473029 -0.043433
v -0.069957 3.473029 -0.061976
v -0.053092 3.473029 -0.076917
v -0.033142 3.473029 -0.087387
v -0.011266 3.473029 -0.092779
v 0.011265 3.473029 -0.092779
v 0.033142 3.473029 -0.087387
v 0.053092 3.473029 -0.076917
v 0.069957 3.473029 -0.061976
v 0.082756 3.473029 -0.043433
v 0.090745 3.473029 -0.022366
v 0.093461 3.473029 0.000000
v 0.090745 3.473029 0.022367
v 0.082756 3.473029 0.043434
v 0.069957 3.473029 0.061977
v 0.053092 3.473029 0.076917
v 0.033142 3.473029 0.087388
v 0.011266 3.473029 0.092780
v -0.011265 3.473029 0.092780
v -0.033142 3.473029 0.087388
v -0.053092 3.473029 0.076917
v -0.069957 3.473029 0.061977
v -0.082756 3.473029 0.043434
v -0.090745 3.473029 0.022367
v -0.059293 0.927442 -0.171823
v -0.054780 0.927442 -0.194514
v -0.041927 0.927442 -0.213750
v -0.022691 0.927442 -0.226603
v -0.000000 0.927442 -0.231117
v 0.022691 0.927442 -0.226603
v 0.041927 0.927442 -0.213750
v 0.054780 0.927442 -0.194514
v 0.059293 0.927442 -0.171823
v 0.054780 0.927442 -0.149133
v 0.041927 0.927442 -0.129897
v 0.022691 0.927442 -0.117044
v -0.000000 0.927442 -0.112530
v -0.022691 0.927442 -0.117044
v -0.041927 0.927442 -0.129897
v -0.054780 0.927442 -0.149133
v -0.059293 0.414245 -0.171823
v -0.054780 0.414245 -0.194514
v -0.041927 0.414245 -0.213750
v -0.022691 0.414245 -0.226603
v -0.000000 0.414245 -0.231117
v 0.022691 0.414245 -0.226603
v 0.041927 0.414245 -0.213750
v 0.054780 0.414245 -0.194514
v 0.059293 0.414245 -0.171823
v 0.054780 0.414245 -0.149133
v 0.041927 0.414245 -0.129897
v 0.022691 0.414245 -0.117044
v -0.000000 0.414245 -0.112530
v -0.022691 0.414245 -0.117044
v -0.041927 0.414245 -0.129897
v -0.054780 0.414245 -0.149133
v -0.346966 0.475783 -0.171823
v 0.346966 0.475783 -0.171823
v -0.346966 0.470670 -0.197529
v 0.346966 0.470670 -0.197529
v -0.346966 0.456109 -0.219321
v 0.346966 0.456109 -0.219321
v -0.346966 0.434317 -0.233882
v 0.346966 0.434317 -0.233882
v -0.346966 0.408612 -0.238995
v 0.346966 0.408612 -0.238995
v -0.346966 0.382906 -0.233882
v 0.346966 0.382906 -0.233882
v -0.346966 0.361114 -0.219321
v 0.346966 0.361114 -0.219321
v -0.346966 0.346553 -0.197529
v 0.346966 0.346553 -0.197529
v -0.346966 0.341440 -0.171823
v 0.346966 0.341440 -0.171823
v -0.346966 0.346553 -0.146118
v 0.346966 0.346553 -0.146118
v -0.346966 0.361114 -0.124326
v 0.346966 0.361114 -0.124326
v -0.346966 0.382906 -0.109765
v 0.346966 0.382906 -0.109765
v -0.346966 0.408612 -0.104652
v 0.346966 0.408612 -0.104652
v -0.346966 0.434317 -0.109765
v 0.346966 0.434317 -0.109765
v -0.346966 0.456109 -0.124326
v 0.346966 0.456109 -0.124326
v -0.346966 0.470670 -0.146118
v 0.346966 0.470670 -0.146118
v 0.284472 0.488415 -0.171823
v 0.355160 0.488415 -0.171823
v 0.284472 0.482340 -0.202363
v 0.355160 0.482340 -0.202363
v 0.284472 0.465041 -0.228253
v 0.355160 0.465041 -0.228253
v 0.284472 0.439151 -0.245552
v 0.355160 0.439151 -0.245552
v 0.284472 0.408612 -0.251626
v 0.355160 0.408612 -0.251627
v 0.284472 0.378073 -0.245552
v 0.355160 0.378073 -0.245552
v 0.284472 0.352183 -0.228253
v 0.355160 0.352183 -0.228253
v 0.284472 0.334883 -0.202363
v 0.355160 0.334883 -0.202363
v 0.284472 0.328809 -0.171823
v 0.355160 0.328809 -0.171823
v 0.284472 0.334883 -0.141284
v 0.355160 0.334883 -0.141284
v 0.284472 0.352183 -0.115394
v 0.355160 0.352183 -0.115394
v 0.284472 0.378073 -0.098095
v 0.355160 0.378073 -0.098095
v 0.284472 0.408612 -0.092020
v 0.355160 0.408612 -0.092020
v 0.284472 0.439151 -0.098095
v 0.355160 0.439151 -0.098095
v 0.284472 0.465041 -0.115394
v 0.355160 0.465041 -0.115394
v 0.284472 0.482340 -0.141284
v 0.355160 0.482340 -0.141284
v -0.284472 0.488415 -0.171823
v -0.355160 0.488415 -0.171823
v -0.284472 0.482340 -0.202362
v -0.355160 0.482340 -0.202362
v -0.284472 0.465041 -0.228252
v -0.355160 0.465041 -0.228252
v -0.284472 0.439151 -0.245552
v -0.355160 0.439151 -0.245552
v -0.284472 0.408612 -0.251626
v -0.355160 0.408612 -0.251626
v -0.284472 0.378073 -0.245552
v -0.355160 0.378073 -0.245552
v -0.284472 0.352183 -0.228252
v -0.355160 0.352183 -0.228252
v -0.284472 0.334883 -0.202362
v -0.355160 0.334883 -0.202362
v -0.284472 0.328809 -0.171823
v -0.355160 0.328809 -0.171823
v -0.284472 0.334883 -0.141284
v -0.355160 0.334883 -0.141284
v -0.284472 0.352183 -0.115394
v -0.355160 0.352183 -0.115394
v -0.284472 0.378073 -0.098095
v -0.355160 0.378073 -0.098095
v -0.284472 0.408612 -0.092020
v -0.355160 0.408612 -0.092020
v -0.284472 0.439151 -0.098095
v -0.355160 0.439151 -0.098095
v -0.284472 0.465041 -0.115394
v -0.355160 0.465041 -0.115394
v -0.284472 0.482340 -0.141284
v -0.355160 0.482340 -0.141284
v 1.141972 0.431401 -0.561540
v 1.141972 0.469344 -0.561540
v 1.104029 0.431401 -0.561540
v 1.104029 0.469344 -0.561540
v 1.141972 0.431401 -1.159617
v 1.141972 0.469344 -1.159617
v 1.104029 0.431401 -1.159617
v 1.104029 0.469344 -1.159617
v 1.141972 0.842081 -0.561540
v 1.141972 0.880024 -0.561540
v 1.104029 0.842081 -0.561540
v 1.104029 0.880024 -0.561540
v 1.141972 0.842081 -1.159617
v 1.141972 0.880024 -1.159617
v 1.104029 0.842081 -1.159617
v 1.104029 0.880024 -1.159617
v 1.141972 1.252761 -0.561540
v 1.141972 1.290703 -0.561540
v 1.104029 1.252761 -0.561540
v 1.104029 1.290703 -0.561540
v 1.141972 1.252761 -1.159617
v 1.141972 1.290703 -1.159617
v 1.104029 1.252761 -1.159617
v 1.104029 1.290703 -1.159617
v 1.141972 1.663441 -0.561539
v 1.141972 1.701383 -0.561539
v 1.104029 1.663441 -0.561539
v 1.104029 1.701383 -0.561539
v 1.141972 1.663441 -1.159617
v 1.141972 1.701383 -1.159617
v 1.104029 1.663441 -1.159617
v 1.104029 1.701383 -1.159617
v 1.065612 2.074121 -0.561539
v 1.065612 2.112063 -0.561539
v 1.027669 2.074121 -0.561539
v 1.027669 2.112063 -0.561539
v 1.065612 2.074121 -1.159617
v 1.065612 2.112063 -1.159617
v 1.027669 2.074121 -1.159617
v 1.027669 2.112063 -1.159617
v 0.959225 2.484800 -0.561539
v 0.959225 2.522743 -0.561539
v 0.921283 2.484800 -0.561539
v 0.921283 2.522743 -0.561539
v 0.959225 2.484800 -1.159617
v 0.959225 2.522743 -1.159617
v 0.921283 2.484800 -1.159617
v 0.921283 2.522743 -1.159617
v 1.076942 0.380541 -0.550375
v 1.168567 0.383037 -0.550375
v 1.168567 0.383037 -0.642034
v 1.076942 0.380541 -0.642034
v 1.077416 1.193429 -0.550375
v 1.169074 1.193143 -0.550375
v 1.169074 1.193143 -0.642034
v 1.077416 1.193429 -0.642034
v 1.076960 1.709656 -0.550375
v 1.168549 1.713246 -0.550375
v 1.168549 1.713246 -0.642034
v 1.076960 1.709656 -0.642034
v 1.074521 1.747634 -0.550375
v 1.165797 1.756016 -0.550375
v 1.165797 1.756016 -0.642034
v 1.074521 1.747634 -0.642034
v 0.973144 2.231573 -0.550375
v 1.061982 2.254139 -0.550375
v 1.061982 2.254139 -0.642034
v 0.973144 2.231573 -0.642034
v 0.865736 2.614023 -0.550375
v 0.950930 2.647838 -0.550375
v 0.950930 2.647838 -0.642034
v 0.865736 2.614023 -0.642034
v 0.806538 2.713079 -0.550375
v 0.865953 2.782874 -0.550375
v 0.865953 2.782874 -0.642034
v 0.806538 2.713079 -0.642034
v 0.740499 2.735758 -0.550375
v 0.747379 2.827159 -0.550375
v 0.747379 2.827159 -0.642034
v 0.740499 2.735758 -0.642034
v -0.000000 2.736509 -0.550375
v -0.000000 2.828168 -0.550375
v -0.000000 2.828168 -0.642034
v -0.000000 2.736509 -0.642034
v 1.076942 0.380541 -1.079125
v 1.168567 0.383037 -1.079125
v 1.168567 0.383037 -1.170784
v 1.076942 0.380541 -1.170784
v 1.077416 1.193429 -1.079125
v 1.169074 1.193143 -1.079125
v 1.169074 1.193143 -1.170784
v 1.077416 1.193429 -1.170784
v 1.076960 1.709656 -1.079125
v 1.168549 1.713246 -1.079125
v 1.168549 1.713246 -1.170784
v 1.076960 1.709656 -1.170784
v 1.074521 1.747634 -1.079125
v 1.165797 1.756016 -1.079125
v 1.165797 1.756016 -1.170784
v 1.074521 1.747634 -1.170784
v 0.973144 2.231573 -1.079125
v 1.061982 2.254139 -1.079125
v 1.061982 2.254139 -1.170784
v 0.973144 2.231573 -1.170784
v 0.865736 2.614023 -1.079125
v 0.950930 2.647838 -1.079125
v 0.950930 2.647838 -1.170784
v 0.865736 2.614023 -1.170784
v 0.806538 2.713079 -1.079125
v 0.865953 2.782874 -1.079125
v 0.865953 2.782874 -1.170784
v 0.806538 2.713079 -1.170784
v 0.740499 2.735758 -1.079125
v 0.747379 2.827159 -1.079125
v 0.747379 2.827159 -1.170784
v 0.740499 2.735758 -1.170784
v -0.000000 2.736509 -1.079125
v -0.000000 2.828168 -1.079125
v -0.000000 2.828168 -1.170785
v -0.000000 2.736509 -1.170785
v -1.141972 0.431402 -0.561539
v -1.141972 0.469344 -0.561539
v -1.104029 0.431402 -0.561539
v -1.104029 0.469344 -0.561539
v -1.141972 0.431402 -1.159617
v -1.141972 0.469344 -1.159617
v -1.104029 0.431402 -1.159617
v -1.104029 0.469344 -1.159617
v -1.141972 0.842081 -0.561539
v -1.141972 0.880024 -0.561539
v -1.104029 0.842081 -0.561539
v -1.104029 0.880024 -0.561539
v -1.141972 0.842081 -1.159617
v -1.141972 0.880024 -1.159617
v -1.104029 0.842081 -1.159617
v -1.104029 0.880024 -1.159617
v -1.141972 1.252761 -0.561539
v -1.141972 1.290704 -0.561539
v -1.104029 1.252761 -0.561539
v -1.104029 1.290704 -0.561539
v -1.141972 1.252761 -1.159617
v -1.141972 1.290704 -1.159617
v -1.104029 1.252761 -1.159617
v -1.104029 1.290704 -1.159617
v -1.141972 1.663441 -0.561539
v -1.141972 1.701383 -0.561539
v -1.104029 1.663441 -0.561539
v -1.104029 1.701383 -0.561539
v -1.141972 1.663441 -1.159617
v -1.141972 1.701383 -1.159617
v -1.104029 1.663441 -1.159617
v -1.104029 1.701383 -1.159617
v -1.065612 2.074121 -0.561539
v -1.065612 2.112063 -0.561539
v -1.027670 2.074121 -0.561539
v -1.027670 2.112063 -0.561539
v -1.065612 2.074121 -1.159617
v -1.065612 2.112063 -1.159617
v -1.027670 2.074121 -1.159617
v -1.027670 2.112063 -1.159617
v -0.959225 2.484800 -0.561539
v -0.959225 2.522743 -0.561539
v -0.921283 2.484800 -0.561539
v -0.921283 2.522743 -0.561539
v -0.959225 2.484800 -1.159617
v -0.959225 2.522743 -1.159617
v -0.921283 2.484800 -1.159617
v -0.921283 2.522743 -1.159617
v -1.076942 0.380542 -0.550375
v -1.168567 0.383037 -0.550375
v -1.168568 0.383037 -0.642034
v -1.076942 0.380542 -0.642034
v -1.077416 1.193429 -0.550375
v -1.169075 1.193143 -0.550375
v -1.169075 1.193143 -0.642034
v -1.077416 1.193429 -0.642034
v -1.076960 1.709656 -0.550375
v -1.168549 1.713246 -0.550375
v -1.168549 1.713246 -0.642034
v -1.076960 1.709656 -0.642034
v -1.074521 1.747634 -0.550375
v -1.165797 1.756016 -0.550375
v -1.165797 1.756016 -0.642034
v -1.074521 1.747634 -0.642034
v -0.973144 2.231573 -0.550375
v -1.061982 2.254139 -0.550375
v -1.061982 2.254139 -0.642034
v -0.973144 2.231573 -0.642034
v -0.865736 2.614023 -0.550375
v -0.950930 2.647838 -0.550375
v -0.950930 2.647838 -0.642034
v -0.865736 2.614023 -0.642034
v -0.806538 2.713079 -0.550375
v -0.865953 2.782875 -0.550375
v -0.865953 2.782875 -0.642034
v -0.806538 2.713079 -0.642034
v -0.740499 2.735759 -0.550375
v -0.747379 2.827159 -0.550375
v -0.747379 2.827159 -0.642034
v -0.740499 2.735759 -0.642034
v -1.076942 0.380542 -1.079125
v -1.168567 0.383037 -1.079125
v -1.168568 0.383037 -1.170784
v -1.076942 0.380542 -1.170784
v -1.077416 1.193429 -1.079125
v -1.169075 1.193143 -1.079125
v -1.169075 1.193143 -1.170784
v -1.077416 1.193429 -1.170784
v -1.076960 1.709656 -1.079125
v -1.168549 1.713246 -1.079125
v -1.168549 1.713246 -1.170784
v -1.076960 1.709656 -1.170784
v -1.074521 1.747634 -1.079125
v -1.165797 1.756016 -1.079125
v -1.165797 1.756016 -1.170784
v -1.074521 1.747634 -1.170784
v -0.973144 2.231573 -1.079125
v -1.061982 2.254139 -1.079125
v -1.061982 2.254139 -1.170784
v -0.973144 2.231573 -1.170784
v -0.865736 2.614023 -1.079125
v -0.950930 2.647838 -1.079125
v -0.950930 2.647838 -1.170784
v -0.865736 2.614023 -1.170784
v -0.806538 2.713079 -1.079125
v -0.865953 2.782875 -1.079125
v -0.865953 2.782875 -1.170784
v -0.806538 2.713079 -1.170784
v -0.740499 2.735759 -1.079125
v -0.747380 2.827159 -1.079125
v -0.747379 2.827159 -1.170784
v -0.740499 2.735759 -1.170784
vn -0.0000 -0.0000 1.0000
vn -1.0000 -0.0000 -0.0000
vn -0.0000 -0.0000 -1.0000
vn 1.0000 -0.0000 -0.0000
vn -0.0000 -1.0000 -0.0000
vn -0.0000 1.0000 -0.0000
vn -0.0000 0.7253 0.6885
vn 0.0014 1.0000 -0.0001
vn -0.0000 0.8859 -0.4640
vn -0.0000 0.5308 -0.8475
vn -0.0000 0.0070 -1.0000
vn -0.0000 -1.0000 0.0020
vn -0.0000 0.0123 0.9999
vn -0.0000 -0.5796 0.8149
vn -0.0000 -1.0000 0.0089
vn -0.0000 -0.8236 -0.5671
vn -0.0000 -0.0236 -0.9997
vn -0.0000 -1.0000 0.0099
vn -0.0000 -0.7817 -0.6236
vn -0.0000 -1.0000 0.0015
vn -0.0000 -0.7817 0.6237
vn -0.0000 -1.0000 -0.0099
vn -0.0000 -0.0236 0.9997
vn -0.0000 -0.8236 0.5671
vn -0.0000 -1.0000 -0.0089
vn -0.0000 -0.5801 -0.8146
vn -0.0000 0.0119 -0.9999
vn -0.0000 -1.0000 -0.0020
vn -0.0000 -0.9998 0.0174
vn -0.0000 0.1775 -0.9841
vn -0.0000 0.8513 -0.5246
vn -0.0000 0.9970 -0.0778
vn -0.0000 0.6557 0.7550
vn -0.0000 0.0048 1.0000
vn -0.0000 -0.5794 0.8151
vn -0.0000 -1.0000 -0.0026
vn -0.0000 -0.0002 1.0000
vn -0.0000 -0.0074 1.0000
vn -0.0000 0.7779 0.6284
vn -0.0000 1.0000 -0.0024
vn -0.0000 0.7766 -0.6300
vn -0.0000 -0.0074 -1.0000
vn -0.0000 -0.0001 -1.0000
vn -0.0000 -0.0045 -1.0000
vn -0.0000 -0.9417 -0.3365
vn -0.0000 -0.9999 -0.0145
vn -0.0000 0.1775 0.9841
vn -0.0000 0.8513 0.5246
vn -0.0000 0.9970 0.0778
vn -0.0000 0.6557 -0.7550
vn -0.0000 -0.4990 -0.8666
vn -0.0000 0.4990 -0.8666
vn -0.0000 -0.4990 0.8666
vn -0.0000 0.4990 0.8666
vn -0.0000 0.8666 -0.4990
vn -0.0000 0.8666 0.4990
vn -0.0000 -0.8666 0.4990
vn -0.0000 -0.8666 -0.4990
vn -0.0000 0.6116 0.7912
vn -0.0000 0.6116 -0.7912
vn -0.0000 0.8859 -0.4639
vn -0.0000 -0.5800 -0.8146
vn -0.0000 -0.5794 0.8150
vn -0.0000 0.7766 -0.6301
vn -0.0000 0.4991 -0.8666
vn -0.0000 0.1348 -0.9909
vn -0.0000 0.1305 0.9914
vn 0.9158 0.3691 -0.1583
vn 0.8989 0.3688 -0.2366
vn 0.8498 0.5271 -0.0000
vn 0.8723 0.4890 -0.0000
vn 0.8511 -0.0000 0.5250
vn 0.9767 -0.0000 0.2148
vn 0.9955 -0.0000 -0.0943
vn 0.9145 -0.0000 -0.4045
vn 0.7067 -0.0000 -0.7075
vn 0.3353 -0.0000 -0.9421
vn -0.1515 -0.0000 -0.9885
vn -0.5822 -0.0000 -0.8130
vn -0.8511 -0.0000 -0.5251
vn -0.9767 -0.0000 -0.2147
vn -0.9955 -0.0000 0.0943
vn -0.9145 -0.0000 0.4045
vn -0.7066 -0.0000 0.7076
vn -0.3354 -0.0000 0.9421
vn 0.1515 -0.0000 0.9884
vn 0.5822 -0.0000 0.8131
vn 0.0184 -0.0200 -0.9996
vn 0.9158 0.3691 0.1583
vn 0.8989 0.3687 0.2367
vn 0.8511 -0.0000 -0.5250
vn 0.9767 -0.0000 -0.2148
vn 0.9955 -0.0000 0.0943
vn 0.9145 -0.0000 0.4045
vn 0.7067 -0.0000 0.7076
vn 0.3353 -0.0000 0.9421
vn -0.1515 -0.0000 0.9885
vn -0.5822 -0.0000 0.8130
vn -0.8511 -0.0000 0.5251
vn -0.9767 -0.0000 0.2147
vn -0.9955 -0.0000 -0.0943
vn -0.9145 -0.0000 -0.4045
vn -0.7067 -0.0000 -0.7076
vn -0.3353 -0.0000 -0.9421
vn 0.1515 -0.0000 -0.9885
vn 0.5822 -0.0000 -0.8130
vn 0.8989 0.3688 0.2367
vn 0.7067 -0.0000 0.7075
vn -0.7066 -0.0000 -0.7076
vn 0.8989 0.3687 -0.2367
vn 0.7067 -0.0000 -0.7076
vn -0.5822 -0.0000 -0.8131
vn -0.7067 -0.0000 0.7076
vn -0.3353 -0.0000 0.9421
vn 0.1515 -0.0000 0.9885
vn 0.5822 -0.0000 0.8130
vn -0.0184 -0.0200 0.9996
vn -0.9158 0.3691 -0.1583
vn -0.8989 0.3688 -0.2367
vn -0.8498 0.5271 -0.0000
vn -0.8723 0.4890 -0.0000
vn -0.8511 -0.0000 0.5250
vn -0.7067 -0.0000 -0.7075
vn 0.8511 -0.0000 -0.5251
vn 0.9767 -0.0000 -0.2147
vn 0.7066 -0.0000 0.7076
vn 0.3354 -0.0000 0.9421
vn -0.1515 -0.0000 0.9884
vn -0.5822 -0.0000 0.8131
vn -0.9158 0.3691 0.1583
vn -0.8989 0.3688 0.2367
vn -0.8511 -0.0000 -0.5250
vn -0.9767 -0.0000 -0.2148
vn -0.7067 -0.0000 0.7075
vn 0.8511 -0.0000 0.5251
vn 0.9767 -0.0000 0.2147
vn -0.8989 0.3687 0.2367
vn 0.5823 -0.0000 0.8130
vn -0.9767 -0.0000 0.2148
vn -0.0000 -0.2589 -0.9659
vn -0.0000 -0.9659 0.2588
vn -0.0000 -0.7071 0.7071
vn -0.0000 -0.2588 0.9659
vn -0.0000 0.2588 0.9659
vn -0.0000 0.7071 0.7071
vn -0.0000 0.9659 0.2588
vn -0.0000 0.9659 -0.2588
vn -0.0000 0.7071 -0.7071
vn -0.0000 0.2589 -0.9659
vn -0.0000 -0.1646 0.9864
vn -0.0000 -0.4759 0.8795
vn -0.0000 -0.7357 0.6773
vn -0.0000 -0.9966 0.0826
vn -0.0000 -0.9694 -0.2455
vn -0.0000 -0.8372 -0.5469
vn -0.0000 -0.6142 -0.7891
vn -0.0000 -0.3247 -0.9458
vn -0.0000 0.3247 -0.9458
vn -0.0000 0.8372 -0.5469
vn -0.0000 0.9694 -0.2455
vn -0.0000 0.9966 0.0826
vn -0.0000 0.9158 0.4017
vn -0.0000 0.7357 0.6773
vn -0.9812 -0.1767 0.0775
vn -0.0000 0.4759 0.8795
vn -0.0000 0.1646 0.9864
vn -0.9996 0.0094 0.0273
vn -0.9996 -0.0280 0.0071
vn -0.9996 -0.0048 -0.0285
vn -0.9996 0.0138 -0.0254
vn -0.9996 0.0242 0.0158
vn -0.9996 -0.0178 0.0228
vn -0.9996 -0.0213 -0.0196
vn -0.9996 0.0288 -0.0024
vn -0.9996 -0.0000 0.0289
vn -0.9996 -0.0288 -0.0024
vn -0.9996 0.0213 -0.0196
vn -0.9996 0.0178 0.0228
vn -0.9996 0.0048 -0.0285
vn -0.9996 -0.0242 0.0158
vn -0.9996 -0.0138 -0.0254
vn -0.9996 0.0280 0.0071
vn -0.9996 -0.0094 0.0273
vn -0.9996 -0.0265 -0.0116
vn -0.9996 0.0265 -0.0116
vn -0.9812 -0.0626 -0.1825
vn -0.9812 0.1870 -0.0474
vn -0.9812 0.0318 0.1903
vn -0.9812 -0.0918 0.1697
vn -0.9812 -0.1615 -0.1055
vn -0.9812 0.1419 0.1307
vn -0.9812 -0.1923 0.0159
vn -0.9812 -0.0000 -0.1929
vn -0.9812 0.1923 0.0159
vn -0.9812 -0.1419 0.1307
vn -0.9812 -0.1185 -0.1523
vn -0.9812 -0.0318 0.1903
vn -0.9812 0.1615 -0.1055
vn -0.9812 0.0918 0.1697
vn -0.9812 -0.1870 -0.0474
vn -0.9812 0.0626 -0.1825
vn -0.9812 0.1767 0.0775
vn -0.0000 0.8372 -0.5470
vn -0.0000 -0.8372 -0.5470
vn -0.0000 -0.9158 0.4017
vn -0.0000 -0.1646 -0.9864
vn -0.0000 -0.4759 -0.8795
vn -0.0000 -0.7357 -0.6773
vn -0.0000 -0.9966 -0.0826
vn -0.0000 -0.9694 0.2455
vn -0.0000 -0.8372 0.5469
vn -0.0000 -0.6142 0.7891
vn -0.0000 -0.3247 0.9458
vn -0.0000 0.3247 0.9458
vn -0.0000 0.6142 0.7891
vn -0.0000 0.8372 0.5470
vn -0.0000 0.9694 0.2455
vn -0.0000 0.9966 -0.0826
vn -0.0000 0.9158 -0.4017
vn -0.0000 0.7357 -0.6773
vn 0.9812 -0.1767 -0.0775
vn -0.0000 0.4760 -0.8795
vn -0.0000 0.1646 -0.9864
vn 0.9996 0.0094 -0.0273
vn 0.9996 -0.0280 -0.0071
vn 0.9996 -0.0048 0.0285
vn 0.9996 0.0138 0.0254
vn 0.9996 0.0242 -0.0158
vn 0.9996 -0.0178 -0.0228
vn 0.9996 -0.0213 0.0196
vn 0.9996 0.0288 0.0024
vn 0.9996 -0.0000 -0.0289
vn 0.9996 -0.0288 0.0024
vn 0.9996 0.0213 0.0196
vn 0.9996 0.0178 -0.0228
vn 0.9996 0.0048 0.0285
vn 0.9996 -0.0242 -0.0158
vn 0.9996 -0.0138 0.0254
vn 0.9996 -0.0094 -0.0273
vn 0.9996 -0.0265 0.0116
vn 0.9996 0.0265 0.0116
vn 0.9812 -0.0626 0.1825
vn 0.9812 0.1870 0.0474
vn 0.9812 0.0318 -0.1903
vn 0.9812 -0.0918 -0.1697
vn 0.9812 -0.1615 0.1055
vn 0.9812 0.1185 0.1523
vn 0.9812 0.1419 -0.1307
vn 0.9812 -0.1923 -0.0159
vn 0.9812 -0.0000 0.1929
vn 0.9812 0.1923 -0.0159
vn 0.9812 -0.1419 -0.1307
vn 0.9812 -0.1185 0.1523
vn 0.9812 -0.0318 -0.1903
vn 0.9812 0.1615 0.1055
vn 0.9812 0.0918 -0.1697
vn 0.9812 -0.1870 0.0474
vn 0.9812 0.0626 0.1825
vn 0.9812 0.1767 -0.0775
vn -0.0000 0.8372 0.5469
vn -0.0000 -0.9158 -0.4017
vn -0.0000 -0.2589 0.9659
vn -0.0000 -0.9659 -0.2588
vn -0.0000 -0.7071 -0.7071
vn -0.0000 -0.2588 -0.9659
vn -0.0000 0.2588 -0.9659
vn -0.0000 0.2589 0.9659
vn -0.0000 -0.4760 -0.8795
vn -0.9812 -0.1767 -0.0775
vn -0.0000 0.4759 -0.8795
vn -0.9996 0.0094 -0.0273
vn -0.9996 -0.0280 -0.0071
vn -0.9996 -0.0048 0.0285
vn -0.9996 0.0138 0.0254
vn -0.9996 0.0242 -0.0158
vn -0.9996 -0.0178 -0.0228
vn -0.9996 -0.0213 0.0196
vn -0.9996 0.0288 0.0024
vn -0.9996 -0.0000 -0.0289
vn -0.9996 -0.0288 0.0024
vn -0.9996 0.0213 0.0196
vn -0.9996 0.0178 -0.0228
vn -0.9996 0.0048 0.0285
vn -0.9996 -0.0242 -0.0158
vn -0.9996 -0.0138 0.0254
vn -0.9996 0.0280 -0.0071
vn -0.9996 -0.0094 -0.0273
vn -0.9996 -0.0265 0.0116
vn -0.9996 0.0265 0.0116
vn -0.9812 -0.0626 0.1825
vn -0.9812 0.1870 0.0474
vn -0.9812 0.0318 -0.1903
vn -0.9812 -0.0918 -0.1697
vn -0.9812 -0.1615 0.1055
vn -0.9812 0.1185 0.1523
vn -0.9812 0.1419 -0.1307
vn -0.9812 -0.1923 -0.0159
vn -0.9812 -0.0000 0.1929
vn -0.9812 0.1923 -0.0159
vn -0.9812 -0.1419 -0.1307
vn -0.9812 -0.1185 0.1523
vn -0.9812 -0.0318 -0.1903
vn -0.9812 0.1615 0.1055
vn -0.9812 0.0918 -0.1697
vn -0.9812 -0.1870 0.0474
vn -0.9812 0.0627 0.1825
vn -0.9812 0.1767 -0.0775
vn -0.0000 0.6142 -0.7891
vn 0.9812 -0.1767 0.0775
vn 0.9996 0.0094 0.0273
vn 0.9996 -0.0280 0.0071
vn 0.9996 -0.0048 -0.0285
vn 0.9996 0.0138 -0.0254
vn 0.9996 0.0242 0.0158
vn 0.9996 -0.0178 0.0228
vn 0.9996 -0.0213 -0.0196
vn 0.9996 0.0288 -0.0024
vn 0.9996 -0.0000 0.0289
vn 0.9996 -0.0288 -0.0024
vn 0.9996 0.0213 -0.0196
vn 0.9996 0.0178 0.0228
vn 0.9996 0.0048 -0.0285
vn 0.9996 -0.0242 0.0158
vn 0.9996 -0.0138 -0.0254
vn 0.9996 0.0280 0.0071
vn 0.9996 -0.0094 0.0273
vn 0.9996 -0.0265 -0.0116
vn 0.9996 0.0265 -0.0116
vn 0.9812 -0.0626 -0.1825
vn 0.9812 0.1870 -0.0474
vn 0.9812 0.0318 0.1903
vn 0.9812 -0.0918 0.1697
vn 0.9812 -0.1615 -0.1055
vn 0.9812 0.1185 -0.1523
vn 0.9812 0.1419 0.1307
vn 0.9812 -0.1923 0.0159
vn 0.9812 0.1923 0.0159
vn 0.9812 -0.1419 0.1307
vn 0.9812 -0.1185 -0.1523
vn 0.9812 -0.0318 0.1903
vn 0.9812 0.1615 -0.1055
vn 0.9812 0.0918 0.1697
vn 0.9812 -0.1870 -0.0474
vn 0.9812 0.1767 0.0775
vn -0.0000 0.4760 0.8795
vn -0.0000 -0.8372 0.5470
vn -0.9812 -0.1420 -0.1307
vn -0.9812 0.0626 0.1825
vn 0.9812 -0.0000 -0.1929
vn 0.9812 0.0626 -0.1825
vn -0.0000 -0.4760 0.8795
vn -0.9812 0.1185 -0.1523
vn 0.9996 0.0280 -0.0071
vn -0.0000 -0.6142 0.7892
vn -0.0000 0.5248 -0.8512
vn 0.0014 1.0000 0.0001
vn -0.0000 0.8859 0.4639
vn -0.0000 0.5308 0.8475
vn -0.0000 0.0070 1.0000
vn -0.0000 0.0123 -0.9999
vn -0.0000 -0.5796 -0.8149
vn -0.0000 -0.7817 0.6236
vn -0.0000 -1.0000 -0.0015
vn -0.0000 -0.7817 -0.6237
vn -0.0000 -0.5801 0.8146
vn -0.0000 0.0119 0.9999
vn -0.0000 -0.9998 -0.0174
vn -0.0000 0.0048 -1.0000
vn -0.0000 -0.5794 -0.8150
vn -0.0000 -1.0000 0.0026
vn -0.0000 -0.0002 -1.0000
vn -0.0000 0.7779 -0.6284
vn -0.0000 1.0000 0.0024
vn -0.0000 0.7766 0.6300
vn -0.0000 -0.0001 1.0000
vn -0.0000 -0.0045 1.0000
vn -0.0000 -0.9417 0.3365
vn -0.0000 -0.9999 0.0145
vn -0.0000 0.4991 0.8666
vn -0.0000 0.7253 -0.6885
vn -0.0000 0.1348 0.9909
vn -0.0000 0.1305 -0.9914
vn -0.3354 -0.0000 -0.9421
vn 0.1516 -0.0000 -0.9884
vn 0.5822 -0.0000 -0.8131
vn -0.2016 -0.9792 -0.0233
vn -0.3766 -0.9100 -0.1735
vn -0.1993 -0.9754 -0.0944
vn -0.9753 0.1927 -0.1076
vn -0.9158 -0.0000 -0.4015
vn -0.9940 -0.0000 -0.1095
vn -0.2016 0.9792 -0.0233
vn -0.0000 0.9977 -0.0685
vn -0.1993 0.9754 -0.0944
vn -0.0000 -0.9977 -0.0685
vn -0.9753 -0.1927 -0.1076
vn -0.9003 -0.1823 -0.3953
vn -0.3766 0.9100 -0.1735
vn -0.3881 0.9206 -0.0441
vn -0.9200 -0.3784 -0.1017
vn -0.8537 -0.3598 -0.3764
vn -0.5353 0.8090 -0.2427
vn -0.5591 0.8267 -0.0628
vn -0.8300 -0.5501 -0.0921
vn -0.7766 -0.5273 -0.3447
vn -0.6698 0.6792 -0.3001
vn -0.7082 0.7015 -0.0790
vn -0.7082 -0.7016 -0.0790
vn -0.6698 -0.6792 -0.3001
vn -0.7766 0.5273 -0.3447
vn -0.8300 0.5501 -0.0921
vn -0.5591 -0.8267 -0.0628
vn -0.5353 -0.8090 -0.2427
vn -0.8537 0.3598 -0.3764
vn -0.9200 0.3784 -0.1017
vn -0.3881 -0.9206 -0.0441
vn -0.9003 0.1823 -0.3953
vn -0.4599 -0.7691 -0.4438
vn -0.3303 -0.8868 -0.3233
vn -0.7184 0.1600 -0.6770
vn -0.1761 -0.9683 -0.1773
vn -0.7280 -0.0000 -0.6856
vn -0.1761 0.9683 -0.1773
vn -0.7184 -0.1600 -0.6770
vn -0.3303 0.8868 -0.3233
vn -0.6888 -0.3194 -0.6508
vn -0.4599 0.7691 -0.4438
vn -0.6376 -0.4769 -0.6051
vn -0.5621 0.6289 -0.5371
vn -0.5621 -0.6289 -0.5371
vn -0.6376 0.4769 -0.6051
vn -0.6888 0.3194 -0.6508
vn -0.3624 0.7216 -0.5899
vn -0.5081 -0.2790 -0.8148
vn -0.4783 -0.4240 -0.7691
vn -0.4314 0.5731 -0.6968
vn -0.4314 -0.5731 -0.6968
vn -0.4783 0.4240 -0.7691
vn -0.3624 -0.7216 -0.5899
vn -0.5081 0.2790 -0.8148
vn -0.2667 -0.8575 -0.4400
vn -0.5246 0.1383 -0.8401
vn -0.1438 -0.9590 -0.2442
vn -0.5298 -0.0000 -0.8481
vn -0.1438 0.9590 -0.2442
vn -0.5246 -0.1383 -0.8401
vn -0.2667 0.8575 -0.4400
vn -0.3527 0.1224 -0.9277
vn -0.1943 -0.8297 -0.5234
vn -0.1059 -0.9499 -0.2940
vn -0.3555 -0.0000 -0.9347
vn -0.1060 0.9499 -0.2940
vn -0.3527 -0.1224 -0.9277
vn -0.1943 0.8297 -0.5234
vn -0.3440 -0.2488 -0.9054
vn -0.2582 0.6794 -0.6868
vn -0.3277 -0.3827 -0.8638
vn -0.3007 0.5267 -0.7951
vn -0.3007 -0.5267 -0.7951
vn -0.3277 0.3827 -0.8638
vn -0.2582 -0.6794 -0.6868
vn -0.3440 0.2488 -0.9054
vn -0.1985 -0.2297 -0.9528
vn -0.1904 -0.3559 -0.9149
vn -0.1766 0.4954 -0.8505
vn -0.1766 -0.4954 -0.8505
vn -0.1904 0.3559 -0.9149
vn -0.1539 -0.6492 -0.7448
vn -0.1985 0.2297 -0.9528
vn -0.1178 -0.8086 -0.5764
vn -0.2027 0.1126 -0.9727
vn -0.0647 -0.9429 -0.3269
vn -0.2040 -0.0000 -0.9790
vn -0.0647 0.9429 -0.3269
vn -0.2027 -0.1126 -0.9727
vn -0.1178 0.8086 -0.5764
vn -0.1539 0.6492 -0.7448
vn -0.0394 -0.7974 -0.6021
vn -0.0217 -0.9391 -0.3431
vn -0.0665 -0.0000 -0.9978
vn -0.0217 0.9391 -0.3431
vn -0.0661 -0.1079 -0.9920
vn -0.0394 0.7974 -0.6021
vn -0.0649 -0.2206 -0.9732
vn -0.0511 0.6337 -0.7719
vn -0.0624 -0.3429 -0.9373
vn -0.0582 0.4798 -0.8754
vn -0.0582 -0.4798 -0.8754
vn -0.0624 0.3429 -0.9373
vn -0.0511 -0.6337 -0.7719
vn -0.0649 0.2206 -0.9732
vn -0.0661 0.1079 -0.9920
vn 0.0582 0.4798 -0.8754
vn 0.0582 -0.4798 -0.8754
vn 0.0624 0.3429 -0.9373
vn 0.0511 -0.6337 -0.7719
vn 0.0648 0.2206 -0.9732
vn 0.0394 -0.7974 -0.6021
vn 0.0661 0.1079 -0.9920
vn 0.0217 -0.9391 -0.3431
vn 0.0665 -0.0000 -0.9978
vn 0.0217 0.9391 -0.3431
vn 0.0661 -0.1079 -0.9920
vn 0.0394 0.7974 -0.6021
vn 0.0648 -0.2206 -0.9732
vn 0.0511 0.6337 -0.7719
vn 0.0624 -0.3429 -0.9373
vn 0.2027 0.1126 -0.9727
vn 0.2040 -0.0000 -0.9790
vn 0.0647 0.9429 -0.3269
vn 0.0647 -0.9429 -0.3269
vn 0.2027 -0.1126 -0.9727
vn 0.1178 0.8086 -0.5764
vn 0.1985 -0.2297 -0.9528
vn 0.1539 0.6492 -0.7448
vn 0.1904 -0.3559 -0.9149
vn 0.1766 0.4954 -0.8505
vn 0.1766 -0.4954 -0.8505
vn 0.1904 0.3559 -0.9149
vn 0.1539 -0.6492 -0.7448
vn 0.1985 0.2297 -0.9528
vn 0.1178 -0.8086 -0.5764
vn 0.3007 -0.5267 -0.7951
vn 0.3007 0.5267 -0.7951
vn 0.3277 0.3827 -0.8638
vn 0.2582 -0.6794 -0.6868
vn 0.3440 0.2488 -0.9054
vn 0.1943 -0.8297 -0.5233
vn 0.3527 0.1224 -0.9277
vn 0.1059 -0.9499 -0.2940
vn 0.3555 -0.0000 -0.9347
vn 0.1059 0.9499 -0.2940
vn 0.3527 -0.1224 -0.9277
vn 0.1943 0.8297 -0.5233
vn 0.3440 -0.2488 -0.9054
vn 0.2582 0.6794 -0.6868
vn 0.3277 -0.3827 -0.8638
vn 0.1438 -0.9590 -0.2442
vn 0.5246 -0.1383 -0.8401
vn 0.1438 0.9590 -0.2442
vn 0.2667 0.8575 -0.4400
vn 0.5081 -0.2790 -0.8148
vn 0.3624 0.7216 -0.5899
vn 0.4783 -0.4240 -0.7691
vn 0.4314 0.5731 -0.6968
vn 0.4314 -0.5731 -0.6968
vn 0.4783 0.4240 -0.7691
vn 0.3624 -0.7216 -0.5899
vn 0.5081 0.2790 -0.8148
vn 0.2667 -0.8575 -0.4400
vn 0.5246 0.1383 -0.8401
vn 0.5298 -0.0000 -0.8481
vn 0.4599 -0.7691 -0.4438
vn 0.6375 0.4769 -0.6051
vn 0.6888 0.3194 -0.6508
vn 0.3303 -0.8868 -0.3233
vn 0.7184 0.1600 -0.6770
vn 0.1761 -0.9683 -0.1773
vn 0.7280 -0.0000 -0.6856
vn 0.1761 0.9683 -0.1773
vn 0.7184 -0.1600 -0.6770
vn 0.3303 0.8868 -0.3233
vn 0.6888 -0.3194 -0.6508
vn 0.4599 0.7691 -0.4438
vn 0.6375 -0.4769 -0.6051
vn 0.5621 0.6289 -0.5371
vn 0.5621 -0.6289 -0.5371
vn 0.1993 0.9754 -0.0944
vn 0.3766 0.9100 -0.1735
vn 0.8537 -0.3598 -0.3764
vn 0.5353 0.8090 -0.2427
vn 0.7766 -0.5273 -0.3447
vn 0.6698 0.6792 -0.3001
vn 0.6698 -0.6792 -0.3001
vn 0.7766 0.5273 -0.3447
vn 0.5353 -0.8090 -0.2427
vn 0.8537 0.3598 -0.3764
vn 0.3766 -0.9100 -0.1735
vn 0.9003 0.1823 -0.3953
vn 0.1993 -0.9754 -0.0944
vn 0.9158 -0.0000 -0.4015
vn 0.9003 -0.1823 -0.3953
vn 0.8300 0.5501 -0.0921
vn 0.9200 0.3784 -0.1017
vn 0.3881 -0.9206 -0.0441
vn 0.9753 0.1927 -0.1076
vn 0.2016 -0.9792 -0.0233
vn 0.9940 -0.0000 -0.1095
vn 0.2016 0.9792 -0.0233
vn 0.9753 -0.1927 -0.1076
vn 0.3881 0.9206 -0.0441
vn 0.9200 -0.3784 -0.1017
vn 0.5591 0.8267 -0.0628
vn 0.8300 -0.5501 -0.0921
vn 0.7082 0.7016 -0.0790
vn 0.7082 -0.7016 -0.0790
vn 0.5591 -0.8267 -0.0628
vn 0.9808 -0.1951 -0.0000
vn 0.9239 -0.3827 -0.0000
vn -0.9808 0.1951 -0.0000
vn 0.8315 -0.5556 -0.0000
vn -0.9808 -0.1951 -0.0000
vn 0.7071 -0.7071 -0.0000
vn -0.9239 -0.3827 -0.0000
vn 0.5556 -0.8315 -0.0000
vn -0.8315 -0.5556 -0.0000
vn 0.3827 -0.9239 -0.0000
vn -0.7071 -0.7071 -0.0000
vn 0.1951 -0.9808 -0.0000
vn -0.5556 -0.8315 -0.0000
vn 0.1951 0.9808 -0.0000
vn 0.3827 0.9239 -0.0000
vn -0.3827 -0.9239 -0.0000
vn 0.5556 0.8315 -0.0000
vn -0.1951 -0.9808 -0.0000
vn 0.7071 0.7071 -0.0000
vn -0.3827 0.9239 -0.0000
vn -0.1951 0.9808 -0.0000
vn 0.8315 0.5556 -0.0000
vn -0.5556 0.8315 -0.0000
vn 0.9239 0.3827 -0.0000
vn -0.7071 0.7071 -0.0000
vn 0.9808 0.1951 -0.0000
vn -0.8315 0.5556 -0.0000
vn -0.9239 0.3827 -0.0000
vn -0.2016 -0.9792 0.0233
vn -0.3766 -0.9100 0.1735
vn -0.3881 -0.9206 0.0441
vn -0.9158 -0.0000 0.4015
vn -0.9753 0.1927 0.1076
vn -0.9940 -0.0000 0.1095
vn -0.2016 0.9792 0.0233
vn -0.1994 0.9754 0.0944
vn -0.0000 0.9977 0.0685
vn -0.0000 -0.9977 0.0685
vn -0.1994 -0.9754 0.0944
vn -0.9753 -0.1927 0.1076
vn -0.3766 0.9100 0.1735
vn -0.3881 0.9206 0.0441
vn -0.9200 -0.3784 0.1017
vn -0.9003 -0.1823 0.3953
vn -0.5353 0.8090 0.2427
vn -0.5591 0.8267 0.0628
vn -0.8300 -0.5501 0.0921
vn -0.8537 -0.3598 0.3764
vn -0.6698 0.6792 0.3001
vn -0.7082 0.7015 0.0790
vn -0.7082 -0.7016 0.0790
vn -0.7766 -0.5273 0.3447
vn -0.7766 0.5273 0.3447
vn -0.8300 0.5501 0.0921
vn -0.5591 -0.8267 0.0628
vn -0.6698 -0.6792 0.3001
vn -0.8537 0.3598 0.3764
vn -0.9200 0.3784 0.1017
vn -0.5353 -0.8090 0.2427
vn -0.9003 0.1823 0.3953
vn -0.4599 -0.7691 0.4438
vn -0.7184 0.1600 0.6770
vn -0.3302 -0.8868 0.3233
vn -0.7280 -0.0000 0.6856
vn -0.1761 0.9683 0.1773
vn -0.1761 -0.9683 0.1773
vn -0.3302 0.8868 0.3233
vn -0.7184 -0.1600 0.6770
vn -0.4599 0.7691 0.4438
vn -0.6888 -0.3194 0.6508
vn -0.5621 0.6289 0.5371
vn -0.6376 -0.4769 0.6051
vn -0.6376 0.4769 0.6051
vn -0.5621 -0.6289 0.5371
vn -0.6888 0.3194 0.6508
vn -0.3624 0.7216 0.5899
vn -0.5081 -0.2790 0.8148
vn -0.4314 0.5731 0.6968
vn -0.4783 -0.4240 0.7691
vn -0.4783 0.4240 0.7691
vn -0.4314 -0.5731 0.6968
vn -0.5081 0.2790 0.8148
vn -0.3624 -0.7216 0.5899
vn -0.5246 0.1383 0.8401
vn -0.2667 -0.8575 0.4400
vn -0.5298 -0.0000 0.8481
vn -0.1438 0.9590 0.2442
vn -0.1438 -0.9590 0.2442
vn -0.2667 0.8575 0.4400
vn -0.5246 -0.1383 0.8401
vn -0.3527 0.1224 0.9277
vn -0.1943 -0.8297 0.5234
vn -0.3555 -0.0000 0.9347
vn -0.1059 0.9499 0.2940
vn -0.1059 -0.9499 0.2940
vn -0.1943 0.8297 0.5234
vn -0.3527 -0.1224 0.9277
vn -0.2582 0.6794 0.6868
vn -0.3440 -0.2488 0.9054
vn -0.3007 0.5267 0.7951
vn -0.3277 -0.3827 0.8638
vn -0.3277 0.3827 0.8638
vn -0.3007 -0.5267 0.7951
vn -0.3440 0.2488 0.9054
vn -0.2582 -0.6794 0.6868
vn -0.1985 -0.2297 0.9528
vn -0.1766 0.4954 0.8505
vn -0.1904 -0.3559 0.9149
vn -0.1904 0.3559 0.9149
vn -0.1766 -0.4954 0.8505
vn -0.1985 0.2297 0.9528
vn -0.1539 -0.6492 0.7448
vn -0.2027 0.1126 0.9727
vn -0.1178 -0.8086 0.5764
vn -0.2040 -0.0000 0.9790
vn -0.0647 0.9429 0.3269
vn -0.0647 -0.9429 0.3269
vn -0.1178 0.8086 0.5764
vn -0.2027 -0.1126 0.9727
vn -0.1539 0.6492 0.7448
vn -0.0394 -0.7974 0.6021
vn -0.0665 -0.0000 0.9978
vn -0.0217 0.9391 0.3431
vn -0.0217 -0.9391 0.3431
vn -0.0394 0.7974 0.6021
vn -0.0661 -0.1079 0.9920
vn -0.0511 0.6337 0.7719
vn -0.0649 -0.2206 0.9732
vn -0.0582 0.4798 0.8754
vn -0.0624 -0.3429 0.9373
vn -0.0624 0.3429 0.9373
vn -0.0582 -0.4798 0.8754
vn -0.0649 0.2206 0.9732
vn -0.0511 -0.6337 0.7719
vn -0.0661 0.1079 0.9920
vn 0.0582 0.4798 0.8754
vn 0.0582 -0.4798 0.8754
vn 0.0624 0.3429 0.9373
vn 0.0394 -0.7974 0.6021
vn 0.0648 0.2206 0.9732
vn 0.0217 -0.9391 0.3431
vn 0.0665 -0.0000 0.9978
vn 0.0217 0.9391 0.3431
vn 0.0648 -0.2206 0.9732
vn 0.0394 0.7974 0.6021
vn 0.0624 -0.3429 0.9373
vn 0.2027 0.1126 0.9727
vn 0.0661 0.1079 0.9920
vn 0.0647 0.9429 0.3269
vn 0.0647 -0.9429 0.3269
vn 0.2027 -0.1126 0.9727
vn 0.0661 -0.1079 0.9920
vn 0.1985 -0.2297 0.9528
vn 0.0511 0.6337 0.7719
vn 0.1178 0.8086 0.5764
vn 0.1904 -0.3559 0.9149
vn 0.1539 0.6492 0.7448
vn 0.1766 -0.4954 0.8505
vn 0.1766 0.4954 0.8505
vn 0.1539 -0.6492 0.7448
vn 0.0511 -0.6337 0.7719
vn 0.1904 0.3559 0.9149
vn 0.1178 -0.8086 0.5764
vn 0.1985 0.2297 0.9528
vn 0.3007 -0.5267 0.7951
vn 0.3007 0.5267 0.7951
vn 0.2582 -0.6794 0.6868
vn 0.3277 0.3827 0.8638
vn 0.1943 -0.8297 0.5234
vn 0.3440 0.2488 0.9054
vn 0.1059 -0.9499 0.2940
vn 0.2040 -0.0000 0.9790
vn 0.3527 0.1224 0.9277
vn 0.1059 0.9499 0.2940
vn 0.3527 -0.1224 0.9277
vn 0.3440 -0.2488 0.9054
vn 0.1943 0.8297 0.5234
vn 0.3277 -0.3827 0.8638
vn 0.2582 0.6794 0.6868
vn 0.1438 -0.9590 0.2442
vn 0.5246 -0.1383 0.8401
vn 0.3555 -0.0000 0.9347
vn 0.1438 0.9590 0.2442
vn 0.5081 -0.2790 0.8148
vn 0.2667 0.8575 0.4400
vn 0.4783 -0.4240 0.7691
vn 0.3624 0.7216 0.5899
vn 0.4314 -0.5731 0.6968
vn 0.4314 0.5731 0.6968
vn 0.3624 -0.7216 0.5899
vn 0.4783 0.4240 0.7691
vn 0.2667 -0.8575 0.4400
vn 0.5081 0.2790 0.8148
vn 0.5246 0.1383 0.8401
vn 0.4599 -0.7691 0.4438
vn 0.6376 0.4769 0.6051
vn 0.3302 -0.8868 0.3233
vn 0.6888 0.3194 0.6508
vn 0.1761 -0.9683 0.1773
vn 0.5298 -0.0000 0.8481
vn 0.7184 0.1600 0.6770
vn 0.1761 0.9683 0.1773
vn 0.7184 -0.1600 0.6770
vn 0.6888 -0.3194 0.6508
vn 0.3302 0.8868 0.3233
vn 0.6376 -0.4769 0.6051
vn 0.4599 0.7691 0.4438
vn 0.5621 -0.6289 0.5371
vn 0.5621 0.6289 0.5371
vn 0.1994 0.9754 0.0944
vn 0.8537 -0.3598 0.3764
vn 0.3766 0.9100 0.1735
vn 0.7766 -0.5273 0.3447
vn 0.5353 0.8090 0.2427
vn 0.6698 -0.6792 0.3001
vn 0.6698 0.6792 0.3001
vn 0.5353 -0.8090 0.2427
vn 0.7766 0.5273 0.3447
vn 0.3766 -0.9100 0.1735
vn 0.8537 0.3598 0.3764
vn 0.1994 -0.9754 0.0944
vn 0.7280 -0.0000 0.6856
vn 0.9003 0.1823 0.3953
vn 0.9003 -0.1823 0.3953
vn 0.8300 0.5501 0.0921
vn 0.3881 -0.9206 0.0441
vn 0.9200 0.3784 0.1017
vn 0.2016 -0.9792 0.0233
vn 0.9158 -0.0000 0.4015
vn 0.9753 0.1927 0.1076
vn 0.2016 0.9792 0.0233
vn 0.9753 -0.1927 0.1076
vn 0.9200 -0.3784 0.1017
vn 0.3881 0.9206 0.0441
vn 0.8300 -0.5501 0.0921
vn 0.5591 0.8267 0.0628
vn 0.7082 -0.7016 0.0790
vn 0.7082 0.7016 0.0790
vn 0.5591 -0.8267 0.0628
vn 0.9940 -0.0000 0.1095
vn -0.8497 0.5273 -0.0000
vn 0.8497 0.5273 -0.0000
vn 0.7730 0.6344 -0.0000
vn -0.7730 0.6344 -0.0000
vn -0.7730 -0.6344 -0.0000
vn 0.7730 -0.6344 -0.0000
vn -0.7152 -0.0000 0.6989
vn 0.7152 -0.0000 0.6989
vn -0.0000 -0.0000 -0.0000
vn -0.7772 -0.2560 0.5748
vn 0.2043 0.1256 0.9708
vn -0.3977 0.3361 0.8538
vn -0.3243 0.5021 -0.8017
vn 0.4867 -0.4240 -0.7638
vn 0.6758 -0.3445 0.6516
vn -0.4677 0.8476 0.2505
vn -0.8202 -0.4831 -0.3064
vn -0.9821 -0.1044 -0.1566
vn 0.5874 -0.3402 -0.7343
vn 0.4363 0.6507 0.6215
vn 0.9405 -0.3303 0.0804
vn -0.9846 0.0514 0.1671
vn -0.3414 -0.0819 -0.9363
vn -0.4030 0.6528 -0.6415
vn 0.7085 0.2126 -0.6730
vn -0.8279 0.5589 -0.0467
vn -0.6227 0.7478 0.2303
vn 0.6965 0.5265 0.4875
vn 0.8257 0.5591 -0.0757
vn -0.3658 -0.8769 0.3119
vn 0.3357 -0.8161 -0.4705
vn 0.5833 -0.3637 0.7262
vn 0.8109 0.5635 -0.1577
vn -0.7179 -0.6920 -0.0759
vn 0.1736 -0.9848 -0.0000
vn 0.3778 -0.8059 -0.4559
vn -0.0624 -0.1751 0.9826
vn -0.1546 -0.0452 0.9869
vn -0.6999 -0.6991 0.1461
vn 0.2904 0.8907 -0.3497
vn 0.9191 0.0101 -0.3938
vn 0.1886 0.0414 -0.9812
vn -0.6449 0.6008 -0.4723
vn 0.4892 0.7919 0.3654
vn -0.6978 0.6181 0.3619
vn -0.0501 0.3998 -0.9153
vn -0.0792 0.9446 -0.3184
vn 0.1721 0.8781 0.4465
vn -0.1075 -0.7590 -0.6421
vn -0.0607 -0.8728 -0.4843
vn -0.0983 0.8230 -0.5595
vn 0.7748 -0.3761 0.5081
vn -0.5475 -0.7542 -0.3626
vn -0.0468 -0.1072 0.9931
vn 0.1249 -0.3648 0.9227
vn 0.1288 -0.9272 0.3518
vn -0.3166 -0.5528 -0.7708
vn -0.8636 -0.4581 0.2105
vn -0.8680 -0.2162 -0.4470
vn 0.3658 0.8846 -0.2892
vn 0.5354 0.1427 -0.8324
vn -0.3366 -0.6520 0.6795
vn -0.6616 0.7300 -0.1717
vn 0.5150 -0.0184 -0.8570
vn 0.8102 0.2343 0.5373
vn -0.9450 0.0475 0.3235
vn 0.1266 -0.3155 0.9405
vn 0.7877 0.4683 0.4003
vn 0.0791 -0.0145 0.9968
vn 0.0987 0.4252 -0.8997
vn 0.0560 0.9444 0.3239
vn 0.4059 0.4134 -0.8150
vn -0.8725 0.1780 0.4550
vn -0.0367 0.3433 0.9385
vn -0.2634 0.4989 0.8257
vn 0.2663 -0.8869 -0.3776
vn 0.8340 -0.4477 0.3224
vn -0.8724 -0.4494 0.1923
vn -0.4737 -0.7842 -0.4008
vn -0.5741 0.5963 -0.5611
vn 0.5946 -0.6108 -0.5229
vn -0.5000 -0.8660 -0.0000
vn 0.5000 -0.8660 -0.0000
vn 0.7660 -0.6428 -0.0000
vn 0.9397 -0.3420 -0.0000
vn 0.9397 0.3420 -0.0000
vn 0.7660 0.6428 -0.0000
vn 0.5000 0.8660 -0.0000
vn 0.1736 0.9848 -0.0000
vn -0.1736 0.9848 -0.0000
vn -0.5000 0.8660 -0.0000
vn -0.7660 0.6428 -0.0000
vn -0.9397 0.3420 -0.0000
vn -0.9397 -0.3420 -0.0000
vn -0.7660 -0.6428 -0.0000
vn -0.1736 -0.9848 -0.0000
vn 0.0536 -0.0195 0.9984
vn 0.0099 0.0562 0.9984
vn -0.0570 -0.0000 0.9984
vn 0.0285 -0.0494 0.9984
vn 0.0437 0.0367 0.9984
vn -0.0437 0.0367 0.9984
vn -0.0285 -0.0494 0.9984
vn 0.0570 -0.0000 0.9984
vn -0.0099 0.0562 0.9984
vn -0.0536 -0.0195 0.9984
vn 0.0437 -0.0366 0.9984
vn 0.0285 0.0494 0.9984
vn -0.0536 0.0195 0.9984
vn 0.0099 -0.0562 0.9984
vn -0.0099 -0.0562 0.9984
vn 0.0536 0.0195 0.9984
vn -0.0285 0.0494 0.9984
vn -0.0437 -0.0367 0.9984
vn 0.2091 -0.0000 -0.9779
vn -0.7661 0.6428 -0.0000
vn 0.7661 0.6428 -0.0000
vn -0.7661 -0.6428 -0.0000
vn -0.1737 0.9848 -0.0000
vn 0.7661 -0.6428 -0.0000
vn -0.1737 -0.9848 -0.0000
vn -0.1150 -0.0419 -0.9925
vn -0.1965 0.0715 -0.9779
vn 0.1965 0.0715 -0.9779
vn -0.2091 -0.0000 -0.9779
vn 0.1602 0.1344 -0.9779
vn -0.1965 -0.0715 -0.9779
vn 0.1046 0.1811 -0.9779
vn 0.0363 -0.2059 -0.9779
vn -0.1602 -0.1344 -0.9779
vn 0.0363 0.2059 -0.9779
vn 0.1046 -0.1811 -0.9779
vn -0.1046 -0.1811 -0.9779
vn -0.0363 0.2059 -0.9779
vn 0.1602 -0.1344 -0.9779
vn -0.0363 -0.2059 -0.9779
vn -0.1046 0.1811 -0.9779
vn 0.1965 -0.0715 -0.9779
vn -0.1602 0.1344 -0.9779
vn 0.0612 0.1060 -0.9925
vn 0.0213 -0.1205 -0.9925
vn -0.0937 -0.0786 -0.9925
vn 0.0213 0.1205 -0.9925
vn 0.0612 -0.1060 -0.9925
vn -0.0612 -0.1060 -0.9925
vn -0.0213 0.1205 -0.9925
vn 0.0937 -0.0786 -0.9925
vn -0.0213 -0.1205 -0.9925
vn -0.0612 0.1059 -0.9925
vn 0.1150 -0.0419 -0.9925
vn -0.0937 0.0787 -0.9925
vn 0.1224 -0.0000 -0.9925
vn -0.1150 0.0419 -0.9925
vn 0.1150 0.0418 -0.9925
vn -0.1224 -0.0000 -0.9925
vn 0.0937 0.0787 -0.9925
vn -0.7152 -0.0000 -0.6989
vn 0.7152 -0.0000 -0.6989
vn -0.7772 -0.2560 -0.5748
vn -0.3977 0.3361 -0.8538
vn 0.2043 0.1256 -0.9708
vn -0.3243 0.5021 0.8017
vn 0.4867 -0.4240 0.7638
vn 0.6758 -0.3445 -0.6516
vn -0.4677 0.8476 -0.2505
vn -0.8202 -0.4831 0.3064
vn -0.9821 -0.1044 0.1566
vn 0.5874 -0.3402 0.7343
vn 0.9405 -0.3303 -0.0804
vn 0.4363 0.6507 -0.6215
vn -0.9846 0.0514 -0.1672
vn -0.3414 -0.0819 0.9363
vn -0.4030 0.6528 0.6415
vn 0.7085 0.2126 0.6730
vn -0.8279 0.5589 0.0467
vn -0.6227 0.7478 -0.2303
vn 0.6965 0.5266 -0.4874
vn 0.8257 0.5591 0.0757
vn -0.3658 -0.8769 -0.3119
vn 0.3357 -0.8161 0.4705
vn 0.5833 -0.3637 -0.7262
vn 0.8109 0.5635 0.1577
vn -0.7179 -0.6920 0.0758
vn 0.1737 -0.9848 -0.0000
vn 0.3778 -0.8059 0.4559
vn -0.1546 -0.0451 -0.9869
vn -0.0624 -0.1753 -0.9825
vn -0.6999 -0.6991 -0.1461
vn 0.2904 0.8907 0.3497
vn 0.1886 0.0413 0.9812
vn 0.9191 0.0100 0.3938
vn -0.6449 0.6008 0.4724
vn -0.6978 0.6181 -0.3619
vn 0.4892 0.7919 -0.3654
vn -0.0501 0.3997 0.9153
vn 0.1721 0.8781 -0.4465
vn -0.0792 0.9446 0.3184
vn -0.1075 -0.7590 0.6422
vn -0.0607 -0.8728 0.4843
vn -0.0982 0.8229 0.5596
vn 0.7748 -0.3761 -0.5082
vn -0.5475 -0.7542 0.3626
vn 0.1249 -0.3648 -0.9227
vn -0.0468 -0.1072 -0.9931
vn 0.1288 -0.9271 -0.3519
vn -0.3166 -0.5528 0.7708
vn -0.8680 -0.2162 0.4470
vn -0.8636 -0.4581 -0.2106
vn 0.3658 0.8846 0.2892
vn 0.5354 0.1427 0.8324
vn -0.3366 -0.6520 -0.6794
vn -0.6616 0.7300 0.1717
vn 0.5150 -0.0184 0.8570
vn 0.8102 0.2343 -0.5373
vn 0.1266 -0.3155 -0.9405
vn -0.9450 0.0475 -0.3235
vn 0.7877 0.4683 -0.4003
vn 0.0791 -0.0144 -0.9968
vn 0.0987 0.4252 0.8997
vn 0.4059 0.4134 0.8150
vn 0.0560 0.9445 -0.3238
vn -0.8725 0.1780 -0.4550
vn -0.0367 0.3433 -0.9385
vn -0.2635 0.4988 -0.8257
vn 0.2663 -0.8869 0.3775
vn 0.8340 -0.4477 -0.3224
vn -0.8724 -0.4494 -0.1923
vn -0.4737 -0.7842 0.4008
vn -0.5741 0.5963 0.5611
vn 0.5946 -0.6108 0.5229
vn 0.0536 -0.0196 -0.9984
vn 0.0099 0.0562 -0.9984
vn -0.0570 -0.0000 -0.9984
vn 0.0285 -0.0494 -0.9984
vn 0.0437 0.0367 -0.9984
vn -0.0437 0.0367 -0.9984
vn -0.0285 -0.0494 -0.9984
vn 0.0570 -0.0000 -0.9984
vn -0.0099 0.0562 -0.9984
vn -0.0536 -0.0195 -0.9984
vn 0.0437 -0.0367 -0.9984
vn 0.0285 0.0494 -0.9984
vn -0.0536 0.0195 -0.9984
vn 0.0099 -0.0562 -0.9984
vn -0.0099 -0.0562 -0.9984
vn 0.0536 0.0195 -0.9984
vn -0.0285 0.0494 -0.9984
vn -0.0437 -0.0367 -0.9984
vn 0.2091 -0.0000 0.9779
vn -0.1150 -0.0419 0.9925
vn -0.1965 0.0715 0.9779
vn 0.1965 0.0715 0.9779
vn -0.2091 -0.0000 0.9779
vn 0.1602 0.1344 0.9779
vn -0.1965 -0.0715 0.9779
vn 0.1046 0.1811 0.9779
vn 0.0363 -0.2059 0.9779
vn -0.1602 -0.1344 0.9779
vn 0.0363 0.2059 0.9779
vn 0.1046 -0.1811 0.9779
vn -0.1046 -0.1811 0.9779
vn -0.0363 0.2060 0.9779
vn 0.1602 -0.1344 0.9779
vn -0.0363 -0.2059 0.9779
vn -0.1046 0.1811 0.9779
vn 0.1965 -0.0715 0.9779
vn -0.1602 0.1344 0.9779
vn 0.0612 0.1060 0.9925
vn 0.0213 -0.1205 0.9925
vn -0.0938 -0.0787 0.9925
vn 0.0213 0.1205 0.9925
vn 0.0612 -0.1060 0.9925
vn -0.0612 -0.1060 0.9925
vn -0.0213 0.1205 0.9925
vn 0.0938 -0.0786 0.9925
vn -0.0213 -0.1205 0.9925
vn -0.0612 0.1060 0.9925
vn 0.1150 -0.0418 0.9925
vn -0.0938 0.0786 0.9925
vn 0.1224 -0.0000 0.9925
vn -0.1150 0.0419 0.9925
vn 0.1150 0.0419 0.9925
vn -0.1224 -0.0000 0.9925
vn 0.0938 0.0786 0.9925
vn -0.9709 -0.0000 -0.2393
vn -0.8855 -0.0000 -0.4647
vn -0.7485 -0.0000 -0.6631
vn -0.5681 -0.0000 -0.8230
vn -0.3546 -0.0000 -0.9350
vn -0.1205 -0.0000 -0.9927
vn 0.1205 -0.0000 -0.9927
vn 0.3546 -0.0000 -0.9350
vn 0.5681 -0.0000 -0.8230
vn 0.7485 -0.0000 -0.6631
vn 0.8855 -0.0000 -0.4647
vn 0.9709 -0.0000 -0.2393
vn 0.9709 -0.0000 0.2393
vn 0.8855 -0.0000 0.4647
vn 0.7485 -0.0000 0.6631
vn 0.5681 -0.0000 0.8230
vn 0.3546 -0.0000 0.9350
vn 0.1205 -0.0000 0.9927
vn -0.1205 -0.0000 0.9927
vn -0.3546 -0.0000 0.9350
vn -0.5681 -0.0000 0.8230
vn -0.7485 -0.0000 0.6631
vn -0.8855 -0.0000 0.4647
vn -0.9709 -0.0000 0.2393
vn 0.1400 0.9896 -0.0345
vn 0.1442 0.9896 -0.0000
vn 0.1707 0.9853 -0.0000
vn 0.1657 0.9853 -0.0408
vn -0.0511 0.9896 -0.1348
vn -0.0174 0.9896 -0.1431
vn -0.0174 0.9896 0.1431
vn -0.0511 0.9896 0.1348
vn 0.1400 0.9896 0.0345
vn 0.0174 0.9896 -0.1431
vn -0.0819 0.9896 0.1187
vn 0.1277 0.9896 0.0670
vn 0.0511 0.9896 -0.1348
vn -0.1079 0.9896 0.0956
vn -0.1400 0.9896 -0.0345
vn -0.1442 0.9896 -0.0000
vn 0.1079 0.9896 0.0956
vn 0.0819 0.9896 -0.1187
vn -0.1277 0.9896 0.0670
vn -0.1277 0.9896 -0.0670
vn 0.0819 0.9896 0.1187
vn 0.1079 0.9896 -0.0956
vn -0.1400 0.9896 0.0345
vn -0.1079 0.9896 -0.0956
vn 0.0511 0.9896 0.1348
vn 0.1277 0.9896 -0.0670
vn -0.0819 0.9896 -0.1187
vn 0.0174 0.9896 0.1431
vn -0.0605 0.9853 -0.1596
vn -0.0206 0.9853 -0.1694
vn -0.0206 0.9853 0.1694
vn -0.0605 0.9853 0.1596
vn 0.1657 0.9853 0.0408
vn 0.0206 0.9853 -0.1694
vn -0.0970 0.9853 0.1405
vn -0.0969 0.9853 0.1405
vn 0.1511 0.9853 0.0793
vn 0.0605 0.9853 -0.1596
vn -0.1278 0.9853 0.1132
vn -0.1277 0.9853 0.1132
vn -0.1657 0.9853 -0.0408
vn -0.1707 0.9853 -0.0000
vn 0.1277 0.9853 0.1132
vn 0.1278 0.9853 0.1132
vn 0.0969 0.9853 -0.1405
vn 0.0970 0.9853 -0.1405
vn -0.1511 0.9853 0.0793
vn -0.1511 0.9853 -0.0793
vn 0.0969 0.9853 0.1405
vn 0.0970 0.9853 0.1405
vn 0.1277 0.9853 -0.1132
vn -0.1657 0.9853 0.0408
vn -0.1278 0.9853 -0.1132
vn -0.1277 0.9853 -0.1132
vn 0.0605 0.9853 0.1596
vn 0.1511 0.9853 -0.0793
vn -0.0970 0.9853 -0.1405
vn -0.0969 0.9853 -0.1405
vn 0.0206 0.9853 0.1694
vn -0.7071 -0.0000 -0.7071
vn -0.9239 -0.0000 -0.3827
vn -0.3827 -0.0000 -0.9239
vn 0.3827 -0.0000 -0.9239
vn 0.7071 -0.0000 -0.7071
vn 0.9239 -0.0000 -0.3827
vn 0.9239 -0.0000 0.3827
vn 0.7071 -0.0000 0.7071
vn 0.3827 -0.0000 0.9239
vn -0.3827 -0.0000 0.9239
vn -0.7071 -0.0000 0.7071
vn -0.9239 -0.0000 0.3827
vn -0.0000 0.9239 -0.3827
vn -0.0000 0.3827 -0.9239
vn -0.0000 -0.3827 -0.9239
vn -0.0000 -0.9239 -0.3827
vn -0.0000 -0.9239 0.3827
vn -0.0000 -0.3827 0.9239
vn -0.0000 0.3827 0.9239
vn -0.0000 0.9239 0.3827
vn -1.0000 0.0006 -0.0000
vn 1.0000 0.0002 -0.0000
vn 1.0000 -0.0006 -0.0000
vn -1.0000 -0.0009 -0.0000
vn 0.9995 0.0326 -0.0000
vn -0.9979 -0.0641 -0.0000
vn 0.9909 0.1345 -0.0000
vn -0.9788 -0.2050 -0.0000
vn 0.9713 0.2379 -0.0000
vn -0.9628 -0.2704 -0.0000
vn 0.9138 0.4062 -0.0000
vn -0.8584 -0.5130 -0.0000
vn 0.6313 0.7755 -0.0000
vn -0.3248 -0.9458 -0.0000
vn 0.1784 0.9840 -0.0000
vn -0.0010 -1.0000 -0.0000
vn 1.0000 0.0006 -0.0000
vn -1.0000 -0.0006 -0.0000
vn -1.0000 0.0002 -0.0000
vn 1.0000 -0.0009 -0.0000
vn -0.9995 0.0326 -0.0000
vn 0.9979 -0.0641 -0.0000
vn -0.9909 0.1345 -0.0000
vn 0.9788 -0.2050 -0.0000
vn -0.9713 0.2379 -0.0000
vn 0.9628 -0.2704 -0.0000
vn -0.9138 0.4062 -0.0000
vn 0.8584 -0.5130 -0.0000
vn -0.6313 0.7755 -0.0000
vn 0.3248 -0.9458 -0.0000
vn -0.1784 0.9840 -0.0000
vn 0.0010 -1.0000 -0.0000
vn -0.0272 -0.9996 -0.0000
vn 0.0272 -0.9996 -0.0000
vn -0.0000 0.8862 0.4633
vn -0.0000 0.0036 1.0000
vn 0.4497 0.4687 0.7603
vn -1.0000 0.0001 -0.0000
vn -0.0000 1.0000 -0.0002
vn -0.4497 0.4687 0.7603
vn 0.0184 -0.0200 0.9996
vn 0.9299 0.3374 0.1463
vn 0.9065 0.3290 0.2645
vn 0.9299 0.3374 -0.1463
vn 0.9066 0.3290 -0.2644
vn 0.9066 0.3289 -0.2645
vn 0.9066 0.3290 0.2644
vn -0.9299 0.3374 0.1463
vn -0.9065 0.3290 0.2645
vn 0.5823 -0.0000 -0.8130
vn -0.0184 -0.0200 -0.9996
vn -0.9299 0.3374 -0.1463
vn -0.9066 0.3290 -0.2645
vn -0.9065 0.3290 -0.2645
vn -0.9066 0.3290 0.2645
vn -0.9812 -0.0627 0.1825
vn -0.0000 -0.6142 -0.7892
vn -0.9812 -0.1420 0.1307
vn -0.0000 0.8862 -0.4633
vn -0.0000 0.0036 -1.0000
vn -0.0000 1.0000 0.0002
vn -1.0000 0.0003 -0.0000
vn -0.0000 -0.5800 0.8146
vn -0.0000 -0.4991 0.8666
vn -0.4497 0.4687 -0.7603
vn -0.0000 0.0001 1.0000
vn 0.0536 -0.0196 0.9984
vn 0.0437 -0.0367 0.9984
vn 0.0536 0.0196 0.9984
vn -0.1150 -0.0418 -0.9925
vn -0.0000 0.0002 -1.0000
vn -0.0000 0.0001 -1.0000
vn -0.0937 -0.0787 -0.9925
vn 0.0937 -0.0787 -0.9925
vn -0.0612 0.1061 -0.9925
vn 0.1150 -0.0418 -0.9925
vn -0.0937 0.0786 -0.9925
vn 0.1150 0.0419 -0.9925
vn 0.0937 0.0786 -0.9925
vn -0.0000 0.0003 -1.0000
vn 0.0536 -0.0195 -0.9984
vn 0.0437 0.0366 -0.9984
vn 0.0536 0.0196 -0.9984
vn 0.1737 0.9848 -0.0000
vn -0.0363 0.2059 0.9779
vn -0.0363 -0.2060 0.9779
vn 0.0938 -0.0787 0.9925
vn 0.1150 -0.0419 0.9925
vn -0.0938 0.0787 0.9925
vn 0.1150 0.0418 0.9925
vn 0.0938 0.0787 0.9925
vn 0.0001 1.0000 -0.0000
vn -0.0001 1.0000 -0.0000
vn -0.0002 1.0000 -0.0000
vt 0.493513 0.376463
vt 0.520366 0.043251
vt 0.520366 0.376463
vt 0.295475 0.475482
vt 0.321300 0.376464
vt 0.321300 0.475482
vt 0.547220 0.043251
vt 0.547220 0.376463
vt 0.331751 0.475482
vt 0.357576 0.376464
vt 0.357576 0.475482
vt 0.232732 0.376463
vt 0.331751 0.043251
vt 0.331751 0.376463
vt 0.430770 0.043251
vt 0.430770 0.376463
vt 0.336634 0.198170
vt 0.568180 0.198170
vt 0.584724 0.189510
vt 0.594981 0.173138
vt 0.451452 0.178552
vt 0.397385 0.177757
vt 0.385012 0.173334
vt 0.365342 0.175069
vt 0.561520 0.162927
vt 0.445996 0.148272
vt 0.500276 0.163458
vt 0.481079 0.150235
vt 0.574190 0.145121
vt 0.384834 0.131964
vt 0.595503 0.101051
vt 0.412528 0.127638
vt 0.365363 0.120872
vt 0.480302 0.117070
vt 0.390116 0.125885
vt 0.445699 0.117405
vt 0.573655 0.101091
vt 0.365641 0.084185
vt 0.359539 0.048642
vt 0.355783 0.076218
vt 0.039764 0.189407
vt 0.056403 0.198110
vt 0.029219 0.172295
vt 0.173040 0.178500
vt 0.234288 0.177445
vt 0.259145 0.174777
vt 0.239847 0.169628
vt 0.062977 0.162833
vt 0.178507 0.148221
vt 0.124221 0.163387
vt 0.143423 0.150171
vt 0.050333 0.145070
vt 0.239675 0.131937
vt 0.211982 0.127600
vt 0.259150 0.120844
vt 0.144213 0.117007
vt 0.234395 0.125855
vt 0.050866 0.100993
vt 0.178816 0.117355
vt 0.258886 0.084165
vt 0.028977 0.100944
vt 0.264810 0.048764
vt 0.268444 0.076412
vt 0.336634 0.347697
vt 0.584724 0.339037
vt 0.568180 0.347697
vt 0.594981 0.322665
vt 0.451452 0.328080
vt 0.397385 0.327285
vt 0.385012 0.322861
vt 0.365342 0.324596
vt 0.561520 0.312455
vt 0.445996 0.297799
vt 0.500276 0.312986
vt 0.481079 0.299762
vt 0.574190 0.294648
vt 0.384834 0.281492
vt 0.595503 0.250579
vt 0.412528 0.277166
vt 0.365363 0.270400
vt 0.480302 0.266598
vt 0.390116 0.275412
vt 0.445699 0.266933
vt 0.573655 0.250619
vt 0.365641 0.233712
vt 0.359539 0.198170
vt 0.355783 0.225745
vt 0.056403 0.347637
vt 0.039764 0.338934
vt 0.029219 0.321823
vt 0.173040 0.328027
vt 0.234288 0.326973
vt 0.259145 0.324305
vt 0.239847 0.319156
vt 0.062977 0.312361
vt 0.178507 0.297749
vt 0.124221 0.312915
vt 0.143423 0.299698
vt 0.050333 0.294598
vt 0.239675 0.281465
vt 0.211982 0.277128
vt 0.259150 0.270372
vt 0.144213 0.266535
vt 0.234395 0.275383
vt 0.050866 0.250520
vt 0.178816 0.266883
vt 0.258886 0.233692
vt 0.028977 0.250472
vt 0.264810 0.198292
vt 0.268444 0.225940
vt 0.524275 0.404895
vt 0.524275 0.385829
vt 0.496816 0.385829
vt 0.347420 0.347697
vt 0.067891 0.366763
vt 0.578390 0.366763
vt 0.595503 0.347697
vt 0.578390 0.347697
vt 0.226861 0.385829
vt 0.243467 0.404895
vt 0.243467 0.385829
vt 0.315546 0.404895
vt 0.315546 0.385829
vt 0.543225 0.443026
vt 0.521389 0.423960
vt 0.521389 0.443026
vt 0.406204 0.404895
vt 0.362228 0.423960
vt 0.406204 0.423960
vt 0.345245 0.404895
vt 0.345245 0.423960
vt 0.146067 0.385829
vt 0.207266 0.404895
vt 0.207266 0.385829
vt 0.134718 0.423960
vt 0.101581 0.404894
vt 0.101581 0.423960
vt 0.595503 0.366763
vt 0.560926 0.385829
vt 0.595503 0.385829
vt 0.560926 0.366763
vt 0.472691 0.385829
vt 0.378012 0.366763
vt 0.378012 0.385829
vt 0.294168 0.385829
vt 0.294168 0.366763
vt 0.259571 0.366763
vt 0.259571 0.385829
vt 0.068531 0.423960
vt 0.068531 0.404894
vt 0.084835 0.385829
vt 0.066049 0.404895
vt 0.084835 0.404895
vt 0.146067 0.404895
vt 0.528934 0.423960
vt 0.511469 0.404895
vt 0.511469 0.423960
vt 0.467391 0.404895
vt 0.467391 0.423960
vt 0.565105 0.443026
vt 0.543225 0.423960
vt 0.543225 0.443026
vt 0.406204 0.404895
vt 0.565105 0.423960
vt 0.595502 0.443026
vt 0.595503 0.423960
vt 0.310399 0.423960
vt 0.310399 0.404895
vt 0.287919 0.423960
vt 0.287919 0.404895
vt 0.227357 0.423960
vt 0.233756 0.404895
vt 0.227357 0.404895
vt 0.189728 0.423960
vt 0.189728 0.404895
vt 0.182273 0.423960
vt 0.182273 0.404895
vt 0.046926 0.385829
vt 0.153082 0.366763
vt 0.046926 0.366763
vt 0.460218 0.385829
vt 0.406128 0.404895
vt 0.460218 0.404895
vt 0.496816 0.404894
vt 0.250299 0.385829
vt 0.250299 0.366763
vt 0.163163 0.385829
vt 0.163163 0.366763
vt 0.352209 0.404895
vt 0.315546 0.404895
vt 0.406128 0.404895
vt 0.352209 0.385829
vt 0.176072 0.404895
vt 0.134718 0.404895
vt 0.541437 0.404895
vt 0.541437 0.423960
vt 0.595503 0.404895
vt 0.037969 0.423960
vt 0.255989 0.404895
vt 0.287919 0.423960
vt 0.287919 0.404895
vt 0.255989 0.423960
vt 0.176072 0.423960
vt 0.182273 0.404895
vt 0.703974 0.212075
vt 0.920756 0.014377
vt 0.703974 0.014377
vt 0.719218 0.853661
vt 0.707689 0.789204
vt 0.707689 0.853661
vt 0.792978 0.014377
vt 0.831752 0.212075
vt 0.831752 0.014377
vt 0.609900 0.535947
vt 0.515081 0.641966
vt 0.609900 0.641966
vt 0.920756 0.212075
vt 0.609900 0.505732
vt 0.627049 0.516773
vt 0.636923 0.641966
vt 0.627049 0.661140
vt 0.515081 0.505732
vt 0.497932 0.516773
vt 0.515081 0.535947
vt 0.515081 0.672181
vt 0.497932 0.661140
vt 0.719218 0.872032
vt 0.721304 0.865319
vt 0.719218 0.770834
vt 0.719218 0.789204
vt 0.721304 0.777547
vt 0.707689 0.872032
vt 0.705604 0.865319
vt 0.707689 0.770834
vt 0.705604 0.777547
vt 0.636923 0.535947
vt 0.609900 0.672181
vt 0.488058 0.535947
vt 0.488058 0.641966
vt 0.664767 0.212075
vt 0.664767 0.014377
vt 0.959963 0.212075
vt 0.959963 0.014377
vt 0.704403 0.789204
vt 0.722504 0.853661
vt 0.722504 0.789204
vt 0.982540 0.014377
vt 0.982540 0.212075
vt 0.642190 0.212075
vt 0.642190 0.014377
vt 0.704403 0.853661
vt 0.272995 0.195918
vt 0.455638 0.278482
vt 0.455638 0.195918
vt 0.882501 0.908778
vt 0.867242 0.861686
vt 0.867242 0.908779
vt 0.864656 0.600341
vt 0.883290 0.553247
vt 0.864656 0.553247
vt 0.882502 0.955865
vt 0.867242 0.955865
vt 0.607423 0.916738
vt 0.592172 0.935278
vt 0.607423 0.935317
vt 0.539307 0.935152
vt 0.524047 0.953554
vt 0.539307 0.953554
vt 0.792978 0.212075
vt 0.883290 0.600341
vt 0.347420 0.366763
vt 0.067891 0.347697
vt 0.226861 0.404895
vt 0.543225 0.423960
vt 0.362227 0.404895
vt 0.146067 0.404895
vt 0.226861 0.404895
vt 0.134718 0.404895
vt 0.472691 0.366763
vt 0.101581 0.423960
vt 0.066049 0.385829
vt 0.233756 0.423960
vt 0.153082 0.385829
vt 0.851014 0.406266
vt 0.825558 0.392151
vt 0.822384 0.406266
vt 0.793755 0.246204
vt 0.633693 0.405583
vt 0.793755 0.464733
vt 0.851014 0.246204
vt 0.848786 0.392151
vt 0.773339 0.968343
vt 0.721813 0.917028
vt 0.721813 0.968343
vt 0.822384 0.464733
vt 0.822384 0.246204
vt 0.831772 0.923492
vt 0.822669 0.872177
vt 0.822669 0.923492
vt 0.634379 0.258722
vt 0.800749 0.231338
vt 0.618288 0.231337
vt 0.784658 0.459164
vt 0.618288 0.478387
vt 0.800749 0.478387
vt 0.825558 0.260320
vt 0.784658 0.258722
vt 0.642917 0.687324
vt 0.654606 0.863892
vt 0.654606 0.687324
vt 0.633009 0.687324
vt 0.642917 0.863892
vt 0.626388 0.687324
vt 0.633009 0.863892
vt 0.624063 0.687324
vt 0.626388 0.863892
vt 0.621738 0.687324
vt 0.624063 0.863892
vt 0.615117 0.687324
vt 0.621738 0.863892
vt 0.605208 0.863892
vt 0.615117 0.863892
vt 0.605208 0.687324
vt 0.593520 0.863892
vt 0.581832 0.687324
vt 0.593520 0.687324
vt 0.571923 0.687324
vt 0.581832 0.863892
vt 0.565302 0.687324
vt 0.571923 0.863892
vt 0.562978 0.687324
vt 0.565302 0.863892
vt 0.682823 0.687324
vt 0.685148 0.863892
vt 0.685148 0.687324
vt 0.676202 0.687324
vt 0.682823 0.863892
vt 0.707832 0.916730
vt 0.711557 0.935931
vt 0.717133 0.917184
vt 0.666294 0.687324
vt 0.676202 0.863892
vt 0.666294 0.863892
vt 0.637013 0.928587
vt 0.640774 0.953231
vt 0.646402 0.942651
vt 0.848786 0.260320
vt 0.773339 0.897983
vt 0.634379 0.459164
vt 0.708540 0.930213
vt 0.709848 0.903380
vt 0.716425 0.903701
vt 0.637728 0.943100
vt 0.639048 0.918193
vt 0.645687 0.928137
vt 0.606872 0.105906
vt 0.013680 0.096773
vt 0.013680 0.105907
vt 0.013680 0.071820
vt 0.606872 0.080954
vt 0.606872 0.071820
vt 0.013680 0.080954
vt 0.606872 0.088863
vt 0.013680 0.014004
vt 0.606872 0.021914
vt 0.606872 0.014004
vt 0.013680 0.021914
vt 0.606872 0.031047
vt 0.013680 0.031047
vt 0.606872 0.038957
vt 0.606872 0.213628
vt 0.013680 0.205719
vt 0.013680 0.213628
vt 0.606872 0.196585
vt 0.013680 0.196585
vt 0.157653 0.264535
vt 0.136043 0.242925
vt 0.128133 0.272445
vt 0.013680 0.188676
vt 0.606872 0.113816
vt 0.013680 0.113816
vt 0.025874 0.272445
vt 0.055393 0.264535
vt 0.033784 0.242925
vt 0.907459 0.954527
vt 0.991908 0.978824
vt 0.907459 0.978824
vt 0.907459 0.930231
vt 0.991908 0.954527
vt 0.907459 0.905934
vt 0.991908 0.930231
vt 0.907459 0.881637
vt 0.991908 0.857341
vt 0.991908 0.881637
vt 0.907459 0.857341
vt 0.991908 0.833044
vt 0.907459 0.808747
vt 0.907459 0.833044
vt 0.907459 0.784451
vt 0.991908 0.808747
vt 0.907459 0.760154
vt 0.991908 0.784451
vt 0.907459 0.735857
vt 0.991908 0.760154
vt 0.907459 0.711560
vt 0.991908 0.735857
vt 0.907459 0.662967
vt 0.991908 0.687264
vt 0.907459 0.687264
vt 0.907459 0.638670
vt 0.991908 0.662967
vt 0.907459 0.614374
vt 0.991908 0.638670
vt 0.907459 0.590077
vt 0.991908 0.614374
vt 0.907459 0.565780
vt 0.991908 0.590077
vt 0.194400 0.585000
vt 0.124828 0.582801
vt 0.141441 0.608230
vt 0.907459 0.541484
vt 0.991908 0.565780
vt 0.907459 0.517187
vt 0.991908 0.541484
vt 0.270150 0.737639
vt 0.410799 0.726381
vt 0.392022 0.671686
vt 0.252426 0.789268
vt 0.252031 0.930367
vt 0.308091 0.916171
vt 0.071372 0.812336
vt 0.200427 0.755296
vt 0.061853 0.755296
vt 0.071372 0.698255
vt 0.208249 0.732510
vt 0.098895 0.647396
vt 0.252426 0.721323
vt 0.356503 0.626050
vt 0.308091 0.594421
vt 0.270150 0.772952
vt 0.356503 0.884541
vt 0.392022 0.838906
vt 0.141441 0.902362
vt 0.208249 0.778081
vt 0.098895 0.863195
vt 0.228418 0.719334
vt 0.252031 0.580225
vt 0.274116 0.749190
vt 0.410799 0.784210
vt 0.240588 0.792266
vt 0.194400 0.925591
vt 0.274116 0.761402
vt 0.217234 0.786352
vt 0.934097 0.722860
vt 0.959920 0.821689
vt 0.959920 0.722860
vt 0.440760 0.721382
vt 0.320292 0.943987
vt 0.042643 0.822199
vt 0.042643 0.688393
vt 0.377075 0.603703
vt 0.124828 0.927790
vt 0.186943 0.555555
vt 0.440760 0.789210
vt 0.186943 0.955036
vt 0.074925 0.628740
vt 0.418736 0.657229
vt 0.377075 0.906888
vt 0.254539 0.549954
vt 0.418736 0.853363
vt 0.140671 0.581629
vt 0.238271 0.961572
vt 0.433887 0.808240
vt 0.934097 0.626726
vt 0.959920 0.543705
vt 0.959920 0.626726
vt 0.934097 0.649921
vt 0.959920 0.747736
vt 0.959920 0.649921
vt 0.959920 0.912504
vt 0.934097 0.821689
vt 0.934097 0.698152
vt 0.959920 0.604357
vt 0.959920 0.698152
vt 0.934097 0.562705
vt 0.959920 0.562705
vt 0.934097 0.985465
vt 0.959920 0.985465
vt 0.934097 0.797321
vt 0.959920 0.797321
vt 0.934097 0.912504
vt 0.934097 0.845552
vt 0.959920 0.932768
vt 0.959920 0.845552
vt 0.934097 0.891115
vt 0.959920 0.891115
vt 0.934097 0.747736
vt 0.908134 0.540065
vt 0.987591 0.515078
vt 0.908134 0.515078
vt 0.908134 0.565053
vt 0.987591 0.540065
vt 0.908134 0.590041
vt 0.987591 0.565053
vt 0.908134 0.640016
vt 0.987591 0.615028
vt 0.908134 0.615028
vt 0.908134 0.665004
vt 0.987591 0.640016
vt 0.987591 0.689992
vt 0.987591 0.665004
vt 0.908134 0.714979
vt 0.908134 0.689992
vt 0.908134 0.739967
vt 0.987591 0.714979
vt 0.908134 0.764955
vt 0.987591 0.739967
vt 0.987591 0.789942
vt 0.987591 0.764955
vt 0.908134 0.814930
vt 0.908134 0.789942
vt 0.908134 0.839918
vt 0.987591 0.814930
vt 0.908134 0.864905
vt 0.987591 0.839918
vt 0.908134 0.889893
vt 0.987591 0.864905
vt 0.908134 0.914881
vt 0.987591 0.889893
vt 0.908134 0.939869
vt 0.987591 0.914881
vt 0.195721 0.555948
vt 0.150413 0.608399
vt 0.203146 0.585268
vt 0.908134 0.964856
vt 0.987591 0.939869
vt 0.908134 0.989844
vt 0.987591 0.964856
vt 0.278575 0.737259
vt 0.418627 0.726048
vt 0.399930 0.671585
vt 0.260926 0.788669
vt 0.260533 0.929168
vt 0.316354 0.915032
vt 0.211149 0.766834
vt 0.071163 0.754840
vt 0.080641 0.811638
vt 0.211149 0.742846
vt 0.108047 0.647399
vt 0.080641 0.698042
vt 0.260926 0.721012
vt 0.364561 0.626144
vt 0.316354 0.594648
vt 0.278575 0.772422
vt 0.364561 0.883537
vt 0.399930 0.838095
vt 0.225884 0.785765
vt 0.108047 0.862281
vt 0.150413 0.901282
vt 0.237019 0.719031
vt 0.260533 0.580512
vt 0.282524 0.748760
vt 0.418627 0.783632
vt 0.249138 0.791654
vt 0.203146 0.924413
vt 0.225884 0.723915
vt 0.271106 0.727663
vt 0.209148 0.754840
vt 0.965847 0.787564
vt 0.932047 0.692392
vt 0.932047 0.787564
vt 0.426530 0.657190
vt 0.263031 0.959310
vt 0.040917 0.754840
vt 0.052034 0.688221
vt 0.385046 0.603891
vt 0.385046 0.905789
vt 0.084179 0.880859
vt 0.263031 0.550370
vt 0.448460 0.788610
vt 0.133870 0.583078
vt 0.052034 0.821459
vt 0.426530 0.852491
vt 0.195721 0.953733
vt 0.335047 0.955863
vt 0.255919 0.545964
vt 0.038220 0.696202
vt 0.965847 0.880140
vt 0.932047 0.960088
vt 0.932047 0.880140
vt 0.965847 0.960088
vt 0.965847 0.692392
vt 0.965847 0.625534
vt 0.932047 0.550173
vt 0.932047 0.625534
vt 0.965847 0.669412
vt 0.932047 0.763608
vt 0.932047 0.669412
vt 0.965847 0.604937
vt 0.932047 0.604937
vt 0.965847 0.715858
vt 0.932047 0.715858
vt 0.965847 0.585423
vt 0.932047 0.585423
vt 0.965847 0.534676
vt 0.932047 0.534676
vt 0.965847 0.811357
vt 0.932047 0.811357
vt 0.965847 0.901681
vt 0.932047 0.901681
vt 0.965847 0.763608
vt 0.932047 0.857803
vt 0.965847 0.977042
vt 0.932047 0.977042
vt 0.510820 0.230181
vt 0.969786 0.153593
vt 0.897411 0.439394
vt 0.013680 0.163722
vt 0.606872 0.155813
vt 0.013680 0.155813
vt 0.013680 0.171632
vt 0.606872 0.163723
vt 0.013680 0.163723
vt 0.013680 0.180766
vt 0.606872 0.171632
vt 0.013680 0.188675
vt 0.606872 0.180766
vt 0.606872 0.056000
vt 0.013680 0.063910
vt 0.606872 0.063910
vt 0.606872 0.046867
vt 0.013680 0.056000
vt 0.606872 0.038957
vt 0.013680 0.046867
vt 0.013680 0.121726
vt 0.606872 0.113816
vt 0.013680 0.113816
vt 0.013680 0.130860
vt 0.606872 0.121726
vt 0.013680 0.138769
vt 0.606872 0.130859
vt 0.089480 0.264535
vt 0.119000 0.272445
vt 0.111090 0.242925
vt 0.013680 0.138769
vt 0.606872 0.146679
vt 0.606872 0.138770
vt 0.013680 0.146679
vt 0.084913 0.272445
vt 0.077003 0.242925
vt 0.055394 0.264535
vt 0.991908 0.905934
vt 0.991908 0.711561
vt 0.202437 0.767341
vt 0.202437 0.743250
vt 0.217234 0.724239
vt 0.262650 0.728002
vt 0.262650 0.782589
vt 0.240588 0.718325
vt 0.228418 0.791258
vt 0.254539 0.960637
vt 0.031479 0.755296
vt 0.320292 0.566605
vt 0.074925 0.881851
vt 0.303930 0.950384
vt 0.088250 0.622718
vt 0.333267 0.580969
vt 0.934097 0.543705
vt 0.959920 0.526100
vt 0.934097 0.604357
vt 0.934097 0.969373
vt 0.959920 0.969373
vt 0.216937 0.732151
vt 0.271106 0.782018
vt 0.216937 0.777529
vt 0.249138 0.718027
vt 0.282524 0.760920
vt 0.237019 0.790649
vt 0.448460 0.721070
vt 0.328504 0.942730
vt 0.084179 0.628822
vt 0.328504 0.566950
vt 0.133870 0.926602
vt 0.185450 0.553605
vt 0.393385 0.915603
vt 0.130419 0.944120
vt 0.932047 0.941792
vt 0.965847 0.857803
vt 0.989180 0.230181
vt 0.530214 0.153593
vt 0.602589 0.439394
vt 0.013680 0.088863
vt 0.606872 0.096773
vt 0.013680 0.063910
vt 0.606872 0.063910
vt 0.606872 0.205719
vt 0.123566 0.255402
vt 0.153086 0.247492
vt 0.145176 0.277012
vt 0.606872 0.188675
vt 0.050827 0.247492
vt 0.042917 0.277012
vt 0.021307 0.255402
vt 0.987591 0.590041
vt 0.123566 0.255402
vt 0.101956 0.277012
vt 0.094047 0.247492
vt 0.059960 0.247492
vt 0.089480 0.255402
vt 0.067870 0.277012
vt 0.506539 0.385829
vt 0.406204 0.423960
vt 0.935575 0.155935
vt 0.946018 0.131310
vt 0.939855 0.156841
vt 0.930107 0.141762
vt 0.951484 0.171645
vt 0.929154 0.169460
vt 0.069915 0.286977
vt 0.069013 0.319377
vt 0.065565 0.287884
vt 0.934071 0.185912
vt 0.928590 0.200291
vt 0.950491 0.202434
vt 0.061649 0.255178
vt 0.070182 0.253400
vt 0.928437 0.233070
vt 0.949067 0.235089
vt 0.057416 0.222516
vt 0.069803 0.219935
vt 0.928701 0.266538
vt 0.947268 0.268354
vt 0.053026 0.191154
vt 0.068793 0.187869
vt 0.929371 0.299407
vt 0.945161 0.300951
vt 0.048650 0.162297
vt 0.067190 0.158434
vt 0.930422 0.330415
vt 0.942828 0.331628
vt 0.044456 0.137053
vt 0.065056 0.132761
vt 0.931814 0.358370
vt 0.940359 0.359206
vt 0.931412 0.118260
vt 0.952007 0.143904
vt 0.954840 0.335404
vt 0.948633 0.361806
vt 0.952042 0.120279
vt 0.973213 0.150569
vt 0.953788 0.136540
vt 0.943816 0.159507
vt 0.973104 0.178440
vt 0.061398 0.290550
vt 0.971696 0.209099
vt 0.053475 0.260408
vt 0.969042 0.241367
vt 0.045549 0.230109
vt 0.965244 0.274004
vt 0.037923 0.200818
vt 0.960449 0.305756
vt 0.030890 0.173660
vt 0.024722 0.149679
vt 0.034892 0.242272
vt 0.475966 0.295559
vt 0.454703 0.290091
vt 0.475551 0.281966
vt 0.024359 0.216298
vt 0.981587 0.283159
vt 0.974347 0.313542
vt 0.014941 0.191864
vt 0.965759 0.341521
vt 0.343496 0.294730
vt 0.363455 0.289520
vt 0.363916 0.304624
vt 0.956154 0.366020
vt 0.385674 0.294743
vt 0.386163 0.310778
vt 0.960482 0.144918
vt 0.947229 0.163778
vt 0.408883 0.296605
vt 0.409382 0.312954
vt 0.057656 0.294821
vt 0.432681 0.311069
vt 0.432191 0.295034
vt 0.046135 0.268786
vt 0.455163 0.305195
vt 0.385331 0.273618
vt 0.965710 0.155958
vt 0.949894 0.169406
vt 0.408534 0.275066
vt 0.054557 0.300449
vt 0.431849 0.273909
vt 0.040055 0.279825
vt 0.454380 0.270191
vt 0.026066 0.258298
vt 0.475261 0.264056
vt 0.013125 0.236696
vt 0.493937 0.270971
vt 0.493690 0.255740
vt 0.325334 0.269915
vt 0.342790 0.263227
vt 0.343081 0.281137
vt 0.509153 0.257527
vt 0.508959 0.245561
vt 0.363132 0.269620
vt 0.980911 0.146083
vt 0.454213 0.246652
vt 0.475111 0.242871
vt 0.310702 0.244320
vt 0.324960 0.236668
vt 0.325087 0.254685
vt 0.493563 0.237723
vt 0.342640 0.242042
vt 0.508859 0.231405
vt 0.362966 0.246081
vt 0.520480 0.233911
vt 0.520412 0.224160
vt 0.385154 0.248628
vt 0.969169 0.169017
vt 0.951657 0.176064
vt 0.408354 0.249587
vt 0.052280 0.307106
vt 0.431672 0.248919
vt 0.035589 0.292884
vt 0.019581 0.277258
vt 0.970657 0.183337
vt 0.952416 0.183364
vt 0.408354 0.221649
vt 0.050958 0.314407
vt 0.431672 0.221518
vt 0.032996 0.307204
vt 0.454213 0.220841
vt 0.015817 0.298047
vt 0.475111 0.219642
vt 0.310602 0.230165
vt 0.324960 0.216913
vt 0.493563 0.217968
vt 0.342640 0.218813
vt 0.508859 0.215884
vt 0.362966 0.220270
vt 0.520412 0.213469
vt 0.385154 0.221227
vt 0.310602 0.214643
vt 0.325087 0.196568
vt 0.493690 0.197623
vt 0.342790 0.194890
vt 0.508959 0.199899
vt 0.363132 0.193687
vt 0.520480 0.202458
vt 0.385331 0.193007
vt 0.952126 0.190883
vt 0.408534 0.192876
vt 0.050668 0.321925
vt 0.431849 0.193299
vt 0.032427 0.321953
vt 0.454380 0.194258
vt 0.014991 0.319458
vt 0.475261 0.195718
vt 0.385674 0.165609
vt 0.408883 0.164941
vt 0.051426 0.329226
vt 0.950804 0.198183
vt 0.432191 0.165900
vt 0.033915 0.336273
vt 0.454703 0.168449
vt 0.017151 0.340248
vt 0.475552 0.172491
vt 0.310897 0.183138
vt 0.325334 0.176815
vt 0.493937 0.177870
vt 0.343081 0.171662
vt 0.509153 0.184379
vt 0.363455 0.167878
vt 0.987267 0.207242
vt 0.967495 0.212405
vt 0.970088 0.198085
vt 0.494290 0.159856
vt 0.325687 0.158801
vt 0.343496 0.150481
vt 0.509430 0.170226
vt 0.363916 0.144343
vt 0.983502 0.228032
vt 0.963028 0.225464
vt 0.386163 0.140624
vt 0.948527 0.204841
vt 0.409382 0.139466
vt 0.053189 0.335883
vt 0.432681 0.140915
vt 0.037373 0.349332
vt 0.455163 0.144914
vt 0.022172 0.359207
vt 0.475966 0.151310
vt 0.311174 0.168985
vt 0.945428 0.210468
vt 0.433288 0.119795
vt 0.055855 0.341511
vt 0.042602 0.360371
vt 0.455736 0.125019
vt 0.029762 0.375234
vt 0.476481 0.133405
vt 0.311518 0.157021
vt 0.326125 0.143575
vt 0.494728 0.144630
vt 0.344011 0.132576
vt 0.989959 0.268593
vt 0.968192 0.263018
vt 0.977018 0.246991
vt 0.364488 0.124448
vt 0.956948 0.236504
vt 0.386771 0.119504
vt 0.410001 0.117932
vt 0.978724 0.288991
vt 0.957535 0.275181
vt 0.006481 0.224747
vt 0.028437 0.202283
vt 0.024639 0.234920
vt 0.949608 0.244882
vt 0.365138 0.109351
vt 0.387461 0.103477
vt 0.941685 0.214740
vt 0.410705 0.101591
vt 0.059267 0.345782
vt 0.433978 0.103768
vt 0.049295 0.368749
vt 0.456385 0.109922
vt 0.027922 0.134766
vt 0.045049 0.114481
vt 0.038841 0.140883
vt 0.477066 0.119818
vt 0.019334 0.162745
vt 0.033232 0.170530
vt 0.988142 0.313426
vt 0.965161 0.304472
vt 0.012095 0.193128
vt 0.063229 0.348448
vt 0.057066 0.373979
vt 0.020469 0.325718
vt 0.041639 0.356008
vt 0.021664 0.349730
vt 0.053322 0.117081
vt 0.050853 0.144658
vt 0.978362 0.355610
vt 0.954433 0.342993
vt 0.972193 0.331630
vt 0.048520 0.175335
vt 0.950058 0.314135
vt 0.046414 0.207933
vt 0.945668 0.282774
vt 0.044614 0.241198
vt 0.941434 0.250112
vt 0.021985 0.267188
vt 0.043190 0.273853
vt 0.937518 0.217406
vt 0.020577 0.297847
vt 0.042198 0.304642
vt 0.041674 0.332383
vt 0.064980 0.209749
vt 0.065244 0.243217
vt 0.932901 0.251890
vt 0.065091 0.275995
vt 0.933168 0.218312
vt 0.064527 0.306827
vt 0.067509 0.349355
vt 0.063575 0.334525
vt 0.065462 0.375757
vt 0.062269 0.358027
vt 0.061867 0.117917
vt 0.063259 0.145872
vt 0.958628 0.368236
vt 0.935894 0.346855
vt 0.064310 0.176880
vt 0.934291 0.317420
vt 0.933280 0.285354
vt 0.493200 0.330938
vt 0.978612 0.350377
vt 0.491895 0.354440
vt 0.499528 0.173047
vt 0.013764 0.149412
vt 0.500481 0.145349
vt 0.506792 0.372528
vt 0.016118 0.346855
vt 0.504658 0.346855
vt 0.498964 0.203878
vt 0.012811 0.177110
vt 0.014515 0.317420
vt 0.503055 0.317420
vt 0.498811 0.236657
vt 0.012247 0.207942
vt 0.013504 0.285354
vt 0.502044 0.285354
vt 0.499075 0.270124
vt 0.012095 0.240721
vt 0.501665 0.251890
vt 0.013125 0.251890
vt 0.499745 0.302993
vt 0.012358 0.274188
vt 0.013392 0.218312
vt 0.501932 0.218312
vt 0.500796 0.334001
vt 0.013029 0.307057
vt 0.498745 0.349354
vt 0.985238 0.375757
vt 0.496697 0.375757
vt 0.502188 0.361957
vt 0.014080 0.338065
vt 0.491493 0.114330
vt 0.979601 0.138222
vt 0.492885 0.142286
vt 0.504339 0.155935
vt 0.017846 0.129532
vt 0.506386 0.129532
vt 0.980653 0.169230
vt 0.493936 0.173294
vt 0.501418 0.253400
vt 0.989691 0.286977
vt 0.501151 0.286977
vt 0.988789 0.319377
vt 0.500248 0.319377
vt 0.981323 0.202099
vt 0.494606 0.206163
vt 0.501039 0.219935
vt 0.989959 0.253400
vt 0.987285 0.349354
vt 0.014295 0.185912
vt 0.015799 0.155935
vt 0.981587 0.235566
vt 0.494870 0.239630
vt 0.988569 0.187869
vt 0.989579 0.219935
vt 0.502835 0.185912
vt 0.981434 0.268345
vt 0.494717 0.272409
vt 0.500029 0.187869
vt 0.986966 0.158434
vt 0.980870 0.299177
vt 0.494153 0.303240
vt 0.496292 0.132761
vt 0.498426 0.158434
vt 0.979917 0.326875
vt 0.501786 0.121847
vt 0.015069 0.125910
vt 0.787874 0.699336
vt 0.952067 0.659469
vt 0.952067 0.699336
vt 0.211759 0.305598
vt 0.342449 0.332197
vt 0.210806 0.333296
vt 0.212839 0.132761
vt 0.347109 0.158434
vt 0.214973 0.158434
vt 0.212323 0.274766
vt 0.343401 0.304498
vt 0.348712 0.187869
vt 0.216576 0.187869
vt 0.344118 0.240888
vt 0.343965 0.273667
vt 0.785385 0.218312
vt 0.654152 0.185912
vt 0.786288 0.185912
vt 0.349722 0.219935
vt 0.217587 0.219935
vt 0.212476 0.241987
vt 0.343854 0.207421
vt 0.655656 0.155935
vt 0.787792 0.155935
vt 0.216796 0.319377
vt 0.347428 0.349354
vt 0.215292 0.349354
vt 0.350101 0.253400
vt 0.217966 0.253400
vt 0.211542 0.175651
vt 0.212212 0.208520
vt 0.217699 0.286977
vt 0.348932 0.319377
vt 0.349834 0.286977
vt 0.210491 0.144643
vt 0.343184 0.174552
vt 0.657703 0.129532
vt 0.789839 0.129532
vt 0.209099 0.116688
vt 0.342133 0.143544
vt 0.784582 0.359599
vt 0.651548 0.332743
vt 0.783191 0.331644
vt 0.213245 0.375757
vt 0.345381 0.375757
vt 0.782140 0.300636
vt 0.650497 0.301735
vt 0.785118 0.251890
vt 0.653249 0.218312
vt 0.781469 0.267767
vt 0.649827 0.268866
vt 0.785497 0.285354
vt 0.652982 0.251890
vt 0.781205 0.234300
vt 0.649563 0.235399
vt 0.654372 0.317420
vt 0.653361 0.285354
vt 0.649716 0.202620
vt 0.781359 0.201521
vt 0.786507 0.317420
vt 0.655975 0.346855
vt 0.650280 0.171788
vt 0.781922 0.170689
vt 0.790245 0.372528
vt 0.788111 0.346855
vt 0.787874 0.618009
vt 0.787874 0.659469
vt 0.341143 0.355699
vt 0.209501 0.356798
vt 0.782875 0.142991
vt 0.938028 0.372528
vt 0.937622 0.129532
vt 0.784180 0.119489
vt 0.652538 0.120588
vt 0.614672 0.144395
vt 0.615977 0.120894
vt 0.379009 0.331892
vt 0.344975 0.132761
vt 0.383807 0.158434
vt 0.379962 0.304193
vt 0.385410 0.187869
vt 0.380679 0.240583
vt 0.380526 0.273362
vt 0.617454 0.185912
vt 0.386420 0.219935
vt 0.618958 0.155935
vt 0.384125 0.349354
vt 0.386799 0.253400
vt 0.380415 0.207116
vt 0.385629 0.319377
vt 0.386532 0.286977
vt 0.379745 0.174247
vt 0.621005 0.129532
vt 0.340742 0.115589
vt 0.378694 0.143239
vt 0.652940 0.360698
vt 0.614987 0.333048
vt 0.382078 0.375757
vt 0.613936 0.302040
vt 0.616552 0.218312
vt 0.613266 0.269171
vt 0.616285 0.251890
vt 0.613002 0.235704
vt 0.617674 0.317420
vt 0.616664 0.285354
vt 0.613155 0.202925
vt 0.613719 0.172094
vt 0.658109 0.372528
vt 0.619277 0.346855
vt 0.651233 0.144090
vt 0.377704 0.355393
vt 0.347625 0.679922
vt 0.115496 0.612350
vt 0.347625 0.612350
vt 0.381673 0.132761
vt 0.347625 0.747494
vt 0.115496 0.679922
vt 0.377302 0.115284
vt 0.616379 0.361003
vt 0.347625 0.547375
vt 0.115496 0.612350
vt 0.347625 0.679922
vt 0.115496 0.679922
vt 0.621411 0.372528
vt 0.115496 0.747494
vt 0.347625 0.747494
vt 0.115496 0.547375
vt 0.500144 0.231084
vt 0.478881 0.225616
vt 0.479342 0.240720
vt 0.387633 0.225045
vt 0.367674 0.230255
vt 0.388094 0.240149
vt 0.409852 0.230268
vt 0.410341 0.246303
vt 0.433062 0.232130
vt 0.433560 0.248479
vt 0.456859 0.246594
vt 0.456370 0.230559
vt 0.409509 0.209143
vt 0.432712 0.210591
vt 0.456027 0.209434
vt 0.499730 0.217491
vt 0.478558 0.205716
vt 0.518115 0.206495
vt 0.499439 0.199581
vt 0.366968 0.198752
vt 0.349512 0.205440
vt 0.367259 0.216662
vt 0.533331 0.193052
vt 0.517868 0.191265
vt 0.387310 0.205145
vt 0.973321 0.130056
vt 0.478391 0.182177
vt 0.349138 0.172193
vt 0.334881 0.179845
vt 0.349265 0.190209
vt 0.499289 0.178396
vt 0.366819 0.177567
vt 0.533137 0.181086
vt 0.517741 0.173248
vt 0.387144 0.181606
vt 0.544659 0.169436
vt 0.533037 0.166930
vt 0.409333 0.184153
vt 0.432532 0.185112
vt 0.455850 0.184444
vt 0.432532 0.157174
vt 0.455850 0.157043
vt 0.478391 0.156366
vt 0.349138 0.152438
vt 0.334781 0.165689
vt 0.499289 0.155167
vt 0.366819 0.154338
vt 0.517741 0.153493
vt 0.387144 0.155795
vt 0.544590 0.159685
vt 0.533037 0.151409
vt 0.409333 0.156752
vt 0.349265 0.132093
vt 0.334781 0.150168
vt 0.517868 0.133148
vt 0.366968 0.130414
vt 0.544659 0.137983
vt 0.544590 0.148994
vt 0.387310 0.129212
vt 0.432712 0.128401
vt 0.478558 0.129783
vt 0.499439 0.131243
vt 0.409852 0.101134
vt 0.409509 0.128532
vt 0.456370 0.101425
vt 0.456027 0.128824
vt 0.478881 0.103974
vt 0.499730 0.108016
vt 0.335075 0.118663
vt 0.334881 0.134183
vt 0.518115 0.113395
vt 0.349512 0.112340
vt 0.533331 0.119904
vt 0.533137 0.135424
vt 0.367259 0.107187
vt 0.387633 0.103403
vt 0.518468 0.095381
vt 0.349865 0.094326
vt 0.533608 0.105750
vt 0.367674 0.086005
vt 0.388094 0.079868
vt 0.433062 0.100466
vt 0.410341 0.076148
vt 0.456859 0.076440
vt 0.479342 0.080439
vt 0.500144 0.086834
vt 0.335352 0.104510
vt 0.457466 0.055320
vt 0.433560 0.074991
vt 0.479914 0.060544
vt 0.500659 0.068930
vt 0.335696 0.092546
vt 0.518906 0.080155
vt 0.350303 0.079100
vt 0.368189 0.068101
vt 0.388666 0.059973
vt 0.410949 0.055029
vt 0.389316 0.044876
vt 0.434180 0.053457
vt 0.411639 0.039002
vt 0.458156 0.039293
vt 0.480564 0.045447
vt 0.037527 0.110267
vt 0.501244 0.055343
vt 0.952035 0.616791
vt 0.786710 0.658536
vt 0.786710 0.616791
vt 0.952035 0.698678
vt 0.786710 0.698678
vt 0.548338 0.183540
vt 0.838601 0.268035
vt 0.838601 0.183540
vt 0.548338 0.352529
vt 0.838601 0.268035
vt 0.838601 0.352529
vt 0.548338 0.102293
vt 0.838601 0.102293
vt 0.049073 0.734984
vt 0.116674 0.497439
vt 0.116674 0.776936
vt 0.184275 0.708897
vt 0.204184 0.785409
vt 0.184275 0.785409
vt 0.116674 0.734984
vt 0.184275 0.497439
vt 0.184275 0.776936
vt 0.204184 0.708897
vt 0.224092 0.785409
vt 0.309951 0.776936
vt 0.329859 0.497439
vt 0.329859 0.776936
vt 0.329859 0.693032
vt 0.349767 0.497439
vt 0.349767 0.693032
vt 0.052294 0.624232
vt 0.163290 0.596610
vt 0.163290 0.624232
vt 0.163290 0.650252
vt 0.052294 0.673668
vt 0.163290 0.673668
vt 0.052294 0.693582
vt 0.163290 0.693582
vt 0.118640 0.693583
vt 0.136506 0.804579
vt 0.118640 0.804579
vt 0.052293 0.596610
vt 0.163290 0.568447
vt 0.096869 0.804579
vt 0.052293 0.568447
vt 0.163290 0.540825
vt 0.052293 0.540825
vt 0.163290 0.514806
vt 0.052293 0.514806
vt 0.163290 0.491390
vt 0.163290 0.596610
vt 0.274287 0.624232
vt 0.274287 0.650252
vt 0.274287 0.673668
vt 0.163290 0.673668
vt 0.274287 0.693582
vt 0.096869 0.693582
vt 0.079003 0.804579
vt 0.079003 0.693583
vt 0.163290 0.568447
vt 0.274287 0.596610
vt 0.057233 0.693583
vt 0.057233 0.804579
vt 0.163290 0.540825
vt 0.274287 0.568447
vt 0.163290 0.514806
vt 0.274287 0.540825
vt 0.163290 0.491390
vt 0.274287 0.514806
vt 0.136506 0.693582
vt 0.141445 0.804579
vt 0.136506 0.804579
vt 0.327200 0.555864
vt 0.318863 0.531026
vt 0.332139 0.555864
vt 0.364845 0.712427
vt 0.348014 0.730294
vt 0.343075 0.730294
vt 0.313924 0.531026
vt 0.300996 0.509256
vt 0.404162 0.582814
vt 0.400927 0.555864
vt 0.409102 0.582814
vt 0.335375 0.638869
vt 0.332139 0.665819
vt 0.327200 0.665819
vt 0.382711 0.690657
vt 0.369784 0.712427
vt 0.296057 0.509256
vt 0.279226 0.491390
vt 0.395987 0.665819
vt 0.387650 0.690657
vt 0.318863 0.690657
vt 0.313924 0.690657
vt 0.404162 0.638869
vt 0.400927 0.665819
vt 0.338135 0.610842
vt 0.340314 0.638869
vt 0.364845 0.509256
vt 0.348014 0.491390
vt 0.369784 0.509256
vt 0.300996 0.712427
vt 0.296057 0.712427
vt 0.406923 0.610842
vt 0.409102 0.638869
vt 0.340314 0.582814
vt 0.343075 0.610842
vt 0.382711 0.531026
vt 0.387650 0.531026
vt 0.052293 0.693583
vt 0.052293 0.804579
vt 0.279226 0.730294
vt 0.274287 0.730294
vt 0.411862 0.610842
vt 0.335375 0.582814
vt 0.395987 0.555864
vt 0.070181 0.645615
vt 0.084233 0.659667
vt 0.070181 0.659667
vt 0.056129 0.767628
vt 0.070181 0.706621
vt 0.070181 0.767628
vt 0.070181 0.484484
vt 0.077268 0.480467
vt 0.077268 0.484484
vt 0.245828 0.785702
vt 0.259880 0.644758
vt 0.259880 0.785702
vt 0.220420 0.494520
vt 0.233355 0.480467
vt 0.233355 0.494520
vt 0.070181 0.645615
vt 0.056129 0.504671
vt 0.070181 0.504671
vt 0.070181 0.497420
vt 0.056129 0.484484
vt 0.240607 0.480467
vt 0.240607 0.494520
vt 0.245828 0.805889
vt 0.259880 0.792953
vt 0.259880 0.805889
vt 0.285288 0.726903
vt 0.296645 0.787909
vt 0.285288 0.787909
vt 0.138274 0.497420
vt 0.077268 0.497420
vt 0.233355 0.501606
vt 0.220420 0.562613
vt 0.220420 0.501606
vt 0.310697 0.792953
vt 0.324749 0.652009
vt 0.324749 0.792953
vt 0.381551 0.480467
vt 0.381551 0.494520
vt 0.056129 0.497420
vt 0.245828 0.792953
vt 0.220420 0.648774
vt 0.234472 0.644758
vt 0.234472 0.648774
vt 0.310697 0.652009
vt 0.324749 0.644758
vt 0.098285 0.659667
vt 0.084233 0.645615
vt 0.098285 0.645615
vt 0.056129 0.645615
vt 0.070181 0.645615
vt 0.245828 0.809905
vt 0.234472 0.809905
vt 0.220420 0.668961
vt 0.234472 0.668961
vt 0.233355 0.644758
vt 0.220420 0.630706
vt 0.233355 0.630706
vt 0.220420 0.504671
vt 0.206367 0.645615
vt 0.206367 0.504671
vt 0.220420 0.484484
vt 0.206367 0.497420
vt 0.206367 0.484484
vt 0.240607 0.644758
vt 0.240607 0.630706
vt 0.234472 0.661710
vt 0.220420 0.480467
vt 0.199281 0.484484
vt 0.199281 0.497420
vt 0.233355 0.623619
vt 0.220420 0.623619
vt 0.310697 0.785702
vt 0.296645 0.644758
vt 0.310697 0.644758
vt 0.381551 0.644758
vt 0.381551 0.630706
vt 0.220420 0.497420
vt 0.220420 0.661710
vt 0.138274 0.480467
vt 0.138274 0.484484
vt 0.310697 0.792953
vt 0.296645 0.785702
vt 0.271236 0.658810
vt 0.285288 0.644758
vt 0.285288 0.658810
vt 0.285288 0.665896
vt 0.271236 0.726903
vt 0.271236 0.665896
vt 0.285288 0.809048
vt 0.271236 0.794996
vt 0.285288 0.794996
vt 0.271236 0.787909
vt 0.324749 0.658810
vt 0.336105 0.665896
vt 0.324749 0.665896
vt 0.199281 0.480467
vt 0.245828 0.648774
vt 0.296645 0.726903
vt 0.324749 0.726903
vt 0.336105 0.787909
vt 0.324749 0.787909
vt 0.296645 0.809048
vt 0.206367 0.480467
vt 0.070181 0.480467
vt 0.340121 0.726903
vt 0.336105 0.665896
vt 0.340121 0.665896
vt 0.340121 0.794996
vt 0.336105 0.787909
vt 0.340121 0.787909
vt 0.336105 0.726903
vt 0.340121 0.658810
vt 0.336105 0.644758
vt 0.340121 0.644758
vt 0.336105 0.658810
vt 0.340121 0.809048
vt 0.336105 0.794996
vt 0.296645 0.665896
vt 0.271236 0.809905
vt 0.259880 0.809905
vt 0.296645 0.658810
vt 0.296645 0.794996
vt 0.336105 0.726903
vt 0.324749 0.794996
vt 0.336105 0.809048
vt 0.324749 0.809048
vt 0.336105 0.794996
vt 0.336105 0.658810
vt 0.398558 0.561588
vt 0.384244 0.563811
vt 0.384244 0.561588
vt 0.398558 0.524070
vt 0.068365 0.509756
vt 0.398558 0.509756
vt 0.369930 0.563811
vt 0.369930 0.561588
vt 0.398558 0.509756
vt 0.068365 0.495442
vt 0.398558 0.495442
vt 0.398558 0.559366
vt 0.068355 0.561588
vt 0.068355 0.559366
vt 0.398558 0.552698
vt 0.068355 0.554921
vt 0.068355 0.552698
vt 0.341302 0.561588
vt 0.355616 0.563811
vt 0.341302 0.563811
vt 0.068365 0.538384
vt 0.068365 0.524070
vt 0.355616 0.561588
vt 0.398558 0.538384
vt 0.068365 0.552698
vt 0.068365 0.538384
vt 0.068355 0.557143
vt 0.398558 0.559366
vt 0.068355 0.559366
vt 0.068355 0.554921
vt 0.398558 0.557143
vt 0.068355 0.557143
vt 0.556951 0.751198
vt 0.651886 0.684065
vt 0.644826 0.666788
vt 0.649167 0.558479
vt 0.689760 0.788455
vt 0.686379 0.762070
vt 0.695568 0.662556
vt 0.696813 0.762346
vt 0.690506 0.671069
vt 0.686117 0.666557
vt 0.690506 0.661014
vt 0.666059 0.648468
vt 0.681610 0.625578
vt 0.673260 0.651447
vt 0.584704 0.641027
vt 0.595756 0.645200
vt 0.610391 0.672511
vt 0.673717 0.516071
vt 0.683543 0.520521
vt 0.658316 0.514187
vt 0.664876 0.525375
vt 0.658461 0.539393
vt 0.651758 0.499375
vt 0.669445 0.499025
vt 0.686388 0.682206
vt 0.642605 0.547241
vt 0.635391 0.527289
vt 0.641979 0.649603
vt 0.632397 0.669292
vt 0.696669 0.791037
vt 0.643629 0.689966
vt 0.621277 0.668013
vt 0.620356 0.680491
vt 0.613233 0.667268
vt 0.546775 0.668636
vt 0.553986 0.666350
vt 0.552615 0.678225
vt 0.625178 0.667373
vt 0.612367 0.683140
vt 0.656581 0.660101
vt 0.638759 0.649109
vt 0.615115 0.702732
vt 0.592956 0.666526
vt 0.696859 0.636640
vt 0.694545 0.652939
vt 0.687828 0.644187
vt 0.602586 0.527536
vt 0.665014 0.642293
vt 0.590595 0.526343
vt 0.696922 0.526650
vt 0.688919 0.520221
vt 0.696892 0.511990
vt 0.666863 0.513000
vt 0.518409 0.696090
vt 0.510572 0.704366
vt 0.509869 0.687254
vt 0.565698 0.707076
vt 0.562601 0.697441
vt 0.570663 0.693447
vt 0.511322 0.674407
vt 0.516843 0.669510
vt 0.647716 0.508253
vt 0.636422 0.505448
vt 0.626906 0.528407
vt 0.629027 0.533565
vt 0.318193 0.485596
vt 0.326800 0.807373
vt 0.318193 0.807373
vt 0.598040 0.686323
vt 0.594377 0.712647
vt 0.591550 0.770484
vt 0.606290 0.689297
vt 0.666682 0.753124
vt 0.661443 0.753417
vt 0.662462 0.727313
vt 0.646446 0.677143
vt 0.643514 0.667094
vt 0.662215 0.673401
vt 0.636384 0.713913
vt 0.632467 0.752690
vt 0.632550 0.689320
vt 0.675383 0.748442
vt 0.666771 0.748388
vt 0.671224 0.694658
vt 0.583007 0.770497
vt 0.663967 0.665302
vt 0.656034 0.665273
vt 0.583763 0.712314
vt 0.541987 0.694511
vt 0.534130 0.693274
vt 0.535869 0.673837
vt 0.540402 0.692033
vt 0.539397 0.705529
vt 0.532613 0.702231
vt 0.655766 0.703235
vt 0.650829 0.762098
vt 0.648192 0.702876
vt 0.677516 0.707963
vt 0.655929 0.664896
vt 0.648509 0.652026
vt 0.652448 0.541209
vt 0.655515 0.682470
vt 0.652174 0.658050
vt 0.654285 0.571565
vt 0.662606 0.658286
vt 0.538250 0.653682
vt 0.547143 0.652365
vt 0.510854 0.653643
vt 0.565033 0.629911
vt 0.576056 0.634132
vt 0.590823 0.661887
vt 0.565063 0.527146
vt 0.583029 0.507261
vt 0.693285 0.495669
vt 0.701312 0.499807
vt 0.693211 0.515262
vt 0.616638 0.511306
vt 0.607202 0.510237
vt 0.584270 0.500204
vt 0.662425 0.547239
vt 0.646299 0.525435
vt 0.622476 0.637513
vt 0.612864 0.658132
vt 0.662424 0.685234
vt 0.647746 0.669640
vt 0.497180 0.703337
vt 0.499501 0.685797
vt 0.505432 0.703938
vt 0.548009 0.705364
vt 0.540703 0.707690
vt 0.540785 0.694754
vt 0.605738 0.656031
vt 0.507581 0.683440
vt 0.528694 0.665374
vt 0.505494 0.668780
vt 0.573267 0.656246
vt 0.693135 0.657450
vt 0.690277 0.681200
vt 0.683973 0.666232
vt 0.575677 0.526658
vt 0.543459 0.518365
vt 0.554032 0.520870
vt 0.700912 0.519418
vt 0.689482 0.543064
vt 0.684630 0.555614
vt 0.682003 0.538989
vt 0.538514 0.500380
vt 0.522416 0.679715
vt 0.530607 0.677037
vt 0.529280 0.700876
vt 0.519776 0.508367
vt 0.513969 0.501743
vt 0.520298 0.705901
vt 0.504155 0.525837
vt 0.498777 0.528443
vt 0.654589 0.542757
vt 0.344566 0.485596
vt 0.335959 0.807373
vt 0.335959 0.485596
vt 0.542615 0.673477
vt 0.545272 0.686039
vt 0.621866 0.705151
vt 0.553986 0.692047
vt 0.682680 0.689066
vt 0.683737 0.752637
vt 0.669154 0.669053
vt 0.656180 0.642345
vt 0.610912 0.514894
vt 0.573398 0.707655
vt 0.563175 0.687178
vt 0.652024 0.540948
vt 0.688828 0.655701
vt 0.675568 0.753035
vt 0.695935 0.736339
vt 0.693092 0.713513
vt 0.701211 0.712480
vt 0.622293 0.681103
vt 0.625825 0.692113
vt 0.639851 0.712480
vt 0.677435 0.674672
vt 0.551217 0.699300
vt 0.548818 0.690077
vt 0.497235 0.667985
vt 0.682003 0.684256
vt 0.701758 0.621447
vt 0.700507 0.651438
vt 0.693146 0.644478
vt 0.489185 0.688466
vt 0.486722 0.677692
vt 0.489554 0.673489
vt 0.653571 0.515057
vt 0.311177 0.807373
vt 0.311177 0.485596
vt 0.384970 0.485596
vt 0.376364 0.807373
vt 0.376364 0.485596
vt 0.367205 0.807373
vt 0.367205 0.485596
vt 0.358598 0.807373
vt 0.358598 0.485596
vt 0.351582 0.807373
vt 0.351582 0.485596
vt 0.384970 0.807373
vt 0.393577 0.485596
vt 0.393577 0.807373
vt 0.402736 0.485596
vt 0.402736 0.807373
vt 0.411343 0.485596
vt 0.411343 0.807373
vt 0.418359 0.485596
vt 0.418359 0.807373
vt 0.270772 0.807373
vt 0.277788 0.485596
vt 0.277788 0.807373
vt 0.286395 0.485596
vt 0.286395 0.807373
vt 0.295554 0.485596
vt 0.295554 0.807373
vt 0.304161 0.485596
vt 0.304161 0.807373
vt 0.311177 0.485596
vt 0.311177 0.807373
vt 0.351582 0.485596
vt 0.344566 0.807373
vt 0.569856 0.672200
vt 0.594750 0.715299
vt 0.610999 0.687146
vt 0.326800 0.485596
vt 0.699465 0.617002
vt 0.611939 0.641432
vt 0.699465 0.656689
vt 0.547833 0.529567
vt 0.587045 0.611783
vt 0.586919 0.522648
vt 0.565154 0.649713
vt 0.474374 0.656844
vt 0.487949 0.694128
vt 0.608937 0.649683
vt 0.660378 0.724412
vt 0.685890 0.693992
vt 0.595691 0.613302
vt 0.660378 0.549333
vt 0.626006 0.529513
vt 0.562151 0.632688
vt 0.487949 0.579854
vt 0.474374 0.617157
vt 0.587045 0.662337
vt 0.547833 0.744333
vt 0.586919 0.751198
vt 0.608937 0.624407
vt 0.685890 0.579717
vt 0.570797 0.617708
vt 0.513461 0.549434
vt 0.570797 0.656434
vt 0.513461 0.724513
vt 0.562151 0.641466
vt 0.595691 0.660806
vt 0.626006 0.744279
vt 0.603294 0.617686
vt 0.565154 0.624437
vt 0.578400 0.660818
vt 0.283254 0.526647
vt 0.216225 0.496654
vt 0.283254 0.496654
vt 0.863596 0.564589
vt 0.849252 0.600657
vt 0.871403 0.573886
vt 0.283254 0.526647
vt 0.346242 0.556641
vt 0.283254 0.556641
vt 0.346242 0.526647
vt 0.346242 0.496654
vt 0.216225 0.526647
vt 0.216225 0.556641
vt 0.397589 0.526647
vt 0.397589 0.496654
vt 0.153238 0.526647
vt 0.153238 0.556641
vt 0.204585 0.616627
vt 0.153238 0.586634
vt 0.204585 0.586634
vt 0.101890 0.526647
vt 0.101890 0.556641
vt 0.267572 0.616627
vt 0.267572 0.586634
vt 0.334602 0.556641
vt 0.397589 0.586634
vt 0.334602 0.586634
vt 0.334602 0.616628
vt 0.153238 0.526647
vt 0.101890 0.496654
vt 0.153238 0.496654
vt 0.267572 0.556641
vt 0.267572 0.586634
vt 0.397589 0.616628
vt 0.216225 0.526647
vt 0.204585 0.556641
vt 0.397589 0.556641
vt 0.911861 0.543847
vt 0.924165 0.529600
vt 0.909688 0.537881
vt 0.917812 0.481913
vt 0.916359 0.520304
vt 0.938751 0.493987
vt 0.825442 0.559442
vt 0.833711 0.582150
vt 0.954292 0.512494
vt 0.825442 0.535273
vt 0.859442 0.553183
vt 0.859442 0.541042
vt 0.928319 0.541007
vt 0.833711 0.512556
vt 0.916359 0.573863
vt 0.917812 0.612706
vt 0.938751 0.600611
vt 0.962562 0.535202
vt 0.928319 0.553148
vt 0.962562 0.559372
vt 0.871403 0.520327
vt 0.863596 0.529632
vt 0.893881 0.582053
vt 0.894002 0.616916
vt 0.924165 0.564558
vt 0.881920 0.514252
vt 0.849252 0.494033
vt 0.870191 0.612731
vt 0.954292 0.582088
vt 0.870191 0.481938
vt 0.893881 0.512137
vt 0.894002 0.477728
vt 0.881920 0.579951
vt 0.905841 0.514239
vt 0.900103 0.564211
vt 0.893847 0.528747
vt 0.875833 0.543866
vt 0.905605 0.561033
vt 0.878006 0.537897
vt 0.905841 0.579938
vt 0.911861 0.550198
vt 0.887591 0.529853
vt 0.887591 0.564218
vt 0.893847 0.565317
vt 0.900103 0.529846
vt 0.878006 0.556183
vt 0.882090 0.561045
vt 0.905605 0.533019
vt 0.875833 0.550216
vt 0.656387 0.663267
vt 0.621738 0.693156
vt 0.699283 0.655389
vt 0.703706 0.737711
vt 0.656085 0.752372
vt 0.541814 0.671268
vt 0.532545 0.691215
vt 0.531386 0.672733
vt 0.649295 0.673088
vt 0.634641 0.770656
vt 0.669901 0.669764
vt 0.625238 0.753034
vt 0.497027 0.674871
vt 0.049073 0.539391
vt 0.116674 0.539391
vt 0.052294 0.650252
vt 0.136506 0.693583
vt 0.096869 0.693582
vt 0.096869 0.804579
vt 0.274287 0.491390
vt 0.343075 0.491390
vt 0.564213 0.704206
vt 0.611939 0.632654
vt 0.603294 0.656412
vt 0.882090 0.533031
vt 0.909688 0.556166
vt 0.665171 0.663899
vt 0.642013 0.770410
vt 0.497022 0.688376
vt 0.116443 0.230111
vt 0.137100 0.406618
vt 0.116443 0.406618
vt 0.137100 0.230111
vt 0.158376 0.406618
vt 0.158376 0.230111
vt 0.179033 0.406618
vt 0.179033 0.230111
vt 0.197871 0.406618
vt 0.197871 0.230111
vt 0.213796 0.406618
vt 0.345914 0.230111
vt 0.361838 0.406618
vt 0.345914 0.406618
vt 0.361838 0.230111
vt 0.380677 0.406618
vt 0.380677 0.230111
vt 0.401334 0.406618
vt 0.401334 0.230111
vt 0.422610 0.406618
vt 0.422610 0.230111
vt 0.443267 0.406618
vt 0.443267 0.230111
vt 0.462106 0.406618
vt 0.213796 0.230111
vt 0.229721 0.406618
vt 0.213796 0.406618
vt 0.229721 0.230111
vt 0.248560 0.406618
vt 0.248560 0.230111
vt 0.269217 0.406618
vt 0.269217 0.230111
vt 0.290493 0.406618
vt 0.290493 0.230111
vt 0.311150 0.406618
vt 0.311150 0.230111
vt 0.329989 0.406618
vt 0.329989 0.230111
vt 0.441539 0.048860
vt 0.457464 0.225366
vt 0.441539 0.225366
vt 0.457464 0.048860
vt 0.476302 0.225366
vt 0.476302 0.048860
vt 0.496960 0.225366
vt 0.496960 0.048860
vt 0.518235 0.225366
vt 0.518235 0.048860
vt 0.538893 0.225366
vt 0.538893 0.048860
vt 0.557731 0.225366
vt 0.081679 0.150409
vt 0.084034 0.128848
vt 0.084034 0.150123
vt 0.081679 0.230111
vt 0.097604 0.406618
vt 0.081679 0.406618
vt 0.097604 0.230111
vt 0.097061 0.190967
vt 0.089126 0.170780
vt 0.099013 0.189619
vt 0.130631 0.061341
vt 0.149956 0.051493
vt 0.150524 0.053796
vt 0.231740 0.071651
vt 0.244275 0.089352
vt 0.230167 0.073427
vt 0.256381 0.171622
vt 0.244275 0.189619
vt 0.254162 0.170780
vt 0.171644 0.230111
vt 0.150524 0.225174
vt 0.171644 0.227739
vt 0.097061 0.088004
vt 0.113121 0.073427
vt 0.099013 0.089352
vt 0.192765 0.053796
vt 0.213760 0.059240
vt 0.212657 0.061341
vt 0.129528 0.219730
vt 0.113121 0.205544
vt 0.130631 0.217630
vt 0.261609 0.128562
vt 0.259254 0.150123
vt 0.259254 0.128848
vt 0.213760 0.219730
vt 0.192764 0.225174
vt 0.212657 0.217630
vt 0.081679 0.128562
vt 0.089126 0.108190
vt 0.171644 0.051232
vt 0.246228 0.088004
vt 0.254162 0.108190
vt 0.246228 0.190967
vt 0.230167 0.205544
vt 0.086908 0.171622
vt 0.111548 0.071651
vt 0.261609 0.150409
vt 0.193332 0.227478
vt 0.086908 0.107349
vt 0.171644 0.048860
vt 0.231740 0.207320
vt 0.488119 0.365780
vt 0.481719 0.349427
vt 0.488119 0.349427
vt 0.276990 0.088004
vt 0.286930 0.114969
vt 0.266837 0.107349
vt 0.488119 0.287022
vt 0.481719 0.265809
vt 0.488119 0.265809
vt 0.494520 0.246464
vt 0.488119 0.230111
vt 0.494520 0.230111
vt 0.500921 0.249456
vt 0.494520 0.230111
vt 0.500921 0.230111
vt 0.481719 0.330082
vt 0.488119 0.330082
vt 0.481719 0.246464
vt 0.488119 0.246464
vt 0.500921 0.468742
vt 0.494520 0.452389
vt 0.500921 0.452389
vt 0.494520 0.365780
vt 0.494520 0.349427
vt 0.481719 0.230111
vt 0.488119 0.230111
vt 0.494520 0.433044
vt 0.500921 0.433044
vt 0.488119 0.330082
vt 0.494520 0.330082
vt 0.500921 0.349427
vt 0.494520 0.333074
vt 0.500921 0.333074
vt 0.494520 0.411832
vt 0.500921 0.411832
vt 0.488119 0.308869
vt 0.494520 0.308869
vt 0.494520 0.313729
vt 0.500921 0.313729
vt 0.494520 0.389984
vt 0.500921 0.389984
vt 0.488119 0.287022
vt 0.494520 0.287022
vt 0.494520 0.292516
vt 0.500921 0.292516
vt 0.494520 0.368772
vt 0.500921 0.368772
vt 0.481719 0.308869
vt 0.488119 0.308869
vt 0.488119 0.265809
vt 0.494520 0.265809
vt 0.494520 0.270669
vt 0.500921 0.270669
vt 0.494520 0.349427
vt 0.500921 0.349427
vt 0.481719 0.287022
vt 0.488119 0.246464
vt 0.494520 0.249456
vt 0.741235 0.594122
vt 0.725912 0.568836
vt 0.741235 0.568836
vt 0.411670 0.071651
vt 0.383703 0.078268
vt 0.393690 0.059240
vt 0.426157 0.190967
vt 0.397420 0.191235
vt 0.408472 0.178759
vt 0.282942 0.131152
vt 0.261609 0.128562
vt 0.368119 0.072358
vt 0.373262 0.051493
vt 0.436310 0.171622
vt 0.416217 0.164001
vt 0.261609 0.150409
vt 0.282942 0.147819
vt 0.351574 0.048860
vt 0.351574 0.070349
vt 0.420206 0.147819
vt 0.441539 0.150409
vt 0.286930 0.164001
vt 0.266837 0.171622
vt 0.335029 0.072358
vt 0.329886 0.051493
vt 0.420206 0.131152
vt 0.441539 0.128562
vt 0.276990 0.190967
vt 0.294676 0.178759
vt 0.351574 0.230111
vt 0.335029 0.206613
vt 0.351574 0.208622
vt 0.319445 0.078268
vt 0.309458 0.059240
vt 0.416217 0.114969
vt 0.436310 0.107349
vt 0.305728 0.191235
vt 0.291478 0.207320
vt 0.368119 0.206613
vt 0.373262 0.227478
vt 0.291478 0.071651
vt 0.305728 0.087736
vt 0.408472 0.100211
vt 0.426157 0.088004
vt 0.309458 0.219730
vt 0.319445 0.200703
vt 0.383703 0.200703
vt 0.393690 0.219730
vt 0.294676 0.100211
vt 0.397420 0.087736
vt 0.329886 0.227478
vt 0.411670 0.207320
vt 0.679945 0.640781
vt 0.638327 0.628916
vt 0.673713 0.615496
vt 0.725912 0.565270
vt 0.710590 0.545777
vt 0.725912 0.545777
vt 0.695267 0.639656
vt 0.679945 0.613614
vt 0.695267 0.613614
vt 0.710590 0.565270
vt 0.695267 0.545777
vt 0.741235 0.545777
vt 0.695267 0.707492
vt 0.679945 0.688000
vt 0.695267 0.688000
vt 0.679945 0.588329
vt 0.695267 0.588329
vt 0.725912 0.707492
vt 0.710590 0.688000
vt 0.725912 0.688000
vt 0.710590 0.707492
vt 0.679945 0.664941
vt 0.695267 0.664941
vt 0.679945 0.565270
vt 0.695267 0.565270
vt 0.710590 0.664941
vt 0.725912 0.664941
vt 0.695267 0.664941
vt 0.710590 0.664941
vt 0.679945 0.639656
vt 0.679945 0.545777
vt 0.710590 0.639656
vt 0.725912 0.639656
vt 0.741235 0.668507
vt 0.725912 0.645448
vt 0.741235 0.645448
vt 0.710590 0.613614
vt 0.725912 0.613614
vt 0.725912 0.620163
vt 0.741235 0.620163
vt 0.710590 0.588329
vt 0.725912 0.588329
vt 0.725912 0.594122
vt 0.595901 0.650986
vt 0.594554 0.645517
vt 0.572708 0.761827
vt 0.589503 0.721942
vt 0.598560 0.758687
vt 0.522506 0.558151
vt 0.526171 0.601272
vt 0.501074 0.572945
vt 0.661610 0.592437
vt 0.630464 0.613936
vt 0.605322 0.715943
vt 0.622909 0.749453
vt 0.514952 0.613936
vt 0.483806 0.592437
vt 0.619245 0.601272
vt 0.644342 0.572945
vt 0.644341 0.734660
vt 0.619245 0.706332
vt 0.507089 0.628916
vt 0.471703 0.615496
vt 0.483806 0.715167
vt 0.507089 0.678688
vt 0.514952 0.693668
vt 0.605322 0.591661
vt 0.622909 0.558151
vt 0.630464 0.693668
vt 0.661610 0.715167
vt 0.503040 0.645343
vt 0.465471 0.640781
vt 0.526170 0.706332
vt 0.501074 0.734659
vt 0.589503 0.585662
vt 0.598560 0.548917
vt 0.638327 0.678688
vt 0.673713 0.692108
vt 0.465471 0.666823
vt 0.503040 0.662261
vt 0.540094 0.715943
vt 0.522506 0.749453
vt 0.572708 0.545777
vt 0.572708 0.583623
vt 0.642376 0.662261
vt 0.679945 0.666823
vt 0.471703 0.692108
vt 0.555913 0.721942
vt 0.546856 0.758687
vt 0.546856 0.548916
vt 0.555913 0.585662
vt 0.642376 0.645343
vt 0.572708 0.723981
vt 0.540094 0.591661
vt 0.549514 0.650986
vt 0.583566 0.633114
vt 0.588201 0.671290
vt 0.578299 0.676487
vt 0.557215 0.636314
vt 0.591936 0.640530
vt 0.583566 0.674490
vt 0.553480 0.640530
vt 0.588201 0.636314
vt 0.550862 0.645517
vt 0.550862 0.662087
vt 0.553480 0.667074
vt 0.591936 0.667074
vt 0.557215 0.671290
vt 0.578299 0.631117
vt 0.594554 0.662087
vt 0.549514 0.656618
vt 0.561850 0.674490
vt 0.572708 0.630438
vt 0.595901 0.656618
vt 0.567117 0.676487
vt 0.567117 0.631117
vt 0.572708 0.677166
vt 0.561850 0.633114
vt 0.352113 0.324787
vt 0.345289 0.142743
vt 0.352113 0.142743
vt 0.388682 0.323193
vt 0.381858 0.142743
vt 0.388682 0.143468
vt 0.396731 0.323448
vt 0.396731 0.143723
vt 0.404779 0.323193
vt 0.404779 0.143468
vt 0.411603 0.322467
vt 0.411603 0.142743
vt 0.299447 0.324787
vt 0.292623 0.142743
vt 0.299447 0.142743
vt 0.307495 0.324787
vt 0.307495 0.142743
vt 0.315544 0.324787
vt 0.315544 0.142743
vt 0.322368 0.324787
vt 0.322368 0.142743
vt 0.358937 0.323193
vt 0.352113 0.142743
vt 0.358937 0.143468
vt 0.366985 0.323448
vt 0.366985 0.143723
vt 0.375034 0.323193
vt 0.375034 0.143468
vt 0.381858 0.322467
vt 0.381858 0.142743
vt 0.329192 0.324787
vt 0.322368 0.142743
vt 0.329192 0.142743
vt 0.337241 0.324787
vt 0.337241 0.142743
vt 0.159341 0.405424
vt 0.184073 0.388898
vt 0.200598 0.413630
vt 0.345289 0.324787
vt 0.274737 0.388898
vt 0.266147 0.142743
vt 0.274737 0.142743
vt 0.266147 0.388898
vt 0.259573 0.142743
vt 0.193038 0.142743
vt 0.201491 0.388898
vt 0.193038 0.388898
vt 0.201492 0.142743
vt 0.210782 0.388898
vt 0.210782 0.142743
vt 0.219496 0.388898
vt 0.219496 0.142743
vt 0.226306 0.388898
vt 0.159341 0.142743
vt 0.167071 0.388898
vt 0.159341 0.388898
vt 0.167071 0.142743
vt 0.176189 0.388898
vt 0.185308 0.142743
vt 0.185308 0.388898
vt 0.193038 0.388898
vt 0.259573 0.388898
vt 0.252764 0.142743
vt 0.259573 0.142743
vt 0.252764 0.388898
vt 0.244050 0.142743
vt 0.244050 0.388898
vt 0.234759 0.142743
vt 0.234759 0.388898
vt 0.226306 0.142743
vt 0.440288 0.367968
vt 0.407238 0.361394
vt 0.413812 0.328345
vt 0.292623 0.388898
vt 0.284034 0.142743
vt 0.292623 0.142743
vt 0.284034 0.388898
vt 0.450419 0.399037
vt 0.431698 0.427055
vt 0.403680 0.408334
vt 0.330821 0.732525
vt 0.290092 0.750466
vt 0.290092 0.732525
vt 0.330821 0.750466
vt 0.290092 0.767041
vt 0.208634 0.715950
vt 0.249363 0.732525
vt 0.208634 0.732525
vt 0.208634 0.750466
vt 0.249363 0.750466
vt 0.208634 0.767041
vt 0.249363 0.779727
vt 0.208634 0.779727
vt 0.389023 0.702219
vt 0.348294 0.718794
vt 0.348294 0.702219
vt 0.389023 0.718794
vt 0.348294 0.736735
vt 0.389023 0.736735
vt 0.348294 0.753310
vt 0.389023 0.753310
vt 0.348294 0.765996
vt 0.348294 0.612024
vt 0.389023 0.599338
vt 0.389023 0.612024
vt 0.348294 0.599338
vt 0.389023 0.582763
vt 0.348294 0.582763
vt 0.389023 0.564822
vt 0.348294 0.564822
vt 0.389023 0.548247
vt 0.258099 0.679823
vt 0.204031 0.715950
vt 0.167904 0.661882
vt 0.348294 0.548247
vt 0.389023 0.535561
vt 0.330821 0.715950
vt 0.290092 0.715950
vt 0.294226 0.625755
vt 0.258099 0.571688
vt 0.312167 0.535561
vt 0.429752 0.736735
vt 0.429752 0.718794
vt 0.429752 0.753310
vt 0.290092 0.732525
vt 0.249363 0.715950
vt 0.290092 0.715950
vt 0.290092 0.767041
vt 0.290092 0.779727
vt 0.249363 0.767041
vt 0.208634 0.732525
vt 0.167904 0.715950
vt 0.208634 0.715950
vt 0.208634 0.750466
vt 0.167904 0.732525
vt 0.208634 0.767041
vt 0.167904 0.750466
vt 0.208634 0.779727
vt 0.167904 0.767041
vt 0.348294 0.689533
vt 0.348294 0.672957
vt 0.389023 0.689533
vt 0.348294 0.655017
vt 0.389023 0.672957
vt 0.348294 0.638441
vt 0.389023 0.655017
vt 0.238547 0.618890
vt 0.174770 0.606204
vt 0.187456 0.542426
vt 0.348294 0.625755
vt 0.389023 0.638441
vt 0.429752 0.702219
vt 0.348294 0.679823
vt 0.294226 0.715950
vt 0.258099 0.661882
vt 0.487208 0.561954
vt 0.496642 0.552520
vt 0.496642 0.561954
vt 0.598182 0.731774
vt 0.449470 0.722340
vt 0.598182 0.722340
vt 0.496642 0.561955
vt 0.506077 0.552520
vt 0.506077 0.561955
vt 0.746894 0.760078
vt 0.598182 0.750644
vt 0.746894 0.750644
vt 0.746894 0.741209
vt 0.598182 0.750644
vt 0.598182 0.741209
vt 0.598182 0.712905
vt 0.449470 0.712905
vt 0.534380 0.561955
vt 0.524946 0.552520
vt 0.534380 0.552520
vt 0.598182 0.646864
vt 0.449470 0.637430
vt 0.598182 0.637430
vt 0.543815 0.561955
vt 0.543815 0.552520
vt 0.746894 0.788381
vt 0.598182 0.778947
vt 0.746894 0.778947
vt 0.746894 0.731775
vt 0.598182 0.731775
vt 0.598182 0.703471
vt 0.449470 0.703471
vt 0.572118 0.561954
vt 0.562684 0.552520
vt 0.572118 0.552520
vt 0.746894 0.656299
vt 0.598182 0.646865
vt 0.746894 0.646865
vt 0.581552 0.561955
vt 0.581552 0.552520
vt 0.598182 0.637430
vt 0.746894 0.637430
vt 0.746894 0.722340
vt 0.598182 0.722340
vt 0.598182 0.694036
vt 0.449470 0.703471
vt 0.449470 0.694036
vt 0.590987 0.561955
vt 0.590987 0.552520
vt 0.746893 0.590258
vt 0.598182 0.580823
vt 0.746893 0.580823
vt 0.600421 0.561955
vt 0.600421 0.552520
vt 0.598182 0.609127
vt 0.449470 0.599692
vt 0.598182 0.599692
vt 0.746894 0.712906
vt 0.598182 0.712906
vt 0.598182 0.684602
vt 0.449470 0.694036
vt 0.449470 0.684602
vt 0.609856 0.561955
vt 0.609856 0.552520
vt 0.746894 0.609127
vt 0.598182 0.599692
vt 0.746894 0.599692
vt 0.619290 0.561955
vt 0.619290 0.552520
vt 0.598182 0.580823
vt 0.449470 0.571389
vt 0.598182 0.571389
vt 0.598182 0.627995
vt 0.449470 0.627995
vt 0.746894 0.665734
vt 0.598182 0.675168
vt 0.598182 0.665733
vt 0.468339 0.561954
vt 0.477774 0.552520
vt 0.477774 0.561954
vt 0.598182 0.769512
vt 0.449470 0.760078
vt 0.598182 0.760078
vt 0.487208 0.552520
vt 0.449470 0.750643
vt 0.598182 0.750643
vt 0.598182 0.609127
vt 0.449470 0.618561
vt 0.449470 0.609126
vt 0.598182 0.618561
vt 0.066866 0.757505
vt 0.190672 0.771695
vt 0.066866 0.771695
vt 0.010157 0.602071
vt 0.130126 0.562747
vt 0.015703 0.615132
vt 0.179099 0.743316
vt 0.055801 0.757505
vt 0.055801 0.743315
vt 0.130126 0.667517
vt 0.010157 0.628194
vt 0.015703 0.615132
vt 0.269317 0.757506
vt 0.190672 0.757506
vt 0.124187 0.549860
vt 0.202840 0.529587
vt 0.258283 0.743316
vt 0.179099 0.757506
vt 0.202840 0.700678
vt 0.124187 0.680404
vt 0.275170 0.757506
vt 0.269317 0.771695
vt 0.197450 0.516460
vt 0.208344 0.527486
vt 0.264871 0.757506
vt 0.258283 0.757506
vt 0.208344 0.702779
vt 0.197450 0.713805
vt 0.351688 0.757506
vt 0.275170 0.771695
vt 0.280466 0.496652
vt 0.203650 0.514095
vt 0.343624 0.743316
vt 0.264871 0.743316
vt 0.280466 0.733613
vt 0.203650 0.716170
vt 0.412914 0.757506
vt 0.351688 0.771695
vt 0.343768 0.501121
vt 0.283007 0.510613
vt 0.406686 0.757506
vt 0.343624 0.757506
vt 0.343768 0.729144
vt 0.283007 0.719652
vt 0.429640 0.757506
vt 0.412914 0.771695
vt 0.343046 0.486949
vt 0.361526 0.503080
vt 0.429640 0.743316
vt 0.406686 0.743316
vt 0.361526 0.727184
vt 0.343046 0.743316
vt 0.171889 0.771695
vt 0.182415 0.785885
vt 0.171889 0.785885
vt 0.381395 0.504068
vt 0.367529 0.490223
vt 0.315765 0.771695
vt 0.296480 0.785885
vt 0.296480 0.771695
vt 0.381395 0.726197
vt 0.367529 0.740042
vt 0.296480 0.771695
vt 0.182415 0.771695
vt 0.429640 0.609233
vt 0.368969 0.510919
vt 0.429640 0.771695
vt 0.315765 0.785885
vt 0.368969 0.719346
vt 0.429640 0.621032
vt 0.189320 0.764437
vt 0.066351 0.778531
vt 0.066351 0.764437
vt 0.010027 0.737370
vt 0.129184 0.698312
vt 0.015535 0.750343
vt 0.177826 0.750343
vt 0.055362 0.764437
vt 0.055362 0.750343
vt 0.129184 0.547742
vt 0.010027 0.508685
vt 0.015535 0.495712
vt 0.267433 0.764437
vt 0.189320 0.778531
vt 0.123284 0.685513
vt 0.201405 0.665376
vt 0.256473 0.750343
vt 0.177826 0.764437
vt 0.201405 0.580679
vt 0.123284 0.560542
vt 0.273245 0.764437
vt 0.267433 0.778531
vt 0.196052 0.652338
vt 0.206872 0.663289
vt 0.263017 0.764437
vt 0.256473 0.764437
vt 0.206872 0.582765
vt 0.196052 0.593716
vt 0.349245 0.764437
vt 0.273245 0.778531
vt 0.278506 0.632665
vt 0.202209 0.649989
vt 0.341236 0.750343
vt 0.263017 0.750343
vt 0.278506 0.613390
vt 0.202209 0.596066
vt 0.410057 0.764437
vt 0.349245 0.778531
vt 0.341380 0.637103
vt 0.281029 0.646531
vt 0.403872 0.750343
vt 0.341236 0.764437
vt 0.341380 0.608952
vt 0.281029 0.599524
vt 0.426669 0.764437
vt 0.410057 0.778531
vt 0.340662 0.623027
vt 0.359017 0.639049
vt 0.426669 0.750343
vt 0.403872 0.764437
vt 0.359017 0.607005
vt 0.340662 0.623027
vt 0.181118 0.778531
vt 0.170664 0.792624
vt 0.170664 0.778531
vt 0.378752 0.640030
vt 0.364979 0.626279
vt 0.313566 0.778531
vt 0.294411 0.792624
vt 0.294411 0.778531
vt 0.378752 0.606025
vt 0.364979 0.619776
vt 0.181118 0.792624
vt 0.426669 0.744483
vt 0.366410 0.646835
vt 0.426669 0.778531
vt 0.313566 0.792624
vt 0.366410 0.599220
vt 0.426669 0.501571
vt 0.628724 0.552520
vt 0.619290 0.561954
vt 0.746893 0.571389
vt 0.598182 0.571389
vt 0.638159 0.552520
vt 0.628724 0.561955
vt 0.628724 0.552520
vt 0.598182 0.590258
vt 0.449470 0.590258
vt 0.449470 0.675168
vt 0.598182 0.684602
vt 0.598182 0.703471
vt 0.746893 0.712906
vt 0.598182 0.712906
vt 0.553249 0.552520
vt 0.543815 0.561954
vt 0.746894 0.769513
vt 0.598182 0.778947
vt 0.598182 0.769513
vt 0.562683 0.552520
vt 0.553249 0.561954
vt 0.553249 0.552520
vt 0.598182 0.760078
vt 0.449470 0.665733
vt 0.598182 0.675167
vt 0.449470 0.675167
vt 0.598182 0.694037
vt 0.746893 0.703471
vt 0.515511 0.552520
vt 0.598182 0.741209
vt 0.449470 0.750643
vt 0.449470 0.741209
vt 0.515511 0.561954
vt 0.449470 0.731774
vt 0.449470 0.656299
vt 0.598182 0.665733
vt 0.449470 0.665733
vt 0.598182 0.684602
vt 0.746893 0.694037
vt 0.598182 0.694037
vt 0.647593 0.552520
vt 0.638159 0.561954
vt 0.746894 0.590258
vt 0.598182 0.590258
vt 0.657028 0.552520
vt 0.647593 0.561955
vt 0.598182 0.561955
vt 0.449470 0.561954
vt 0.449470 0.646864
vt 0.598182 0.656299
vt 0.598182 0.675168
vt 0.746893 0.684602
vt 0.666462 0.552520
vt 0.657028 0.561955
vt 0.746893 0.561955
vt 0.598182 0.561954
vt 0.675896 0.552520
vt 0.666462 0.561955
vt 0.449470 0.590258
vt 0.449470 0.580823
vt 0.746894 0.627995
vt 0.598181 0.609127
vt 0.746893 0.618561
vt 0.598181 0.618561
vt 0.458904 0.561954
vt 0.449470 0.552520
vt 0.458904 0.552520
vt 0.598182 0.778947
vt 0.449470 0.788381
vt 0.449470 0.778947
vt 0.468339 0.552520
vt 0.449470 0.769512
vt 0.598182 0.656299
vt 0.598181 0.627995
vt 0.746893 0.637430
vt 0.598181 0.637430
vt 0.062193 0.774252
vt 0.187272 0.788588
vt 0.062193 0.788588
vt 0.004901 0.514111
vt 0.126103 0.553838
vt 0.120103 0.566858
vt 0.051014 0.759916
vt 0.175580 0.774252
vt 0.051014 0.774252
vt 0.004901 0.746720
vt 0.126103 0.706993
vt 0.010504 0.759916
vt 0.187272 0.774252
vt 0.266725 0.788588
vt 0.199564 0.587340
vt 0.194119 0.600601
vt 0.175580 0.759916
vt 0.255577 0.774252
vt 0.120103 0.693973
vt 0.199564 0.673491
vt 0.266725 0.774252
vt 0.272637 0.788588
vt 0.205125 0.589462
vt 0.200382 0.602991
vt 0.262233 0.759916
vt 0.262233 0.774252
vt 0.194119 0.660229
vt 0.205125 0.671369
vt 0.272637 0.774252
vt 0.349942 0.788588
vt 0.277989 0.620613
vt 0.341795 0.774252
vt 0.277989 0.640218
vt 0.280555 0.654322
vt 0.411797 0.774252
vt 0.411797 0.788588
vt 0.341941 0.616098
vt 0.341211 0.630416
vt 0.405505 0.759916
vt 0.405505 0.774252
vt 0.341941 0.644733
vt 0.428695 0.788588
vt 0.359881 0.614119
vt 0.365945 0.627108
vt 0.428695 0.774252
vt 0.341212 0.630415
vt 0.359881 0.646713
vt 0.168295 0.802923
vt 0.178929 0.788588
vt 0.178929 0.802923
vt 0.379955 0.613121
vt 0.294166 0.802923
vt 0.313650 0.788588
vt 0.313650 0.802923
vt 0.379955 0.647710
vt 0.367401 0.654632
vt 0.294166 0.802923
vt 0.367401 0.606199
vt 0.428695 0.506875
vt 0.428695 0.788588
vt 0.428695 0.802923
vt 0.428695 0.753956
vt 0.415656 0.759916
vt 0.077348 0.769821
vt 0.195183 0.756315
vt 0.195183 0.769821
vt 0.023374 0.511241
vt 0.137557 0.548668
vt 0.131904 0.560933
vt 0.066817 0.742810
vt 0.184168 0.756315
vt 0.066817 0.756315
vt 0.023374 0.730378
vt 0.137557 0.692952
vt 0.028653 0.742810
vt 0.270034 0.769821
vt 0.206763 0.580229
vt 0.201634 0.592722
vt 0.184168 0.742810
vt 0.259532 0.756315
vt 0.131904 0.680686
vt 0.206763 0.661390
vt 0.270034 0.756315
vt 0.275604 0.769821
vt 0.212002 0.582228
vt 0.207534 0.594973
vt 0.265802 0.742810
vt 0.265802 0.756315
vt 0.201634 0.648897
vt 0.212002 0.659391
vt 0.275604 0.756315
vt 0.348431 0.769821
vt 0.280645 0.611575
vt 0.340757 0.756315
vt 0.280645 0.630044
vt 0.283063 0.643332
vt 0.348431 0.756315
vt 0.406704 0.769821
vt 0.340894 0.607322
vt 0.340207 0.620810
vt 0.340757 0.742810
vt 0.400777 0.756315
vt 0.340894 0.634298
vt 0.406704 0.756315
vt 0.422623 0.769821
vt 0.357794 0.605456
vt 0.363508 0.617694
vt 0.400777 0.742810
vt 0.422623 0.756315
vt 0.357794 0.636163
vt 0.177305 0.769821
vt 0.187323 0.783326
vt 0.177305 0.783326
vt 0.376706 0.604517
vt 0.295886 0.783326
vt 0.314241 0.769821
vt 0.314241 0.783326
vt 0.376706 0.637102
vt 0.364879 0.643623
vt 0.187323 0.769821
vt 0.295886 0.783326
vt 0.364879 0.597996
vt 0.422623 0.504424
vt 0.422623 0.783326
vt 0.422623 0.737195
vt 0.410340 0.742810
vt 0.163800 0.769821
vt 0.177305 0.783215
vt 0.163800 0.783215
vt 0.168295 0.788588
vt 0.153959 0.802806
vt 0.153959 0.788588
vt 0.171889 0.771695
vt 0.157699 0.785769
vt 0.157699 0.771695
vt 0.170664 0.778531
vt 0.156570 0.792509
vt 0.156570 0.778531
vt 0.493513 0.043251
vt 0.295475 0.376464
vt 0.331751 0.376464
vt 0.232732 0.043251
vt 0.496816 0.404895
vt 0.506539 0.404895
vt 0.595502 0.385829
vt 0.528934 0.404895
vt 0.406128 0.385829
vt 0.037969 0.404894
vt 0.182273 0.423960
vt 0.272995 0.278482
vt 0.882501 0.861686
vt 0.882502 0.908779
vt 0.592172 0.916699
vt 0.524047 0.935152
vt 0.633693 0.246204
vt 0.831772 0.872177
vt 0.562978 0.863892
vt 0.717133 0.909906
vt 0.715117 0.899514
vt 0.713407 0.897983
vt 0.711557 0.899341
vt 0.708540 0.909487
vt 0.707832 0.924009
vt 0.709848 0.934400
vt 0.713407 0.934573
vt 0.715117 0.930534
vt 0.716425 0.924428
vt 0.646402 0.935375
vt 0.644367 0.922038
vt 0.642641 0.918006
vt 0.640774 0.916656
vt 0.637728 0.922382
vt 0.637013 0.935862
vt 0.639048 0.949199
vt 0.642641 0.954581
vt 0.644367 0.953045
vt 0.645687 0.948855
vt 0.013680 0.088863
vt 0.013680 0.038957
vt 0.136043 0.277011
vt 0.153086 0.272445
vt 0.157653 0.255402
vt 0.145177 0.242925
vt 0.128133 0.247492
vt 0.123566 0.264535
vt 0.025873 0.247492
vt 0.021307 0.264535
vt 0.033783 0.277012
vt 0.050826 0.272445
vt 0.055393 0.255402
vt 0.042917 0.242925
vt 0.991908 0.517187
vt 0.439160 0.741844
vt 0.422588 0.677333
vt 0.385968 0.621698
vt 0.270197 0.559558
vt 0.203593 0.559786
vt 0.052012 0.678602
vt 0.035883 0.743225
vt 0.041610 0.809583
vt 0.068574 0.870486
vt 0.113852 0.919334
vt 0.172538 0.950834
vt 0.362399 0.918483
vt 0.407341 0.869326
vt 0.934097 0.932768
vt 0.987591 0.989844
vt 0.028329 0.766390
vt 0.041764 0.835987
vt 0.077069 0.897450
vt 0.196031 0.970939
vt 0.266797 0.975000
vt 0.435490 0.858582
vt 0.456798 0.790979
vt 0.455002 0.720120
vt 0.430295 0.653683
vt 0.385354 0.598869
vt 0.325051 0.561617
vt 0.121281 0.583714
vt 0.070365 0.633028
vt 0.965847 0.550173
vt 0.827928 0.476996
vt 0.750000 0.490000
vt 0.672072 0.476996
vt 0.549080 0.381268
vt 0.517344 0.308917
vt 0.573426 0.087452
vt 0.635773 0.038926
vt 0.710497 0.013273
vt 0.789503 0.013273
vt 0.864227 0.038926
vt 0.926574 0.087452
vt 0.982656 0.308917
vt 0.950920 0.381268
vt 0.013680 0.038957
vt 0.101956 0.242925
vt 0.089480 0.255402
vt 0.094047 0.272445
vt 0.111090 0.277012
vt 0.123566 0.264535
vt 0.119000 0.247492
vt 0.059960 0.272445
vt 0.077003 0.277012
vt 0.089480 0.264535
vt 0.084913 0.247492
vt 0.067870 0.242925
vt 0.934097 0.526100
vt 0.965847 0.941792
vt 0.972017 0.126557
vt 0.310702 0.198658
vt 0.018252 0.372528
vt 0.015471 0.366020
vt 0.978210 0.110267
vt 0.984832 0.132761
vt 0.952067 0.618009
vt 0.115496 0.747494
vt 0.115496 0.547375
vt 0.434883 0.037116
vt 0.952035 0.658536
vt 0.548338 0.268035
vt 0.548338 0.268035
vt 0.224092 0.708897
vt 0.309951 0.497439
vt 0.052293 0.491390
vt 0.141445 0.693582
vt 0.084233 0.645615
vt 0.056129 0.706621
vt 0.245828 0.644758
vt 0.220420 0.480467
vt 0.233355 0.562613
vt 0.220420 0.644758
vt 0.084233 0.659667
vt 0.220420 0.809905
vt 0.220420 0.644758
vt 0.220420 0.645615
vt 0.296645 0.792953
vt 0.271236 0.644758
vt 0.271236 0.809048
vt 0.056129 0.480467
vt 0.336105 0.809048
vt 0.271236 0.805889
vt 0.336105 0.644758
vt 0.398558 0.563811
vt 0.068365 0.524070
vt 0.068365 0.509756
vt 0.398558 0.554921
vt 0.398558 0.552698
vt 0.398558 0.557143
vt 0.398558 0.554921
vt 0.384970 0.807373
vt 0.270772 0.485596
vt 0.351582 0.807373
vt 0.602353 0.672178
vt 0.594750 0.667794
vt 0.586105 0.666276
vt 0.577459 0.667806
vt 0.564213 0.678929
vt 0.561210 0.687180
vt 0.561210 0.695959
vt 0.569856 0.710927
vt 0.577459 0.715311
vt 0.586105 0.716829
vt 0.602353 0.710904
vt 0.607996 0.704176
vt 0.610999 0.695924
vt 0.607996 0.678899
vt 0.578400 0.613314
vt 0.153238 0.616627
vt 0.655945 0.676068
vt 0.213796 0.230111
vt 0.462106 0.230111
vt 0.557731 0.048860
vt 0.129528 0.059240
vt 0.149956 0.227478
vt 0.193332 0.051493
vt 0.111548 0.207320
vt 0.256381 0.107349
vt 0.481719 0.365780
vt 0.494520 0.468742
vt 0.494520 0.349427
vt 0.679945 0.707492
vt 0.725912 0.668507
vt 0.381858 0.322467
vt 0.292623 0.324787
vt 0.352113 0.322467
vt 0.197458 0.421212
vt 0.191655 0.427015
vt 0.184073 0.430156
vt 0.175866 0.430156
vt 0.168284 0.427015
vt 0.162481 0.421212
vt 0.159341 0.413630
vt 0.162481 0.397842
vt 0.168284 0.392039
vt 0.175866 0.388898
vt 0.191655 0.392039
vt 0.197458 0.397842
vt 0.200598 0.405424
vt 0.226306 0.142743
vt 0.176189 0.142743
vt 0.193038 0.142743
vt 0.226306 0.388898
vt 0.422401 0.324787
vt 0.431698 0.324787
vt 0.440288 0.328345
vt 0.446862 0.334919
vt 0.450419 0.343508
vt 0.450419 0.352805
vt 0.446862 0.361394
vt 0.431698 0.371526
vt 0.422401 0.371526
vt 0.413812 0.367968
vt 0.403680 0.352805
vt 0.403680 0.343508
vt 0.407238 0.334919
vt 0.403680 0.399037
vt 0.407238 0.390447
vt 0.413812 0.383873
vt 0.422401 0.380316
vt 0.431698 0.380316
vt 0.440287 0.383873
vt 0.446861 0.390447
vt 0.450419 0.408334
vt 0.446861 0.416923
vt 0.440287 0.423497
vt 0.422401 0.427055
vt 0.413812 0.423497
vt 0.407238 0.416923
vt 0.330821 0.767041
vt 0.389023 0.765996
vt 0.174770 0.645307
vt 0.187456 0.632621
vt 0.204031 0.625755
vt 0.221972 0.625755
vt 0.238547 0.632621
vt 0.251233 0.645307
vt 0.258099 0.661882
vt 0.251233 0.696398
vt 0.238547 0.709084
vt 0.221972 0.715950
vt 0.187456 0.709084
vt 0.174770 0.696398
vt 0.167904 0.679823
vt 0.348294 0.535561
vt 0.328742 0.542426
vt 0.341428 0.555112
vt 0.348294 0.571688
vt 0.348294 0.589628
vt 0.341428 0.606203
vt 0.328742 0.618890
vt 0.312167 0.625755
vt 0.277651 0.618890
vt 0.264965 0.606204
vt 0.258099 0.589628
vt 0.264965 0.555112
vt 0.277651 0.542426
vt 0.294226 0.535561
vt 0.167904 0.779727
vt 0.204031 0.535561
vt 0.221972 0.535561
vt 0.238547 0.542426
vt 0.251233 0.555112
vt 0.258099 0.571687
vt 0.258099 0.589628
vt 0.251233 0.606203
vt 0.221972 0.625755
vt 0.204031 0.625755
vt 0.187456 0.618890
vt 0.167904 0.589628
vt 0.167904 0.571688
vt 0.174770 0.555112
vt 0.389023 0.625755
vt 0.264965 0.645307
vt 0.277651 0.632621
vt 0.312167 0.625755
vt 0.328742 0.632621
vt 0.341428 0.645307
vt 0.348294 0.661882
vt 0.341428 0.696398
vt 0.328742 0.709084
vt 0.312167 0.715950
vt 0.277651 0.709084
vt 0.264965 0.696398
vt 0.258099 0.679823
vt 0.598182 0.760078
vt 0.746894 0.750644
vt 0.524946 0.561955
vt 0.449470 0.646864
vt 0.598182 0.788381
vt 0.562684 0.561954
vt 0.598182 0.656299
vt 0.572118 0.561955
vt 0.598182 0.703471
vt 0.598182 0.590258
vt 0.590987 0.561954
vt 0.598182 0.694036
vt 0.746894 0.675168
vt 0.416734 0.615132
vt 0.429640 0.785885
vt 0.416734 0.615132
vt 0.426669 0.764437
vt 0.294411 0.792624
vt 0.413851 0.750343
vt 0.426669 0.792624
vt 0.413851 0.495712
vt 0.628724 0.561954
vt 0.638159 0.561955
vt 0.598182 0.675168
vt 0.553249 0.561954
vt 0.746894 0.778947
vt 0.562683 0.561954
vt 0.598182 0.665733
vt 0.515511 0.561955
vt 0.598182 0.750643
vt 0.524946 0.561954
vt 0.598182 0.656299
vt 0.647593 0.561954
vt 0.598182 0.646864
vt 0.746893 0.675168
vt 0.675896 0.561955
vt 0.746894 0.618561
vt 0.746893 0.609127
vt 0.598182 0.788381
vt 0.746893 0.627995
vt 0.010504 0.500915
vt 0.255577 0.759916
vt 0.200382 0.657840
vt 0.349942 0.774252
vt 0.280555 0.606509
vt 0.341795 0.759916
vt 0.428695 0.759916
vt 0.365945 0.633723
vt 0.168295 0.788588
vt 0.294166 0.788588
vt 0.415656 0.500915
vt 0.077348 0.756315
vt 0.028652 0.498809
vt 0.259532 0.742810
vt 0.207534 0.646646
vt 0.283063 0.598287
vt 0.422623 0.742810
vt 0.363508 0.623925
vt 0.295886 0.769821
vt 0.295886 0.769821
vt 0.410340 0.498809
vt 0.177305 0.769821
vt 0.168295 0.802806
vt 0.171889 0.785769
vt 0.170664 0.792509
s 0
usemtl mat_uzd_wagon_bogeys
f 2/1/1 3/2/1 1/3/1
f 4/4/2 7/5/2 3/6/2
f 8/3/3 5/7/3 7/8/3
f 6/9/4 1/10/4 5/11/4
f 7/12/5 1/13/5 3/14/5
f 4/14/6 6/15/6 8/16/6
f 9/17/2 25/18/2 24/19/2
f 9/17/2 24/19/2 23/20/2
f 9/17/2 23/20/2 27/21/2
f 9/17/2 27/21/2 33/22/2
f 9/17/2 33/22/2 32/23/2
f 10/24/2 9/17/2 32/23/2
f 27/21/2 23/20/2 19/25/2
f 28/26/2 27/21/2 18/27/2
f 18/27/2 27/21/2 19/25/2
f 28/26/2 18/27/2 17/28/2
f 20/29/2 19/25/2 23/20/2
f 10/24/2 32/23/2 31/30/2
f 20/29/2 23/20/2 22/31/2
f 29/32/2 28/26/2 17/28/2
f 11/33/2 10/24/2 31/30/2
f 29/32/2 17/28/2 16/34/2
f 11/33/2 31/30/2 30/35/2
f 30/35/2 29/32/2 16/34/2
f 11/33/2 30/35/2 16/34/2
f 11/33/2 16/34/2 15/36/2
f 21/37/2 20/29/2 22/31/2
f 12/38/2 11/33/2 15/36/2
f 12/38/2 15/36/2 14/39/2
f 13/40/2 12/38/2 14/39/2
f 9/17/2 48/41/2 49/42/2
f 9/17/2 47/43/2 48/41/2
f 9/17/2 51/44/2 47/43/2
f 9/17/2 57/45/2 51/44/2
f 10/24/2 57/45/2 9/17/2
f 34/46/2 57/45/2 10/24/2
f 34/46/2 56/47/2 57/45/2
f 51/44/2 43/48/2 47/43/2
f 52/49/2 42/50/2 51/44/2
f 42/50/2 43/48/2 51/44/2
f 52/49/2 41/51/2 42/50/2
f 44/52/2 47/43/2 43/48/2
f 34/46/2 55/53/2 56/47/2
f 53/54/2 41/51/2 52/49/2
f 35/55/2 55/53/2 34/46/2
f 53/54/2 40/56/2 41/51/2
f 35/55/2 54/57/2 55/53/2
f 54/57/2 40/56/2 53/54/2
f 35/55/2 40/56/2 54/57/2
f 45/58/2 47/43/2 44/52/2
f 35/55/2 39/59/2 40/56/2
f 36/60/2 39/59/2 35/55/2
f 45/58/2 46/61/2 47/43/2
f 36/60/2 38/62/2 39/59/2
f 37/63/2 38/62/2 36/60/2
f 58/64/4 73/65/4 74/66/4
f 58/64/4 72/67/4 73/65/4
f 58/64/4 76/68/4 72/67/4
f 58/64/4 82/69/4 76/68/4
f 58/64/4 81/70/4 82/69/4
f 59/71/4 81/70/4 58/64/4
f 76/68/4 68/72/4 72/67/4
f 77/73/4 67/74/4 76/68/4
f 67/74/4 68/72/4 76/68/4
f 77/73/4 66/75/4 67/74/4
f 69/76/4 72/67/4 68/72/4
f 59/71/4 80/77/4 81/70/4
f 69/76/4 71/78/4 72/67/4
f 78/79/4 66/75/4 77/73/4
f 60/80/4 80/77/4 59/71/4
f 78/79/4 65/81/4 66/75/4
f 60/80/4 79/82/4 80/77/4
f 79/82/4 65/81/4 78/79/4
f 60/80/4 65/81/4 79/82/4
f 60/80/4 64/83/4 65/81/4
f 70/84/4 71/78/4 69/76/4
f 61/85/4 64/83/4 60/80/4
f 61/85/4 63/86/4 64/83/4
f 62/87/4 63/86/4 61/85/4
f 58/64/4 98/88/4 97/89/4
f 58/64/4 97/89/4 96/90/4
f 58/64/4 96/90/4 100/91/4
f 58/64/4 100/91/4 106/92/4
f 59/71/4 58/64/4 106/92/4
f 83/93/4 59/71/4 106/92/4
f 83/93/4 106/92/4 105/94/4
f 100/91/4 96/90/4 92/95/4
f 101/96/4 100/91/4 91/97/4
f 91/97/4 100/91/4 92/95/4
f 101/96/4 91/97/4 90/98/4
f 93/99/4 92/95/4 96/90/4
f 83/93/4 105/94/4 104/100/4
f 102/101/4 101/96/4 90/98/4
f 84/102/4 83/93/4 104/100/4
f 102/101/4 90/98/4 89/103/4
f 84/102/4 104/100/4 103/104/4
f 103/104/4 102/101/4 89/103/4
f 84/102/4 103/104/4 89/103/4
f 94/105/4 93/99/4 96/90/4
f 84/102/4 89/103/4 88/106/4
f 85/107/4 84/102/4 88/106/4
f 94/105/4 96/90/4 95/108/4
f 85/107/4 88/106/4 87/109/4
f 86/110/4 85/107/4 87/109/4
f 62/87/4 86/110/4 87/109/4
f 63/86/4 62/87/4 87/109/4
f 47/111/7 96/112/7 98/113/7
f 9/114/8 98/115/8 74/116/8
f 74/116/9 24/117/9 25/118/9
f 24/119/10 72/120/10 23/121/10
f 23/121/11 71/122/11 22/123/11
f 22/124/12 70/125/12 21/126/12
f 70/127/13 20/128/13 21/129/13
f 20/128/14 68/130/14 19/131/14
f 19/132/15 67/133/15 18/134/15
f 67/133/16 17/119/16 18/134/16
f 17/135/17 65/136/17 16/137/17
f 65/138/18 15/139/18 16/140/18
f 64/141/19 14/142/19 15/139/19
f 14/142/20 87/143/20 38/144/20
f 39/145/21 87/143/21 88/146/21
f 39/145/22 89/147/22 40/148/22
f 41/149/23 89/136/23 90/150/23
f 42/151/24 90/152/24 91/153/24
f 42/151/25 92/154/25 43/132/25
f 43/155/26 93/156/26 44/157/26
f 44/157/27 94/158/27 45/159/27
f 45/160/28 95/161/28 46/162/28
f 57/163/29 100/159/29 51/158/29
f 51/164/30 101/165/30 52/166/30
f 53/167/31 101/130/31 102/168/31
f 54/169/32 102/168/32 103/170/32
f 55/171/33 103/172/33 104/173/33
f 56/174/34 104/173/34 105/175/34
f 57/176/35 105/175/35 106/177/35
f 34/178/36 59/179/36 83/180/36
f 60/181/37 10/182/37 11/183/37
f 61/113/38 11/183/38 12/184/38
f 62/185/39 12/147/39 13/186/39
f 13/186/40 86/187/40 62/185/40
f 36/179/41 86/187/41 37/188/41
f 35/189/42 85/123/42 36/190/42
f 34/191/43 84/192/43 35/189/43
f 81/135/44 31/193/44 32/194/44
f 82/195/45 32/155/45 33/196/45
f 76/197/46 33/196/46 27/166/46
f 77/150/47 27/198/47 28/149/47
f 29/199/48 77/200/48 28/201/48
f 30/172/49 78/202/49 29/199/49
f 80/203/50 30/204/50 31/193/50
f 108/205/1 123/206/1 121/207/1
f 120/208/2 129/209/2 127/210/2
f 122/211/6 116/212/6 128/213/6
f 109/214/4 118/215/4 112/216/4
f 115/205/3 130/206/3 117/217/3
f 107/218/4 109/214/4 135/219/4
f 110/220/4 112/216/4 133/221/4
f 113/222/4 137/223/4 114/224/4
f 116/225/4 118/215/4 131/226/4
f 119/227/2 136/228/2 120/208/2
f 122/229/2 124/230/2 134/231/2
f 125/232/2 127/210/2 138/233/2
f 128/234/2 132/235/2 129/209/2
f 114/224/4 107/218/4 113/222/4
f 109/214/4 110/220/4 108/236/4
f 112/216/4 116/225/4 111/237/4
f 118/215/4 115/238/4 117/239/4
f 126/207/51 137/240/51 138/241/51
f 131/242/52 130/206/52 132/243/52
f 130/244/2 127/210/2 129/209/2
f 119/227/2 127/210/2 125/232/2
f 129/209/2 122/229/2 128/234/2
f 124/230/2 121/245/2 123/246/2
f 108/205/53 136/241/53 135/240/53
f 123/206/54 133/242/54 134/243/54
f 113/212/5 119/211/5 125/213/5
f 131/242/55 128/247/55 116/248/55
f 134/243/56 111/248/56 122/247/56
f 107/249/57 136/241/57 119/250/57
f 138/241/58 113/249/58 125/250/58
f 137/223/4 115/238/4 114/224/4
f 118/215/4 117/239/4 131/226/4
f 112/216/4 111/237/4 133/221/4
f 109/214/4 108/236/4 135/219/4
f 136/228/2 121/245/2 120/208/2
f 124/230/2 123/246/2 134/231/2
f 132/235/2 130/244/2 129/209/2
f 127/210/2 126/251/2 138/233/2
f 141/252/4 140/253/4 139/254/4
f 145/255/3 142/256/3 141/257/3
f 145/258/2 144/259/2 146/260/2
f 139/261/59 144/257/59 143/262/59
f 139/263/5 145/264/5 141/265/5
f 144/266/6 142/267/6 146/268/6
f 163/206/3 148/205/3 161/207/3
f 169/209/2 160/208/2 167/210/2
f 156/212/6 162/211/6 168/213/6
f 149/214/4 158/215/4 154/224/4
f 157/217/1 166/207/1 155/205/1
f 147/218/4 175/219/4 149/214/4
f 150/220/4 173/221/4 152/216/4
f 153/222/4 154/224/4 177/223/4
f 156/225/4 171/226/4 158/215/4
f 159/227/2 160/208/2 176/228/2
f 162/229/2 174/231/2 164/230/2
f 165/232/2 178/233/2 167/210/2
f 168/234/2 169/209/2 172/235/2
f 147/218/4 154/224/4 153/222/4
f 150/220/4 149/214/4 148/236/4
f 156/225/4 152/216/4 151/237/4
f 155/238/4 158/215/4 157/239/4
f 177/240/53 166/207/53 178/241/53
f 171/242/54 170/206/54 157/217/54
f 167/210/2 170/244/2 169/209/2
f 159/227/2 167/210/2 160/208/2
f 162/229/2 169/209/2 168/234/2
f 161/245/2 164/230/2 163/246/2
f 176/241/51 148/205/51 175/240/51
f 173/242/52 163/206/52 174/243/52
f 153/212/5 159/211/5 147/269/5
f 168/247/56 171/242/56 156/248/56
f 151/248/55 174/243/55 162/247/55
f 159/250/58 175/240/58 147/249/58
f 153/249/57 178/241/57 165/250/57
f 177/223/4 154/224/4 155/238/4
f 158/215/4 171/226/4 157/239/4
f 152/216/4 173/221/4 151/237/4
f 149/214/4 175/219/4 148/236/4
f 176/228/2 160/208/2 161/245/2
f 164/230/2 174/231/2 163/246/2
f 172/235/2 169/209/2 170/244/2
f 167/210/2 178/233/2 166/251/2
f 180/253/4 181/252/4 179/254/4
f 182/256/1 185/255/1 181/257/1
f 185/258/2 184/259/2 183/270/2
f 184/257/60 179/261/60 183/262/60
f 185/264/5 179/263/5 181/265/5
f 182/267/6 184/266/6 186/268/6
f 187/17/4 202/19/4 203/18/4
f 187/17/4 201/20/4 202/19/4
f 187/17/4 205/21/4 201/20/4
f 187/17/4 211/22/4 205/21/4
f 187/17/4 210/23/4 211/22/4
f 188/24/4 210/23/4 187/17/4
f 205/21/4 197/25/4 201/20/4
f 206/26/4 196/27/4 205/21/4
f 196/27/4 197/25/4 205/21/4
f 206/26/4 195/28/4 196/27/4
f 198/29/4 201/20/4 197/25/4
f 188/24/4 209/30/4 210/23/4
f 198/29/4 200/31/4 201/20/4
f 207/32/4 195/28/4 206/26/4
f 189/33/4 209/30/4 188/24/4
f 207/32/4 194/34/4 195/28/4
f 189/33/4 208/35/4 209/30/4
f 208/35/4 194/34/4 207/32/4
f 189/33/4 194/34/4 208/35/4
f 189/33/4 193/36/4 194/34/4
f 199/37/4 200/31/4 198/29/4
f 190/38/4 193/36/4 189/33/4
f 190/38/4 192/39/4 193/36/4
f 191/40/4 192/39/4 190/38/4
f 187/17/4 227/42/4 226/41/4
f 187/17/4 226/41/4 225/43/4
f 187/17/4 225/43/4 229/44/4
f 187/17/4 229/44/4 235/45/4
f 188/24/4 187/17/4 235/45/4
f 212/46/4 188/24/4 235/45/4
f 212/46/4 235/45/4 234/47/4
f 229/44/4 225/43/4 221/48/4
f 230/49/4 229/44/4 220/50/4
f 220/50/4 229/44/4 221/48/4
f 230/49/4 220/50/4 219/51/4
f 222/52/4 221/48/4 225/43/4
f 212/46/4 234/47/4 233/53/4
f 231/54/4 230/49/4 219/51/4
f 213/55/4 212/46/4 233/53/4
f 231/54/4 219/51/4 218/56/4
f 213/55/4 233/53/4 232/57/4
f 232/57/4 231/54/4 218/56/4
f 213/55/4 232/57/4 218/56/4
f 223/58/4 222/52/4 225/43/4
f 213/55/4 218/56/4 217/59/4
f 214/60/4 213/55/4 217/59/4
f 223/58/4 225/43/4 224/61/4
f 214/60/4 217/59/4 216/62/4
f 215/63/4 214/60/4 216/62/4
f 236/64/2 252/66/2 251/65/2
f 236/64/2 251/65/2 250/67/2
f 236/64/2 250/67/2 254/68/2
f 236/64/2 254/68/2 260/69/2
f 236/64/2 260/69/2 259/70/2
f 237/71/2 236/64/2 259/70/2
f 254/68/2 250/67/2 246/72/2
f 255/73/2 254/68/2 245/74/2
f 245/74/2 254/68/2 246/72/2
f 255/73/2 245/74/2 244/75/2
f 247/76/2 246/72/2 250/67/2
f 237/71/2 259/70/2 258/77/2
f 247/76/2 250/67/2 249/78/2
f 256/79/2 255/73/2 244/75/2
f 238/80/2 237/71/2 258/77/2
f 256/79/2 244/75/2 243/81/2
f 238/80/2 258/77/2 257/82/2
f 257/82/2 256/79/2 243/81/2
f 238/80/2 257/82/2 243/81/2
f 238/80/2 243/81/2 242/83/2
f 248/84/2 247/76/2 249/78/2
f 239/85/2 238/80/2 242/83/2
f 239/85/2 242/83/2 241/86/2
f 240/87/2 239/85/2 241/86/2
f 236/64/2 275/89/2 276/88/2
f 236/64/2 274/90/2 275/89/2
f 236/64/2 278/91/2 274/90/2
f 236/64/2 284/92/2 278/91/2
f 237/71/2 284/92/2 236/64/2
f 261/93/2 284/92/2 237/71/2
f 261/93/2 283/94/2 284/92/2
f 278/91/2 270/95/2 274/90/2
f 279/96/2 269/97/2 278/91/2
f 269/97/2 270/95/2 278/91/2
f 279/96/2 268/98/2 269/97/2
f 271/99/2 274/90/2 270/95/2
f 261/93/2 282/100/2 283/94/2
f 280/101/2 268/98/2 279/96/2
f 262/102/2 282/100/2 261/93/2
f 280/101/2 267/103/2 268/98/2
f 262/102/2 281/104/2 282/100/2
f 281/104/2 267/103/2 280/101/2
f 262/102/2 267/103/2 281/104/2
f 272/105/2 274/90/2 271/99/2
f 262/102/2 266/106/2 267/103/2
f 263/107/2 266/106/2 262/102/2
f 272/105/2 273/108/2 274/90/2
f 263/107/2 265/109/2 266/106/2
f 264/110/2 265/109/2 263/107/2
f 240/87/2 265/109/2 264/110/2
f 241/86/2 265/109/2 240/87/2
f 276/113/7 274/112/7 225/111/7
f 203/118/8 236/271/8 227/272/8
f 203/118/61 251/138/61 252/116/61
f 202/119/10 250/120/10 251/273/10
f 201/121/11 249/122/11 250/120/11
f 199/126/12 249/274/12 200/124/12
f 198/128/13 248/127/13 199/129/13
f 197/131/14 247/275/14 198/128/14
f 197/132/15 245/133/15 246/276/15
f 196/134/16 244/277/16 245/133/16
f 195/135/17 243/136/17 244/278/17
f 193/139/18 243/138/18 194/140/18
f 193/139/19 241/279/19 242/141/19
f 216/144/20 241/279/20 192/142/20
f 266/146/21 216/144/21 217/145/21
f 267/147/22 217/145/22 218/148/22
f 219/149/23 267/136/23 218/280/23
f 220/151/24 268/152/24 219/281/24
f 270/154/25 220/151/25 221/132/25
f 271/156/62 221/155/62 222/157/62
f 272/158/27 222/157/27 223/159/27
f 224/162/28 272/164/28 223/160/28
f 278/159/29 235/163/29 229/158/29
f 279/165/30 229/164/30 230/166/30
f 280/168/31 230/131/31 231/167/31
f 281/170/32 231/167/32 232/169/32
f 233/171/33 281/172/33 232/282/33
f 234/174/34 282/173/34 233/171/34
f 235/176/63 283/175/63 234/174/63
f 261/180/36 188/283/36 212/178/36
f 188/182/37 238/181/37 189/183/37
f 189/183/38 239/113/38 190/184/38
f 190/147/39 240/185/39 191/186/39
f 191/186/40 264/187/40 215/188/40
f 264/187/64 214/179/64 215/188/64
f 263/123/42 213/189/42 214/190/42
f 262/192/43 212/191/43 213/189/43
f 209/193/44 259/135/44 210/194/44
f 210/155/45 260/195/45 211/196/45
f 211/196/46 254/197/46 205/166/46
f 205/198/47 255/150/47 206/149/47
f 207/199/48 255/200/48 256/202/48
f 207/199/49 257/282/49 208/172/49
f 208/204/50 258/203/50 209/193/50
f 301/206/1 286/205/1 299/207/1
f 307/209/4 298/208/4 305/210/4
f 306/213/6 289/269/6 300/211/6
f 287/214/2 296/215/2 292/224/2
f 293/205/3 308/206/3 304/207/3
f 285/218/2 313/219/2 287/214/2
f 288/220/2 311/221/2 290/216/2
f 291/222/2 292/224/2 315/223/2
f 294/225/2 309/226/2 296/215/2
f 297/227/4 298/208/4 314/228/4
f 300/229/4 312/231/4 302/230/4
f 303/232/4 316/233/4 305/210/4
f 306/234/4 307/209/4 310/235/4
f 285/218/2 292/224/2 291/222/2
f 288/220/2 287/214/2 286/236/2
f 294/225/2 290/216/2 289/237/2
f 293/238/2 296/215/2 295/239/2
f 315/240/51 304/207/51 316/241/51
f 309/242/65 308/206/65 295/217/65
f 305/210/4 308/244/4 307/209/4
f 303/232/4 298/208/4 297/227/4
f 300/229/4 307/209/4 306/234/4
f 299/245/4 302/230/4 301/246/4
f 313/240/53 299/207/53 286/205/53
f 311/242/54 301/206/54 312/243/54
f 303/213/5 285/269/5 291/212/5
f 306/247/55 309/242/55 294/248/55
f 289/248/56 312/243/56 300/247/56
f 285/249/57 314/241/57 313/240/57
f 291/249/58 316/241/58 303/250/58
f 315/223/2 292/224/2 293/238/2
f 296/215/2 309/226/2 295/239/2
f 290/216/2 311/221/2 289/237/2
f 287/214/2 313/219/2 286/236/2
f 314/228/4 298/208/4 299/245/4
f 302/230/4 312/231/4 301/246/4
f 310/235/4 307/209/4 308/244/4
f 305/210/4 316/233/4 304/251/4
f 318/253/2 319/252/2 317/254/2
f 320/256/3 323/255/3 319/257/3
f 323/258/4 322/259/4 321/270/4
f 322/257/59 317/261/59 321/262/59
f 323/264/5 317/263/5 319/265/5
f 320/267/6 322/266/6 324/268/6
f 326/205/3 341/206/3 339/207/3
f 338/208/4 347/209/4 345/210/4
f 340/211/6 334/212/6 346/213/6
f 327/214/2 336/215/2 330/216/2
f 333/205/1 348/206/1 335/217/1
f 325/218/2 327/214/2 353/219/2
f 328/220/2 330/216/2 351/221/2
f 331/222/2 355/223/2 332/224/2
f 334/225/2 336/215/2 349/226/2
f 337/227/4 354/228/4 338/208/4
f 340/229/4 342/230/4 352/231/4
f 343/232/4 345/210/4 356/233/4
f 346/234/4 350/235/4 347/209/4
f 332/224/2 325/218/2 331/222/2
f 327/214/2 328/220/2 326/236/2
f 330/216/2 334/225/2 329/237/2
f 336/215/2 333/238/2 335/239/2
f 344/207/53 355/240/53 356/241/53
f 349/242/54 348/206/54 350/243/54
f 348/244/4 345/210/4 347/209/4
f 338/208/4 343/232/4 337/227/4
f 347/209/4 340/229/4 346/234/4
f 342/230/4 339/245/4 341/246/4
f 326/205/51 354/241/51 353/240/51
f 341/206/52 351/242/52 352/243/52
f 325/269/5 343/213/5 331/212/5
f 349/242/56 346/247/56 334/248/56
f 340/247/55 351/242/55 329/248/55
f 353/240/58 337/250/58 325/249/58
f 356/241/57 331/249/57 343/250/57
f 355/223/2 333/238/2 332/224/2
f 336/215/2 335/239/2 349/226/2
f 330/216/2 329/237/2 351/221/2
f 327/214/2 326/236/2 353/219/2
f 354/228/4 339/245/4 338/208/4
f 342/230/4 341/246/4 352/231/4
f 350/235/4 348/244/4 347/209/4
f 345/210/4 344/251/4 356/233/4
f 359/252/2 358/253/2 357/254/2
f 363/255/1 360/256/1 359/257/1
f 363/258/4 362/259/4 364/260/4
f 357/261/60 362/257/60 361/262/60
f 357/263/5 363/264/5 359/265/5
f 362/266/6 360/267/6 364/268/6
f 191/186/40 37/188/40 13/186/40
f 216/144/20 14/142/20 38/144/20
f 192/142/66 13/186/66 14/142/66
f 37/188/67 216/144/67 38/144/67
f 367/284/2 373/285/2 1547/286/2
f 1547/287/3 1546/288/3 366/289/3
f 368/290/2 374/291/2 367/284/2
f 367/292/1 365/293/1 368/294/1
f 1545/287/5 1547/295/5 366/296/5
f 368/297/6 1546/298/6 369/299/6
f 1549/300/68 366/301/68 1546/302/68
f 371/303/69 365/304/69 1545/305/69
f 372/306/2 368/290/2 369/296/2
f 373/285/2 369/296/2 1547/286/2
f 365/304/70 1549/300/70 1546/302/70
f 370/307/71 1545/305/71 366/301/71
f 377/308/72 376/309/72 375/310/72
f 379/311/73 378/312/73 377/308/73
f 380/313/74 1551/314/74 379/311/74
f 382/315/75 381/316/75 380/313/75
f 1552/317/76 383/318/76 382/315/76
f 385/319/77 384/320/77 1552/317/77
f 385/319/78 387/321/78 1553/322/78
f 386/323/79 1554/324/79 387/321/79
f 389/325/80 1554/324/80 388/326/80
f 391/327/81 390/328/81 389/325/81
f 393/329/82 392/330/82 391/327/82
f 395/331/83 394/332/83 393/329/83
f 397/333/84 396/334/84 395/335/84
f 399/336/85 398/337/85 397/333/85
f 1554/338/6 396/339/6 376/340/6
f 401/341/86 400/342/86 399/336/86
f 375/310/87 1555/343/87 401/341/87
f 389/344/5 1552/345/5 377/346/5
f 404/284/2 410/285/2 411/291/2
f 403/288/1 406/287/1 1556/289/1
f 405/290/2 411/291/2 1560/347/2
f 404/292/88 402/293/88 1545/348/88
f 406/295/5 1545/287/5 1556/296/5
f 403/298/6 405/297/6 407/299/6
f 1556/301/89 1559/300/89 403/302/89
f 402/304/90 1558/303/90 1545/305/90
f 405/290/2 409/306/2 407/296/2
f 407/296/2 410/285/2 406/286/2
f 402/304/70 1559/300/70 408/349/70
f 413/309/91 414/308/91 412/310/91
f 414/308/92 416/314/92 415/311/92
f 416/314/93 417/313/93 415/311/93
f 1562/316/94 418/315/94 417/313/94
f 419/318/95 420/317/95 418/315/95
f 1563/320/96 1564/319/96 420/317/96
f 1565/322/97 1566/323/97 1564/319/97
f 421/321/98 422/326/98 1566/323/98
f 422/326/99 425/328/99 424/325/99
f 425/328/100 426/327/100 424/325/100
f 427/330/101 428/329/101 426/327/101
f 429/332/102 430/331/102 428/329/102
f 431/334/103 432/333/103 430/335/103
f 433/337/104 1567/336/104 432/333/104
f 427/350/6 1565/351/6 416/352/6
f 434/342/105 435/341/105 1567/336/105
f 1568/343/106 412/310/106 435/341/106
f 1566/353/5 428/354/5 435/355/5
f 1487/301/89 1494/300/89 1488/302/89
f 1486/304/107 437/303/107 1485/305/107
f 1485/305/71 436/307/71 1487/301/71
f 1502/312/92 1503/311/92 1501/308/92
f 438/314/93 1504/313/93 1503/311/93
f 439/316/94 1505/315/94 1504/313/94
f 440/318/108 1506/317/108 1505/315/108
f 441/320/96 1507/319/96 1506/317/96
f 442/322/97 443/323/97 1507/319/97
f 1508/321/98 1509/326/98 443/323/98
f 444/324/99 1510/325/99 1509/326/99
f 445/328/100 1511/327/100 1510/325/100
f 446/330/101 447/329/101 1511/327/101
f 448/332/102 1512/331/102 447/329/102
f 1513/334/109 1514/333/109 1512/335/109
f 449/337/104 1515/336/104 1514/333/104
f 446/350/6 442/351/6 438/352/6
f 1516/342/105 1517/341/105 1515/336/105
f 450/343/106 1499/310/106 1517/341/106
f 443/353/5 447/354/5 1517/355/5
f 1521/287/3 452/288/3 451/289/3
f 1485/287/5 1521/295/5 451/296/5
f 1520/297/6 452/298/6 1522/299/6
f 455/300/68 451/301/68 452/302/68
f 454/303/110 1518/304/110 1485/305/110
f 1518/304/70 455/300/70 452/302/70
f 453/307/71 1485/305/71 451/301/71
f 1529/308/72 456/309/72 1528/310/72
f 1529/308/73 1531/314/73 457/312/73
f 458/315/75 1533/316/75 1532/313/75
f 460/317/111 459/318/111 458/315/111
f 462/319/77 461/320/77 460/317/77
f 1534/323/78 463/322/78 462/319/78
f 464/326/112 1535/321/112 1534/323/112
f 464/326/80 1537/328/80 465/324/80
f 1540/329/82 1539/330/82 1538/327/82
f 1541/331/83 466/332/83 1540/329/83
f 1543/333/113 1542/334/113 1541/335/113
f 468/336/114 467/337/114 1543/333/114
f 465/338/6 1542/339/6 456/340/6
f 1544/341/115 469/342/115 468/336/115
f 1528/310/116 470/343/116 1544/341/116
f 1536/344/5 460/345/5 1529/346/5
f 1630/284/4 1635/285/4 478/291/4
f 473/288/3 1631/287/3 1629/289/3
f 1630/284/4 479/347/4 474/290/4
f 1630/292/117 472/293/117 471/348/117
f 1631/295/5 471/287/5 1629/296/5
f 473/298/6 474/297/6 475/299/6
f 1629/301/118 1633/300/118 473/302/118
f 472/304/119 1632/303/119 471/305/119
f 474/290/4 1634/306/4 475/296/4
f 475/296/4 1635/285/4 1631/286/4
f 472/304/120 1633/300/120 477/349/120
f 471/305/121 476/307/121 1629/301/121
f 1636/309/122 481/308/122 480/310/122
f 482/312/100 483/311/100 481/308/100
f 484/314/101 485/313/101 483/311/101
f 1637/316/102 486/315/102 485/313/102
f 487/318/123 488/317/123 486/315/123
f 489/320/104 490/319/104 488/317/104
f 490/319/105 493/321/105 492/323/105
f 492/323/106 1638/324/106 494/326/106
f 1638/324/124 495/325/124 494/326/124
f 496/328/125 497/327/125 495/325/125
f 498/330/93 499/329/93 497/327/93
f 500/332/94 501/331/94 499/329/94
f 502/334/126 503/333/126 501/335/126
f 504/337/127 505/336/127 503/333/127
f 498/350/6 491/351/6 484/352/6
f 506/342/128 1639/341/128 505/336/128
f 507/343/129 480/310/129 1639/341/129
f 492/353/5 499/354/5 1639/355/5
f 510/284/4 514/285/4 1641/286/4
f 1641/287/1 509/288/1 1640/289/1
f 1646/347/4 510/284/4 511/290/4
f 510/292/3 508/293/3 511/294/3
f 471/287/5 1641/295/5 1640/296/5
f 511/297/6 509/298/6 512/299/6
f 513/300/130 1640/301/130 509/302/130
f 1643/303/131 508/304/131 471/305/131
f 1645/306/4 511/290/4 512/296/4
f 514/285/4 512/296/4 1641/286/4
f 508/304/120 513/300/120 509/302/120
f 1642/307/121 471/305/121 1640/301/121
f 517/308/132 1647/309/132 516/310/132
f 519/311/133 518/312/133 517/308/133
f 521/313/82 520/314/82 519/311/82
f 523/315/83 522/316/83 521/313/83
f 523/315/134 526/320/134 524/318/134
f 527/319/114 526/320/114 525/317/114
f 1648/323/115 528/322/115 527/319/115
f 530/326/87 529/321/87 1648/323/87
f 532/325/135 531/324/135 530/326/135
f 534/327/136 533/328/136 532/325/136
f 536/329/74 535/330/74 534/327/74
f 538/331/75 537/332/75 536/329/75
f 540/333/76 539/334/76 538/335/76
f 542/336/77 541/337/77 540/333/77
f 531/338/6 539/339/6 1647/340/6
f 544/341/78 543/342/78 542/336/78
f 516/310/79 545/343/79 544/341/79
f 532/344/5 525/345/5 517/346/5
f 548/284/4 554/285/4 550/286/4
f 550/287/1 1570/288/1 1569/289/1
f 1574/347/4 548/284/4 549/290/4
f 548/292/3 547/293/3 549/294/3
f 546/287/5 550/295/5 1569/296/5
f 549/297/6 1570/298/6 1571/299/6
f 1573/300/130 1569/301/130 1570/302/130
f 552/303/137 547/304/137 546/305/137
f 553/306/4 549/290/4 1571/296/4
f 554/285/4 1571/296/4 550/286/4
f 547/304/120 1573/300/120 1570/302/120
f 551/307/121 546/305/121 1569/301/121
f 556/323/115 1588/322/115 1587/319/115
f 556/323/138 558/324/138 1589/321/138
f 1590/325/135 558/324/135 557/326/135
f 559/329/74 1593/330/74 1592/327/74
f 1594/331/75 560/332/75 559/329/75
f 561/333/111 1595/334/111 1594/335/111
f 1596/336/77 562/337/77 561/333/77
f 558/338/6 1595/339/6 1576/340/6
f 563/341/78 1597/342/78 1596/336/78
f 563/341/79 1576/309/79 564/343/79
f 1590/344/5 1585/345/5 1577/346/5
f 568/284/4 576/285/4 1599/291/4
f 567/288/3 570/287/3 566/289/3
f 568/284/4 1600/347/4 569/290/4
f 568/292/117 565/293/117 546/348/117
f 570/295/5 546/287/5 566/296/5
f 567/298/6 569/297/6 571/299/6
f 566/301/118 574/300/118 567/302/118
f 565/304/119 573/303/119 546/305/119
f 569/290/4 575/306/4 571/296/4
f 571/296/4 576/285/4 570/286/4
f 565/304/120 574/300/120 1598/349/120
f 546/305/121 572/307/121 566/301/121
f 1602/309/122 577/308/122 1601/310/122
f 578/312/139 1603/311/139 577/308/139
f 1624/334/95 579/333/95 1623/335/95
f 580/337/96 1625/336/96 579/333/96
f 1620/350/6 1612/351/6 1604/352/6
f 1613/353/5 1621/354/5 1627/355/5
f 581/356/140 1793/357/140 1792/358/140
f 1798/359/141 582/360/141 1797/361/141
f 1799/362/142 583/363/142 582/360/142
f 1800/364/143 584/365/143 583/366/143
f 585/367/144 586/368/144 584/365/144
f 587/369/145 588/370/145 586/368/145
f 589/371/146 1801/372/146 588/373/146
f 1801/372/147 1803/374/147 590/375/147
f 1803/376/4 585/377/4 1796/378/4
f 1803/374/148 1804/379/148 590/375/148
f 1805/380/149 1792/358/149 1804/381/149
f 1797/382/2 586/383/2 1804/384/2
f 593/385/150 592/386/150 591/387/150
f 595/388/151 594/389/151 593/385/151
f 1806/390/152 596/391/152 595/388/152
f 1808/392/153 598/393/153 1809/394/153
f 597/395/154 600/396/154 598/393/154
f 601/397/155 600/396/155 599/398/155
f 1810/399/156 602/400/156 601/397/156
f 603/401/157 1811/402/157 1810/399/157
f 604/403/3 1812/404/3 603/401/3
f 1813/405/158 605/406/158 604/403/158
f 606/407/159 1816/408/159 1815/409/159
f 608/410/160 607/411/160 606/407/160
f 1817/412/161 609/413/161 608/410/161
f 1818/414/162 610/415/162 1817/412/162
f 611/416/163 1819/417/163 1818/414/163
f 1809/418/164 625/419/164 1807/420/164
f 613/421/165 612/422/165 611/416/165
f 591/423/166 614/424/166 613/421/166
f 619/425/167 603/426/167 1810/427/167
f 622/428/168 608/429/168 606/430/168
f 613/431/169 1820/432/169 591/433/169
f 593/434/170 1821/435/170 595/436/170
f 617/437/171 601/438/171 599/439/171
f 621/440/172 1815/441/172 1813/442/172
f 1818/443/173 1828/444/173 611/445/173
f 1822/446/174 597/447/174 1808/418/174
f 1824/448/175 604/449/175 603/426/175
f 1826/450/176 1817/451/176 608/429/176
f 1821/435/177 1806/420/177 595/436/177
f 601/438/178 619/425/178 1810/427/178
f 1820/432/179 593/434/179 591/433/179
f 1815/441/180 622/428/180 606/430/180
f 1828/444/181 613/431/181 611/445/181
f 597/447/182 617/437/182 599/439/182
f 620/452/183 1813/442/183 604/449/183
f 1817/451/184 623/453/184 1818/443/184
f 1806/420/185 1822/446/185 1808/418/185
f 637/454/153 1832/455/153 626/456/153
f 628/457/186 1811/427/186 1812/426/186
f 609/429/187 630/458/187 607/430/187
f 592/433/188 633/459/188 614/431/188
f 596/436/189 624/460/189 594/434/189
f 1833/461/190 600/439/190 602/438/190
f 612/445/191 631/462/191 1819/443/191
f 598/447/192 1832/463/192 1809/418/192
f 629/464/193 1812/426/193 605/449/193
f 1838/465/194 609/429/194 610/451/194
f 1807/420/195 1831/466/195 596/436/195
f 1834/467/196 602/438/196 1811/427/196
f 624/460/197 592/433/197 594/434/197
f 607/430/198 1836/468/198 1816/441/198
f 633/459/199 612/445/199 614/431/199
f 600/439/200 626/469/200 598/447/200
f 1835/470/201 605/449/201 1814/442/201
f 631/462/202 610/451/202 1819/443/202
f 638/471/4 1845/472/4 1847/473/4
f 641/474/203 1836/475/203 630/476/203
f 638/474/154 626/456/154 627/476/154
f 1837/456/160 641/474/160 630/476/160
f 1833/475/204 638/474/204 627/476/204
f 634/477/150 1830/478/150 624/479/150
f 631/480/162 1846/481/162 1838/455/162
f 639/482/157 1834/483/157 628/484/157
f 635/485/151 624/479/151 1831/486/151
f 643/487/163 631/480/163 632/488/163
f 640/489/3 628/484/3 629/490/3
f 636/491/152 1831/488/152 625/480/152
f 1847/492/165 632/493/165 633/494/165
f 1843/495/158 629/490/158 1835/496/158
f 1840/481/205 625/480/205 1832/455/205
f 1839/497/166 633/494/166 1830/478/166
f 646/498/206 645/499/206 644/500/206
f 1848/501/207 647/502/207 646/498/207
f 1849/503/208 648/504/208 1848/501/208
f 1853/505/209 1852/506/209 1851/507/209
f 1854/508/210 649/509/210 1853/505/210
f 1854/508/211 652/510/211 650/511/211
f 653/512/212 652/510/212 651/513/212
f 655/514/213 654/515/213 653/512/213
f 657/516/1 656/517/1 655/514/1
f 657/516/214 660/518/214 658/519/214
f 1855/520/215 660/518/215 659/521/215
f 661/522/216 1856/523/216 1855/520/216
f 1858/524/217 1857/525/217 661/522/217
f 1859/526/218 662/527/218 1858/524/218
f 663/528/219 1860/529/219 1859/526/219
f 665/530/220 664/531/220 663/528/220
f 685/532/221 1850/533/221 1852/534/221
f 1861/535/222 666/536/222 665/530/222
f 644/537/223 1862/538/223 1861/535/223
f 1865/539/224 655/540/224 653/541/224
f 677/542/225 1858/543/225 661/544/225
f 681/545/226 644/546/226 1861/547/226
f 668/548/227 1848/549/227 646/550/227
f 1864/551/228 651/552/228 1854/553/228
f 675/554/229 1855/555/229 659/556/229
f 679/557/230 665/558/230 663/559/230
f 671/560/231 1853/561/231 1851/534/231
f 673/562/232 657/563/232 655/540/232
f 1866/564/233 1859/565/233 1858/543/233
f 1848/549/234 670/566/234 1849/533/234
f 672/567/235 653/541/235 651/552/235
f 667/568/236 646/550/236 644/546/236
f 1855/555/237 677/542/237 661/544/237
f 665/558/238 681/545/238 1861/547/238
f 657/563/239 675/554/239 659/556/239
f 1859/565/240 679/557/240 663/559/240
f 1849/533/241 671/560/241 1851/534/241
f 698/569/209 685/570/209 1868/571/209
f 656/540/242 687/572/242 654/541/242
f 692/573/243 1857/544/243 662/543/243
f 683/574/244 1862/547/244 645/546/244
f 648/549/245 682/575/245 647/550/245
f 1869/576/246 650/553/246 652/552/246
f 691/577/247 660/556/247 1856/555/247
f 1871/578/248 664/559/248 666/558/248
f 1868/579/249 1852/534/249 649/561/249
f 689/580/250 656/540/250 658/563/250
f 1860/565/251 692/573/251 662/543/251
f 1867/581/252 648/549/252 1850/533/252
f 687/572/253 652/552/253 654/541/253
f 682/575/254 645/546/254 647/550/254
f 1857/544/255 691/577/255 1856/555/255
f 1872/582/256 666/558/256 1862/547/256
f 650/553/257 1868/579/257 649/561/257
f 690/583/258 658/563/258 660/556/258
f 664/559/259 693/584/259 1860/565/259
f 699/585/2 1879/586/2 1882/587/2
f 1878/588/260 691/589/260 1870/590/260
f 699/588/210 1868/571/210 686/590/210
f 1879/569/217 1870/590/217 692/571/217
f 1875/591/211 686/590/211 1869/589/211
f 703/592/218 692/571/218 693/570/218
f 700/593/212 1869/594/212 687/595/212
f 695/596/206 683/597/206 682/598/206
f 1880/599/219 693/570/219 694/600/219
f 1876/601/213 687/595/213 688/602/213
f 1873/603/207 682/598/207 684/604/207
f 1881/605/220 694/600/220 1871/606/220
f 701/607/1 688/602/1 689/608/1
f 1874/599/208 684/606/208 1867/600/208
f 1877/609/214 689/608/214 690/610/214
f 697/592/261 1867/600/261 685/570/261
f 696/611/223 1872/612/223 683/597/223
f 702/613/215 690/610/215 691/614/215
f 1826/615/2 617/616/2 1821/617/2
f 1866/615/4 1864/616/4 669/617/4
f 706/618/262 705/619/262 704/620/262
f 707/621/142 1883/622/142 706/623/142
f 709/624/141 708/625/141 707/621/141
f 710/626/263 1884/627/263 709/624/263
f 712/628/264 711/629/264 710/630/264
f 1886/631/265 1885/632/265 712/628/265
f 713/633/266 1887/634/266 1886/631/266
f 714/635/148 1888/636/148 713/637/148
f 716/638/147 715/639/147 714/635/147
f 718/640/146 717/641/146 716/638/146
f 711/642/4 715/643/4 705/644/4
f 718/645/145 1889/646/145 719/647/145
f 704/620/267 1889/646/267 720/648/267
f 716/649/2 712/650/2 706/651/2
f 721/386/206 722/385/206 1890/387/206
f 723/389/268 724/388/268 722/385/268
f 725/391/208 1891/390/208 724/388/208
f 726/652/261 727/392/261 1891/390/261
f 728/394/209 729/395/209 727/392/209
f 729/395/210 1893/396/210 1892/398/210
f 1893/396/211 731/397/211 1892/398/211
f 732/400/212 1894/399/212 731/397/212
f 1895/402/213 733/401/213 1894/399/213
f 734/404/1 735/403/1 733/401/1
f 736/406/214 1896/405/214 735/403/214
f 1897/653/215 737/409/215 1896/405/215
f 738/408/260 1898/407/260 737/409/260
f 1899/411/217 1900/410/217 1898/407/217
f 739/413/218 740/412/218 1900/410/218
f 740/412/219 742/417/219 1901/414/219
f 742/417/220 743/416/220 1901/414/220
f 728/418/269 759/419/269 1912/463/269
f 744/422/270 745/421/270 743/416/270
f 746/424/223 1890/423/223 745/421/223
f 733/426/271 1905/425/271 1894/427/271
f 1900/429/272 1907/428/272 1898/430/272
f 1890/433/273 1909/654/273 745/431/273
f 722/434/274 1902/435/274 748/655/274
f 731/438/275 750/437/275 1892/439/275
f 737/441/276 1906/440/276 1896/442/276
f 743/445/277 1908/453/277 1901/443/277
f 729/447/278 749/446/278 727/418/278
f 735/449/279 752/448/279 733/426/279
f 740/451/280 755/450/280 1900/429/280
f 724/436/281 1903/656/281 1902/435/281
f 731/438/282 1905/425/282 751/657/282
f 722/434/283 747/432/283 1890/433/283
f 737/441/284 1907/428/284 754/658/284
f 745/431/285 757/444/285 743/445/285
f 729/447/286 750/437/286 1904/659/286
f 735/449/287 1906/440/287 753/452/287
f 740/451/288 1908/453/288 756/660/288
f 727/418/289 1903/656/289 1891/420/289
f 1912/455/209 770/454/209 1913/456/209
f 1895/427/290 1915/457/290 734/426/290
f 739/429/291 763/458/291 764/661/291
f 721/433/292 766/459/292 1911/662/292
f 725/436/293 1910/460/293 758/466/293
f 732/438/294 1914/663/294 760/461/294
f 738/441/295 762/470/295 1917/468/295
f 742/443/296 765/664/296 744/445/296
f 730/447/297 1912/463/297 1913/469/297
f 734/426/298 1916/464/298 736/449/298
f 739/429/299 1918/465/299 741/451/299
f 726/420/300 758/466/300 759/419/300
f 1895/427/301 760/461/301 761/467/301
f 721/433/302 1910/460/302 723/434/302
f 1899/430/303 1917/468/303 763/458/303
f 746/431/304 765/664/304 766/459/304
f 1893/439/305 1913/469/305 1914/663/305
f 1897/442/306 1916/464/306 762/470/306
f 741/451/307 1919/462/307 742/443/307
f 776/665/4 771/666/4 768/667/4
f 1917/475/216 1925/474/216 763/476/216
f 1914/476/210 770/454/210 1922/474/210
f 763/476/217 775/454/217 764/456/217
f 760/475/211 1922/474/211 771/668/211
f 764/456/218 776/481/218 1918/455/218
f 760/669/212 772/670/212 761/483/212
f 1918/455/219 777/491/219 1919/480/219
f 761/483/213 1923/482/213 1915/484/213
f 1910/479/207 767/485/207 758/486/207
f 1919/480/220 1926/487/220 765/488/220
f 758/488/208 768/491/208 759/480/208
f 765/493/270 778/492/270 766/494/270
f 1916/490/214 773/495/214 762/496/214
f 1912/455/261 768/491/261 769/481/261
f 766/494/223 1921/497/223 1911/478/223
f 762/496/215 774/671/215 1917/672/215
f 780/499/150 781/498/150 779/500/150
f 782/502/151 783/501/151 781/498/151
f 784/504/152 785/503/152 783/501/152
f 785/503/205 1928/506/205 1927/507/205
f 1928/506/153 787/505/153 1927/507/153
f 788/509/154 789/508/154 787/505/154
f 790/511/204 1929/513/204 789/508/204
f 1930/510/156 791/512/156 1929/513/156
f 791/512/157 1933/517/157 1932/514/157
f 1934/516/158 1936/518/158 792/521/158
f 792/521/308 794/523/308 793/520/308
f 793/520/203 795/525/203 1937/522/203
f 795/525/160 796/524/160 1937/522/160
f 797/527/161 1938/526/161 796/524/161
f 1939/529/162 798/528/162 1938/526/162
f 799/531/163 800/530/163 798/528/163
f 786/533/309 1947/532/309 1928/534/309
f 801/536/165 802/535/165 800/530/165
f 803/538/166 779/537/166 802/535/166
f 1932/540/310 810/539/310 791/541/310
f 796/543/311 1943/542/311 1937/544/311
f 779/546/312 818/545/312 802/547/312
f 783/549/313 805/548/313 781/550/313
f 789/553/314 809/567/314 1941/551/314
f 793/555/315 813/554/315 792/556/315
f 800/558/316 816/557/316 798/559/316
f 787/561/317 1940/560/317 1927/534/317
f 1934/563/318 811/562/318 1932/540/318
f 1938/565/319 814/564/319 796/543/319
f 783/549/320 807/566/320 806/673/320
f 791/541/321 809/567/321 1929/552/321
f 781/550/322 804/568/322 779/546/322
f 1937/544/323 1942/674/323 793/555/323
f 800/558/324 818/545/324 817/675/324
f 787/561/325 1941/551/325 808/676/325
f 1934/563/326 813/554/326 812/677/326
f 1938/565/327 816/557/327 815/678/327
f 785/533/328 1940/560/328 807/566/328
f 1947/570/153 828/569/153 820/571/153
f 1933/540/329 822/572/329 1949/679/329
f 797/543/330 823/680/330 824/573/330
f 803/547/331 1944/574/331 780/546/331
f 784/549/332 819/575/332 1945/681/332
f 1930/552/333 821/682/333 1948/576/333
f 1936/556/334 1952/577/334 794/555/334
f 799/559/335 1955/578/335 801/558/335
f 788/561/336 1947/532/336 820/579/336
f 797/543/337 1953/584/337 1939/565/337
f 784/549/338 1946/581/338 786/533/338
f 1930/552/339 822/572/339 1931/541/339
f 780/546/340 819/575/340 782/550/340
f 795/544/341 1952/577/341 823/680/341
f 801/558/342 825/582/342 803/547/342
f 790/553/343 820/579/343 821/682/343
f 799/559/344 1953/584/344 1954/683/344
f 1962/684/2 1959/685/2 1957/686/2
f 1952/589/203 833/588/203 823/590/203
f 820/571/154 829/588/154 821/590/154
f 823/590/160 834/569/160 824/571/160
f 821/590/155 1959/591/155 1948/589/155
f 1953/570/161 834/569/161 1962/592/161
f 1948/594/156 830/593/156 822/595/156
f 1944/597/150 826/596/150 819/598/150
f 822/595/157 1960/601/157 1949/602/157
f 819/598/151 1956/603/151 1945/604/151
f 1949/602/3 831/607/3 1950/608/3
f 1955/687/345 835/688/345 825/612/345
f 1950/608/158 1961/609/158 1951/610/158
f 825/612/166 827/611/166 1944/597/166
f 1951/610/308 832/613/308 1952/614/308
f 1904/689/2 1907/690/2 757/691/2
f 808/689/4 1943/690/4 817/691/4
f 838/357/262 837/356/262 836/358/262
f 1649/692/142 839/693/142 838/357/142
f 840/361/141 1650/694/141 1649/695/141
f 842/360/263 841/359/263 840/361/263
f 844/363/264 843/362/264 842/360/264
f 846/365/265 845/364/265 844/366/265
f 848/368/266 847/367/266 846/365/266
f 850/370/148 849/369/148 848/368/148
f 852/372/147 851/371/147 850/373/147
f 852/372/146 1652/374/146 853/696/146
f 843/697/4 851/698/4 837/699/4
f 1651/375/145 855/700/145 1652/374/145
f 836/358/144 855/380/144 854/381/144
f 852/701/2 844/702/2 838/703/2
f 1654/386/206 1655/385/206 1653/387/206
f 856/389/207 1656/388/207 1655/385/207
f 1657/391/208 857/390/208 1656/388/208
f 858/652/261 859/392/261 857/390/261
f 860/394/209 861/395/209 859/392/209
f 862/393/210 863/398/210 861/395/210
f 1658/396/346 864/397/346 863/398/346
f 865/400/212 866/399/212 864/397/212
f 867/402/213 868/401/213 866/399/213
f 869/404/1 870/403/1 868/401/1
f 871/406/214 872/405/214 870/403/214
f 872/405/215 875/408/215 874/409/215
f 874/409/216 877/411/216 876/407/216
f 877/411/217 878/410/217 876/407/217
f 879/413/218 880/412/218 878/410/218
f 881/415/219 882/414/219 880/412/219
f 883/417/220 1659/416/220 882/414/220
f 860/418/269 1664/419/269 905/463/269
f 1660/422/270 884/421/270 1659/416/270
f 885/424/223 1653/423/223 884/421/223
f 868/426/271 894/425/271 866/427/271
f 878/429/272 899/428/272 876/430/272
f 884/431/273 886/432/273 903/654/273
f 1655/434/274 888/435/274 887/655/274
f 864/438/275 892/437/275 863/439/275
f 874/441/276 897/440/276 872/442/276
f 1659/445/277 901/453/277 882/443/277
f 861/447/278 890/446/278 859/418/278
f 870/449/279 895/448/279 868/426/279
f 880/451/280 1661/450/280 878/429/280
f 1656/436/281 889/656/281 888/435/281
f 864/438/282 894/425/282 893/657/282
f 1655/434/283 886/432/283 1653/433/283
f 874/441/284 899/428/284 898/658/284
f 884/431/285 902/444/285 1659/445/285
f 861/447/286 892/437/286 891/659/286
f 870/449/287 897/440/287 896/452/287
f 880/451/288 901/453/288 900/660/288
f 857/420/289 890/446/289 889/656/289
f 905/455/209 917/454/209 906/456/209
f 867/427/290 908/457/290 869/426/290
f 879/429/291 912/458/291 913/661/291
f 1654/433/292 1668/459/292 1663/662/292
f 1657/436/293 1662/460/293 904/466/293
f 1658/439/294 1666/461/294 865/438/294
f 873/442/295 911/468/295 875/441/295
f 883/443/296 915/664/296 1660/445/296
f 862/447/297 905/463/297 906/469/297
f 869/426/298 909/464/298 871/449/298
f 879/429/299 914/465/299 881/451/299
f 858/420/347 904/466/347 1664/419/347
f 867/427/301 1666/461/301 907/467/301
f 1654/433/302 1662/460/302 856/434/302
f 877/430/303 911/468/303 912/458/303
f 885/431/304 915/664/304 1668/459/304
f 1658/439/305 906/469/305 1665/663/305
f 871/449/348 910/470/348 873/442/348
f 881/451/307 1667/462/307 883/443/307
f 924/665/4 918/666/4 1672/667/4
f 911/475/216 922/474/216 912/476/216
f 906/456/210 1673/474/210 1665/476/210
f 913/456/217 922/474/217 923/454/217
f 1666/475/346 1673/474/346 918/668/346
f 913/456/218 924/481/218 914/455/218
f 1666/669/212 1674/670/212 907/483/212
f 1667/480/219 924/481/219 925/491/219
f 907/483/213 919/482/213 908/484/213
f 1662/479/207 1671/485/207 904/486/207
f 1667/480/220 926/487/220 915/488/220
f 908/484/1 920/489/1 909/490/1
f 904/488/208 1672/491/208 1664/480/208
f 915/493/222 1676/492/222 1668/494/222
f 909/490/214 921/495/214 910/496/214
f 1664/480/261 916/481/261 905/455/261
f 910/496/215 1675/671/215 911/672/215
f 927/499/150 928/498/150 1677/500/150
f 929/502/151 930/501/151 928/498/151
f 1678/504/152 1679/503/152 930/501/152
f 931/704/205 932/507/205 1679/503/205
f 933/506/153 934/505/153 932/507/153
f 935/509/154 936/508/154 934/505/154
f 937/511/155 1680/513/155 936/508/155
f 1681/510/156 1682/512/156 1680/513/156
f 938/515/157 1683/514/157 1682/512/157
f 1686/519/158 1687/521/158 1685/516/158
f 939/518/308 1688/520/308 1687/521/308
f 1689/523/159 940/522/159 1688/520/159
f 941/525/160 942/524/160 940/522/160
f 943/527/161 944/526/161 942/524/161
f 945/529/162 946/528/162 944/526/162
f 1690/531/163 947/530/163 946/528/163
f 931/533/309 1697/532/309 933/534/309
f 947/530/345 949/538/345 1691/535/345
f 949/538/166 1677/537/166 1691/535/166
f 1683/540/310 1693/539/310 1682/541/310
f 942/543/311 960/542/311 940/544/311
f 1677/546/312 1695/545/312 1691/547/312
f 930/549/313 1692/548/313 928/550/313
f 1680/552/314 955/551/314 936/553/314
f 1687/556/315 959/674/315 1694/554/315
f 947/558/316 963/557/316 946/559/316
f 934/561/317 953/560/317 932/534/317
f 1685/563/318 957/562/318 1683/540/318
f 944/565/319 961/564/319 942/543/319
f 930/549/320 952/566/320 951/673/320
f 1682/541/321 956/567/321 1680/552/321
f 928/550/322 950/568/322 1677/546/322
f 1688/555/323 960/542/323 959/674/323
f 947/558/324 1695/545/324 964/675/324
f 934/561/325 955/551/325 954/676/325
f 1685/563/326 1694/554/326 958/677/326
f 944/565/327 963/557/327 962/678/327
f 1679/533/328 953/560/328 952/566/328
f 1697/570/153 984/569/153 968/571/153
f 1684/540/329 971/572/329 972/679/329
f 943/543/330 976/680/330 977/573/330
f 949/547/331 965/574/331 927/546/331
f 1678/549/332 1696/575/332 966/681/332
f 1681/552/333 969/682/333 970/576/333
f 1689/555/334 974/583/334 975/577/334
f 1690/559/335 979/578/335 948/558/335
f 935/561/336 1697/532/336 968/579/336
f 1684/540/349 973/580/349 1686/563/349
f 943/543/337 1698/584/337 945/565/337
f 1678/549/338 967/581/338 931/533/338
f 1681/552/339 971/572/339 938/541/339
f 927/546/340 1696/575/340 929/550/340
f 941/544/341 975/577/341 976/680/341
f 948/558/342 1699/582/342 949/547/342
f 937/553/343 968/579/343 969/682/343
f 1686/563/350 974/583/350 939/556/350
f 1690/559/344 1698/584/344 978/683/344
f 1701/684/2 986/685/2 983/686/2
f 975/589/159 992/588/159 976/590/159
f 968/571/154 985/588/154 969/590/154
f 976/590/160 993/569/160 977/571/160
f 969/590/155 986/591/155 970/589/155
f 977/571/161 1701/592/161 1698/570/161
f 970/594/156 987/593/156 971/595/156
f 965/597/150 980/596/150 1696/598/150
f 1698/570/162 994/599/162 978/600/162
f 971/595/157 988/601/157 972/602/157
f 1696/598/151 982/603/151 966/604/151
f 978/600/163 995/605/163 979/606/163
f 972/602/3 989/607/3 973/608/3
f 967/600/152 982/605/152 983/599/152
f 979/687/345 996/688/345 1699/612/345
f 973/608/158 990/609/158 974/610/158
f 967/600/205 1700/592/205 1697/570/205
f 1699/612/166 981/611/166 965/597/166
f 974/610/308 991/613/308 975/614/308
f 891/689/2 899/690/2 902/691/2
f 954/689/4 960/690/4 964/691/4
f 997/619/140 1703/618/140 1702/620/140
f 998/622/264 999/621/264 1703/623/264
f 1000/625/263 1704/624/263 999/621/263
f 1001/627/141 1705/626/141 1704/624/141
f 1002/629/142 1706/628/142 1705/630/142
f 1003/632/143 1707/631/143 1706/628/143
f 1004/634/144 1708/633/144 1707/631/144
f 1005/636/145 1709/635/145 1708/637/145
f 1006/639/146 1710/638/146 1709/635/146
f 1710/638/147 1009/647/147 1008/640/147
f 1009/705/4 1004/706/4 1000/707/4
f 1008/645/148 1010/646/148 1711/648/148
f 1010/646/149 1702/620/149 1711/648/149
f 1704/708/2 1708/709/2 1711/710/2
f 1712/385/150 1012/386/150 1011/387/150
f 1014/388/351 1013/389/351 1712/385/351
f 1713/390/152 1015/391/152 1014/388/152
f 1717/395/154 1017/396/154 1718/393/154
f 1719/397/204 1017/396/204 1016/398/204
f 1018/399/156 1720/400/156 1719/397/156
f 1020/401/157 1019/402/157 1018/399/157
f 1022/403/3 1021/404/3 1020/401/3
f 1024/405/158 1023/406/158 1022/403/158
f 1026/409/308 1025/653/308 1024/405/308
f 1721/407/159 1027/408/159 1026/409/159
f 1722/410/160 1028/411/160 1721/407/160
f 1029/414/162 1725/415/162 1724/412/162
f 1029/414/163 1031/422/163 1726/417/163
f 1716/418/164 1044/419/164 1714/420/164
f 1727/421/345 1031/422/345 1030/416/345
f 1011/423/166 1032/424/166 1727/421/166
f 1733/425/167 1020/426/167 1018/427/167
f 1037/428/168 1722/429/168 1721/430/168
f 1727/431/169 1728/432/169 1011/433/169
f 1033/655/170 1014/436/170 1712/434/170
f 1731/437/171 1719/438/171 1016/439/171
f 1736/440/172 1026/441/172 1024/442/172
f 1029/443/173 1737/444/173 1030/445/173
f 1034/446/174 1717/447/174 1715/418/174
f 1734/448/175 1022/449/175 1020/426/175
f 1038/450/176 1724/451/176 1722/429/176
f 1729/435/177 1713/420/177 1014/436/177
f 1719/438/178 1733/425/178 1018/427/178
f 1011/433/179 1033/655/179 1712/434/179
f 1026/441/180 1037/428/180 1721/430/180
f 1737/444/181 1727/431/181 1030/445/181
f 1717/447/182 1731/437/182 1016/439/182
f 1022/449/183 1736/440/183 1024/442/183
f 1724/451/184 1040/453/184 1029/443/184
f 1713/420/185 1034/446/185 1715/418/185
f 1061/454/153 1739/455/153 1045/456/153
f 1049/457/186 1019/427/186 1021/426/186
f 1723/429/187 1053/458/187 1028/430/187
f 1012/433/188 1056/459/188 1032/431/188
f 1015/436/189 1041/460/189 1013/434/189
f 1720/438/190 1046/663/190 1017/439/190
f 1027/441/352 1051/470/352 1025/442/352
f 1055/664/191 1726/443/191 1031/445/191
f 1718/447/192 1739/463/192 1716/418/192
f 1050/464/193 1021/426/193 1023/449/193
f 1714/420/195 1043/466/195 1015/436/195
f 1048/467/196 1720/438/196 1019/427/196
f 1041/460/197 1012/433/197 1013/434/197
f 1028/430/198 1052/468/198 1027/441/198
f 1032/431/199 1055/664/199 1031/445/199
f 1017/439/200 1045/469/200 1718/447/200
f 1025/442/201 1050/464/201 1023/449/201
f 1054/462/202 1725/451/202 1726/443/202
f 1062/471/4 1070/472/4 1073/473/4
f 1069/474/203 1052/475/203 1053/476/203
f 1062/474/154 1045/456/154 1046/476/154
f 1740/456/160 1069/474/160 1053/476/160
f 1047/475/204 1062/474/204 1046/476/204
f 1743/481/161 1740/456/161 1741/455/161
f 1064/670/156 1047/669/156 1048/483/156
f 1057/477/150 1042/478/150 1041/479/150
f 1071/491/162 1741/455/162 1054/480/162
f 1065/482/157 1048/483/157 1049/484/157
f 1059/485/151 1041/479/151 1043/486/151
f 1072/487/163 1054/480/163 1055/488/163
f 1066/489/3 1049/484/3 1050/490/3
f 1060/491/152 1043/488/152 1044/480/152
f 1073/492/345 1055/493/345 1056/494/345
f 1067/495/158 1050/490/158 1051/496/158
f 1742/481/205 1044/480/205 1739/455/205
f 1058/497/166 1056/494/166 1042/478/166
f 1068/671/308 1051/496/308 1052/672/308
f 1744/498/206 1075/499/206 1074/500/206
f 1746/501/207 1745/502/207 1744/498/207
f 1747/503/208 1076/504/208 1746/501/208
f 1077/513/346 1754/511/346 1753/508/346
f 1079/512/212 1078/510/212 1077/513/212
f 1080/514/213 1755/515/213 1079/512/213
f 1082/516/1 1081/517/1 1080/514/1
f 1084/521/214 1083/519/214 1082/516/214
f 1085/520/215 1756/518/215 1084/521/215
f 1087/522/260 1086/523/260 1085/520/260
f 1757/524/217 1088/525/217 1087/522/217
f 1758/526/218 1089/527/218 1757/524/218
f 1090/528/219 1759/529/219 1758/526/219
f 1760/530/220 1091/531/220 1090/528/220
f 1777/532/221 1748/533/221 1750/534/221
f 1074/537/223 1763/538/223 1762/535/223
f 1079/541/224 1770/562/224 1080/540/224
f 1096/542/225 1757/543/225 1087/544/225
f 1097/545/226 1074/546/226 1762/547/226
f 1092/548/227 1746/549/227 1744/550/227
f 1753/553/228 1769/567/228 1077/552/228
f 1084/556/229 1772/674/229 1085/555/229
f 1775/557/230 1760/558/230 1090/559/230
f 1080/540/232 1771/677/232 1082/563/232
f 1769/567/235 1079/541/235 1077/552/235
f 1764/568/236 1744/550/236 1074/546/236
f 1772/674/237 1087/544/237 1085/555/237
f 1760/558/238 1097/545/238 1762/547/238
f 1751/561/353 1093/551/353 1753/553/353
f 1082/563/239 1095/554/239 1084/556/239
f 1758/565/240 1775/557/240 1090/559/240
f 1114/569/209 1777/570/209 1102/571/209
f 1081/540/242 1780/572/242 1755/541/242
f 1089/543/243 1781/680/243 1088/544/243
f 1099/574/244 1763/547/244 1075/546/244
f 1076/549/245 1098/575/245 1745/550/245
f 1078/552/246 1778/682/246 1754/553/246
f 1086/555/247 1105/583/247 1756/556/247
f 1108/578/248 1091/559/248 1761/558/248
f 1102/579/249 1750/534/249 1752/561/249
f 1104/580/250 1081/540/250 1083/563/250
f 1759/565/251 1782/573/251 1089/543/251
f 1101/581/252 1076/549/252 1748/533/252
f 1780/572/253 1078/552/253 1755/541/253
f 1098/575/254 1075/546/254 1745/550/254
f 1088/544/255 1106/577/255 1086/555/255
f 1109/582/256 1761/558/256 1763/547/256
f 1778/682/257 1752/561/257 1754/553/257
f 1105/583/258 1083/563/258 1756/556/258
f 1091/559/259 1783/584/259 1759/565/259
f 1785/585/2 1790/586/2 1120/587/2
f 1789/588/260 1106/589/260 1781/590/260
f 1785/588/210 1102/571/210 1778/590/210
f 1115/593/354 1779/594/354 1780/595/354
f 1110/596/206 1099/597/206 1098/598/206
f 1118/599/219 1783/570/219 1107/600/219
f 1116/601/213 1780/595/213 1103/602/213
f 1112/603/207 1098/598/207 1100/604/207
f 1119/605/220 1107/600/220 1108/606/220
f 1787/607/1 1103/602/1 1104/608/1
f 1113/599/208 1100/606/208 1101/600/208
f 1120/688/222 1108/687/222 1109/612/222
f 1788/609/214 1104/608/214 1105/610/214
f 1777/570/261 1113/599/261 1101/600/261
f 1111/611/223 1109/612/223 1099/597/223
f 1117/613/215 1105/610/215 1106/614/215
f 1038/615/2 1731/616/2 1729/617/2
f 1773/615/4 1093/616/4 1765/617/4
f 1123/2/3 1122/1/3 1121/3/3
f 1127/5/2 1124/4/2 1123/6/2
f 1125/7/1 1128/3/1 1127/8/1
f 1121/10/4 1126/9/4 1125/11/4
f 1121/13/5 1127/12/5 1123/14/5
f 1126/15/6 1124/14/6 1128/16/6
f 1129/17/2 1144/19/2 1145/18/2
f 1129/17/2 1143/20/2 1144/19/2
f 1129/17/2 1147/21/2 1143/20/2
f 1129/17/2 1153/22/2 1147/21/2
f 1129/17/2 1152/23/2 1153/22/2
f 1130/24/2 1152/23/2 1129/17/2
f 1147/21/2 1139/25/2 1143/20/2
f 1148/26/2 1138/27/2 1147/21/2
f 1138/27/2 1139/25/2 1147/21/2
f 1148/26/2 1137/28/2 1138/27/2
f 1140/29/2 1143/20/2 1139/25/2
f 1130/24/2 1151/30/2 1152/23/2
f 1140/29/2 1142/31/2 1143/20/2
f 1149/32/2 1137/28/2 1148/26/2
f 1131/33/2 1151/30/2 1130/24/2
f 1149/32/2 1136/34/2 1137/28/2
f 1131/33/2 1150/35/2 1151/30/2
f 1150/35/2 1136/34/2 1149/32/2
f 1131/33/2 1136/34/2 1150/35/2
f 1131/33/2 1135/36/2 1136/34/2
f 1141/37/2 1142/31/2 1140/29/2
f 1132/38/2 1135/36/2 1131/33/2
f 1132/38/2 1134/39/2 1135/36/2
f 1133/40/2 1134/39/2 1132/38/2
f 1129/17/2 1169/42/2 1168/41/2
f 1129/17/2 1168/41/2 1167/43/2
f 1129/17/2 1167/43/2 1171/44/2
f 1129/17/2 1171/44/2 1177/45/2
f 1130/24/2 1129/17/2 1177/45/2
f 1154/46/2 1130/24/2 1177/45/2
f 1154/46/2 1177/45/2 1176/47/2
f 1171/44/2 1167/43/2 1163/48/2
f 1172/49/2 1171/44/2 1162/50/2
f 1162/50/2 1171/44/2 1163/48/2
f 1172/49/2 1162/50/2 1161/51/2
f 1164/52/2 1163/48/2 1167/43/2
f 1154/46/2 1176/47/2 1175/53/2
f 1173/54/2 1172/49/2 1161/51/2
f 1155/55/2 1154/46/2 1175/53/2
f 1173/54/2 1161/51/2 1160/56/2
f 1155/55/2 1175/53/2 1174/57/2
f 1174/57/2 1173/54/2 1160/56/2
f 1155/55/2 1174/57/2 1160/56/2
f 1165/58/2 1164/52/2 1167/43/2
f 1155/55/2 1160/56/2 1159/59/2
f 1156/60/2 1155/55/2 1159/59/2
f 1165/58/2 1167/43/2 1166/61/2
f 1156/60/2 1159/59/2 1158/62/2
f 1157/63/2 1156/60/2 1158/62/2
f 1178/64/4 1194/66/4 1193/65/4
f 1178/64/4 1193/65/4 1192/67/4
f 1178/64/4 1192/67/4 1196/68/4
f 1178/64/4 1196/68/4 1202/69/4
f 1178/64/4 1202/69/4 1201/70/4
f 1179/71/4 1178/64/4 1201/70/4
f 1196/68/4 1192/67/4 1188/72/4
f 1197/73/4 1196/68/4 1187/74/4
f 1187/74/4 1196/68/4 1188/72/4
f 1197/73/4 1187/74/4 1186/75/4
f 1189/76/4 1188/72/4 1192/67/4
f 1179/71/4 1201/70/4 1200/77/4
f 1189/76/4 1192/67/4 1191/78/4
f 1198/79/4 1197/73/4 1186/75/4
f 1180/80/4 1179/71/4 1200/77/4
f 1198/79/4 1186/75/4 1185/81/4
f 1180/80/4 1200/77/4 1199/82/4
f 1199/82/4 1198/79/4 1185/81/4
f 1180/80/4 1199/82/4 1185/81/4
f 1180/80/4 1185/81/4 1184/83/4
f 1190/84/4 1189/76/4 1191/78/4
f 1181/85/4 1180/80/4 1184/83/4
f 1181/85/4 1184/83/4 1183/86/4
f 1182/87/4 1181/85/4 1183/86/4
f 1178/64/4 1217/89/4 1218/88/4
f 1178/64/4 1216/90/4 1217/89/4
f 1178/64/4 1220/91/4 1216/90/4
f 1178/64/4 1226/92/4 1220/91/4
f 1179/71/4 1226/92/4 1178/64/4
f 1203/93/4 1226/92/4 1179/71/4
f 1203/93/4 1225/94/4 1226/92/4
f 1220/91/4 1212/95/4 1216/90/4
f 1221/96/4 1211/97/4 1220/91/4
f 1211/97/4 1212/95/4 1220/91/4
f 1221/96/4 1210/98/4 1211/97/4
f 1213/99/4 1216/90/4 1212/95/4
f 1203/93/4 1224/100/4 1225/94/4
f 1222/101/4 1210/98/4 1221/96/4
f 1204/102/4 1224/100/4 1203/93/4
f 1222/101/4 1209/103/4 1210/98/4
f 1204/102/4 1223/104/4 1224/100/4
f 1223/104/4 1209/103/4 1222/101/4
f 1204/102/4 1209/103/4 1223/104/4
f 1214/105/4 1216/90/4 1213/99/4
f 1204/102/4 1208/106/4 1209/103/4
f 1205/107/4 1208/106/4 1204/102/4
f 1214/105/4 1215/108/4 1216/90/4
f 1205/107/4 1207/109/4 1208/106/4
f 1206/110/4 1207/109/4 1205/107/4
f 1182/87/4 1207/109/4 1206/110/4
f 1183/86/4 1207/109/4 1182/87/4
f 1217/711/355 1216/112/355 1167/111/355
f 1129/114/356 1194/116/356 1218/115/356
f 1145/118/357 1193/138/357 1194/116/357
f 1144/119/358 1192/120/358 1193/273/358
f 1143/121/359 1191/122/359 1192/120/359
f 1142/124/28 1190/125/28 1191/274/28
f 1140/128/360 1190/127/360 1141/129/360
f 1139/131/361 1189/275/361 1140/128/361
f 1139/132/25 1187/133/25 1188/276/25
f 1138/134/24 1186/277/24 1187/133/24
f 1137/135/23 1185/136/23 1186/278/23
f 1136/140/22 1184/141/22 1185/138/22
f 1135/139/362 1183/279/362 1184/141/362
f 1158/144/363 1183/279/363 1134/142/363
f 1208/146/364 1158/144/364 1159/145/364
f 1209/147/18 1159/145/18 1160/148/18
f 1161/149/17 1209/136/17 1160/280/17
f 1162/151/16 1210/152/16 1161/281/16
f 1212/154/15 1162/151/15 1163/132/15
f 1213/156/365 1163/155/365 1164/157/365
f 1214/158/366 1164/157/366 1165/159/366
f 1215/161/12 1165/160/12 1166/162/12
f 1220/159/367 1177/163/367 1171/158/367
f 1221/165/47 1171/164/47 1172/166/47
f 1222/168/48 1172/131/48 1173/167/48
f 1174/169/49 1222/168/49 1173/167/49
f 1175/171/50 1223/172/50 1174/282/50
f 1176/174/368 1224/173/368 1175/171/368
f 1177/176/369 1225/175/369 1176/174/369
f 1203/180/370 1130/283/370 1154/178/370
f 1130/182/371 1180/181/371 1131/183/371
f 1131/183/42 1181/113/42 1132/184/42
f 1132/147/372 1182/185/372 1133/186/372
f 1182/185/373 1157/188/373 1133/186/373
f 1206/187/374 1156/179/374 1157/188/374
f 1205/123/38 1155/189/38 1156/190/38
f 1204/192/375 1154/191/375 1155/189/375
f 1151/193/376 1201/135/376 1152/194/376
f 1152/155/377 1202/195/377 1153/196/377
f 1153/196/378 1196/197/378 1147/166/378
f 1147/198/30 1197/150/30 1148/149/30
f 1149/199/31 1197/200/31 1198/202/31
f 1150/172/32 1198/202/32 1199/282/32
f 1150/204/33 1200/203/33 1151/193/33
f 1243/206/3 1228/205/3 1241/207/3
f 1249/209/2 1240/208/2 1247/210/2
f 1236/212/6 1242/211/6 1248/213/6
f 1229/214/4 1238/215/4 1234/224/4
f 1235/205/1 1250/206/1 1246/207/1
f 1227/218/4 1255/219/4 1229/214/4
f 1230/220/4 1253/221/4 1232/216/4
f 1233/222/4 1234/224/4 1257/223/4
f 1236/225/4 1251/226/4 1238/215/4
f 1239/227/2 1240/208/2 1256/228/2
f 1242/229/2 1254/231/2 1244/230/2
f 1245/232/2 1258/233/2 1247/210/2
f 1248/234/2 1249/209/2 1252/235/2
f 1227/218/4 1234/224/4 1233/222/4
f 1230/220/4 1229/214/4 1228/236/4
f 1236/225/4 1232/216/4 1231/237/4
f 1235/238/4 1238/215/4 1237/239/4
f 1257/240/53 1246/207/53 1258/241/53
f 1251/242/379 1250/206/379 1237/217/379
f 1247/210/2 1250/244/2 1249/209/2
f 1239/227/2 1247/210/2 1240/208/2
f 1242/229/2 1249/209/2 1248/234/2
f 1241/245/2 1244/230/2 1243/246/2
f 1256/241/51 1228/205/51 1255/240/51
f 1253/242/52 1243/206/52 1254/243/52
f 1245/213/5 1227/269/5 1233/212/5
f 1248/247/56 1251/242/56 1236/248/56
f 1231/248/55 1254/243/55 1242/247/55
f 1227/249/58 1256/241/58 1255/240/58
f 1233/249/57 1258/241/57 1245/250/57
f 1257/223/4 1234/224/4 1235/238/4
f 1238/215/4 1251/226/4 1237/239/4
f 1232/216/4 1253/221/4 1231/237/4
f 1229/214/4 1255/219/4 1228/236/4
f 1256/228/2 1240/208/2 1241/245/2
f 1244/230/2 1254/231/2 1243/246/2
f 1252/235/2 1249/209/2 1250/244/2
f 1247/210/2 1258/233/2 1246/251/2
f 1260/253/4 1261/252/4 1259/254/4
f 1262/256/1 1265/255/1 1261/257/1
f 1265/258/2 1264/259/2 1263/270/2
f 1264/257/60 1259/261/60 1263/262/60
f 1265/264/5 1259/263/5 1261/265/5
f 1262/267/6 1264/266/6 1266/268/6
f 1268/205/1 1283/206/1 1281/207/1
f 1280/208/2 1289/209/2 1287/210/2
f 1282/211/6 1276/212/6 1288/213/6
f 1269/214/4 1278/215/4 1272/216/4
f 1286/207/3 1277/217/3 1275/205/3
f 1267/218/4 1269/214/4 1295/219/4
f 1270/220/4 1272/216/4 1293/221/4
f 1273/222/4 1297/223/4 1274/224/4
f 1276/225/4 1278/215/4 1291/226/4
f 1279/227/2 1296/228/2 1280/208/2
f 1282/229/2 1284/230/2 1294/231/2
f 1285/232/2 1287/210/2 1298/233/2
f 1288/234/2 1292/235/2 1289/209/2
f 1274/224/4 1267/218/4 1273/222/4
f 1269/214/4 1270/220/4 1268/236/4
f 1272/216/4 1276/225/4 1271/237/4
f 1278/215/4 1275/238/4 1277/239/4
f 1286/207/51 1297/240/51 1298/241/51
f 1291/242/65 1290/206/65 1292/243/65
f 1290/244/2 1287/210/2 1289/209/2
f 1279/227/2 1287/210/2 1285/232/2
f 1289/209/2 1282/229/2 1288/234/2
f 1284/230/2 1281/245/2 1283/246/2
f 1268/205/53 1296/241/53 1295/240/53
f 1283/206/54 1293/242/54 1294/243/54
f 1267/269/5 1285/213/5 1273/212/5
f 1291/242/55 1288/247/55 1276/248/55
f 1294/243/56 1271/248/56 1282/247/56
f 1295/240/57 1279/250/57 1267/249/57
f 1298/241/58 1273/249/58 1285/250/58
f 1297/223/4 1275/238/4 1274/224/4
f 1278/215/4 1277/239/4 1291/226/4
f 1272/216/4 1271/237/4 1293/221/4
f 1269/214/4 1268/236/4 1295/219/4
f 1296/228/2 1281/245/2 1280/208/2
f 1284/230/2 1283/246/2 1294/231/2
f 1292/235/2 1290/244/2 1289/209/2
f 1287/210/2 1286/251/2 1298/233/2
f 1301/252/4 1300/253/4 1299/254/4
f 1305/255/3 1302/256/3 1301/257/3
f 1305/258/2 1304/259/2 1306/260/2
f 1299/261/59 1304/257/59 1303/262/59
f 1299/263/5 1305/264/5 1301/265/5
f 1304/266/6 1302/267/6 1306/268/6
f 1307/17/4 1323/18/4 1322/19/4
f 1307/17/4 1322/19/4 1321/20/4
f 1307/17/4 1321/20/4 1325/21/4
f 1307/17/4 1325/21/4 1331/22/4
f 1307/17/4 1331/22/4 1330/23/4
f 1308/24/4 1307/17/4 1330/23/4
f 1325/21/4 1321/20/4 1317/25/4
f 1326/26/4 1325/21/4 1316/27/4
f 1316/27/4 1325/21/4 1317/25/4
f 1326/26/4 1316/27/4 1315/28/4
f 1318/29/4 1317/25/4 1321/20/4
f 1308/24/4 1330/23/4 1329/30/4
f 1318/29/4 1321/20/4 1320/31/4
f 1327/32/4 1326/26/4 1315/28/4
f 1309/33/4 1308/24/4 1329/30/4
f 1327/32/4 1315/28/4 1314/34/4
f 1309/33/4 1329/30/4 1328/35/4
f 1328/35/4 1327/32/4 1314/34/4
f 1309/33/4 1328/35/4 1314/34/4
f 1309/33/4 1314/34/4 1313/36/4
f 1319/37/4 1318/29/4 1320/31/4
f 1310/38/4 1309/33/4 1313/36/4
f 1310/38/4 1313/36/4 1312/39/4
f 1311/40/4 1310/38/4 1312/39/4
f 1307/17/4 1346/41/4 1347/42/4
f 1307/17/4 1345/43/4 1346/41/4
f 1307/17/4 1349/44/4 1345/43/4
f 1307/17/4 1355/45/4 1349/44/4
f 1308/24/4 1355/45/4 1307/17/4
f 1332/46/4 1355/45/4 1308/24/4
f 1332/46/4 1354/47/4 1355/45/4
f 1349/44/4 1341/48/4 1345/43/4
f 1350/49/4 1340/50/4 1349/44/4
f 1340/50/4 1341/48/4 1349/44/4
f 1350/49/4 1339/51/4 1340/50/4
f 1342/52/4 1345/43/4 1341/48/4
f 1332/46/4 1353/53/4 1354/47/4
f 1351/54/4 1339/51/4 1350/49/4
f 1333/55/4 1353/53/4 1332/46/4
f 1351/54/4 1338/56/4 1339/51/4
f 1333/55/4 1352/57/4 1353/53/4
f 1352/57/4 1338/56/4 1351/54/4
f 1333/55/4 1338/56/4 1352/57/4
f 1343/58/4 1345/43/4 1342/52/4
f 1333/55/4 1337/59/4 1338/56/4
f 1334/60/4 1337/59/4 1333/55/4
f 1343/58/4 1344/61/4 1345/43/4
f 1334/60/4 1336/62/4 1337/59/4
f 1335/63/4 1336/62/4 1334/60/4
f 1356/64/2 1371/65/2 1372/66/2
f 1356/64/2 1370/67/2 1371/65/2
f 1356/64/2 1374/68/2 1370/67/2
f 1356/64/2 1380/69/2 1374/68/2
f 1356/64/2 1379/70/2 1380/69/2
f 1357/71/2 1379/70/2 1356/64/2
f 1374/68/2 1366/72/2 1370/67/2
f 1375/73/2 1365/74/2 1374/68/2
f 1365/74/2 1366/72/2 1374/68/2
f 1375/73/2 1364/75/2 1365/74/2
f 1367/76/2 1370/67/2 1366/72/2
f 1357/71/2 1378/77/2 1379/70/2
f 1367/76/2 1369/78/2 1370/67/2
f 1376/79/2 1364/75/2 1375/73/2
f 1358/80/2 1378/77/2 1357/71/2
f 1376/79/2 1363/81/2 1364/75/2
f 1358/80/2 1377/82/2 1378/77/2
f 1377/82/2 1363/81/2 1376/79/2
f 1358/80/2 1363/81/2 1377/82/2
f 1358/80/2 1362/83/2 1363/81/2
f 1368/84/2 1369/78/2 1367/76/2
f 1359/85/2 1362/83/2 1358/80/2
f 1359/85/2 1361/86/2 1362/83/2
f 1360/87/2 1361/86/2 1359/85/2
f 1356/64/2 1396/88/2 1395/89/2
f 1356/64/2 1395/89/2 1394/90/2
f 1356/64/2 1394/90/2 1398/91/2
f 1356/64/2 1398/91/2 1404/92/2
f 1357/71/2 1356/64/2 1404/92/2
f 1381/93/2 1357/71/2 1404/92/2
f 1381/93/2 1404/92/2 1403/94/2
f 1398/91/2 1394/90/2 1390/95/2
f 1399/96/2 1398/91/2 1389/97/2
f 1389/97/2 1398/91/2 1390/95/2
f 1399/96/2 1389/97/2 1388/98/2
f 1391/99/2 1390/95/2 1394/90/2
f 1381/93/2 1403/94/2 1402/100/2
f 1400/101/2 1399/96/2 1388/98/2
f 1382/102/2 1381/93/2 1402/100/2
f 1400/101/2 1388/98/2 1387/103/2
f 1382/102/2 1402/100/2 1401/104/2
f 1401/104/2 1400/101/2 1387/103/2
f 1382/102/2 1401/104/2 1387/103/2
f 1392/105/2 1391/99/2 1394/90/2
f 1382/102/2 1387/103/2 1386/106/2
f 1383/107/2 1382/102/2 1386/106/2
f 1392/105/2 1394/90/2 1393/108/2
f 1383/107/2 1386/106/2 1385/109/2
f 1384/110/2 1383/107/2 1385/109/2
f 1360/87/2 1384/110/2 1385/109/2
f 1361/86/2 1360/87/2 1385/109/2
f 1345/111/380 1394/112/380 1396/113/380
f 1347/272/356 1356/271/356 1323/118/356
f 1372/116/357 1322/117/357 1323/118/357
f 1371/273/358 1321/121/358 1322/119/358
f 1321/121/359 1369/122/359 1320/123/359
f 1369/274/28 1319/126/28 1320/124/28
f 1368/127/360 1318/128/360 1319/129/360
f 1367/275/361 1317/131/361 1318/128/361
f 1317/132/25 1365/133/25 1316/134/25
f 1316/134/24 1364/277/24 1315/119/24
f 1315/135/23 1363/136/23 1314/137/23
f 1363/138/22 1313/139/22 1314/140/22
f 1313/139/362 1361/279/362 1312/142/362
f 1312/142/363 1385/143/363 1336/144/363
f 1337/145/364 1385/143/364 1386/146/364
f 1337/145/18 1387/147/18 1338/148/18
f 1339/149/17 1387/136/17 1388/150/17
f 1340/151/16 1388/152/16 1389/153/16
f 1340/151/15 1390/154/15 1341/132/15
f 1341/155/365 1391/156/365 1342/157/365
f 1342/157/366 1392/158/366 1343/159/366
f 1344/162/12 1392/164/12 1393/161/12
f 1349/158/367 1404/712/367 1398/159/367
f 1349/164/47 1399/165/47 1350/166/47
f 1350/131/48 1400/168/48 1351/167/48
f 1351/167/49 1401/170/49 1352/169/49
f 1353/171/50 1401/172/50 1402/173/50
f 1354/174/368 1402/173/368 1403/175/368
f 1355/176/369 1403/175/369 1404/177/369
f 1308/283/370 1381/180/370 1332/178/370
f 1358/181/371 1308/182/371 1309/183/371
f 1359/113/42 1309/183/42 1310/184/42
f 1360/185/372 1310/147/372 1311/186/372
f 1335/188/373 1360/185/373 1311/186/373
f 1334/179/374 1384/187/374 1335/188/374
f 1333/189/38 1383/123/38 1334/190/38
f 1332/191/375 1382/192/375 1333/189/375
f 1379/135/376 1329/193/376 1330/194/376
f 1380/195/377 1330/155/377 1331/196/377
f 1374/197/378 1331/196/378 1325/166/378
f 1375/150/30 1325/198/30 1326/149/30
f 1376/202/31 1326/201/31 1327/199/31
f 1328/172/32 1376/202/32 1327/199/32
f 1378/203/33 1328/204/33 1329/193/33
f 1406/205/3 1421/206/3 1419/207/3
f 1418/208/4 1427/209/4 1425/210/4
f 1420/211/6 1414/212/6 1426/213/6
f 1407/214/2 1416/215/2 1410/216/2
f 1413/205/1 1428/206/1 1415/217/1
f 1405/218/2 1407/214/2 1433/219/2
f 1408/220/2 1410/216/2 1431/221/2
f 1411/222/2 1435/223/2 1412/224/2
f 1414/225/2 1416/215/2 1429/226/2
f 1417/227/4 1434/228/4 1418/208/4
f 1420/229/4 1422/230/4 1432/231/4
f 1423/232/4 1425/210/4 1436/233/4
f 1426/234/4 1430/235/4 1427/209/4
f 1412/224/2 1405/218/2 1411/222/2
f 1407/214/2 1408/220/2 1406/236/2
f 1410/216/2 1414/225/2 1409/237/2
f 1416/215/2 1413/238/2 1415/239/2
f 1424/207/53 1435/240/53 1436/241/53
f 1429/242/54 1428/206/54 1430/243/54
f 1428/244/4 1425/210/4 1427/209/4
f 1418/208/4 1423/232/4 1417/227/4
f 1427/209/4 1420/229/4 1426/234/4
f 1422/230/4 1419/245/4 1421/246/4
f 1433/240/51 1419/207/51 1434/241/51
f 1421/206/52 1431/242/52 1432/243/52
f 1405/269/5 1423/213/5 1411/212/5
f 1429/242/56 1426/247/56 1414/248/56
f 1432/243/55 1409/248/55 1420/247/55
f 1433/240/58 1417/250/58 1405/249/58
f 1436/241/57 1411/249/57 1423/250/57
f 1435/223/2 1413/238/2 1412/224/2
f 1416/215/2 1415/239/2 1429/226/2
f 1410/216/2 1409/237/2 1431/221/2
f 1407/214/2 1406/236/2 1433/219/2
f 1434/228/4 1419/245/4 1418/208/4
f 1422/230/4 1421/246/4 1432/231/4
f 1430/235/4 1428/244/4 1427/209/4
f 1425/210/4 1424/251/4 1436/233/4
f 1439/252/2 1438/253/2 1437/254/2
f 1443/255/1 1440/256/1 1439/257/1
f 1443/258/4 1442/259/4 1444/260/4
f 1437/261/60 1442/257/60 1441/262/60
f 1437/263/5 1443/264/5 1439/265/5
f 1442/266/6 1440/267/6 1444/268/6
f 1461/206/1 1446/205/1 1459/207/1
f 1467/209/4 1458/208/4 1465/210/4
f 1454/212/6 1460/211/6 1466/213/6
f 1447/214/2 1456/215/2 1452/224/2
f 1453/205/3 1468/206/3 1464/207/3
f 1445/218/2 1473/219/2 1447/214/2
f 1448/220/2 1471/221/2 1450/216/2
f 1451/222/2 1452/224/2 1475/223/2
f 1454/225/2 1469/226/2 1456/215/2
f 1457/227/4 1458/208/4 1474/228/4
f 1460/229/4 1472/231/4 1462/230/4
f 1463/232/4 1476/233/4 1465/210/4
f 1466/234/4 1467/209/4 1470/235/4
f 1445/218/2 1452/224/2 1451/222/2
f 1448/220/2 1447/214/2 1446/236/2
f 1454/225/2 1450/216/2 1449/237/2
f 1453/238/2 1456/215/2 1455/239/2
f 1475/240/51 1464/207/51 1476/241/51
f 1469/242/52 1468/206/52 1455/217/52
f 1465/210/4 1468/244/4 1467/209/4
f 1457/227/4 1465/210/4 1458/208/4
f 1460/229/4 1467/209/4 1466/234/4
f 1459/245/4 1462/230/4 1461/246/4
f 1473/240/53 1459/207/53 1446/205/53
f 1471/242/54 1461/206/54 1472/243/54
f 1463/213/5 1445/269/5 1451/212/5
f 1466/247/55 1469/242/55 1454/248/55
f 1460/247/56 1471/242/56 1472/243/56
f 1457/250/57 1473/240/57 1445/249/57
f 1451/249/58 1476/241/58 1463/250/58
f 1475/223/2 1452/224/2 1453/238/2
f 1456/215/2 1469/226/2 1455/239/2
f 1450/216/2 1471/221/2 1449/237/2
f 1447/214/2 1473/219/2 1446/236/2
f 1474/228/4 1458/208/4 1459/245/4
f 1462/230/4 1472/231/4 1461/246/4
f 1470/235/4 1467/209/4 1468/244/4
f 1465/210/4 1476/233/4 1464/251/4
f 1478/253/2 1479/252/2 1477/254/2
f 1480/256/3 1483/255/3 1479/257/3
f 1483/258/4 1482/259/4 1481/270/4
f 1482/257/59 1477/261/59 1481/262/59
f 1483/264/5 1477/263/5 1479/265/5
f 1480/267/6 1482/266/6 1484/268/6
f 1157/188/373 1311/186/373 1133/186/373
f 1134/142/363 1336/144/363 1158/144/363
f 1133/186/381 1312/142/381 1134/142/381
f 1336/144/382 1157/188/382 1158/144/382
f 1489/284/2 1496/285/2 1497/291/2
f 1488/288/1 1491/287/1 1487/289/1
f 1490/290/2 1497/291/2 1498/347/2
f 1489/292/88 1486/293/88 1485/348/88
f 1491/295/5 1485/287/5 1487/296/5
f 1488/298/6 1490/297/6 1492/299/6
f 1490/290/2 1495/306/2 1492/296/2
f 1492/296/2 1496/285/2 1491/286/2
f 1486/304/70 1494/300/70 1493/349/70
f 1500/309/124 1501/308/124 1499/310/124
f 1519/284/2 1525/285/2 1521/286/2
f 1520/290/2 1526/291/2 1519/284/2
f 1519/292/1 1518/293/1 1520/294/1
f 1524/306/2 1520/290/2 1522/296/2
f 1525/285/2 1522/296/2 1521/286/2
f 1532/313/74 1531/314/74 1530/311/74
f 1538/327/81 1537/328/81 1536/325/81
f 1545/305/71 1557/307/71 1556/301/71
f 1577/308/80 1576/309/80 1575/310/80
f 1579/311/81 1578/312/81 1577/308/81
f 1581/313/82 1580/314/82 1579/311/82
f 1581/313/83 1584/318/83 1582/316/83
f 1585/317/134 1584/318/134 1583/315/134
f 1587/319/114 1586/320/114 1585/317/114
f 1592/327/136 1591/328/136 1590/325/136
f 1604/314/101 1605/313/101 1603/311/101
f 1606/316/102 1607/315/102 1605/313/102
f 1608/318/103 1609/317/103 1607/315/103
f 1610/320/383 1611/319/383 1609/317/383
f 1612/322/384 1613/323/384 1611/319/384
f 1614/321/385 1615/326/385 1613/323/385
f 1616/324/124 1617/325/124 1615/326/124
f 1618/328/125 1619/327/125 1617/325/125
f 1620/330/93 1621/329/93 1619/327/93
f 1622/332/94 1623/331/94 1621/329/94
f 1626/342/97 1627/341/97 1625/336/97
f 1628/343/98 1601/310/98 1627/341/98
f 1663/478/206 1669/477/206 1662/479/206
f 1668/494/223 1670/497/223 1663/478/223
f 1684/517/3 1685/516/3 1683/514/3
f 1715/392/205 1714/652/205 1713/390/205
f 1717/395/153 1716/394/153 1715/392/153
f 1724/412/161 1723/413/161 1722/410/161
f 1741/465/194 1723/429/194 1725/451/194
f 1747/503/261 1750/506/261 1748/704/261
f 1751/505/209 1750/506/209 1749/507/209
f 1753/508/210 1752/509/210 1751/505/210
f 1762/535/270 1761/536/270 1760/530/270
f 1767/560/231 1751/561/231 1749/534/231
f 1773/564/233 1758/565/233 1757/543/233
f 1746/549/234 1766/566/234 1747/533/234
f 1747/533/241 1767/560/241 1749/534/241
f 1790/569/217 1781/590/217 1782/571/217
f 1786/591/211 1778/590/211 1779/589/211
f 1791/592/218 1782/571/218 1783/570/218
f 1794/693/264 1795/692/264 1793/357/264
f 1796/694/263 1797/361/263 1795/695/263
f 1808/392/205 1807/652/205 1806/390/205
f 1815/409/308 1814/653/308 1813/405/308
f 1836/468/352 1814/442/352 1816/441/352
f 1838/455/161 1845/454/161 1837/456/161
f 1842/670/156 1833/669/156 1834/483/156
f 1844/671/308 1835/496/308 1836/672/308
f 1849/503/261 1852/506/261 1850/704/261
f 1853/561/353 1864/551/353 1854/553/353
f 1882/688/222 1871/687/222 1872/612/222
f 1911/478/206 1920/477/206 1910/479/206
f 1915/484/1 1924/489/1 1916/490/1
f 1933/517/3 1934/516/3 1932/514/3
f 1933/540/349 1950/580/349 1935/563/349
f 1935/563/350 1951/583/350 1936/556/350
f 1953/570/162 1963/599/162 1954/600/162
f 1954/600/163 1964/605/163 1955/606/163
f 1945/606/152 1957/599/152 1946/600/152
f 1946/600/205 1958/592/205 1947/570/205
f 2/1/1 4/2854/1 3/2/1
f 4/4/2 8/2855/2 7/5/2
f 8/3/3 6/2/3 5/7/3
f 6/9/4 2/2856/4 1/10/4
f 7/12/5 5/2857/5 1/13/5
f 4/14/6 2/13/6 6/15/6
f 98/113/1259 49/2858/1259 48/2859/1259
f 47/111/1260 46/197/1260 95/2860/1260
f 98/113/1261 48/2859/1261 47/111/1261
f 96/112/2 97/711/2 98/113/2
f 47/111/1260 95/2860/1260 96/112/1260
f 9/114/6 49/272/6 98/115/6
f 98/115/1262 58/271/1262 74/116/1262
f 74/116/1263 25/118/1263 9/114/1263
f 74/116/61 73/138/61 24/117/61
f 24/119/10 73/273/10 72/120/10
f 23/121/11 72/120/11 71/122/11
f 22/124/12 71/274/12 70/125/12
f 70/127/13 69/275/13 20/128/13
f 20/128/14 69/275/14 68/130/14
f 19/132/15 68/276/15 67/133/15
f 67/133/16 66/277/16 17/119/16
f 17/135/17 66/278/17 65/136/17
f 65/138/18 64/141/18 15/139/18
f 64/141/19 63/279/19 14/142/19
f 14/142/20 63/279/20 87/143/20
f 39/145/21 38/144/21 87/143/21
f 39/145/22 88/146/22 89/147/22
f 41/149/23 40/280/23 89/136/23
f 42/151/24 41/281/24 90/152/24
f 42/151/25 91/153/25 92/154/25
f 43/155/26 92/2861/26 93/156/26
f 44/157/27 93/156/27 94/158/27
f 45/160/28 94/164/28 95/161/28
f 57/163/29 106/712/29 100/159/29
f 51/164/30 100/160/30 101/165/30
f 53/167/31 52/131/31 101/130/31
f 54/169/32 53/167/32 102/168/32
f 55/171/33 54/282/33 103/172/33
f 56/174/34 55/171/34 104/173/34
f 57/176/63 56/174/63 105/175/63
f 34/178/36 10/283/36 59/179/36
f 60/181/37 59/2862/37 10/182/37
f 61/113/38 60/181/38 11/183/38
f 62/185/39 61/148/39 12/147/39
f 13/186/40 37/188/40 86/187/40
f 36/179/64 85/283/64 86/187/64
f 35/189/42 84/192/42 85/123/42
f 34/191/43 83/2862/43 84/192/43
f 81/135/44 80/203/44 31/193/44
f 82/195/45 81/2861/45 32/155/45
f 76/197/46 82/195/46 33/196/46
f 77/150/47 76/2863/47 27/198/47
f 29/199/48 78/202/48 77/200/48
f 30/172/49 79/282/49 78/202/49
f 80/203/50 79/2864/50 30/204/50
f 108/205/1 110/217/1 123/206/1
f 120/208/2 124/230/2 129/209/2
f 122/211/6 111/269/6 116/212/6
f 109/214/4 114/224/4 118/215/4
f 115/205/3 126/207/3 130/206/3
f 114/224/4 109/214/4 107/218/4
f 109/214/4 112/216/4 110/220/4
f 112/216/4 118/215/4 116/225/4
f 118/215/4 114/224/4 115/238/4
f 126/207/51 115/205/51 137/240/51
f 131/242/65 117/217/65 130/206/65
f 130/244/2 126/251/2 127/210/2
f 119/227/2 120/208/2 127/210/2
f 129/209/2 124/230/2 122/229/2
f 124/230/2 120/208/2 121/245/2
f 108/205/53 121/207/53 136/241/53
f 123/206/54 110/217/54 133/242/54
f 113/212/5 107/269/5 119/211/5
f 131/242/55 132/243/55 128/247/55
f 134/243/56 133/242/56 111/248/56
f 107/249/57 135/240/57 136/241/57
f 138/241/58 137/240/58 113/249/58
f 141/252/4 142/2865/4 140/253/4
f 145/255/3 146/2866/3 142/256/3
f 145/258/2 143/270/2 144/259/2
f 139/261/59 140/2867/59 144/257/59
f 139/263/5 143/2868/5 145/264/5
f 144/266/6 140/2869/6 142/267/6
f 163/206/3 150/217/3 148/205/3
f 169/209/2 164/230/2 160/208/2
f 156/212/6 151/269/6 162/211/6
f 149/214/4 152/216/4 158/215/4
f 157/217/1 170/206/1 166/207/1
f 147/218/4 149/214/4 154/224/4
f 150/220/4 152/216/4 149/214/4
f 156/225/4 158/215/4 152/216/4
f 155/238/4 154/224/4 158/215/4
f 177/240/53 155/205/53 166/207/53
f 171/242/54 172/243/54 170/206/54
f 167/210/2 166/251/2 170/244/2
f 159/227/2 165/232/2 167/210/2
f 162/229/2 164/230/2 169/209/2
f 161/245/2 160/208/2 164/230/2
f 176/241/51 161/207/51 148/205/51
f 173/242/52 150/217/52 163/206/52
f 153/212/5 165/213/5 159/211/5
f 168/247/56 172/243/56 171/242/56
f 151/248/55 173/242/55 174/243/55
f 159/250/58 176/241/58 175/240/58
f 153/249/57 177/240/57 178/241/57
f 180/253/4 182/2865/4 181/252/4
f 182/256/1 186/2866/1 185/255/1
f 185/258/2 186/260/2 184/259/2
f 184/257/60 180/2867/60 179/261/60
f 185/264/5 183/2868/5 179/263/5
f 182/267/6 180/2869/6 184/266/6
f 226/2859/1259 227/2858/1259 276/113/1259
f 276/113/4 275/711/4 274/112/4
f 274/112/1260 273/2860/1260 224/197/1260
f 225/111/1264 226/2859/1264 276/113/1264
f 274/112/1260 224/197/1260 225/111/1260
f 227/272/1262 187/114/1262 203/118/1262
f 203/118/1263 252/116/1263 236/271/1263
f 236/271/6 276/115/6 227/272/6
f 203/118/61 202/117/61 251/138/61
f 202/119/10 201/121/10 250/120/10
f 201/121/11 200/123/11 249/122/11
f 199/126/12 248/125/12 249/274/12
f 198/128/13 247/275/13 248/127/13
f 197/131/14 246/130/14 247/275/14
f 197/132/15 196/134/15 245/133/15
f 196/134/16 195/119/16 244/277/16
f 195/135/17 194/137/17 243/136/17
f 193/139/18 242/141/18 243/138/18
f 193/139/19 192/142/19 241/279/19
f 216/144/20 265/143/20 241/279/20
f 266/146/21 265/143/21 216/144/21
f 267/147/22 266/146/22 217/145/22
f 219/149/23 268/150/23 267/136/23
f 220/151/24 269/153/24 268/152/24
f 270/154/25 269/153/25 220/151/25
f 271/156/26 270/2861/26 221/155/26
f 272/158/27 271/156/27 222/157/27
f 224/162/28 273/161/28 272/164/28
f 278/159/29 284/712/29 235/163/29
f 279/165/30 278/160/30 229/164/30
f 280/168/31 279/130/31 230/131/31
f 281/170/32 280/168/32 231/167/32
f 233/171/33 282/173/33 281/172/33
f 234/174/34 283/175/34 282/173/34
f 235/176/63 284/177/63 283/175/63
f 261/180/36 237/179/36 188/283/36
f 188/182/37 237/2862/37 238/181/37
f 189/183/38 238/181/38 239/113/38
f 190/147/39 239/148/39 240/185/39
f 191/186/40 240/185/40 264/187/40
f 264/187/64 263/283/64 214/179/64
f 263/123/42 262/192/42 213/189/42
f 262/192/43 261/2862/43 212/191/43
f 209/193/44 258/203/44 259/135/44
f 210/155/45 259/2861/45 260/195/45
f 211/196/46 260/195/46 254/197/46
f 205/198/47 254/2863/47 255/150/47
f 207/199/48 206/201/48 255/200/48
f 207/199/49 256/202/49 257/282/49
f 208/204/50 257/2864/50 258/203/50
f 301/206/1 288/217/1 286/205/1
f 307/209/4 302/230/4 298/208/4
f 306/213/6 294/212/6 289/269/6
f 287/214/2 290/216/2 296/215/2
f 293/205/3 295/217/3 308/206/3
f 285/218/2 287/214/2 292/224/2
f 288/220/2 290/216/2 287/214/2
f 294/225/2 296/215/2 290/216/2
f 293/238/2 292/224/2 296/215/2
f 315/240/51 293/205/51 304/207/51
f 309/242/52 310/243/52 308/206/52
f 305/210/4 304/251/4 308/244/4
f 303/232/4 305/210/4 298/208/4
f 300/229/4 302/230/4 307/209/4
f 299/245/4 298/208/4 302/230/4
f 313/240/53 314/241/53 299/207/53
f 311/242/54 288/217/54 301/206/54
f 303/213/5 297/211/5 285/269/5
f 306/247/55 310/243/55 309/242/55
f 289/248/56 311/242/56 312/243/56
f 285/249/57 297/250/57 314/241/57
f 291/249/58 315/240/58 316/241/58
f 318/253/2 320/2865/2 319/252/2
f 320/256/3 324/2866/3 323/255/3
f 323/258/4 324/260/4 322/259/4
f 322/257/59 318/2867/59 317/261/59
f 323/264/5 321/2868/5 317/263/5
f 320/267/6 318/2869/6 322/266/6
f 326/205/3 328/217/3 341/206/3
f 338/208/4 342/230/4 347/209/4
f 340/211/6 329/269/6 334/212/6
f 327/214/2 332/224/2 336/215/2
f 333/205/1 344/207/1 348/206/1
f 332/224/2 327/214/2 325/218/2
f 327/214/2 330/216/2 328/220/2
f 330/216/2 336/215/2 334/225/2
f 336/215/2 332/224/2 333/238/2
f 344/207/53 333/205/53 355/240/53
f 349/242/54 335/217/54 348/206/54
f 348/244/4 344/251/4 345/210/4
f 338/208/4 345/210/4 343/232/4
f 347/209/4 342/230/4 340/229/4
f 342/230/4 338/208/4 339/245/4
f 326/205/51 339/207/51 354/241/51
f 341/206/52 328/217/52 351/242/52
f 325/269/5 337/211/5 343/213/5
f 349/242/56 350/243/56 346/247/56
f 340/247/55 352/243/55 351/242/55
f 353/240/58 354/241/58 337/250/58
f 356/241/57 355/240/57 331/249/57
f 359/252/2 360/2865/2 358/253/2
f 363/255/1 364/2866/1 360/256/1
f 363/258/4 361/270/4 362/259/4
f 357/261/60 358/2867/60 362/257/60
f 357/263/5 361/2868/5 363/264/5
f 362/266/6 358/2869/6 360/267/6
f 191/186/40 215/188/40 37/188/40
f 216/144/20 192/142/20 14/142/20
f 192/142/66 191/40/66 13/186/66
f 37/188/67 215/63/67 216/144/67
f 367/284/2 374/291/2 373/285/2
f 1547/287/3 369/2870/3 1546/288/3
f 368/290/2 1550/347/2 374/291/2
f 367/292/1265 1545/348/1265 365/293/1265
f 1545/287/5 367/289/5 1547/295/5
f 368/297/6 365/2871/6 1546/298/6
f 1549/300/1266 370/307/1266 366/301/1266
f 371/303/1267 1548/349/1267 365/304/1267
f 372/306/2 1550/347/2 368/290/2
f 373/285/2 372/306/2 369/296/2
f 365/304/70 1548/349/70 1549/300/70
f 370/307/71 371/303/71 1545/305/71
f 377/308/72 378/312/72 376/309/72
f 379/311/73 1551/314/73 378/312/73
f 380/313/74 381/316/74 1551/314/74
f 382/315/75 383/318/75 381/316/75
f 1552/317/76 384/320/76 383/318/76
f 385/319/77 1553/322/77 384/320/77
f 385/319/78 386/323/78 387/321/78
f 386/323/79 388/326/79 1554/324/79
f 389/325/80 390/328/80 1554/324/80
f 391/327/81 392/330/81 390/328/81
f 393/329/82 394/332/82 392/330/82
f 395/331/83 396/2872/83 394/332/83
f 397/333/84 398/337/84 396/334/84
f 399/336/85 400/342/85 398/337/85
f 376/340/6 378/2873/6 1551/352/6
f 1551/352/6 381/2874/6 383/2875/6
f 383/2875/6 384/2876/6 1553/351/6
f 1553/351/6 387/2877/6 1554/338/6
f 1554/338/6 390/2878/6 392/350/6
f 392/350/6 394/2879/6 396/339/6
f 396/339/6 398/2880/6 400/2881/6
f 400/2881/6 1555/2882/6 376/340/6
f 376/340/6 1551/352/6 383/2875/6
f 383/2875/6 1553/351/6 1554/338/6
f 1554/338/6 392/350/6 396/339/6
f 396/339/6 400/2881/6 376/340/6
f 376/340/6 383/2875/6 1554/338/6
f 401/341/86 1555/343/86 400/342/86
f 375/310/87 376/309/87 1555/343/87
f 377/346/5 375/2883/5 401/355/5
f 401/355/5 399/2884/5 397/2885/5
f 397/2885/5 395/2886/5 393/354/5
f 393/354/5 391/2887/5 389/344/5
f 389/344/5 388/2888/5 386/353/5
f 386/353/5 385/2889/5 1552/345/5
f 1552/345/5 382/2890/5 380/2891/5
f 380/2891/5 379/2892/5 377/346/5
f 377/346/5 401/355/5 397/2885/5
f 397/2885/5 393/354/5 389/344/5
f 389/344/5 386/353/5 1552/345/5
f 1552/345/5 380/2891/5 377/346/5
f 377/346/5 397/2885/5 389/344/5
f 404/284/2 406/286/2 410/285/2
f 403/288/1 407/2870/1 406/287/1
f 405/290/2 404/284/2 411/291/2
f 404/292/3 405/294/3 402/293/3
f 406/295/5 404/289/5 1545/287/5
f 403/298/6 402/2871/6 405/297/6
f 1556/301/1268 1557/307/1268 1559/300/1268
f 402/304/1269 408/349/1269 1558/303/1269
f 405/290/2 1560/347/2 409/306/2
f 407/296/2 409/306/2 410/285/2
f 402/304/70 403/302/70 1559/300/70
f 413/309/91 1561/312/91 414/308/91
f 414/308/92 1561/312/92 416/314/92
f 416/314/93 1562/316/93 417/313/93
f 1562/316/94 419/318/94 418/315/94
f 419/318/95 1563/320/95 420/317/95
f 1563/320/96 1565/322/96 1564/319/96
f 1565/322/97 421/321/97 1566/323/97
f 421/321/98 423/324/98 422/326/98
f 422/326/99 423/324/99 425/328/99
f 425/328/100 427/330/100 426/327/100
f 427/330/101 429/332/101 428/329/101
f 429/332/102 431/2872/102 430/331/102
f 431/334/103 433/337/103 432/333/103
f 433/337/104 434/342/104 1567/336/104
f 416/352/6 1561/2873/6 413/340/6
f 413/340/6 1568/2882/6 434/2881/6
f 434/2881/6 433/2880/6 431/339/6
f 431/339/6 429/2879/6 427/350/6
f 427/350/6 425/2878/6 423/338/6
f 423/338/6 421/2877/6 1565/351/6
f 1565/351/6 1563/2876/6 419/2875/6
f 419/2875/6 1562/2874/6 416/352/6
f 416/352/6 413/340/6 434/2881/6
f 434/2881/6 431/339/6 427/350/6
f 427/350/6 423/338/6 1565/351/6
f 1565/351/6 419/2875/6 416/352/6
f 416/352/6 434/2881/6 427/350/6
f 434/342/105 1568/343/105 435/341/105
f 1568/343/106 413/309/106 412/310/106
f 435/355/5 412/2883/5 414/346/5
f 414/346/5 415/2892/5 417/2891/5
f 417/2891/5 418/2890/5 420/345/5
f 420/345/5 1564/2889/5 1566/353/5
f 1566/353/5 422/2888/5 424/344/5
f 424/344/5 426/2887/5 428/354/5
f 428/354/5 430/2886/5 432/2885/5
f 432/2885/5 1567/2884/5 435/355/5
f 435/355/5 414/346/5 417/2891/5
f 417/2891/5 420/345/5 1566/353/5
f 1566/353/5 424/344/5 428/354/5
f 428/354/5 432/2885/5 435/355/5
f 435/355/5 417/2891/5 1566/353/5
f 1487/301/1268 436/307/1268 1494/300/1268
f 1486/304/1270 1493/349/1270 437/303/1270
f 1485/305/71 437/303/71 436/307/71
f 1502/312/125 438/314/125 1503/311/125
f 438/314/93 439/316/93 1504/313/93
f 439/316/94 440/318/94 1505/315/94
f 440/318/95 441/320/95 1506/317/95
f 441/320/96 442/322/96 1507/319/96
f 442/322/97 1508/321/97 443/323/97
f 1508/321/98 444/324/98 1509/326/98
f 444/324/99 445/328/99 1510/325/99
f 445/328/100 446/330/100 1511/327/100
f 446/330/101 448/332/101 447/329/101
f 448/332/102 1513/2872/102 1512/331/102
f 1513/334/109 449/337/109 1514/333/109
f 449/337/104 1516/342/104 1515/336/104
f 438/352/6 1502/2873/6 1500/340/6
f 1500/340/6 450/2882/6 1516/2881/6
f 1516/2881/6 449/2880/6 1513/339/6
f 1513/339/6 448/2879/6 446/350/6
f 446/350/6 445/2878/6 444/338/6
f 444/338/6 1508/2877/6 442/351/6
f 442/351/6 441/2876/6 440/2875/6
f 440/2875/6 439/2874/6 438/352/6
f 438/352/6 1500/340/6 1516/2881/6
f 1516/2881/6 1513/339/6 446/350/6
f 446/350/6 444/338/6 442/351/6
f 442/351/6 440/2875/6 438/352/6
f 438/352/6 1516/2881/6 446/350/6
f 1516/342/105 450/343/105 1517/341/105
f 450/343/106 1500/309/106 1499/310/106
f 1517/355/5 1499/2883/5 1501/346/5
f 1501/346/5 1503/2892/5 1504/2891/5
f 1504/2891/5 1505/2890/5 1506/345/5
f 1506/345/5 1507/2889/5 443/353/5
f 443/353/5 1509/2888/5 1510/344/5
f 1510/344/5 1511/2887/5 447/354/5
f 447/354/5 1512/2886/5 1514/2885/5
f 1514/2885/5 1515/2884/5 1517/355/5
f 1517/355/5 1501/346/5 1504/2891/5
f 1504/2891/5 1506/345/5 443/353/5
f 443/353/5 1510/344/5 447/354/5
f 447/354/5 1514/2885/5 1517/355/5
f 1517/355/5 1504/2891/5 443/353/5
f 1521/287/3 1522/2870/3 452/288/3
f 1485/287/5 1519/289/5 1521/295/5
f 1520/297/6 1518/2871/6 452/298/6
f 455/300/1266 453/307/1266 451/301/1266
f 454/303/1271 1523/349/1271 1518/304/1271
f 1518/304/70 1523/349/70 455/300/70
f 453/307/71 454/303/71 1485/305/71
f 1529/308/72 457/312/72 456/309/72
f 1529/308/73 1530/311/73 1531/314/73
f 458/315/75 459/318/75 1533/316/75
f 460/317/111 461/320/111 459/318/111
f 462/319/77 463/322/77 461/320/77
f 1534/323/78 1535/321/78 463/322/78
f 464/326/112 465/324/112 1535/321/112
f 464/326/80 1536/325/80 1537/328/80
f 1540/329/82 466/332/82 1539/330/82
f 1541/331/83 1542/2872/83 466/332/83
f 1543/333/113 467/337/113 1542/334/113
f 468/336/114 469/342/114 467/337/114
f 456/340/6 457/2873/6 1531/352/6
f 1531/352/6 1533/2874/6 459/2875/6
f 459/2875/6 461/2876/6 463/351/6
f 463/351/6 1535/2877/6 465/338/6
f 465/338/6 1537/2878/6 1539/350/6
f 1539/350/6 466/2879/6 1542/339/6
f 1542/339/6 467/2880/6 469/2881/6
f 469/2881/6 470/2882/6 456/340/6
f 456/340/6 1531/352/6 459/2875/6
f 459/2875/6 463/351/6 465/338/6
f 465/338/6 1539/350/6 1542/339/6
f 1542/339/6 469/2881/6 456/340/6
f 456/340/6 459/2875/6 465/338/6
f 1544/341/115 470/343/115 469/342/115
f 1528/310/116 456/309/116 470/343/116
f 1529/346/5 1528/2883/5 1544/355/5
f 1544/355/5 468/2884/5 1543/2885/5
f 1543/2885/5 1541/2886/5 1540/354/5
f 1540/354/5 1538/2887/5 1536/344/5
f 1536/344/5 464/2888/5 1534/353/5
f 1534/353/5 462/2889/5 460/345/5
f 460/345/5 458/2890/5 1532/2891/5
f 1532/2891/5 1530/2892/5 1529/346/5
f 1529/346/5 1544/355/5 1543/2885/5
f 1543/2885/5 1540/354/5 1536/344/5
f 1536/344/5 1534/353/5 460/345/5
f 460/345/5 1532/2891/5 1529/346/5
f 1529/346/5 1543/2885/5 1536/344/5
f 1630/284/4 1631/286/4 1635/285/4
f 473/288/3 475/2870/3 1631/287/3
f 1630/284/4 478/291/4 479/347/4
f 1630/292/1 474/294/1 472/293/1
f 1631/295/5 1630/289/5 471/287/5
f 473/298/6 472/2871/6 474/297/6
f 1629/301/1272 476/307/1272 1633/300/1272
f 472/304/1273 477/349/1273 1632/303/1273
f 474/290/4 479/347/4 1634/306/4
f 475/296/4 1634/306/4 1635/285/4
f 472/304/120 473/302/120 1633/300/120
f 471/305/121 1632/303/121 476/307/121
f 1636/309/122 482/312/122 481/308/122
f 482/312/100 484/314/100 483/311/100
f 484/314/101 1637/316/101 485/313/101
f 1637/316/102 487/318/102 486/315/102
f 487/318/123 489/320/123 488/317/123
f 489/320/104 491/322/104 490/319/104
f 490/319/105 491/322/105 493/321/105
f 492/323/1274 493/321/1274 1638/324/1274
f 1638/324/124 496/328/124 495/325/124
f 496/328/125 498/330/125 497/327/125
f 498/330/93 500/332/93 499/329/93
f 500/332/94 502/2872/94 501/331/94
f 502/334/126 504/337/126 503/333/126
f 504/337/127 506/342/127 505/336/127
f 484/352/6 482/2873/6 1636/340/6
f 1636/340/6 507/2882/6 506/2881/6
f 506/2881/6 504/2880/6 502/339/6
f 502/339/6 500/2879/6 498/350/6
f 498/350/6 496/2878/6 1638/338/6
f 1638/338/6 493/2877/6 491/351/6
f 491/351/6 489/2876/6 487/2875/6
f 487/2875/6 1637/2874/6 484/352/6
f 484/352/6 1636/340/6 506/2881/6
f 506/2881/6 502/339/6 498/350/6
f 498/350/6 1638/338/6 491/351/6
f 491/351/6 487/2875/6 484/352/6
f 484/352/6 506/2881/6 498/350/6
f 506/342/97 507/343/97 1639/341/97
f 507/343/98 1636/309/98 480/310/98
f 1639/355/5 480/2883/5 481/346/5
f 481/346/5 483/2892/5 485/2891/5
f 485/2891/5 486/2890/5 488/345/5
f 488/345/5 490/2889/5 492/353/5
f 492/353/5 494/2888/5 495/344/5
f 495/344/5 497/2887/5 499/354/5
f 499/354/5 501/2886/5 503/2885/5
f 503/2885/5 505/2884/5 1639/355/5
f 1639/355/5 481/346/5 485/2891/5
f 485/2891/5 488/345/5 492/353/5
f 492/353/5 495/344/5 499/354/5
f 499/354/5 503/2885/5 1639/355/5
f 1639/355/5 485/2891/5 492/353/5
f 510/284/4 515/291/4 514/285/4
f 1641/287/1 512/2870/1 509/288/1
f 1646/347/4 515/291/4 510/284/4
f 510/292/1275 471/348/1275 508/293/1275
f 471/287/5 510/289/5 1641/295/5
f 511/297/6 508/2871/6 509/298/6
f 513/300/1276 1642/307/1276 1640/301/1276
f 1643/303/1277 1644/349/1277 508/304/1277
f 1645/306/4 1646/347/4 511/290/4
f 514/285/4 1645/306/4 512/296/4
f 508/304/120 1644/349/120 513/300/120
f 1642/307/121 1643/303/121 471/305/121
f 517/308/132 518/312/132 1647/309/132
f 519/311/133 520/314/133 518/312/133
f 521/313/82 522/316/82 520/314/82
f 523/315/83 524/318/83 522/316/83
f 523/315/134 525/317/134 526/320/134
f 527/319/114 528/322/114 526/320/114
f 1648/323/115 529/321/115 528/322/115
f 530/326/87 531/324/87 529/321/87
f 532/325/135 533/328/135 531/324/135
f 534/327/136 535/330/136 533/328/136
f 536/329/74 537/332/74 535/330/74
f 538/331/75 539/2872/75 537/332/75
f 540/333/76 541/337/76 539/334/76
f 542/336/77 543/342/77 541/337/77
f 1647/340/6 518/2873/6 520/352/6
f 520/352/6 522/2874/6 524/2875/6
f 524/2875/6 526/2876/6 528/351/6
f 528/351/6 529/2877/6 531/338/6
f 531/338/6 533/2878/6 535/350/6
f 535/350/6 537/2879/6 539/339/6
f 539/339/6 541/2880/6 543/2881/6
f 543/2881/6 545/2882/6 1647/340/6
f 1647/340/6 520/352/6 524/2875/6
f 524/2875/6 528/351/6 531/338/6
f 531/338/6 535/350/6 539/339/6
f 539/339/6 543/2881/6 1647/340/6
f 1647/340/6 524/2875/6 531/338/6
f 544/341/78 545/343/78 543/342/78
f 516/310/79 1647/309/79 545/343/79
f 517/346/5 516/2883/5 544/355/5
f 544/355/5 542/2884/5 540/2885/5
f 540/2885/5 538/2886/5 536/354/5
f 536/354/5 534/2887/5 532/344/5
f 532/344/5 530/2888/5 1648/353/5
f 1648/353/5 527/2889/5 525/345/5
f 525/345/5 523/2890/5 521/2891/5
f 521/2891/5 519/2892/5 517/346/5
f 517/346/5 544/355/5 540/2885/5
f 540/2885/5 536/354/5 532/344/5
f 532/344/5 1648/353/5 525/345/5
f 525/345/5 521/2891/5 517/346/5
f 517/346/5 540/2885/5 532/344/5
f 548/284/4 555/291/4 554/285/4
f 550/287/1 1571/2870/1 1570/288/1
f 1574/347/4 555/291/4 548/284/4
f 548/292/1275 546/348/1275 547/293/1275
f 546/287/5 548/289/5 550/295/5
f 549/297/6 547/2871/6 1570/298/6
f 1573/300/1276 551/307/1276 1569/301/1276
f 552/303/1278 1572/349/1278 547/304/1278
f 553/306/4 1574/347/4 549/290/4
f 554/285/4 553/306/4 1571/296/4
f 547/304/120 1572/349/120 1573/300/120
f 551/307/121 552/303/121 546/305/121
f 556/323/115 1589/321/115 1588/322/115
f 556/323/116 557/326/116 558/324/116
f 1590/325/135 1591/328/135 558/324/135
f 559/329/74 560/332/74 1593/330/74
f 1594/331/75 1595/2872/75 560/332/75
f 561/333/111 562/337/111 1595/334/111
f 1596/336/77 1597/342/77 562/337/77
f 1576/340/6 1578/2873/6 1580/352/6
f 1580/352/6 1582/2874/6 1584/2875/6
f 1584/2875/6 1586/2876/6 1588/351/6
f 1588/351/6 1589/2877/6 558/338/6
f 558/338/6 1591/2878/6 1593/350/6
f 1593/350/6 560/2879/6 1595/339/6
f 1595/339/6 562/2880/6 1597/2881/6
f 1597/2881/6 564/2882/6 1576/340/6
f 1576/340/6 1580/352/6 1584/2875/6
f 1584/2875/6 1588/351/6 558/338/6
f 558/338/6 1593/350/6 1595/339/6
f 1595/339/6 1597/2881/6 1576/340/6
f 1576/340/6 1584/2875/6 558/338/6
f 563/341/78 564/343/78 1597/342/78
f 563/341/79 1575/310/79 1576/309/79
f 1577/346/5 1575/2883/5 563/355/5
f 563/355/5 1596/2884/5 561/2885/5
f 561/2885/5 1594/2886/5 559/354/5
f 559/354/5 1592/2887/5 1590/344/5
f 1590/344/5 557/2888/5 556/353/5
f 556/353/5 1587/2889/5 1585/345/5
f 1585/345/5 1583/2890/5 1581/2891/5
f 1581/2891/5 1579/2892/5 1577/346/5
f 1577/346/5 563/355/5 561/2885/5
f 561/2885/5 559/354/5 1590/344/5
f 1590/344/5 556/353/5 1585/345/5
f 1585/345/5 1581/2891/5 1577/346/5
f 1577/346/5 561/2885/5 1590/344/5
f 568/284/4 570/286/4 576/285/4
f 567/288/3 571/2870/3 570/287/3
f 568/284/4 1599/291/4 1600/347/4
f 568/292/1 569/294/1 565/293/1
f 570/295/5 568/289/5 546/287/5
f 567/298/6 565/2871/6 569/297/6
f 566/301/1272 572/307/1272 574/300/1272
f 565/304/1279 1598/349/1279 573/303/1279
f 569/290/4 1600/347/4 575/306/4
f 571/296/4 575/306/4 576/285/4
f 565/304/120 567/302/120 574/300/120
f 546/305/121 573/303/121 572/307/121
f 1602/309/122 578/312/122 577/308/122
f 578/312/139 1604/314/139 1603/311/139
f 1624/334/95 580/337/95 579/333/95
f 580/337/96 1626/342/96 1625/336/96
f 1604/352/6 578/2873/6 1602/340/6
f 1602/340/6 1628/2882/6 1626/2881/6
f 1626/2881/6 580/2880/6 1624/339/6
f 1624/339/6 1622/2879/6 1620/350/6
f 1620/350/6 1618/2878/6 1616/338/6
f 1616/338/6 1614/2877/6 1612/351/6
f 1612/351/6 1610/2876/6 1608/2875/6
f 1608/2875/6 1606/2874/6 1604/352/6
f 1604/352/6 1602/340/6 1626/2881/6
f 1626/2881/6 1624/339/6 1620/350/6
f 1620/350/6 1616/338/6 1612/351/6
f 1612/351/6 1608/2875/6 1604/352/6
f 1604/352/6 1626/2881/6 1620/350/6
f 1627/355/5 1601/2883/5 577/346/5
f 577/346/5 1603/2892/5 1605/2891/5
f 1605/2891/5 1607/2890/5 1609/345/5
f 1609/345/5 1611/2889/5 1613/353/5
f 1613/353/5 1615/2888/5 1617/344/5
f 1617/344/5 1619/2887/5 1621/354/5
f 1621/354/5 1623/2886/5 579/2885/5
f 579/2885/5 1625/2884/5 1627/355/5
f 1627/355/5 577/346/5 1605/2891/5
f 1605/2891/5 1609/345/5 1613/353/5
f 1613/353/5 1617/344/5 1621/354/5
f 1621/354/5 579/2885/5 1627/355/5
f 1627/355/5 1605/2891/5 1613/353/5
f 581/356/140 1794/693/140 1793/357/140
f 1798/359/141 1799/362/141 582/360/141
f 1799/362/142 1800/2893/142 583/363/142
f 1800/364/143 585/367/143 584/365/143
f 585/367/144 587/369/144 586/368/144
f 587/369/145 589/2894/145 588/370/145
f 589/371/146 1802/696/146 1801/372/146
f 1801/372/147 1802/696/147 1803/374/147
f 1796/378/4 1794/2895/4 581/699/4
f 581/699/4 1805/2896/4 1803/376/4
f 1803/376/4 1802/2897/4 589/698/4
f 589/698/4 587/2898/4 585/377/4
f 585/377/4 1800/2899/4 1799/697/4
f 1799/697/4 1798/2900/4 1796/378/4
f 1796/378/4 581/699/4 1803/376/4
f 1803/376/4 589/698/4 585/377/4
f 585/377/4 1799/697/4 1796/378/4
f 1803/374/148 1805/700/148 1804/379/148
f 1805/380/266 581/356/266 1792/358/266
f 1804/384/2 1792/2901/2 1793/703/2
f 1793/703/2 1795/2902/2 1797/382/2
f 1797/382/2 582/2903/2 583/702/2
f 583/702/2 584/2904/2 586/383/2
f 586/383/2 588/2905/2 1801/701/2
f 1801/701/2 590/2906/2 1804/384/2
f 1804/384/2 1793/703/2 1797/382/2
f 1797/382/2 583/702/2 586/383/2
f 586/383/2 1801/701/2 1804/384/2
f 593/385/150 594/389/150 592/386/150
f 595/388/151 596/391/151 594/389/151
f 1806/390/152 1807/652/152 596/391/152
f 1808/392/153 597/395/153 598/393/153
f 597/395/154 599/398/154 600/396/154
f 601/397/155 602/400/155 600/396/155
f 1810/399/156 1811/402/156 602/400/156
f 603/401/157 1812/404/157 1811/402/157
f 604/403/3 605/406/3 1812/404/3
f 1813/405/158 1814/653/158 605/406/158
f 606/407/159 607/411/159 1816/408/159
f 608/410/160 609/413/160 607/411/160
f 1817/412/161 610/415/161 609/413/161
f 1818/414/162 1819/417/162 610/415/162
f 611/416/163 612/422/163 1819/417/163
f 1809/418/164 1832/463/164 625/419/164
f 613/421/165 614/424/165 612/422/165
f 591/423/166 592/2907/166 614/424/166
f 619/425/167 1824/448/167 603/426/167
f 622/428/168 1826/450/168 608/429/168
f 613/431/169 1829/654/169 1820/432/169
f 593/434/170 615/655/170 1821/435/170
f 617/437/171 618/657/171 601/438/171
f 621/440/172 1825/658/172 1815/441/172
f 1818/443/173 623/453/173 1828/444/173
f 1822/446/174 1823/659/174 597/447/174
f 1824/448/175 620/452/175 604/449/175
f 1826/450/176 1827/660/176 1817/451/176
f 1821/435/177 616/656/177 1806/420/177
f 601/438/178 618/657/178 619/425/178
f 1820/432/179 615/655/179 593/434/179
f 1815/441/180 1825/658/180 622/428/180
f 1828/444/181 1829/654/181 613/431/181
f 597/447/182 1823/659/182 617/437/182
f 620/452/183 621/440/183 1813/442/183
f 1817/451/184 1827/660/184 623/453/184
f 1806/420/185 616/656/185 1822/446/185
f 637/454/153 1840/481/153 1832/455/153
f 628/457/186 1834/467/186 1811/427/186
f 609/429/187 1837/661/187 630/458/187
f 592/433/188 1830/662/188 633/459/188
f 596/436/189 1831/466/189 624/460/189
f 1833/461/190 627/663/190 600/439/190
f 612/445/191 632/664/191 631/462/191
f 598/447/192 626/469/192 1832/463/192
f 629/464/193 628/457/193 1812/426/193
f 1838/465/194 1837/661/194 609/429/194
f 1807/420/195 625/419/195 1831/466/195
f 1834/467/196 1833/461/196 602/438/196
f 624/460/197 1830/662/197 592/433/197
f 607/430/198 630/458/198 1836/468/198
f 633/459/199 632/664/199 612/445/199
f 600/439/200 627/663/200 626/469/200
f 1835/470/201 629/464/201 605/449/201
f 631/462/202 1838/465/202 610/451/202
f 1839/2908/4 634/2909/4 635/2910/4
f 635/2910/4 636/667/4 1840/2911/4
f 1840/2911/4 637/2912/4 638/471/4
f 638/471/4 1841/666/4 1842/2913/4
f 1842/2913/4 639/2914/4 640/2915/4
f 640/2915/4 1843/2916/4 1844/2917/4
f 1844/2917/4 641/2918/4 1845/472/4
f 1845/472/4 1846/665/4 642/2919/4
f 642/2919/4 643/2920/4 1847/473/4
f 1847/473/4 1839/2908/4 635/2910/4
f 635/2910/4 1840/2911/4 638/471/4
f 638/471/4 1842/2913/4 640/2915/4
f 640/2915/4 1844/2917/4 1845/472/4
f 1845/472/4 642/2919/4 1847/473/4
f 1847/473/4 635/2910/4 638/471/4
f 638/471/4 640/2915/4 1845/472/4
f 641/474/203 1844/668/203 1836/475/203
f 638/474/154 637/454/154 626/456/154
f 1837/456/160 1845/454/160 641/474/160
f 1833/475/204 1841/668/204 638/474/204
f 634/477/150 1839/497/150 1830/478/150
f 631/480/162 642/491/162 1846/481/162
f 639/482/157 1842/670/157 1834/483/157
f 635/485/151 634/477/151 624/479/151
f 643/487/163 642/491/163 631/480/163
f 640/489/3 639/482/3 628/484/3
f 636/491/152 635/487/152 1831/488/152
f 1847/492/165 643/2921/165 632/493/165
f 1843/495/158 640/489/158 629/490/158
f 1840/481/205 636/491/205 625/480/205
f 1839/497/166 1847/492/166 633/494/166
f 646/498/206 647/502/206 645/499/206
f 1848/501/207 648/504/207 647/502/207
f 1849/503/208 1850/704/208 648/504/208
f 1853/505/209 649/509/209 1852/506/209
f 1854/508/210 650/511/210 649/509/210
f 1854/508/346 651/513/346 652/510/346
f 653/512/212 654/515/212 652/510/212
f 655/514/213 656/517/213 654/515/213
f 657/516/1 658/519/1 656/517/1
f 657/516/214 659/521/214 660/518/214
f 1855/520/215 1856/523/215 660/518/215
f 661/522/260 1857/525/260 1856/523/260
f 1858/524/217 662/527/217 1857/525/217
f 1859/526/218 1860/529/218 662/527/218
f 663/528/219 664/531/219 1860/529/219
f 665/530/220 666/536/220 664/531/220
f 685/532/221 1867/581/221 1850/533/221
f 1861/535/222 1862/538/222 666/536/222
f 644/537/223 645/2922/223 1862/538/223
f 1865/539/224 673/562/224 655/540/224
f 677/542/225 1866/564/225 1858/543/225
f 681/545/226 667/568/226 644/546/226
f 668/548/227 669/673/227 1848/549/227
f 1864/551/228 672/567/228 651/552/228
f 675/554/229 676/674/229 1855/555/229
f 679/557/230 680/675/230 665/558/230
f 671/560/231 1863/676/231 1853/561/231
f 673/562/232 674/677/232 657/563/232
f 1866/564/233 678/678/233 1859/565/233
f 1848/549/234 669/673/234 670/566/234
f 672/567/235 1865/539/235 653/541/235
f 667/568/236 668/548/236 646/550/236
f 1855/555/237 676/674/237 677/542/237
f 665/558/238 680/675/238 681/545/238
f 657/563/239 674/677/239 675/554/239
f 1859/565/240 678/678/240 679/557/240
f 1849/533/241 670/566/241 671/560/241
f 698/569/209 697/592/209 685/570/209
f 656/540/242 688/679/242 687/572/242
f 692/573/243 1870/680/243 1857/544/243
f 683/574/244 1872/582/244 1862/547/244
f 648/549/245 684/681/245 682/575/245
f 1869/576/246 686/682/246 650/553/246
f 691/577/247 690/583/247 660/556/247
f 1871/578/248 694/683/248 664/559/248
f 1868/579/249 685/532/249 1852/534/249
f 689/580/250 688/679/250 656/540/250
f 1860/565/251 693/584/251 692/573/251
f 1867/581/252 684/681/252 648/549/252
f 687/572/253 1869/576/253 652/552/253
f 682/575/254 683/574/254 645/546/254
f 1857/544/255 1870/680/255 691/577/255
f 1872/582/256 1871/578/256 666/558/256
f 650/553/257 686/682/257 1868/579/257
f 690/583/258 689/580/258 658/563/258
f 664/559/259 694/683/259 693/584/259
f 696/2923/2 695/2924/2 1873/2925/2
f 1873/2925/2 1874/686/2 697/2926/2
f 697/2926/2 698/2927/2 699/585/2
f 699/585/2 1875/685/2 700/2928/2
f 700/2928/2 1876/2929/2 701/2930/2
f 701/2930/2 1877/2931/2 702/2932/2
f 702/2932/2 1878/2933/2 1879/586/2
f 1879/586/2 703/684/2 1880/2934/2
f 1880/2934/2 1881/2935/2 1882/587/2
f 1882/587/2 696/2923/2 1873/2925/2
f 1873/2925/2 697/2926/2 699/585/2
f 699/585/2 700/2928/2 701/2930/2
f 701/2930/2 702/2932/2 1879/586/2
f 1879/586/2 1880/2934/2 1882/587/2
f 1882/587/2 1873/2925/2 699/585/2
f 699/585/2 701/2930/2 1879/586/2
f 1878/588/260 702/591/260 691/589/260
f 699/588/210 698/569/210 1868/571/210
f 1879/569/217 1878/588/217 1870/590/217
f 1875/591/211 699/588/211 686/590/211
f 703/592/218 1879/569/218 692/571/218
f 700/593/212 1875/2936/212 1869/594/212
f 695/596/206 696/611/206 683/597/206
f 1880/599/219 703/592/219 693/570/219
f 1876/601/213 700/593/213 687/595/213
f 1873/603/207 695/596/207 682/598/207
f 1881/605/220 1880/599/220 694/600/220
f 701/607/1 1876/601/1 688/602/1
f 1874/599/208 1873/605/208 684/606/208
f 1877/609/214 701/607/214 689/608/214
f 697/592/261 1874/599/261 1867/600/261
f 696/611/223 1882/688/223 1872/612/223
f 702/613/215 1877/609/215 690/610/215
f 615/2937/2 1820/2938/2 1829/2939/2
f 1829/2939/2 1828/691/2 623/2940/2
f 623/2940/2 1827/2941/2 1826/615/2
f 1826/615/2 622/690/2 1825/2942/2
f 1825/2942/2 621/2943/2 620/2944/2
f 620/2944/2 1824/2945/2 619/2946/2
f 619/2946/2 618/2947/2 617/616/2
f 617/616/2 1823/689/2 1822/2948/2
f 1822/2948/2 616/2949/2 1821/617/2
f 1821/617/2 615/2937/2 1829/2939/2
f 1829/2939/2 623/2940/2 1826/615/2
f 1826/615/2 1825/2942/2 620/2944/2
f 620/2944/2 619/2946/2 617/616/2
f 617/616/2 1822/2948/2 1821/617/2
f 1821/617/2 1829/2939/2 1826/615/2
f 1826/615/2 620/2944/2 617/616/2
f 668/2937/4 667/2938/4 681/2939/4
f 681/2939/4 680/691/4 679/2940/4
f 679/2940/4 678/2941/4 1866/615/4
f 1866/615/4 677/690/4 676/2942/4
f 676/2942/4 675/2943/4 674/2944/4
f 674/2944/4 673/2945/4 1865/2946/4
f 1865/2946/4 672/2947/4 1864/616/4
f 1864/616/4 1863/689/4 671/2948/4
f 671/2948/4 670/2949/4 669/617/4
f 669/617/4 668/2937/4 681/2939/4
f 681/2939/4 679/2940/4 1866/615/4
f 1866/615/4 676/2942/4 674/2944/4
f 674/2944/4 1865/2946/4 1864/616/4
f 1864/616/4 671/2948/4 669/617/4
f 669/617/4 681/2939/4 1866/615/4
f 1866/615/4 674/2944/4 1864/616/4
f 706/618/143 1883/622/143 705/619/143
f 707/621/142 708/625/142 1883/622/142
f 709/624/141 1884/627/141 708/625/141
f 710/626/263 711/700/263 1884/627/263
f 712/628/264 1885/632/264 711/629/264
f 1886/631/265 1887/634/265 1885/632/265
f 713/633/266 1888/2950/266 1887/634/266
f 714/635/148 715/639/148 1888/636/148
f 716/638/147 717/641/147 715/639/147
f 718/640/146 719/647/146 717/641/146
f 705/644/4 1883/2951/4 708/707/4
f 708/707/4 1884/2952/4 711/642/4
f 711/642/4 1885/2953/4 1887/706/4
f 1887/706/4 1888/2954/4 715/643/4
f 715/643/4 717/2955/4 719/705/4
f 719/705/4 1889/2956/4 705/644/4
f 705/644/4 708/707/4 711/642/4
f 711/642/4 1887/706/4 715/643/4
f 715/643/4 719/705/4 705/644/4
f 718/645/145 720/648/145 1889/646/145
f 704/620/144 705/619/144 1889/646/144
f 706/651/2 704/2957/2 720/710/2
f 720/710/2 718/2958/2 716/649/2
f 716/649/2 714/2959/2 713/709/2
f 713/709/2 1886/2960/2 712/650/2
f 712/650/2 710/2961/2 709/708/2
f 709/708/2 707/2905/2 706/651/2
f 706/651/2 720/710/2 716/649/2
f 716/649/2 713/709/2 712/650/2
f 712/650/2 709/708/2 706/651/2
f 721/386/206 723/389/206 722/385/206
f 723/389/207 725/391/207 724/388/207
f 725/391/208 726/652/208 1891/390/208
f 726/652/261 728/394/261 727/392/261
f 728/394/209 730/393/209 729/395/209
f 729/395/210 730/393/210 1893/396/210
f 1893/396/346 732/400/346 731/397/346
f 732/400/212 1895/402/212 1894/399/212
f 1895/402/213 734/404/213 733/401/213
f 734/404/1 736/406/1 735/403/1
f 736/406/214 1897/653/214 1896/405/214
f 1897/653/215 738/408/215 737/409/215
f 738/408/260 1899/411/260 1898/407/260
f 1899/411/217 739/413/217 1900/410/217
f 739/413/218 741/415/218 740/412/218
f 740/412/219 741/415/219 742/417/219
f 742/417/220 744/422/220 743/416/220
f 728/418/269 726/420/269 759/419/269
f 744/422/270 746/424/270 745/421/270
f 746/424/223 721/2907/223 1890/423/223
f 733/426/271 752/448/271 1905/425/271
f 1900/429/272 755/450/272 1907/428/272
f 1890/433/273 747/432/273 1909/654/273
f 722/434/274 724/436/274 1902/435/274
f 731/438/275 751/657/275 750/437/275
f 737/441/276 754/658/276 1906/440/276
f 743/445/277 757/444/277 1908/453/277
f 729/447/278 1904/659/278 749/446/278
f 735/449/279 753/452/279 752/448/279
f 740/451/280 756/660/280 755/450/280
f 724/436/281 1891/420/281 1903/656/281
f 731/438/282 1894/427/282 1905/425/282
f 722/434/283 748/655/283 747/432/283
f 737/441/284 1898/430/284 1907/428/284
f 745/431/285 1909/654/285 757/444/285
f 729/447/286 1892/439/286 750/437/286
f 735/449/287 1896/442/287 1906/440/287
f 740/451/288 1901/443/288 1908/453/288
f 727/418/289 749/446/289 1903/656/289
f 1912/455/209 769/481/209 770/454/209
f 1895/427/1280 761/467/1280 1915/457/1280
f 739/429/291 1899/430/291 763/458/291
f 721/433/292 746/431/292 766/459/292
f 725/436/293 723/434/293 1910/460/293
f 732/438/294 1893/439/294 1914/663/294
f 738/441/295 1897/442/295 762/470/295
f 742/443/296 1919/462/296 765/664/296
f 730/447/297 728/418/297 1912/463/297
f 734/426/298 1915/457/298 1916/464/298
f 739/429/299 764/661/299 1918/465/299
f 726/420/300 725/436/300 758/466/300
f 1895/427/301 732/438/301 760/461/301
f 721/433/302 1911/662/302 1910/460/302
f 1899/430/303 738/441/303 1917/468/303
f 746/431/304 744/445/304 765/664/304
f 1893/439/305 730/447/305 1913/469/305
f 1897/442/348 736/449/348 1916/464/348
f 741/451/307 1918/465/307 1919/462/307
f 767/2910/4 1920/2909/4 1921/2908/4
f 1921/2908/4 778/473/4 1926/2920/4
f 1926/2920/4 777/2919/4 776/665/4
f 776/665/4 775/472/4 1925/2918/4
f 1925/2918/4 774/2917/4 773/2916/4
f 773/2916/4 1924/2915/4 1923/2914/4
f 1923/2914/4 772/2913/4 771/666/4
f 771/666/4 1922/471/4 770/2912/4
f 770/2912/4 769/2911/4 768/667/4
f 768/667/4 767/2910/4 1921/2908/4
f 1921/2908/4 1926/2920/4 776/665/4
f 776/665/4 1925/2918/4 773/2916/4
f 773/2916/4 1923/2914/4 771/666/4
f 771/666/4 770/2912/4 768/667/4
f 768/667/4 1921/2908/4 776/665/4
f 776/665/4 773/2916/4 771/666/4
f 1917/475/216 774/668/216 1925/474/216
f 1914/476/210 1913/456/210 770/454/210
f 763/476/217 1925/474/217 775/454/217
f 760/475/346 1914/476/346 1922/474/346
f 764/456/218 775/454/218 776/481/218
f 760/669/212 771/2962/212 772/670/212
f 1918/455/219 776/481/219 777/491/219
f 761/483/213 772/670/213 1923/482/213
f 1910/479/207 1920/477/207 767/485/207
f 1919/480/220 777/491/220 1926/487/220
f 758/488/208 767/487/208 768/491/208
f 765/493/270 1926/2921/270 778/492/270
f 1916/490/214 1924/489/214 773/495/214
f 1912/455/261 759/480/261 768/491/261
f 766/494/223 778/492/223 1921/497/223
f 762/496/215 773/495/215 774/671/215
f 780/499/150 782/502/150 781/498/150
f 782/502/151 784/504/151 783/501/151
f 784/504/152 786/704/152 785/503/152
f 785/503/205 786/704/205 1928/506/205
f 1928/506/153 788/509/153 787/505/153
f 788/509/154 790/511/154 789/508/154
f 790/511/204 1930/510/204 1929/513/204
f 1930/510/156 1931/515/156 791/512/156
f 791/512/157 1931/515/157 1933/517/157
f 1934/516/158 1935/519/158 1936/518/158
f 792/521/308 1936/518/308 794/523/308
f 793/520/203 794/523/203 795/525/203
f 795/525/160 797/527/160 796/524/160
f 797/527/161 1939/529/161 1938/526/161
f 1939/529/162 799/531/162 798/528/162
f 799/531/163 801/536/163 800/530/163
f 786/533/309 1946/581/309 1947/532/309
f 801/536/165 803/538/165 802/535/165
f 803/538/166 780/2922/166 779/537/166
f 1932/540/310 811/562/310 810/539/310
f 796/543/311 814/564/311 1943/542/311
f 779/546/312 804/568/312 818/545/312
f 783/549/313 806/673/313 805/548/313
f 789/553/314 1929/552/314 809/567/314
f 793/555/315 1942/674/315 813/554/315
f 800/558/316 817/675/316 816/557/316
f 787/561/317 808/676/317 1940/560/317
f 1934/563/318 812/677/318 811/562/318
f 1938/565/319 815/678/319 814/564/319
f 783/549/320 785/533/320 807/566/320
f 791/541/321 810/539/321 809/567/321
f 781/550/322 805/548/322 804/568/322
f 1937/544/323 1943/542/323 1942/674/323
f 800/558/324 802/547/324 818/545/324
f 787/561/325 789/553/325 1941/551/325
f 1934/563/326 792/556/326 813/554/326
f 1938/565/327 798/559/327 816/557/327
f 785/533/328 1927/534/328 1940/560/328
f 1947/570/153 1958/592/153 828/569/153
f 1933/540/329 1931/541/329 822/572/329
f 797/543/330 795/544/330 823/680/330
f 803/547/331 825/582/331 1944/574/331
f 784/549/332 782/550/332 819/575/332
f 1930/552/333 790/553/333 821/682/333
f 1936/556/334 1951/583/334 1952/577/334
f 799/559/335 1954/683/335 1955/578/335
f 788/561/336 1928/534/336 1947/532/336
f 797/543/337 824/573/337 1953/584/337
f 784/549/338 1945/681/338 1946/581/338
f 1930/552/339 1948/576/339 822/572/339
f 780/546/340 1944/574/340 819/575/340
f 795/544/341 794/555/341 1952/577/341
f 801/558/342 1955/578/342 825/582/342
f 790/553/343 788/561/343 820/579/343
f 799/559/344 1939/565/344 1953/584/344
f 1956/2925/2 826/2924/2 827/2923/2
f 827/2923/2 835/587/2 1964/2935/2
f 1964/2935/2 1963/2934/2 1962/684/2
f 1962/684/2 834/586/2 833/2933/2
f 833/2933/2 832/2932/2 1961/2931/2
f 1961/2931/2 831/2930/2 1960/2929/2
f 1960/2929/2 830/2928/2 1959/685/2
f 1959/685/2 829/585/2 828/2927/2
f 828/2927/2 1958/2926/2 1957/686/2
f 1957/686/2 1956/2925/2 827/2923/2
f 827/2923/2 1964/2935/2 1962/684/2
f 1962/684/2 833/2933/2 1961/2931/2
f 1961/2931/2 1960/2929/2 1959/685/2
f 1959/685/2 828/2927/2 1957/686/2
f 1957/686/2 827/2923/2 1962/684/2
f 1962/684/2 1961/2931/2 1959/685/2
f 1952/589/159 832/591/159 833/588/159
f 820/571/154 828/569/154 829/588/154
f 823/590/160 833/588/160 834/569/160
f 821/590/155 829/588/155 1959/591/155
f 1953/570/161 824/571/161 834/569/161
f 1948/594/156 1959/2936/156 830/593/156
f 1944/597/150 827/611/150 826/596/150
f 822/595/157 830/593/157 1960/601/157
f 819/598/151 826/596/151 1956/603/151
f 1949/602/3 1960/601/3 831/607/3
f 1955/687/165 1964/2963/165 835/688/165
f 1950/608/158 831/607/158 1961/609/158
f 825/612/166 835/688/166 827/611/166
f 1951/610/308 1961/609/308 832/613/308
f 1909/2939/2 747/2938/2 748/2937/2
f 748/2937/2 1902/617/2 1903/2949/2
f 1903/2949/2 749/2948/2 1904/689/2
f 1904/689/2 750/616/2 751/2947/2
f 751/2947/2 1905/2946/2 752/2945/2
f 752/2945/2 753/2944/2 1906/2943/2
f 1906/2943/2 754/2942/2 1907/690/2
f 1907/690/2 755/615/2 756/2941/2
f 756/2941/2 1908/2940/2 757/691/2
f 757/691/2 1909/2939/2 748/2937/2
f 748/2937/2 1903/2949/2 1904/689/2
f 1904/689/2 751/2947/2 752/2945/2
f 752/2945/2 1906/2943/2 1907/690/2
f 1907/690/2 756/2941/2 757/691/2
f 757/691/2 748/2937/2 1904/689/2
f 1904/689/2 752/2945/2 1907/690/2
f 818/2939/4 804/2938/4 805/2937/4
f 805/2937/4 806/617/4 807/2949/4
f 807/2949/4 1940/2948/4 808/689/4
f 808/689/4 1941/616/4 809/2947/4
f 809/2947/4 810/2946/4 811/2945/4
f 811/2945/4 812/2944/4 813/2943/4
f 813/2943/4 1942/2942/4 1943/690/4
f 1943/690/4 814/615/4 815/2941/4
f 815/2941/4 816/2940/4 817/691/4
f 817/691/4 818/2939/4 805/2937/4
f 805/2937/4 807/2949/4 808/689/4
f 808/689/4 809/2947/4 811/2945/4
f 811/2945/4 813/2943/4 1943/690/4
f 1943/690/4 815/2941/4 817/691/4
f 817/691/4 805/2937/4 808/689/4
f 808/689/4 811/2945/4 1943/690/4
f 838/357/262 839/693/262 837/356/262
f 1649/692/142 1650/363/142 839/693/142
f 840/361/141 841/359/141 1650/694/141
f 842/360/263 843/362/263 841/359/263
f 844/363/264 845/2893/264 843/362/264
f 846/365/265 847/367/265 845/364/265
f 848/368/266 849/369/266 847/367/266
f 850/370/148 851/2894/148 849/369/148
f 852/372/147 853/696/147 851/371/147
f 852/372/146 1651/375/146 1652/374/146
f 837/699/4 839/2895/4 1650/378/4
f 1650/378/4 841/2900/4 843/697/4
f 843/697/4 845/2899/4 847/377/4
f 847/377/4 849/2898/4 851/698/4
f 851/698/4 853/2897/4 1652/376/4
f 1652/376/4 855/2896/4 837/699/4
f 837/699/4 1650/378/4 843/697/4
f 843/697/4 847/377/4 851/698/4
f 851/698/4 1652/376/4 837/699/4
f 1651/375/145 854/379/145 855/700/145
f 836/358/267 837/356/267 855/380/267
f 838/703/2 836/2901/2 854/384/2
f 854/384/2 1651/2906/2 852/701/2
f 852/701/2 850/2905/2 848/383/2
f 848/383/2 846/2904/2 844/702/2
f 844/702/2 842/2903/2 840/382/2
f 840/382/2 1649/2902/2 838/703/2
f 838/703/2 854/384/2 852/701/2
f 852/701/2 848/383/2 844/702/2
f 844/702/2 840/382/2 838/703/2
f 1654/386/206 856/389/206 1655/385/206
f 856/389/207 1657/391/207 1656/388/207
f 1657/391/208 858/652/208 857/390/208
f 858/652/261 860/394/261 859/392/261
f 860/394/209 862/393/209 861/395/209
f 862/393/210 1658/396/210 863/398/210
f 1658/396/346 865/400/346 864/397/346
f 865/400/212 867/402/212 866/399/212
f 867/402/213 869/404/213 868/401/213
f 869/404/1 871/406/1 870/403/1
f 871/406/214 873/653/214 872/405/214
f 872/405/215 873/653/215 875/408/215
f 874/409/216 875/408/216 877/411/216
f 877/411/217 879/413/217 878/410/217
f 879/413/218 881/415/218 880/412/218
f 881/415/219 883/417/219 882/414/219
f 883/417/220 1660/422/220 1659/416/220
f 860/418/269 858/420/269 1664/419/269
f 1660/422/270 885/424/270 884/421/270
f 885/424/223 1654/2907/223 1653/423/223
f 868/426/271 895/448/271 894/425/271
f 878/429/272 1661/450/272 899/428/272
f 884/431/273 1653/433/273 886/432/273
f 1655/434/274 1656/436/274 888/435/274
f 864/438/275 893/657/275 892/437/275
f 874/441/276 898/658/276 897/440/276
f 1659/445/277 902/444/277 901/453/277
f 861/447/278 891/659/278 890/446/278
f 870/449/279 896/452/279 895/448/279
f 880/451/280 900/660/280 1661/450/280
f 1656/436/281 857/420/281 889/656/281
f 864/438/282 866/427/282 894/425/282
f 1655/434/283 887/655/283 886/432/283
f 874/441/284 876/430/284 899/428/284
f 884/431/285 903/654/285 902/444/285
f 861/447/286 863/439/286 892/437/286
f 870/449/287 872/442/287 897/440/287
f 880/451/288 882/443/288 901/453/288
f 857/420/289 859/418/289 890/446/289
f 905/455/209 916/481/209 917/454/209
f 867/427/290 907/467/290 908/457/290
f 879/429/291 877/430/291 912/458/291
f 1654/433/292 885/431/292 1668/459/292
f 1657/436/293 856/434/293 1662/460/293
f 1658/439/294 1665/663/294 1666/461/294
f 873/442/295 910/470/295 911/468/295
f 883/443/296 1667/462/296 915/664/296
f 862/447/297 860/418/297 905/463/297
f 869/426/298 908/457/298 909/464/298
f 879/429/299 913/661/299 914/465/299
f 858/420/300 1657/436/300 904/466/300
f 867/427/301 865/438/301 1666/461/301
f 1654/433/302 1663/662/302 1662/460/302
f 877/430/303 875/441/303 911/468/303
f 885/431/304 1660/445/304 915/664/304
f 1658/439/305 862/447/305 906/469/305
f 871/449/348 909/464/348 910/470/348
f 881/451/307 914/465/307 1667/462/307
f 1671/2910/4 1669/2909/4 1670/2908/4
f 1670/2908/4 1676/473/4 926/2920/4
f 926/2920/4 925/2919/4 924/665/4
f 924/665/4 923/472/4 922/2918/4
f 922/2918/4 1675/2917/4 921/2916/4
f 921/2916/4 920/2915/4 919/2914/4
f 919/2914/4 1674/2913/4 918/666/4
f 918/666/4 1673/471/4 917/2912/4
f 917/2912/4 916/2911/4 1672/667/4
f 1672/667/4 1671/2910/4 1670/2908/4
f 1670/2908/4 926/2920/4 924/665/4
f 924/665/4 922/2918/4 921/2916/4
f 921/2916/4 919/2914/4 918/666/4
f 918/666/4 917/2912/4 1672/667/4
f 1672/667/4 1670/2908/4 924/665/4
f 924/665/4 921/2916/4 918/666/4
f 911/475/216 1675/668/216 922/474/216
f 906/456/210 917/454/210 1673/474/210
f 913/456/217 912/476/217 922/474/217
f 1666/475/211 1665/476/211 1673/474/211
f 913/456/218 923/454/218 924/481/218
f 1666/669/212 918/2962/212 1674/670/212
f 1667/480/219 914/455/219 924/481/219
f 907/483/213 1674/670/213 919/482/213
f 1662/479/207 1669/477/207 1671/485/207
f 1667/480/220 925/491/220 926/487/220
f 908/484/1 919/482/1 920/489/1
f 904/488/208 1671/487/208 1672/491/208
f 915/493/222 926/2921/222 1676/492/222
f 909/490/214 920/489/214 921/495/214
f 1664/480/261 1672/491/261 916/481/261
f 910/496/215 921/495/215 1675/671/215
f 927/499/150 929/502/150 928/498/150
f 929/502/151 1678/504/151 930/501/151
f 1678/504/152 931/704/152 1679/503/152
f 931/704/205 933/506/205 932/507/205
f 933/506/153 935/509/153 934/505/153
f 935/509/154 937/511/154 936/508/154
f 937/511/155 1681/510/155 1680/513/155
f 1681/510/156 938/515/156 1682/512/156
f 938/515/157 1684/517/157 1683/514/157
f 1686/519/158 939/518/158 1687/521/158
f 939/518/308 1689/523/308 1688/520/308
f 1689/523/159 941/525/159 940/522/159
f 941/525/160 943/527/160 942/524/160
f 943/527/161 945/529/161 944/526/161
f 945/529/162 1690/531/162 946/528/162
f 1690/531/163 948/536/163 947/530/163
f 931/533/309 967/581/309 1697/532/309
f 947/530/165 948/536/165 949/538/165
f 949/538/166 927/2922/166 1677/537/166
f 1683/540/310 957/562/310 1693/539/310
f 942/543/311 961/564/311 960/542/311
f 1677/546/312 950/568/312 1695/545/312
f 930/549/313 951/673/313 1692/548/313
f 1680/552/314 956/567/314 955/551/314
f 1687/556/315 1688/555/315 959/674/315
f 947/558/316 964/675/316 963/557/316
f 934/561/317 954/676/317 953/560/317
f 1685/563/318 958/677/318 957/562/318
f 944/565/319 962/678/319 961/564/319
f 930/549/320 1679/533/320 952/566/320
f 1682/541/321 1693/539/321 956/567/321
f 928/550/322 1692/548/322 950/568/322
f 1688/555/323 940/544/323 960/542/323
f 947/558/324 1691/547/324 1695/545/324
f 934/561/325 936/553/325 955/551/325
f 1685/563/326 1687/556/326 1694/554/326
f 944/565/327 946/559/327 963/557/327
f 1679/533/328 932/534/328 953/560/328
f 1697/570/153 1700/592/153 984/569/153
f 1684/540/329 938/541/329 971/572/329
f 943/543/330 941/544/330 976/680/330
f 949/547/331 1699/582/331 965/574/331
f 1678/549/332 929/550/332 1696/575/332
f 1681/552/333 937/553/333 969/682/333
f 1689/555/334 939/556/334 974/583/334
f 1690/559/335 978/683/335 979/578/335
f 935/561/336 933/534/336 1697/532/336
f 1684/540/349 972/679/349 973/580/349
f 943/543/337 977/573/337 1698/584/337
f 1678/549/338 966/681/338 967/581/338
f 1681/552/339 970/576/339 971/572/339
f 927/546/340 965/574/340 1696/575/340
f 941/544/341 1689/555/341 975/577/341
f 948/558/342 979/578/342 1699/582/342
f 937/553/343 935/561/343 968/579/343
f 1686/563/350 973/580/350 974/583/350
f 1690/559/344 945/565/344 1698/584/344
f 982/2925/2 980/2924/2 981/2923/2
f 981/2923/2 996/587/2 995/2935/2
f 995/2935/2 994/2934/2 1701/684/2
f 1701/684/2 993/586/2 992/2933/2
f 992/2933/2 991/2932/2 990/2931/2
f 990/2931/2 989/2930/2 988/2929/2
f 988/2929/2 987/2928/2 986/685/2
f 986/685/2 985/585/2 984/2927/2
f 984/2927/2 1700/2926/2 983/686/2
f 983/686/2 982/2925/2 981/2923/2
f 981/2923/2 995/2935/2 1701/684/2
f 1701/684/2 992/2933/2 990/2931/2
f 990/2931/2 988/2929/2 986/685/2
f 986/685/2 984/2927/2 983/686/2
f 983/686/2 981/2923/2 1701/684/2
f 1701/684/2 990/2931/2 986/685/2
f 975/589/159 991/591/159 992/588/159
f 968/571/154 984/569/154 985/588/154
f 976/590/160 992/588/160 993/569/160
f 969/590/155 985/588/155 986/591/155
f 977/571/161 993/569/161 1701/592/161
f 970/594/1281 986/2936/1281 987/593/1281
f 965/597/150 981/611/150 980/596/150
f 1698/570/162 1701/592/162 994/599/162
f 971/595/157 987/593/157 988/601/157
f 1696/598/151 980/596/151 982/603/151
f 978/600/163 994/599/163 995/605/163
f 972/602/3 988/601/3 989/607/3
f 967/600/152 966/606/152 982/605/152
f 979/687/345 995/2963/345 996/688/345
f 973/608/158 989/607/158 990/609/158
f 967/600/205 983/599/205 1700/592/205
f 1699/612/166 996/688/166 981/611/166
f 974/610/308 990/609/308 991/613/308
f 903/2939/2 886/2938/2 887/2937/2
f 887/2937/2 888/617/2 889/2949/2
f 889/2949/2 890/2948/2 891/689/2
f 891/689/2 892/616/2 893/2947/2
f 893/2947/2 894/2946/2 895/2945/2
f 895/2945/2 896/2944/2 897/2943/2
f 897/2943/2 898/2942/2 899/690/2
f 899/690/2 1661/615/2 900/2941/2
f 900/2941/2 901/2940/2 902/691/2
f 902/691/2 903/2939/2 887/2937/2
f 887/2937/2 889/2949/2 891/689/2
f 891/689/2 893/2947/2 895/2945/2
f 895/2945/2 897/2943/2 899/690/2
f 899/690/2 900/2941/2 902/691/2
f 902/691/2 887/2937/2 891/689/2
f 891/689/2 895/2945/2 899/690/2
f 1695/2939/4 950/2938/4 1692/2937/4
f 1692/2937/4 951/617/4 952/2949/4
f 952/2949/4 953/2948/4 954/689/4
f 954/689/4 955/616/4 956/2947/4
f 956/2947/4 1693/2946/4 957/2945/4
f 957/2945/4 958/2944/4 1694/2943/4
f 1694/2943/4 959/2942/4 960/690/4
f 960/690/4 961/615/4 962/2941/4
f 962/2941/4 963/2940/4 964/691/4
f 964/691/4 1695/2939/4 1692/2937/4
f 1692/2937/4 952/2949/4 954/689/4
f 954/689/4 956/2947/4 957/2945/4
f 957/2945/4 1694/2943/4 960/690/4
f 960/690/4 962/2941/4 964/691/4
f 964/691/4 1692/2937/4 954/689/4
f 954/689/4 957/2945/4 960/690/4
f 997/619/265 998/622/265 1703/618/265
f 998/622/264 1000/625/264 999/621/264
f 1000/625/263 1001/627/263 1704/624/263
f 1001/627/141 1002/700/141 1705/626/141
f 1002/629/142 1003/632/142 1706/628/142
f 1003/632/143 1004/634/143 1707/631/143
f 1004/634/144 1005/2950/144 1708/633/144
f 1005/636/145 1006/639/145 1709/635/145
f 1006/639/146 1007/641/146 1710/638/146
f 1710/638/147 1007/641/147 1009/647/147
f 1000/707/4 998/2951/4 997/644/4
f 997/644/4 1010/2956/4 1009/705/4
f 1009/705/4 1007/2955/4 1006/643/4
f 1006/643/4 1005/2954/4 1004/706/4
f 1004/706/4 1003/2953/4 1002/642/4
f 1002/642/4 1001/2952/4 1000/707/4
f 1000/707/4 997/644/4 1009/705/4
f 1009/705/4 1006/643/4 1004/706/4
f 1004/706/4 1002/642/4 1000/707/4
f 1008/645/148 1009/647/148 1010/646/148
f 1010/646/266 997/619/266 1702/620/266
f 1711/710/2 1702/2957/2 1703/651/2
f 1703/651/2 999/2905/2 1704/708/2
f 1704/708/2 1705/2961/2 1706/650/2
f 1706/650/2 1707/2960/2 1708/709/2
f 1708/709/2 1709/2959/2 1710/649/2
f 1710/649/2 1008/2958/2 1711/710/2
f 1711/710/2 1703/651/2 1704/708/2
f 1704/708/2 1706/650/2 1708/709/2
f 1708/709/2 1710/649/2 1711/710/2
f 1712/385/150 1013/389/150 1012/386/150
f 1014/388/351 1015/391/351 1013/389/351
f 1713/390/152 1714/652/152 1015/391/152
f 1717/395/154 1016/398/154 1017/396/154
f 1719/397/155 1720/400/155 1017/396/155
f 1018/399/156 1019/402/156 1720/400/156
f 1020/401/157 1021/404/157 1019/402/157
f 1022/403/3 1023/406/3 1021/404/3
f 1024/405/158 1025/653/158 1023/406/158
f 1026/409/308 1027/408/308 1025/653/308
f 1721/407/159 1028/411/159 1027/408/159
f 1722/410/160 1723/413/160 1028/411/160
f 1029/414/162 1726/417/162 1725/415/162
f 1029/414/163 1030/416/163 1031/422/163
f 1716/418/164 1739/463/164 1044/419/164
f 1727/421/165 1032/424/165 1031/422/165
f 1011/423/166 1012/2907/166 1032/424/166
f 1733/425/167 1734/448/167 1020/426/167
f 1037/428/168 1038/450/168 1722/429/168
f 1727/431/169 1738/654/169 1728/432/169
f 1033/655/170 1729/435/170 1014/436/170
f 1731/437/171 1732/657/171 1719/438/171
f 1736/440/172 1036/658/172 1026/441/172
f 1029/443/173 1040/453/173 1737/444/173
f 1034/446/174 1035/659/174 1717/447/174
f 1734/448/175 1735/452/175 1022/449/175
f 1038/450/176 1039/660/176 1724/451/176
f 1729/435/177 1730/656/177 1713/420/177
f 1719/438/178 1732/657/178 1733/425/178
f 1011/433/179 1728/432/179 1033/655/179
f 1026/441/180 1036/658/180 1037/428/180
f 1737/444/181 1738/654/181 1727/431/181
f 1717/447/182 1035/659/182 1731/437/182
f 1022/449/183 1735/452/183 1736/440/183
f 1724/451/184 1039/660/184 1040/453/184
f 1713/420/185 1730/656/185 1034/446/185
f 1061/454/153 1742/481/153 1739/455/153
f 1049/457/186 1048/467/186 1019/427/186
f 1723/429/187 1740/661/187 1053/458/187
f 1012/433/188 1042/662/188 1056/459/188
f 1015/436/189 1043/466/189 1041/460/189
f 1720/438/190 1047/461/190 1046/663/190
f 1027/441/352 1052/468/352 1051/470/352
f 1055/664/191 1054/462/191 1726/443/191
f 1718/447/192 1045/469/192 1739/463/192
f 1050/464/193 1049/457/193 1021/426/193
f 1714/420/1282 1044/419/1282 1043/466/1282
f 1048/467/196 1047/461/196 1720/438/196
f 1041/460/197 1042/662/197 1012/433/197
f 1028/430/198 1053/458/198 1052/468/198
f 1032/431/199 1056/459/199 1055/664/199
f 1017/439/200 1046/663/200 1045/469/200
f 1025/442/201 1051/470/201 1050/464/201
f 1054/462/202 1741/465/202 1725/451/202
f 1058/2908/4 1057/2909/4 1059/2910/4
f 1059/2910/4 1060/667/4 1742/2911/4
f 1742/2911/4 1061/2912/4 1062/471/4
f 1062/471/4 1063/666/4 1064/2913/4
f 1064/2913/4 1065/2914/4 1066/2915/4
f 1066/2915/4 1067/2916/4 1068/2917/4
f 1068/2917/4 1069/2918/4 1070/472/4
f 1070/472/4 1743/665/4 1071/2919/4
f 1071/2919/4 1072/2920/4 1073/473/4
f 1073/473/4 1058/2908/4 1059/2910/4
f 1059/2910/4 1742/2911/4 1062/471/4
f 1062/471/4 1064/2913/4 1066/2915/4
f 1066/2915/4 1068/2917/4 1070/472/4
f 1070/472/4 1071/2919/4 1073/473/4
f 1073/473/4 1059/2910/4 1062/471/4
f 1062/471/4 1066/2915/4 1070/472/4
f 1069/474/203 1068/668/203 1052/475/203
f 1062/474/154 1061/454/154 1045/456/154
f 1740/456/160 1070/454/160 1069/474/160
f 1047/475/204 1063/668/204 1062/474/204
f 1743/481/161 1070/454/161 1740/456/161
f 1064/670/156 1063/2962/156 1047/669/156
f 1057/477/150 1058/497/150 1042/478/150
f 1071/491/162 1743/481/162 1741/455/162
f 1065/482/157 1064/670/157 1048/483/157
f 1059/485/151 1057/477/151 1041/479/151
f 1072/487/163 1071/491/163 1054/480/163
f 1066/489/3 1065/482/3 1049/484/3
f 1060/491/152 1059/487/152 1043/488/152
f 1073/492/165 1072/2921/165 1055/493/165
f 1067/495/158 1066/489/158 1050/490/158
f 1742/481/205 1060/491/205 1044/480/205
f 1058/497/166 1073/492/166 1056/494/166
f 1068/671/308 1067/495/308 1051/496/308
f 1744/498/206 1745/502/206 1075/499/206
f 1746/501/207 1076/504/207 1745/502/207
f 1747/503/208 1748/704/208 1076/504/208
f 1077/513/211 1078/510/211 1754/511/211
f 1079/512/212 1755/515/212 1078/510/212
f 1080/514/213 1081/517/213 1755/515/213
f 1082/516/1 1083/519/1 1081/517/1
f 1084/521/214 1756/518/214 1083/519/214
f 1085/520/215 1086/523/215 1756/518/215
f 1087/522/216 1088/525/216 1086/523/216
f 1757/524/217 1089/527/217 1088/525/217
f 1758/526/218 1759/529/218 1089/527/218
f 1090/528/219 1091/531/219 1759/529/219
f 1760/530/220 1761/536/220 1091/531/220
f 1777/532/221 1101/581/221 1748/533/221
f 1074/537/223 1075/2922/223 1763/538/223
f 1079/541/224 1094/539/224 1770/562/224
f 1096/542/225 1773/564/225 1757/543/225
f 1097/545/226 1764/568/226 1074/546/226
f 1092/548/227 1765/673/227 1746/549/227
f 1753/553/228 1093/551/228 1769/567/228
f 1084/556/229 1095/554/229 1772/674/229
f 1775/557/230 1776/675/230 1760/558/230
f 1080/540/232 1770/562/232 1771/677/232
f 1769/567/235 1094/539/235 1079/541/235
f 1764/568/236 1092/548/236 1744/550/236
f 1772/674/237 1096/542/237 1087/544/237
f 1760/558/238 1776/675/238 1097/545/238
f 1751/561/353 1768/676/353 1093/551/353
f 1082/563/239 1771/677/239 1095/554/239
f 1758/565/240 1774/678/240 1775/557/240
f 1114/569/209 1784/592/209 1777/570/209
f 1081/540/242 1103/679/242 1780/572/242
f 1089/543/243 1782/573/243 1781/680/243
f 1099/574/244 1109/582/244 1763/547/244
f 1076/549/245 1100/681/245 1098/575/245
f 1078/552/246 1779/576/246 1778/682/246
f 1086/555/247 1106/577/247 1105/583/247
f 1108/578/248 1107/683/248 1091/559/248
f 1102/579/249 1777/532/249 1750/534/249
f 1104/580/250 1103/679/250 1081/540/250
f 1759/565/251 1783/584/251 1782/573/251
f 1101/581/252 1100/681/252 1076/549/252
f 1780/572/253 1779/576/253 1078/552/253
f 1098/575/254 1099/574/254 1075/546/254
f 1088/544/255 1781/680/255 1106/577/255
f 1109/582/256 1108/578/256 1761/558/256
f 1778/682/257 1102/579/257 1752/561/257
f 1105/583/258 1104/580/258 1083/563/258
f 1091/559/259 1107/683/259 1783/584/259
f 1111/2923/2 1110/2924/2 1112/2925/2
f 1112/2925/2 1113/686/2 1784/2926/2
f 1784/2926/2 1114/2927/2 1785/585/2
f 1785/585/2 1786/685/2 1115/2928/2
f 1115/2928/2 1116/2929/2 1787/2930/2
f 1787/2930/2 1788/2931/2 1117/2932/2
f 1117/2932/2 1789/2933/2 1790/586/2
f 1790/586/2 1791/684/2 1118/2934/2
f 1118/2934/2 1119/2935/2 1120/587/2
f 1120/587/2 1111/2923/2 1112/2925/2
f 1112/2925/2 1784/2926/2 1785/585/2
f 1785/585/2 1115/2928/2 1787/2930/2
f 1787/2930/2 1117/2932/2 1790/586/2
f 1790/586/2 1118/2934/2 1120/587/2
f 1120/587/2 1112/2925/2 1785/585/2
f 1785/585/2 1787/2930/2 1790/586/2
f 1789/588/260 1117/591/260 1106/589/260
f 1785/588/210 1114/569/210 1102/571/210
f 1115/593/354 1786/2936/354 1779/594/354
f 1110/596/206 1111/611/206 1099/597/206
f 1118/599/219 1791/592/219 1783/570/219
f 1116/601/213 1115/593/213 1780/595/213
f 1112/603/207 1110/596/207 1098/598/207
f 1119/605/220 1118/599/220 1107/600/220
f 1787/607/1 1116/601/1 1103/602/1
f 1113/599/208 1112/605/208 1100/606/208
f 1120/688/222 1119/2963/222 1108/687/222
f 1788/609/214 1787/607/214 1104/608/214
f 1777/570/261 1784/592/261 1113/599/261
f 1111/611/223 1120/688/223 1109/612/223
f 1117/613/215 1788/609/215 1105/610/215
f 1033/2937/2 1728/2938/2 1738/2939/2
f 1738/2939/2 1737/691/2 1040/2940/2
f 1040/2940/2 1039/2941/2 1038/615/2
f 1038/615/2 1037/690/2 1036/2942/2
f 1036/2942/2 1736/2943/2 1735/2944/2
f 1735/2944/2 1734/2945/2 1733/2946/2
f 1733/2946/2 1732/2947/2 1731/616/2
f 1731/616/2 1035/689/2 1034/2948/2
f 1034/2948/2 1730/2949/2 1729/617/2
f 1729/617/2 1033/2937/2 1738/2939/2
f 1738/2939/2 1040/2940/2 1038/615/2
f 1038/615/2 1036/2942/2 1735/2944/2
f 1735/2944/2 1733/2946/2 1731/616/2
f 1731/616/2 1034/2948/2 1729/617/2
f 1729/617/2 1738/2939/2 1038/615/2
f 1038/615/2 1735/2944/2 1731/616/2
f 1092/2937/4 1764/2938/4 1097/2939/4
f 1097/2939/4 1776/691/4 1775/2940/4
f 1775/2940/4 1774/2941/4 1773/615/4
f 1773/615/4 1096/690/4 1772/2942/4
f 1772/2942/4 1095/2943/4 1771/2944/4
f 1771/2944/4 1770/2945/4 1094/2946/4
f 1094/2946/4 1769/2947/4 1093/616/4
f 1093/616/4 1768/689/4 1767/2948/4
f 1767/2948/4 1766/2949/4 1765/617/4
f 1765/617/4 1092/2937/4 1097/2939/4
f 1097/2939/4 1775/2940/4 1773/615/4
f 1773/615/4 1772/2942/4 1771/2944/4
f 1771/2944/4 1094/2946/4 1093/616/4
f 1093/616/4 1767/2948/4 1765/617/4
f 1765/617/4 1097/2939/4 1773/615/4
f 1773/615/4 1771/2944/4 1093/616/4
f 1123/2/3 1124/2854/3 1122/1/3
f 1127/5/2 1128/2855/2 1124/4/2
f 1125/7/1 1126/2/1 1128/3/1
f 1121/10/4 1122/2856/4 1126/9/4
f 1121/13/5 1125/2857/5 1127/12/5
f 1126/15/6 1122/13/6 1124/14/6
f 1168/2859/1283 1169/2858/1283 1218/113/1283
f 1168/2859/1283 1218/113/1283 1217/711/1283
f 1215/2860/1284 1166/197/1284 1167/111/1284
f 1167/111/355 1168/2859/355 1217/711/355
f 1216/112/1284 1215/2860/1284 1167/111/1284
f 1129/114/1285 1145/118/1285 1194/116/1285
f 1194/116/1286 1178/271/1286 1218/115/1286
f 1218/115/6 1169/272/6 1129/114/6
f 1145/118/357 1144/117/357 1193/138/357
f 1144/119/358 1143/121/358 1192/120/358
f 1143/121/359 1142/123/359 1191/122/359
f 1142/124/28 1141/126/28 1190/125/28
f 1140/128/360 1189/275/360 1190/127/360
f 1139/131/361 1188/130/361 1189/275/361
f 1139/132/25 1138/134/25 1187/133/25
f 1138/134/24 1137/119/24 1186/277/24
f 1137/135/23 1136/137/23 1185/136/23
f 1136/140/22 1135/139/22 1184/141/22
f 1135/139/362 1134/142/362 1183/279/362
f 1158/144/363 1207/143/363 1183/279/363
f 1208/146/364 1207/143/364 1158/144/364
f 1209/147/18 1208/146/18 1159/145/18
f 1161/149/17 1210/150/17 1209/136/17
f 1162/151/16 1211/153/16 1210/152/16
f 1212/154/15 1211/153/15 1162/151/15
f 1213/156/1287 1212/2861/1287 1163/155/1287
f 1214/158/366 1213/156/366 1164/157/366
f 1215/161/12 1214/164/12 1165/160/12
f 1220/159/367 1226/712/367 1177/163/367
f 1221/165/47 1220/160/47 1171/164/47
f 1222/168/48 1221/130/48 1172/131/48
f 1174/169/49 1223/170/49 1222/168/49
f 1175/171/50 1224/173/50 1223/172/50
f 1176/174/368 1225/175/368 1224/173/368
f 1177/176/369 1226/177/369 1225/175/369
f 1203/180/370 1179/179/370 1130/283/370
f 1130/182/371 1179/2862/371 1180/181/371
f 1131/183/42 1180/181/42 1181/113/42
f 1132/147/372 1181/148/372 1182/185/372
f 1182/185/373 1206/187/373 1157/188/373
f 1206/187/374 1205/283/374 1156/179/374
f 1205/123/38 1204/192/38 1155/189/38
f 1204/192/375 1203/2862/375 1154/191/375
f 1151/193/376 1200/203/376 1201/135/376
f 1152/155/377 1201/2861/377 1202/195/377
f 1153/196/378 1202/195/378 1196/197/378
f 1147/198/30 1196/2863/30 1197/150/30
f 1149/199/31 1148/201/31 1197/200/31
f 1150/172/32 1149/199/32 1198/202/32
f 1150/204/33 1199/2864/33 1200/203/33
f 1243/206/3 1230/217/3 1228/205/3
f 1249/209/2 1244/230/2 1240/208/2
f 1236/212/6 1231/269/6 1242/211/6
f 1229/214/4 1232/216/4 1238/215/4
f 1235/205/1 1237/217/1 1250/206/1
f 1227/218/4 1229/214/4 1234/224/4
f 1230/220/4 1232/216/4 1229/214/4
f 1236/225/4 1238/215/4 1232/216/4
f 1235/238/4 1234/224/4 1238/215/4
f 1257/240/1288 1235/205/1288 1246/207/1288
f 1251/242/54 1252/243/54 1250/206/54
f 1247/210/2 1246/251/2 1250/244/2
f 1239/227/2 1245/232/2 1247/210/2
f 1242/229/2 1244/230/2 1249/209/2
f 1241/245/2 1240/208/2 1244/230/2
f 1256/241/51 1241/207/51 1228/205/51
f 1253/242/52 1230/217/52 1243/206/52
f 1245/213/5 1239/211/5 1227/269/5
f 1248/247/56 1252/243/56 1251/242/56
f 1231/248/55 1253/242/55 1254/243/55
f 1227/249/58 1239/250/58 1256/241/58
f 1233/249/57 1257/240/57 1258/241/57
f 1260/253/4 1262/2865/4 1261/252/4
f 1262/256/1 1266/2866/1 1265/255/1
f 1265/258/2 1266/260/2 1264/259/2
f 1264/257/60 1260/2867/60 1259/261/60
f 1265/264/5 1263/2868/5 1259/263/5
f 1262/267/6 1260/2869/6 1264/266/6
f 1268/205/1 1270/217/1 1283/206/1
f 1280/208/2 1284/230/2 1289/209/2
f 1282/211/6 1271/269/6 1276/212/6
f 1269/214/4 1274/224/4 1278/215/4
f 1286/207/3 1290/206/3 1277/217/3
f 1274/224/4 1269/214/4 1267/218/4
f 1269/214/4 1272/216/4 1270/220/4
f 1272/216/4 1278/215/4 1276/225/4
f 1278/215/4 1274/224/4 1275/238/4
f 1286/207/51 1275/205/51 1297/240/51
f 1291/242/52 1277/217/52 1290/206/52
f 1290/244/2 1286/251/2 1287/210/2
f 1279/227/2 1280/208/2 1287/210/2
f 1289/209/2 1284/230/2 1282/229/2
f 1284/230/2 1280/208/2 1281/245/2
f 1268/205/53 1281/207/53 1296/241/53
f 1283/206/54 1270/217/54 1293/242/54
f 1267/269/5 1279/211/5 1285/213/5
f 1291/242/55 1292/243/55 1288/247/55
f 1294/243/56 1293/242/56 1271/248/56
f 1295/240/57 1296/241/57 1279/250/57
f 1298/241/58 1297/240/58 1273/249/58
f 1301/252/4 1302/2865/4 1300/253/4
f 1305/255/3 1306/2866/3 1302/256/3
f 1305/258/2 1303/270/2 1304/259/2
f 1299/261/59 1300/2867/59 1304/257/59
f 1299/263/5 1303/2868/5 1305/264/5
f 1304/266/6 1300/2869/6 1302/267/6
f 1396/113/1283 1347/2858/1283 1346/2859/1283
f 1345/111/1284 1344/197/1284 1393/2860/1284
f 1396/113/1289 1346/2859/1289 1345/111/1289
f 1394/112/4 1395/711/4 1396/113/4
f 1345/111/1284 1393/2860/1284 1394/112/1284
f 1323/118/1286 1307/114/1286 1347/272/1286
f 1347/272/6 1396/115/6 1356/271/6
f 1356/271/1285 1372/116/1285 1323/118/1285
f 1372/116/357 1371/138/357 1322/117/357
f 1371/273/358 1370/120/358 1321/121/358
f 1321/121/359 1370/120/359 1369/122/359
f 1369/274/28 1368/125/28 1319/126/28
f 1368/127/360 1367/275/360 1318/128/360
f 1367/275/361 1366/130/361 1317/131/361
f 1317/132/25 1366/276/25 1365/133/25
f 1316/134/24 1365/133/24 1364/277/24
f 1315/135/23 1364/278/23 1363/136/23
f 1363/138/22 1362/141/22 1313/139/22
f 1313/139/362 1362/141/362 1361/279/362
f 1312/142/363 1361/279/363 1385/143/363
f 1337/145/364 1336/144/364 1385/143/364
f 1337/145/18 1386/146/18 1387/147/18
f 1339/149/17 1338/280/17 1387/136/17
f 1340/151/16 1339/281/16 1388/152/16
f 1340/151/15 1389/153/15 1390/154/15
f 1341/155/1287 1390/2861/1287 1391/156/1287
f 1342/157/366 1391/156/366 1392/158/366
f 1344/162/12 1343/160/12 1392/164/12
f 1349/158/367 1355/163/367 1404/712/367
f 1349/164/47 1398/160/47 1399/165/47
f 1350/131/48 1399/130/48 1400/168/48
f 1351/167/49 1400/168/49 1401/170/49
f 1353/171/50 1352/282/50 1401/172/50
f 1354/174/368 1353/171/368 1402/173/368
f 1355/176/369 1354/174/369 1403/175/369
f 1308/283/370 1357/179/370 1381/180/370
f 1358/181/371 1357/2862/371 1308/182/371
f 1359/113/42 1358/181/42 1309/183/42
f 1360/185/372 1359/148/372 1310/147/372
f 1335/188/373 1384/187/373 1360/185/373
f 1334/179/374 1383/283/374 1384/187/374
f 1333/189/38 1382/192/38 1383/123/38
f 1332/191/375 1381/2862/375 1382/192/375
f 1379/135/376 1378/203/376 1329/193/376
f 1380/195/377 1379/2861/377 1330/155/377
f 1374/197/378 1380/195/378 1331/196/378
f 1375/150/30 1374/2863/30 1325/198/30
f 1376/202/31 1375/200/31 1326/201/31
f 1328/172/32 1377/282/32 1376/202/32
f 1378/203/33 1377/2864/33 1328/204/33
f 1406/205/3 1408/217/3 1421/206/3
f 1418/208/4 1422/230/4 1427/209/4
f 1420/211/6 1409/269/6 1414/212/6
f 1407/214/2 1412/224/2 1416/215/2
f 1413/205/1 1424/207/1 1428/206/1
f 1412/224/2 1407/214/2 1405/218/2
f 1407/214/2 1410/216/2 1408/220/2
f 1410/216/2 1416/215/2 1414/225/2
f 1416/215/2 1412/224/2 1413/238/2
f 1424/207/1288 1413/205/1288 1435/240/1288
f 1429/242/379 1415/217/379 1428/206/379
f 1428/244/4 1424/251/4 1425/210/4
f 1418/208/4 1425/210/4 1423/232/4
f 1427/209/4 1422/230/4 1420/229/4
f 1422/230/4 1418/208/4 1419/245/4
f 1433/240/51 1406/205/51 1419/207/51
f 1421/206/52 1408/217/52 1431/242/52
f 1405/269/5 1417/211/5 1423/213/5
f 1429/242/56 1430/243/56 1426/247/56
f 1432/243/55 1431/242/55 1409/248/55
f 1433/240/58 1434/241/58 1417/250/58
f 1436/241/57 1435/240/57 1411/249/57
f 1439/252/2 1440/2865/2 1438/253/2
f 1443/255/1 1444/2866/1 1440/256/1
f 1443/258/4 1441/270/4 1442/259/4
f 1437/261/60 1438/2867/60 1442/257/60
f 1437/263/5 1441/2868/5 1443/264/5
f 1442/266/6 1438/2869/6 1440/267/6
f 1461/206/1 1448/217/1 1446/205/1
f 1467/209/4 1462/230/4 1458/208/4
f 1454/212/6 1449/269/6 1460/211/6
f 1447/214/2 1450/216/2 1456/215/2
f 1453/205/3 1455/217/3 1468/206/3
f 1445/218/2 1447/214/2 1452/224/2
f 1448/220/2 1450/216/2 1447/214/2
f 1454/225/2 1456/215/2 1450/216/2
f 1453/238/2 1452/224/2 1456/215/2
f 1475/240/51 1453/205/51 1464/207/51
f 1469/242/65 1470/243/65 1468/206/65
f 1465/210/4 1464/251/4 1468/244/4
f 1457/227/4 1463/232/4 1465/210/4
f 1460/229/4 1462/230/4 1467/209/4
f 1459/245/4 1458/208/4 1462/230/4
f 1473/240/53 1474/241/53 1459/207/53
f 1471/242/54 1448/217/54 1461/206/54
f 1463/213/5 1457/211/5 1445/269/5
f 1466/247/55 1470/243/55 1469/242/55
f 1460/247/56 1449/248/56 1471/242/56
f 1457/250/57 1474/241/57 1473/240/57
f 1451/249/58 1475/240/58 1476/241/58
f 1478/253/2 1480/2865/2 1479/252/2
f 1480/256/3 1484/2866/3 1483/255/3
f 1483/258/4 1484/260/4 1482/259/4
f 1482/257/59 1478/2867/59 1477/261/59
f 1483/264/5 1481/2868/5 1477/263/5
f 1480/267/6 1478/2869/6 1482/266/6
f 1157/188/373 1335/188/373 1311/186/373
f 1134/142/363 1312/142/363 1336/144/363
f 1133/186/381 1311/40/381 1312/142/381
f 1336/144/382 1335/63/382 1157/188/382
f 1489/284/2 1491/286/2 1496/285/2
f 1488/288/1 1492/2870/1 1491/287/1
f 1490/290/2 1489/284/2 1497/291/2
f 1489/292/3 1490/294/3 1486/293/3
f 1491/295/5 1489/289/5 1485/287/5
f 1488/298/6 1486/2871/6 1490/297/6
f 1490/290/2 1498/347/2 1495/306/2
f 1492/296/2 1495/306/2 1496/285/2
f 1486/304/70 1488/302/70 1494/300/70
f 1500/309/124 1502/312/124 1501/308/124
f 1519/284/2 1526/291/2 1525/285/2
f 1520/290/2 1527/347/2 1526/291/2
f 1519/292/1265 1485/348/1265 1518/293/1265
f 1524/306/2 1527/347/2 1520/290/2
f 1525/285/2 1524/306/2 1522/296/2
f 1532/313/74 1533/316/74 1531/314/74
f 1538/327/81 1539/330/81 1537/328/81
f 1545/305/71 1558/303/71 1557/307/71
f 1577/308/80 1578/312/80 1576/309/80
f 1579/311/81 1580/314/81 1578/312/81
f 1581/313/82 1582/316/82 1580/314/82
f 1581/313/83 1583/315/83 1584/318/83
f 1585/317/134 1586/320/134 1584/318/134
f 1587/319/114 1588/322/114 1586/320/114
f 1592/327/136 1593/330/136 1591/328/136
f 1604/314/101 1606/316/101 1605/313/101
f 1606/316/102 1608/318/102 1607/315/102
f 1608/318/123 1610/320/123 1609/317/123
f 1610/320/383 1612/322/383 1611/319/383
f 1612/322/384 1614/321/384 1613/323/384
f 1614/321/385 1616/324/385 1615/326/385
f 1616/324/91 1618/328/91 1617/325/91
f 1618/328/125 1620/330/125 1619/327/125
f 1620/330/93 1622/332/93 1621/329/93
f 1622/332/94 1624/2872/94 1623/331/94
f 1626/342/97 1628/343/97 1627/341/97
f 1628/343/98 1602/309/98 1601/310/98
f 1663/478/206 1670/497/206 1669/477/206
f 1668/494/223 1676/492/223 1670/497/223
f 1684/517/3 1686/519/3 1685/516/3
f 1715/392/205 1716/394/205 1714/652/205
f 1717/395/153 1718/393/153 1716/394/153
f 1724/412/161 1725/415/161 1723/413/161
f 1741/465/194 1740/661/194 1723/429/194
f 1747/503/261 1749/507/261 1750/506/261
f 1751/505/209 1752/509/209 1750/506/209
f 1753/508/210 1754/511/210 1752/509/210
f 1762/535/270 1763/538/270 1761/536/270
f 1767/560/231 1768/676/231 1751/561/231
f 1773/564/233 1774/678/233 1758/565/233
f 1746/549/234 1765/673/234 1766/566/234
f 1747/533/241 1766/566/241 1767/560/241
f 1790/569/217 1789/588/217 1781/590/217
f 1786/591/211 1785/588/211 1778/590/211
f 1791/592/218 1790/569/218 1782/571/218
f 1794/693/264 1796/363/264 1795/692/264
f 1796/694/263 1798/359/263 1797/361/263
f 1808/392/205 1809/394/205 1807/652/205
f 1815/409/308 1816/408/308 1814/653/308
f 1836/468/352 1835/470/352 1814/442/352
f 1838/455/161 1846/481/161 1845/454/161
f 1842/670/156 1841/2962/156 1833/669/156
f 1844/671/308 1843/495/308 1835/496/308
f 1849/503/261 1851/507/261 1852/506/261
f 1853/561/353 1863/676/353 1864/551/353
f 1882/688/222 1881/2963/222 1871/687/222
f 1911/478/206 1921/497/206 1920/477/206
f 1915/484/1 1923/482/1 1924/489/1
f 1933/517/3 1935/519/3 1934/516/3
f 1933/540/349 1949/679/349 1950/580/349
f 1935/563/350 1950/580/350 1951/583/350
f 1953/570/162 1962/592/162 1963/599/162
f 1954/600/163 1963/599/163 1964/605/163
f 1945/606/152 1956/605/152 1957/599/152
f 1946/600/205 1957/599/205 1958/592/205
s 1
usemtl mat_soviet_vc20_wagon
f 2176/713/386 1980/714/387 1981/715/388
f 2168/716/389 1974/717/390 2169/718/391
f 2162/719/392 1965/720/393 1967/721/394
f 1966/722/395 2176/713/386 1981/715/388
f 2170/723/396 1974/717/390 1975/724/397
f 2162/719/392 1968/725/398 2163/726/399
f 2171/727/400 1975/724/397 1976/728/401
f 2163/726/399 1969/729/402 2164/730/403
f 2172/731/404 1976/728/401 1977/732/405
f 2164/730/403 1970/733/406 2165/734/407
f 2173/735/408 1977/732/405 1978/736/409
f 2165/734/407 1971/737/410 2166/738/411
f 2174/739/412 1978/736/409 1979/740/413
f 2166/738/411 1972/741/414 2167/742/415
f 2175/743/416 1979/740/413 1980/744/387
f 2167/745/415 1973/746/417 2168/716/389
f 1980/744/387 1994/747/418 1995/748/419
f 1972/749/414 1988/750/420 1973/746/417
f 1981/715/388 1995/751/419 1996/752/421
f 1973/746/417 1989/753/422 1974/717/390
f 1967/721/394 1965/720/393 1982/754/423
f 1966/722/395 1981/715/388 1996/752/421
f 1975/724/397 1989/753/422 1990/755/424
f 1967/721/394 1983/756/425 1968/725/398
f 1976/728/401 1990/755/424 1991/757/426
f 1968/725/398 1984/758/427 1969/729/402
f 1977/732/405 1991/757/426 1992/759/428
f 1969/729/402 1985/760/429 1970/733/406
f 1978/736/409 1992/759/428 1993/761/430
f 1970/733/406 1986/762/431 1971/737/410
f 1979/740/413 1993/761/430 1994/747/418
f 1971/737/410 1987/763/432 1972/741/414
f 1983/756/425 1999/764/433 1984/758/427
f 1992/765/428 2006/766/434 2007/767/435
f 1984/758/427 2000/768/436 1985/760/429
f 1993/761/430 2007/769/435 2008/770/437
f 1985/760/429 2001/771/438 1986/762/431
f 1994/747/418 2008/770/437 2009/772/439
f 1986/773/431 2002/774/440 1987/775/432
f 1995/748/419 2009/772/439 2010/776/441
f 1987/775/432 2003/777/442 1988/778/420
f 1996/752/421 2010/779/441 2011/780/443
f 1988/778/420 2004/781/444 1989/782/422
f 1982/754/423 1965/720/393 1997/783/445
f 1966/722/395 1996/752/421 2011/780/443
f 1990/784/424 2004/781/444 2005/785/446
f 1982/754/423 1998/786/447 1983/756/425
f 1991/787/426 2005/785/446 2006/766/434
f 2002/774/440 2018/788/448 2003/777/442
f 2011/780/443 2025/789/449 2026/790/450
f 2003/777/442 2019/791/451 2004/781/444
f 1997/783/445 1965/720/393 2012/792/452
f 1966/722/395 2011/780/443 2026/790/450
f 2005/785/446 2019/791/451 2020/793/453
f 1997/783/445 2013/794/454 1998/786/447
f 2006/766/434 2020/793/453 2021/795/455
f 1998/786/447 2014/796/456 1999/764/433
f 2007/767/435 2021/795/455 2022/797/457
f 1999/764/433 2015/798/458 2000/768/436
f 2008/799/437 2022/797/457 2023/800/459
f 2000/801/436 2016/802/460 2001/803/438
f 2009/804/439 2023/800/459 2024/805/461
f 2001/803/438 2017/806/462 2002/774/440
f 2010/779/441 2024/807/461 2025/789/449
f 2022/797/457 2036/808/463 2037/809/464
f 2014/810/456 2030/811/465 2015/812/458
f 2023/800/459 2037/809/464 2038/813/466
f 2015/812/458 2031/814/467 2016/802/460
f 2024/805/461 2038/813/466 2039/815/468
f 2016/802/460 2032/816/469 2017/806/462
f 2025/817/449 2039/815/468 2040/818/470
f 2017/806/462 2033/819/471 2018/788/448
f 2026/790/450 2040/820/470 2041/821/472
f 2018/788/448 2034/822/473 2019/791/451
f 2012/792/452 1965/720/393 2027/823/474
f 1966/722/395 2026/790/450 2041/821/472
f 2020/793/453 2034/822/473 2035/824/475
f 2012/792/452 2028/825/476 2013/794/454
f 2021/795/455 2035/824/475 2036/808/463
f 2013/794/454 2029/826/477 2014/796/456
f 2041/821/472 2055/827/478 2056/828/479
f 2033/819/471 2049/829/480 2034/822/473
f 2027/823/474 1965/720/393 2042/830/481
f 1966/722/395 2041/821/472 2056/828/479
f 2035/824/475 2049/829/480 2050/831/482
f 2027/823/474 2043/832/483 2028/825/476
f 2036/808/463 2050/831/482 2051/833/484
f 2028/825/476 2044/834/485 2029/826/477
f 2037/809/464 2051/833/484 2052/835/486
f 2029/836/477 2045/837/487 2030/811/465
f 2038/813/466 2052/835/486 2053/838/488
f 2030/811/465 2046/839/489 2031/814/467
f 2039/815/468 2053/838/488 2054/840/490
f 2031/814/467 2047/841/491 2032/816/469
f 2040/818/470 2054/840/490 2055/842/478
f 2032/816/469 2048/843/492 2033/819/471
f 2044/844/485 2060/845/493 2045/837/487
f 2052/835/486 2068/846/494 2053/838/488
f 2046/839/489 2060/845/493 2061/847/495
f 2053/838/488 2069/848/496 2054/840/490
f 2046/839/489 2062/849/497 2047/841/491
f 2054/840/490 2070/850/498 2055/842/478
f 2048/843/492 2062/849/497 2063/851/499
f 2055/827/478 2071/852/500 2056/828/479
f 2048/843/492 2064/853/501 2049/829/480
f 2042/830/481 1965/720/393 2057/854/502
f 1966/722/395 2056/828/479 2071/852/500
f 2050/831/482 2064/853/501 2065/855/503
f 2043/832/483 2057/854/502 2058/856/504
f 2050/831/482 2066/857/505 2051/833/484
f 2044/834/485 2058/856/504 2059/858/506
f 2051/833/484 2067/859/507 2052/835/486
f 2064/853/501 2078/860/508 2079/861/509
f 2057/854/502 1965/720/393 2072/862/510
f 1966/722/395 2071/852/500 2086/863/511
f 2064/853/501 2080/864/512 2065/855/503
f 2058/856/504 2072/862/510 2073/865/513
f 2065/855/503 2081/866/514 2066/857/505
f 2059/858/506 2073/865/513 2074/867/515
f 2066/857/505 2082/868/516 2067/859/507
f 2060/845/493 2074/869/515 2075/870/517
f 2067/859/507 2083/871/518 2068/846/494
f 2061/847/495 2075/870/517 2076/872/519
f 2068/846/494 2084/873/520 2069/848/496
f 2062/849/497 2076/872/519 2077/874/521
f 2069/875/496 2085/876/522 2070/877/498
f 2063/851/499 2077/874/521 2078/860/508
f 2070/877/498 2086/863/511 2071/852/500
f 2082/868/516 2098/878/523 2083/871/518
f 2076/872/519 2090/879/524 2091/880/525
f 2083/871/518 2099/881/526 2084/873/520
f 2077/874/521 2091/880/525 2092/882/527
f 2084/883/520 2100/884/528 2085/876/522
f 2078/860/508 2092/882/527 2093/885/529
f 2085/876/522 2101/886/530 2086/863/511
f 2079/861/509 2093/885/529 2094/887/531
f 2072/862/510 1965/720/393 2087/888/532
f 1966/722/395 2086/863/511 2101/886/530
f 2079/861/509 2095/889/533 2080/864/512
f 2073/865/513 2087/888/532 2088/890/534
f 2080/864/512 2096/891/535 2081/866/514
f 2074/867/515 2088/890/534 2089/892/536
f 2081/866/514 2097/893/537 2082/868/516
f 2075/870/517 2089/894/536 2090/879/524
f 1966/722/395 2101/886/530 2116/895/538
f 2094/887/531 2110/896/539 2095/889/533
f 2088/890/534 2102/897/540 2103/898/541
f 2095/889/533 2111/899/542 2096/891/535
f 2089/892/536 2103/898/541 2104/900/543
f 2096/891/535 2112/901/544 2097/893/537
f 2090/879/524 2104/902/543 2105/903/545
f 2097/893/537 2113/904/546 2098/878/523
f 2091/880/525 2105/903/545 2106/905/547
f 2098/906/523 2114/907/548 2099/908/526
f 2092/882/527 2106/905/547 2107/909/549
f 2099/908/526 2115/910/550 2100/884/528
f 2093/885/529 2107/909/549 2108/911/551
f 2100/884/528 2116/895/538 2101/886/530
f 2094/887/531 2108/911/551 2109/912/552
f 2087/888/532 1965/720/393 2102/897/540
f 2113/913/546 2129/914/553 2114/907/548
f 2107/915/549 2121/916/554 2122/917/555
f 2114/907/548 2130/918/556 2115/910/550
f 2108/911/551 2122/919/555 2123/920/557
f 2115/910/550 2131/921/558 2116/895/538
f 2109/912/552 2123/920/557 2124/922/559
f 2102/897/540 1965/720/393 2117/923/560
f 1966/722/395 2116/895/538 2131/921/558
f 2109/912/552 2125/924/561 2110/896/539
f 2103/898/541 2117/923/560 2118/925/562
f 2110/896/539 2126/926/563 2111/899/542
f 2104/927/543 2118/928/562 2119/929/564
f 2111/899/542 2127/930/565 2112/901/544
f 2105/931/545 2119/929/564 2120/932/566
f 2112/933/544 2128/934/567 2113/913/546
f 2106/935/547 2120/932/566 2121/916/554
f 2118/925/562 2132/936/568 2133/937/569
f 2125/938/561 2141/939/570 2126/940/563
f 2119/929/564 2133/941/569 2134/942/571
f 2126/943/563 2142/944/572 2127/945/565
f 2120/932/566 2134/942/571 2135/946/573
f 2127/945/565 2143/947/574 2128/934/567
f 2121/916/554 2135/946/573 2136/948/575
f 2128/934/567 2144/949/576 2129/914/553
f 2122/917/555 2136/948/575 2137/950/577
f 2129/914/553 2145/951/578 2130/918/556
f 2123/952/557 2137/950/577 2138/953/579
f 2130/918/556 2146/954/580 2131/921/558
f 2124/955/559 2138/953/579 2139/956/581
f 2117/923/560 1965/720/393 2132/936/568
f 1966/722/395 2131/921/558 2146/954/580
f 2124/955/559 2140/957/582 2125/938/561
f 2137/950/577 2151/958/583 2152/959/584
f 2144/949/576 2160/960/585 2145/951/578
f 2138/953/579 2152/959/584 2153/961/586
f 2145/951/578 2161/962/587 2146/954/580
f 2139/956/581 2153/961/586 2154/963/588
f 2132/936/568 1965/720/393 2147/964/589
f 1966/722/395 2146/954/580 2161/962/587
f 2139/956/581 2155/965/590 2140/957/582
f 2133/937/569 2147/964/589 2148/966/591
f 2140/957/582 2156/967/592 2141/939/570
f 2134/942/571 2148/968/591 2149/969/593
f 2141/970/570 2157/971/594 2142/944/572
f 2135/946/573 2149/969/593 2150/972/595
f 2142/944/572 2158/973/596 2143/947/574
f 2136/948/575 2150/972/595 2151/958/583
f 2143/947/574 2159/974/597 2144/949/576
f 2305/975/598 2188/976/599 2321/977/599
f 2306/978/2 2200/979/600 2322/980/600
f 2321/981/599 2189/982/601 2323/983/601
f 2307/984/602 2201/985/2 2306/978/2
f 2323/983/601 2190/986/603 2324/987/603
f 2308/988/604 2202/989/602 2307/984/602
f 2324/987/603 2191/990/605 2325/991/605
f 2309/992/606 2203/993/604 2308/988/604
f 2326/994/607 2191/990/605 2192/995/607
f 2310/996/608 2204/997/606 2309/992/606
f 2326/994/607 2193/998/609 2327/999/609
f 2311/1000/610 2205/1001/608 2310/996/608
f 2312/1002/611 2180/1003/612 2328/1004/612
f 2313/1005/613 2206/1006/610 2311/1000/610
f 2328/1007/612 2181/1008/614 2329/1009/614
f 2314/1010/615 2207/1011/613 2313/1012/613
f 2329/1009/614 2182/1013/616 2330/1014/616
f 2315/1015/617 2194/1016/618 2331/1017/618
f 2331/1017/618 2177/1018/6 2332/1019/6
f 2330/1014/616 2183/1020/619 2333/1021/619
f 2316/1022/620 2195/1023/617 2315/1015/617
f 2312/1002/611 2177/1018/6 2179/1024/611
f 2314/1010/615 2178/1025/5 2208/1026/615
f 2333/1021/619 2184/1027/621 2334/1028/621
f 2316/1022/620 2197/1029/622 2196/1030/620
f 2327/999/609 2178/1025/5 2317/1031/5
f 2334/1028/621 2185/1032/623 2335/1033/623
f 2318/1034/622 2198/1035/624 2197/1029/622
f 2335/1033/623 2186/1036/4 2336/1037/4
f 2320/1038/625 2198/1035/624 2319/1039/624
f 2336/1037/4 2187/1040/598 2305/975/598
f 2320/1041/625 2200/979/600 2199/1042/625
f 2272/1043/625 2211/1044/600 2240/1045/625
f 2256/1046/4 2210/1047/598 2257/1048/598
f 2272/1049/625 2238/1050/624 2271/1051/624
f 2255/1052/623 2239/1053/4 2256/1046/4
f 2271/1051/624 2236/1054/622 2270/1055/622
f 2255/1052/623 2235/1056/621 2237/1057/623
f 2247/1058/609 2234/1059/5 2269/1060/5
f 2270/1055/622 2233/1061/620 2268/1062/620
f 2254/1063/621 2232/1064/619 2235/1056/621
f 2269/1060/5 2227/1065/615 2266/1066/615
f 2252/1067/6 2224/1068/611 2264/1069/611
f 2268/1062/620 2230/1070/617 2267/1071/617
f 2250/1072/616 2232/1064/619 2253/1073/619
f 2251/1074/618 2231/1075/6 2252/1067/6
f 2251/1074/618 2230/1070/617 2229/1076/618
f 2249/1077/614 2228/1078/616 2250/1072/616
f 2266/1066/615 2225/1079/613 2265/1080/613
f 2248/1081/612 2226/1082/614 2249/1077/614
f 2265/1083/613 2222/1084/610 2263/1085/610
f 2248/1086/612 2224/1068/611 2223/1087/612
f 2262/1088/608 2222/1084/610 2220/1089/608
f 2246/1090/607 2221/1091/609 2247/1058/609
f 2261/1092/606 2220/1089/608 2218/1093/606
f 2245/1094/605 2219/1095/607 2246/1090/607
f 2260/1096/604 2218/1093/606 2216/1097/604
f 2245/1094/605 2215/1098/603 2217/1099/605
f 2260/1096/604 2214/1100/602 2259/1101/602
f 2244/1102/603 2213/1103/601 2215/1098/603
f 2259/1101/602 2212/1104/2 2258/1105/2
f 2241/1106/599 2213/1103/601 2243/1107/601
f 2258/1108/2 2211/1044/600 2242/1109/600
f 2257/1048/598 2209/1110/599 2241/1111/599
f 2156/967/592 2257/1048/598 2241/1111/599
f 2169/718/391 2242/1112/600 2168/716/389
f 2156/1113/592 2243/1107/601 2157/971/594
f 2170/723/396 2258/1105/2 2169/718/391
f 2158/973/596 2243/1107/601 2244/1102/603
f 2171/727/400 2259/1101/602 2170/723/396
f 2158/973/596 2245/1094/605 2159/974/597
f 2171/727/400 2261/1092/606 2260/1096/604
f 2159/974/597 2246/1090/607 2160/960/585
f 2173/735/408 2261/1092/606 2172/731/404
f 2160/960/585 2247/1058/609 2161/962/587
f 2174/739/412 2262/1088/608 2173/735/408
f 2148/966/591 2264/1069/611 2248/1086/612
f 2175/743/416 2263/1085/610 2174/739/412
f 2148/968/591 2249/1077/614 2149/969/593
f 2176/713/386 2265/1080/613 2175/1114/416
f 2149/969/593 2250/1072/616 2150/972/595
f 2163/726/399 2251/1074/618 2162/719/392
f 1965/720/393 2251/1074/618 2252/1067/6
f 2150/972/595 2253/1073/619 2151/958/583
f 2164/730/403 2267/1071/617 2163/726/399
f 1965/720/393 2264/1069/611 2147/964/589
f 1966/722/395 2266/1066/615 2176/713/386
f 2152/959/584 2253/1073/619 2254/1063/621
f 2165/734/407 2268/1062/620 2164/730/403
f 1966/722/395 2247/1058/609 2269/1060/5
f 2152/959/584 2255/1052/623 2153/961/586
f 2166/738/411 2270/1055/622 2165/734/407
f 2153/961/586 2256/1046/4 2154/963/588
f 2167/742/415 2271/1051/624 2166/738/411
f 2154/963/588 2257/1048/598 2155/965/590
f 2167/745/415 2242/1112/600 2272/1115/625
f 2240/1116/625 2290/1117/600 2288/1118/625
f 2239/1053/4 2273/1119/598 2210/1047/598
f 2240/1120/625 2287/1121/624 2238/1050/624
f 2237/1057/623 2304/1122/4 2239/1053/4
f 2238/1050/624 2286/1123/622 2236/1054/622
f 2237/1057/623 2302/1124/621 2303/1125/623
f 2221/1091/609 2285/1126/5 2234/1059/5
f 2236/1054/622 2284/1127/620 2233/1061/620
f 2232/1064/619 2302/1124/621 2235/1056/621
f 2234/1059/5 2282/1128/615 2227/1065/615
f 2231/1075/6 2280/1129/611 2224/1068/611
f 2233/1061/620 2283/1130/617 2230/1070/617
f 2228/1078/616 2301/1131/619 2232/1064/619
f 2229/1076/618 2300/1132/6 2231/1075/6
f 2229/1076/618 2283/1130/617 2299/1133/618
f 2226/1082/614 2298/1134/616 2228/1078/616
f 2227/1065/615 2281/1135/613 2225/1079/613
f 2223/1136/612 2297/1137/614 2226/1082/614
f 2225/1138/613 2279/1139/610 2222/1084/610
f 2223/1087/612 2280/1129/611 2296/1140/612
f 2220/1089/608 2279/1139/610 2278/1141/608
f 2219/1095/607 2295/1142/609 2221/1091/609
f 2218/1093/606 2278/1141/608 2277/1143/606
f 2217/1099/605 2294/1144/607 2219/1095/607
f 2216/1097/604 2277/1143/606 2276/1145/604
f 2217/1099/605 2292/1146/603 2293/1147/605
f 2216/1097/604 2275/1148/602 2214/1100/602
f 2213/1103/601 2292/1146/603 2215/1098/603
f 2214/1100/602 2274/1149/2 2212/1104/2
f 2209/1150/599 2291/1151/601 2213/1103/601
f 2212/1104/2 2290/1117/600 2211/1152/600
f 2210/1047/598 2289/1153/599 2209/1110/599
f 2288/1118/625 2322/980/600 2320/1041/625
f 2304/1154/4 2305/1155/598 2273/1156/598
f 2288/1157/625 2319/1039/624 2287/1121/624
f 2303/1158/623 2336/1159/4 2304/1154/4
f 2286/1123/622 2319/1039/624 2318/1034/622
f 2302/1124/621 2335/1033/623 2303/1125/623
f 2285/1126/5 2327/999/609 2317/1031/5
f 2286/1123/622 2316/1022/620 2284/1127/620
f 2301/1131/619 2334/1028/621 2302/1124/621
f 2285/1126/5 2314/1010/615 2282/1128/615
f 2300/1132/6 2312/1002/611 2280/1129/611
f 2284/1127/620 2315/1015/617 2283/1130/617
f 2298/1134/616 2333/1021/619 2301/1131/619
f 2299/1133/618 2332/1019/6 2300/1132/6
f 2283/1130/617 2331/1017/618 2299/1133/618
f 2297/1137/614 2330/1014/616 2298/1134/616
f 2282/1128/615 2313/1012/613 2281/1135/613
f 2296/1160/612 2329/1009/614 2297/1137/614
f 2281/1161/613 2311/1000/610 2279/1139/610
f 2280/1129/611 2328/1004/612 2296/1140/612
f 2278/1141/608 2311/1000/610 2310/996/608
f 2294/1144/607 2327/999/609 2295/1142/609
f 2278/1141/608 2309/992/606 2277/1143/606
f 2293/1147/605 2326/994/607 2294/1144/607
f 2276/1145/604 2309/992/606 2308/988/604
f 2292/1146/603 2325/991/605 2293/1147/605
f 2276/1162/604 2307/1163/602 2275/1156/602
f 2291/1151/601 2324/987/603 2292/1146/603
f 2274/1164/2 2307/1163/602 2306/1165/2
f 2289/1166/599 2323/983/601 2291/1151/601
f 2274/1164/2 2322/1167/600 2290/1168/600
f 2273/1156/598 2321/1169/599 2289/1162/599
f 2548/713/626 2352/714/627 2547/1114/628
f 2346/717/629 2540/716/630 2541/718/631
f 2534/719/632 2339/721/633 2337/720/634
f 2338/722/635 2353/715/636 2548/713/626
f 2542/723/637 2346/717/629 2541/718/631
f 2340/725/638 2534/719/632 2535/726/639
f 2543/727/640 2347/724/641 2542/723/637
f 2341/729/642 2535/726/639 2536/730/643
f 2544/731/644 2348/728/645 2543/727/640
f 2342/733/646 2536/730/643 2537/734/647
f 2545/735/648 2349/732/649 2544/731/644
f 2343/737/650 2537/734/647 2538/738/651
f 2546/739/652 2350/736/653 2545/735/648
f 2344/741/654 2538/738/651 2539/742/655
f 2547/743/628 2351/740/656 2546/739/652
f 2345/746/657 2539/745/655 2540/716/630
f 2352/744/627 2366/747/658 2351/740/656
f 2360/750/659 2344/749/654 2345/746/657
f 2353/715/636 2367/751/660 2352/714/627
f 2361/753/661 2345/746/657 2346/717/629
f 2339/721/633 2354/754/662 2337/720/634
f 2338/722/635 2368/752/663 2353/715/636
f 2347/724/641 2361/753/661 2346/717/629
f 2355/756/664 2339/721/633 2340/725/638
f 2348/728/645 2362/755/665 2347/724/641
f 2356/758/666 2340/725/638 2341/729/642
f 2349/732/649 2363/757/667 2348/728/645
f 2357/760/668 2341/729/642 2342/733/646
f 2350/736/653 2364/759/669 2349/732/649
f 2358/762/670 2342/733/646 2343/737/650
f 2351/740/656 2365/761/671 2350/736/653
f 2359/763/672 2343/737/650 2344/741/654
f 2371/764/673 2355/756/664 2356/758/666
f 2364/1170/669 2378/1171/674 2363/1172/667
f 2372/768/675 2356/758/666 2357/760/668
f 2365/761/671 2379/769/676 2364/759/669
f 2373/771/677 2357/760/668 2358/762/670
f 2366/747/658 2380/770/678 2365/761/671
f 2374/1173/679 2358/1174/670 2359/1175/672
f 2367/748/660 2381/772/680 2366/747/658
f 2375/1176/681 2359/1175/672 2360/1177/659
f 2368/752/663 2382/779/682 2367/751/660
f 2376/1178/683 2360/1177/659 2361/1179/661
f 2354/754/662 2369/783/684 2337/720/634
f 2338/722/635 2383/780/685 2368/752/663
f 2362/1180/665 2376/1178/683 2361/1179/661
f 2370/786/686 2354/754/662 2355/756/664
f 2363/1172/667 2377/1181/687 2362/1180/665
f 2390/1182/688 2374/1173/679 2375/1176/681
f 2383/780/685 2397/789/689 2382/779/682
f 2391/1183/690 2375/1176/681 2376/1178/683
f 2369/783/684 2384/792/691 2337/720/634
f 2338/722/635 2398/790/692 2383/780/685
f 2377/1181/687 2391/1183/690 2376/1178/683
f 2385/794/693 2369/783/684 2370/786/686
f 2378/1171/674 2392/1184/694 2377/1181/687
f 2386/796/695 2370/786/686 2371/764/673
f 2379/1185/676 2393/1186/696 2378/1171/674
f 2387/798/697 2371/764/673 2372/768/675
f 2380/1187/678 2394/1188/698 2379/1185/676
f 2388/1189/699 2372/1190/675 2373/1191/677
f 2381/1192/680 2395/1193/700 2380/1187/678
f 2389/1194/701 2373/1191/677 2374/1173/679
f 2382/779/682 2396/807/702 2381/1195/680
f 2394/1188/698 2408/1196/703 2393/1186/696
f 2402/1197/704 2386/1198/695 2387/1199/697
f 2395/1193/700 2409/1200/705 2394/1188/698
f 2403/1201/706 2387/1199/697 2388/1189/699
f 2396/1202/702 2410/1203/707 2395/1193/700
f 2404/1204/708 2388/1189/699 2389/1194/701
f 2397/1205/689 2411/1206/709 2396/1202/702
f 2405/1207/710 2389/1194/701 2390/1182/688
f 2398/790/692 2412/820/711 2397/789/689
f 2406/1208/712 2390/1182/688 2391/1183/690
f 2384/792/691 2399/823/713 2337/720/634
f 2338/722/635 2413/821/714 2398/790/692
f 2392/1184/694 2406/1208/712 2391/1183/690
f 2400/825/715 2384/792/691 2385/794/693
f 2393/1186/696 2407/1209/716 2392/1184/694
f 2401/826/717 2385/794/693 2386/796/695
f 2413/821/714 2427/827/718 2412/820/711
f 2421/1210/719 2405/1207/710 2406/1208/712
f 2399/823/713 2414/830/720 2337/720/634
f 2338/722/635 2428/828/721 2413/821/714
f 2407/1209/716 2421/1210/719 2406/1208/712
f 2415/832/722 2399/823/713 2400/825/715
f 2408/1196/703 2422/1211/723 2407/1209/716
f 2416/834/724 2400/825/715 2401/826/717
f 2409/1200/705 2423/1212/725 2408/1196/703
f 2417/1213/726 2401/1214/717 2402/1197/704
f 2410/1203/707 2424/1215/727 2409/1200/705
f 2418/1216/728 2402/1197/704 2403/1201/706
f 2411/1206/709 2425/1217/729 2410/1203/707
f 2419/1218/730 2403/1201/706 2404/1204/708
f 2412/1219/711 2426/1220/731 2411/1206/709
f 2420/1221/732 2404/1204/708 2405/1207/710
f 2432/1222/733 2416/1223/724 2417/1213/726
f 2440/1224/734 2424/1215/727 2425/1217/729
f 2433/1225/735 2417/1213/726 2418/1216/728
f 2426/1220/731 2440/1224/734 2425/1217/729
f 2419/1218/730 2433/1225/735 2418/1216/728
f 2442/1226/736 2426/1220/731 2427/1227/718
f 2420/1221/732 2434/1228/737 2419/1218/730
f 2443/852/738 2427/827/718 2428/828/721
f 2436/1229/739 2420/1221/732 2421/1210/719
f 2414/830/720 2429/854/740 2337/720/634
f 2338/722/635 2443/852/738 2428/828/721
f 2422/1211/723 2436/1229/739 2421/1210/719
f 2415/832/722 2429/854/740 2414/830/720
f 2438/1230/741 2422/1211/723 2423/1212/725
f 2416/834/724 2430/856/742 2415/832/722
f 2439/1231/743 2423/1212/725 2424/1215/727
f 2436/1229/739 2450/1232/744 2435/1233/745
f 2429/854/740 2444/862/746 2337/720/634
f 2338/722/635 2458/863/747 2443/852/738
f 2452/1234/748 2436/1229/739 2437/1235/749
f 2430/856/742 2444/862/746 2429/854/740
f 2453/1236/750 2437/1235/749 2438/1230/741
f 2431/858/751 2445/865/752 2430/856/742
f 2454/1237/753 2438/1230/741 2439/1231/743
f 2432/1222/733 2446/1238/754 2431/1239/751
f 2455/1240/755 2439/1231/743 2440/1224/734
f 2433/1225/735 2447/1241/756 2432/1222/733
f 2456/1242/757 2440/1224/734 2441/1243/758
f 2434/1228/737 2448/1244/759 2433/1225/735
f 2457/876/760 2441/875/758 2442/877/736
f 2435/1233/745 2449/1245/761 2434/1228/737
f 2458/863/747 2442/877/736 2443/852/738
f 2470/1246/762 2454/1237/753 2455/1240/755
f 2448/1244/759 2462/1247/763 2447/1241/756
f 2471/1248/764 2455/1240/755 2456/1242/757
f 2449/1245/761 2463/1249/765 2448/1244/759
f 2472/884/766 2456/883/757 2457/876/760
f 2450/1232/744 2464/1250/767 2449/1245/761
f 2473/886/768 2457/876/760 2458/863/747
f 2451/1251/769 2465/1252/770 2450/1232/744
f 2444/862/746 2459/888/771 2337/720/634
f 2338/722/635 2473/886/768 2458/863/747
f 2467/1253/772 2451/1251/769 2452/1234/748
f 2445/865/752 2459/888/771 2444/862/746
f 2468/1254/773 2452/1234/748 2453/1236/750
f 2446/867/754 2460/890/774 2445/865/752
f 2469/1255/775 2453/1236/750 2454/1237/753
f 2447/1241/756 2461/1256/776 2446/1238/754
f 2338/722/635 2488/895/777 2473/886/768
f 2482/1257/778 2466/1258/779 2467/1253/772
f 2460/890/774 2474/897/780 2459/888/771
f 2483/1259/781 2467/1253/772 2468/1254/773
f 2461/892/776 2475/898/782 2460/890/774
f 2484/1260/783 2468/1254/773 2469/1255/775
f 2462/1247/763 2476/1261/784 2461/1256/776
f 2485/1262/785 2469/1255/775 2470/1246/762
f 2463/1249/765 2477/1263/786 2462/1247/763
f 2486/907/787 2470/906/762 2471/908/764
f 2464/1250/767 2478/1264/788 2463/1249/765
f 2487/910/789 2471/908/764 2472/884/766
f 2465/1252/770 2479/1265/790 2464/1250/767
f 2488/895/777 2472/884/766 2473/886/768
f 2466/1258/779 2480/1266/791 2465/1252/770
f 2459/888/771 2474/897/780 2337/720/634
f 2501/914/792 2485/913/785 2486/907/787
f 2479/915/790 2493/916/793 2478/935/788
f 2502/918/794 2486/907/787 2487/910/789
f 2480/1266/791 2494/1267/795 2479/1265/790
f 2503/921/796 2487/910/789 2488/895/777
f 2481/1268/797 2495/1269/798 2480/1266/791
f 2474/897/780 2489/923/799 2337/720/634
f 2338/722/635 2503/921/796 2488/895/777
f 2497/1270/800 2481/1268/797 2482/1257/778
f 2475/898/782 2489/923/799 2474/897/780
f 2498/1271/801 2482/1257/778 2483/1259/781
f 2476/927/784 2490/928/802 2475/1272/782
f 2499/1273/803 2483/1259/781 2484/1260/783
f 2477/931/786 2491/929/804 2476/927/784
f 2500/934/805 2484/933/783 2485/913/785
f 2478/935/788 2492/932/806 2477/931/786
f 2490/925/802 2504/936/807 2489/923/799
f 2513/939/808 2497/938/800 2498/940/801
f 2491/929/804 2505/941/809 2490/928/802
f 2514/944/810 2498/943/801 2499/945/803
f 2492/932/806 2506/942/811 2491/929/804
f 2515/947/812 2499/945/803 2500/934/805
f 2493/916/793 2507/946/813 2492/932/806
f 2516/949/814 2500/934/805 2501/914/792
f 2494/917/795 2508/948/815 2493/916/793
f 2517/951/816 2501/914/792 2502/918/794
f 2495/952/798 2509/950/817 2494/917/795
f 2518/954/818 2502/918/794 2503/921/796
f 2496/955/819 2510/953/820 2495/952/798
f 2489/923/799 2504/936/807 2337/720/634
f 2338/722/635 2518/954/818 2503/921/796
f 2512/957/821 2496/955/819 2497/938/800
f 2509/950/817 2523/958/822 2508/948/815
f 2532/960/823 2516/949/814 2517/951/816
f 2510/953/820 2524/959/824 2509/950/817
f 2533/962/825 2517/951/816 2518/954/818
f 2511/956/826 2525/961/827 2510/953/820
f 2504/936/807 2519/964/828 2337/720/634
f 2338/722/635 2533/962/825 2518/954/818
f 2527/965/829 2511/956/826 2512/957/821
f 2505/937/809 2519/964/828 2504/936/807
f 2528/967/830 2512/957/821 2513/939/808
f 2506/942/811 2520/968/831 2505/941/809
f 2529/971/832 2513/970/808 2514/944/810
f 2507/946/813 2521/969/833 2506/942/811
f 2530/973/834 2514/944/810 2515/947/812
f 2508/948/815 2522/972/835 2507/946/813
f 2531/974/836 2515/947/812 2516/949/814
f 2188/976/599 2645/975/598 2661/977/599
f 2200/979/600 2646/978/2 2662/980/600
f 2189/982/601 2661/981/599 2663/983/601
f 2201/985/2 2647/984/602 2646/978/2
f 2190/986/603 2663/983/601 2664/987/603
f 2202/989/602 2648/988/604 2647/984/602
f 2665/991/605 2190/986/603 2664/987/603
f 2648/988/604 2204/997/606 2649/992/606
f 2666/994/607 2191/990/605 2665/991/605
f 2204/997/606 2650/996/608 2649/992/606
f 2193/998/609 2666/994/607 2667/999/609
f 2650/996/608 2206/1006/610 2651/1000/610
f 2180/1003/612 2652/1002/611 2668/1004/612
f 2206/1006/610 2653/1005/613 2651/1000/610
f 2181/1008/614 2668/1007/612 2669/1009/614
f 2207/1011/613 2654/1010/615 2653/1012/613
f 2182/1013/616 2669/1009/614 2670/1014/616
f 2194/1016/618 2655/1015/617 2671/1017/618
f 2177/1018/6 2671/1017/618 2672/1019/6
f 2183/1020/619 2670/1014/616 2673/1021/619
f 2195/1023/617 2656/1022/620 2655/1015/617
f 2179/1024/611 2672/1019/6 2652/1002/611
f 2654/1010/615 2178/1025/5 2657/1031/5
f 2184/1027/621 2673/1021/619 2674/1028/621
f 2196/1030/620 2658/1034/622 2656/1022/620
f 2178/1025/5 2667/999/609 2657/1031/5
f 2675/1033/623 2184/1027/621 2674/1028/621
f 2658/1034/622 2198/1035/624 2659/1039/624
f 2186/1036/4 2675/1033/623 2676/1037/4
f 2198/1035/624 2660/1038/625 2659/1039/624
f 2187/1040/598 2676/1037/4 2645/975/598
f 2660/1041/625 2200/979/600 2662/980/600
f 2612/1115/625 2551/1152/600 2582/1112/600
f 2550/1047/598 2596/1046/4 2597/1048/598
f 2578/1050/624 2612/1049/625 2611/1051/624
f 2579/1274/4 2595/1275/623 2596/1276/4
f 2576/1054/622 2611/1051/624 2610/1055/622
f 2595/1275/623 2575/1277/621 2594/1278/621
f 2574/1059/5 2587/1058/609 2609/1060/5
f 2573/1061/620 2610/1055/622 2608/1062/620
f 2594/1063/621 2572/1064/619 2593/1073/619
f 2567/1065/615 2609/1060/5 2606/1066/615
f 2564/1068/611 2592/1067/6 2604/1069/611
f 2607/1071/617 2573/1061/620 2608/1062/620
f 2572/1064/619 2590/1072/616 2593/1073/619
f 2571/1075/6 2591/1074/618 2592/1067/6
f 2591/1074/618 2570/1070/617 2607/1071/617
f 2568/1078/616 2589/1077/614 2590/1072/616
f 2605/1080/613 2567/1065/615 2606/1066/615
f 2589/1077/614 2563/1136/612 2588/1081/612
f 2562/1084/610 2605/1083/613 2603/1085/610
f 2588/1086/612 2564/1068/611 2604/1069/611
f 2602/1088/608 2562/1084/610 2603/1085/610
f 2561/1091/609 2586/1090/607 2587/1058/609
f 2601/1092/606 2560/1089/608 2602/1088/608
f 2586/1090/607 2557/1099/605 2585/1094/605
f 2600/1096/604 2558/1093/606 2601/1092/606
f 2585/1094/605 2555/1098/603 2584/1102/603
f 2554/1100/602 2600/1096/604 2599/1101/602
f 2584/1102/603 2553/1103/601 2583/1107/601
f 2552/1104/2 2599/1101/602 2598/1105/2
f 2553/1103/601 2581/1106/599 2583/1107/601
f 2551/1152/600 2598/1105/2 2582/1112/600
f 2549/1110/599 2597/1048/598 2581/1111/599
f 2581/1111/599 2527/965/829 2528/967/830
f 2582/1112/600 2541/718/631 2540/716/630
f 2583/1107/601 2528/1113/830 2529/971/832
f 2598/1105/2 2542/723/637 2541/718/631
f 2530/973/834 2583/1107/601 2529/971/832
f 2599/1101/602 2543/727/640 2542/723/637
f 2585/1094/605 2530/973/834 2531/974/836
f 2543/727/640 2601/1092/606 2544/731/644
f 2586/1090/607 2531/974/836 2532/960/823
f 2601/1092/606 2545/735/648 2544/731/644
f 2587/1058/609 2532/960/823 2533/962/825
f 2602/1088/608 2546/739/652 2545/735/648
f 2588/1086/612 2519/964/828 2520/966/831
f 2603/1085/610 2547/743/628 2546/739/652
f 2589/1077/614 2520/968/831 2521/969/833
f 2605/1080/613 2548/713/626 2547/1114/628
f 2590/1072/616 2521/969/833 2522/972/835
f 2591/1074/618 2535/726/639 2534/719/632
f 2337/720/634 2591/1074/618 2534/719/632
f 2593/1073/619 2522/972/835 2523/958/822
f 2607/1071/617 2536/730/643 2535/726/639
f 2604/1069/611 2337/720/634 2519/964/828
f 2606/1066/615 2338/722/635 2548/713/626
f 2524/959/824 2593/1073/619 2523/958/822
f 2608/1062/620 2537/734/647 2536/730/643
f 2338/722/635 2587/1058/609 2533/962/825
f 2595/1052/623 2524/959/824 2525/961/827
f 2610/1055/622 2538/738/651 2537/734/647
f 2596/1046/4 2525/961/827 2526/963/837
f 2611/1051/624 2539/742/655 2538/738/651
f 2597/1048/598 2526/963/837 2527/965/829
f 2539/745/655 2582/1112/600 2540/716/630
f 2580/1116/625 2630/1117/600 2551/1152/600
f 2613/1119/598 2579/1053/4 2550/1047/598
f 2627/1121/624 2580/1120/625 2578/1050/624
f 2644/1122/4 2577/1057/623 2579/1053/4
f 2626/1123/622 2578/1050/624 2576/1054/622
f 2577/1057/623 2642/1124/621 2575/1056/621
f 2625/1126/5 2561/1091/609 2574/1059/5
f 2624/1127/620 2576/1054/622 2573/1061/620
f 2642/1124/621 2572/1064/619 2575/1056/621
f 2622/1128/615 2574/1059/5 2567/1065/615
f 2620/1129/611 2571/1075/6 2564/1068/611
f 2623/1130/617 2573/1061/620 2570/1070/617
f 2641/1131/619 2568/1078/616 2572/1064/619
f 2640/1132/6 2569/1076/618 2571/1075/6
f 2569/1076/618 2623/1130/617 2570/1070/617
f 2638/1134/616 2566/1082/614 2568/1078/616
f 2621/1135/613 2567/1065/615 2565/1079/613
f 2637/1137/614 2563/1136/612 2566/1082/614
f 2619/1139/610 2565/1138/613 2562/1084/610
f 2563/1087/612 2620/1129/611 2564/1068/611
f 2560/1089/608 2619/1139/610 2562/1084/610
f 2635/1142/609 2559/1095/607 2561/1091/609
f 2558/1093/606 2618/1141/608 2560/1089/608
f 2634/1144/607 2557/1099/605 2559/1095/607
f 2556/1097/604 2617/1143/606 2558/1093/606
f 2557/1099/605 2632/1146/603 2555/1098/603
f 2615/1148/602 2556/1097/604 2554/1100/602
f 2632/1146/603 2553/1103/601 2555/1098/603
f 2614/1149/2 2554/1100/602 2552/1104/2
f 2631/1151/601 2549/1150/599 2553/1103/601
f 2630/1117/600 2552/1104/2 2551/1152/600
f 2629/1153/599 2550/1047/598 2549/1110/599
f 2628/1118/625 2662/980/600 2630/1117/600
f 2645/1279/598 2644/1280/4 2613/1281/598
f 2659/1039/624 2628/1157/625 2627/1121/624
f 2676/1037/4 2643/1125/623 2644/1122/4
f 2658/1034/622 2627/1121/624 2626/1123/622
f 2643/1125/623 2674/1028/621 2642/1124/621
f 2657/1031/5 2635/1142/609 2625/1126/5
f 2656/1022/620 2626/1123/622 2624/1127/620
f 2674/1028/621 2641/1131/619 2642/1124/621
f 2654/1010/615 2625/1126/5 2622/1128/615
f 2652/1002/611 2640/1132/6 2620/1129/611
f 2655/1015/617 2624/1127/620 2623/1130/617
f 2673/1021/619 2638/1134/616 2641/1131/619
f 2672/1019/6 2639/1133/618 2640/1132/6
f 2639/1133/618 2655/1015/617 2623/1130/617
f 2670/1014/616 2637/1137/614 2638/1134/616
f 2621/1135/613 2654/1010/615 2622/1128/615
f 2669/1009/614 2636/1160/612 2637/1137/614
f 2651/1000/610 2621/1161/613 2619/1139/610
f 2636/1140/612 2652/1002/611 2620/1129/611
f 2618/1141/608 2651/1000/610 2619/1139/610
f 2635/1142/609 2666/994/607 2634/1144/607
f 2649/992/606 2618/1141/608 2617/1143/606
f 2666/994/607 2633/1147/605 2634/1144/607
f 2616/1145/604 2649/992/606 2617/1143/606
f 2633/1147/605 2664/987/603 2632/1146/603
f 2647/984/602 2616/1145/604 2615/1148/602
f 2664/987/603 2631/1151/601 2632/1146/603
f 2646/978/2 2615/1148/602 2614/1149/2
f 2631/1151/601 2661/981/599 2629/1166/599
f 2662/1282/600 2614/1283/2 2630/1284/600
f 2661/1285/599 2613/1281/598 2629/1286/599
s 0
f 2678/1287/1 2679/1288/1 2677/1289/1
f 2680/1290/838 2683/1291/838 2679/1292/838
f 2684/1293/3 2681/1294/3 2683/1295/3
f 2682/1296/839 2677/1297/839 2681/1291/839
f 2683/1298/5 2677/1299/5 2679/1300/5
f 2680/1301/6 2682/1302/6 2684/1303/6
s 1
f 2695/1304/6 2700/1305/618 2706/1306/6
f 2705/1307/611 2695/1304/6 2706/1306/6
f 2693/1308/612 2705/1307/611 2704/1309/612
f 2692/1310/614 2704/1309/612 2703/1311/614
f 2690/1312/616 2703/1313/614 2702/1314/616
f 2691/1315/618 2699/1316/617 2700/1305/618
f 2701/1317/840 2690/1312/616 2702/1314/616
f 2689/1318/617 2698/1319/620 2699/1316/617
f 2687/1320/620 2697/1321/622 2698/1319/620
f 2686/1322/622 2696/1323/841 2697/1321/622
f 2728/1324/609 2718/1325/5 2717/1306/5
f 2717/1306/5 2716/1326/615 2715/1307/615
f 2715/1307/615 2714/1327/613 2713/1328/613
f 2713/1328/613 2712/1329/610 2711/1311/610
f 2711/1330/610 2710/1331/608 2709/1332/608
f 2727/1333/607 2719/1334/609 2728/1324/609
f 2707/1335/842 2710/1331/608 2708/1336/842
f 2726/1337/605 2720/1338/607 2727/1333/607
f 2725/1339/603 2721/1340/605 2726/1337/605
f 2724/1341/843 2722/1342/603 2725/1339/603
f 2685/1343/4 2724/1344/4 2696/1345/4
f 2693/1346/1 2712/1347/1 2714/1348/1
f 2702/1349/3 2707/1350/3 2701/1351/3
f 2692/1352/1 2710/1353/1 2712/1347/1
f 2700/1354/3 2727/1355/3 2728/1356/3
f 2691/1357/1 2720/1358/1 2689/1359/1
f 2703/1360/3 2709/1361/3 2702/1349/3
f 2690/1362/1 2708/1363/1 2710/1353/1
f 2704/1364/3 2711/1365/3 2703/1360/3
f 2689/1359/1 2721/1366/1 2687/1367/1
f 2705/1368/3 2713/1369/3 2704/1364/3
f 2695/1370/1 2719/1371/1 2691/1357/1
f 2697/1372/3 2724/1373/3 2725/1374/3
f 2687/1367/1 2722/1375/1 2686/1376/1
f 2706/1377/3 2715/1378/3 2705/1368/3
f 2695/1370/1 2716/1379/1 2718/1380/1
f 2698/1381/3 2725/1374/3 2726/1382/3
f 2701/1383/2 2708/1336/2 2688/1384/2
f 2686/1376/1 2723/1385/1 2685/1386/1
f 2706/1377/3 2728/1356/3 2717/1387/3
f 2694/1388/1 2714/1348/1 2716/1379/1
f 2699/1389/3 2726/1382/3 2727/1355/3
s 0
f 2730/1390/1 2731/1391/1 2729/1392/1
f 2749/1393/1 2744/1394/1 2750/1395/1
f 2736/1396/6 2780/1397/6 2752/1398/6
f 2746/1399/4 2729/1400/4 2748/1401/4
f 2735/1402/5 2739/1403/5 2737/1404/5
f 2732/1405/6 2746/1406/6 2747/1407/6
f 2738/1408/6 2734/1409/6 2736/1396/6
f 2737/1404/5 2748/1410/5 2745/1411/5
f 2734/1412/4 2739/1413/4 2733/1414/4
f 2778/1415/3 2800/1416/3 2785/1417/3
f 2752/1398/6 2741/1418/6 2749/1419/6
f 2750/1420/5 2743/1421/5 2751/1422/5
f 2732/1423/2 2745/1424/2 2731/1425/2
f 2745/1411/5 2729/1426/5 2731/1427/5
f 2747/1407/6 2740/1428/6 2738/1408/6
f 2740/1429/4 2748/1401/4 2739/1413/4
f 2737/1404/5 2751/1422/5 2735/1402/5
f 2736/1396/6 2749/1419/6 2738/1408/6
f 2758/1430/2 2783/1431/2 2757/1432/2
f 2738/1408/6 2749/1419/6 2747/1407/6
f 2750/1420/5 2737/1404/5 2745/1411/5
f 2747/1433/844 2750/1434/844 2745/1424/844
f 2755/1435/1 2754/1436/1 2753/1437/1
f 2744/1394/1 2769/1438/1 2770/1439/1
f 2733/1414/4 2776/1440/4 2734/1412/4
f 2753/1441/2 2766/1442/2 2768/1443/2
f 2763/1444/5 2759/1445/5 2761/1446/5
f 2766/1447/6 2756/1448/6 2767/1449/6
f 2758/1450/6 2762/1451/6 2760/1452/6
f 2768/1453/5 2761/1446/5 2765/1454/5
f 2763/1455/2 2758/1430/2 2757/1432/2
f 2760/1452/6 2784/1456/6 2758/1450/6
f 2741/1418/6 2772/1457/6 2769/1458/6
f 2743/1421/5 2770/1459/5 2771/1460/5
f 2765/1461/4 2756/1462/4 2755/1463/4
f 2753/1464/5 2765/1454/5 2755/1465/5
f 2764/1466/6 2767/1449/6 2762/1451/6
f 2768/1443/2 2764/1467/2 2763/1455/2
f 2771/1460/5 2761/1446/5 2759/1445/5
f 2769/1458/6 2760/1452/6 2762/1451/6
f 2752/1398/6 2777/1468/6 2742/1469/6
f 2762/1451/6 2767/1449/6 2769/1458/6
f 2770/1459/5 2765/1454/5 2761/1446/5
f 2770/1470/845 2767/1471/845 2765/1461/845
f 2773/1472/3 2775/1473/3 2774/1474/3
f 2779/1475/3 2777/1476/3 2780/1477/3
f 2774/1474/3 2780/1477/3 2773/1472/3
f 2783/1478/3 2781/1479/3 2782/1480/3
f 2777/1476/3 2785/1417/3 2786/1481/3
f 2786/1481/3 2782/1480/3 2781/1479/3
f 2759/1482/1 2794/1483/1 2771/1484/1
f 2742/1469/6 2786/1485/6 2772/1457/6
f 2783/1431/2 2792/1486/2 2757/1432/2
f 2779/1475/3 2797/1487/3 2778/1415/3
f 2743/1488/1 2790/1489/1 2751/1490/1
f 2782/1480/3 2798/1491/3 2783/1478/3
f 2772/1457/6 2781/1492/6 2760/1452/6
f 2734/1409/6 2773/1493/6 2736/1396/6
f 2791/1494/5 2796/1495/5 2790/1496/5
f 2793/1497/5 2800/1498/5 2794/1499/5
f 2794/1499/5 2797/1500/5 2791/1494/5
f 2789/1501/5 2788/1502/5 2787/1503/5
f 2790/1496/5 2795/1504/5 2789/1501/5
f 2792/1505/5 2799/1506/5 2793/1497/5
f 2774/1474/3 2796/1507/3 2779/1475/3
f 2733/1414/4 2788/1508/4 2775/1509/4
f 2775/1473/3 2795/1510/3 2774/1474/3
f 2785/1417/3 2799/1511/3 2782/1480/3
f 2771/1484/1 2791/1512/1 2743/1488/1
f 2735/1513/1 2787/1514/1 2733/1515/1
f 2751/1490/1 2789/1516/1 2735/1513/1
f 2757/1434/1 2793/1517/1 2759/1482/1
f 2802/1518/1 2803/1519/1 2801/1520/1
f 2804/1521/2 2807/1522/2 2803/1523/2
f 2808/1520/3 2805/1524/3 2807/1525/3
f 2806/1526/4 2801/1527/4 2805/1528/4
f 2807/1529/5 2801/1530/5 2803/1531/5
f 2804/1532/6 2806/1533/6 2808/1534/6
f 2811/1535/1 2810/1536/1 2809/1537/1
f 2815/1521/4 2812/1538/4 2811/1539/4
f 2813/1540/3 2816/1524/3 2815/1536/3
f 2809/1541/2 2814/1542/2 2813/1543/2
f 2809/1544/5 2815/1545/5 2811/1546/5
f 2814/1547/6 2812/1548/6 2816/1549/6
f 2854/1550/6 2871/1550/6 2872/1550/6
f 2855/1550/6 2872/1550/6 2873/1550/6
f 2856/1550/6 2873/1550/6 2874/1550/6
f 2857/1550/6 2874/1550/6 2875/1550/6
f 2858/1550/846 2875/1550/846 2876/1550/846
f 2859/1550/6 2876/1550/6 2877/1550/6
f 2860/1550/6 2877/1550/6 2878/1550/6
f 2861/1550/6 2878/1550/6 2879/1550/6
f 2862/1550/6 2879/1550/6 2880/1550/6
f 2863/1550/6 2880/1550/6 2881/1550/6
f 2864/1550/6 2881/1550/6 2882/1550/6
f 2865/1550/6 2882/1550/6 2883/1550/6
f 2866/1550/6 2883/1550/6 2884/1550/6
f 2867/1550/846 2884/1550/846 2885/1550/846
f 2868/1550/6 2885/1550/6 2886/1550/6
f 2869/1550/6 2886/1550/6 2887/1550/6
f 2870/1550/6 2887/1550/6 2888/1550/6
f 2853/1550/6 2888/1550/6 2871/1550/6
s 1
f 2943/1551/847 2945/1552/848 2965/1553/849
f 2944/1554/850 2943/1555/847 2966/1556/851
f 2947/1557/852 2944/1554/850 2966/1556/851
f 2950/1558/853 2952/1559/854 2943/1560/847
f 2950/1561/853 2955/1562/855 2952/1563/854
f 2954/1564/856 2953/1565/857 2949/1566/858
f 2958/1567/859 2957/1568/860 2955/1562/855
f 2960/1569/861 2959/1570/862 2957/1571/860
f 2961/1572/863 2960/1573/861 2958/1567/859
f 2966/1556/851 2943/1555/847 2967/1574/864
f 2945/1552/848 2964/1575/865 2965/1553/849
f 2964/1576/865 2945/1577/848 2947/1578/852
f 2944/1554/850 2947/1557/852 2946/1579/866
f 2945/1552/848 2943/1551/847 2947/1580/852
f 2943/1581/847 2948/1582/867 2947/1583/852
f 2944/1584/850 2946/1585/866 2949/1586/858
f 2946/1587/866 2947/1578/852 2949/1566/858
f 2947/1583/852 2948/1582/867 2949/1588/858
f 2948/1589/867 2943/1590/847 2952/1563/854
f 2949/1588/858 2948/1582/867 2951/1591/868
f 2951/1592/868 2954/1564/856 2949/1566/858
f 2955/1593/855 2950/1594/853 2953/1595/857
f 2954/1564/856 2956/1596/869 2953/1565/857
f 2957/1571/860 2959/1570/862 2954/1597/856
f 2954/1564/856 2959/1598/862 2956/1596/869
f 2958/1567/859 2960/1573/861 2957/1568/860
f 2958/1599/859 2956/1600/869 2961/1601/863
f 2963/1602/870 2959/1570/862 2960/1569/861
f 2963/1603/870 2960/1604/861 2961/1605/863
f 2956/1606/869 2963/1607/870 2962/1608/871
f 2963/1603/870 2961/1605/863 2967/1609/864
f 2967/1609/864 2964/1610/865 2963/1603/870
f 2961/1572/863 2962/1611/871 2967/1612/864
f 2965/1613/849 2967/1612/864 2943/1590/847
f 2964/1576/865 2947/1578/852 2966/1614/851
s 0
f 2820/1615/872 2817/1616/872 2819/1617/872
s 1
f 2971/1618/873 2973/1619/874 2969/1620/875
f 2971/1618/873 2976/1621/876 2973/1619/874
f 2972/1622/877 2977/1623/878 2974/1624/879
f 2980/1625/880 2978/1626/881 2975/1627/882
f 2985/1628/883 2986/1629/884 2983/1630/885
f 2987/1631/886 2986/1632/884 2985/1633/883
f 2970/1634/887 2971/1618/873 2969/1620/875
f 2968/1635/888 2974/1624/879 2970/1636/887
f 2970/1634/887 2974/1637/879 2971/1618/873
f 2978/1638/881 2979/1639/889 2977/1640/878
f 2976/1641/876 2981/1642/890 2980/1643/880
f 2980/1625/880 2985/1628/883 2983/1630/885
f 2983/1644/885 2988/1645/891 2984/1646/892
f 2982/1647/893 2987/1631/886 2985/1633/883
f 2989/1648/894 2991/1649/895 3012/1650/896
f 2990/1651/897 2989/1652/894 3013/1653/898
f 2993/1654/899 2990/1651/897 3013/1653/898
f 2996/1655/900 2998/1656/901 2989/1657/894
f 3000/1658/902 2999/1659/903 2995/1660/904
f 3003/1661/905 3004/1662/906 3000/1658/902
f 3007/1663/907 3006/1664/908 3002/1665/909
f 3011/1666/910 3010/1667/911 3006/1668/908
f 2993/1654/899 3013/1653/898 3010/1669/911
f 2991/1649/895 3011/1670/910 3012/1650/896
f 3011/1666/910 2991/1671/895 2993/1672/899
f 2990/1651/897 2993/1654/899 2992/1673/912
f 2991/1649/895 2989/1648/894 2993/1674/899
f 2989/1675/894 2994/1676/913 2993/1677/899
f 2990/1678/897 2992/1679/912 2995/1680/904
f 2992/1681/912 2993/1672/899 2995/1660/904
f 2993/1677/899 2994/1676/913 2995/1682/904
f 2994/1683/913 2989/1657/894 2998/1656/901
f 2995/1682/904 2994/1676/913 2997/1684/914
f 2997/1685/914 3000/1658/902 2995/1660/904
f 2998/1686/901 2996/1687/900 2999/1688/903
f 3000/1658/902 3001/1689/915 2999/1659/903
f 3005/1690/916 3002/1691/909 2998/1656/901
f 3000/1658/902 3004/1662/906 3001/1689/915
f 3002/1665/909 3006/1664/908 3003/1692/905
f 3005/1693/916 3001/1694/915 3004/1695/906
f 3005/1690/916 3007/1696/907 3002/1691/909
f 3006/1697/908 3007/1698/907 3008/1699/917
f 3007/1696/907 3009/1700/918 3008/1701/917
f 3004/1662/906 3006/1668/908 3010/1667/911
f 3008/1699/917 3011/1702/910 3006/1697/908
f 3008/1701/917 3013/1703/898 3012/1704/896
f 3008/1701/917 3009/1700/918 3013/1703/898
f 3009/1705/918 3010/1669/911 3013/1653/898
f 3012/1704/896 3013/1703/898 2989/1657/894
f 3011/1666/910 2993/1672/899 3010/1667/911
s 0
f 2850/1706/919 2851/1707/919 2852/1708/919
f 2854/1550/6 2853/1550/6 2871/1550/6
f 2855/1550/6 2854/1550/6 2872/1550/6
f 2856/1550/6 2855/1550/6 2873/1550/6
f 2857/1550/6 2856/1550/6 2874/1550/6
f 2858/1550/846 2857/1550/846 2875/1550/846
f 2859/1550/6 2858/1550/6 2876/1550/6
f 2860/1550/6 2859/1550/6 2877/1550/6
f 2861/1550/6 2860/1550/6 2878/1550/6
f 2862/1550/6 2861/1550/6 2879/1550/6
f 2863/1550/6 2862/1550/6 2880/1550/6
f 2864/1550/6 2863/1550/6 2881/1550/6
f 2865/1550/6 2864/1550/6 2882/1550/6
f 2866/1550/6 2865/1550/6 2883/1550/6
f 2867/1550/846 2866/1550/846 2884/1550/846
f 2868/1550/6 2867/1550/6 2885/1550/6
f 2869/1550/6 2868/1550/6 2886/1550/6
f 2870/1550/6 2869/1550/6 2887/1550/6
f 2853/1550/6 2870/1550/6 2888/1550/6
s 1
f 2943/1709/847 2944/1584/850 2950/1710/853
f 2950/1710/853 2944/1584/850 2949/1586/858
f 2951/1591/868 2948/1582/867 2952/1711/854
f 2950/1710/853 2949/1586/858 2953/1712/857
f 2974/1713/879 2968/1714/888 2972/1715/877
f 2954/1597/856 2955/1716/855 2957/1571/860
f 2956/1596/869 2959/1598/862 2963/1717/870
f 2962/1608/871 2961/1718/863 2956/1606/869
f 2962/1608/871 2963/1607/870 2966/1719/851
f 2963/1717/870 2964/1576/865 2966/1614/851
f 2965/1553/849 2964/1575/865 2967/1720/864
f 2967/1574/864 2962/1721/871 2966/1556/851
f 2972/1715/877 2968/1714/888 2969/1722/875
f 2975/1723/882 2972/1724/877 2973/1725/874
f 2979/1726/889 2982/1727/893 2971/1618/873
f 2980/1625/880 2983/1630/885 2978/1626/881
f 2984/1728/892 2982/1727/893 2979/1726/889
f 2982/1647/893 2985/1633/883 2981/1729/890
f 2989/1730/894 2990/1678/897 2996/1731/900
f 2996/1731/900 2990/1678/897 2995/1680/904
f 2997/1684/914 2994/1676/913 2998/1732/901
f 2996/1687/900 2995/1733/904 2999/1688/903
f 3000/1734/902 2997/1735/914 2998/1736/901
f 3004/1662/906 3003/1661/905 3006/1668/908
f 3009/1737/918 3007/1738/907 3005/1739/916
f 3012/1650/896 3011/1670/910 3008/1740/917
s 0
f 2820/1615/920 2821/1741/920 2822/1742/920
f 2822/1743/921 2823/1744/921 2824/1745/921
f 2824/1745/922 2825/1746/922 2826/1747/922
f 2826/1747/4 2827/1748/4 2828/1749/4
f 2828/1749/923 2829/1750/923 2830/1751/923
f 2830/1752/924 2831/1753/924 2832/1754/924
f 2832/1754/925 2833/1755/925 2834/1756/925
f 2834/1756/926 2835/1757/926 2836/1758/926
f 2836/1758/927 2837/1759/927 2838/1760/927
f 2838/1761/928 2839/1762/928 2840/1763/928
f 2840/1763/929 2841/1764/929 2842/1765/929
f 2842/1765/930 2843/1766/930 2844/1767/930
f 2844/1767/2 2845/1768/2 2846/1769/2
f 2846/1769/931 2847/1770/931 2848/1771/931
f 2848/1772/932 2849/1773/932 2850/1706/932
f 2838/1774/1 2818/1775/1 2826/1776/1
f 2852/1708/933 2817/1616/933 2818/1777/933
f 2857/1778/934 2823/1779/934 2856/1780/934
f 2862/1781/935 2833/1782/935 2861/1783/935
f 2845/1784/936 2866/1785/936 2867/1786/936
f 2821/1787/937 2854/1788/937 2855/1789/937
f 2831/1790/938 2859/1791/938 2860/1792/938
f 2841/1793/939 2864/1794/939 2865/1795/939
f 2851/1796/940 2869/1797/940 2870/1798/940
f 2827/1799/941 2857/1778/941 2858/1800/941
f 2837/1801/942 2862/1781/942 2863/1802/942
f 2847/1803/943 2867/1786/943 2868/1804/943
f 2855/1789/944 2823/1779/944 2821/1787/944
f 2833/1782/945 2860/1792/945 2861/1783/945
f 2843/1805/946 2865/1795/946 2866/1785/946
f 2854/1788/947 2817/1806/947 2853/1807/947
f 2851/1796/948 2853/1807/948 2817/1806/948
f 2829/1808/949 2858/1800/949 2859/1791/949
f 2837/1801/950 2864/1794/950 2839/1809/950
f 2847/1803/951 2869/1797/951 2849/1810/951
f 2875/1811/922 2892/1812/922 2893/1813/922
f 2912/1814/952 2893/1815/952 2911/1816/952
f 2883/1817/953 2900/1818/953 2901/1819/953
f 2876/1820/4 2893/1813/4 2894/1821/4
f 2884/1822/930 2901/1819/930 2902/1823/930
f 2877/1824/923 2894/1821/923 2895/1825/923
f 2885/1826/2 2902/1823/2 2903/1827/2
f 2878/1828/954 2895/1829/954 2896/1830/954
f 2886/1831/931 2903/1827/931 2904/1832/931
f 2879/1833/925 2896/1830/925 2897/1834/925
f 2872/1827/872 2890/1830/872 2889/1829/872
f 2887/1835/955 2904/1836/955 2905/1837/955
f 2880/1838/926 2897/1834/926 2898/1837/926
f 2873/1839/920 2889/1840/920 2891/1841/920
f 2888/1842/919 2905/1837/919 2906/1843/919
f 2881/1844/956 2898/1837/956 2899/1836/956
f 2874/1845/957 2891/1841/957 2892/1812/957
f 2871/1846/958 2906/1843/958 2890/1830/958
f 2882/1820/928 2899/1847/928 2900/1818/928
f 2940/1848/959 2921/1849/959 2939/1850/959
f 2901/1851/960 2920/1852/960 2902/1853/960
f 2912/1814/961 2895/1854/961 2894/1855/961
f 2903/1856/962 2920/1852/962 2921/1849/962
f 2896/1857/963 2913/1858/963 2914/1859/963
f 2922/1860/964 2903/1856/964 2921/1849/964
f 2914/1859/965 2897/1861/965 2896/1857/965
f 2908/1862/966 2889/1863/966 2890/1864/966
f 2904/1865/967 2923/1866/967 2905/1867/967
f 2916/1868/968 2897/1861/968 2915/1869/968
f 2889/1863/969 2909/1870/969 2891/1871/969
f 2924/1872/970 2905/1867/970 2923/1866/970
f 2917/1873/971 2898/1874/971 2916/1868/971
f 2909/1870/972 2892/1875/972 2891/1871/972
f 2924/1872/973 2890/1864/973 2906/1876/973
f 2899/1877/974 2918/1878/974 2900/1879/974
f 2911/1816/975 2892/1875/975 2910/1880/975
f 2900/1879/976 2919/1881/976 2901/1851/976
f 2925/1882/3 2936/1883/3 2932/1884/3
f 2932/1884/977 2915/1869/977 2914/1859/977
f 2925/1882/978 2908/1862/978 2926/1885/978
f 2940/1848/979 2923/1866/979 2922/1860/979
f 2933/1886/980 2916/1868/980 2915/1869/980
f 2925/1882/981 2909/1870/981 2907/1887/981
f 2941/1888/982 2924/1872/982 2923/1866/982
f 2916/1868/983 2935/1889/983 2917/1873/983
f 2928/1890/984 2909/1870/984 2927/1891/984
f 2924/1872/985 2926/1885/985 2908/1862/985
f 2935/1889/986 2918/1878/986 2917/1873/986
f 2928/1890/987 2911/1816/987 2910/1880/987
f 2937/1892/988 2918/1878/988 2936/1883/988
f 2930/1893/989 2911/1816/989 2929/1894/989
f 2919/1881/990 2938/1895/990 2920/1852/990
f 2931/1896/991 2912/1814/991 2930/1893/991
f 2938/1895/992 2921/1849/992 2920/1852/992
f 2931/1896/993 2914/1859/993 2913/1858/993
s 1
f 2954/1597/856 2952/1897/854 2955/1716/855
f 2955/1593/855 2956/1600/869 2958/1599/859
f 2976/1621/876 2982/1727/893 2981/1898/890
f 2973/1725/874 2972/1724/877 2969/1899/875
f 2973/1725/874 2976/1900/876 2975/1723/882
f 2974/1624/879 2977/1623/878 2971/1901/873
f 2972/1902/877 2978/1638/881 2977/1640/878
f 2975/1627/882 2978/1626/881 2972/1715/877
f 2976/1641/876 2980/1643/880 2975/1903/882
f 2977/1640/878 2979/1639/889 2971/1904/873
f 2979/1905/889 2983/1644/885 2984/1646/892
f 2984/1728/892 2987/1906/886 2982/1727/893
f 2981/1729/890 2985/1633/883 2980/1907/880
f 2986/1629/884 2988/1908/891 2983/1630/885
f 2998/1686/901 3001/1694/915 3005/1693/916
f 3000/1734/902 3002/1665/909 3003/1692/905
f 3004/1909/906 3009/1737/918 3005/1739/916
s 0
f 3014/1289/3 3017/1910/3 3015/1287/3
f 3020/1291/838 3017/1290/838 3016/1292/838
f 3020/1295/1 3019/1911/1 3021/1293/1
f 3014/1297/839 3019/1296/839 3018/1291/839
f 3014/1299/5 3020/1298/5 3016/1300/5
f 3019/1302/6 3017/1301/6 3021/1303/6
s 1
f 3037/1305/618 3032/1304/6 3043/1306/6
f 3043/1306/6 3031/1912/611 3042/1307/611
f 3041/1309/612 3031/1912/611 3030/1308/612
f 3041/1309/612 3029/1310/614 3040/1311/614
f 3039/1314/616 3029/1913/614 3027/1312/616
f 3037/1305/618 3026/1318/617 3028/1315/618
f 3039/1314/616 3025/1914/840 3038/1317/840
f 3036/1316/617 3024/1320/620 3026/1318/617
f 3035/1319/620 3023/1322/622 3024/1320/620
f 3033/1323/841 3023/1322/622 3034/1321/622
f 3055/1325/5 3065/1324/609 3054/1306/5
f 3052/1307/615 3055/1325/5 3054/1306/5
f 3051/1327/613 3052/1307/615 3050/1328/613
f 3049/1329/610 3050/1328/613 3048/1311/610
f 3046/1332/608 3049/1915/610 3048/1330/610
f 3056/1334/609 3064/1333/607 3065/1324/609
f 3044/1335/842 3047/1331/608 3046/1332/608
f 3057/1338/607 3063/1337/605 3064/1333/607
f 3063/1337/605 3059/1342/603 3062/1339/603
f 3059/1342/603 3061/1341/843 3062/1339/603
f 3061/1344/4 3022/1343/4 3033/1345/4
f 3030/1346/3 3049/1347/3 3029/1352/3
f 3044/1350/1 3039/1349/1 3038/1351/1
f 3029/1352/3 3047/1353/3 3027/1362/3
f 3037/1354/1 3064/1355/1 3036/1389/1
f 3057/1358/3 3028/1357/3 3026/1359/3
f 3046/1361/1 3040/1360/1 3039/1349/1
f 3027/1362/3 3045/1363/3 3025/1916/3
f 3048/1365/1 3041/1364/1 3040/1360/1
f 3058/1366/3 3026/1359/3 3024/1367/3
f 3050/1369/1 3042/1368/1 3041/1364/1
f 3056/1371/3 3032/1370/3 3028/1357/3
f 3034/1372/1 3061/1373/1 3033/1917/1
f 3059/1375/3 3024/1367/3 3023/1376/3
f 3052/1378/1 3043/1377/1 3042/1368/1
f 3032/1370/3 3053/1379/3 3031/1388/3
f 3035/1381/1 3062/1374/1 3034/1372/1
f 3045/1336/2 3038/1383/2 3025/1384/2
f 3060/1385/3 3023/1376/3 3022/1386/3
f 3043/1377/1 3065/1356/1 3037/1354/1
f 3031/1388/3 3051/1348/3 3030/1346/3
f 3036/1389/1 3063/1382/1 3035/1381/1
s 0
f 3068/1391/3 3067/1390/3 3066/1392/3
f 3081/1394/3 3086/1393/3 3087/1395/3
f 3117/1397/6 3073/1396/6 3089/1398/6
f 3066/1400/4 3083/1399/4 3085/1401/4
f 3076/1403/5 3072/1402/5 3074/1404/5
f 3083/1406/6 3069/1405/6 3084/1407/6
f 3071/1409/6 3075/1408/6 3073/1396/6
f 3085/1410/5 3074/1404/5 3082/1411/5
f 3076/1413/4 3071/1412/4 3070/1414/4
f 3137/1416/1 3115/1415/1 3122/1417/1
f 3078/1418/6 3089/1398/6 3086/1419/6
f 3080/1421/5 3087/1420/5 3088/1422/5
f 3082/1424/2 3069/1423/2 3068/1425/2
f 3066/1426/5 3082/1411/5 3068/1427/5
f 3077/1428/6 3084/1407/6 3075/1408/6
f 3085/1401/4 3077/1429/4 3076/1413/4
f 3088/1422/5 3074/1404/5 3072/1402/5
f 3086/1419/6 3073/1396/6 3075/1408/6
f 3120/1431/2 3095/1430/2 3094/1432/2
f 3075/1408/6 3084/1407/6 3086/1419/6
f 3087/1420/5 3082/1411/5 3074/1404/5
f 3087/1434/994 3084/1433/994 3082/1424/994
f 3091/1436/3 3092/1435/3 3090/1437/3
f 3106/1438/3 3081/1394/3 3107/1439/3
f 3113/1440/4 3070/1414/4 3071/1412/4
f 3103/1442/2 3090/1441/2 3105/1443/2
f 3096/1445/5 3100/1444/5 3098/1446/5
f 3093/1448/6 3103/1447/6 3104/1449/6
f 3099/1451/6 3095/1450/6 3097/1452/6
f 3098/1446/5 3105/1453/5 3102/1454/5
f 3095/1430/2 3100/1455/2 3094/1432/2
f 3121/1456/6 3097/1452/6 3095/1450/6
f 3109/1457/6 3078/1418/6 3106/1458/6
f 3107/1459/5 3080/1421/5 3108/1460/5
f 3093/1462/4 3102/1461/4 3092/1463/4
f 3102/1454/5 3090/1464/5 3092/1465/5
f 3104/1449/6 3101/1466/6 3099/1451/6
f 3101/1467/2 3105/1443/2 3100/1455/2
f 3098/1446/5 3108/1460/5 3096/1445/5
f 3097/1452/6 3106/1458/6 3099/1451/6
f 3114/1468/6 3089/1398/6 3079/1469/6
f 3099/1451/6 3106/1458/6 3104/1449/6
f 3107/1459/5 3098/1446/5 3102/1454/5
f 3104/1471/995 3107/1470/995 3102/1461/995
f 3112/1473/1 3110/1472/1 3111/1474/1
f 3114/1476/1 3116/1475/1 3117/1477/1
f 3117/1477/1 3111/1474/1 3110/1472/1
f 3118/1479/1 3120/1478/1 3119/1480/1
f 3122/1417/1 3114/1476/1 3123/1481/1
f 3119/1480/1 3123/1481/1 3118/1479/1
f 3131/1483/3 3096/1482/3 3108/1484/3
f 3123/1485/6 3079/1469/6 3109/1457/6
f 3129/1486/2 3120/1431/2 3094/1432/2
f 3134/1487/1 3116/1475/1 3115/1415/1
f 3127/1489/3 3080/1488/3 3088/1490/3
f 3135/1491/1 3119/1480/1 3120/1478/1
f 3118/1492/6 3109/1457/6 3097/1452/6
f 3110/1493/6 3071/1409/6 3073/1396/6
f 3133/1495/5 3128/1494/5 3127/1496/5
f 3137/1498/5 3130/1497/5 3131/1499/5
f 3134/1500/5 3131/1499/5 3128/1494/5
f 3125/1502/5 3126/1501/5 3124/1503/5
f 3132/1504/5 3127/1496/5 3126/1501/5
f 3136/1506/5 3129/1505/5 3130/1497/5
f 3133/1507/1 3111/1474/1 3116/1475/1
f 3125/1508/4 3070/1414/4 3112/1509/4
f 3132/1510/1 3112/1473/1 3111/1474/1
f 3136/1511/1 3122/1417/1 3119/1480/1
f 3128/1512/3 3108/1484/3 3080/1488/3
f 3124/1514/3 3072/1513/3 3070/1515/3
f 3126/1516/3 3088/1490/3 3072/1513/3
f 3130/1517/3 3094/1434/3 3096/1482/3
f 3140/1519/3 3139/1518/3 3138/1520/3
f 3144/1522/2 3141/1521/2 3140/1523/2
f 3142/1524/1 3145/1520/1 3144/1525/1
f 3138/1527/4 3143/1526/4 3142/1528/4
f 3138/1530/5 3144/1529/5 3140/1531/5
f 3143/1533/6 3141/1532/6 3145/1534/6
f 3147/1536/3 3148/1535/3 3146/1537/3
f 3149/1538/4 3152/1521/4 3148/1539/4
f 3153/1524/1 3150/1540/1 3152/1536/1
f 3151/1542/2 3146/1541/2 3150/1543/2
f 3152/1545/5 3146/1544/5 3148/1546/5
f 3149/1548/6 3151/1547/6 3153/1549/6
f 3191/1550/6 3209/1550/6 3208/1550/6
f 3192/1550/6 3210/1550/6 3209/1550/6
f 3193/1550/6 3211/1550/6 3210/1550/6
f 3194/1550/6 3212/1550/6 3211/1550/6
f 3195/1550/846 3213/1550/846 3212/1550/846
f 3196/1550/6 3214/1550/6 3213/1550/6
f 3197/1550/6 3215/1550/6 3214/1550/6
f 3198/1550/6 3216/1550/6 3215/1550/6
f 3199/1550/6 3217/1550/6 3216/1550/6
f 3200/1550/6 3218/1550/6 3217/1550/6
f 3201/1550/6 3219/1550/6 3218/1550/6
f 3202/1550/6 3220/1550/6 3219/1550/6
f 3203/1550/6 3221/1550/6 3220/1550/6
f 3204/1550/846 3222/1550/846 3221/1550/846
f 3205/1550/6 3223/1550/6 3222/1550/6
f 3206/1550/6 3224/1550/6 3223/1550/6
f 3207/1550/6 3225/1550/6 3224/1550/6
f 3190/1550/6 3208/1550/6 3225/1550/6
s 1
f 3280/1551/996 3302/1553/997 3282/1552/998
f 3281/1554/999 3303/1556/1000 3280/1555/996
f 3284/1557/1001 3303/1556/1000 3281/1554/999
f 3287/1558/1002 3280/1560/996 3289/1559/1003
f 3287/1561/1002 3289/1563/1003 3292/1562/1004
f 3291/1564/1005 3286/1566/1006 3290/1565/1007
f 3295/1567/1008 3292/1562/1004 3294/1568/1009
f 3297/1569/1010 3294/1571/1009 3296/1570/1011
f 3298/1572/1012 3295/1567/1008 3297/1573/1010
f 3303/1556/1000 3304/1574/1013 3280/1555/996
f 3282/1552/998 3302/1553/997 3301/1575/1014
f 3301/1576/1014 3284/1578/1001 3282/1577/998
f 3281/1554/999 3283/1579/1015 3284/1557/1001
f 3282/1552/998 3284/1580/1001 3280/1551/996
f 3280/1581/996 3284/1583/1001 3285/1582/1016
f 3281/1584/999 3286/1586/1006 3283/1585/1015
f 3283/1587/1015 3286/1566/1006 3284/1578/1001
f 3284/1583/1001 3286/1588/1006 3285/1582/1016
f 3285/1589/1016 3289/1563/1003 3280/1590/996
f 3286/1588/1006 3288/1591/1017 3285/1582/1016
f 3288/1592/1017 3286/1566/1006 3291/1564/1005
f 3292/1593/1004 3290/1595/1007 3287/1594/1002
f 3291/1564/1005 3290/1565/1007 3293/1596/1018
f 3294/1571/1009 3291/1597/1005 3296/1570/1011
f 3291/1564/1005 3293/1596/1018 3296/1598/1011
f 3295/1567/1008 3294/1568/1009 3297/1573/1010
f 3295/1599/1008 3298/1601/1012 3293/1600/1018
f 3300/1602/1019 3297/1569/1010 3296/1570/1011
f 3300/1603/1019 3298/1605/1012 3297/1604/1010
f 3293/1606/1018 3299/1608/1020 3300/1607/1019
f 3300/1603/1019 3304/1609/1013 3298/1605/1012
f 3304/1609/1013 3300/1603/1019 3301/1610/1014
f 3298/1572/1012 3304/1612/1013 3299/1611/1020
f 3302/1613/997 3280/1590/996 3304/1612/1013
f 3301/1576/1014 3303/1614/1000 3284/1578/1001
s 0
f 3156/1617/1021 3155/1777/1021 3157/1615/1021
s 1
f 3308/1618/1022 3306/1620/1023 3310/1619/1024
f 3308/1618/1022 3310/1619/1024 3313/1621/1025
f 3309/1622/1026 3311/1624/1027 3314/1623/1028
f 3317/1625/1029 3312/1627/1030 3315/1626/1031
f 3322/1628/1032 3320/1630/1033 3323/1629/1034
f 3324/1631/1035 3322/1633/1032 3323/1632/1034
f 3307/1634/1036 3306/1620/1023 3308/1618/1022
f 3305/1635/1037 3307/1636/1036 3311/1624/1027
f 3307/1634/1036 3308/1618/1022 3311/1637/1027
f 3315/1638/1031 3314/1640/1028 3316/1639/1038
f 3313/1641/1025 3317/1643/1029 3318/1642/1039
f 3317/1625/1029 3320/1630/1033 3322/1628/1032
f 3320/1644/1033 3321/1646/1040 3325/1645/1041
f 3319/1647/1042 3322/1633/1032 3324/1631/1035
f 3326/1648/1043 3349/1650/1044 3328/1649/1045
f 3327/1651/1046 3350/1653/1047 3326/1652/1043
f 3330/1654/1048 3350/1653/1047 3327/1651/1046
f 3333/1655/1049 3326/1657/1043 3335/1656/1050
f 3337/1658/1051 3332/1660/1052 3336/1659/1053
f 3340/1661/1054 3337/1658/1051 3341/1662/1055
f 3344/1663/1056 3339/1665/1057 3343/1664/1058
f 3348/1666/1059 3343/1668/1058 3347/1667/1060
f 3330/1654/1048 3347/1669/1060 3350/1653/1047
f 3328/1649/1045 3349/1650/1044 3348/1670/1059
f 3348/1666/1059 3330/1672/1048 3328/1671/1045
f 3327/1651/1046 3329/1673/1061 3330/1654/1048
f 3328/1649/1045 3330/1674/1048 3326/1648/1043
f 3326/1675/1043 3330/1677/1048 3331/1676/1062
f 3327/1678/1046 3332/1680/1052 3329/1679/1061
f 3329/1681/1061 3332/1660/1052 3330/1672/1048
f 3330/1677/1048 3332/1682/1052 3331/1676/1062
f 3331/1683/1062 3335/1656/1050 3326/1657/1043
f 3332/1682/1052 3334/1684/1063 3331/1676/1062
f 3334/1685/1063 3332/1660/1052 3337/1658/1051
f 3335/1686/1050 3336/1688/1053 3333/1687/1049
f 3337/1658/1051 3336/1659/1053 3338/1689/1064
f 3342/1690/1065 3335/1656/1050 3339/1691/1057
f 3337/1658/1051 3338/1689/1064 3341/1662/1055
f 3339/1665/1057 3340/1692/1054 3343/1664/1058
f 3342/1693/1065 3341/1695/1055 3338/1694/1064
f 3342/1690/1065 3339/1691/1057 3344/1696/1056
f 3343/1697/1058 3345/1699/1066 3344/1698/1056
f 3344/1696/1056 3345/1701/1066 3346/1700/1067
f 3341/1662/1055 3347/1667/1060 3343/1668/1058
f 3345/1699/1066 3343/1697/1058 3348/1702/1059
f 3345/1701/1066 3349/1704/1044 3350/1703/1047
f 3345/1701/1066 3350/1703/1047 3346/1700/1067
f 3346/1705/1067 3350/1653/1047 3347/1669/1060
f 3349/1704/1044 3326/1657/1043 3350/1703/1047
f 3348/1666/1059 3347/1667/1060 3330/1672/1048
s 0
f 3188/1707/919 3187/1706/919 3189/1708/919
f 3191/1550/6 3208/1550/6 3190/1550/6
f 3192/1550/6 3209/1550/6 3191/1550/6
f 3193/1550/6 3210/1550/6 3192/1550/6
f 3194/1550/6 3211/1550/6 3193/1550/6
f 3195/1550/846 3212/1550/846 3194/1550/846
f 3196/1550/6 3213/1550/6 3195/1550/6
f 3197/1550/6 3214/1550/6 3196/1550/6
f 3198/1550/6 3215/1550/6 3197/1550/6
f 3199/1550/6 3216/1550/6 3198/1550/6
f 3200/1550/6 3217/1550/6 3199/1550/6
f 3201/1550/6 3218/1550/6 3200/1550/6
f 3202/1550/6 3219/1550/6 3201/1550/6
f 3203/1550/6 3220/1550/6 3202/1550/6
f 3204/1550/846 3221/1550/846 3203/1550/846
f 3205/1550/6 3222/1550/6 3204/1550/6
f 3206/1550/6 3223/1550/6 3205/1550/6
f 3207/1550/6 3224/1550/6 3206/1550/6
f 3190/1550/6 3225/1550/6 3207/1550/6
s 1
f 3280/1709/996 3287/1710/1002 3281/1584/999
f 3287/1710/1002 3286/1586/1006 3281/1584/999
f 3288/1591/1017 3289/1711/1003 3285/1582/1016
f 3287/1710/1002 3290/1712/1007 3286/1586/1006
f 3311/1713/1027 3309/1715/1026 3305/1714/1037
f 3291/1597/1005 3294/1571/1009 3292/1716/1004
f 3293/1596/1018 3300/1717/1019 3296/1598/1011
f 3299/1608/1020 3293/1606/1018 3298/1718/1012
f 3299/1608/1020 3303/1719/1000 3300/1607/1019
f 3300/1717/1019 3303/1614/1000 3301/1576/1014
f 3302/1553/997 3304/1720/1013 3301/1575/1014
f 3304/1574/1013 3303/1556/1000 3299/1721/1020
f 3309/1715/1026 3306/1722/1023 3305/1714/1037
f 3312/1723/1030 3310/1725/1024 3309/1724/1026
f 3316/1726/1038 3308/1618/1022 3319/1727/1042
f 3317/1625/1029 3315/1626/1031 3320/1630/1033
f 3321/1728/1040 3316/1726/1038 3319/1727/1042
f 3319/1647/1042 3318/1729/1039 3322/1633/1032
f 3326/1730/1043 3333/1731/1049 3327/1678/1046
f 3333/1731/1049 3332/1680/1052 3327/1678/1046
f 3334/1684/1063 3335/1732/1050 3331/1676/1062
f 3333/1687/1049 3336/1688/1053 3332/1733/1052
f 3337/1734/1051 3335/1736/1050 3334/1735/1063
f 3341/1662/1055 3343/1668/1058 3340/1661/1054
f 3346/1737/1067 3342/1739/1065 3344/1738/1056
f 3349/1650/1044 3345/1740/1066 3348/1670/1059
s 0
f 3158/1741/920 3157/1615/920 3159/1742/920
f 3160/1744/921 3159/1743/921 3161/1745/921
f 3162/1746/922 3161/1745/922 3163/1747/922
f 3164/1748/4 3163/1747/4 3165/1749/4
f 3166/1750/923 3165/1749/923 3167/1751/923
f 3168/1753/924 3167/1752/924 3169/1754/924
f 3170/1755/925 3169/1754/925 3171/1756/925
f 3172/1757/926 3171/1756/926 3173/1758/926
f 3174/1759/927 3173/1758/927 3175/1760/927
f 3176/1762/928 3175/1761/928 3177/1763/928
f 3178/1764/929 3177/1763/929 3179/1765/929
f 3180/1766/930 3179/1765/930 3181/1767/930
f 3182/1768/2 3181/1767/2 3183/1769/2
f 3184/1770/931 3183/1769/931 3185/1771/931
f 3186/1773/932 3185/1772/932 3187/1706/932
f 3163/1776/3 3183/1918/3 3175/1774/3
f 3154/1616/933 3189/1708/933 3155/1777/933
f 3194/1778/1068 3160/1779/1068 3162/1919/1068
f 3170/1782/1069 3199/1781/1069 3198/1783/1069
f 3203/1785/1070 3182/1784/1070 3204/1786/1070
f 3191/1788/1071 3158/1787/1071 3192/1789/1071
f 3196/1791/1072 3168/1790/1072 3197/1792/1072
f 3201/1794/1073 3178/1793/1073 3202/1795/1073
f 3206/1797/1074 3188/1796/1074 3207/1798/1074
f 3194/1778/1075 3164/1799/1075 3195/1800/1075
f 3199/1781/1076 3174/1801/1076 3200/1802/1076
f 3204/1786/1077 3184/1803/1077 3205/1804/1077
f 3192/1789/1078 3160/1779/1078 3193/1780/1078
f 3197/1792/1079 3170/1782/1079 3198/1783/1079
f 3203/1785/1080 3178/1793/1080 3180/1805/1080
f 3190/1807/1081 3156/1920/1081 3191/1788/1081
f 3188/1796/1082 3190/1807/1082 3207/1798/1082
f 3195/1800/1083 3166/1808/1083 3196/1791/1083
f 3174/1801/1084 3201/1794/1084 3200/1802/1084
f 3184/1803/1085 3206/1797/1085 3205/1804/1085
f 3229/1812/922 3212/1811/922 3230/1813/922
f 3230/1815/1086 3249/1814/1086 3248/1816/1086
f 3237/1818/929 3220/1817/929 3238/1819/929
f 3230/1813/4 3213/1820/4 3231/1821/4
f 3238/1819/930 3221/1822/930 3239/1823/930
f 3231/1821/923 3214/1824/923 3232/1825/923
f 3239/1823/2 3222/1826/2 3240/1827/2
f 3232/1829/924 3215/1828/924 3233/1830/924
f 3240/1827/931 3223/1831/931 3241/1832/931
f 3233/1830/925 3216/1833/925 3234/1834/925
f 3227/1830/872 3209/1827/872 3226/1829/872
f 3241/1836/932 3224/1835/932 3242/1837/932
f 3234/1834/926 3217/1838/926 3235/1837/926
f 3226/1840/920 3210/1839/920 3228/1841/920
f 3242/1837/919 3225/1842/919 3243/1843/919
f 3235/1837/927 3218/1844/927 3236/1836/927
f 3228/1841/921 3211/1845/921 3229/1812/921
f 3243/1843/933 3208/1846/933 3227/1830/933
f 3236/1847/928 3219/1820/928 3237/1818/928
f 3276/1850/1087 3259/1860/1087 3277/1848/1087
f 3238/1851/1088 3257/1852/1088 3256/1881/1088
f 3249/1814/1089 3232/1854/1089 3250/1858/1089
f 3258/1849/1090 3239/1853/1090 3240/1856/1090
f 3250/1858/1091 3233/1857/1091 3251/1859/1091
f 3258/1849/1092 3241/1865/1092 3259/1860/1092
f 3251/1859/1093 3234/1861/1093 3252/1869/1093
f 3245/1862/1094 3226/1863/1094 3244/1887/1094
f 3241/1865/1095 3260/1866/1095 3259/1860/1095
f 3253/1868/1096 3234/1861/1096 3235/1874/1096
f 3226/1863/1097 3246/1870/1097 3244/1887/1097
f 3261/1872/1098 3242/1867/1098 3243/1876/1098
f 3235/1874/1099 3254/1873/1099 3253/1868/1099
f 3228/1871/1100 3247/1880/1100 3246/1870/1100
f 3227/1864/1101 3261/1872/1101 3243/1876/1101
f 3236/1877/1102 3255/1878/1102 3254/1873/1102
f 3229/1875/1103 3248/1816/1103 3247/1880/1103
f 3237/1879/1104 3256/1881/1104 3255/1878/1104
f 3269/1884/1 3277/1848/1 3262/1882/1
f 3269/1884/1105 3252/1869/1105 3270/1886/1105
f 3263/1885/1106 3244/1887/1106 3262/1882/1106
f 3260/1866/1107 3277/1848/1107 3259/1860/1107
f 3270/1886/1108 3253/1868/1108 3271/1921/1108
f 3246/1870/1109 3262/1882/1109 3244/1887/1109
f 3260/1866/1110 3279/1922/1110 3278/1888/1110
f 3253/1868/1111 3272/1889/1111 3271/1921/1111
f 3264/1891/1112 3247/1880/1112 3265/1890/1112
f 3261/1872/1113 3263/1885/1113 3279/1922/1113
f 3254/1873/1114 3273/1883/1114 3272/1889/1114
f 3265/1890/1115 3248/1816/1115 3266/1894/1115
f 3273/1883/1116 3256/1881/1116 3274/1892/1116
f 3266/1894/1117 3249/1814/1117 3267/1893/1117
f 3256/1881/1118 3275/1895/1118 3274/1892/1118
f 3268/1896/1119 3249/1814/1119 3250/1858/1119
f 3258/1849/1120 3275/1895/1120 3257/1852/1120
f 3268/1896/1121 3251/1859/1121 3269/1884/1121
s 1
f 3291/1597/1005 3289/1897/1003 3288/1923/1017
f 3292/1593/1004 3293/1600/1018 3290/1595/1007
f 3313/1621/1025 3319/1727/1042 3308/1618/1022
f 3310/1725/1024 3306/1899/1023 3309/1724/1026
f 3310/1725/1024 3312/1723/1030 3313/1900/1025
f 3311/1624/1027 3308/1901/1022 3314/1623/1028
f 3309/1902/1026 3314/1640/1028 3315/1638/1031
f 3312/1627/1030 3309/1715/1026 3315/1626/1031
f 3313/1641/1025 3312/1903/1030 3317/1643/1029
f 3314/1640/1028 3308/1904/1022 3316/1639/1038
f 3320/1644/1033 3316/1905/1038 3321/1646/1040
f 3321/1728/1040 3324/1906/1035 3325/1924/1041
f 3318/1729/1039 3317/1907/1029 3322/1633/1032
f 3323/1629/1034 3320/1630/1033 3325/1908/1041
f 3335/1686/1050 3338/1694/1064 3336/1688/1053
f 3337/1734/1051 3339/1665/1057 3335/1736/1050
f 3341/1909/1055 3346/1737/1067 3347/1925/1060
f 3352/1926/2 3353/1927/1122 3351/1928/2
f 3354/1929/1122 3355/1930/1123 3353/1927/1122
f 3356/1931/1123 3357/1932/1124 3355/1930/1123
f 3358/1933/1124 3359/1934/1125 3357/1932/1124
f 3360/1935/1125 3361/1936/1126 3359/1934/1125
f 3362/1937/1126 3363/1938/1127 3361/1939/1126
f 3364/1940/1127 3365/1941/1128 3363/1938/1127
f 3366/1942/1128 3367/1943/1129 3365/1941/1128
f 3368/1944/1129 3369/1945/1130 3367/1943/1129
f 3370/1946/1130 3371/1947/1131 3369/1945/1130
f 3372/1948/1131 3373/1949/1132 3371/1947/1131
f 3374/1950/1132 3375/1951/1133 3373/1952/1132
f 3376/1953/1133 3377/1954/4 3375/1951/1133
f 3378/1955/4 3379/1956/1134 3377/1954/4
f 3380/1957/1134 3381/1958/1135 3379/1956/1134
f 3382/1959/1135 3383/1960/1136 3381/1958/1135
f 3384/1961/1136 3385/1962/1137 3383/1960/1136
f 3386/1963/1137 3387/1939/1138 3385/1962/1137
f 3388/1964/1138 3389/1965/1139 3387/1966/1138
f 3390/1967/1139 3391/1968/1140 3389/1965/1139
f 3392/1969/1140 3393/1970/1141 3391/1968/1140
f 3394/1971/1141 3395/1972/1142 3393/1970/1141
f 3396/1973/1142 3397/1974/1143 3395/1972/1142
f 3398/1975/1143 3399/1976/1144 3397/1974/1143
f 3408/1977/5 3364/1978/5 3362/1979/5
f 3400/1980/1144 3401/1981/1145 3399/1982/1144
f 3402/1983/1145 3351/1928/2 3401/1981/1145
f 3406/1984/5 3360/1985/5 3358/1986/5
f 3372/1987/5 3414/1988/5 3374/1989/5
f 3418/1990/5 3384/1991/5 3382/1992/5
f 3423/1993/5 3394/1994/5 3392/1995/5
f 3428/1996/5 3352/1997/5 3402/1998/5
f 3411/1999/5 3370/2000/5 3368/2001/5
f 3378/2002/5 3417/2003/5 3380/2004/5
f 3403/2005/5 3356/2006/5 3354/2007/5
f 3421/2008/5 3390/2009/5 3388/2010/5
f 3426/2011/5 3400/2012/5 3398/2013/5
f 3409/2014/5 3366/2015/5 3364/1978/5
f 3414/1988/5 3376/2016/5 3374/1989/5
f 3419/2017/5 3386/2018/5 3384/1991/5
f 3424/2019/5 3396/2020/5 3394/1994/5
f 3407/2021/5 3362/1979/5 3360/1985/5
f 3412/2022/5 3372/1987/5 3370/2000/5
f 3417/2003/5 3382/1992/5 3380/2004/5
f 3422/2023/5 3392/1995/5 3390/2009/5
f 3427/2024/5 3402/1998/5 3400/2012/5
f 3356/2006/5 3406/1984/5 3358/1986/5
f 3410/2025/5 3368/2001/5 3366/2015/5
f 3415/2026/5 3378/2002/5 3376/2016/5
f 3386/2018/5 3421/2008/5 3388/2010/5
f 3425/2027/5 3398/2013/5 3396/2020/5
f 3427/2028/1144 3454/2029/1145 3428/2030/1145
f 3447/2031/6 3474/2032/6 3448/2033/6
f 3405/2034/1123 3432/2035/1124 3406/2036/1124
f 3420/2037/1137 3447/2038/1138 3421/2039/1138
f 3413/2040/1131 3440/2041/1132 3414/2042/1132
f 3428/2030/1145 3430/2043/2 3404/2044/2
f 3406/2036/1124 3433/2045/1125 3407/2046/1125
f 3421/2047/1138 3448/2048/1139 3422/2049/1139
f 3414/2050/1132 3441/2030/1133 3415/2051/1133
f 3407/2046/1125 3434/2052/1126 3408/2053/1126
f 3422/2049/1139 3449/2054/1140 3423/2055/1140
f 3415/2051/1133 3442/2056/4 3416/2057/4
f 3408/2058/1126 3435/2059/1127 3409/2060/1127
f 3423/2055/1140 3450/2061/1141 3424/2062/1141
f 3416/2057/4 3443/2063/1134 3417/2064/1134
f 3409/2060/1127 3436/2065/1128 3410/2066/1128
f 3424/2062/1141 3451/2067/1142 3425/2068/1142
f 3417/2064/1134 3444/2069/1135 3418/2070/1135
f 3410/2066/1128 3437/2071/1129 3411/2072/1129
f 3425/2068/1142 3452/2073/1143 3426/2074/1143
f 3404/2044/2 3429/2075/1122 3403/2076/1122
f 3418/2070/1135 3445/2077/1136 3419/2078/1136
f 3411/2072/1129 3438/2079/1130 3412/2080/1130
f 3426/2074/1143 3453/2081/1144 3427/2082/1144
f 3403/2076/1122 3431/2083/1123 3405/2034/1123
f 3419/2078/1136 3446/2084/1137 3420/2037/1137
f 3412/2080/1130 3439/2085/1131 3413/2040/1131
f 3352/1997/5 3403/2005/5 3354/2007/5
f 3462/2086/1128 3489/2087/1129 3463/2088/1129
f 3440/2089/6 3467/2090/6 3441/2091/6
f 3434/2092/6 3459/2093/6 3460/2094/6
f 3448/2033/6 3475/2095/6 3449/2096/6
f 3441/2091/6 3468/2097/6 3442/2098/6
f 3435/2099/6 3460/2094/6 3461/2100/6
f 3450/2101/6 3475/2095/6 3476/2102/6
f 3443/2103/6 3468/2097/6 3469/2104/6
f 3435/2099/6 3462/2105/6 3436/2106/6
f 3450/2101/6 3477/2107/6 3451/2108/6
f 3443/2103/6 3470/2109/6 3444/2110/6
f 3436/2106/6 3463/2111/6 3437/2112/6
f 3452/2113/6 3477/2107/6 3478/2114/6
f 3429/2115/6 3456/2116/6 3455/2117/6
f 3444/2110/6 3471/2118/6 3445/2119/6
f 3437/2112/6 3464/2120/6 3438/2121/6
f 3452/2113/6 3479/2122/6 3453/2123/6
f 3429/2115/6 3457/2124/6 3431/2125/6
f 3446/2126/6 3471/2118/6 3472/2127/6
f 3438/2121/6 3465/2128/6 3439/2129/6
f 3454/2130/6 3479/2122/6 3480/2131/6
f 3431/2125/6 3458/2132/6 3432/2133/6
f 3447/2031/6 3472/2127/6 3473/2134/6
f 3440/2089/6 3465/2128/6 3466/2135/6
f 3454/2130/6 3456/2116/6 3430/2136/6
f 3432/2133/6 3459/2093/6 3433/2137/6
f 3493/2138/1146 3520/2139/1147 3494/2140/1147
f 3477/2141/1142 3504/2142/1143 3478/2143/1143
f 3456/2144/2 3481/2145/1122 3455/2146/1122
f 3470/2147/1135 3497/2148/1136 3471/2142/1136
f 3463/2088/1129 3490/2143/1130 3464/2149/1130
f 3478/2150/1143 3505/2151/1144 3479/2152/1144
f 3455/2146/1122 3483/2153/1123 3457/2154/1123
f 3471/2155/1136 3498/2156/1137 3472/2157/1137
f 3464/2158/1130 3491/2152/1131 3465/2156/1131
f 3479/2152/1144 3506/2159/1145 3480/2160/1145
f 3457/2154/1123 3484/2161/1124 3458/2162/1124
f 3472/2157/1137 3499/2163/1138 3473/2164/1138
f 3465/2156/1131 3492/2165/1132 3466/2166/1132
f 3480/2160/1145 3482/2167/2 3456/2144/2
f 3458/2162/1124 3485/2168/1125 3459/2148/1125
f 3473/2164/1138 3500/2169/1139 3474/2170/1139
f 3466/2166/1132 3493/2144/1133 3467/2169/1133
f 3459/2171/1125 3486/2172/1126 3460/2173/1126
f 3474/2170/1139 3501/2174/1140 3475/2175/1140
f 3467/2169/1133 3494/2146/4 3468/2174/4
f 3460/2173/1126 3487/2176/1127 3461/2177/1127
f 3475/2175/1140 3502/2178/1141 3476/2179/1141
f 3468/2174/4 3495/2154/1134 3469/2178/1134
f 3461/2177/1127 3488/2180/1128 3462/2086/1128
f 3476/2179/1141 3503/2147/1142 3477/2141/1142
f 3469/2178/1134 3496/2162/1135 3470/2147/1135
f 3520/2139/1148 3545/2181/1149 3546/2182/1148
f 3486/2183/1150 3513/2184/1151 3487/2185/1151
f 3501/2186/1152 3528/2187/1153 3502/2188/1153
f 3495/2189/1154 3520/2139/1147 3521/2190/1154
f 3487/2185/1151 3514/2191/1155 3488/2192/1155
f 3502/2188/1153 3529/2193/1156 3503/2194/1156
f 3495/2189/1154 3522/2195/1157 3496/2196/1157
f 3489/2197/1158 3514/2191/1155 3515/2198/1158
f 3503/2194/1156 3530/2199/1159 3504/2200/1159
f 3481/2201/1160 3508/2202/1161 3507/2203/1160
f 3496/2196/1157 3523/2204/1162 3497/2205/1162
f 3489/2197/1158 3516/2206/1163 3490/2207/1163
f 3504/2200/1159 3531/2208/1164 3505/2209/1164
f 3481/2201/1160 3509/2210/1165 3483/2211/1165
f 3497/2205/1162 3524/2212/1166 3498/2213/1166
f 3490/2207/1163 3517/2214/1167 3491/2215/1167
f 3506/2216/1168 3531/2208/1164 3532/2217/1168
f 3483/2211/1165 3510/2218/1169 3484/2219/1169
f 3499/2220/1170 3524/2212/1166 3525/2221/1170
f 3491/2215/1167 3518/2222/1171 3492/2223/1171
f 3506/2216/1168 3508/2202/1161 3482/2224/1161
f 3484/2219/1169 3511/2225/1172 3485/2226/1172
f 3500/2227/1173 3525/2221/1170 3526/2228/1173
f 3492/2223/1171 3519/2229/1146 3493/2138/1146
f 3485/2226/1172 3512/2230/1150 3486/2183/1150
f 3500/2227/1173 3527/2231/1152 3501/2186/1152
f 3557/2232/6 3549/2233/6 3541/2234/6
f 3512/2230/1174 3539/2235/1175 3513/2184/1175
f 3527/2231/1176 3554/2236/1177 3528/2187/1177
f 3520/2139/1148 3547/2237/1178 3521/2190/1178
f 3513/2184/1175 3540/2238/1179 3514/2191/1179
f 3529/2193/1180 3554/2236/1177 3555/2239/1181
f 3521/2190/1178 3548/2240/1182 3522/2195/1182
f 3514/2191/1179 3541/2234/1183 3515/2198/1183
f 3530/2199/1184 3555/2239/1181 3556/2241/1185
f 3507/2203/1186 3534/2242/1187 3533/2243/1186
f 3522/2195/1182 3549/2233/1188 3523/2204/1189
f 3515/2198/1183 3542/2244/1190 3516/2206/1191
f 3530/2199/1184 3557/2232/1192 3531/2208/1192
f 3507/2203/1186 3535/2245/1193 3509/2210/1193
f 3523/2204/1189 3550/2246/1194 3524/2212/1195
f 3516/2206/1191 3543/2247/1196 3517/2214/1196
f 3531/2208/1192 3558/2248/1197 3532/2217/1197
f 3509/2210/1193 3536/2249/1198 3510/2218/1199
f 3524/2212/1195 3551/2250/1200 3525/2221/1200
f 3517/2214/1196 3544/2251/1201 3518/2222/1201
f 3532/2217/1197 3534/2242/1187 3508/2202/1187
f 3510/2218/1199 3537/2252/1202 3511/2225/1203
f 3525/2221/1200 3552/2253/1204 3526/2228/1204
f 3518/2222/1201 3545/2181/1149 3519/2229/1149
f 3511/2225/1203 3538/2254/1174 3512/2230/1174
f 3526/2228/1204 3553/2255/1176 3527/2231/1176
f 3577/2256/1205 3560/2257/1206 3561/2258/1205
f 3578/2259/1207 3561/2260/1205 3562/2261/1207
f 3579/2262/3 3562/2261/1207 3563/2263/3
f 3580/2264/1208 3563/2263/3 3564/2265/1208
f 3581/2266/1209 3564/2265/1208 3565/2267/1209
f 3582/2268/1210 3565/2269/1209 3566/2270/1210
f 3583/2271/4 3566/2270/1210 3567/2272/4
f 3584/2273/1211 3567/2272/4 3568/2274/1211
f 3585/2275/1212 3568/2274/1211 3569/2276/1212
f 3586/2277/1213 3569/2278/1212 3570/2279/1213
f 3587/2280/1 3570/2279/1213 3571/2281/1
f 3588/2282/1214 3571/2281/1 3572/2283/1214
f 3589/2284/1215 3572/2283/1214 3573/2285/1215
f 3590/2286/1216 3573/2287/1215 3574/2288/1216
f 3575/2289/2 3574/2288/1216 3559/2290/2
f 3582/2291/5 3586/2292/5 3590/2293/5
f 3576/2294/1206 3559/2290/2 3560/2257/1206
f 3592/2295/6 3593/2296/1217 3591/2297/6
f 3594/2298/1217 3595/2299/148 3593/2296/1217
f 3596/2300/148 3597/2301/1218 3595/2302/148
f 3598/2303/1218 3599/2304/3 3597/2301/1218
f 3600/2305/3 3601/2306/1219 3599/2304/3
f 3602/2307/1219 3603/2308/264 3601/2306/1219
f 3604/2309/264 3605/2310/1220 3603/2311/264
f 3606/2312/1220 3607/2313/5 3605/2310/1220
f 3607/2313/5 3610/2314/1221 3609/2315/1221
f 3610/2314/1221 3611/2316/142 3609/2315/1221
f 3612/2317/142 3613/2318/1222 3611/2319/142
f 3614/2320/1222 3615/2321/1 3613/2318/1222
f 3616/2322/1 3617/2323/1223 3615/2321/1
f 3618/2324/1223 3619/2325/145 3617/2323/1223
f 3612/2326/4 3604/2327/4 3596/2328/4
f 3620/2329/145 3621/2330/1224 3619/2331/145
f 3622/2332/1224 3591/2297/6 3621/2330/1224
f 3605/2333/2 3613/2334/2 3621/2335/2
f 3624/2336/6 3625/2337/1217 3623/2338/6
f 3626/2339/1217 3627/2340/148 3625/2337/1217
f 3627/2341/148 3630/2342/1218 3629/2343/1218
f 3630/2342/1218 3631/2344/3 3629/2343/1218
f 3632/2345/3 3633/2346/1219 3631/2344/3
f 3633/2346/1219 3636/2347/264 3635/2348/264
f 3636/2349/264 3637/2350/1220 3635/2351/264
f 3638/2352/1220 3639/2353/5 3637/2350/1220
f 3640/2354/5 3641/2355/1221 3639/2353/5
f 3642/2356/1221 3643/2357/142 3641/2355/1221
f 3644/2358/142 3645/2359/1222 3643/2360/142
f 3646/2361/1222 3647/2362/1 3645/2359/1222
f 3648/2363/1 3649/2364/1223 3647/2362/1
f 3650/2365/1223 3651/2366/145 3649/2364/1223
f 3644/2367/4 3636/2368/4 3628/2369/4
f 3652/2370/145 3653/2371/1224 3651/2366/145
f 3654/2372/1224 3623/2338/6 3653/2373/1224
f 3637/2374/2 3645/2375/2 3653/2376/2
f 3657/2377/1217 3656/2352/6 3655/2378/6
f 3659/2379/148 3658/2354/1217 3657/2377/1217
f 3661/2380/1218 3660/2381/148 3659/2382/148
f 3663/2337/3 3662/2342/1218 3661/2380/1218
f 3665/2383/1219 3664/2345/3 3663/2337/3
f 3667/2384/264 3666/2385/1219 3665/2383/1219
f 3669/2386/1220 3668/2387/264 3667/2388/264
f 3671/2389/5 3670/2390/1220 3669/2386/1220
f 3673/2391/1221 3672/2392/5 3671/2389/5
f 3675/2393/142 3674/2394/1221 3673/2391/1221
f 3677/2395/1222 3676/2349/142 3675/2351/142
f 3679/2396/1 3678/2397/1222 3677/2395/1222
f 3681/2398/1223 3680/2399/1 3679/2396/1
f 3683/2400/145 3682/2401/1223 3681/2398/1223
f 3672/2402/2 3680/2403/2 3656/2404/2
f 3685/2405/1224 3684/2406/145 3683/2400/145
f 3655/2378/6 3686/2349/1224 3685/2407/1224
f 3673/2408/4 3665/2409/4 3657/2410/4
s 0
f 3688/2411/1 3689/2412/1 3687/2413/1
f 3690/2414/2 3693/2415/2 3689/2416/2
f 3694/2417/3 3691/2418/3 3693/2419/3
f 3692/2420/4 3687/2421/4 3691/2422/4
f 3693/2423/5 3687/2424/5 3689/2425/5
f 3690/2426/6 3692/2415/6 3694/2427/6
f 3696/2428/1 3697/2429/1 3695/2430/1
f 3698/2431/2 3701/2432/2 3697/2433/2
f 3702/2434/3 3699/2430/3 3701/2435/3
f 3700/2436/4 3695/2437/4 3699/2438/4
f 3701/2439/5 3695/2425/5 3697/2440/5
f 3698/2441/6 3700/2427/6 3702/2442/6
f 3704/2443/1 3705/2444/1 3703/2445/1
f 3706/2446/2 3709/2447/2 3705/2448/2
f 3710/2449/3 3707/2445/3 3709/2450/3
f 3708/2448/4 3703/2451/4 3707/2452/4
f 3709/2453/5 3703/2440/5 3705/2454/5
f 3706/2455/6 3708/2456/6 3710/2457/6
f 3712/2458/1 3713/2450/1 3711/2459/1
f 3714/2460/2 3717/2461/2 3713/2462/2
f 3718/2463/3 3715/2459/3 3717/2464/3
f 3716/2465/4 3711/2466/4 3715/2467/4
f 3717/2468/5 3711/2454/5 3713/2469/5
f 3714/2470/6 3716/2471/6 3718/2472/6
f 3720/2473/1 3721/2464/1 3719/2474/1
f 3722/2475/2 3725/2476/2 3721/2477/2
f 3726/2478/3 3723/2474/3 3725/2479/3
f 3724/2480/4 3719/2481/4 3723/2482/4
f 3725/2483/5 3719/2432/5 3721/2484/5
f 3722/2485/6 3724/2486/6 3726/2487/6
f 3728/2488/1 3729/2489/1 3727/2490/1
f 3730/2491/2 3733/2492/2 3729/2493/2
f 3734/2490/3 3731/2494/3 3733/2411/3
f 3732/2493/4 3727/2495/4 3731/2496/4
f 3733/2497/5 3727/2498/5 3729/2499/5
f 3730/2500/6 3732/2484/6 3734/2498/6
f 3735/2501/1225 3742/2502/1225 3738/2503/1225
f 3736/2504/1 3739/2505/1 3735/2506/1
s 1
f 3741/2507/1226 3736/2508/1227 3737/2509/1227
s 0
f 3742/2510/3 3737/2511/3 3738/2512/3
f 3743/2513/1228 3742/2502/1228 3739/2514/1228
f 3740/2515/1 3743/2516/1 3739/2505/1
s 1
f 3745/2517/1229 3740/2518/1226 3741/2507/1226
s 0
f 3746/2519/3 3741/2520/3 3742/2510/3
f 3747/2521/1230 3746/2522/1230 3743/2513/1230
f 3744/2523/1 3747/2524/1 3743/2516/1
s 1
f 3745/2517/1229 3748/2525/1231 3744/2526/1229
s 0
f 3750/2527/3 3745/2528/3 3746/2519/3
f 3751/2529/1232 3750/2530/1232 3747/2521/1232
f 3752/2531/1 3747/2524/1 3748/2532/1
s 1
f 3753/2533/1233 3748/2525/1231 3749/2534/1231
s 0
f 3750/2527/3 3753/2535/3 3749/2536/3
f 3755/2537/1234 3754/2538/1234 3751/2529/1234
f 3752/2531/1 3755/2539/1 3751/2540/1
s 1
f 3753/2533/1233 3756/2541/1235 3752/2542/1233
s 0
f 3758/2543/3 3753/2535/3 3754/2544/3
f 3759/2545/1236 3758/2546/1236 3755/2537/1236
f 3756/2547/1 3759/2548/1 3755/2539/1
s 1
f 3761/2549/1237 3756/2541/1235 3757/2550/1235
s 0
f 3762/2551/3 3757/2552/3 3758/2543/3
f 3759/2553/1238 3766/2554/1238 3762/2555/1238
f 3764/2556/1 3759/2548/1 3760/2557/1
s 1
f 3765/2558/1239 3760/2559/1237 3761/2560/1237
s 0
f 3762/2551/3 3765/2561/3 3761/2562/3
f 3767/2563/1240 3766/2554/1240 3763/2564/1240
f 3768/2565/1 3763/2566/1 3764/2556/1
s 1
f 3769/2567/6 3764/2568/1239 3765/2558/1239
s 0
f 3766/2569/3 3769/2570/3 3765/2561/3
f 3775/2571/1225 3774/2572/1225 3771/2573/1225
f 3772/2574/1 3775/2575/1 3771/2576/1
s 1
f 3777/2577/1226 3772/2578/1227 3773/2579/1227
s 0
f 3778/2580/3 3773/2581/3 3774/2582/3
f 3779/2583/1228 3778/2584/1228 3775/2571/1228
f 3776/2585/1 3779/2586/1 3775/2575/1
s 1
f 3781/2587/1229 3776/2588/1226 3777/2577/1226
s 0
f 3782/2589/3 3777/2590/3 3778/2580/3
f 3783/2591/1230 3782/2592/1230 3779/2583/1230
f 3780/2593/1 3783/2594/1 3779/2586/1
s 1
f 3781/2587/1229 3784/2595/1231 3780/2596/1229
s 0
f 3786/2597/3 3781/2598/3 3782/2589/3
f 3787/2599/1232 3786/2600/1232 3783/2591/1232
f 3788/2601/1 3783/2594/1 3784/2602/1
s 1
f 3789/2603/1233 3784/2595/1231 3785/2604/1231
s 0
f 3786/2597/3 3789/2605/3 3785/2606/3
f 3791/2607/1234 3790/2608/1234 3787/2599/1234
f 3788/2601/1 3791/2609/1 3787/2610/1
s 1
f 3793/2611/1235 3788/2612/1233 3789/2603/1233
s 0
f 3794/2613/3 3789/2605/3 3790/2614/3
f 3795/2615/1236 3794/2616/1236 3791/2607/1236
f 3792/2617/1 3795/2618/1 3791/2609/1
s 1
f 3797/2619/1237 3792/2620/1235 3793/2611/1235
s 0
f 3798/2621/3 3793/2622/3 3794/2613/3
f 3799/2623/1238 3798/2624/1238 3795/2625/1238
f 3800/2626/1 3795/2618/1 3796/2627/1
s 1
f 3801/2628/1239 3796/2629/1237 3797/2630/1237
s 0
f 3798/2621/3 3801/2631/3 3797/2632/3
f 3803/2630/1240 3802/2633/1240 3799/2623/1240
f 3804/2634/1 3799/2635/1 3800/2626/1
s 1
f 3805/2636/6 3800/2637/1239 3801/2628/1239
s 0
f 3802/2638/3 3805/2639/3 3801/2631/3
f 3809/2640/1 3808/2641/1 3807/2479/1
f 3813/2642/4 3810/2461/4 3809/2643/4
f 3811/2644/3 3814/2645/3 3813/2646/3
f 3807/2647/2 3812/2466/2 3811/2648/2
f 3807/2649/5 3813/2650/5 3809/2472/5
f 3812/2651/6 3810/2652/6 3814/2653/6
f 3817/2654/1 3816/2655/1 3815/2435/1
f 3821/2656/4 3818/2657/4 3817/2658/4
f 3819/2659/3 3822/2660/3 3821/2661/3
f 3815/2420/2 3820/2658/2 3819/2662/2
f 3815/2663/5 3821/2664/5 3817/2665/5
f 3820/2666/6 3818/2667/6 3822/2651/6
f 3825/2668/1 3824/2419/1 3823/2418/1
f 3829/2669/4 3826/2670/4 3825/2671/4
f 3827/2429/3 3830/2672/3 3829/2668/3
f 3823/2414/2 3828/2671/2 3827/2673/2
f 3823/2674/5 3829/2675/5 3825/2676/5
f 3828/2677/6 3826/2678/6 3830/2679/6
f 3833/2680/1 3832/2681/1 3831/2644/1
f 3837/2682/4 3834/2476/4 3833/2683/4
f 3835/2684/3 3838/2685/3 3837/2680/3
f 3831/2686/2 3836/2481/2 3835/2687/2
f 3831/2688/5 3837/2689/5 3833/2674/5
f 3836/2690/6 3834/2691/6 3838/2677/6
f 3841/2692/1 3840/2693/1 3839/2684/1
f 3845/2694/4 3842/2643/4 3841/2695/4
f 3843/2696/3 3846/2697/3 3845/2692/3
f 3839/2480/2 3844/2698/2 3843/2699/2
f 3839/2500/5 3845/2700/5 3841/2483/5
f 3844/2701/6 3842/2702/6 3846/2703/6
f 3849/2704/1 3848/2705/1 3847/2706/1
f 3853/2707/4 3850/2708/4 3849/2709/4
f 3851/2488/3 3854/2706/3 3853/2710/3
f 3847/2491/2 3852/2709/2 3851/2711/2
f 3847/2712/5 3853/2485/5 3849/2487/5
f 3852/2713/6 3850/2714/6 3854/2715/6
f 3858/2716/1241 3859/2717/1241 3855/2718/1241
f 3856/2719/1 3859/2720/1 3860/2721/1
s 1
f 3856/2722/1242 3861/2723/1243 3857/2724/1242
s 0
f 3857/2725/3 3862/2726/3 3858/2727/3
f 3862/2728/1244 3863/2729/1244 3859/2717/1244
f 3860/2721/1 3863/2730/1 3864/2731/1
s 1
f 3860/2732/1243 3865/2733/1245 3861/2723/1243
s 0
f 3861/2734/3 3866/2735/3 3862/2726/3
f 3866/2736/1246 3867/2737/1246 3863/2729/1246
f 3864/2731/1 3867/2738/1 3868/2739/1
s 1
f 3865/2733/1245 3868/2740/1247 3869/2741/1247
s 0
f 3865/2742/3 3870/2743/3 3866/2735/3
f 3870/2744/1248 3871/2745/1248 3867/2737/1248
f 3867/2738/1 3872/2746/1 3868/2739/1
s 1
f 3868/2740/1247 3873/2747/1249 3869/2741/1247
s 0
f 3870/2743/3 3873/2748/3 3874/2749/3
f 3871/2745/1250 3878/2750/1250 3875/2751/1250
f 3872/2746/1 3875/2752/1 3876/2753/1
s 1
f 3873/2747/1249 3876/2754/1251 3877/2755/1251
s 0
f 3873/2748/3 3878/2756/3 3874/2749/3
f 3878/2750/1252 3879/2757/1252 3875/2751/1252
f 3876/2753/1 3879/2758/1 3880/2759/1
s 1
f 3876/2754/1251 3881/2760/1253 3877/2755/1251
s 0
f 3877/2761/3 3882/2762/3 3878/2756/3
f 3879/2763/1254 3886/2764/1254 3883/2765/1254
f 3879/2758/1 3884/2766/1 3880/2759/1
s 1
f 3881/2767/1253 3884/2768/1255 3885/2769/1255
s 0
f 3882/2762/3 3885/2770/3 3886/2771/3
f 3886/2764/1256 3767/2772/1256 3883/2765/1256
f 3883/2773/1 3768/2774/1 3884/2766/1
s 1
f 3885/2769/1255 3768/2775/6 3769/2776/6
s 0
f 3886/2771/3 3769/2777/3 3770/2778/3
f 3887/2779/1241 3894/2780/1241 3891/2781/1241
f 3888/2782/1 3891/2783/1 3892/2784/1
s 1
f 3888/2785/1242 3893/2786/1243 3889/2787/1242
s 0
f 3889/2788/3 3894/2789/3 3890/2790/3
f 3894/2780/1244 3895/2791/1244 3891/2781/1244
f 3892/2784/1 3895/2792/1 3896/2793/1
s 1
f 3892/2794/1243 3897/2795/1245 3893/2786/1243
s 0
f 3893/2796/3 3898/2797/3 3894/2789/3
f 3898/2798/1246 3899/2799/1246 3895/2791/1246
f 3896/2793/1 3899/2800/1 3900/2801/1
s 1
f 3897/2795/1245 3900/2802/1247 3901/2803/1247
s 0
f 3897/2804/3 3902/2805/3 3898/2797/3
f 3902/2806/1248 3903/2807/1248 3899/2799/1248
f 3899/2800/1 3904/2808/1 3900/2801/1
s 1
f 3900/2802/1247 3905/2809/1249 3901/2803/1247
s 0
f 3902/2805/3 3905/2810/3 3906/2811/3
f 3906/2812/1250 3907/2813/1250 3903/2807/1250
f 3904/2808/1 3907/2814/1 3908/2815/1
s 1
f 3904/2816/1249 3909/2817/1251 3905/2809/1249
s 0
f 3905/2810/3 3910/2818/3 3906/2811/3
f 3910/2819/1252 3911/2820/1252 3907/2813/1252
f 3908/2815/1 3911/2821/1 3912/2822/1
s 1
f 3908/2823/1251 3913/2824/1253 3909/2817/1251
s 0
f 3909/2815/3 3914/2825/3 3910/2818/3
f 3914/2826/1254 3915/2827/1254 3911/2828/1254
f 3911/2821/1 3916/2829/1 3912/2822/1
s 1
f 3913/2830/1253 3916/2831/1255 3917/2832/1255
s 0
f 3914/2825/3 3917/2833/3 3918/2834/3
f 3918/2835/1256 3803/2836/1256 3915/2827/1256
f 3915/2837/1 3804/2838/1 3916/2829/1
s 1
f 3917/2832/1255 3804/2820/6 3805/2839/6
s 0
f 3918/2834/3 3805/2840/3 3806/2841/3
f 3890/2842/1257 3888/2843/1257 3889/2844/1257
f 3855/2845/1257 3857/2846/1257 3858/2847/1257
f 3738/2848/1258 3736/2849/1258 3735/2850/1258
f 3774/2851/1258 3772/2852/1258 3771/2853/1258
s 1
f 2176/713/386 2175/1114/416 1980/714/387
f 2168/716/389 1973/746/417 1974/717/390
f 2170/723/396 2169/718/391 1974/717/390
f 2162/719/392 1967/721/394 1968/725/398
f 2171/727/400 2170/723/396 1975/724/397
f 2163/726/399 1968/725/398 1969/729/402
f 2172/731/404 2171/727/400 1976/728/401
f 2164/730/403 1969/729/402 1970/733/406
f 2173/735/408 2172/731/404 1977/732/405
f 2165/734/407 1970/733/406 1971/737/410
f 2174/739/412 2173/735/408 1978/736/409
f 2166/738/411 1971/737/410 1972/741/414
f 2175/743/416 2174/739/412 1979/740/413
f 2167/745/415 1972/749/414 1973/746/417
f 1980/744/387 1979/740/413 1994/747/418
f 1972/749/414 1987/2964/432 1988/750/420
f 1981/715/388 1980/714/387 1995/751/419
f 1973/746/417 1988/750/420 1989/753/422
f 1975/724/397 1974/717/390 1989/753/422
f 1967/721/394 1982/754/423 1983/756/425
f 1976/728/401 1975/724/397 1990/755/424
f 1968/725/398 1983/756/425 1984/758/427
f 1977/732/405 1976/728/401 1991/757/426
f 1969/729/402 1984/758/427 1985/760/429
f 1978/736/409 1977/732/405 1992/759/428
f 1970/733/406 1985/760/429 1986/762/431
f 1979/740/413 1978/736/409 1993/761/430
f 1971/737/410 1986/762/431 1987/763/432
f 1983/756/425 1998/786/447 1999/764/433
f 1992/765/428 1991/787/426 2006/766/434
f 1984/758/427 1999/764/433 2000/768/436
f 1993/761/430 1992/759/428 2007/769/435
f 1985/760/429 2000/768/436 2001/771/438
f 1994/747/418 1993/761/430 2008/770/437
f 1986/773/431 2001/803/438 2002/774/440
f 1995/748/419 1994/747/418 2009/772/439
f 1987/775/432 2002/774/440 2003/777/442
f 1996/752/421 1995/751/419 2010/779/441
f 1988/778/420 2003/777/442 2004/781/444
f 1990/784/424 1989/782/422 2004/781/444
f 1982/754/423 1997/783/445 1998/786/447
f 1991/787/426 1990/784/424 2005/785/446
f 2002/774/440 2017/806/462 2018/788/448
f 2011/780/443 2010/779/441 2025/789/449
f 2003/777/442 2018/788/448 2019/791/451
f 2005/785/446 2004/781/444 2019/791/451
f 1997/783/445 2012/792/452 2013/794/454
f 2006/766/434 2005/785/446 2020/793/453
f 1998/786/447 2013/794/454 2014/796/456
f 2007/767/435 2006/766/434 2021/795/455
f 1999/764/433 2014/796/456 2015/798/458
f 2008/799/437 2007/767/435 2022/797/457
f 2000/801/436 2015/812/458 2016/802/460
f 2009/804/439 2008/799/437 2023/800/459
f 2001/803/438 2016/802/460 2017/806/462
f 2010/779/441 2009/1195/439 2024/807/461
f 2022/797/457 2021/795/455 2036/808/463
f 2014/810/456 2029/836/477 2030/811/465
f 2023/800/459 2022/797/457 2037/809/464
f 2015/812/458 2030/811/465 2031/814/467
f 2024/805/461 2023/800/459 2038/813/466
f 2016/802/460 2031/814/467 2032/816/469
f 2025/817/449 2024/805/461 2039/815/468
f 2017/806/462 2032/816/469 2033/819/471
f 2026/790/450 2025/789/449 2040/820/470
f 2018/788/448 2033/819/471 2034/822/473
f 2020/793/453 2019/791/451 2034/822/473
f 2012/792/452 2027/823/474 2028/825/476
f 2021/795/455 2020/793/453 2035/824/475
f 2013/794/454 2028/825/476 2029/826/477
f 2041/821/472 2040/820/470 2055/827/478
f 2033/819/471 2048/843/492 2049/829/480
f 2035/824/475 2034/822/473 2049/829/480
f 2027/823/474 2042/830/481 2043/832/483
f 2036/808/463 2035/824/475 2050/831/482
f 2028/825/476 2043/832/483 2044/834/485
f 2037/809/464 2036/808/463 2051/833/484
f 2029/836/477 2044/844/485 2045/837/487
f 2038/813/466 2037/809/464 2052/835/486
f 2030/811/465 2045/837/487 2046/839/489
f 2039/815/468 2038/813/466 2053/838/488
f 2031/814/467 2046/839/489 2047/841/491
f 2040/818/470 2039/815/468 2054/840/490
f 2032/816/469 2047/841/491 2048/843/492
f 2044/844/485 2059/2965/506 2060/845/493
f 2052/835/486 2067/859/507 2068/846/494
f 2046/839/489 2045/837/487 2060/845/493
f 2053/838/488 2068/846/494 2069/848/496
f 2046/839/489 2061/847/495 2062/849/497
f 2054/840/490 2069/848/496 2070/850/498
f 2048/843/492 2047/841/491 2062/849/497
f 2055/827/478 2070/877/498 2071/852/500
f 2048/843/492 2063/851/499 2064/853/501
f 2050/831/482 2049/829/480 2064/853/501
f 2043/832/483 2042/830/481 2057/854/502
f 2050/831/482 2065/855/503 2066/857/505
f 2044/834/485 2043/832/483 2058/856/504
f 2051/833/484 2066/857/505 2067/859/507
f 2064/853/501 2063/851/499 2078/860/508
f 2064/853/501 2079/861/509 2080/864/512
f 2058/856/504 2057/854/502 2072/862/510
f 2065/855/503 2080/864/512 2081/866/514
f 2059/858/506 2058/856/504 2073/865/513
f 2066/857/505 2081/866/514 2082/868/516
f 2060/845/493 2059/2965/506 2074/869/515
f 2067/859/507 2082/868/516 2083/871/518
f 2061/847/495 2060/845/493 2075/870/517
f 2068/846/494 2083/871/518 2084/873/520
f 2062/849/497 2061/847/495 2076/872/519
f 2069/875/496 2084/883/520 2085/876/522
f 2063/851/499 2062/849/497 2077/874/521
f 2070/877/498 2085/876/522 2086/863/511
f 2082/868/516 2097/893/537 2098/878/523
f 2076/872/519 2075/870/517 2090/879/524
f 2083/871/518 2098/878/523 2099/881/526
f 2077/874/521 2076/872/519 2091/880/525
f 2084/883/520 2099/908/526 2100/884/528
f 2078/860/508 2077/874/521 2092/882/527
f 2085/876/522 2100/884/528 2101/886/530
f 2079/861/509 2078/860/508 2093/885/529
f 2079/861/509 2094/887/531 2095/889/533
f 2073/865/513 2072/862/510 2087/888/532
f 2080/864/512 2095/889/533 2096/891/535
f 2074/867/515 2073/865/513 2088/890/534
f 2081/866/514 2096/891/535 2097/893/537
f 2075/870/517 2074/869/515 2089/894/536
f 2094/887/531 2109/912/552 2110/896/539
f 2088/890/534 2087/888/532 2102/897/540
f 2095/889/533 2110/896/539 2111/899/542
f 2089/892/536 2088/890/534 2103/898/541
f 2096/891/535 2111/899/542 2112/901/544
f 2090/879/524 2089/894/536 2104/902/543
f 2097/893/537 2112/901/544 2113/904/546
f 2091/880/525 2090/879/524 2105/903/545
f 2098/906/523 2113/913/546 2114/907/548
f 2092/882/527 2091/880/525 2106/905/547
f 2099/908/526 2114/907/548 2115/910/550
f 2093/885/529 2092/882/527 2107/909/549
f 2100/884/528 2115/910/550 2116/895/538
f 2094/887/531 2093/885/529 2108/911/551
f 2113/913/546 2128/934/567 2129/914/553
f 2107/915/549 2106/935/547 2121/916/554
f 2114/907/548 2129/914/553 2130/918/556
f 2108/911/551 2107/909/549 2122/919/555
f 2115/910/550 2130/918/556 2131/921/558
f 2109/912/552 2108/911/551 2123/920/557
f 2109/912/552 2124/922/559 2125/924/561
f 2103/898/541 2102/897/540 2117/923/560
f 2110/896/539 2125/924/561 2126/926/563
f 2104/927/543 2103/1272/541 2118/928/562
f 2111/899/542 2126/926/563 2127/930/565
f 2105/931/545 2104/927/543 2119/929/564
f 2112/933/544 2127/945/565 2128/934/567
f 2106/935/547 2105/931/545 2120/932/566
f 2118/925/562 2117/923/560 2132/936/568
f 2125/938/561 2140/957/582 2141/939/570
f 2119/929/564 2118/928/562 2133/941/569
f 2126/943/563 2141/970/570 2142/944/572
f 2120/932/566 2119/929/564 2134/942/571
f 2127/945/565 2142/944/572 2143/947/574
f 2121/916/554 2120/932/566 2135/946/573
f 2128/934/567 2143/947/574 2144/949/576
f 2122/917/555 2121/916/554 2136/948/575
f 2129/914/553 2144/949/576 2145/951/578
f 2123/952/557 2122/917/555 2137/950/577
f 2130/918/556 2145/951/578 2146/954/580
f 2124/955/559 2123/952/557 2138/953/579
f 2124/955/559 2139/956/581 2140/957/582
f 2137/950/577 2136/948/575 2151/958/583
f 2144/949/576 2159/974/597 2160/960/585
f 2138/953/579 2137/950/577 2152/959/584
f 2145/951/578 2160/960/585 2161/962/587
f 2139/956/581 2138/953/579 2153/961/586
f 2139/956/581 2154/963/588 2155/965/590
f 2133/937/569 2132/936/568 2147/964/589
f 2140/957/582 2155/965/590 2156/967/592
f 2134/942/571 2133/941/569 2148/968/591
f 2141/970/570 2156/1113/592 2157/971/594
f 2135/946/573 2134/942/571 2149/969/593
f 2142/944/572 2157/971/594 2158/973/596
f 2136/948/575 2135/946/573 2150/972/595
f 2143/947/574 2158/973/596 2159/974/597
f 2305/975/598 2187/1040/598 2188/976/599
f 2306/978/2 2201/985/2 2200/979/600
f 2321/981/599 2188/2966/599 2189/982/601
f 2307/984/602 2202/989/602 2201/985/2
f 2323/983/601 2189/982/601 2190/986/603
f 2308/988/604 2203/993/604 2202/989/602
f 2324/987/603 2190/986/603 2191/990/605
f 2309/992/606 2204/997/606 2203/993/604
f 2326/994/607 2325/991/605 2191/990/605
f 2310/996/608 2205/1001/608 2204/997/606
f 2326/994/607 2192/995/607 2193/998/609
f 2311/1000/610 2206/1006/610 2205/1001/608
f 2312/1002/611 2179/1024/611 2180/1003/612
f 2313/1005/613 2207/2967/613 2206/1006/610
f 2328/1007/612 2180/2968/612 2181/1008/614
f 2314/1010/615 2208/1026/615 2207/1011/613
f 2329/1009/614 2181/1008/614 2182/1013/616
f 2315/1015/617 2195/1023/617 2194/1016/618
f 2331/1017/618 2194/1016/618 2177/1018/6
f 2330/1014/616 2182/1013/616 2183/1020/619
f 2316/1022/620 2196/1030/620 2195/1023/617
f 2312/1002/611 2332/1019/6 2177/1018/6
f 2314/1010/615 2317/1031/5 2178/1025/5
f 2333/1021/619 2183/1020/619 2184/1027/621
f 2316/1022/620 2318/1034/622 2197/1029/622
f 2327/999/609 2193/998/609 2178/1025/5
f 2334/1028/621 2184/1027/621 2185/1032/623
f 2318/1034/622 2319/1039/624 2198/1035/624
f 2335/1033/623 2185/1032/623 2186/1036/4
f 2320/1038/625 2199/2969/625 2198/1035/624
f 2336/1037/4 2186/1036/4 2187/1040/598
f 2320/1041/625 2322/980/600 2200/979/600
f 2272/1043/625 2242/1109/600 2211/1044/600
f 2256/1046/4 2239/1053/4 2210/1047/598
f 2272/1049/625 2240/1120/625 2238/1050/624
f 2255/1052/623 2237/1057/623 2239/1053/4
f 2271/1051/624 2238/1050/624 2236/1054/622
f 2255/1052/623 2254/1063/621 2235/1056/621
f 2247/1058/609 2221/1091/609 2234/1059/5
f 2270/1055/622 2236/1054/622 2233/1061/620
f 2254/1063/621 2253/1073/619 2232/1064/619
f 2269/1060/5 2234/1059/5 2227/1065/615
f 2252/1067/6 2231/1075/6 2224/1068/611
f 2268/1062/620 2233/1061/620 2230/1070/617
f 2250/1072/616 2228/1078/616 2232/1064/619
f 2251/1074/618 2229/1076/618 2231/1075/6
f 2251/1074/618 2267/1071/617 2230/1070/617
f 2249/1077/614 2226/1082/614 2228/1078/616
f 2266/1066/615 2227/1065/615 2225/1079/613
f 2248/1081/612 2223/1136/612 2226/1082/614
f 2265/1083/613 2225/1138/613 2222/1084/610
f 2248/1086/612 2264/1069/611 2224/1068/611
f 2262/1088/608 2263/1085/610 2222/1084/610
f 2246/1090/607 2219/1095/607 2221/1091/609
f 2261/1092/606 2262/1088/608 2220/1089/608
f 2245/1094/605 2217/1099/605 2219/1095/607
f 2260/1096/604 2261/1092/606 2218/1093/606
f 2245/1094/605 2244/1102/603 2215/1098/603
f 2260/1096/604 2216/1097/604 2214/1100/602
f 2244/1102/603 2243/1107/601 2213/1103/601
f 2259/1101/602 2214/1100/602 2212/1104/2
f 2241/1106/599 2209/1150/599 2213/1103/601
f 2258/1108/2 2212/2970/2 2211/1044/600
f 2257/1048/598 2210/1047/598 2209/1110/599
f 2156/967/592 2155/965/590 2257/1048/598
f 2169/718/391 2258/1105/2 2242/1112/600
f 2156/1113/592 2241/1106/599 2243/1107/601
f 2170/723/396 2259/1101/602 2258/1105/2
f 2158/973/596 2157/971/594 2243/1107/601
f 2171/727/400 2260/1096/604 2259/1101/602
f 2158/973/596 2244/1102/603 2245/1094/605
f 2171/727/400 2172/731/404 2261/1092/606
f 2159/974/597 2245/1094/605 2246/1090/607
f 2173/735/408 2262/1088/608 2261/1092/606
f 2160/960/585 2246/1090/607 2247/1058/609
f 2174/739/412 2263/1085/610 2262/1088/608
f 2148/966/591 2147/964/589 2264/1069/611
f 2175/743/416 2265/1083/613 2263/1085/610
f 2148/968/591 2248/1081/612 2249/1077/614
f 2176/713/386 2266/1066/615 2265/1080/613
f 2149/969/593 2249/1077/614 2250/1072/616
f 2163/726/399 2267/1071/617 2251/1074/618
f 1965/720/393 2162/719/392 2251/1074/618
f 2150/972/595 2250/1072/616 2253/1073/619
f 2164/730/403 2268/1062/620 2267/1071/617
f 1965/720/393 2252/1067/6 2264/1069/611
f 1966/722/395 2269/1060/5 2266/1066/615
f 2152/959/584 2151/958/583 2253/1073/619
f 2165/734/407 2270/1055/622 2268/1062/620
f 1966/722/395 2161/962/587 2247/1058/609
f 2152/959/584 2254/1063/621 2255/1052/623
f 2166/738/411 2271/1051/624 2270/1055/622
f 2153/961/586 2255/1052/623 2256/1046/4
f 2167/742/415 2272/1049/625 2271/1051/624
f 2154/963/588 2256/1046/4 2257/1048/598
f 2167/745/415 2168/716/389 2242/1112/600
f 2240/1116/625 2211/1152/600 2290/1117/600
f 2239/1053/4 2304/1122/4 2273/1119/598
f 2240/1120/625 2288/1157/625 2287/1121/624
f 2237/1057/623 2303/1125/623 2304/1122/4
f 2238/1050/624 2287/1121/624 2286/1123/622
f 2237/1057/623 2235/1056/621 2302/1124/621
f 2221/1091/609 2295/1142/609 2285/1126/5
f 2236/1054/622 2286/1123/622 2284/1127/620
f 2232/1064/619 2301/1131/619 2302/1124/621
f 2234/1059/5 2285/1126/5 2282/1128/615
f 2231/1075/6 2300/1132/6 2280/1129/611
f 2233/1061/620 2284/1127/620 2283/1130/617
f 2228/1078/616 2298/1134/616 2301/1131/619
f 2229/1076/618 2299/1133/618 2300/1132/6
f 2229/1076/618 2230/1070/617 2283/1130/617
f 2226/1082/614 2297/1137/614 2298/1134/616
f 2227/1065/615 2282/1128/615 2281/1135/613
f 2223/1136/612 2296/1160/612 2297/1137/614
f 2225/1138/613 2281/1161/613 2279/1139/610
f 2223/1087/612 2224/1068/611 2280/1129/611
f 2220/1089/608 2222/1084/610 2279/1139/610
f 2219/1095/607 2294/1144/607 2295/1142/609
f 2218/1093/606 2220/1089/608 2278/1141/608
f 2217/1099/605 2293/1147/605 2294/1144/607
f 2216/1097/604 2218/1093/606 2277/1143/606
f 2217/1099/605 2215/1098/603 2292/1146/603
f 2216/1097/604 2276/1145/604 2275/1148/602
f 2213/1103/601 2291/1151/601 2292/1146/603
f 2214/1100/602 2275/1148/602 2274/1149/2
f 2209/1150/599 2289/1166/599 2291/1151/601
f 2212/1104/2 2274/1149/2 2290/1117/600
f 2210/1047/598 2273/1119/598 2289/1153/599
f 2288/1118/625 2290/1117/600 2322/980/600
f 2304/1154/4 2336/1159/4 2305/1155/598
f 2288/1157/625 2320/1038/625 2319/1039/624
f 2303/1158/623 2335/2971/623 2336/1159/4
f 2286/1123/622 2287/1121/624 2319/1039/624
f 2302/1124/621 2334/1028/621 2335/1033/623
f 2285/1126/5 2295/1142/609 2327/999/609
f 2286/1123/622 2318/1034/622 2316/1022/620
f 2301/1131/619 2333/1021/619 2334/1028/621
f 2285/1126/5 2317/1031/5 2314/1010/615
f 2300/1132/6 2332/1019/6 2312/1002/611
f 2284/1127/620 2316/1022/620 2315/1015/617
f 2298/1134/616 2330/1014/616 2333/1021/619
f 2299/1133/618 2331/1017/618 2332/1019/6
f 2283/1130/617 2315/1015/617 2331/1017/618
f 2297/1137/614 2329/1009/614 2330/1014/616
f 2282/1128/615 2314/1010/615 2313/1012/613
f 2296/1160/612 2328/1007/612 2329/1009/614
f 2281/1161/613 2313/1005/613 2311/1000/610
f 2280/1129/611 2312/1002/611 2328/1004/612
f 2278/1141/608 2279/1139/610 2311/1000/610
f 2294/1144/607 2326/994/607 2327/999/609
f 2278/1141/608 2310/996/608 2309/992/606
f 2293/1147/605 2325/991/605 2326/994/607
f 2276/1145/604 2277/1143/606 2309/992/606
f 2292/1146/603 2324/987/603 2325/991/605
f 2276/1162/604 2308/2972/604 2307/1163/602
f 2291/1151/601 2323/983/601 2324/987/603
f 2274/1164/2 2275/1156/602 2307/1163/602
f 2289/1166/599 2321/981/599 2323/983/601
f 2274/1164/2 2306/1165/2 2322/1167/600
f 2273/1156/598 2305/1155/598 2321/1169/599
f 2548/713/626 2353/715/636 2352/714/627
f 2346/717/629 2345/746/657 2540/716/630
f 2542/723/637 2347/724/641 2346/717/629
f 2340/725/638 2339/721/633 2534/719/632
f 2543/727/640 2348/728/645 2347/724/641
f 2341/729/642 2340/725/638 2535/726/639
f 2544/731/644 2349/732/649 2348/728/645
f 2342/733/646 2341/729/642 2536/730/643
f 2545/735/648 2350/736/653 2349/732/649
f 2343/737/650 2342/733/646 2537/734/647
f 2546/739/652 2351/740/656 2350/736/653
f 2344/741/654 2343/737/650 2538/738/651
f 2547/743/628 2352/744/627 2351/740/656
f 2345/746/657 2344/749/654 2539/745/655
f 2352/744/627 2367/748/660 2366/747/658
f 2360/750/659 2359/2964/672 2344/749/654
f 2353/715/636 2368/752/663 2367/751/660
f 2361/753/661 2360/750/659 2345/746/657
f 2347/724/641 2362/755/665 2361/753/661
f 2355/756/664 2354/754/662 2339/721/633
f 2348/728/645 2363/757/667 2362/755/665
f 2356/758/666 2355/756/664 2340/725/638
f 2349/732/649 2364/759/669 2363/757/667
f 2357/760/668 2356/758/666 2341/729/642
f 2350/736/653 2365/761/671 2364/759/669
f 2358/762/670 2357/760/668 2342/733/646
f 2351/740/656 2366/747/658 2365/761/671
f 2359/763/672 2358/762/670 2343/737/650
f 2371/764/673 2370/786/686 2355/756/664
f 2364/1170/669 2379/1185/676 2378/1171/674
f 2372/768/675 2371/764/673 2356/758/666
f 2365/761/671 2380/770/678 2379/769/676
f 2373/771/677 2372/768/675 2357/760/668
f 2366/747/658 2381/772/680 2380/770/678
f 2374/1173/679 2373/1191/677 2358/1174/670
f 2367/748/660 2382/776/682 2381/772/680
f 2375/1176/681 2374/1173/679 2359/1175/672
f 2368/752/663 2383/780/685 2382/779/682
f 2376/1178/683 2375/1176/681 2360/1177/659
f 2362/1180/665 2377/1181/687 2376/1178/683
f 2370/786/686 2369/783/684 2354/754/662
f 2363/1172/667 2378/1171/674 2377/1181/687
f 2390/1182/688 2389/1194/701 2374/1173/679
f 2383/780/685 2398/790/692 2397/789/689
f 2391/1183/690 2390/1182/688 2375/1176/681
f 2377/1181/687 2392/1184/694 2391/1183/690
f 2385/794/693 2384/792/691 2369/783/684
f 2378/1171/674 2393/1186/696 2392/1184/694
f 2386/796/695 2385/794/693 2370/786/686
f 2379/1185/676 2394/1188/698 2393/1186/696
f 2387/798/697 2386/796/695 2371/764/673
f 2380/1187/678 2395/1193/700 2394/1188/698
f 2388/1189/699 2387/1199/697 2372/1190/675
f 2381/1192/680 2396/1202/702 2395/1193/700
f 2389/1194/701 2388/1189/699 2373/1191/677
f 2382/779/682 2397/789/689 2396/807/702
f 2394/1188/698 2409/1200/705 2408/1196/703
f 2402/1197/704 2401/1214/717 2386/1198/695
f 2395/1193/700 2410/1203/707 2409/1200/705
f 2403/1201/706 2402/1197/704 2387/1199/697
f 2396/1202/702 2411/1206/709 2410/1203/707
f 2404/1204/708 2403/1201/706 2388/1189/699
f 2397/1205/689 2412/1219/711 2411/1206/709
f 2405/1207/710 2404/1204/708 2389/1194/701
f 2398/790/692 2413/821/714 2412/820/711
f 2406/1208/712 2405/1207/710 2390/1182/688
f 2392/1184/694 2407/1209/716 2406/1208/712
f 2400/825/715 2399/823/713 2384/792/691
f 2393/1186/696 2408/1196/703 2407/1209/716
f 2401/826/717 2400/825/715 2385/794/693
f 2413/821/714 2428/828/721 2427/827/718
f 2421/1210/719 2420/1221/732 2405/1207/710
f 2407/1209/716 2422/1211/723 2421/1210/719
f 2415/832/722 2414/830/720 2399/823/713
f 2408/1196/703 2423/1212/725 2422/1211/723
f 2416/834/724 2415/832/722 2400/825/715
f 2409/1200/705 2424/1215/727 2423/1212/725
f 2417/1213/726 2416/1223/724 2401/1214/717
f 2410/1203/707 2425/1217/729 2424/1215/727
f 2418/1216/728 2417/1213/726 2402/1197/704
f 2411/1206/709 2426/1220/731 2425/1217/729
f 2419/1218/730 2418/1216/728 2403/1201/706
f 2412/1219/711 2427/1227/718 2426/1220/731
f 2420/1221/732 2419/1218/730 2404/1204/708
f 2432/1222/733 2431/1239/751 2416/1223/724
f 2440/1224/734 2439/1231/743 2424/1215/727
f 2433/1225/735 2432/1222/733 2417/1213/726
f 2426/1220/731 2441/1243/758 2440/1224/734
f 2419/1218/730 2434/1228/737 2433/1225/735
f 2442/1226/736 2441/1243/758 2426/1220/731
f 2420/1221/732 2435/1233/745 2434/1228/737
f 2443/852/738 2442/877/736 2427/827/718
f 2436/1229/739 2435/1233/745 2420/1221/732
f 2422/1211/723 2437/1235/749 2436/1229/739
f 2415/832/722 2430/856/742 2429/854/740
f 2438/1230/741 2437/1235/749 2422/1211/723
f 2416/834/724 2431/858/751 2430/856/742
f 2439/1231/743 2438/1230/741 2423/1212/725
f 2436/1229/739 2451/1251/769 2450/1232/744
f 2452/1234/748 2451/1251/769 2436/1229/739
f 2430/856/742 2445/865/752 2444/862/746
f 2453/1236/750 2452/1234/748 2437/1235/749
f 2431/858/751 2446/867/754 2445/865/752
f 2454/1237/753 2453/1236/750 2438/1230/741
f 2432/1222/733 2447/1241/756 2446/1238/754
f 2455/1240/755 2454/1237/753 2439/1231/743
f 2433/1225/735 2448/1244/759 2447/1241/756
f 2456/1242/757 2455/1240/755 2440/1224/734
f 2434/1228/737 2449/1245/761 2448/1244/759
f 2457/876/760 2456/883/757 2441/875/758
f 2435/1233/745 2450/1232/744 2449/1245/761
f 2458/863/747 2457/876/760 2442/877/736
f 2470/1246/762 2469/1255/775 2454/1237/753
f 2448/1244/759 2463/1249/765 2462/1247/763
f 2471/1248/764 2470/1246/762 2455/1240/755
f 2449/1245/761 2464/1250/767 2463/1249/765
f 2472/884/766 2471/908/764 2456/883/757
f 2450/1232/744 2465/1252/770 2464/1250/767
f 2473/886/768 2472/884/766 2457/876/760
f 2451/1251/769 2466/1258/779 2465/1252/770
f 2467/1253/772 2466/1258/779 2451/1251/769
f 2445/865/752 2460/890/774 2459/888/771
f 2468/1254/773 2467/1253/772 2452/1234/748
f 2446/867/754 2461/892/776 2460/890/774
f 2469/1255/775 2468/1254/773 2453/1236/750
f 2447/1241/756 2462/1247/763 2461/1256/776
f 2482/1257/778 2481/1268/797 2466/1258/779
f 2460/890/774 2475/898/782 2474/897/780
f 2483/1259/781 2482/1257/778 2467/1253/772
f 2461/892/776 2476/900/784 2475/898/782
f 2484/1260/783 2483/1259/781 2468/1254/773
f 2462/1247/763 2477/1263/786 2476/1261/784
f 2485/1262/785 2484/1260/783 2469/1255/775
f 2463/1249/765 2478/1264/788 2477/1263/786
f 2486/907/787 2485/913/785 2470/906/762
f 2464/1250/767 2479/1265/790 2478/1264/788
f 2487/910/789 2486/907/787 2471/908/764
f 2465/1252/770 2480/1266/791 2479/1265/790
f 2488/895/777 2487/910/789 2472/884/766
f 2466/1258/779 2481/1268/797 2480/1266/791
f 2501/914/792 2500/934/805 2485/913/785
f 2479/915/790 2494/917/795 2493/916/793
f 2502/918/794 2501/914/792 2486/907/787
f 2480/1266/791 2495/1269/798 2494/1267/795
f 2503/921/796 2502/918/794 2487/910/789
f 2481/1268/797 2496/2973/819 2495/1269/798
f 2497/1270/800 2496/2973/819 2481/1268/797
f 2475/898/782 2490/925/802 2489/923/799
f 2498/1271/801 2497/1270/800 2482/1257/778
f 2476/927/784 2491/929/804 2490/928/802
f 2499/1273/803 2498/1271/801 2483/1259/781
f 2477/931/786 2492/932/806 2491/929/804
f 2500/934/805 2499/945/803 2484/933/783
f 2478/935/788 2493/916/793 2492/932/806
f 2490/925/802 2505/937/809 2504/936/807
f 2513/939/808 2512/957/821 2497/938/800
f 2491/929/804 2506/942/811 2505/941/809
f 2514/944/810 2513/970/808 2498/943/801
f 2492/932/806 2507/946/813 2506/942/811
f 2515/947/812 2514/944/810 2499/945/803
f 2493/916/793 2508/948/815 2507/946/813
f 2516/949/814 2515/947/812 2500/934/805
f 2494/917/795 2509/950/817 2508/948/815
f 2517/951/816 2516/949/814 2501/914/792
f 2495/952/798 2510/953/820 2509/950/817
f 2518/954/818 2517/951/816 2502/918/794
f 2496/955/819 2511/956/826 2510/953/820
f 2512/957/821 2511/956/826 2496/955/819
f 2509/950/817 2524/959/824 2523/958/822
f 2532/960/823 2531/974/836 2516/949/814
f 2510/953/820 2525/961/827 2524/959/824
f 2533/962/825 2532/960/823 2517/951/816
f 2511/956/826 2526/963/837 2525/961/827
f 2527/965/829 2526/963/837 2511/956/826
f 2505/937/809 2520/966/831 2519/964/828
f 2528/967/830 2527/965/829 2512/957/821
f 2506/942/811 2521/969/833 2520/968/831
f 2529/971/832 2528/1113/830 2513/970/808
f 2507/946/813 2522/972/835 2521/969/833
f 2530/973/834 2529/971/832 2514/944/810
f 2508/948/815 2523/958/822 2522/972/835
f 2531/974/836 2530/973/834 2515/947/812
f 2188/976/599 2187/1040/598 2645/975/598
f 2200/979/600 2201/985/2 2646/978/2
f 2189/982/601 2188/2966/599 2661/981/599
f 2201/985/2 2202/989/602 2647/984/602
f 2190/986/603 2189/982/601 2663/983/601
f 2202/989/602 2203/993/604 2648/988/604
f 2665/991/605 2191/990/605 2190/986/603
f 2648/988/604 2203/993/604 2204/997/606
f 2666/994/607 2192/995/607 2191/990/605
f 2204/997/606 2205/1001/608 2650/996/608
f 2193/998/609 2192/995/607 2666/994/607
f 2650/996/608 2205/1001/608 2206/1006/610
f 2180/1003/612 2179/1024/611 2652/1002/611
f 2206/1006/610 2207/2967/613 2653/1005/613
f 2181/1008/614 2180/2968/612 2668/1007/612
f 2207/1011/613 2208/1026/615 2654/1010/615
f 2182/1013/616 2181/1008/614 2669/1009/614
f 2194/1016/618 2195/1023/617 2655/1015/617
f 2177/1018/6 2194/1016/618 2671/1017/618
f 2183/1020/619 2182/1013/616 2670/1014/616
f 2195/1023/617 2196/1030/620 2656/1022/620
f 2179/1024/611 2177/1018/6 2672/1019/6
f 2654/1010/615 2208/1026/615 2178/1025/5
f 2184/1027/621 2183/1020/619 2673/1021/619
f 2196/1030/620 2197/1029/622 2658/1034/622
f 2178/1025/5 2193/998/609 2667/999/609
f 2675/1033/623 2185/1032/623 2184/1027/621
f 2658/1034/622 2197/1029/622 2198/1035/624
f 2186/1036/4 2185/1032/623 2675/1033/623
f 2198/1035/624 2199/2969/625 2660/1038/625
f 2187/1040/598 2186/1036/4 2676/1037/4
f 2660/1041/625 2199/1042/625 2200/979/600
f 2612/1115/625 2580/1116/625 2551/1152/600
f 2550/1047/598 2579/1053/4 2596/1046/4
f 2578/1050/624 2580/1120/625 2612/1049/625
f 2579/1274/4 2577/2974/623 2595/1275/623
f 2576/1054/622 2578/1050/624 2611/1051/624
f 2595/1275/623 2577/2974/623 2575/1277/621
f 2574/1059/5 2561/1091/609 2587/1058/609
f 2573/1061/620 2576/1054/622 2610/1055/622
f 2594/1063/621 2575/1056/621 2572/1064/619
f 2567/1065/615 2574/1059/5 2609/1060/5
f 2564/1068/611 2571/1075/6 2592/1067/6
f 2607/1071/617 2570/1070/617 2573/1061/620
f 2572/1064/619 2568/1078/616 2590/1072/616
f 2571/1075/6 2569/1076/618 2591/1074/618
f 2591/1074/618 2569/1076/618 2570/1070/617
f 2568/1078/616 2566/1082/614 2589/1077/614
f 2605/1080/613 2565/1079/613 2567/1065/615
f 2589/1077/614 2566/1082/614 2563/1136/612
f 2562/1084/610 2565/1138/613 2605/1083/613
f 2588/1086/612 2563/1087/612 2564/1068/611
f 2602/1088/608 2560/1089/608 2562/1084/610
f 2561/1091/609 2559/1095/607 2586/1090/607
f 2601/1092/606 2558/1093/606 2560/1089/608
f 2586/1090/607 2559/1095/607 2557/1099/605
f 2600/1096/604 2556/1097/604 2558/1093/606
f 2585/1094/605 2557/1099/605 2555/1098/603
f 2554/1100/602 2556/1097/604 2600/1096/604
f 2584/1102/603 2555/1098/603 2553/1103/601
f 2552/1104/2 2554/1100/602 2599/1101/602
f 2553/1103/601 2549/1150/599 2581/1106/599
f 2551/1152/600 2552/1104/2 2598/1105/2
f 2549/1110/599 2550/1047/598 2597/1048/598
f 2581/1111/599 2597/1048/598 2527/965/829
f 2582/1112/600 2598/1105/2 2541/718/631
f 2583/1107/601 2581/1106/599 2528/1113/830
f 2598/1105/2 2599/1101/602 2542/723/637
f 2530/973/834 2584/1102/603 2583/1107/601
f 2599/1101/602 2600/1096/604 2543/727/640
f 2585/1094/605 2584/1102/603 2530/973/834
f 2543/727/640 2600/1096/604 2601/1092/606
f 2586/1090/607 2585/1094/605 2531/974/836
f 2601/1092/606 2602/1088/608 2545/735/648
f 2587/1058/609 2586/1090/607 2532/960/823
f 2602/1088/608 2603/1085/610 2546/739/652
f 2588/1086/612 2604/1069/611 2519/964/828
f 2603/1085/610 2605/1083/613 2547/743/628
f 2589/1077/614 2588/1081/612 2520/968/831
f 2605/1080/613 2606/1066/615 2548/713/626
f 2590/1072/616 2589/1077/614 2521/969/833
f 2591/1074/618 2607/1071/617 2535/726/639
f 2337/720/634 2592/1067/6 2591/1074/618
f 2593/1073/619 2590/1072/616 2522/972/835
f 2607/1071/617 2608/1062/620 2536/730/643
f 2604/1069/611 2592/1067/6 2337/720/634
f 2606/1066/615 2609/1060/5 2338/722/635
f 2524/959/824 2594/1063/621 2593/1073/619
f 2608/1062/620 2610/1055/622 2537/734/647
f 2338/722/635 2609/1060/5 2587/1058/609
f 2595/1052/623 2594/1063/621 2524/959/824
f 2610/1055/622 2611/1051/624 2538/738/651
f 2596/1046/4 2595/1052/623 2525/961/827
f 2611/1051/624 2612/1049/625 2539/742/655
f 2597/1048/598 2596/1046/4 2526/963/837
f 2539/745/655 2612/1115/625 2582/1112/600
f 2580/1116/625 2628/1118/625 2630/1117/600
f 2613/1119/598 2644/1122/4 2579/1053/4
f 2627/1121/624 2628/1157/625 2580/1120/625
f 2644/1122/4 2643/1125/623 2577/1057/623
f 2626/1123/622 2627/1121/624 2578/1050/624
f 2577/1057/623 2643/1125/623 2642/1124/621
f 2625/1126/5 2635/1142/609 2561/1091/609
f 2624/1127/620 2626/1123/622 2576/1054/622
f 2642/1124/621 2641/1131/619 2572/1064/619
f 2622/1128/615 2625/1126/5 2574/1059/5
f 2620/1129/611 2640/1132/6 2571/1075/6
f 2623/1130/617 2624/1127/620 2573/1061/620
f 2641/1131/619 2638/1134/616 2568/1078/616
f 2640/1132/6 2639/1133/618 2569/1076/618
f 2569/1076/618 2639/1133/618 2623/1130/617
f 2638/1134/616 2637/1137/614 2566/1082/614
f 2621/1135/613 2622/1128/615 2567/1065/615
f 2637/1137/614 2636/1160/612 2563/1136/612
f 2619/1139/610 2621/1161/613 2565/1138/613
f 2563/1087/612 2636/1140/612 2620/1129/611
f 2560/1089/608 2618/1141/608 2619/1139/610
f 2635/1142/609 2634/1144/607 2559/1095/607
f 2558/1093/606 2617/1143/606 2618/1141/608
f 2634/1144/607 2633/1147/605 2557/1099/605
f 2556/1097/604 2616/1145/604 2617/1143/606
f 2557/1099/605 2633/1147/605 2632/1146/603
f 2615/1148/602 2616/1145/604 2556/1097/604
f 2632/1146/603 2631/1151/601 2553/1103/601
f 2614/1149/2 2615/1148/602 2554/1100/602
f 2631/1151/601 2629/1166/599 2549/1150/599
f 2630/1117/600 2614/1149/2 2552/1104/2
f 2629/1153/599 2613/1119/598 2550/1047/598
f 2628/1118/625 2660/1041/625 2662/980/600
f 2645/1279/598 2676/2975/4 2644/1280/4
f 2659/1039/624 2660/1038/625 2628/1157/625
f 2676/1037/4 2675/1033/623 2643/1125/623
f 2658/1034/622 2659/1039/624 2627/1121/624
f 2643/1125/623 2675/1033/623 2674/1028/621
f 2657/1031/5 2667/999/609 2635/1142/609
f 2656/1022/620 2658/1034/622 2626/1123/622
f 2674/1028/621 2673/1021/619 2641/1131/619
f 2654/1010/615 2657/1031/5 2625/1126/5
f 2652/1002/611 2672/1019/6 2640/1132/6
f 2655/1015/617 2656/1022/620 2624/1127/620
f 2673/1021/619 2670/1014/616 2638/1134/616
f 2672/1019/6 2671/1017/618 2639/1133/618
f 2639/1133/618 2671/1017/618 2655/1015/617
f 2670/1014/616 2669/1009/614 2637/1137/614
f 2621/1135/613 2653/1012/613 2654/1010/615
f 2669/1009/614 2668/1007/612 2636/1160/612
f 2651/1000/610 2653/1005/613 2621/1161/613
f 2636/1140/612 2668/1004/612 2652/1002/611
f 2618/1141/608 2650/996/608 2651/1000/610
f 2635/1142/609 2667/999/609 2666/994/607
f 2649/992/606 2650/996/608 2618/1141/608
f 2666/994/607 2665/991/605 2633/1147/605
f 2616/1145/604 2648/988/604 2649/992/606
f 2633/1147/605 2665/991/605 2664/987/603
f 2647/984/602 2648/988/604 2616/1145/604
f 2664/987/603 2663/983/601 2631/1151/601
f 2646/978/2 2647/984/602 2615/1148/602
f 2631/1151/601 2663/983/601 2661/981/599
f 2662/1282/600 2646/2976/2 2614/1283/2
f 2661/1285/599 2645/1279/598 2613/1281/598
s 0
f 2678/1287/1 2680/1910/1 2679/1288/1
f 2680/1290/838 2684/1296/838 2683/1291/838
f 2684/1293/3 2682/1911/3 2681/1294/3
f 2682/1296/839 2678/2977/839 2677/1297/839
f 2683/1298/5 2681/2978/5 2677/1299/5
f 2680/1301/6 2678/1299/6 2682/1302/6
s 1
f 2695/1304/6 2691/1315/618 2700/1305/618
f 2705/1307/611 2694/1912/611 2695/1304/6
f 2693/1308/612 2694/1912/611 2705/1307/611
f 2692/1310/614 2693/1308/612 2704/1309/612
f 2690/1312/616 2692/1913/614 2703/1313/614
f 2691/1315/618 2689/1318/617 2699/1316/617
f 2701/1317/840 2688/1914/840 2690/1312/616
f 2689/1318/617 2687/1320/620 2698/1319/620
f 2687/1320/620 2686/1322/622 2697/1321/622
f 2686/1322/622 2685/2979/841 2696/1323/841
f 2728/1324/609 2719/1334/609 2718/1325/5
f 2717/1306/5 2718/1325/5 2716/1326/615
f 2715/1307/615 2716/1326/615 2714/1327/613
f 2713/1328/613 2714/1327/613 2712/1329/610
f 2711/1330/610 2712/1915/610 2710/1331/608
f 2727/1333/607 2720/1338/607 2719/1334/609
f 2707/1335/842 2709/1332/608 2710/1331/608
f 2726/1337/605 2721/1340/605 2720/1338/607
f 2725/1339/603 2722/1342/603 2721/1340/605
f 2724/1341/843 2723/1916/843 2722/1342/603
f 2685/1343/4 2723/2980/4 2724/1344/4
f 2693/1346/1 2692/1352/1 2712/1347/1
f 2702/1349/3 2709/1361/3 2707/1350/3
f 2692/1352/1 2690/1362/1 2710/1353/1
f 2700/1354/3 2699/1389/3 2727/1355/3
f 2691/1357/1 2719/1371/1 2720/1358/1
f 2703/1360/3 2711/1365/3 2709/1361/3
f 2690/1362/1 2688/1916/1 2708/1363/1
f 2704/1364/3 2713/1369/3 2711/1365/3
f 2689/1359/1 2720/1358/1 2721/1366/1
f 2705/1368/3 2715/1378/3 2713/1369/3
f 2695/1370/1 2718/1380/1 2719/1371/1
f 2697/1372/3 2696/1917/3 2724/1373/3
f 2687/1367/1 2721/1366/1 2722/1375/1
f 2706/1377/3 2717/1387/3 2715/1378/3
f 2695/1370/1 2694/1388/1 2716/1379/1
f 2698/1381/3 2697/1372/3 2725/1374/3
f 2701/1383/2 2707/1335/2 2708/1336/2
f 2686/1376/1 2722/1375/1 2723/1385/1
f 2706/1377/3 2700/1354/3 2728/1356/3
f 2694/1388/1 2693/1346/1 2714/1348/1
f 2699/1389/3 2698/1381/3 2726/1382/3
s 0
f 2730/1390/1 2732/2981/1 2731/1391/1
f 2749/1393/1 2741/2982/1 2744/1394/1
f 2736/1396/6 2773/1493/6 2780/1397/6
f 2746/1399/4 2730/2983/4 2729/1400/4
f 2735/1402/5 2733/2984/5 2739/1403/5
f 2732/1405/6 2730/1438/6 2746/1406/6
f 2738/1408/6 2740/1428/6 2734/1409/6
f 2737/1404/5 2739/1403/5 2748/1410/5
f 2734/1412/4 2740/1429/4 2739/1413/4
f 2778/1415/3 2797/1487/3 2800/1416/3
f 2752/1398/6 2742/1469/6 2741/1418/6
f 2750/1420/5 2744/2985/5 2743/1421/5
f 2732/1423/2 2747/1433/2 2745/1424/2
f 2745/1411/5 2748/1410/5 2729/1426/5
f 2747/1407/6 2746/1406/6 2740/1428/6
f 2740/1429/4 2746/1399/4 2748/1401/4
f 2737/1404/5 2750/1420/5 2751/1422/5
f 2736/1396/6 2752/1398/6 2749/1419/6
f 2758/1430/2 2784/2986/2 2783/1431/2
f 2747/1433/844 2749/1463/844 2750/1434/844
f 2755/1435/1 2756/2987/1 2754/1436/1
f 2744/1394/1 2741/2982/1 2769/1438/1
f 2733/1414/4 2775/1509/4 2776/1440/4
f 2753/1441/2 2754/2988/2 2766/1442/2
f 2763/1444/5 2757/2989/5 2759/1445/5
f 2766/1447/6 2754/2990/6 2756/1448/6
f 2758/1450/6 2764/1466/6 2762/1451/6
f 2768/1453/5 2763/1444/5 2761/1446/5
f 2763/1455/2 2764/1467/2 2758/1430/2
f 2760/1452/6 2781/1492/6 2784/1456/6
f 2741/1418/6 2742/1469/6 2772/1457/6
f 2743/1421/5 2744/2985/5 2770/1459/5
f 2765/1461/4 2767/1471/4 2756/1462/4
f 2753/1464/5 2768/1453/5 2765/1454/5
f 2764/1466/6 2766/1447/6 2767/1449/6
f 2768/1443/2 2766/1442/2 2764/1467/2
f 2771/1460/5 2770/1459/5 2761/1446/5
f 2769/1458/6 2772/1457/6 2760/1452/6
f 2752/1398/6 2780/1397/6 2777/1468/6
f 2770/1470/845 2769/2991/845 2767/1471/845
f 2773/1472/3 2776/2992/3 2775/1473/3
f 2779/1475/3 2778/1415/3 2777/1476/3
f 2774/1474/3 2779/1475/3 2780/1477/3
f 2783/1478/3 2784/2993/3 2781/1479/3
f 2777/1476/3 2778/1415/3 2785/1417/3
f 2786/1481/3 2785/1417/3 2782/1480/3
f 2759/1482/1 2793/1517/1 2794/1483/1
f 2742/1469/6 2777/1468/6 2786/1485/6
f 2783/1431/2 2798/2983/2 2792/1486/2
f 2779/1475/3 2796/1507/3 2797/1487/3
f 2743/1488/1 2791/1512/1 2790/1489/1
f 2782/1480/3 2799/1511/3 2798/1491/3
f 2772/1457/6 2786/1485/6 2781/1492/6
f 2734/1409/6 2776/2994/6 2773/1493/6
f 2791/1494/5 2797/1500/5 2796/1495/5
f 2793/1497/5 2799/1506/5 2800/1498/5
f 2794/1499/5 2800/1498/5 2797/1500/5
f 2789/1501/5 2795/1504/5 2788/1502/5
f 2790/1496/5 2796/1495/5 2795/1504/5
f 2792/1505/5 2798/2995/5 2799/1506/5
f 2774/1474/3 2795/1510/3 2796/1507/3
f 2733/1414/4 2787/2996/4 2788/1508/4
f 2775/1473/3 2788/1462/3 2795/1510/3
f 2785/1417/3 2800/1416/3 2799/1511/3
f 2771/1484/1 2794/1483/1 2791/1512/1
f 2735/1513/1 2789/1516/1 2787/1514/1
f 2751/1490/1 2790/1489/1 2789/1516/1
f 2757/1434/1 2792/2997/1 2793/1517/1
f 2802/1518/1 2804/2998/1 2803/1519/1
f 2804/1521/2 2808/2999/2 2807/1522/2
f 2808/1520/3 2806/1519/3 2805/1524/3
f 2806/1526/4 2802/3000/4 2801/1527/4
f 2807/1529/5 2805/1518/5 2801/1530/5
f 2804/1532/6 2802/3001/6 2806/1533/6
f 2811/1535/1 2812/1540/1 2810/1536/1
f 2815/1521/4 2816/1541/4 2812/1538/4
f 2813/1540/3 2814/1525/3 2816/1524/3
f 2809/1541/2 2810/3002/2 2814/1542/2
f 2809/1544/5 2813/3003/5 2815/1545/5
f 2814/1547/6 2810/3004/6 2812/1548/6
f 2820/1615/872 2818/1777/872 2817/1616/872
f 2850/1706/919 2849/1773/919 2851/1707/919
f 2820/1615/920 2819/1617/920 2821/1741/920
f 2822/1743/921 2821/3005/921 2823/1744/921
f 2824/1745/922 2823/1744/922 2825/1746/922
f 2826/1747/4 2825/1746/4 2827/1748/4
f 2828/1749/923 2827/1748/923 2829/1750/923
f 2830/1752/924 2829/1743/924 2831/1753/924
f 2832/1754/925 2831/1753/925 2833/1755/925
f 2834/1756/926 2833/1755/926 2835/1757/926
f 2836/1758/927 2835/1757/927 2837/1759/927
f 2838/1761/928 2837/3006/928 2839/1762/928
f 2840/1763/929 2839/1762/929 2841/1764/929
f 2842/1765/930 2841/1764/930 2843/1766/930
f 2844/1767/2 2843/1766/2 2845/1768/2
f 2846/1769/931 2845/1768/931 2847/1770/931
f 2848/1772/932 2847/3007/932 2849/1773/932
f 2830/3008/1 2832/3009/1 2834/3010/1
f 2834/3010/1 2836/3011/1 2838/1774/1
f 2838/1774/1 2840/3012/1 2842/3013/1
f 2842/3013/1 2844/3014/1 2846/1918/1
f 2846/1918/1290 2848/3015/1290 2850/3016/1290
f 2850/3016/37 2852/3017/37 2818/1775/37
f 2818/1775/37 2820/3018/37 2822/3019/37
f 2822/3019/1 2824/3020/1 2826/1776/1
f 2826/1776/1 2828/3021/1 2830/3008/1
f 2830/3008/1 2834/3010/1 2838/1774/1
f 2838/1774/1 2842/3013/1 2846/1918/1
f 2846/1918/1 2850/3016/1 2818/1775/1
f 2818/1775/1 2822/3019/1 2826/1776/1
f 2826/1776/1 2830/3008/1 2838/1774/1
f 2838/1774/1 2846/1918/1 2818/1775/1
f 2852/1708/933 2851/1707/933 2817/1616/933
f 2857/1778/1291 2825/1919/1291 2823/1779/1291
f 2862/1781/935 2835/3022/935 2833/1782/935
f 2845/1784/936 2843/1805/936 2866/1785/936
f 2821/1787/937 2819/1920/937 2854/1788/937
f 2831/1790/938 2829/1808/938 2859/1791/938
f 2841/1793/939 2839/1809/939 2864/1794/939
f 2851/1796/940 2849/1810/940 2869/1797/940
f 2827/1799/941 2825/1919/941 2857/1778/941
f 2837/1801/942 2835/3022/942 2862/1781/942
f 2847/1803/943 2845/1784/943 2867/1786/943
f 2855/1789/1292 2856/1780/1292 2823/1779/1292
f 2833/1782/945 2831/1790/945 2860/1792/945
f 2843/1805/946 2841/1793/946 2865/1795/946
f 2854/1788/947 2819/1920/947 2817/1806/947
f 2851/1796/948 2870/1798/948 2853/1807/948
f 2829/1808/1293 2827/1799/1293 2858/1800/1293
f 2837/1801/950 2863/1802/950 2864/1794/950
f 2847/1803/951 2868/1804/951 2869/1797/951
f 2875/1811/922 2874/1845/922 2892/1812/922
f 2912/1814/952 2894/1855/952 2893/1815/952
f 2883/1817/929 2882/1820/929 2900/1818/929
f 2876/1820/4 2875/1811/4 2893/1813/4
f 2884/1822/930 2883/1817/930 2901/1819/930
f 2877/1824/923 2876/1820/923 2894/1821/923
f 2885/1826/2 2884/1822/2 2902/1823/2
f 2878/1828/924 2877/3023/924 2895/1829/924
f 2886/1831/931 2885/1826/931 2903/1827/931
f 2879/1833/925 2878/1828/925 2896/1830/925
f 2872/1827/872 2871/1846/872 2890/1830/872
f 2887/1835/932 2886/1847/932 2904/1836/932
f 2880/1838/926 2879/1833/926 2897/1834/926
f 2873/1839/920 2872/1831/920 2889/1840/920
f 2888/1842/919 2887/1835/919 2905/1837/919
f 2881/1844/927 2880/1838/927 2898/1837/927
f 2874/1845/921 2873/1839/921 2891/1841/921
f 2871/1846/933 2888/1842/933 2906/1843/933
f 2882/1820/928 2881/1824/928 2899/1847/928
f 2940/1848/1294 2922/1860/1294 2921/1849/1294
f 2901/1851/960 2919/1881/960 2920/1852/960
f 2912/1814/961 2913/1858/961 2895/1854/961
f 2903/1856/962 2902/1853/962 2920/1852/962
f 2896/1857/963 2895/1854/963 2913/1858/963
f 2922/1860/964 2904/1865/964 2903/1856/964
f 2914/1859/965 2915/1869/965 2897/1861/965
f 2908/1862/966 2907/1887/966 2889/1863/966
f 2904/1865/967 2922/1860/967 2923/1866/967
f 2916/1868/968 2898/1874/968 2897/1861/968
f 2889/1863/969 2907/1887/969 2909/1870/969
f 2924/1872/970 2906/1876/970 2905/1867/970
f 2917/1873/971 2899/1877/971 2898/1874/971
f 2909/1870/972 2910/1880/972 2892/1875/972
f 2924/1872/973 2908/1862/973 2890/1864/973
f 2899/1877/974 2917/1873/974 2918/1878/974
f 2911/1816/975 2893/1815/975 2892/1875/975
f 2900/1879/976 2918/1878/976 2919/1881/976
f 2930/1893/3 2929/1894/3 2928/1890/3
f 2928/1890/1295 2927/1891/1295 2925/1882/1295
f 2925/1882/1295 2926/1885/1295 2942/1922/1295
f 2942/1922/1296 2941/1888/1296 2940/1848/1296
f 2940/1848/3 2939/1850/3 2938/1895/3
f 2938/1895/3 2937/1892/3 2936/1883/3
f 2936/1883/3 2935/1889/3 2934/1921/3
f 2934/1921/43 2933/1886/43 2932/1884/43
f 2932/1884/1296 2931/1896/1296 2930/1893/1296
f 2930/1893/3 2928/1890/3 2925/1882/3
f 2925/1882/3 2942/1922/3 2940/1848/3
f 2940/1848/3 2938/1895/3 2936/1883/3
f 2936/1883/3 2934/1921/3 2932/1884/3
f 2932/1884/3 2930/1893/3 2925/1882/3
f 2925/1882/3 2940/1848/3 2936/1883/3
f 2932/1884/977 2933/1886/977 2915/1869/977
f 2925/1882/978 2907/1887/978 2908/1862/978
f 2940/1848/1297 2941/1888/1297 2923/1866/1297
f 2933/1886/980 2934/1921/980 2916/1868/980
f 2925/1882/981 2927/1891/981 2909/1870/981
f 2941/1888/982 2942/1922/982 2924/1872/982
f 2916/1868/983 2934/1921/983 2935/1889/983
f 2928/1890/1298 2910/1880/1298 2909/1870/1298
f 2924/1872/985 2942/1922/985 2926/1885/985
f 2935/1889/1299 2936/1883/1299 2918/1878/1299
f 2928/1890/1300 2929/1894/1300 2911/1816/1300
f 2937/1892/1301 2919/1881/1301 2918/1878/1301
f 2930/1893/989 2912/1814/989 2911/1816/989
f 2919/1881/990 2937/1892/990 2938/1895/990
f 2931/1896/1302 2913/1858/1302 2912/1814/1302
f 2938/1895/992 2939/1850/992 2921/1849/992
f 2931/1896/1303 2932/1884/1303 2914/1859/1303
s 1
f 2954/1597/856 2951/1923/868 2952/1897/854
f 2955/1593/855 2953/1595/857 2956/1600/869
f 2976/1621/876 2971/1618/873 2982/1727/893
f 2979/1905/889 2978/3024/881 2983/1644/885
f 2984/1728/892 2988/1924/891 2987/1906/886
f 2998/1686/901 2999/1688/903 3001/1694/915
f 3000/1734/902 2998/1736/901 3002/1665/909
f 3004/1909/906 3010/1925/911 3009/1737/918
s 0
f 3014/1289/3 3016/1288/3 3017/1910/3
f 3020/1291/838 3021/1296/838 3017/1290/838
f 3020/1295/1 3018/1294/1 3019/1911/1
f 3014/1297/839 3015/2977/839 3019/1296/839
f 3014/1299/5 3018/2978/5 3020/1298/5
f 3019/1302/6 3015/1299/6 3017/1301/6
s 1
f 3037/1305/618 3028/1315/618 3032/1304/6
f 3043/1306/6 3032/1304/6 3031/1912/611
f 3041/1309/612 3042/1307/611 3031/1912/611
f 3041/1309/612 3030/1308/612 3029/1310/614
f 3039/1314/616 3040/1313/614 3029/1913/614
f 3037/1305/618 3036/1316/617 3026/1318/617
f 3039/1314/616 3027/1312/616 3025/1914/840
f 3036/1316/617 3035/1319/620 3024/1320/620
f 3035/1319/620 3034/1321/622 3023/1322/622
f 3033/1323/841 3022/2979/841 3023/1322/622
f 3055/1325/5 3056/1334/609 3065/1324/609
f 3052/1307/615 3053/1326/615 3055/1325/5
f 3051/1327/613 3053/1326/615 3052/1307/615
f 3049/1329/610 3051/1327/613 3050/1328/613
f 3046/1332/608 3047/1331/608 3049/1915/610
f 3056/1334/609 3057/1338/607 3064/1333/607
f 3044/1335/842 3045/1336/842 3047/1331/608
f 3057/1338/607 3058/1340/605 3063/1337/605
f 3063/1337/605 3058/1340/605 3059/1342/603
f 3059/1342/603 3060/1916/843 3061/1341/843
f 3061/1344/4 3060/2980/4 3022/1343/4
f 3030/1346/3 3051/1348/3 3049/1347/3
f 3044/1350/1 3046/1361/1 3039/1349/1
f 3029/1352/3 3049/1347/3 3047/1353/3
f 3037/1354/1 3065/1356/1 3064/1355/1
f 3057/1358/3 3056/1371/3 3028/1357/3
f 3046/1361/1 3048/1365/1 3040/1360/1
f 3027/1362/3 3047/1353/3 3045/1363/3
f 3048/1365/1 3050/1369/1 3041/1364/1
f 3058/1366/3 3057/1358/3 3026/1359/3
f 3050/1369/1 3052/1378/1 3042/1368/1
f 3056/1371/3 3055/1380/3 3032/1370/3
f 3034/1372/1 3062/1374/1 3061/1373/1
f 3059/1375/3 3058/1366/3 3024/1367/3
f 3052/1378/1 3054/1387/1 3043/1377/1
f 3032/1370/3 3055/1380/3 3053/1379/3
f 3035/1381/1 3063/1382/1 3062/1374/1
f 3045/1336/2 3044/1335/2 3038/1383/2
f 3060/1385/3 3059/1375/3 3023/1376/3
f 3043/1377/1 3054/1387/1 3065/1356/1
f 3031/1388/3 3053/1379/3 3051/1348/3
f 3036/1389/1 3064/1355/1 3063/1382/1
s 0
f 3068/1391/3 3069/2981/3 3067/1390/3
f 3081/1394/3 3078/2982/3 3086/1393/3
f 3117/1397/6 3110/1493/6 3073/1396/6
f 3066/1400/4 3067/2983/4 3083/1399/4
f 3076/1403/5 3070/2984/5 3072/1402/5
f 3083/1406/6 3067/1438/6 3069/1405/6
f 3071/1409/6 3077/1428/6 3075/1408/6
f 3085/1410/5 3076/1403/5 3074/1404/5
f 3076/1413/4 3077/1429/4 3071/1412/4
f 3137/1416/1 3134/1487/1 3115/1415/1
f 3078/1418/6 3079/1469/6 3089/1398/6
f 3080/1421/5 3081/2985/5 3087/1420/5
f 3082/1424/2 3084/1433/2 3069/1423/2
f 3066/1426/5 3085/1410/5 3082/1411/5
f 3077/1428/6 3083/1406/6 3084/1407/6
f 3085/1401/4 3083/1399/4 3077/1429/4
f 3088/1422/5 3087/1420/5 3074/1404/5
f 3086/1419/6 3089/1398/6 3073/1396/6
f 3120/1431/2 3121/2986/2 3095/1430/2
f 3087/1434/994 3086/1463/994 3084/1433/994
f 3091/1436/3 3093/2987/3 3092/1435/3
f 3106/1438/3 3078/2982/3 3081/1394/3
f 3113/1440/4 3112/1509/4 3070/1414/4
f 3103/1442/2 3091/2988/2 3090/1441/2
f 3096/1445/5 3094/2989/5 3100/1444/5
f 3093/1448/6 3091/2990/6 3103/1447/6
f 3099/1451/6 3101/1466/6 3095/1450/6
f 3098/1446/5 3100/1444/5 3105/1453/5
f 3095/1430/2 3101/1467/2 3100/1455/2
f 3121/1456/6 3118/1492/6 3097/1452/6
f 3109/1457/6 3079/1469/6 3078/1418/6
f 3107/1459/5 3081/2985/5 3080/1421/5
f 3093/1462/4 3104/1471/4 3102/1461/4
f 3102/1454/5 3105/1453/5 3090/1464/5
f 3104/1449/6 3103/1447/6 3101/1466/6
f 3101/1467/2 3103/1442/2 3105/1443/2
f 3098/1446/5 3107/1459/5 3108/1460/5
f 3097/1452/6 3109/1457/6 3106/1458/6
f 3114/1468/6 3117/1397/6 3089/1398/6
f 3104/1471/995 3106/2991/995 3107/1470/995
f 3112/1473/1 3113/2992/1 3110/1472/1
f 3114/1476/1 3115/1415/1 3116/1475/1
f 3117/1477/1 3116/1475/1 3111/1474/1
f 3118/1479/1 3121/2993/1 3120/1478/1
f 3122/1417/1 3115/1415/1 3114/1476/1
f 3119/1480/1 3122/1417/1 3123/1481/1
f 3131/1483/3 3130/1517/3 3096/1482/3
f 3123/1485/6 3114/1468/6 3079/1469/6
f 3129/1486/2 3135/2983/2 3120/1431/2
f 3134/1487/1 3133/1507/1 3116/1475/1
f 3127/1489/3 3128/1512/3 3080/1488/3
f 3135/1491/1 3136/1511/1 3119/1480/1
f 3118/1492/6 3123/1485/6 3109/1457/6
f 3110/1493/6 3113/2994/6 3071/1409/6
f 3133/1495/5 3134/1500/5 3128/1494/5
f 3137/1498/5 3136/1506/5 3130/1497/5
f 3134/1500/5 3137/1498/5 3131/1499/5
f 3125/1502/5 3132/1504/5 3126/1501/5
f 3132/1504/5 3133/1495/5 3127/1496/5
f 3136/1506/5 3135/2995/5 3129/1505/5
f 3133/1507/1 3132/1510/1 3111/1474/1
f 3125/1508/4 3124/2996/4 3070/1414/4
f 3132/1510/1 3125/1462/1 3112/1473/1
f 3136/1511/1 3137/1416/1 3122/1417/1
f 3128/1512/3 3131/1483/3 3108/1484/3
f 3124/1514/3 3126/1516/3 3072/1513/3
f 3126/1516/3 3127/1489/3 3088/1490/3
f 3130/1517/3 3129/2997/3 3094/1434/3
f 3140/1519/3 3141/2998/3 3139/1518/3
f 3144/1522/2 3145/2999/2 3141/1521/2
f 3142/1524/1 3143/1519/1 3145/1520/1
f 3138/1527/4 3139/3000/4 3143/1526/4
f 3138/1530/5 3142/1518/5 3144/1529/5
f 3143/1533/6 3139/3001/6 3141/1532/6
f 3147/1536/3 3149/1540/3 3148/1535/3
f 3149/1538/4 3153/1541/4 3152/1521/4
f 3153/1524/1 3151/1525/1 3150/1540/1
f 3151/1542/2 3147/3002/2 3146/1541/2
f 3152/1545/5 3150/3003/5 3146/1544/5
f 3149/1548/6 3147/3004/6 3151/1547/6
f 3156/1617/872 3154/1616/872 3155/1777/872
f 3188/1707/919 3186/1773/919 3187/1706/919
f 3158/1741/920 3156/1617/920 3157/1615/920
f 3160/1744/921 3158/3005/921 3159/1743/921
f 3162/1746/922 3160/1744/922 3161/1745/922
f 3164/1748/4 3162/1746/4 3163/1747/4
f 3166/1750/923 3164/1748/923 3165/1749/923
f 3168/1753/924 3166/1743/924 3167/1752/924
f 3170/1755/925 3168/1753/925 3169/1754/925
f 3172/1757/926 3170/1755/926 3171/1756/926
f 3174/1759/927 3172/1757/927 3173/1758/927
f 3176/1762/928 3174/3006/928 3175/1761/928
f 3178/1764/929 3176/1762/929 3177/1763/929
f 3180/1766/930 3178/1764/930 3179/1765/930
f 3182/1768/2 3180/1766/2 3181/1767/2
f 3184/1770/931 3182/1768/931 3183/1769/931
f 3186/1773/932 3184/3007/932 3185/1772/932
f 3171/3010/1296 3169/3009/1296 3167/3008/1296
f 3167/3008/3 3165/3021/3 3163/1776/3
f 3163/1776/1296 3161/3020/1296 3159/3019/1296
f 3159/3019/371 3157/3018/371 3155/1775/371
f 3155/1775/1295 3189/3017/1295 3187/3016/1295
f 3187/3016/3 3185/3015/3 3183/1918/3
f 3183/1918/3 3181/3014/3 3179/3013/3
f 3179/3013/3 3177/3012/3 3175/1774/3
f 3175/1774/1304 3173/3011/1304 3171/3010/1304
f 3171/3010/3 3167/3008/3 3163/1776/3
f 3163/1776/3 3159/3019/3 3155/1775/3
f 3155/1775/3 3187/3016/3 3183/1918/3
f 3183/1918/3 3179/3013/3 3175/1774/3
f 3175/1774/3 3171/3010/3 3163/1776/3
f 3163/1776/3 3155/1775/3 3183/1918/3
f 3154/1616/933 3188/1707/933 3189/1708/933
f 3194/1778/1305 3193/1780/1305 3160/1779/1305
f 3170/1782/1069 3172/3022/1069 3199/1781/1069
f 3203/1785/1070 3180/1805/1070 3182/1784/1070
f 3191/1788/1071 3156/1920/1071 3158/1787/1071
f 3196/1791/1306 3166/1808/1306 3168/1790/1306
f 3201/1794/1073 3176/1809/1073 3178/1793/1073
f 3206/1797/1074 3186/1810/1074 3188/1796/1074
f 3194/1778/1075 3162/1919/1075 3164/1799/1075
f 3199/1781/1076 3172/3022/1076 3174/1801/1076
f 3204/1786/1077 3182/1784/1077 3184/1803/1077
f 3192/1789/1078 3158/1787/1078 3160/1779/1078
f 3197/1792/1079 3168/1790/1079 3170/1782/1079
f 3203/1785/1080 3202/1795/1080 3178/1793/1080
f 3190/1807/1081 3154/1806/1081 3156/1920/1081
f 3188/1796/1082 3154/1806/1082 3190/1807/1082
f 3195/1800/1307 3164/1799/1307 3166/1808/1307
f 3174/1801/1084 3176/1809/1084 3201/1794/1084
f 3184/1803/1085 3186/1810/1085 3206/1797/1085
f 3229/1812/922 3211/1845/922 3212/1811/922
f 3230/1815/1086 3231/1855/1086 3249/1814/1086
f 3237/1818/929 3219/1820/929 3220/1817/929
f 3230/1813/4 3212/1811/4 3213/1820/4
f 3238/1819/930 3220/1817/930 3221/1822/930
f 3231/1821/923 3213/1820/923 3214/1824/923
f 3239/1823/2 3221/1822/2 3222/1826/2
f 3232/1829/924 3214/3023/924 3215/1828/924
f 3240/1827/931 3222/1826/931 3223/1831/931
f 3233/1830/925 3215/1828/925 3216/1833/925
f 3227/1830/1021 3208/1846/1021 3209/1827/1021
f 3241/1836/932 3223/1847/932 3224/1835/932
f 3234/1834/1308 3216/1833/1308 3217/1838/1308
f 3226/1840/920 3209/1831/920 3210/1839/920
f 3242/1837/919 3224/1835/919 3225/1842/919
f 3235/1837/956 3217/1838/956 3218/1844/956
f 3228/1841/921 3210/1839/921 3211/1845/921
f 3243/1843/958 3225/1842/958 3208/1846/958
f 3236/1847/928 3218/1824/928 3219/1820/928
f 3276/1850/1087 3258/1849/1087 3259/1860/1087
f 3238/1851/1088 3239/1853/1088 3257/1852/1088
f 3249/1814/1089 3231/1855/1089 3232/1854/1089
f 3258/1849/1090 3257/1852/1090 3239/1853/1090
f 3250/1858/1091 3232/1854/1091 3233/1857/1091
f 3258/1849/1092 3240/1856/1092 3241/1865/1092
f 3251/1859/1093 3233/1857/1093 3234/1861/1093
f 3245/1862/1094 3227/1864/1094 3226/1863/1094
f 3241/1865/1095 3242/1867/1095 3260/1866/1095
f 3253/1868/1096 3252/1869/1096 3234/1861/1096
f 3226/1863/1097 3228/1871/1097 3246/1870/1097
f 3261/1872/1098 3260/1866/1098 3242/1867/1098
f 3235/1874/1309 3236/1877/1309 3254/1873/1309
f 3228/1871/1100 3229/1875/1100 3247/1880/1100
f 3227/1864/1310 3245/1862/1310 3261/1872/1310
f 3236/1877/1102 3237/1879/1102 3255/1878/1102
f 3229/1875/1103 3230/1815/1103 3248/1816/1103
f 3237/1879/1104 3238/1851/1104 3256/1881/1104
f 3265/1890/1 3266/1894/1 3267/1893/1
f 3267/1893/375 3268/1896/375 3269/1884/375
f 3269/1884/1290 3270/1886/1290 3271/1921/1290
f 3271/1921/1290 3272/1889/1290 3273/1883/1290
f 3273/1883/1 3274/1892/1 3275/1895/1
f 3275/1895/1 3276/1850/1 3277/1848/1
f 3277/1848/375 3278/1888/375 3279/1922/375
f 3279/1922/375 3263/1885/375 3262/1882/375
f 3262/1882/1 3264/1891/1 3265/1890/1
f 3265/1890/1 3267/1893/1 3269/1884/1
f 3269/1884/1 3271/1921/1 3273/1883/1
f 3273/1883/1 3275/1895/1 3277/1848/1
f 3277/1848/1290 3279/1922/1290 3262/1882/1290
f 3262/1882/1 3265/1890/1 3269/1884/1
f 3269/1884/1 3273/1883/1 3277/1848/1
f 3269/1884/1105 3251/1859/1105 3252/1869/1105
f 3263/1885/1106 3245/1862/1106 3244/1887/1106
f 3260/1866/1107 3278/1888/1107 3277/1848/1107
f 3270/1886/1108 3252/1869/1108 3253/1868/1108
f 3246/1870/1109 3264/1891/1109 3262/1882/1109
f 3260/1866/1110 3261/1872/1110 3279/1922/1110
f 3253/1868/1111 3254/1873/1111 3272/1889/1111
f 3264/1891/1311 3246/1870/1311 3247/1880/1311
f 3261/1872/1113 3245/1862/1113 3263/1885/1113
f 3254/1873/1114 3255/1878/1114 3273/1883/1114
f 3265/1890/1312 3247/1880/1312 3248/1816/1312
f 3273/1883/1313 3255/1878/1313 3256/1881/1313
f 3266/1894/1117 3248/1816/1117 3249/1814/1117
f 3256/1881/1118 3257/1852/1118 3275/1895/1118
f 3268/1896/1314 3267/1893/1314 3249/1814/1314
f 3258/1849/1120 3276/1850/1120 3275/1895/1120
f 3268/1896/1315 3250/1858/1315 3251/1859/1315
s 1
f 3291/1597/1005 3292/1716/1004 3289/1897/1003
f 3292/1593/1004 3295/1599/1008 3293/1600/1018
f 3313/1621/1025 3318/1898/1039 3319/1727/1042
f 3320/1644/1033 3315/3024/1031 3316/1905/1038
f 3321/1728/1040 3319/1727/1042 3324/1906/1035
f 3335/1686/1050 3342/1693/1065 3338/1694/1064
f 3337/1734/1051 3340/1692/1054 3339/1665/1057
f 3341/1909/1055 3342/1739/1065 3346/1737/1067
f 3352/1926/2 3354/1929/1122 3353/1927/1122
f 3354/1929/1122 3356/1931/1123 3355/1930/1123
f 3356/1931/1123 3358/1933/1124 3357/1932/1124
f 3358/1933/1124 3360/1935/1125 3359/1934/1125
f 3360/1935/1125 3362/3025/1126 3361/1936/1126
f 3362/1937/1126 3364/1940/1127 3363/1938/1127
f 3364/1940/1127 3366/1942/1128 3365/1941/1128
f 3366/1942/1128 3368/1944/1129 3367/1943/1129
f 3368/1944/1129 3370/1946/1130 3369/1945/1130
f 3370/1946/1130 3372/1948/1131 3371/1947/1131
f 3372/1948/1131 3374/3026/1132 3373/1949/1132
f 3374/1950/1132 3376/1953/1133 3375/1951/1133
f 3376/1953/1133 3378/1955/4 3377/1954/4
f 3378/1955/4 3380/1957/1134 3379/1956/1134
f 3380/1957/1134 3382/1959/1135 3381/1958/1135
f 3382/1959/1135 3384/1961/1136 3383/1960/1136
f 3384/1961/1136 3386/1963/1137 3385/1962/1137
f 3386/1963/1137 3388/1937/1138 3387/1939/1138
f 3388/1964/1138 3390/1967/1139 3389/1965/1139
f 3390/1967/1139 3392/1969/1140 3391/1968/1140
f 3392/1969/1140 3394/1971/1141 3393/1970/1141
f 3394/1971/1141 3396/1973/1142 3395/1972/1142
f 3396/1973/1142 3398/1975/1143 3397/1974/1143
f 3398/1975/1143 3400/3027/1144 3399/1976/1144
f 3408/1977/5 3409/2014/5 3364/1978/5
f 3400/1980/1144 3402/1983/1145 3401/1981/1145
f 3402/1983/1145 3352/1926/2 3351/1928/2
f 3406/1984/5 3407/2021/5 3360/1985/5
f 3372/1987/5 3413/3028/5 3414/1988/5
f 3418/1990/5 3419/2017/5 3384/1991/5
f 3423/1993/5 3424/2019/5 3394/1994/5
f 3428/1996/5 3404/3029/5 3352/1997/5
f 3411/1999/5 3412/2022/5 3370/2000/5
f 3378/2002/5 3416/3030/5 3417/2003/5
f 3403/2005/5 3405/3031/5 3356/2006/5
f 3421/2008/5 3422/2023/5 3390/2009/5
f 3426/2011/5 3427/2024/5 3400/2012/5
f 3409/2014/5 3410/2025/5 3366/2015/5
f 3414/1988/5 3415/2026/5 3376/2016/5
f 3419/2017/5 3420/3032/5 3386/2018/5
f 3424/2019/5 3425/2027/5 3396/2020/5
f 3407/2021/5 3408/1977/5 3362/1979/5
f 3412/2022/5 3413/3028/5 3372/1987/5
f 3417/2003/5 3418/1990/5 3382/1992/5
f 3422/2023/5 3423/1993/5 3392/1995/5
f 3427/2024/5 3428/1996/5 3402/1998/5
f 3356/2006/5 3405/3031/5 3406/1984/5
f 3410/2025/5 3411/1999/5 3368/2001/5
f 3415/2026/5 3416/3030/5 3378/2002/5
f 3386/2018/5 3420/3032/5 3421/2008/5
f 3425/2027/5 3426/2011/5 3398/2013/5
f 3427/2028/1144 3453/3033/1144 3454/2029/1145
f 3447/2031/6 3473/2134/6 3474/2032/6
f 3405/2034/1123 3431/2083/1123 3432/2035/1124
f 3420/2037/1137 3446/2084/1137 3447/2038/1138
f 3413/2040/1131 3439/2085/1131 3440/2041/1132
f 3428/2030/1145 3454/2029/1145 3430/2043/2
f 3406/2036/1124 3432/2035/1124 3433/2045/1125
f 3421/2047/1138 3447/3034/1138 3448/2048/1139
f 3414/2050/1132 3440/2028/1132 3441/2030/1133
f 3407/2046/1125 3433/2045/1125 3434/2052/1126
f 3422/2049/1139 3448/2048/1139 3449/2054/1140
f 3415/2051/1133 3441/2030/1133 3442/2056/4
f 3408/2058/1126 3434/3035/1126 3435/2059/1127
f 3423/2055/1140 3449/2054/1140 3450/2061/1141
f 3416/2057/4 3442/2056/4 3443/2063/1134
f 3409/2060/1127 3435/2059/1127 3436/2065/1128
f 3424/2062/1141 3450/2061/1141 3451/2067/1142
f 3417/2064/1134 3443/2063/1134 3444/2069/1135
f 3410/2066/1128 3436/2065/1128 3437/2071/1129
f 3425/2068/1142 3451/2067/1142 3452/2073/1143
f 3404/2044/2 3430/2043/2 3429/2075/1122
f 3418/2070/1135 3444/2069/1135 3445/2077/1136
f 3411/2072/1129 3437/2071/1129 3438/2079/1130
f 3426/2074/1143 3452/2073/1143 3453/2081/1144
f 3403/2076/1122 3429/2075/1122 3431/2083/1123
f 3419/2078/1136 3445/2077/1136 3446/2084/1137
f 3412/2080/1130 3438/2079/1130 3439/2085/1131
f 3352/1997/5 3404/3029/5 3403/2005/5
f 3462/2086/1128 3488/2180/1128 3489/2087/1129
f 3440/2089/6 3466/2135/6 3467/2090/6
f 3434/2092/6 3433/2137/6 3459/2093/6
f 3448/2033/6 3474/2032/6 3475/2095/6
f 3441/2091/6 3467/2090/6 3468/2097/6
f 3435/2099/6 3434/2092/6 3460/2094/6
f 3450/2101/6 3449/2096/6 3475/2095/6
f 3443/2103/6 3442/2098/6 3468/2097/6
f 3435/2099/6 3461/2100/6 3462/2105/6
f 3450/2101/6 3476/2102/6 3477/2107/6
f 3443/2103/6 3469/2104/6 3470/2109/6
f 3436/2106/6 3462/2105/6 3463/2111/6
f 3452/2113/6 3451/2108/6 3477/2107/6
f 3429/2115/6 3430/2136/6 3456/2116/6
f 3444/2110/6 3470/2109/6 3471/2118/6
f 3437/2112/6 3463/2111/6 3464/2120/6
f 3452/2113/6 3478/2114/6 3479/2122/6
f 3429/2115/6 3455/2117/6 3457/2124/6
f 3446/2126/6 3445/2119/6 3471/2118/6
f 3438/2121/6 3464/2120/6 3465/2128/6
f 3454/2130/6 3453/2123/6 3479/2122/6
f 3431/2125/6 3457/2124/6 3458/2132/6
f 3447/2031/6 3446/2126/6 3472/2127/6
f 3440/2089/6 3439/2129/6 3465/2128/6
f 3454/2130/6 3480/2131/6 3456/2116/6
f 3432/2133/6 3458/2132/6 3459/2093/6
f 3493/2138/1146 3519/2229/1146 3520/2139/1147
f 3477/2141/1142 3503/2147/1142 3504/2142/1143
f 3456/2144/2 3482/2167/2 3481/2145/1122
f 3470/2147/1135 3496/2162/1135 3497/2148/1136
f 3463/2088/1129 3489/2087/1129 3490/2143/1130
f 3478/2150/1143 3504/3036/1143 3505/2151/1144
f 3455/2146/1122 3481/2145/1122 3483/2153/1123
f 3471/2155/1136 3497/2158/1136 3498/2156/1137
f 3464/2158/1130 3490/2150/1130 3491/2152/1131
f 3479/2152/1144 3505/2151/1144 3506/2159/1145
f 3457/2154/1123 3483/2153/1123 3484/2161/1124
f 3472/2157/1137 3498/2156/1137 3499/2163/1138
f 3465/2156/1131 3491/2152/1131 3492/2165/1132
f 3480/2160/1145 3506/2159/1145 3482/2167/2
f 3458/2162/1124 3484/2161/1124 3485/2168/1125
f 3473/2164/1138 3499/2163/1138 3500/2169/1139
f 3466/2166/1132 3492/2165/1132 3493/2144/1133
f 3459/2171/1125 3485/3037/1125 3486/2172/1126
f 3474/2170/1139 3500/2169/1139 3501/2174/1140
f 3467/2169/1133 3493/2144/1133 3494/2146/4
f 3460/2173/1126 3486/2172/1126 3487/2176/1127
f 3475/2175/1140 3501/2174/1140 3502/2178/1141
f 3468/2174/4 3494/2146/4 3495/2154/1134
f 3461/2177/1127 3487/2176/1127 3488/2180/1128
f 3476/2179/1141 3502/2178/1141 3503/2147/1142
f 3469/2178/1134 3495/2154/1134 3496/2162/1135
f 3520/2139/1148 3519/2229/1149 3545/2181/1149
f 3486/2183/1150 3512/2230/1150 3513/2184/1151
f 3501/2186/1152 3527/2231/1152 3528/2187/1153
f 3495/2189/1154 3494/2140/1147 3520/2139/1147
f 3487/2185/1151 3513/2184/1151 3514/2191/1155
f 3502/2188/1153 3528/2187/1153 3529/2193/1156
f 3495/2189/1154 3521/2190/1154 3522/2195/1157
f 3489/2197/1158 3488/2192/1155 3514/2191/1155
f 3503/2194/1156 3529/2193/1156 3530/2199/1159
f 3481/2201/1160 3482/2224/1161 3508/2202/1161
f 3496/2196/1157 3522/2195/1157 3523/2204/1162
f 3489/2197/1158 3515/2198/1158 3516/2206/1163
f 3504/2200/1159 3530/2199/1159 3531/2208/1164
f 3481/2201/1160 3507/2203/1160 3509/2210/1165
f 3497/2205/1162 3523/2204/1162 3524/2212/1166
f 3490/2207/1163 3516/2206/1163 3517/2214/1167
f 3506/2216/1168 3505/2209/1164 3531/2208/1164
f 3483/2211/1165 3509/2210/1165 3510/2218/1169
f 3499/2220/1170 3498/2213/1166 3524/2212/1166
f 3491/2215/1167 3517/2214/1167 3518/2222/1171
f 3506/2216/1168 3532/2217/1168 3508/2202/1161
f 3484/2219/1169 3510/2218/1169 3511/2225/1172
f 3500/2227/1173 3499/2220/1170 3525/2221/1170
f 3492/2223/1171 3518/2222/1171 3519/2229/1146
f 3485/2226/1172 3511/2225/1172 3512/2230/1150
f 3500/2227/1173 3526/2228/1173 3527/2231/1152
f 3535/2245/6 3533/2243/6 3534/2242/6
f 3534/2242/6 3558/2248/1316 3557/2232/6
f 3557/2232/6 3556/2241/6 3555/2239/6
f 3555/2239/6 3554/2236/6 3553/2255/6
f 3553/2255/6 3552/2253/6 3551/2250/6
f 3551/2250/6 3550/2246/1316 3549/2233/6
f 3549/2233/6 3548/2240/1317 3547/2237/6
f 3547/2237/6 3546/2182/1318 3545/2181/6
f 3545/2181/6 3544/2251/1316 3543/2247/6
f 3543/2247/6 3542/2244/6 3541/2234/6
f 3541/2234/6 3540/2238/6 3539/2235/6
f 3539/2235/6 3538/2254/6 3537/2252/6
f 3537/2252/6 3536/2249/6 3535/2245/6
f 3535/2245/6 3534/2242/6 3557/2232/6
f 3557/2232/6 3555/2239/6 3553/2255/6
f 3553/2255/6 3551/2250/6 3549/2233/6
f 3549/2233/6 3547/2237/6 3545/2181/6
f 3545/2181/6 3543/2247/6 3541/2234/6
f 3541/2234/6 3539/2235/6 3537/2252/6
f 3537/2252/6 3535/2245/6 3557/2232/6
f 3557/2232/6 3553/2255/6 3549/2233/6
f 3549/2233/6 3545/2181/6 3541/2234/6
f 3541/2234/6 3537/2252/6 3557/2232/6
f 3512/2230/1174 3538/2254/1174 3539/2235/1175
f 3527/2231/1176 3553/2255/1176 3554/2236/1177
f 3520/2139/1148 3546/2182/1148 3547/2237/1178
f 3513/2184/1175 3539/2235/1175 3540/2238/1179
f 3529/2193/1180 3528/2187/1177 3554/2236/1177
f 3521/2190/1178 3547/2237/1178 3548/2240/1182
f 3514/2191/1179 3540/2238/1179 3541/2234/1183
f 3530/2199/1184 3529/2193/1180 3555/2239/1181
f 3507/2203/1186 3508/2202/1187 3534/2242/1187
f 3522/2195/1182 3548/2240/1182 3549/2233/1188
f 3515/2198/1183 3541/2234/1183 3542/2244/1190
f 3530/2199/1184 3556/2241/1185 3557/2232/1192
f 3507/2203/1186 3533/2243/1186 3535/2245/1193
f 3523/2204/1189 3549/2233/1188 3550/2246/1194
f 3516/2206/1191 3542/2244/1190 3543/2247/1196
f 3531/2208/1192 3557/2232/1192 3558/2248/1197
f 3509/2210/1193 3535/2245/1193 3536/2249/1198
f 3524/2212/1195 3550/2246/1194 3551/2250/1200
f 3517/2214/1196 3543/2247/1196 3544/2251/1201
f 3532/2217/1197 3558/2248/1197 3534/2242/1187
f 3510/2218/1199 3536/2249/1198 3537/2252/1202
f 3525/2221/1200 3551/2250/1200 3552/2253/1204
f 3518/2222/1201 3544/2251/1201 3545/2181/1149
f 3511/2225/1203 3537/2252/1202 3538/2254/1174
f 3526/2228/1204 3552/2253/1204 3553/2255/1176
f 3577/2256/1205 3576/2294/1206 3560/2257/1206
f 3578/2259/1207 3577/3038/1205 3561/2260/1205
f 3579/2262/3 3578/2259/1207 3562/2261/1207
f 3580/2264/1208 3579/2262/3 3563/2263/3
f 3581/2266/1209 3580/2264/1208 3564/2265/1208
f 3582/2268/1210 3581/3039/1209 3565/2269/1209
f 3583/2271/4 3582/2268/1210 3566/2270/1210
f 3584/2273/1211 3583/2271/4 3567/2272/4
f 3585/2275/1212 3584/2273/1211 3568/2274/1211
f 3586/2277/1213 3585/3040/1212 3569/2278/1212
f 3587/2280/1 3586/2277/1213 3570/2279/1213
f 3588/2282/1214 3587/2280/1 3571/2281/1
f 3589/2284/1215 3588/2282/1214 3572/2283/1214
f 3590/2286/1216 3589/2275/1215 3573/2287/1215
f 3575/2289/2 3590/2286/1216 3574/2288/1216
f 3590/2293/5 3575/3041/5 3576/3042/5
f 3576/3042/5 3577/3043/5 3578/3044/5
f 3578/3044/5 3579/3045/5 3580/3046/5
f 3580/3046/5 3581/3047/5 3582/2291/5
f 3582/2291/5 3583/3048/5 3584/3049/5
f 3584/3049/5 3585/3050/5 3586/2292/5
f 3586/2292/5 3587/3051/5 3588/3052/5
f 3588/3052/5 3589/3053/5 3590/2293/5
f 3590/2293/5 3576/3042/5 3578/3044/5
f 3578/3044/5 3580/3046/5 3582/2291/5
f 3582/2291/5 3584/3049/5 3586/2292/5
f 3586/2292/5 3588/3052/5 3590/2293/5
f 3590/2293/5 3578/3044/5 3582/2291/5
f 3576/2294/1206 3575/2289/2 3559/2290/2
f 3592/2295/6 3594/2298/1217 3593/2296/1217
f 3594/2298/1217 3596/2317/148 3595/2299/148
f 3596/2300/148 3598/2303/1218 3597/2301/1218
f 3598/2303/1218 3600/2305/3 3599/2304/3
f 3600/2305/3 3602/2307/1219 3601/2306/1219
f 3602/2307/1219 3604/3054/264 3603/2308/264
f 3604/2309/264 3606/2312/1220 3605/2310/1220
f 3606/2312/1220 3608/3055/5 3607/2313/5
f 3607/2313/5 3608/3055/5 3610/2314/1221
f 3610/2314/1221 3612/3056/142 3611/2316/142
f 3612/2317/142 3614/2320/1222 3613/2318/1222
f 3614/2320/1222 3616/2322/1 3615/2321/1
f 3616/2322/1 3618/2324/1223 3617/2323/1223
f 3618/2324/1223 3620/3057/145 3619/2325/145
f 3596/2328/4 3594/3058/4 3592/3059/4
f 3592/3059/4 3622/3060/4 3620/3061/4
f 3620/3061/4 3618/3062/4 3616/3063/4
f 3616/3063/4 3614/3064/4 3612/2326/4
f 3612/2326/4 3610/3065/4 3608/3066/4
f 3608/3066/4 3606/3067/4 3604/2327/4
f 3604/2327/4 3602/3068/4 3600/3069/4
f 3600/3069/4 3598/3070/4 3596/2328/4
f 3596/2328/4 3592/3059/4 3620/3061/4
f 3620/3061/4 3616/3063/4 3612/2326/4
f 3612/2326/4 3608/3066/4 3604/2327/4
f 3604/2327/4 3600/3069/4 3596/2328/4
f 3596/2328/4 3620/3061/4 3612/2326/4
f 3620/2329/145 3622/2332/1224 3621/2330/1224
f 3622/2332/1224 3592/2295/6 3591/2297/6
f 3621/2335/2 3591/3071/2 3593/3072/2
f 3593/3072/2 3595/3073/2 3597/3074/2
f 3597/3074/2 3599/3075/2 3601/3076/2
f 3601/3076/2 3603/3077/2 3605/2333/2
f 3605/2333/2 3607/3078/2 3609/3079/2
f 3609/3079/2 3611/3080/2 3613/2334/2
f 3613/2334/2 3615/3081/2 3617/3082/2
f 3617/3082/2 3619/3083/2 3621/2335/2
f 3621/2335/2 3593/3072/2 3597/3074/2
f 3597/3074/2 3601/3076/2 3605/2333/2
f 3605/2333/2 3609/3079/2 3613/2334/2
f 3613/2334/2 3617/3082/2 3621/2335/2
f 3621/2335/2 3597/3074/2 3605/2333/2
f 3624/2336/6 3626/2339/1217 3625/2337/1217
f 3626/2339/1217 3628/3084/148 3627/2340/148
f 3627/2341/148 3628/2381/148 3630/2342/1218
f 3630/2342/1218 3632/2345/3 3631/2344/3
f 3632/2345/3 3634/2385/1219 3633/2346/1219
f 3633/2346/1219 3634/2385/1219 3636/2347/264
f 3636/2349/264 3638/2352/1220 3637/2350/1220
f 3638/2352/1220 3640/2354/5 3639/2353/5
f 3640/2354/5 3642/2356/1221 3641/2355/1221
f 3642/2356/1221 3644/3085/142 3643/2357/142
f 3644/2358/142 3646/2361/1222 3645/2359/1222
f 3646/2361/1222 3648/2363/1 3647/2362/1
f 3648/2363/1 3650/2365/1223 3649/2364/1223
f 3650/2365/1223 3652/2370/145 3651/2366/145
f 3628/2369/4 3626/3086/4 3624/3087/4
f 3624/3087/4 3654/3088/4 3652/3089/4
f 3652/3089/4 3650/3090/4 3648/3091/4
f 3648/3091/4 3646/3092/4 3644/2367/4
f 3644/2367/4 3642/3093/4 3640/3094/4
f 3640/3094/4 3638/3095/4 3636/2368/4
f 3636/2368/4 3634/3096/4 3632/3097/4
f 3632/3097/4 3630/3098/4 3628/2369/4
f 3628/2369/4 3624/3087/4 3652/3089/4
f 3652/3089/4 3648/3091/4 3644/2367/4
f 3644/2367/4 3640/3094/4 3636/2368/4
f 3636/2368/4 3632/3097/4 3628/2369/4
f 3628/2369/4 3652/3089/4 3644/2367/4
f 3652/2370/145 3654/3099/1224 3653/2371/1224
f 3654/2372/1224 3624/2336/6 3623/2338/6
f 3653/2376/2 3623/3100/2 3625/3101/2
f 3625/3101/2 3627/3102/2 3629/3103/2
f 3629/3103/2 3631/3104/2 3633/3105/2
f 3633/3105/2 3635/3106/2 3637/2374/2
f 3637/2374/2 3639/3107/2 3641/3108/2
f 3641/3108/2 3643/3109/2 3645/2375/2
f 3645/2375/2 3647/3110/2 3649/3111/2
f 3649/3111/2 3651/3112/2 3653/2376/2
f 3653/2376/2 3625/3101/2 3629/3103/2
f 3629/3103/2 3633/3105/2 3637/2374/2
f 3637/2374/2 3641/3108/2 3645/2375/2
f 3645/2375/2 3649/3111/2 3653/2376/2
f 3653/2376/2 3629/3103/2 3637/2374/2
f 3657/2377/1217 3658/2354/1217 3656/2352/6
f 3659/2379/148 3660/2356/148 3658/2354/1217
f 3661/2380/1218 3662/2342/1218 3660/2381/148
f 3663/2337/3 3664/2345/3 3662/2342/1218
f 3665/2383/1219 3666/2385/1219 3664/2345/3
f 3667/2384/264 3668/2347/264 3666/2385/1219
f 3669/2386/1220 3670/2390/1220 3668/2387/264
f 3671/2389/5 3672/2392/5 3670/2390/1220
f 3673/2391/1221 3674/2394/1221 3672/2392/5
f 3675/2393/142 3676/3113/142 3674/2394/1221
f 3677/2395/1222 3678/2397/1222 3676/2349/142
f 3679/2396/1 3680/2399/1 3678/2397/1222
f 3681/2398/1223 3682/2401/1223 3680/2399/1
f 3683/2400/145 3684/2406/145 3682/2401/1223
f 3656/2404/2 3658/3114/2 3660/3115/2
f 3660/3115/2 3662/3116/2 3664/3117/2
f 3664/3117/2 3666/3118/2 3668/3119/2
f 3668/3119/2 3670/3120/2 3672/2402/2
f 3672/2402/2 3674/3121/2 3676/3122/2
f 3676/3122/2 3678/3123/2 3680/2403/2
f 3680/2403/2 3682/3124/2 3684/3125/2
f 3684/3125/2 3686/3126/2 3656/2404/2
f 3656/2404/2 3660/3115/2 3664/3117/2
f 3664/3117/2 3668/3119/2 3672/2402/2
f 3672/2402/2 3676/3122/2 3680/2403/2
f 3680/2403/2 3684/3125/2 3656/2404/2
f 3656/2404/2 3664/3117/2 3672/2402/2
f 3685/2405/1224 3686/3127/1224 3684/2406/145
f 3655/2378/6 3656/2352/6 3686/2349/1224
f 3657/2410/4 3655/3128/4 3685/3129/4
f 3685/3129/4 3683/2374/4 3681/3130/4
f 3681/3130/4 3679/3131/4 3677/3132/4
f 3677/3132/4 3675/3133/4 3673/2408/4
f 3673/2408/4 3671/3134/4 3669/3135/4
f 3669/3135/4 3667/3136/4 3665/2409/4
f 3665/2409/4 3663/3137/4 3661/3138/4
f 3661/3138/4 3659/3139/4 3657/2410/4
f 3657/2410/4 3685/3129/4 3681/3130/4
f 3681/3130/4 3677/3132/4 3673/2408/4
f 3673/2408/4 3669/3135/4 3665/2409/4
f 3665/2409/4 3661/3138/4 3657/2410/4
f 3657/2410/4 3681/3130/4 3673/2408/4
s 0
f 3688/2411/1 3690/2494/1 3689/2412/1
f 3690/2414/2 3694/2673/2 3693/2415/2
f 3694/2417/3 3692/2412/3 3691/2418/3
f 3692/2420/4 3688/3140/4 3687/2421/4
f 3693/2423/5 3691/3141/5 3687/2424/5
f 3690/2426/6 3688/2416/6 3692/2415/6
f 3696/2428/1 3698/3142/1 3697/2429/1
f 3698/2431/2 3702/3143/2 3701/2432/2
f 3702/2434/3 3700/2428/3 3699/2430/3
f 3700/2436/4 3696/3144/4 3695/2437/4
f 3701/2439/5 3699/2423/5 3695/2425/5
f 3698/2441/6 3696/2426/6 3700/2427/6
f 3704/2443/1 3706/3145/1 3705/2444/1
f 3706/2446/2 3710/3146/2 3709/2447/2
f 3710/2449/3 3708/3147/3 3707/2445/3
f 3708/2448/4 3704/2447/4 3703/2451/4
f 3709/2453/5 3707/2439/5 3703/2440/5
f 3706/2455/6 3704/3148/6 3708/2456/6
f 3712/2458/1 3714/2449/1 3713/2450/1
f 3714/2460/2 3718/3149/2 3717/2461/2
f 3718/2463/3 3716/3150/3 3715/2459/3
f 3716/2465/4 3712/2499/4 3711/2466/4
f 3717/2468/5 3715/2453/5 3711/2454/5
f 3714/2470/6 3712/3151/6 3716/2471/6
f 3720/2473/1 3722/2463/1 3721/2464/1
f 3722/2475/2 3726/2497/2 3725/2476/2
f 3726/2478/3 3724/2473/3 3723/2474/3
f 3724/2480/4 3720/2699/4 3719/2481/4
f 3725/2483/5 3723/2433/5 3719/2432/5
f 3722/2485/6 3720/3152/6 3724/2486/6
f 3728/2488/1 3730/2710/1 3729/2489/1
f 3730/2491/2 3734/2711/2 3733/2492/2
f 3734/2490/3 3732/2489/3 3731/2494/3
f 3732/2493/4 3728/2492/4 3727/2495/4
f 3733/2497/5 3731/2500/5 3727/2498/5
f 3730/2500/6 3728/2483/6 3732/2484/6
f 3735/2501/1225 3739/2514/1225 3742/2502/1225
f 3736/2504/1 3740/2515/1 3739/2505/1
s 1
f 3741/2507/1226 3740/2518/1226 3736/2508/1227
s 0
f 3742/2510/3 3741/2520/3 3737/2511/3
f 3743/2513/1228 3746/2522/1228 3742/2502/1228
f 3740/2515/1 3744/2523/1 3743/2516/1
s 1
f 3745/2517/1229 3744/2526/1229 3740/2518/1226
s 0
f 3746/2519/3 3745/2528/3 3741/2520/3
f 3747/2521/1230 3750/2530/1230 3746/2522/1230
f 3744/2523/1 3748/2532/1 3747/2524/1
s 1
f 3745/2517/1229 3749/2534/1231 3748/2525/1231
s 0
f 3750/2527/3 3749/2536/3 3745/2528/3
f 3751/2529/1232 3754/2538/1232 3750/2530/1232
f 3752/2531/1 3751/2540/1 3747/2524/1
s 1
f 3753/2533/1233 3752/2542/1233 3748/2525/1231
s 0
f 3750/2527/3 3754/2544/3 3753/2535/3
f 3755/2537/1234 3758/2546/1234 3754/2538/1234
f 3752/2531/1 3756/2547/1 3755/2539/1
s 1
f 3753/2533/1233 3757/2550/1235 3756/2541/1235
s 0
f 3758/2543/3 3757/2552/3 3753/2535/3
f 3759/2545/1236 3762/2567/1236 3758/2546/1236
f 3756/2547/1 3760/2557/1 3759/2548/1
s 1
f 3761/2549/1237 3760/2545/1237 3756/2541/1235
s 0
f 3762/2551/3 3761/2562/3 3757/2552/3
f 3759/2553/1238 3763/2564/1238 3766/2554/1238
f 3764/2556/1 3763/2566/1 3759/2548/1
s 1
f 3765/2558/1239 3764/2568/1239 3760/2559/1237
s 0
f 3762/2551/3 3766/2569/3 3765/2561/3
f 3767/2563/1240 3770/2559/1240 3766/2554/1240
f 3768/2565/1 3767/3153/1 3763/2566/1
s 1
f 3769/2567/6 3768/3154/6 3764/2568/1239
s 0
f 3766/2569/3 3770/3155/3 3769/2570/3
f 3775/2571/1225 3778/2584/1225 3774/2572/1225
f 3772/2574/1 3776/2585/1 3775/2575/1
s 1
f 3777/2577/1226 3776/2588/1226 3772/2578/1227
s 0
f 3778/2580/3 3777/2590/3 3773/2581/3
f 3779/2583/1228 3782/2592/1228 3778/2584/1228
f 3776/2585/1 3780/2593/1 3779/2586/1
s 1
f 3781/2587/1229 3780/2596/1229 3776/2588/1226
s 0
f 3782/2589/3 3781/2598/3 3777/2590/3
f 3783/2591/1230 3786/2600/1230 3782/2592/1230
f 3780/2593/1 3784/2602/1 3783/2594/1
s 1
f 3781/2587/1229 3785/2604/1231 3784/2595/1231
s 0
f 3786/2597/3 3785/2606/3 3781/2598/3
f 3787/2599/1232 3790/2608/1232 3786/2600/1232
f 3788/2601/1 3787/2610/1 3783/2594/1
s 1
f 3789/2603/1233 3788/2612/1233 3784/2595/1231
s 0
f 3786/2597/3 3790/2614/3 3789/2605/3
f 3791/2607/1234 3794/2616/1234 3790/2608/1234
f 3788/2601/1 3792/2617/1 3791/2609/1
s 1
f 3793/2611/1235 3792/2620/1235 3788/2612/1233
s 0
f 3794/2613/3 3793/2622/3 3789/2605/3
f 3795/2615/1236 3798/2636/1236 3794/2616/1236
f 3792/2617/1 3796/2627/1 3795/2618/1
s 1
f 3797/2619/1237 3796/3156/1237 3792/2620/1235
s 0
f 3798/2621/3 3797/2632/3 3793/2622/3
f 3799/2623/1238 3802/2633/1238 3798/2624/1238
f 3800/2626/1 3799/2635/1 3795/2618/1
s 1
f 3801/2628/1239 3800/2637/1239 3796/2629/1237
s 0
f 3798/2621/3 3802/2638/3 3801/2631/3
f 3803/2630/1240 3806/3157/1240 3802/2633/1240
f 3804/2634/1 3803/3158/1 3799/2635/1
s 1
f 3805/2636/6 3804/3159/6 3800/2637/1239
s 0
f 3802/2638/3 3806/3160/3 3805/2639/3
f 3809/2640/1 3810/3161/1 3808/2641/1
f 3813/2642/4 3814/2462/4 3810/2461/4
f 3811/2644/3 3812/3162/3 3814/2645/3
f 3807/2647/2 3808/2476/2 3812/2466/2
f 3807/2649/5 3811/3163/5 3813/2650/5
f 3812/2651/6 3808/2667/6 3810/2652/6
f 3817/2654/1 3818/3164/1 3816/2655/1
f 3821/2656/4 3822/3165/4 3818/2657/4
f 3819/2659/3 3820/3166/3 3822/2660/3
f 3815/2420/2 3816/2656/2 3820/2658/2
f 3815/2663/5 3819/3167/5 3821/2664/5
f 3820/2666/6 3816/2678/6 3818/2667/6
f 3825/2668/1 3826/3168/1 3824/2419/1
f 3829/2669/4 3830/3169/4 3826/2670/4
f 3827/2429/3 3828/3170/3 3830/2672/3
f 3823/2414/2 3824/2669/2 3828/2671/2
f 3823/2674/5 3827/3171/5 3829/2675/5
f 3828/2677/6 3824/2691/6 3826/2678/6
f 3833/2680/1 3834/3172/1 3832/2681/1
f 3837/2682/4 3838/2477/4 3834/2476/4
f 3835/2684/3 3836/2693/3 3838/2685/3
f 3831/2686/2 3832/2643/2 3836/2481/2
f 3831/2688/5 3835/3173/5 3837/2689/5
f 3836/2690/6 3832/3174/6 3834/2691/6
f 3841/2692/1 3842/2697/1 3840/2693/1
f 3845/2694/4 3846/2642/4 3842/2643/4
f 3843/2696/3 3844/3175/3 3846/2697/3
f 3839/2480/2 3840/2683/2 3844/2698/2
f 3839/2500/5 3843/3176/5 3845/2700/5
f 3844/2701/6 3840/3177/6 3842/2702/6
f 3849/2704/1 3850/2687/1 3848/2705/1
f 3853/2707/4 3854/3178/4 3850/2708/4
f 3851/2488/3 3852/2704/3 3854/2706/3
f 3847/2491/2 3848/2707/2 3852/2709/2
f 3847/2712/5 3851/2446/5 3853/2485/5
f 3852/2713/6 3848/3179/6 3850/2714/6
f 3858/2716/1241 3862/2728/1241 3859/2717/1241
f 3856/2719/1 3855/3180/1 3859/2720/1
s 1
f 3856/2722/1242 3860/2732/1243 3861/2723/1243
s 0
f 3857/2725/3 3861/2734/3 3862/2726/3
f 3862/2728/1244 3866/2736/1244 3863/2729/1244
f 3860/2721/1 3859/2720/1 3863/2730/1
s 1
f 3860/2732/1243 3864/3181/1245 3865/2733/1245
s 0
f 3861/2734/3 3865/2742/3 3866/2735/3
f 3866/2736/1246 3870/2744/1246 3867/2737/1246
f 3864/2731/1 3863/2730/1 3867/2738/1
s 1
f 3865/2733/1245 3864/3181/1245 3868/2740/1247
s 0
f 3865/2742/3 3869/3182/3 3870/2743/3
f 3870/2744/1248 3874/3183/1248 3871/2745/1248
f 3867/2738/1 3871/3184/1 3872/2746/1
s 1
f 3868/2740/1247 3872/3185/1249 3873/2747/1249
s 0
f 3870/2743/3 3869/3182/3 3873/2748/3
f 3871/2745/1250 3874/3183/1250 3878/2750/1250
f 3872/2746/1 3871/3184/1 3875/2752/1
s 1
f 3873/2747/1249 3872/3185/1249 3876/2754/1251
s 0
f 3873/2748/3 3877/2761/3 3878/2756/3
f 3878/2750/1252 3882/2760/1252 3879/2757/1252
f 3876/2753/1 3875/2752/1 3879/2758/1
s 1
f 3876/2754/1251 3880/3186/1253 3881/2760/1253
s 0
f 3877/2761/3 3881/3187/3 3882/2762/3
f 3879/2763/1254 3882/3188/1254 3886/2764/1254
f 3879/2758/1 3883/2773/1 3884/2766/1
s 1
f 3881/2767/1253 3880/3189/1253 3884/2768/1255
s 0
f 3882/2762/3 3881/3187/3 3885/2770/3
f 3886/2764/1256 3770/3189/1256 3767/2772/1256
f 3883/2773/1 3767/3190/1 3768/2774/1
s 1
f 3885/2769/1255 3884/2768/1255 3768/2775/6
s 0
f 3886/2771/3 3885/2770/3 3769/2777/3
f 3887/2779/1241 3890/3191/1241 3894/2780/1241
f 3888/2782/1 3887/3192/1 3891/2783/1
s 1
f 3888/2785/1242 3892/2794/1243 3893/2786/1243
s 0
f 3889/2788/3 3893/2796/3 3894/2789/3
f 3894/2780/1244 3898/2798/1244 3895/2791/1244
f 3892/2784/1 3891/2783/1 3895/2792/1
s 1
f 3892/2794/1243 3896/3193/1245 3897/2795/1245
s 0
f 3893/2796/3 3897/2804/3 3898/2797/3
f 3898/2798/1246 3902/2806/1246 3899/2799/1246
f 3896/2793/1 3895/2792/1 3899/2800/1
s 1
f 3897/2795/1245 3896/3193/1245 3900/2802/1247
s 0
f 3897/2804/3 3901/3194/3 3902/2805/3
f 3902/2806/1248 3906/2812/1248 3903/2807/1248
f 3899/2800/1 3903/3195/1 3904/2808/1
s 1
f 3900/2802/1247 3904/2816/1249 3905/2809/1249
s 0
f 3902/2805/3 3901/3194/3 3905/2810/3
f 3906/2812/1250 3910/2819/1250 3907/2813/1250
f 3904/2808/1 3903/3195/1 3907/2814/1
s 1
f 3904/2816/1249 3908/2823/1251 3909/2817/1251
s 0
f 3905/2810/3 3909/2815/3 3910/2818/3
f 3910/2819/1252 3914/2824/1252 3911/2820/1252
f 3908/2815/1 3907/2814/1 3911/2821/1
s 1
f 3908/2823/1251 3912/3196/1253 3913/2824/1253
s 0
f 3909/2815/3 3913/3197/3 3914/2825/3
f 3914/2826/1254 3918/2835/1254 3915/2827/1254
f 3911/2821/1 3915/2837/1 3916/2829/1
s 1
f 3913/2830/1253 3912/3198/1253 3916/2831/1255
s 0
f 3914/2825/3 3913/3197/3 3917/2833/3
f 3918/2835/1256 3806/3199/1256 3803/2836/1256
f 3915/2837/1 3803/3200/1 3804/2838/1
s 1
f 3917/2832/1255 3916/2831/1255 3804/2820/6
s 0
f 3918/2834/3 3917/2833/3 3805/2840/3
f 3890/2842/1257 3887/3201/1257 3888/2843/1257
f 3855/2845/1257 3856/3202/1257 3857/2846/1257
f 3738/2848/1258 3737/3203/1258 3736/2849/1258
f 3774/2851/1258 3773/3204/1258 3772/2852/1258
